win_idx,label,acc_v,acc_m,acc_u,acc_fused,P_v,P_m,P_u,brightness,multipath_p,emi,w_v,w_m,w_u
0,0,1.0,0.0,1.0,1.0,1.9045936e-10,0.7844078007280342,0.017959888471902226,0.2873522458628842,0.0,20,0.787560623263724,0.0066928509242848554,0.9890130573694068
1,0,1.0,0.0,1.0,1.0,0.0032791751,0.7843957186102569,0.018006972447954527,0.608402420366528,0.0,20,0.9978195394145088,0.0066928509242848554,0.9890130573694068
2,0,1.0,0.0,1.0,1.0,0.11234929,0.78440787628123,0.017940393694755506,0.385451355001528,0.0,20,0.9416827403107698,0.0066928509242848554,0.9890130573694068
3,0,1.0,0.0,1.0,1.0,0.0042522443,0.784404020314129,0.017959786365954702,0.39723293689060324,0.0,20,0.9506634091836978,0.0066928509242848554,0.9890130573694068
4,0,1.0,0.0,1.0,1.0,1.5253337e-10,0.7844078762821204,0.017985619856516293,0.17423763064001768,0.0,20,0.40457566546440576,0.0066928509242848554,0.9890130573694068
5,0,1.0,0.0,1.0,1.0,0.00092317275,0.784407876284321,0.018014582222379408,0.3415011179910561,0.0,20,0.8930725038186946,0.0066928509242848554,0.9890130573694068
6,0,1.0,0.0,1.0,1.0,1.84005e-07,0.7844059352142438,0.018053433637474713,0.516598686258129,0.0,20,0.9914138387481809,0.0066928509242848554,0.9890130573694068
7,0,1.0,0.0,1.0,1.0,6.295136e-06,0.7844077342557937,0.0179586733318731,0.6475138734739179,0.0,20,0.9987861070046785,0.0066928509242848554,0.9890130573694068
8,0,1.0,0.0,1.0,1.0,3.706704e-10,0.7844078066734306,0.017993795048093127,0.2980605689245395,0.0,20,0.8131954394285134,0.0066928509242848554,0.9890130573694068
9,0,1.0,0.0,1.0,1.0,1.8699424e-05,0.7844078762853444,0.01795517560323687,0.35616458704694,0.0,20,0.9123337435434523,0.0066928509242848554,0.9890130573694068
10,0,1.0,0.0,1.0,1.0,2.4439876e-07,0.7844078760395838,0.01794498794200229,0.16631099608974492,0.0,20,0.37628773176001995,0.0066928509242848554,0.9890130573694068
11,0,1.0,0.0,1.0,1.0,0.009100181,0.7844078762854608,0.017962196382155318,0.42571498834474614,0.0,20,0.9672554098741256,0.0066928509242848554,0.9890130573694068
12,0,1.0,0.0,1.0,1.0,4.575397e-10,0.7844078762849727,0.018002532270847863,0.1564446970414575,0.0,20,0.34223962483720666,0.0066928509242848554,0.9890130573694068
13,0,1.0,0.0,1.0,1.0,7.34278e-05,0.7844078761974971,0.01802995982129373,0.5859398187616431,0.0,20,0.9969485956472321,0.0066928509242848554,0.9890130573694068
14,0,1.0,0.0,1.0,1.0,0.0011306654,0.7844078762854575,0.017965729659591447,0.5174059477664791,0.0,20,0.9915163042423104,0.0066928509242848554,0.9890130573694068
15,0,1.0,0.0,1.0,1.0,1.6642566e-07,0.7844078762854594,0.01802267492101084,0.43217624259005927,0.0,20,0.9701898732644723,0.0066928509242848554,0.9890130573694068
16,0,1.0,0.0,1.0,1.0,6.6717746e-08,0.7844078762808651,0.017979156147699946,0.5589280251107536,0.0,20,0.9954311770552616,0.0066928509242848554,0.9890130573694068
17,0,1.0,0.0,1.0,1.0,1.1696796e-09,0.7844077305107932,0.01794713332734705,0.213692523793143,0.0,20,0.5511672199925278,0.0066928509242848554,0.9890130573694068
18,0,1.0,0.0,1.0,1.0,2.4729428e-07,0.7844078762854473,0.018020652751714227,0.5392541872716164,0.0,20,0.9938724434647682,0.0066928509242848554,0.9890130573694068
19,0,1.0,0.0,1.0,1.0,6.8774215e-11,0.7844078762854159,0.018035600697984756,0.22369310844905338,0.0,20,0.587925632228046,0.0066928509242848554,0.9890130573694068
20,0,1.0,0.0,1.0,1.0,1.9040816e-10,0.7844078762544413,0.018041774276041752,0.2539817681458548,0.0,20,0.6920512247762297,0.0066928509242848554,0.9890130573694068
21,0,1.0,0.0,1.0,1.0,0.0003041223,0.7844078762837287,0.018033517943042674,0.1921435628514972,0.0,20,0.47057240988035565,0.0066928509242848554,0.9890130573694068
22,0,1.0,0.0,1.0,1.0,0.3384836,0.7844076462376494,0.017998025997780456,0.3480269871389416,0.0,20,0.9020669630545054,0.0066928509242848554,0.9890130573694068
23,0,1.0,0.0,1.0,1.0,8.357482e-05,0.7844078762368477,0.01801746829629717,0.30716015605208496,0.0,20,0.8330504231846133,0.0066928509242848554,0.9890130573694068
24,0,1.0,0.0,1.0,1.0,2.8597246e-05,0.784407876283542,0.017949123618830134,0.5104105258661199,0.0,20,0.9905865515218821,0.0066928509242848554,0.9890130573694068
25,0,1.0,0.0,1.0,1.0,6.789389e-07,0.7844078762848928,0.01798100091337946,0.4846049165935031,0.0,20,0.9861984098677042,0.0066928509242848554,0.9890130573694068
26,0,1.0,0.0,1.0,1.0,3.399618e-05,0.7844078762801973,0.01797743796278111,0.5006294563279857,0.0,20,0.9891151823367046,0.0066928509242848554,0.9890130573694068
27,0,1.0,0.0,1.0,1.0,2.6170836e-12,0.7844078762847209,0.017987925360256833,0.49816534801054924,0.0,20,0.9887099613237165,0.0066928509242848554,0.9890130573694068
28,0,1.0,0.0,1.0,1.0,0.00045897614,0.7844078762854452,0.017996648596217964,0.5886588828857996,0.0,20,0.9970701889749696,0.0066928509242848554,0.9890130573694068
29,0,1.0,0.0,1.0,1.0,2.4173296e-08,0.7844078762807226,0.018003250925636167,0.4966639011985943,0.0,20,0.9884557741761234,0.0066928509242848554,0.9890130573694068
30,0,1.0,0.0,1.0,1.0,0.044760335,0.7844078761374356,0.017974489756944354,0.5154552881758764,0.0,20,0.9912666048389414,0.0066928509242848554,0.9890130573694068
31,0,1.0,0.0,1.0,1.0,7.334866e-08,0.7844078174942263,0.01798682475330389,0.38236503903887137,0.0,20,0.9390878051526707,0.0066928509242848554,0.9890130573694068
32,0,1.0,0.0,1.0,1.0,1.8880653e-09,0.7844078762725355,0.017971849497304036,0.21479418717841747,0.0,20,0.5552516474962992,0.0066928509242848554,0.9890130573694068
33,0,1.0,0.0,1.0,1.0,0.2703996,0.7844078762851228,0.017958628679086975,0.39024870554282315,0.0,20,0.9455112013133795,0.0066928509242848554,0.9890130573694068
34,0,1.0,0.0,1.0,1.0,9.618298e-09,0.7844078762852017,0.01796751836906972,0.7651684773008302,0.0,20,0.9997919506466134,0.0066928509242848554,0.9890130573694068
35,0,1.0,0.23333333333333334,1.0,1.0,2.4545447e-05,0.7844078761259521,0.23662989129621864,0.3407749424556147,0.0,20,0.8920278602351209,0.0066928509242848554,0.9890130573694068
36,1,0.0,1.0,1.0,1.0,0.28744686,0.7844078752236945,0.9553450520753098,0.3964328565564712,0.0,20,0.9500974686672651,0.0066928509242848554,0.9890130573694068
37,1,1.0,1.0,1.0,1.0,1.0,0.7844078753815393,0.9553299827804603,0.6102408719479077,0.0,20,0.9978787221451623,0.0066928509242848554,0.9890130573694068
38,1,0.0,1.0,1.0,1.0,0.26909575,0.7844077787402381,0.955471321209922,0.730381615011596,0.0,20,0.9996494736979961,0.0066928509242848554,0.9890130573694068
39,1,0.0,1.0,1.0,1.0,4.729094e-06,0.7844046295684557,0.9552398053442073,0.24800604819042044,0.0,20,0.6726269945463875,0.0066928509242848554,0.9890130573694068
40,1,0.0,1.0,1.0,1.0,3.8085648e-06,0.7844078748551868,0.9553159479558603,0.20996341820310213,0.0,20,0.5372934295697915,0.0066928509242848554,0.9890130573694068
41,1,1.0,1.0,1.0,1.0,0.7026967,0.7844078712146618,0.9552463479734791,0.33598221591301175,0.0,20,0.8849061018272626,0.0066928509242848554,0.9890130573694068
42,1,1.0,1.0,1.0,1.0,0.98747927,0.7844074940957652,0.9554394753162961,0.2970122339534104,0.0,20,0.810794899491301,0.0066928509242848554,0.9890130573694068
43,1,0.0,1.0,1.0,1.0,1.4739866e-05,0.7844077068417313,0.9553413481639857,0.20428208488673427,0.0,20,0.5160522998484708,0.0066928509242848554,0.9890130573694068
44,1,1.0,1.0,1.0,1.0,0.99997187,0.7844078653397939,0.9551963651652418,0.4334171826625387,0.0,20,0.970723534575248,0.0066928509242848554,0.9890130573694068
45,1,0.0,1.0,1.0,1.0,0.013255278,0.7844066432874733,0.9553557755295358,0.3225081699346405,0.0,20,0.8626672877890275,0.0066928509242848554,0.9890130573694068
46,1,1.0,1.0,1.0,1.0,0.99999774,0.7844076833399335,0.9553603035416908,0.44351063866634804,0.0,20,0.9747328815155594,0.0066928509242848554,0.9890130573694068
47,1,1.0,1.0,1.0,1.0,1.0,0.7844078628706357,0.9553471973582501,0.5469988936013277,0.0,20,0.9945408246483303,0.0066928509242848554,0.9890130573694068
48,1,1.0,1.0,1.0,1.0,0.9999993,0.7844079141476966,0.9554319474203792,0.35113071895424836,0.0,20,0.9061035304763964,0.0066928509242848554,0.9890130573694068
49,1,1.0,1.0,1.0,1.0,0.99999547,0.7844078764148247,0.9553523313184419,0.4544724854322377,0.0,20,0.9784814669761315,0.0066928509242848554,0.9890130573694068
50,1,0.0,1.0,1.0,1.0,0.0019497556,0.7844078763052411,0.9553989666236877,0.2061118373275236,0.0,20,0.5229033507656999,0.0066928509242848554,0.9890130573694068
51,1,1.0,1.0,1.0,1.0,1.0,0.7844078758078883,0.9553781106249747,0.49968493515464546,0.0,20,0.9889615850045592,0.0066928509242848554,0.9890130573694068
52,1,1.0,1.0,1.0,1.0,0.97023207,0.78440789237054,0.955322976535265,0.25899111781464723,0.0,20,0.7078297187414344,0.0066928509242848554,0.9890130573694068
53,1,0.0,1.0,1.0,1.0,2.5274423e-05,0.7844078772198287,0.9555335533155647,0.11247394000335177,0.0,20,0.21200349403673563,0.0066928509242848554,0.9890130573694068
54,1,1.0,1.0,1.0,1.0,0.9999999,0.784407876542654,0.9552908297383943,0.5365059285362891,0.0,20,0.9936162091592659,0.0066928509242848554,0.9890130573694068
55,1,1.0,1.0,1.0,1.0,0.9977823,0.7844078762856227,0.9554037121469553,0.6692595459236327,0.0,20,0.9991236718189069,0.0066928509242848554,0.9890130573694068
56,1,0.0,1.0,1.0,1.0,0.021792514,0.7844078762862426,0.9554782830616407,0.26480064473847353,0.0,20,0.7255198865869472,0.0066928509242848554,0.9890130573694068
57,1,1.0,1.0,1.0,1.0,1.0,0.7844078762859839,0.9553740187020653,0.6103464479473707,0.0,20,0.9978820717178064,0.0066928509242848554,0.9890130573694068
58,1,1.0,1.0,1.0,1.0,0.8957673,0.7844078762857188,0.9553666336947224,0.2634114688399365,0.0,20,0.7213508221511277,0.0066928509242848554,0.9890130573694068
59,1,0.0,1.0,1.0,1.0,0.0020325545,0.7844078763237314,0.9552320465789595,0.2378978978978979,0.0,20,0.6384097071906806,0.0066928509242848554,0.9890130573694068
60,1,1.0,1.0,1.0,1.0,0.9999993,0.7844078762854937,0.9553960596255495,0.6779166810757224,0.0,20,0.9992303080625762,0.0066928509242848554,0.9890130573694068
61,1,1.0,1.0,1.0,1.0,0.99887544,0.7844078766221932,0.9552971891162689,0.5966935793925413,0.0,20,0.9974019785205522,0.0066928509242848554,0.9890130573694068
62,1,1.0,1.0,1.0,1.0,0.99843496,0.7844078763327337,0.9554401888275094,0.5417197363275795,0.0,20,0.994093606966332,0.0066928509242848554,0.9890130573694068
63,1,1.0,1.0,1.0,1.0,0.9999616,0.784407876323909,0.9553578269339531,0.2247454020367837,0.0,20,0.5917443261963798,0.0066928509242848554,0.9890130573694068
64,1,0.0,1.0,1.0,1.0,3.8487437e-05,0.7844078947313075,0.9551690740329509,0.29581589070843567,0.0,20,0.8080266314301122,0.0066928509242848554,0.9890130573694068
65,1,1.0,1.0,1.0,1.0,0.9488238,0.7844078770267087,0.9553074105900589,0.24193069820520802,0.0,20,0.6522537152706527,0.0066928509242848554,0.9890130573694068
66,1,0.0,1.0,1.0,1.0,1.5604257e-05,0.7844078762964334,0.9554183438890614,0.2790131876690558,0.0,20,0.7658810973538325,0.0066928509242848554,0.9890130573694068
67,1,0.0,1.0,1.0,1.0,5.306855e-10,0.7844078764486241,0.9552951286732081,0.10464432686654909,0.0,20,0.1930464776086277,0.0066928509242848554,0.9890130573694068
68,1,0.0,1.0,1.0,1.0,0.055719648,0.784432151837983,0.9552982591825612,0.39074813434675026,0.0,20,0.9458958725206308,0.0066928509242848554,0.9890130573694068
69,1,1.0,1.0,1.0,1.0,0.98319083,0.7844078853588441,0.9553344913015797,0.22971845148315737,0.0,20,0.6096346558105549,0.0066928509242848554,0.9890130573694068
70,1,0.0,1.0,1.0,1.0,4.047599e-09,0.7844078848517538,0.9553752585524312,0.10644067449341284,0.0,20,0.19727873925012251,0.0066928509242848554,0.9890130573694068
71,1,0.0,1.0,1.0,1.0,2.2440464e-08,0.784407876285465,0.9553756524569319,0.22109148526260827,0.0,20,0.5784398952086929,0.0066928509242848554,0.9890130573694068
72,1,1.0,1.0,1.0,1.0,1.0,0.784407876285465,0.9554276916271128,0.634802356216375,0.0,20,0.998531486971807,0.0066928509242848554,0.9890130573694068
73,1,1.0,1.0,1.0,1.0,0.9917402,0.7844078767773417,0.9552748697910544,0.39503984242098666,0.0,20,0.949097410214093,0.0066928509242848554,0.9890130573694068
74,1,1.0,1.0,1.0,1.0,0.9969325,0.7844078762854649,0.9552360399612996,0.14695692978045918,0.0,20,0.31095763981198155,0.0066928509242848554,0.9890130573694068
75,1,1.0,1.0,1.0,1.0,0.9959436,0.7844078770187299,0.9552130081366766,0.2404170966632267,0.0,20,0.6470863755005951,0.0066928509242848554,0.9890130573694068
76,1,0.0,1.0,1.0,1.0,8.8053576e-10,0.7844078762854791,0.9553249722057221,0.1642562596697294,0.0,20,0.3690822224076625,0.0066928509242848554,0.9890130573694068
77,1,1.0,1.0,1.0,1.0,0.99999905,0.7844078762854697,0.9553547804863955,0.4806953135864275,0.0,20,0.9853770147890439,0.0066928509242848554,0.9890130573694068
78,1,1.0,1.0,1.0,1.0,0.83838534,0.7844078762854648,0.9554379109729741,0.26466346153846154,0.0,20,0.725109914935546,0.0066928509242848554,0.9890130573694068
79,1,1.0,1.0,1.0,1.0,0.9999993,0.7844078762854837,0.9553095756755494,0.5123500257899577,0.0,20,0.990853998319316,0.0066928509242848554,0.9890130573694068
80,1,1.0,1.0,1.0,1.0,1.0,0.7844078763750439,0.9553664512411439,0.3981375622349253,0.0,20,0.9512959689729836,0.0066928509242848554,0.9890130573694068
81,1,1.0,1.0,1.0,1.0,0.8027264,0.7844078762854648,0.955317210774838,0.36352433977706305,0.0,20,0.9207707174947543,0.0066928509242848554,0.9890130573694068
82,1,1.0,1.0,1.0,1.0,0.99974054,0.7844078762854648,0.9552278479035667,0.5963674194806884,0.0,20,0.9973892700855155,0.0066928509242848554,0.9890130573694068
83,1,1.0,1.0,1.0,1.0,0.999946,0.7844078762875824,0.9552216357068986,0.49893932759207904,0.0,20,0.9888388228073852,0.0066928509242848554,0.9890130573694068
84,1,1.0,1.0,1.0,1.0,0.95401925,0.7844078762873691,0.9553171132963748,0.276922084623323,0.0,20,0.7602100180019791,0.0066928509242848554,0.9890130573694068
85,1,1.0,1.0,1.0,1.0,1.0,0.7844078762854727,0.9552009599471395,0.4267815983076,0.0,20,0.9677583703413127,0.0066928509242848554,0.9890130573694068
86,1,1.0,1.0,1.0,1.0,1.0,0.7844078762854689,0.9553758304846578,0.44808876673283454,0.0,20,0.9763701610222566,0.0066928509242848554,0.9890130573694068
87,1,1.0,1.0,1.0,1.0,0.99996614,0.7844078762854648,0.9553090394324862,0.4314455426979535,0.0,20,0.9698712405070211,0.0066928509242848554,0.9890130573694068
88,1,1.0,1.0,1.0,1.0,0.99953485,0.7844078763135169,0.9554402858195227,0.4621967520234073,0.0,20,0.9807904500635447,0.0066928509242848554,0.9890130573694068
89,1,1.0,1.0,1.0,1.0,1.0,0.7844078762865409,0.9553174296695474,0.5347609129121734,0.0,20,0.9934480150998738,0.0066928509242848554,0.9890130573694068
90,1,0.0,1.0,1.0,1.0,0.009624085,0.7844078762904824,0.955382011509496,0.28273841354723706,0.0,20,0.77575128745818,0.0066928509242848554,0.9890130573694068
91,1,1.0,1.0,1.0,1.0,0.99999905,0.784407876288065,0.9554079785388508,0.7629811614568307,0.0,20,0.999785012878598,0.0066928509242848554,0.9890130573694068
92,1,1.0,1.0,1.0,1.0,0.99999857,0.7844078765740633,0.9553274408632398,0.39894529732651024,0.0,20,0.9518542685180289,0.0066928509242848554,0.9890130573694068
93,1,1.0,1.0,1.0,1.0,1.0,0.7844078763150738,0.9552731384699394,0.45261273237345023,0.0,20,0.9778861898426287,0.0066928509242848554,0.9890130573694068
94,1,1.0,1.0,1.0,1.0,1.0,0.7844078762919701,0.9553997429262204,0.37847655191108703,0.0,20,0.9356646736689784,0.0066928509242848554,0.9890130573694068
95,1,1.0,1.0,1.0,1.0,0.9986558,0.7844078762854573,0.9553261904965665,0.30851916149667374,0.0,20,0.8358663123448071,0.0066928509242848554,0.9890130573694068
96,1,1.0,1.0,1.0,1.0,0.99984396,0.7844078792123208,0.9555269684905227,0.30057116524199884,0.0,20,0.8188488102156626,0.0066928509242848554,0.9890130573694068
97,1,1.0,1.0,1.0,1.0,0.99999976,0.7844078762855384,0.9553813572751488,0.5696366046418567,0.0,20,0.996106513132364,0.0066928509242848554,0.9890130573694068
98,1,1.0,1.0,1.0,1.0,0.99995494,0.7844078762855052,0.9554468794591813,0.40432782882342416,0.0,20,0.955422203091252,0.0066928509242848554,0.9890130573694068
99,1,1.0,1.0,1.0,1.0,0.9957563,0.7844078785775385,0.955331427846542,0.3857065770924813,0.0,20,0.9418926231734205,0.0066928509242848554,0.9890130573694068
100,1,1.0,1.0,1.0,1.0,0.89695024,0.7844079653715855,0.9553797674967125,0.5590758473932208,0.0,20,0.9954412503078846,0.0066928509242848554,0.9890130573694068
101,1,1.0,1.0,1.0,1.0,0.9999995,0.7844078842564053,0.9555963396839329,0.40852250099561926,0.0,20,0.958026521807569,0.0066928509242848554,0.9890130573694068
102,1,0.0,1.0,1.0,1.0,0.00011843791,0.7844078762855111,0.9553469238093577,0.14383422549512515,0.0,20,0.3010113321930424,0.0066928509242848554,0.9890130573694068
103,1,0.0,1.0,1.0,1.0,0.00017422823,0.7844078762854648,0.955430988767743,0.16116032682268933,0.0,20,0.3583356805829104,0.0066928509242848554,0.9890130573694068
104,1,1.0,1.0,1.0,1.0,0.68633515,0.7844078839282731,0.9552219116844874,0.568920938439655,0.0,20,0.9960646567999935,0.0066928509242848554,0.9890130573694068
105,1,0.0,1.0,1.0,1.0,0.04950135,0.784407876712141,0.9553635208071223,0.28735693372371574,0.0,20,0.7875723878375703,0.0066928509242848554,0.9890130573694068
106,1,1.0,0.9166666666666666,1.0,1.0,1.0,0.7844078762913919,0.8768448875450463,0.6862150034143011,0.0,20,0.9993203312093899,0.0066928509242848554,0.9890130573694068
107,1,1.0,1.0,1.0,1.0,0.9953666,0.7844078763164894,0.9543099665955073,0.759966266076323,0.0,20,0.9997750694672982,0.0066928509242848554,0.9890130573694068
108,1,1.0,1.0,1.0,1.0,0.9999993,0.78440787703631,0.9545095122773426,0.3253197834512714,0.0,20,0.8675877792031585,0.0066928509242848554,0.9890130573694068
109,1,1.0,1.0,1.0,1.0,1.0,0.7844078762854579,0.9544408428078923,0.4494538642080557,0.0,20,0.9768380032423345,0.0066928509242848554,0.9890130573694068
110,1,1.0,1.0,1.0,1.0,0.99999535,0.7844078768096125,0.9544240658755682,0.2659113645458183,0.0,20,0.7288252349518122,0.0066928509242848554,0.9890130573694068
111,1,0.0,1.0,1.0,1.0,1.3124004e-05,0.7844078763248582,0.9544581494509525,0.2667472589758577,0.0,20,0.7312961933754809,0.0066928509242848554,0.9890130573694068
112,1,1.0,1.0,1.0,1.0,1.0,0.7844079082844126,0.9542931146917263,0.5223171111262933,0.0,20,0.9921140601047366,0.0066928509242848554,0.9890130573694068
113,1,1.0,1.0,1.0,1.0,0.56749135,0.7844078763681269,0.954463327480945,0.19273735810113518,0.0,20,0.4727919959176391,0.0066928509242848554,0.9890130573694068
114,1,1.0,1.0,1.0,1.0,0.9994355,0.7844078762927401,0.9543841394744949,0.41665014723838256,0.0,20,0.9626642075993337,0.0066928509242848554,0.9890130573694068
115,1,0.0,1.0,1.0,1.0,1.3686429e-08,0.7844083091966415,0.9543883907276651,0.1205497024680519,0.0,20,0.23294529832183003,0.0066928509242848554,0.9890130573694068
116,1,1.0,1.0,1.0,1.0,0.9999999,0.7844078749782051,0.9545640455581204,0.40024826468054925,0.0,20,0.9527420800994362,0.0066928509242848554,0.9890130573694068
117,1,1.0,1.0,1.0,1.0,0.9997665,0.7844078831319997,0.9544011313533521,0.3556052855924979,0.0,20,0.91166041689466,0.0066928509242848554,0.9890130573694068
118,1,1.0,1.0,1.0,1.0,0.9892085,0.784407753647205,0.9543921466186747,0.3048318334425969,0.0,20,0.8281365089466037,0.0066928509242848554,0.9890130573694068
119,1,1.0,1.0,1.0,1.0,0.9992367,0.7844078741500031,0.9544689196992818,0.321015068118302,0.0,20,0.8599923008611755,0.0066928509242848554,0.9890130573694068
120,1,1.0,1.0,1.0,1.0,0.97846085,0.7844078473334529,0.954379452659354,0.45639307198514273,0.0,20,0.9790797616607849,0.0066928509242848554,0.9890130573694068
121,1,1.0,1.0,1.0,1.0,0.98826617,0.7844078052658603,0.9544359928386255,0.2664283247250762,0.0,20,0.7303550851999111,0.0066928509242848554,0.9890130573694068
122,1,1.0,1.0,1.0,1.0,0.99989474,0.7844078641193587,0.9544698228507649,0.23701290430702196,0.0,20,0.6353396961582313,0.0066928509242848554,0.9890130573694068
123,1,0.0,1.0,1.0,1.0,2.1955954e-07,0.7844064981092255,0.9544774685383091,0.1592759178139341,0.0,20,0.35186276411671163,0.0066928509242848554,0.9890130573694068
124,1,1.0,1.0,1.0,1.0,0.99847966,0.7844077566945873,0.9544579759492228,0.2620863433092535,0.0,20,0.7173379693874191,0.0066928509242848554,0.9890130573694068
125,1,1.0,1.0,1.0,1.0,0.9999981,0.7844078714174775,0.9543497356328492,0.5768210759974297,0.0,20,0.9965028935311651,0.0066928509242848554,0.9890130573694068
126,1,0.0,1.0,1.0,1.0,0.011648639,0.7844077724982615,0.9544081053337387,0.2825388488728825,0.0,20,0.7752301099040225,0.0066928509242848554,0.9890130573694068
127,1,1.0,1.0,1.0,1.0,0.99999833,0.7844078576233117,0.9543654504516074,0.23753911821138712,0.0,20,0.6371664587637629,0.0066928509242848554,0.9890130573694068
128,1,0.0,1.0,1.0,1.0,0.046355754,0.784409497439239,0.9542795127086525,0.2433321709896909,0.0,20,0.657006533690492,0.0066928509242848554,0.9890130573694068
129,1,1.0,0.7666666666666667,1.0,1.0,0.88927335,0.7844078686308614,0.7359151964245095,0.5301190657141409,0.0,20,0.9929788754003149,0.0066928509242848554,0.9890130573694068
130,0,1.0,0.0,1.0,1.0,0.027321998,0.7844078762449741,0.017971729412934675,0.6046691804927099,0.0,20,0.9976942427395373,0.0066928509242848554,0.9890130573694068
131,0,1.0,0.0,1.0,1.0,5.074636e-10,0.784407876282643,0.01800930339085754,0.8433233850004813,0.0,20,0.9999355689699686,0.0066928509242848554,0.9890130573694068
132,0,1.0,0.0,1.0,1.0,4.575995e-08,0.7844078751506469,0.017985868280789095,0.48392228686346334,0.0,20,0.9860583435985515,0.0066928509242848554,0.9890130573694068
133,0,1.0,0.0,1.0,1.0,0.00012093113,0.7844078762854073,0.017981392890211743,0.5018434724317077,0.0,20,0.9893095037870349,0.0066928509242848554,0.9890130573694068
134,0,1.0,0.0,1.0,1.0,2.0523595e-08,0.7844078762851896,0.017920746398341552,0.27112797807294964,0.0,20,0.7440106812160382,0.0066928509242848554,0.9890130573694068
135,0,1.0,0.0,1.0,1.0,2.6749541e-08,0.7844078762854262,0.017973289666038044,0.4888620747444277,0.0,20,0.9870411288057532,0.0066928509242848554,0.9890130573694068
136,0,1.0,0.0,1.0,1.0,0.040052418,0.7844078762223458,0.018004606131835393,0.38150368964790216,0.0,20,0.9383445365222864,0.0066928509242848554,0.9890130573694068
137,0,1.0,0.0,1.0,1.0,8.304026e-09,0.7844078762854607,0.018035476416619265,0.15036165577342048,0.0,20,0.3220044927408303,0.0066928509242848554,0.9890130573694068
138,0,1.0,0.0,1.0,1.0,0.045649365,0.7844078762848898,0.017986478425498588,0.34323380867498515,0.0,20,0.8955291914109976,0.0066928509242848554,0.9890130573694068
139,0,1.0,0.0,1.0,1.0,0.02297358,0.7844078762854273,0.01800625015392142,0.3481948134092347,0.0,20,0.9022891300897117,0.0066928509242848554,0.9890130573694068
140,0,1.0,0.0,1.0,1.0,1.5045483e-08,0.7844078762854365,0.018019508169488677,0.7834071553322891,0.0,20,0.9998417390972236,0.0066928509242848554,0.9890130573694068
141,0,1.0,0.0,1.0,1.0,3.944047e-08,0.7844078611919966,0.017967159879050607,0.4756445556946183,0.0,20,0.9842442441945412,0.0066928509242848554,0.9890130573694068
142,0,1.0,0.0,1.0,1.0,3.063218e-05,0.7844078753179262,0.018012500178033686,0.4448056581730921,0.0,20,0.975206914691643,0.0066928509242848554,0.9890130573694068
143,0,1.0,0.0,1.0,1.0,0.0012266104,0.784407876279736,0.018014629248428757,0.6002939375934028,0.0,20,0.9975382280193994,0.0066928509242848554,0.9890130573694068
144,0,1.0,0.0,1.0,1.0,3.9806103e-08,0.7844078762724132,0.017995937986848804,0.38112264513648597,0.0,20,0.9380130322413192,0.0066928509242848554,0.9890130573694068
145,0,1.0,0.0,1.0,1.0,2.0091773e-07,0.7844078762850645,0.018037702346757188,0.3962959282812224,0.0,20,0.9499999973899651,0.0066928509242848554,0.9890130573694068
146,0,1.0,0.0,1.0,1.0,1.7838048e-06,0.7844078762842899,0.017985736665441624,0.5753788793219066,0.0,20,0.9964266898485725,0.0066928509242848554,0.9890130573694068
147,0,1.0,0.0,1.0,1.0,1.3738948e-08,0.7842199226144292,0.0179876894935786,0.4641671082847553,0.0,20,0.9813394476174012,0.0066928509242848554,0.9890130573694068
148,0,1.0,0.0,1.0,1.0,1.7200105e-10,0.7844078745550356,0.017951560639501155,0.4420351146994746,0.0,20,0.9741820125524152,0.0066928509242848554,0.9890130573694068
149,0,1.0,0.0,1.0,1.0,0.06142959,0.784407876284942,0.017962139576160045,0.39821731161600443,0.0,20,0.9513513632244369,0.0066928509242848554,0.9890130573694068
150,0,1.0,0.0,1.0,1.0,2.579631e-09,0.7844078762849392,0.017957549897515173,0.13837445664071052,0.0,20,0.2840656396288568,0.0066928509242848554,0.9890130573694068
151,0,1.0,0.0,1.0,1.0,1.5591868e-07,0.7844078752654056,0.01798282083729207,0.3869747899159664,0.0,20,0.9429250696983337,0.0066928509242848554,0.9890130573694068
152,0,1.0,0.0,1.0,1.0,3.524804e-11,0.7844078762854345,0.018042424550714555,0.15446657675415845,0.0,20,0.3355917622051038,0.0066928509242848554,0.9890130573694068
153,0,1.0,0.0,1.0,1.0,0.0018432655,0.7844042084325223,0.017993141006229306,0.45410593389088016,0.0,20,0.9783653930874426,0.0066928509242848554,0.9890130573694068
154,0,1.0,0.0,1.0,1.0,9.377479e-09,0.7844078762768025,0.018015860060776507,0.46870256454070375,0.0,20,0.9825453166683958,0.0066928509242848554,0.9890130573694068
155,0,1.0,0.0,1.0,1.0,2.0947676e-08,0.784407876285016,0.017992711650205294,0.40817075958884574,0.0,20,0.9578138465221384,0.0066928509242848554,0.9890130573694068
156,0,1.0,0.0,1.0,1.0,2.1059646e-08,0.7844078762854632,0.017969521662184438,0.4820762590750586,0.0,20,0.985672507121023,0.0066928509242848554,0.9890130573694068
157,0,1.0,0.0,1.0,1.0,8.1893086e-05,0.7844078754957519,0.018013602972139466,0.4096368092691622,0.0,20,0.9586935234260592,0.0066928509242848554,0.9890130573694068
158,0,1.0,0.0,1.0,1.0,1.6188467e-08,0.784407876275633,0.017990305026277673,0.879459454032509,0.0,20,0.9999625284763471,0.0066928509242848554,0.9890130573694068
159,0,1.0,0.0,1.0,1.0,5.60204e-07,0.7844078762843194,0.017994842926715153,0.2842635592248595,0.0,20,0.7797059107973474,0.0066928509242848554,0.9890130573694068
160,0,1.0,0.0,1.0,1.0,3.533786e-10,0.7844078762826838,0.017951064998590165,0.4632692932245362,0.0,20,0.9810912259519328,0.0066928509242848554,0.9890130573694068
161,0,1.0,0.0,1.0,1.0,1.12398695e-08,0.7844078745990346,0.01795884492916663,0.207951511088766,0.0,20,0.529782867439185,0.0066928509242848554,0.9890130573694068
162,0,1.0,0.0,1.0,1.0,1.6994894e-06,0.7844078762557427,0.018035887957602494,0.6887662284408217,0.0,20,0.9993458329478652,0.0066928509242848554,0.9890130573694068
163,0,1.0,0.0,1.0,1.0,1.1489626e-10,0.7844078762854161,0.018016068137780953,0.30511335295406067,0.0,20,0.8287366914223673,0.0066928509242848554,0.9890130573694068
164,0,1.0,0.0,1.0,1.0,0.0005811182,0.7844078757139789,0.018030395933815016,0.5002372994652406,0.0,20,0.9890516683783824,0.0066928509242848554,0.9890130573694068
165,0,1.0,0.0,1.0,1.0,6.8249e-08,0.7844078762852951,0.018018712732844836,0.13557918116741646,0.0,20,0.2756161524192569,0.0066928509242848554,0.9890130573694068
166,0,1.0,0.0,1.0,1.0,2.4484823e-10,0.7844078761512964,0.018014787654914363,0.18063493047377013,0.0,20,0.427887327882775,0.0066928509242848554,0.9890130573694068
167,0,1.0,0.0,1.0,1.0,2.2622053e-10,0.7844078762854648,0.018036534208535866,0.24489361401126106,0.0,20,0.6622649992224566,0.0066928509242848554,0.9890130573694068
168,0,1.0,0.0,1.0,1.0,1.6282799e-07,0.7844078762839418,0.01797357173797457,0.6034053963465729,0.0,20,0.9976502198078511,0.0066928509242848554,0.9890130573694068
169,0,1.0,0.0,1.0,1.0,9.0005345e-09,0.784407876164581,0.01795976269061152,0.869679238061591,0.0,20,0.999956607848057,0.0066928509242848554,0.9890130573694068
170,0,1.0,0.0,1.0,1.0,3.623682e-08,0.7844078597067118,0.017943476232433402,0.4476044913691972,0.0,20,0.9762019856395683,0.0066928509242848554,0.9890130573694068
171,0,0.0,0.0,1.0,1.0,0.85200846,0.7844078762830039,0.017975210214796276,0.6039934640522876,0.0,20,0.9976708080392916,0.0066928509242848554,0.9890130573694068
172,0,1.0,0.0,1.0,1.0,1.1942747e-09,0.7844078762854527,0.017977346008063323,0.18205926514750045,0.0,20,0.4331253506474571,0.0066928509242848554,0.9890130573694068
173,0,1.0,0.0,1.0,1.0,5.5952165e-07,0.7844078742497882,0.018018159332435744,0.558609943340857,0.0,20,0.99540942638792,0.0066928509242848554,0.9890130573694068
174,0,1.0,0.0,1.0,1.0,9.000774e-09,0.7844078758874679,0.01796312257373073,0.4657473650120709,0.0,20,0.9817686039086697,0.0066928509242848554,0.9890130573694068
175,0,1.0,0.0,1.0,1.0,0.00010012805,0.7844078762854264,0.01793882764604251,0.49196147594840406,0.0,20,0.9876225233210646,0.0066928509242848554,0.9890130573694068
176,1,1.0,0.9,1.0,1.0,1.0,0.7844078762654546,0.8737385326584957,0.5376981617019568,0.0,20,0.9937286492929265,0.0066928509242848554,0.9890130573694068
177,1,0.0,1.0,1.0,1.0,0.004372193,0.7844078762774882,0.9687274855294966,0.2205110689437065,0.0,20,0.5763154645545334,0.0066928509242848554,0.9890130573694068
178,1,0.0,1.0,1.0,1.0,0.0017783677,0.7844078697371647,0.9687163830469895,0.28758782679738565,0.0,20,0.7881512442480747,0.0066928509242848554,0.9890130573694068
179,1,1.0,1.0,1.0,1.0,0.99582976,0.7844077502592132,0.9687794453821206,0.2622071599558891,0.0,20,0.7177052839857683,0.0066928509242848554,0.9890130573694068
180,1,1.0,1.0,1.0,1.0,0.9999999,0.7844077117984518,0.9687876759527422,0.3745892494929006,0.0,20,0.9320642118744605,0.0066928509242848554,0.9890130573694068
181,1,1.0,1.0,1.0,1.0,0.9759168,0.7844078762178242,0.9687722648124301,0.18887598899208807,0.0,20,0.45838147694242787,0.0066928509242848554,0.9890130573694068
182,1,1.0,1.0,1.0,1.0,0.99913436,0.7844070195772667,0.9687378762547643,0.677812935873938,0.0,20,0.9992291102765078,0.0066928509242848554,0.9890130573694068
183,1,1.0,1.0,1.0,1.0,0.9999857,0.7843972838560369,0.9687522645481776,0.6288465788892047,0.0,20,0.9983944766438082,0.0066928509242848554,0.9890130573694068
184,1,0.0,1.0,1.0,1.0,2.2540392e-10,0.7844075214468081,0.9687004069307567,0.11492535650623885,0.0,20,0.21821146848224662,0.0066928509242848554,0.9890130573694068
185,1,1.0,1.0,1.0,1.0,0.8688909,0.7844078762013195,0.9687548398653736,0.1625649881164587,0.0,20,0.36319463639614347,0.0066928509242848554,0.9890130573694068
186,1,1.0,1.0,1.0,1.0,1.0,0.7844078748454819,0.9687550988905199,0.5665091335679571,0.0,20,0.9959202724748064,0.0066928509242848554,0.9890130573694068
187,1,1.0,1.0,1.0,1.0,0.9979042,0.7843887235475145,0.9687599786866398,0.665477977977978,0.0,20,0.9990725739768016,0.0066928509242848554,0.9890130573694068
188,1,1.0,1.0,1.0,1.0,0.9994537,0.7844078404484153,0.9686497993026443,0.569399460188934,0.0,20,0.9960926928996547,0.0066928509242848554,0.9890130573694068
189,1,1.0,1.0,1.0,1.0,0.9469259,0.7844078300861963,0.9688326850978051,0.37691426036159276,0.0,20,0.9342395264303108,0.0066928509242848554,0.9890130573694068
190,1,1.0,1.0,1.0,1.0,1.0,0.784407759140403,0.9687247139252015,0.42692221064485913,0.0,20,0.9678241164703727,0.0066928509242848554,0.9890130573694068
191,1,1.0,1.0,1.0,1.0,0.99949384,0.7844006204983096,0.9686979740029026,0.3447911579399469,0.0,20,0.8976945912950834,0.0066928509242848554,0.9890130573694068
192,1,0.0,1.0,1.0,1.0,1.7428532e-10,0.7843886827690174,0.9687506329660092,0.10420859701905454,0.0,20,0.19203035291194626,0.0066928509242848554,0.9890130573694068
193,1,0.0,1.0,1.0,1.0,0.046739116,0.7844078762448106,0.9687624210764667,0.19402399471603624,0.0,20,0.4776049741549136,0.0066928509242848554,0.9890130573694068
194,1,1.0,1.0,1.0,1.0,0.79232424,0.7844078729774487,0.968713065935711,0.36459216569510683,0.0,20,0.9219313708833623,0.0066928509242848554,0.9890130573694068
195,1,1.0,1.0,1.0,1.0,0.9999716,0.7843896901608574,0.9687075025964021,0.6280455638707831,0.0,20,0.9983751010967901,0.0066928509242848554,0.9890130573694068
196,1,1.0,1.0,1.0,1.0,0.9999982,0.784392435350124,0.9687638164579236,0.47452243377222064,0.0,20,0.9839810856901239,0.0066928509242848554,0.9890130573694068
197,1,1.0,1.0,1.0,1.0,0.99999976,0.7844071096757976,0.9687134107742212,0.5269933840529276,0.0,20,0.9926443284122622,0.0066928509242848554,0.9890130573694068
198,1,0.0,1.0,1.0,1.0,0.30070862,0.7843684664400166,0.9688401852794292,0.27502178150233986,0.0,20,0.7549754314970493,0.0066928509242848554,0.9890130573694068
199,1,1.0,1.0,1.0,1.0,0.99999535,0.7844078762798303,0.9687709459024385,0.4044144587345093,0.0,20,0.955477514670567,0.0066928509242848554,0.9890130573694068
200,1,0.0,1.0,1.0,1.0,0.0010056474,0.7843976932766606,0.9687145972887016,0.2798336161387632,0.0,20,0.7680805045270106,0.0066928509242848554,0.9890130573694068
201,1,1.0,1.0,1.0,1.0,0.87868416,0.7844078592402421,0.9687674580273258,0.20359569964349375,0.0,20,0.5134806058557777,0.0066928509242848554,0.9890130573694068
202,1,0.0,1.0,1.0,1.0,4.8516586e-06,0.7844073405986863,0.9687266237557954,0.17962754709727027,0.0,20,0.42419231638839155,0.0066928509242848554,0.9890130573694068
203,1,1.0,1.0,1.0,1.0,0.6136383,0.7844072176946245,0.9687249735588512,0.3106954918719625,0.0,20,0.8402960361305141,0.0066928509242848554,0.9890130573694068
204,1,1.0,1.0,1.0,1.0,1.0,0.784407740308256,0.9687498921589476,0.626940594245361,0.0,20,0.9983479895697367,0.0066928509242848554,0.9890130573694068
205,1,0.0,1.0,1.0,1.0,0.00044224845,0.7844078709498306,0.9686897556113052,0.22460734037204624,0.0,20,0.5912439310793509,0.0066928509242848554,0.9890130573694068
206,1,1.0,1.0,1.0,1.0,1.0,0.7844078762852366,0.9687837331086218,0.5048396182610561,0.0,20,0.9897745175598053,0.0066928509242848554,0.9890130573694068
207,1,0.0,1.0,1.0,1.0,0.020708954,0.7844078762854525,0.9687630681519338,0.20074333565794666,0.0,20,0.5027874798383073,0.0066928509242848554,0.9890130573694068
208,1,1.0,1.0,1.0,1.0,0.9998652,0.7844078756048548,0.9687300778279072,0.4893285799168152,0.0,20,0.9871303300213925,0.0066928509242848554,0.9890130573694068
209,1,0.0,1.0,1.0,1.0,4.181155e-08,0.7844078607242589,0.9687427314898761,0.11091108857336038,0.0,20,0.2081136315306372,0.0066928509242848554,0.9890130573694068
210,1,1.0,1.0,1.0,1.0,0.99999917,0.7844078762854446,0.9687765471744156,0.4968164028272679,0.0,20,0.9884818478733527,0.0066928509242848554,0.9890130573694068
211,1,0.0,0.95,1.0,1.0,0.013071887,0.784407876284631,0.921230002219037,0.32066656119812265,0.0,20,0.8593616830633471,0.0066928509242848554,0.9890130573694068
212,0,1.0,0.0,1.0,1.0,1.26909e-08,0.7844078757868492,0.017981590744012965,0.5782845082477436,0.0,20,0.9965785639768836,0.0066928509242848554,0.9890130573694068
213,0,1.0,0.0,1.0,1.0,9.801105e-08,0.7844078762854176,0.018002248852486934,0.45705130575171615,0.0,20,0.9792810428321495,0.0066928509242848554,0.9890130573694068
214,0,1.0,0.0,1.0,1.0,1.6417958e-07,0.7844078762852523,0.01799121093064796,0.20010699588477365,0.0,20,0.5004012344817753,0.0066928509242848554,0.9890130573694068
215,0,1.0,0.0,1.0,1.0,1.7881143e-07,0.7844078760868207,0.01796041793065658,0.21797056055177214,0.0,20,0.5669844916308774,0.0066928509242848554,0.9890130573694068
216,0,1.0,0.0,1.0,1.0,1.3143664e-07,0.7844073926737908,0.01800687825725843,0.21812255766504132,0.0,20,0.5675441651007457,0.0066928509242848554,0.9890130573694068
217,0,1.0,0.0,1.0,1.0,1.20084e-08,0.7844078762853651,0.01799359109283998,0.49982395736072205,0.0,20,0.9889843264893188,0.0066928509242848554,0.9890130573694068
218,0,1.0,0.0,1.0,1.0,2.2258273e-08,0.7844078762042768,0.01793546148583954,0.4949987896393125,0.0,20,0.9881672615829977,0.0066928509242848554,0.9890130573694068
219,0,1.0,0.0,1.0,1.0,4.6839372e-09,0.7844078762854646,0.017981006846190424,0.4794830659536542,0.0,20,0.9851126771059401,0.0066928509242848554,0.9890130573694068
220,0,1.0,0.0,1.0,1.0,6.311871e-11,0.7844078762854648,0.018029107670836306,0.3967419625507861,0.0,20,0.9503168417077329,0.0066928509242848554,0.9890130573694068
221,0,1.0,0.0,1.0,1.0,1.9237046e-08,0.784407876285427,0.017984893042367927,0.2121972847908677,0.0,20,0.5456126520402912,0.0066928509242848554,0.9890130573694068
222,0,1.0,0.0,1.0,1.0,1.8135497e-10,0.7844078573851893,0.017977935272126617,0.2922832155804292,0.0,20,0.7996724186461798,0.0066928509242848554,0.9890130573694068
223,0,1.0,0.0,1.0,1.0,3.116079e-08,0.7844078762168682,0.017957585314566996,0.24045574986751458,0.0,20,0.6472187701379789,0.0066928509242848554,0.9890130573694068
224,0,1.0,0.0,1.0,1.0,4.526037e-06,0.7844078762593767,0.01800203660772119,0.5245254037967696,0.0,20,0.9923690374194808,0.0066928509242848554,0.9890130573694068
225,0,1.0,0.0,1.0,1.0,5.622357e-12,0.7844078760960925,0.017990460544535517,0.29911244800950687,0.0,20,0.8155804465163117,0.0066928509242848554,0.9890130573694068
226,0,1.0,0.0,1.0,1.0,0.035725992,0.7844078762851059,0.018009113468241963,0.6828583877995643,0.0,20,0.9992852593534626,0.0066928509242848554,0.9890130573694068
227,0,1.0,0.0,1.0,1.0,5.0409195e-05,0.7844078762746193,0.018023572299808784,0.210481723553619,0.0,20,0.5392256917744843,0.0066928509242848554,0.9890130573694068
228,0,1.0,0.0,1.0,1.0,4.533358e-07,0.7844078761995414,0.017988876504529835,0.4251692343604108,0.0,20,0.9669951358244526,0.0066928509242848554,0.9890130573694068
229,0,1.0,0.0,1.0,1.0,1.4226525e-06,0.7844078761711191,0.01795203785337803,0.4137876931075461,0.0,20,0.9610899486395034,0.0066928509242848554,0.9890130573694068
230,0,1.0,0.0,1.0,1.0,3.7141254e-07,0.7844078762695832,0.017899504739565857,0.5024359805121559,0.0,20,0.9894030935120901,0.0066928509242848554,0.9890130573694068
231,0,1.0,0.0,1.0,1.0,1.838334e-08,0.7844078762848924,0.017956381113926285,0.5505618283411942,0.0,20,0.9948234549030907,0.0066928509242848554,0.9890130573694068
232,0,1.0,0.0,1.0,1.0,2.5215686e-06,0.78440783947236,0.01800632598485052,0.19720872204532336,0.0,20,0.4895342365227532,0.0066928509242848554,0.9890130573694068
233,0,1.0,0.0,1.0,1.0,0.00011679588,0.7844078713224524,0.01799434694124073,0.3544095263676246,0.0,20,0.9102051913438578,0.0066928509242848554,0.9890130573694068
234,1,0.0,0.5,1.0,0.0,0.06787762,0.7844078710603308,0.49360077413481934,0.29633535431716546,0.0,20,0.809232416054119,0.0066928509242848554,0.9890130573694068
235,1,1.0,1.0,1.0,1.0,0.9740767,0.7844072313413801,0.968973241630159,0.26440463702627826,0.0,20,0.7243353840185287,0.0066928509242848554,0.9890130573694068
236,1,1.0,1.0,1.0,1.0,0.9999999,0.7844078758679632,0.9689523768146419,0.5061112104416234,0.0,20,0.9899657703746474,0.0066928509242848554,0.9890130573694068
237,1,1.0,1.0,1.0,1.0,1.0,0.784407866125767,0.9689260239605128,0.6738014014383182,0.0,20,0.9991813386226177,0.0066928509242848554,0.9890130573694068
238,1,0.0,1.0,1.0,1.0,1.5000955e-08,0.784407782819084,0.9690029124076199,0.10399307301268086,0.0,20,0.19152925882219393,0.0066928509242848554,0.9890130573694068
239,1,1.0,1.0,1.0,1.0,0.9999826,0.7842818795799364,0.9690104051159982,0.38725971196559433,0.0,20,0.9431546411576371,0.0066928509242848554,0.9890130573694068
240,1,0.0,1.0,1.0,1.0,0.00015269931,0.7844078736930808,0.9689341902594927,0.3347881432987816,0.0,20,0.8830692918563677,0.0066928509242848554,0.9890130573694068
241,1,0.0,1.0,1.0,1.0,0.07664232,0.7844078742179698,0.9689508436030673,0.3156195811657997,0.0,20,0.8499608102023383,0.0066928509242848554,0.9890130573694068
242,1,1.0,1.0,1.0,1.0,0.92764187,0.7844077192947064,0.9689461741708386,0.36896984551396317,0.0,20,0.926528530799768,0.0066928509242848554,0.9890130573694068
243,1,1.0,1.0,1.0,1.0,1.0,0.7844069807475064,0.9689627549857007,0.3996608068514762,0.0,20,0.9523437426232899,0.0066928509242848554,0.9890130573694068
244,1,1.0,1.0,1.0,1.0,0.996637,0.7844078656316318,0.9689698074507374,0.5289699549070275,0.0,20,0.9928576774942154,0.0066928509242848554,0.9890130573694068
245,1,1.0,1.0,1.0,1.0,0.99669003,0.7844078761502579,0.9689789767395811,0.2387434067194129,0.0,20,0.6413322315794493,0.0066928509242848554,0.9890130573694068
246,1,1.0,1.0,1.0,1.0,0.9999989,0.7844078762279355,0.9690295089719839,0.39574440243255715,0.0,20,0.9496055690754183,0.0066928509242848554,0.9890130573694068
247,1,1.0,1.0,1.0,1.0,1.0,0.7844077333896665,0.9689776482603306,0.39650360935763984,0.0,20,0.950147762900055,0.0066928509242848554,0.9890130573694068
248,1,1.0,1.0,1.0,1.0,0.9983973,0.7844076557095581,0.9690291783901482,0.36995605921945074,0.0,20,0.9275292224468257,0.0066928509242848554,0.9890130573694068
249,1,1.0,1.0,1.0,1.0,0.9888996,0.7844078756430366,0.9689248820334607,0.5701484102412896,0.0,20,0.996136174264716,0.0066928509242848554,0.9890130573694068
250,1,0.0,1.0,1.0,1.0,0.16601697,0.784407541931101,0.969030769688852,0.3108740228117391,0.0,20,0.8406550877654698,0.0066928509242848554,0.9890130573694068
251,1,0.0,1.0,1.0,1.0,2.141185e-09,0.7844078132983363,0.9689188569519119,0.24746249257278669,0.0,20,0.6708291104513041,0.0066928509242848554,0.9890130573694068
252,1,0.0,1.0,1.0,1.0,0.27397415,0.7844074789225003,0.9689368837662943,0.213201871657754,0.0,20,0.5493458653517206,0.0066928509242848554,0.9890130573694068
253,1,1.0,1.0,1.0,1.0,0.7302355,0.784407846080284,0.9690226266151042,0.28569838855082264,0.0,20,0.7833804418036844,0.0066928509242848554,0.9890130573694068
254,1,1.0,1.0,1.0,1.0,0.7775997,0.7844075084372144,0.9690004914185607,0.6259657426188866,0.0,20,0.9983236959008133,0.0066928509242848554,0.9890130573694068
255,1,1.0,1.0,1.0,1.0,0.9998808,0.784407683413615,0.9689452196476407,0.5547838327250092,0.0,20,0.995139576788751,0.0066928509242848554,0.9890130573694068
256,1,1.0,1.0,1.0,1.0,0.9954151,0.7844078754063217,0.9690937076393062,0.6102108297887715,0.0,20,0.9978777680423768,0.0066928509242848554,0.9890130573694068
257,1,1.0,1.0,1.0,1.0,0.99999857,0.7844044012926243,0.9689803926584112,0.49426590838355544,0.0,20,0.9880380286706218,0.0066928509242848554,0.9890130573694068
258,1,0.0,1.0,1.0,1.0,0.265876,0.7844070032937692,0.9689918320363075,0.24650912128479427,0.0,20,0.6676636164928457,0.0066928509242848554,0.9890130573694068
259,1,1.0,1.0,1.0,1.0,1.0,0.7843717190459141,0.9689764314806214,0.5715356346419679,0.0,20,0.9962154423073766,0.0066928509242848554,0.9890130573694068
260,1,1.0,1.0,1.0,1.0,0.9803459,0.7842090744757833,0.9690375756060717,0.396215999197029,0.0,20,0.9499430171794483,0.0066928509242848554,0.9890130573694068
261,1,1.0,1.0,1.0,1.0,1.0,0.784406707707146,0.9690626217596011,0.6738726002417685,0.0,20,0.9991822117569411,0.0066928509242848554,0.9890130573694068
262,1,0.0,1.0,1.0,1.0,1.14088216e-07,0.7844073228259311,0.9690421164422587,0.11419022012372396,0.0,20,0.216336153310014,0.0066928509242848554,0.9890130573694068
263,1,1.0,1.0,1.0,1.0,0.8889962,0.7843530450104965,0.9689299832296575,0.4214773721220135,0.0,20,0.9651812738296449,0.0066928509242848554,0.9890130573694068
264,1,0.0,1.0,1.0,1.0,2.4895067e-07,0.784407863880728,0.9689611669065915,0.1121240251334028,0.0,20,0.21112797824749668,0.0066928509242848554,0.9890130573694068
265,1,1.0,1.0,1.0,1.0,0.9999697,0.7844078289326469,0.9690200181862765,0.26751607525601334,0.0,20,0.7335562498026202,0.0066928509242848554,0.9890130573694068
266,1,0.0,1.0,1.0,1.0,0.4503465,0.7844037307009922,0.9690483958986162,0.5273202614379086,0.0,20,0.9926800428224933,0.0066928509242848554,0.9890130573694068
267,1,1.0,1.0,1.0,1.0,0.9999974,0.7844078720893699,0.9690504632887608,0.2866873897602607,0.0,20,0.7858872933350848,0.0066928509242848554,0.9890130573694068
268,1,1.0,1.0,1.0,1.0,0.99955744,0.7844078719987612,0.9689465492039524,0.3092455777576885,0.0,20,0.8373557440918343,0.0066928509242848554,0.9890130573694068
269,1,0.0,1.0,1.0,1.0,0.054458324,0.7844077257254903,0.969042012038484,0.27458935328517375,0.0,20,0.7537735405166995,0.0066928509242848554,0.9890130573694068
270,1,1.0,1.0,1.0,1.0,0.99966383,0.7844078189641407,0.9689818299125634,0.501975577611017,0.0,20,0.9893304410600968,0.0066928509242848554,0.9890130573694068
271,1,1.0,1.0,1.0,1.0,0.9999732,0.7844042969434452,0.9690550895251542,0.22606600323668,0.0,20,0.5965210105932757,0.0066928509242848554,0.9890130573694068
272,1,1.0,1.0,1.0,1.0,0.99999976,0.7844078463260383,0.9690139993393846,0.55730798177857,0.0,20,0.9953193177400391,0.0066928509242848554,0.9890130573694068
273,1,1.0,1.0,1.0,1.0,0.99960667,0.7843949602383605,0.9690005687986194,0.5966588158230622,0.0,20,0.9974006269421812,0.0066928509242848554,0.9890130573694068
274,1,1.0,1.0,1.0,1.0,0.9999715,0.7843957954955323,0.9689849155769567,0.34450154864098215,0.0,20,0.8972949399912162,0.0066928509242848554,0.9890130573694068
275,1,0.0,1.0,1.0,1.0,0.0014396618,0.784407159119544,0.9690225312059427,0.27283572849429627,0.0,20,0.7488589524214408,0.0066928509242848554,0.9890130573694068
276,1,1.0,1.0,1.0,1.0,0.92485136,0.784407860159142,0.9690046173565245,0.5405073140367258,0.0,20,0.9939858605539105,0.0066928509242848554,0.9890130573694068
277,1,1.0,1.0,1.0,1.0,0.999997,0.784407871703774,0.9690558134444376,0.22087034243896989,0.0,20,0.577630809611267,0.0066928509242848554,0.9890130573694068
278,1,1.0,1.0,1.0,1.0,0.9999999,0.7844076016996769,0.9690226612069914,0.6056245774171737,0.0,20,0.9977269762201261,0.0066928509242848554,0.9890130573694068
279,1,1.0,1.0,1.0,1.0,0.75261503,0.7844078293029851,0.9690537435846195,0.5057592241197554,0.0,20,0.9899131873954019,0.0066928509242848554,0.9890130573694068
280,1,1.0,1.0,1.0,1.0,0.99988127,0.7844066664019211,0.9689235197537351,0.394767109513282,0.0,20,0.9488994045994315,0.0066928509242848554,0.9890130573694068
281,1,0.0,1.0,1.0,1.0,0.116039574,0.7844075742814837,0.9690133298688206,0.18006505434417774,0.0,20,0.4257960466263561,0.0066928509242848554,0.9890130573694068
282,1,1.0,1.0,1.0,1.0,0.99999094,0.7844071208853528,0.9689960755214447,0.32409295108257047,0.0,20,0.865459378371529,0.0066928509242848554,0.9890130573694068
283,1,1.0,1.0,1.0,1.0,0.99997413,0.7844078725072262,0.9688961818389857,0.3046125116713352,0.0,20,0.8276677740885645,0.0066928509242848554,0.9890130573694068
284,1,1.0,1.0,1.0,1.0,0.99994624,0.7844078739394423,0.9690020195312078,0.593960414354421,0.0,20,0.9972935469457541,0.0066928509242848554,0.9890130573694068
285,1,0.0,1.0,1.0,1.0,0.000181711,0.7844078742232291,0.9690739548624414,0.17902441368704344,0.0,20,0.4219840869869996,0.0066928509242848554,0.9890130573694068
286,1,1.0,1.0,1.0,1.0,0.9999856,0.7844040900818725,0.9690055714973822,0.5396886824905401,0.0,20,0.9939120071786278,0.0066928509242848554,0.9890130573694068
287,1,1.0,1.0,1.0,1.0,0.83275026,0.7844062092892153,0.9690370082727536,0.23850511144628792,0.0,20,0.640509608111677,0.0066928509242848554,0.9890130573694068
288,1,1.0,0.8666666666666667,1.0,1.0,0.992861,0.7844062686635215,0.8421086239916423,0.33215273382290555,0.0,20,0.8789251730129123,0.0066928509242848554,0.9890130573694068
289,0,1.0,0.0,1.0,1.0,4.2375802e-08,0.7844075057321925,0.017965810700993123,0.5589518644337167,0.0,20,0.9954328030674825,0.0066928509242848554,0.9890130573694068
290,0,1.0,0.0,1.0,1.0,1.5513571e-06,0.7844070226967221,0.017996834115890193,0.49897875816993464,0.0,20,0.988845348616279,0.0066928509242848554,0.9890130573694068
291,0,1.0,0.0,1.0,1.0,1.7789e-10,0.7844078762854482,0.017988364762122896,0.15154000598060574,0.0,20,0.32587538907904023,0.0066928509242848554,0.9890130573694068
292,0,1.0,0.0,1.0,1.0,1.0641115e-06,0.7844078762853236,0.018027946754040725,0.48559276018099545,0.0,20,0.9863986482827113,0.0066928509242848554,0.9890130573694068
293,0,1.0,0.0,1.0,1.0,4.2813184e-09,0.7844078762844329,0.017994110889484063,0.21121185922928842,0.0,20,0.5419456534695214,0.0066928509242848554,0.9890130573694068
294,0,1.0,0.0,1.0,1.0,7.713619e-06,0.7844078762854397,0.017969418791011646,0.41807180314643,0.0,20,0.9634231447294833,0.0066928509242848554,0.9890130573694068
295,0,1.0,0.0,1.0,1.0,2.4324665e-09,0.7844078756424414,0.017972695078741722,0.3709793995117427,0.0,20,0.9285542902339863,0.0066928509242848554,0.9890130573694068
296,0,1.0,0.0,1.0,1.0,0.0016669601,0.7844078762854139,0.018011815518522323,0.5128119429590018,0.0,20,0.9909165760834919,0.0066928509242848554,0.9890130573694068
297,0,1.0,0.0,1.0,1.0,0.00020820125,0.7844078762799404,0.017964951815274858,0.4073034341941905,0.0,20,0.9572850207214716,0.0066928509242848554,0.9890130573694068
298,0,1.0,0.0,1.0,1.0,4.3918096e-09,0.7844078729132836,0.017938926684239232,0.3312884649355238,0.0,20,0.8775388051868811,0.0066928509242848554,0.9890130573694068
299,0,1.0,0.0,1.0,1.0,0.0018800141,0.7844078762845652,0.017922882886725538,0.41144014300877046,0.0,20,0.9597515187129927,0.0066928509242848554,0.9890130573694068
300,0,1.0,0.0,1.0,1.0,2.7599249e-06,0.7844078762845965,0.0179906627655679,0.250946590083845,0.0,20,0.682264654858159,0.0066928509242848554,0.9890130573694068
301,0,1.0,0.0,1.0,1.0,2.4789798e-10,0.7844078762641435,0.01795408814366069,0.624342038099516,0.0,20,0.998282438299466,0.0066928509242848554,0.9890130573694068
302,0,1.0,0.0,1.0,1.0,8.393037e-09,0.7844078762854647,0.01793612138892667,0.2626700041718815,0.0,20,0.7191097697129785,0.0066928509242848554,0.9890130573694068
303,0,1.0,0.0,1.0,1.0,1.2143978e-07,0.784407825633786,0.018000718057130584,0.6080673758865248,0.0,20,0.9978085776374097,0.0066928509242848554,0.9890130573694068
304,0,0.0,0.0,1.0,0.0,0.99592483,0.7844078762854614,0.018018845191682654,0.5692430919074518,0.0,20,0.9960835533949257,0.0066928509242848554,0.9890130573694068
305,0,1.0,0.0,1.0,1.0,8.340699e-06,0.7844078762846427,0.017968591015451753,0.47455636274383284,0.0,20,0.9839891056983681,0.0066928509242848554,0.9890130573694068
306,0,1.0,0.0,1.0,1.0,1.7099632e-05,0.7844078721295076,0.017998401226198557,0.17770988982061647,0.0,20,0.41718217727743095,0.0066928509242848554,0.9890130573694068
307,0,1.0,0.0,1.0,1.0,6.9834905e-10,0.7844078762752259,0.017981084393916325,0.23071498869818197,0.0,20,0.613186111983004,0.0066928509242848554,0.9890130573694068
308,0,1.0,0.0,1.0,1.0,0.00029472748,0.7844078762853886,0.01797642988184229,0.4724910122287649,0.0,20,0.9834936363231398,0.0066928509242848554,0.9890130573694068
309,0,1.0,0.0,1.0,1.0,1.602756e-09,0.7844078762854129,0.01795393658723261,0.4904945858940591,0.0,20,0.987350642182094,0.0066928509242848554,0.9890130573694068
310,0,1.0,0.0,1.0,1.0,5.7004705e-12,0.7844078762547574,0.017959285318602827,0.37688764394646745,0.0,20,0.9342149940728556,0.0066928509242848554,0.9890130573694068
311,0,1.0,0.0,1.0,1.0,3.428421e-05,0.7844078762832623,0.017949183811159803,0.49888607772858246,0.0,20,0.9888300038985334,0.0066928509242848554,0.9890130573694068
312,0,1.0,0.0,1.0,1.0,6.802988e-06,0.7844078761212337,0.018033176575614908,0.20260069674676098,0.0,20,0.5097513761822602,0.0066928509242848554,0.9890130573694068
313,0,1.0,0.0,1.0,1.0,5.2025113e-11,0.7844078680418285,0.018059712329553054,0.6745522180503407,0.0,20,0.9991904994449144,0.0066928509242848554,0.9890130573694068
314,0,1.0,0.0,1.0,1.0,1.6517164e-09,0.7844078762215978,0.0180164426680298,0.41428047617013397,0.0,20,0.9613654306401647,0.0066928509242848554,0.9890130573694068
315,0,1.0,0.0,1.0,1.0,1.6091472e-07,0.7844078762854546,0.01798731310640777,0.4362770923972426,0.0,20,0.9719183752515168,0.0066928509242848554,0.9890130573694068
316,0,1.0,0.0,1.0,1.0,4.7718495e-05,0.7844078762851351,0.017952961382472658,0.4808067523198726,0.0,20,0.9854010813243939,0.0066928509242848554,0.9890130573694068
317,0,1.0,0.0,1.0,1.0,5.158766e-07,0.7844078762854542,0.017992001036922962,0.5239746732026144,0.0,20,0.9923062242683806,0.0066928509242848554,0.9890130573694068
318,0,1.0,0.25,1.0,1.0,2.0105242e-06,0.7844078736505478,0.25181705604662974,0.4184806366991241,0.0,20,0.9636386348588315,0.0066928509242848554,0.9890130573694068
319,1,0.0,1.0,1.0,1.0,5.6962426e-07,0.7844078757049091,0.9531851789915705,0.22806799336650083,0.0,20,0.6037272773195428,0.0066928509242848554,0.9890130573694068
320,1,1.0,1.0,1.0,1.0,0.99008733,0.7844078760513883,0.9530960572159832,0.48870603797074386,0.0,20,0.9870111568005395,0.0066928509242848554,0.9890130573694068
321,1,1.0,1.0,1.0,1.0,0.9998196,0.7844078756140355,0.9531175859971185,0.5676332733258729,0.0,20,0.9959882148167346,0.0066928509242848554,0.9890130573694068
322,1,1.0,1.0,1.0,1.0,0.9645675,0.7844078762829844,0.9530580703127047,0.5282667071996757,0.0,20,0.9927824830446825,0.0066928509242848554,0.9890130573694068
323,1,0.0,1.0,1.0,1.0,1.8004197e-05,0.7844078760894022,0.9532237205261629,0.11349985898049025,0.0,20,0.21458570701006235,0.0066928509242848554,0.9890130573694068
324,1,1.0,1.0,1.0,1.0,0.91182655,0.7844078762839349,0.9531936631483889,0.3746359953954561,0.0,20,0.9321085980461086,0.0066928509242848554,0.9890130573694068
325,1,1.0,1.0,1.0,1.0,0.9999999,0.7844078753834438,0.953083030616136,0.4178107039698735,0.0,20,0.9632848808937161,0.0066928509242848554,0.9890130573694068
326,1,1.0,1.0,1.0,1.0,1.0,0.7844078762854619,0.9530587335039841,0.502195766217654,0.0,20,0.9893652485109019,0.0066928509242848554,0.9890130573694068
327,0,1.0,0.4666666666666667,1.0,1.0,2.6180706e-07,0.7844078762434683,0.4544655005147379,0.3922142094017094,0.0,20,0.9470103364565502,0.0066928509242848554,0.9890130573694068
328,1,0.0,0.9166666666666666,1.0,0.0,0.0016506173,0.7844078762511242,0.8433176674410213,0.27250893110867536,0.0,20,0.7479359203158177,0.0066928509242848554,0.9890130573694068
329,1,1.0,1.0,1.0,1.0,1.0,0.7844078761833438,0.9186568511744504,0.5388678946326005,0.0,20,0.9938370544031633,0.0066928509242848554,0.9890130573694068
330,1,1.0,1.0,1.0,1.0,0.9998604,0.7844078746273108,0.9183607549290712,0.4727270074696545,0.0,20,0.9835510049349462,0.0066928509242848554,0.9890130573694068
331,1,0.0,1.0,1.0,1.0,0.3539779,0.7843993271199212,0.9183661318662765,0.2889034780578898,0.0,20,0.7914275984797677,0.0066928509242848554,0.9890130573694068
332,1,1.0,1.0,1.0,1.0,0.72427934,0.7844078754630464,0.9184128830571553,0.46115416887475713,0.0,20,0.9804935814792086,0.0066928509242848554,0.9890130573694068
333,1,1.0,1.0,1.0,1.0,1.0,0.7844052647787818,0.9184817780487722,0.6561347517730496,0.0,20,0.9989331966755296,0.0066928509242848554,0.9890130573694068
334,1,1.0,1.0,1.0,1.0,0.9994319,0.784407611555365,0.9185269970426526,0.3117089729948827,0.0,20,0.8423256138575844,0.0066928509242848554,0.9890130573694068
335,1,1.0,1.0,1.0,1.0,0.99997914,0.7844048153489764,0.9184178247925823,0.6779587555186684,0.0,20,0.9992307933011777,0.0066928509242848554,0.9890130573694068
336,1,1.0,1.0,1.0,1.0,0.9829816,0.7844076884392112,0.9183270021750602,0.401499988000096,0.0,20,0.9535803053363393,0.0066928509242848554,0.9890130573694068
337,1,1.0,1.0,1.0,1.0,0.9961105,0.7844074442819273,0.918319001145415,0.47405087034813925,0.0,20,0.9838692092329722,0.0066928509242848554,0.9890130573694068
338,1,0.0,1.0,1.0,1.0,0.0053473655,0.784407800319624,0.9184297241624356,0.2650967402920217,0.0,20,0.7264034706045125,0.0066928509242848554,0.9890130573694068
339,1,1.0,1.0,1.0,1.0,0.9308499,0.7844078743245969,0.9183866721732908,0.3952876623900589,0.0,20,0.9492766990740394,0.0066928509242848554,0.9890130573694068
340,1,1.0,1.0,1.0,1.0,1.0,0.7844075998023764,0.9183529784996428,0.44816421606052714,0.0,20,0.9763962578531138,0.0066928509242848554,0.9890130573694068
341,1,1.0,1.0,1.0,1.0,0.9971233,0.7844080559592719,0.9184446526743278,0.5506801470588235,0.0,20,0.9948325865557875,0.0066928509242848554,0.9890130573694068
342,1,0.0,1.0,1.0,0.0,0.003960498,0.7844078762515111,0.9182810621115725,0.6025122021246052,0.0,20,0.9976186012899363,0.0066928509242848554,0.9890130573694068
343,1,1.0,1.0,1.0,1.0,0.9999981,0.7844078749433617,0.9182206196347656,0.5465714849797895,0.0,20,0.9945059056440733,0.0066928509242848554,0.9890130573694068
344,1,1.0,1.0,1.0,1.0,0.9999676,0.7844078762813067,0.9182935990193105,0.5712616205902651,0.0,20,0.9961999141991175,0.0066928509242848554,0.9890130573694068
345,0,1.0,0.08333333333333333,1.0,1.0,3.387295e-07,0.7844074378443681,0.09296451826545808,0.4157778741985027,0.0,20,0.9621910839216998,0.0066928509242848554,0.9890130573694068
346,0,1.0,0.0,1.0,1.0,1.2398954e-07,0.78440778675637,0.018008522569204214,0.41800363302011617,0.0,20,0.9633870939541949,0.0066928509242848554,0.9890130573694068
347,0,1.0,0.0,1.0,1.0,3.3420875e-09,0.7844078761854202,0.018020050528574853,0.46508700847811174,0.0,20,0.9815904592981549,0.0066928509242848554,0.9890130573694068
348,0,1.0,0.0,1.0,1.0,5.6793675e-07,0.7844078762828979,0.017946852214411366,0.20839977016447606,0.0,20,0.5314575330847923,0.0066928509242848554,0.9890130573694068
349,0,1.0,0.0,1.0,1.0,1.6375308e-10,0.7844074914902885,0.01798766125093911,0.42133842752787387,0.0,20,0.9651111645052779,0.0066928509242848554,0.9890130573694068
350,0,1.0,0.0,1.0,1.0,5.4916673e-06,0.784407876285353,0.01796512128988761,0.32771633986928106,0.0,20,0.8716632050914347,0.0066928509242848554,0.9890130573694068
351,0,1.0,0.0,1.0,1.0,4.8667986e-10,0.7844016037914902,0.017965048484702758,0.16901729894856493,0.0,20,0.3858618460232541,0.0066928509242848554,0.9890130573694068
352,0,1.0,0.0,1.0,1.0,2.4698838e-06,0.7844074765541187,0.018037528692791634,0.4305577636459989,0.0,20,0.9694796690750174,0.0066928509242848554,0.9890130573694068
353,0,1.0,0.0,1.0,1.0,1.6864787e-10,0.7844078762854322,0.0180199406827277,0.5721509029143572,0.0,20,0.9962500790276727,0.0066928509242848554,0.9890130573694068
354,0,1.0,0.0,1.0,1.0,2.3465162e-08,0.7844078761182305,0.018009086993094826,0.4575815255180086,0.0,20,0.979441799060425,0.0066928509242848554,0.9890130573694068
355,0,1.0,0.0,1.0,1.0,4.2840597e-06,0.7844078758251521,0.018023392638117555,0.40784125165873536,0.0,20,0.9576136801499193,0.0066928509242848554,0.9890130573694068
356,0,1.0,0.0,1.0,1.0,2.8729067e-08,0.7844078762854647,0.017962198944080122,0.20090359551974707,0.0,20,0.5033884313254061,0.0066928509242848554,0.9890130573694068
357,0,1.0,0.0,1.0,1.0,0.0002283649,0.7844078762854283,0.017983415629176606,0.4821439485799347,0.0,20,0.9856868389393846,0.0066928509242848554,0.9890130573694068
358,0,1.0,0.0,1.0,1.0,1.4482235e-07,0.7844078762854626,0.018019339174039296,0.3552565391287382,0.0,20,0.9112382105311057,0.0066928509242848554,0.9890130573694068
359,0,1.0,0.0,1.0,1.0,3.0359402e-07,0.7844078762450768,0.01794067770163402,0.766318407960199,0.0,20,0.9997955077810875,0.0066928509242848554,0.9890130573694068
360,0,1.0,0.0,1.0,1.0,4.6371182e-09,0.7844078731827854,0.017993416680760866,0.48720374416109147,0.0,20,0.9867190695466748,0.0066928509242848554,0.9890130573694068
361,0,1.0,0.0,1.0,1.0,8.738389e-07,0.7844078762854648,0.0179880747042424,0.3856689734717416,0.0,20,0.9418617442721271,0.0066928509242848554,0.9890130573694068
362,0,1.0,0.0,1.0,1.0,0.0012817516,0.7844078762853149,0.017944637934153147,0.340594125246998,0.0,20,0.8917663534855979,0.0066928509242848554,0.9890130573694068
363,0,1.0,0.0,1.0,1.0,4.2203402e-13,0.7844078762538225,0.018035593955027466,0.6220609094701711,0.0,20,0.9982227578416092,0.0066928509242848554,0.9890130573694068
364,0,1.0,0.0,1.0,1.0,1.8040355e-09,0.7844078762854635,0.01797642365847094,0.7464115949410067,0.0,20,0.9997243695648365,0.0066928509242848554,0.9890130573694068
365,0,1.0,0.0,1.0,1.0,0.2511982,0.7844078762847231,0.017977349357301893,0.3348853615520282,0.0,20,0.883219786076428,0.0066928509242848554,0.9890130573694068
366,0,1.0,0.0,1.0,1.0,1.898918e-09,0.7844078762852821,0.018023267813589497,0.19627868795129053,0.0,20,0.48604870212646156,0.0066928509242848554,0.9890130573694068
367,0,1.0,0.0,1.0,1.0,1.3991532e-06,0.784407872732981,0.01795338031379164,0.4660800506388742,0.0,20,0.9818577106584909,0.0066928509242848554,0.9890130573694068
368,0,1.0,0.0,1.0,1.0,0.00019874488,0.7844078762854493,0.01797832613215591,0.5515176326941033,0.0,20,0.994896765836561,0.0066928509242848554,0.9890130573694068
369,0,1.0,0.0,1.0,1.0,2.2564663e-09,0.7844078762772541,0.01799631752813861,0.8450980392156863,0.0,20,0.99993726137861,0.0066928509242848554,0.9890130573694068
370,0,1.0,0.0,1.0,1.0,3.5425878e-09,0.784407876284138,0.017956003846490223,0.41096088007852716,0.0,20,0.959472900627966,0.0066928509242848554,0.9890130573694068
371,0,1.0,0.0,1.0,1.0,2.4070788e-08,0.7844078762608877,0.017999616212704402,0.487968661643061,0.0,20,0.9868685913622237,0.0066928509242848554,0.9890130573694068
372,0,1.0,0.0,1.0,1.0,0.3882683,0.7844078760887088,0.017960119098283468,0.4750027109888702,0.0,20,0.9840942448176746,0.0066928509242848554,0.9890130573694068
373,0,1.0,0.0,1.0,1.0,1.9446517e-07,0.7844078762854514,0.01794068647226642,0.44190563909996394,0.0,20,0.974133120115767,0.0066928509242848554,0.9890130573694068
374,0,1.0,0.0,1.0,1.0,3.680104e-05,0.7844078762853649,0.017953666363594377,0.5149917894996463,0.0,20,0.991206210327927,0.0066928509242848554,0.9890130573694068
375,0,1.0,0.0,1.0,1.0,0.004725533,0.7844078762854608,0.01798464857540283,0.3953906714200832,0.0,20,0.9493510464114646,0.0066928509242848554,0.9890130573694068
376,0,1.0,0.0,1.0,1.0,2.623565e-09,0.7844078762829422,0.018023557203744135,0.5547616120638433,0.0,20,0.995137964369419,0.0066928509242848554,0.9890130573694068
377,0,1.0,0.0,1.0,1.0,3.5493648e-09,0.784407876284961,0.017926006562800547,0.879908235695712,0.0,20,0.9999627798678505,0.0066928509242848554,0.9890130573694068
378,0,1.0,0.0,1.0,1.0,0.027116664,0.7844078762854605,0.017945087299632692,0.6989988376302901,0.0,20,0.999438862093413,0.0066928509242848554,0.9890130573694068
379,0,0.0,0.0,1.0,0.0,0.9829573,0.7844078762853641,0.01797906322807349,0.444961339655688,0.0,20,0.9752633139888318,0.0066928509242848554,0.9890130573694068
380,1,0.0,0.65,1.0,0.0,0.08875598,0.784407876283667,0.647846045024713,0.2421416782201096,0.0,20,0.6529711824959655,0.0066928509242848554,0.9890130573694068
381,1,0.0,1.0,1.0,1.0,0.0001355058,0.7844078727956124,0.9869936781923728,0.1773022312373225,0.0,20,0.4156961554530461,0.0066928509242848554,0.9890130573694068
382,1,0.0,1.0,1.0,1.0,5.4552584e-06,0.7844078762786189,0.9869800281031968,0.2763272430184195,0.0,20,0.758579731887759,0.0066928509242848554,0.9890130573694068
383,1,1.0,1.0,1.0,1.0,1.0,0.7844078762854425,0.9869889168736883,0.42768294864913226,0.0,20,0.9681775732738268,0.0066928509242848554,0.9890130573694068
384,1,0.0,1.0,1.0,1.0,0.31041,0.7844078762215384,0.9870119933072254,0.29703839869281046,0.0,20,0.8108550997757896,0.0066928509242848554,0.9890130573694068
385,1,1.0,1.0,1.0,1.0,0.9953402,0.7844078757368024,0.9869861789521963,0.5362671593460079,0.0,20,0.9935934511186304,0.0066928509242848554,0.9890130573694068
386,1,0.0,1.0,1.0,1.0,2.2328506e-09,0.7844076853889757,0.9869629784114662,0.14431473102061337,0.0,20,0.3025300044774968,0.0066928509242848554,0.9890130573694068
387,1,1.0,1.0,1.0,1.0,0.97434074,0.7844076029843878,0.9870064069228914,0.42372977301081877,0.0,20,0.9662990259069897,0.0066928509242848554,0.9890130573694068
388,1,0.0,1.0,1.0,1.0,0.00033795557,0.7843873766449947,0.9870000747719826,0.13304406730012264,0.0,20,0.2680891798210396,0.0066928509242848554,0.9890130573694068
389,1,1.0,1.0,1.0,1.0,0.99971145,0.7844063358077079,0.987000879841468,0.6191078471372229,0.0,20,0.9981424131412671,0.0066928509242848554,0.9890130573694068
390,1,0.0,1.0,1.0,1.0,2.2323073e-05,0.7843574524712221,0.9869797577263936,0.22459112677328996,0.0,20,0.5911851535637719,0.0066928509242848554,0.9890130573694068
391,1,1.0,1.0,1.0,1.0,0.9999999,0.7844074694239829,0.986966105274918,0.46087137794454863,0.0,20,0.9804122863635428,0.0066928509242848554,0.9890130573694068
392,1,1.0,1.0,1.0,1.0,0.6906236,0.7844057686341271,0.9869460049044569,0.3127372043825582,0.0,20,0.844363255140344,0.0066928509242848554,0.9890130573694068
393,1,1.0,1.0,1.0,1.0,0.9949255,0.7844078317431257,0.986969621224049,0.4873725174449812,0.0,20,0.9867522041635701,0.0066928509242848554,0.9890130573694068
394,1,1.0,1.0,1.0,1.0,0.9999995,0.7844078355414333,0.9869762657834743,0.5747779453661807,0.0,20,0.9963944510495741,0.0066928509242848554,0.9890130573694068
395,1,0.0,1.0,1.0,1.0,0.25017193,0.7844071748316073,0.9869973585339086,0.30287411235370376,0.0,20,0.8239166174887731,0.0066928509242848554,0.9890130573694068
396,1,0.0,1.0,1.0,1.0,7.029388e-05,0.784406696874741,0.9869746538625088,0.26295874622250337,0.0,20,0.7199837879477292,0.0066928509242848554,0.9890130573694068
397,1,1.0,1.0,1.0,1.0,0.9183404,0.7844078762793635,0.9869497522843844,0.24798441427853193,0.0,20,0.6725555337586041,0.0066928509242848554,0.9890130573694068
398,1,1.0,1.0,1.0,1.0,1.0,0.7843327132962263,0.9870025252283661,0.514323550771071,0.0,20,0.9911184086270896,0.0066928509242848554,0.9890130573694068
399,1,1.0,1.0,1.0,1.0,0.95985144,0.7844074982618225,0.9869607743541485,0.5948665577342048,0.0,20,0.9973299870324536,0.0066928509242848554,0.9890130573694068
400,1,0.0,1.0,1.0,0.0,0.0054371087,0.7844078682041641,0.9869843218513321,0.6026775103980987,0.0,20,0.9976244849385884,0.0066928509242848554,0.9890130573694068
401,1,1.0,1.0,1.0,1.0,0.99591285,0.7844077131726829,0.9869731810143691,0.23604374498337347,0.0,20,0.6319650474999825,0.0066928509242848554,0.9890130573694068
402,1,1.0,1.0,1.0,1.0,0.7858034,0.7844077824239457,0.986992366472739,0.29130718954248364,0.0,20,0.7973167873390453,0.0066928509242848554,0.9890130573694068
403,1,0.0,1.0,1.0,1.0,0.13936268,0.7844078783468936,0.9869717352252128,0.21279783125371363,0.0,20,0.5478450272442705,0.0066928509242848554,0.9890130573694068
404,1,1.0,1.0,1.0,1.0,1.0,0.7844249909099317,0.9869581864127155,0.6117681640557457,0.0,20,0.9979266672575859,0.0066928509242848554,0.9890130573694068
405,1,1.0,0.9166666666666666,1.0,1.0,0.98656416,0.7844078762854658,0.9106062717026161,0.3930865705572733,0.0,20,0.9476631578427195,0.0066928509242848554,0.9890130573694068
406,1,0.0,1.0,1.0,1.0,0.21348922,0.7844078766232128,0.9961063174706822,0.19885416026389657,0.0,20,0.4957032067666368,0.0066928509242848554,0.9890130573694068
407,1,1.0,1.0,1.0,1.0,0.99999714,0.7844078762997998,0.9961236630665904,0.4768559164959516,0.0,20,0.9845235567434173,0.0066928509242848554,0.9890130573694068
408,1,0.0,1.0,1.0,1.0,0.005412824,0.7844078762856775,0.9961085147309666,0.20455777379089207,0.0,20,0.5170849976376601,0.0066928509242848554,0.9890130573694068
409,1,0.0,1.0,1.0,1.0,0.09598759,0.7844078762859652,0.9961073280896665,0.28464843301661746,0.0,20,0.7806959248140383,0.0066928509242848554,0.9890130573694068
410,1,0.0,1.0,1.0,1.0,1.8007849e-11,0.784407876346304,0.9961174806239569,0.1089713312144249,0.0,20,0.20335919705222874,0.0066928509242848554,0.9890130573694068
411,1,1.0,1.0,1.0,1.0,0.9999273,0.7844078762855088,0.9961170464189014,0.4947247480843683,0.0,20,0.9881191006206202,0.0066928509242848554,0.9890130573694068
412,1,0.0,1.0,1.0,1.0,0.2570981,0.7844078773939676,0.9961036477903831,0.3013787737317149,0.0,20,0.8206388286088188,0.0066928509242848554,0.9890130573694068
413,0,1.0,0.2,0.9833333333333333,1.0,2.0519521e-12,0.7845195234542653,0.22465479087482634,0.15946087263734324,0.0,20,0.35249572292514797,0.0066928509242848554,0.9890130573694068
414,0,1.0,0.0,1.0,1.0,2.2640712e-09,0.7844078617037558,0.01800272460319434,0.4624365688304307,0.0,20,0.9808581071594165,0.0066928509242848554,0.9890130573694068
415,0,1.0,0.0,1.0,1.0,2.0118168e-10,0.7844078705409162,0.018001465260942835,0.46972517730496455,0.0,20,0.9828064461059851,0.0066928509242848554,0.9890130573694068
416,0,1.0,0.0,1.0,1.0,7.5409716e-08,0.7844078762007901,0.018006798390465786,0.46907085628590495,0.0,20,0.9826398076849006,0.0066928509242848554,0.9890130573694068
417,0,1.0,0.0,1.0,1.0,0.054990865,0.7844078762853665,0.01799729940865424,0.3693738400710078,0.0,20,0.9269399853638852,0.0066928509242848554,0.9890130573694068
418,0,1.0,0.0,1.0,1.0,1.3286417e-06,0.7844078762853386,0.017991252742848733,0.6040348444889209,0.0,20,0.9976722499711097,0.0066928509242848554,0.9890130573694068
419,0,1.0,0.0,1.0,1.0,4.519865e-06,0.7844078762814117,0.017987365774460015,0.4749712195484254,0.0,20,0.9840868492062419,0.0066928509242848554,0.9890130573694068
420,0,1.0,0.0,1.0,1.0,0.00035099298,0.7844078762853924,0.017978989508473264,0.30968980184666456,0.0,20,0.8382611958782505,0.0066928509242848554,0.9890130573694068
421,0,1.0,0.0,1.0,1.0,2.25673e-05,0.7844078761207054,0.01797926391833528,0.14978938727172406,0.0,20,0.3201333189489268,0.0066928509242848554,0.9890130573694068
422,0,1.0,0.0,1.0,1.0,0.00020612255,0.7844078762633573,0.018017932125603358,0.47145776153677826,0.0,20,0.9832401364002615,0.0066928509242848554,0.9890130573694068
423,0,1.0,0.0,1.0,1.0,1.587215e-07,0.784407838473309,0.018007430880690806,0.5416839604058677,0.0,20,0.9940904552518118,0.0066928509242848554,0.9890130573694068
424,0,1.0,0.0,1.0,1.0,0.00012578939,0.7844078762854643,0.017981330691120137,0.4420659722222222,0.0,20,0.9741936516548887,0.0066928509242848554,0.9890130573694068
425,0,1.0,0.0,1.0,1.0,1.0109165e-05,0.7844078762854629,0.017956130099335506,0.16836629016559812,0.0,20,0.38355037319441243,0.0066928509242848554,0.9890130573694068
426,0,1.0,0.0,1.0,1.0,1.6142532e-11,0.7844078762823438,0.017995083514855584,0.28813586427478793,0.0,20,0.7895205708198004,0.0066928509242848554,0.9890130573694068
427,0,1.0,0.0,1.0,1.0,3.366715e-08,0.7844078654204859,0.01802980966758782,0.34587431296307847,0.0,20,0.8991771176861985,0.0066928509242848554,0.9890130573694068
428,0,1.0,0.0,1.0,1.0,1.2647777e-10,0.7844078762845901,0.01801830450308015,0.6404144534067807,0.0,20,0.9986498881325557,0.0066928509242848554,0.9890130573694068
429,0,1.0,0.0,1.0,1.0,3.7663553e-06,0.784407876200079,0.017973986745817308,0.5126103810318453,0.0,20,0.9908893220247884,0.0066928509242848554,0.9890130573694068
430,0,1.0,0.0,1.0,1.0,6.702986e-07,0.7844078761279235,0.017906348202369044,0.4445549648430801,0.0,20,0.9751158316265531,0.0066928509242848554,0.9890130573694068
431,0,1.0,0.0,1.0,1.0,0.0012266425,0.7844066968986375,0.017963575633693458,0.48332475847481854,0.0,20,0.9859345893808513,0.0066928509242848554,0.9890130573694068
432,0,1.0,0.0,1.0,1.0,3.520899e-08,0.7844078762851329,0.018023248911121514,0.18471289210818387,0.0,20,0.442923225159944,0.0066928509242848554,0.9890130573694068
433,0,1.0,0.0,1.0,1.0,1.7624769e-09,0.7844078760984787,0.01801369481349261,0.24920952299048274,0.0,20,0.6765896141235053,0.0066928509242848554,0.9890130573694068
434,0,1.0,0.0,1.0,1.0,6.0372024e-08,0.7844078762612346,0.017929483372039843,0.5070814186402733,0.0,20,0.9901093084240546,0.0066928509242848554,0.9890130573694068
435,0,1.0,0.0,1.0,1.0,4.926342e-07,0.7844078762836993,0.017981505318145248,0.31478732178626134,0.0,20,0.8483618066132046,0.0066928509242848554,0.9890130573694068
436,0,1.0,0.0,1.0,1.0,2.750166e-08,0.7844078591716646,0.01792288455309491,0.4038134970300177,0.0,20,0.955092460526799,0.0066928509242848554,0.9890130573694068
437,0,1.0,0.0,1.0,1.0,1.178323e-09,0.7844078762767801,0.01798348336910901,0.4999069183917117,0.0,20,0.9889978753139148,0.0066928509242848554,0.9890130573694068
438,0,1.0,0.0,1.0,1.0,3.8353946e-08,0.7844078762785365,0.01795762673848319,0.42529997073456244,0.0,20,0.9670576663748043,0.0066928509242848554,0.9890130573694068
439,0,0.0,0.0,1.0,1.0,0.8581341,0.7844078596222431,0.018022909033667735,0.570106665089364,0.0,20,0.99613376342423,0.0066928509242848554,0.9890130573694068
440,0,1.0,0.0,1.0,1.0,1.0521646e-06,0.7844078757480535,0.017995772247091656,0.4762730092036815,0.0,20,0.9843897650868968,0.0066928509242848554,0.9890130573694068
441,0,1.0,0.0,1.0,1.0,1.4536546e-05,0.7844078762853502,0.01798142911389625,0.4513244543100259,0.0,20,0.9774644269603865,0.0066928509242848554,0.9890130573694068
442,0,1.0,0.0,1.0,1.0,0.0010211392,0.7844078762854633,0.017978295416262127,0.1999639002887977,0.0,20,0.4998646260862992,0.0066928509242848554,0.9890130573694068
443,0,1.0,0.0,1.0,1.0,0.002570933,0.7844078390515047,0.01796867400868786,0.2883505538967724,0.0,20,0.7900552217345843,0.0066928509242848554,0.9890130573694068
444,0,1.0,0.0,1.0,1.0,7.220678e-06,0.7844078762853866,0.017965559190316407,0.2579277032450407,0.0,20,0.7045199961430081,0.0066928509242848554,0.9890130573694068
445,0,1.0,0.0,1.0,1.0,8.3323295e-09,0.7844078762442047,0.018005064366863832,0.24165059176823883,0.0,20,0.651300105526512,0.0066928509242848554,0.9890130573694068
446,0,1.0,0.0,1.0,1.0,0.0013815811,0.7844078762847022,0.017996572822034207,0.3287581699346405,0.0,20,0.8734012624751577,0.0066928509242848554,0.9890130573694068
447,0,1.0,0.0,1.0,1.0,2.9198101e-05,0.7844078762803476,0.01794954262629209,0.3922203359890299,0.0,20,0.9470149479110452,0.0066928509242848554,0.9890130573694068
448,0,1.0,0.0,1.0,1.0,1.2461134e-06,0.7844078762538653,0.018071183322451688,0.6197318775995246,0.0,20,0.9981596880274234,0.0066928509242848554,0.9890130573694068
449,0,1.0,0.0,1.0,1.0,4.0302943e-06,0.7843861767099316,0.017971765778152113,0.6457362190159083,0.0,20,0.9987533442571764,0.0066928509242848554,0.9890130573694068
450,0,1.0,0.0,1.0,1.0,3.2494904e-07,0.7844078762854386,0.017962883093875105,0.6028944414909327,0.0,20,0.9976321839489555,0.0066928509242848554,0.9890130573694068
451,0,1.0,0.0,1.0,1.0,1.2236092e-08,0.7844078762839294,0.01797332855541138,0.1967290740445531,0.0,20,0.48773648769561384,0.0066928509242848554,0.9890130573694068
452,0,1.0,0.0,1.0,1.0,2.855361e-07,0.7844078762779333,0.017998246723887588,0.5586948072555081,0.0,20,0.9954152395063577,0.0066928509242848554,0.9890130573694068
453,0,1.0,0.0,1.0,1.0,8.451463e-09,0.7844078762462304,0.017973397694049296,0.1935640525869838,0.0,20,0.4758839240816756,0.0066928509242848554,0.9890130573694068
454,0,1.0,0.0,1.0,1.0,2.5596855e-06,0.7844078492433018,0.01801771690703229,0.4273781134075252,0.0,20,0.968036392777939,0.0066928509242848554,0.9890130573694068
455,0,1.0,0.0,1.0,1.0,1.1274882e-07,0.7844078762854625,0.01798363248116904,0.47114223467164645,0.0,20,0.9831619643878564,0.0066928509242848554,0.9890130573694068
456,0,1.0,0.0,1.0,1.0,0.03429597,0.7844078761389935,0.0179521283828454,0.5159403601528839,0.0,20,0.991329370124154,0.0066928509242848554,0.9890130573694068
457,0,1.0,0.0,1.0,1.0,5.643183e-07,0.7844078762854542,0.017985837171392537,0.7074350573562758,0.0,20,0.9995055282091966,0.0066928509242848554,0.9890130573694068
458,0,1.0,0.0,1.0,1.0,5.270417e-05,0.784407876284862,0.017969582905991963,0.3512296585300787,0.0,20,0.9062297209704797,0.0066928509242848554,0.9890130573694068
459,0,1.0,0.0,1.0,1.0,0.019138407,0.7844078762854575,0.017992207017357414,0.36107385620915033,0.0,20,0.9180473888057287,0.0066928509242848554,0.9890130573694068
460,0,1.0,0.0,1.0,1.0,0.006852206,0.7844078762838896,0.01795094479597741,0.4178538971144013,0.0,20,0.9633077882733388,0.0066928509242848554,0.9890130573694068
461,0,1.0,0.0,1.0,1.0,9.807707e-08,0.7843963070692385,0.017959749377445152,0.5412626262626263,0.0,20,0.994053211393367,0.0066928509242848554,0.9890130573694068
462,0,1.0,0.0,1.0,1.0,2.1890705e-09,0.7844078581232732,0.018011930725431523,0.47932448341655504,0.0,20,0.9850777509830568,0.0066928509242848554,0.9890130573694068
463,0,1.0,0.0,1.0,1.0,0.0030424744,0.7844078762845822,0.017975014701905125,0.32347964943553176,0.0,20,0.8643845849091005,0.0066928509242848554,0.9890130573694068
464,1,0.0,0.65,1.0,0.0,0.013216721,0.7844078759172067,0.6476563745692583,0.2236959527400704,0.0,20,0.5879359684459258,0.0066928509242848554,0.9890130573694068
465,0,1.0,0.48333333333333334,1.0,1.0,2.5928233e-07,0.7844078762684811,0.4861974453270067,0.14918638719855756,0.0,20,0.3181679036801498,0.0066928509242848554,0.9890130573694068
466,0,1.0,0.0,1.0,1.0,1.2311333e-08,0.7844078762842713,0.017968423578212954,0.428663222045575,0.0,20,0.968627497648768,0.0066928509242848554,0.9890130573694068
467,0,1.0,0.0,1.0,1.0,4.886186e-12,0.7844078244565483,0.017946568532511288,0.6088386158582374,0.0,20,0.997833728645119,0.0066928509242848554,0.9890130573694068
468,0,1.0,0.0,1.0,1.0,2.7695861e-11,0.7844078762854642,0.01797178298947456,0.13071544595651824,0.0,20,0.26129119854018285,0.0066928509242848554,0.9890130573694068
469,0,1.0,0.0,1.0,1.0,5.8491037e-07,0.7844077031078844,0.017983103358217557,0.3937011660055295,0.0,20,0.948118513160531,0.0066928509242848554,0.9890130573694068
470,0,1.0,0.0,1.0,1.0,0.0025664724,0.7844078762770503,0.018006488422205317,0.4656142500859993,0.0,20,0.9817328301221817,0.0066928509242848554,0.9890130573694068
471,1,1.0,0.9833333333333333,1.0,1.0,0.53169036,0.784407870655355,0.9176098382285122,0.32474780201758385,0.0,20,0.866599035213197,0.0066928509242848554,0.9890130573694068
472,1,0.0,1.0,1.0,1.0,0.00539257,0.7844077111456915,0.9331685422541347,0.1619520457755752,0.0,20,0.36107086361824864,0.0066928509242848554,0.9890130573694068
473,1,1.0,1.0,1.0,1.0,1.0,0.7844075055555945,0.9330964326693058,0.5674781189012689,0.0,20,0.9959789048377098,0.0066928509242848554,0.9890130573694068
474,1,0.0,1.0,1.0,1.0,2.564342e-07,0.7844070340529695,0.9330568533835367,0.2288888888888889,0.0,20,0.6066693561082114,0.0066928509242848554,0.9890130573694068
475,1,1.0,1.0,1.0,1.0,1.0,0.7844063650832419,0.9330043882785192,0.5011884661679463,0.0,20,0.9892050904063323,0.0066928509242848554,0.9890130573694068
476,1,1.0,1.0,1.0,1.0,0.9999987,0.7844078707884143,0.9331031996475581,0.6888918154326407,0.0,20,0.9993470633070773,0.0066928509242848554,0.9890130573694068
477,1,1.0,1.0,1.0,1.0,0.9999995,0.784407876092184,0.933090040223367,0.535099166103223,0.0,20,0.9934809581874994,0.0066928509242848554,0.9890130573694068
478,1,1.0,1.0,1.0,1.0,0.9999347,0.7844077310062846,0.9328945874258499,0.2594496396849338,0.0,20,0.7092500645417781,0.0066928509242848554,0.9890130573694068
479,1,1.0,1.0,1.0,1.0,0.9999858,0.784407875670345,0.9329998319368259,0.4789319983312474,0.0,20,0.9849909629233712,0.0066928509242848554,0.9890130573694068
480,1,1.0,1.0,1.0,1.0,0.99999964,0.7844074408135807,0.933124058224204,0.3910316180157126,0.0,20,0.9461130774658914,0.0066928509242848554,0.9890130573694068
481,1,1.0,1.0,1.0,1.0,0.9999968,0.784407800593326,0.9330457053779415,0.5145028718558131,0.0,20,0.9911420550445943,0.0066928509242848554,0.9890130573694068
482,1,1.0,1.0,1.0,1.0,1.0,0.7844078568225541,0.9330427395408738,0.49907906150223974,0.0,20,0.9888619319413021,0.0066928509242848554,0.9890130573694068
483,1,0.0,1.0,1.0,1.0,0.30983335,0.784406430828614,0.9331614296468672,0.3201515783618412,0.0,20,0.8584254827934278,0.0066928509242848554,0.9890130573694068
484,1,1.0,1.0,1.0,1.0,0.9999875,0.7844078698819614,0.9328110202448008,0.5148972088835534,0.0,20,0.9911938355854633,0.0066928509242848554,0.9890130573694068
485,1,1.0,1.0,1.0,1.0,0.99999976,0.7844078025365999,0.9331012165622815,0.4483930461073318,0.0,20,0.9764752349689079,0.0066928509242848554,0.9890130573694068
486,1,1.0,1.0,1.0,1.0,1.0,0.784407876281983,0.933304786252529,0.6026647786817706,0.0,20,0.9976240323075057,0.0066928509242848554,0.9890130573694068
487,1,0.0,1.0,1.0,1.0,0.013964808,0.7844078766208844,0.9328815288718039,0.12129032258064516,0.0,20,0.2349362143485586,0.0066928509242848554,0.9890130573694068
488,1,0.0,1.0,1.0,1.0,2.2586484e-05,0.7844103759890179,0.933093172443917,0.13334797971476173,0.0,20,0.26898461836312665,0.0066928509242848554,0.9890130573694068
489,1,0.0,1.0,1.0,1.0,0.49973407,0.7844078766042091,0.9329567089805882,0.2020866816672024,0.0,20,0.5078244174612931,0.0066928509242848554,0.9890130573694068
490,1,1.0,1.0,1.0,1.0,0.78525066,0.7844078718418519,0.9330184708319347,0.16131462059414636,0.0,20,0.35886800920729833,0.0066928509242848554,0.9890130573694068
491,1,1.0,1.0,1.0,1.0,0.9935137,0.7844085355268514,0.9329946209737081,0.5497763480392157,0.0,20,0.9947624244046811,0.0066928509242848554,0.9890130573694068
492,1,1.0,1.0,1.0,1.0,0.99994516,0.7844078742434653,0.9331408298623031,0.7610020752487041,0.0,20,0.9997785364665988,0.0066928509242848554,0.9890130573694068
493,1,0.0,1.0,1.0,1.0,7.9027046e-08,0.784407856426492,0.9330656998126974,0.18475164713772835,0.0,20,0.4430666674583931,0.0066928509242848554,0.9890130573694068
494,1,0.0,1.0,1.0,1.0,0.00044535464,0.7844080953862336,0.9329379285824033,0.18363059791817962,0.0,20,0.4389213058434198,0.0066928509242848554,0.9890130573694068
495,1,0.0,1.0,1.0,1.0,0.00037261457,0.7844078760600903,0.9330732763002385,0.2683406581023214,0.0,20,0.7359667446838472,0.0066928509242848554,0.9890130573694068
496,1,1.0,1.0,1.0,1.0,0.9999814,0.7844078681919998,0.9332264943797175,0.49472031236737124,0.0,20,0.9881183194825474,0.0066928509242848554,0.9890130573694068
497,1,1.0,1.0,1.0,1.0,0.81102073,0.7844078747399855,0.933133279071862,0.12523128821421042,0.0,20,0.24572746911947466,0.0066928509242848554,0.9890130573694068
498,1,1.0,1.0,1.0,1.0,0.9828106,0.7844059767240243,0.9330574889921357,0.5071389415981447,0.0,20,0.9901177545708555,0.0066928509242848554,0.9890130573694068
499,1,0.0,1.0,1.0,0.0,0.047112904,0.7844078758701577,0.933017593701752,0.5172692866320318,0.0,20,0.9914990435235844,0.0066928509242848554,0.9890130573694068
500,1,0.0,1.0,1.0,1.0,0.42397347,0.7844076793079461,0.9330174456982888,0.1973376361436063,0.0,20,0.4900174622164665,0.0066928509242848554,0.9890130573694068
501,1,1.0,1.0,1.0,1.0,1.0,0.7844077720349419,0.933090028198834,0.5592889339643903,0.0,20,0.9954557320615652,0.0066928509242848554,0.9890130573694068
502,1,1.0,1.0,1.0,1.0,0.96918136,0.7844078250291435,0.9331613032118656,0.31937571537070913,0.0,20,0.8570052012580324,0.0066928509242848554,0.9890130573694068
503,1,1.0,1.0,1.0,1.0,0.9991947,0.7843609474952462,0.9330465551227577,0.23346461091559131,0.0,20,0.622921980275407,0.0066928509242848554,0.9890130573694068
504,1,0.0,1.0,1.0,1.0,2.4892836e-07,0.7844069188271455,0.9330283580757794,0.24149529730591424,0.0,20,0.6507708893793512,0.0066928509242848554,0.9890130573694068
505,1,1.0,1.0,1.0,1.0,0.9999876,0.7844072300142463,0.9330725808992985,0.3244119153037559,0.0,20,0.8660155051506135,0.0066928509242848554,0.9890130573694068
506,1,1.0,1.0,1.0,1.0,0.7352463,0.7843958505780343,0.932961030357733,0.31769203738843205,0.0,20,0.8538822575624151,0.0066928509242848554,0.9890130573694068
507,1,1.0,1.0,1.0,1.0,0.6818862,0.7844078750957519,0.9331131816334991,0.5307128742970055,0.0,20,0.9930407024804291,0.0066928509242848554,0.9890130573694068
508,1,1.0,1.0,1.0,1.0,0.9999864,0.7844078552982955,0.9331146931156372,0.5311827563269317,0.0,20,0.9930892429721802,0.0066928509242848554,0.9890130573694068
509,1,1.0,1.0,1.0,1.0,0.9997974,0.7844076070529501,0.9328877542130516,0.4306907434212087,0.0,20,0.969538634596081,0.0066928509242848554,0.9890130573694068
510,1,0.0,1.0,1.0,1.0,0.0009403134,0.7844075825969185,0.9330304096343558,0.2230604260935143,0.0,20,0.5856245387723452,0.0066928509242848554,0.9890130573694068
511,1,1.0,1.0,1.0,1.0,0.9999695,0.7844078742726406,0.9332144863854411,0.571045447164373,0.0,20,0.9961876190891072,0.0066928509242848554,0.9890130573694068
512,1,0.0,1.0,1.0,1.0,5.778028e-08,0.7844078732048971,0.9330828529747545,0.23269184216896635,0.0,20,0.6201953888820052,0.0066928509242848554,0.9890130573694068
513,1,0.0,1.0,1.0,1.0,7.5269863e-13,0.7844076433737516,0.9331139807694037,0.11335710041592395,0.0,20,0.21422502248769662,0.0066928509242848554,0.9890130573694068
514,1,0.0,1.0,1.0,1.0,0.0642228,0.7844078290411441,0.933057091759791,0.3344379905080781,0.0,20,0.8825258590029105,0.0066928509242848554,0.9890130573694068
515,1,1.0,1.0,1.0,1.0,0.8913092,0.7844078756512884,0.9329650244469977,0.2664831644638493,0.0,20,0.73051705372128,0.0066928509242848554,0.9890130573694068
516,1,0.0,1.0,1.0,1.0,0.46045053,0.7844078166229129,0.933074807477056,0.40149119707943237,0.0,20,0.9535744680479816,0.0066928509242848554,0.9890130573694068
517,1,0.0,1.0,1.0,1.0,0.0008500107,0.7844078308536531,0.9329953536133583,0.20722074636306137,0.0,20,0.5270513583634326,0.0066928509242848554,0.9890130573694068
518,1,1.0,1.0,1.0,1.0,0.99995625,0.7844078750125641,0.9330515682438463,0.43690868884556117,0.0,20,0.9721757952934216,0.0066928509242848554,0.9890130573694068
519,1,1.0,1.0,1.0,1.0,0.99505687,0.7844078741644912,0.9330399098599768,0.5020355996134543,0.0,20,0.98933994050567,0.0066928509242848554,0.9890130573694068
520,1,1.0,1.0,1.0,1.0,0.9999634,0.7844078758151997,0.9329620612390214,0.4319323904425158,0.0,20,0.970083902642435,0.0066928509242848554,0.9890130573694068
521,1,0.0,1.0,1.0,1.0,0.19777374,0.7844078762834747,0.932916465742402,0.3142156862745098,0.0,20,0.8472554460238919,0.0066928509242848554,0.9890130573694068
522,1,1.0,1.0,1.0,1.0,1.0,0.784662461693737,0.9329844992097804,0.5648932339820459,0.0,20,0.9958205961893974,0.0066928509242848554,0.9890130573694068
523,1,1.0,1.0,1.0,1.0,0.9988391,0.7844078764542345,0.9328814834712861,0.3992725891526201,0.0,20,0.9520787556547262,0.0066928509242848554,0.9890130573694068
524,1,1.0,1.0,1.0,1.0,0.993291,0.7844078779107366,0.932985603061247,0.6638861194195192,0.0,20,0.9990501837934351,0.0066928509242848554,0.9890130573694068
525,1,1.0,1.0,1.0,1.0,0.99892765,0.7844078900110184,0.9329617423992471,0.2871748157257483,0.0,20,0.7871149978928401,0.0066928509242848554,0.9890130573694068
526,1,1.0,1.0,1.0,1.0,0.95157903,0.7844078817130883,0.9330673667992512,0.3325658594087125,0.0,20,0.8795830718670826,0.0066928509242848554,0.9890130573694068
527,1,1.0,1.0,1.0,1.0,0.9725271,0.7844078765301076,0.9330151878236921,0.12371663504111322,0.0,20,0.2415408237536048,0.0066928509242848554,0.9890130573694068
528,1,0.0,1.0,1.0,1.0,0.24907827,0.7844078922445107,0.9331228410228476,0.3092346880272577,0.0,20,0.8373334966001141,0.0066928509242848554,0.9890130573694068
529,1,1.0,1.0,1.0,1.0,0.95886695,0.7844079893448674,0.9330619569927474,0.3261501907984736,0.0,20,0.8690121871119557,0.0066928509242848554,0.9890130573694068
530,1,0.0,1.0,1.0,1.0,0.00026266748,0.7844079151856029,0.9330717140510578,0.21891714104996837,0.0,20,0.5704670892211992,0.0066928509242848554,0.9890130573694068
531,1,1.0,1.0,1.0,1.0,0.9999585,0.7844078761112081,0.9330666983292842,0.28787340644318726,0.0,20,0.7888656050034598,0.0066928509242848554,0.9890130573694068
532,1,1.0,1.0,1.0,1.0,0.9998728,0.7844048367228846,0.9330770821119037,0.42002063983488136,0.0,20,0.9644394302157526,0.0066928509242848554,0.9890130573694068
533,1,0.0,1.0,1.0,1.0,2.3596833e-09,0.7844078754404422,0.9330798828570265,0.09847115657857346,0.0,20,0.17903007747171248,0.0066928509242848554,0.9890130573694068
534,1,1.0,1.0,1.0,1.0,0.9999523,0.7844070195824238,0.9327848624962798,0.6269475357710651,0.0,20,0.9983481612887535,0.0066928509242848554,0.9890130573694068
535,1,0.0,1.0,1.0,1.0,0.043213952,0.7844075020209256,0.9330249386703068,0.1873181216931217,0.0,20,0.45258585055444994,0.0066928509242848554,0.9890130573694068
536,1,1.0,1.0,1.0,1.0,0.9999907,0.7844078721985948,0.933073407588003,0.4000647960333559,0.0,20,0.9526180165382464,0.0066928509242848554,0.9890130573694068
537,1,1.0,1.0,1.0,1.0,0.99685353,0.7844078105289677,0.9328846184815269,0.18099829933739967,0.0,20,0.42922213840165785,0.0066928509242848554,0.9890130573694068
538,1,1.0,1.0,1.0,1.0,0.9072515,0.7844072020793068,0.933189345061446,0.2279404342312309,0.0,20,0.6032694266291623,0.0066928509242848554,0.9890130573694068
539,1,1.0,1.0,1.0,1.0,0.9999502,0.7844078583128941,0.9330063531112172,0.3530321769733535,0.0,20,0.9085022227324151,0.0066928509242848554,0.9890130573694068
540,1,0.0,1.0,1.0,1.0,0.010392482,0.7843766976625447,0.9329809563717331,0.3119246126355234,0.0,20,0.842754735101122,0.0066928509242848554,0.9890130573694068
541,1,1.0,1.0,1.0,1.0,0.9628458,0.7844057159083345,0.933003222442212,0.4033117103418395,0.0,20,0.9547685215573302,0.0066928509242848554,0.9890130573694068
542,1,1.0,1.0,1.0,1.0,0.9999924,0.784327292229645,0.9331638612985926,0.31362314434817856,0.0,20,0.8461016472277283,0.0066928509242848554,0.9890130573694068
543,1,0.0,1.0,1.0,1.0,0.057448905,0.7843722003684412,0.9330353165410329,0.3024812973213386,0.0,20,0.823060152891354,0.0066928509242848554,0.9890130573694068
544,1,0.0,1.0,1.0,1.0,5.4791105e-08,0.7844064579496081,0.9331413059667396,0.08402446420921819,0.0,20,0.1493595516669548,0.0066928509242848554,0.9890130573694068
545,1,1.0,1.0,1.0,1.0,0.99996495,0.7843984099139275,0.933103606071203,0.40850381706431443,0.0,20,0.9580152506697136,0.0066928509242848554,0.9890130573694068
546,1,1.0,1.0,1.0,1.0,1.0,0.7844078673520047,0.9328620489411747,0.4282944876063633,0.0,20,0.9684589832745234,0.0066928509242848554,0.9890130573694068
547,1,1.0,1.0,1.0,1.0,0.99999905,0.7844077260807694,0.9330911088936111,0.5480499723400332,0.0,20,0.9946257611116398,0.0066928509242848554,0.9890130573694068
548,1,1.0,1.0,1.0,1.0,0.6876603,0.7844078441963526,0.933187781897899,0.31911369198842326,0.0,20,0.8565228712783045,0.0066928509242848554,0.9890130573694068
549,1,1.0,1.0,1.0,1.0,0.5983741,0.7844077945331638,0.9330369403238497,0.3290230253321372,0.0,20,0.873839893074812,0.0066928509242848554,0.9890130573694068
550,1,1.0,1.0,1.0,1.0,0.7137724,0.7844078737786012,0.9330011283997889,0.5312884430257891,0.0,20,0.9931001143865579,0.0066928509242848554,0.9890130573694068
551,1,1.0,1.0,1.0,1.0,1.0,0.7844078738005804,0.9329691720529837,0.6246040157804863,0.0,20,0.9982891629732262,0.0066928509242848554,0.9890130573694068
552,1,1.0,1.0,1.0,1.0,0.9936626,0.7844078729771677,0.9330713471321109,0.3089719291972108,0.0,20,0.8367959422052077,0.0066928509242848554,0.9890130573694068
553,1,1.0,1.0,1.0,1.0,0.9999337,0.7844078110899383,0.9329891011024251,0.296291977205166,0.0,20,0.8091319505150422,0.0066928509242848554,0.9890130573694068
554,1,1.0,1.0,1.0,1.0,0.9977448,0.7844078754862286,0.9330132404271002,0.5252621806298277,0.0,20,0.9924522748279733,0.0066928509242848554,0.9890130573694068
555,1,1.0,1.0,1.0,1.0,0.93419063,0.7844079859371338,0.9330537678566742,0.43618206054351566,0.0,20,0.9718794434354229,0.0066928509242848554,0.9890130573694068
556,1,1.0,1.0,1.0,1.0,0.99813807,0.7844072504385656,0.932961544529146,0.3051054235796883,0.0,20,0.8287198092605141,0.0066928509242848554,0.9890130573694068
557,1,1.0,1.0,1.0,1.0,0.99794775,0.7844045891382081,0.9328825473519496,0.319109349166023,0.0,20,0.8565148656567555,0.0066928509242848554,0.9890130573694068
558,1,0.0,1.0,1.0,1.0,0.0027803339,0.7844078471369872,0.9330105169473627,0.12080332132853142,0.0,20,0.2336257448674531,0.0066928509242848554,0.9890130573694068
559,1,1.0,1.0,1.0,1.0,0.9999999,0.7844049216038763,0.9330513175079527,0.5495439691027926,0.0,20,0.994744232135258,0.0066928509242848554,0.9890130573694068
560,1,1.0,1.0,1.0,1.0,0.92418617,0.7844077003714666,0.9329387109939049,0.3325063358676804,0.0,20,0.8794884717642303,0.0066928509242848554,0.9890130573694068
561,1,1.0,1.0,1.0,1.0,0.9983203,0.7844078745504113,0.9329912797359319,0.27689853719265484,0.0,20,0.7601456249036018,0.0066928509242848554,0.9890130573694068
562,1,1.0,1.0,1.0,1.0,0.95842916,0.7844078763201724,0.9329854727794141,0.6524903550218908,0.0,20,0.9988733229447494,0.0066928509242848554,0.9890130573694068
563,1,1.0,1.0,1.0,1.0,0.9943592,0.7844078768714688,0.9329445823139064,0.4270557626172599,0.0,20,0.967886441360094,0.0066928509242848554,0.9890130573694068
564,1,1.0,1.0,1.0,1.0,1.0,0.7844078762841115,0.9330449671089867,0.6067993576741041,0.0,20,0.9977665912465945,0.0066928509242848554,0.9890130573694068
565,1,0.0,1.0,1.0,1.0,0.00059092493,0.7844078762855998,0.9330292413285726,0.20050430778371953,0.0,20,0.5018911451708062,0.0066928509242848554,0.9890130573694068
566,1,0.0,1.0,1.0,0.0,0.0036621909,0.7844078764757894,0.9332454432661131,0.6662364292122077,0.0,20,0.9990830556762111,0.0066928509242848554,0.9890130573694068
567,1,0.0,1.0,1.0,1.0,0.00034872294,0.7844078766692664,0.933012964946981,0.2696461441719545,0.0,20,0.7397543468444936,0.0066928509242848554,0.9890130573694068
568,1,1.0,1.0,1.0,1.0,1.0,0.7844078762871584,0.9330264066813538,0.5567671486102859,0.0,20,0.9952813711801033,0.0066928509242848554,0.9890130573694068
569,1,0.0,1.0,1.0,1.0,5.0145064e-07,0.7844078762866755,0.933193372841087,0.1307997936016512,0.0,20,0.26153548162875734,0.0066928509242848554,0.9890130573694068
570,1,0.0,1.0,1.0,1.0,2.9686516e-08,0.7844078774845856,0.93312491750795,0.08232361320596614,0.0,20,0.14614703511831303,0.0066928509242848554,0.9890130573694068
571,1,1.0,1.0,1.0,1.0,0.99798286,0.7844078763315808,0.9329296775812937,0.2922452348589859,0.0,20,0.7995811374181994,0.0066928509242848554,0.9890130573694068
572,1,1.0,1.0,1.0,1.0,0.99998116,0.7844078762854915,0.9330420555839493,0.3452380349989458,0.0,20,0.8983085634778063,0.0066928509242848554,0.9890130573694068
573,1,0.0,1.0,1.0,1.0,2.7537176e-06,0.784407876291682,0.9330175792038314,0.19223541980894923,0.0,20,0.4709156941370779,0.0066928509242848554,0.9890130573694068
574,1,1.0,1.0,1.0,1.0,0.999998,0.7844078763665322,0.9329084420605561,0.4043532936050237,0.0,20,0.9554384686728948,0.0066928509242848554,0.9890130573694068
575,1,1.0,1.0,1.0,1.0,0.9996592,0.7844078762996678,0.9329530391512323,0.5550902512840229,0.0,20,0.9951617575477293,0.0066928509242848554,0.9890130573694068
576,1,1.0,1.0,1.0,1.0,0.99992716,0.7844078763676492,0.9330915658799113,0.3651619132501485,0.0,20,0.9225442615803225,0.0066928509242848554,0.9890130573694068
577,1,1.0,1.0,1.0,1.0,0.99999785,0.7844078789438623,0.9331344585915795,0.4814588898622512,0.0,20,0.9855411378960709,0.0066928509242848554,0.9890130573694068
578,1,0.0,1.0,1.0,1.0,9.103009e-06,0.7844078774985849,0.9328832372343514,0.19369647924062552,0.0,20,0.4763793923443454,0.0066928509242848554,0.9890130573694068
579,1,1.0,1.0,1.0,1.0,1.0,0.7844078762871034,0.9329767200381852,0.501544225484034,0.0,20,0.9892619258922879,0.0066928509242848554,0.9890130573694068
580,1,0.0,1.0,1.0,1.0,1.4725991e-06,0.7844078762854728,0.9329909552606097,0.11665333245895906,0.0,20,0.22266551751787286,0.0066928509242848554,0.9890130573694068
581,1,1.0,1.0,1.0,1.0,0.99999964,0.7844078762983223,0.9330784808806687,0.6085436087003107,0.0,20,0.9978241423249137,0.0066928509242848554,0.9890130573694068
582,1,1.0,1.0,1.0,1.0,0.77423424,0.784407876285465,0.9331327895674345,0.34427835606121737,0.0,20,0.8969859988805686,0.0066928509242848554,0.9890130573694068
583,1,0.0,1.0,1.0,1.0,1.39480125e-08,0.7844078762854675,0.9329202894859885,0.13505731523378584,0.0,20,0.2740560279131549,0.0066928509242848554,0.9890130573694068
584,1,0.0,1.0,1.0,1.0,0.00015724484,0.7844078842795497,0.9330012907095147,0.2514450741536925,0.0,20,0.68388335890719,0.0066928509242848554,0.9890130573694068
585,0,1.0,0.2,1.0,1.0,1.861044e-07,0.7844078762938748,0.2010676115143797,0.475968992248062,0.0,20,0.9843195346725706,0.0066928509242848554,0.9890130573694068
586,0,1.0,0.0,1.0,1.0,8.996813e-08,0.7844076957072154,0.01794239547828424,0.5172350815421604,0.0,20,0.9914947178712565,0.0066928509242848554,0.9890130573694068
587,0,1.0,0.0,1.0,1.0,4.9510755e-09,0.7844078762840547,0.01796168669963781,0.7834301121734276,0.0,20,0.9998417935767772,0.0066928509242848554,0.9890130573694068
588,0,1.0,0.0,1.0,1.0,1.8134037e-05,0.7844078762822221,0.017987589675304685,0.4699957489770976,0.0,20,0.9828748934294315,0.0066928509242848554,0.9890130573694068
589,0,1.0,0.0,1.0,1.0,0.0005490998,0.7844078762854626,0.017949577617789956,0.46035871713026294,0.0,20,0.9802640621609445,0.0066928509242848554,0.9890130573694068
590,0,1.0,0.0,1.0,1.0,3.9339497e-08,0.7844078762779749,0.01801227144392376,0.4069579952217065,0.0,20,0.9570726408535233,0.0066928509242848554,0.9890130573694068
591,0,0.0,0.0,1.0,1.0,0.7830633,0.7844078762838629,0.01794852368098567,0.3480613788068419,0.0,20,0.9021125271147566,0.0066928509242848554,0.9890130573694068
592,0,1.0,0.0,1.0,1.0,3.146922e-06,0.7844078762854585,0.0179960340897817,0.30743476718852913,0.0,20,0.8336225206280832,0.0066928509242848554,0.9890130573694068
593,0,1.0,0.0,1.0,1.0,9.27225e-05,0.7844078732087497,0.018007516008789602,0.4785632843224962,0.0,20,0.9849089784981425,0.0066928509242848554,0.9890130573694068
594,0,1.0,0.0,1.0,1.0,1.2195176e-05,0.7844078762853358,0.018000315889786334,0.33274444444444445,0.0,20,0.879866510534276,0.0066928509242848554,0.9890130573694068
595,0,1.0,0.0,1.0,1.0,6.64076e-05,0.784407876285448,0.017999392168923243,0.43664620502855794,0.0,20,0.9720690941846686,0.0066928509242848554,0.9890130573694068
596,0,1.0,0.0,1.0,1.0,2.8450344e-07,0.784407876139168,0.017935611634502694,0.4582812998372771,0.0,20,0.9796520940473986,0.0066928509242848554,0.9890130573694068
597,0,1.0,0.0,1.0,1.0,0.11791156,0.7844078761887985,0.018030857769869978,0.33784043531942687,0.0,20,0.8877146078986662,0.0066928509242848554,0.9890130573694068
598,0,1.0,0.0,1.0,1.0,0.0030996688,0.7844078762665627,0.017909998358750782,0.4173471850861557,0.0,20,0.9630381873444068,0.0066928509242848554,0.9890130573694068
599,0,1.0,0.0,1.0,1.0,1.931623e-07,0.7844078760405121,0.01797613204555676,0.7732978751554603,0.0,20,0.9998158301842164,0.0066928509242848554,0.9890130573694068
600,0,1.0,0.0,1.0,1.0,0.011252506,0.7844078490196068,0.01800466469052777,0.41030149694286316,0.0,20,0.9590865497220287,0.0066928509242848554,0.9890130573694068
601,0,1.0,0.0,1.0,1.0,0.1594614,0.7844078762018485,0.017963149267416687,0.3451852375565611,0.0,20,0.8982361947295029,0.0066928509242848554,0.9890130573694068
602,0,1.0,0.0,1.0,1.0,1.5882428e-05,0.7844078762851407,0.017972982010444522,0.7078788775095205,0.0,20,0.999508807512686,0.0066928509242848554,0.9890130573694068
603,0,1.0,0.0,1.0,1.0,4.602434e-10,0.7844078762853428,0.017992187800673035,0.19231389525507173,0.0,20,0.47120899133552296,0.0066928509242848554,0.9890130573694068
604,0,1.0,0.0,1.0,1.0,1.1622806e-05,0.7844078762854646,0.01798334546467629,0.469838165762759,0.0,20,0.9828350617589572,0.0066928509242848554,0.9890130573694068
605,0,1.0,0.0,1.0,1.0,3.640191e-11,0.7844069300412382,0.018021718062845086,0.25503874064245585,0.0,20,0.6954197688028259,0.0066928509242848554,0.9890130573694068
606,1,1.0,0.7833333333333333,1.0,1.0,0.788981,0.7844078752964365,0.7847524687448522,0.23977468180254558,0.0,20,0.6448826873310547,0.0066928509242848554,0.9890130573694068
607,1,1.0,1.0,1.0,1.0,0.999954,0.7844078762191695,0.9968343911986874,0.4956806845545236,0.0,20,0.988286264485342,0.0066928509242848554,0.9890130573694068
608,1,0.0,1.0,1.0,1.0,3.5367513e-05,0.7844078762224539,0.9968234678323331,0.2819583455272657,0.0,20,0.7737091979558083,0.0066928509242848554,0.9890130573694068
609,1,0.0,1.0,1.0,1.0,1.964772e-09,0.7844078627951455,0.9968402396243061,0.10179877624808789,0.0,20,0.18648427212873778,0.0066928509242848554,0.9890130573694068
610,1,0.0,1.0,1.0,1.0,0.0030100127,0.7844078551203532,0.9968328470184485,0.22703415957578,0.0,20,0.6000113484731846,0.0066928509242848554,0.9890130573694068
611,1,0.0,1.0,1.0,1.0,0.22459829,0.7844078707521699,0.9968382997021394,0.24664839412467496,0.0,20,0.6681270005002674,0.0066928509242848554,0.9890130573694068
612,1,0.0,1.0,1.0,1.0,1.839648e-06,0.7844078759161833,0.9968308200576886,0.23242379155817702,0.0,20,0.6192478300672201,0.0066928509242848554,0.9890130573694068
613,0,1.0,0.0,1.0,1.0,0.0005932166,0.7844078762080676,0.01796304938212543,0.39654315218308445,0.0,20,0.9501758507699062,0.0066928509242848554,0.9890130573694068
614,0,1.0,0.0,1.0,1.0,6.1543505e-12,0.7844078762854606,0.01794983100141764,0.1599938725490196,0.0,20,0.35432266609245067,0.0066928509242848554,0.9890130573694068
615,0,1.0,0.0,1.0,1.0,9.310468e-09,0.7844078762822296,0.018040283230813317,0.2945046439628483,0.0,20,0.8049571329289498,0.0066928509242848554,0.9890130573694068
616,0,1.0,0.0,1.0,1.0,7.0919824e-12,0.7844078762854555,0.01799974417972066,0.3837247256035667,0.0,20,0.9402440602409254,0.0066928509242848554,0.9890130573694068
617,0,1.0,0.0,1.0,1.0,0.072233856,0.7844078762853877,0.01793466017401706,0.4020902300314065,0.0,20,0.953970640392322,0.0066928509242848554,0.9890130573694068
618,0,1.0,0.0,1.0,1.0,4.1967814e-05,0.7844078762854368,0.017976246645719292,0.4306781045751634,0.0,20,0.9695330350628218,0.0066928509242848554,0.9890130573694068
619,0,1.0,0.0,1.0,1.0,1.7733513e-06,0.7844078762836537,0.01794731308437141,0.7680436055019022,0.0,20,0.9998007306979951,0.0066928509242848554,0.9890130573694068
620,1,0.0,0.9166666666666666,1.0,1.0,0.03943917,0.7844078635111441,0.8899328939329688,0.1945592917911257,0.0,20,0.4796086606532005,0.0066928509242848554,0.9890130573694068
621,1,1.0,1.0,1.0,1.0,0.9999982,0.7844078714419359,0.9690772254915455,0.7031135750913993,0.0,20,0.9994724312315352,0.0066928509242848554,0.9890130573694068
622,1,1.0,1.0,1.0,1.0,0.99996984,0.7844077254433025,0.9690675089840626,0.4947891583533998,0.0,20,0.9881304376738678,0.0066928509242848554,0.9890130573694068
623,1,0.0,1.0,1.0,1.0,0.34276304,0.7844076617570024,0.9690812706491551,0.2423326797385621,0.0,20,0.6536201112865586,0.0066928509242848554,0.9890130573694068
624,1,1.0,1.0,1.0,1.0,0.9997092,0.7844078721447171,0.9691565467366144,0.48299396681749623,0.0,20,0.9858656140417291,0.0066928509242848554,0.9890130573694068
625,1,1.0,1.0,1.0,1.0,0.895695,0.7844078762983566,0.969085154361871,0.33867926255469505,0.0,20,0.8889626843886351,0.0066928509242848554,0.9890130573694068
626,1,1.0,1.0,1.0,1.0,1.0,0.7844078762853522,0.9691092375836389,0.27461340564594633,0.0,20,0.7538404957937418,0.0066928509242848554,0.9890130573694068
627,1,1.0,1.0,1.0,1.0,0.99999976,0.7844078781337064,0.9690157859479775,0.4043399629863893,0.0,20,0.9554299544709987,0.0066928509242848554,0.9890130573694068
628,1,1.0,1.0,1.0,1.0,0.9999006,0.7844078764890826,0.9690740618123398,0.46143194440059077,0.0,20,0.980573112818794,0.0066928509242848554,0.9890130573694068
629,1,0.0,1.0,1.0,1.0,0.27343827,0.7844078773805058,0.9690902136623016,0.16024675194225366,0.0,20,0.3551909439072671,0.0066928509242848554,0.9890130573694068
630,1,0.0,1.0,1.0,1.0,0.0022234293,0.7844079449610208,0.9690899227783399,0.19783330301328544,0.0,20,0.4918756014235786,0.0066928509242848554,0.9890130573694068
631,1,0.0,1.0,1.0,1.0,6.614481e-05,0.784407900944539,0.9691329274697901,0.11338186110564628,0.0,20,0.21428754961588706,0.0066928509242848554,0.9890130573694068
632,1,1.0,1.0,1.0,1.0,0.9441693,0.784407876286665,0.9690148120051716,0.23844097580552687,0.0,20,0.6402880629297207,0.0066928509242848554,0.9890130573694068
633,1,1.0,1.0,1.0,1.0,0.8510295,0.784407876287699,0.9691618042062179,0.3244061085972851,0.0,20,0.8660053983153194,0.0066928509242848554,0.9890130573694068
634,1,0.0,1.0,1.0,1.0,2.547203e-06,0.7844078762854789,0.9690626838351399,0.09202537315589464,0.0,20,0.16525736590336612,0.0066928509242848554,0.9890130573694068
635,1,0.0,1.0,1.0,1.0,0.0013208631,0.7844078762854652,0.9691441761084879,0.2790051887636429,0.0,20,0.7658595827424753,0.0066928509242848554,0.9890130573694068
636,1,1.0,1.0,1.0,1.0,1.0,0.7844078762854648,0.9690481790435262,0.4598903726593827,0.0,20,0.9801276907063264,0.0066928509242848554,0.9890130573694068
637,1,1.0,1.0,1.0,1.0,1.0,0.7844078763191795,0.9690464843640013,0.39830065359477124,0.0,20,0.9514091890243861,0.0066928509242848554,0.9890130573694068
638,1,1.0,1.0,1.0,1.0,0.9999901,0.7844078762854648,0.9690814523861876,0.49781895664248604,0.0,20,0.9886518145162334,0.0066928509242848554,0.9890130573694068
639,1,1.0,1.0,1.0,1.0,0.9995859,0.7844078792498369,0.9691158083743239,0.548927816224529,0.0,20,0.9946956904738785,0.0066928509242848554,0.9890130573694068
640,1,0.0,1.0,1.0,1.0,0.021682918,0.7844078762854652,0.9690654873000146,0.24098444220993243,0.0,20,0.6490273672616016,0.0066928509242848554,0.9890130573694068
641,1,1.0,1.0,1.0,1.0,0.9822129,0.7844078762854679,0.969123076366916,0.29225145395848967,0.0,20,0.7995960862673899,0.0066928509242848554,0.9890130573694068
642,1,1.0,1.0,1.0,1.0,0.99469155,0.7844078762862401,0.9690807728455347,0.42242628574808505,0.0,20,0.9656564627747083,0.0066928509242848554,0.9890130573694068
643,1,0.0,1.0,1.0,1.0,0.37945932,0.7844078762869839,0.9691355559385424,0.2786415284062343,0.0,20,0.764879998098564,0.0066928509242848554,0.9890130573694068
644,1,1.0,1.0,1.0,1.0,0.9999931,0.7844078762854788,0.9690678328294832,0.6763772175536882,0.0,20,0.9992123417317796,0.0066928509242848554,0.9890130573694068
645,1,1.0,1.0,1.0,1.0,1.0,0.7844078762860285,0.9690707045197318,0.5927151416122004,0.0,20,0.9972426584616736,0.0066928509242848554,0.9890130573694068
646,0,1.0,0.31666666666666665,1.0,1.0,2.6408857e-09,0.7844078783247302,0.31913605156895497,0.3009796494355318,0.0,20,0.8197559253890854,0.0066928509242848554,0.9890130573694068
647,0,1.0,0.0,1.0,1.0,7.755509e-10,0.7844078631444653,0.01797117802685211,0.1964634835441733,0.0,20,0.48674117241000164,0.0066928509242848554,0.9890130573694068
648,0,1.0,0.0,1.0,1.0,3.7501047e-10,0.7844078762830151,0.01805388125423207,0.4442340278941586,0.0,20,0.9749987512940068,0.0066928509242848554,0.9890130573694068
649,0,1.0,0.0,1.0,1.0,0.01066935,0.784407876270295,0.017969743354283765,0.3043538324420677,0.0,20,0.8271136240929899,0.0066928509242848554,0.9890130573694068
650,0,1.0,0.0,1.0,1.0,0.00063981273,0.7844078762836915,0.017981898525699584,0.6816993464052288,0.0,20,0.999272733612301,0.0066928509242848554,0.9890130573694068
651,0,1.0,0.0,1.0,1.0,5.791947e-10,0.7844072633038692,0.01796236877442679,0.2358203357100416,0.0,20,0.631185277943991,0.0066928509242848554,0.9890130573694068
652,0,1.0,0.0,1.0,1.0,1.4046152e-08,0.7844078762845003,0.017971358991334885,0.39863199998114407,0.0,20,0.9516384450749732,0.0066928509242848554,0.9890130573694068
653,0,1.0,0.0,1.0,1.0,8.981329e-07,0.7844078762853198,0.017919406444610052,0.3666607624681911,0.0,20,0.9241356111516913,0.0066928509242848554,0.9890130573694068
654,0,1.0,0.0,1.0,1.0,7.017399e-05,0.7844078762854642,0.017971753929417113,0.3332244008714597,0.0,20,0.8806254130570835,0.0066928509242848554,0.9890130573694068
655,0,1.0,0.0,1.0,1.0,2.9816007e-08,0.7844078762731854,0.01802001555053644,0.19897730199021446,0.0,20,0.4961649576713929,0.0066928509242848554,0.9890130573694068
656,0,1.0,0.0,1.0,1.0,5.517445e-07,0.7844078760264587,0.017991603574659246,0.4939099506071876,0.0,20,0.9879747586035215,0.0066928509242848554,0.9890130573694068
657,0,1.0,0.0,1.0,1.0,8.052831e-06,0.7844078762854249,0.017954657528921916,0.4397085451464537,0.0,20,0.9732895871521245,0.0066928509242848554,0.9890130573694068
658,0,1.0,0.0,1.0,1.0,7.2069295e-10,0.7844078762853809,0.017977902352410258,0.836227412533641,0.0,20,0.9999283331927858,0.0066928509242848554,0.9890130573694068
659,0,1.0,0.0,1.0,1.0,1.8889907e-09,0.7844078762700323,0.017992845085657596,0.21829277032450406,0.0,20,0.568170705985189,0.0066928509242848554,0.9890130573694068
660,0,1.0,0.0,1.0,1.0,9.423812e-07,0.7844078762854194,0.018048714890875242,0.17641088486676723,0.0,20,0.41245233501471135,0.0066928509242848554,0.9890130573694068
661,0,1.0,0.0,1.0,1.0,9.9985504e-05,0.784407876284391,0.01799275550583914,0.4374729330034212,0.0,20,0.9724038248715474,0.0066928509242848554,0.9890130573694068
662,0,1.0,0.0,1.0,1.0,0.040515643,0.7844078762854036,0.017996131284482627,0.7015020029517183,0.0,20,0.9994595295861123,0.0066928509242848554,0.9890130573694068
663,0,1.0,0.0,1.0,1.0,3.196394e-08,0.7844078762774689,0.017970410783656406,0.3557135969141755,0.0,20,0.911791173337913,0.0066928509242848554,0.9890130573694068
664,0,1.0,0.0,1.0,1.0,1.9144695e-08,0.7844078762827305,0.017936533223784863,0.47001190147420474,0.0,20,0.9828789710953951,0.0066928509242848554,0.9890130573694068
665,0,1.0,0.0,1.0,1.0,3.950168e-08,0.7844078762785266,0.01802445239095905,0.2826297940559872,0.0,20,0.7754677264223898,0.0066928509242848554,0.9890130573694068
666,0,1.0,0.0,1.0,1.0,0.004452979,0.7844078762828827,0.018000040529141687,0.2910208002119767,0.0,20,0.7966216811447185,0.0066928509242848554,0.9890130573694068
667,0,1.0,0.0,1.0,1.0,3.6904317e-09,0.784407876285456,0.018021122857212447,0.5541734539969834,0.0,20,0.9950950912385081,0.0066928509242848554,0.9890130573694068
668,0,1.0,0.31666666666666665,1.0,1.0,1.2369423e-08,0.7844078762852718,0.3197030333406816,0.2938609721891456,0.0,20,0.8034368102226137,0.0066928509242848554,0.9890130573694068
669,1,1.0,1.0,1.0,1.0,0.9999964,0.7844078741617992,0.9706604930468463,0.45903098167371525,0.0,20,0.9798750500078764,0.0066928509242848554,0.9890130573694068
670,1,0.0,1.0,1.0,1.0,2.5737609e-05,0.7844078762672407,0.9706836442473125,0.31888428743144764,0.0,20,0.8560994744115269,0.0066928509242848554,0.9890130573694068
671,1,0.0,1.0,1.0,1.0,7.486196e-09,0.7844078762535133,0.9706988787468541,0.13574958163619716,0.0,20,0.27612675661844294,0.0066928509242848554,0.9890130573694068
672,1,1.0,1.0,1.0,1.0,0.9999994,0.7844078674975059,0.9706504699557763,0.49650875245828224,0.0,20,0.9884291880330326,0.0066928509242848554,0.9890130573694068
673,1,0.0,1.0,1.0,1.0,0.29375398,0.7844078762672311,0.9706903934771293,0.6188206588941882,0.0,20,0.9981344086849124,0.0066928509242848554,0.9890130573694068
674,1,1.0,1.0,1.0,1.0,0.99998903,0.7844078762683362,0.9706752882911213,0.7259631521453898,0.0,20,0.9996254637217793,0.0066928509242848554,0.9890130573694068
675,1,1.0,1.0,1.0,1.0,1.0,0.7844078762852967,0.9707114606401436,0.5031332289882221,0.0,20,0.9895121898013547,0.0066928509242848554,0.9890130573694068
676,1,0.0,1.0,1.0,1.0,0.06288312,0.7844077369908796,0.9706138283339584,0.23956898074545135,0.0,20,0.6441757609469833,0.0066928509242848554,0.9890130573694068
677,1,1.0,1.0,1.0,1.0,0.9998253,0.7844078718094257,0.9706741890140673,0.6017034369303277,0.0,20,0.9975896055149146,0.0066928509242848554,0.9890130573694068
678,1,1.0,1.0,1.0,1.0,0.99999976,0.7844070126753017,0.9706721885914492,0.5379145705420215,0.0,20,0.9937488468704658,0.0066928509242848554,0.9890130573694068
679,1,1.0,1.0,1.0,1.0,0.7599,0.784407876285171,0.9706452202128539,0.39141393182787515,0.0,20,0.9464047038672883,0.0066928509242848554,0.9890130573694068
680,1,1.0,1.0,1.0,1.0,0.98167473,0.784407876066948,0.9706656276857434,0.2427653594771242,0.0,20,0.655088028567011,0.0066928509242848554,0.9890130573694068
681,1,0.0,1.0,1.0,1.0,0.08080819,0.7844078725428553,0.9707468804996258,0.17333467404055639,0.0,20,0.4013171716868958,0.0066928509242848554,0.9890130573694068
682,1,1.0,1.0,1.0,1.0,0.9999814,0.7844078762838478,0.9707199981592698,0.3699731237857599,0.0,20,0.9275464264498492,0.0066928509242848554,0.9890130573694068
683,1,1.0,1.0,1.0,1.0,1.0,0.784407876262441,0.9706866416897947,0.6256984845220139,0.0,20,0.9983169736579469,0.0066928509242848554,0.9890130573694068
684,1,1.0,1.0,1.0,1.0,0.99654156,0.7844078736850175,0.9706766885119695,0.40183106868478385,0.0,20,0.9537996396523398,0.0066928509242848554,0.9890130573694068
685,1,1.0,1.0,1.0,1.0,0.977707,0.7844078762802543,0.9706401474241575,0.3371178737960745,0.0,20,0.8866297139378161,0.0066928509242848554,0.9890130573694068
686,1,0.0,1.0,1.0,1.0,0.00033161006,0.7844078762405399,0.9706223332871879,0.25572463219522046,0.0,20,0.6975945688792893,0.0066928509242848554,0.9890130573694068
687,1,0.0,1.0,1.0,1.0,2.6493718e-09,0.7844068174918791,0.9706774847825681,0.1473549522373052,0.0,20,0.3122383036265171,0.0066928509242848554,0.9890130573694068
688,1,1.0,1.0,1.0,1.0,0.9997888,0.7844075479611319,0.9706561766160119,0.647277289294096,0.0,20,0.9987817967908567,0.0066928509242848554,0.9890130573694068
689,1,1.0,1.0,1.0,1.0,0.99999917,0.7844078759795334,0.9706036009673422,0.22188313502038992,0.0,20,0.5813327900653222,0.0066928509242848554,0.9890130573694068
690,1,1.0,1.0,1.0,1.0,0.99998176,0.7844078762300618,0.9706874111041188,0.5010749598984894,0.0,20,0.9891868943095289,0.0066928509242848554,0.9890130573694068
691,1,1.0,1.0,1.0,1.0,0.99999094,0.7844078762603625,0.9706001126660048,0.3004848414042876,0.0,20,0.8186566576478208,0.0066928509242848554,0.9890130573694068
692,1,1.0,1.0,1.0,1.0,0.9999964,0.784407876236768,0.9706808648553538,0.4997529285466199,0.0,20,0.988972713271716,0.0066928509242848554,0.9890130573694068
693,1,1.0,1.0,1.0,1.0,0.9823909,0.7844078761919823,0.9707479356225629,0.412014934798396,0.0,20,0.9600832522161395,0.0066928509242848554,0.9890130573694068
694,0,1.0,0.23333333333333334,1.0,1.0,0.020887192,0.7844078747321527,0.24028542023565744,0.43767316668612777,0.0,20,0.9724843085559319,0.0066928509242848554,0.9890130573694068
695,1,0.0,0.8666666666666667,1.0,1.0,0.07886008,0.7844078762851326,0.8432015878605236,0.18630286778601293,0.0,20,0.44881567946831924,0.0066928509242848554,0.9890130573694068
696,1,1.0,1.0,1.0,1.0,0.8519299,0.7844078752985632,0.9700968107832098,0.4089661158049489,0.0,20,0.958293285398274,0.0066928509242848554,0.9890130573694068
697,1,1.0,1.0,1.0,1.0,1.0,0.784407874556575,0.9701052099735958,0.5276932630271648,0.0,20,0.9927205864993977,0.0066928509242848554,0.9890130573694068
698,1,1.0,1.0,1.0,1.0,0.9999982,0.7844078762730835,0.9700333260170964,0.5685005131529195,0.0,20,0.9960398592056117,0.0066928509242848554,0.9890130573694068
699,1,1.0,1.0,1.0,1.0,1.0,0.7844073431667352,0.9700551981949641,0.432703176899175,0.0,20,0.9704176215036244,0.0066928509242848554,0.9890130573694068
700,1,1.0,1.0,1.0,1.0,1.0,0.7844078701558229,0.9701184939414799,0.5445369244677203,0.0,20,0.9943366141034586,0.0066928509242848554,0.9890130573694068
701,1,1.0,1.0,1.0,1.0,0.9924705,0.7844078762509243,0.9700629274740913,0.2761188510491916,0.0,20,0.7580068065573137,0.0066928509242848554,0.9890130573694068
702,1,1.0,1.0,1.0,1.0,0.99875903,0.7843997999959254,0.9701078616678793,0.3313383838383838,0.0,20,0.8776192500538131,0.0066928509242848554,0.9890130573694068
703,1,1.0,1.0,1.0,1.0,0.89916307,0.7844078691959347,0.9700393296877107,0.3161252840443226,0.0,20,0.8509256092159605,0.0066928509242848554,0.9890130573694068
704,1,0.0,1.0,1.0,1.0,0.0003803888,0.7844078670555035,0.9700268644377942,0.31787478401322217,0.0,20,0.8542239380726121,0.0066928509242848554,0.9890130573694068
705,1,0.0,1.0,1.0,1.0,0.016935695,0.7844078761955787,0.9701244223561247,0.19931396876368412,0.0,20,0.4974274055655798,0.0066928509242848554,0.9890130573694068
706,1,0.0,1.0,1.0,1.0,0.003623675,0.7844078762551074,0.9701089089500282,0.2188391265597148,0.0,20,0.5701803221119086,0.0066928509242848554,0.9890130573694068
707,1,0.0,1.0,1.0,1.0,0.40554848,0.7844078762819786,0.9700319588538,0.5285656381415615,0.0,20,0.9928145416596376,0.0066928509242848554,0.9890130573694068
708,1,0.0,1.0,1.0,1.0,3.24049e-10,0.7844077249953727,0.9701116378728863,0.10860153256704981,0.0,20,0.20246204138764984,0.0066928509242848554,0.9890130573694068
709,1,1.0,1.0,1.0,1.0,1.0,0.7844078762644675,0.9700374250452838,0.5666016423663482,0.0,20,0.9959259066610848,0.0066928509242848554,0.9890130573694068
710,1,1.0,1.0,1.0,1.0,0.99999976,0.7844077026424555,0.9701445314939103,0.3899015573307512,0.0,20,0.9452423031725221,0.0066928509242848554,0.9890130573694068
711,1,1.0,1.0,1.0,1.0,0.78135496,0.7844078679847761,0.970134485235558,0.4877064191215939,0.0,20,0.9868175177004155,0.0066928509242848554,0.9890130573694068
712,1,1.0,1.0,1.0,1.0,0.99712294,0.7844078756827184,0.9701135594273356,0.3713610572434102,0.0,20,0.9289331542831333,0.0066928509242848554,0.9890130573694068
713,1,1.0,1.0,1.0,1.0,1.0,0.7844078762854588,0.9701173030214119,0.3555680049797697,0.0,20,0.9116153702216094,0.0066928509242848554,0.9890130573694068
714,1,1.0,1.0,1.0,1.0,0.88178533,0.7844078690662062,0.9700718535574427,0.3939020875840048,0.0,20,0.9482665624788102,0.0066928509242848554,0.9890130573694068
715,1,1.0,1.0,1.0,1.0,1.0,0.7844078483154913,0.9701124139908396,0.6352681087173263,0.0,20,0.9985416957623392,0.0066928509242848554,0.9890130573694068
716,1,0.0,1.0,1.0,1.0,0.0025686263,0.7841845206097774,0.9700476935247205,0.1062483660130719,0.0,20,0.19682232902362518,0.0066928509242848554,0.9890130573694068
717,1,1.0,1.0,1.0,1.0,0.99999833,0.7844038822045147,0.9700055381139152,0.5691193722335591,0.0,20,0.9960763070685857,0.0066928509242848554,0.9890130573694068
718,1,1.0,1.0,1.0,1.0,1.0,0.7843907516628524,0.9700934758745136,0.5223530564489169,0.0,20,0.9921182773948913,0.0066928509242848554,0.9890130573694068
719,1,1.0,1.0,1.0,1.0,0.5771012,0.7844053954736876,0.9700427653332159,0.5578562091503267,0.0,20,0.9953574731170545,0.0066928509242848554,0.9890130573694068
720,1,0.0,1.0,1.0,1.0,0.04032747,0.7844078754824394,0.9701010127263464,0.35139162047797845,0.0,20,0.9064359639385434,0.0066928509242848554,0.9890130573694068
721,1,1.0,1.0,1.0,1.0,0.9525408,0.7844077686651991,0.9701125699802658,0.43393317853457175,0.0,20,0.9709426990239572,0.0066928509242848554,0.9890130573694068
722,1,1.0,1.0,1.0,1.0,0.9999918,0.7844047466257845,0.9700565993079041,0.44115932087120563,0.0,20,0.973849534369909,0.0066928509242848554,0.9890130573694068
723,1,1.0,1.0,1.0,1.0,0.81791747,0.784407141259074,0.9699914713315823,0.39619396039921695,0.0,20,0.9499272952449516,0.0066928509242848554,0.9890130573694068
724,1,1.0,1.0,1.0,1.0,0.98486,0.7844076871500202,0.9701491587803895,0.3933231913455037,0.0,20,0.9478389160893785,0.0066928509242848554,0.9890130573694068
725,1,1.0,1.0,1.0,1.0,0.999961,0.7844039124406855,0.9700591399934752,0.2850666319075905,0.0,20,0.7817680297485133,0.0066928509242848554,0.9890130573694068
726,1,0.0,1.0,1.0,1.0,0.056760523,0.7844071318090007,0.9700997623922265,0.301220011463195,0.0,20,0.8202880358756175,0.0066928509242848554,0.9890130573694068
727,1,1.0,1.0,1.0,1.0,0.999997,0.7844078356626768,0.970178710093543,0.3324335912775384,0.0,20,0.8793727725166077,0.0066928509242848554,0.9890130573694068
728,1,1.0,1.0,1.0,1.0,0.7195564,0.7844072629158284,0.9700357715855633,0.25175896370606815,0.0,20,0.6849003587118735,0.0066928509242848554,0.9890130573694068
729,1,1.0,1.0,1.0,1.0,0.9750141,0.7844075631556624,0.9701361331443573,0.23125411988157085,0.0,20,0.6151024864371681,0.0066928509242848554,0.9890130573694068
730,1,0.0,1.0,1.0,1.0,1.8342563e-09,0.7844041437527044,0.970160691081873,0.10095675149492421,0.0,20,0.18457572803280153,0.0066928509242848554,0.9890130573694068
731,1,1.0,1.0,1.0,1.0,0.999982,0.7843975895527749,0.9700833925144169,0.6042574294675135,0.0,20,0.9976799908435362,0.0066928509242848554,0.9890130573694068
732,1,1.0,1.0,1.0,1.0,0.9992756,0.7842016026897696,0.9701149644162002,0.4365299555610974,0.0,20,0.9720217112537682,0.0066928509242848554,0.9890130573694068
733,1,0.0,1.0,1.0,1.0,0.0017021626,0.7844063564126229,0.9700769269708573,0.22805373035739118,0.0,20,0.6036760918098617,0.0066928509242848554,0.9890130573694068
734,1,1.0,1.0,1.0,1.0,0.96541625,0.7844078382591838,0.9701236940926321,0.5427671638455952,0.0,20,0.9941851441672105,0.0066928509242848554,0.9890130573694068
735,1,0.0,1.0,1.0,1.0,9.485979e-06,0.7844078642409897,0.9701319481177026,0.1368408850026497,0.0,20,0.2794106762554157,0.0066928509242848554,0.9890130573694068
736,1,0.0,1.0,1.0,1.0,0.41604102,0.7844076434366366,0.9700343449519615,0.3184659020841041,0.0,20,0.8553246120680837,0.0066928509242848554,0.9890130573694068
737,1,0.0,1.0,1.0,0.0,0.00031683175,0.7844078718301355,0.9701764827386969,0.7363321799307958,0.0,20,0.9996793958439498,0.0066928509242848554,0.9890130573694068
738,1,1.0,1.0,1.0,1.0,0.9160084,0.7843925044123009,0.9700860060170541,0.45674907644217105,0.0,20,0.9791888606487026,0.0066928509242848554,0.9890130573694068
739,1,0.0,1.0,1.0,1.0,1.0740561e-10,0.7844073964040351,0.9699957928683834,0.1847113579474343,0.0,20,0.4429175470334633,0.0066928509242848554,0.9890130573694068
740,1,1.0,1.0,1.0,1.0,0.5759277,0.7844071606363688,0.970096299057076,0.2469618384988404,0.0,20,0.6691686910357612,0.0066928509242848554,0.9890130573694068
741,1,0.0,1.0,1.0,1.0,0.14881575,0.7844061041805545,0.9700715377938208,0.3156994681930743,0.0,20,0.8501135629364485,0.0066928509242848554,0.9890130573694068
742,1,1.0,1.0,1.0,1.0,1.0,0.7844078423892448,0.9700085258768997,0.49234410610122187,0.0,20,0.9876924879616646,0.0066928509242848554,0.9890130573694068
743,1,1.0,1.0,1.0,1.0,0.99999976,0.7844040417437103,0.970128832287588,0.3775723268097996,0.0,20,0.9348433681213859,0.0066928509242848554,0.9890130573694068
744,1,1.0,1.0,1.0,1.0,0.9999981,0.7844017379926828,0.9700243874242728,0.4478118540863639,0.0,20,0.976274139437057,0.0066928509242848554,0.9890130573694068
745,1,0.0,1.0,1.0,1.0,0.0019269566,0.7844030142838675,0.9701271038270785,0.16142270861833105,0.0,20,0.35924113074779296,0.0066928509242848554,0.9890130573694068
746,1,1.0,1.0,1.0,1.0,0.99999166,0.7844074212403064,0.970240317111575,0.44268187895313166,0.0,20,0.9744248988880027,0.0066928509242848554,0.9890130573694068
747,1,0.0,1.0,1.0,1.0,0.3281225,0.7844071078378078,0.9700693004561494,0.16262599056716703,0.0,20,0.3634062965071804,0.0066928509242848554,0.9890130573694068
748,1,1.0,1.0,1.0,1.0,0.9999974,0.7843764059996153,0.9701623817155698,0.5781650674454178,0.0,20,0.996572449625784,0.0066928509242848554,0.9890130573694068
749,1,1.0,1.0,1.0,1.0,0.99999046,0.784406819823831,0.9700518735187421,0.5206527878641168,0.0,20,0.9919163222729358,0.0066928509242848554,0.9890130573694068
750,1,1.0,1.0,1.0,1.0,1.0,0.7844056869847394,0.9700534607321581,0.33605092982255613,0.0,20,0.8850110350731685,0.0066928509242848554,0.9890130573694068
751,1,1.0,1.0,1.0,1.0,1.0,0.7844062639985786,0.9701538764205111,0.49819336317289264,0.0,20,0.9887146511802116,0.0066928509242848554,0.9890130573694068
752,1,0.0,1.0,1.0,1.0,1.10364006e-07,0.784407875545637,0.9701984780986506,0.2482824569221628,0.0,20,0.6735393179708224,0.0066928509242848554,0.9890130573694068
753,1,1.0,1.0,1.0,1.0,0.9999994,0.7844078746541479,0.970079480472301,0.4579429297603134,0.0,20,0.9795506719830694,0.0066928509242848554,0.9890130573694068
754,1,0.0,1.0,1.0,1.0,1.435859e-05,0.7844077116410431,0.9701386080320983,0.21107511603675286,0.0,20,0.5414364317314888,0.0066928509242848554,0.9890130573694068
755,1,0.0,1.0,1.0,1.0,1.3310935e-12,0.7844030820528248,0.9701065878473503,0.08831356214821923,0.0,20,0.15771928579582864,0.0066928509242848554,0.9890130573694068
756,1,0.0,1.0,1.0,1.0,0.025511326,0.784407120633179,0.9700721992817506,0.19905400756793945,0.0,20,0.49645258790304286,0.0066928509242848554,0.9890130573694068
757,1,1.0,1.0,1.0,1.0,0.99999917,0.7843941171544412,0.9700751036158308,0.22448074533050796,0.0,20,0.5907849297021793,0.0066928509242848554,0.9890130573694068
758,1,0.0,1.0,1.0,1.0,4.0724467e-06,0.7844078732599635,0.9701601391404423,0.18116013071895426,0.0,20,0.42981694755686617,0.0066928509242848554,0.9890130573694068
759,1,0.0,1.0,1.0,1.0,0.1904574,0.7844047321883634,0.9701726044294682,0.3150765338393422,0.0,20,0.8489190447641034,0.0066928509242848554,0.9890130573694068
760,1,1.0,1.0,1.0,1.0,0.9878947,0.7844072734759523,0.9700945645466789,0.3107276688453159,0.0,20,0.8403607970679734,0.0066928509242848554,0.9890130573694068
761,1,1.0,1.0,1.0,1.0,1.0,0.7844078458153125,0.9700709276027796,0.5671308859037325,0.0,20,0.9959579912221009,0.0066928509242848554,0.9890130573694068
762,1,1.0,1.0,1.0,1.0,0.9999627,0.7844078481840644,0.970138378391277,0.3409155913077482,0.0,20,0.8922308893736578,0.0066928509242848554,0.9890130573694068
763,1,0.0,1.0,1.0,1.0,0.0029203752,0.7844077953173076,0.9700527710070775,0.1591640082989564,0.0,20,0.351480035909628,0.0066928509242848554,0.9890130573694068
764,1,1.0,1.0,1.0,1.0,0.94902503,0.7844078622236218,0.9700406195972896,0.4080669063771248,0.0,20,0.9577508564676848,0.0066928509242848554,0.9890130573694068
765,1,1.0,1.0,1.0,1.0,0.5787264,0.7844071862140197,0.9700175921993186,0.33157375495713015,0.0,20,0.8779979407286832,0.0066928509242848554,0.9890130573694068
766,1,0.0,1.0,1.0,1.0,5.009344e-08,0.7844078748476189,0.970125578325815,0.18298976867742403,0.0,20,0.43655546365885983,0.0066928509242848554,0.9890130573694068
767,1,1.0,1.0,1.0,1.0,0.9999951,0.7844077640994672,0.9701179195016831,0.4332276443941449,0.0,20,0.9706426280251778,0.0066928509242848554,0.9890130573694068
768,1,1.0,1.0,1.0,1.0,0.64454603,0.7844078701288761,0.9701482973245337,0.423148799880826,0.0,20,0.9660140770365353,0.0066928509242848554,0.9890130573694068
769,1,0.0,1.0,1.0,1.0,0.0016083453,0.7844075532636605,0.9700674339430454,0.24568636433043212,0.0,20,0.6649195636600023,0.0066928509242848554,0.9890130573694068
770,1,1.0,1.0,1.0,1.0,0.83896047,0.7844077639584491,0.9700882652066248,0.30452036199095023,0.0,20,0.8274705298572069,0.0066928509242848554,0.9890130573694068
771,1,1.0,1.0,1.0,1.0,0.9992072,0.7844044455299957,0.9700062259427771,0.46219534870666823,0.0,20,0.9807900534707878,0.0066928509242848554,0.9890130573694068
772,1,1.0,1.0,1.0,1.0,0.9999989,0.7844036539735558,0.9701452702415143,0.3311999013441855,0.0,20,0.8773959720056551,0.0066928509242848554,0.9890130573694068
773,1,0.0,1.0,1.0,1.0,0.022061678,0.7844077907313054,0.9701141891359453,0.3576127865925597,0.0,20,0.9140556764621128,0.0066928509242848554,0.9890130573694068
774,1,1.0,1.0,1.0,1.0,0.99983656,0.784407363313134,0.970137192043961,0.3367457422820745,0.0,20,0.8860674161285594,0.0066928509242848554,0.9890130573694068
775,1,1.0,1.0,1.0,1.0,0.93742275,0.7844078739050897,0.9701090965117397,0.4109994636152333,0.0,20,0.9594953992563582,0.0066928509242848554,0.9890130573694068
776,1,0.0,1.0,1.0,1.0,2.3242605e-05,0.7844078760971872,0.9701010726771457,0.17029963500551737,0.0,20,0.39042990951379625,0.0066928509242848554,0.9890130573694068
777,1,1.0,1.0,1.0,1.0,0.9994142,0.7844078736279201,0.9701445108277249,0.40000644994840046,0.0,20,0.9525784974379198,0.0066928509242848554,0.9890130573694068
778,1,0.0,1.0,1.0,1.0,0.0011172865,0.7844096942434382,0.9700374591560134,0.2617395676219205,0.0,20,0.7162820726042548,0.0066928509242848554,0.9890130573694068
779,1,1.0,1.0,1.0,1.0,0.9999621,0.78440787554554,0.9701617625851318,0.5665286948112579,0.0,20,0.9959214644857747,0.0066928509242848554,0.9890130573694068
780,1,1.0,1.0,1.0,1.0,1.0,0.7844078763604032,0.9700207080496177,0.43328992002970074,0.0,20,0.9706692349718523,0.0066928509242848554,0.9890130573694068
781,1,1.0,1.0,1.0,1.0,0.9996915,0.7844078763390097,0.9700794140718937,0.5247687280040222,0.0,20,0.9923966272392264,0.0066928509242848554,0.9890130573694068
782,1,1.0,1.0,1.0,1.0,1.0,0.78440787641542,0.9699955341049419,0.44799173757553334,0.0,20,0.9763365586518375,0.0066928509242848554,0.9890130573694068
783,1,1.0,1.0,1.0,1.0,0.9979996,0.7844078784039398,0.9700867319553017,0.5305546271538919,0.0,20,0.9930242788957607,0.0066928509242848554,0.9890130573694068
784,1,0.0,1.0,1.0,1.0,0.00022419993,0.7844078767753461,0.9700874669349925,0.1717584582852749,0.0,20,0.39565009385812855,0.0066928509242848554,0.9890130573694068
785,1,0.0,1.0,1.0,1.0,1.7059516e-10,0.7844078762941143,0.9701266011003596,0.08079296424452134,0.0,20,0.1433051473484135,0.0066928509242848554,0.9890130573694068
786,1,1.0,1.0,1.0,1.0,0.96875364,0.7844078765075834,0.970141220196521,0.26126313773372595,0.0,20,0.7148275145730508,0.0066928509242848554,0.9890130573694068
787,1,0.0,1.0,1.0,1.0,0.0024497127,0.7844078762973491,0.9700259030437972,0.2785662336661513,0.0,20,0.7646768238438038,0.0066928509242848554,0.9890130573694068
788,1,1.0,1.0,1.0,1.0,0.99997807,0.784407876285473,0.9701202246007036,0.49342291102034586,0.0,20,0.9878876533723656,0.0066928509242848554,0.9890130573694068
789,1,1.0,1.0,1.0,1.0,0.9982152,0.7844137419343037,0.9700936177018851,0.5965926566705113,0.0,20,0.9973980527922791,0.0066928509242848554,0.9890130573694068
790,1,1.0,1.0,1.0,1.0,0.58176476,0.7844078800740749,0.9700842595348977,0.7755546663109688,0.0,20,0.9998219592410953,0.0066928509242848554,0.9890130573694068
791,1,1.0,1.0,1.0,1.0,0.99997675,0.7844362014901501,0.9701164296636756,0.5375972611266729,0.0,20,0.9937192100237553,0.0066928509242848554,0.9890130573694068
792,1,1.0,1.0,1.0,1.0,0.9178673,0.7844078763068834,0.970072533653931,0.27009279902437167,0.0,20,0.7410421089795707,0.0066928509242848554,0.9890130573694068
793,1,1.0,1.0,1.0,1.0,0.9982773,0.7844078762905584,0.9700438037102812,0.2059462330885715,0.0,20,0.5222836029777956,0.0066928509242848554,0.9890130573694068
794,1,1.0,1.0,1.0,1.0,0.99999976,0.784407876285474,0.9701307697449967,0.4759144546707572,0.0,20,0.9843069031928128,0.0066928509242848554,0.9890130573694068
795,1,0.0,1.0,1.0,1.0,0.0038475955,0.7844078762970117,0.970083389952477,0.2784368715434892,0.0,20,0.7643274712352951,0.0066928509242848554,0.9890130573694068
796,1,0.0,1.0,1.0,1.0,5.6967433e-06,0.78440787632357,0.9700952607338191,0.18016339869281048,0.0,20,0.4261567547583765,0.0066928509242848554,0.9890130573694068
797,1,1.0,1.0,1.0,1.0,0.7236187,0.7844078758282297,0.9700948458601153,0.2232807105748282,0.0,20,0.5864261526114461,0.0066928509242848554,0.9890130573694068
798,1,1.0,1.0,1.0,1.0,0.8603017,0.7844078762914729,0.9700778128650147,0.19767899584076054,0.0,20,0.4912971134408707,0.0066928509242848554,0.9890130573694068
799,1,1.0,1.0,1.0,1.0,0.70907396,0.7844733813946628,0.9699960757134911,0.16524632247386464,0.0,20,0.3725470936316585,0.0066928509242848554,0.9890130573694068
800,1,1.0,1.0,1.0,1.0,0.78191507,0.7844081571654207,0.9700820872787822,0.3970036192736655,0.0,20,0.9505018253455385,0.0066928509242848554,0.9890130573694068
801,1,1.0,1.0,1.0,1.0,0.99943215,0.7844078996010674,0.9701571735940605,0.3277396361594747,0.0,20,0.8717022911181342,0.0066928509242848554,0.9890130573694068
802,1,1.0,1.0,1.0,1.0,0.99958307,0.7844079256731902,0.9700702277967067,0.726670906200318,0.0,20,0.9996294174178486,0.0066928509242848554,0.9890130573694068
803,1,1.0,1.0,1.0,1.0,0.99934536,0.7844078762850261,0.9700640493551574,0.6178814569483444,0.0,20,0.998107990251884,0.0066928509242848554,0.9890130573694068
804,1,1.0,1.0,1.0,1.0,1.0,0.7844080143021984,0.9700775030828381,0.42776504267837034,0.0,20,0.9682154908687612,0.0066928509242848554,0.9890130573694068
805,1,0.0,1.0,1.0,1.0,1.7196537e-06,0.7844078762874531,0.9701071155534009,0.17487112451818335,0.0,20,0.40686680071685744,0.0066928509242848554,0.9890130573694068
806,1,0.0,1.0,1.0,1.0,0.013342663,0.7844078766799538,0.9700556056434857,0.17067918538618906,0.0,20,0.39178571456696615,0.0066928509242848554,0.9890130573694068
807,1,1.0,1.0,1.0,1.0,0.9956722,0.7844081096223827,0.9700418365373967,0.420103159972441,0.0,20,0.9644818574985172,0.0066928509242848554,0.9890130573694068
808,1,1.0,1.0,1.0,1.0,0.9968029,0.7844078762834491,0.9700520921380986,0.5632416274003141,0.0,20,0.9957162110898848,0.0066928509242848554,0.9890130573694068
809,1,1.0,1.0,1.0,1.0,0.9999409,0.7844078759265204,0.9700179043530617,0.5269181585677749,0.0,20,0.9926360848733135,0.0066928509242848554,0.9890130573694068
810,1,1.0,1.0,1.0,1.0,1.0,0.7844077648353859,0.9700200557221239,0.49625756956208505,0.0,20,0.9883860172263846,0.0066928509242848554,0.9890130573694068
811,1,0.0,1.0,1.0,1.0,3.9883852e-07,0.7844104347704162,0.9700844905285126,0.2198764482318749,0.0,20,0.5739894055793248,0.0066928509242848554,0.9890130573694068
812,1,0.0,0.85,1.0,1.0,0.48750314,0.7844075961838162,0.8271744194637203,0.5184424054522094,0.0,20,0.9916460858165281,0.0066928509242848554,0.9890130573694068
813,0,1.0,0.0,1.0,1.0,1.5371925e-05,0.7844072421874754,0.017994112478359685,0.6794644392844857,0.0,20,0.9992479583980437,0.0066928509242848554,0.9890130573694068
814,0,1.0,0.31666666666666665,1.0,1.0,0.0021019143,0.7844078725801993,0.3113893872609824,0.369905726350897,0.0,20,0.9274784563647241,0.0066928509242848554,0.9890130573694068
815,1,1.0,1.0,1.0,1.0,0.9999461,0.7844073497457174,0.9445322554947216,0.4990600684718332,0.0,20,0.9888587936624116,0.0066928509242848554,0.9890130573694068
816,1,1.0,1.0,1.0,1.0,0.68450236,0.7843808081149961,0.9445328922463113,0.4069515978434385,0.0,20,0.9570686981745942,0.0066928509242848554,0.9890130573694068
817,1,1.0,1.0,1.0,1.0,0.9998274,0.7844078535185927,0.944712379132664,0.2899888921823119,0.0,20,0.794102386980316,0.0066928509242848554,0.9890130573694068
818,1,1.0,1.0,1.0,1.0,1.0,0.7843941297067806,0.9446651936713014,0.379194800050415,0.0,20,0.9363101757348287,0.0066928509242848554,0.9890130573694068
819,1,1.0,1.0,1.0,1.0,0.99999297,0.784407087335806,0.9446587579318648,0.24024398430396124,0.0,20,0.646493155649247,0.0066928509242848554,0.9890130573694068
820,1,1.0,1.0,1.0,1.0,0.99999964,0.7843308739785537,0.944505767647862,0.5942039708965347,0.0,20,0.9973033899070904,0.0066928509242848554,0.9890130573694068
821,1,1.0,1.0,1.0,1.0,1.0,0.7843990781444824,0.9446047668239324,0.4942804823078657,0.0,20,0.9880406121074866,0.0066928509242848554,0.9890130573694068
822,1,1.0,1.0,1.0,1.0,0.99998426,0.7844078454796889,0.9444092150064444,0.5938740905167099,0.0,20,0.9972900497077597,0.0066928509242848554,0.9890130573694068
823,1,0.0,1.0,1.0,1.0,0.021779558,0.784407841023513,0.944594618980834,0.2552843832568488,0.0,20,0.6961996539000302,0.0066928509242848554,0.9890130573694068
824,1,1.0,1.0,1.0,1.0,0.99999654,0.7844078514204976,0.9445370072140533,0.2822467688915205,0.0,20,0.7744657724767947,0.0066928509242848554,0.9890130573694068
825,1,0.0,0.7833333333333333,1.0,1.0,0.000121425124,0.7844078759666797,0.7669541999373636,0.19540216287621132,0.0,20,0.48276494182478646,0.0066928509242848554,0.9890130573694068
826,1,1.0,0.7833333333333333,1.0,1.0,0.9999994,0.7844058867415804,0.7626053267033035,0.30841800772596617,0.0,20,0.8356580411637246,0.0066928509242848554,0.9890130573694068
827,1,1.0,1.0,1.0,1.0,0.5882893,0.7844021211279095,0.9685473973392872,0.666544003222204,0.0,20,0.9990872725037474,0.0066928509242848554,0.9890130573694068
828,1,1.0,1.0,1.0,1.0,0.9999957,0.7844078589176112,0.9685192530237342,0.6045693491071642,0.0,20,0.9976907953280835,0.0066928509242848554,0.9890130573694068
829,1,1.0,1.0,1.0,1.0,0.9997023,0.7844078649192959,0.9684823756283255,0.6636504151210033,0.0,20,0.9990468229201023,0.0066928509242848554,0.9890130573694068
830,1,1.0,1.0,1.0,1.0,0.9997502,0.7844078417761741,0.9684223903123879,0.33361272859312074,0.0,20,0.8812363968797475,0.0066928509242848554,0.9890130573694068
831,1,0.0,1.0,1.0,1.0,1.4446626e-08,0.7843814627523159,0.9685044082532925,0.14538712921065863,0.0,20,0.3059349773085157,0.0066928509242848554,0.9890130573694068
832,1,0.0,1.0,1.0,1.0,6.702549e-05,0.7844077269789093,0.9684324416765119,0.12296023189269377,0.0,20,0.2394683406708422,0.0066928509242848554,0.9890130573694068
833,1,0.0,1.0,1.0,1.0,0.01444382,0.7844078711978887,0.9684398182999523,0.20011934763456063,0.0,20,0.5004475535100732,0.0066928509242848554,0.9890130573694068
834,1,0.0,1.0,1.0,1.0,6.838712e-05,0.7844078357021775,0.968477787998312,0.12985843910213657,0.0,20,0.2588175556652747,0.0066928509242848554,0.9890130573694068
835,1,1.0,1.0,1.0,1.0,0.99999535,0.7844035046832954,0.9685095278769277,0.49568785116385733,0.0,20,0.9882875088863866,0.0066928509242848554,0.9890130573694068
836,1,0.0,1.0,1.0,1.0,0.00032943275,0.7843896018338866,0.9685266762169216,0.1003113258185722,0.0,20,0.18312305412115953,0.0066928509242848554,0.9890130573694068
837,1,1.0,1.0,1.0,1.0,0.9999974,0.7844058617200519,0.9684675970360589,0.3902179801961937,0.0,20,0.9454874519957726,0.0066928509242848554,0.9890130573694068
838,1,0.0,1.0,1.0,1.0,0.07293554,0.7844076525144801,0.9685509349833816,0.4927621806298277,0.0,20,0.9877684872209445,0.0066928509242848554,0.9890130573694068
839,1,1.0,1.0,1.0,1.0,0.9372258,0.7844077902143451,0.968512515113195,0.41902029791303147,0.0,20,0.963921212359176,0.0066928509242848554,0.9890130573694068
840,1,0.0,1.0,1.0,1.0,0.019064395,0.7843936315258387,0.9684490885854895,0.1048146742567995,0.0,20,0.19344483939823093,0.0066928509242848554,0.9890130573694068
841,1,1.0,1.0,1.0,1.0,0.99999964,0.7844078738270199,0.9685395282149205,0.3993745774171738,0.0,20,0.952148505312774,0.0066928509242848554,0.9890130573694068
842,1,1.0,1.0,1.0,1.0,0.99999964,0.7844077676823549,0.9684138762945058,0.5762564073248347,0.0,20,0.9964732520435939,0.0066928509242848554,0.9890130573694068
843,1,0.0,1.0,1.0,1.0,0.00106607,0.7844076012490374,0.9683381903084931,0.2037595483791613,0.0,20,0.5140945713283226,0.0066928509242848554,0.9890130573694068
844,1,1.0,1.0,1.0,1.0,0.59917724,0.78438297208671,0.9684575724271739,0.5085556315549475,0.0,20,0.9903235295300726,0.0066928509242848554,0.9890130573694068
845,1,1.0,1.0,1.0,1.0,0.99939084,0.7844078110309444,0.9685358652874545,0.7270051227698286,0.0,20,0.9996312699080269,0.0066928509242848554,0.9890130573694068
846,1,0.0,1.0,1.0,1.0,0.0022780143,0.7843962598934036,0.9685538277868783,0.25171167519548737,0.0,20,0.6847472573187939,0.0066928509242848554,0.9890130573694068
847,1,0.0,1.0,1.0,1.0,4.973637e-10,0.7844062667049576,0.9684863898686338,0.10515671289091769,0.0,20,0.19424659183688206,0.0066928509242848554,0.9890130573694068
848,1,1.0,1.0,1.0,1.0,0.9998603,0.7844065963073107,0.968548711850865,0.3092512594147702,0.0,20,0.8373673506252078,0.0066928509242848554,0.9890130573694068
849,1,0.0,1.0,1.0,1.0,8.541542e-11,0.7844044215782024,0.9684943035265461,0.20949454899330625,0.0,20,0.5355445000708386,0.0066928509242848554,0.9890130573694068
850,1,1.0,1.0,1.0,1.0,0.5840064,0.7829021691301217,0.9683838091589821,0.1924800689506572,0.0,20,0.47183012077156544,0.0066928509242848554,0.9890130573694068
851,1,1.0,1.0,1.0,1.0,0.9999236,0.7844071837094445,0.9685520524376449,0.5297339200831848,0.0,20,0.9929384829349376,0.0066928509242848554,0.9890130573694068
852,1,1.0,1.0,1.0,1.0,0.99999976,0.7844078713010266,0.968477444131643,0.46400241981303675,0.0,20,0.9812941563262504,0.0066928509242848554,0.9890130573694068
853,1,1.0,1.0,1.0,1.0,0.9999939,0.7843956523737405,0.9685352261463424,0.5733902307886014,0.0,20,0.9963188915474885,0.0066928509242848554,0.9890130573694068
854,1,1.0,1.0,1.0,1.0,0.99947506,0.7843957960160072,0.9684695367888728,0.358688058556756,0.0,20,0.9153143101563012,0.0066928509242848554,0.9890130573694068
855,1,0.0,1.0,1.0,1.0,0.0007116779,0.7844072391460805,0.9685083834903213,0.2628099547511312,0.0,20,0.7195336057766452,0.0066928509242848554,0.9890130573694068
856,1,1.0,1.0,1.0,1.0,0.9811002,0.7844059265275064,0.9684287941049731,0.44039289958407607,0.0,20,0.9735551616278915,0.0066928509242848554,0.9890130573694068
857,1,1.0,1.0,1.0,1.0,0.9446382,0.7844077991340401,0.9684452410169351,0.22418350852885957,0.0,20,0.5897066039644806,0.0066928509242848554,0.9890130573694068
858,1,1.0,1.0,1.0,1.0,0.99999976,0.7844078163224288,0.9685550432546306,0.47233061407634463,0.0,20,0.9834545325314012,0.0066928509242848554,0.9890130573694068
859,1,1.0,1.0,1.0,1.0,1.0,0.7844062632409347,0.9684849509317832,0.6113197542391442,0.0,20,0.9979127039176405,0.0066928509242848554,0.9890130573694068
860,1,0.0,1.0,1.0,1.0,3.4987617e-11,0.7844077756987616,0.9684773929730042,0.1574211688221388,0.0,20,0.34554443007230307,0.0066928509242848554,0.9890130573694068
861,1,1.0,1.0,1.0,1.0,0.9407295,0.7844060876856764,0.9684453504571748,0.2574872912127814,0.0,20,0.7031429216204481,0.0066928509242848554,0.9890130573694068
862,1,1.0,1.0,1.0,1.0,0.9996661,0.7844074208585261,0.9685380851142731,0.28344170716719735,0.0,20,0.7775811347614344,0.0066928509242848554,0.9890130573694068
863,1,1.0,1.0,1.0,1.0,0.99985945,0.7844019840907012,0.9685011447837509,0.2675994284353418,0.0,20,0.7338005509628898,0.0066928509242848554,0.9890130573694068
864,1,1.0,1.0,1.0,1.0,0.9928625,0.7844004528618673,0.9685250574158125,0.5630290032679739,0.0,20,0.9957025855331717,0.0066928509242848554,0.9890130573694068
865,1,1.0,1.0,1.0,1.0,0.9996165,0.7844076073632645,0.9684266666046744,0.44471422611597833,0.0,20,0.9751737328744176,0.0066928509242848554,0.9890130573694068
866,1,1.0,1.0,1.0,1.0,0.9999434,0.7844078745415846,0.9684494934180835,0.37931372549019604,0.0,20,0.9364164719528705,0.0066928509242848554,0.9890130573694068
867,1,1.0,1.0,1.0,1.0,0.9925012,0.7844074561785846,0.9684654504074149,0.6105208076368176,0.0,20,0.997887592014452,0.0066928509242848554,0.9890130573694068
868,1,0.0,1.0,1.0,1.0,0.03373677,0.7844078587314995,0.9685699463746438,0.31386915474724514,0.0,20,0.846581542455036,0.0066928509242848554,0.9890130573694068
869,1,1.0,1.0,1.0,1.0,1.0,0.7844076654964296,0.9684244490167148,0.5005089905226704,0.0,20,0.9890957104979099,0.0066928509242848554,0.9890130573694068
870,1,1.0,1.0,1.0,1.0,0.9999993,0.7844041284883129,0.9685948819472571,0.4583635330917353,0.0,20,0.9796766679085781,0.0066928509242848554,0.9890130573694068
871,1,1.0,1.0,1.0,1.0,0.9938579,0.7844078754435057,0.9684643743487928,0.2951201533244877,0.0,20,0.8064025880334866,0.0066928509242848554,0.9890130573694068
872,1,1.0,1.0,1.0,1.0,1.0,0.7844080370968598,0.9685355603904583,0.566809944208971,0.0,20,0.9959385647921737,0.0066928509242848554,0.9890130573694068
873,1,1.0,1.0,1.0,1.0,0.99998116,0.7844089916062581,0.9684375196184946,0.54659210427466,0.0,20,0.9945075953149821,0.0066928509242848554,0.9890130573694068
874,1,1.0,1.0,1.0,1.0,0.9999269,0.7844078762857966,0.9685108077364468,0.44024342691622104,0.0,20,0.9734973765501026,0.0066928509242848554,0.9890130573694068
875,1,1.0,1.0,1.0,1.0,0.9999888,0.7844078762862792,0.9684912672842787,0.5387636764107352,0.0,20,0.9938274720151046,0.0066928509242848554,0.9890130573694068
876,1,1.0,1.0,1.0,1.0,0.99612564,0.7844078763837306,0.968470400189176,0.5487692233756247,0.0,20,0.9946831242399319,0.0066928509242848554,0.9890130573694068
877,1,0.0,1.0,1.0,1.0,7.793165e-12,0.7844078763495895,0.9684503974011024,0.10925173494134435,0.0,20,0.2040414461452654,0.0066928509242848554,0.9890130573694068
878,1,1.0,1.0,1.0,1.0,0.99410206,0.7844078817475597,0.9684876885395224,0.3554356706450696,0.0,20,0.911455301295388,0.0066928509242848554,0.9890130573694068
879,1,0.0,1.0,1.0,1.0,0.0015751461,0.7844079126933795,0.968554904262188,0.2510606137373123,0.0,20,0.6826353092433259,0.0066928509242848554,0.9890130573694068
880,1,0.0,0.7833333333333333,1.0,1.0,1.0452106e-05,0.7844078761647235,0.7625802181659626,0.12578854753777355,0.0,20,0.24728004242730073,0.0066928509242848554,0.9890130573694068
881,0,1.0,0.0,1.0,1.0,7.4012223e-06,0.7844071777940058,0.017996999619299146,0.3954253154253154,0.0,20,0.9493760277241444,0.0066928509242848554,0.9890130573694068
882,0,1.0,0.0,1.0,1.0,1.5245507e-07,0.7844078324003029,0.018017721108718035,0.17631149617469727,0.0,20,0.41209110124318726,0.0066928509242848554,0.9890130573694068
883,0,1.0,0.0,1.0,1.0,0.00032511086,0.7844078762854598,0.017968025238186143,0.4372615262321145,0.0,20,0.972318601950164,0.0066928509242848554,0.9890130573694068
884,0,1.0,0.0,1.0,1.0,3.148837e-06,0.7844078762854648,0.01797139751996814,0.5592677894202949,0.0,20,0.9954542970886147,0.0066928509242848554,0.9890130573694068
885,0,1.0,0.0,1.0,1.0,1.3368882e-06,0.7844078762809451,0.01797536415415072,0.4917988755786002,0.0,20,0.9875926727602473,0.0066928509242848554,0.9890130573694068
886,0,1.0,0.0,1.0,1.0,0.020083627,0.7844078753805387,0.017993878273299926,0.41257890620635723,0.0,20,0.9604061929070538,0.0066928509242848554,0.9890130573694068
887,0,1.0,0.0,1.0,1.0,1.1454867e-08,0.7844078762854555,0.018018979034528315,0.4758479644581144,0.0,20,0.9842914898103337,0.0066928509242848554,0.9890130573694068
888,0,1.0,0.0,1.0,1.0,0.00019557714,0.7844078762344426,0.018014330612244372,0.48465834818776,0.0,20,0.9862093145644208,0.0066928509242848554,0.9890130573694068
889,0,1.0,0.0,1.0,1.0,1.4409035e-08,0.7844078762848218,0.017982036741401735,0.21234199029406,0.0,20,0.5461507282657786,0.0066928509242848554,0.9890130573694068
890,0,1.0,0.0,1.0,1.0,0.0072359485,0.7844078762740565,0.018008844690185034,0.3324541773231031,0.0,20,0.879405524052625,0.0066928509242848554,0.9890130573694068
891,0,1.0,0.0,1.0,1.0,7.622932e-10,0.7844078670186132,0.017970247358422547,0.15783861155841833,0.0,20,0.3469618255455547,0.0066928509242848554,0.9890130573694068
892,0,1.0,0.0,1.0,1.0,2.701832e-09,0.7844078762853042,0.018008648104355592,0.26428515045309586,0.0,20,0.7239773653868004,0.0066928509242848554,0.9890130573694068
893,0,1.0,0.0,1.0,1.0,0.000337593,0.7844078762825912,0.0180083331945476,0.6022682259313276,0.0,20,0.9976098911226909,0.0066928509242848554,0.9890130573694068
894,0,1.0,0.0,1.0,1.0,7.7626716e-10,0.7844078762823258,0.018027055317638572,0.13814998974957696,0.0,20,0.2833813823717301,0.0066928509242848554,0.9890130573694068
895,0,1.0,0.0,1.0,1.0,0.00012366666,0.7844078762854323,0.017979108178846386,0.39081720011099896,0.0,20,0.9459488665811804,0.0066928509242848554,0.9890130573694068
896,0,1.0,0.38333333333333336,1.0,1.0,6.938487e-07,0.7844078295035515,0.3910205460165482,0.7754194120293192,0.0,20,0.9998215977273139,0.0066928509242848554,0.9890130573694068
897,1,1.0,1.0,1.0,1.0,0.99882203,0.7844058716033838,0.9911448125708161,0.5510041592394533,0.0,20,0.9948575113592404,0.0066928509242848554,0.9890130573694068
898,1,1.0,1.0,1.0,1.0,0.9999999,0.7844071504921918,0.991122352762085,0.6635340355744361,0.0,20,0.9990451591023338,0.0066928509242848554,0.9890130573694068
899,1,0.0,1.0,1.0,1.0,4.0026298e-11,0.7844078235823283,0.9911464395748774,0.12124183006535948,0.0,20,0.23480549802125608,0.0066928509242848554,0.9890130573694068
900,1,1.0,1.0,1.0,1.0,0.9999944,0.7844057281097884,0.9911197767689958,0.49718473247885014,0.0,20,0.9885445825751179,0.0066928509242848554,0.9890130573694068
901,1,0.0,1.0,1.0,1.0,1.1208729e-10,0.7844045109449707,0.991119868111033,0.10904392764857881,0.0,20,0.2035356679851067,0.0066928509242848554,0.9890130573694068
902,1,1.0,1.0,1.0,1.0,0.9988888,0.784390754035207,0.9911201337001686,0.4223091199126058,0.0,20,0.9655981296310883,0.0066928509242848554,0.9890130573694068
903,1,0.0,1.0,1.0,1.0,0.0013224983,0.7844078528237827,0.9911247951983724,0.25004287429257416,0.0,20,0.6793188144304414,0.0066928509242848554,0.9890130573694068
904,1,1.0,1.0,1.0,1.0,0.9999064,0.784407876024707,0.9911184185209849,0.2906299774811886,0.0,20,0.7956702388480317,0.0066928509242848554,0.9890130573694068
905,0,1.0,0.25,1.0,1.0,2.4742572e-09,0.7844078726094567,0.26126057219102344,0.48953027392174303,0.0,20,0.9871687083666584,0.0066928509242848554,0.9890130573694068
906,1,1.0,0.9666666666666667,1.0,1.0,0.99999857,0.7844032446856635,0.9569424036072106,0.43664790494058786,0.0,20,0.9720697864851514,0.0066928509242848554,0.9890130573694068
907,1,0.0,1.0,1.0,1.0,0.054326124,0.7843958123069132,0.9893218628061846,0.17276607160277047,0.0,20,0.3992697065677884,0.0066928509242848554,0.9890130573694068
908,1,1.0,1.0,1.0,1.0,0.988633,0.7844077261557075,0.9893753976631514,0.3108393428293303,0.0,20,0.8405853925231497,0.0066928509242848554,0.9890130573694068
909,1,0.0,1.0,1.0,1.0,0.07545233,0.7844078737290464,0.9893402584904685,0.5411328976034858,0.0,20,0.9940416971100059,0.0066928509242848554,0.9890130573694068
910,1,1.0,1.0,1.0,1.0,1.0,0.7844078624652477,0.9893553406129061,0.5600687401397341,0.0,20,0.9955083397532769,0.0066928509242848554,0.9890130573694068
911,1,1.0,1.0,1.0,1.0,0.99999976,0.7843697001723764,0.9893391475227439,0.637516777056419,0.0,20,0.9985899958833045,0.0066928509242848554,0.9890130573694068
912,1,1.0,1.0,1.0,1.0,0.9998398,0.7843993716950874,0.9893745069975296,0.40031665539779127,0.0,20,0.9527882476323118,0.0066928509242848554,0.9890130573694068
913,1,0.0,1.0,1.0,1.0,0.1651052,0.7844075402174933,0.9893415244988305,0.334814306675051,0.0,20,0.8831098094008895,0.0066928509242848554,0.9890130573694068
914,1,1.0,1.0,1.0,1.0,0.99999344,0.784407612742472,0.9893492170736775,0.4974645574816078,0.0,20,0.9885920171119663,0.0066928509242848554,0.9890130573694068
915,1,0.0,1.0,1.0,1.0,2.003187e-07,0.7844077076741647,0.9893763495482552,0.2202407253981405,0.0,20,0.5753249885078784,0.0066928509242848554,0.9890130573694068
916,1,1.0,1.0,1.0,1.0,0.55512756,0.7844074084623119,0.989349209878449,0.28640647370059136,0.0,20,0.785177399536042,0.0066928509242848554,0.9890130573694068
917,1,0.0,1.0,1.0,1.0,6.7932304e-10,0.7844078680520105,0.989329151803999,0.22109585618284872,0.0,20,0.5784558826752724,0.0066928509242848554,0.9890130573694068
918,1,1.0,1.0,1.0,1.0,0.9995679,0.7844078760289779,0.9893349374747656,0.21973812960530228,0.0,20,0.5734819912566863,0.0066928509242848554,0.9890130573694068
919,1,0.0,1.0,1.0,1.0,2.477042e-10,0.7844077524143435,0.9893315128165822,0.1855665936587401,0.0,20,0.44608515651694824,0.0066928509242848554,0.9890130573694068
920,1,1.0,1.0,1.0,1.0,0.9947647,0.7844078271511122,0.9893358463218107,0.33344428306301943,0.0,20,0.8809717024198742,0.0066928509242848554,0.9890130573694068
921,1,1.0,1.0,1.0,1.0,1.0,0.7844078706971637,0.9893173871816645,0.500366213447864,0.0,20,0.9890725876983001,0.0066928509242848554,0.9890130573694068
922,1,1.0,1.0,1.0,1.0,0.6940896,0.784407794726139,0.9893338437561771,0.4011114055231702,0.0,20,0.9533216136337441,0.0066928509242848554,0.9890130573694068
923,1,1.0,1.0,1.0,1.0,0.9999976,0.7844072653530126,0.9893633102873065,0.46929447094152976,0.0,20,0.9826969341695213,0.0066928509242848554,0.9890130573694068
924,1,1.0,1.0,1.0,1.0,0.99689984,0.7844078762618332,0.989377660739954,0.2839865815537951,0.0,20,0.7789914571720623,0.0066928509242848554,0.9890130573694068
925,1,0.0,1.0,1.0,1.0,0.11375885,0.7844078760008998,0.9893870120080536,0.2926544381193337,0.0,20,0.8005629582679296,0.0066928509242848554,0.9890130573694068
926,1,0.0,1.0,1.0,1.0,0.06245249,0.7844047641712322,0.9893648136260939,0.2937040313201304,0.0,20,0.8030647687402694,0.0066928509242848554,0.9890130573694068
927,0,1.0,0.2833333333333333,1.0,1.0,1.102389e-05,0.7844078687390645,0.29323109467686437,0.502994246131501,0.0,20,0.9894905326301149,0.0066928509242848554,0.9890130573694068
928,0,1.0,0.0,1.0,1.0,7.945732e-09,0.7844078761958165,0.017958495213628016,0.15276800178760963,0.0,20,0.32993479750514954,0.0066928509242848554,0.9890130573694068
929,1,1.0,1.0,1.0,1.0,1.0,0.7844078742400142,0.9852513476606987,0.5280132192436825,0.0,20,0.9927551867001707,0.0066928509242848554,0.9890130573694068
930,1,1.0,1.0,1.0,1.0,0.9078817,0.784407876279326,0.9853032893754768,0.29516388283708545,0.0,20,0.8065049715551175,0.0066928509242848554,0.9890130573694068
931,1,1.0,1.0,1.0,1.0,0.9999964,0.784407876284661,0.9852700268294363,0.3315112837587865,0.0,20,0.8778975287370643,0.0066928509242848554,0.9890130573694068
932,1,0.0,1.0,1.0,1.0,5.3939476e-07,0.7844078762831882,0.9852964976187687,0.11133647246234216,0.0,20,0.20916715405090097,0.0066928509242848554,0.9890130573694068
933,1,1.0,1.0,1.0,1.0,1.0,0.7844078762854622,0.9852620886489799,0.46102292768959435,0.0,20,0.9804558942201979,0.0066928509242848554,0.9890130573694068
934,1,1.0,1.0,1.0,1.0,0.6049256,0.7844078762708316,0.9852926665074064,0.28352053999894533,0.0,20,0.7777855781842256,0.0066928509242848554,0.9890130573694068
935,1,1.0,1.0,1.0,1.0,1.0,0.7844078762853336,0.9852927082641626,0.7095577333741986,0.0,20,0.9995210168307956,0.0066928509242848554,0.9890130573694068
936,1,0.0,1.0,1.0,1.0,8.411024e-06,0.784407876216365,0.9852716602418388,0.2660969115137774,0.0,20,0.729374954289603,0.0066928509242848554,0.9890130573694068
937,1,0.0,1.0,1.0,0.0,0.019032998,0.7844078762515306,0.9852669459313055,0.5583276407337129,0.0,20,0.9953900360116783,0.0066928509242848554,0.9890130573694068
938,1,1.0,1.0,1.0,1.0,1.0,0.7844078737019379,0.985322689557927,0.6095260113379668,0.0,20,0.9978559025179207,0.0066928509242848554,0.9890130573694068
939,1,1.0,1.0,1.0,1.0,0.9949462,0.7844078762752079,0.9853197667621408,0.5074231499051234,0.0,20,0.9901593804454469,0.0066928509242848554,0.9890130573694068
940,1,1.0,1.0,1.0,1.0,0.9981359,0.7844078735270553,0.9853021021720578,0.3669051404345522,0.0,20,0.924392208283921,0.0066928509242848554,0.9890130573694068
941,1,0.0,1.0,1.0,1.0,0.4261879,0.7844078762626485,0.9852682465523211,0.3669868886521745,0.0,20,0.9244778659780319,0.0066928509242848554,0.9890130573694068
942,1,1.0,1.0,1.0,1.0,0.9999647,0.7842048886085589,0.9853202058380286,0.26165204678362575,0.0,20,0.7160152043861782,0.0066928509242848554,0.9890130573694068
943,1,0.0,1.0,1.0,1.0,0.034233328,0.7844066289228888,0.9852508228850861,0.31503942652329747,0.0,20,0.8488476426381093,0.0066928509242848554,0.9890130573694068
944,1,1.0,1.0,1.0,1.0,0.97513175,0.7844076029049794,0.9852674420937374,0.316184012066365,0.0,20,0.8510373204904336,0.0066928509242848554,0.9890130573694068
945,1,0.0,1.0,1.0,1.0,0.073553436,0.7844078748712457,0.9852961865259332,0.22446914249570796,0.0,20,0.5907428528486173,0.0066928509242848554,0.9890130573694068
946,1,1.0,1.0,1.0,1.0,0.9999825,0.7841905081763727,0.985283326273483,0.34578030782205355,0.0,20,0.8990492114651646,0.0066928509242848554,0.9890130573694068
947,1,0.0,1.0,1.0,1.0,3.878551e-06,0.7844067186505049,0.9852384593447688,0.13642024377318496,0.0,20,0.278142065373464,0.0066928509242848554,0.9890130573694068
948,1,1.0,1.0,1.0,1.0,0.82498175,0.7844071401641648,0.9853113796317594,0.3025324203755576,0.0,20,0.823171802621086,0.0066928509242848554,0.9890130573694068
949,1,0.0,1.0,1.0,1.0,0.022185983,0.7844078733289113,0.9852444903361463,0.22555043522785456,0.0,20,0.5946582972627558,0.0066928509242848554,0.9890130573694068
950,1,1.0,1.0,1.0,1.0,0.9999869,0.7844075646092425,0.9852843704949023,0.567531639068641,0.0,20,0.9959821187224668,0.0066928509242848554,0.9890130573694068
951,1,0.0,1.0,1.0,1.0,0.0010882195,0.7843796881188876,0.9852997630352159,0.22174695198592256,0.0,20,0.5808355340518249,0.0066928509242848554,0.9890130573694068
952,1,1.0,1.0,1.0,1.0,0.61515605,0.7844077446037573,0.9852814456008671,0.4878863944933851,0.0,20,0.9868525902820906,0.0066928509242848554,0.9890130573694068
953,1,1.0,1.0,1.0,1.0,0.9999987,0.7844078682173865,0.9853146335770091,0.4786231133981999,0.0,20,0.9849223115419155,0.0066928509242848554,0.9890130573694068
954,1,1.0,1.0,1.0,1.0,0.99999344,0.7844049456761527,0.9853004450617928,0.4926552234564603,0.0,20,0.9877490883517169,0.0066928509242848554,0.9890130573694068
955,1,1.0,1.0,1.0,1.0,0.98691803,0.7844074911462956,0.9852896332890614,0.31073599834551024,0.0,20,0.840377557957669,0.0066928509242848554,0.9890130573694068
956,1,1.0,1.0,1.0,1.0,0.99990714,0.7844062831588118,0.9852390404803376,0.692369813422445,0.0,20,0.9993802331260209,0.0066928509242848554,0.9890130573694068
957,1,1.0,1.0,1.0,1.0,1.0,0.7844061030603137,0.9852607948576692,0.48881733852961473,0.0,20,0.9870325427271028,0.0066928509242848554,0.9890130573694068
958,1,1.0,1.0,1.0,1.0,0.67407995,0.7844045144997308,0.985292931596552,0.160031311588405,0.0,20,0.3544511550933215,0.0066928509242848554,0.9890130573694068
959,1,1.0,1.0,1.0,1.0,0.9992243,0.7843921802167639,0.9852767898408938,0.5314494425221069,0.0,20,0.9931166428934806,0.0066928509242848554,0.9890130573694068
960,1,0.0,1.0,1.0,1.0,0.096020155,0.7844076813230866,0.9853390662480422,0.20154783125371362,0.0,20,0.5058041064780537,0.0066928509242848554,0.9890130573694068
961,1,0.0,1.0,1.0,1.0,2.8679872e-10,0.7844078745120424,0.9852682102999689,0.10756640244750382,0.0,20,0.19996646576196908,0.0066928509242848554,0.9890130573694068
962,1,1.0,1.0,1.0,1.0,1.0,0.7844078717452654,0.9852975859843274,0.40615083640293725,0.0,20,0.9565724519718314,0.0066928509242848554,0.9890130573694068
963,1,0.0,1.0,1.0,1.0,1.7201673e-07,0.784407547779688,0.9852662881392072,0.12805287289044973,0.0,20,0.2536561315556681,0.0066928509242848554,0.9890130573694068
964,1,0.0,1.0,1.0,1.0,5.746074e-06,0.7844076503201045,0.9852928463277245,0.1360211234252155,0.0,20,0.27694163828499413,0.0066928509242848554,0.9890130573694068
965,1,0.0,1.0,1.0,1.0,2.3279778e-10,0.7844078031833671,0.9852869935896398,0.18363547296853014,0.0,20,0.43893931455921514,0.0066928509242848554,0.9890130573694068
966,1,1.0,1.0,1.0,1.0,0.9999988,0.7843749690599636,0.9853086215054462,0.29247794507310076,0.0,20,0.8001399336625159,0.0066928509242848554,0.9890130573694068
967,1,0.0,1.0,1.0,1.0,7.702123e-05,0.784407169634155,0.9852887005420116,0.2420474373761571,0.0,20,0.6526507888964024,0.0066928509242848554,0.9890130573694068
968,1,1.0,0.7666666666666667,1.0,1.0,0.97270346,0.7843986511990858,0.7591501346553378,0.20164671059680703,0.0,20,0.5061748507899082,0.0066928509242848554,0.9890130573694068
969,1,1.0,1.0,1.0,1.0,0.99752575,0.7844078327260307,0.9762282546442109,0.577550410235016,0.0,20,0.9965408117890779,0.0066928509242848554,0.9890130573694068
970,1,0.0,1.0,1.0,1.0,0.2758494,0.784407729847306,0.9762115992388372,0.23350419224929028,0.0,20,0.6230614290971374,0.0066928509242848554,0.9890130573694068
971,1,0.0,1.0,1.0,1.0,1.3030594e-05,0.7844078049319023,0.9762391642536055,0.17963481688971883,0.0,20,0.4242189516590478,0.0066928509242848554,0.9890130573694068
972,1,0.0,1.0,1.0,1.0,3.7637558e-06,0.7844074079273479,0.9762254723095264,0.2820411497932506,0.0,20,0.7739265886538084,0.0066928509242848554,0.9890130573694068
973,1,0.0,1.0,1.0,1.0,2.2017752e-05,0.7844078063935207,0.9762563806260968,0.09318132558845205,0.0,20,0.16766317839092432,0.0066928509242848554,0.9890130573694068
974,1,1.0,1.0,1.0,1.0,1.0,0.7844077974644158,0.9761816745687636,0.532384698916139,0.0,20,0.9932118833326846,0.0066928509242848554,0.9890130573694068
975,1,0.0,1.0,1.0,1.0,0.009548435,0.7844078499715645,0.9762247476773918,0.24147960843462574,0.0,20,0.6507174037731638,0.0066928509242848554,0.9890130573694068
976,1,0.0,1.0,1.0,1.0,0.43241242,0.7844052244356907,0.9761861793507667,0.35292339484813534,0.0,20,0.9083664930532719,0.0066928509242848554,0.9890130573694068
977,1,1.0,1.0,1.0,1.0,0.99999785,0.7844077685153159,0.9761723911603275,0.32478984174485903,0.0,20,0.8666719184949395,0.0066928509242848554,0.9890130573694068
978,1,1.0,1.0,1.0,1.0,0.99999976,0.7844078515305751,0.9762367893284732,0.26740229155089834,0.0,20,0.7332225289543219,0.0066928509242848554,0.9890130573694068
979,1,1.0,1.0,1.0,1.0,1.0,0.7844078859037743,0.9762356243621605,0.4339096823643184,0.0,20,0.9709327539206792,0.0066928509242848554,0.9890130573694068
980,1,1.0,1.0,1.0,1.0,0.99999964,0.7844078751503,0.9762423551388347,0.7018023855809153,0.0,20,0.9994619580196684,0.0066928509242848554,0.9890130573694068
981,1,1.0,1.0,1.0,1.0,0.7593319,0.7844078755328252,0.9761994864080777,0.24555485276547895,0.0,20,0.6644799060845991,0.0066928509242848554,0.9890130573694068
982,1,0.0,1.0,1.0,1.0,1.3320203e-05,0.7844078773192064,0.9761510536844228,0.10615644107105209,0.0,20,0.19660444317143153,0.0066928509242848554,0.9890130573694068
983,1,1.0,1.0,1.0,1.0,0.99998796,0.7844088515168501,0.9761945022299466,0.5891821717885274,0.0,20,0.9970930294286885,0.0066928509242848554,0.9890130573694068
984,1,1.0,1.0,1.0,1.0,0.9999999,0.7844078896038766,0.9762135232999327,0.5805363045601382,0.0,20,0.9966918237679792,0.0066928509242848554,0.9890130573694068
985,1,1.0,1.0,1.0,1.0,0.9999453,0.7844079717514885,0.9761842030067565,0.5781768877763871,0.0,20,0.9965730552111645,0.0066928509242848554,0.9890130573694068
986,1,1.0,1.0,1.0,1.0,1.0,0.7844078762379971,0.9761881469857248,0.5278093775249798,0.0,20,0.9927331620923743,0.0066928509242848554,0.9890130573694068
987,1,1.0,1.0,1.0,1.0,0.99969447,0.7844078811265216,0.9762075057366847,0.39298011222659085,0.0,20,0.9475838998804488,0.0066928509242848554,0.9890130573694068
988,1,1.0,1.0,1.0,1.0,0.9999964,0.7844078758285312,0.9762596375344461,0.45925044854543123,0.0,20,0.9799398656480406,0.0066928509242848554,0.9890130573694068
989,1,1.0,1.0,1.0,1.0,0.81642175,0.7844078773842,0.9762486993852796,0.16326500297088534,0.0,20,0.3656266442033479,0.0066928509242848554,0.9890130573694068
990,1,1.0,1.0,1.0,1.0,0.96868837,0.7844078762854765,0.9762583266685974,0.322573372297637,0.0,20,0.8627831169389986,0.0066928509242848554,0.9890130573694068
991,1,0.0,1.0,1.0,1.0,0.01618795,0.784407876314584,0.9762580776099414,0.287624591503268,0.0,20,0.7882433080318506,0.0066928509242848554,0.9890130573694068
992,1,0.0,1.0,1.0,1.0,1.1310706e-05,0.784407876396768,0.9762456117565989,0.2369712377704705,0.0,20,0.6351948823866063,0.0066928509242848554,0.9890130573694068
993,1,1.0,1.0,1.0,1.0,0.9999999,0.7844078762921333,0.9762768180426123,0.4791089883246746,0.0,20,0.9850301611090144,0.0066928509242848554,0.9890130573694068
994,1,0.0,1.0,1.0,1.0,1.9137654e-07,0.784408174224288,0.9762272653145412,0.10268043387567792,0.0,20,0.18849891212663308,0.0066928509242848554,0.9890130573694068
995,1,1.0,1.0,1.0,1.0,0.9999999,0.7844078787903044,0.9762199546794305,0.5140077243018419,0.0,20,0.9910766095283623,0.0066928509242848554,0.9890130573694068
996,1,0.0,1.0,1.0,1.0,5.9769645e-06,0.7844078762795127,0.9761998745464044,0.16274718397997495,0.0,20,0.3638269580361713,0.0066928509242848554,0.9890130573694068
997,1,1.0,1.0,1.0,1.0,0.9994923,0.7844079131934757,0.9761521467802953,0.29782280319535226,0.0,20,0.8126530542099086,0.0066928509242848554,0.9890130573694068
998,1,1.0,1.0,1.0,1.0,0.8844358,0.7844078762775105,0.9762259631157322,0.6000511134896597,0.0,20,0.997529267200643,0.0066928509242848554,0.9890130573694068
999,1,0.0,1.0,1.0,1.0,0.46000534,0.7844078760471916,0.9761789144497772,0.24241570773316165,0.0,20,0.6539020214571053,0.0066928509242848554,0.9890130573694068
1000,1,0.0,1.0,1.0,1.0,0.009761589,0.7844081838526307,0.976182421544465,0.2900915821331046,0.0,20,0.7943541258237502,0.0066928509242848554,0.9890130573694068
1001,1,0.0,1.0,1.0,1.0,4.1045064e-07,0.7844078262445745,0.9761740410903512,0.10930809105251295,0.0,20,0.20417877119519678,0.0066928509242848554,0.9890130573694068
1002,1,1.0,1.0,1.0,1.0,0.99576664,0.7844078758130028,0.9762436664873027,0.5011779123414072,0.0,20,0.9892033998089301,0.0066928509242848554,0.9890130573694068
1003,1,1.0,1.0,1.0,1.0,1.0,0.7844078764422193,0.9762487546630179,0.473530937429438,0.0,20,0.98374496638849,0.0066928509242848554,0.9890130573694068
1004,1,1.0,1.0,1.0,1.0,1.0,0.7844078944831311,0.97620877504018,0.5940533205619413,0.0,20,0.9972973058265708,0.0066928509242848554,0.9890130573694068
1005,1,1.0,1.0,1.0,1.0,0.9722633,0.7844078807894594,0.9762102364873377,0.28547160243407704,0.0,20,0.7828026164987447,0.0066928509242848554,0.9890130573694068
1006,1,0.0,1.0,1.0,1.0,0.0013648843,0.7844078742612987,0.9762408148764478,0.12372806709302599,0.0,20,0.24157224022810653,0.0066928509242848554,0.9890130573694068
1007,1,1.0,1.0,1.0,1.0,0.9999893,0.7844078718002453,0.9762331348847287,0.37098982676324727,0.0,20,0.9285646658873301,0.0066928509242848554,0.9890130573694068
