win_idx,label,acc_v,acc_m,acc_u,acc_fused,P_v,P_m,P_u,brightness,multipath_p,emi,w_v,w_m,w_u
0,0,1.0,0.0,1.0,1.0,5.0128002e-17,0.7844078648152788,0.017931408545580833,0.472991239048811,0.0,20,0.9836150049567277,0.0066928509242848554,0.9890130573694068
1,0,1.0,0.0,1.0,1.0,0.00042936762,0.7844078757712789,0.01798717809095083,0.7343932167461579,0.0,20,0.9996699374474312,0.0066928509242848554,0.9890130573694068
2,0,1.0,0.0,1.0,1.0,1.6319114e-05,0.7844078762852722,0.018020597910476752,0.5560317037825688,0.0,20,0.9952292783423453,0.0066928509242848554,0.9890130573694068
3,0,1.0,0.0,1.0,1.0,0.47118104,0.7844078762783582,0.017997658258503905,0.5650567877424193,0.0,20,0.9958307942845372,0.0066928509242848554,0.9890130573694068
4,0,1.0,0.0,1.0,1.0,1.5666826e-13,0.7844078762839953,0.017963343694945854,0.3502101817646006,0.0,20,0.9049221360849063,0.0066928509242848554,0.9890130573694068
5,0,1.0,0.0,1.0,1.0,5.304958e-07,0.7844078762109734,0.017924554377558813,0.5149133556931544,0.0,20,0.9911959494234546,0.0066928509242848554,0.9890130573694068
6,0,1.0,0.0,1.0,1.0,1.3533453e-12,0.7844078762854646,0.01797889242178529,0.673453240945501,0.0,20,0.9991770555836388,0.0066928509242848554,0.9890130573694068
7,0,1.0,0.0,1.0,1.0,1.1514569e-06,0.7843861701004506,0.017999043083354278,0.7697336293007769,0.0,20,0.9998057177852178,0.0066928509242848554,0.9890130573694068
8,0,1.0,0.0,1.0,1.0,2.8957786e-10,0.784407876285402,0.017979332235081153,0.47668504901960784,0.0,20,0.9844844557890989,0.0066928509242848554,0.9890130573694068
9,0,1.0,0.0,1.0,1.0,1.1934823e-09,0.784407876285436,0.017934898116321377,0.5316325014854426,0.0,20,0.9931353883012218,0.0066928509242848554,0.9890130573694068
10,0,1.0,0.0,1.0,1.0,6.8180616e-14,0.7844078732890211,0.018024853793874734,0.33882466076946466,0.0,20,0.8891777814033919,0.0066928509242848554,0.9890130573694068
11,0,1.0,0.0,1.0,1.0,1.1586832e-10,0.7844078762812245,0.01794153005452479,0.5884112486188611,0.0,20,0.9970593179760735,0.0066928509242848554,0.9890130573694068
12,0,1.0,0.0,1.0,1.0,1.3889149e-13,0.7844078762854647,0.017984105478256816,0.33007862082030875,0.0,20,0.8755751768867807,0.0066928509242848554,0.9890130573694068
13,0,1.0,0.0,1.0,1.0,2.0276866e-06,0.7844078762854555,0.017977887353838273,0.7197594013450791,0.0,20,0.9995889526535902,0.0066928509242848554,0.9890130573694068
14,0,1.0,0.0,1.0,1.0,1.0844609e-08,0.784407876285417,0.01800379675784031,0.6626667099152869,0.0,20,0.9990326676688622,0.0066928509242848554,0.9890130573694068
15,0,1.0,0.0,1.0,1.0,7.660099e-06,0.7844078762852931,0.017967707019537614,0.5985256117951057,0.0,20,0.9974722233417367,0.0066928509242848554,0.9890130573694068
16,0,1.0,0.0,1.0,1.0,1.082238e-11,0.7844078762815511,0.018027329601493898,0.7068883723702247,0.0,20,0.9995014587636409,0.0066928509242848554,0.9890130573694068
17,0,1.0,0.0,1.0,1.0,9.976099e-06,0.7844078762854648,0.017953857702985413,0.39298388946221763,0.0,20,0.9475867139621446,0.0066928509242848554,0.9890130573694068
18,0,1.0,0.0,1.0,1.0,8.267703e-14,0.7844078762854647,0.01799076212971997,0.6812643081924128,0.0,20,0.9992679757493127,0.0066928509242848554,0.9890130573694068
19,0,1.0,0.0,1.0,1.0,1.0540571e-15,0.7844078762853978,0.018011938273184497,0.4100180781532471,0.0,20,0.9589194054137641,0.0066928509242848554,0.9890130573694068
20,0,1.0,0.0,1.0,1.0,0.00054043124,0.7844078762846033,0.017995439624971823,0.43718395252837977,0.0,20,0.9722872661273539,0.0066928509242848554,0.9890130573694068
21,0,1.0,0.0,1.0,1.0,2.6840419e-11,0.7844078762618556,0.018019081203157514,0.36602447180422554,0.0,20,0.9234637511198427,0.0066928509242848554,0.9890130573694068
22,0,1.0,0.0,1.0,1.0,3.1691798e-07,0.7844078762854412,0.01798814495178165,0.5224870335230866,0.0,20,0.9921339765723572,0.0066928509242848554,0.9890130573694068
23,0,1.0,0.0,1.0,1.0,0.01930715,0.7844078762853959,0.018013987370656712,0.48017834523990477,0.0,20,0.9852648570601449,0.0066928509242848554,0.9890130573694068
24,0,1.0,0.0,1.0,1.0,1.0338325e-13,0.7844078762854616,0.017994259429324994,0.6507326242043658,0.0,20,0.9988432567619593,0.0066928509242848554,0.9890130573694068
25,0,1.0,0.0,1.0,1.0,8.649128e-09,0.7844078762853867,0.01800262463200949,0.6363720612623158,0.0,20,0.9985656110476121,0.0066928509242848554,0.9890130573694068
26,0,1.0,0.0,1.0,1.0,4.183207e-11,0.7844078762854293,0.018033540240071335,0.6514026292335116,0.0,20,0.9988548106495583,0.0066928509242848554,0.9890130573694068
27,0,1.0,0.0,1.0,1.0,1.0084135e-09,0.7844078762854548,0.018004705303120254,0.6577132951563839,0.0,20,0.9989581338893614,0.0066928509242848554,0.9890130573694068
28,0,1.0,0.0,1.0,1.0,0.022972692,0.7844078762854415,0.01798408274545265,0.7064496111482088,0.0,20,0.999498168486304,0.0066928509242848554,0.9890130573694068
29,0,1.0,0.0,1.0,1.0,1.0084135e-09,0.7844078705877883,0.01792970535318912,0.6577132951563839,0.0,20,0.9989581338893614,0.0066928509242848554,0.9890130573694068
30,0,1.0,0.0,1.0,1.0,0.00032671785,0.784407876285444,0.017984881107937334,0.6671687462863933,0.0,20,0.999095778156155,0.0066928509242848554,0.9890130573694068
31,0,1.0,0.0,1.0,1.0,3.0423872e-11,0.7844078760549442,0.018007250220193373,0.5627621591272167,0.0,20,0.9956854243282073,0.0066928509242848554,0.9890130573694068
32,0,1.0,0.0,1.0,1.0,6.290681e-15,0.7844078762854612,0.017989401710480895,0.39699554999304687,0.0,20,0.9504961303695368,0.0066928509242848554,0.9890130573694068
33,0,1.0,0.0,1.0,1.0,0.0031141515,0.784407876285393,0.01798038016129758,0.5628752511105453,0.0,20,0.9956927057834333,0.0066928509242848554,0.9890130573694068
34,0,1.0,0.0,1.0,1.0,2.1842863e-13,0.7844078762854643,0.017935001090497265,0.8479398516163222,0.0,20,0.9999398793930001,0.0066928509242848554,0.9890130573694068
35,0,1.0,0.23333333333333334,1.0,1.0,2.6139008e-12,0.7844078762754133,0.23606839690551137,0.5148561988898124,0.0,20,0.9911884645554929,0.0066928509242848554,0.9890130573694068
36,1,1.0,1.0,1.0,1.0,0.999416,0.7844078761725864,0.9526219454292123,0.5532285055729216,0.0,20,0.9950254212075569,0.0066928509242848554,0.9890130573694068
37,1,1.0,1.0,1.0,1.0,1.0,0.7844078762849789,0.9526669229597484,0.7175756577140661,0.0,20,0.9995752711891158,0.0066928509242848554,0.9890130573694068
38,1,1.0,1.0,1.0,1.0,0.9999995,0.7844078761794878,0.9526235641964804,0.8170417223042145,0.0,20,0.9999044366712959,0.0066928509242848554,0.9890130573694068
39,1,1.0,1.0,1.0,1.0,1.0,0.7844078761666676,0.952788620689775,0.408818164081553,0.0,20,0.9582044967445575,0.0066928509242848554,0.9890130573694068
40,1,1.0,1.0,1.0,1.0,1.0,0.7844078762851159,0.9527043263594909,0.3665144863915715,0.0,20,0.9239816389195311,0.0066928509242848554,0.9890130573694068
41,1,1.0,1.0,1.0,1.0,0.916191,0.7844078574686658,0.9525249004101176,0.5083182996677806,0.0,20,0.9902893552238379,0.0066928509242848554,0.9890130573694068
42,1,1.0,1.0,1.0,1.0,1.0,0.7844078747778087,0.9526339709916037,0.4387786157197922,0.0,20,0.9729245529910294,0.0066928509242848554,0.9890130573694068
43,1,1.0,1.0,1.0,1.0,0.99999976,0.7844077867654974,0.952720876364907,0.3637600573432921,0.0,20,0.9210282750762725,0.0066928509242848554,0.9890130573694068
44,1,1.0,1.0,1.0,1.0,0.99990904,0.7844078666918233,0.9525701164743524,0.5674707602339182,0.0,20,0.9959784627497394,0.0066928509242848554,0.9890130573694068
45,1,1.0,1.0,1.0,1.0,1.0,0.784407482912523,0.9526000918341148,0.4850824420677362,0.0,20,0.9862955658480955,0.0066928509242848554,0.9890130573694068
46,1,1.0,1.0,1.0,1.0,1.0,0.7844078178542238,0.9526672092802719,0.5805175417632165,0.0,20,0.9966908956587719,0.0066928509242848554,0.9890130573694068
47,1,1.0,1.0,1.0,1.0,0.9999666,0.7844078762623926,0.9526889237509628,0.6713575921486672,0.0,20,0.9991507979762646,0.0066928509242848554,0.9890130573694068
48,1,1.0,1.0,1.0,1.0,1.0,0.7844071132291383,0.9525315113471223,0.4980261437908497,0.0,20,0.9886866293624904,0.0066928509242848554,0.9890130573694068
49,1,1.0,1.0,1.0,1.0,1.0,0.7844078542061476,0.9527035603895615,0.5871866237191314,0.0,20,0.9970049635772605,0.0066928509242848554,0.9890130573694068
50,1,1.0,1.0,1.0,1.0,1.0,0.7844053020493639,0.9528449814702354,0.3662729253317488,0.0,20,0.9237267404335548,0.0066928509242848554,0.9890130573694068
51,1,1.0,1.0,1.0,1.0,1.0,0.7844077954674145,0.9527069522425691,0.6230632739851353,0.0,20,0.9982492331919136,0.0066928509242848554,0.9890130573694068
52,1,1.0,1.0,1.0,1.0,1.0,0.7844068916814924,0.9526537639602253,0.415833081950729,0.0,20,0.9622211987687119,0.0066928509242848554,0.9890130573694068
53,1,1.0,1.0,1.0,1.0,0.9999995,0.7844067473039545,0.9526634496117554,0.24789408412937824,0.0,20,0.6722570702242395,0.0066928509242848554,0.9890130573694068
54,1,1.0,1.0,1.0,1.0,1.0,0.7844077365538893,0.9526832725831196,0.6640377297872554,0.0,20,0.9990523393242902,0.0066928509242848554,0.9890130573694068
55,1,1.0,1.0,1.0,1.0,1.0,0.7844075891188808,0.9527134340647619,0.7622989766081871,0.0,20,0.9997828021504124,0.0066928509242848554,0.9890130573694068
56,1,1.0,1.0,1.0,1.0,1.0,0.7844075107823446,0.9526429272656846,0.39575399566631836,0.0,20,0.9496124548687989,0.0066928509242848554,0.9890130573694068
57,1,1.0,1.0,1.0,1.0,1.0,0.7844070824259171,0.9525524558897509,0.7175756577140661,0.0,20,0.9995752711891158,0.0066928509242848554,0.9890130573694068
58,1,1.0,1.0,1.0,1.0,1.0,0.7844077791293743,0.9526190913473905,0.38703501976922455,0.0,20,0.9429736714424501,0.0066928509242848554,0.9890130573694068
59,1,1.0,1.0,1.0,1.0,0.9999993,0.7844078752323178,0.9527751619383579,0.40807701819466524,0.0,20,0.9577569935336163,0.0066928509242848554,0.9890130573694068
60,1,1.0,1.0,1.0,1.0,1.0,0.7844074181927443,0.9528180128496632,0.7768838399557354,0.0,20,0.9998254731816631,0.0066928509242848554,0.9890130573694068
61,1,1.0,1.0,1.0,1.0,1.0,0.7844077897957351,0.952704572698018,0.7082668524926311,0.0,20,0.999511656374988,0.0066928509242848554,0.9890130573694068
62,1,1.0,1.0,1.0,1.0,0.9999919,0.7844078761900122,0.9526200810478043,0.6551456622535055,0.0,20,0.9989172684867411,0.0066928509242848554,0.9890130573694068
63,1,1.0,1.0,1.0,1.0,1.0,0.7844298803767826,0.9526450571056428,0.37205725883604696,0.0,20,0.9296194840395884,0.0066928509242848554,0.9890130573694068
64,1,1.0,1.0,1.0,1.0,0.9999635,0.7844078763399982,0.9526139841733762,0.44845593006832846,0.0,20,0.9764968931758398,0.0066928509242848554,0.9890130573694068
65,1,1.0,1.0,1.0,1.0,0.9867486,0.7844078802064538,0.9526505195433699,0.39120448179271705,0.0,20,0.9462451216753036,0.0066928509242848554,0.9890130573694068
66,1,1.0,1.0,1.0,1.0,1.0,0.7844078764289043,0.95267449137166,0.4462799827392041,0.0,20,0.9757360344108759,0.0066928509242848554,0.9890130573694068
67,1,1.0,1.0,1.0,1.0,1.0,0.7844078762870939,0.9527396926168732,0.23549757351500272,0.0,20,0.6300575246648786,0.0066928509242848554,0.9890130573694068
68,1,1.0,1.0,1.0,1.0,0.999987,0.7844078763082568,0.9526710569954786,0.5429381204467709,0.0,20,0.9941999500088662,0.0066928509242848554,0.9890130573694068
69,1,1.0,1.0,1.0,1.0,1.0,0.7844078753882359,0.9526611252746843,0.37496983408748114,0.0,20,0.9324248036740619,0.0066928509242848554,0.9890130573694068
70,1,1.0,1.0,1.0,1.0,0.999998,0.7844076899242748,0.9526799533353251,0.24017046735099473,0.0,20,0.6462410917582152,0.0066928509242848554,0.9890130573694068
71,1,1.0,1.0,1.0,1.0,1.0,0.7844064543177754,0.9526356290789474,0.3811609859738202,0.0,20,0.9380464634991541,0.0066928509242848554,0.9890130573694068
72,1,1.0,1.0,1.0,1.0,1.0,0.7844078760009613,0.9526157226340045,0.7446968273922195,0.0,20,0.99971718999915,0.0066928509242848554,0.9890130573694068
73,1,1.0,1.0,1.0,1.0,1.0,0.7844078096716982,0.9526352944513776,0.5204046915569881,0.0,20,0.9918864278035081,0.0066928509242848554,0.9890130573694068
74,1,1.0,1.0,1.0,1.0,0.9999999,0.784407876793147,0.9525913218220289,0.3001561923914865,0.0,20,0.817923649350323,0.0066928509242848554,0.9890130573694068
75,1,1.0,1.0,1.0,1.0,1.0,0.7844772802492884,0.9527314404012925,0.415765393876849,0.0,20,0.9621842729328356,0.0066928509242848554,0.9890130573694068
76,1,1.0,1.0,1.0,1.0,0.9999968,0.784407876282275,0.9526146290312475,0.3247471398650711,0.0,20,0.8665978869854336,0.0066928509242848554,0.9890130573694068
77,1,1.0,1.0,1.0,1.0,1.0,0.7844078763179279,0.9527781865992746,0.6040383813099708,0.0,20,0.9976723731729266,0.0066928509242848554,0.9890130573694068
78,1,1.0,1.0,1.0,1.0,1.0,0.7844368544486218,0.9526294768764619,0.42912660256410257,0.0,20,0.9688380310062223,0.0066928509242848554,0.9890130573694068
79,1,1.0,1.0,1.0,1.0,1.0,0.7844078762883996,0.9526071261418583,0.6249312890742776,0.0,20,0.9982975267975314,0.0066928509242848554,0.9890130573694068
80,1,1.0,1.0,1.0,1.0,1.0,0.7844078762857338,0.9525726195286442,0.5512575040465507,0.0,20,0.9948769166889357,0.0066928509242848554,0.9890130573694068
81,1,1.0,1.0,1.0,1.0,0.9999999,0.7844078774174685,0.9527706264187462,0.491536120621088,0.0,20,0.9875442852670132,0.0066928509242848554,0.9890130573694068
82,1,1.0,1.0,1.0,1.0,0.9995952,0.7844078868569929,0.9526757037825073,0.7004763487315829,0.0,20,0.9994511548567283,0.0066928509242848554,0.9890130573694068
83,1,1.0,1.0,1.0,1.0,1.0,0.7844078768873946,0.9526914718181462,0.6295301578034026,0.0,20,0.9984108290313476,0.0066928509242848554,0.9890130573694068
84,1,1.0,1.0,1.0,1.0,0.99998677,0.7844078829614126,0.9527085650075301,0.4452936876504988,0.0,20,0.9753832968117044,0.0066928509242848554,0.9890130573694068
85,1,1.0,1.0,1.0,1.0,1.0,0.7844078765996054,0.952699360536273,0.5638196878321914,0.0,20,0.9957530377811865,0.0066928509242848554,0.9890130573694068
86,1,1.0,1.0,1.0,1.0,1.0,0.7844078784198026,0.9525567219639642,0.5711142847733077,0.0,20,0.996191538600865,0.0066928509242848554,0.9890130573694068
87,1,1.0,1.0,1.0,1.0,1.0,0.7844105141795599,0.9526114420300492,0.5545684667309547,0.0,20,0.9951239265371274,0.0066928509242848554,0.9890130573694068
88,1,1.0,1.0,1.0,1.0,1.0,0.7844078762876997,0.9527192325750264,0.5825683502959245,0.0,20,0.9967908192601422,0.0066928509242848554,0.9890130573694068
89,1,1.0,1.0,1.0,1.0,1.0,0.7844078762875302,0.9524653591466399,0.6498968818296549,0.0,20,0.9988286814893275,0.0066928509242848554,0.9890130573694068
90,1,1.0,1.0,1.0,1.0,0.9995364,0.7844078762870715,0.9527415191289514,0.45314245395127745,0.0,20,0.9780573657177551,0.0066928509242848554,0.9890130573694068
91,1,1.0,1.0,1.0,1.0,1.0,0.7844078763648672,0.9524915576668939,0.8388695012888876,0.0,20,0.9999311177066819,0.0066928509242848554,0.9890130573694068
92,1,1.0,1.0,1.0,1.0,1.0,0.7844078842472183,0.9527219850415534,0.5570687878941413,0.0,20,0.99530257274761,0.0066928509242848554,0.9890130573694068
93,1,1.0,1.0,1.0,1.0,1.0,0.7844078762854652,0.9525766764191675,0.5800436528253079,0.0,20,0.9966673683094767,0.0066928509242848554,0.9890130573694068
94,1,1.0,1.0,1.0,1.0,1.0,0.7844103293083009,0.9526454850918534,0.5292245213497585,0.0,20,0.9928847047391686,0.0066928509242848554,0.9890130573694068
95,1,1.0,1.0,1.0,1.0,1.0,0.7844078762871913,0.9525289365554546,0.4689302488325461,0.0,20,0.9826037920862795,0.0066928509242848554,0.9890130573694068
96,1,1.0,1.0,1.0,1.0,1.0,0.7844078762873329,0.9526162663130449,0.456552498523408,0.0,20,0.9791286875915431,0.0066928509242848554,0.9890130573694068
97,1,1.0,1.0,1.0,1.0,1.0,0.7844078763797527,0.952737174275975,0.6931643490729625,0.0,20,0.9993875711910061,0.0066928509242848554,0.9890130573694068
98,1,1.0,1.0,1.0,1.0,1.0,0.784407876285465,0.9525907698432695,0.5269580653875434,0.0,20,0.9926404591791825,0.0066928509242848554,0.9890130573694068
99,1,1.0,1.0,1.0,1.0,0.9999945,0.7844078762854987,0.9526413711433742,0.5177522815111596,0.0,20,0.9915598917976416,0.0066928509242848554,0.9890130573694068
100,1,1.0,1.0,1.0,1.0,1.0,0.7844107353769499,0.9526272482280489,0.6820185438516492,0.0,20,0.9992762048987396,0.0066928509242848554,0.9890130573694068
101,1,1.0,1.0,1.0,1.0,0.9999987,0.7844080436621798,0.952632545934722,0.5473942886593108,0.0,20,0.9945729315891647,0.0066928509242848554,0.9890130573694068
102,1,1.0,1.0,1.0,1.0,0.9999988,0.7844078762854648,0.9527077215922226,0.2881544573586096,0.0,20,0.7895669134548758,0.0066928509242848554,0.9890130573694068
103,1,1.0,1.0,1.0,1.0,1.0,0.7844080967066256,0.9525554233132176,0.2978200855771396,0.0,20,0.812646847848985,0.0066928509242848554,0.9890130573694068
104,1,1.0,1.0,1.0,1.0,1.0,0.7844078762854757,0.9526510910052809,0.6705144132951619,0.0,20,0.9991399986258034,0.0066928509242848554,0.9890130573694068
105,1,1.0,1.0,1.0,1.0,1.0,0.7844078762856085,0.9526530259850149,0.46168140458797896,0.0,20,0.9806442660986887,0.0066928509242848554,0.9890130573694068
106,1,1.0,0.9166666666666666,1.0,1.0,1.0,0.7844078762854654,0.878284419009978,0.7763491366695932,0.0,20,0.9998240679993493,0.0066928509242848554,0.9890130573694068
107,1,1.0,1.0,1.0,1.0,1.0,0.7844078768232136,0.9651765401643224,0.8393848244196126,0.0,20,0.999931648067429,0.0066928509242848554,0.9890130573694068
108,1,1.0,1.0,1.0,1.0,1.0,0.784407876891468,0.9652272495645267,0.4829964913009896,0.0,20,0.9858661416972291,0.0066928509242848554,0.9890130573694068
109,1,1.0,1.0,1.0,1.0,1.0,0.7844078763985534,0.9652536278167616,0.5704537273846736,0.0,20,0.9961537612847075,0.0066928509242848554,0.9890130573694068
110,1,1.0,1.0,1.0,1.0,1.0,0.7844078767380906,0.965375681993013,0.43088318660797653,0.0,20,0.9696237718705657,0.0066928509242848554,0.9890130573694068
111,1,1.0,1.0,1.0,1.0,1.0,0.784407876285499,0.9653044355712057,0.44045261585513457,0.0,20,0.9735782132350382,0.0066928509242848554,0.9890130573694068
112,1,1.0,1.0,1.0,1.0,1.0,0.7844079581106073,0.9652109680130411,0.6382840037550702,0.0,20,0.9986061072708408,0.0066928509242848554,0.9890130573694068
113,1,0.0,1.0,1.0,1.0,0.0055342275,0.7844078775580168,0.965261891662485,0.33678405572755415,0.0,20,0.8861254205129248,0.0066928509242848554,0.9890130573694068
114,1,1.0,1.0,1.0,1.0,1.0,0.7844081374589938,0.9652357020869645,0.5461500155617802,0.0,20,0.9944712543696816,0.0066928509242848554,0.9890130573694068
115,1,1.0,1.0,1.0,1.0,1.0,0.7844078772054724,0.9651384597725833,0.26370890644815137,0.0,20,0.7222467272982535,0.0066928509242848554,0.9890130573694068
116,1,1.0,1.0,1.0,1.0,1.0,0.7844078765760434,0.9652302282716152,0.5570687878941413,0.0,20,0.99530257274761,0.0066928509242848554,0.9890130573694068
117,1,1.0,1.0,1.0,1.0,1.0,0.7844078763168564,0.9652461320250116,0.5003037084398977,0.0,20,0.9890624497347517,0.0066928509242848554,0.9890130573694068
118,1,1.0,1.0,1.0,1.0,1.0,0.7844078766566827,0.9652973362269368,0.4569680354411268,0.0,20,0.9792556847330597,0.0066928509242848554,0.9890130573694068
119,1,1.0,1.0,1.0,1.0,1.0,0.7844078765453245,0.965270888966415,0.44558206718972193,0.0,20,0.975486946519101,0.0066928509242848554,0.9890130573694068
120,1,1.0,1.0,1.0,1.0,1.0,0.7844078762854686,0.9651552251099962,0.5929858559758838,0.0,20,0.9972538018521175,0.0066928509242848554,0.9890130573694068
121,1,1.0,1.0,1.0,1.0,1.0,0.7844078762855395,0.9652049655096886,0.401432688175445,0.0,20,0.9535355995630964,0.0066928509242848554,0.9890130573694068
122,1,1.0,1.0,1.0,1.0,1.0,0.7844078762858874,0.9652741468036405,0.38959745265627616,0.0,20,0.945005719443026,0.0066928509242848554,0.9890130573694068
123,1,1.0,1.0,1.0,1.0,1.0,0.7844082816593888,0.9652116205496825,0.29913650743985537,0.0,20,0.8156347216506247,0.0066928509242848554,0.9890130573694068
124,1,1.0,1.0,1.0,1.0,1.0,0.7844078777308388,0.9652240574190603,0.4273563811489508,0.0,20,0.9680263046668671,0.0066928509242848554,0.9890130573694068
125,1,1.0,1.0,1.0,1.0,1.0,0.7844078831979587,0.9652531559640475,0.692583289522363,0.0,20,0.9993822133090944,0.0066928509242848554,0.9890130573694068
126,1,1.0,1.0,1.0,1.0,0.9999895,0.7844078763502438,0.9652404307410534,0.43905228758169934,0.0,20,0.9730324807793961,0.0066928509242848554,0.9890130573694068
127,1,1.0,1.0,1.0,1.0,1.0,0.7844078762854672,0.9652781310019365,0.3604409285081554,0.0,20,0.9173302601333704,0.0066928509242848554,0.9890130573694068
128,1,1.0,1.0,1.0,1.0,0.999985,0.7844078762898318,0.9652580352589126,0.3921935212753592,0.0,20,0.9469947617976124,0.0066928509242848554,0.9890130573694068
129,1,1.0,0.7666666666666667,1.0,1.0,1.0,0.784407876346099,0.7440995601538006,0.6560530982418807,0.0,20,0.9989318906476191,0.0066928509242848554,0.9890130573694068
130,0,0.0,0.0,1.0,1.0,0.5488444,0.7844078573345061,0.017989162692211187,0.7092312719959779,0.0,20,0.9995186666676152,0.0066928509242848554,0.9890130573694068
131,0,1.0,0.0,1.0,1.0,3.244692e-16,0.7844078747909506,0.01794095405624273,0.905253361573762,0.0,20,0.9999745507904183,0.0066928509242848554,0.9890130573694068
132,0,1.0,0.0,1.0,1.0,2.0018064e-11,0.7844078762854647,0.01800719109599184,0.6467314276137806,0.0,20,0.9987717935880588,0.0066928509242848554,0.9890130573694068
133,0,1.0,0.0,1.0,1.0,5.9648187e-06,0.7844078762777968,0.017988497020907105,0.6529417971683767,0.0,20,0.9988809181045644,0.0066928509242848554,0.9890130573694068
134,0,1.0,0.0,1.0,1.0,2.3210598e-11,0.784407876125606,0.0179391233430127,0.455727036334247,0.0,20,0.9788741472993934,0.0066928509242848554,0.9890130573694068
135,0,1.0,0.0,1.0,1.0,3.9485346e-11,0.7844078762649411,0.018009826440884644,0.6369524979982496,0.0,20,0.9985780277381097,0.0066928509242848554,0.9890130573694068
136,0,1.0,0.0,1.0,1.0,0.18225424,0.7844078762797406,0.017959518523140157,0.54869660552393,0.0,20,0.9946773604259769,0.0066928509242848554,0.9890130573694068
137,0,1.0,0.0,1.0,1.0,3.5740793e-09,0.7844078762854548,0.017994566636050504,0.3127534774593598,0.0,20,0.8443953300831907,0.0066928509242848554,0.9890130573694068
138,0,0.0,0.0,1.0,1.0,0.6259391,0.7844078762816709,0.017980674549816174,0.5185695187165776,0.0,20,0.991661866353788,0.0066928509242848554,0.9890130573694068
139,0,1.0,0.0,1.0,1.0,0.14036973,0.7844078752825138,0.01797778871404188,0.5008138309087076,0.0,20,0.9891449176815169,0.0066928509242848554,0.9890130573694068
140,0,1.0,0.0,1.0,1.0,1.1785684e-12,0.7844078762853925,0.018013767060121776,0.8598475845802048,0.0,20,0.9999497130046966,0.0066928509242848554,0.9890130573694068
141,0,1.0,0.0,1.0,1.0,3.8642995e-14,0.7844078762733381,0.017980653108230812,0.6401856487275761,0.0,20,0.9986452527814531,0.0066928509242848554,0.9890130573694068
142,0,1.0,0.0,1.0,1.0,3.5044235e-12,0.7844078762851127,0.018020645010820575,0.6126016439855598,0.0,20,0.997952374366524,0.0066928509242848554,0.9890130573694068
143,0,1.0,0.0,1.0,1.0,0.027203523,0.7844078762840424,0.01791135883436721,0.7256139829669241,0.0,20,0.9996234976683306,0.0066928509242848554,0.9890130573694068
144,0,1.0,0.0,1.0,1.0,1.1376657e-08,0.784407876283525,0.017976796859163972,0.5589138487639064,0.0,20,0.9954302098538746,0.0066928509242848554,0.9890130573694068
145,0,1.0,0.0,1.0,1.0,1.7661964e-08,0.7844078758628344,0.01802417191027999,0.5653903903903903,0.0,20,0.9958515187101362,0.0066928509242848554,0.9890130573694068
146,0,1.0,0.0,1.0,1.0,6.5023265e-11,0.7843889112115482,0.018008297762909773,0.7148091521150184,0.0,20,0.9995572831232478,0.0066928509242848554,0.9890130573694068
147,0,1.0,0.0,1.0,1.0,8.314631e-12,0.7844078750756225,0.017972014745840852,0.6307719484190073,0.0,20,0.9984401105624798,0.0066928509242848554,0.9890130573694068
148,0,1.0,0.0,1.0,1.0,2.2051854e-07,0.7844078762274787,0.01796988507863436,0.6122766547279387,0.0,20,0.9979423887408798,0.0066928509242848554,0.9890130573694068
149,0,1.0,0.0,1.0,1.0,7.429258e-05,0.7844078762848834,0.01802097174029296,0.5644479026178373,0.0,20,0.9957927022944898,0.0066928509242848554,0.9890130573694068
150,0,1.0,0.0,1.0,1.0,0.0102354195,0.7844078762816442,0.01791622531435979,0.29952222604441386,0.0,20,0.8165031681989877,0.0066928509242848554,0.9890130573694068
151,0,1.0,0.0,1.0,1.0,1.4249879e-09,0.7844078731723944,0.017955094829708983,0.5587363834422658,0.0,20,0.9954180847710745,0.0066928509242848554,0.9890130573694068
152,0,1.0,0.0,1.0,1.0,3.3905146e-11,0.7844078762606667,0.01799110838264149,0.3202783829581215,0.0,20,0.8586564859078711,0.0066928509242848554,0.9890130573694068
153,0,1.0,0.0,1.0,1.0,1.3354037e-06,0.7844078762854648,0.017994991103562997,0.6196621922365123,0.0,20,0.9981577669252324,0.0066928509242848554,0.9890130573694068
154,0,1.0,0.0,1.0,1.0,9.481003e-08,0.7844078762826807,0.017981715346735136,0.6154915488344939,0.0,20,0.9980390693329849,0.0066928509242848554,0.9890130573694068
155,0,1.0,0.0,1.0,1.0,1.1239578e-06,0.7844078762854426,0.01801077089241053,0.5817040603956453,0.0,20,0.9967490795978056,0.0066928509242848554,0.9890130573694068
156,0,1.0,0.0,1.0,1.0,2.0467916e-09,0.7844078762854643,0.018027105502686047,0.646533661083481,0.0,20,0.9987681492016037,0.0066928509242848554,0.9890130573694068
157,0,1.0,0.0,1.0,1.0,0.00022573724,0.7844078762828345,0.017992616411562946,0.5732170974450387,0.0,20,0.9963093546118976,0.0066928509242848554,0.9890130573694068
158,0,1.0,0.0,1.0,1.0,1.0661109e-13,0.7844078762769918,0.01799019794402174,0.9297942833047197,0.0,20,0.999982388031554,0.0066928509242848554,0.9890130573694068
159,0,1.0,0.0,1.0,1.0,0.08801428,0.7844078762642783,0.01793261412654038,0.46758757596605893,0.0,20,0.9822561586612949,0.0066928509242848554,0.9890130573694068
160,0,1.0,0.0,1.0,1.0,2.674818e-18,0.7844078762784633,0.017995141881579736,0.6310117525270977,0.0,20,0.998445702795885,0.0066928509242848554,0.9890130573694068
161,0,1.0,0.0,1.0,1.0,1.4787933e-10,0.7844078762852341,0.017980827901176496,0.3847472208256522,0.0,20,0.9410999999544127,0.0066928509242848554,0.9890130573694068
162,0,1.0,0.0,1.0,1.0,1.887852e-10,0.7844078762849382,0.01797499150906416,0.7958602098777318,0.0,20,0.9998687011395466,0.0066928509242848554,0.9890130573694068
163,0,1.0,0.0,1.0,1.0,1.4212995e-12,0.7844078762852392,0.017971015147755485,0.4704229499929137,0.0,20,0.982982419018183,0.0066928509242848554,0.9890130573694068
164,0,1.0,0.0,1.0,1.0,4.183207e-11,0.7844078762852714,0.01802964917413064,0.6514026292335116,0.0,20,0.9988548106495583,0.0066928509242848554,0.9890130573694068
165,0,1.0,0.0,1.0,1.0,0.00083761424,0.7844078762854612,0.01797366037713251,0.293118863707099,0.0,20,0.8016728958835622,0.0066928509242848554,0.9890130573694068
166,0,1.0,0.0,1.0,1.0,5.400639e-12,0.7844078762854226,0.018012043571247815,0.3464544721998388,0.0,20,0.8999633195311969,0.0066928509242848554,0.9890130573694068
167,0,1.0,0.0,1.0,1.0,6.8358895e-05,0.7844078735767489,0.017951587170912903,0.42710791387261976,0.0,20,0.9679107471598668,0.0066928509242848554,0.9890130573694068
168,0,1.0,0.0,1.0,1.0,3.890625e-08,0.7844078762853884,0.017951925341406657,0.7259165409753645,0.0,20,0.9996252018647828,0.0066928509242848554,0.9890130573694068
169,0,1.0,0.0,1.0,1.0,2.798547e-19,0.7844078762752927,0.01794724683878902,0.9221603956898075,0.0,20,0.9999802513551506,0.0066928509242848554,0.9890130573694068
170,0,1.0,0.0,1.0,1.0,3.3009953e-10,0.7844078762853923,0.018005857549055784,0.6177355455002513,0.0,20,0.998103852589235,0.0066928509242848554,0.9890130573694068
171,0,0.0,0.0,1.0,1.0,0.5488444,0.7844078762854646,0.01796666285885722,0.7092312719959779,0.0,20,0.9995186666676152,0.0066928509242848554,0.9890130573694068
172,0,1.0,0.0,1.0,1.0,1.3844001e-13,0.7844078762852,0.017996616242732227,0.3571475887652358,0.0,20,0.9135059158440528,0.0066928509242848554,0.9890130573694068
173,0,1.0,0.0,1.0,1.0,5.550391e-09,0.7844078762837875,0.017975672335741454,0.7053032815235568,0.0,20,0.999489469350451,0.0066928509242848554,0.9890130573694068
174,0,1.0,0.0,1.0,1.0,8.314631e-12,0.7844078762854648,0.018007214258442556,0.6307719484190073,0.0,20,0.9984401105624798,0.0066928509242848554,0.9890130573694068
175,0,1.0,0.0,1.0,1.0,8.944248e-09,0.784407876285459,0.01797297753967623,0.6442530921833753,0.0,20,0.9987253349756007,0.0066928509242848554,0.9890130573694068
176,1,1.0,0.9,1.0,1.0,1.0,0.784407827718138,0.8712457450014105,0.6640377297872554,0.0,20,0.9990523393242902,0.0066928509242848554,0.9890130573694068
177,1,1.0,1.0,1.0,1.0,1.0,0.7844078501341257,0.9661344657612108,0.376494201981868,0.0,20,0.9338513648582958,0.0066928509242848554,0.9890130573694068
178,1,1.0,1.0,1.0,1.0,0.6527438,0.7844075711732432,0.9662201887770695,0.4399285130718954,0.0,20,0.9733752308133619,0.0066928509242848554,0.9890130573694068
179,1,1.0,1.0,1.0,1.0,1.0,0.7844077576229193,0.966184469287668,0.38703501976922455,0.0,20,0.9429736714424501,0.0066928509242848554,0.9890130573694068
180,1,1.0,1.0,1.0,1.0,0.9999999,0.7844060498359816,0.9661745947575546,0.524622492675231,0.0,20,0.9923800579346171,0.0066928509242848554,0.9890130573694068
181,1,1.0,1.0,1.0,1.0,0.9999988,0.7843928548476437,0.9662125867568584,0.3434500773993808,0.0,20,0.8958323029087855,0.0066928509242848554,0.9890130573694068
182,1,1.0,1.0,1.0,1.0,1.0,0.7844078759919367,0.9661524076243349,0.7768838399557354,0.0,20,0.9998254731816631,0.0066928509242848554,0.9890130573694068
183,1,1.0,1.0,1.0,1.0,1.0,0.7844078656933158,0.9661101592105292,0.7308515676802122,0.0,20,0.9996519351136975,0.0066928509242848554,0.9890130573694068
184,1,1.0,1.0,1.0,1.0,0.9999957,0.784407876139743,0.966174057928415,0.24725193107546048,0.0,20,0.6701312998441921,0.0066928509242848554,0.9890130573694068
185,1,1.0,1.0,1.0,1.0,1.0,0.784407876285426,0.966146553782782,0.3119652406417112,0.0,20,0.8428354780909205,0.0066928509242848554,0.9890130573694068
186,1,1.0,1.0,1.0,1.0,1.0,0.784407872558917,0.9661724547830697,0.6761535109770404,0.0,20,0.9992096963195938,0.0066928509242848554,0.9890130573694068
187,1,1.0,1.0,1.0,1.0,1.0,0.7844078688368213,0.9662062235850127,0.7681828887711241,0.0,20,0.9998011465038932,0.0066928509242848554,0.9890130573694068
188,1,1.0,1.0,1.0,1.0,1.0,0.7844078762737593,0.9661508161530942,0.6879124659310418,0.0,20,0.9993374071118907,0.0066928509242848554,0.9890130573694068
189,1,1.0,1.0,1.0,1.0,1.0,0.7844065408236438,0.9660472883446292,0.5241378177082692,0.0,20,0.9923248848780744,0.0066928509242848554,0.9890130573694068
190,1,1.0,1.0,1.0,1.0,1.0,0.7844078686212136,0.9661205328124961,0.5638196878321914,0.0,20,0.9957530377811865,0.0066928509242848554,0.9890130573694068
191,1,1.0,1.0,1.0,1.0,1.0,0.7844076031379349,0.9661879815635369,0.4689173602668412,0.0,20,0.982600487102023,0.0066928509242848554,0.9890130573694068
192,1,1.0,1.0,1.0,1.0,1.0,0.784407457554636,0.9662127329107865,0.23549757351500272,0.0,20,0.6300575246648786,0.0066928509242848554,0.9890130573694068
193,1,1.0,1.0,1.0,1.0,1.0,0.7844076486953612,0.966180049869676,0.355378109011327,0.0,20,0.9113855942622502,0.0066928509242848554,0.9890130573694068
194,1,1.0,1.0,1.0,1.0,1.0,0.7844078234398834,0.9661687419054619,0.5125894276629571,0.0,20,0.9908864841843679,0.0066928509242848554,0.9890130573694068
195,1,1.0,1.0,1.0,1.0,1.0,0.7842736575964815,0.9661925370363786,0.7376751338930465,0.0,20,0.9996857875693921,0.0066928509242848554,0.9890130573694068
196,1,1.0,1.0,1.0,1.0,1.0,0.7844050912994219,0.9661007987333277,0.5913513589368472,0.0,20,0.9971858317156953,0.0066928509242848554,0.9890130573694068
197,1,1.0,1.0,1.0,1.0,0.9999999,0.7844068207607758,0.9662212306505183,0.6513075895392837,0.0,20,0.9988531787822315,0.0066928509242848554,0.9890130573694068
198,1,1.0,1.0,1.0,1.0,0.9999993,0.784407874234182,0.9662150252746904,0.4067125949478891,0.0,20,0.9569211535643266,0.0066928509242848554,0.9890130573694068
199,1,1.0,1.0,1.0,1.0,1.0,0.7844078590863334,0.9661313851263085,0.5209937451683182,0.0,20,0.9919572279042119,0.0066928509242848554,0.9890130573694068
200,1,1.0,1.0,1.0,1.0,1.0,0.7844078477810684,0.9661960578415907,0.44788445827048773,0.0,20,0.9762993522567445,0.0066928509242848554,0.9890130573694068
201,1,1.0,1.0,1.0,1.0,1.0,0.7844061920843639,0.966149058506534,0.3437750668449198,0.0,20,0.8962863304768144,0.0066928509242848554,0.9890130573694068
202,1,1.0,1.0,1.0,1.0,1.0,0.784403795137852,0.966186097499702,0.3399312764321415,0.0,20,0.8908029449192615,0.0066928509242848554,0.9890130573694068
203,1,1.0,1.0,1.0,1.0,0.9994468,0.7844051943098271,0.9660858649289997,0.4556768895592425,0.0,20,0.9788585865030699,0.0066928509242848554,0.9890130573694068
204,1,1.0,1.0,1.0,1.0,1.0,0.7844078639197567,0.9660688063376505,0.733618811509278,0.0,20,0.9996660823479232,0.0066928509242848554,0.9890130573694068
205,1,1.0,1.0,1.0,1.0,0.9999999,0.7844037990873959,0.966171910201471,0.37487732528909,0.0,20,0.9323373181821285,0.0066928509242848554,0.9890130573694068
206,1,1.0,1.0,1.0,1.0,0.99999976,0.7844079116468072,0.9661124694735652,0.626634988651068,0.0,20,0.9983404118280504,0.0066928509242848554,0.9890130573694068
207,1,1.0,1.0,1.0,1.0,1.0,0.7844066710464312,0.9660844504931673,0.35047222087070284,0.0,20,0.9052597783246311,0.0066928509242848554,0.9890130573694068
208,1,1.0,1.0,1.0,1.0,0.999998,0.78440783561089,0.9661584673113952,0.6178089720736779,0.0,20,0.9981059359002624,0.0066928509242848554,0.9890130573694068
209,1,1.0,1.0,1.0,1.0,0.99998546,0.7844078564856038,0.9661408339302052,0.23729377958079784,0.0,20,0.6363152495440282,0.0066928509242848554,0.9890130573694068
210,1,1.0,1.0,1.0,1.0,1.0,0.78440797167772,0.9660758183291143,0.6256641418566765,0.0,20,0.9983161079007414,0.0066928509242848554,0.9890130573694068
211,1,1.0,0.95,1.0,1.0,0.99997056,0.7844078569254924,0.9186964881331432,0.47234025393102974,0.0,20,0.9834568852214466,0.0066928509242848554,0.9890130573694068
212,0,1.0,0.0,1.0,1.0,2.1518625e-09,0.7844076535964106,0.018014405638553773,0.7120487083722378,0.0,20,0.9995385755194637,0.0066928509242848554,0.9890130573694068
213,0,1.0,0.0,1.0,1.0,1.3791148e-07,0.7844078762681613,0.017974453466899337,0.6236222542652091,0.0,20,0.9982638261031629,0.0066928509242848554,0.9890130573694068
214,0,1.0,0.0,1.0,1.0,3.2445535e-10,0.7844078762854646,0.01798110363784198,0.3778717017671266,0.0,20,0.9351163640998925,0.0066928509242848554,0.9890130573694068
215,0,1.0,0.0,1.0,1.0,0.008864323,0.784407876253415,0.018036184568291015,0.3932573486568219,0.0,20,0.9477900652470477,0.0066928509242848554,0.9890130573694068
216,0,1.0,0.0,1.0,1.0,6.4850087e-12,0.784407876285296,0.01798872796868809,0.3935280284953488,0.0,20,0.9479906153983405,0.0066928509242848554,0.9890130573694068
217,0,1.0,0.0,1.0,1.0,2.7910556e-09,0.7844078762854648,0.017999566033557342,0.642562441643324,0.0,20,0.9986926392135576,0.0066928509242848554,0.9890130573694068
218,0,1.0,0.0,1.0,1.0,4.456815e-15,0.7844078762854566,0.01799878810331532,0.6440645773979107,0.0,20,0.9987217300905359,0.0066928509242848554,0.9890130573694068
219,0,1.0,0.0,1.0,1.0,2.8060584e-14,0.7844078762854169,0.017950552953074923,0.6439000297088532,0.0,20,0.9987185751962179,0.0066928509242848554,0.9890130573694068
220,0,1.0,0.0,1.0,1.0,1.7661964e-08,0.7844078762853904,0.018007045404811222,0.5653903903903903,0.0,20,0.9958515187101362,0.0066928509242848554,0.9890130573694068
221,0,1.0,0.0,1.0,1.0,2.8297261e-08,0.7844078762854181,0.017944585952936038,0.3922374367561533,0.0,20,0.94702781757639,0.0066928509242848554,0.9890130573694068
222,0,1.0,0.0,1.0,1.0,0.00014835928,0.7844078762812993,0.017967583463333138,0.47564830250588763,0.0,20,0.9842451157266306,0.0066928509242848554,0.9890130573694068
223,0,1.0,0.0,1.0,1.0,9.60973e-06,0.7844078762851936,0.017945675397075166,0.42205829358770536,0.0,20,0.9654729297892465,0.0066928509242848554,0.9890130573694068
224,0,1.0,0.0,1.0,1.0,7.270107e-10,0.7844078762854648,0.018051942955102204,0.6798305613555092,0.0,20,0.9992520740828111,0.0066928509242848554,0.9890130573694068
225,0,1.0,0.0,1.0,1.0,2.8957786e-10,0.7844078762560687,0.018004694909495158,0.47668504901960784,0.0,20,0.9844844557890989,0.0066928509242848554,0.9890130573694068
226,0,1.0,0.0,1.0,1.0,2.6792085e-07,0.7844078762832368,0.018001682916409148,0.7750549503752119,0.0,20,0.9998206199200905,0.0066928509242848554,0.9890130573694068
227,0,1.0,0.0,1.0,1.0,0.0075397617,0.7844078762854271,0.01796727272093079,0.39009118050512387,0.0,20,0.9453893382818828,0.0066928509242848554,0.9890130573694068
228,0,1.0,0.0,1.0,1.0,7.629539e-09,0.7844078762854331,0.01800070022473183,0.5960505035347472,0.0,20,0.9973768624434771,0.0066928509242848554,0.9890130573694068
229,0,1.0,0.0,1.0,1.0,2.4056732e-09,0.7844078762853505,0.018030868552280185,0.5831578654188948,0.0,20,0.9968189821960982,0.0066928509242848554,0.9890130573694068
230,0,1.0,0.0,1.0,1.0,4.0929071e-16,0.7844078762844997,0.01797167214077762,0.6610403116775065,0.0,20,0.9990088021181491,0.0066928509242848554,0.9890130573694068
231,0,1.0,0.0,1.0,1.0,2.7338012e-12,0.7844078762378552,0.01798435192436861,0.6938621983561446,0.0,20,0.9993939446348492,0.0066928509242848554,0.9890130573694068
232,0,1.0,0.0,1.0,1.0,1.5557765e-07,0.7844078762745342,0.01800543093003335,0.3692220794617309,0.0,20,0.9267856719084919,0.0066928509242848554,0.9890130573694068
233,0,1.0,0.0,1.0,1.0,2.1727475e-09,0.7844078762833336,0.017942633272326227,0.5226623139596548,0.0,20,0.9921544687651834,0.0066928509242848554,0.9890130573694068
234,1,0.0,0.5,1.0,0.0,0.37772816,0.7844078762337529,0.49389733927907425,0.4296955624355005,0.0,20,0.9690946637611829,0.0066928509242848554,0.9890130573694068
235,1,1.0,1.0,1.0,1.0,1.0,0.784407876266345,0.9697715009504356,0.38703501976922455,0.0,20,0.9429736714424501,0.0066928509242848554,0.9890130573694068
236,1,1.0,1.0,1.0,1.0,1.0,0.7844078762396421,0.9698293592965895,0.6385267298408724,0.0,20,0.998611166019619,0.0066928509242848554,0.9890130573694068
237,1,1.0,1.0,1.0,1.0,0.99999547,0.7844078762820471,0.9698150307683677,0.7717279283709304,0.0,20,0.9998114424892618,0.0066928509242848554,0.9890130573694068
238,1,1.0,1.0,1.0,1.0,0.99999976,0.7844078761400954,0.9697956403186133,0.23184570694374615,0.0,20,0.6172012151639599,0.0066928509242848554,0.9890130573694068
239,1,1.0,1.0,1.0,1.0,1.0,0.7844078762824898,0.9699007204340444,0.5443505078799197,0.0,20,0.9943208457679522,0.0066928509242848554,0.9890130573694068
240,1,1.0,1.0,1.0,1.0,1.0,0.7844078762723593,0.969868246575822,0.4854715117543653,0.0,20,0.9863742260059309,0.0066928509242848554,0.9890130573694068
241,1,1.0,1.0,1.0,1.0,0.99968386,0.7844078691821549,0.9698289039015087,0.4833623371829352,0.0,20,0.9859424041233031,0.0066928509242848554,0.9890130573694068
242,1,1.0,1.0,1.0,1.0,0.99999976,0.7844078762788066,0.9698270570447041,0.4966696375519905,0.0,20,0.9884567559940586,0.0066928509242848554,0.9890130573694068
243,1,1.0,1.0,1.0,1.0,1.0,0.7844078762844408,0.9698606573159558,0.5375152129817443,0.0,20,0.993711523996888,0.0066928509242848554,0.9890130573694068
244,1,1.0,1.0,1.0,1.0,1.0,0.7844078762810279,0.9697797915885253,0.6560530982418807,0.0,20,0.9989318906476191,0.0066928509242848554,0.9890130573694068
245,1,1.0,1.0,1.0,1.0,0.9999999,0.7844078762844436,0.9698751410136055,0.36851063524825134,0.0,20,0.9260582508323483,0.0066928509242848554,0.9890130573694068
246,1,1.0,1.0,1.0,1.0,1.0,0.7841539136204195,0.9698410822089224,0.5204046915569881,0.0,20,0.9918864278035081,0.0066928509242848554,0.9890130573694068
247,1,1.0,1.0,1.0,1.0,1.0,0.7844076080988539,0.9698240721222933,0.5172802264305533,0.0,20,0.991500426534628,0.0066928509242848554,0.9890130573694068
248,1,1.0,1.0,1.0,1.0,0.9999999,0.7844077879796731,0.9698069850303882,0.5245412829150197,0.0,20,0.9923708409323271,0.0066928509242848554,0.9890130573694068
249,1,1.0,1.0,1.0,1.0,1.0,0.7844015374934782,0.9698726573384635,0.6887267187576785,0.0,20,0.9993454453978059,0.0066928509242848554,0.9890130573694068
250,1,1.0,1.0,1.0,1.0,0.9999999,0.7844078762272784,0.9697681000545043,0.4529934246197222,0.0,20,0.9780093392894752,0.0066928509242848554,0.9890130573694068
251,1,0.0,1.0,1.0,1.0,0.42538062,0.7844075895425756,0.9697527418051772,0.403056669637552,0.0,20,0.9546030225732415,0.0066928509242848554,0.9890130573694068
252,1,1.0,1.0,1.0,1.0,0.9992373,0.7844078611664934,0.969852323613467,0.36028817587641115,0.0,20,0.9171563329183934,0.0066928509242848554,0.9890130573694068
253,1,1.0,1.0,1.0,1.0,0.9999782,0.7844078753704248,0.9698181165803,0.4227250957854406,0.0,20,0.9658047992312465,0.0066928509242848554,0.9890130573694068
254,1,1.0,1.0,1.0,1.0,0.9999895,0.7844078490953504,0.9698175369220486,0.7332319134550371,0.0,20,0.9996641394852125,0.0066928509242848554,0.9890130573694068
255,1,1.0,1.0,1.0,1.0,1.0,0.7844078762835708,0.9697826586226619,0.6760122230710466,0.0,20,0.9992080209661252,0.0066928509242848554,0.9890130573694068
256,1,1.0,1.0,1.0,1.0,1.0,0.7844078727808873,0.9697918026535282,0.7207413553806323,0.0,20,0.9995949602925057,0.0066928509242848554,0.9890130573694068
257,1,1.0,1.0,1.0,1.0,1.0,0.7844078659991173,0.9698226746191941,0.6191019438078262,0.0,20,0.998142248950371,0.0066928509242848554,0.9890130573694068
258,1,1.0,1.0,1.0,1.0,1.0,0.7844078750123504,0.9697055721315452,0.4091467339722574,0.0,20,0.9584014332624111,0.0066928509242848554,0.9890130573694068
259,1,1.0,1.0,1.0,1.0,1.0,0.784406042686261,0.9698081161274061,0.6937289580533761,0.0,20,0.9993927328949143,0.0066928509242848554,0.9890130573694068
260,1,1.0,1.0,1.0,1.0,1.0,0.7844078406108826,0.9698532358810312,0.5281532848008219,0.0,20,0.9927702820240581,0.0066928509242848554,0.9890130573694068
261,1,1.0,1.0,1.0,1.0,0.99999547,0.7844073542958796,0.9698443671280733,0.7717279283709304,0.0,20,0.9998114424892618,0.0066928509242848554,0.9890130573694068
262,1,1.0,1.0,1.0,1.0,0.9999999,0.78440785681662,0.9698103435708343,0.24711609504448379,0.0,20,0.6696807346100657,0.0066928509242848554,0.9890130573694068
263,1,1.0,1.0,1.0,1.0,1.0,0.7844074621013353,0.969841007911633,0.5602371261114211,0.0,20,0.9955196196607068,0.0066928509242848554,0.9890130573694068
264,1,1.0,1.0,1.0,1.0,0.9999999,0.7844078410031824,0.9697517303717371,0.23516360919032134,0.0,20,0.6288891345593141,0.0066928509242848554,0.9890130573694068
265,1,1.0,1.0,1.0,1.0,1.0,0.7843142605375591,0.9698383673972262,0.40794633642930855,0.0,20,0.9576776144401772,0.0066928509242848554,0.9890130573694068
266,1,1.0,1.0,1.0,1.0,1.0,0.7844074821134673,0.9698155093927734,0.6560530982418807,0.0,20,0.9989318906476191,0.0066928509242848554,0.9890130573694068
267,1,1.0,1.0,1.0,1.0,1.0,0.7844078750605922,0.9698203813951548,0.4351016512561728,0.0,20,0.9714331296908817,0.0066928509242848554,0.9890130573694068
268,1,1.0,1.0,1.0,1.0,1.0,0.7844078762853864,0.9698164967112909,0.455990246301665,0.0,20,0.9789556390791042,0.0066928509242848554,0.9890130573694068
269,1,1.0,1.0,1.0,1.0,0.99998677,0.7844078762839961,0.969834007682715,0.4452936876504988,0.0,20,0.9753832968117044,0.0066928509242848554,0.9890130573694068
270,1,1.0,1.0,1.0,1.0,0.9965798,0.7844078762280027,0.9697526210813912,0.6267187121762285,0.0,20,0.9983424912660468,0.0066928509242848554,0.9890130573694068
271,1,1.0,1.0,1.0,1.0,1.0,0.7844076091189512,0.969911483302869,0.37205725883604696,0.0,20,0.9296194840395884,0.0066928509242848554,0.9890130573694068
272,1,1.0,1.0,1.0,1.0,1.0,0.7844078760930461,0.9697448942283091,0.6725038621509211,0.0,20,0.9991652623036295,0.0066928509242848554,0.9890130573694068
273,1,1.0,1.0,1.0,1.0,0.9995952,0.7844069739607593,0.9698019635982412,0.7004763487315829,0.0,20,0.9994511548567283,0.0066928509242848554,0.9890130573694068
274,1,1.0,1.0,1.0,1.0,1.0,0.78440787615129,0.9697604664904954,0.48385627122010566,0.0,20,0.9860447240048352,0.0066928509242848554,0.9890130573694068
275,1,1.0,1.0,1.0,1.0,1.0,0.7844074809926271,0.9698109312882642,0.4226748670482686,0.0,20,0.9657799077662327,0.0066928509242848554,0.9890130573694068
276,1,1.0,1.0,1.0,1.0,0.9999964,0.7844078559852823,0.9698872105136781,0.6670743853096794,0.0,20,0.9990944985608494,0.0066928509242848554,0.9890130573694068
277,1,1.0,1.0,1.0,1.0,1.0,0.7844025373454075,0.9697740130024431,0.36274007038712924,0.0,20,0.9199082479011667,0.0066928509242848554,0.9890130573694068
278,1,1.0,1.0,1.0,1.0,1.0,0.7842338184224762,0.9697805518146019,0.7126126887536623,0.0,20,0.9995424607914702,0.0066928509242848554,0.9890130573694068
279,1,1.0,1.0,1.0,1.0,1.0,0.7844075331675204,0.9698222207246483,0.632122285473329,0.0,20,0.9984713405607247,0.0066928509242848554,0.9890130573694068
280,1,1.0,1.0,1.0,1.0,1.0,0.7843647296130404,0.9697392127150146,0.5204046915569881,0.0,20,0.9918864278035081,0.0066928509242848554,0.9890130573694068
281,1,1.0,1.0,1.0,1.0,1.0,0.784407844101943,0.9697737872215378,0.32104746037848686,0.0,20,0.8600507937440776,0.0066928509242848554,0.9890130573694068
282,1,1.0,1.0,1.0,1.0,1.0,0.7844078122971202,0.9697280673038179,0.4829964913009896,0.0,20,0.9858661416972291,0.0066928509242848554,0.9890130573694068
283,1,1.0,1.0,1.0,1.0,1.0,0.7844066964086405,0.9698975007843094,0.4569680354411268,0.0,20,0.9792556847330597,0.0066928509242848554,0.9890130573694068
284,1,0.0,1.0,1.0,1.0,0.13018401,0.7844051913576846,0.9698963207557014,0.717812923911703,0.0,20,0.999576779470649,0.0066928509242848554,0.9890130573694068
285,1,1.0,1.0,1.0,1.0,1.0,0.7844073833761306,0.9698237101058907,0.3399312764321415,0.0,20,0.8908029449192615,0.0066928509242848554,0.9890130573694068
286,1,1.0,1.0,1.0,1.0,0.9999999,0.7843959522734324,0.9698849995988528,0.6609086819613135,0.0,20,0.9990068450639682,0.0066928509242848554,0.9890130573694068
287,1,1.0,1.0,1.0,1.0,1.0,0.7844078735281294,0.9698267433305758,0.38959745265627616,0.0,20,0.945005719443026,0.0066928509242848554,0.9890130573694068
288,1,1.0,0.8666666666666667,1.0,1.0,1.0,0.7844077134049295,0.8428921612302614,0.4746032718305418,0.0,20,0.9840001873941736,0.0066928509242848554,0.9890130573694068
289,0,1.0,0.0,1.0,1.0,1.082238e-11,0.7844078760583405,0.018016832957631825,0.7068883723702247,0.0,20,0.9995014587636409,0.0066928509242848554,0.9890130573694068
290,0,1.0,0.0,1.0,1.0,2.7910556e-09,0.7844078756940083,0.018019547894543502,0.642562441643324,0.0,20,0.9986926392135576,0.0066928509242848554,0.9890130573694068
291,0,1.0,0.0,1.0,1.0,4.224096e-19,0.7844078734796969,0.018006998805248035,0.32534861439129026,0.0,20,0.8676374524464018,0.0066928509242848554,0.9890130573694068
292,0,1.0,0.0,1.0,1.0,6.4270074e-13,0.7844078760017366,0.01800252978065557,0.6473370202781967,0.0,20,0.9987828864413477,0.0066928509242848554,0.9890130573694068
293,0,1.0,0.0,1.0,1.0,1.7329343e-15,0.7844078762854437,0.017993899981633994,0.3899583866468398,0.0,20,0.9452864081071943,0.0066928509242848554,0.9890130573694068
294,0,1.0,0.0,1.0,1.0,1.6783481e-07,0.7844078762435998,0.017982095236984807,0.5814214565751001,0.0,20,0.9967353145953121,0.0066928509242848554,0.9890130573694068
295,0,1.0,0.0,1.0,1.0,6.68122e-13,0.784407872561246,0.01796636629342529,0.5518802869985203,0.0,20,0.9949243105925667,0.0066928509242848554,0.9890130573694068
296,0,1.0,0.0,1.0,1.0,0.00032671785,0.78440787628545,0.017974130617142155,0.6671687462863933,0.0,20,0.999095778156155,0.0066928509242848554,0.9890130573694068
297,0,1.0,0.0,1.0,1.0,6.8316366e-11,0.7844078762685618,0.017972855112559263,0.5748035966523362,0.0,20,0.9963958330881153,0.0066928509242848554,0.9890130573694068
298,0,1.0,0.0,1.0,1.0,2.628455e-15,0.7844078759956907,0.01797878379503293,0.5163815580286168,0.0,20,0.9913860699664524,0.0066928509242848554,0.9890130573694068
299,0,1.0,0.0,1.0,1.0,0.00055407727,0.7844078762707201,0.017927626860470027,0.5755052790346908,0.0,20,0.9964334342700936,0.0066928509242848554,0.9890130573694068
300,0,1.0,0.0,1.0,1.0,4.3104823e-08,0.7844078762821567,0.017949622206668295,0.42660064699280387,0.0,20,0.9676735717970192,0.0066928509242848554,0.9890130573694068
301,0,1.0,0.0,1.0,1.0,3.388131e-10,0.7844077798700816,0.01798056955165853,0.7452377873514325,0.0,20,0.9997194749058297,0.0066928509242848554,0.9890130573694068
302,0,1.0,0.0,1.0,1.0,1.0912388e-17,0.7844078762851316,0.017996227742173306,0.4457634543178974,0.0,20,0.975551922799175,0.0066928509242848554,0.9890130573694068
303,0,1.0,0.0,1.0,1.0,8.0777724e-13,0.7844078762339575,0.017991506238406032,0.7211840321234877,0.0,20,0.999597639829115,0.0066928509242848554,0.9890130573694068
304,0,0.0,0.0,1.0,0.0,1.0,0.7844078762754658,0.017994214726683888,0.6948294048640069,0.0,20,0.9994026686555925,0.0066928509242848554,0.9890130573694068
305,0,1.0,0.0,1.0,1.0,7.4268236e-19,0.784407876232923,0.018016807200294995,0.6370891626750068,0.0,20,0.9985809356206745,0.0066928509242848554,0.9890130573694068
306,0,1.0,0.0,1.0,1.0,1.7052164e-10,0.7844078758002183,0.01793839391213869,0.34686174063336694,0.0,20,0.9005119689050137,0.0066928509242848554,0.9890130573694068
307,0,1.0,0.0,1.0,1.0,1.1528415e-10,0.7844078762849399,0.018007851251342973,0.4140726560894628,0.0,20,0.9612494813613986,0.0066928509242848554,0.9890130573694068
308,0,1.0,0.0,1.0,1.0,2.929704e-06,0.7844078762854116,0.0179965392938012,0.6356826321860013,0.0,20,0.9985507220498063,0.0066928509242848554,0.9890130573694068
309,0,1.0,0.0,1.0,1.0,1.0708503e-11,0.7844078762844866,0.017959608266117293,0.6483694273729392,0.0,20,0.9988015671836484,0.0066928509242848554,0.9890130573694068
310,0,1.0,0.0,1.0,1.0,1.2892919e-15,0.7844078762854492,0.017983130475727974,0.5456752083549469,0.0,20,0.9944319575225887,0.0066928509242848554,0.9890130573694068
311,0,1.0,0.0,1.0,1.0,1.4537564e-12,0.7844078762838026,0.017986083804468485,0.6574561007198578,0.0,20,0.9989541109055549,0.0066928509242848554,0.9890130573694068
312,0,1.0,0.0,1.0,1.0,0.00029770492,0.7844078762847763,0.018026325026060174,0.37080539855949535,0.0,20,0.9283809449073152,0.0066928509242848554,0.9890130573694068
313,0,1.0,0.0,1.0,1.0,3.95034e-16,0.7844078762851557,0.017990938788652117,0.7892525378945904,0.0,20,0.9998550226531364,0.0066928509242848554,0.9890130573694068
314,0,1.0,0.0,1.0,1.0,2.4668986e-07,0.7844078762840617,0.017953490505236272,0.5775004627849687,0.0,20,0.99653822812864,0.0066928509242848554,0.9890130573694068
315,0,1.0,0.0,1.0,1.0,3.503182e-11,0.7844078759009622,0.01795656241905395,0.6069269126090153,0.0,20,0.9977708508792117,0.0066928509242848554,0.9890130573694068
316,0,1.0,0.0,1.0,1.0,3.7648854e-16,0.7844078762854337,0.0180092107143929,0.6436887917806863,0.0,20,0.9987145137016814,0.0066928509242848554,0.9890130573694068
317,0,1.0,0.0,1.0,1.0,3.4764303e-15,0.7844078760097216,0.017938111058912874,0.6668891117052882,0.0,20,0.9990919808662854,0.0066928509242848554,0.9890130573694068
318,0,1.0,0.25,1.0,1.0,2.5622915e-09,0.7844078762253228,0.2525430293820175,0.5803092792672624,0.0,20,0.9966805764282318,0.0066928509242848554,0.9890130573694068
319,1,1.0,1.0,1.0,1.0,1.0,0.7844053469081003,0.9561725704011167,0.39501073066042336,0.0,20,0.9490763095770228,0.0066928509242848554,0.9890130573694068
320,1,1.0,1.0,1.0,1.0,1.0,0.7844078683639909,0.9560761695527985,0.6164468565203859,0.0,20,0.9980669144154114,0.0066928509242848554,0.9890130573694068
321,1,1.0,1.0,1.0,1.0,0.9999999,0.7844052126471686,0.956201220063148,0.6815495980581369,0.0,20,0.9992710993641868,0.0066928509242848554,0.9890130573694068
322,1,1.0,1.0,1.0,1.0,1.0,0.7844078738860389,0.9561485028094029,0.6560530982418807,0.0,20,0.9989318906476191,0.0066928509242848554,0.9890130573694068
323,1,0.0,1.0,1.0,1.0,0.32503563,0.7844078744663306,0.9561111949953872,0.2439784669339906,0.0,20,0.6591878281506792,0.0066928509242848554,0.9890130573694068
324,1,1.0,1.0,1.0,1.0,0.9993063,0.7844078669209811,0.9561776389054057,0.5213359920239282,0.0,20,0.9919980817577996,0.0066928509242848554,0.9890130573694068
325,1,1.0,1.0,1.0,1.0,1.0,0.7844078762815637,0.9560313865237539,0.5649316337897653,0.0,20,0.9958229927682484,0.0066928509242848554,0.9890130573694068
326,1,1.0,1.0,1.0,1.0,1.0,0.7844078762703108,0.9560457469775542,0.6331907831223836,0.0,20,0.9984956092354293,0.0066928509242848554,0.9890130573694068
327,0,1.0,0.4666666666666667,1.0,1.0,0.0028030057,0.7844078597405298,0.45575397216165675,0.5568462481146305,0.0,20,0.9952869401070954,0.0066928509242848554,0.9890130573694068
328,1,1.0,0.9166666666666666,1.0,1.0,1.0,0.7844074073866867,0.9104732370115637,0.4226748670482686,0.0,20,0.9657799077662327,0.0066928509242848554,0.9890130573694068
329,1,1.0,1.0,1.0,1.0,1.0,0.7844078707812356,0.9916059818812971,0.6558632072357563,0.0,20,0.9989288472087088,0.0066928509242848554,0.9890130573694068
330,1,1.0,1.0,1.0,1.0,1.0,0.7844078734673735,0.9916198971748734,0.6051362211551288,0.0,20,0.9977103026690068,0.0066928509242848554,0.9890130573694068
331,1,1.0,1.0,1.0,1.0,0.9999429,0.7844078575437973,0.9915969578940937,0.4460288281979458,0.0,20,0.9756466822690375,0.0066928509242848554,0.9890130573694068
332,1,1.0,1.0,1.0,1.0,0.99999857,0.7844078597192908,0.9915840569772292,0.5942755255255255,0.0,20,0.9973062748860692,0.0066928509242848554,0.9890130573694068
333,1,1.0,1.0,1.0,1.0,0.99999917,0.7844078406181737,0.9916047810813509,0.7654366569322765,0.0,20,0.999792785711444,0.0066928509242848554,0.9890130573694068
334,1,1.0,1.0,1.0,1.0,1.0,0.7844078157178684,0.9915791514834944,0.4562679231899478,0.0,20,0.9790412765038639,0.0066928509242848554,0.9890130573694068
335,1,1.0,1.0,1.0,1.0,1.0,0.7844066142154779,0.9916148819767195,0.7768838399557354,0.0,20,0.9998254731816631,0.0066928509242848554,0.9890130573694068
336,1,1.0,1.0,1.0,1.0,0.99980336,0.7843949620569787,0.9915825264543757,0.543342053263574,0.0,20,0.9942347842262765,0.0066928509242848554,0.9890130573694068
337,1,1.0,1.0,1.0,1.0,1.0,0.7844071094674641,0.9916212473506398,0.6051362211551288,0.0,20,0.9977103026690068,0.0066928509242848554,0.9890130573694068
338,1,1.0,1.0,1.0,1.0,1.0,0.7844045559384105,0.9915959897046261,0.39575399566631836,0.0,20,0.9496124548687989,0.0066928509242848554,0.9890130573694068
339,1,1.0,1.0,1.0,1.0,1.0,0.7843989173946261,0.9916220002296121,0.5457442373382824,0.0,20,0.9944376878314201,0.0066928509242848554,0.9890130573694068
340,1,1.0,1.0,1.0,1.0,1.0,0.7844029869491453,0.9915859437238697,0.5711142847733077,0.0,20,0.996191538600865,0.0066928509242848554,0.9890130573694068
341,1,1.0,1.0,1.0,1.0,0.9999999,0.7843305008808839,0.9915820605355387,0.6723733660130718,0.0,20,0.99916362812065,0.0066928509242848554,0.9890130573694068
342,1,1.0,1.0,1.0,1.0,0.99983466,0.7844046979618224,0.991603211181409,0.7293957203897924,0.0,20,0.9996442533066237,0.0066928509242848554,0.9890130573694068
343,1,1.0,1.0,1.0,1.0,1.0,0.7844019183849823,0.9916322854943371,0.6680403586977981,0.0,20,0.9991075126930157,0.0066928509242848554,0.9890130573694068
344,1,1.0,1.0,1.0,1.0,0.9999995,0.78440422561416,0.9916009800517771,0.6956531888117565,0.0,20,0.999409999991291,0.0066928509242848554,0.9890130573694068
345,0,1.0,0.08333333333333333,1.0,1.0,3.911641e-06,0.7844078661680152,0.09912332423006223,0.5603170175692336,0.0,20,0.9955249615938041,0.0066928509242848554,0.9890130573694068
346,0,1.0,0.0,1.0,1.0,4.414998e-09,0.78440787628514,0.017976784675597542,0.5906528223184051,0.0,20,0.9971562739914526,0.0066928509242848554,0.9890130573694068
347,0,1.0,0.0,1.0,1.0,4.339635e-12,0.7844078762854646,0.01803191304952603,0.6304863188213138,0.0,20,0.9984334234583971,0.0066928509242848554,0.9890130573694068
348,0,1.0,0.0,1.0,1.0,1.5231262e-15,0.7844078762850619,0.01796654307236402,0.39095441595441593,0.0,20,0.9460540069241204,0.0066928509242848554,0.9890130573694068
349,0,1.0,0.0,1.0,1.0,5.9126597e-15,0.7844078762850215,0.01798967464797078,0.596615724721261,0.0,20,0.9973989506228926,0.0066928509242848554,0.9890130573694068
350,0,1.0,0.0,1.0,1.0,9.956757e-06,0.7844078762368011,0.01798603948707037,0.5062830065359477,0.0,20,0.9899913362412741,0.0066928509242848554,0.9890130573694068
351,0,1.0,0.0,1.0,1.0,7.625981e-11,0.7844078762384802,0.017979850367094343,0.337912936913896,0.0,20,0.8878229637376719,0.0066928509242848554,0.9890130573694068
352,0,1.0,0.0,1.0,1.0,1.0415709e-14,0.7844078762852847,0.01801394476028117,0.6028212035564976,0.0,20,0.997629587479605,0.0066928509242848554,0.9890130573694068
353,0,1.0,0.0,1.0,1.0,8.046994e-11,0.7844078762811698,0.018020440254787724,0.7171106740568568,0.0,20,0.9995722997262229,0.0066928509242848554,0.9890130573694068
354,0,1.0,0.0,1.0,1.0,1.1943851e-15,0.7844078762854613,0.017952149061140277,0.6150322451675706,0.0,20,0.9980255395144403,0.0066928509242848554,0.9890130573694068
355,0,1.0,0.0,1.0,1.0,1.1239578e-06,0.7844078731727632,0.018005756734071433,0.5817040603956453,0.0,20,0.9967490795978056,0.0066928509242848554,0.9890130573694068
356,0,1.0,0.0,1.0,1.0,0.0019613674,0.7844078762854648,0.017983877797413138,0.3746083072105006,0.0,20,0.9320823108068121,0.0066928509242848554,0.9890130573694068
357,0,1.0,0.0,1.0,1.0,0.0001527146,0.7844078762840734,0.017982819772035846,0.6337138575892901,0.0,20,0.9985073491261893,0.0066928509242848554,0.9890130573694068
358,0,1.0,0.0,1.0,1.0,5.205094e-10,0.7844078749867286,0.017954368887177052,0.5310357844197597,0.0,20,0.9930740964936747,0.0066928509242848554,0.9890130573694068
359,0,1.0,0.0,1.0,1.0,6.6374428e-06,0.784407876264201,0.017970733619774252,0.8474036679348356,0.0,20,0.999939393937396,0.0066928509242848554,0.9890130573694068
360,0,1.0,0.0,1.0,1.0,2.3099721e-13,0.784407874854373,0.01799189556152791,0.6407025519915244,0.0,20,0.9986557021973242,0.0066928509242848554,0.9890130573694068
361,0,1.0,0.0,1.0,1.0,1.4296494e-08,0.7844078762852085,0.018006682334226,0.5519023132128669,0.0,20,0.9949259787813167,0.0066928509242848554,0.9890130573694068
362,0,1.0,0.0,1.0,1.0,2.9110359e-05,0.7844078762854533,0.01796923537432126,0.5184868521051832,0.0,20,0.9916516070318814,0.0066928509242848554,0.9890130573694068
363,0,1.0,0.0,1.0,1.0,8.3467114e-16,0.78440787628475,0.01797481643956004,0.7524238631622862,0.0,20,0.9997481331154782,0.0066928509242848554,0.9890130573694068
364,0,1.0,0.0,1.0,1.0,1.82207e-12,0.784407876285464,0.017990730697898243,0.8357616784087373,0.0,20,0.999927830810973,0.0066928509242848554,0.9890130573694068
365,0,1.0,0.0,1.0,1.0,1.3044695e-08,0.7844078762839263,0.018000362992049858,0.5159103641456583,0.0,20,0.991325501831332,0.0066928509242848554,0.9890130573694068
366,0,1.0,0.0,1.0,1.0,4.1737767e-08,0.7844078762699752,0.018019046974440837,0.36780985932343463,0.0,20,0.9253352416251974,0.0066928509242848554,0.9890130573694068
367,0,1.0,0.0,1.0,1.0,7.004564e-11,0.7844078762854648,0.017990031518319797,0.6332361773538244,0.0,20,0.9984966317072304,0.0066928509242848554,0.9890130573694068
368,0,0.0,0.0,1.0,1.0,0.7644685,0.784407876285263,0.018002794485749683,0.6564432952668247,0.0,20,0.9989381173654054,0.0066928509242848554,0.9890130573694068
369,0,1.0,0.0,1.0,1.0,1.1448257e-18,0.7844078762844189,0.018037662579079388,0.9035524361259656,0.0,20,0.9999738931453823,0.0066928509242848554,0.9890130573694068
370,0,1.0,0.0,1.0,1.0,5.033916e-10,0.7844078762663881,0.018008920000738404,0.5847937465584525,0.0,20,0.9968958494527581,0.0066928509242848554,0.9890130573694068
371,0,1.0,0.0,1.0,1.0,3.8137077e-08,0.7844078584187599,0.018001460134328868,0.6383266921792191,0.0,20,0.9986069982884814,0.0066928509242848554,0.9890130573694068
372,0,1.0,0.0,1.0,1.0,5.5579255e-07,0.7844078762854647,0.01792897197419324,0.6338390559843847,0.0,20,0.9985101454857231,0.0066928509242848554,0.9890130573694068
373,0,1.0,0.0,1.0,1.0,8.485273e-08,0.7844078762827015,0.017965027430623497,0.5959199036434809,0.0,20,0.9973717322037953,0.0066928509242848554,0.9890130573694068
374,0,1.0,0.0,1.0,1.0,1.03917735e-07,0.7844078762854648,0.01799136749484775,0.6601943259925619,0.0,20,0.9989961565914789,0.0066928509242848554,0.9890130573694068
375,0,0.0,0.0,1.0,1.0,0.9541805,0.7844078762854648,0.01795773862253944,0.5639312240047535,0.0,20,0.9957601070886575,0.0066928509242848554,0.9890130573694068
376,0,1.0,0.0,1.0,1.0,8.4584154e-16,0.7844078762846799,0.017985164760908296,0.7016590857868749,0.0,20,0.9994608008805003,0.0066928509242848554,0.9890130573694068
377,0,1.0,0.0,1.0,1.0,1.0661109e-13,0.7844078762854598,0.01805449983332254,0.9297942833047197,0.0,20,0.999982388031554,0.0066928509242848554,0.9890130573694068
378,0,1.0,0.0,1.0,1.0,0.101544,0.7844078762854555,0.017982581218862096,0.7785247432306256,0.0,20,0.9998297157480905,0.0066928509242848554,0.9890130573694068
379,0,1.0,0.0,1.0,1.0,3.2905884e-08,0.7844078761311708,0.017993233012669013,0.6032618711972806,0.0,20,0.9976451674956044,0.0066928509242848554,0.9890130573694068
380,1,1.0,0.65,1.0,1.0,1.0,0.7844078761218046,0.6291490246066155,0.3805949693008517,0.0,20,0.937551211173527,0.0066928509242848554,0.9890130573694068
381,1,1.0,1.0,1.0,1.0,0.87721163,0.7844078759289893,0.9581274390728008,0.3190297498309668,0.0,20,0.8563680652129081,0.0066928509242848554,0.9890130573694068
382,1,1.0,1.0,1.0,1.0,1.0,0.7844074935038862,0.9581378052443783,0.43061163101604283,0.0,20,0.9695035681029162,0.0066928509242848554,0.9890130573694068
383,1,1.0,1.0,1.0,1.0,1.0,0.7844078203458167,0.9582286572112336,0.5638196878321914,0.0,20,0.9957530377811865,0.0066928509242848554,0.9890130573694068
384,1,0.0,1.0,1.0,1.0,0.37772816,0.7844078753587309,0.9581961309354317,0.4296955624355005,0.0,20,0.9690946637611829,0.0066928509242848554,0.9890130573694068
385,1,1.0,1.0,1.0,1.0,1.0,0.7844078145358186,0.9582242447618879,0.6572469555197966,0.0,20,0.9989508280610354,0.0066928509242848554,0.9890130573694068
386,1,1.0,1.0,1.0,1.0,0.9999769,0.7843994595775323,0.9582611999784342,0.26703519356460537,0.0,20,0.7321440412254432,0.0066928509242848554,0.9890130573694068
387,1,1.0,1.0,1.0,1.0,1.0,0.7844059693190457,0.9581398321373601,0.5699610822486639,0.0,20,0.9961253440823841,0.0066928509242848554,0.9890130573694068
388,1,1.0,1.0,1.0,1.0,0.9999931,0.784407584380279,0.9581702285902607,0.2648944545138317,0.0,20,0.72580001792258,0.0066928509242848554,0.9890130573694068
389,1,1.0,1.0,1.0,1.0,1.0,0.7844026621343367,0.9581935905291715,0.7224558203534373,0.0,20,0.9996052398305487,0.0066928509242848554,0.9890130573694068
390,1,1.0,1.0,1.0,1.0,0.9999919,0.7844077809174348,0.9581146995390957,0.3841325060490146,0.0,20,0.9405868044047999,0.0066928509242848554,0.9890130573694068
391,1,1.0,1.0,1.0,1.0,1.0,0.7844056054121115,0.9581323212777041,0.5997866313504764,0.0,20,0.9975194701234918,0.0066928509242848554,0.9890130573694068
392,1,1.0,1.0,1.0,1.0,0.9974637,0.7844078743367526,0.958298162410246,0.46525607022196963,0.0,20,0.981636229157982,0.0066928509242848554,0.9890130573694068
393,1,1.0,1.0,1.0,1.0,1.0,0.7844047409355889,0.9582168885780695,0.6193923463105048,0.0,20,0.9981503088478285,0.0066928509242848554,0.9890130573694068
394,1,1.0,1.0,1.0,1.0,1.0,0.7844024328209859,0.958192660427365,0.6822505260413757,0.0,20,0.999278717321879,0.0066928509242848554,0.9890130573694068
395,1,1.0,1.0,1.0,1.0,1.0,0.7844068531838998,0.9582540038751751,0.4478339860309258,0.0,20,0.9762818278362717,0.0066928509242848554,0.9890130573694068
396,1,1.0,1.0,1.0,1.0,1.0,0.7844078040787303,0.958170564996787,0.4260083866282475,0.0,20,0.9673945129384312,0.0066928509242848554,0.9890130573694068
397,1,1.0,1.0,1.0,1.0,0.9999987,0.784404961953063,0.9581627172763365,0.4066928104575163,0.0,20,0.9569089182469812,0.0066928509242848554,0.9890130573694068
398,1,1.0,1.0,1.0,1.0,1.0,0.7844078725686326,0.9581186975237957,0.6501040503347308,0.0,20,0.998832311500524,0.0066928509242848554,0.9890130573694068
399,1,1.0,1.0,1.0,1.0,1.0,0.7843946627023429,0.9581236462059107,0.7082668524926311,0.0,20,0.999511656374988,0.0066928509242848554,0.9890130573694068
400,1,1.0,1.0,1.0,1.0,0.99834025,0.7844048820409201,0.9582558133259955,0.7194481580510993,0.0,20,0.9995870299253639,0.0066928509242848554,0.9890130573694068
401,1,1.0,1.0,1.0,1.0,0.9999999,0.7843851106714517,0.9583127166663336,0.36851063524825134,0.0,20,0.9260582508323483,0.0066928509242848554,0.9890130573694068
402,1,1.0,1.0,1.0,1.0,0.8436463,0.7844078344225777,0.9582534466810958,0.43034547152194214,0.0,20,0.9693853059151775,0.0066928509242848554,0.9890130573694068
403,1,1.0,1.0,1.0,1.0,0.9992373,0.7844078453228229,0.9581709219597696,0.36028817587641115,0.0,20,0.9171563329183934,0.0066928509242848554,0.9890130573694068
404,1,1.0,1.0,1.0,1.0,1.0,0.7844075443803296,0.9582200501981029,0.7194804670839529,0.0,20,0.9995872299342381,0.0066928509242848554,0.9890130573694068
405,1,1.0,0.9166666666666666,1.0,1.0,0.9999993,0.7843453376458677,0.8749482645108416,0.5231120611774885,0.0,20,0.992206807136688,0.0066928509242848554,0.9890130573694068
406,1,1.0,1.0,1.0,1.0,0.9988127,0.7844066742338752,0.9481759667380147,0.347306738787469,0.0,20,0.9011083840862921,0.0066928509242848554,0.9890130573694068
407,1,1.0,1.0,1.0,1.0,1.0,0.7844078357085166,0.9482752487601307,0.6172427080284851,0.0,20,0.9980898101367669,0.0066928509242848554,0.9890130573694068
408,1,1.0,1.0,1.0,1.0,0.99999976,0.7844078735730463,0.9480845653163957,0.3637600573432921,0.0,20,0.9210282750762725,0.0066928509242848554,0.9890130573694068
409,1,1.0,1.0,1.0,1.0,0.99999917,0.7844073012550405,0.9481214601009467,0.44112714853383217,0.0,20,0.9738372417493948,0.0066928509242848554,0.9890130573694068
410,1,1.0,1.0,1.0,1.0,1.0,0.7844078140437747,0.9482454872234874,0.22951453403298147,0.0,20,0.6089064873268205,0.0066928509242848554,0.9890130573694068
411,1,1.0,1.0,1.0,1.0,1.0,0.7844079599908395,0.9480698614791939,0.6179018803143693,0.0,20,0.9981085686850841,0.0066928509242848554,0.9890130573694068
412,1,1.0,1.0,1.0,1.0,0.9898106,0.7844078736493589,0.948110200444887,0.4505882352941177,0.0,20,0.9772198816068008,0.0066928509242848554,0.9890130573694068
413,0,1.0,0.2,1.0,1.0,2.114598e-12,0.7843982358205819,0.20982993225370947,0.3339706765589118,0.0,20,0.8817971837548624,0.0066928509242848554,0.9890130573694068
414,0,1.0,0.0,1.0,1.0,2.674818e-18,0.7844078762447038,0.01798324135943739,0.6310117525270977,0.0,20,0.998445702795885,0.0066928509242848554,0.9890130573694068
415,0,1.0,0.0,1.0,1.0,8.39352e-16,0.7844078762140753,0.018026728579272067,0.6217498435544431,0.0,20,0.998214460714368,0.0066928509242848554,0.9890130573694068
416,0,1.0,0.0,1.0,1.0,9.996316e-13,0.7844078746975089,0.01800890542265237,0.6077203299266108,0.0,20,0.9977971652239209,0.0066928509242848554,0.9890130573694068
417,0,0.0,0.0,1.0,1.0,0.7175437,0.7844078437821909,0.018000161195064236,0.544561445977568,0.0,20,0.9943386850509527,0.0066928509242848554,0.9890130573694068
418,0,1.0,0.0,1.0,1.0,2.505164e-11,0.7844078762854613,0.017980464378068512,0.7355001685239043,0.0,20,0.9996753708842797,0.0066928509242848554,0.9890130573694068
419,0,1.0,0.0,1.0,1.0,0.296459,0.7844078762835218,0.018015608356613276,0.6188391265597148,0.0,20,0.9981349244463535,0.0066928509242848554,0.9890130573694068
420,0,1.0,0.0,1.0,1.0,5.844032e-05,0.7844078762808355,0.01802139107902809,0.4882012887459511,0.0,20,0.9869137337560691,0.0066928509242848554,0.9890130573694068
421,0,1.0,0.0,1.0,1.0,3.1134593e-07,0.7844078762854616,0.018016135059073513,0.31385468394633076,0.0,20,0.8465533480518014,0.0066928509242848554,0.9890130573694068
422,0,1.0,0.0,1.0,1.0,5.4125714e-08,0.7844078752377113,0.01798972462007913,0.6210421132282414,0.0,20,0.9981954389271022,0.0066928509242848554,0.9890130573694068
423,0,1.0,0.0,1.0,1.0,6.0940654e-12,0.7844078762850765,0.017984401123869644,0.6939222200508111,0.0,20,0.9993944897060978,0.0066928509242848554,0.9890130573694068
424,0,1.0,0.0,1.0,1.0,1.9361747e-05,0.7844078759610057,0.018022394061697044,0.6057781862745097,0.0,20,0.9977321956761575,0.0066928509242848554,0.9890130573694068
425,0,1.0,0.0,1.0,1.0,1.2518948e-09,0.7844078762853209,0.018044297605770088,0.3345684785131152,0.0,20,0.8827286302554594,0.0066928509242848554,0.9890130573694068
426,0,1.0,0.0,1.0,1.0,5.0128002e-17,0.7844078762771834,0.01802481975265863,0.472991239048811,0.0,20,0.9836150049567277,0.0066928509242848554,0.9890130573694068
427,0,1.0,0.0,1.0,1.0,8.91341e-08,0.7844078762003766,0.01800825185099084,0.5200860832137734,0.0,20,0.9918478760831492,0.0066928509242848554,0.9890130573694068
428,0,1.0,0.0,1.0,1.0,7.623764e-09,0.7844078762854625,0.017969775515720026,0.7657748049052397,0.0,20,0.9997938338706366,0.0066928509242848554,0.9890130573694068
429,0,1.0,0.0,1.0,1.0,5.4894884e-15,0.7844078762146675,0.018019192655888968,0.6589738909748297,0.0,20,0.9989776294281649,0.0066928509242848554,0.9890130573694068
430,0,1.0,0.0,1.0,1.0,2.6180334e-11,0.7844078762853807,0.01797994083766772,0.6159004554202634,0.0,20,0.9980510367145905,0.0066928509242848554,0.9890130573694068
431,0,1.0,0.0,1.0,1.0,2.0467916e-09,0.7844078761750202,0.018068662532279664,0.646533661083481,0.0,20,0.9987681492016037,0.0066928509242848554,0.9890130573694068
432,0,1.0,0.0,1.0,1.0,8.692652e-10,0.7844078762854575,0.017977031897096776,0.3594855618513543,0.0,20,0.9162369804662049,0.0066928509242848554,0.9890130573694068
433,0,1.0,0.0,1.0,1.0,7.69114e-07,0.7844078762728418,0.017975980637628817,0.4302051083591331,0.0,20,0.9693227598473759,0.0066928509242848554,0.9890130573694068
434,0,1.0,0.0,1.0,1.0,1.9997259e-08,0.7844078756610913,0.018010116110407207,0.6616527699803852,0.0,20,0.9990178575261998,0.0066928509242848554,0.9890130573694068
435,0,1.0,0.0,1.0,1.0,9.286458e-08,0.784407876199276,0.01801208704589729,0.49410517123074044,0.0,20,0.9880094991110528,0.0066928509242848554,0.9890130573694068
436,0,1.0,0.0,1.0,1.0,1.04131086e-10,0.7844078762854588,0.017980227599461527,0.5809507916641834,0.0,20,0.9967122604951918,0.0066928509242848554,0.9890130573694068
437,0,1.0,0.0,1.0,1.0,1.0084135e-09,0.7844078761053664,0.017980900226465046,0.6577132951563839,0.0,20,0.9989581338893614,0.0066928509242848554,0.9890130573694068
438,0,1.0,0.0,1.0,1.0,3.1886154e-07,0.7844078762852036,0.0179753270232829,0.5907184664910741,0.0,20,0.997159064772922,0.0066928509242848554,0.9890130573694068
439,0,0.0,0.0,1.0,0.0,1.0,0.7844078762788279,0.01799247768403229,0.6948294048640069,0.0,20,0.9994026686555925,0.0066928509242848554,0.9890130573694068
440,0,1.0,0.0,1.0,1.0,1.1094521e-06,0.7844078762854513,0.018014581193015015,0.6306055755635587,0.0,20,0.9984362189472208,0.0066928509242848554,0.9890130573694068
441,0,1.0,0.0,1.0,1.0,8.173801e-13,0.7844078758713054,0.017958434346923468,0.6201307189542483,0.0,20,0.9981706449659514,0.0066928509242848554,0.9890130573694068
442,0,1.0,0.0,1.0,1.0,4.8255037e-12,0.7844078762753416,0.0180251910001276,0.3743616051071591,0.0,20,0.9318476742126298,0.0066928509242848554,0.9890130573694068
443,0,1.0,0.0,1.0,1.0,6.0398776e-05,0.7844078762221413,0.01800302300842843,0.46850056261820966,0.0,20,0.9824932755703905,0.0066928509242848554,0.9890130573694068
444,0,1.0,0.0,1.0,1.0,2.8505204e-07,0.7844078762842698,0.017961690053128636,0.43911105377823645,0.0,20,0.9730556017518717,0.0066928509242848554,0.9890130573694068
445,0,1.0,0.0,1.0,1.0,9.60973e-06,0.7844078762845316,0.01794396562819904,0.42205829358770536,0.0,20,0.9654729297892465,0.0066928509242848554,0.9890130573694068
446,0,1.0,0.0,1.0,1.0,1.3411802e-06,0.7844078762026429,0.017975949815738437,0.5073078120136943,0.0,20,0.9901425087336443,0.0066928509242848554,0.9890130573694068
447,0,1.0,0.0,1.0,1.0,0.00040526304,0.7844078762854532,0.017979957654638296,0.5592166443612107,0.0,20,0.9954508242675777,0.0066928509242848554,0.9890130573694068
448,0,1.0,0.0,1.0,1.0,1.1370558e-12,0.784407876282141,0.018031667429830867,0.7509900475341652,0.0,20,0.9997426588926713,0.0066928509242848554,0.9890130573694068
449,0,1.0,0.0,1.0,1.0,1.1514569e-06,0.7844078731704656,0.017964044585696927,0.7697336293007769,0.0,20,0.9998057177852178,0.0066928509242848554,0.9890130573694068
450,0,1.0,0.0,1.0,1.0,2.505164e-11,0.7844078762833048,0.018006713233735278,0.7355001685239043,0.0,20,0.9996753708842797,0.0066928509242848554,0.9890130573694068
451,0,1.0,0.0,1.0,1.0,9.784384e-09,0.7844078762852431,0.01792075611911205,0.3625865703101475,0.0,20,0.9197384422780206,0.0066928509242848554,0.9890130573694068
452,0,1.0,0.0,1.0,1.0,5.550391e-09,0.7844075214530194,0.017962207529175826,0.7053032815235568,0.0,20,0.999489469350451,0.0066928509242848554,0.9890130573694068
453,0,1.0,0.0,1.0,1.0,0.016779477,0.7844078762854598,0.01804978399978394,0.3657088793679023,0.0,20,0.9231284959129867,0.0066928509242848554,0.9890130573694068
454,0,1.0,0.0,1.0,1.0,1.2295094e-08,0.7844078762843879,0.01799842832266489,0.5918764352587882,0.0,20,0.997207847810403,0.0066928509242848554,0.9890130573694068
455,0,1.0,0.0,1.0,1.0,7.973989e-12,0.7844078762848243,0.01800603549014892,0.6220123110972784,0.0,20,0.9982214641081704,0.0066928509242848554,0.9890130573694068
456,0,1.0,0.0,1.0,1.0,0.0006076929,0.7844078709928141,0.017967122146143304,0.6572741475967282,0.0,20,0.998951255462529,0.0066928509242848554,0.9890130573694068
457,0,1.0,0.0,1.0,1.0,0.00040009813,0.7844078762854214,0.017960380444958526,0.8072149693210617,0.0,20,0.9998892610894868,0.0066928509242848554,0.9890130573694068
458,0,1.0,0.0,1.0,1.0,1.2485861e-05,0.7844078762854623,0.01799033095404804,0.5249433106575964,0.0,20,0.9924163616434475,0.0066928509242848554,0.9890130573694068
459,0,1.0,0.0,1.0,1.0,8.5380365e-05,0.7844078762854648,0.017991438431924526,0.5326738562091503,0.0,20,0.9932410635060924,0.0066928509242848554,0.9890130573694068
460,0,1.0,0.0,1.0,1.0,2.5622915e-09,0.7844078762854647,0.01798716833736389,0.5803092792672624,0.0,20,0.9966805764282318,0.0066928509242848554,0.9890130573694068
461,0,1.0,0.0,1.0,1.0,2.1564578e-15,0.7844078758145454,0.01798923132070614,0.6922385620915033,0.0,20,0.9993790125041625,0.0066928509242848554,0.9890130573694068
462,0,1.0,0.0,1.0,1.0,1.4851382e-15,0.7844078762817698,0.017948270975246323,0.6418488409856696,0.0,20,0.9986785886380418,0.0066928509242848554,0.9890130573694068
463,0,1.0,0.0,1.0,1.0,7.9866375e-05,0.784407876206523,0.017982618107705232,0.4937396019013666,0.0,20,0.9879443629582322,0.0066928509242848554,0.9890130573694068
464,1,1.0,0.65,1.0,1.0,1.0,0.7844078685731289,0.6331944702629176,0.38979779411764703,0.0,20,0.9451616866659764,0.0066928509242848554,0.9890130573694068
465,0,1.0,0.48333333333333334,1.0,1.0,4.5332644e-11,0.7844078762167239,0.4754927916493466,0.3176143790849673,0.0,20,0.853736859333223,0.0066928509242848554,0.9890130573694068
466,0,1.0,0.0,1.0,1.0,2.5873053e-06,0.7844078762854387,0.017965628779471544,0.5890876170287934,0.0,20,0.9970889154958352,0.0066928509242848554,0.9890130573694068
467,0,1.0,0.0,1.0,1.0,2.1902733e-09,0.7844078762854583,0.018057371111110308,0.7372000009074554,0.0,20,0.9996835408911915,0.0066928509242848554,0.9890130573694068
468,0,1.0,0.0,1.0,1.0,0.002303975,0.7844078762854553,0.017968556646253967,0.2818067001357709,0.0,20,0.7733106914404314,0.0066928509242848554,0.9890130573694068
469,0,1.0,0.0,1.0,1.0,3.3103723e-13,0.7844078762842525,0.017944452527849743,0.5707072635521332,0.0,20,0.9961683049736185,0.0066928509242848554,0.9890130573694068
470,0,1.0,0.0,1.0,1.0,1.9715681e-07,0.7844078762852935,0.017992123983789632,0.6204613863089095,0.0,20,0.9981796796443329,0.0066928509242848554,0.9890130573694068
471,1,1.0,0.9833333333333333,1.0,1.0,0.9999021,0.7844078762854643,0.9116706837289251,0.4992648058815529,0.0,20,0.9888925770422511,0.0066928509242848554,0.9890130573694068
472,1,1.0,1.0,1.0,1.0,1.0,0.7844078737145533,0.9269411923151502,0.3218259953554071,0.0,20,0.8614504995742791,0.0066928509242848554,0.9890130573694068
473,1,1.0,1.0,1.0,1.0,0.9999999,0.7844078169002038,0.9269394545120674,0.6815495980581369,0.0,20,0.9992710993641868,0.0066928509242848554,0.9890130573694068
474,1,1.0,1.0,1.0,1.0,1.0,0.7844078570007895,0.9268792868018156,0.39501073066042336,0.0,20,0.9490763095770228,0.0066928509242848554,0.9890130573694068
475,1,1.0,1.0,1.0,1.0,1.0,0.7844078610687908,0.9268797592879728,0.6331907831223836,0.0,20,0.9984956092354293,0.0066928509242848554,0.9890130573694068
476,1,1.0,1.0,1.0,1.0,1.0,0.7844078618800994,0.9272055591114191,0.7763491366695932,0.0,20,0.9998240679993493,0.0066928509242848554,0.9890130573694068
477,1,1.0,1.0,1.0,1.0,1.0,0.7844076146465409,0.9268746506802796,0.6656344376831191,0.0,20,0.9990747459852162,0.0066928509242848554,0.9890130573694068
478,1,1.0,1.0,1.0,1.0,1.0,0.7844078749230218,0.9270830737174964,0.415833081950729,0.0,20,0.9622211987687119,0.0066928509242848554,0.9890130573694068
479,1,1.0,1.0,1.0,1.0,1.0,0.7844077131169082,0.9269479705628444,0.6040383813099708,0.0,20,0.9976723731729266,0.0066928509242848554,0.9890130573694068
480,1,1.0,1.0,1.0,1.0,1.0,0.7844078761940296,0.9269714580599845,0.5283645611432123,0.0,20,0.9927929929164196,0.0066928509242848554,0.9890130573694068
481,1,1.0,1.0,1.0,1.0,1.0,0.7844078760471831,0.9269079836979419,0.630702299285187,0.0,20,0.9984384825827647,0.0066928509242848554,0.9890130573694068
482,1,1.0,1.0,1.0,1.0,1.0,0.7844078762851657,0.9269810646718621,0.6230632739851353,0.0,20,0.9982492331919136,0.0066928509242848554,0.9890130573694068
483,1,0.0,1.0,1.0,1.0,0.3045846,0.78440787628188,0.9268679326875506,0.4770268391044361,0.0,20,0.984562573273399,0.0066928509242848554,0.9890130573694068
484,1,1.0,1.0,1.0,1.0,1.0,0.7844078315262363,0.9271441656381206,0.6453006202480992,0.0,20,0.9987451822165977,0.0066928509242848554,0.9890130573694068
485,1,1.0,1.0,1.0,1.0,1.0,0.7844078106869037,0.9270385041706033,0.5827426081543728,0.0,20,0.9967991698663818,0.0066928509242848554,0.9890130573694068
486,1,1.0,1.0,1.0,1.0,0.9999999,0.7844064275377503,0.9269831940966282,0.7196382428940569,0.0,20,0.9995882052543683,0.0066928509242848554,0.9890130573694068
487,1,1.0,1.0,1.0,1.0,0.99999976,0.784407778311548,0.9270539306866854,0.26646679316888044,0.0,20,0.7304687077242208,0.0066928509242848554,0.9890130573694068
488,1,1.0,1.0,1.0,1.0,0.9999931,0.7844078709380786,0.9268416628267443,0.2648944545138317,0.0,20,0.72580001792258,0.0066928509242848554,0.9890130573694068
489,1,1.0,1.0,1.0,1.0,0.9995183,0.7844078370786046,0.9269915332491975,0.33495124825886635,0.0,20,0.8833216833652696,0.0066928509242848554,0.9890130573694068
490,1,1.0,1.0,1.0,1.0,1.0,0.7844078759220395,0.9269061572905966,0.31142777524446474,0.0,20,0.8417646031492141,0.0066928509242848554,0.9890130573694068
491,1,1.0,1.0,1.0,1.0,0.9999999,0.7844074216047038,0.926891907716317,0.6723733660130718,0.0,20,0.99916362812065,0.0066928509242848554,0.9890130573694068
492,1,1.0,1.0,1.0,1.0,1.0,0.7844078724567422,0.9269151894572828,0.8388695012888876,0.0,20,0.9999311177066819,0.0066928509242848554,0.9890130573694068
493,1,1.0,1.0,1.0,1.0,0.99999917,0.7844078262927975,0.927083284766613,0.33942281137807234,0.0,20,0.8900588313259455,0.0066928509242848554,0.9890130573694068
494,1,1.0,1.0,1.0,1.0,1.0,0.7844055691305144,0.9270640981510838,0.33560203340595496,0.0,20,0.8843240173319643,0.0066928509242848554,0.9890130573694068
495,1,1.0,1.0,1.0,1.0,0.9994229,0.7844057757477116,0.9268772781851997,0.43215404552625647,0.0,20,0.9701802421767124,0.0066928509242848554,0.9890130573694068
496,1,1.0,1.0,1.0,1.0,1.0,0.7844066701516947,0.9270765211994495,0.6191019438078262,0.0,20,0.998142248950371,0.0066928509242848554,0.9890130573694068
497,1,1.0,1.0,1.0,1.0,0.9999987,0.7844078614723599,0.9269736780851425,0.2666363061353574,0.0,20,0.730969030567451,0.0066928509242848554,0.9890130573694068
498,1,1.0,1.0,1.0,1.0,1.0,0.7844078052246739,0.9270742126624592,0.632122285473329,0.0,20,0.9984713405607247,0.0066928509242848554,0.9890130573694068
499,1,1.0,1.0,1.0,1.0,0.9999999,0.7843980391379652,0.9271148278266743,0.6402554326573935,0.0,20,0.9986466682151358,0.0066928509242848554,0.9890130573694068
500,1,1.0,1.0,1.0,1.0,1.0,0.7844078474693489,0.9268324877915092,0.34850073954551564,0.0,20,0.9026929564737356,0.0066928509242848554,0.9890130573694068
501,1,1.0,1.0,1.0,1.0,1.0,0.7844075344985761,0.9268236523204857,0.6830718954248366,0.0,20,0.9992875431023576,0.0066928509242848554,0.9890130573694068
502,1,1.0,1.0,1.0,1.0,0.99999547,0.7844066331288398,0.9269792579237728,0.466260888789049,0.0,20,0.9819059670017102,0.0066928509242848554,0.9890130573694068
503,1,1.0,1.0,1.0,1.0,1.0,0.7844078372099919,0.9270825617464958,0.3948807329199486,0.0,20,0.94898198423287,0.0066928509242848554,0.9890130573694068
504,1,1.0,1.0,1.0,1.0,0.9999839,0.7844038375480495,0.9268344776981797,0.4008103512407673,0.0,20,0.9531202502200474,0.0066928509242848554,0.9890130573694068
505,1,1.0,1.0,1.0,1.0,0.99999905,0.7844073949449145,0.9271665184034741,0.4790563537242854,0.0,20,0.9850185146054938,0.0066928509242848554,0.9890130573694068
506,1,1.0,1.0,1.0,1.0,1.0,0.7844041190326121,0.9270129979651043,0.48213835593974746,0.0,20,0.9856856553519407,0.0066928509242848554,0.9890130573694068
507,1,1.0,1.0,1.0,1.0,1.0,0.7843882264210282,0.9269484343406625,0.6560530982418807,0.0,20,0.9989318906476191,0.0066928509242848554,0.9890130573694068
508,1,1.0,1.0,1.0,1.0,1.0,0.7844071802852794,0.926946540885524,0.6481957488877904,0.0,20,0.9987984447396246,0.0066928509242848554,0.9890130573694068
509,1,1.0,1.0,1.0,1.0,1.0,0.7843974399859911,0.9269971911233277,0.566976458460216,0.0,20,0.9959486553897888,0.0066928509242848554,0.9890130573694068
510,1,1.0,1.0,1.0,1.0,1.0,0.784407644915108,0.9270566452244234,0.38979779411764703,0.0,20,0.9451616866659764,0.0066928509242848554,0.9890130573694068
511,1,1.0,1.0,1.0,1.0,0.9999995,0.7841277609701827,0.9268429727512492,0.6956531888117565,0.0,20,0.999409999991291,0.0066928509242848554,0.9890130573694068
512,1,1.0,1.0,1.0,1.0,1.0,0.7844078757900007,0.9269479777335174,0.3934994774784349,0.0,20,0.9479694959816954,0.0066928509242848554,0.9890130573694068
513,1,1.0,1.0,1.0,1.0,0.9999957,0.7843940997451021,0.926981839197224,0.24725193107546048,0.0,20,0.6701312998441921,0.0066928509242848554,0.9890130573694068
514,1,1.0,1.0,1.0,1.0,1.0,0.7844031979443994,0.926922888649139,0.4854715117543653,0.0,20,0.9863742260059309,0.0066928509242848554,0.9890130573694068
515,1,1.0,1.0,1.0,1.0,1.0,0.7844010436671814,0.9270929302319076,0.401432688175445,0.0,20,0.9535355995630964,0.0066928509242848554,0.9890130573694068
516,1,1.0,1.0,1.0,1.0,0.99970967,0.7844075164563481,0.9270960567296775,0.5690455161043397,0.0,20,0.9960719749122376,0.0066928509242848554,0.9890130573694068
517,1,1.0,1.0,1.0,1.0,1.0,0.7844075695601787,0.9269879863262261,0.36739363272190595,0.0,20,0.9249027384863616,0.0066928509242848554,0.9890130573694068
518,1,1.0,1.0,1.0,1.0,0.998577,0.7843874720292988,0.9268831768836581,0.5846104795889587,0.0,20,0.9968873309869304,0.0066928509242848554,0.9890130573694068
519,1,1.0,1.0,1.0,1.0,1.0,0.784407869335268,0.9270516430272692,0.6270401889779053,0.0,20,0.9983504516322289,0.0066928509242848554,0.9890130573694068
520,1,1.0,1.0,1.0,1.0,1.0,0.7844078452434745,0.9267422664976411,0.5545684667309547,0.0,20,0.9951239265371274,0.0066928509242848554,0.9890130573694068
521,1,1.0,1.0,1.0,1.0,0.9974637,0.7844064603609007,0.9268722004772659,0.46525607022196963,0.0,20,0.981636229157982,0.0066928509242848554,0.9890130573694068
522,1,1.0,1.0,1.0,1.0,1.0,0.7844078409389729,0.9268071030980614,0.6854591945710746,0.0,20,0.9993125871965041,0.0066928509242848554,0.9890130573694068
523,1,1.0,1.0,1.0,1.0,1.0,0.7844078216483061,0.9270406552260763,0.5329506363949088,0.0,20,0.993268877940324,0.0066928509242848554,0.9890130573694068
524,1,1.0,1.0,1.0,1.0,0.9999956,0.7844076289866896,0.926928899367866,0.770939355845507,0.0,20,0.9998091993050351,0.0066928509242848554,0.9890130573694068
525,1,1.0,1.0,1.0,1.0,1.0,0.7844078764093072,0.9268810580504666,0.4296807431192893,0.0,20,0.9690880054454425,0.0066928509242848554,0.9890130573694068
526,1,1.0,1.0,1.0,1.0,0.9999999,0.7844078761340382,0.9268548710169081,0.48411859429762244,0.0,20,0.9860987661329104,0.0066928509242848554,0.9890130573694068
527,1,1.0,1.0,1.0,1.0,0.9999987,0.7844078722887594,0.9268446830208756,0.2666363061353574,0.0,20,0.730969030567451,0.0066928509242848554,0.9890130573694068
528,1,1.0,1.0,1.0,1.0,0.9998882,0.7844078761278238,0.926992377074672,0.4801775681032647,0.0,20,0.9852646878219258,0.0066928509242848554,0.9890130573694068
529,1,1.0,1.0,1.0,1.0,0.9999021,0.7844078320865823,0.9268144498587568,0.4992648058815529,0.0,20,0.9888925770422511,0.0066928509242848554,0.9890130573694068
530,1,1.0,1.0,1.0,1.0,1.0,0.7844078561496998,0.926903746750327,0.376494201981868,0.0,20,0.9338513648582958,0.0066928509242848554,0.9890130573694068
531,1,1.0,1.0,1.0,1.0,1.0,0.7844078755474463,0.926864051769046,0.4525499960332717,0.0,20,0.9778658307861001,0.0066928509242848554,0.9890130573694068
532,1,1.0,1.0,1.0,1.0,1.0,0.7844078841642479,0.9269826078488029,0.5753938768489851,0.0,20,0.9964274907489138,0.0066928509242848554,0.9890130573694068
533,1,1.0,1.0,1.0,1.0,0.9999995,0.7844260735714166,0.9269161150066361,0.22570932398724386,0.0,20,0.5952326451546907,0.0066928509242848554,0.9890130573694068
534,1,1.0,1.0,1.0,1.0,1.0,0.7844078761570044,0.9271639202909302,0.738640846729082,0.0,20,0.9996903049467892,0.0066928509242848554,0.9890130573694068
535,1,1.0,1.0,1.0,1.0,1.0,0.7844078930110232,0.9270491735357935,0.32489690320572673,0.0,20,0.8668573762627705,0.0066928509242848554,0.9890130573694068
536,1,1.0,1.0,1.0,1.0,1.0,0.7844094609143657,0.9270206104849357,0.5375152129817443,0.0,20,0.993711523996888,0.0066928509242848554,0.9890130573694068
537,1,1.0,1.0,1.0,1.0,1.0,0.7844078759356988,0.9269313594218039,0.34336066169976204,0.0,20,0.8957070766561548,0.0066928509242848554,0.9890130573694068
538,1,1.0,1.0,1.0,1.0,1.0,0.7844078765153941,0.9268681868241712,0.39450149084076636,0.0,20,0.9487058636492718,0.0066928509242848554,0.9890130573694068
539,1,1.0,1.0,1.0,1.0,1.0,0.7844078762809796,0.9269066826563502,0.4980261437908497,0.0,20,0.9886866293624904,0.0066928509242848554,0.9890130573694068
540,1,1.0,1.0,1.0,1.0,0.999987,0.7844078685808472,0.9268795980900258,0.451041079659572,0.0,20,0.9773706052225548,0.0066928509242848554,0.9890130573694068
541,1,1.0,1.0,1.0,1.0,0.99960643,0.7844088794422253,0.9269835482133215,0.528092312597334,0.0,20,0.9927637146913997,0.0066928509242848554,0.9890130573694068
542,1,1.0,1.0,1.0,1.0,1.0,0.7844078752900862,0.9268638272645698,0.4562679231899478,0.0,20,0.9790412765038639,0.0066928509242848554,0.9890130573694068
543,1,1.0,1.0,1.0,1.0,0.9999958,0.784407868290574,0.9269155615335865,0.4564384818254787,0.0,20,0.9790937087706204,0.0066928509242848554,0.9890130573694068
544,1,1.0,1.0,1.0,1.0,0.9995427,0.7844119784279981,0.926907523643315,0.19911567482281686,0.0,20,0.4966838292107035,0.0066928509242848554,0.9890130573694068
545,1,1.0,1.0,1.0,1.0,1.0,0.7844078761532881,0.9270532438529459,0.5452057908378648,0.0,20,0.9943928337284965,0.0066928509242848554,0.9890130573694068
546,1,1.0,1.0,1.0,1.0,1.0,0.784407822291833,0.9269429834954729,0.5640498211863362,0.0,20,0.9957676110791048,0.0066928509242848554,0.9890130573694068
547,1,1.0,1.0,1.0,1.0,0.9999666,0.7844111475126158,0.9271004595245713,0.6713575921486672,0.0,20,0.9991507979762646,0.0066928509242848554,0.9890130573694068
548,1,1.0,1.0,1.0,1.0,0.99997056,0.7844082618746981,0.9268536294139581,0.47234025393102974,0.0,20,0.9834568852214466,0.0066928509242848554,0.9890130573694068
549,1,1.0,1.0,1.0,1.0,1.0,0.7844227776482339,0.9269076391249749,0.4922288741204543,0.0,20,0.987671458776352,0.0066928509242848554,0.9890130573694068
550,1,1.0,1.0,1.0,1.0,1.0,0.7844078762019305,0.9270864417763699,0.6560530982418807,0.0,20,0.9989318906476191,0.0066928509242848554,0.9890130573694068
551,1,1.0,1.0,1.0,1.0,1.0,0.7844078195329185,0.9268119860637261,0.738640846729082,0.0,20,0.9996903049467892,0.0066928509242848554,0.9890130573694068
552,1,1.0,1.0,1.0,1.0,1.0,0.7844079965009951,0.9268406197498095,0.45302898464350283,0.0,20,0.9780208082445975,0.0066928509242848554,0.9890130573694068
553,1,1.0,1.0,1.0,1.0,1.0,0.7844078755127167,0.9269015184359483,0.4371330537552421,0.0,20,0.9722666868960456,0.0066928509242848554,0.9890130573694068
554,1,1.0,1.0,1.0,1.0,0.9999356,0.7844080042693569,0.9268900449679,0.6465708556149733,0.0,20,0.99876883543571,0.0066928509242848554,0.9890130573694068
555,1,1.0,1.0,1.0,1.0,0.99990904,0.7844144316723972,0.9269172004269621,0.5674707602339182,0.0,20,0.9959784627497394,0.0066928509242848554,0.9890130573694068
556,1,1.0,1.0,1.0,1.0,1.0,0.7844078823589428,0.9269911305076225,0.4638841754650578,0.0,20,0.9812615712347389,0.0066928509242848554,0.9890130573694068
557,1,1.0,1.0,1.0,1.0,0.99997056,0.7844099337248761,0.926972932075581,0.47234025393102974,0.0,20,0.9834568852214466,0.0066928509242848554,0.9890130573694068
558,1,1.0,1.0,1.0,1.0,0.9999403,0.7844161906931344,0.926898401290384,0.2516356542617047,0.0,20,0.6845010476583226,0.0066928509242848554,0.9890130573694068
559,1,1.0,1.0,1.0,1.0,1.0,0.7844159721724006,0.9271097791860431,0.6730243612596554,0.0,20,0.9991717487547629,0.0066928509242848554,0.9890130573694068
560,1,1.0,1.0,1.0,1.0,0.997561,0.7844078866540184,0.9270423141205681,0.4900924179195488,0.0,20,0.9872750779978265,0.0066928509242848554,0.9890130573694068
561,1,1.0,1.0,1.0,1.0,1.0,0.7844078761949884,0.927117590470343,0.41537150213620805,0.0,20,0.961968704506695,0.0066928509242848554,0.9890130573694068
562,1,1.0,1.0,1.0,1.0,0.99998486,0.7844078761862916,0.9270734051222836,0.7617158187273927,0.0,20,0.9997808943250679,0.0066928509242848554,0.9890130573694068
563,1,1.0,1.0,1.0,1.0,1.0,0.7844078804299557,0.9268700400796865,0.5592597093933992,0.0,20,0.9954537486190677,0.0066928509242848554,0.9890130573694068
564,1,1.0,1.0,1.0,1.0,1.0,0.7844078761159492,0.9267754755027661,0.7126126887536623,0.0,20,0.9995424607914702,0.0066928509242848554,0.9890130573694068
565,1,1.0,1.0,1.0,1.0,1.0,0.7845035850399839,0.9269241308979818,0.3404901960784314,0.0,20,0.8916157942786167,0.0066928509242848554,0.9890130573694068
566,1,1.0,1.0,1.0,1.0,0.99999905,0.7844078762838437,0.92696860767903,0.7671164326296968,0.0,20,0.9997979405444203,0.0066928509242848554,0.9890130573694068
567,1,1.0,1.0,1.0,1.0,1.0,0.7844078777751284,0.9269933102566986,0.42572381333485776,0.0,20,0.9672596022416714,0.0066928509242848554,0.9890130573694068
568,1,1.0,1.0,1.0,1.0,1.0,0.7844079235737953,0.9268900689160098,0.6725038621509211,0.0,20,0.9991652623036295,0.0066928509242848554,0.9890130573694068
569,1,0.0,1.0,1.0,1.0,6.672186e-11,0.7844079337766312,0.9269641974964026,0.2902898176814585,0.0,20,0.794839444129427,0.0066928509242848554,0.9890130573694068
570,1,1.0,1.0,1.0,1.0,0.99999917,0.7844078782350616,0.9270811584043886,0.18275724819842468,0.0,20,0.43569774168435227,0.0066928509242848554,0.9890130573694068
571,1,1.0,1.0,1.0,1.0,0.9999945,0.7844078913610739,0.9270355774391571,0.4574732752858636,0.0,20,0.9794090784069409,0.0066928509242848554,0.9890130573694068
572,1,1.0,1.0,1.0,1.0,1.0,0.7844078772557241,0.9271425464031544,0.4953902593295383,0.0,20,0.9882357253420012,0.0066928509242848554,0.9890130573694068
573,1,1.0,1.0,1.0,1.0,0.9999981,0.7844078781752517,0.9268212317975405,0.3441035067873303,0.0,20,0.8967433997825675,0.0066928509242848554,0.9890130573694068
574,1,1.0,1.0,1.0,1.0,1.0,0.7844078850482749,0.9270371311418455,0.5549732474689222,0.0,20,0.9951532998909175,0.0066928509242848554,0.9890130573694068
575,1,1.0,1.0,1.0,1.0,0.9999995,0.7844081692796302,0.9270404546778451,0.6787221877187275,0.0,20,0.9992395449547571,0.0066928509242848554,0.9890130573694068
576,1,1.0,1.0,1.0,1.0,0.99999976,0.7844078908979405,0.9268823438726793,0.4966696375519905,0.0,20,0.9884567559940586,0.0066928509242848554,0.9890130573694068
577,1,1.0,1.0,1.0,1.0,1.0,0.7844085919537043,0.9269501563299427,0.6117719159735967,0.0,20,0.9979267836970087,0.0066928509242848554,0.9890130573694068
578,1,1.0,1.0,1.0,1.0,0.99999976,0.7844078794490442,0.9269725978277463,0.3581601794946835,0.0,20,0.9146985178660705,0.0066928509242848554,0.9890130573694068
579,1,1.0,1.0,1.0,1.0,1.0,0.7844078762904743,0.9270405571850235,0.6331907831223836,0.0,20,0.9984956092354293,0.0066928509242848554,0.9890130573694068
580,1,1.0,1.0,1.0,1.0,0.999997,0.7844078765193186,0.9270030105398432,0.25156666010885964,0.0,20,0.6842775059947778,0.0066928509242848554,0.9890130573694068
581,1,1.0,1.0,1.0,1.0,1.0,0.7844078762862005,0.9268668908570755,0.7153139397835637,0.0,20,0.9995606211672019,0.0066928509242848554,0.9890130573694068
582,1,1.0,1.0,1.0,1.0,1.0,0.7844078762854659,0.9269384081546307,0.5066731219236665,0.0,20,0.9900491521196365,0.0066928509242848554,0.9890130573694068
583,1,1.0,1.0,1.0,1.0,1.0,0.7844078773095254,0.9269973819057244,0.26398994469582704,0.0,20,0.723091605516865,0.0066928509242848554,0.9890130573694068
584,1,1.0,1.0,1.0,1.0,0.9999968,0.7844078763129997,0.9270312795860235,0.4210056115469444,0.0,20,0.9649426769140657,0.0066928509242848554,0.9890130573694068
585,0,1.0,0.2,1.0,1.0,3.7924304e-09,0.7844078764518524,0.1998495630084439,0.6405927130961331,0.0,20,0.9986534885137361,0.0066928509242848554,0.9890130573694068
586,0,1.0,0.0,1.0,1.0,8.625171e-06,0.784407765268235,0.017988726415423522,0.6623307255410944,0.0,20,0.9990277849868646,0.0066928509242848554,0.9890130573694068
587,0,1.0,0.0,1.0,1.0,1.1785684e-12,0.7844078762674631,0.01802237678043708,0.8598475845802048,0.0,20,0.9999497130046966,0.0066928509242848554,0.9890130573694068
588,0,1.0,0.0,1.0,1.0,9.996316e-13,0.7844078762854648,0.01800654101875974,0.6077203299266108,0.0,20,0.9977971652239209,0.0066928509242848554,0.9890130573694068
589,0,1.0,0.0,1.0,1.0,2.128727e-06,0.7844078762847455,0.018026420078642864,0.6256285949712402,0.0,20,0.998315211317638,0.0066928509242848554,0.9890130573694068
590,0,1.0,0.0,1.0,1.0,1.14696626e-07,0.7844078762415739,0.01798687661328253,0.5646023877434316,0.0,20,0.995802399603797,0.0066928509242848554,0.9890130573694068
591,0,1.0,0.0,1.0,1.0,3.0718857e-05,0.784407876285464,0.017946334543328803,0.5204235328883327,0.0,20,0.9918887019399938,0.0066928509242848554,0.9890130573694068
592,0,1.0,0.0,1.0,1.0,0.01930715,0.784407876285434,0.0179480456818525,0.48017834523990477,0.0,20,0.9852648570601449,0.0066928509242848554,0.9890130573694068
593,0,1.0,0.0,1.0,1.0,1.54922e-08,0.7844078762854423,0.018022441392260516,0.6270717340434115,0.0,20,0.9983512306876606,0.0066928509242848554,0.9890130573694068
594,0,1.0,0.0,1.0,1.0,3.0407793e-07,0.784407854352657,0.017955454908901988,0.511621568627451,0.0,20,0.990754442310037,0.0066928509242848554,0.9890130573694068
595,0,1.0,0.0,1.0,1.0,1.0799857e-12,0.7844078762854423,0.01799516902561301,0.6097214861920744,0.0,20,0.9978621666469335,0.0066928509242848554,0.9890130573694068
596,0,1.0,0.0,1.0,1.0,9.69699e-07,0.7844078762854646,0.01793333063503195,0.6172453872643626,0.0,20,0.9980898867563304,0.0066928509242848554,0.9890130573694068
597,0,1.0,0.0,1.0,1.0,2.6139008e-12,0.7844078762854167,0.01801312850672616,0.5148561988898124,0.0,20,0.9911884645554929,0.0066928509242848554,0.9890130573694068
598,0,1.0,0.0,1.0,1.0,3.538133e-08,0.7844078762852918,0.018000223597120186,0.5848976901366608,0.0,20,0.996900670540818,0.0066928509242848554,0.9890130573694068
599,0,1.0,0.0,1.0,1.0,1.2169524e-12,0.784407876284273,0.017978999294117903,0.8564989018549389,0.0,20,0.9999471226991431,0.0066928509242848554,0.9890130573694068
600,0,1.0,0.0,1.0,1.0,6.9266076e-05,0.7844078732484119,0.017939668687290918,0.5763398692810457,0.0,20,0.9964776489779241,0.0066928509242848554,0.9890130573694068
601,0,1.0,0.0,1.0,1.0,0.00019989983,0.7844078762854648,0.01796274062903157,0.5209810206133735,0.0,20,0.9919557049973288,0.0066928509242848554,0.9890130573694068
602,0,1.0,0.0,1.0,1.0,2.5213203e-05,0.7844078762854632,0.017982500509431197,0.7957464988928737,0.0,20,0.9998684770260835,0.0066928509242848554,0.9890130573694068
603,0,1.0,0.0,1.0,1.0,1.5898026e-11,0.7844078759576705,0.017974963188652472,0.3698554169142404,0.0,20,0.9274276811596878,0.0066928509242848554,0.9890130573694068
604,0,1.0,0.0,1.0,1.0,8.39352e-16,0.7844078744382929,0.0179474792632866,0.6217498435544431,0.0,20,0.998214460714368,0.0066928509242848554,0.9890130573694068
605,0,1.0,0.0,1.0,1.0,3.6939806e-13,0.7844078733020045,0.017978321510529825,0.4417579897456059,0.0,20,0.9740772549265982,0.0066928509242848554,0.9890130573694068
606,1,1.0,0.7833333333333333,1.0,1.0,1.0,0.7844078762842678,0.7575700705695602,0.415765393876849,0.0,20,0.9621842729328356,0.0066928509242848554,0.9890130573694068
607,1,1.0,1.0,1.0,1.0,1.0,0.7844078678482194,0.9619890455839607,0.6323665577342048,0.0,20,0.998476922932837,0.0066928509242848554,0.9890130573694068
608,1,1.0,1.0,1.0,1.0,1.0,0.7844078762854129,0.9619960629560951,0.44548726953467954,0.0,20,0.9754529212638122,0.0066928509242848554,0.9890130573694068
609,1,1.0,1.0,1.0,1.0,0.99442965,0.7844078762846122,0.961986197266485,0.22988179669030734,0.0,20,0.6102175929072826,0.0066928509242848554,0.9890130573694068
610,1,1.0,1.0,1.0,1.0,0.99975353,0.7844078762854648,0.962120350915811,0.3990559871747441,0.0,20,0.9519303014086228,0.0066928509242848554,0.9890130573694068
611,1,1.0,1.0,1.0,1.0,0.9999752,0.7844078762471263,0.9620379544120656,0.41194508866868135,0.0,20,0.9600430817380267,0.0066928509242848554,0.9890130573694068
612,1,1.0,1.0,1.0,1.0,1.0,0.784406552638552,0.9620902053841957,0.3934994774784349,0.0,20,0.9479694959816954,0.0066928509242848554,0.9890130573694068
613,0,1.0,0.0,1.0,1.0,5.9073358e-05,0.7844078762854648,0.017976703548850136,0.5664492344438603,0.0,20,0.995916620220683,0.0066928509242848554,0.9890130573694068
614,0,1.0,0.0,1.0,1.0,3.9867374e-14,0.7844077307802162,0.01797863052040432,0.33086294934640526,0.0,20,0.8768512336746905,0.0066928509242848554,0.9890130573694068
615,0,1.0,0.0,1.0,1.0,0.00014835928,0.7844078762652167,0.0179884414365971,0.47564830250588763,0.0,20,0.9842451157266306,0.0066928509242848554,0.9890130573694068
616,0,1.0,0.0,1.0,1.0,1.16886625e-08,0.7844078762848876,0.017982341687665264,0.555687381850683,0.0,20,0.9952046931024298,0.0066928509242848554,0.9890130573694068
617,0,1.0,0.0,1.0,1.0,0.00038828928,0.7844078762854108,0.017999853657844907,0.5713394448688567,0.0,20,0.9962043308668195,0.0066928509242848554,0.9890130573694068
618,0,1.0,0.0,1.0,1.0,1.9960692e-06,0.7844078762785317,0.01791449888361085,0.5995996732026144,0.0,20,0.9975125213592339,0.0066928509242848554,0.9890130573694068
619,0,1.0,0.0,1.0,1.0,6.6374428e-06,0.7844078762796729,0.017996042337169896,0.8474036679348356,0.0,20,0.999939393937396,0.0066928509242848554,0.9890130573694068
620,1,1.0,0.9166666666666666,1.0,1.0,1.0,0.7844078702610455,0.9077163954877282,0.355378109011327,0.0,20,0.9113855942622502,0.0066928509242848554,0.9890130573694068
621,1,1.0,1.0,1.0,1.0,0.99999774,0.7844077326419653,0.9885441695713613,0.8015487876096992,0.0,20,0.9998794387195311,0.0066928509242848554,0.9890130573694068
622,1,1.0,1.0,1.0,1.0,1.0,0.7844060161685518,0.9885199646860556,0.6323665577342048,0.0,20,0.998476922932837,0.0066928509242848554,0.9890130573694068
623,1,1.0,1.0,1.0,1.0,0.99999666,0.7844074866957197,0.9885565514022541,0.40802941176470586,0.0,20,0.9577280927915943,0.0066928509242848554,0.9890130573694068
624,1,1.0,1.0,1.0,1.0,1.0,0.7844068798865521,0.9885565700074604,0.6167440660474716,0.0,20,0.9980754966572375,0.0066928509242848554,0.9890130573694068
625,1,1.0,1.0,1.0,1.0,1.0,0.7844021562629575,0.9885670930944589,0.50113936642195,0.0,20,0.9891972229862429,0.0066928509242848554,0.9890130573694068
626,1,1.0,1.0,1.0,1.0,0.99999964,0.784407876089655,0.9885132524540411,0.42507857043526626,0.0,20,0.9669517044219349,0.0066928509242848554,0.9890130573694068
627,1,1.0,1.0,1.0,1.0,1.0,0.7844078759876868,0.9885235784088837,0.5209937451683182,0.0,20,0.9919572279042119,0.0066928509242848554,0.9890130573694068
628,1,1.0,1.0,1.0,1.0,1.0,0.7844078665250521,0.9885562262836387,0.5825683502959245,0.0,20,0.9967908192601422,0.0066928509242848554,0.9890130573694068
629,1,1.0,1.0,1.0,1.0,1.0,0.7844073916023259,0.9885500037969132,0.29102112493115956,0.0,20,0.7966224702870712,0.0066928509242848554,0.9890130573694068
630,1,1.0,1.0,1.0,1.0,1.0,0.7801378719245408,0.9885286391243401,0.34850073954551564,0.0,20,0.9026929564737356,0.0066928509242848554,0.9890130573694068
631,1,1.0,1.0,1.0,1.0,0.9999999,0.7843869995589947,0.9885315674607581,0.24711609504448379,0.0,20,0.6696807346100657,0.0066928509242848554,0.9890130573694068
632,1,1.0,1.0,1.0,1.0,0.9999999,0.7844075344179022,0.9885275851549846,0.36851063524825134,0.0,20,0.9260582508323483,0.0066928509242848554,0.9890130573694068
633,1,1.0,1.0,1.0,1.0,1.0,0.7844078729606172,0.9885164086411262,0.47854213800904977,0.0,20,0.9849042632184405,0.0066928509242848554,0.9890130573694068
634,1,1.0,1.0,1.0,1.0,1.0,0.7844077330505532,0.988533187472235,0.212888869623015,0.0,20,0.5481832729743178,0.0066928509242848554,0.9890130573694068
635,1,1.0,1.0,1.0,1.0,1.0,0.784402902606381,0.9885348210299625,0.4462799827392041,0.0,20,0.9757360344108759,0.0066928509242848554,0.9890130573694068
636,1,1.0,1.0,1.0,1.0,1.0,0.78439079906834,0.9885229879240597,0.5997866313504764,0.0,20,0.9975194701234918,0.0066928509242848554,0.9890130573694068
637,1,1.0,1.0,1.0,1.0,1.0,0.784406475184793,0.9885422251712402,0.5375152129817443,0.0,20,0.993711523996888,0.0066928509242848554,0.9890130573694068
638,1,1.0,1.0,1.0,1.0,1.0,0.7843778263174543,0.9885250912832758,0.6270583447054036,0.0,20,0.9983509000615971,0.0066928509242848554,0.9890130573694068
639,1,1.0,1.0,1.0,1.0,1.0,0.7844076979345971,0.9885416165753967,0.6710491157247213,0.0,20,0.9991468628493311,0.0066928509242848554,0.9890130573694068
640,1,1.0,1.0,1.0,1.0,1.0,0.784407867613243,0.9884988474950647,0.41225978995586837,0.0,20,0.9602237698465053,0.0066928509242848554,0.9890130573694068
641,1,1.0,1.0,1.0,1.0,1.0,0.7843533201324698,0.9885340107849855,0.46460579874651387,0.0,20,0.9814595684232092,0.0066928509242848554,0.9890130573694068
642,1,1.0,1.0,1.0,1.0,0.99999976,0.7844074553594843,0.9885316339762493,0.5570332909433255,0.0,20,0.9953000826748514,0.0066928509242848554,0.9890130573694068
643,1,1.0,1.0,1.0,1.0,1.0,0.7843912405237609,0.9885535516095474,0.43502111613876315,0.0,20,0.9713995868780474,0.0066928509242848554,0.9890130573694068
644,1,1.0,1.0,1.0,1.0,1.0,0.7844078749660258,0.9885347774314748,0.7768838399557354,0.0,20,0.9998254731816631,0.0066928509242848554,0.9890130573694068
645,1,1.0,1.0,1.0,1.0,1.0,0.7844078229081838,0.9885225426399104,0.702531740665615,0.0,20,0.9994678091766723,0.0066928509242848554,0.9890130573694068
646,0,1.0,0.31666666666666665,1.0,1.0,4.214152e-06,0.7844061156183585,0.32537215402232916,0.48387551990493166,0.0,20,0.9860486965278176,0.0066928509242848554,0.9890130573694068
647,0,1.0,0.0,1.0,1.0,4.1737767e-08,0.7844078751295144,0.017918463147155454,0.36780985932343463,0.0,20,0.9253352416251974,0.0066928509242848554,0.9890130573694068
648,0,1.0,0.0,1.0,1.0,4.9700617e-14,0.7844077790370749,0.017976076085548482,0.602602834106102,0.0,20,0.9976218288595473,0.0066928509242848554,0.9890130573694068
649,0,0.0,0.0,1.0,1.0,0.92264825,0.7844078762501484,0.017994814659088296,0.4687685680332739,0.0,20,0.9825622879747026,0.0066928509242848554,0.9890130573694068
650,0,1.0,0.0,1.0,1.0,3.4770705e-13,0.7844078762854487,0.01797492755918364,0.7910037878787879,0.0,20,0.9998587809104943,0.0066928509242848554,0.9890130573694068
651,0,1.0,0.0,1.0,1.0,4.127773e-11,0.7844078762702527,0.017988745592344334,0.4089575906120024,0.0,20,0.9582881741691057,0.0066928509242848554,0.9890130573694068
652,0,1.0,0.0,1.0,1.0,6.1795085e-09,0.784407876285464,0.018005533418572476,0.5739985716609037,0.0,20,0.99635220731087,0.0066928509242848554,0.9890130573694068
653,0,1.0,0.0,1.0,1.0,6.773685e-05,0.784407876283755,0.017977911530572304,0.5291673308889951,0.0,20,0.9928786417018107,0.0066928509242848554,0.9890130573694068
654,0,1.0,0.0,1.0,1.0,1.3044695e-08,0.7844078762854637,0.017954842044763178,0.5159103641456583,0.0,20,0.991325501831332,0.0066928509242848554,0.9890130573694068
655,0,1.0,0.0,1.0,1.0,1.0589697e-06,0.7844078762853697,0.01796271950235141,0.382171863950917,0.0,20,0.9389218443857342,0.0066928509242848554,0.9890130573694068
656,0,1.0,0.0,1.0,1.0,3.6996885e-11,0.7844078759451362,0.017985256856359367,0.6419618227959837,0.0,20,0.9986808232215137,0.0066928509242848554,0.9890130573694068
657,0,1.0,0.0,1.0,1.0,1.0890839e-07,0.7844078762854464,0.017977342027508225,0.5963045267489713,0.0,20,0.99738681242351,0.0066928509242848554,0.9890130573694068
658,0,1.0,0.0,1.0,1.0,7.15066e-12,0.7844078762596605,0.018015764147355794,0.900044213763937,0.0,20,0.9999724825641769,0.0066928509242848554,0.9890130573694068
659,0,1.0,0.0,1.0,1.0,0.0017762876,0.784407876285442,0.017994713638564468,0.3966933264533884,0.0,20,0.950282385277557,0.0066928509242848554,0.9890130573694068
660,0,1.0,0.0,1.0,1.0,7.298234e-08,0.7844078762848804,0.0180171844812532,0.34756630216189044,0.0,20,0.9014547960799149,0.0066928509242848554,0.9890130573694068
661,0,1.0,0.0,1.0,1.0,3.3528937e-11,0.784407876285407,0.017982035909182188,0.6083833558839726,0.0,20,0.9978189171452397,0.0066928509242848554,0.9890130573694068
662,0,1.0,0.0,1.0,1.0,3.7660357e-08,0.7844078762850125,0.017995318997203684,0.8050912924309509,0.0,20,0.9998856771067014,0.0066928509242848554,0.9890130573694068
663,0,1.0,0.0,1.0,1.0,0.00083401194,0.7844078475694745,0.017994442705815492,0.5341121557912784,0.0,20,0.9933843680237769,0.0066928509242848554,0.9890130573694068
664,0,1.0,0.0,1.0,1.0,5.5198486e-09,0.7844078762850571,0.0180408140804806,0.6221406872608198,0.0,20,0.9982248795633843,0.0066928509242848554,0.9890130573694068
665,0,1.0,0.0,1.0,1.0,5.0360185e-14,0.7844078762853312,0.0179973528868027,0.4684967320261438,0.0,20,0.9824922872365034,0.0066928509242848554,0.9890130573694068
666,0,1.0,0.0,1.0,1.0,3.258399e-08,0.7844078762838076,0.01795613319507183,0.47197602013778484,0.0,20,0.9833677618369049,0.0066928509242848554,0.9890130573694068
667,0,1.0,0.0,1.0,1.0,1.8764397e-06,0.7844078762847315,0.01797620782326385,0.6994741075917547,0.0,20,0.9994428460267522,0.0066928509242848554,0.9890130573694068
668,0,1.0,0.31666666666666665,1.0,1.0,0.00014835928,0.7844078755129985,0.31628230697651827,0.47564830250588763,0.0,20,0.9842451157266306,0.0066928509242848554,0.9890130573694068
669,1,1.0,1.0,1.0,1.0,0.9999987,0.7844078758831992,0.9597757636179215,0.5841495258234012,0.0,20,0.9968658021507187,0.0066928509242848554,0.9890130573694068
670,1,1.0,1.0,1.0,1.0,0.99999714,0.7844078762716847,0.9599023903421172,0.4544554315979265,0.0,20,0.9784760801653372,0.0066928509242848554,0.9890130573694068
671,1,1.0,1.0,1.0,1.0,0.9954963,0.7844078752204452,0.9599419592825361,0.28401297717154494,0.0,20,0.7790596151769756,0.0066928509242848554,0.9890130573694068
672,1,1.0,1.0,1.0,1.0,1.0,0.7844075739214006,0.9597728995776825,0.6256641418566765,0.0,20,0.9983161079007414,0.0066928509242848554,0.9890130573694068
673,1,1.0,1.0,1.0,1.0,0.99993443,0.7844078669004818,0.9597867576691965,0.7225026497085321,0.0,20,0.9996055169192922,0.0066928509242848554,0.9890130573694068
674,1,1.0,1.0,1.0,1.0,1.0,0.7844078762726664,0.9598658423304653,0.8112441490757523,0.0,20,0.9998957549819157,0.0066928509242848554,0.9890130573694068
675,1,1.0,1.0,1.0,1.0,1.0,0.7844078760860647,0.9597917064098813,0.6331907831223836,0.0,20,0.9984956092354293,0.0066928509242848554,0.9890130573694068
676,1,1.0,1.0,1.0,1.0,0.9999993,0.7844078143924023,0.9598486871966506,0.40807701819466524,0.0,20,0.9577569935336163,0.0066928509242848554,0.9890130573694068
677,1,1.0,1.0,1.0,1.0,1.0,0.7844032513329935,0.9597441024566163,0.705290827442088,0.0,20,0.999489374017392,0.0066928509242848554,0.9890130573694068
678,1,1.0,1.0,1.0,1.0,1.0,0.7844078762847627,0.9597881157458281,0.6558632072357563,0.0,20,0.9989288472087088,0.0066928509242848554,0.9890130573694068
679,1,1.0,1.0,1.0,1.0,1.0,0.7844078651838271,0.9597974782126332,0.5298209818906987,0.0,20,0.9929476337493821,0.0066928509242848554,0.9890130573694068
680,1,1.0,1.0,1.0,1.0,0.99999666,0.784407875862306,0.9597997821256705,0.40802941176470586,0.0,20,0.9577280927915943,0.0066928509242848554,0.9890130573694068
681,1,1.0,1.0,1.0,1.0,1.0,0.7844078762568009,0.9597983083462217,0.33239349756996817,0.0,20,0.8793089630779982,0.0066928509242848554,0.9890130573694068
682,1,1.0,1.0,1.0,1.0,1.0,0.784405895012668,0.959836290745458,0.49762210677243357,0.0,20,0.9886186385981497,0.0066928509242848554,0.9890130573694068
683,1,1.0,1.0,1.0,1.0,1.0,0.7844078762792216,0.9597284490706475,0.7312880707838691,0.0,20,0.9996542058546865,0.0066928509242848554,0.9890130573694068
684,1,1.0,1.0,1.0,1.0,1.0,0.7844078762850212,0.9597573905844288,0.5329506363949088,0.0,20,0.993268877940324,0.0066928509242848554,0.9890130573694068
685,1,1.0,1.0,1.0,1.0,0.916191,0.7844078654535023,0.9598360703205112,0.5083182996677806,0.0,20,0.9902893552238379,0.0066928509242848554,0.9890130573694068
686,1,1.0,1.0,1.0,1.0,0.999571,0.7844078739747987,0.9597983629338942,0.425324003475264,0.0,20,0.9670691486558425,0.0066928509242848554,0.9890130573694068
687,1,1.0,1.0,1.0,1.0,0.9999769,0.7844078720776807,0.9597592613800648,0.26703519356460537,0.0,20,0.7321440412254432,0.0066928509242848554,0.9890130573694068
688,1,1.0,1.0,1.0,1.0,0.9832413,0.7844068682422162,0.9599092746718383,0.7560126753404064,0.0,20,0.999761330027513,0.0066928509242848554,0.9890130573694068
689,1,1.0,1.0,1.0,1.0,1.0,0.7844077874655092,0.9597610695195969,0.36274007038712924,0.0,20,0.9199082479011667,0.0066928509242848554,0.9890130573694068
690,1,1.0,1.0,1.0,1.0,1.0,0.7844001985754385,0.959896254856874,0.6260169024874908,0.0,20,0.9983249796459069,0.0066928509242848554,0.9890130573694068
691,1,1.0,1.0,1.0,1.0,1.0,0.7844078713019708,0.9596290892145419,0.456552498523408,0.0,20,0.9791286875915431,0.0066928509242848554,0.9890130573694068
692,1,1.0,1.0,1.0,1.0,0.9999999,0.7844078748696764,0.9598909517498462,0.6322282214012819,0.0,20,0.9984737640266885,0.0066928509242848554,0.9890130573694068
693,1,1.0,1.0,1.0,1.0,0.99998987,0.7844055697293562,0.9598490854407531,0.5414124909222948,0.0,20,0.9940664853493891,0.0066928509242848554,0.9890130573694068
694,0,1.0,0.23333333333333334,1.0,1.0,0.00038176254,0.7844046830498252,0.23773148153286147,0.5971095721843478,0.0,20,0.9974180976942445,0.0066928509242848554,0.9890130573694068
695,1,1.0,0.8666666666666667,1.0,1.0,1.0,0.7844078586378266,0.8411236938759019,0.31144550843593255,0.0,20,0.8418000300352588,0.0066928509242848554,0.9890130573694068
696,1,1.0,1.0,1.0,1.0,1.0,0.7844078039213672,0.9677889099943208,0.5457238842540931,0.0,20,0.9944359988690245,0.0066928509242848554,0.9890130573694068
697,1,1.0,1.0,1.0,1.0,1.0,0.784407761535092,0.9677955532263164,0.6400181027859346,0.0,20,0.9986418483934809,0.0066928509242848554,0.9890130573694068
698,1,1.0,1.0,1.0,1.0,1.0,0.7844076354171663,0.9678078808131833,0.6705144132951619,0.0,20,0.9991399986258034,0.0066928509242848554,0.9890130573694068
699,1,1.0,1.0,1.0,1.0,1.0,0.7844078746158857,0.967769714045804,0.5545684667309547,0.0,20,0.9951239265371274,0.0066928509242848554,0.9890130573694068
700,1,1.0,1.0,1.0,1.0,1.0,0.7844078548039841,0.9677243935358698,0.6680403586977981,0.0,20,0.9991075126930157,0.0066928509242848554,0.9890130573694068
701,1,1.0,1.0,1.0,1.0,1.0,0.784407258768612,0.9677534155677204,0.44105435156518746,0.0,20,0.9738094062393122,0.0066928509242848554,0.9890130573694068
702,1,1.0,1.0,1.0,1.0,0.9996439,0.784407624919201,0.9676848071495727,0.48302510398098636,0.0,20,0.9858721208261986,0.0066928509242848554,0.9890130573694068
703,1,1.0,1.0,1.0,1.0,1.0,0.7844074898642595,0.9678019984033337,0.48213835593974746,0.0,20,0.9856856553519407,0.0066928509242848554,0.9890130573694068
704,1,1.0,1.0,1.0,1.0,0.99999714,0.7844078761258851,0.9677345540359121,0.4544554315979265,0.0,20,0.9784760801653372,0.0066928509242848554,0.9890130573694068
705,1,1.0,1.0,1.0,1.0,1.0,0.7844078757363302,0.9677230886198627,0.35047222087070284,0.0,20,0.9052597783246311,0.0066928509242848554,0.9890130573694068
706,1,1.0,1.0,1.0,1.0,0.9999969,0.7844078487962763,0.9677321381075218,0.39268605169340465,0.0,20,0.9473643829979963,0.0066928509242848554,0.9890130573694068
707,1,1.0,1.0,1.0,1.0,1.0,0.7844078489309574,0.9677750459604847,0.6560530982418807,0.0,20,0.9989318906476191,0.0066928509242848554,0.9890130573694068
708,1,1.0,1.0,1.0,1.0,0.99998546,0.7843209034056169,0.9677055963103413,0.23729377958079784,0.0,20,0.6363152495440282,0.0066928509242848554,0.9890130573694068
709,1,1.0,1.0,1.0,1.0,1.0,0.7844065718908176,0.9677841416128893,0.6761535109770404,0.0,20,0.9992096963195938,0.0066928509242848554,0.9890130573694068
710,1,1.0,1.0,1.0,1.0,1.0,0.78432399372063,0.967793935384711,0.5361972772648154,0.0,20,0.99358677514402,0.0066928509242848554,0.9890130573694068
711,1,1.0,1.0,1.0,1.0,1.0,0.7843970925450815,0.9678241862874166,0.6193923463105048,0.0,20,0.9981503088478285,0.0066928509242848554,0.9890130573694068
712,1,1.0,1.0,1.0,1.0,1.0,0.7844078575418277,0.9676635881129356,0.507469654528478,0.0,20,0.99016617508546,0.0066928509242848554,0.9890130573694068
713,1,1.0,1.0,1.0,1.0,1.0,0.7844077463212777,0.9677686080884178,0.47892612188908484,0.0,20,0.9849896597284826,0.0066928509242848554,0.9890130573694068
714,1,1.0,1.0,1.0,1.0,1.0,0.784407637477203,0.9677967231790561,0.5298209818906987,0.0,20,0.9929476337493821,0.0066928509242848554,0.9890130573694068
715,1,1.0,1.0,1.0,1.0,1.0,0.7844078032934114,0.9678333253469715,0.7446968273922195,0.0,20,0.99971718999915,0.0066928509242848554,0.9890130573694068
716,1,1.0,1.0,1.0,1.0,0.9999999,0.7844078529136621,0.9677797431967413,0.24018975332068312,0.0,20,0.6463072244678757,0.0066928509242848554,0.9890130573694068
717,1,1.0,1.0,1.0,1.0,1.0,0.7843991385897088,0.967697810897431,0.66196433324461,0.0,20,0.9990224323335066,0.0066928509242848554,0.9890130573694068
718,1,1.0,1.0,1.0,1.0,1.0,0.7844078448967752,0.9677183514215247,0.6336705052391327,0.0,20,0.9985063796119238,0.0066928509242848554,0.9890130573694068
719,1,1.0,1.0,1.0,1.0,1.0,0.7844078743335225,0.9677952830574321,0.6734969428631667,0.0,20,0.9991775944270845,0.0066928509242848554,0.9890130573694068
720,1,1.0,1.0,1.0,1.0,0.9997191,0.784407369522564,0.9677397687117817,0.4883985934799452,0.0,20,0.9869519016327607,0.0066928509242848554,0.9890130573694068
721,1,1.0,1.0,1.0,1.0,0.99990904,0.784407681615977,0.9677312352414277,0.5674707602339182,0.0,20,0.9959784627497394,0.0066928509242848554,0.9890130573694068
722,1,1.0,1.0,1.0,1.0,1.0,0.7844063987368998,0.9677394058812293,0.5876156176756417,0.0,20,0.9970241173191884,0.0066928509242848554,0.9890130573694068
723,1,1.0,1.0,1.0,1.0,0.9999995,0.7844001263471767,0.967834424305648,0.5317123612492823,0.0,20,0.993143550124541,0.0066928509242848554,0.9890130573694068
724,1,1.0,1.0,1.0,1.0,0.9999999,0.7844077722617901,0.9677592238289261,0.5295906581023213,0.0,20,0.9929233994155089,0.0066928509242848554,0.9890130573694068
725,1,1.0,1.0,1.0,1.0,0.9999989,0.7844052175247676,0.9677094089860893,0.4422577261357218,0.0,20,0.9742658646077615,0.0066928509242848554,0.9890130573694068
726,1,1.0,1.0,1.0,1.0,0.9998654,0.7844078479389502,0.967730427490729,0.4556942698474624,0.0,20,0.9788639809632529,0.0066928509242848554,0.9890130573694068
727,1,1.0,1.0,1.0,1.0,0.9999995,0.7843956352309539,0.9677091332548383,0.4574274092374425,0.0,20,0.9793951991650814,0.0066928509242848554,0.9890130573694068
728,1,1.0,1.0,1.0,1.0,0.99999595,0.7844007229704787,0.967685638521718,0.42087703298373613,0.0,20,0.9648773744489583,0.0066928509242848554,0.9890130573694068
729,1,1.0,1.0,1.0,1.0,1.0,0.7844055166526122,0.9677542492998221,0.3948807329199486,0.0,20,0.94898198423287,0.0066928509242848554,0.9890130573694068
730,1,1.0,1.0,1.0,1.0,0.99442965,0.784407836079933,0.9677255915592912,0.22988179669030734,0.0,20,0.6102175929072826,0.0066928509242848554,0.9890130573694068
731,1,1.0,1.0,1.0,1.0,1.0,0.7844077753297719,0.9677428793579492,0.7222793390860618,0.0,20,0.9996041938436803,0.0066928509242848554,0.9890130573694068
732,1,1.0,1.0,1.0,1.0,1.0,0.7843923797373392,0.9677635030780735,0.5660262338463031,0.0,20,0.9958907355743332,0.0066928509242848554,0.9890130573694068
733,1,1.0,1.0,1.0,1.0,0.99999976,0.7844078566765823,0.9677939511947389,0.3678921568627451,0.0,20,0.9254204858272024,0.0066928509242848554,0.9890130573694068
734,1,1.0,1.0,1.0,1.0,0.9999919,0.7843090896118954,0.9677387547356828,0.6551456622535055,0.0,20,0.9989172684867411,0.0066928509242848554,0.9890130573694068
735,1,1.0,1.0,1.0,1.0,0.9999995,0.784402199517989,0.9677744380705653,0.28465156332803393,0.0,20,0.7807039638078527,0.0066928509242848554,0.9890130573694068
736,1,1.0,1.0,1.0,1.0,1.0,0.7844076203198771,0.9677595317081664,0.4901689480823776,0.0,20,0.9872894916583486,0.0066928509242848554,0.9890130573694068
737,1,1.0,1.0,1.0,1.0,0.99999714,0.7844078286681045,0.967690329417232,0.8177212543083969,0.0,20,0.9999054057071863,0.0066928509242848554,0.9890130573694068
738,1,1.0,1.0,1.0,1.0,1.0,0.7844074972442839,0.9677821183091685,0.5891304347826087,0.0,20,0.9970907791494393,0.0066928509242848554,0.9890130573694068
739,1,1.0,1.0,1.0,1.0,1.0,0.7844074983371233,0.9678656850946095,0.3336631727158949,0.0,20,0.8813155653661561,0.0066928509242848554,0.9890130573694068
740,1,1.0,1.0,1.0,1.0,0.9999752,0.7844072104664287,0.9677772265883285,0.41194508866868135,0.0,20,0.9600430817380267,0.0066928509242848554,0.9890130573694068
741,1,1.0,1.0,1.0,1.0,0.9999999,0.7844078705296553,0.9677181508549512,0.47173862298542607,0.0,20,0.9833094198600622,0.0066928509242848554,0.9890130573694068
742,1,1.0,1.0,1.0,1.0,1.0,0.7844077307955424,0.9677103908701669,0.6244520747367047,0.0,20,0.9982852660247441,0.0066928509242848554,0.9890130573694068
743,1,1.0,1.0,1.0,1.0,0.99998236,0.7844078742417776,0.9677026632573641,0.5196761198939848,0.0,20,0.9917980029924583,0.0066928509242848554,0.9890130573694068
744,1,1.0,1.0,1.0,1.0,0.99999976,0.7844078560558968,0.9678310917187465,0.5877224736048265,0.0,20,0.9970288691986775,0.0066928509242848554,0.9890130573694068
745,1,1.0,1.0,1.0,1.0,0.99999535,0.7844078391736476,0.9677552306114195,0.3162577899376805,0.0,20,0.851177561404532,0.0066928509242848554,0.9890130573694068
746,1,1.0,1.0,1.0,1.0,0.99999905,0.7844070300637235,0.9677068140540087,0.5578547698149027,0.0,20,0.9953573733490176,0.0066928509242848554,0.9890130573694068
747,1,1.0,1.0,1.0,1.0,1.0,0.7844078547344541,0.967757479491174,0.3157700687112452,0.0,20,0.8502484522030674,0.0066928509242848554,0.9890130573694068
748,1,1.0,1.0,1.0,1.0,0.9995413,0.7844078267142076,0.9677467390254315,0.7023369489639828,0.0,20,0.9994662527385542,0.0066928509242848554,0.9890130573694068
749,1,1.0,1.0,1.0,1.0,1.0,0.7844078644248962,0.9677035930071339,0.6336705052391327,0.0,20,0.9985063796119238,0.0066928509242848554,0.9890130573694068
750,1,1.0,1.0,1.0,1.0,1.0,0.7844078464364465,0.9676552104702375,0.4993491761657851,0.0,20,0.9889064693538643,0.0066928509242848554,0.9890130573694068
751,1,1.0,1.0,1.0,1.0,1.0,0.784407786158893,0.9678294267363203,0.6222802043043446,0.0,20,0.9982285839985005,0.0066928509242848554,0.9890130573694068
752,1,0.0,1.0,1.0,1.0,0.42538062,0.7844078751932024,0.9677693137065596,0.403056669637552,0.0,20,0.9546030225732415,0.0066928509242848554,0.9890130573694068
753,1,1.0,1.0,1.0,1.0,1.0,0.7844076111390165,0.9676806610548379,0.5806605551996246,0.0,20,0.9966979633308665,0.0066928509242848554,0.9890130573694068
754,1,1.0,1.0,1.0,1.0,1.0,0.7844077897072179,0.9676965113698799,0.37500089461442115,0.0,20,0.932454154053207,0.0066928509242848554,0.9890130573694068
755,1,1.0,1.0,1.0,1.0,0.9999995,0.7844077976593354,0.9677669954480373,0.1898532871438521,0.0,20,0.46202310988340206,0.0066928509242848554,0.9890130573694068
756,1,0.0,1.0,1.0,1.0,0.49913752,0.7844078711336823,0.9677495160441878,0.34928018575851394,0.0,20,0.9037151117793146,0.0066928509242848554,0.9890130573694068
757,1,1.0,1.0,1.0,1.0,0.9999989,0.7844077868154711,0.9676987437246157,0.36953139669000296,0.0,20,0.9270998752877081,0.0066928509242848554,0.9890130573694068
758,1,1.0,1.0,1.0,1.0,1.0,0.784411386733589,0.9678293974516994,0.3399312764321415,0.0,20,0.8908029449192615,0.0066928509242848554,0.9890130573694068
759,1,1.0,1.0,1.0,1.0,1.0,0.7844078411489105,0.9677663127558593,0.46623402909550915,0.0,20,0.9818988075145687,0.0066928509242848554,0.9890130573694068
760,1,1.0,1.0,1.0,1.0,0.9994468,0.784407864005863,0.9676792189896005,0.4556768895592425,0.0,20,0.9788585865030699,0.0066928509242848554,0.9890130573694068
761,1,1.0,1.0,1.0,1.0,1.0,0.7844078682325095,0.9677159184413484,0.6896409091022353,0.0,20,0.9993543541929588,0.0066928509242848554,0.9890130573694068
762,1,1.0,1.0,1.0,1.0,1.0,0.7844072967204947,0.9677749549815302,0.4693559019049215,0.0,20,0.9827125954796523,0.0066928509242848554,0.9890130573694068
763,1,1.0,1.0,1.0,1.0,1.0,0.7844152606401668,0.9676799095200658,0.29102112493115956,0.0,20,0.7966224702870712,0.0066928509242848554,0.9890130573694068
764,1,1.0,1.0,1.0,1.0,1.0,0.7844078762690021,0.96775222017403,0.5457238842540931,0.0,20,0.9944359988690245,0.0066928509242848554,0.9890130573694068
765,1,1.0,1.0,1.0,1.0,0.9999999,0.7844078761490957,0.9676962510626016,0.48554043265767083,0.0,20,0.9863881135919144,0.0066928509242848554,0.9890130573694068
766,1,1.0,1.0,1.0,1.0,0.99999917,0.7844078762848121,0.9677538134395317,0.33942281137807234,0.0,20,0.8900588313259455,0.0066928509242848554,0.9890130573694068
767,1,1.0,1.0,1.0,1.0,1.0,0.7844079451053839,0.9678153518802914,0.5621777310710511,0.0,20,0.9956476000149259,0.0066928509242848554,0.9890130573694068
768,1,1.0,1.0,1.0,1.0,1.0,0.7844078758982035,0.9677393109998101,0.5699610822486639,0.0,20,0.9961253440823841,0.0066928509242848554,0.9890130573694068
769,1,1.0,1.0,1.0,1.0,1.0,0.7844106124388468,0.9677400803625832,0.4091467339722574,0.0,20,0.9584014332624111,0.0066928509242848554,0.9890130573694068
770,1,1.0,1.0,1.0,1.0,1.0,0.7844082057645264,0.9678058240939935,0.43318200100553045,0.0,20,0.9706231122583274,0.0066928509242848554,0.9890130573694068
771,1,1.0,1.0,1.0,1.0,1.0,0.784407875349476,0.967755864351377,0.5825683502959245,0.0,20,0.9967908192601422,0.0066928509242848554,0.9890130573694068
772,1,1.0,1.0,1.0,1.0,0.99999785,0.7844079451761081,0.9677363737186345,0.49655136268343814,0.0,20,0.9884364957028017,0.0066928509242848554,0.9890130573694068
773,1,1.0,1.0,1.0,1.0,0.9999999,0.7844078762854525,0.9676830158521939,0.4943948753145733,0.0,20,0.9880608707732058,0.0066928509242848554,0.9890130573694068
774,1,1.0,1.0,1.0,1.0,1.0,0.7844078763491434,0.9677465992544078,0.4993491761657851,0.0,20,0.9889064693538643,0.0066928509242848554,0.9890130573694068
775,1,1.0,1.0,1.0,1.0,1.0,0.7844078797231515,0.9677957032651066,0.5653511333611458,0.0,20,0.995849085278053,0.0066928509242848554,0.9890130573694068
776,1,1.0,1.0,1.0,1.0,0.9999999,0.7844078832855421,0.967856719288936,0.32993520640579466,0.0,20,0.8753406269093811,0.0066928509242848554,0.9890130573694068
777,1,1.0,1.0,1.0,1.0,1.0,0.7844078762859151,0.9677536515780133,0.5329506363949088,0.0,20,0.993268877940324,0.0066928509242848554,0.9890130573694068
778,1,1.0,1.0,1.0,1.0,0.99984336,0.7844078762986363,0.9677177230046994,0.4256320476908712,0.0,20,0.9672159830386975,0.0066928509242848554,0.9890130573694068
779,1,1.0,1.0,1.0,1.0,1.0,0.7844078762854653,0.967724510899965,0.6932260404161664,0.0,20,0.9993881373056136,0.0066928509242848554,0.9890130573694068
780,1,1.0,1.0,1.0,1.0,1.0,0.7844078770389035,0.9677169206220312,0.5621777310710511,0.0,20,0.9956476000149259,0.0066928509242848554,0.9890130573694068
781,1,1.0,1.0,1.0,1.0,1.0,0.7844078763497854,0.9676859765024207,0.6461488185017596,0.0,20,0.9987610264435833,0.0066928509242848554,0.9890130573694068
782,1,1.0,1.0,1.0,1.0,0.9999695,0.7844084601965451,0.9677424730161179,0.5905173264274264,0.0,20,0.9971505049021615,0.0066928509242848554,0.9890130573694068
783,1,1.0,1.0,1.0,1.0,0.9999989,0.7844078762861846,0.9677504893398103,0.6533032531194295,0.0,20,0.998886962432896,0.0066928509242848554,0.9890130573694068
784,1,1.0,1.0,1.0,1.0,1.0,0.7844078762854766,0.967794470410924,0.3301182237600923,0.0,20,0.8756398795654088,0.0066928509242848554,0.9890130573694068
785,1,1.0,1.0,1.0,1.0,1.0,0.7844078763000788,0.9677886150558149,0.18021962706651287,0.0,20,0.4263630249421884,0.0066928509242848554,0.9890130573694068
786,1,1.0,1.0,1.0,1.0,0.99984336,0.7844078763424096,0.9676890297398014,0.4256320476908712,0.0,20,0.9672159830386975,0.0066928509242848554,0.9890130573694068
787,1,1.0,1.0,1.0,1.0,0.9999999,0.7844078772097679,0.9678073972279281,0.43842000568343276,0.0,20,0.9727824923822215,0.0066928509242848554,0.9890130573694068
788,1,1.0,1.0,1.0,1.0,1.0,0.7844078762854654,0.9676850777329118,0.6156616745768175,0.0,20,0.9980440572500825,0.0066928509242848554,0.9890130573694068
789,1,1.0,1.0,1.0,1.0,1.0,0.784407876353928,0.967683422522695,0.7082668524926311,0.0,20,0.999511656374988,0.0066928509242848554,0.9890130573694068
790,1,1.0,1.0,1.0,1.0,1.0,0.7844078763019684,0.9678020104297261,0.8469753713451192,0.0,20,0.9999390033472771,0.0066928509242848554,0.9890130573694068
791,1,1.0,1.0,1.0,1.0,1.0,0.7844078766956535,0.9677990719822824,0.6640377297872554,0.0,20,0.9990523393242902,0.0066928509242848554,0.9890130573694068
792,1,1.0,1.0,1.0,1.0,1.0,0.7844078772649665,0.9676820935856704,0.42572381333485776,0.0,20,0.9672596022416714,0.0066928509242848554,0.9890130573694068
793,1,1.0,1.0,1.0,1.0,0.99999976,0.7844078772448079,0.9677651147265077,0.34441149573684066,0.0,20,0.8971703884494167,0.0066928509242848554,0.9890130573694068
794,1,1.0,1.0,1.0,1.0,1.0,0.7844078857295256,0.9678322354768404,0.60822906940554,0.0,20,0.9978138746735566,0.0066928509242848554,0.9890130573694068
795,1,1.0,1.0,1.0,1.0,1.0,0.7844078763346579,0.967711781263254,0.44788445827048773,0.0,20,0.9762993522567445,0.0066928509242848554,0.9890130573694068
796,1,1.0,1.0,1.0,1.0,1.0,0.7844078764793104,0.9677677993187557,0.3399312764321415,0.0,20,0.8908029449192615,0.0066928509242848554,0.9890130573694068
797,1,1.0,1.0,1.0,1.0,1.0,0.7844078765056037,0.9677156609246046,0.384513490866432,0.0,20,0.9409053616061488,0.0066928509242848554,0.9890130573694068
798,1,1.0,1.0,1.0,1.0,1.0,0.7844078762901293,0.9677711745974126,0.33320112893642306,0.0,20,0.8805887114945429,0.0066928509242848554,0.9890130573694068
799,1,1.0,1.0,1.0,1.0,1.0,0.7844078762854648,0.967799241145725,0.3124191450912837,0.0,20,0.843735263181695,0.0066928509242848554,0.9890130573694068
800,1,1.0,1.0,1.0,1.0,1.0,0.7844078762857887,0.9677240015775939,0.5281532848008219,0.0,20,0.9927702820240581,0.0066928509242848554,0.9890130573694068
801,1,1.0,1.0,1.0,1.0,1.0,0.7844078762857494,0.9678034909910501,0.4922288741204543,0.0,20,0.987671458776352,0.0066928509242848554,0.9890130573694068
802,1,1.0,1.0,1.0,1.0,1.0,0.784407876290169,0.9678319679480794,0.8100597067655891,0.0,20,0.9998938865465397,0.0066928509242848554,0.9890130573694068
803,1,1.0,1.0,1.0,1.0,1.0,0.7844078762859036,0.967748479375322,0.7224558203534373,0.0,20,0.9996052398305487,0.0066928509242848554,0.9890130573694068
804,1,1.0,1.0,1.0,1.0,1.0,0.7844112028660971,0.9677797115153065,0.5638196878321914,0.0,20,0.9957530377811865,0.0066928509242848554,0.9890130573694068
805,1,1.0,1.0,1.0,1.0,1.0,0.7844078762891402,0.967716300101611,0.33239349756996817,0.0,20,0.8793089630779982,0.0066928509242848554,0.9890130573694068
806,1,1.0,1.0,1.0,1.0,1.0,0.7844078821366801,0.9678447987783311,0.3075025104717195,0.0,20,0.8337634087034872,0.0066928509242848554,0.9890130573694068
807,1,1.0,1.0,1.0,1.0,0.9999999,0.7844078762863631,0.9677321376666007,0.5483778063298761,0.0,20,0.9946519831212512,0.0066928509242848554,0.9890130573694068
808,1,1.0,1.0,1.0,1.0,0.9983398,0.7844078764129475,0.9677311443975024,0.6715995338703957,0.0,20,0.9991538716488647,0.0066928509242848554,0.9890130573694068
809,1,1.0,1.0,1.0,1.0,1.0,0.7844078762862184,0.9676918827422185,0.6559605001420857,0.0,20,0.9989304076312966,0.0066928509242848554,0.9890130573694068
810,1,1.0,1.0,1.0,1.0,1.0,0.7844078764210479,0.9676902951578005,0.6256641418566765,0.0,20,0.9983161079007414,0.0066928509242848554,0.9890130573694068
811,1,1.0,1.0,1.0,1.0,0.9999975,0.7844078762860737,0.9678241496570409,0.36798799331939347,0.0,20,0.9255196409313096,0.0066928509242848554,0.9890130573694068
812,1,1.0,0.85,1.0,1.0,0.9999999,0.7844078762861805,0.8252773002826379,0.6402554326573935,0.0,20,0.9986466682151358,0.0066928509242848554,0.9890130573694068
813,0,1.0,0.0,1.0,1.0,4.2256567e-09,0.7843892018664123,0.018033952367275115,0.7886007911936704,0.0,20,0.9998535985833684,0.0066928509242848554,0.9890130573694068
814,0,1.0,0.31666666666666665,1.0,1.0,0.044275228,0.7844078752811954,0.3121008684691711,0.5446044810242341,0.0,20,0.9943423177264917,0.0066928509242848554,0.9890130573694068
815,1,1.0,1.0,1.0,1.0,1.0,0.7844078111054318,0.9467416963128522,0.6260169024874908,0.0,20,0.9983249796459069,0.0066928509242848554,0.9890130573694068
816,1,1.0,1.0,1.0,1.0,0.9999994,0.784295633243186,0.9466137437235165,0.5379004648454364,0.0,20,0.9937475323482088,0.0066928509242848554,0.9890130573694068
817,1,1.0,1.0,1.0,1.0,1.0,0.7844078729514251,0.9465359213100442,0.4462606175467591,0.0,20,0.9757291563309488,0.0066928509242848554,0.9890130573694068
818,1,1.0,1.0,1.0,1.0,1.0,0.7844078698207021,0.9466853020317362,0.5037707736905598,0.0,20,0.9896109714476655,0.0066928509242848554,0.9890130573694068
819,1,1.0,1.0,1.0,1.0,1.0,0.7844078452118998,0.9465911456780626,0.40164588711301513,0.0,20,0.9536770823906584,0.0066928509242848554,0.9890130573694068
820,1,0.0,1.0,1.0,1.0,0.13018401,0.7844078720475972,0.9465983114618616,0.717812923911703,0.0,20,0.999576779470649,0.0066928509242848554,0.9890130573694068
821,1,1.0,1.0,1.0,1.0,1.0,0.7844068456830569,0.946706848334534,0.6300591615956728,0.0,20,0.9984233694913833,0.0066928509242848554,0.9890130573694068
822,1,0.0,1.0,1.0,1.0,0.13018401,0.7844076008422929,0.9465460018605634,0.717812923911703,0.0,20,0.999576779470649,0.0066928509242848554,0.9890130573694068
823,1,1.0,1.0,1.0,1.0,0.99998343,0.7844055121665471,0.9467158451891838,0.422129050201641,0.0,20,0.9655082923403389,0.0066928509242848554,0.9890130573694068
824,1,1.0,1.0,1.0,1.0,0.99999964,0.7844047545675453,0.9466030127756171,0.405569961410458,0.0,20,0.9562090514861364,0.0066928509242848554,0.9890130573694068
825,1,1.0,0.7833333333333333,1.0,1.0,1.0,0.7843931288164511,0.7757056077389364,0.355378109011327,0.0,20,0.9113855942622502,0.0066928509242848554,0.9890130573694068
826,1,1.0,0.7833333333333333,1.0,1.0,0.9999764,0.7844077242682747,0.716336695144985,0.468408975790752,0.0,20,0.9824696301708831,0.0066928509242848554,0.9890130573694068
827,1,1.0,1.0,1.0,1.0,0.99999905,0.7844078761907713,0.9095160078170869,0.7671164326296968,0.0,20,0.9997979405444203,0.0066928509242848554,0.9890130573694068
828,1,1.0,1.0,1.0,1.0,1.0,0.7844078753432395,0.9095033710443038,0.7222793390860618,0.0,20,0.9996041938436803,0.0066928509242848554,0.9890130573694068
829,1,1.0,1.0,1.0,1.0,1.0,0.7844065187807006,0.9094417397974836,0.7681828887711241,0.0,20,0.9998011465038932,0.0066928509242848554,0.9890130573694068
830,1,1.0,1.0,1.0,1.0,1.0,0.7844078744370775,0.9094068796401119,0.46932171387073346,0.0,20,0.982703881245671,0.0066928509242848554,0.9890130573694068
831,1,1.0,1.0,1.0,1.0,0.9999769,0.7844078741434608,0.9095998559878699,0.26703519356460537,0.0,20,0.7321440412254432,0.0066928509242848554,0.9890130573694068
832,1,1.0,1.0,1.0,1.0,1.0,0.7844078762676852,0.9092196614244822,0.26574493045081277,0.0,20,0.728331545129477,0.0066928509242848554,0.9890130573694068
833,1,1.0,1.0,1.0,1.0,0.9988127,0.7844078707219135,0.909351931024336,0.347306738787469,0.0,20,0.9011083840862921,0.0066928509242848554,0.9890130573694068
834,1,1.0,1.0,1.0,1.0,1.0,0.7844016999870436,0.9096007572450648,0.270694260610227,0.0,20,0.7427696359337324,0.0066928509242848554,0.9890130573694068
835,1,1.0,1.0,1.0,1.0,1.0,0.7842249610940041,0.9095136100201243,0.6323665577342048,0.0,20,0.998476922932837,0.0066928509242848554,0.9890130573694068
836,1,1.0,1.0,1.0,1.0,1.0,0.7844062919878997,0.9093535102404314,0.22412596171050278,0.0,20,0.5894977336606649,0.0066928509242848554,0.9890130573694068
837,1,1.0,1.0,1.0,1.0,1.0,0.7844041669086034,0.9095435667776226,0.5361972772648154,0.0,20,0.99358677514402,0.0066928509242848554,0.9890130573694068
838,1,1.0,1.0,1.0,1.0,1.0,0.7844005248391921,0.9094569823955067,0.631570298573975,0.0,20,0.9984586506071587,0.0066928509242848554,0.9890130573694068
839,1,1.0,1.0,1.0,1.0,0.99999976,0.7844077929713335,0.9093984894163653,0.5570332909433255,0.0,20,0.9953000826748514,0.0066928509242848554,0.9890130573694068
840,1,1.0,1.0,1.0,1.0,0.9999999,0.7844054758682133,0.9093035520879756,0.24018975332068312,0.0,20,0.6463072244678757,0.0066928509242848554,0.9890130573694068
841,1,1.0,1.0,1.0,1.0,1.0,0.7844078741522911,0.9095169698957691,0.5375152129817443,0.0,20,0.993711523996888,0.0066928509242848554,0.9890130573694068
842,1,1.0,1.0,1.0,1.0,0.9999968,0.7844077839695592,0.9094936966362053,0.6807362945178072,0.0,20,0.9992621592413726,0.0066928509242848554,0.9890130573694068
843,1,1.0,1.0,1.0,1.0,0.99999976,0.7844059541077599,0.9096805381896547,0.3637600573432921,0.0,20,0.9210282750762725,0.0066928509242848554,0.9890130573694068
844,1,1.0,1.0,1.0,1.0,1.0,0.7843780604973364,0.909356131790967,0.6425530095759234,0.0,20,0.9986924544756159,0.0066928509242848554,0.9890130573694068
845,1,1.0,1.0,1.0,1.0,1.0,0.7844078431975059,0.909736406356888,0.8100597067655891,0.0,20,0.9998938865465397,0.0066928509242848554,0.9890130573694068
846,1,1.0,1.0,1.0,1.0,0.99999595,0.7844061249461081,0.9095678058415421,0.42087703298373613,0.0,20,0.9648773744489583,0.0066928509242848554,0.9890130573694068
847,1,1.0,1.0,1.0,1.0,1.0,0.7841871918167439,0.9095121292342913,0.23549757351500272,0.0,20,0.6300575246648786,0.0066928509242848554,0.9890130573694068
848,1,1.0,1.0,1.0,1.0,1.0,0.7842984456863233,0.9094785101209478,0.4689302488325461,0.0,20,0.9826037920862795,0.0066928509242848554,0.9890130573694068
849,1,1.0,1.0,1.0,1.0,0.98913413,0.7844078616905532,0.9096565773440884,0.36625307399955287,0.0,20,0.9237057582087853,0.0066928509242848554,0.9890130573694068
850,1,1.0,1.0,1.0,1.0,0.9999981,0.7844048100733403,0.9097031314046045,0.3300055064760947,0.0,20,0.8754556479106549,0.0066928509242848554,0.9890130573694068
851,1,1.0,1.0,1.0,1.0,0.9999989,0.7844029876918561,0.9095759135950316,0.6533032531194295,0.0,20,0.998886962432896,0.0066928509242848554,0.9890130573694068
852,1,1.0,1.0,1.0,1.0,1.0,0.7843989628514401,0.9094281476557308,0.5997866313504764,0.0,20,0.9975194701234918,0.0066928509242848554,0.9890130573694068
853,1,1.0,1.0,1.0,1.0,1.0,0.7844055447239001,0.9095944242320742,0.678658690133464,0.0,20,0.9992388208554132,0.0066928509242848554,0.9890130573694068
854,1,1.0,1.0,1.0,1.0,1.0,0.784407096548533,0.9094954477090428,0.48323996265172736,0.0,20,0.9859169397880527,0.0066928509242848554,0.9890130573694068
855,1,1.0,1.0,1.0,1.0,1.0,0.7844077687182182,0.9097254038553044,0.41588788335847154,0.0,20,0.9622510691703307,0.0066928509242848554,0.9890130573694068
856,1,1.0,1.0,1.0,1.0,1.0,0.7844072388359115,0.909595705321948,0.582589683600713,0.0,20,0.9967918427382662,0.0066928509242848554,0.9890130573694068
857,1,1.0,1.0,1.0,1.0,0.9999919,0.7844068414745898,0.909426120211171,0.3841325060490146,0.0,20,0.9405868044047999,0.0066928509242848554,0.9890130573694068
858,1,1.0,1.0,1.0,1.0,1.0,0.7844059474762449,0.9095779403094607,0.6116533406855987,0.0,20,0.9979231005977743,0.0066928509242848554,0.9890130573694068
859,1,1.0,1.0,1.0,1.0,1.0,0.7844078742455369,0.9093542012386316,0.7194804670839529,0.0,20,0.9995872299342381,0.0066928509242848554,0.9890130573694068
860,1,1.0,1.0,1.0,1.0,1.0,0.784383467190293,0.909332908059263,0.29913650743985537,0.0,20,0.8156347216506247,0.0066928509242848554,0.9890130573694068
861,1,1.0,1.0,1.0,1.0,0.99999213,0.784407875938567,0.9095786246500073,0.3856963298139769,0.0,20,0.941884209958887,0.0066928509242848554,0.9890130573694068
862,1,1.0,1.0,1.0,1.0,1.0,0.7843960206931381,0.9093337051847308,0.4327579464834367,0.0,20,0.9704411966628034,0.0066928509242848554,0.9890130573694068
863,1,1.0,1.0,1.0,1.0,1.0,0.7843867534853811,0.9094016174690199,0.4177290889365193,0.0,20,0.9632415589993395,0.0066928509242848554,0.9890130573694068
864,1,1.0,1.0,1.0,1.0,0.99999917,0.7844078713612309,0.9094223691430307,0.6808986928104575,0.0,20,0.9992639530938459,0.0066928509242848554,0.9890130573694068
865,1,1.0,1.0,1.0,1.0,0.99897623,0.7844077064719011,0.9092162385848634,0.5925837852871645,0.0,20,0.9972372352166895,0.0066928509242848554,0.9890130573694068
866,1,1.0,1.0,1.0,1.0,1.0,0.7844076780810849,0.9094881751874918,0.5107434640522877,0.0,20,0.9906330065165291,0.0066928509242848554,0.9890130573694068
867,1,1.0,1.0,1.0,1.0,1.0,0.7843980948196969,0.9097048232193113,0.7207413553806323,0.0,20,0.9995949602925057,0.0066928509242848554,0.9890130573694068
868,1,1.0,1.0,1.0,1.0,0.9974637,0.7844078402642101,0.9096117407998594,0.46525607022196963,0.0,20,0.981636229157982,0.0066928509242848554,0.9890130573694068
869,1,1.0,1.0,1.0,1.0,1.0,0.7844069226987817,0.9096593194589055,0.6331907831223836,0.0,20,0.9984956092354293,0.0066928509242848554,0.9890130573694068
870,1,1.0,1.0,1.0,1.0,0.9999933,0.7844078673169417,0.9094065527072729,0.5851809185526515,0.0,20,0.9969137693318522,0.0066928509242848554,0.9890130573694068
871,1,1.0,1.0,1.0,1.0,0.9994553,0.7843668833311777,0.9098693082228898,0.4427465723131358,0.0,20,0.9744490711208739,0.0066928509242848554,0.9890130573694068
872,1,1.0,1.0,1.0,1.0,1.0,0.7843972988049097,0.9095839847352811,0.6896409091022353,0.0,20,0.9993543541929588,0.0066928509242848554,0.9890130573694068
873,1,1.0,1.0,1.0,1.0,1.0,0.7844073332949332,0.9096480207876778,0.6715822440087146,0.0,20,0.9991536523645221,0.0066928509242848554,0.9890130573694068
874,1,1.0,1.0,1.0,1.0,1.0,0.784407855817657,0.9095094905524477,0.582589683600713,0.0,20,0.9967918427382662,0.0066928509242848554,0.9890130573694068
875,1,1.0,1.0,1.0,1.0,1.0,0.7844077648512012,0.9095257832961597,0.6581948334889511,0.0,20,0.9989656244970597,0.0066928509242848554,0.9890130573694068
876,1,1.0,1.0,1.0,1.0,1.0,0.7844078666751482,0.9092786003793126,0.6710491157247213,0.0,20,0.9991468628493311,0.0066928509242848554,0.9890130573694068
877,1,1.0,1.0,1.0,1.0,1.0,0.7844078480865536,0.9096793903586704,0.22951453403298147,0.0,20,0.6089064873268205,0.0066928509242848554,0.9890130573694068
878,1,1.0,1.0,1.0,1.0,1.0,0.7843484121892471,0.9095508049799067,0.5003037084398977,0.0,20,0.9890624497347517,0.0066928509242848554,0.9890130573694068
879,1,1.0,1.0,1.0,1.0,0.99999595,0.7844077593284366,0.9095822303688645,0.42087703298373613,0.0,20,0.9648773744489583,0.0066928509242848554,0.9890130573694068
880,1,1.0,0.7833333333333333,1.0,1.0,0.99541426,0.7844053066224244,0.7162302506394992,0.2716605805615094,0.0,20,0.7455292950996737,0.0066928509242848554,0.9890130573694068
881,0,1.0,0.0,1.0,1.0,1.3537628e-05,0.7844078534557775,0.017989821399923837,0.5630553759965525,0.0,20,0.9957042779137786,0.0066928509242848554,0.9890130573694068
882,0,1.0,0.0,1.0,1.0,4.1011403e-10,0.7844078762541705,0.017983376347938774,0.3430247758017936,0.0,20,0.8952354811405585,0.0066928509242848554,0.9890130573694068
883,0,1.0,0.0,1.0,1.0,3.2022063e-10,0.78440787628114,0.017961484584715696,0.6109793617146558,0.0,20,0.9979020415797025,0.0066928509242848554,0.9890130573694068
884,0,1.0,0.0,1.0,1.0,6.5759695e-09,0.7844072714826955,0.0179944915839615,0.6997936623208955,0.0,20,0.999445508776917,0.0066928509242848554,0.9890130573694068
885,0,1.0,0.0,1.0,1.0,2.2921796e-13,0.7844078742885572,0.017979146396466705,0.6527667520909073,0.0,20,0.9988779791981744,0.0066928509242848554,0.9890130573694068
886,0,1.0,0.0,1.0,1.0,3.6184447e-09,0.7844074945902235,0.01801043044870339,0.5771660801072566,0.0,20,0.996520881723398,0.0066928509242848554,0.9890130573694068
887,0,1.0,0.0,1.0,1.0,6.479315e-10,0.7844078762854648,0.01799459506629903,0.6204885585316189,0.0,20,0.9981804200756754,0.0066928509242848554,0.9890130573694068
888,0,1.0,0.0,1.0,1.0,1.9409922e-06,0.7844074524227906,0.017981466904503855,0.6423232323232323,0.0,20,0.9986879459601322,0.0066928509242848554,0.9890130573694068
889,0,1.0,0.0,1.0,1.0,1.7329343e-15,0.7844078762846873,0.018001759163478806,0.3899583866468398,0.0,20,0.9452864081071943,0.0066928509242848554,0.9890130573694068
890,0,1.0,0.0,1.0,1.0,3.4960503e-06,0.7844078762854394,0.017989572726528933,0.5108704532537653,0.0,20,0.9906506654813106,0.0066928509242848554,0.9890130573694068
891,0,1.0,0.0,1.0,1.0,1.3889149e-13,0.7844078762851523,0.01796673926218494,0.33007862082030875,0.0,20,0.8755751768867807,0.0066928509242848554,0.9890130573694068
892,0,1.0,0.0,1.0,1.0,3.1145662e-06,0.7844078762854483,0.017985638509420476,0.4498808057844716,0.0,20,0.9769824582412138,0.0066928509242848554,0.9890130573694068
893,0,1.0,0.0,1.0,1.0,0.027203523,0.7844077736767825,0.01801384712738893,0.7256139829669241,0.0,20,0.9996234976683306,0.0066928509242848554,0.9890130573694068
894,0,1.0,0.0,1.0,1.0,0.0102354195,0.7844078762432026,0.018000589774120942,0.29952222604441386,0.0,20,0.8165031681989877,0.0066928509242848554,0.9890130573694068
895,0,1.0,0.0,1.0,1.0,0.0025171225,0.7844078762842835,0.018000872606315135,0.5572258533042846,0.0,20,0.9953135749671798,0.0066928509242848554,0.9890130573694068
896,0,1.0,0.38333333333333336,1.0,1.0,1.2169524e-12,0.7844064326062752,0.38020668287901305,0.8564989018549389,0.0,20,0.9999471226991431,0.0066928509242848554,0.9890130573694068
897,1,1.0,1.0,1.0,1.0,1.0,0.7844078762854563,0.9632510488361653,0.6730243612596554,0.0,20,0.9991717487547629,0.0066928509242848554,0.9890130573694068
898,1,1.0,1.0,1.0,1.0,0.9999956,0.7844078762649536,0.963196069694616,0.770939355845507,0.0,20,0.9998091993050351,0.0066928509242848554,0.9890130573694068
899,1,1.0,1.0,1.0,1.0,1.0,0.784407876280853,0.9631984070468163,0.26370890644815137,0.0,20,0.7222467272982535,0.0066928509242848554,0.9890130573694068
900,1,1.0,1.0,1.0,1.0,1.0,0.7844078761649805,0.9632692505178686,0.6216506804742099,0.0,20,0.9982118075972899,0.0066928509242848554,0.9890130573694068
901,1,1.0,1.0,1.0,1.0,1.0,0.784407874325453,0.9632126717238269,0.22951453403298147,0.0,20,0.6089064873268205,0.0066928509242848554,0.9890130573694068
902,1,1.0,1.0,1.0,1.0,0.9999999,0.7844077978943418,0.9632920091222,0.5483778063298761,0.0,20,0.9946519831212512,0.0066928509242848554,0.9890130573694068
903,1,1.0,1.0,1.0,1.0,0.99999964,0.7844078707980595,0.9631309029353752,0.40294594028087427,0.0,20,0.9545309895363232,0.0066928509242848554,0.9890130573694068
904,1,1.0,1.0,1.0,1.0,1.0,0.7844078761806246,0.9632168566508259,0.4448948206733674,0.0,20,0.9752392312309478,0.0066928509242848554,0.9890130573694068
905,0,1.0,0.25,1.0,1.0,2.7592303e-11,0.7844078720941687,0.2543034594209802,0.6497738706614937,0.0,20,0.9988265207538227,0.0066928509242848554,0.9890130573694068
906,1,1.0,0.9666666666666667,1.0,1.0,0.998577,0.784407875765149,0.9067937543898914,0.5846104795889587,0.0,20,0.9968873309869304,0.0066928509242848554,0.9890130573694068
907,1,1.0,1.0,1.0,1.0,1.0,0.7843613292722663,0.9374911252466979,0.3130836015998439,0.0,20,0.8450448554126097,0.0066928509242848554,0.9890130573694068
908,1,1.0,1.0,1.0,1.0,1.0,0.7844078737922141,0.9374693246392335,0.45302898464350283,0.0,20,0.9780208082445975,0.0066928509242848554,0.9890130573694068
909,1,1.0,1.0,1.0,1.0,0.9999964,0.7844078579018763,0.9375181461281158,0.6670743853096794,0.0,20,0.9990944985608494,0.0066928509242848554,0.9890130573694068
910,1,1.0,1.0,1.0,1.0,1.0,0.7844050744354562,0.9374560658141711,0.6830718954248366,0.0,20,0.9992875431023576,0.0066928509242848554,0.9890130573694068
911,1,1.0,1.0,1.0,1.0,1.0,0.7844077391588878,0.9374754990550888,0.7476525236627539,0.0,20,0.9997294513003604,0.0066928509242848554,0.9890130573694068
912,1,1.0,1.0,1.0,1.0,1.0,0.7844078461708409,0.9374124882260506,0.5375152129817443,0.0,20,0.993711523996888,0.0066928509242848554,0.9890130573694068
913,1,1.0,1.0,1.0,1.0,0.997561,0.7844078724559262,0.937566748850821,0.4900924179195488,0.0,20,0.9872750779978265,0.0066928509242848554,0.9890130573694068
914,1,1.0,1.0,1.0,1.0,0.9999999,0.7844078760856543,0.9374150828727792,0.6322282214012819,0.0,20,0.9984737640266885,0.0066928509242848554,0.9890130573694068
915,1,1.0,1.0,1.0,1.0,0.9999975,0.7844078762797319,0.937465980780644,0.36798799331939347,0.0,20,0.9255196409313096,0.0066928509242848554,0.9890130573694068
916,1,1.0,1.0,1.0,1.0,1.0,0.7844078757603813,0.9374985942776971,0.4149734560490863,0.0,20,0.961749663743033,0.0066928509242848554,0.9890130573694068
917,1,1.0,1.0,1.0,1.0,0.9999975,0.7844078761942188,0.9375167682354806,0.36798799331939347,0.0,20,0.9255196409313096,0.0066928509242848554,0.9890130573694068
918,1,1.0,1.0,1.0,1.0,1.0,0.7844077998732014,0.9375327819041316,0.360007460386967,0.0,20,0.9168358364850611,0.0066928509242848554,0.9890130573694068
919,1,1.0,1.0,1.0,1.0,1.0,0.7844069907335152,0.9374738989958934,0.3336631727158949,0.0,20,0.8813155653661561,0.0066928509242848554,0.9890130573694068
920,1,1.0,1.0,1.0,1.0,0.9999777,0.7844078762850039,0.9375659789756631,0.4810309583366954,0.0,20,0.9854493831396425,0.0066928509242848554,0.9890130573694068
921,1,1.0,1.0,1.0,1.0,1.0,0.7844078756626669,0.9374719157053247,0.6230632739851353,0.0,20,0.9982492331919136,0.0066928509242848554,0.9890130573694068
922,1,1.0,1.0,1.0,1.0,0.99970967,0.7844078761295389,0.9376984918280369,0.5690455161043397,0.0,20,0.9960719749122376,0.0066928509242848554,0.9890130573694068
923,1,1.0,1.0,1.0,1.0,0.9999999,0.7844078759985316,0.9373362749368237,0.6101275393040099,0.0,20,0.9978751205969512,0.0066928509242848554,0.9890130573694068
924,1,1.0,1.0,1.0,1.0,1.0,0.7844078762297967,0.937547182256091,0.4435143021506941,0.0,20,0.9747342348826235,0.0066928509242848554,0.9890130573694068
925,1,1.0,1.0,1.0,1.0,0.9999006,0.7844077069872205,0.9375086998685552,0.4500619860847565,0.0,20,0.9770434941004461,0.0066928509242848554,0.9890130573694068
926,1,1.0,1.0,1.0,1.0,0.99869555,0.7844078750871606,0.9375679408393426,0.44587776631120285,0.0,20,0.9755927852170033,0.0066928509242848554,0.9890130573694068
927,0,1.0,0.2833333333333333,1.0,1.0,5.9648187e-06,0.7844064770762782,0.2784953162590488,0.6529417971683767,0.0,20,0.9988809181045644,0.0066928509242848554,0.9890130573694068
928,0,1.0,0.0,1.0,1.0,1.1132702e-11,0.7844078747574156,0.018016101913081665,0.31926708005139376,0.0,20,0.8568053906086441,0.0066928509242848554,0.9890130573694068
929,1,1.0,1.0,1.0,1.0,1.0,0.7844078762853435,0.9846286313818912,0.6400181027859346,0.0,20,0.9986418483934809,0.0066928509242848554,0.9890130573694068
930,1,1.0,1.0,1.0,1.0,1.0,0.784407876285448,0.9847119894086894,0.44877366255144036,0.0,20,0.9766060279215862,0.0066928509242848554,0.9890130573694068
931,1,1.0,1.0,1.0,1.0,0.99999785,0.7844078762809944,0.984660528308736,0.49655136268343814,0.0,20,0.9884364957028017,0.0066928509242848554,0.9890130573694068
932,1,1.0,1.0,1.0,1.0,1.0,0.7844078756929908,0.984693395315285,0.23454728605898753,0.0,20,0.6267289433832242,0.0066928509242848554,0.9890130573694068
933,1,1.0,1.0,1.0,1.0,1.0,0.7844078761552314,0.9846326147886786,0.5804265699052882,0.0,20,0.9966863920188352,0.0066928509242848554,0.9890130573694068
934,1,1.0,1.0,1.0,1.0,0.99999917,0.784407876280124,0.9846396366270352,0.44112714853383217,0.0,20,0.9738372417493948,0.0066928509242848554,0.9890130573694068
935,1,1.0,1.0,1.0,1.0,1.0,0.7844078658082382,0.9846542059639742,0.7997792279956842,0.0,20,0.9998761961663151,0.0066928509242848554,0.9890130573694068
936,1,1.0,1.0,1.0,1.0,1.0,0.7844078336443382,0.9846676814562306,0.44045261585513457,0.0,20,0.9735782132350382,0.0066928509242848554,0.9890130573694068
937,1,1.0,1.0,1.0,1.0,1.0,0.7844078363807202,0.984676389995256,0.6734969428631667,0.0,20,0.9991775944270845,0.0066928509242848554,0.9890130573694068
938,1,1.0,1.0,1.0,1.0,0.9999999,0.7844077691075869,0.9846894062618163,0.7277905414192205,0.0,20,0.9996355869572227,0.0066928509242848554,0.9890130573694068
939,1,1.0,1.0,1.0,1.0,1.0,0.7844078758973456,0.9846466719028022,0.632122285473329,0.0,20,0.9984713405607247,0.0066928509242848554,0.9890130573694068
940,1,1.0,1.0,1.0,1.0,1.0,0.7844074745684614,0.9846969656413962,0.5125894276629571,0.0,20,0.9908864841843679,0.0066928509242848554,0.9890130573694068
941,1,1.0,1.0,1.0,1.0,1.0,0.7844078652472242,0.9846620778009331,0.51519476335135,0.0,20,0.9912327088767261,0.0066928509242848554,0.9890130573694068
942,1,1.0,1.0,1.0,1.0,1.0,0.7844077677089059,0.984693517191333,0.4273563811489508,0.0,20,0.9680263046668671,0.0066928509242848554,0.9890130573694068
943,1,1.0,1.0,1.0,1.0,1.0,0.7844078757144873,0.9846682992509219,0.46623402909550915,0.0,20,0.9818988075145687,0.0066928509242848554,0.9890130573694068
944,1,1.0,1.0,1.0,1.0,1.0,0.7843966789365627,0.9846936590962293,0.4492207139265963,0.0,20,0.9767587439577855,0.0066928509242848554,0.9890130573694068
945,1,1.0,1.0,1.0,1.0,0.9999919,0.7844078753133203,0.984622421497864,0.3841325060490146,0.0,20,0.9405868044047999,0.0066928509242848554,0.9890130573694068
946,1,1.0,1.0,1.0,1.0,1.0,0.7844078708100889,0.9846659109494688,0.4953902593295383,0.0,20,0.9882357253420012,0.0066928509242848554,0.9890130573694068
947,1,1.0,1.0,1.0,1.0,0.9999995,0.7844075421103927,0.9846636959675765,0.28465156332803393,0.0,20,0.7807039638078527,0.0066928509242848554,0.9890130573694068
948,1,1.0,1.0,1.0,1.0,0.9898106,0.7844075292722329,0.98465039486438,0.4505882352941177,0.0,20,0.9772198816068008,0.0066928509242848554,0.9890130573694068
949,1,1.0,1.0,1.0,1.0,0.9999919,0.7844074803198043,0.9846944530059585,0.3841325060490146,0.0,20,0.9405868044047999,0.0066928509242848554,0.9890130573694068
950,1,1.0,1.0,1.0,1.0,0.9999999,0.7843834652396479,0.9846874642895348,0.6815495980581369,0.0,20,0.9992710993641868,0.0066928509242848554,0.9890130573694068
951,1,1.0,1.0,1.0,1.0,1.0,0.7844056569764454,0.9846702204874997,0.38979779411764703,0.0,20,0.9451616866659764,0.0066928509242848554,0.9890130573694068
952,1,1.0,1.0,1.0,1.0,1.0,0.7844076147890952,0.9846881182647171,0.6193923463105048,0.0,20,0.9981503088478285,0.0066928509242848554,0.9890130573694068
953,1,1.0,1.0,1.0,1.0,1.0,0.7844033531363556,0.9846442006504531,0.601659125188537,0.0,20,0.9975880067162921,0.0066928509242848554,0.9890130573694068
954,1,1.0,1.0,1.0,1.0,1.0,0.7844064766484559,0.9846422733204444,0.6156616745768175,0.0,20,0.9980440572500825,0.0066928509242848554,0.9890130573694068
955,1,1.0,1.0,1.0,1.0,1.0,0.7844077462374494,0.9846763421384164,0.48161412591950764,0.0,20,0.9855742816581511,0.0066928509242848554,0.9890130573694068
956,1,1.0,1.0,1.0,1.0,0.9999994,0.7844063692234203,0.9846540050132532,0.7881836945304437,0.0,20,0.9998526798943019,0.0066928509242848554,0.9890130573694068
957,1,1.0,1.0,1.0,1.0,1.0,0.784407610416483,0.984654916820648,0.6214341533714935,0.0,20,0.9982060007098157,0.0066928509242848554,0.9890130573694068
958,1,1.0,1.0,1.0,1.0,1.0,0.7844068353889119,0.9846936263051009,0.29102112493115956,0.0,20,0.7966224702870712,0.0066928509242848554,0.9890130573694068
959,1,1.0,1.0,1.0,1.0,1.0,0.7844078394908186,0.9846291524797248,0.6481957488877904,0.0,20,0.9987984447396246,0.0066928509242848554,0.9890130573694068
960,1,1.0,1.0,1.0,1.0,1.0,0.7844063911166079,0.9846586755856829,0.3404901960784314,0.0,20,0.8916157942786167,0.0066928509242848554,0.9890130573694068
961,1,1.0,1.0,1.0,1.0,0.9999964,0.7844078762029417,0.9846737240468201,0.23900152968989014,0.0,20,0.6422223651915536,0.0066928509242848554,0.9890130573694068
962,1,1.0,1.0,1.0,1.0,1.0,0.7844076175087368,0.9846708968134198,0.5309932520016554,0.0,20,0.9930697070846866,0.0066928509242848554,0.9890130573694068
963,1,1.0,1.0,1.0,1.0,1.0,0.7844063736229442,0.9846335652065825,0.26611306214027897,0.0,20,0.7294227705195815,0.0066928509242848554,0.9890130573694068
964,1,1.0,1.0,1.0,1.0,0.9954963,0.7844078749178436,0.9846284188719899,0.28401297717154494,0.0,20,0.7790596151769756,0.0066928509242848554,0.9890130573694068
965,1,1.0,1.0,1.0,1.0,0.99999917,0.7844069895399207,0.9846750622181176,0.33942281137807234,0.0,20,0.8900588313259455,0.0066928509242848554,0.9890130573694068
966,1,1.0,1.0,1.0,1.0,1.0,0.7844078618847721,0.9847119536952633,0.4036707988265082,0.0,20,0.9550005643308861,0.0066928509242848554,0.9890130573694068
967,1,1.0,1.0,1.0,1.0,1.0,0.7844077408051071,0.9846691220572796,0.38481599779177633,0.0,20,0.9411571593617558,0.0066928509242848554,0.9890130573694068
968,1,1.0,0.7666666666666667,1.0,1.0,1.0,0.7843748282361606,0.7593488877701345,0.34888835315546984,0.0,20,0.9032024723786819,0.0066928509242848554,0.9890130573694068
969,1,1.0,1.0,1.0,1.0,0.9995413,0.7844057811095382,0.9882781229196802,0.7023369489639828,0.0,20,0.9994662527385542,0.0066928509242848554,0.9890130573694068
970,1,1.0,1.0,1.0,1.0,1.0,0.784407868009909,0.9882838168159953,0.38704958077507096,0.0,20,0.9429854154303658,0.0066928509242848554,0.9890130573694068
971,1,1.0,1.0,1.0,1.0,1.0,0.7844075921490948,0.9882480025530231,0.32104746037848686,0.0,20,0.8600507937440776,0.0066928509242848554,0.9890130573694068
972,1,1.0,1.0,1.0,1.0,0.9999895,0.7844074585128272,0.9882575290570209,0.43905228758169934,0.0,20,0.9730324807793961,0.0066928509242848554,0.9890130573694068
973,1,1.0,1.0,1.0,1.0,1.0,0.7843838410902215,0.98828311500114,0.212888869623015,0.0,20,0.5481832729743178,0.0066928509242848554,0.9890130573694068
974,1,1.0,1.0,1.0,1.0,1.0,0.7844078018268081,0.9882950517544766,0.6529037842932367,0.0,20,0.9988802805444948,0.0066928509242848554,0.9890130573694068
975,1,1.0,1.0,1.0,1.0,1.0,0.7844078757368123,0.9882942575898312,0.38481599779177633,0.0,20,0.9411571593617558,0.0066928509242848554,0.9890130573694068
976,1,1.0,1.0,1.0,1.0,1.0,0.7844077724268125,0.9882835602038129,0.5020785274894272,0.0,20,0.9893467293991265,0.0066928509242848554,0.9890130573694068
977,1,1.0,1.0,1.0,1.0,1.0,0.7844078762650963,0.9882963871126997,0.4829964913009896,0.0,20,0.9858661416972291,0.0066928509242848554,0.9890130573694068
978,1,1.0,1.0,1.0,1.0,1.0,0.7843766767394923,0.9882763255644155,0.4177290889365193,0.0,20,0.9632415589993395,0.0066928509242848554,0.9890130573694068
979,1,1.0,1.0,1.0,1.0,1.0,0.7844078372251536,0.9882911731434326,0.5621777310710511,0.0,20,0.9956476000149259,0.0066928509242848554,0.9890130573694068
980,1,1.0,1.0,1.0,1.0,0.99999774,0.784407841339965,0.9882882284367913,0.8015487876096992,0.0,20,0.9998794387195311,0.0066928509242848554,0.9890130573694068
981,1,1.0,1.0,1.0,1.0,1.0,0.7843537260585717,0.9882366411160924,0.4125431810441298,0.0,20,0.9603858105297916,0.0066928509242848554,0.9890130573694068
982,1,1.0,1.0,1.0,1.0,0.9999999,0.7844078688773636,0.9882612367488615,0.24018975332068312,0.0,20,0.6463072244678757,0.0066928509242848554,0.9890130573694068
983,1,1.0,1.0,1.0,1.0,1.0,0.7844049714478344,0.988268964299399,0.7057348393671867,0.0,20,0.9994927618583923,0.0066928509242848554,0.9890130573694068
984,1,1.0,1.0,1.0,1.0,1.0,0.7844078759919637,0.9882871334552716,0.6913492600105177,0.0,20,0.9993706785733917,0.0066928509242848554,0.9890130573694068
985,1,1.0,1.0,1.0,1.0,0.9995413,0.7844077763506342,0.9882730408052627,0.7023369489639828,0.0,20,0.9994662527385542,0.0066928509242848554,0.9890130573694068
986,1,1.0,1.0,1.0,1.0,0.9999999,0.7844061805623929,0.9882862047160402,0.6513075895392837,0.0,20,0.9988531787822315,0.0066928509242848554,0.9890130573694068
987,1,1.0,1.0,1.0,1.0,0.9999993,0.7844078762133185,0.9882666917909446,0.5231120611774885,0.0,20,0.992206807136688,0.0066928509242848554,0.9890130573694068
988,1,1.0,1.0,1.0,1.0,0.9999987,0.7844077380515756,0.9882995812261005,0.5841495258234012,0.0,20,0.9968658021507187,0.0066928509242848554,0.9890130573694068
989,1,1.0,1.0,1.0,1.0,1.0,0.7844078762643453,0.988262818111345,0.3119652406417112,0.0,20,0.8428354780909205,0.0066928509242848554,0.9890130573694068
990,1,1.0,1.0,1.0,1.0,1.0,0.7844078642725284,0.988284389686883,0.47854213800904977,0.0,20,0.9849042632184405,0.0066928509242848554,0.9890130573694068
991,1,1.0,1.0,1.0,1.0,0.6527438,0.7844078662732585,0.9882565199498287,0.4399285130718954,0.0,20,0.9733752308133619,0.0066928509242848554,0.9890130573694068
992,1,1.0,1.0,1.0,1.0,0.99999785,0.7844078758834753,0.9883068036331457,0.40624314943368656,0.0,20,0.9566299380787089,0.0066928509242848554,0.9890130573694068
993,1,1.0,1.0,1.0,1.0,1.0,0.7843994729980651,0.9882726983876741,0.5993078598960953,0.0,20,0.9975016365663085,0.0066928509242848554,0.9890130573694068
994,1,1.0,1.0,1.0,1.0,0.99442965,0.784407872676105,0.9883025264317199,0.22988179669030734,0.0,20,0.6102175929072826,0.0066928509242848554,0.9890130573694068
995,1,1.0,1.0,1.0,1.0,1.0,0.7844078706308935,0.9883149297292804,0.630702299285187,0.0,20,0.9984384825827647,0.0066928509242848554,0.9890130573694068
996,1,1.0,1.0,1.0,1.0,1.0,0.7844078762854615,0.988294366587845,0.3175559727437074,0.0,20,0.8536274272236218,0.0066928509242848554,0.9890130573694068
997,1,1.0,1.0,1.0,1.0,1.0,0.7844078762821733,0.9883066850492922,0.44877366255144036,0.0,20,0.9766060279215862,0.0066928509242848554,0.9890130573694068
998,1,1.0,1.0,1.0,1.0,1.0,0.7844078698536093,0.988281669838205,0.7043651426243487,0.0,20,0.9994822380800575,0.0066928509242848554,0.9890130573694068
999,1,1.0,1.0,1.0,1.0,0.999985,0.7844077397854481,0.9882853289885999,0.3921935212753592,0.0,20,0.9469947617976124,0.0066928509242848554,0.9890130573694068
1000,1,1.0,1.0,1.0,1.0,1.0,0.7844078761960259,0.98829380013036,0.46168140458797896,0.0,20,0.9806442660986887,0.0066928509242848554,0.9890130573694068
1001,1,1.0,1.0,1.0,1.0,0.99998546,0.7844078748275494,0.9883037082690791,0.23729377958079784,0.0,20,0.6363152495440282,0.0066928509242848554,0.9890130573694068
1002,1,1.0,1.0,1.0,1.0,0.9989924,0.7844078477366688,0.9882772328289849,0.6009794309880815,0.0,20,0.9975633498892245,0.0066928509242848554,0.9890130573694068
1003,1,1.0,1.0,1.0,1.0,1.0,0.7844078762854636,0.9882823384837022,0.6121729737646693,0.0,20,0.9979391928242336,0.0066928509242848554,0.9890130573694068
1004,1,1.0,1.0,1.0,1.0,1.0,0.7844078762527946,0.9882761702939662,0.702531740665615,0.0,20,0.9994678091766723,0.0066928509242848554,0.9890130573694068
1005,1,1.0,1.0,1.0,1.0,0.9999782,0.7844078760694643,0.9882943421866375,0.4227250957854406,0.0,20,0.9658047992312465,0.0066928509242848554,0.9890130573694068
1006,1,1.0,1.0,1.0,1.0,0.9999999,0.784407875796503,0.988313456227937,0.2631672406118959,0.0,20,0.7206138632959538,0.0066928509242848554,0.9890130573694068
1007,1,1.0,1.0,1.0,1.0,1.0,0.784407876246726,0.9882989212758054,0.49762210677243357,0.0,20,0.9886186385981497,0.0066928509242848554,0.9890130573694068
