win_idx,label,acc_v,acc_m,acc_u,acc_fused,P_v,P_m,P_u,brightness,multipath_p,emi,w_v,w_m,w_u
0,0,1.0,0.48333333333333334,1.0,1.0,1.5988724e-09,0.5414378953079109,0.017931408545580833,0.2887060214156585,0.0,0,0.7909382640760448,0.9933071490757153,0.9890130573694068
1,0,1.0,1.0,1.0,1.0,1.2381916e-05,0.011975336804578657,0.01798717809095083,0.6071599016763523,0.0,0,0.9977786105168441,0.9933071490757153,0.9890130573694068
2,0,1.0,1.0,1.0,1.0,9.548837e-05,0.0051801840259619834,0.018020597910476752,0.38585948205325366,0.0,0,0.9420180254352948,0.9933071490757153,0.9890130573694068
3,0,1.0,1.0,1.0,1.0,0.0018396842,0.0030136456776387187,0.017997658258503905,0.39803184935176256,0.0,0,0.9512224481179163,0.9933071490757153,0.9890130573694068
4,0,1.0,1.0,1.0,1.0,8.87248e-12,0.004735606268645213,0.017963343694945854,0.17407849452180227,0.0,0,0.4040007721779678,0.9933071490757153,0.9890130573694068
5,0,1.0,1.0,1.0,1.0,2.3991225e-07,0.0037283848850107747,0.017924554377558813,0.3396435328517372,0.0,0,0.8903823907249706,0.9933071490757153,0.9890130573694068
6,0,1.0,1.0,1.0,1.0,1.9561593e-10,0.004533908460613644,0.01797889242178529,0.5176241256736612,0.0,0,0.9915437887876645,0.9933071490757153,0.9890130573694068
7,0,1.0,1.0,1.0,1.0,6.167387e-06,0.003258291713495201,0.017999043083354278,0.6454199038105809,0.0,0,0.9987474225864668,0.9933071490757153,0.9890130573694068
8,0,1.0,1.0,1.0,1.0,1.2405466e-10,0.004040957920434822,0.017979332235081153,0.300744578134284,0.0,0,0.8192343394005873,0.9933071490757153,0.9890130573694068
9,0,1.0,1.0,1.0,1.0,3.3794407e-08,0.004741962202250528,0.017934898116321377,0.3576964497920381,0.0,0,0.9141542113235054,0.9933071490757153,0.9890130573694068
10,0,1.0,1.0,1.0,1.0,5.2439106e-09,0.004274691842196032,0.018024853793874734,0.1666390898227304,0.0,0,0.37744346381307364,0.9933071490757153,0.9890130573694068
11,0,0.0,1.0,1.0,1.0,0.75099814,0.005222041374143417,0.01794153005452479,0.42452833456293665,0.0,0,0.9666869345652114,0.9933071490757153,0.9890130573694068
12,0,1.0,1.0,1.0,1.0,7.169555e-10,0.004444622954324897,0.017984105478256816,0.15896898319177377,0.0,0,0.3508135103059593,0.9933071490757153,0.9890130573694068
13,0,1.0,1.0,1.0,1.0,0.00010284378,0.0036441909324034694,0.017977887353838273,0.5860369107385305,0.0,0,0.9969530228850175,0.9933071490757153,0.9890130573694068
14,0,1.0,1.0,1.0,1.0,3.3148244e-06,0.004020007595578302,0.01800379675784031,0.5177973477783725,0.0,0,0.9915655472260271,0.9933071490757153,0.9890130573694068
15,0,1.0,1.0,1.0,1.0,5.7760386e-05,0.00487933676245458,0.017967707019537614,0.43109230126158987,0.0,0,0.9697160233185296,0.9933071490757153,0.9890130573694068
16,0,1.0,1.0,1.0,1.0,1.3236863e-07,0.0038369977072854984,0.018027329601493898,0.5592609809881399,0.0,0,0.9954538349388647,0.9933071490757153,0.9890130573694068
17,0,1.0,1.0,1.0,1.0,4.0280662e-10,0.0030570071033109523,0.017953857702985413,0.214416351335856,0.0,0,0.5538516299762354,0.9933071490757153,0.9890130573694068
18,0,1.0,1.0,1.0,1.0,0.00018108144,0.002824210628076394,0.01799076212971997,0.5377325909787783,0.0,0,0.9937318669319929,0.9933071490757153,0.9890130573694068
19,0,1.0,1.0,1.0,1.0,7.8327265e-09,0.004741603562338651,0.018011938273184497,0.22461410095953277,0.0,0,0.591268438781137,0.9933071490757153,0.9890130573694068
20,0,1.0,1.0,1.0,1.0,1.6977204e-06,0.004918740201482005,0.017995439624971823,0.2563109161793372,0.0,0,0.6994465440299827,0.9933071490757153,0.9890130573694068
21,0,1.0,1.0,1.0,1.0,1.7313917e-07,0.004701280537622482,0.018019081203157514,0.19128856969144248,0.0,0,0.4673785408354721,0.9933071490757153,0.9890130573694068
22,0,1.0,1.0,1.0,1.0,6.0525846e-05,0.0037338937876708195,0.01798814495178165,0.3479586759434957,0.0,0,0.9019764043780818,0.9933071490757153,0.9890130573694068
23,0,1.0,1.0,1.0,1.0,0.016216338,0.005154837106196688,0.018013987370656712,0.30710340983938794,0.0,0,0.8329320078730574,0.9933071490757153,0.9890130573694068
24,0,1.0,1.0,1.0,1.0,0.038181704,0.005026388366728162,0.017994259429324994,0.5115810158486053,0.0,0,0.9907488686474822,0.9933071490757153,0.9890130573694068
25,0,1.0,1.0,1.0,1.0,3.8583146e-09,0.00552669470829569,0.01800262463200949,0.4856911520827236,0.0,0,0.9864184349850973,0.9933071490757153,0.9890130573694068
26,0,1.0,1.0,1.0,1.0,1.7983425e-06,0.0038563536543882873,0.018033540240071335,0.5020733065953654,0.0,0,0.9893459039614951,0.9933071490757153,0.9890130573694068
27,0,1.0,1.0,1.0,1.0,1.2603528e-08,0.005350314257538833,0.018004705303120254,0.4986341285740302,0.0,0,0.9887881841551641,0.9933071490757153,0.9890130573694068
28,0,1.0,1.0,1.0,1.0,0.002446981,0.005523049279530542,0.01798408274545265,0.5891188948919781,0.0,0,0.9970902769899047,0.9933071490757153,0.9890130573694068
29,0,1.0,1.0,1.0,1.0,1.6250168e-10,0.0038480582868102094,0.01792970535318912,0.49678598649642175,0.0,0,0.9884766521456257,0.9933071490757153,0.9890130573694068
30,0,1.0,1.0,1.0,1.0,0.009431638,0.0037112673439132094,0.017984881107937334,0.5153156565656566,0.0,0,0.9912484540491059,0.9933071490757153,0.9890130573694068
31,0,1.0,1.0,1.0,1.0,2.6179947e-10,0.003775572924141763,0.018007250220193373,0.3838167825269643,0.0,0,0.9403215965980711,0.9933071490757153,0.9890130573694068
32,0,1.0,1.0,1.0,1.0,1.0614817e-11,0.004391125945898498,0.017989401710480895,0.21403212348769293,0.0,0,0.5524270512434337,0.9933071490757153,0.9890130573694068
33,0,1.0,1.0,1.0,1.0,0.0008463366,0.004589832514291588,0.01798038016129758,0.39179073649661883,0.0,0,0.9466906706261485,0.9933071490757153,0.9890130573694068
34,0,1.0,1.0,1.0,1.0,1.4951537e-08,0.004116018621752278,0.017935001090497265,0.7644795530824942,0.0,0,0.9997897900002986,0.9933071490757153,0.9890130573694068
35,0,1.0,1.0,1.0,1.0,0.00017066648,0.23581361604283452,0.23606839690551137,0.3394232906837949,0.0,0,0.8900595348544825,0.9933071490757153,0.9890130573694068
36,1,1.0,1.0,1.0,1.0,0.96509737,0.99999999999997,0.9526219454292123,0.39615421047646115,0.0,0,0.9498989268035042,0.9933071490757153,0.9890130573694068
37,1,1.0,1.0,1.0,1.0,1.0,0.99999999999997,0.9526669229597484,0.6097380128521998,0.0,0,0.9978626954173636,0.9933071490757153,0.9890130573694068
38,1,0.0,1.0,1.0,1.0,0.019550113,0.99999999999997,0.9526235641964804,0.7323925316841193,0.0,0,0.9996598854711929,0.9933071490757153,0.9890130573694068
39,1,0.0,1.0,1.0,1.0,0.0701418,0.99999999999997,0.952788620689775,0.2465427763145059,0.0,0,0.6677756221789509,0.9933071490757153,0.9890130573694068
40,1,0.0,1.0,1.0,1.0,7.238786e-07,0.99999999999997,0.9527043263594909,0.21030728709394206,0.0,0,0.5385755146528385,0.9933071490757153,0.9890130573694068
41,1,0.0,1.0,1.0,1.0,0.0030271525,0.99999999999997,0.9525249004101176,0.33681818629915516,0.0,0,0.8861770705871527,0.9933071490757153,0.9890130573694068
42,1,1.0,1.0,1.0,1.0,0.94307536,0.99999999999997,0.9526339709916037,0.2968305681246858,0.0,0,0.8103765145475951,0.9933071490757153,0.9890130573694068
43,1,1.0,1.0,1.0,1.0,0.8249108,0.99999999999997,0.952720876364907,0.2037421587713606,0.0,0,0.5140294118783759,0.9933071490757153,0.9890130573694068
44,1,0.0,1.0,1.0,1.0,0.3726973,0.99999999999997,0.9525701164743524,0.43721835225318195,0.0,0,0.972301166113355,0.9933071490757153,0.9890130573694068
45,1,0.0,1.0,1.0,1.0,0.014563973,0.99999999999997,0.9526000918341148,0.3232100415923945,0.0,0,0.8639098187954741,0.9933071490757153,0.9890130573694068
46,1,1.0,1.0,1.0,1.0,0.9999976,0.99999999999997,0.9526672092802719,0.4445878404355913,0.0,0,0.9751277946908362,0.9933071490757153,0.9890130573694068
47,1,1.0,1.0,1.0,1.0,1.0,0.99999999999997,0.9526889237509628,0.5451513102628721,0.0,0,0.9943882753557239,0.9933071490757153,0.9890130573694068
48,1,1.0,1.0,1.0,1.0,0.99993825,0.99999999999997,0.9525315113471223,0.352463549522373,0.0,0,0.9077907326931429,0.9933071490757153,0.9890130573694068
49,1,1.0,1.0,1.0,1.0,0.99999976,0.99999999999997,0.9527035603895615,0.4544975034139121,0.0,0,0.9784893670438591,0.9933071490757153,0.9890130573694068
50,1,0.0,1.0,1.0,1.0,0.00014423153,0.99999999999997,0.9528449814702354,0.2051622103386809,0.0,0,0.5193486220462502,0.9933071490757153,0.9890130573694068
51,1,1.0,1.0,1.0,1.0,1.0,0.99999999999997,0.9527069522425691,0.4992678367568622,0.0,0,0.9888930764003554,0.9933071490757153,0.9890130573694068
52,1,1.0,1.0,1.0,1.0,1.0,0.99999999999997,0.9526537639602253,0.2585775096363332,0.0,0,0.7065450115525811,0.9933071490757153,0.9890130573694068
53,1,0.0,1.0,1.0,1.0,3.9603223e-05,0.99999999999997,0.9526634496117554,0.11437908496732027,0.0,0,0.21681682677831024,0.9933071490757153,0.9890130573694068
54,1,1.0,1.0,1.0,1.0,1.0,0.99999999999997,0.9526832725831196,0.5382945292812465,0.0,0,0.9937841524125769,0.9933071490757153,0.9890130573694068
55,1,1.0,1.0,1.0,1.0,0.99948186,0.99999999999997,0.9527134340647619,0.6674234606123152,0.0,0,0.9990992232325184,0.9933071490757153,0.9890130573694068
56,1,0.0,1.0,1.0,1.0,0.0324953,0.99999999999997,0.9526429272656846,0.2633930838219058,0.0,0,0.7212953868864989,0.9933071490757153,0.9890130573694068
57,1,1.0,1.0,1.0,1.0,1.0,0.99999999999997,0.9525524558897509,0.6117219872698535,0.0,0,0.9979252336430804,0.9933071490757153,0.9890130573694068
58,1,1.0,1.0,1.0,1.0,0.73061633,0.99999999999997,0.9526190913473905,0.2630718954248366,0.0,0,0.7203258354514274,0.9933071490757153,0.9890130573694068
59,1,0.0,1.0,1.0,1.0,0.18300645,0.99999999999997,0.9527751619383579,0.23726620738385445,0.0,0,0.6362195335458931,0.9933071490757153,0.9890130573694068
60,1,1.0,1.0,1.0,1.0,1.0,0.99999999999997,0.9528180128496632,0.6779080356422404,0.0,0,0.9992302083181386,0.9933071490757153,0.9890130573694068
61,1,1.0,1.0,1.0,1.0,0.99990356,0.99999999999997,0.952704572698018,0.596692778418557,0.0,0,0.9974019473872471,0.9933071490757153,0.9890130573694068
62,1,1.0,1.0,1.0,1.0,0.98895276,0.99999999999997,0.9526200810478043,0.5419306184012066,0.0,0,0.9941121509032798,0.9933071490757153,0.9890130573694068
63,1,1.0,1.0,1.0,1.0,0.9999975,0.99999999999997,0.9526450571056428,0.22492154180413615,0.0,0,0.5923824566887477,0.9933071490757153,0.9890130573694068
64,1,0.0,1.0,1.0,1.0,4.3233786e-06,0.99999999999997,0.9526139841733762,0.29554910867656603,0.0,0,0.807405119350765,0.9933071490757153,0.9890130573694068
65,1,0.0,1.0,1.0,1.0,0.33372957,0.99999999999997,0.9526505195433699,0.24388525780682643,0.0,0,0.6588736539086636,0.9933071490757153,0.9890130573694068
66,1,0.0,1.0,1.0,1.0,7.280378e-05,0.99999999999997,0.95267449137166,0.2781122583225454,0.0,0,0.763449249140537,0.9933071490757153,0.9890130573694068
67,1,0.0,1.0,1.0,1.0,8.668215e-10,0.99999999999997,0.9527396926168732,0.10499648419038397,0.0,0,0.19387069567417128,0.9933071490757153,0.9890130573694068
68,1,1.0,1.0,1.0,1.0,0.9994541,0.99999999999997,0.9526710569954786,0.3917704236043336,0.0,0,0.9466752914365584,0.9933071490757153,0.9890130573694068
69,1,1.0,1.0,1.0,1.0,0.9899815,0.99999999999997,0.9526611252746843,0.2305158371040724,0.0,0,0.6124773246311768,0.9933071490757153,0.9890130573694068
70,1,0.0,1.0,1.0,1.0,5.696786e-07,0.99999999999997,0.9526799533353251,0.10491579076771775,0.0,0,0.1936815983745527,0.9933071490757153,0.9890130573694068
71,1,0.0,1.0,1.0,1.0,1.2103411e-06,0.99999999999997,0.9526356290789474,0.2201146941788653,0.0,0,0.5748630320316686,0.9933071490757153,0.9890130573694068
72,1,1.0,1.0,1.0,1.0,1.0,0.99999999999997,0.9526157226340045,0.6352512510776848,0.0,0,0.9985413275001618,0.9933071490757153,0.9890130573694068
73,1,1.0,1.0,1.0,1.0,0.9999459,0.99999999999997,0.9526352944513776,0.3957502565480003,0.0,0,0.9496097711252041,0.9933071490757153,0.9890130573694068
74,1,1.0,1.0,1.0,1.0,0.8185474,0.99999999999997,0.9525913218220289,0.14817228087816323,0.0,0,0.3148771102333835,0.9933071490757153,0.9890130573694068
75,1,0.0,1.0,1.0,1.0,0.09836399,0.99999999999997,0.9527314404012925,0.24006363949088408,0.0,0,0.6458746715359516,0.9933071490757153,0.9890130573694068
76,1,0.0,1.0,1.0,1.0,1.3760768e-08,0.99999999999997,0.9526146290312475,0.1648961721027649,0.0,0,0.37132017279755497,0.9933071490757153,0.9890130573694068
77,1,1.0,1.0,1.0,1.0,1.0,0.99999999999997,0.9527781865992746,0.48115541251961774,0.0,0,0.9854761269300497,0.9933071490757153,0.9890130573694068
78,1,0.0,1.0,1.0,1.0,0.013656482,0.99999999999997,0.9526294768764619,0.264857497486174,0.0,0,0.7256896794303394,0.9933071490757153,0.9890130573694068
79,1,1.0,1.0,1.0,1.0,0.9998692,0.99999999999997,0.9526071261418583,0.5129276211691945,0.0,0,0.9909321809335969,0.9933071490757153,0.9890130573694068
80,1,1.0,1.0,1.0,1.0,0.99999404,0.99999999999997,0.9525726195286442,0.39765812281025265,0.0,0,0.9509616850429313,0.9933071490757153,0.9890130573694068
81,1,1.0,1.0,1.0,1.0,0.9982066,0.99999999999997,0.9527706264187462,0.3637981118373275,0.0,0,0.9210697836131035,0.9933071490757153,0.9890130573694068
82,1,1.0,1.0,1.0,1.0,0.99436593,0.99999999999997,0.9526757037825073,0.5964517076788958,0.0,0,0.997392560204346,0.9933071490757153,0.9890130573694068
83,1,1.0,1.0,1.0,1.0,0.9981457,0.99999999999997,0.9526914718181462,0.49937289500856863,0.0,0,0.9889103717757615,0.9933071490757153,0.9890130573694068
84,1,0.0,1.0,1.0,1.0,0.08325717,0.99999999999997,0.9527085650075301,0.2762459150326797,0.0,0,0.7583562495516888,0.9933071490757153,0.9890130573694068
85,1,1.0,1.0,1.0,1.0,1.0,0.99999999999997,0.952699360536273,0.427650111037437,0.0,0,0.9681623939897047,0.9933071490757153,0.9890130573694068
86,1,1.0,1.0,1.0,1.0,1.0,0.99999999999997,0.9525567219639642,0.4479175087350561,0.0,0,0.9763108208327734,0.9933071490757153,0.9890130573694068
87,1,1.0,1.0,1.0,1.0,0.9999831,0.99999999999997,0.9526114420300492,0.4303292081860067,0.0,0,0.9693780652747856,0.9933071490757153,0.9890130573694068
88,1,1.0,1.0,1.0,1.0,0.99999607,0.99999999999997,0.9527192325750264,0.4631415350180151,0.0,0,0.9810556420737221,0.9933071490757153,0.9890130573694068
89,1,1.0,1.0,1.0,1.0,1.0,0.99999999999997,0.9524653591466399,0.5346165816754053,0.0,0,0.9934339081325255,0.9933071490757153,0.9890130573694068
90,1,0.0,1.0,1.0,1.0,0.040821146,0.99999999999997,0.9527415191289514,0.28459893048128343,0.0,0,0.7805687685310558,0.9933071490757153,0.9890130573694068
91,1,1.0,1.0,1.0,1.0,0.99941325,0.99999999999997,0.9524915576668939,0.7620387689959706,0.0,0,0.999781952931032,0.9933071490757153,0.9890130573694068
92,1,1.0,1.0,1.0,1.0,0.9999993,0.99999999999997,0.9527219850415534,0.4012945229771495,0.0,0,0.9534436911174855,0.9933071490757153,0.9890130573694068
93,1,1.0,1.0,1.0,1.0,0.99995637,0.99999999999997,0.9525766764191675,0.45227560561558566,0.0,0,0.977776570740253,0.9933071490757153,0.9890130573694068
94,1,1.0,1.0,1.0,1.0,0.99999905,0.99999999999997,0.9526454850918534,0.38034095358573533,0.0,0,0.9373277536476514,0.9933071490757153,0.9890130573694068
95,1,1.0,1.0,1.0,1.0,0.9999769,0.99999999999997,0.9525289365554546,0.30894262990027854,0.0,0,0.8367359129081835,0.9933071490757153,0.9890130573694068
96,1,1.0,1.0,1.0,1.0,0.9996985,0.99999999999997,0.9526162663130449,0.3011209117874227,0.0,0,0.820068799001944,0.9933071490757153,0.9890130573694068
97,1,1.0,1.0,1.0,1.0,0.9999726,0.99999999999997,0.952737174275975,0.5696962118180606,0.0,0,0.996109979237038,0.9933071490757153,0.9890130573694068
98,1,1.0,1.0,1.0,1.0,0.999998,0.99999999999997,0.9525907698432695,0.4032321892793618,0.0,0,0.9547169811429228,0.9933071490757153,0.9890130573694068
99,1,1.0,1.0,1.0,1.0,0.60660404,0.99999999999997,0.9526413711433742,0.3865368920185893,0.0,0,0.9425705417504339,0.9933071490757153,0.9890130573694068
100,1,0.0,1.0,1.0,1.0,0.00629805,0.99999999999997,0.9526272482280489,0.5611399908800729,0.0,0,0.9955796218845728,0.9933071490757153,0.9890130573694068
101,1,1.0,1.0,1.0,1.0,1.0,0.99999999999997,0.952632545934722,0.4067880150865603,0.0,0,0.9569677651979379,0.9933071490757153,0.9890130573694068
102,1,0.0,1.0,1.0,1.0,2.445927e-08,0.99999999999997,0.9527077215922226,0.1445006358501168,0.0,0,0.3031187326885159,0.9933071490757153,0.9890130573694068
103,1,0.0,1.0,1.0,1.0,8.661842e-05,0.99999999999997,0.9525554233132176,0.1609857312391985,0.0,0,0.3577337296221096,0.9933071490757153,0.9890130573694068
104,1,1.0,1.0,1.0,1.0,0.9866164,0.99999999999997,0.9526510910052809,0.5697550370010263,0.0,0,0.9961133968561076,0.9933071490757153,0.9890130573694068
105,1,1.0,1.0,1.0,1.0,0.99987566,0.99999999999997,0.9526530259850149,0.2876073305139049,0.0,0,0.7882000878300207,0.9933071490757153,0.9890130573694068
106,1,1.0,0.9833333333333333,1.0,1.0,1.0,0.9548342101684992,0.878284419009978,0.6881752999707346,0.0,0,0.9993400125279859,0.9933071490757153,0.9890130573694068
107,1,0.0,1.0,1.0,1.0,0.126305,0.99999999999997,0.9651765401643224,0.7594616628013213,0.0,0,0.9997733608848869,0.9933071490757153,0.9890130573694068
108,1,1.0,1.0,1.0,1.0,0.9999976,0.99999999999997,0.9652272495645267,0.32603122153295166,0.0,0,0.8688089192279171,0.9933071490757153,0.9890130573694068
109,1,1.0,1.0,1.0,1.0,1.0,0.99999999999997,0.9652536278167616,0.45019102649111176,0.0,0,0.9770868687222364,0.9933071490757153,0.9890130573694068
110,1,1.0,1.0,1.0,1.0,0.999979,0.99999999999997,0.965375681993013,0.26412231559290383,0.0,0,0.7234889989958457,0.9933071490757153,0.9890130573694068
111,1,0.0,1.0,1.0,1.0,3.9540914e-06,0.99999999999997,0.9653044355712057,0.2653458974676893,0.0,0,0.7271456097237937,0.9933071490757153,0.9890130573694068
112,1,1.0,1.0,1.0,1.0,1.0,0.99999999999997,0.9652109680130411,0.5217361379963006,0.0,0,0.9920455860378837,0.9933071490757153,0.9890130573694068
113,1,1.0,1.0,1.0,1.0,0.6591754,0.99999999999997,0.965261891662485,0.19001870485036118,0.0,0,0.4626399054965995,0.9933071490757153,0.9890130573694068
114,1,1.0,1.0,1.0,1.0,0.9999989,0.99999999999997,0.9652357020869645,0.4176877588642295,0.0,0,0.9632196019262536,0.9933071490757153,0.9890130573694068
115,1,0.0,1.0,1.0,1.0,4.069753e-10,0.99999999999997,0.9651384597725833,0.1189913179202029,0.0,0,0.228794574648187,0.9933071490757153,0.9890130573694068
116,1,1.0,1.0,1.0,1.0,0.99999976,0.99999999999997,0.9652302282716152,0.39748695343770585,0.0,0,0.9508418127586319,0.9933071490757153,0.9890130573694068
117,1,1.0,1.0,1.0,1.0,0.9055762,0.99999999999997,0.9652461320250116,0.3567721653878943,0.0,0,0.9130599293924307,0.9933071490757153,0.9890130573694068
118,1,1.0,1.0,1.0,1.0,0.56825185,0.99999999999997,0.9652973362269368,0.3032496970419373,0.0,0,0.8247324627891592,0.9933071490757153,0.9890130573694068
119,1,1.0,1.0,1.0,1.0,0.9983878,0.99999999999997,0.965270888966415,0.3208248662082083,0.0,0,0.8596484274480493,0.9933071490757153,0.9890130573694068
120,1,1.0,1.0,1.0,1.0,0.9997489,0.99999999999997,0.9651552251099962,0.4546830491519417,0.0,0,0.978547869390475,0.9933071490757153,0.9890130573694068
121,1,1.0,1.0,1.0,1.0,0.99233514,0.99999999999997,0.9652049655096886,0.26479315136031556,0.0,0,0.7254975024619119,0.9933071490757153,0.9890130573694068
122,1,1.0,1.0,1.0,1.0,0.9996761,0.99999999999997,0.9652741468036405,0.2380767554885202,0.0,0,0.6390287966092374,0.9933071490757153,0.9890130573694068
123,1,0.0,1.0,1.0,1.0,2.0832086e-08,0.99999999999997,0.9652116205496825,0.1560905124461132,0.0,0,0.3410446629440805,0.9933071490757153,0.9890130573694068
124,1,1.0,1.0,1.0,1.0,0.7709361,0.99999999999997,0.9652240574190603,0.2596069831441349,0.0,0,0.7097365214036936,0.9933071490757153,0.9890130573694068
125,1,1.0,1.0,1.0,1.0,0.99999964,0.99999999999997,0.9652531559640475,0.5789227044674209,0.0,0,0.9966110504472734,0.9933071490757153,0.9890130573694068
126,1,0.0,1.0,1.0,1.0,0.014065472,0.99999999999997,0.9652404307410534,0.28176353874883286,0.0,0,0.7731971776719202,0.9933071490757153,0.9890130573694068
127,1,1.0,1.0,1.0,1.0,0.99998486,0.99999999999997,0.9652781310019365,0.2359316376123099,0.0,0,0.63157384300456,0.9933071490757153,0.9890130573694068
128,1,1.0,1.0,1.0,1.0,0.9573604,0.99999999999997,0.9652580352589126,0.24494335810019402,0.0,0,0.662431872968157,0.9933071490757153,0.9890130573694068
129,1,1.0,0.7666666666666667,1.0,1.0,0.9995932,0.9986647889983379,0.7440995601538006,0.5262056036885039,0.0,0,0.9925575437599498,0.9933071490757153,0.9890130573694068
130,0,1.0,0.7166666666666667,1.0,1.0,0.00068408885,0.33019272535962746,0.017989162692211187,0.6017400703871293,0.0,0,0.9975909264773224,0.9933071490757153,0.9890130573694068
131,0,1.0,1.0,1.0,1.0,3.3059715e-11,0.0117127414032143,0.01794095405624273,0.8417330780284473,0.0,0,0.9999340136172363,0.9933071490757153,0.9890130573694068
132,0,1.0,1.0,1.0,1.0,1.1723962e-08,0.003968375729924086,0.01800719109599184,0.48213028801264096,0.0,0,0.9856839477420662,0.9933071490757153,0.9890130573694068
133,0,1.0,1.0,1.0,1.0,2.0985942e-06,0.005394551917072576,0.017988497020907105,0.5011687739356584,0.0,0,0.9892019357335454,0.9933071490757153,0.9890130573694068
134,0,1.0,1.0,1.0,1.0,5.541936e-10,0.004316478314966057,0.0179391233430127,0.2724318879284091,0.0,0,0.7477179862007338,0.9933071490757153,0.9890130573694068
135,0,1.0,1.0,1.0,1.0,2.59518e-10,0.0034517211281382748,0.018009826440884644,0.489317170362922,0.0,0,0.9871281556284157,0.9933071490757153,0.9890130573694068
136,0,1.0,1.0,1.0,1.0,1.0528398e-05,0.003819445055345036,0.017959518523140157,0.3797115749525617,0.0,0,0.9367708712077559,0.9933071490757153,0.9890130573694068
137,0,1.0,1.0,1.0,1.0,7.1115086e-10,0.005086443629997116,0.017994566636050504,0.1524142785319256,0.0,0,0.3287628522175851,0.9933071490757153,0.9890130573694068
138,0,1.0,1.0,1.0,1.0,2.1463651e-05,0.004708002853584257,0.017980674549816174,0.34481357694592984,0.0,0,0.8977254712553556,0.9933071490757153,0.9890130573694068
139,0,1.0,1.0,1.0,1.0,5.3938358e-05,0.0034907177432622087,0.01797778871404188,0.3491064726966055,0.0,0,0.9034881408353423,0.9933071490757153,0.9890130573694068
140,0,1.0,1.0,1.0,1.0,1.3837007e-09,0.005032054355770516,0.018013767060121776,0.7823844505662687,0.0,0,0.9998392929600974,0.9933071490757153,0.9890130573694068
141,0,1.0,1.0,1.0,1.0,1.7278941e-08,0.004620005580096033,0.017980653108230812,0.47344875538868025,0.0,0,0.9837252422710614,0.9933071490757153,0.9890130573694068
142,0,1.0,1.0,1.0,1.0,9.196773e-08,0.004033476752455145,0.018020645010820575,0.44251334027975114,0.0,0,0.9743618209440043,0.9933071490757153,0.9890130573694068
143,0,1.0,1.0,1.0,1.0,0.00021989402,0.005006776033585112,0.01791135883436721,0.6007791821962946,0.0,0,0.9975560377567356,0.9933071490757153,0.9890130573694068
144,0,1.0,1.0,1.0,1.0,8.392291e-06,0.004723753089177611,0.017976796859163972,0.38186167713272673,0.0,0,0.9386544717240247,0.9933071490757153,0.9890130573694068
145,0,1.0,1.0,1.0,1.0,0.0012367618,0.0038934021432513967,0.01802417191027999,0.3959238650415121,0.0,0,0.949734235566989,0.9933071490757153,0.9890130573694068
146,0,1.0,1.0,1.0,1.0,2.85484e-06,0.003811760295922848,0.018008297762909773,0.5754405729460047,0.0,0,0.9964299832760833,0.9933071490757153,0.9890130573694068
147,0,1.0,1.0,1.0,1.0,3.7301381e-06,0.004156913384514208,0.017972014745840852,0.46364894306070775,0.0,0,0.9811965816096626,0.9933071490757153,0.9890130573694068
148,0,1.0,1.0,1.0,1.0,3.0671245e-06,0.003068537744035205,0.01796988507863436,0.4433085790215639,0.0,0,0.974658127042209,0.9933071490757153,0.9890130573694068
149,0,1.0,1.0,1.0,1.0,0.00016281167,0.003972931346012129,0.01802097174029296,0.39757339973026246,0.0,0,0.9509023869862593,0.9933071490757153,0.9890130573694068
150,0,1.0,1.0,1.0,1.0,8.860183e-09,0.004323700286515147,0.01791622531435979,0.1394710781707686,0.0,0,0.2874228260667261,0.9933071490757153,0.9890130573694068
151,0,1.0,1.0,1.0,1.0,2.5946589e-05,0.003497353612974484,0.017955094829708983,0.3891783380018674,0.0,0,0.9446780836587173,0.9933071490757153,0.9890130573694068
152,0,1.0,1.0,1.0,1.0,2.373386e-10,0.006077582627767154,0.01799110838264149,0.15516754850088185,0.0,0,0.3379402346665224,0.9933071490757153,0.9890130573694068
153,0,1.0,1.0,1.0,1.0,1.5699667e-05,0.006052166697872173,0.017994991103562997,0.4549389743950149,0.0,0,0.9786283070182997,0.9933071490757153,0.9890130573694068
154,0,1.0,1.0,1.0,1.0,9.162997e-08,0.00481442986646895,0.017981715346735136,0.46745304512509434,0.0,0,0.9822209533470856,0.9933071490757153,0.9890130573694068
155,0,1.0,1.0,1.0,1.0,5.2689273e-08,0.004692543660156079,0.01801077089241053,0.40777148460057183,0.0,0,0.9575711824217624,0.9933071490757153,0.9890130573694068
156,0,1.0,1.0,1.0,1.0,3.7975138e-08,0.004555696436941307,0.018027105502686047,0.4837538825053831,0.0,0,0.986023574382195,0.9933071490757153,0.9890130573694068
157,0,1.0,1.0,1.0,1.0,1.5916974e-06,0.0037823102403179063,0.017992616411562946,0.40861371063576946,0.0,0,0.9580815027729447,0.9933071490757153,0.9890130573694068
158,0,1.0,1.0,1.0,1.0,1.3789806e-07,0.005003034636345269,0.01799019794402174,0.8789383853899984,0.0,0,0.9999622344613504,0.9933071490757153,0.9890130573694068
159,0,1.0,1.0,1.0,1.0,0.0025326046,0.004695060251463683,0.01793261412654038,0.2837755131292283,0.0,0,0.7784459007153886,0.9933071490757153,0.9890130573694068
160,0,1.0,1.0,1.0,1.0,5.095446e-07,0.004133959333694263,0.017995141881579736,0.4630789997158284,0.0,0,0.9810382004855641,0.9933071490757153,0.9890130573694068
161,0,1.0,1.0,1.0,1.0,3.3786704e-10,0.0033056875528798893,0.017980827901176496,0.20807925069362979,0.0,0,0.530260163961403,0.9933071490757153,0.9890130573694068
162,0,1.0,1.0,1.0,1.0,1.8938262e-06,0.004562837878025515,0.01797499150906416,0.6878312990953792,0.0,0,0.9993366004475818,0.9933071490757153,0.9890130573694068
163,0,1.0,1.0,1.0,1.0,7.592427e-11,0.004018392500993821,0.017971015147755485,0.3069178708749998,0.0,0,0.8325443652661988,0.9933071490757153,0.9890130573694068
164,0,1.0,1.0,1.0,1.0,0.0007949804,0.003955984513879687,0.01802964917413064,0.5016317587641117,0.0,0,0.9892758646217689,0.9933071490757153,0.9890130573694068
165,0,1.0,1.0,1.0,1.0,1.3219719e-09,0.004088910280831622,0.01797366037713251,0.1344976374388139,0.0,0,0.2723889870461303,0.9933071490757153,0.9890130573694068
166,0,1.0,1.0,1.0,1.0,1.3580567e-12,0.004491321321370938,0.018012043571247815,0.17914591899281665,0.0,0,0.4224287018813652,0.9933071490757153,0.9890130573694068
167,0,1.0,1.0,1.0,1.0,2.1302267e-05,0.0032330825348794346,0.017951587170912903,0.2454531307472484,0.0,0,0.664139642448988,0.9933071490757153,0.9890130573694068
168,0,1.0,1.0,1.0,1.0,2.4196085e-08,0.004066971206709939,0.017951925341406657,0.6037962125020948,0.0,0,0.9976639224061246,0.9933071490757153,0.9890130573694068
169,0,1.0,1.0,1.0,1.0,5.923944e-09,0.004048481851972866,0.01794724683878902,0.8678266501795913,0.0,0,0.9999553851755999,0.9933071490757153,0.9890130573694068
170,0,1.0,1.0,1.0,1.0,8.461087e-05,0.005217786202658368,0.018005857549055784,0.4468577174459527,0.0,0,0.9759403607406243,0.9933071490757153,0.9890130573694068
171,0,1.0,1.0,1.0,1.0,0.075574264,0.0038869028839962987,0.01796666285885722,0.6027194570135747,0.0,0,0.9976259755934439,0.9933071490757153,0.9890130573694068
172,0,1.0,1.0,1.0,1.0,6.43156e-08,0.005246536810813028,0.017996616242732227,0.18294360537007595,0.0,0,0.4363851460000656,0.9933071490757153,0.9890130573694068
173,0,1.0,1.0,1.0,1.0,3.4336585e-07,0.0036749230030342795,0.017975672335741454,0.5591883016163366,0.0,0,0.9954488986183835,0.9933071490757153,0.9890130573694068
174,0,1.0,1.0,1.0,1.0,2.1927633e-06,0.004896684705780853,0.018007214258442556,0.4662059117941471,0.0,0,0.9818913098313917,0.9933071490757153,0.9890130573694068
175,0,1.0,1.0,1.0,1.0,0.00036214478,0.00451913545942567,0.01797297753967623,0.4916698366589434,0.0,0,0.9875689329081964,0.9933071490757153,0.9890130573694068
176,1,1.0,1.0,1.0,1.0,1.0,0.9001707623516896,0.8712457450014105,0.5384993423892854,0.0,0,0.9938031012584607,0.9933071490757153,0.9890130573694068
177,1,0.0,1.0,1.0,1.0,1.9788478e-05,0.99999999999997,0.9661344657612108,0.22079190385831754,0.0,0,0.5773437294471109,0.9933071490757153,0.9890130573694068
178,1,0.0,1.0,1.0,1.0,0.000496413,0.99999999999997,0.9662201887770695,0.28680657679738564,0.0,0,0.7861879708552493,0.9933071490757153,0.9890130573694068
179,1,1.0,1.0,1.0,1.0,0.6722389,0.99999999999997,0.966184469287668,0.263145861911294,0.0,0,0.7205492962745909,0.9933071490757153,0.9890130573694068
180,1,1.0,1.0,1.0,1.0,0.9999993,0.99999999999997,0.9661745947575546,0.374543047103899,0.0,0,0.9320203153447704,0.9933071490757153,0.9890130573694068
181,1,1.0,1.0,1.0,1.0,0.9999975,0.99999999999997,0.9662125867568584,0.18930276057791537,0.0,0,0.4599712003255822,0.9933071490757153,0.9890130573694068
182,1,1.0,1.0,1.0,1.0,0.9999995,0.99999999999997,0.9661524076243349,0.6786826664822307,0.0,0,0.9992390943523776,0.9933071490757153,0.9890130573694068
183,1,1.0,1.0,1.0,1.0,0.99997187,0.99999999999997,0.9661101592105292,0.629096018439582,0.0,0,0.9984004630440853,0.9933071490757153,0.9890130573694068
184,1,0.0,1.0,1.0,1.0,8.050141e-11,0.99999999999997,0.966174057928415,0.11462603980986334,0.0,0,0.21744650758456016,0.9933071490757153,0.9890130573694068
185,1,0.0,1.0,1.0,1.0,0.06666243,0.99999999999997,0.966146553782782,0.16219919786096257,0.0,0,0.36192656832208836,0.9933071490757153,0.9890130573694068
186,1,1.0,1.0,1.0,1.0,1.0,0.99999999999997,0.9661724547830697,0.5649981565275682,0.0,0,0.9958271412950417,0.9933071490757153,0.9890130573694068
187,1,1.0,1.0,1.0,1.0,0.99918085,0.99999999999997,0.9662062235850127,0.6648597126538303,0.0,0,0.9990639411289608,0.9933071490757153,0.9890130573694068
188,1,1.0,1.0,1.0,1.0,0.99999666,0.99999999999997,0.9661508161530942,0.5707258341933265,0.0,0,0.9961693680923971,0.9933071490757153,0.9890130573694068
189,1,1.0,1.0,1.0,1.0,0.9990682,0.99999999999997,0.9660472883446292,0.3716698915057328,0.0,0,0.929238368921366,0.9933071490757153,0.9890130573694068
190,1,1.0,1.0,1.0,1.0,1.0,0.99999999999997,0.9661205328124961,0.42680938397903445,0.0,0,0.9677713723787036,0.9933071490757153,0.9890130573694068
191,1,1.0,1.0,1.0,1.0,0.9998765,0.99999999999997,0.9661879815635369,0.3414882010037719,0.0,0,0.8930539999864444,0.9933071490757153,0.9890130573694068
192,1,0.0,1.0,1.0,1.0,7.974753e-11,0.99999999999997,0.9662127329107865,0.10486507360145704,0.0,0,0.19356281929476585,0.9933071490757153,0.9890130573694068
193,1,0.0,1.0,1.0,1.0,0.0011368261,0.99999999999997,0.966180049869676,0.19538343240765385,0.0,0,0.48269478636537905,0.9933071490757153,0.9890130573694068
194,1,1.0,1.0,1.0,1.0,0.8241271,0.99999999999997,0.9661687419054619,0.3664270888535594,0.0,0,0.9238895062409967,0.9933071490757153,0.9890130573694068
195,1,1.0,1.0,1.0,1.0,0.74209046,0.99999999999997,0.9661925370363786,0.6321754602433769,0.0,0,0.9984725575046445,0.9933071490757153,0.9890130573694068
196,1,1.0,1.0,1.0,1.0,0.99996245,0.99999999999997,0.9661007987333277,0.4738127063314143,0.0,0,0.9838124140709986,0.9933071490757153,0.9890130573694068
197,1,1.0,1.0,1.0,1.0,0.99999654,0.99999999999997,0.9662212306505183,0.5272829817361461,0.0,0,0.9926759783782071,0.9933071490757153,0.9890130573694068
198,1,1.0,1.0,1.0,1.0,0.79226243,0.99999999999997,0.9662150252746904,0.2734894415851544,0.0,0,0.7506985981966091,0.9933071490757153,0.9890130573694068
199,1,1.0,1.0,1.0,1.0,1.0,0.99999999999997,0.9661313851263085,0.404441633284138,0.0,0,0.9554948516268809,0.9933071490757153,0.9890130573694068
200,1,0.0,1.0,1.0,1.0,0.09842451,0.99999999999997,0.9661960578415907,0.27951467445952743,0.0,0,0.7672272019462362,0.9933071490757153,0.9890130573694068
201,1,1.0,1.0,1.0,1.0,0.99940014,0.99999999999997,0.966149058506534,0.2007250816993464,0.0,0,0.5027190295692511,0.9933071490757153,0.9890130573694068
202,1,0.0,1.0,1.0,1.0,0.0018907873,0.99999999999997,0.966186097499702,0.1801941560938101,0.0,0,0.42626958313318974,0.9933071490757153,0.9890130573694068
203,1,1.0,1.0,1.0,1.0,0.8943832,0.99999999999997,0.9660858649289997,0.3102456845986258,0.0,0,0.8393885032167766,0.9933071490757153,0.9890130573694068
204,1,1.0,1.0,1.0,1.0,1.0,0.99999999999997,0.9660688063376505,0.6264283299526707,0.0,0,0.99833526789867,0.9933071490757153,0.9890130573694068
205,1,0.0,1.0,1.0,1.0,0.012152148,0.99999999999997,0.966171910201471,0.22584263448969333,0.0,0,0.5957143322418884,0.9933071490757153,0.9890130573694068
206,1,1.0,1.0,1.0,1.0,1.0,0.99999999999997,0.9661124694735652,0.5058295562485121,0.0,0,0.9899237160198948,0.9933071490757153,0.9890130573694068
207,1,0.0,1.0,1.0,1.0,2.9356077e-05,0.99999999999997,0.9660844504931673,0.19939722235737417,0.0,0,0.49773959923943245,0.9933071490757153,0.9890130573694068
208,1,1.0,1.0,1.0,1.0,0.9999999,0.99999999999997,0.9661584673113952,0.4871100713012478,0.0,0,0.9867006438422402,0.9933071490757153,0.9890130573694068
209,1,0.0,1.0,1.0,1.0,8.217274e-09,0.99999999999997,0.9661408339302052,0.10767354068064007,0.0,0,0.20022368915606933,0.9933071490757153,0.9890130573694068
210,1,1.0,1.0,1.0,1.0,0.99999976,0.99999999999997,0.9660758183291143,0.4980288308636927,0.0,0,0.9886870801925037,0.9933071490757153,0.9890130573694068
211,1,1.0,0.9666666666666667,1.0,1.0,0.99665064,0.9876724358148521,0.9186964881331432,0.3189647952204137,0.0,0,0.8562481805842154,0.9933071490757153,0.9890130573694068
212,0,1.0,0.9,1.0,1.0,1.3626498e-11,0.15689837542601198,0.018014405638553773,0.5781347261126673,0.0,0,0.9965708946744912,0.9933071490757153,0.9890130573694068
213,0,1.0,1.0,1.0,1.0,0.00027780893,0.0054885939830625645,0.017974453466899337,0.4583584952941998,0.0,0,0.9796751632935695,0.9933071490757153,0.9890130573694068
214,0,1.0,1.0,1.0,1.0,3.5263696e-08,0.0036132703475729357,0.01798110363784198,0.20093391430646332,0.0,0,0.5035021213768744,0.9933071490757153,0.9890130573694068
215,0,1.0,1.0,1.0,1.0,3.6155352e-08,0.003913380480177782,0.018036184568291015,0.21727768154458232,0.0,0,0.5644310741067903,0.9933071490757153,0.9890130573694068
216,0,1.0,1.0,1.0,1.0,1.712993e-08,0.004476916194743134,0.01798872796868809,0.21828682090119997,0.0,0,0.5681488102410366,0.9933071490757153,0.9890130573694068
217,0,1.0,1.0,1.0,1.0,3.0520189e-06,0.004212021510117621,0.017999566033557342,0.49896805944600064,0.0,0,0.9888435783373988,0.9933071490757153,0.9890130573694068
218,0,1.0,1.0,1.0,1.0,9.445478e-09,0.004456537005740969,0.01799878810331532,0.4958531180753403,0.0,0,0.9883161694117916,0.9933071490757153,0.9890130573694068
219,0,1.0,1.0,1.0,1.0,2.15821e-08,0.0033577575655584797,0.017950552953074923,0.48060903149138445,0.0,0,0.9853583542900111,0.9933071490757153,0.9890130573694068
220,0,1.0,1.0,1.0,1.0,5.1402214e-08,0.003304199324442327,0.018007045404811222,0.3944477565801095,0.0,0,0.9486666263671913,0.9933071490757153,0.9890130573694068
221,0,1.0,1.0,1.0,1.0,3.4053402e-09,0.0034463751910427842,0.017944585952936038,0.21441734636921803,0.0,0,0.5538553180644564,0.9933071490757153,0.9890130573694068
222,0,1.0,1.0,1.0,1.0,0.012215208,0.004364550685832401,0.017967583463333138,0.2926060437670345,0.0,0,0.8004470319603892,0.9933071490757153,0.9890130573694068
223,0,1.0,1.0,1.0,1.0,0.017599821,0.004564308551849185,0.017945675397075166,0.24013637166578344,0.0,0,0.6461241619842534,0.9933071490757153,0.9890130573694068
224,0,1.0,1.0,1.0,1.0,3.4157208e-10,0.004589346822731293,0.018051942955102204,0.524298205614355,0.0,0,0.9923431864062564,0.9933071490757153,0.9890130573694068
225,0,1.0,1.0,1.0,1.0,5.3676186e-10,0.006041888992250476,0.018004694909495158,0.2977365567439097,0.0,0,0.8124560117043202,0.9933071490757153,0.9890130573694068
226,0,1.0,1.0,1.0,1.0,0.07612755,0.004701536381237927,0.018001682916409148,0.6832287581699347,0.0,0,0.9992892163107403,0.9933071490757153,0.9890130573694068
227,0,1.0,1.0,1.0,1.0,7.637972e-07,0.004385238614352077,0.01796727272093079,0.21481683208262728,0.0,0,0.5553355273754428,0.9933071490757153,0.9890130573694068
228,0,1.0,1.0,1.0,1.0,1.1328785e-07,0.005236016584322243,0.01800070022473183,0.423984593837535,0.0,0,0.9664232787331299,0.9933071490757153,0.9890130573694068
229,0,1.0,1.0,1.0,1.0,1.7140966e-09,0.005948287188103728,0.018030868552280185,0.41467803030303035,0.0,0,0.9615863112570144,0.9933071490757153,0.9890130573694068
230,0,1.0,1.0,1.0,1.0,1.7453387e-06,0.0044439001987206335,0.01797167214077762,0.5007447940416476,0.0,0,0.9891337930564923,0.9933071490757153,0.9890130573694068
231,0,1.0,1.0,1.0,1.0,4.651309e-09,0.004391293907283751,0.01798435192436861,0.5511507669132677,0.0,0,0.9948687498928354,0.9933071490757153,0.9890130573694068
232,0,1.0,1.0,1.0,1.0,6.067737e-08,0.003963575256573465,0.01800543093003335,0.1977586602858934,0.0,0,0.4915957676734264,0.9933071490757153,0.9890130573694068
233,0,1.0,1.0,1.0,1.0,8.30804e-06,0.002981944690229471,0.017942633272326227,0.35449940425766374,0.0,0,0.9103153185165461,0.9933071490757153,0.9890130573694068
234,1,0.0,1.0,1.0,0.0,0.009620109,0.5062296353664189,0.49389733927907425,0.2967890006879945,0.0,0,0.8102806832178147,0.9933071490757153,0.9890130573694068
235,1,1.0,1.0,1.0,1.0,0.9996877,0.9999999999935301,0.9697715009504356,0.2638586298717018,0.0,0,0.7226970344831588,0.9933071490757153,0.9890130573694068
236,1,1.0,1.0,1.0,1.0,1.0,0.9999999999997101,0.9698293592965895,0.5070695512247452,0.0,0,0.9901075650318428,0.9933071490757153,0.9890130573694068
237,1,1.0,1.0,1.0,1.0,1.0,0.9999999999999447,0.9698150307683677,0.6736236605404963,0.0,0,0.9991791548603215,0.9933071490757153,0.9890130573694068
238,1,0.0,1.0,1.0,1.0,0.0008597087,0.9999999999992384,0.9697956403186133,0.10342885872297637,0.0,0,0.19022218572803024,0.9933071490757153,0.9890130573694068
239,1,1.0,1.0,1.0,1.0,0.99987745,0.999999999998211,0.9699007204340444,0.38783521489403844,0.0,0,0.9436156993917203,0.9933071490757153,0.9890130573694068
240,1,1.0,1.0,1.0,1.0,0.88840306,0.9999999998530229,0.969868246575822,0.33435954487268627,0.0,0,0.882403812528926,0.9933071490757153,0.9890130573694068
241,1,0.0,1.0,1.0,1.0,0.095023714,0.9999999999551109,0.9698289039015087,0.3148800605513523,0.0,0,0.848540674262514,0.9933071490757153,0.9890130573694068
242,1,1.0,1.0,1.0,1.0,0.97484016,0.999999999845531,0.9698270570447041,0.36691027926322045,0.0,0,0.9243975954953464,0.9933071490757153,0.9890130573694068
243,1,1.0,1.0,1.0,1.0,0.9999993,0.9999999998128989,0.9698606573159558,0.40053189091728647,0.0,0,0.9529332639693732,0.9933071490757153,0.9890130573694068
244,1,0.0,1.0,1.0,1.0,0.2362871,0.9999999996972914,0.9697797915885253,0.5288169427977909,0.0,0,0.9928413832254288,0.9933071490757153,0.9890130573694068
245,1,1.0,1.0,1.0,1.0,0.92379344,0.9999999999845293,0.9698751410136055,0.23832416007338605,0.0,0,0.6398843901093505,0.9933071490757153,0.9890130573694068
246,1,1.0,1.0,1.0,1.0,0.999566,0.9999999999994519,0.9698410822089224,0.39613525072832084,0.0,0,0.9498853903836202,0.9933071490757153,0.9890130573694068
247,1,1.0,1.0,1.0,1.0,1.0,0.9999999999996578,0.9698240721222933,0.39820990757809926,0.0,0,0.9513462228674305,0.9933071490757153,0.9890130573694068
248,1,1.0,1.0,1.0,1.0,0.9999937,0.9999999999993743,0.9698069850303882,0.3708154032880944,0.0,0,0.9283909224468226,0.9933071490757153,0.9890130573694068
249,1,1.0,1.0,1.0,1.0,0.9999763,0.9999999999954015,0.9698726573384635,0.5694464920471113,0.0,0,0.9960954376870494,0.9933071490757153,0.9890130573694068
250,1,0.0,1.0,1.0,1.0,6.920744e-05,0.9999999999790805,0.9697681000545043,0.311257997417167,0.0,0,0.8414250994950653,0.9933071490757153,0.9890130573694068
251,1,0.0,1.0,1.0,1.0,3.4503544e-06,0.9999999999657339,0.9697527418051772,0.2493356357694593,0.0,0,0.6770034083831696,0.9933071490757153,0.9890130573694068
252,1,0.0,1.0,1.0,1.0,0.021542264,0.9999999999134707,0.969852323613467,0.21237225193107548,0.0,0,0.5462632402364036,0.9933071490757153,0.9890130573694068
253,1,1.0,1.0,1.0,1.0,0.97303987,0.9999999998010427,0.9698181165803,0.2860716700473293,0.0,0,0.7843290970782615,0.9933071490757153,0.9890130573694068
254,1,1.0,1.0,1.0,1.0,0.9993753,0.9999999994487664,0.9698175369220486,0.6256924723912554,0.0,0,0.9983168221279682,0.9933071490757153,0.9890130573694068
255,1,1.0,1.0,1.0,1.0,0.9997652,0.9999999999611308,0.9697826586226619,0.553721387544917,0.0,0,0.9950618828448476,0.9933071490757153,0.9890130573694068
256,1,1.0,1.0,1.0,1.0,0.9987502,0.9999999999796343,0.9697918026535282,0.6081670690896769,0.0,0,0.9978118450717749,0.9933071490757153,0.9890130573694068
257,1,1.0,1.0,1.0,1.0,0.99994075,0.9999999999698131,0.9698226746191941,0.49590074413603824,0.0,0,0.9883244158342008,0.9933071490757153,0.9890130573694068
258,1,0.0,1.0,1.0,1.0,0.24901585,0.9999999999246649,0.9697055721315452,0.24620373114889565,0.0,0,0.6666463967304191,0.9933071490757153,0.9890130573694068
259,1,1.0,1.0,1.0,1.0,1.0,0.9999999999958097,0.9698081161274061,0.5715563454563845,0.0,0,0.9962166133963412,0.9933071490757153,0.9890130573694068
260,1,0.0,1.0,1.0,1.0,0.41378,0.9999999999998758,0.9698532358810312,0.3977871064113691,0.0,0,0.9510518308274821,0.9933071490757153,0.9890130573694068
261,1,1.0,1.0,1.0,1.0,1.0,0.9999999999999515,0.9698443671280733,0.6736579793882025,0.0,0,0.9991795769618816,0.9933071490757153,0.9890130573694068
262,1,0.0,1.0,1.0,1.0,4.2552816e-07,0.9999999999999644,0.9698103435708343,0.11419415480796555,0.0,0,0.216346159467426,0.9933071490757153,0.9890130573694068
263,1,1.0,1.0,1.0,1.0,0.9959577,0.99999999999997,0.969841007911633,0.4222136132289234,0.0,0,0.9655505092135732,0.9933071490757153,0.9890130573694068
264,1,0.0,1.0,1.0,1.0,2.5318458e-09,0.9999999999999695,0.9697517303717371,0.11170471409175586,0.0,0,0.21008231916540848,0.9933071490757153,0.9890130573694068
265,1,0.0,1.0,1.0,1.0,0.19379193,0.9999999999999623,0.9698383673972262,0.266439760789606,0.0,0,0.7303888665487375,0.9933071490757153,0.9890130573694068
266,1,0.0,1.0,1.0,1.0,8.202642e-05,0.9999999999999217,0.9698155093927734,0.5302619445711102,0.0,0,0.9929938015276045,0.9933071490757153,0.9890130573694068
267,1,1.0,1.0,1.0,1.0,0.99999726,0.9999999999998633,0.9698203813951548,0.2876924334343123,0.0,0,0.7884131165563557,0.9933071490757153,0.9890130573694068
268,1,1.0,1.0,1.0,1.0,0.9999728,0.9999999999986576,0.9698164967112909,0.30627651873326617,0.0,0,0.8311988667936151,0.9933071490757153,0.9890130573694068
269,1,0.0,1.0,1.0,1.0,0.009903416,0.9999999999988056,0.969834007682715,0.274202356381149,0.0,0,0.7526945605355571,0.9933071490757153,0.9890130573694068
270,1,1.0,1.0,1.0,1.0,0.9363893,0.9999999999998163,0.9697526210813912,0.5039444309959924,0.0,0,0.9896377181337647,0.9933071490757153,0.9890130573694068
271,1,1.0,1.0,1.0,1.0,0.9999901,0.9999999999984321,0.969911483302869,0.22383519755371367,0.0,0,0.5884418922427215,0.9933071490757153,0.9890130573694068
272,1,1.0,1.0,1.0,1.0,1.0,0.9999999999494044,0.9697448942283091,0.557335445962897,0.0,0,0.9953212365896662,0.9933071490757153,0.9890130573694068
273,1,1.0,1.0,1.0,1.0,0.99998164,0.9999999999104864,0.9698019635982412,0.5955120146805959,0.0,0,0.9973556449418439,0.9933071490757153,0.9890130573694068
274,1,1.0,1.0,1.0,1.0,0.9991541,0.9999999999831013,0.9697604664904954,0.3432433942237864,0.0,0,0.8955426425247742,0.9933071490757153,0.9890130573694068
275,1,0.0,1.0,1.0,1.0,0.0950799,0.9999999999987387,0.9698109312882642,0.2713341858482523,0.0,0,0.744599347691337,0.9933071490757153,0.9890130573694068
276,1,0.0,1.0,1.0,1.0,0.012056068,0.9999999999978882,0.9698872105136781,0.5420282186948854,0.0,0,0.9941207137922226,0.9933071490757153,0.9890130573694068
277,1,1.0,1.0,1.0,1.0,0.9999875,0.9999999999912489,0.9697740130024431,0.22210491034020446,0.0,0,0.5821422220331907,0.9933071490757153,0.9890130573694068
278,1,1.0,1.0,1.0,1.0,1.0,0.9999999999980919,0.9697805518146019,0.6071477537375103,0.0,0,0.9977782065998273,0.9933071490757153,0.9890130573694068
279,1,0.0,1.0,1.0,1.0,0.13450278,0.9999999999951676,0.9698222207246483,0.505876449504533,0.0,0,0.9899307298318912,0.9933071490757153,0.9890130573694068
280,1,1.0,1.0,1.0,1.0,0.99941254,0.9999999999672018,0.9697392127150146,0.39514452777949954,0.0,0,0.9491732193630423,0.9933071490757153,0.9890130573694068
281,1,0.0,1.0,1.0,1.0,0.01594416,0.9999999999461184,0.9697737872215378,0.18068508449131288,0.0,0,0.4280715032395632,0.9933071490757153,0.9890130573694068
282,1,1.0,1.0,1.0,1.0,0.99999845,0.9999999998663588,0.9697280673038179,0.3241594535712183,0.0,0,0.8655754887235885,0.9933071490757153,0.9890130573694068
283,1,0.0,1.0,1.0,1.0,0.05396446,0.9999999999633455,0.9698975007843094,0.30311699147744203,0.0,0,0.824444540262596,0.9933071490757153,0.9890130573694068
284,1,1.0,1.0,1.0,1.0,0.9999634,0.9999999999985736,0.9698963207557014,0.5941170304599828,0.0,0,0.9972998804477742,0.9933071490757153,0.9890130573694068
285,1,0.0,1.0,1.0,1.0,1.5628353e-05,0.9999999999997973,0.9698237101058907,0.18121107266435987,0.0,0,0.43000422604537564,0.9933071490757153,0.9890130573694068
286,1,1.0,1.0,1.0,1.0,0.9999336,0.9999999999998443,0.9698849995988528,0.5387909819798365,0.0,0,0.9938299840676396,0.9933071490757153,0.9890130573694068
287,1,1.0,1.0,1.0,1.0,0.99998784,0.999999999996947,0.9698267433305758,0.23795475113122172,0.0,0,0.638606546298154,0.9933071490757153,0.9890130573694068
288,1,1.0,1.0,1.0,1.0,0.9943229,0.872499624396376,0.8428921612302614,0.3301331917702867,0.0,0,0.8756643265538813,0.9933071490757153,0.9890130573694068
289,0,1.0,1.0,1.0,1.0,8.8352444e-08,0.019280683667038143,0.018016832957631825,0.5634169696247293,0.0,0,0.9957274151465502,0.9933071490757153,0.9890130573694068
290,0,1.0,1.0,1.0,1.0,7.868285e-10,0.005689657171985061,0.018019547894543502,0.49961873638344223,0.0,0,0.988950739788577,0.9933071490757153,0.9890130573694068
291,0,1.0,1.0,1.0,1.0,9.873296e-10,0.005484645304558005,0.018006998805248035,0.1547725844150296,0.0,0,0.33661599095082734,0.9933071490757153,0.9890130573694068
292,0,1.0,1.0,1.0,1.0,1.09412035e-07,0.0043255199965321865,0.01800252978065557,0.4817871627283392,0.0,0,0.9856111377525971,0.9933071490757153,0.9890130573694068
293,0,1.0,1.0,1.0,1.0,1.4697797e-08,0.004104869047665708,0.017993899981633994,0.2104261622344411,0.0,0,0.5390186124152613,0.9933071490757153,0.9890130573694068
294,0,1.0,1.0,1.0,1.0,8.190573e-05,0.002413021326220434,0.017982095236984807,0.4184614816748267,0.0,0,0.9636285658619739,0.9933071490757153,0.9890130573694068
295,0,1.0,1.0,1.0,1.0,1.343169e-09,0.0039709710397027274,0.01796636629342529,0.37111961063495164,0.0,0,0.928693691192812,0.9933071490757153,0.9890130573694068
296,0,1.0,1.0,1.0,1.0,0.0022776807,0.005393574989441781,0.017974130617142155,0.5149636066547831,0.0,0,0.9912025247435071,0.9933071490757153,0.9890130573694068
297,0,1.0,1.0,1.0,1.0,9.171264e-05,0.003358483276539106,0.017972855112559263,0.40354876993532457,0.0,0,0.9549218368508503,0.9933071490757153,0.9890130573694068
298,0,1.0,1.0,1.0,1.0,3.3580866e-07,0.0038716048664625183,0.01797878379503293,0.3318798798798799,0.0,0,0.8784889579051716,0.9933071490757153,0.9890130573694068
299,0,1.0,1.0,1.0,1.0,0.417949,0.003944890186594092,0.017927626860470027,0.41161275906373945,0.0,0,0.9598514183313915,0.9933071490757153,0.9890130573694068
300,0,1.0,1.0,1.0,1.0,6.0045004e-11,0.005207731071827077,0.017949622206668295,0.25072053872053873,0.0,0,0.6815291511618197,0.9933071490757153,0.9890130573694068
301,0,1.0,1.0,1.0,1.0,6.9895933e-10,0.003705552213255897,0.01798056955165853,0.6233787741638365,0.0,0,0.9982574847223052,0.9933071490757153,0.9890130573694068
302,0,1.0,1.0,1.0,1.0,4.778994e-11,0.003797421522761795,0.017996227742173306,0.2612960645251008,0.0,0,0.7149281853605284,0.9933071490757153,0.9890130573694068
303,0,1.0,1.0,1.0,1.0,1.5011395e-06,0.005412645051562088,0.017991506238406032,0.6099999130858017,0.0,0,0.9978710575144166,0.9933071490757153,0.9890130573694068
304,0,0.0,1.0,1.0,1.0,0.9983668,0.004029447683005696,0.017994214726683888,0.5693056911049991,0.0,0,0.9960872147826252,0.9933071490757153,0.9890130573694068
305,0,1.0,1.0,1.0,1.0,4.1062995e-07,0.0033057585461047896,0.018016807200294995,0.47404421569892635,0.0,0,0.983867624958479,0.9933071490757153,0.9890130573694068
306,0,1.0,1.0,1.0,1.0,2.52698e-06,0.003902134837680449,0.01793839391213869,0.17891039828756092,0.0,0,0.42156699428261235,0.9933071490757153,0.9890130573694068
307,0,1.0,1.0,1.0,1.0,5.933278e-11,0.0033459082256674234,0.018007851251342973,0.23109423949760086,0.0,0,0.6145345513235672,0.9933071490757153,0.9890130573694068
308,0,1.0,1.0,1.0,1.0,0.0020180417,0.0030487950917702875,0.0179965392938012,0.47111637224549263,0.0,0,0.9831555410846989,0.9933071490757153,0.9890130573694068
309,0,1.0,1.0,1.0,1.0,3.7943818e-10,0.0037823975668101594,0.017959608266117293,0.4881557896790557,0.0,0,0.986904916508764,0.9933071490757153,0.9890130573694068
310,0,1.0,1.0,1.0,1.0,3.7029964e-09,0.003495604619554868,0.017983130475727974,0.3773984161565861,0.0,0,0.934684291044563,0.9933071490757153,0.9890130573694068
311,0,1.0,1.0,1.0,1.0,1.524667e-07,0.004432149975058448,0.017986083804468485,0.49775458570524983,0.0,0,0.988640976349937,0.9933071490757153,0.9890130573694068
312,0,1.0,1.0,1.0,1.0,2.229728e-08,0.004049881228336074,0.018026325026060174,0.2021358480769298,0.0,0,0.5080087452751301,0.9933071490757153,0.9890130573694068
313,0,1.0,1.0,1.0,1.0,6.2340267e-12,0.004035440291643181,0.017990938788652117,0.6726401056876651,0.0,0,0.999166965056273,0.9933071490757153,0.9890130573694068
314,0,1.0,1.0,1.0,1.0,2.431228e-09,0.0042813537012845225,0.017953490505236272,0.4143762370598203,0.0,0,0.9614187464754216,0.9933071490757153,0.9890130573694068
315,0,1.0,1.0,1.0,1.0,2.0291743e-06,0.003733234694379526,0.01795656241905395,0.43635576216302124,0.0,0,0.9719505643864562,0.9933071490757153,0.9890130573694068
316,0,1.0,1.0,1.0,1.0,1.0484871e-05,0.004467690827654494,0.0180092107143929,0.47973856209150323,0.0,0,0.9851687781453833,0.9933071490757153,0.9890130573694068
317,0,1.0,1.0,1.0,1.0,1.0351062e-07,0.005009160054440591,0.017938111058912874,0.5234035204991087,0.0,0,0.9922405399530458,0.9933071490757153,0.9890130573694068
318,0,1.0,0.9833333333333333,1.0,1.0,0.00012831505,0.26923634172986094,0.2525430293820175,0.4184770797207772,0.0,0,0.9636367653065809,0.9933071490757153,0.9890130573694068
319,1,0.0,1.0,1.0,1.0,5.2582327e-05,0.9999999996584872,0.9561725704011167,0.2268988391376451,0.0,0,0.599524100757409,0.9933071490757153,0.9890130573694068
320,1,1.0,1.0,1.0,1.0,0.88052857,0.9999999995641549,0.9560761695527985,0.4860021786492375,0.0,0,0.9864807961921663,0.9933071490757153,0.9890130573694068
321,1,1.0,1.0,1.0,1.0,0.99998295,0.9999999992354371,0.956201220063148,0.5679489882525935,0.0,0,0.9960070929275984,0.9933071490757153,0.9890130573694068
322,1,1.0,1.0,1.0,1.0,0.8647479,0.9999999985252627,0.9561485028094029,0.5282231342149263,0.0,0,0.9927777982520466,0.9933071490757153,0.9890130573694068
323,1,0.0,1.0,1.0,1.0,4.0059626e-07,0.9999999989066646,0.9561111949953872,0.11275102494614689,0.0,0,0.21269866404701895,0.9933071490757153,0.9890130573694068
324,1,1.0,1.0,1.0,1.0,0.98863494,0.9999999994345161,0.9561776389054057,0.37628419090554427,0.0,0,0.9336565035097989,0.9933071490757153,0.9890130573694068
325,1,1.0,1.0,1.0,1.0,0.99999964,0.9999999996383877,0.9560313865237539,0.4180265972653516,0.0,0,0.9633992420760442,0.9933071490757153,0.9890130573694068
326,1,1.0,1.0,1.0,1.0,1.0,0.9999999999156148,0.9560457469775542,0.5014464532932384,0.0,0,0.9892463355390234,0.9933071490757153,0.9890130573694068
327,0,1.0,0.9833333333333333,1.0,1.0,2.3068408e-10,0.5113529924940265,0.45575397216165675,0.38803026018099546,0.0,0,0.9437711586067291,0.9933071490757153,0.9890130573694068
328,1,0.0,1.0,1.0,1.0,0.040784486,0.9182777153085111,0.9104732370115637,0.272009600941826,0.0,0,0.7465212357068007,0.9933071490757153,0.9890130573694068
329,1,1.0,1.0,1.0,1.0,0.999992,0.99999999999997,0.9916059818812971,0.5394916485112563,0.0,0,0.9938940974679791,0.9933071490757153,0.9890130573694068
330,1,1.0,1.0,1.0,1.0,0.9999969,0.99999999999997,0.9916198971748734,0.47336476257169535,0.0,0,0.9837050592369508,0.9933071490757153,0.9890130573694068
331,1,0.0,1.0,1.0,1.0,0.31983474,0.99999999999997,0.9915969578940937,0.2852250622471211,0.0,0,0.7821731975988357,0.9933071490757153,0.9890130573694068
332,1,1.0,1.0,1.0,1.0,0.8433228,0.99999999999997,0.9915840569772292,0.46093446387564035,0.0,0,0.9804304506710677,0.9933071490757153,0.9890130573694068
333,1,1.0,1.0,1.0,1.0,1.0,0.99999999999997,0.9916047810813509,0.654170490891392,0.0,0,0.9989013318829422,0.9933071490757153,0.9890130573694068
334,1,1.0,1.0,1.0,1.0,0.9949773,0.99999999999997,0.9915791514834944,0.3146871358362467,0.0,0,0.8481683804902613,0.9933071490757153,0.9890130573694068
335,1,1.0,1.0,1.0,1.0,0.99999666,0.99999999999997,0.9916148819767195,0.6794624845823103,0.0,0,0.9992479363640436,0.9933071490757153,0.9890130573694068
336,1,1.0,1.0,1.0,1.0,0.9999707,0.99999999999997,0.9915825264543757,0.4012087903296774,0.0,0,0.9533865742546009,0.9933071490757153,0.9890130573694068
337,1,1.0,1.0,1.0,1.0,0.99999976,0.99999999999997,0.9916212473506398,0.47421260170734963,0.0,0,0.983907665649351,0.9933071490757153,0.9890130573694068
338,1,0.0,1.0,1.0,1.0,0.00043090034,0.99999999999997,0.9915959897046261,0.26425952494819066,0.0,0,0.7239005460131932,0.9933071490757153,0.9890130573694068
339,1,1.0,1.0,1.0,1.0,0.99905616,0.99999999999997,0.9916220002296121,0.3949158126899594,0.0,0,0.9490074541145042,0.9933071490757153,0.9890130573694068
340,1,1.0,1.0,1.0,1.0,1.0,0.99999999999997,0.9915859437238697,0.4478654127706969,0.0,0,0.9762927409707377,0.9933071490757153,0.9890130573694068
341,1,1.0,1.0,1.0,1.0,0.98826724,0.99999999999997,0.9915820605355387,0.5516196895424836,0.0,0,0.9949045323829326,0.9933071490757153,0.9890130573694068
342,1,0.0,1.0,1.0,1.0,0.026465038,0.99999999999997,0.991603211181409,0.6042272550708483,0.0,0,0.9976789429705436,0.9933071490757153,0.9890130573694068
343,1,1.0,1.0,1.0,1.0,0.9999764,0.99999999999997,0.9916322854943371,0.5456944834107464,0.0,0,0.9944335581949019,0.9933071490757153,0.9890130573694068
344,1,1.0,1.0,1.0,1.0,0.99999976,0.99999999999997,0.9916009800517771,0.5709804936467341,0.0,0,0.9961839170471931,0.9933071490757153,0.9890130573694068
345,0,1.0,0.6833333333333333,1.0,1.0,7.8859535e-05,0.40369158856213766,0.09912332423006223,0.41601272753569285,0.0,0,0.9623190328213829,0.9933071490757153,0.9890130573694068
346,0,1.0,1.0,1.0,1.0,0.00047457352,0.008946142776212187,0.017976784675597542,0.4159065481574508,0.0,0,0.9622612375424079,0.9933071490757153,0.9890130573694068
347,0,1.0,1.0,1.0,1.0,3.4203232e-10,0.004920536050380169,0.01803191304952603,0.46588697265178464,0.0,0,0.9818060487006148,0.9933071490757153,0.9890130573694068
348,0,1.0,1.0,1.0,1.0,1.1171223e-07,0.003911830273417912,0.01796654307236402,0.20879479997127057,0.0,0,0.5329327518806701,0.9933071490757153,0.9890130573694068
349,0,1.0,1.0,1.0,1.0,1.913753e-09,0.0049852312962834645,0.01798967464797078,0.42202085736255285,0.0,0,0.965454205874299,0.9933071490757153,0.9890130573694068
350,0,1.0,1.0,1.0,1.0,0.00022174425,0.00361265505616864,0.01798603948707037,0.32897908496732026,0.0,0,0.87376721292047,0.9933071490757153,0.9890130573694068
351,0,1.0,1.0,1.0,1.0,2.0248537e-08,0.0041756733922637315,0.017979850367094343,0.16658763142938335,0.0,0,0.3772621056599544,0.9933071490757153,0.9890130573694068
352,0,1.0,1.0,1.0,1.0,2.5825474e-07,0.0044427852686408364,0.01801394476028117,0.4301816522404758,0.0,0,0.9693122957006489,0.9933071490757153,0.9890130573694068
353,0,1.0,1.0,1.0,1.0,2.7946376e-11,0.0037753607628574163,0.018020440254787724,0.5727397341915489,0.0,0,0.9962829316771745,0.9933071490757153,0.9890130573694068
354,0,1.0,1.0,1.0,1.0,5.5174933e-08,0.0033787984245686065,0.017952149061140277,0.45728297524683637,0.0,0,0.9793514330306055,0.9933071490757153,0.9890130573694068
355,0,1.0,1.0,1.0,1.0,2.5012957e-08,0.004103674012773553,0.018005756734071433,0.4072911289771348,0.0,0,0.9572774726038693,0.9933071490757153,0.9890130573694068
356,0,1.0,1.0,1.0,1.0,6.0814997e-09,0.004515759215550516,0.017983877797413138,0.20231258177419692,0.0,0,0.5086713121492474,0.9933071490757153,0.9890130573694068
357,0,1.0,1.0,1.0,1.0,0.00036659936,0.004670108931411218,0.017982819772035846,0.4823756149015665,0.0,0,0.9857357825354295,0.9933071490757153,0.9890130573694068
358,0,1.0,1.0,1.0,1.0,3.4964037e-06,0.006704584777893593,0.017954368887177052,0.3551865565607597,0.0,0,0.9111532677281661,0.9933071490757153,0.9890130573694068
359,0,1.0,1.0,1.0,1.0,1.460396e-08,0.0030724982878020043,0.017970733619774252,0.7659964881474978,0.0,0,0.999794518145086,0.9933071490757153,0.9890130573694068
360,0,1.0,1.0,1.0,1.0,2.3872584e-08,0.004523600791198464,0.01799189556152791,0.4881674618244845,0.0,0,0.9869071790083629,0.9933071490757153,0.9890130573694068
361,0,1.0,1.0,1.0,1.0,1.1327159e-06,0.003092198500189719,0.018006682334226,0.38359845572215817,0.0,0,0.9401375540468597,0.9933071490757153,0.9890130573694068
362,0,1.0,1.0,1.0,1.0,0.004015393,0.004605142157976376,0.01796923537432126,0.34310115519075846,0.0,0,0.8953428855938339,0.9933071490757153,0.9890130573694068
363,0,1.0,1.0,1.0,1.0,0.00032988752,0.003782098668312493,0.01797481643956004,0.6232361880922581,0.0,0,0.9982537603728192,0.9933071490757153,0.9890130573694068
364,0,1.0,1.0,1.0,1.0,4.048737e-07,0.004012613380858879,0.017990730697898243,0.7455252808193985,0.0,0,0.9997206817009474,0.9933071490757153,0.9890130573694068
365,0,1.0,1.0,1.0,1.0,4.675909e-05,0.0038693791843274557,0.018000362992049858,0.3341373586471626,0.0,0,0.8820575364786793,0.9933071490757153,0.9890130573694068
366,0,1.0,1.0,1.0,1.0,2.491059e-12,0.004882968314964364,0.018019046974440837,0.19642004553628453,0.0,0,0.4865783958361657,0.9933071490757153,0.9890130573694068
367,0,1.0,1.0,1.0,1.0,2.0955149e-08,0.003467254959729244,0.017990031518319797,0.46563916858034504,0.0,0,0.9817395320452924,0.9933071490757153,0.9890130573694068
368,0,1.0,1.0,1.0,1.0,0.009415191,0.003019411459676072,0.018002794485749683,0.5495712131006248,0.0,0,0.994746368236818,0.9933071490757153,0.9890130573694068
369,0,1.0,1.0,1.0,1.0,1.0779905e-10,0.0043893715081468766,0.018037662579079388,0.8432315805109923,0.0,0,0.9999354801887111,0.9933071490757153,0.9890130573694068
370,0,1.0,1.0,1.0,1.0,2.6129052e-11,0.0036255692695525564,0.018008920000738404,0.40929217840982546,0.0,0,0.9584883252864582,0.9933071490757153,0.9890130573694068
371,0,1.0,1.0,1.0,1.0,7.1644146e-10,0.005399731912255421,0.018001460134328868,0.4892909746058048,0.0,0,0.9871231619604238,0.9933071490757153,0.9890130573694068
372,0,0.0,1.0,1.0,1.0,0.8192826,0.0031764800981160064,0.01792897197419324,0.4761314681729907,0.0,0,0.984357106541103,0.9933071490757153,0.9890130573694068
373,0,1.0,1.0,1.0,1.0,8.649386e-05,0.005296467417717423,0.017965027430623497,0.44222269455810026,0.0,0,0.9742526867062089,0.9933071490757153,0.9890130573694068
374,0,1.0,1.0,1.0,1.0,3.7579669e-06,0.0035195096967092893,0.01799136749484775,0.5136787584944603,0.0,0,0.99103286417553,0.9933071490757153,0.9890130573694068
375,0,1.0,1.0,1.0,1.0,0.14422202,0.004264555898028319,0.01795773862253944,0.3925564468211527,0.0,0,0.9472673572284783,0.9933071490757153,0.9890130573694068
376,0,1.0,1.0,1.0,1.0,2.495359e-07,0.004175364532077172,0.017985164760908296,0.5552799803306903,0.0,0,0.9951754409634228,0.9933071490757153,0.9890130573694068
377,0,1.0,1.0,1.0,1.0,3.34339e-08,0.005470641779314419,0.01805449983332254,0.8797581398150658,0.0,0,0.9999626959777476,0.9933071490757153,0.9890130573694068
378,0,1.0,1.0,1.0,1.0,0.24010657,0.0031956129824777784,0.017982581218862096,0.6998083042740906,0.0,0,0.9994456304785572,0.9933071490757153,0.9890130573694068
379,0,1.0,1.0,1.0,1.0,0.0010273033,0.0037985957448739413,0.017993233012669013,0.4428333424873217,0.0,0,0.974481457276851,0.9933071490757153,0.9890130573694068
380,1,0.0,1.0,1.0,0.0,0.018990487,0.6512508946879438,0.6291490246066155,0.24245751633986928,0.0,0,0.6540439359558758,0.9933071490757153,0.9890130573694068
381,1,0.0,1.0,1.0,1.0,6.9405985e-05,0.99999999999997,0.9581274390728008,0.17750225377507325,0.0,0,0.41642509998473465,0.9933071490757153,0.9890130573694068
382,1,0.0,1.0,1.0,1.0,1.0018813e-05,0.99999999999997,0.9581378052443783,0.27720291146761733,0.0,0,0.7609770581342696,0.9933071490757153,0.9890130573694068
383,1,1.0,1.0,1.0,1.0,1.0,0.99999999999997,0.9582286572112336,0.4273987770094618,0.0,0,0.968045981964192,0.9933071490757153,0.9890130573694068
384,1,0.0,1.0,1.0,1.0,0.44628733,0.99999999999997,0.9581961309354317,0.29673095115239073,0.0,0,0.8101467912975509,0.9933071490757153,0.9890130573694068
385,1,1.0,1.0,1.0,1.0,0.99999666,0.99999999999997,0.9582242447618879,0.5356759441365199,0.0,0,0.993536752552932,0.9933071490757153,0.9890130573694068
386,1,0.0,1.0,1.0,1.0,5.6116228e-08,0.99999999999997,0.9582611999784342,0.14512569130216188,0.0,0,0.3051029105634222,0.9933071490757153,0.9890130573694068
387,1,0.0,1.0,1.0,1.0,0.042617552,0.99999999999997,0.9581398321373601,0.4236444891346852,0.0,0,0.9662573417265263,0.9933071490757153,0.9890130573694068
388,1,0.0,1.0,1.0,1.0,1.8737627e-08,0.99999999999997,0.9581702285902607,0.1327175750474482,0.0,0,0.26712932013174423,0.9933071490757153,0.9890130573694068
389,1,1.0,1.0,1.0,1.0,0.9999832,0.99999999999997,0.9581935905291715,0.6194166446668427,0.0,0,0.998150981645486,0.9933071490757153,0.9890130573694068
390,1,0.0,1.0,1.0,1.0,0.032174498,0.99999999999997,0.9581146995390957,0.2239606236759937,0.0,0,0.5888974480779119,0.9933071490757153,0.9890130573694068
391,1,1.0,1.0,1.0,1.0,0.9999999,0.99999999999997,0.9581323212777041,0.4618589232649491,0.0,0,0.9806947439331491,0.9933071490757153,0.9890130573694068
392,1,0.0,1.0,1.0,1.0,0.15731962,0.99999999999997,0.958298162410246,0.314776135897193,0.0,0,0.8483402203801441,0.9933071490757153,0.9890130573694068
393,1,0.0,1.0,1.0,1.0,0.0076467968,0.99999999999997,0.9582168885780695,0.4872035931925105,0.0,0,0.9867190398710184,0.9933071490757153,0.9890130573694068
394,1,1.0,1.0,1.0,1.0,1.0,0.99999999999997,0.958192660427365,0.573000266900049,0.0,0,0.9962973759176701,0.9933071490757153,0.9890130573694068
395,1,1.0,1.0,1.0,1.0,0.7464385,0.99999999999997,0.9582540038751751,0.3070262559382023,0.0,0,0.8327708990690167,0.9933071490757153,0.9890130573694068
396,1,0.0,1.0,1.0,1.0,0.00081387797,0.99999999999997,0.958170564996787,0.2635584604212055,0.0,0,0.7217937938049687,0.9933071490757153,0.9890130573694068
397,1,0.0,1.0,1.0,1.0,2.8509783e-05,0.99999999999997,0.9581627172763365,0.24799849170437405,0.0,0,0.6726020349936067,0.9933071490757153,0.9890130573694068
398,1,1.0,1.0,1.0,1.0,1.0,0.99999999999997,0.9581186975237957,0.5135106766017954,0.0,0,0.9910104309483032,0.9933071490757153,0.9890130573694068
399,1,1.0,1.0,1.0,1.0,0.99335456,0.99999999999997,0.9581236462059107,0.595472895040369,0.0,0,0.9973540969000495,0.9933071490757153,0.9890130573694068
400,1,0.0,1.0,1.0,1.0,0.008821193,0.99999999999997,0.9582558133259955,0.6054344919786095,0.0,0,0.9977205007354721,0.9933071490757153,0.9890130573694068
401,1,0.0,1.0,1.0,1.0,0.0210554,0.9999999999999674,0.9583127166663336,0.23821164430684555,0.0,0,0.6394953892633246,0.9933071490757153,0.9890130573694068
402,1,0.0,1.0,1.0,1.0,0.1446824,0.9999999999999647,0.9582534466810958,0.2914337586886606,0.0,0,0.7976234229507424,0.9933071490757153,0.9890130573694068
403,1,0.0,1.0,1.0,1.0,5.3756423e-05,0.99999999999997,0.9581709219597696,0.21324569221628045,0.0,0,0.5495085866070154,0.9933071490757153,0.9890130573694068
404,1,1.0,1.0,1.0,1.0,1.0,0.99999999999997,0.9582200501981029,0.6110471349033441,0.0,0,0.9979041688082828,0.9933071490757153,0.9890130573694068
405,1,1.0,1.0,1.0,1.0,0.9996136,0.9170596807561269,0.8749482645108416,0.39159276083351363,0.0,0,0.9465406017812059,0.9933071490757153,0.9890130573694068
406,1,1.0,1.0,1.0,1.0,0.7025898,0.999999855071944,0.9481759667380147,0.19995492449853505,0.0,0,0.49983096687594597,0.9933071490757153,0.9890130573694068
407,1,1.0,1.0,1.0,1.0,0.99999976,0.99999975083448,0.9482752487601307,0.47789483952785095,0.0,0,0.9847592223770354,0.9933071490757153,0.9890130573694068
408,1,0.0,1.0,1.0,1.0,5.8293266e-05,0.9999996267847171,0.9480845653163957,0.20398646155412198,0.0,0,0.5149447779579297,0.9933071490757153,0.9890130573694068
409,1,0.0,1.0,1.0,1.0,0.05547269,0.9999999110970578,0.9481214601009467,0.28446293245980564,0.0,0,0.7802191600575601,0.9933071490757153,0.9890130573694068
410,1,0.0,1.0,1.0,1.0,6.1878236e-09,0.9999998921332377,0.9482454872234874,0.1090784109548019,0.0,0,0.20361953160591392,0.9933071490757153,0.9890130573694068
411,1,1.0,1.0,1.0,1.0,0.99750453,0.999999997073474,0.9480698614791939,0.4943849860965818,0.0,0,0.9880591207612917,0.9933071490757153,0.9890130573694068
412,1,1.0,1.0,1.0,1.0,0.9878434,0.9999999960201694,0.948110200444887,0.3026838883701629,0.0,0,0.823502275016245,0.9933071490757153,0.9890130573694068
413,0,1.0,0.9833333333333333,1.0,1.0,6.6028663e-09,0.22628215995001488,0.20982993225370947,0.1609270446917506,0.0,0,0.3575314973735458,0.9933071490757153,0.9890130573694068
414,0,1.0,1.0,1.0,1.0,2.847277e-09,0.0054448705830830064,0.01798324135943739,0.46282223034141196,0.0,0,0.9809664202641714,0.9933071490757153,0.9890130573694068
415,0,1.0,1.0,1.0,1.0,2.7193917e-07,0.004943896075580096,0.018026728579272067,0.4694235850368516,0.0,0,0.9827298346039829,0.9933071490757153,0.9890130573694068
416,0,1.0,1.0,1.0,1.0,5.778959e-07,0.0037386929728508286,0.01800890542265237,0.4696494677365074,0.0,0,0.9827872455492803,0.9933071490757153,0.9890130573694068
417,0,1.0,1.0,1.0,1.0,0.16225195,0.004420502468281676,0.018000161195064236,0.3719976330724334,0.0,0,0.9295609444388683,0.9933071490757153,0.9890130573694068
418,0,1.0,1.0,1.0,1.0,1.8682888e-07,0.00421357966588479,0.017980464378068512,0.6023113835291337,0.0,0,0.997611434197779,0.9933071490757153,0.9890130573694068
419,0,1.0,1.0,1.0,1.0,3.4446304e-05,0.0045466318976704065,0.018015608356613276,0.47507055852644087,0.0,0,0.9841101669924429,0.9933071490757153,0.9890130573694068
420,0,1.0,1.0,1.0,1.0,0.07557854,0.004208133704728101,0.01802139107902809,0.3065105877742043,0.0,0,0.8316909180703658,0.9933071490757153,0.9890130573694068
421,0,1.0,1.0,1.0,1.0,0.0034743194,0.0035837970267031025,0.018016135059073513,0.1505259710839266,0.0,0,0.3225428225013932,0.9933071490757153,0.9890130573694068
422,0,1.0,1.0,1.0,1.0,4.546919e-08,0.00469745654956536,0.01798972462007913,0.47025181458895243,0.0,0,0.982939424484127,0.9933071490757153,0.9890130573694068
423,0,1.0,1.0,1.0,1.0,3.3843367e-08,0.004867509254074708,0.017984401123869644,0.5444571627100453,0.0,0,0.9943298726670302,0.9933071490757153,0.9890130573694068
424,0,1.0,1.0,1.0,1.0,3.3921407e-07,0.004278768283855453,0.018022394061697044,0.4407250816993464,0.0,0,0.973683142344074,0.9933071490757153,0.9890130573694068
425,0,1.0,1.0,1.0,1.0,2.103678e-06,0.004337945595839391,0.018044297605770088,0.16939777147389604,0.0,0,0.38721514666414897,0.9933071490757153,0.9890130573694068
426,0,1.0,1.0,1.0,1.0,1.7530125e-09,0.003398221692251313,0.01802481975265863,0.2858997357808371,0.0,0,0.7838925190031266,0.9933071490757153,0.9890130573694068
427,0,1.0,1.0,1.0,1.0,6.612475e-06,0.003183645702152169,0.01800825185099084,0.34562618260453704,0.0,0,0.8988391923653257,0.9933071490757153,0.9890130573694068
428,0,1.0,1.0,1.0,1.0,1.5789418e-11,0.003678332374824968,0.017969775515720026,0.6405526045423743,0.0,0,0.9986526792623651,0.9933071490757153,0.9890130573694068
429,0,1.0,1.0,1.0,1.0,5.662856e-07,0.0038522372005864794,0.018019192655888968,0.5136846405228759,0.0,0,0.9910336482212109,0.9933071490757153,0.9890130573694068
430,0,1.0,1.0,1.0,1.0,6.636581e-08,0.003541948240627935,0.01797994083766772,0.4464399092970522,0.0,0,0.9757927641013013,0.9933071490757153,0.9890130573694068
431,0,1.0,1.0,1.0,1.0,2.4812143e-05,0.0030505399316434812,0.018068662532279664,0.4836715638636407,0.0,0,0.9860065475628564,0.9933071490757153,0.9890130573694068
432,0,1.0,1.0,1.0,1.0,1.336754e-09,0.0032922596184899303,0.017977031897096776,0.18463825119587723,0.0,0,0.4426469868510572,0.9933071490757153,0.9890130573694068
433,0,1.0,1.0,1.0,1.0,1.7749643e-07,0.004963188010626893,0.017975980637628817,0.24973340213278294,0.0,0,0.6783067204293872,0.9933071490757153,0.9890130573694068
434,0,1.0,1.0,1.0,1.0,4.8756923e-09,0.004239613572272579,0.018010116110407207,0.5069996326561731,0.0,0,0.9900972874103001,0.9933071490757153,0.9890130573694068
435,0,1.0,1.0,1.0,1.0,1.4999868e-08,0.0051622716281887115,0.01801208704589729,0.3174841799568891,0.0,0,0.8534928208838956,0.9933071490757153,0.9890130573694068
436,0,1.0,1.0,1.0,1.0,3.71501e-08,0.004034255494048284,0.017980227599461527,0.40678149273893954,0.0,0,0.9569637361185278,0.9933071490757153,0.9890130573694068
437,0,1.0,1.0,1.0,1.0,8.176788e-11,0.0032920243619387448,0.017980900226465046,0.49908739553612985,0.0,0,0.9888633087243376,0.9933071490757153,0.9890130573694068
438,0,1.0,1.0,1.0,1.0,1.2758184e-06,0.004849109038109082,0.0179753270232829,0.4242956784703931,0.0,0,0.9665743669176581,0.9933071490757153,0.9890130573694068
439,0,0.0,1.0,1.0,1.0,0.99028337,0.004123163776219212,0.01799247768403229,0.5708760930214217,0.0,0,0.9961779592022911,0.9933071490757153,0.9890130573694068
440,0,1.0,1.0,1.0,1.0,1.9929457e-05,0.005636198619277982,0.018014581193015015,0.4759770574896625,0.0,0,0.984321401818427,0.9933071490757153,0.9890130573694068
441,0,1.0,1.0,1.0,1.0,6.9941996e-07,0.0038757676994465155,0.017958434346923468,0.45046306572943645,0.0,0,0.9771780477941657,0.9933071490757153,0.9890130573694068
442,0,1.0,1.0,1.0,1.0,5.465085e-05,0.004083215722085569,0.0180251910001276,0.19902625778993768,0.0,0,0.4963485316287912,0.9933071490757153,0.9890130573694068
443,0,1.0,1.0,1.0,1.0,0.11316086,0.0036352855341574074,0.01800302300842843,0.28826778574677736,0.0,0,0.7898492188040779,0.9933071490757153,0.9890130573694068
444,0,1.0,1.0,1.0,1.0,1.8314221e-08,0.004225155176597406,0.017961690053128636,0.2586207143676184,0.0,0,0.7066793640532397,0.9933071490757153,0.9890130573694068
445,0,1.0,1.0,1.0,1.0,4.2151342e-07,0.0038438640105843557,0.01794396562819904,0.24031231231231232,0.0,0,0.6467273554597794,0.9933071490757153,0.9890130573694068
446,0,1.0,1.0,1.0,1.0,0.01701811,0.004154365020966081,0.017975949815738437,0.3296431165058616,0.0,0,0.874861749983416,0.9933071490757153,0.9890130573694068
447,0,1.0,1.0,1.0,1.0,1.7675633e-06,0.005063894220864639,0.017979957654638296,0.3900137425561155,0.0,0,0.9453293373587979,0.9933071490757153,0.9890130573694068
448,0,1.0,1.0,1.0,1.0,6.206822e-08,0.003550060370257819,0.018031667429830867,0.619572192513369,0.0,0,0.9981552828296745,0.9933071490757153,0.9890130573694068
449,0,1.0,1.0,1.0,1.0,2.221526e-06,0.0047057882255915,0.017964044585696927,0.6459890245406338,0.0,0,0.9987580568669249,0.9933071490757153,0.9890130573694068
450,0,1.0,1.0,1.0,1.0,1.7392892e-07,0.00513970667142272,0.018006713233735278,0.6033649185351971,0.0,0,0.9976487960207504,0.9933071490757153,0.9890130573694068
451,0,1.0,1.0,1.0,1.0,5.21953e-10,0.0037926093391353185,0.01792075611911205,0.19561229490290546,0.0,0,0.4835520427451046,0.9933071490757153,0.9890130573694068
452,0,1.0,1.0,1.0,1.0,2.5581818e-07,0.005565508719409971,0.017962207529175826,0.5599991442294321,0.0,0,0.9955036693815297,0.9933071490757153,0.9890130573694068
453,0,1.0,1.0,1.0,1.0,0.0001584601,0.0028678887118715494,0.01804978399978394,0.19249039667783435,0.0,0,0.4718687269845847,0.9933071490757153,0.9890130573694068
454,0,1.0,1.0,1.0,1.0,1.91061e-08,0.0035958826843732034,0.01799842832266489,0.42678524112347643,0.0,0,0.9677600752506961,0.9933071490757153,0.9890130573694068
455,0,1.0,1.0,1.0,1.0,5.6296226e-08,0.003727198292595179,0.01800603549014892,0.4719739253726182,0.0,0,0.9833672479117678,0.9933071490757153,0.9890130573694068
456,0,1.0,1.0,1.0,1.0,1.3432151e-05,0.004055880705061773,0.017967122146143304,0.5166480156992491,0.0,0,0.9914201351663461,0.9933071490757153,0.9890130573694068
457,0,1.0,1.0,1.0,1.0,1.15062434e-07,0.005665626491895811,0.017960380444958526,0.7058861044417768,0.0,0,0.9994939108831109,0.9933071490757153,0.9890130573694068
458,0,1.0,1.0,1.0,1.0,1.8789775e-07,0.002760282559644257,0.01799033095404804,0.35280195411497933,0.0,0,0.9082147551360316,0.9933071490757153,0.9890130573694068
459,0,1.0,1.0,1.0,1.0,0.0003195422,0.004251530863475506,0.017991438431924526,0.3618437908496732,0.0,0,0.9189121107206271,0.9933071490757153,0.9890130573694068
460,0,1.0,1.0,1.0,1.0,0.018610403,0.004220653777175651,0.01798716833736389,0.4179335734293717,0.0,0,0.9633500083481619,0.9933071490757153,0.9890130573694068
461,0,1.0,1.0,1.0,1.0,1.6758815e-06,0.0039166605765717346,0.01798923132070614,0.5439067142008318,0.0,0,0.9942831309134776,0.9933071490757153,0.9890130573694068
462,0,1.0,1.0,1.0,1.0,7.123999e-10,0.005434734952388266,0.017948270975246323,0.47831922624122114,0.0,0,0.9848544692313624,0.9933071490757153,0.9890130573694068
463,0,1.0,1.0,1.0,1.0,0.06681412,0.004033907573868363,0.017982618107705232,0.32278669043374925,0.0,0,0.8631614933126446,0.9933071490757153,0.9890130573694068
464,1,0.0,1.0,1.0,0.0,6.6484006e-07,0.6513193900448276,0.6331944702629176,0.22478396807440926,0.0,0,0.5918840722493506,0.9933071490757153,0.9890130573694068
465,0,1.0,1.0,1.0,1.0,7.84834e-09,0.4855863109778401,0.4754927916493466,0.15003662384494026,0.0,0,0.3209410148924061,0.9933071490757153,0.9890130573694068
466,0,1.0,1.0,1.0,1.0,0.00061342743,0.005079809841304739,0.017965628779471544,0.4299030648295354,0.0,0,0.9691877488368538,0.9933071490757153,0.9890130573694068
467,0,1.0,1.0,1.0,1.0,3.1982247e-11,0.0075173899982377895,0.018057371111110308,0.6096575943810361,0.0,0,0.9978601212005581,0.9933071490757153,0.9890130573694068
468,0,1.0,1.0,1.0,1.0,8.6779084e-10,0.004904204128328024,0.017968556646253967,0.1292416125512649,0.0,0,0.25704662308804477,0.9933071490757153,0.9890130573694068
469,0,1.0,1.0,1.0,1.0,5.2871463e-09,0.00389024694938459,0.017944452527849743,0.39530015155479187,0.0,0,0.9492857186979577,0.9933071490757153,0.9890130573694068
470,0,1.0,1.0,1.0,1.0,4.3998834e-06,0.003172840892833431,0.017992123983789632,0.4665699174406605,0.0,0,0.9819881393019569,0.9933071490757153,0.9890130573694068
471,1,1.0,1.0,1.0,1.0,0.96524096,0.9833452707456894,0.9116706837289251,0.32405260757913934,0.0,0,0.865388899160713,0.9933071490757153,0.9890130573694068
472,1,0.0,1.0,1.0,1.0,1.3705553e-05,0.9999999998223896,0.9269411923151502,0.16185328832387655,0.0,0,0.36072918577098423,0.9933071490757153,0.9890130573694068
473,1,1.0,1.0,1.0,1.0,0.99983096,0.9999999999911698,0.9269394545120674,0.5691431907750694,0.0,0,0.9960777031703466,0.9933071490757153,0.9890130573694068
474,1,0.0,1.0,1.0,1.0,1.1505509e-05,0.9999999999966948,0.9268792868018156,0.22947322212467075,0.0,0,0.6087589074901911,0.9933071490757153,0.9890130573694068
475,1,1.0,1.0,1.0,1.0,1.0,0.999999999998812,0.9268797592879728,0.5024742937191637,0.0,0,0.9894091173043624,0.9933071490757153,0.9890130573694068
476,1,1.0,1.0,1.0,1.0,1.0,0.9999999999970597,0.9272055591114191,0.6869432250512145,0.0,0,0.9993277100866298,0.9933071490757153,0.9890130573694068
477,1,1.0,1.0,1.0,1.0,0.9999999,0.9999999999998053,0.9268746506802796,0.5359110885733603,0.0,0,0.9935593627778069,0.9933071490757153,0.9890130573694068
478,1,1.0,1.0,1.0,1.0,1.0,0.9999999999998699,0.9270830737174964,0.2595816993464052,0.0,0,0.7096583842373656,0.9933071490757153,0.9890130573694068
479,1,1.0,1.0,1.0,1.0,0.9999713,0.9999999999988058,0.9269479705628444,0.4809400639688499,0.0,0,0.9854298203207742,0.9933071490757153,0.9890130573694068
480,1,1.0,1.0,1.0,1.0,1.0,0.9999999999916681,0.9269714580599845,0.39158198973214187,0.0,0,0.9465324256845203,0.9933071490757153,0.9890130573694068
481,1,1.0,1.0,1.0,1.0,0.99997485,0.9999999999988548,0.9269079836979419,0.5164361979870001,0.0,0,0.991393066305933,0.9933071490757153,0.9890130573694068
482,1,1.0,1.0,1.0,1.0,1.0,0.9999999999891169,0.9269810646718621,0.5007031614582097,0.0,0,0.9891270789179789,0.9933071490757153,0.9890130573694068
483,1,1.0,1.0,1.0,1.0,0.6735926,0.9999999999992906,0.9268679326875506,0.3193095536086775,0.0,0,0.8568835389970269,0.9933071490757153,0.9890130573694068
484,1,1.0,1.0,1.0,1.0,0.9999963,0.9999999999999166,0.9271441656381206,0.5144641189809257,0.0,0,0.9911369501349219,0.9933071490757153,0.9890130573694068
485,1,1.0,1.0,1.0,1.0,1.0,0.9999999999999574,0.9270385041706033,0.448380240985283,0.0,0,0.9764708223008804,0.9933071490757153,0.9890130573694068
486,1,1.0,1.0,1.0,1.0,1.0,0.9999999999999661,0.9269831940966282,0.6018887848897209,0.0,0,0.997596281547344,0.9933071490757153,0.9890130573694068
487,1,1.0,1.0,1.0,1.0,0.9890884,0.999999999999806,0.9270539306866854,0.12384651064726966,0.0,0,0.24189789936650657,0.9933071490757153,0.9890130573694068
488,1,0.0,1.0,1.0,1.0,1.033345e-05,0.9999999999997706,0.9268416628267443,0.13371719057993567,0.0,0,0.270074990071185,0.9933071490757153,0.9890130573694068
489,1,1.0,1.0,1.0,1.0,0.5493707,0.9999999999997374,0.9269915332491975,0.20232910103932283,0.0,0,0.5087332406284266,0.9933071490757153,0.9890130573694068
490,1,0.0,1.0,1.0,1.0,0.44459397,0.9999999999967778,0.9269061572905966,0.1621852358514465,0.0,0,0.36187820481841304,0.9933071490757153,0.9890130573694068
491,1,1.0,1.0,1.0,1.0,0.99998605,0.9999999999954327,0.926891907716317,0.551531862745098,0.0,0,0.9948978494524255,0.9933071490757153,0.9890130573694068
492,1,1.0,1.0,1.0,1.0,0.9971021,0.9999999999994214,0.9269151894572828,0.7613414357991258,0.0,0,0.9997796606941841,0.9933071490757153,0.9890130573694068
493,1,0.0,1.0,1.0,1.0,4.0836248e-10,0.9999999999992728,0.927083284766613,0.18319393485093566,0.0,0,0.4373089054398364,0.9933071490757153,0.9890130573694068
494,1,0.0,1.0,1.0,1.0,0.0062912437,0.9999999999996781,0.9270640981510838,0.18306511740498668,0.0,0,0.4368334918783247,0.9933071490757153,0.9890130573694068
495,1,0.0,1.0,1.0,1.0,0.00018446153,0.9999999999999053,0.9268772781851997,0.2684601081812035,0.0,0,0.7363147699919982,0.9933071490757153,0.9890130573694068
496,1,1.0,1.0,1.0,1.0,1.0,0.9999999999983559,0.9270765211994495,0.49652717652717654,0.0,0,0.9884323483277447,0.9933071490757153,0.9890130573694068
497,1,0.0,1.0,1.0,1.0,0.03831389,0.9999999999995215,0.9269736780851425,0.12548513598987981,0.0,0,0.24643389529375861,0.9933071490757153,0.9890130573694068
498,1,1.0,1.0,1.0,1.0,0.95750636,0.9999999999989899,0.9270742126624592,0.5077739827113641,0.0,0,0.9902105249766301,0.9933071490757153,0.9890130573694068
499,1,1.0,1.0,1.0,1.0,0.9158054,0.9999999999735601,0.9271148278266743,0.5178774928774929,0.0,0,0.9915755954648012,0.9933071490757153,0.9890130573694068
500,1,0.0,1.0,1.0,1.0,3.476042e-05,0.9999999999907145,0.9268324877915092,0.19681033096309655,0.0,0,0.48804102234648933,0.9933071490757153,0.9890130573694068
501,1,1.0,1.0,1.0,1.0,1.0,0.9999999999987695,0.9268236523204857,0.5588460671624972,0.0,0,0.9954255825402386,0.9933071490757153,0.9890130573694068
502,1,1.0,1.0,1.0,1.0,0.65739095,0.9999999999983099,0.9269792579237728,0.3168590367589116,0.0,0,0.8523163848295745,0.9933071490757153,0.9890130573694068
503,1,1.0,1.0,1.0,1.0,0.9998049,0.9999999999998987,0.9270825617464958,0.23098206804089158,0.0,0,0.6141359038831148,0.9933071490757153,0.9890130573694068
504,1,0.0,1.0,1.0,1.0,3.930477e-08,0.9999999999999455,0.9268344776981797,0.2427682424972398,0.0,0,0.6550977996780858,0.9933071490757153,0.9890130573694068
505,1,1.0,1.0,1.0,1.0,0.9983512,0.9999999999997894,0.9271665184034741,0.3257903878397237,0.0,0,0.8683966170591123,0.9933071490757153,0.9890130573694068
506,1,1.0,1.0,1.0,1.0,0.99579763,0.9999999999999416,0.9270129979651043,0.31735891489212176,0.0,0,0.8532577123282216,0.9933071490757153,0.9890130573694068
507,1,1.0,1.0,1.0,1.0,0.99999595,0.999999999999961,0.9269484343406625,0.5261539241019405,0.0,0,0.9925518151650833,0.9933071490757153,0.9890130573694068
508,1,1.0,1.0,1.0,1.0,0.99999845,0.999999999999959,0.926946540885524,0.5310576518188974,0.0,0,0.9930763521672047,0.9933071490757153,0.9890130573694068
509,1,1.0,1.0,1.0,1.0,0.9999999,0.9999999999999676,0.9269971911233277,0.43117322766137517,0.0,0,0.9697516513102402,0.9933071490757153,0.9890130573694068
510,1,0.0,1.0,1.0,1.0,0.00029166022,0.999999999999965,0.9270566452244234,0.22185143288084466,0.0,0,0.5812170482233463,0.9933071490757153,0.9890130573694068
511,1,1.0,1.0,1.0,1.0,0.9999839,0.9999999999999639,0.9268429727512492,0.5735283968659928,0.0,0,0.996326484715628,0.9933071490757153,0.9890130573694068
512,1,0.0,1.0,1.0,1.0,4.186189e-05,0.99999999999997,0.9269479777335174,0.23265907386742712,0.0,0,0.6200796019341092,0.9933071490757153,0.9890130573694068
513,1,0.0,1.0,1.0,1.0,4.5720424e-12,0.9999999999999697,0.926981839197224,0.11497363339275103,0.0,0,0.21833503078440503,0.9933071490757153,0.9890130573694068
514,1,0.0,1.0,1.0,1.0,0.3149333,0.99999999999997,0.926922888649139,0.3334267549536636,0.0,0,0.8809441295472207,0.9933071490757153,0.9890130573694068
515,1,1.0,1.0,1.0,1.0,0.99880874,0.99999999999997,0.9270929302319076,0.2663144268060862,0.0,0,0.7300184928922053,0.9933071490757153,0.9890130573694068
516,1,0.0,1.0,1.0,1.0,0.15927206,0.99999999999997,0.9270960567296775,0.4004430901489725,0.0,0,0.9528734852535001,0.9933071490757153,0.9890130573694068
517,1,0.0,1.0,1.0,1.0,0.08145013,0.99999999999997,0.9269879863262261,0.2042985452245414,0.0,0,0.5161139622489502,0.9933071490757153,0.9890130573694068
518,1,1.0,1.0,1.0,1.0,0.9999926,0.99999999999997,0.9268831768836581,0.43825266608623853,0.0,0,0.9727159544125656,0.9933071490757153,0.9890130573694068
519,1,1.0,1.0,1.0,1.0,1.0,0.99999999999997,0.9270516430272692,0.49990059263415665,0.0,0,0.9889968428000929,0.9933071490757153,0.9890130573694068
520,1,1.0,1.0,1.0,1.0,0.9999993,0.99999999999997,0.9267422664976411,0.43231075216972037,0.0,0,0.9702481711868599,0.9933071490757153,0.9890130573694068
521,1,0.0,1.0,1.0,1.0,0.18421403,0.99999999999997,0.9268722004772659,0.31361261090587605,0.0,0,0.8460810721331246,0.9933071490757153,0.9890130573694068
522,1,1.0,1.0,1.0,1.0,1.0,0.99999999999997,0.9268071030980614,0.5670041437054125,0.0,0,0.9959503306656314,0.9933071490757153,0.9890130573694068
523,1,1.0,1.0,1.0,1.0,0.9855434,0.99999999999997,0.9270406552260763,0.4024631636280243,0.0,0,0.9542156539305643,0.9933071490757153,0.9890130573694068
524,1,1.0,1.0,1.0,1.0,0.99997985,0.99999999999997,0.926928899367866,0.6642449463204588,0.0,0,0.9990552775372344,0.9933071490757153,0.9890130573694068
525,1,1.0,1.0,1.0,1.0,0.99988437,0.99999999999997,0.9268810580504666,0.2866080126720968,0.0,0,0.7856868752373187,0.9933071490757153,0.9890130573694068
526,1,1.0,1.0,1.0,1.0,0.99645257,0.99999999999997,0.9268548710169081,0.3305522402197594,0.0,0,0.8763470788639088,0.9933071490757153,0.9890130573694068
527,1,1.0,1.0,1.0,1.0,0.64768356,0.99999999999997,0.9268446830208756,0.12527008222643896,0.0,0,0.24583533949962683,0.9933071490757153,0.9890130573694068
528,1,0.0,1.0,1.0,1.0,0.256988,0.99999999999997,0.926992377074672,0.31217176929251234,0.0,0,0.8432454060434206,0.9933071490757153,0.9890130573694068
529,1,1.0,1.0,1.0,1.0,0.99999905,0.99999999999997,0.9268144498587568,0.3261797905616755,0.0,0,0.8690627189502218,0.9933071490757153,0.9890130573694068
530,1,0.0,1.0,1.0,1.0,0.0012106051,0.99999999999997,0.926903746750327,0.21949483449293694,0.0,0,0.5725891015880514,0.9933071490757153,0.9890130573694068
531,1,1.0,1.0,1.0,1.0,0.98962396,0.99999999999997,0.926864051769046,0.28654241653088247,0.0,0,0.7855211495304419,0.9933071490757153,0.9890130573694068
532,1,1.0,1.0,1.0,1.0,0.99999917,0.99999999999997,0.9269826078488029,0.421343309253526,0.0,0,0.9651136300543474,0.9933071490757153,0.9890130573694068
533,1,0.0,1.0,1.0,1.0,8.835866e-07,0.99999999999997,0.9269161150066361,0.09844337090713902,0.0,0,0.17896882730141156,0.9933071490757153,0.9890130573694068
534,1,1.0,1.0,1.0,1.0,0.99999917,0.99999999999997,0.9271639202909302,0.6273354236589531,0.0,0,0.9983577285687109,0.9933071490757153,0.9890130573694068
535,1,0.0,1.0,1.0,1.0,3.7226396e-06,0.99999999999997,0.9270491735357935,0.18738036881419234,0.0,0,0.4528171884154398,0.9933071490757153,0.9890130573694068
536,1,1.0,1.0,1.0,1.0,0.99999976,0.99999999999997,0.9270206104849357,0.3996940500338066,0.0,0,0.952366368715794,0.9933071490757153,0.9890130573694068
537,1,1.0,1.0,1.0,1.0,0.77110237,0.99999999999997,0.9269313594218039,0.18256664969467737,0.0,0,0.43499494821908463,0.9933071490757153,0.9890130573694068
538,1,1.0,1.0,1.0,1.0,0.9640375,0.99999999999997,0.9268681868241712,0.22708282967091228,0.0,0,0.6001865463589934,0.9933071490757153,0.9890130573694068
539,1,1.0,1.0,1.0,1.0,0.99999,0.99999999999997,0.9269066826563502,0.35277325289089995,0.0,0,0.9081788605104776,0.9933071490757153,0.9890130573694068
540,1,1.0,1.0,1.0,1.0,0.73404145,0.9999999999999699,0.9268795980900258,0.3127072887617341,0.0,0,0.8443042760796216,0.9933071490757153,0.9890130573694068
541,1,1.0,1.0,1.0,1.0,0.9991487,0.99999999999997,0.9269835482133215,0.40243044059399874,0.0,0,0.954194205021726,0.9933071490757153,0.9890130573694068
542,1,1.0,1.0,1.0,1.0,0.9926519,0.99999999999997,0.9268638272645698,0.31333232000810657,0.0,0,0.8455327497145664,0.9933071490757153,0.9890130573694068
543,1,1.0,1.0,1.0,1.0,0.9834447,0.99999999999997,0.9269155615335865,0.301783573610199,0.0,0,0.8215308311267396,0.9933071490757153,0.9890130573694068
544,1,0.0,1.0,1.0,1.0,2.1368965e-05,0.9999999999999473,0.926907523643315,0.08179732200039869,0.0,0,0.1451646613976981,0.9933071490757153,0.9890130573694068
545,1,1.0,1.0,1.0,1.0,0.99994516,0.99999999999997,0.9270532438529459,0.40767132507926385,0.0,0,0.9575101003057819,0.9933071490757153,0.9890130573694068
546,1,1.0,1.0,1.0,1.0,1.0,0.9999999999999699,0.9269429834954729,0.4260543840177581,0.0,0,0.9674162689212983,0.9933071490757153,0.9890130573694068
547,1,1.0,1.0,1.0,1.0,0.9999999,0.99999999999997,0.9271004595245713,0.5461475812895691,0.0,0,0.9944710536051061,0.9933071490757153,0.9890130573694068
548,1,0.0,1.0,1.0,1.0,0.0038944895,0.99999999999997,0.9268536294139581,0.318687474989996,0.0,0,0.8557354027259282,0.9933071490757153,0.9890130573694068
549,1,0.0,1.0,1.0,1.0,0.14221658,0.99999999999997,0.9269076391249749,0.3291072420253504,0.0,0,0.8739790927600882,0.9933071490757153,0.9890130573694068
550,1,1.0,1.0,1.0,1.0,0.99495655,0.999999999999935,0.9270864417763699,0.5279495364037087,0.0,0,0.9927483130490943,0.9933071490757153,0.9890130573694068
551,1,1.0,1.0,1.0,1.0,0.99995446,0.9999999999997117,0.9268119860637261,0.6263793204969675,0.0,0,0.9983340456740768,0.9933071490757153,0.9890130573694068
552,1,1.0,1.0,1.0,1.0,0.99990225,0.9999999999998967,0.9268406197498095,0.3095424836601307,0.0,0,0.8379613722988796,0.9933071490757153,0.9890130573694068
553,1,1.0,1.0,1.0,1.0,0.999908,0.99999999999997,0.9269015184359483,0.2962999509118681,0.0,0,0.8091504214144962,0.9933071490757153,0.9890130573694068
554,1,1.0,1.0,1.0,1.0,0.9989574,0.99999999999997,0.9268900449679,0.5248937908496731,0.0,0,0.9924107692128943,0.9933071490757153,0.9890130573694068
555,1,1.0,1.0,1.0,1.0,0.99999833,0.99999999999997,0.9269172004269621,0.4356198400412797,0.0,0,0.9716480434182879,0.9933071490757153,0.9890130573694068
556,1,1.0,1.0,1.0,1.0,0.6174251,0.99999999999997,0.9269911305076225,0.30634819632981397,0.0,0,0.8313496664424426,0.9933071490757153,0.9890130573694068
557,1,1.0,1.0,1.0,1.0,0.88181496,0.99999999999997,0.926972932075581,0.3191143123916233,0.0,0,0.8565240149081706,0.9933071490757153,0.9890130573694068
558,1,0.0,1.0,1.0,1.0,1.6880282e-05,0.99999999999997,0.926898401290384,0.11980292116846739,0.0,0,0.23094974557933204,0.9933071490757153,0.9890130573694068
559,1,1.0,1.0,1.0,1.0,0.9998191,0.99999999999997,0.9271097791860431,0.550306001188354,0.0,0,0.9948036556494257,0.9933071490757153,0.9890130573694068
560,1,0.0,1.0,1.0,1.0,0.124377415,0.99999999999997,0.9270423141205681,0.3323805712761295,0.0,0,0.8792883845767211,0.9933071490757153,0.9890130573694068
561,1,1.0,1.0,1.0,1.0,0.9949334,0.99999999999997,0.927117590470343,0.27702515349574175,0.0,0,0.7604917321396168,0.9933071490757153,0.9890130573694068
562,1,1.0,1.0,1.0,1.0,0.99985874,0.99999999999997,0.9270734051222836,0.653957451317545,0.0,0,0.9988978192462827,0.9933071490757153,0.9890130573694068
563,1,1.0,1.0,1.0,1.0,0.99999833,0.99999999999997,0.9268700400796865,0.4263247447739426,0.0,0,0.9675438616902964,0.9933071490757153,0.9890130573694068
564,1,1.0,1.0,1.0,1.0,1.0,0.99999999999997,0.9267754755027661,0.6058584065810233,0.0,0,0.9977349167169846,0.9933071490757153,0.9890130573694068
565,1,1.0,1.0,1.0,1.0,0.8184697,0.99999999999997,0.9269241308979818,0.2004671717171717,0.0,0,0.5017518867703699,0.9933071490757153,0.9890130573694068
566,1,1.0,1.0,1.0,1.0,0.99134165,0.99999999999997,0.92696860767903,0.6676076966734406,0.0,0,0.9991017068963872,0.9933071490757153,0.9890130573694068
567,1,0.0,1.0,1.0,1.0,0.06874281,0.99999999999997,0.9269933102566986,0.27176737361611314,0.0,0,0.745833079802838,0.9933071490757153,0.9890130573694068
568,1,1.0,1.0,1.0,1.0,1.0,0.99999999999997,0.9268900689160098,0.5557499174754076,0.0,0,0.9952091676162232,0.9933071490757153,0.9890130573694068
569,1,0.0,1.0,1.0,1.0,6.0497624e-10,0.99999999999997,0.9269641974964026,0.12998022015823874,0.0,0,0.2591681308000442,0.9933071490757153,0.9890130573694068
570,1,0.0,1.0,1.0,1.0,0.00055784394,0.99999999999997,0.9270811584043886,0.0803055695212558,0.0,0,0.142409932998399,0.9933071490757153,0.9890130573694068
571,1,1.0,1.0,1.0,1.0,0.9995074,0.99999999999997,0.9270355774391571,0.2909730352905289,0.0,0,0.7965055765543998,0.9933071490757153,0.9890130573694068
572,1,1.0,1.0,1.0,1.0,0.99998915,0.99999999999997,0.9271425464031544,0.34702846299810247,0.0,0,0.9007357948579267,0.9933071490757153,0.9890130573694068
573,1,0.0,1.0,1.0,1.0,0.0029729102,0.99999999999997,0.9268212317975405,0.1896885997988939,0.0,0,0.46140915304068286,0.9933071490757153,0.9890130573694068
574,1,1.0,1.0,1.0,1.0,0.99977726,0.99999999999997,0.9270371311418455,0.4032615660643342,0.0,0,0.9547360277895326,0.9933071490757153,0.9890130573694068
575,1,1.0,1.0,1.0,1.0,0.99994564,0.99999999999997,0.9270404546778451,0.5512613491852245,0.0,0,0.99487721065124,0.9933071490757153,0.9890130573694068
576,1,1.0,1.0,1.0,1.0,0.99854654,0.99999999999997,0.9268823438726793,0.3675757575757576,0.0,0,0.9250922678668969,0.9933071490757153,0.9890130573694068
577,1,1.0,1.0,1.0,1.0,1.0,0.99999999999997,0.9269501563299427,0.4816571673714531,0.0,0,0.9855834579842567,0.9933071490757153,0.9890130573694068
578,1,0.0,1.0,1.0,1.0,3.2302792e-09,0.99999999999997,0.9269725978277463,0.19361334843260253,0.0,0,0.4760683567372545,0.9933071490757153,0.9890130573694068
579,1,1.0,1.0,1.0,1.0,0.9999999,0.99999999999997,0.9270405571850235,0.5011827148626055,0.0,0,0.9892041691481349,0.9933071490757153,0.9890130573694068
580,1,0.0,1.0,1.0,1.0,3.6330504e-05,0.99999999999997,0.9270030105398432,0.11593634555271384,0.0,0,0.2208095696319973,0.9933071490757153,0.9890130573694068
581,1,1.0,1.0,1.0,1.0,0.9997193,0.99999999999997,0.9268668908570755,0.6097155255544842,0.0,0,0.9978619759043266,0.9933071490757153,0.9890130573694068
582,1,1.0,1.0,1.0,1.0,0.99918395,0.99999999999997,0.9269384081546307,0.34472887920600337,0.0,0,0.8976087651543452,0.9933071490757153,0.9890130573694068
583,1,0.0,1.0,1.0,1.0,9.475543e-08,0.99999999999997,0.9269973819057244,0.13404625439919557,0.0,0,0.2710491410792351,0.9933071490757153,0.9890130573694068
584,1,0.0,1.0,1.0,1.0,0.011390637,0.99999999999997,0.9270312795860235,0.25374614962263975,0.0,0,0.6912975016480583,0.9933071490757153,0.9890130573694068
585,0,1.0,0.3,1.0,1.0,1.2208845e-07,0.9016550434097094,0.1998495630084439,0.47550888782078937,0.0,0,0.9842126550083631,0.9933071490757153,0.9890130573694068
586,0,1.0,1.0,1.0,1.0,2.289716e-06,0.05598138444180198,0.017988726415423522,0.516870409791646,0.0,0,0.9914484647970858,0.9933071490757153,0.9890130573694068
587,0,1.0,1.0,1.0,1.0,1.4782829e-10,0.004039498551984758,0.01802237678043708,0.7829669241433946,0.0,0,0.9998406907353298,0.9933071490757153,0.9890130573694068
588,0,1.0,1.0,1.0,1.0,6.762959e-08,0.004675009095452239,0.01800654101875974,0.4699263746450101,0.0,0,0.9828573691632468,0.9933071490757153,0.9890130573694068
589,0,1.0,1.0,1.0,1.0,0.0001352569,0.0039619999307133075,0.018026420078642864,0.4603235174118607,0.0,0,0.9802538447366377,0.9933071490757153,0.9890130573694068
590,0,1.0,1.0,1.0,1.0,5.8712324e-09,0.003642556012986692,0.01798687661328253,0.40801714853055193,0.0,0,0.9577206450102781,0.9933071490757153,0.9890130573694068
591,0,1.0,1.0,1.0,1.0,0.28662986,0.004502669905381488,0.017946334543328803,0.34699798359059936,0.0,0,0.9006949095344096,0.9933071490757153,0.9890130573694068
592,0,1.0,1.0,1.0,1.0,0.00046558952,0.003653101076891125,0.0179480456818525,0.3063109895120839,0.0,0,0.8312714019044147,0.9933071490757153,0.9890130573694068
593,0,1.0,1.0,1.0,1.0,3.219104e-06,0.004894709075457924,0.018022441392260516,0.47843032006146524,0.0,0,0.984879305529503,0.9933071490757153,0.9890130573694068
594,0,1.0,1.0,1.0,1.0,8.474099e-06,0.003917169125786205,0.017955454908901988,0.33260588235294114,0.0,0,0.8796466438459433,0.9933071490757153,0.9890130573694068
595,0,1.0,1.0,1.0,1.0,2.4737966e-07,0.0037147230739304296,0.01799516902561301,0.43912073838544424,0.0,0,0.9730594102133892,0.9933071490757153,0.9890130573694068
596,0,1.0,1.0,1.0,1.0,0.0019648122,0.004168675822406002,0.01793333063503195,0.45815912248549817,0.0,0,0.9796155299070315,0.9933071490757153,0.9890130573694068
597,0,1.0,1.0,1.0,1.0,6.113921e-06,0.0048577928747081224,0.01801312850672616,0.3381838205367617,0.0,0,0.8882269995996773,0.9933071490757153,0.9890130573694068
598,0,1.0,1.0,1.0,1.0,0.06533884,0.002939339870068991,0.018000223597120186,0.4159072341057635,0.0,0,0.9622616111891773,0.9933071490757153,0.9890130573694068
599,0,1.0,1.0,1.0,1.0,9.582993e-07,0.0032787090650886848,0.017978999294117903,0.7754677039506761,0.0,0,0.9998217268883169,0.9933071490757153,0.9890130573694068
600,0,1.0,1.0,1.0,1.0,0.00017319631,0.004733064843620866,0.017939668687290918,0.41181952350832807,0.0,0,0.9599707682242706,0.9933071490757153,0.9890130573694068
601,0,1.0,1.0,1.0,1.0,0.00048117343,0.0040463278430117305,0.01796274062903157,0.344779883107089,0.0,0,0.8976790582077179,0.9933071490757153,0.9890130573694068
602,0,1.0,1.0,1.0,1.0,1.6703621e-05,0.0047806296862579565,0.017982500509431197,0.7081598698561763,0.0,0,0.9995108724651548,0.9933071490757153,0.9890130573694068
603,0,1.0,1.0,1.0,1.0,3.6461987e-09,0.005176325583184113,0.017974963188652472,0.19134765017117958,0.0,0,0.4675991559319979,0.9933071490757153,0.9890130573694068
604,0,1.0,1.0,1.0,1.0,1.5442274e-09,0.004514058171560573,0.0179474792632866,0.4690007474621054,0.0,0,0.9826218589735958,0.9933071490757153,0.9890130573694068
605,0,1.0,1.0,1.0,1.0,5.531903e-10,0.0035245814992507177,0.017978321510529825,0.25492653201631527,0.0,0,0.6950631460763425,0.9933071490757153,0.9890130573694068
606,1,0.0,1.0,1.0,1.0,0.070474,0.7841187612526704,0.7575700705695602,0.23904196766425867,0.0,0,0.6423617263631547,0.9933071490757153,0.9890130573694068
607,1,1.0,1.0,1.0,1.0,0.99996316,0.99999999999997,0.9619890455839607,0.4972953216374269,0.0,0,0.9885633523505297,0.9933071490757153,0.9890130573694068
608,1,0.0,1.0,1.0,1.0,0.13314578,0.99999999999997,0.9619960629560951,0.27976294995610185,0.0,0,0.7678916313534347,0.9933071490757153,0.9890130573694068
609,1,0.0,1.0,1.0,1.0,2.6840878e-06,0.99999999999997,0.961986197266485,0.10075511055486025,0.0,0,0.18412093507522181,0.9933071490757153,0.9890130573694068
610,1,0.0,1.0,1.0,1.0,0.35480127,0.99999999999997,0.962120350915811,0.22769638673079293,0.0,0,0.6023929580825749,0.9933071490757153,0.9890130573694068
611,1,0.0,1.0,1.0,1.0,1.9965441e-07,0.99999999999997,0.9620379544120656,0.24611005692599622,0.0,0,0.6663340667445901,0.9933071490757153,0.9890130573694068
612,1,0.0,1.0,1.0,1.0,6.090858e-08,0.99999999999997,0.9620902053841957,0.23253567611928844,0.0,0,0.6196434528502277,0.9933071490757153,0.9890130573694068
613,0,1.0,1.0,1.0,1.0,0.026847182,0.004331091232328766,0.017976703548850136,0.3949380480427855,0.0,0,0.9490235919976036,0.9933071490757153,0.9890130573694068
614,0,1.0,1.0,1.0,1.0,7.0226594e-07,0.0063366001318788615,0.01797863052040432,0.16361519607843136,0.0,0,0.36684587880382036,0.9933071490757153,0.9890130573694068
615,0,1.0,1.0,1.0,1.0,3.007573e-11,0.005071145654242104,0.0179884414365971,0.2936764044349184,0.0,0,0.8029992219071419,0.9933071490757153,0.9890130573694068
616,0,1.0,1.0,1.0,1.0,8.852078e-06,0.004508272234929109,0.017982341687665264,0.38335403006166835,0.0,0,0.9399308805340483,0.9933071490757153,0.9890130573694068
617,0,1.0,1.0,1.0,1.0,3.1687694e-05,0.002626182415117827,0.017999853657844907,0.4031526752114987,0.0,0,0.9546653893286314,0.9933071490757153,0.9890130573694068
618,0,1.0,1.0,1.0,1.0,1.3522739e-05,0.0036559659467584956,0.01791449888361085,0.4295395127748069,0.0,0,0.9690244809604798,0.9933071490757153,0.9890130573694068
619,0,1.0,1.0,1.0,1.0,2.5687268e-05,0.004002540599747048,0.017996042337169896,0.768254316652034,0.0,0,0.9998013594027572,0.9933071490757153,0.9890130573694068
620,1,0.0,1.0,1.0,1.0,0.084153734,0.9245408565653541,0.9077163954877282,0.19451985922574158,0.0,0,0.4794610362627329,0.9933071490757153,0.9890130573694068
621,1,1.0,1.0,1.0,1.0,0.9999995,0.9998901937075548,0.9885441695713613,0.7023247814017488,0.0,0,0.9994661553656281,0.9933071490757153,0.9890130573694068
622,1,1.0,1.0,1.0,1.0,0.99998856,0.9995529244435187,0.9885199646860556,0.4940008313266827,0.0,0,0.9879909436443307,0.9933071490757153,0.9890130573694068
623,1,1.0,1.0,1.0,1.0,0.9143885,0.999998560715218,0.9885565514022541,0.24133202614379085,0.0,0,0.6502140890628945,0.9933071490757153,0.9890130573694068
624,1,1.0,1.0,1.0,1.0,0.999962,0.999999791573318,0.9885565700074604,0.4823377259135773,0.0,0,0.985727789115406,0.9933071490757153,0.9890130573694068
625,1,1.0,1.0,1.0,1.0,0.99610364,0.9999999813057817,0.9885670930944589,0.34005419161128503,0.0,0,0.8909821607680393,0.9933071490757153,0.9890130573694068
626,1,1.0,1.0,1.0,1.0,1.0,0.999999996934106,0.9885132524540411,0.2730614657210402,0.0,0,0.7494952290229046,0.9933071490757153,0.9890130573694068
627,1,1.0,1.0,1.0,1.0,0.99994195,0.9999999977457592,0.9885235784088837,0.40523016375008786,0.0,0,0.9559951277689765,0.9933071490757153,0.9890130573694068
628,1,1.0,1.0,1.0,1.0,0.9967308,0.9999999970840313,0.9885562262836387,0.4601436996340852,0.0,0,0.9802015680972074,0.9933071490757153,0.9890130573694068
629,1,1.0,1.0,1.0,1.0,0.9906137,0.9999999988061251,0.9885500037969132,0.16023705366265922,0.0,0,0.3551576266054902,0.9933071490757153,0.9890130573694068
630,1,0.0,1.0,1.0,1.0,0.1457462,0.9999999998617335,0.9885286391243401,0.1966178645722105,0.0,0,0.4873197116751973,0.9933071490757153,0.9890130573694068
631,1,0.0,1.0,1.0,1.0,0.00033845214,0.9999999960911512,0.9885315674607581,0.11471353312785537,0.0,0,0.21766991296601854,0.9933071490757153,0.9890130573694068
632,1,1.0,1.0,1.0,1.0,0.99824154,0.9999999776390012,0.9885275851549846,0.2375451496388029,0.0,0,0.6371873741702067,0.9933071490757153,0.9890130573694068
633,1,0.0,1.0,1.0,1.0,0.3233588,0.999999994831996,0.9885164086411262,0.32405731523378584,0.0,0,0.8653971249360671,0.9933071490757153,0.9890130573694068
634,1,0.0,1.0,1.0,1.0,6.902171e-05,0.9999999940537365,0.988533187472235,0.09266644510911709,0.0,0,0.16658815217069536,0.9933071490757153,0.9890130573694068
635,1,0.0,1.0,1.0,1.0,0.0073419954,0.9999999989637304,0.9885348210299625,0.2782541336448696,0.0,0,0.7638333621698188,0.9933071490757153,0.9890130573694068
636,1,1.0,1.0,1.0,1.0,1.0,0.9999999994289355,0.9885229879240597,0.4620191541281929,0.0,0,0.9807401951141316,0.9933071490757153,0.9890130573694068
637,1,1.0,1.0,1.0,1.0,0.99999976,0.9999999997405354,0.9885422251712402,0.4007431823304034,0.0,0,0.953075211004002,0.9933071490757153,0.9890130573694068
638,1,1.0,1.0,1.0,1.0,0.9999125,0.9999999998108734,0.9885250912832758,0.4995865012671735,0.0,0,0.9889454549583415,0.9933071490757153,0.9890130573694068
639,1,1.0,1.0,1.0,1.0,0.999739,0.9999999987709633,0.9885416165753967,0.5495631487889273,0.0,0,0.9947457360338254,0.9933071490757153,0.9890130573694068
640,1,0.0,1.0,1.0,1.0,0.12573087,0.9999999988965168,0.9884988474950647,0.24064158426903526,0.0,0,0.6478549727944889,0.9933071490757153,0.9890130573694068
641,1,1.0,1.0,1.0,1.0,0.9838457,0.9999999997328362,0.9885340107849855,0.2932028584854421,0.0,0,0.8018731390591627,0.9933071490757153,0.9890130573694068
642,1,1.0,1.0,1.0,1.0,0.9999058,0.9999999997220981,0.9885316339762493,0.419900629935232,0.0,0,0.964377640651692,0.9933071490757153,0.9890130573694068
643,1,1.0,1.0,1.0,1.0,0.61263734,0.999999998499889,0.9885535516095474,0.27894821518350926,0.0,0,0.7657063015159058,0.9933071490757153,0.9890130573694068
644,1,1.0,1.0,1.0,1.0,0.9999274,0.9999999991056318,0.9885347774314748,0.6768377309771645,0.0,0,0.9992177596495436,0.9933071490757153,0.9890130573694068
645,1,1.0,1.0,1.0,1.0,1.0,0.9999999992758426,0.9885225426399104,0.5933908045977011,0.0,0,0.9972703869348765,0.9933071490757153,0.9890130573694068
646,0,1.0,0.8833333333333333,1.0,1.0,1.2469624e-08,0.47110069197713844,0.32537215402232916,0.3023923054070113,0.0,0,0.8228656678085883,0.9933071490757153,0.9890130573694068
647,0,1.0,1.0,1.0,1.0,5.081824e-10,0.009384811612085117,0.017918463147155454,0.1964222542485501,0.0,0,0.48658667254269766,0.9933071490757153,0.9890130573694068
648,0,1.0,1.0,1.0,1.0,2.1683109e-08,0.004823420551503098,0.017976076085548482,0.44331564344636243,0.0,0,0.9746607442441843,0.9933071490757153,0.9890130573694068
649,0,1.0,1.0,1.0,1.0,0.04728807,0.00543252420974173,0.017994814659088296,0.3048187759952466,0.0,0,0.8281086308566981,0.9933071490757153,0.9890130573694068
650,0,1.0,1.0,1.0,1.0,7.378822e-10,0.00458316544592381,0.01797492755918364,0.6808656417112299,0.0,0,0.9992635883647754,0.9933071490757153,0.9890130573694068
651,0,1.0,1.0,1.0,1.0,9.4465776e-07,0.004018551940476596,0.017988745592344334,0.23385546642899585,0.0,0,0.6242981064675127,0.9933071490757153,0.9890130573694068
652,0,1.0,1.0,1.0,1.0,6.7291e-10,0.003038100526703624,0.018005533418572476,0.3972918125057452,0.0,0,0.9507048138977744,0.9933071490757153,0.9890130573694068
653,0,1.0,1.0,1.0,1.0,4.2275965e-06,0.003470618137987242,0.017977911530572304,0.36823895472070184,0.0,0,0.925778718592262,0.9933071490757153,0.9890130573694068
654,0,1.0,1.0,1.0,1.0,2.2391981e-05,0.003375784841798147,0.017954842044763178,0.3335937337898122,0.0,0,0.8812065740379434,0.9933071490757153,0.9890130573694068
655,0,1.0,1.0,1.0,1.0,1.781472e-08,0.004593476368299765,0.01796271950235141,0.20044962742236772,0.0,0,0.5016860964425828,0.9933071490757153,0.9890130573694068
656,0,1.0,1.0,1.0,1.0,9.6652336e-08,0.003279566514573004,0.017985256856359367,0.49375872162834017,0.0,0,0.9879477783051411,0.9933071490757153,0.9890130573694068
657,0,1.0,1.0,1.0,1.0,1.32291085e-08,0.004382488675801489,0.017977342027508225,0.43851997095134354,0.0,0,0.9728221655278778,0.9933071490757153,0.9890130573694068
658,0,1.0,1.0,1.0,1.0,5.4565543e-11,0.0056437274927071375,0.018015764147355794,0.8362519223375625,0.0,0,0.9999283595341468,0.9933071490757153,0.9890130573694068
659,0,1.0,1.0,1.0,1.0,4.2695376e-08,0.00388662910897112,0.017994713638564468,0.2179301398922142,0.0,0,0.5668356285815384,0.9933071490757153,0.9890130573694068
660,0,1.0,1.0,1.0,1.0,4.7592624e-07,0.004275172422554091,0.0180171844812532,0.1756590937657114,0.0,0,0.40972227520435067,0.9933071490757153,0.9890130573694068
661,0,1.0,1.0,1.0,1.0,1.6625688e-07,0.004744126805606553,0.017982035909182188,0.43820053373999235,0.0,0,0.9726951931441528,0.9933071490757153,0.9890130573694068
662,0,1.0,1.0,1.0,1.0,0.0012190766,0.004615056023053006,0.017995318997203684,0.7021041534893527,0.0,0,0.9994643866714354,0.9933071490757153,0.9890130573694068
663,0,1.0,1.0,1.0,1.0,5.4474475e-10,0.00510098338020202,0.017994442705815492,0.3554885888781742,0.0,0,0.9115193414973118,0.9933071490757153,0.9890130573694068
664,0,1.0,1.0,1.0,1.0,6.601657e-09,0.0036095734003045448,0.0180408140804806,0.4693599505529911,0.0,0,0.9827136271593209,0.9933071490757153,0.9890130573694068
665,0,1.0,1.0,1.0,1.0,4.1610747e-08,0.004180917792018171,0.0179973528868027,0.2804051054384018,0.0,0,0.7696040092722215,0.9933071490757153,0.9890130573694068
666,0,1.0,1.0,1.0,1.0,0.0062663676,0.0054751822430424545,0.01795613319507183,0.2913233086027203,0.0,0,0.7973558577917945,0.9933071490757153,0.9890130573694068
667,0,1.0,1.0,1.0,1.0,1.1430679e-09,0.003536022797606354,0.01797620782326385,0.5539467068878833,0.0,0,0.9950784624714536,0.9933071490757153,0.9890130573694068
668,0,1.0,1.0,1.0,1.0,5.2476156e-07,0.32552979094308887,0.31628230697651827,0.2912062395808526,0.0,0,0.797071970328509,0.9933071490757153,0.9890130573694068
669,1,1.0,1.0,1.0,1.0,1.0,0.9999999999559335,0.9597757636179215,0.4567858515955402,0.0,0,0.9792000987587022,0.9933071490757153,0.9890130573694068
670,1,0.0,1.0,1.0,1.0,0.11750321,0.9999999999692999,0.9599023903421172,0.31937166629103747,0.0,0,0.8569977580407572,0.9933071490757153,0.9890130573694068
671,1,0.0,1.0,1.0,1.0,4.4288075e-08,0.999999999968609,0.9599419592825361,0.13734094281835116,0.0,0,0.28092339936792216,0.9933071490757153,0.9890130573694068
672,1,1.0,1.0,1.0,1.0,0.9999989,0.9999999996770288,0.9597728995776825,0.49738432281220996,0.0,0,0.9885784360200732,0.9933071490757153,0.9890130573694068
673,1,1.0,1.0,1.0,1.0,0.68105805,0.9999999999223274,0.9597867576691965,0.6168940999823354,0.0,0,0.9980798145922384,0.9933071490757153,0.9890130573694068
674,1,1.0,1.0,1.0,1.0,0.99999964,0.9999999999897271,0.9598658423304653,0.7246126337245138,0.0,0,0.9996178020068348,0.9933071490757153,0.9890130573694068
675,1,1.0,1.0,1.0,1.0,1.0,0.9999999999280068,0.9597917064098813,0.5027076323929949,0.0,0,0.989445730894034,0.9933071490757153,0.9890130573694068
676,1,0.0,1.0,1.0,1.0,5.805937e-05,0.999999999035338,0.9598486871966506,0.23813319201554495,0.0,0,0.6392240476641524,0.9933071490757153,0.9890130573694068
677,1,1.0,1.0,1.0,1.0,0.9996915,0.9999999936786299,0.9597441024566163,0.5990093815303899,0.0,0,0.9974904540111443,0.9933071490757153,0.9890130573694068
678,1,1.0,1.0,1.0,1.0,1.0,0.9999999621314453,0.9597881157458281,0.5381818181818182,0.0,0,0.9937737000858555,0.9933071490757153,0.9890130573694068
679,1,1.0,1.0,1.0,1.0,0.98932415,0.9999997653789803,0.9597974782126332,0.3905712902444929,0.0,0,0.9457599569211088,0.9933071490757153,0.9890130573694068
680,1,1.0,1.0,1.0,1.0,0.99791783,0.9999999406620036,0.9597997821256705,0.24357777777777778,0.0,0,0.657836261285458,0.9933071490757153,0.9890130573694068
681,1,0.0,1.0,1.0,1.0,0.0038776905,0.999999963860914,0.9597983083462217,0.17607440925087983,0.0,0,0.41122977848809356,0.9933071490757153,0.9890130573694068
682,1,1.0,1.0,1.0,1.0,0.9999585,0.9999999264382974,0.959836290745458,0.37105251723988103,0.0,0,0.928627016833146,0.9933071490757153,0.9890130573694068
683,1,1.0,1.0,1.0,1.0,0.99999833,0.9999999892655639,0.9597284490706475,0.6247654617402517,0.0,0,0.9982932940139647,0.9933071490757153,0.9890130573694068
684,1,1.0,1.0,1.0,1.0,0.99803954,0.9999999814792891,0.9597573905844288,0.40061919504643967,0.0,0,0.9529919649056063,0.9933071490757153,0.9890130573694068
685,1,1.0,1.0,1.0,1.0,0.974853,0.9999999994148312,0.9598360703205112,0.3364465343704098,0.0,0,0.8856135461294594,0.9933071490757153,0.9890130573694068
686,1,1.0,1.0,1.0,1.0,0.747443,0.9999999999719144,0.9597983629338942,0.2571118537505092,0.0,0,0.7019660858617797,0.9933071490757153,0.9890130573694068
687,1,0.0,1.0,1.0,1.0,7.999227e-09,0.9999999998415515,0.9597592613800648,0.14467923579688285,0.0,0,0.30368493679926456,0.9933071490757153,0.9890130573694068
688,1,1.0,1.0,1.0,1.0,0.9999964,0.9999999999698133,0.9599092746718383,0.6475058491865215,0.0,0,0.9987859610638843,0.9933071490757153,0.9890130573694068
689,1,1.0,1.0,1.0,1.0,0.9993729,0.999999999914061,0.9597610695195969,0.2217222501536227,0.0,0,0.5807453206483852,0.9933071490757153,0.9890130573694068
690,1,1.0,1.0,1.0,1.0,0.999146,0.9999999999108133,0.959896254856874,0.5008867820632527,0.0,0,0.989156660815992,0.9933071490757153,0.9890130573694068
691,1,1.0,1.0,1.0,1.0,0.9996911,0.999999999684704,0.9596290892145419,0.3019166488177529,0.0,0,0.8218233114721227,0.9933071490757153,0.9890130573694068
692,1,1.0,1.0,1.0,1.0,0.99998665,0.9999999999353508,0.9598909517498462,0.4985657225853304,0.0,0,0.9887768031023149,0.9933071490757153,0.9890130573694068
693,1,1.0,1.0,1.0,1.0,0.9982418,0.9999999999873326,0.9598490854407531,0.4110834833128098,0.0,0,0.9595443509971783,0.9933071490757153,0.9890130573694068
694,0,1.0,0.95,1.0,1.0,0.00039106474,0.30222836398348757,0.23773148153286147,0.4364989116733882,0.0,0,0.9720090446572341,0.9933071490757153,0.9890130573694068
695,1,0.0,1.0,1.0,1.0,0.18051682,0.8697808676503971,0.8411236938759019,0.18823937766706822,0.0,0,0.4560116844209638,0.9933071490757153,0.9890130573694068
696,1,0.0,1.0,1.0,1.0,0.1489348,0.9999999984722842,0.9677889099943208,0.40813067172066053,0.0,0,0.9577895426864028,0.9933071490757153,0.9890130573694068
697,1,1.0,1.0,1.0,1.0,1.0,0.9999999994317789,0.9677955532263164,0.5284068495890036,0.0,0,0.9927975301473608,0.9933071490757153,0.9890130573694068
698,1,0.0,1.0,1.0,1.0,0.20811772,0.999999997260859,0.9678078808131833,0.5713948756729506,0.0,0,0.9962074735459686,0.9933071490757153,0.9890130573694068
699,1,1.0,1.0,1.0,1.0,0.9999143,0.9999999996830855,0.967769714045804,0.43236834351226827,0.0,0,0.9702730981025656,0.9933071490757153,0.9890130573694068
700,1,1.0,1.0,1.0,1.0,0.9999987,0.9999999947535619,0.9677243935358698,0.5432969301481412,0.0,0,0.9942309032575432,0.9933071490757153,0.9890130573694068
701,1,1.0,1.0,1.0,1.0,0.9575075,0.9999999262578348,0.9677534155677204,0.27778637770897835,0.0,0,0.7625653289291371,0.9933071490757153,0.9890130573694068
702,1,0.0,1.0,1.0,1.0,0.0020671408,0.9999982995048525,0.9676848071495727,0.3315946226975639,0.0,0,0.8780314662822543,0.9933071490757153,0.9890130573694068
703,1,1.0,1.0,1.0,1.0,0.99999607,0.9998655923575565,0.9678019984033337,0.3163117576779816,0.0,0,0.8512800771577214,0.9933071490757153,0.9890130573694068
704,1,0.0,1.0,1.0,1.0,0.26124027,0.9999994494435469,0.9677345540359121,0.3184537224851626,0.0,0,0.8553020032393659,0.9933071490757153,0.9890130573694068
705,1,0.0,1.0,1.0,1.0,0.00016807996,0.9999341487205589,0.9677230886198627,0.19968050081902075,0.0,0,0.4988018803645218,0.9933071490757153,0.9890130573694068
706,1,0.0,1.0,1.0,1.0,0.0010837716,0.9999999141021558,0.9677321381075218,0.21778910427807488,0.0,0,0.5663161218615907,0.9933071490757153,0.9890130573694068
707,1,1.0,1.0,1.0,1.0,0.93983096,0.9999999351223747,0.9677750459604847,0.5300744794041647,0.0,0,0.9929742111411368,0.9933071490757153,0.9890130573694068
708,1,0.0,1.0,1.0,1.0,8.054127e-09,0.9999988456184625,0.9677055963103413,0.10966362407031778,0.0,0,0.20504669572484754,0.9933071490757153,0.9890130573694068
709,1,1.0,1.0,1.0,1.0,1.0,0.999360071208773,0.9677841416128893,0.5654848332495391,0.0,0,0.9958573671371966,0.9933071490757153,0.9890130573694068
710,1,1.0,1.0,1.0,1.0,1.0,0.9995560928586683,0.967793935384711,0.3911026962225219,0.0,0,0.9461674084525541,0.9933071490757153,0.9890130573694068
711,1,1.0,1.0,1.0,1.0,0.99938595,0.9999995395448505,0.9678241862874166,0.48538410533295445,0.0,0,0.9863565934827259,0.9933071490757153,0.9890130573694068
712,1,1.0,1.0,1.0,1.0,0.99999297,0.9999997863731542,0.9676635881129356,0.37214824391294976,0.0,0,0.9297087250450827,0.9933071490757153,0.9890130573694068
713,1,1.0,1.0,1.0,1.0,1.0,0.9999996878632633,0.9677686080884178,0.35496489954006294,0.0,0,0.9108837425486166,0.9933071490757153,0.9890130573694068
714,1,1.0,1.0,1.0,1.0,0.9525721,0.9999998431219989,0.9677967231790561,0.39308192412767573,0.0,0,0.9476597009517468,0.9933071490757153,0.9890130573694068
715,1,1.0,1.0,1.0,1.0,0.99999917,0.9999999991959464,0.9678333253469715,0.6345649043208539,0.0,0,0.9985262548499274,0.9933071490757153,0.9890130573694068
716,1,0.0,1.0,1.0,1.0,0.00012340765,0.9999999999948881,0.9677797431967413,0.10498081383090871,0.0,0,0.19383396272107287,0.9933071490757153,0.9890130573694068
717,1,1.0,1.0,1.0,1.0,0.99999964,0.999999999999566,0.967697810897431,0.5691730991038949,0.0,0,0.9960794555186461,0.9933071490757153,0.9890130573694068
718,1,1.0,1.0,1.0,1.0,1.0,0.9999999999971313,0.9677183514215247,0.5236590932669364,0.0,0,0.9922700001068673,0.9933071490757153,0.9890130573694068
719,1,1.0,1.0,1.0,1.0,0.808219,0.9999999999925322,0.9677952830574321,0.5562951718321737,0.0,0,0.9952480057093973,0.9933071490757153,0.9890130573694068
720,1,0.0,1.0,1.0,1.0,0.45211625,0.9999999999997864,0.9677397687117817,0.35175238889882193,0.0,0,0.9068939061084877,0.9933071490757153,0.9890130573694068
721,1,1.0,1.0,1.0,1.0,0.98658967,0.9999999999989024,0.9677312352414277,0.4370796783625731,0.0,0,0.9722450903787232,0.9933071490757153,0.9890130573694068
722,1,1.0,1.0,1.0,1.0,0.9999988,0.9999999999993292,0.9677394058812293,0.4393483107528726,0.0,0,0.973148752296847,0.9933071490757153,0.9890130573694068
723,1,1.0,1.0,1.0,1.0,0.99931955,0.9999999999999216,0.967834424305648,0.3952518996323752,0.0,0,0.9492508629559953,0.9933071490757153,0.9890130573694068
724,1,1.0,1.0,1.0,1.0,0.95353425,0.9999999999998221,0.9677592238289261,0.39435711066035606,0.0,0,0.9486003714824818,0.9933071490757153,0.9890130573694068
725,1,1.0,1.0,1.0,1.0,0.99999785,0.9999999999998259,0.9677094089860893,0.2867934131550689,0.0,0,0.7861547775574153,0.9933071490757153,0.9890130573694068
726,1,0.0,1.0,1.0,1.0,0.007848196,0.9999999999994539,0.967730427490729,0.3008857485514471,0.0,0,0.8195477151555433,0.9933071490757153,0.9890130573694068
727,1,1.0,1.0,1.0,1.0,1.0,0.9999999999991442,0.9677091332548383,0.33244901801979615,0.0,0,0.8793973165378196,0.9933071490757153,0.9890130573694068
728,1,0.0,1.0,1.0,1.0,0.12117818,0.9999999999966215,0.967685638521718,0.2515402543446319,0.0,0,0.6841919285167886,0.9933071490757153,0.9890130573694068
729,1,1.0,1.0,1.0,1.0,0.9998331,0.9999999999957516,0.9677542492998221,0.23115356683984137,0.0,0,0.6147453333724159,0.9933071490757153,0.9890130573694068
730,1,0.0,1.0,1.0,1.0,1.497272e-11,0.9999999999886702,0.9677255915592912,0.10047698512028924,0.0,0,0.18349505899011653,0.9933071490757153,0.9890130573694068
731,1,1.0,1.0,1.0,1.0,0.9999999,0.9999999999996771,0.9677428793579492,0.6052260220327448,0.0,0,0.9977133777973496,0.9933071490757153,0.9890130573694068
732,1,1.0,1.0,1.0,1.0,0.99951494,0.9999999999993047,0.9677635030780735,0.4385361139686399,0.0,0,0.972828566921832,0.9933071490757153,0.9890130573694068
733,1,0.0,1.0,1.0,1.0,0.0011335673,0.9999999999997906,0.9677939511947389,0.2271858920873314,0.0,0,0.6005574558054766,0.9933071490757153,0.9890130573694068
734,1,1.0,1.0,1.0,1.0,0.9999436,0.9999999999999342,0.9677387547356828,0.5424745824255628,0.0,0,0.9941597176742031,0.9933071490757153,0.9890130573694068
735,1,0.0,1.0,1.0,1.0,0.025126122,0.9999999999998388,0.9677744380705653,0.1361519607843137,0.0,0,0.27733480311315206,0.9933071490757153,0.9890130573694068
736,1,1.0,1.0,1.0,1.0,0.98393524,0.9999999999996824,0.9677595317081664,0.3168713774818104,0.0,0,0.8523396837977468,0.9933071490757153,0.9890130573694068
737,1,1.0,1.0,1.0,1.0,0.5960103,0.9999999999998409,0.967690329417232,0.7351956400035073,0.0,0,0.9996738850945988,0.9933071490757153,0.9890130573694068
738,1,0.0,1.0,1.0,1.0,0.0044872323,0.9999999999983156,0.9677821183091685,0.4570043234685179,0.0,0,0.9792667391676801,0.9933071490757153,0.9890130573694068
739,1,0.0,1.0,1.0,1.0,9.174195e-11,0.9999999999993129,0.9678656850946095,0.18690203031567237,0.0,0,0.4510400016043239,0.9933071490757153,0.9890130573694068
740,1,0.0,1.0,1.0,1.0,0.010024629,0.999999999994786,0.9677772265883285,0.24607679152903694,0.0,0,0.666223117616714,0.9933071490757153,0.9890130573694068
741,1,1.0,1.0,1.0,1.0,0.70077574,0.9999999999959378,0.9677181508549512,0.3163713311411521,0.0,0,0.8513931737171205,0.9933071490757153,0.9890130573694068
742,1,1.0,1.0,1.0,1.0,1.0,0.9999999999974666,0.9677103908701669,0.49212674317038646,0.0,0,0.9876527907965555,0.9933071490757153,0.9890130573694068
743,1,1.0,1.0,1.0,1.0,0.99921525,0.9999999999968875,0.9677026632573641,0.3780403329422937,0.0,0,0.9352696675760784,0.9933071490757153,0.9890130573694068
744,1,1.0,1.0,1.0,1.0,0.99999905,0.9999999999998995,0.9678310917187465,0.4464659330018807,0.0,0,0.9758019830738186,0.9933071490757153,0.9890130573694068
745,1,0.0,1.0,1.0,1.0,0.33715048,0.9999999999999262,0.9677552306114195,0.15852865177078584,0.0,0,0.34931075797333916,0.9933071490757153,0.9890130573694068
746,1,1.0,1.0,1.0,1.0,0.9999995,0.9999999999987118,0.9677068140540087,0.4418108328602759,0.0,0,0.9740972623364592,0.9933071490757153,0.9890130573694068
747,1,1.0,1.0,1.0,1.0,0.89918745,0.9999999999997196,0.967757479491174,0.1643401805166511,0.0,0,0.3693753984849678,0.9933071490757153,0.9890130573694068
748,1,1.0,1.0,1.0,1.0,0.9889932,0.9999999999993163,0.9677467390254315,0.5775608399388125,0.0,0,0.9965413510497876,0.9933071490757153,0.9890130573694068
749,1,1.0,1.0,1.0,1.0,1.0,0.9999999999977884,0.9677035930071339,0.5236152897372941,0.0,0,0.9922649587180503,0.9933071490757153,0.9890130573694068
750,1,1.0,1.0,1.0,1.0,0.9999248,0.9999999999978014,0.9676552104702375,0.3361680019119465,0.0,0,0.8851896245378441,0.9933071490757153,0.9890130573694068
751,1,1.0,1.0,1.0,1.0,1.0,0.999999999999901,0.9678294267363203,0.49702052235727806,0.0,0,0.9885166557819568,0.9933071490757153,0.9890130573694068
752,1,0.0,1.0,1.0,1.0,0.00010432619,0.999999999999955,0.9677693137065596,0.24869021093285798,0.0,0,0.6748827672046767,0.9933071490757153,0.9890130573694068
753,1,1.0,1.0,1.0,1.0,0.99999774,0.999999999999959,0.9676806610548379,0.45708869536788765,0.0,0,0.9792924191252037,0.9933071490757153,0.9890130573694068
754,1,0.0,1.0,1.0,1.0,4.129056e-07,0.99999999999997,0.9676965113698799,0.21128729752770672,0.0,0,0.5422265427913517,0.9933071490757153,0.9890130573694068
755,1,0.0,1.0,1.0,1.0,3.16531e-10,0.99999999999997,0.9677669954480373,0.08762571093461102,0.0,0,0.1563534686969484,0.9933071490757153,0.9890130573694068
756,1,1.0,1.0,1.0,1.0,0.8445561,0.99999999999997,0.9677495160441878,0.20000945992432062,0.0,0,0.5000354747161427,0.9933071490757153,0.9890130573694068
757,1,1.0,1.0,1.0,1.0,0.9998517,0.99999999999997,0.9676987437246157,0.2248097779923643,0.0,0,0.5919775875396828,0.9933071490757153,0.9890130573694068
758,1,0.0,1.0,1.0,1.0,2.1481896e-05,0.99999999999997,0.9678293974516994,0.18049884659746251,0.0,0,0.42738770209242094,0.9933071490757153,0.9890130573694068
759,1,0.0,1.0,1.0,1.0,0.023995567,0.99999999999997,0.9677663127558593,0.3135416403120388,0.0,0,0.8459423857889669,0.9933071490757153,0.9890130573694068
760,1,1.0,1.0,1.0,1.0,0.9999877,0.99999999999997,0.9676792189896005,0.31052589240824535,0.0,0,0.8399543403264937,0.9933071490757153,0.9890130573694068
761,1,1.0,1.0,1.0,1.0,1.0,0.99999999999997,0.9677159184413484,0.5675918658224505,0.0,0,0.9959857322783483,0.9933071490757153,0.9890130573694068
762,1,1.0,1.0,1.0,1.0,0.9969374,0.99999999999997,0.9677749549815302,0.3424462320540752,0.0,0,0.8944187701658118,0.9933071490757153,0.9890130573694068
763,1,1.0,1.0,1.0,1.0,0.99856466,0.99999999999997,0.9676799095200658,0.16203123538763678,0.0,0,0.361344942918757,0.9933071490757153,0.9890130573694068
764,1,0.0,1.0,1.0,1.0,0.06715704,0.99999999999997,0.96775222017403,0.40726688748368967,0.0,0,0.957262598951704,0.9933071490757153,0.9890130573694068
765,1,1.0,1.0,1.0,1.0,0.7844886,0.99999999999997,0.9676962510626016,0.33162567907003915,0.0,0,0.8780813459310094,0.9933071490757153,0.9890130573694068
766,1,0.0,1.0,1.0,1.0,1.814649e-11,0.99999999999997,0.9677538134395317,0.18401158585499927,0.0,0,0.4403291784546839,0.9933071490757153,0.9890130573694068
767,1,1.0,1.0,1.0,1.0,1.0,0.99999999999997,0.9678153518802914,0.43205039536046513,0.0,0,0.970135229452048,0.9933071490757153,0.9890130573694068
768,1,1.0,1.0,1.0,1.0,0.66549844,0.99999999999997,0.9677393109998101,0.4226210826210826,0.0,0,0.9657532348590997,0.9933071490757153,0.9890130573694068
769,1,0.0,1.0,1.0,1.0,0.4610267,0.99999999999997,0.9677400803625832,0.2479995449088171,0.0,0,0.6726055138532723,0.9933071490757153,0.9890130573694068
770,1,0.0,1.0,1.0,1.0,0.05910025,0.99999999999997,0.9678058240939935,0.3045188536953243,0.0,0,0.827467299899972,0.9933071490757153,0.9890130573694068
771,1,1.0,1.0,1.0,1.0,0.9852401,0.99999999999997,0.967755864351377,0.4618045249948252,0.0,0,0.9806792893919336,0.9933071490757153,0.9890130573694068
772,1,1.0,1.0,1.0,1.0,0.998912,0.9999999999999696,0.9677363737186345,0.33188925884819337,0.0,0,0.8785039746311155,0.9933071490757153,0.9890130573694068
773,1,1.0,1.0,1.0,1.0,0.9001627,0.9999999999999497,0.9676830158521939,0.3561476935775454,0.0,0,0.9123134741064605,0.9933071490757153,0.9890130573694068
774,1,1.0,1.0,1.0,1.0,0.99999785,0.9999999999995464,0.9677465992544078,0.33739067787510696,0.0,0,0.8870403872475299,0.9933071490757153,0.9890130573694068
775,1,0.0,1.0,1.0,1.0,0.0014467969,0.9999999999998799,0.9677957032651066,0.41199276873870116,0.0,0,0.9600705080848185,0.9933071490757153,0.9890130573694068
776,1,0.0,1.0,1.0,1.0,5.2675813e-07,0.999999999999783,0.967856719288936,0.16827773533655888,0.0,0,0.3832363539421056,0.9933071490757153,0.9890130573694068
777,1,0.0,1.0,1.0,1.0,0.13025673,0.9999999999999677,0.9677536515780133,0.40123552344914576,0.0,0,0.9534043915588235,0.9933071490757153,0.9890130573694068
778,1,0.0,1.0,1.0,1.0,0.0477922,0.99999999999997,0.9677177230046994,0.26176171323230146,0.0,0,0.7163495749040069,0.9933071490757153,0.9890130573694068
779,1,1.0,1.0,1.0,1.0,0.99990785,0.999999999999968,0.967724510899965,0.566921768707483,0.0,0,0.9959453440018791,0.9933071490757153,0.9890130573694068
780,1,1.0,1.0,1.0,1.0,0.9999974,0.9999999999999655,0.9677169206220312,0.43381866412773695,0.0,0,0.9708941979209709,0.9933071490757153,0.9890130573694068
781,1,1.0,1.0,1.0,1.0,0.99207413,0.9999999999999563,0.9676859765024207,0.5257169431875314,0.0,0,0.9925032012939419,0.9933071490757153,0.9890130573694068
782,1,1.0,1.0,1.0,1.0,1.0,0.999999999999967,0.9677424730161179,0.44648415340979164,0.0,0,0.9758084356680069,0.9933071490757153,0.9890130573694068
783,1,1.0,1.0,1.0,1.0,0.9546775,0.99999999999997,0.9677504893398103,0.5307291666666667,0.0,0,0.9930423911926235,0.9933071490757153,0.9890130573694068
784,1,0.0,1.0,1.0,1.0,4.1340203e-07,0.99999999999997,0.967794470410924,0.17381968473663975,0.0,0,0.4030663621851036,0.9933071490757153,0.9890130573694068
785,1,0.0,1.0,1.0,1.0,1.4465043e-12,0.99999999999997,0.9677886150558149,0.08106930026912726,0.0,0,0.14381478167834308,0.9933071490757153,0.9890130573694068
786,1,1.0,1.0,1.0,1.0,0.93978256,0.99999999999997,0.9676890297398014,0.261370873135579,0.0,0,0.7151568267083556,0.9933071490757153,0.9890130573694068
787,1,1.0,1.0,1.0,1.0,0.9149227,0.99999999999997,0.9678073972279281,0.2776135362029853,0.0,0,0.7620955906108609,0.9933071490757153,0.9890130573694068
788,1,1.0,1.0,1.0,1.0,0.9999571,0.99999999999997,0.9676850777329118,0.49361377256937816,0.0,0,0.9879218622686912,0.9933071490757153,0.9890130573694068
789,1,1.0,1.0,1.0,1.0,0.9999502,0.99999999999997,0.967683422522695,0.5957596437267718,0.0,0,0.9973654231795267,0.9933071490757153,0.9890130573694068
790,1,1.0,1.0,1.0,1.0,0.99790657,0.99999999999997,0.9678020104297261,0.7725059254471018,0.0,0,0.9998136297496032,0.9933071490757153,0.9890130573694068
791,1,1.0,1.0,1.0,1.0,1.0,0.99999999999997,0.9677990719822824,0.5378537795046334,0.0,0,0.9937431797409714,0.9933071490757153,0.9890130573694068
792,1,1.0,1.0,1.0,1.0,0.99859387,0.99999999999997,0.9676820935856704,0.2710989157567789,0.0,0,0.7439276447820642,0.9933071490757153,0.9890130573694068
793,1,1.0,1.0,1.0,1.0,0.93971485,0.99999999999997,0.9677651147265077,0.20437141934963285,0.0,0,0.516386951545139,0.9933071490757153,0.9890130573694068
794,1,1.0,1.0,1.0,1.0,1.0,0.99999999999997,0.9678322354768404,0.4760485527544351,0.0,0,0.9843379437850449,0.9933071490757153,0.9890130573694068
795,1,0.0,1.0,1.0,1.0,0.006177432,0.99999999999997,0.967711781263254,0.2809357717445953,0.0,0,0.7710123952935387,0.9933071490757153,0.9890130573694068
796,1,0.0,1.0,1.0,1.0,1.8642927e-06,0.99999999999997,0.9677677993187557,0.1812956555171088,0.0,0,0.4303152232310267,0.9933071490757153,0.9890130573694068
797,1,0.0,1.0,1.0,1.0,0.0006517553,0.99999999999997,0.9677156609246046,0.21983241159711747,0.0,0,0.573827876443865,0.9933071490757153,0.9890130573694068
798,1,1.0,1.0,1.0,1.0,0.99922407,0.99999999999997,0.9677711745974126,0.19711527035056448,0.0,0,0.4891839514032292,0.9933071490757153,0.9890130573694068
799,1,1.0,1.0,1.0,1.0,0.9846453,0.99999999999997,0.967799241145725,0.16385553360017566,0.0,0,0.36768362791091047,0.9933071490757153,0.9890130573694068
800,1,1.0,1.0,1.0,1.0,0.51880705,0.99999999999997,0.9677240015775939,0.39687933589575547,0.0,0,0.9504140421845444,0.9933071490757153,0.9890130573694068
801,1,1.0,1.0,1.0,1.0,0.9140972,0.99999999999997,0.9678034909910501,0.32896505007231647,0.0,0,0.8737439907656912,0.9933071490757153,0.9890130573694068
802,1,1.0,1.0,1.0,1.0,0.95911515,0.9999999999999698,0.9678319679480794,0.7266885709238651,0.0,0,0.9996295155620493,0.9933071490757153,0.9890130573694068
803,1,1.0,1.0,1.0,1.0,0.99785453,0.99999999999997,0.967748479375322,0.6196326429388564,0.0,0,0.9981569516991151,0.9933071490757153,0.9890130573694068
804,1,1.0,1.0,1.0,1.0,1.0,0.99999999999997,0.9677797115153065,0.4259981265721533,0.0,0,0.9673896581920557,0.9933071490757153,0.9890130573694068
805,1,0.0,1.0,1.0,1.0,0.009884438,0.9999999999999699,0.967716300101611,0.1755837104072398,0.0,0,0.409448831244812,0.9933071490757153,0.9890130573694068
806,1,1.0,1.0,1.0,1.0,0.971732,0.9999999999999406,0.9678447987783311,0.1720347155255545,0.0,0,0.3966413636529024,0.9933071490757153,0.9890130573694068
807,1,1.0,1.0,1.0,1.0,0.9996799,0.99999999999997,0.9677321376666007,0.42075985823262513,0.0,0,0.9648177616819238,0.9933071490757153,0.9890130573694068
808,1,1.0,1.0,1.0,1.0,0.9998166,0.99999999999997,0.9677311443975024,0.5614135886912904,0.0,0,0.9955976460970601,0.9933071490757153,0.9890130573694068
809,1,1.0,1.0,1.0,1.0,1.0,0.99999999999997,0.9676918827422185,0.5255515974505744,0.0,0,0.9924847246700156,0.9933071490757153,0.9890130573694068
810,1,1.0,1.0,1.0,1.0,0.9771204,0.99999999999997,0.9676902951578005,0.4972402333988875,0.0,0,0.988554006286912,0.9933071490757153,0.9890130573694068
811,1,0.0,1.0,1.0,1.0,2.3661022e-08,0.99999999999997,0.9678241496570409,0.22037650741047593,0.0,0,0.5758225384401903,0.9933071490757153,0.9890130573694068
812,1,0.0,0.85,1.0,1.0,0.029651418,0.9999237634626174,0.8252773002826379,0.5200770906653259,0.0,0,0.9918467853495311,0.9933071490757153,0.9890130573694068
813,0,1.0,0.6,1.0,1.0,5.88553e-05,0.42331112870567605,0.018033952367275115,0.6819089697282422,0.0,0,0.9992750151455246,0.9933071490757153,0.9890130573694068
814,0,0.0,0.9833333333333333,1.0,1.0,0.5297533,0.34266210958408994,0.3121008684691711,0.370186126576831,0.0,0,0.9277608531180878,0.9933071490757153,0.9890130573694068
815,1,1.0,1.0,1.0,1.0,0.99997616,0.99999999999997,0.9467416963128522,0.49989082812612223,0.0,0,0.9889952488124346,0.9933071490757153,0.9890130573694068
816,1,0.0,1.0,1.0,1.0,0.13791561,0.99999999999997,0.9466137437235165,0.40558316516570786,0.0,0,0.9562173440091741,0.9933071490757153,0.9890130573694068
817,1,1.0,1.0,1.0,1.0,0.9999845,0.99999999999997,0.9465359213100442,0.29130147096248793,0.0,0,0.7973029249136031,0.9933071490757153,0.9890130573694068
818,1,1.0,1.0,1.0,1.0,1.0,0.99999999999997,0.9466853020317362,0.3800910171231027,0.0,0,0.9371071565758113,0.9933071490757153,0.9890130573694068
819,1,1.0,1.0,1.0,1.0,0.99958044,0.99999999999997,0.9465911456780626,0.24091710758377427,0.0,0,0.6487972594755673,0.9933071490757153,0.9890130573694068
820,1,1.0,1.0,1.0,1.0,0.9999925,0.99999999999997,0.9465983114618616,0.5942545320014798,0.0,0,0.9973054287768125,0.9933071490757153,0.9890130573694068
821,1,1.0,1.0,1.0,1.0,0.99999714,0.99999999999997,0.946706848334534,0.49502084741942753,0.0,0,0.988171129691454,0.9933071490757153,0.9890130573694068
822,1,1.0,1.0,1.0,1.0,0.9999666,0.99999999999997,0.9465460018605634,0.5940837341225799,0.0,0,0.9972985351935784,0.9933071490757153,0.9890130573694068
823,1,0.0,1.0,1.0,1.0,0.0036190124,0.99999999999997,0.9467158451891838,0.2544687804199694,0.0,0,0.6936058907198266,0.9933071490757153,0.9890130573694068
824,1,1.0,1.0,1.0,1.0,0.999998,0.99999999999997,0.9466030127756171,0.2822680940940532,0.0,0,0.7745216402011695,0.9933071490757153,0.9890130573694068
825,1,0.0,0.9666666666666667,1.0,1.0,5.040213e-06,0.8184051524114012,0.7757056077389364,0.1953351275150583,0.0,0,0.48251386228294607,0.9933071490757153,0.9890130573694068
826,1,1.0,1.0,1.0,1.0,0.9998766,0.7859636672975474,0.716336695144985,0.308694458175427,0.0,0,0.836226738144836,0.9933071490757153,0.9890130573694068
827,1,1.0,1.0,1.0,1.0,0.98163384,0.9999999987767618,0.9095160078170869,0.6667856685157724,0.0,0,0.9990905721290224,0.9933071490757153,0.9890130573694068
828,1,1.0,1.0,1.0,1.0,1.0,0.9999999978807121,0.9095033710443038,0.6046911072121156,0.0,0,0.9976949992324792,0.9933071490757153,0.9890130573694068
829,1,1.0,1.0,1.0,1.0,0.9999945,0.9999999870280847,0.9094417397974836,0.6646882176293941,0.0,0,0.9990615323502783,0.9933071490757153,0.9890130573694068
830,1,1.0,1.0,1.0,1.0,0.9999312,0.9999999339492777,0.9094068796401119,0.3338815607050901,0.0,0,0.881657783232062,0.9933071490757153,0.9890130573694068
831,1,0.0,1.0,1.0,1.0,5.028062e-05,0.9999997312897302,0.9095998559878699,0.14632730015082956,0.0,0,0.3089376664190203,0.9933071490757153,0.9890130573694068
832,1,0.0,1.0,1.0,1.0,1.2083927e-07,0.9999999370417253,0.9092196614244822,0.12427921469315804,0.0,0,0.24309015295131528,0.9933071490757153,0.9890130573694068
833,1,1.0,1.0,1.0,1.0,0.9997886,0.9999999946134999,0.909351931024336,0.19919529985452908,0.0,0,0.4969824110922051,0.9933071490757153,0.9890130573694068
834,1,0.0,1.0,1.0,1.0,0.20464718,0.9999999931320233,0.9096007572450648,0.1298652794451114,0.0,0,0.2588372390027792,0.9933071490757153,0.9890130573694068
835,1,1.0,1.0,1.0,1.0,0.9994727,0.9999999970329917,0.9095136100201243,0.49560686847838553,0.0,0,0.9882734395492814,0.9933071490757153,0.9890130573694068
836,1,0.0,1.0,1.0,1.0,2.7276199e-06,0.9999999992145532,0.9093535102404314,0.10103922621115005,0.0,0,0.1847619966801411,0.9933071490757153,0.9890130573694068
837,1,1.0,1.0,1.0,1.0,1.0,0.9999999960344356,0.9095435667776226,0.3901839748244977,0.0,0,0.9454611559936925,0.9933071490757153,0.9890130573694068
838,1,1.0,1.0,1.0,1.0,0.9659014,0.9999999943201119,0.9094569823955067,0.4919489007724302,0.0,0,0.9876202172728714,0.9933071490757153,0.9890130573694068
839,1,1.0,1.0,1.0,1.0,0.9999858,0.999999907238696,0.9093984894163653,0.420603515413204,0.0,0,0.9647380702881873,0.9933071490757153,0.9890130573694068
840,1,1.0,1.0,1.0,1.0,0.7576849,0.9999999869293293,0.9093035520879756,0.10527345561880666,0.0,0,0.19452081815643263,0.9933071490757153,0.9890130573694068
841,1,1.0,1.0,1.0,1.0,1.0,0.9999999997390573,0.9095169698957691,0.3988021185485689,0.0,0,0.9517557495950507,0.9933071490757153,0.9890130573694068
842,1,1.0,1.0,1.0,1.0,0.81313884,0.9999999999036715,0.9094936966362053,0.576084910154538,0.0,0,0.9964642000744841,0.9933071490757153,0.9890130573694068
843,1,0.0,1.0,1.0,1.0,2.635176e-05,0.9999999997683573,0.9096805381896547,0.2046862872339072,0.0,0,0.5175663443562559,0.9933071490757153,0.9890130573694068
844,1,1.0,1.0,1.0,1.0,0.6112051,0.9999999996717149,0.909356131790967,0.5074707402340781,0.0,0,0.990166333658893,0.9933071490757153,0.9890130573694068
845,1,1.0,1.0,1.0,1.0,0.9996567,0.9999999982775347,0.909736406356888,0.7272672672672673,0.0,0,0.9996327164381059,0.9933071490757153,0.9890130573694068
846,1,0.0,1.0,1.0,1.0,0.11860981,0.9999999978813416,0.9095678058415421,0.25151745452703045,0.0,0,0.6841180273733696,0.9933071490757153,0.9890130573694068
847,1,0.0,1.0,1.0,1.0,8.465724e-09,0.9999999996819238,0.9095121292342913,0.10564143352814377,0.0,0,0.19538711196611894,0.9933071490757153,0.9890130573694068
848,1,1.0,1.0,1.0,1.0,0.99999857,0.9999999892520842,0.9094785101209478,0.31128516380242327,0.0,0,0.8414794636447783,0.9933071490757153,0.9890130573694068
849,1,0.0,1.0,1.0,1.0,6.9831636e-08,0.9999999709761097,0.9096565773440884,0.20749529858891913,0.0,0,0.528077799747907,0.9933071490757153,0.9890130573694068
850,1,1.0,1.0,1.0,1.0,0.9953218,0.9999999959365944,0.9097031314046045,0.19233354880413703,0.0,0,0.47128244839852507,0.9933071490757153,0.9890130573694068
851,1,1.0,1.0,1.0,1.0,0.9988852,0.9999998617048629,0.9095759135950316,0.5320075757575757,0.0,0,0.9931736380486234,0.9933071490757153,0.9890130573694068
852,1,1.0,1.0,1.0,1.0,0.99999976,0.9999998983185379,0.9094281476557308,0.4619071560248031,0.0,0,0.9807084367170769,0.9933071490757153,0.9890130573694068
853,1,1.0,1.0,1.0,1.0,0.99999905,0.9999995911446111,0.9095944242320742,0.5718915681510369,0.0,0,0.9962355183658946,0.9933071490757153,0.9890130573694068
854,1,1.0,1.0,1.0,1.0,0.9999944,0.999939491788208,0.9094954477090428,0.3603720654928638,0.0,0,0.9172518924872654,0.9933071490757153,0.9890130573694068
855,1,0.0,1.0,1.0,1.0,0.00025363665,0.9998063662079711,0.9097254038553044,0.26263046757164404,0.0,0,0.7189899636413476,0.9933071490757153,0.9890130573694068
856,1,1.0,1.0,1.0,1.0,0.72695833,0.9998450897193454,0.909595705321948,0.44124702911467617,0.0,0,0.9738830179771437,0.9933071490757153,0.9890130573694068
857,1,1.0,1.0,1.0,1.0,0.9568458,0.9991183135988816,0.909426120211171,0.2247869040089154,0.0,0,0.5918947101532475,0.9933071490757153,0.9890130573694068
858,1,1.0,1.0,1.0,1.0,0.99968266,0.9997740313290026,0.9095779403094607,0.47324586299918364,0.0,0,0.9836764462004426,0.9933071490757153,0.9890130573694068
859,1,1.0,1.0,1.0,1.0,0.9999982,0.9999997520456853,0.9093542012386316,0.6118817074154764,0.0,0,0.9979301881469994,0.9933071490757153,0.9890130573694068
860,1,0.0,1.0,1.0,1.0,1.02621645e-08,0.9999999875237839,0.909332908059263,0.1594784278959811,0.0,0,0.3525558280981132,0.9933071490757153,0.9890130573694068
861,1,0.0,1.0,1.0,1.0,0.0052946145,0.9999999975066285,0.9095786246500073,0.25832523322719403,0.0,0,0.7057597970941296,0.9933071490757153,0.9890130573694068
862,1,1.0,1.0,1.0,1.0,0.9999994,0.9999999977999976,0.9093337051847308,0.28329534662867994,0.0,0,0.7772012103837174,0.9933071490757153,0.9890130573694068
863,1,1.0,1.0,1.0,1.0,0.97622377,0.999999999484085,0.9094016174690199,0.26764242809134453,0.0,0,0.7339265235139388,0.9933071490757153,0.9890130573694068
864,1,1.0,1.0,1.0,1.0,0.9292703,0.9999999992479125,0.9094223691430307,0.5633946078431373,0.0,0,0.9957259878933082,0.9933071490757153,0.9890130573694068
865,1,1.0,1.0,1.0,1.0,0.99999905,0.9999999999624788,0.9092162385848634,0.44358642747879296,0.0,0,0.9747608650989211,0.9933071490757153,0.9890130573694068
866,1,0.0,1.0,1.0,1.0,0.036319323,0.9999999999824777,0.9094881751874918,0.37786764705882353,0.0,0,0.935112673786883,0.9933071490757153,0.9890130573694068
867,1,1.0,1.0,1.0,1.0,0.9814542,0.9999999999950486,0.9097048232193113,0.6085209023245847,0.0,0,0.9978234027243894,0.9933071490757153,0.9890130573694068
868,1,0.0,1.0,1.0,1.0,0.0013202822,0.9999999999853473,0.9096117407998594,0.313993085156768,0.0,0,0.8468228304471329,0.9933071490757153,0.9890130573694068
869,1,1.0,1.0,1.0,1.0,1.0,0.999999999997001,0.9096593194589055,0.5015664090903489,0.0,0,0.9892654600863815,0.9933071490757153,0.9890130573694068
870,1,1.0,1.0,1.0,1.0,0.999997,0.9999999999996253,0.9094065527072729,0.4569451444388445,0.0,0,0.9792487084717084,0.9933071490757153,0.9890130573694068
871,1,1.0,1.0,1.0,1.0,0.7910726,0.9999999999990531,0.9098693082228898,0.2941422182908251,0.0,0,0.8041021989763977,0.9933071490757153,0.9890130573694068
872,1,1.0,1.0,1.0,1.0,0.9999999,0.9999999999994151,0.9095839847352811,0.5674941879153491,0.0,0,0.9959798700504892,0.9933071490757153,0.9890130573694068
873,1,1.0,1.0,1.0,1.0,0.99974674,0.9999999999998489,0.9096480207876778,0.5454530087897228,0.0,0,0.994413472160818,0.9933071490757153,0.9890130573694068
874,1,1.0,1.0,1.0,1.0,0.9183586,0.9999999999999672,0.9095094905524477,0.43917762180629827,0.0,0,0.9730817689949105,0.9933071490757153,0.9890130573694068
875,1,1.0,1.0,1.0,1.0,0.9999783,0.99999999999997,0.9095257832961597,0.53990231990232,0.0,0,0.9939313670924297,0.9933071490757153,0.9890130573694068
876,1,1.0,1.0,1.0,1.0,0.9999232,0.9999999999999699,0.9092786003793126,0.5505709342560554,0.0,0,0.9948241582531201,0.9933071490757153,0.9890130573694068
877,1,0.0,1.0,1.0,1.0,1.8750182e-11,0.99999999999997,0.9096793903586704,0.1073624127424891,0.0,0,0.1994774014093083,0.9933071490757153,0.9890130573694068
878,1,1.0,1.0,1.0,1.0,0.99955446,0.999999999999967,0.9095508049799067,0.3542270531400966,0.0,0,0.9099812323196834,0.9933071490757153,0.9890130573694068
879,1,0.0,1.0,1.0,1.0,0.21705051,0.9999999999999603,0.9095822303688645,0.2538084139771326,0.0,0,0.6914967791464773,0.9933071490757153,0.9890130573694068
880,1,0.0,0.9666666666666667,1.0,1.0,3.875443e-07,0.8480683350910818,0.7162302506394992,0.12639715805350482,0.0,0,0.24898319405007352,0.9933071490757153,0.9890130573694068
881,0,1.0,1.0,1.0,1.0,0.0027850433,0.01606173316271566,0.017989821399923837,0.3957461275108334,0.0,0,0.9496068073609849,0.9933071490757153,0.9890130573694068
882,0,1.0,1.0,1.0,1.0,5.2915752e-06,0.0050532667916352025,0.017983376347938774,0.17174849267872522,0.0,0,0.3956143511090051,0.9933071490757153,0.9890130573694068
883,0,1.0,1.0,1.0,1.0,3.191545e-07,0.004146274075469988,0.017961484584715696,0.4392834010481069,0.0,0,0.9731232989628585,0.9933071490757153,0.9890130573694068
884,0,1.0,1.0,1.0,1.0,1.09670655e-08,0.004636146639411926,0.0179944915839615,0.5610226971447014,0.0,0,0.9955718722679088,0.9933071490757153,0.9890130573694068
885,0,1.0,1.0,1.0,1.0,1.9166762e-08,0.003726871135653706,0.017979146396466705,0.4889286210938276,0.0,0,0.9870538904547526,0.9933071490757153,0.9890130573694068
886,0,1.0,1.0,1.0,1.0,0.0021484485,0.004018132393206633,0.01801043044870339,0.4140522875816993,0.0,0,0.9612380991849565,0.9933071490757153,0.9890130573694068
887,0,1.0,1.0,1.0,1.0,6.233908e-07,0.006761612743274847,0.01799459506629903,0.4769978071112251,0.0,0,0.9845559529685054,0.9933071490757153,0.9890130573694068
888,0,1.0,1.0,1.0,1.0,5.09844e-07,0.004501483386845154,0.017981466904503855,0.48366458704694,0.0,0,0.9860051035357815,0.9933071490757153,0.9890130573694068
889,0,1.0,1.0,1.0,1.0,8.586785e-08,0.004339738879090353,0.018001759163478806,0.2100476075203744,0.0,0,0.5376073683253021,0.9933071490757153,0.9890130573694068
890,0,1.0,1.0,1.0,1.0,0.00042589492,0.003463325030834546,0.017989572726528933,0.3328511295822677,0.0,0,0.8800355593159498,0.9933071490757153,0.9890130573694068
891,0,1.0,1.0,1.0,1.0,1.3196635e-10,0.003678113208548127,0.01796673926218494,0.15769126330081146,0.0,0,0.3464612040699805,0.9933071490757153,0.9890130573694068
892,0,1.0,1.0,1.0,1.0,1.5578165e-07,0.0034750417163876353,0.017985638509420476,0.26571153421110794,0.0,0,0.7282324147358847,0.9933071490757153,0.9890130573694068
893,0,1.0,1.0,1.0,1.0,0.00038000406,0.00362497591197629,0.01801384712738893,0.6001080321935937,0.0,0,0.9975313705587586,0.9933071490757153,0.9890130573694068
894,0,1.0,1.0,1.0,1.0,4.435342e-08,0.0039274670665148306,0.018000589774120942,0.13973376697834902,0.0,0,0.2882305247142984,0.9933071490757153,0.9890130573694068
895,0,1.0,1.0,1.0,1.0,4.1508124e-06,0.0040584989773278105,0.018000872606315135,0.39098576497747545,0.0,0,0.9460780007388045,0.9933071490757153,0.9890130573694068
896,0,1.0,1.0,1.0,1.0,6.8151046e-08,0.38769393440178895,0.38020668287901305,0.77383504008891,0.0,0,0.9998173078953101,0.9933071490757153,0.9890130573694068
897,1,1.0,1.0,1.0,1.0,0.9835398,0.9999999999997782,0.9632510488361653,0.5491681521093286,0.0,0,0.9947146774006633,0.9933071490757153,0.9890130573694068
898,1,1.0,1.0,1.0,1.0,0.9999769,0.99999999999824,0.963196069694616,0.6649914989331522,0.0,0,0.9990657879700227,0.9933071490757153,0.9890130573694068
899,1,0.0,1.0,1.0,1.0,1.9558188e-11,0.9999999999997295,0.9631984070468163,0.11942200760901375,0.0,0,0.22993648393438437,0.9933071490757153,0.9890130573694068
900,1,1.0,1.0,1.0,1.0,0.9999944,0.9999999999997963,0.9632692505178686,0.4967525393995982,0.0,0,0.9884709360272831,0.9933071490757153,0.9890130573694068
901,1,0.0,1.0,1.0,1.0,2.867302e-11,0.9999999999999566,0.9632126717238269,0.10911470917187886,0.0,0,0.20370783688439578,0.9933071490757153,0.9890130573694068
902,1,1.0,1.0,1.0,1.0,0.99983716,0.9999999999998586,0.9632920091222,0.41910694002197274,0.0,0,0.9639663825491451,0.9933071490757153,0.9890130573694068
903,1,0.0,1.0,1.0,1.0,0.00090254855,0.9999999999999474,0.9631309029353752,0.2485253148878599,0.0,0,0.6743398201201214,0.9933071490757153,0.9890130573694068
904,1,1.0,1.0,1.0,1.0,0.98881286,0.9999999999999407,0.9632168566508259,0.289622428492094,0.0,0,0.7932021608690738,0.9933071490757153,0.9890130573694068
905,0,1.0,1.0,1.0,1.0,3.9016723e-07,0.25329292864678316,0.2543034594209802,0.4880501546151565,0.0,0,0.9868844229186814,0.9933071490757153,0.9890130573694068
906,1,1.0,1.0,1.0,1.0,0.99999976,0.9667713372297629,0.9067937543898914,0.4373574987635246,0.0,0,0.9723573223250527,0.9933071490757153,0.9890130573694068
907,1,1.0,1.0,1.0,1.0,0.98932296,0.9999999999999692,0.9374911252466979,0.17157399278119206,0.0,0,0.3949886690203697,0.9933071490757153,0.9890130573694068
908,1,1.0,1.0,1.0,1.0,0.815182,0.999999999999967,0.9374693246392335,0.3091618491368178,0.0,0,0.8371846252150305,0.9933071490757153,0.9890130573694068
909,1,0.0,1.0,1.0,1.0,0.0007776398,0.99999999999997,0.9375181461281158,0.5421267766365806,0.0,0,0.9941293481372158,0.9933071490757153,0.9890130573694068
910,1,1.0,1.0,1.0,1.0,1.0,0.99999999999997,0.9374560658141711,0.559824768988055,0.0,0,0.9954919463436096,0.9933071490757153,0.9890130573694068
911,1,1.0,1.0,1.0,1.0,1.0,0.9999999999999696,0.9374754990550888,0.6360749338754454,0.0,0,0.9985592130678422,0.9933071490757153,0.9890130573694068
912,1,1.0,1.0,1.0,1.0,0.99999976,0.9999999999999697,0.9374124882260506,0.3985773044850124,0.0,0,0.9516006725525089,0.9933071490757153,0.9890130573694068
913,1,0.0,1.0,1.0,1.0,0.04007993,0.9999999999999586,0.937566748850821,0.3324049619847939,0.0,0,0.8793272117531941,0.9933071490757153,0.9890130573694068
914,1,1.0,1.0,1.0,1.0,0.9984364,0.9999999999997884,0.9374150828727792,0.4972632692368413,0.0,0,0.9885579153786669,0.9933071490757153,0.9890130573694068
915,1,0.0,1.0,1.0,1.0,5.6077893e-09,0.9999999999999137,0.937465980780644,0.22158966873134228,0.0,0,0.5802610287857807,0.9933071490757153,0.9890130573694068
916,1,1.0,1.0,1.0,1.0,0.96843183,0.9999999999994035,0.9374985942776971,0.28680414387977415,0.0,0,0.786181836319146,0.9933071490757153,0.9890130573694068
917,1,0.0,1.0,1.0,1.0,3.0860295e-07,0.9999999999588441,0.9375167682354806,0.21987546192185795,0.0,0,0.5739857879051099,0.9933071490757153,0.9890130573694068
918,1,1.0,1.0,1.0,1.0,0.9999168,0.9999999999170599,0.9375327819041316,0.2222265470842321,0.0,0,0.5825859823171486,0.9933071490757153,0.9890130573694068
919,1,0.0,1.0,1.0,1.0,2.3617802e-10,0.9999999997194077,0.9374738989958934,0.186449641913503,0.0,0,0.4493603757479164,0.9933071490757153,0.9890130573694068
920,1,1.0,1.0,1.0,1.0,0.9762006,0.9999999997116332,0.9375659789756631,0.3337320799375992,0.0,0,0.8814236365803464,0.9933071490757153,0.9890130573694068
921,1,1.0,1.0,1.0,1.0,1.0,0.9999999999612047,0.9374719157053247,0.49927100058794527,0.0,0,0.9888935976401825,0.9933071490757153,0.9890130573694068
922,1,1.0,1.0,1.0,1.0,0.6277756,0.9999999999994171,0.9376984918280369,0.4025856739092033,0.0,0,0.9542958706460222,0.9933071490757153,0.9890130573694068
923,1,1.0,1.0,1.0,1.0,0.99996996,0.9999999999989668,0.9373362749368237,0.47098533827945593,0.0,0,0.9831229598961054,0.9933071490757153,0.9890130573694068
924,1,1.0,1.0,1.0,1.0,0.7338189,0.9999999999997933,0.937547182256091,0.2857851801024404,0.0,0,0.783601282367819,0.9933071490757153,0.9890130573694068
925,1,1.0,1.0,1.0,1.0,0.99550205,0.9999999999994617,0.9375086998685552,0.2949356947079907,0.0,0,0.8059702636500122,0.9933071490757153,0.9890130573694068
926,1,0.0,1.0,1.0,1.0,0.0126305865,0.9999999999999483,0.9375679408393426,0.29618818287548937,0.0,0,0.8088913888291617,0.9933071490757153,0.9890130573694068
927,0,1.0,0.9833333333333333,1.0,1.0,1.20719305e-05,0.30352500070866817,0.2784953162590488,0.5024461699842964,0.0,0,0.989404695882165,0.9933071490757153,0.9890130573694068
928,0,1.0,1.0,1.0,1.0,4.1929265e-08,0.004747659759083084,0.018016101913081665,0.15295165074576839,0.0,0,0.33054409325416617,0.9933071490757153,0.9890130573694068
929,1,1.0,1.0,1.0,1.0,1.0,0.9999999999990776,0.9846286313818912,0.5280149032237694,0.0,0,0.9927553683739154,0.9933071490757153,0.9890130573694068
930,1,1.0,1.0,1.0,1.0,0.9991197,0.9999999999999666,0.9847119894086894,0.29893149358508836,0.0,0,0.8151718391993403,0.9933071490757153,0.9890130573694068
931,1,1.0,1.0,1.0,1.0,0.9994923,0.9999999999999513,0.984660528308736,0.3328936983598471,0.0,0,0.8801029546456989,0.9933071490757153,0.9890130573694068
932,1,0.0,1.0,1.0,1.0,3.1034393e-08,0.9999999999998361,0.984693395315285,0.10965727270597607,0.0,0,0.2050311668326335,0.9933071490757153,0.9890130573694068
933,1,1.0,1.0,1.0,1.0,1.0,0.9999999999986275,0.9846326147886786,0.46052039605363376,0.0,0,0.9803109262051293,0.9933071490757153,0.9890130573694068
934,1,0.0,1.0,1.0,1.0,0.2493686,0.999999999997699,0.9846396366270352,0.2848500640566304,0.0,0,0.7812133033323229,0.9933071490757153,0.9890130573694068
935,1,1.0,1.0,1.0,1.0,1.0,0.9999999999996642,0.9846542059639742,0.7096564079946377,0.0,0,0.9995217249198004,0.9933071490757153,0.9890130573694068
936,1,0.0,1.0,1.0,1.0,5.998344e-06,0.9999999999997773,0.9846676814562306,0.2666312414758134,0.0,0,0.7309540905745947,0.9933071490757153,0.9890130573694068
937,1,1.0,1.0,1.0,1.0,0.99704665,0.9999999999999608,0.984676389995256,0.55860678895214,0.0,0,0.9954092101731515,0.9933071490757153,0.9890130573694068
938,1,1.0,1.0,1.0,1.0,1.0,0.999999999999789,0.9846894062618163,0.6120416528193199,0.0,0,0.997935137806648,0.9933071490757153,0.9890130573694068
939,1,1.0,1.0,1.0,1.0,0.62771374,0.9999999999984255,0.9846466719028022,0.5058578958465106,0.0,0,0.9899279553440657,0.9933071490757153,0.9890130573694068
940,1,1.0,1.0,1.0,1.0,0.9993795,0.9999999999813259,0.9846969656413962,0.3642189984101749,0.0,0,0.9215275435175463,0.9933071490757153,0.9890130573694068
941,1,0.0,1.0,1.0,1.0,0.0045899735,0.9999999999116268,0.9846620778009331,0.3660038663352665,0.0,0,0.9234419028208282,0.9933071490757153,0.9890130573694068
942,1,1.0,1.0,1.0,1.0,0.99813855,0.9999999997014355,0.984693517191333,0.26140264877880975,0.0,0,0.7152539108221045,0.9933071490757153,0.9890130573694068
943,1,0.0,1.0,1.0,1.0,0.018778192,0.999999999954881,0.9846682992509219,0.315651697238035,0.0,0,0.8500222350484498,0.9933071490757153,0.9890130573694068
944,1,1.0,1.0,1.0,1.0,0.99656326,0.9999999999916079,0.9846936590962293,0.3167694542204346,0.0,0,0.8521471641777605,0.9933071490757153,0.9890130573694068
945,1,1.0,1.0,1.0,1.0,0.85733944,0.9999999999739726,0.984622421497864,0.22468048151160105,0.0,0,0.5915090497873621,0.9933071490757153,0.9890130573694068
946,1,1.0,1.0,1.0,1.0,0.99997735,0.9999999999457685,0.9846659109494688,0.34704111321948133,0.0,0,0.9007527595683791,0.9933071490757153,0.9890130573694068
947,1,0.0,1.0,1.0,1.0,5.418539e-06,0.9999999998525665,0.9846636959675765,0.13607578166401696,0.0,0,0.27710584386425285,0.9933071490757153,0.9890130573694068
948,1,1.0,1.0,1.0,1.0,0.9954236,0.999999999649108,0.98465039486438,0.2999636891793755,0.0,0,0.8174932276910112,0.9933071490757153,0.9890130573694068
949,1,0.0,1.0,1.0,1.0,0.22536327,0.9999999998084714,0.9846944530059585,0.22362177846048814,0.0,0,0.5876663921004865,0.9933071490757153,0.9890130573694068
950,1,1.0,1.0,1.0,1.0,0.99969494,0.9999999985708458,0.9846874642895348,0.5695859485233299,0.0,0,0.9961035651058506,0.9933071490757153,0.9890130573694068
951,1,0.0,1.0,1.0,1.0,0.0025260074,0.9999999999227441,0.9846702204874997,0.221377733785822,0.0,0,0.5794865545259323,0.9933071490757153,0.9890130573694068
952,1,1.0,1.0,1.0,1.0,0.9999919,0.999999999997106,0.9846881182647171,0.4882463452369676,0.0,0,0.9869224594637409,0.9933071490757153,0.9890130573694068
953,1,1.0,1.0,1.0,1.0,0.99999976,0.9999999999998067,0.9846442006504531,0.4791086268594919,0.0,0,0.9850300811577147,0.9933071490757153,0.9890130573694068
954,1,1.0,1.0,1.0,1.0,0.99993503,0.9999999999999531,0.9846422733204444,0.49121443082965394,0.0,0,0.9874847909012731,0.9933071490757153,0.9890130573694068
955,1,1.0,1.0,1.0,1.0,0.9968072,0.9999999999999629,0.9846763421384164,0.3098295946856648,0.0,0,0.8385452896289134,0.9933071490757153,0.9890130573694068
956,1,1.0,1.0,1.0,1.0,0.9999989,0.9999999999998512,0.9846540050132532,0.6938391730961391,0.0,0,0.9993937354068869,0.9933071490757153,0.9890130573694068
957,1,1.0,1.0,1.0,1.0,0.99999726,0.9999999999997401,0.984654916820648,0.4890451832907076,0.0,0,0.9870762138030427,0.9933071490757153,0.9890130573694068
958,1,1.0,1.0,1.0,1.0,0.99909735,0.9999999999991471,0.9846936263051009,0.15963368212503162,0.0,0,0.353087585905719,0.9933071490757153,0.9890130573694068
959,1,1.0,1.0,1.0,1.0,0.99996364,0.9999999999999678,0.9846291524797248,0.5314433398631784,0.0,0,0.9931160171007373,0.9933071490757153,0.9890130573694068
960,1,0.0,1.0,1.0,1.0,0.022493623,0.9999999999999497,0.9846586755856829,0.20161393345216874,0.0,0,0.5060519548731786,0.9933071490757153,0.9890130573694068
961,1,0.0,1.0,1.0,1.0,2.2193967e-07,0.99999999999997,0.9846737240468201,0.10721179251842582,0.0,0,0.19911686685996752,0.9933071490757153,0.9890130573694068
962,1,1.0,1.0,1.0,1.0,0.9999906,0.99999999999997,0.9846708968134198,0.40681640177438494,0.0,0,0.9569852964401021,0.9933071490757153,0.9890130573694068
963,1,0.0,1.0,1.0,1.0,1.322064e-07,0.99999999999997,0.9846335652065825,0.1267515364354697,0.0,0,0.24997850096634827,0.9933071490757153,0.9890130573694068
964,1,0.0,1.0,1.0,1.0,6.106976e-10,0.9999999999999695,0.9846284188719899,0.13579615421047644,0.0,0,0.2762664128850914,0.9933071490757153,0.9890130573694068
965,1,0.0,1.0,1.0,1.0,6.4462116e-12,0.9999999999996739,0.9846750622181176,0.1829680698570508,0.0,0,0.436475404870755,0.9933071490757153,0.9890130573694068
966,1,1.0,1.0,1.0,1.0,0.99999845,0.9999999999999403,0.9847119536952633,0.2914741731350728,0.0,0,0.7977212609752079,0.9933071490757153,0.9890130573694068
967,1,0.0,1.0,1.0,1.0,0.18075751,0.9999999999999153,0.9846691220572796,0.2421120082019736,0.0,0,0.6528703273210783,0.9933071490757153,0.9890130573694068
968,1,1.0,0.9666666666666667,1.0,1.0,0.9999906,0.8170181983901428,0.7593488877701345,0.2006629701060752,0.0,0,0.5024861174092857,0.9933071490757153,0.9890130573694068
969,1,1.0,1.0,1.0,1.0,0.99966264,0.9999999999999478,0.9882781229196802,0.5783291614518148,0.0,0,0.9965808470478399,0.9933071490757153,0.9890130573694068
970,1,0.0,1.0,1.0,1.0,0.06575644,0.9999999999994564,0.9882838168159953,0.23524077375057767,0.0,0,0.6291592329969199,0.9933071490757153,0.9890130573694068
971,1,0.0,1.0,1.0,1.0,3.88133e-06,0.9999999999999268,0.9882480025530231,0.18021762081739012,0.0,0,0.426355664704691,0.9933071490757153,0.9890130573694068
972,1,0.0,1.0,1.0,1.0,0.06654641,0.999999999999678,0.9882575290570209,0.2817752100840336,0.0,0,0.7732278770617447,0.9933071490757153,0.9890130573694068
973,1,0.0,1.0,1.0,1.0,5.4949345e-05,0.9999999999986806,0.98828311500114,0.09233748031268514,0.0,0,0.1659041938041831,0.9933071490757153,0.9890130573694068
974,1,1.0,1.0,1.0,1.0,1.0,0.9999999999987251,0.9882950517544766,0.5328303317147131,0.0,0,0.9932568021736715,0.9933071490757153,0.9890130573694068
975,1,0.0,1.0,1.0,1.0,0.00022272767,0.9999999999998644,0.9882942575898312,0.24123561943631147,0.0,0,0.6498851227159159,0.9933071490757153,0.9890130573694068
976,1,0.0,1.0,1.0,1.0,0.0010856609,0.9999999999999455,0.9882835602038129,0.35464677047289506,0.0,0,0.9104956225354076,0.9933071490757153,0.9890130573694068
977,1,1.0,1.0,1.0,1.0,0.99999154,0.9999999999999534,0.9882963871126997,0.32551444177741756,0.0,0,0.8679228522911796,0.9933071490757153,0.9890130573694068
978,1,1.0,1.0,1.0,1.0,0.99999106,0.9999999999999699,0.9882763255644155,0.2679467333492101,0.0,0,0.734816934782104,0.9933071490757153,0.9890130573694068
979,1,1.0,1.0,1.0,1.0,0.9999931,0.99999999999997,0.9882911731434326,0.43285758340593833,0.0,0,0.9704840379302616,0.9933071490757153,0.9890130573694068
980,1,1.0,1.0,1.0,1.0,0.94946414,0.99999999999997,0.9882882284367913,0.7008887928896569,0.0,0,0.9994545380480748,0.9933071490757153,0.9890130573694068
981,1,0.0,1.0,1.0,1.0,0.39233473,0.99999999999997,0.9882366411160924,0.24437632786778898,0.0,0,0.6605272986499016,0.9933071490757153,0.9890130573694068
982,1,0.0,1.0,1.0,1.0,0.0005749933,0.99999999999997,0.9882612367488615,0.10585199240986717,0.0,0,0.1958841222675593,0.9933071490757153,0.9890130573694068
983,1,1.0,1.0,1.0,1.0,0.9999863,0.99999999999997,0.988268964299399,0.588291608421231,0.0,0,0.9970540514419617,0.9933071490757153,0.9890130573694068
984,1,1.0,1.0,1.0,1.0,0.99999,0.99999999999997,0.9882871334552716,0.5815218616182105,0.0,0,0.9967402117418989,0.9933071490757153,0.9890130573694068
985,1,1.0,1.0,1.0,1.0,0.9999999,0.99999999999997,0.9882730408052627,0.5772639410374079,0.0,0,0.9965259672941086,0.9933071490757153,0.9890130573694068
986,1,1.0,1.0,1.0,1.0,1.0,0.99999999999997,0.9882862047160402,0.5278653770769833,0.0,0,0.9927392193225163,0.9933071490757153,0.9890130573694068
987,1,1.0,1.0,1.0,1.0,0.99941003,0.99999999999997,0.9882666917909446,0.39300895352733345,0.0,0,0.9476053833483867,0.9933071490757153,0.9890130573694068
988,1,1.0,1.0,1.0,1.0,1.0,0.99999999999997,0.9882995812261005,0.4598696014353454,0.0,0,0.9801216212566525,0.9933071490757153,0.9890130573694068
989,1,0.0,1.0,1.0,1.0,0.09561179,0.99999999999997,0.988262818111345,0.16341354723707666,0.0,0,0.36614360759766185,0.9933071490757153,0.9890130573694068
990,1,1.0,1.0,1.0,1.0,0.97246504,0.99999999999997,0.988284389686883,0.32306592508798393,0.0,0,0.8636554629062357,0.9933071490757153,0.9890130573694068
991,1,0.0,1.0,1.0,1.0,0.14536294,0.99999999999997,0.9882565199498287,0.2876889297385621,0.0,0,0.7884043492373124,0.9933071490757153,0.9890130573694068
992,1,0.0,1.0,1.0,1.0,1.4533926e-09,0.99999999999997,0.9883068036331457,0.23670431940892298,0.0,0,0.6342666169408548,0.9933071490757153,0.9890130573694068
993,1,1.0,1.0,1.0,1.0,0.9999958,0.99999999999997,0.9882726983876741,0.47794927657672753,0.0,0,0.98477147280095,0.9933071490757153,0.9890130573694068
994,1,0.0,1.0,1.0,1.0,2.2109492e-09,0.99999999999997,0.9883025264317199,0.10321026282853567,0.0,0,0.18971761853926916,0.9933071490757153,0.9890130573694068
995,1,1.0,1.0,1.0,1.0,0.99998486,0.99999999999997,0.9883149297292804,0.5145123246727524,0.0,0,0.9911432998204153,0.9933071490757153,0.9890130573694068
996,1,0.0,1.0,1.0,1.0,9.710643e-10,0.99999999999997,0.988294366587845,0.16001807815324712,0.0,0,0.3544057361727647,0.9933071490757153,0.9890130573694068
997,1,1.0,1.0,1.0,1.0,0.9814098,0.99999999999997,0.9883066850492922,0.2990646332607117,0.0,0,0.8154725455833295,0.9933071490757153,0.9890130573694068
998,1,1.0,1.0,1.0,1.0,0.9985506,0.99999999999997,0.988281669838205,0.6003765191713543,0.0,0,0.9975412680935325,0.9933071490757153,0.9890130573694068
999,1,1.0,1.0,1.0,1.0,0.9893209,0.99999999999997,0.9882853289885999,0.24402063607020555,0.0,0,0.6593299191269619,0.9933071490757153,0.9890130573694068
1000,1,1.0,1.0,1.0,1.0,0.9853081,0.99999999999997,0.98829380013036,0.2895040369088812,0.0,0,0.7929107081912463,0.9933071490757153,0.9890130573694068
1001,1,0.0,1.0,1.0,1.0,2.3245818e-07,0.999999999999968,0.9883037082690791,0.1096602434077079,0.0,0,0.20503842999917515,0.9933071490757153,0.9890130573694068
1002,1,0.0,1.0,1.0,1.0,0.01627156,0.9999999999999698,0.9882772328289849,0.5000129757785468,0.0,0,0.9890151721349748,0.9933071490757153,0.9890130573694068
1003,1,1.0,1.0,1.0,1.0,0.9999987,0.99999999999997,0.9882823384837022,0.4734326846206892,0.0,0,0.9837213824525823,0.9933071490757153,0.9890130573694068
1004,1,1.0,1.0,1.0,1.0,1.0,0.99999999999997,0.9882761702939662,0.5924644091353016,0.0,0,0.997232297365788,0.9933071490757153,0.9890130573694068
1005,1,1.0,1.0,1.0,1.0,0.9950706,0.99999999999997,0.9882943421866375,0.2842306175343701,0.0,0,0.7796210258210747,0.9933071490757153,0.9890130573694068
1006,1,0.0,1.0,1.0,1.0,0.0002462629,0.99999999999997,0.988313456227937,0.12351160774943191,0.0,0,0.24097786020512377,0.9933071490757153,0.9890130573694068
1007,1,1.0,1.0,1.0,1.0,0.9999918,0.99999999999997,0.9882989212758054,0.36852131165856655,0.0,0,0.9260692159907107,0.9933071490757153,0.9890130573694068
