win_idx,label,acc_v,acc_m,acc_u,acc_fused,P_v,P_m,P_u,brightness,multipath_p,emi,w_v,w_m,w_u
0,0,1.0,0.0,0.5666666666666667,1.0,5.0128002e-17,0.8998945547350142,0.3740850980089475,0.472991239048811,0.5,0,0.9836150049567277,0.9933071490757153,0.3775406687981454
1,0,1.0,0.0,0.7166666666666667,1.0,0.00042936762,0.9965753752140145,0.28901212836331297,0.7343932167461579,0.5,0,0.9996699374474312,0.9933071490757153,0.3775406687981454
2,0,1.0,0.0,0.6,1.0,1.6319114e-05,0.9999999999980892,0.37142470870721495,0.5560317037825688,0.5,0,0.9952292783423453,0.9933071490757153,0.3775406687981454
3,0,1.0,0.21666666666666667,0.65,0.0,0.47118104,0.7954370187633272,0.3333545551126322,0.5650567877424193,0.5,0,0.9958307942845372,0.9933071490757153,0.3775406687981454
4,0,1.0,1.0,0.6666666666666666,1.0,1.5666826e-13,0.04899421507604752,0.3103758471305671,0.3502101817646006,0.5,0,0.9049221360849063,0.9933071490757153,0.3775406687981454
5,0,1.0,1.0,0.7166666666666667,1.0,5.304958e-07,0.00994491206116259,0.2959391075647055,0.5149133556931544,0.5,0,0.9911959494234546,0.9933071490757153,0.3775406687981454
6,0,1.0,1.0,0.55,1.0,1.3533453e-12,0.004636614793913556,0.35103098668596844,0.673453240945501,0.5,0,0.9991770555836388,0.9933071490757153,0.3775406687981454
7,0,1.0,1.0,0.5666666666666667,1.0,1.1514569e-06,0.0037724439659995923,0.3666900992652311,0.7697336293007769,0.5,0,0.9998057177852178,0.9933071490757153,0.3775406687981454
8,0,1.0,1.0,0.5,1.0,2.8957786e-10,0.0038766244303742575,0.3901041883148979,0.47668504901960784,0.5,0,0.9844844557890989,0.9933071490757153,0.3775406687981454
9,0,1.0,1.0,0.6,1.0,1.1934823e-09,0.005259897718037811,0.36242219661171293,0.5316325014854426,0.5,0,0.9931353883012218,0.9933071490757153,0.3775406687981454
10,0,1.0,1.0,0.6166666666666667,1.0,6.8180616e-14,0.004369202409883796,0.3705925220900164,0.33882466076946466,0.5,0,0.8891777814033919,0.9933071490757153,0.3775406687981454
11,0,1.0,1.0,0.6,1.0,1.1586832e-10,0.00404836093739255,0.33129484361320505,0.5884112486188611,0.5,0,0.9970593179760735,0.9933071490757153,0.3775406687981454
12,0,1.0,1.0,0.7166666666666667,1.0,1.3889149e-13,0.0060602368901151536,0.30204196531724803,0.33007862082030875,0.5,0,0.8755751768867807,0.9933071490757153,0.3775406687981454
13,0,1.0,1.0,0.5,1.0,2.0276866e-06,0.0053448560358522424,0.3814375969853271,0.7197594013450791,0.5,0,0.9995889526535902,0.9933071490757153,0.3775406687981454
14,0,1.0,1.0,0.5333333333333333,1.0,1.0844609e-08,0.00377432365521732,0.3832128654919175,0.6626667099152869,0.5,0,0.9990326676688622,0.9933071490757153,0.3775406687981454
15,0,1.0,1.0,0.65,1.0,7.660099e-06,0.004526577747687815,0.3540169841174437,0.5985256117951057,0.5,0,0.9974722233417367,0.9933071490757153,0.3775406687981454
16,0,1.0,1.0,0.8,1.0,1.082238e-11,0.0032693703080509382,0.22813417816508158,0.7068883723702247,0.5,0,0.9995014587636409,0.9933071490757153,0.3775406687981454
17,0,1.0,1.0,0.5666666666666667,1.0,9.976099e-06,0.004048478421273932,0.3592959088915379,0.39298388946221763,0.5,0,0.9475867139621446,0.9933071490757153,0.3775406687981454
18,0,1.0,1.0,0.6166666666666667,1.0,8.267703e-14,0.003298023982378141,0.3438951331865263,0.6812643081924128,0.5,0,0.9992679757493127,0.9933071490757153,0.3775406687981454
19,0,1.0,1.0,0.5833333333333334,1.0,1.0540571e-15,0.00435759000964884,0.3876786909314633,0.4100180781532471,0.5,0,0.9589194054137641,0.9933071490757153,0.3775406687981454
20,0,1.0,1.0,0.6833333333333333,1.0,0.00054043124,0.0030730702943107336,0.3027037703735319,0.43718395252837977,0.5,0,0.9722872661273539,0.9933071490757153,0.3775406687981454
21,0,1.0,1.0,0.5666666666666667,1.0,2.6840419e-11,0.004806173759825103,0.34544821076692356,0.36602447180422554,0.5,0,0.9234637511198427,0.9933071490757153,0.3775406687981454
22,0,1.0,1.0,0.65,1.0,3.1691798e-07,0.003567020908787875,0.32637034451781377,0.5224870335230866,0.5,0,0.9921339765723572,0.9933071490757153,0.3775406687981454
23,0,1.0,1.0,0.6666666666666666,1.0,0.01930715,0.004489673922503,0.34909380825404246,0.48017834523990477,0.5,0,0.9852648570601449,0.9933071490757153,0.3775406687981454
24,0,1.0,1.0,0.5166666666666667,1.0,1.0338325e-13,0.004042330597483467,0.3587259790154484,0.6507326242043658,0.5,0,0.9988432567619593,0.9933071490757153,0.3775406687981454
25,0,1.0,1.0,0.5666666666666667,1.0,8.649128e-09,0.004328244939429461,0.3742308685647958,0.6363720612623158,0.5,0,0.9985656110476121,0.9933071490757153,0.3775406687981454
26,0,1.0,1.0,0.6833333333333333,1.0,4.183207e-11,0.003302753457018563,0.27462038757024526,0.6514026292335116,0.5,0,0.9988548106495583,0.9933071490757153,0.3775406687981454
27,0,1.0,1.0,0.6333333333333333,1.0,1.0084135e-09,0.005798101084316507,0.3423330705292206,0.6577132951563839,0.5,0,0.9989581338893614,0.9933071490757153,0.3775406687981454
28,0,1.0,1.0,0.65,1.0,0.022972692,0.0035855559152852055,0.3344726322124588,0.7064496111482088,0.5,0,0.999498168486304,0.9933071490757153,0.3775406687981454
29,0,1.0,1.0,0.6333333333333333,1.0,1.0084135e-09,0.0037287675492776095,0.34755762334415613,0.6577132951563839,0.5,0,0.9989581338893614,0.9933071490757153,0.3775406687981454
30,0,1.0,1.0,0.6666666666666666,1.0,0.00032671785,0.0036246334932365717,0.32001987128731335,0.6671687462863933,0.5,0,0.999095778156155,0.9933071490757153,0.3775406687981454
31,0,1.0,1.0,0.65,1.0,3.0423872e-11,0.003503653238320574,0.32137783993556324,0.5627621591272167,0.5,0,0.9956854243282073,0.9933071490757153,0.3775406687981454
32,0,1.0,1.0,0.65,1.0,6.290681e-15,0.004315571370164177,0.3283089515754076,0.39699554999304687,0.5,0,0.9504961303695368,0.9933071490757153,0.3775406687981454
33,0,1.0,1.0,0.6333333333333333,1.0,0.0031141515,0.004066454386027052,0.3181115762551879,0.5628752511105453,0.5,0,0.9956927057834333,0.9933071490757153,0.3775406687981454
34,0,1.0,1.0,0.5833333333333334,1.0,2.1842863e-13,0.003173978685076231,0.33522124397748154,0.8479398516163222,0.5,0,0.9999398793930001,0.9933071490757153,0.3775406687981454
35,0,1.0,1.0,0.7166666666666667,1.0,2.6139008e-12,0.23756812570192906,0.3930298369983794,0.5148561988898124,0.5,0,0.9911884645554929,0.9933071490757153,0.3775406687981454
36,1,1.0,1.0,0.7166666666666667,1.0,0.999416,0.99999999999997,0.7417640248268647,0.5532285055729216,0.5,0,0.9950254212075569,0.9933071490757153,0.3775406687981454
37,1,1.0,1.0,0.6,1.0,1.0,0.99999999999997,0.6812069638238547,0.7175756577140661,0.5,0,0.9995752711891158,0.9933071490757153,0.3775406687981454
38,1,1.0,1.0,0.7166666666666667,1.0,0.9999995,0.99999999999997,0.7558329478792319,0.8170417223042145,0.5,0,0.9999044366712959,0.9933071490757153,0.3775406687981454
39,1,1.0,1.0,0.6,1.0,1.0,0.99999999999997,0.6832005578480279,0.408818164081553,0.5,0,0.9582044967445575,0.9933071490757153,0.3775406687981454
40,1,1.0,1.0,0.6833333333333333,1.0,1.0,0.99999999999997,0.749965328317184,0.3665144863915715,0.5,0,0.9239816389195311,0.9933071490757153,0.3775406687981454
41,1,1.0,1.0,0.6833333333333333,1.0,0.916191,0.99999999999997,0.7605697763971652,0.5083182996677806,0.5,0,0.9902893552238379,0.9933071490757153,0.3775406687981454
42,1,1.0,1.0,0.55,1.0,1.0,0.99999999999997,0.684932682365782,0.4387786157197922,0.5,0,0.9729245529910294,0.9933071490757153,0.3775406687981454
43,1,1.0,1.0,0.6,1.0,0.99999976,0.99999999999997,0.6953331512153408,0.3637600573432921,0.5,0,0.9210282750762725,0.9933071490757153,0.3775406687981454
44,1,1.0,1.0,0.5333333333333333,1.0,0.99990904,0.99999999999997,0.6531271283949794,0.5674707602339182,0.5,0,0.9959784627497394,0.9933071490757153,0.3775406687981454
45,1,1.0,1.0,0.6166666666666667,1.0,1.0,0.99999999999997,0.6900272321366395,0.4850824420677362,0.5,0,0.9862955658480955,0.9933071490757153,0.3775406687981454
46,1,1.0,1.0,0.6166666666666667,1.0,1.0,0.99999999999997,0.6958406468792869,0.5805175417632165,0.5,0,0.9966908956587719,0.9933071490757153,0.3775406687981454
47,1,1.0,1.0,0.6833333333333333,1.0,0.9999666,0.99999999999997,0.7463602026553785,0.6713575921486672,0.5,0,0.9991507979762646,0.9933071490757153,0.3775406687981454
48,1,1.0,1.0,0.5833333333333334,1.0,1.0,0.99999999999997,0.6893471361234139,0.4980261437908497,0.5,0,0.9886866293624904,0.9933071490757153,0.3775406687981454
49,1,1.0,1.0,0.5166666666666667,1.0,1.0,0.99999999999997,0.6557010845582787,0.5871866237191314,0.5,0,0.9970049635772605,0.9933071490757153,0.3775406687981454
50,1,1.0,1.0,0.65,1.0,1.0,0.99999999999997,0.7071059417939557,0.3662729253317488,0.5,0,0.9237267404335548,0.9933071490757153,0.3775406687981454
51,1,1.0,1.0,0.7166666666666667,1.0,1.0,0.99999999999997,0.7881889805512338,0.6230632739851353,0.5,0,0.9982492331919136,0.9933071490757153,0.3775406687981454
52,1,1.0,1.0,0.6,1.0,1.0,0.99999999999997,0.6748232230051412,0.415833081950729,0.5,0,0.9622211987687119,0.9933071490757153,0.3775406687981454
53,1,1.0,1.0,0.5833333333333334,1.0,0.9999995,0.99999999999997,0.6808836150603358,0.24789408412937824,0.5,0,0.6722570702242395,0.9933071490757153,0.3775406687981454
54,1,1.0,1.0,0.6333333333333333,1.0,1.0,0.99999999999997,0.6907616972621187,0.6640377297872554,0.5,0,0.9990523393242902,0.9933071490757153,0.3775406687981454
55,1,1.0,1.0,0.6,1.0,1.0,0.99999999999997,0.6988809444041091,0.7622989766081871,0.5,0,0.9997828021504124,0.9933071490757153,0.3775406687981454
56,1,1.0,1.0,0.6,1.0,1.0,0.99999999999997,0.6855320983352123,0.39575399566631836,0.5,0,0.9496124548687989,0.9933071490757153,0.3775406687981454
57,1,1.0,1.0,0.7,1.0,1.0,0.99999999999997,0.7392098016658694,0.7175756577140661,0.5,0,0.9995752711891158,0.9933071490757153,0.3775406687981454
58,1,1.0,1.0,0.55,1.0,1.0,0.99999999999997,0.6514080329570948,0.38703501976922455,0.5,0,0.9429736714424501,0.9933071490757153,0.3775406687981454
59,1,1.0,1.0,0.65,1.0,0.9999993,0.99999999999997,0.736653996906424,0.40807701819466524,0.5,0,0.9577569935336163,0.9933071490757153,0.3775406687981454
60,1,1.0,1.0,0.6666666666666666,1.0,1.0,0.99999999999997,0.723647496593943,0.7768838399557354,0.5,0,0.9998254731816631,0.9933071490757153,0.3775406687981454
61,1,1.0,1.0,0.65,1.0,1.0,0.99999999999997,0.7122832926540744,0.7082668524926311,0.5,0,0.999511656374988,0.9933071490757153,0.3775406687981454
62,1,1.0,1.0,0.6833333333333333,1.0,0.9999919,0.99999999999997,0.7356333175348352,0.6551456622535055,0.5,0,0.9989172684867411,0.9933071490757153,0.3775406687981454
63,1,1.0,1.0,0.5666666666666667,1.0,1.0,0.99999999999997,0.7182654598512587,0.37205725883604696,0.5,0,0.9296194840395884,0.9933071490757153,0.3775406687981454
64,1,1.0,1.0,0.7,1.0,0.9999635,0.99999999999997,0.7640560639590006,0.44845593006832846,0.5,0,0.9764968931758398,0.9933071490757153,0.3775406687981454
65,1,1.0,1.0,0.6333333333333333,1.0,0.9867486,0.99999999999997,0.7127819953903181,0.39120448179271705,0.5,0,0.9462451216753036,0.9933071490757153,0.3775406687981454
66,1,1.0,1.0,0.6333333333333333,1.0,1.0,0.99999999999997,0.737253029311992,0.4462799827392041,0.5,0,0.9757360344108759,0.9933071490757153,0.3775406687981454
67,1,1.0,1.0,0.6166666666666667,1.0,1.0,0.99999999999997,0.7075701332817332,0.23549757351500272,0.5,0,0.6300575246648786,0.9933071490757153,0.3775406687981454
68,1,1.0,1.0,0.55,1.0,0.999987,0.99999999999997,0.6827268270753292,0.5429381204467709,0.5,0,0.9941999500088662,0.9933071490757153,0.3775406687981454
69,1,1.0,1.0,0.45,1.0,1.0,0.99999999999997,0.6193826615019483,0.37496983408748114,0.5,0,0.9324248036740619,0.9933071490757153,0.3775406687981454
70,1,1.0,1.0,0.6666666666666666,1.0,0.999998,0.99999999999997,0.7324755073991486,0.24017046735099473,0.5,0,0.6462410917582152,0.9933071490757153,0.3775406687981454
71,1,1.0,1.0,0.6,1.0,1.0,0.99999999999997,0.7052242635593349,0.3811609859738202,0.5,0,0.9380464634991541,0.9933071490757153,0.3775406687981454
72,1,1.0,1.0,0.7166666666666667,1.0,1.0,0.99999999999997,0.7660518986883978,0.7446968273922195,0.5,0,0.99971718999915,0.9933071490757153,0.3775406687981454
73,1,1.0,1.0,0.5833333333333334,1.0,1.0,0.99999999999997,0.6973901448666316,0.5204046915569881,0.5,0,0.9918864278035081,0.9933071490757153,0.3775406687981454
74,1,1.0,1.0,0.6833333333333333,1.0,0.9999999,0.99999999999997,0.7444233167136743,0.3001561923914865,0.5,0,0.817923649350323,0.9933071490757153,0.3775406687981454
75,1,1.0,1.0,0.6333333333333333,1.0,1.0,0.99999999999997,0.724244993028908,0.415765393876849,0.5,0,0.9621842729328356,0.9933071490757153,0.3775406687981454
76,1,1.0,1.0,0.7,1.0,0.9999968,0.99999999999997,0.7472372438254884,0.3247471398650711,0.5,0,0.8665978869854336,0.9933071490757153,0.3775406687981454
77,1,1.0,1.0,0.5333333333333333,1.0,1.0,0.99999999999997,0.6702522247155902,0.6040383813099708,0.5,0,0.9976723731729266,0.9933071490757153,0.3775406687981454
78,1,1.0,1.0,0.48333333333333334,1.0,1.0,0.99999999999997,0.6442956411759971,0.42912660256410257,0.5,0,0.9688380310062223,0.9933071490757153,0.3775406687981454
79,1,1.0,1.0,0.6833333333333333,1.0,1.0,0.99999999999997,0.7709538734400224,0.6249312890742776,0.5,0,0.9982975267975314,0.9933071490757153,0.3775406687981454
80,1,1.0,1.0,0.6,1.0,1.0,0.99999999999997,0.700042077312564,0.5512575040465507,0.5,0,0.9948769166889357,0.9933071490757153,0.3775406687981454
81,1,1.0,1.0,0.7,1.0,0.9999999,0.99999999999997,0.7250478030077825,0.491536120621088,0.5,0,0.9875442852670132,0.9933071490757153,0.3775406687981454
82,1,1.0,1.0,0.7166666666666667,1.0,0.9995952,0.99999999999997,0.7370690716885153,0.7004763487315829,0.5,0,0.9994511548567283,0.9933071490757153,0.3775406687981454
83,1,1.0,1.0,0.5666666666666667,1.0,1.0,0.99999999999997,0.6557890671359053,0.6295301578034026,0.5,0,0.9984108290313476,0.9933071490757153,0.3775406687981454
84,1,1.0,1.0,0.5166666666666667,1.0,0.99998677,0.99999999999997,0.6545602995223255,0.4452936876504988,0.5,0,0.9753832968117044,0.9933071490757153,0.3775406687981454
85,1,1.0,1.0,0.6,1.0,1.0,0.99999999999997,0.6923545109356638,0.5638196878321914,0.5,0,0.9957530377811865,0.9933071490757153,0.3775406687981454
86,1,1.0,1.0,0.6666666666666666,1.0,1.0,0.99999999999997,0.7438838500628834,0.5711142847733077,0.5,0,0.996191538600865,0.9933071490757153,0.3775406687981454
87,1,1.0,1.0,0.7,1.0,1.0,0.99999999999997,0.7358757740847099,0.5545684667309547,0.5,0,0.9951239265371274,0.9933071490757153,0.3775406687981454
88,1,1.0,1.0,0.5666666666666667,1.0,1.0,0.99999999999997,0.6781734506620023,0.5825683502959245,0.5,0,0.9967908192601422,0.9933071490757153,0.3775406687981454
89,1,1.0,1.0,0.7,1.0,1.0,0.99999999999997,0.7583594173700449,0.6498968818296549,0.5,0,0.9988286814893275,0.9933071490757153,0.3775406687981454
90,1,1.0,1.0,0.5333333333333333,1.0,0.9995364,0.99999999999997,0.6329324501703819,0.45314245395127745,0.5,0,0.9780573657177551,0.9933071490757153,0.3775406687981454
91,1,1.0,1.0,0.75,1.0,1.0,0.99999999999997,0.7905156142888515,0.8388695012888876,0.5,0,0.9999311177066819,0.9933071490757153,0.3775406687981454
92,1,1.0,1.0,0.6,1.0,1.0,0.99999999999997,0.703246807228339,0.5570687878941413,0.5,0,0.99530257274761,0.9933071490757153,0.3775406687981454
93,1,1.0,1.0,0.6666666666666666,1.0,1.0,0.99999999999997,0.7373708534184323,0.5800436528253079,0.5,0,0.9966673683094767,0.9933071490757153,0.3775406687981454
94,1,1.0,1.0,0.7,1.0,1.0,0.99999999999997,0.7415767548393314,0.5292245213497585,0.5,0,0.9928847047391686,0.9933071490757153,0.3775406687981454
95,1,1.0,1.0,0.6666666666666666,1.0,1.0,0.99999999999997,0.6990672741327902,0.4689302488325461,0.5,0,0.9826037920862795,0.9933071490757153,0.3775406687981454
96,1,1.0,1.0,0.5666666666666667,1.0,1.0,0.99999999999997,0.6962952615643581,0.456552498523408,0.5,0,0.9791286875915431,0.9933071490757153,0.3775406687981454
97,1,1.0,1.0,0.7333333333333333,1.0,1.0,0.99999999999997,0.7797674088779701,0.6931643490729625,0.5,0,0.9993875711910061,0.9933071490757153,0.3775406687981454
98,1,1.0,1.0,0.7,1.0,1.0,0.99999999999997,0.743771309116796,0.5269580653875434,0.5,0,0.9926404591791825,0.9933071490757153,0.3775406687981454
99,1,1.0,1.0,0.7666666666666667,1.0,0.9999945,0.99999999999997,0.789586351589613,0.5177522815111596,0.5,0,0.9915598917976416,0.9933071490757153,0.3775406687981454
100,1,1.0,1.0,0.7,1.0,1.0,0.99999999999997,0.7727691800392227,0.6820185438516492,0.5,0,0.9992762048987396,0.9933071490757153,0.3775406687981454
101,1,1.0,1.0,0.6,1.0,0.9999987,0.99999999999997,0.6856181179428685,0.5473942886593108,0.5,0,0.9945729315891647,0.9933071490757153,0.3775406687981454
102,1,1.0,1.0,0.5666666666666667,1.0,0.9999988,0.99999999999997,0.686355646976873,0.2881544573586096,0.5,0,0.7895669134548758,0.9933071490757153,0.3775406687981454
103,1,1.0,1.0,0.6,1.0,1.0,0.99999999999997,0.6847493713301362,0.2978200855771396,0.5,0,0.812646847848985,0.9933071490757153,0.3775406687981454
104,1,1.0,1.0,0.5333333333333333,1.0,1.0,0.99999999999997,0.6561910023595272,0.6705144132951619,0.5,0,0.9991399986258034,0.9933071490757153,0.3775406687981454
105,1,1.0,1.0,0.55,1.0,1.0,0.99999999999997,0.6714528108202569,0.46168140458797896,0.5,0,0.9806442660986887,0.9933071490757153,0.3775406687981454
106,1,1.0,0.9166666666666666,0.6,1.0,1.0,0.997024235633619,0.6653536328236379,0.7763491366695932,0.5,0,0.9998240679993493,0.9933071490757153,0.3775406687981454
107,1,1.0,1.0,0.7666666666666667,1.0,1.0,0.9990458290546042,0.816513632057449,0.8393848244196126,0.5,0,0.999931648067429,0.9933071490757153,0.3775406687981454
108,1,1.0,1.0,0.6,1.0,1.0,0.9998749738394742,0.6901790283121184,0.4829964913009896,0.5,0,0.9858661416972291,0.9933071490757153,0.3775406687981454
109,1,1.0,1.0,0.5666666666666667,1.0,1.0,0.9990169247203088,0.6834258162980558,0.5704537273846736,0.5,0,0.9961537612847075,0.9933071490757153,0.3775406687981454
110,1,1.0,1.0,0.65,1.0,1.0,0.9976518326782482,0.6940223211009839,0.43088318660797653,0.5,0,0.9696237718705657,0.9933071490757153,0.3775406687981454
111,1,1.0,1.0,0.6166666666666667,1.0,1.0,0.9930881817408551,0.6946156819757198,0.44045261585513457,0.5,0,0.9735782132350382,0.9933071490757153,0.3775406687981454
112,1,1.0,1.0,0.6666666666666666,1.0,1.0,0.9954370223273418,0.7259997490730525,0.6382840037550702,0.5,0,0.9986061072708408,0.9933071490757153,0.3775406687981454
113,1,0.0,1.0,0.5666666666666667,1.0,0.0055342275,0.9984824381724706,0.6978689942708957,0.33678405572755415,0.5,0,0.8861254205129248,0.9933071490757153,0.3775406687981454
114,1,1.0,1.0,0.6333333333333333,1.0,1.0,0.9983601087312348,0.7102720964704663,0.5461500155617802,0.5,0,0.9944712543696816,0.9933071490757153,0.3775406687981454
115,1,1.0,1.0,0.6666666666666666,1.0,1.0,0.9979714327962058,0.6824519698418318,0.26370890644815137,0.5,0,0.7222467272982535,0.9933071490757153,0.3775406687981454
116,1,1.0,1.0,0.55,1.0,1.0,0.9978279023418709,0.6485199484709221,0.5570687878941413,0.5,0,0.99530257274761,0.9933071490757153,0.3775406687981454
117,1,1.0,1.0,0.6666666666666666,1.0,1.0,0.9848991961301824,0.7220214146526943,0.5003037084398977,0.5,0,0.9890624497347517,0.9933071490757153,0.3775406687981454
118,1,1.0,1.0,0.6666666666666666,1.0,1.0,0.9875546057197842,0.7389042442399005,0.4569680354411268,0.5,0,0.9792556847330597,0.9933071490757153,0.3775406687981454
119,1,1.0,1.0,0.75,1.0,1.0,0.9628316314372543,0.7873269368983628,0.44558206718972193,0.5,0,0.975486946519101,0.9933071490757153,0.3775406687981454
120,1,1.0,1.0,0.5666666666666667,1.0,1.0,0.9536343207324537,0.6666466844563506,0.5929858559758838,0.5,0,0.9972538018521175,0.9933071490757153,0.3775406687981454
121,1,1.0,0.9833333333333333,0.7333333333333333,1.0,1.0,0.9026037460802588,0.7579590794916293,0.401432688175445,0.5,0,0.9535355995630964,0.9933071490757153,0.3775406687981454
122,1,1.0,0.8666666666666667,0.6166666666666667,1.0,1.0,0.7519495839165646,0.6960553214676469,0.38959745265627616,0.5,0,0.945005719443026,0.9933071490757153,0.3775406687981454
123,1,1.0,0.48333333333333334,0.65,1.0,1.0,0.49068970706022186,0.7332438286460742,0.29913650743985537,0.5,0,0.8156347216506247,0.9933071490757153,0.3775406687981454
124,1,1.0,0.15,0.6,1.0,1.0,0.30021801158164696,0.7035285466888993,0.4273563811489508,0.5,0,0.9680263046668671,0.9933071490757153,0.3775406687981454
125,1,1.0,0.1,0.6333333333333333,1.0,1.0,0.23574271216803142,0.6867849743597532,0.692583289522363,0.5,0,0.9993822133090944,0.9933071490757153,0.3775406687981454
126,1,1.0,0.1,0.5166666666666667,1.0,0.9999895,0.1984927001142027,0.6548799244425647,0.43905228758169934,0.5,0,0.9730324807793961,0.9933071490757153,0.3775406687981454
127,1,1.0,0.0,0.6333333333333333,1.0,1.0,0.11243477529701325,0.7089104794105175,0.3604409285081554,0.5,0,0.9173302601333704,0.9933071490757153,0.3775406687981454
128,1,1.0,0.016666666666666666,0.6,1.0,0.999985,0.10745946853034807,0.6769907112631159,0.3921935212753592,0.5,0,0.9469947617976124,0.9933071490757153,0.3775406687981454
129,1,1.0,0.016666666666666666,0.6333333333333333,1.0,1.0,0.27929729247055274,0.5660880081878384,0.6560530982418807,0.5,0,0.9989318906476191,0.9933071490757153,0.3775406687981454
130,0,0.0,0.5,0.6333333333333333,0.0,0.5488444,0.5005353241434332,0.3424344634286101,0.7092312719959779,0.5,0,0.9995186666676152,0.9933071490757153,0.3775406687981454
131,0,1.0,1.0,0.4666666666666667,1.0,3.244692e-16,0.00956597897264308,0.4004826657751911,0.905253361573762,0.5,0,0.9999745507904183,0.9933071490757153,0.3775406687981454
132,0,1.0,1.0,0.6166666666666667,1.0,2.0018064e-11,0.005178618864422943,0.36353343882840755,0.6467314276137806,0.5,0,0.9987717935880588,0.9933071490757153,0.3775406687981454
133,0,1.0,1.0,0.7166666666666667,1.0,5.9648187e-06,0.00415767168369707,0.27161645131679324,0.6529417971683767,0.5,0,0.9988809181045644,0.9933071490757153,0.3775406687981454
134,0,1.0,1.0,0.5666666666666667,1.0,2.3210598e-11,0.005140581357351988,0.3916337012176864,0.455727036334247,0.5,0,0.9788741472993934,0.9933071490757153,0.3775406687981454
135,0,1.0,1.0,0.55,1.0,3.9485346e-11,0.0039775730945939575,0.3697553029257615,0.6369524979982496,0.5,0,0.9985780277381097,0.9933071490757153,0.3775406687981454
136,0,1.0,1.0,0.6,1.0,0.18225424,0.004088085339562527,0.3495570016440628,0.54869660552393,0.5,0,0.9946773604259769,0.9933071490757153,0.3775406687981454
137,0,1.0,1.0,0.6166666666666667,1.0,3.5740793e-09,0.0035780046785545954,0.35699137842738515,0.3127534774593598,0.5,0,0.8443953300831907,0.9933071490757153,0.3775406687981454
138,0,0.0,1.0,0.7,1.0,0.6259391,0.004619688616214243,0.2683877695527518,0.5185695187165776,0.5,0,0.991661866353788,0.9933071490757153,0.3775406687981454
139,0,1.0,1.0,0.5666666666666667,1.0,0.14036973,0.004960111099150688,0.35518569430148583,0.5008138309087076,0.5,0,0.9891449176815169,0.9933071490757153,0.3775406687981454
140,0,1.0,1.0,0.7,1.0,1.1785684e-12,0.0036178207460536627,0.2971610984919353,0.8598475845802048,0.5,0,0.9999497130046966,0.9933071490757153,0.3775406687981454
141,0,1.0,1.0,0.6833333333333333,1.0,3.8642995e-14,0.0032202766144712775,0.3061329106434879,0.6401856487275761,0.5,0,0.9986452527814531,0.9933071490757153,0.3775406687981454
142,0,1.0,1.0,0.6833333333333333,1.0,3.5044235e-12,0.005128765973578335,0.3011952946488194,0.6126016439855598,0.5,0,0.997952374366524,0.9933071490757153,0.3775406687981454
143,0,1.0,1.0,0.5833333333333334,1.0,0.027203523,0.0036779694277637993,0.36168661590814727,0.7256139829669241,0.5,0,0.9996234976683306,0.9933071490757153,0.3775406687981454
144,0,1.0,1.0,0.5333333333333333,1.0,1.1376657e-08,0.004880147435347848,0.3680214380494257,0.5589138487639064,0.5,0,0.9954302098538746,0.9933071490757153,0.3775406687981454
145,0,1.0,1.0,0.6666666666666666,1.0,1.7661964e-08,0.006492119890271378,0.29870048531492077,0.5653903903903903,0.5,0,0.9958515187101362,0.9933071490757153,0.3775406687981454
146,0,1.0,1.0,0.6,1.0,6.5023265e-11,0.00461643584312133,0.35101707719860875,0.7148091521150184,0.5,0,0.9995572831232478,0.9933071490757153,0.3775406687981454
147,0,1.0,1.0,0.6833333333333333,1.0,8.314631e-12,0.004022723952985888,0.29854031788389285,0.6307719484190073,0.5,0,0.9984401105624798,0.9933071490757153,0.3775406687981454
148,0,1.0,1.0,0.55,1.0,2.2051854e-07,0.004242178624466049,0.3807337432935545,0.6122766547279387,0.5,0,0.9979423887408798,0.9933071490757153,0.3775406687981454
149,0,1.0,1.0,0.6666666666666666,1.0,7.429258e-05,0.005239091849038512,0.32197793016762083,0.5644479026178373,0.5,0,0.9957927022944898,0.9933071490757153,0.3775406687981454
150,0,1.0,1.0,0.5833333333333334,1.0,0.0102354195,0.005689109630914625,0.3682768980970169,0.29952222604441386,0.5,0,0.8165031681989877,0.9933071490757153,0.3775406687981454
151,0,1.0,1.0,0.5666666666666667,1.0,1.4249879e-09,0.005629846171961449,0.3794174261172649,0.5587363834422658,0.5,0,0.9954180847710745,0.9933071490757153,0.3775406687981454
152,0,1.0,1.0,0.5833333333333334,1.0,3.3905146e-11,0.0034026883176313367,0.36144820260149607,0.3202783829581215,0.5,0,0.8586564859078711,0.9933071490757153,0.3775406687981454
153,0,1.0,1.0,0.6333333333333333,1.0,1.3354037e-06,0.005313433791607013,0.34033362025550623,0.6196621922365123,0.5,0,0.9981577669252324,0.9933071490757153,0.3775406687981454
154,0,1.0,1.0,0.6166666666666667,1.0,9.481003e-08,0.003836517035547131,0.33113561571611033,0.6154915488344939,0.5,0,0.9980390693329849,0.9933071490757153,0.3775406687981454
155,0,1.0,1.0,0.5666666666666667,1.0,1.1239578e-06,0.0032419681774619345,0.35807212989739556,0.5817040603956453,0.5,0,0.9967490795978056,0.9933071490757153,0.3775406687981454
156,0,1.0,1.0,0.5833333333333334,1.0,2.0467916e-09,0.00450311924480581,0.3664386396604806,0.646533661083481,0.5,0,0.9987681492016037,0.9933071490757153,0.3775406687981454
157,0,1.0,1.0,0.45,1.0,0.00022573724,0.0041587732331870965,0.4318540549199142,0.5732170974450387,0.5,0,0.9963093546118976,0.9933071490757153,0.3775406687981454
158,0,1.0,1.0,0.6,1.0,1.0661109e-13,0.004848552973430594,0.3511866499163139,0.9297942833047197,0.5,0,0.999982388031554,0.9933071490757153,0.3775406687981454
159,0,1.0,1.0,0.6333333333333333,1.0,0.08801428,0.004508732782040637,0.3379562978684866,0.46758757596605893,0.5,0,0.9822561586612949,0.9933071490757153,0.3775406687981454
160,0,1.0,1.0,0.65,1.0,2.674818e-18,0.0046046711228676694,0.33302067002521957,0.6310117525270977,0.5,0,0.998445702795885,0.9933071490757153,0.3775406687981454
161,0,1.0,1.0,0.6666666666666666,1.0,1.4787933e-10,0.004029830430740161,0.3243251121244685,0.3847472208256522,0.5,0,0.9410999999544127,0.9933071490757153,0.3775406687981454
162,0,1.0,1.0,0.6166666666666667,1.0,1.887852e-10,0.005149963524874765,0.3454311984967301,0.7958602098777318,0.5,0,0.9998687011395466,0.9933071490757153,0.3775406687981454
163,0,1.0,1.0,0.6166666666666667,1.0,1.4212995e-12,0.004584366315300383,0.3615038564657935,0.4704229499929137,0.5,0,0.982982419018183,0.9933071490757153,0.3775406687981454
164,0,1.0,1.0,0.65,1.0,4.183207e-11,0.004388179085528844,0.3069330678389913,0.6514026292335116,0.5,0,0.9988548106495583,0.9933071490757153,0.3775406687981454
165,0,1.0,1.0,0.7333333333333333,1.0,0.00083761424,0.0037779655480767635,0.2648444335557742,0.293118863707099,0.5,0,0.8016728958835622,0.9933071490757153,0.3775406687981454
166,0,1.0,1.0,0.6,1.0,5.400639e-12,0.003186419337894981,0.36038001452628216,0.3464544721998388,0.5,0,0.8999633195311969,0.9933071490757153,0.3775406687981454
167,0,1.0,1.0,0.5833333333333334,1.0,6.8358895e-05,0.004128396988974512,0.3520841680720537,0.42710791387261976,0.5,0,0.9679107471598668,0.9933071490757153,0.3775406687981454
168,0,1.0,1.0,0.5333333333333333,1.0,3.890625e-08,0.004178447971849198,0.40353959236783826,0.7259165409753645,0.5,0,0.9996252018647828,0.9933071490757153,0.3775406687981454
169,0,1.0,1.0,0.6833333333333333,1.0,2.798547e-19,0.004476798476508211,0.31239392311094094,0.9221603956898075,0.5,0,0.9999802513551506,0.9933071490757153,0.3775406687981454
170,0,1.0,1.0,0.6666666666666666,1.0,3.3009953e-10,0.0038414331907851997,0.32378728028749154,0.6177355455002513,0.5,0,0.998103852589235,0.9933071490757153,0.3775406687981454
171,0,0.0,1.0,0.5666666666666667,1.0,0.5488444,0.0035641834564186553,0.3540059268437949,0.7092312719959779,0.5,0,0.9995186666676152,0.9933071490757153,0.3775406687981454
172,0,1.0,1.0,0.7333333333333333,1.0,1.3844001e-13,0.004037156959055401,0.2827080737041929,0.3571475887652358,0.5,0,0.9135059158440528,0.9933071490757153,0.3775406687981454
173,0,1.0,1.0,0.55,1.0,5.550391e-09,0.0036189204086397157,0.3909470676462822,0.7053032815235568,0.5,0,0.999489469350451,0.9933071490757153,0.3775406687981454
174,0,1.0,1.0,0.65,1.0,8.314631e-12,0.0035353545807520963,0.3457078879713057,0.6307719484190073,0.5,0,0.9984401105624798,0.9933071490757153,0.3775406687981454
175,0,1.0,1.0,0.5833333333333334,1.0,8.944248e-09,0.0032657113418464515,0.3595945425710785,0.6442530921833753,0.5,0,0.9987253349756007,0.9933071490757153,0.3775406687981454
176,1,1.0,1.0,0.5833333333333334,1.0,1.0,0.8999119441530208,0.6406290773939465,0.6640377297872554,0.5,0,0.9990523393242902,0.9933071490757153,0.3775406687981454
177,1,1.0,1.0,0.6666666666666666,1.0,1.0,0.9997103140829691,0.7280097177069195,0.376494201981868,0.5,0,0.9338513648582958,0.9933071490757153,0.3775406687981454
178,1,1.0,1.0,0.5833333333333334,1.0,0.6527438,0.9999998125854188,0.6503078206947143,0.4399285130718954,0.5,0,0.9733752308133619,0.9933071490757153,0.3775406687981454
179,1,1.0,1.0,0.5833333333333334,1.0,1.0,0.9999995237887974,0.6842492756385472,0.38703501976922455,0.5,0,0.9429736714424501,0.9933071490757153,0.3775406687981454
180,1,1.0,1.0,0.6666666666666666,1.0,0.9999999,0.9999417159656494,0.7138489736101081,0.524622492675231,0.5,0,0.9923800579346171,0.9933071490757153,0.3775406687981454
181,1,1.0,1.0,0.55,1.0,0.9999988,0.9999993079357622,0.6187068904185822,0.3434500773993808,0.5,0,0.8958323029087855,0.9933071490757153,0.3775406687981454
182,1,1.0,1.0,0.5666666666666667,1.0,1.0,0.9996253302921232,0.631835224527786,0.7768838399557354,0.5,0,0.9998254731816631,0.9933071490757153,0.3775406687981454
183,1,1.0,1.0,0.8,1.0,1.0,0.999254245378466,0.8121796769014583,0.7308515676802122,0.5,0,0.9996519351136975,0.9933071490757153,0.3775406687981454
184,1,1.0,1.0,0.6,1.0,0.9999957,0.99807736762289,0.671331160174891,0.24725193107546048,0.5,0,0.6701312998441921,0.9933071490757153,0.3775406687981454
185,1,1.0,1.0,0.6,1.0,1.0,0.9987142337324101,0.695966139194559,0.3119652406417112,0.5,0,0.8428354780909205,0.9933071490757153,0.3775406687981454
186,1,1.0,1.0,0.55,1.0,1.0,0.9999994847257345,0.6723332890821929,0.6761535109770404,0.5,0,0.9992096963195938,0.9933071490757153,0.3775406687981454
187,1,1.0,1.0,0.6166666666666667,1.0,1.0,0.9999462894764766,0.71427474952663,0.7681828887711241,0.5,0,0.9998011465038932,0.9933071490757153,0.3775406687981454
188,1,1.0,1.0,0.6666666666666666,1.0,1.0,0.9997409142564266,0.7175979688919303,0.6879124659310418,0.5,0,0.9993374071118907,0.9933071490757153,0.3775406687981454
189,1,1.0,1.0,0.5666666666666667,1.0,1.0,0.9979406713524462,0.6711146792902375,0.5241378177082692,0.5,0,0.9923248848780744,0.9933071490757153,0.3775406687981454
190,1,1.0,1.0,0.7333333333333333,1.0,1.0,0.9987305432292639,0.7567730469005383,0.5638196878321914,0.5,0,0.9957530377811865,0.9933071490757153,0.3775406687981454
191,1,1.0,1.0,0.6833333333333333,1.0,1.0,0.9947087010373598,0.7373235657393781,0.4689173602668412,0.5,0,0.982600487102023,0.9933071490757153,0.3775406687981454
192,1,1.0,1.0,0.5333333333333333,1.0,1.0,0.9940223269132349,0.6551317923040393,0.23549757351500272,0.5,0,0.6300575246648786,0.9933071490757153,0.3775406687981454
193,1,1.0,1.0,0.6166666666666667,1.0,1.0,0.9824304366191933,0.713627506343888,0.355378109011327,0.5,0,0.9113855942622502,0.9933071490757153,0.3775406687981454
194,1,1.0,1.0,0.6833333333333333,1.0,1.0,0.9649489687401834,0.7620110469589417,0.5125894276629571,0.5,0,0.9908864841843679,0.9933071490757153,0.3775406687981454
195,1,1.0,1.0,0.6666666666666666,1.0,1.0,0.9938206836223961,0.7401623571611025,0.7376751338930465,0.5,0,0.9996857875693921,0.9933071490757153,0.3775406687981454
196,1,1.0,1.0,0.55,1.0,1.0,0.9909066823930315,0.6609515898385289,0.5913513589368472,0.5,0,0.9971858317156953,0.9933071490757153,0.3775406687981454
197,1,1.0,1.0,0.5,1.0,0.9999999,0.9928291579388066,0.6474466185908285,0.6513075895392837,0.5,0,0.9988531787822315,0.9933071490757153,0.3775406687981454
198,1,1.0,1.0,0.6333333333333333,1.0,0.9999993,0.9881060048716894,0.7038901629843092,0.4067125949478891,0.5,0,0.9569211535643266,0.9933071490757153,0.3775406687981454
199,1,1.0,1.0,0.45,1.0,1.0,0.9587054693324784,0.6124290924053756,0.5209937451683182,0.5,0,0.9919572279042119,0.9933071490757153,0.3775406687981454
200,1,1.0,0.9833333333333333,0.7,1.0,1.0,0.8945716273202564,0.7273825308353424,0.44788445827048773,0.5,0,0.9762993522567445,0.9933071490757153,0.3775406687981454
201,1,1.0,1.0,0.5166666666666667,1.0,1.0,0.947547248534713,0.6453722005252938,0.3437750668449198,0.5,0,0.8962863304768144,0.9933071490757153,0.3775406687981454
202,1,1.0,1.0,0.6333333333333333,1.0,1.0,0.9688699126030428,0.7074249617727691,0.3399312764321415,0.5,0,0.8908029449192615,0.9933071490757153,0.3775406687981454
203,1,1.0,1.0,0.5166666666666667,1.0,0.9994468,0.9862486162041683,0.6312687873826738,0.4556768895592425,0.5,0,0.9788585865030699,0.9933071490757153,0.3775406687981454
204,1,1.0,1.0,0.6,1.0,1.0,0.9964228801551936,0.6482551319353894,0.733618811509278,0.5,0,0.9996660823479232,0.9933071490757153,0.3775406687981454
205,1,1.0,1.0,0.6666666666666666,1.0,0.9999999,0.9982009684704939,0.7050611640894899,0.37487732528909,0.5,0,0.9323373181821285,0.9933071490757153,0.3775406687981454
206,1,1.0,1.0,0.6666666666666666,1.0,0.99999976,0.9993792552779357,0.7371086223686674,0.626634988651068,0.5,0,0.9983404118280504,0.9933071490757153,0.3775406687981454
207,1,1.0,1.0,0.6166666666666667,1.0,1.0,0.9989748719809618,0.679292709449428,0.35047222087070284,0.5,0,0.9052597783246311,0.9933071490757153,0.3775406687981454
208,1,1.0,1.0,0.6666666666666666,1.0,0.999998,0.9859279673765858,0.7324192966085626,0.6178089720736779,0.5,0,0.9981059359002624,0.9933071490757153,0.3775406687981454
209,1,1.0,1.0,0.65,1.0,0.99998546,0.9848663294589606,0.6978784681604648,0.23729377958079784,0.5,0,0.6363152495440282,0.9933071490757153,0.3775406687981454
210,1,1.0,1.0,0.6166666666666667,1.0,1.0,0.9894153691628655,0.6922853045973326,0.6256641418566765,0.5,0,0.9983161079007414,0.9933071490757153,0.3775406687981454
211,1,1.0,1.0,0.5333333333333333,1.0,0.99997056,0.9381634749568037,0.6337951780221569,0.47234025393102974,0.5,0,0.9834568852214466,0.9933071490757153,0.3775406687981454
212,0,1.0,1.0,0.6833333333333333,1.0,2.1518625e-09,0.010448246710017199,0.2878815050575803,0.7120487083722378,0.5,0,0.9995385755194637,0.9933071490757153,0.3775406687981454
213,0,1.0,1.0,0.65,1.0,1.3791148e-07,0.0034608643620659177,0.3372624019328914,0.6236222542652091,0.5,0,0.9982638261031629,0.9933071490757153,0.3775406687981454
214,0,1.0,1.0,0.5333333333333333,1.0,3.2445535e-10,0.005948222848849169,0.376462768407457,0.3778717017671266,0.5,0,0.9351163640998925,0.9933071490757153,0.3775406687981454
215,0,1.0,1.0,0.55,1.0,0.008864323,0.004156919284132274,0.3543831652852182,0.3932573486568219,0.5,0,0.9477900652470477,0.9933071490757153,0.3775406687981454
216,0,1.0,1.0,0.65,1.0,6.4850087e-12,0.005678785403403438,0.3161894760700669,0.3935280284953488,0.5,0,0.9479906153983405,0.9933071490757153,0.3775406687981454
217,0,1.0,1.0,0.65,1.0,2.7910556e-09,0.003695373793600412,0.3393196788768588,0.642562441643324,0.5,0,0.9986926392135576,0.9933071490757153,0.3775406687981454
218,0,1.0,1.0,0.55,1.0,4.456815e-15,0.005569458276865141,0.39254925152904957,0.6440645773979107,0.5,0,0.9987217300905359,0.9933071490757153,0.3775406687981454
219,0,1.0,1.0,0.6166666666666667,1.0,2.8060584e-14,0.004512156515842214,0.32952283339277477,0.6439000297088532,0.5,0,0.9987185751962179,0.9933071490757153,0.3775406687981454
220,0,1.0,1.0,0.6666666666666666,1.0,1.7661964e-08,0.00409121169011884,0.28479119863093494,0.5653903903903903,0.5,0,0.9958515187101362,0.9933071490757153,0.3775406687981454
221,0,1.0,1.0,0.6666666666666666,1.0,2.8297261e-08,0.004603524288085097,0.325361794752569,0.3922374367561533,0.5,0,0.94702781757639,0.9933071490757153,0.3775406687981454
222,0,1.0,1.0,0.7,1.0,0.00014835928,0.005224676200137741,0.3001748907562385,0.47564830250588763,0.5,0,0.9842451157266306,0.9933071490757153,0.3775406687981454
223,0,1.0,1.0,0.65,1.0,9.60973e-06,0.005284689956322092,0.33782247429354656,0.42205829358770536,0.5,0,0.9654729297892465,0.9933071490757153,0.3775406687981454
224,0,1.0,1.0,0.6666666666666666,1.0,7.270107e-10,0.004625178303355593,0.31214761366607924,0.6798305613555092,0.5,0,0.9992520740828111,0.9933071490757153,0.3775406687981454
225,0,1.0,1.0,0.5666666666666667,1.0,2.8957786e-10,0.00396224878173861,0.34725915066033985,0.47668504901960784,0.5,0,0.9844844557890989,0.9933071490757153,0.3775406687981454
226,0,1.0,1.0,0.6166666666666667,1.0,2.6792085e-07,0.0037424917366265568,0.31406474393226985,0.7750549503752119,0.5,0,0.9998206199200905,0.9933071490757153,0.3775406687981454
227,0,1.0,1.0,0.6,1.0,0.0075397617,0.0037412993466698252,0.3654708490639767,0.39009118050512387,0.5,0,0.9453893382818828,0.9933071490757153,0.3775406687981454
228,0,1.0,1.0,0.5333333333333333,1.0,7.629539e-09,0.004199737226840907,0.3980500586495178,0.5960505035347472,0.5,0,0.9973768624434771,0.9933071490757153,0.3775406687981454
229,0,1.0,1.0,0.65,1.0,2.4056732e-09,0.0040163791552752905,0.32387443687532663,0.5831578654188948,0.5,0,0.9968189821960982,0.9933071490757153,0.3775406687981454
230,0,1.0,1.0,0.6166666666666667,1.0,4.0929071e-16,0.004176151212392359,0.32470453860086496,0.6610403116775065,0.5,0,0.9990088021181491,0.9933071490757153,0.3775406687981454
231,0,1.0,1.0,0.5666666666666667,1.0,2.7338012e-12,0.006497561444143849,0.3878904858353234,0.6938621983561446,0.5,0,0.9993939446348492,0.9933071490757153,0.3775406687981454
232,0,1.0,1.0,0.5333333333333333,1.0,1.5557765e-07,0.0041009274584223685,0.39146256911009936,0.3692220794617309,0.5,0,0.9267856719084919,0.9933071490757153,0.3775406687981454
233,0,1.0,1.0,0.6666666666666666,1.0,2.1727475e-09,0.002928697081433048,0.31031534449194553,0.5226623139596548,0.5,0,0.9921544687651834,0.9933071490757153,0.3775406687981454
234,1,0.0,1.0,0.6833333333333333,0.0,0.37772816,0.5022501033953234,0.5209306825120863,0.4296955624355005,0.5,0,0.9690946637611829,0.9933071490757153,0.3775406687981454
235,1,1.0,1.0,0.6666666666666666,1.0,1.0,0.999999993529624,0.6910890241127421,0.38703501976922455,0.5,0,0.9429736714424501,0.9933071490757153,0.3775406687981454
236,1,1.0,1.0,0.6666666666666666,1.0,1.0,0.999999999593644,0.7064796071193552,0.6385267298408724,0.5,0,0.998611166019619,0.9933071490757153,0.3775406687981454
237,1,1.0,1.0,0.6666666666666666,1.0,0.99999547,0.9999999999471519,0.7096211672917099,0.7717279283709304,0.5,0,0.9998114424892618,0.9933071490757153,0.3775406687981454
238,1,1.0,1.0,0.6166666666666667,1.0,0.99999976,0.9999999999631514,0.6735650461278424,0.23184570694374615,0.5,0,0.6172012151639599,0.9933071490757153,0.3775406687981454
239,1,1.0,1.0,0.55,1.0,1.0,0.9999999999897742,0.6530681840841784,0.5443505078799197,0.5,0,0.9943208457679522,0.9933071490757153,0.3775406687981454
240,1,1.0,1.0,0.6666666666666666,1.0,1.0,0.9999999999462575,0.6831601908820727,0.4854715117543653,0.5,0,0.9863742260059309,0.9933071490757153,0.3775406687981454
241,1,1.0,1.0,0.5166666666666667,1.0,0.99968386,0.9999999999119262,0.6139536388411403,0.4833623371829352,0.5,0,0.9859424041233031,0.9933071490757153,0.3775406687981454
242,1,1.0,1.0,0.5166666666666667,1.0,0.99999976,0.9999999999341139,0.6188612915305162,0.4966696375519905,0.5,0,0.9884567559940586,0.9933071490757153,0.3775406687981454
243,1,1.0,1.0,0.55,1.0,1.0,0.999999999959986,0.6207339153355522,0.5375152129817443,0.5,0,0.993711523996888,0.9933071490757153,0.3775406687981454
244,1,1.0,1.0,0.7166666666666667,1.0,1.0,0.9999999999451915,0.7105172138176228,0.6560530982418807,0.5,0,0.9989318906476191,0.9933071490757153,0.3775406687981454
245,1,1.0,1.0,0.6333333333333333,1.0,0.9999999,0.999999999994757,0.687692027808999,0.36851063524825134,0.5,0,0.9260582508323483,0.9933071490757153,0.3775406687981454
246,1,1.0,1.0,0.7166666666666667,1.0,1.0,0.9999999999972965,0.701470543062443,0.5204046915569881,0.5,0,0.9918864278035081,0.9933071490757153,0.3775406687981454
247,1,1.0,1.0,0.55,1.0,1.0,0.9999999999967042,0.6512546590320671,0.5172802264305533,0.5,0,0.991500426534628,0.9933071490757153,0.3775406687981454
248,1,1.0,1.0,0.7,1.0,0.9999999,0.999999999994707,0.7184597091731794,0.5245412829150197,0.5,0,0.9923708409323271,0.9933071490757153,0.3775406687981454
249,1,1.0,1.0,0.6833333333333333,1.0,1.0,0.9999999999918263,0.7158482219464244,0.6887267187576785,0.5,0,0.9993454453978059,0.9933071490757153,0.3775406687981454
250,1,1.0,1.0,0.6333333333333333,1.0,0.9999999,0.9999999999624214,0.6789499385138718,0.4529934246197222,0.5,0,0.9780093392894752,0.9933071490757153,0.3775406687981454
251,1,0.0,1.0,0.5166666666666667,1.0,0.42538062,0.9999999999455013,0.6201513554298835,0.403056669637552,0.5,0,0.9546030225732415,0.9933071490757153,0.3775406687981454
252,1,1.0,1.0,0.7666666666666667,1.0,0.9992373,0.9999999999628412,0.7332760453863422,0.36028817587641115,0.5,0,0.9171563329183934,0.9933071490757153,0.3775406687981454
253,1,1.0,1.0,0.6166666666666667,1.0,0.9999782,0.9999999999740309,0.6530745396992106,0.4227250957854406,0.5,0,0.9658047992312465,0.9933071490757153,0.3775406687981454
254,1,1.0,1.0,0.5166666666666667,1.0,0.9999895,0.9999999999929707,0.6191638981083646,0.7332319134550371,0.5,0,0.9996641394852125,0.9933071490757153,0.3775406687981454
255,1,1.0,1.0,0.45,1.0,1.0,0.9999999999745555,0.6130555918118505,0.6760122230710466,0.5,0,0.9992080209661252,0.9933071490757153,0.3775406687981454
256,1,1.0,1.0,0.5166666666666667,1.0,1.0,0.9999999999909871,0.6110272219504288,0.7207413553806323,0.5,0,0.9995949602925057,0.9933071490757153,0.3775406687981454
257,1,1.0,1.0,0.6333333333333333,1.0,1.0,0.9999999999964608,0.6789000847905586,0.6191019438078262,0.5,0,0.998142248950371,0.9933071490757153,0.3775406687981454
258,1,1.0,1.0,0.6833333333333333,1.0,1.0,0.9999999999966057,0.7110137199979663,0.4091467339722574,0.5,0,0.9584014332624111,0.9933071490757153,0.3775406687981454
259,1,1.0,1.0,0.6,1.0,1.0,0.9999999999965115,0.6449335111713432,0.6937289580533761,0.5,0,0.9993927328949143,0.9933071490757153,0.3775406687981454
260,1,1.0,1.0,0.5833333333333334,1.0,1.0,0.9999999999984707,0.6284414969607091,0.5281532848008219,0.5,0,0.9927702820240581,0.9933071490757153,0.3775406687981454
261,1,1.0,1.0,0.55,1.0,0.99999547,0.9999999999998725,0.6159736602838932,0.7717279283709304,0.5,0,0.9998114424892618,0.9933071490757153,0.3775406687981454
262,1,1.0,1.0,0.55,1.0,0.9999999,0.9999999999999466,0.6212166280202118,0.24711609504448379,0.5,0,0.6696807346100657,0.9933071490757153,0.3775406687981454
263,1,1.0,1.0,0.6333333333333333,1.0,1.0,0.9999999999997292,0.6996052171559,0.5602371261114211,0.5,0,0.9955196196607068,0.9933071490757153,0.3775406687981454
264,1,1.0,1.0,0.5833333333333334,1.0,0.9999999,0.9999999999998737,0.653663172312227,0.23516360919032134,0.5,0,0.6288891345593141,0.9933071490757153,0.3775406687981454
265,1,1.0,1.0,0.7166666666666667,1.0,1.0,0.999999999999963,0.7457152398360462,0.40794633642930855,0.5,0,0.9576776144401772,0.9933071490757153,0.3775406687981454
266,1,1.0,1.0,0.5833333333333334,1.0,1.0,0.99999999999997,0.6451254467400793,0.6560530982418807,0.5,0,0.9989318906476191,0.9933071490757153,0.3775406687981454
267,1,1.0,1.0,0.7166666666666667,1.0,1.0,0.99999999999997,0.7411372459696929,0.4351016512561728,0.5,0,0.9714331296908817,0.9933071490757153,0.3775406687981454
268,1,1.0,1.0,0.6,1.0,1.0,0.99999999999997,0.6639723177288663,0.455990246301665,0.5,0,0.9789556390791042,0.9933071490757153,0.3775406687981454
269,1,1.0,1.0,0.5333333333333333,1.0,0.99998677,0.9999999999999695,0.6403980998447502,0.4452936876504988,0.5,0,0.9753832968117044,0.9933071490757153,0.3775406687981454
270,1,1.0,1.0,0.6833333333333333,1.0,0.9965798,0.99999999999997,0.7292213866895125,0.6267187121762285,0.5,0,0.9983424912660468,0.9933071490757153,0.3775406687981454
271,1,1.0,1.0,0.6166666666666667,1.0,1.0,0.9999999999999036,0.6867200589055502,0.37205725883604696,0.5,0,0.9296194840395884,0.9933071490757153,0.3775406687981454
272,1,1.0,1.0,0.6333333333333333,1.0,1.0,0.9999999999998479,0.6896952755372776,0.6725038621509211,0.5,0,0.9991652623036295,0.9933071490757153,0.3775406687981454
273,1,1.0,1.0,0.6333333333333333,1.0,0.9995952,0.9999999999999329,0.7048507629656874,0.7004763487315829,0.5,0,0.9994511548567283,0.9933071490757153,0.3775406687981454
274,1,1.0,1.0,0.6833333333333333,1.0,1.0,0.9999999999990441,0.7035601549311358,0.48385627122010566,0.5,0,0.9860447240048352,0.9933071490757153,0.3775406687981454
275,1,1.0,1.0,0.6333333333333333,1.0,1.0,0.9999999999968019,0.6700253378052018,0.4226748670482686,0.5,0,0.9657799077662327,0.9933071490757153,0.3775406687981454
276,1,1.0,1.0,0.55,1.0,0.9999964,0.9999999999974681,0.674214832703728,0.6670743853096794,0.5,0,0.9990944985608494,0.9933071490757153,0.3775406687981454
277,1,1.0,1.0,0.65,1.0,1.0,0.9999999999775244,0.7024392206751823,0.36274007038712924,0.5,0,0.9199082479011667,0.9933071490757153,0.3775406687981454
278,1,1.0,1.0,0.5666666666666667,1.0,1.0,0.9999999999871194,0.6553153739346121,0.7126126887536623,0.5,0,0.9995424607914702,0.9933071490757153,0.3775406687981454
279,1,1.0,1.0,0.5166666666666667,1.0,1.0,0.9999999999959956,0.6286055312297484,0.632122285473329,0.5,0,0.9984713405607247,0.9933071490757153,0.3775406687981454
280,1,1.0,1.0,0.7,1.0,1.0,0.9999999999998653,0.7007858328413136,0.5204046915569881,0.5,0,0.9918864278035081,0.9933071490757153,0.3775406687981454
281,1,1.0,1.0,0.4666666666666667,1.0,1.0,0.9999999999999687,0.5799608860965174,0.32104746037848686,0.5,0,0.8600507937440776,0.9933071490757153,0.3775406687981454
282,1,1.0,1.0,0.7,1.0,1.0,0.9999999999999695,0.6912525520339264,0.4829964913009896,0.5,0,0.9858661416972291,0.9933071490757153,0.3775406687981454
283,1,1.0,1.0,0.6333333333333333,1.0,1.0,0.9999999999999687,0.6801187454710372,0.4569680354411268,0.5,0,0.9792556847330597,0.9933071490757153,0.3775406687981454
284,1,0.0,1.0,0.5666666666666667,1.0,0.13018401,0.9999999999999546,0.6445532638631285,0.717812923911703,0.5,0,0.999576779470649,0.9933071490757153,0.3775406687981454
285,1,1.0,1.0,0.7333333333333333,1.0,1.0,0.9999999999998236,0.7268635484109074,0.3399312764321415,0.5,0,0.8908029449192615,0.9933071490757153,0.3775406687981454
286,1,1.0,1.0,0.6,1.0,0.9999999,0.9999999999943191,0.6489950187429036,0.6609086819613135,0.5,0,0.9990068450639682,0.9933071490757153,0.3775406687981454
287,1,1.0,1.0,0.6666666666666666,1.0,1.0,0.9999999999877359,0.6900912513805738,0.38959745265627616,0.5,0,0.945005719443026,0.9933071490757153,0.3775406687981454
288,1,1.0,1.0,0.6,1.0,1.0,0.8690685401735546,0.6404862391115757,0.4746032718305418,0.5,0,0.9840001873941736,0.9933071490757153,0.3775406687981454
289,0,1.0,1.0,0.5833333333333334,1.0,1.082238e-11,0.00895020705893322,0.380637272867624,0.7068883723702247,0.5,0,0.9995014587636409,0.9933071490757153,0.3775406687981454
290,0,1.0,1.0,0.7,1.0,2.7910556e-09,0.005136743862065084,0.2881102744370296,0.642562441643324,0.5,0,0.9986926392135576,0.9933071490757153,0.3775406687981454
291,0,1.0,1.0,0.6333333333333333,1.0,4.224096e-19,0.003346595183392912,0.35111739313065127,0.32534861439129026,0.5,0,0.8676374524464018,0.9933071490757153,0.3775406687981454
292,0,1.0,1.0,0.65,1.0,6.4270074e-13,0.004235014886996771,0.3249949668038608,0.6473370202781967,0.5,0,0.9987828864413477,0.9933071490757153,0.3775406687981454
293,0,1.0,1.0,0.7166666666666667,1.0,1.7329343e-15,0.00601701795024794,0.28437075035537135,0.3899583866468398,0.5,0,0.9452864081071943,0.9933071490757153,0.3775406687981454
294,0,1.0,1.0,0.5333333333333333,1.0,1.6783481e-07,0.0036883527269360446,0.3836936821221823,0.5814214565751001,0.5,0,0.9967353145953121,0.9933071490757153,0.3775406687981454
295,0,1.0,1.0,0.6333333333333333,1.0,6.68122e-13,0.0036100160030045902,0.3485438028855252,0.5518802869985203,0.5,0,0.9949243105925667,0.9933071490757153,0.3775406687981454
296,0,1.0,1.0,0.6833333333333333,1.0,0.00032671785,0.003998533469270256,0.2882144082184458,0.6671687462863933,0.5,0,0.999095778156155,0.9933071490757153,0.3775406687981454
297,0,1.0,1.0,0.6666666666666666,1.0,6.8316366e-11,0.0042562082086810985,0.3176166250638955,0.5748035966523362,0.5,0,0.9963958330881153,0.9933071490757153,0.3775406687981454
298,0,1.0,1.0,0.65,1.0,2.628455e-15,0.004003931476370893,0.3125382944594159,0.5163815580286168,0.5,0,0.9913860699664524,0.9933071490757153,0.3775406687981454
299,0,1.0,1.0,0.6,1.0,0.00055407727,0.004488415751285012,0.3571196620363674,0.5755052790346908,0.5,0,0.9964334342700936,0.9933071490757153,0.3775406687981454
300,0,1.0,1.0,0.4666666666666667,1.0,4.3104823e-08,0.004511087181537619,0.41940390145179973,0.42660064699280387,0.5,0,0.9676735717970192,0.9933071490757153,0.3775406687981454
301,0,1.0,1.0,0.6,1.0,3.388131e-10,0.004284946537064839,0.34354301222091355,0.7452377873514325,0.5,0,0.9997194749058297,0.9933071490757153,0.3775406687981454
302,0,1.0,1.0,0.6166666666666667,1.0,1.0912388e-17,0.003544300237566844,0.36877298352621535,0.4457634543178974,0.5,0,0.975551922799175,0.9933071490757153,0.3775406687981454
303,0,1.0,1.0,0.6,1.0,8.0777724e-13,0.004076638607486974,0.3454160393356938,0.7211840321234877,0.5,0,0.999597639829115,0.9933071490757153,0.3775406687981454
304,0,0.0,1.0,0.6,0.0,1.0,0.003348165183266724,0.35402528908275954,0.6948294048640069,0.5,0,0.9994026686555925,0.9933071490757153,0.3775406687981454
305,0,1.0,1.0,0.55,1.0,7.4268236e-19,0.003734863013075507,0.3866188331576487,0.6370891626750068,0.5,0,0.9985809356206745,0.9933071490757153,0.3775406687981454
306,0,1.0,1.0,0.7,1.0,1.7052164e-10,0.0034884038964535405,0.28130608031484233,0.34686174063336694,0.5,0,0.9005119689050137,0.9933071490757153,0.3775406687981454
307,0,1.0,1.0,0.5333333333333333,1.0,1.1528415e-10,0.0037787296076162353,0.35352207977327305,0.4140726560894628,0.5,0,0.9612494813613986,0.9933071490757153,0.3775406687981454
308,0,1.0,1.0,0.65,1.0,2.929704e-06,0.004118202859495608,0.3271773965939456,0.6356826321860013,0.5,0,0.9985507220498063,0.9933071490757153,0.3775406687981454
309,0,1.0,1.0,0.5833333333333334,1.0,1.0708503e-11,0.0038993338253876532,0.37026288579242633,0.6483694273729392,0.5,0,0.9988015671836484,0.9933071490757153,0.3775406687981454
310,0,1.0,1.0,0.5,1.0,1.2892919e-15,0.0040093968805161645,0.4051347071128503,0.5456752083549469,0.5,0,0.9944319575225887,0.9933071490757153,0.3775406687981454
311,0,1.0,1.0,0.6166666666666667,1.0,1.4537564e-12,0.003948899196063327,0.3336668094599547,0.6574561007198578,0.5,0,0.9989541109055549,0.9933071490757153,0.3775406687981454
312,0,1.0,1.0,0.6333333333333333,1.0,0.00029770492,0.004791265863708777,0.3309597072190575,0.37080539855949535,0.5,0,0.9283809449073152,0.9933071490757153,0.3775406687981454
313,0,1.0,1.0,0.65,1.0,3.95034e-16,0.00355759197490369,0.3201279257859984,0.7892525378945904,0.5,0,0.9998550226531364,0.9933071490757153,0.3775406687981454
314,0,1.0,1.0,0.65,1.0,2.4668986e-07,0.006138930152756317,0.3491819577568888,0.5775004627849687,0.5,0,0.99653822812864,0.9933071490757153,0.3775406687981454
315,0,1.0,1.0,0.7166666666666667,1.0,3.503182e-11,0.003667191174077307,0.287961961452581,0.6069269126090153,0.5,0,0.9977708508792117,0.9933071490757153,0.3775406687981454
316,0,1.0,1.0,0.5833333333333334,1.0,3.7648854e-16,0.005059599506413121,0.349838394307251,0.6436887917806863,0.5,0,0.9987145137016814,0.9933071490757153,0.3775406687981454
317,0,1.0,1.0,0.5333333333333333,1.0,3.4764303e-15,0.0037727826841938584,0.3941091942282622,0.6668891117052882,0.5,0,0.9990919808662854,0.9933071490757153,0.3775406687981454
318,0,1.0,1.0,0.6833333333333333,1.0,2.5622915e-09,0.25297146404677695,0.3706792854140562,0.5803092792672624,0.5,0,0.9966805764282318,0.9933071490757153,0.3775406687981454
319,1,1.0,1.0,0.4,1.0,1.0,0.999999998393953,0.557078111414675,0.39501073066042336,0.5,0,0.9490763095770228,0.9933071490757153,0.3775406687981454
320,1,1.0,1.0,0.7,1.0,1.0,0.9999999830848997,0.7492001170359706,0.6164468565203859,0.5,0,0.9980669144154114,0.9933071490757153,0.3775406687981454
321,1,1.0,1.0,0.5833333333333334,1.0,0.9999999,0.9999999787407959,0.6281377824174627,0.6815495980581369,0.5,0,0.9992710993641868,0.9933071490757153,0.3775406687981454
322,1,1.0,1.0,0.6166666666666667,1.0,1.0,0.9999997380716873,0.6951675732158263,0.6560530982418807,0.5,0,0.9989318906476191,0.9933071490757153,0.3775406687981454
323,1,0.0,1.0,0.5,1.0,0.32503563,0.999999966920761,0.6098267043918698,0.2439784669339906,0.5,0,0.6591878281506792,0.9933071490757153,0.3775406687981454
324,1,1.0,1.0,0.65,1.0,0.9993063,0.9999999971400999,0.6935359465458713,0.5213359920239282,0.5,0,0.9919980817577996,0.9933071490757153,0.3775406687981454
325,1,1.0,1.0,0.5333333333333333,1.0,1.0,0.9999999774025956,0.6332520963245825,0.5649316337897653,0.5,0,0.9958229927682484,0.9933071490757153,0.3775406687981454
326,1,1.0,1.0,0.6833333333333333,1.0,1.0,0.999999987528725,0.7072227208425486,0.6331907831223836,0.5,0,0.9984956092354293,0.9933071490757153,0.3775406687981454
327,0,1.0,1.0,0.65,1.0,0.0028030057,0.4692668315403019,0.5408243557507997,0.5568462481146305,0.5,0,0.9952869401070954,0.9933071490757153,0.3775406687981454
328,1,1.0,1.0,0.6166666666666667,1.0,1.0,0.916946845606366,0.622271878256528,0.4226748670482686,0.5,0,0.9657799077662327,0.9933071490757153,0.3775406687981454
329,1,1.0,1.0,0.6833333333333333,1.0,1.0,0.99999999999997,0.6943175221552915,0.6558632072357563,0.5,0,0.9989288472087088,0.9933071490757153,0.3775406687981454
330,1,1.0,1.0,0.5666666666666667,1.0,1.0,0.99999999999997,0.637023676850493,0.6051362211551288,0.5,0,0.9977103026690068,0.9933071490757153,0.3775406687981454
331,1,1.0,1.0,0.5666666666666667,1.0,0.9999429,0.99999999999997,0.6388270888324478,0.4460288281979458,0.5,0,0.9756466822690375,0.9933071490757153,0.3775406687981454
332,1,1.0,1.0,0.6166666666666667,1.0,0.99999857,0.99999999999997,0.6787013944058053,0.5942755255255255,0.5,0,0.9973062748860692,0.9933071490757153,0.3775406687981454
333,1,1.0,1.0,0.6,1.0,0.99999917,0.99999999999997,0.6951552575401309,0.7654366569322765,0.5,0,0.999792785711444,0.9933071490757153,0.3775406687981454
334,1,1.0,1.0,0.6333333333333333,1.0,1.0,0.99999999999997,0.6861081076961061,0.4562679231899478,0.5,0,0.9790412765038639,0.9933071490757153,0.3775406687981454
335,1,1.0,1.0,0.6166666666666667,1.0,1.0,0.99999999999997,0.6821841011071876,0.7768838399557354,0.5,0,0.9998254731816631,0.9933071490757153,0.3775406687981454
336,1,1.0,1.0,0.5833333333333334,1.0,0.99980336,0.99999999999997,0.6697339716116939,0.543342053263574,0.5,0,0.9942347842262765,0.9933071490757153,0.3775406687981454
337,1,1.0,1.0,0.6666666666666666,1.0,1.0,0.99999999999997,0.7034548523609827,0.6051362211551288,0.5,0,0.9977103026690068,0.9933071490757153,0.3775406687981454
338,1,1.0,1.0,0.65,1.0,1.0,0.99999999999997,0.6775284054656114,0.39575399566631836,0.5,0,0.9496124548687989,0.9933071490757153,0.3775406687981454
339,1,1.0,1.0,0.6333333333333333,1.0,1.0,0.99999999999997,0.6932519881183776,0.5457442373382824,0.5,0,0.9944376878314201,0.9933071490757153,0.3775406687981454
340,1,1.0,1.0,0.6,1.0,1.0,0.99999999999997,0.6704202469601411,0.5711142847733077,0.5,0,0.996191538600865,0.9933071490757153,0.3775406687981454
341,1,1.0,1.0,0.6,1.0,0.9999999,0.99999999999997,0.674182488041297,0.6723733660130718,0.5,0,0.99916362812065,0.9933071490757153,0.3775406687981454
342,1,1.0,1.0,0.7333333333333333,1.0,0.99983466,0.99999999999997,0.6905011026245623,0.7293957203897924,0.5,0,0.9996442533066237,0.9933071490757153,0.3775406687981454
343,1,1.0,1.0,0.5833333333333334,1.0,1.0,0.99999999999997,0.6569238465819585,0.6680403586977981,0.5,0,0.9991075126930157,0.9933071490757153,0.3775406687981454
344,1,1.0,1.0,0.5666666666666667,1.0,0.9999995,0.99999999999997,0.656198918518788,0.6956531888117565,0.5,0,0.999409999991291,0.9933071490757153,0.3775406687981454
345,0,1.0,1.0,0.6,1.0,3.911641e-06,0.14441955807228019,0.3960782690283435,0.5603170175692336,0.5,0,0.9955249615938041,0.9933071490757153,0.3775406687981454
346,0,1.0,1.0,0.6,1.0,4.414998e-09,0.007156221411819792,0.3566136463991843,0.5906528223184051,0.5,0,0.9971562739914526,0.9933071490757153,0.3775406687981454
347,0,1.0,1.0,0.6,1.0,4.339635e-12,0.0041613652695029184,0.33688260509732915,0.6304863188213138,0.5,0,0.9984334234583971,0.9933071490757153,0.3775406687981454
348,0,1.0,1.0,0.6833333333333333,1.0,1.5231262e-15,0.003302157789841237,0.305019087595474,0.39095441595441593,0.5,0,0.9460540069241204,0.9933071490757153,0.3775406687981454
349,0,1.0,1.0,0.4666666666666667,1.0,5.9126597e-15,0.003683563200256354,0.4470646861215061,0.596615724721261,0.5,0,0.9973989506228926,0.9933071490757153,0.3775406687981454
350,0,1.0,1.0,0.7166666666666667,1.0,9.956757e-06,0.005191702928348924,0.2970883995954624,0.5062830065359477,0.5,0,0.9899913362412741,0.9933071490757153,0.3775406687981454
351,0,1.0,1.0,0.5333333333333333,1.0,7.625981e-11,0.004946257601052374,0.3912596855670311,0.337912936913896,0.5,0,0.8878229637376719,0.9933071490757153,0.3775406687981454
352,0,1.0,1.0,0.6833333333333333,1.0,1.0415709e-14,0.0033484859224789235,0.2987113605179807,0.6028212035564976,0.5,0,0.997629587479605,0.9933071490757153,0.3775406687981454
353,0,1.0,1.0,0.6,1.0,8.046994e-11,0.004354776561215717,0.3621594057503931,0.7171106740568568,0.5,0,0.9995722997262229,0.9933071490757153,0.3775406687981454
354,0,1.0,1.0,0.55,1.0,1.1943851e-15,0.004454726779223756,0.3989904336793996,0.6150322451675706,0.5,0,0.9980255395144403,0.9933071490757153,0.3775406687981454
355,0,1.0,1.0,0.55,1.0,1.1239578e-06,0.003612097098883362,0.36834561381931935,0.5817040603956453,0.5,0,0.9967490795978056,0.9933071490757153,0.3775406687981454
356,0,1.0,1.0,0.6166666666666667,1.0,0.0019613674,0.004035561176207498,0.3404661967574759,0.3746083072105006,0.5,0,0.9320823108068121,0.9933071490757153,0.3775406687981454
357,0,1.0,1.0,0.65,1.0,0.0001527146,0.004705624787530998,0.33227164291051015,0.6337138575892901,0.5,0,0.9985073491261893,0.9933071490757153,0.3775406687981454
358,0,1.0,1.0,0.6333333333333333,1.0,5.205094e-10,0.0045856852321261915,0.3433718352895671,0.5310357844197597,0.5,0,0.9930740964936747,0.9933071490757153,0.3775406687981454
359,0,1.0,1.0,0.55,1.0,6.6374428e-06,0.0047830063302566565,0.3659936135655049,0.8474036679348356,0.5,0,0.999939393937396,0.9933071490757153,0.3775406687981454
360,0,1.0,1.0,0.6333333333333333,1.0,2.3099721e-13,0.004682719490246245,0.36169862458509455,0.6407025519915244,0.5,0,0.9986557021973242,0.9933071490757153,0.3775406687981454
361,0,1.0,1.0,0.6166666666666667,1.0,1.4296494e-08,0.004030244226953837,0.3521912011771897,0.5519023132128669,0.5,0,0.9949259787813167,0.9933071490757153,0.3775406687981454
362,0,1.0,1.0,0.6666666666666666,1.0,2.9110359e-05,0.005760041295398811,0.3405731412708883,0.5184868521051832,0.5,0,0.9916516070318814,0.9933071490757153,0.3775406687981454
363,0,1.0,1.0,0.6833333333333333,1.0,8.3467114e-16,0.003953836077174213,0.3285841814352167,0.7524238631622862,0.5,0,0.9997481331154782,0.9933071490757153,0.3775406687981454
364,0,1.0,1.0,0.5,1.0,1.82207e-12,0.004025978699252723,0.3989823652518564,0.8357616784087373,0.5,0,0.999927830810973,0.9933071490757153,0.3775406687981454
365,0,1.0,1.0,0.5,1.0,1.3044695e-08,0.0035386991197180495,0.4266542432847217,0.5159103641456583,0.5,0,0.991325501831332,0.9933071490757153,0.3775406687981454
366,0,1.0,1.0,0.6333333333333333,1.0,4.1737767e-08,0.00403021634819451,0.3195874755760683,0.36780985932343463,0.5,0,0.9253352416251974,0.9933071490757153,0.3775406687981454
367,0,1.0,1.0,0.55,1.0,7.004564e-11,0.0038381933066774974,0.40577149030332754,0.6332361773538244,0.5,0,0.9984966317072304,0.9933071490757153,0.3775406687981454
368,0,0.0,1.0,0.65,1.0,0.7644685,0.005019247529352086,0.33155823616469055,0.6564432952668247,0.5,0,0.9989381173654054,0.9933071490757153,0.3775406687981454
369,0,1.0,1.0,0.65,1.0,1.1448257e-18,0.005225890985509708,0.3083412948376091,0.9035524361259656,0.5,0,0.9999738931453823,0.9933071490757153,0.3775406687981454
370,0,1.0,1.0,0.6,1.0,5.033916e-10,0.0038314983473068734,0.3451354095877873,0.5847937465584525,0.5,0,0.9968958494527581,0.9933071490757153,0.3775406687981454
371,0,1.0,1.0,0.55,1.0,3.8137077e-08,0.004294486667807308,0.36538784022520854,0.6383266921792191,0.5,0,0.9986069982884814,0.9933071490757153,0.3775406687981454
372,0,1.0,1.0,0.6333333333333333,1.0,5.5579255e-07,0.00785223414929747,0.3358239757063188,0.6338390559843847,0.5,0,0.9985101454857231,0.9933071490757153,0.3775406687981454
373,0,1.0,1.0,0.8166666666666667,1.0,8.485273e-08,0.004595744779734821,0.23661300413894668,0.5959199036434809,0.5,0,0.9973717322037953,0.9933071490757153,0.3775406687981454
374,0,1.0,1.0,0.7,1.0,1.03917735e-07,0.003962319801522114,0.282791947530115,0.6601943259925619,0.5,0,0.9989961565914789,0.9933071490757153,0.3775406687981454
375,0,0.0,1.0,0.65,1.0,0.9541805,0.00410340533192047,0.3195467039984481,0.5639312240047535,0.5,0,0.9957601070886575,0.9933071490757153,0.3775406687981454
376,0,1.0,1.0,0.6,1.0,8.4584154e-16,0.002997976611913329,0.3319174742527748,0.7016590857868749,0.5,0,0.9994608008805003,0.9933071490757153,0.3775406687981454
377,0,1.0,1.0,0.65,1.0,1.0661109e-13,0.0037070794294131516,0.34118066864508834,0.9297942833047197,0.5,0,0.999982388031554,0.9933071490757153,0.3775406687981454
378,0,1.0,1.0,0.6833333333333333,1.0,0.101544,0.004981122784773532,0.30663286374845866,0.7785247432306256,0.5,0,0.9998297157480905,0.9933071490757153,0.3775406687981454
379,0,1.0,1.0,0.6833333333333333,1.0,3.2905884e-08,0.00714846033763425,0.3131262621127584,0.6032618711972806,0.5,0,0.9976451674956044,0.9933071490757153,0.3775406687981454
380,1,1.0,1.0,0.6166666666666667,1.0,1.0,0.6511881312901694,0.49688537481318906,0.3805949693008517,0.5,0,0.937551211173527,0.9933071490757153,0.3775406687981454
381,1,1.0,1.0,0.6666666666666666,1.0,0.87721163,0.9999999999777524,0.7134332318449982,0.3190297498309668,0.5,0,0.8563680652129081,0.9933071490757153,0.3775406687981454
382,1,1.0,1.0,0.5666666666666667,1.0,1.0,0.999999999954275,0.671423859870585,0.43061163101604283,0.5,0,0.9695035681029162,0.9933071490757153,0.3775406687981454
383,1,1.0,1.0,0.48333333333333334,1.0,1.0,0.9999999999965647,0.6131987315971053,0.5638196878321914,0.5,0,0.9957530377811865,0.9933071490757153,0.3775406687981454
384,1,0.0,1.0,0.5333333333333333,1.0,0.37772816,0.9999999997086777,0.6483785578471382,0.4296955624355005,0.5,0,0.9690946637611829,0.9933071490757153,0.3775406687981454
385,1,1.0,1.0,0.65,1.0,1.0,0.9999999959998898,0.7271579137973556,0.6572469555197966,0.5,0,0.9989508280610354,0.9933071490757153,0.3775406687981454
386,1,1.0,1.0,0.5333333333333333,1.0,0.9999769,0.9999999657316222,0.6426356099823186,0.26703519356460537,0.5,0,0.7321440412254432,0.9933071490757153,0.3775406687981454
387,1,1.0,1.0,0.7666666666666667,1.0,1.0,0.9999999940388928,0.7484592004801621,0.5699610822486639,0.5,0,0.9961253440823841,0.9933071490757153,0.3775406687981454
388,1,1.0,1.0,0.5333333333333333,1.0,0.9999931,0.9999999993301388,0.6481956603124169,0.2648944545138317,0.5,0,0.72580001792258,0.9933071490757153,0.3775406687981454
389,1,1.0,1.0,0.55,1.0,1.0,0.999999998813572,0.6233864594142519,0.7224558203534373,0.5,0,0.9996052398305487,0.9933071490757153,0.3775406687981454
390,1,1.0,1.0,0.6333333333333333,1.0,0.9999919,0.9999999995344425,0.7014961946713839,0.3841325060490146,0.5,0,0.9405868044047999,0.9933071490757153,0.3775406687981454
391,1,1.0,1.0,0.6166666666666667,1.0,1.0,0.9999999999976786,0.676867760033696,0.5997866313504764,0.5,0,0.9975194701234918,0.9933071490757153,0.3775406687981454
392,1,1.0,1.0,0.55,1.0,0.9974637,0.9999999999990881,0.6644043753214394,0.46525607022196963,0.5,0,0.981636229157982,0.9933071490757153,0.3775406687981454
393,1,1.0,1.0,0.5333333333333333,1.0,1.0,0.9999999999991409,0.6525015245190194,0.6193923463105048,0.5,0,0.9981503088478285,0.9933071490757153,0.3775406687981454
394,1,1.0,1.0,0.5666666666666667,1.0,1.0,0.9999999999823138,0.6628673467703441,0.6822505260413757,0.5,0,0.999278717321879,0.9933071490757153,0.3775406687981454
395,1,1.0,1.0,0.5666666666666667,1.0,1.0,0.9999999998894169,0.6391906517833124,0.4478339860309258,0.5,0,0.9762818278362717,0.9933071490757153,0.3775406687981454
396,1,1.0,1.0,0.6666666666666666,1.0,1.0,0.9999999978843372,0.7101681122402456,0.4260083866282475,0.5,0,0.9673945129384312,0.9933071490757153,0.3775406687981454
397,1,1.0,1.0,0.6666666666666666,1.0,0.9999987,0.9999999960010477,0.7094220139976991,0.4066928104575163,0.5,0,0.9569089182469812,0.9933071490757153,0.3775406687981454
398,1,1.0,1.0,0.6833333333333333,1.0,1.0,0.9999999977488531,0.7237947133655052,0.6501040503347308,0.5,0,0.998832311500524,0.9933071490757153,0.3775406687981454
399,1,1.0,1.0,0.7,1.0,1.0,0.9999998566890476,0.719028243728077,0.7082668524926311,0.5,0,0.999511656374988,0.9933071490757153,0.3775406687981454
400,1,1.0,1.0,0.5833333333333334,1.0,0.99834025,0.9999999645980912,0.6719677006286687,0.7194481580510993,0.5,0,0.9995870299253639,0.9933071490757153,0.3775406687981454
401,1,1.0,1.0,0.7166666666666667,1.0,0.9999999,0.9999993889579625,0.7397461433240692,0.36851063524825134,0.5,0,0.9260582508323483,0.9933071490757153,0.3775406687981454
402,1,1.0,1.0,0.6333333333333333,1.0,0.8436463,0.9999997385457896,0.7002539835515348,0.43034547152194214,0.5,0,0.9693853059151775,0.9933071490757153,0.3775406687981454
403,1,1.0,1.0,0.7833333333333333,1.0,0.9992373,0.9999999904453593,0.7834624251719832,0.36028817587641115,0.5,0,0.9171563329183934,0.9933071490757153,0.3775406687981454
404,1,1.0,1.0,0.5833333333333334,1.0,1.0,0.9999999770481501,0.6587001449583761,0.7194804670839529,0.5,0,0.9995872299342381,0.9933071490757153,0.3775406687981454
405,1,1.0,1.0,0.6666666666666666,1.0,0.9999993,0.9095850918092908,0.6810417865747385,0.5231120611774885,0.5,0,0.992206807136688,0.9933071490757153,0.3775406687981454
406,1,1.0,1.0,0.6166666666666667,1.0,0.9988127,0.9913767048056619,0.7059711850246884,0.347306738787469,0.5,0,0.9011083840862921,0.9933071490757153,0.3775406687981454
407,1,1.0,1.0,0.6833333333333333,1.0,1.0,0.9912874237205737,0.730432204334501,0.6172427080284851,0.5,0,0.9980898101367669,0.9933071490757153,0.3775406687981454
408,1,1.0,1.0,0.5833333333333334,1.0,0.99999976,0.9908927491768679,0.6687627215523136,0.3637600573432921,0.5,0,0.9210282750762725,0.9933071490757153,0.3775406687981454
409,1,1.0,1.0,0.55,1.0,0.99999917,0.9909720281150799,0.6630711957865516,0.44112714853383217,0.5,0,0.9738372417493948,0.9933071490757153,0.3775406687981454
410,1,1.0,1.0,0.65,1.0,1.0,0.990932291492839,0.7002710801674923,0.22951453403298147,0.5,0,0.6089064873268205,0.9933071490757153,0.3775406687981454
411,1,1.0,1.0,0.6,1.0,1.0,0.9912657405524034,0.6910559130731985,0.6179018803143693,0.5,0,0.9981085686850841,0.9933071490757153,0.3775406687981454
412,1,1.0,1.0,0.5166666666666667,1.0,0.9898106,0.9911647279109524,0.6251923542482204,0.4505882352941177,0.5,0,0.9772198816068008,0.9933071490757153,0.3775406687981454
413,0,1.0,0.9833333333333333,0.65,1.0,2.114598e-12,0.23088359276404966,0.41769961482912227,0.3339706765589118,0.5,0,0.8817971837548624,0.9933071490757153,0.3775406687981454
414,0,1.0,1.0,0.6,1.0,2.674818e-18,0.007084194176659375,0.3594612641809185,0.6310117525270977,0.5,0,0.998445702795885,0.9933071490757153,0.3775406687981454
415,0,1.0,1.0,0.6166666666666667,1.0,8.39352e-16,0.0036907417506302216,0.3291775034141561,0.6217498435544431,0.5,0,0.998214460714368,0.9933071490757153,0.3775406687981454
416,0,1.0,1.0,0.65,1.0,9.996316e-13,0.003508009814622475,0.3067198123307175,0.6077203299266108,0.5,0,0.9977971652239209,0.9933071490757153,0.3775406687981454
417,0,0.0,1.0,0.7,1.0,0.7175437,0.0040401905129625075,0.30627259509382065,0.544561445977568,0.5,0,0.9943386850509527,0.9933071490757153,0.3775406687981454
418,0,1.0,1.0,0.7166666666666667,1.0,2.505164e-11,0.006231277896097078,0.3013709716772148,0.7355001685239043,0.5,0,0.9996753708842797,0.9933071490757153,0.3775406687981454
419,0,1.0,1.0,0.6333333333333333,1.0,0.296459,0.003515921639024378,0.3268563567529038,0.6188391265597148,0.5,0,0.9981349244463535,0.9933071490757153,0.3775406687981454
420,0,1.0,1.0,0.6333333333333333,1.0,5.844032e-05,0.004472088399140681,0.3263063094503801,0.4882012887459511,0.5,0,0.9869137337560691,0.9933071490757153,0.3775406687981454
421,0,1.0,1.0,0.5666666666666667,1.0,3.1134593e-07,0.005564657702644283,0.3751417407696477,0.31385468394633076,0.5,0,0.8465533480518014,0.9933071490757153,0.3775406687981454
422,0,1.0,1.0,0.55,1.0,5.4125714e-08,0.005963680503183305,0.3733112190806483,0.6210421132282414,0.5,0,0.9981954389271022,0.9933071490757153,0.3775406687981454
423,0,1.0,1.0,0.6,1.0,6.0940654e-12,0.005692079016042223,0.3352799515764057,0.6939222200508111,0.5,0,0.9993944897060978,0.9933071490757153,0.3775406687981454
424,0,1.0,1.0,0.6166666666666667,1.0,1.9361747e-05,0.004788077084045207,0.3372937457203655,0.6057781862745097,0.5,0,0.9977321956761575,0.9933071490757153,0.3775406687981454
425,0,1.0,1.0,0.48333333333333334,1.0,1.2518948e-09,0.004220700456583143,0.42351621250306143,0.3345684785131152,0.5,0,0.8827286302554594,0.9933071490757153,0.3775406687981454
426,0,1.0,1.0,0.6333333333333333,1.0,5.0128002e-17,0.0036391012680174304,0.32276461831272285,0.472991239048811,0.5,0,0.9836150049567277,0.9933071490757153,0.3775406687981454
427,0,1.0,1.0,0.6666666666666666,1.0,8.91341e-08,0.0033665092266223096,0.31872095704401276,0.5200860832137734,0.5,0,0.9918478760831492,0.9933071490757153,0.3775406687981454
428,0,1.0,1.0,0.75,1.0,7.623764e-09,0.0053791659052661485,0.29413666417228346,0.7657748049052397,0.5,0,0.9997938338706366,0.9933071490757153,0.3775406687981454
429,0,1.0,1.0,0.5166666666666667,1.0,5.4894884e-15,0.004570644962940107,0.3995159109915441,0.6589738909748297,0.5,0,0.9989776294281649,0.9933071490757153,0.3775406687981454
430,0,1.0,1.0,0.5666666666666667,1.0,2.6180334e-11,0.0039901899958921265,0.3606867390870418,0.6159004554202634,0.5,0,0.9980510367145905,0.9933071490757153,0.3775406687981454
431,0,1.0,1.0,0.6833333333333333,1.0,2.0467916e-09,0.004712071465174039,0.3223534176497759,0.646533661083481,0.5,0,0.9987681492016037,0.9933071490757153,0.3775406687981454
432,0,1.0,1.0,0.5666666666666667,1.0,8.692652e-10,0.003348517113803052,0.37873988750026677,0.3594855618513543,0.5,0,0.9162369804662049,0.9933071490757153,0.3775406687981454
433,0,1.0,1.0,0.6,1.0,7.69114e-07,0.004853993199947698,0.34425157467541007,0.4302051083591331,0.5,0,0.9693227598473759,0.9933071490757153,0.3775406687981454
434,0,1.0,1.0,0.5833333333333334,1.0,1.9997259e-08,0.005261518305851065,0.38109138109892143,0.6616527699803852,0.5,0,0.9990178575261998,0.9933071490757153,0.3775406687981454
435,0,1.0,1.0,0.6666666666666666,1.0,9.286458e-08,0.004864053818573552,0.337854283218415,0.49410517123074044,0.5,0,0.9880094991110528,0.9933071490757153,0.3775406687981454
436,0,1.0,1.0,0.8166666666666667,1.0,1.04131086e-10,0.004311508876605931,0.24392677050267503,0.5809507916641834,0.5,0,0.9967122604951918,0.9933071490757153,0.3775406687981454
437,0,1.0,1.0,0.5833333333333334,1.0,1.0084135e-09,0.00982823849367452,0.3601920600942602,0.6577132951563839,0.5,0,0.9989581338893614,0.9933071490757153,0.3775406687981454
438,0,1.0,1.0,0.5833333333333334,1.0,3.1886154e-07,0.007737880987727839,0.32747725336077926,0.5907184664910741,0.5,0,0.997159064772922,0.9933071490757153,0.3775406687981454
439,0,0.0,1.0,0.6833333333333333,0.0,1.0,0.004403804192949746,0.3082971724723851,0.6948294048640069,0.5,0,0.9994026686555925,0.9933071490757153,0.3775406687981454
440,0,1.0,1.0,0.55,1.0,1.1094521e-06,0.003240156651004439,0.37081810433471135,0.6306055755635587,0.5,0,0.9984362189472208,0.9933071490757153,0.3775406687981454
441,0,1.0,1.0,0.5833333333333334,1.0,8.173801e-13,0.004627760320556037,0.36161741343780707,0.6201307189542483,0.5,0,0.9981706449659514,0.9933071490757153,0.3775406687981454
442,0,1.0,1.0,0.48333333333333334,1.0,4.8255037e-12,0.00647042455314953,0.40026114596407447,0.3743616051071591,0.5,0,0.9318476742126298,0.9933071490757153,0.3775406687981454
443,0,1.0,1.0,0.6833333333333333,1.0,6.0398776e-05,0.004908135075184619,0.3319519154713084,0.46850056261820966,0.5,0,0.9824932755703905,0.9933071490757153,0.3775406687981454
444,0,1.0,1.0,0.7333333333333333,1.0,2.8505204e-07,0.0049639611064331065,0.32980854268951865,0.43911105377823645,0.5,0,0.9730556017518717,0.9933071490757153,0.3775406687981454
445,0,1.0,1.0,0.5166666666666667,1.0,9.60973e-06,0.004714049768874225,0.40379081078353346,0.42205829358770536,0.5,0,0.9654729297892465,0.9933071490757153,0.3775406687981454
446,0,1.0,1.0,0.5833333333333334,1.0,1.3411802e-06,0.0037356381691402304,0.35520832635314736,0.5073078120136943,0.5,0,0.9901425087336443,0.9933071490757153,0.3775406687981454
447,0,1.0,1.0,0.5833333333333334,1.0,0.00040526304,0.003945460521153739,0.33562014826079845,0.5592166443612107,0.5,0,0.9954508242675777,0.9933071490757153,0.3775406687981454
448,0,1.0,1.0,0.7,1.0,1.1370558e-12,0.00424103336355173,0.29562943479580495,0.7509900475341652,0.5,0,0.9997426588926713,0.9933071490757153,0.3775406687981454
449,0,1.0,1.0,0.6333333333333333,1.0,1.1514569e-06,0.003561223998088981,0.31036953199091855,0.7697336293007769,0.5,0,0.9998057177852178,0.9933071490757153,0.3775406687981454
450,0,1.0,1.0,0.5166666666666667,1.0,2.505164e-11,0.004065917173102119,0.4004054394265493,0.7355001685239043,0.5,0,0.9996753708842797,0.9933071490757153,0.3775406687981454
451,0,1.0,1.0,0.6333333333333333,1.0,9.784384e-09,0.0037777093429466734,0.3357371592730101,0.3625865703101475,0.5,0,0.9197384422780206,0.9933071490757153,0.3775406687981454
452,0,1.0,1.0,0.55,1.0,5.550391e-09,0.0038359916428621545,0.37753993417640835,0.7053032815235568,0.5,0,0.999489469350451,0.9933071490757153,0.3775406687981454
453,0,1.0,1.0,0.6666666666666666,1.0,0.016779477,0.003857944875328752,0.3029453065398325,0.3657088793679023,0.5,0,0.9231284959129867,0.9933071490757153,0.3775406687981454
454,0,1.0,1.0,0.5166666666666667,1.0,1.2295094e-08,0.004125481839883831,0.38411662210030767,0.5918764352587882,0.5,0,0.997207847810403,0.9933071490757153,0.3775406687981454
455,0,1.0,1.0,0.5833333333333334,1.0,7.973989e-12,0.0031658355109353293,0.3480666460648071,0.6220123110972784,0.5,0,0.9982214641081704,0.9933071490757153,0.3775406687981454
456,0,1.0,1.0,0.6,1.0,0.0006076929,0.005118902463044915,0.3650187387372805,0.6572741475967282,0.5,0,0.998951255462529,0.9933071490757153,0.3775406687981454
457,0,1.0,1.0,0.65,1.0,0.00040009813,0.004669859559817343,0.318219675538209,0.8072149693210617,0.5,0,0.9998892610894868,0.9933071490757153,0.3775406687981454
458,0,1.0,1.0,0.6166666666666667,1.0,1.2485861e-05,0.004594020711817051,0.3530078996365875,0.5249433106575964,0.5,0,0.9924163616434475,0.9933071490757153,0.3775406687981454
459,0,1.0,1.0,0.6833333333333333,1.0,8.5380365e-05,0.00536969046356037,0.3111711322416418,0.5326738562091503,0.5,0,0.9932410635060924,0.9933071490757153,0.3775406687981454
460,0,1.0,1.0,0.6166666666666667,1.0,2.5622915e-09,0.005452592363154275,0.34745284792584774,0.5803092792672624,0.5,0,0.9966805764282318,0.9933071490757153,0.3775406687981454
461,0,1.0,1.0,0.6,1.0,2.1564578e-15,0.0030452707951570995,0.33733502534708565,0.6922385620915033,0.5,0,0.9993790125041625,0.9933071490757153,0.3775406687981454
462,0,1.0,1.0,0.6833333333333333,1.0,1.4851382e-15,0.006144250193379144,0.31406660119376345,0.6418488409856696,0.5,0,0.9986785886380418,0.9933071490757153,0.3775406687981454
463,0,1.0,1.0,0.6333333333333333,1.0,7.9866375e-05,0.0059667913334799485,0.332457162530604,0.4937396019013666,0.5,0,0.9879443629582322,0.9933071490757153,0.3775406687981454
464,1,1.0,1.0,0.6333333333333333,1.0,1.0,0.6514310892554569,0.5807314774842876,0.38979779411764703,0.5,0,0.9451616866659764,0.9933071490757153,0.3775406687981454
465,0,1.0,1.0,0.7,1.0,4.5332644e-11,0.48563751558598306,0.523644548695687,0.3176143790849673,0.5,0,0.853736859333223,0.9933071490757153,0.3775406687981454
466,0,1.0,1.0,0.6,1.0,2.5873053e-06,0.004132713142592582,0.3501845861989932,0.5890876170287934,0.5,0,0.9970889154958352,0.9933071490757153,0.3775406687981454
467,0,1.0,1.0,0.5333333333333333,1.0,2.1902733e-09,0.004032166882017454,0.39423191950395015,0.7372000009074554,0.5,0,0.9996835408911915,0.9933071490757153,0.3775406687981454
468,0,1.0,1.0,0.7,1.0,0.002303975,0.004036237037075428,0.2803187499613175,0.2818067001357709,0.5,0,0.7733106914404314,0.9933071490757153,0.3775406687981454
469,0,1.0,1.0,0.6333333333333333,1.0,3.3103723e-13,0.004347944210301579,0.3368994521038207,0.5707072635521332,0.5,0,0.9961683049736185,0.9933071490757153,0.3775406687981454
470,0,1.0,1.0,0.7,1.0,1.9715681e-07,0.004448536985469976,0.29717825109544604,0.6204613863089095,0.5,0,0.9981796796443329,0.9933071490757153,0.3775406687981454
471,1,1.0,1.0,0.5,1.0,0.9999021,0.9834234576448373,0.6463223519518849,0.4992648058815529,0.5,0,0.9888925770422511,0.9933071490757153,0.3775406687981454
472,1,1.0,1.0,0.6666666666666666,1.0,1.0,0.9999999999977257,0.7451166462600273,0.3218259953554071,0.5,0,0.8614504995742791,0.9933071490757153,0.3775406687981454
473,1,1.0,1.0,0.5833333333333334,1.0,0.9999999,0.9999999999365418,0.708496754503519,0.6815495980581369,0.5,0,0.9992710993641868,0.9933071490757153,0.3775406687981454
474,1,1.0,1.0,0.65,1.0,1.0,0.9999999999922774,0.7504025210620695,0.39501073066042336,0.5,0,0.9490763095770228,0.9933071490757153,0.3775406687981454
475,1,1.0,1.0,0.5833333333333334,1.0,1.0,0.9999999999999163,0.6840492322357797,0.6331907831223836,0.5,0,0.9984956092354293,0.9933071490757153,0.3775406687981454
476,1,1.0,1.0,0.5666666666666667,1.0,1.0,0.9999999999998788,0.6713015376220727,0.7763491366695932,0.5,0,0.9998240679993493,0.9933071490757153,0.3775406687981454
477,1,1.0,1.0,0.7666666666666667,1.0,1.0,0.9999999999995192,0.7970868042515106,0.6656344376831191,0.5,0,0.9990747459852162,0.9933071490757153,0.3775406687981454
478,1,1.0,1.0,0.6,1.0,1.0,0.9999999999997965,0.7058082987479738,0.415833081950729,0.5,0,0.9622211987687119,0.9933071490757153,0.3775406687981454
479,1,1.0,1.0,0.5833333333333334,1.0,1.0,0.9999999999973782,0.6979693496404447,0.6040383813099708,0.5,0,0.9976723731729266,0.9933071490757153,0.3775406687981454
480,1,1.0,1.0,0.6833333333333333,1.0,1.0,0.999999999991274,0.7553333408362994,0.5283645611432123,0.5,0,0.9927929929164196,0.9933071490757153,0.3775406687981454
481,1,1.0,1.0,0.6166666666666667,1.0,1.0,0.9999999990758867,0.7064130641985258,0.630702299285187,0.5,0,0.9984384825827647,0.9933071490757153,0.3775406687981454
482,1,1.0,1.0,0.6333333333333333,1.0,1.0,0.999999999016191,0.705964931492537,0.6230632739851353,0.5,0,0.9982492331919136,0.9933071490757153,0.3775406687981454
483,1,0.0,1.0,0.65,1.0,0.3045846,0.9999999996921562,0.7458268170448347,0.4770268391044361,0.5,0,0.984562573273399,0.9933071490757153,0.3775406687981454
484,1,1.0,1.0,0.6666666666666666,1.0,1.0,0.9999999999766135,0.7328309605892859,0.6453006202480992,0.5,0,0.9987451822165977,0.9933071490757153,0.3775406687981454
485,1,1.0,1.0,0.6333333333333333,1.0,1.0,0.9999999999390597,0.7220862637939689,0.5827426081543728,0.5,0,0.9967991698663818,0.9933071490757153,0.3775406687981454
486,1,1.0,1.0,0.65,1.0,0.9999999,0.9999999999401491,0.7298016823950333,0.7196382428940569,0.5,0,0.9995882052543683,0.9933071490757153,0.3775406687981454
487,1,1.0,1.0,0.6833333333333333,1.0,0.99999976,0.9999999996816774,0.7446400695841598,0.26646679316888044,0.5,0,0.7304687077242208,0.9933071490757153,0.3775406687981454
488,1,1.0,1.0,0.5166666666666667,1.0,0.9999931,0.9999999990321116,0.658705888999792,0.2648944545138317,0.5,0,0.72580001792258,0.9933071490757153,0.3775406687981454
489,1,1.0,1.0,0.5833333333333334,1.0,0.9995183,0.9999999898118526,0.6592757477372454,0.33495124825886635,0.5,0,0.8833216833652696,0.9933071490757153,0.3775406687981454
490,1,1.0,1.0,0.65,1.0,1.0,0.9999999540823407,0.7290059438957862,0.31142777524446474,0.5,0,0.8417646031492141,0.9933071490757153,0.3775406687981454
491,1,1.0,1.0,0.6166666666666667,1.0,0.9999999,0.9998663187714831,0.7189007952076355,0.6723733660130718,0.5,0,0.99916362812065,0.9933071490757153,0.3775406687981454
492,1,1.0,1.0,0.65,1.0,1.0,0.9999988549688078,0.714148794952185,0.8388695012888876,0.5,0,0.9999311177066819,0.9933071490757153,0.3775406687981454
493,1,1.0,1.0,0.6333333333333333,1.0,0.99999917,0.999793551671871,0.7062151643347873,0.33942281137807234,0.5,0,0.8900588313259455,0.9933071490757153,0.3775406687981454
494,1,1.0,1.0,0.6333333333333333,1.0,1.0,0.9984402236890072,0.7127032862614189,0.33560203340595496,0.5,0,0.8843240173319643,0.9933071490757153,0.3775406687981454
495,1,1.0,1.0,0.5666666666666667,1.0,0.9994229,0.9981813592789875,0.6689666703106715,0.43215404552625647,0.5,0,0.9701802421767124,0.9933071490757153,0.3775406687981454
496,1,1.0,1.0,0.5666666666666667,1.0,1.0,0.998448249445321,0.6849614967731343,0.6191019438078262,0.5,0,0.998142248950371,0.9933071490757153,0.3775406687981454
497,1,1.0,1.0,0.7333333333333333,1.0,0.9999987,0.9989635257881951,0.781456362676142,0.2666363061353574,0.5,0,0.730969030567451,0.9933071490757153,0.3775406687981454
498,1,1.0,1.0,0.65,1.0,1.0,0.9999990065445139,0.763606786826934,0.632122285473329,0.5,0,0.9984713405607247,0.9933071490757153,0.3775406687981454
499,1,1.0,1.0,0.7,1.0,0.9999999,0.9999456192648375,0.7738462226443068,0.6402554326573935,0.5,0,0.9986466682151358,0.9933071490757153,0.3775406687981454
500,1,1.0,1.0,0.6833333333333333,1.0,1.0,0.9999352772160854,0.76167936460443,0.34850073954551564,0.5,0,0.9026929564737356,0.9933071490757153,0.3775406687981454
501,1,1.0,1.0,0.6166666666666667,1.0,1.0,0.9997592167482868,0.7225261373482603,0.6830718954248366,0.5,0,0.9992875431023576,0.9933071490757153,0.3775406687981454
502,1,1.0,1.0,0.6166666666666667,1.0,0.99999547,0.9997336828005962,0.6872623056557978,0.466260888789049,0.5,0,0.9819059670017102,0.9933071490757153,0.3775406687981454
503,1,1.0,1.0,0.6166666666666667,1.0,1.0,0.9989590060897993,0.695390764369422,0.3948807329199486,0.5,0,0.94898198423287,0.9933071490757153,0.3775406687981454
504,1,1.0,1.0,0.65,1.0,0.9999839,0.9989593170683898,0.7044768697786218,0.4008103512407673,0.5,0,0.9531202502200474,0.9933071490757153,0.3775406687981454
505,1,1.0,1.0,0.6333333333333333,1.0,0.99999905,0.9974497661830962,0.7173648693222449,0.4790563537242854,0.5,0,0.9850185146054938,0.9933071490757153,0.3775406687981454
506,1,1.0,1.0,0.7166666666666667,1.0,1.0,0.9988605525180794,0.8056652750444792,0.48213835593974746,0.5,0,0.9856856553519407,0.9933071490757153,0.3775406687981454
507,1,1.0,1.0,0.5,1.0,1.0,0.9996828586513247,0.6706420319387927,0.6560530982418807,0.5,0,0.9989318906476191,0.9933071490757153,0.3775406687981454
508,1,1.0,1.0,0.6666666666666666,1.0,1.0,0.9999998053044817,0.744422954731213,0.6481957488877904,0.5,0,0.9987984447396246,0.9933071490757153,0.3775406687981454
509,1,1.0,1.0,0.7166666666666667,1.0,1.0,0.9999996947532372,0.8058080708293787,0.566976458460216,0.5,0,0.9959486553897888,0.9933071490757153,0.3775406687981454
510,1,1.0,1.0,0.5833333333333334,1.0,1.0,0.9999998910137594,0.674148269044936,0.38979779411764703,0.5,0,0.9451616866659764,0.9933071490757153,0.3775406687981454
511,1,1.0,1.0,0.5833333333333334,1.0,0.9999995,0.9999270737558756,0.6797700291261229,0.6956531888117565,0.5,0,0.999409999991291,0.9933071490757153,0.3775406687981454
512,1,1.0,1.0,0.65,1.0,1.0,0.9999998954022283,0.7156453357279873,0.3934994774784349,0.5,0,0.9479694959816954,0.9933071490757153,0.3775406687981454
513,1,1.0,1.0,0.65,1.0,0.9999957,0.9999999407662765,0.7428103682015464,0.24725193107546048,0.5,0,0.6701312998441921,0.9933071490757153,0.3775406687981454
514,1,1.0,1.0,0.6666666666666666,1.0,1.0,0.9999999732671708,0.7322954064998446,0.4854715117543653,0.5,0,0.9863742260059309,0.9933071490757153,0.3775406687981454
515,1,1.0,1.0,0.5833333333333334,1.0,1.0,0.9999999935383638,0.6816938090055136,0.401432688175445,0.5,0,0.9535355995630964,0.9933071490757153,0.3775406687981454
516,1,1.0,1.0,0.6666666666666666,1.0,0.99970967,0.9999999914991966,0.7313321675502279,0.5690455161043397,0.5,0,0.9960719749122376,0.9933071490757153,0.3775406687981454
517,1,1.0,1.0,0.6,1.0,1.0,0.9999999939149203,0.7159422743279935,0.36739363272190595,0.5,0,0.9249027384863616,0.9933071490757153,0.3775406687981454
518,1,1.0,1.0,0.7166666666666667,1.0,0.998577,0.9999999993992296,0.7848020010972997,0.5846104795889587,0.5,0,0.9968873309869304,0.9933071490757153,0.3775406687981454
519,1,1.0,1.0,0.6166666666666667,1.0,1.0,0.9999999923410741,0.6901307071839293,0.6270401889779053,0.5,0,0.9983504516322289,0.9933071490757153,0.3775406687981454
520,1,1.0,1.0,0.6166666666666667,1.0,1.0,0.9999997681577402,0.7123840983027723,0.5545684667309547,0.5,0,0.9951239265371274,0.9933071490757153,0.3775406687981454
521,1,1.0,1.0,0.7,1.0,0.9974637,0.9998752330314609,0.7590696746220524,0.46525607022196963,0.5,0,0.981636229157982,0.9933071490757153,0.3775406687981454
522,1,1.0,1.0,0.65,1.0,1.0,0.9999991666397244,0.7390443432208531,0.6854591945710746,0.5,0,0.9993125871965041,0.9933071490757153,0.3775406687981454
523,1,1.0,1.0,0.6166666666666667,1.0,1.0,0.9999414054224468,0.7025254783371939,0.5329506363949088,0.5,0,0.993268877940324,0.9933071490757153,0.3775406687981454
524,1,1.0,1.0,0.6333333333333333,1.0,0.9999956,0.9999988231237171,0.7363437729974239,0.770939355845507,0.5,0,0.9998091993050351,0.9933071490757153,0.3775406687981454
525,1,1.0,1.0,0.6666666666666666,1.0,1.0,0.9996676286238376,0.7532088139247245,0.4296807431192893,0.5,0,0.9690880054454425,0.9933071490757153,0.3775406687981454
526,1,1.0,1.0,0.5833333333333334,1.0,0.9999999,0.9996274703702365,0.6751116341210934,0.48411859429762244,0.5,0,0.9860987661329104,0.9933071490757153,0.3775406687981454
527,1,1.0,1.0,0.6833333333333333,1.0,0.9999987,0.9999996716070422,0.7530012534259978,0.2666363061353574,0.5,0,0.730969030567451,0.9933071490757153,0.3775406687981454
528,1,1.0,1.0,0.6666666666666666,1.0,0.9998882,0.9999996622971088,0.7602902154883245,0.4801775681032647,0.5,0,0.9852646878219258,0.9933071490757153,0.3775406687981454
529,1,1.0,1.0,0.65,1.0,0.9999021,0.9999999710170113,0.7331708069198638,0.4992648058815529,0.5,0,0.9888925770422511,0.9933071490757153,0.3775406687981454
530,1,1.0,1.0,0.6,1.0,1.0,0.9999999956986938,0.6917009994341323,0.376494201981868,0.5,0,0.9338513648582958,0.9933071490757153,0.3775406687981454
531,1,1.0,1.0,0.6833333333333333,1.0,1.0,0.9999999980898108,0.7555057623182445,0.4525499960332717,0.5,0,0.9778658307861001,0.9933071490757153,0.3775406687981454
532,1,1.0,1.0,0.55,1.0,1.0,0.9999999990317778,0.678907902730827,0.5753938768489851,0.5,0,0.9964274907489138,0.9933071490757153,0.3775406687981454
533,1,1.0,1.0,0.5833333333333334,1.0,0.9999995,0.9999999995464931,0.7034768903487535,0.22570932398724386,0.5,0,0.5952326451546907,0.9933071490757153,0.3775406687981454
534,1,1.0,1.0,0.65,1.0,1.0,0.9999999991927822,0.735733727024419,0.738640846729082,0.5,0,0.9996903049467892,0.9933071490757153,0.3775406687981454
535,1,1.0,1.0,0.5833333333333334,1.0,1.0,0.9999999974413998,0.6751019037813226,0.32489690320572673,0.5,0,0.8668573762627705,0.9933071490757153,0.3775406687981454
536,1,1.0,1.0,0.6333333333333333,1.0,1.0,0.999999935506163,0.7314504793104214,0.5375152129817443,0.5,0,0.993711523996888,0.9933071490757153,0.3775406687981454
537,1,1.0,1.0,0.6166666666666667,1.0,1.0,0.9999999742463852,0.6823969064006974,0.34336066169976204,0.5,0,0.8957070766561548,0.9933071490757153,0.3775406687981454
538,1,1.0,1.0,0.6333333333333333,1.0,1.0,0.9999998389330391,0.7312684897433139,0.39450149084076636,0.5,0,0.9487058636492718,0.9933071490757153,0.3775406687981454
539,1,1.0,1.0,0.65,1.0,1.0,0.9999996877267966,0.7375936927411927,0.4980261437908497,0.5,0,0.9886866293624904,0.9933071490757153,0.3775406687981454
540,1,1.0,1.0,0.6333333333333333,1.0,0.999987,0.9998358045728072,0.7350605122128379,0.451041079659572,0.5,0,0.9773706052225548,0.9933071490757153,0.3775406687981454
541,1,1.0,1.0,0.65,1.0,0.99960643,0.9999508216731511,0.7242776674627555,0.528092312597334,0.5,0,0.9927637146913997,0.9933071490757153,0.3775406687981454
542,1,1.0,1.0,0.55,1.0,1.0,0.9999998400930341,0.7067764730204523,0.4562679231899478,0.5,0,0.9790412765038639,0.9933071490757153,0.3775406687981454
543,1,1.0,1.0,0.55,1.0,0.9999958,0.9999997020160193,0.6644119954305243,0.4564384818254787,0.5,0,0.9790937087706204,0.9933071490757153,0.3775406687981454
544,1,1.0,1.0,0.7,1.0,0.9995427,0.999925354723505,0.7688017674598134,0.19911567482281686,0.5,0,0.4966838292107035,0.9933071490757153,0.3775406687981454
545,1,1.0,1.0,0.6666666666666666,1.0,1.0,0.9985232383969246,0.7432789371620617,0.5452057908378648,0.5,0,0.9943928337284965,0.9933071490757153,0.3775406687981454
546,1,1.0,1.0,0.7,1.0,1.0,0.9894412641212196,0.7390843099236268,0.5640498211863362,0.5,0,0.9957676110791048,0.9933071490757153,0.3775406687981454
547,1,1.0,1.0,0.6666666666666666,1.0,0.9999666,0.9798690349036213,0.725490620822732,0.6713575921486672,0.5,0,0.9991507979762646,0.9933071490757153,0.3775406687981454
548,1,1.0,1.0,0.55,1.0,0.99997056,0.9730885306937651,0.6738984827934188,0.47234025393102974,0.5,0,0.9834568852214466,0.9933071490757153,0.3775406687981454
549,1,1.0,1.0,0.5666666666666667,1.0,1.0,0.9453409851412728,0.675527712675435,0.4922288741204543,0.5,0,0.987671458776352,0.9933071490757153,0.3775406687981454
550,1,1.0,1.0,0.6,1.0,1.0,0.9820480163039514,0.7167517454359142,0.6560530982418807,0.5,0,0.9989318906476191,0.9933071490757153,0.3775406687981454
551,1,1.0,1.0,0.7,1.0,1.0,0.9877162312365423,0.7462932925085775,0.738640846729082,0.5,0,0.9996903049467892,0.9933071490757153,0.3775406687981454
552,1,1.0,0.9833333333333333,0.5666666666666667,1.0,1.0,0.9144975734118789,0.659289144560497,0.45302898464350283,0.5,0,0.9780208082445975,0.9933071490757153,0.3775406687981454
553,1,1.0,0.9666666666666667,0.5833333333333334,1.0,1.0,0.8950301819150629,0.6775404777189536,0.4371330537552421,0.5,0,0.9722666868960456,0.9933071490757153,0.3775406687981454
554,1,1.0,1.0,0.6166666666666667,1.0,0.9999356,0.9435335911595712,0.6847352852355536,0.6465708556149733,0.5,0,0.99876883543571,0.9933071490757153,0.3775406687981454
555,1,1.0,0.9833333333333333,0.6166666666666667,1.0,0.99990904,0.957004683214677,0.6830579148898503,0.5674707602339182,0.5,0,0.9959784627497394,0.9933071490757153,0.3775406687981454
556,1,1.0,1.0,0.6166666666666667,1.0,1.0,0.9266071809600388,0.7281118854461772,0.4638841754650578,0.5,0,0.9812615712347389,0.9933071490757153,0.3775406687981454
557,1,1.0,1.0,0.5166666666666667,1.0,0.99997056,0.9570390535465793,0.6429482015150736,0.47234025393102974,0.5,0,0.9834568852214466,0.9933071490757153,0.3775406687981454
558,1,1.0,0.9666666666666667,0.6,1.0,0.9999403,0.886950436186736,0.7123689679422209,0.2516356542617047,0.5,0,0.6845010476583226,0.9933071490757153,0.3775406687981454
559,1,1.0,0.9666666666666667,0.6166666666666667,1.0,1.0,0.8278823319030557,0.7130898605603057,0.6730243612596554,0.5,0,0.9991717487547629,0.9933071490757153,0.3775406687981454
560,1,1.0,0.9833333333333333,0.5333333333333333,1.0,0.997561,0.9319747435635516,0.6615118935853066,0.4900924179195488,0.5,0,0.9872750779978265,0.9933071490757153,0.3775406687981454
561,1,1.0,1.0,0.6666666666666666,1.0,1.0,0.9748920517741827,0.7627769645704635,0.41537150213620805,0.5,0,0.961968704506695,0.9933071490757153,0.3775406687981454
562,1,1.0,1.0,0.6,1.0,0.99998486,0.9613272925600356,0.6745466512646904,0.7617158187273927,0.5,0,0.9997808943250679,0.9933071490757153,0.3775406687981454
563,1,1.0,1.0,0.65,1.0,1.0,0.9752431100902935,0.7016184095226284,0.5592597093933992,0.5,0,0.9954537486190677,0.9933071490757153,0.3775406687981454
564,1,1.0,1.0,0.6333333333333333,1.0,1.0,0.9664241702964074,0.7585342349802614,0.7126126887536623,0.5,0,0.9995424607914702,0.9933071490757153,0.3775406687981454
565,1,1.0,0.9833333333333333,0.5833333333333334,1.0,1.0,0.9165215530441068,0.6845324914019185,0.3404901960784314,0.5,0,0.8916157942786167,0.9933071490757153,0.3775406687981454
566,1,1.0,0.8833333333333333,0.7,1.0,0.99999905,0.7590654258287413,0.7709665131012279,0.7671164326296968,0.5,0,0.9997979405444203,0.9933071490757153,0.3775406687981454
567,1,1.0,0.65,0.65,1.0,1.0,0.5805225327244901,0.7468970644113054,0.42572381333485776,0.5,0,0.9672596022416714,0.9933071490757153,0.3775406687981454
568,1,1.0,0.13333333333333333,0.7166666666666667,1.0,1.0,0.28805601631938754,0.7609158365134243,0.6725038621509211,0.5,0,0.9991652623036295,0.9933071490757153,0.3775406687981454
569,1,0.0,0.06666666666666667,0.6166666666666667,0.0,6.672186e-11,0.23471290206381124,0.7066976277820521,0.2902898176814585,0.5,0,0.794839444129427,0.9933071490757153,0.3775406687981454
570,1,1.0,0.016666666666666666,0.6333333333333333,0.0,0.99999917,0.17997176069376905,0.6965213568566468,0.18275724819842468,0.5,0,0.43569774168435227,0.9933071490757153,0.3775406687981454
571,1,1.0,0.08333333333333333,0.6333333333333333,1.0,0.9999945,0.21995175813600903,0.7321424361586495,0.4574732752858636,0.5,0,0.9794090784069409,0.9933071490757153,0.3775406687981454
572,1,1.0,0.35,0.5666666666666667,1.0,1.0,0.40599988195583214,0.6992935789202244,0.4953902593295383,0.5,0,0.9882357253420012,0.9933071490757153,0.3775406687981454
573,1,1.0,0.13333333333333333,0.6166666666666667,1.0,0.9999981,0.29961135200039585,0.6783990024152622,0.3441035067873303,0.5,0,0.8967433997825675,0.9933071490757153,0.3775406687981454
574,1,1.0,0.25,0.5666666666666667,1.0,1.0,0.3291017486447673,0.7028415665774579,0.5549732474689222,0.5,0,0.9951532998909175,0.9933071490757153,0.3775406687981454
575,1,1.0,0.2,0.7166666666666667,1.0,0.9999995,0.31904861913203264,0.7606134837014725,0.6787221877187275,0.5,0,0.9992395449547571,0.9933071490757153,0.3775406687981454
576,1,1.0,0.26666666666666666,0.6333333333333333,1.0,0.99999976,0.4118654720530002,0.7159383379857203,0.4966696375519905,0.5,0,0.9884567559940586,0.9933071490757153,0.3775406687981454
577,1,1.0,0.11666666666666667,0.5833333333333334,1.0,1.0,0.24225798597675635,0.6813799839042475,0.6117719159735967,0.5,0,0.9979267836970087,0.9933071490757153,0.3775406687981454
578,1,1.0,0.21666666666666667,0.65,1.0,0.99999976,0.29389286523428626,0.7074490814966624,0.3581601794946835,0.5,0,0.9146985178660705,0.9933071490757153,0.3775406687981454
579,1,1.0,0.4,0.6666666666666666,1.0,1.0,0.43673996389165753,0.7636159245299545,0.6331907831223836,0.5,0,0.9984956092354293,0.9933071490757153,0.3775406687981454
580,1,1.0,0.35,0.6,1.0,0.999997,0.421242977687429,0.7274043151649425,0.25156666010885964,0.5,0,0.6842775059947778,0.9933071490757153,0.3775406687981454
581,1,1.0,0.4166666666666667,0.48333333333333334,1.0,1.0,0.46706735177939646,0.6414024428980883,0.7153139397835637,0.5,0,0.9995606211672019,0.9933071490757153,0.3775406687981454
582,1,1.0,0.3333333333333333,0.5333333333333333,1.0,1.0,0.42944146254626275,0.6627869880832751,0.5066731219236665,0.5,0,0.9900491521196365,0.9933071490757153,0.3775406687981454
583,1,1.0,0.25,0.6,1.0,1.0,0.35336498291112217,0.7099748695417258,0.26398994469582704,0.5,0,0.723091605516865,0.9933071490757153,0.3775406687981454
584,1,1.0,0.2,0.6833333333333333,1.0,0.9999968,0.3154062986929173,0.7594861481239197,0.4210056115469444,0.5,0,0.9649426769140657,0.9933071490757153,0.3775406687981454
585,0,1.0,0.16666666666666666,0.6166666666666667,1.0,3.7924304e-09,0.7795804388240636,0.4230254224509179,0.6405927130961331,0.5,0,0.9986534885137361,0.9933071490757153,0.3775406687981454
586,0,1.0,0.9833333333333333,0.6666666666666666,1.0,8.625171e-06,0.05593529139666234,0.33783190099385824,0.6623307255410944,0.5,0,0.9990277849868646,0.9933071490757153,0.3775406687981454
587,0,1.0,1.0,0.5333333333333333,1.0,1.1785684e-12,0.004423520806656918,0.3686788319265389,0.8598475845802048,0.5,0,0.9999497130046966,0.9933071490757153,0.3775406687981454
588,0,1.0,1.0,0.6333333333333333,1.0,9.996316e-13,0.003715080275964899,0.35917696629623935,0.6077203299266108,0.5,0,0.9977971652239209,0.9933071490757153,0.3775406687981454
589,0,1.0,1.0,0.6333333333333333,1.0,2.128727e-06,0.004450104993876722,0.3416931967662192,0.6256285949712402,0.5,0,0.998315211317638,0.9933071490757153,0.3775406687981454
590,0,1.0,1.0,0.6166666666666667,1.0,1.14696626e-07,0.0029675150094863436,0.3244329071063136,0.5646023877434316,0.5,0,0.995802399603797,0.9933071490757153,0.3775406687981454
591,0,1.0,1.0,0.6666666666666666,1.0,3.0718857e-05,0.003927007185820649,0.3254789236411353,0.5204235328883327,0.5,0,0.9918887019399938,0.9933071490757153,0.3775406687981454
592,0,1.0,1.0,0.75,1.0,0.01930715,0.0032266628894158165,0.26397323258176864,0.48017834523990477,0.5,0,0.9852648570601449,0.9933071490757153,0.3775406687981454
593,0,1.0,1.0,0.6333333333333333,1.0,1.54922e-08,0.003734849254175587,0.3171736279535305,0.6270717340434115,0.5,0,0.9983512306876606,0.9933071490757153,0.3775406687981454
594,0,1.0,1.0,0.5833333333333334,1.0,3.0407793e-07,0.004177060096962987,0.3211130944927419,0.511621568627451,0.5,0,0.990754442310037,0.9933071490757153,0.3775406687981454
595,0,1.0,1.0,0.5833333333333334,1.0,1.0799857e-12,0.0033731720088405444,0.3902541052884589,0.6097214861920744,0.5,0,0.9978621666469335,0.9933071490757153,0.3775406687981454
596,0,1.0,1.0,0.7,1.0,9.69699e-07,0.003612815683350299,0.28671575247433867,0.6172453872643626,0.5,0,0.9980898867563304,0.9933071490757153,0.3775406687981454
597,0,1.0,1.0,0.6833333333333333,1.0,2.6139008e-12,0.003157419385076778,0.35635723388547774,0.5148561988898124,0.5,0,0.9911884645554929,0.9933071490757153,0.3775406687981454
598,0,1.0,1.0,0.5833333333333334,1.0,3.538133e-08,0.00429713436376684,0.35769114421017384,0.5848976901366608,0.5,0,0.996900670540818,0.9933071490757153,0.3775406687981454
599,0,1.0,1.0,0.65,1.0,1.2169524e-12,0.006823933160910884,0.31536147612023574,0.8564989018549389,0.5,0,0.9999471226991431,0.9933071490757153,0.3775406687981454
600,0,1.0,1.0,0.5833333333333334,1.0,6.9266076e-05,0.0044652953961805955,0.3700629254805083,0.5763398692810457,0.5,0,0.9964776489779241,0.9933071490757153,0.3775406687981454
601,0,1.0,1.0,0.7166666666666667,1.0,0.00019989983,0.004165065673542672,0.30930091916969593,0.5209810206133735,0.5,0,0.9919557049973288,0.9933071490757153,0.3775406687981454
602,0,1.0,1.0,0.5833333333333334,1.0,2.5213203e-05,0.0033310999712491745,0.37421709372867845,0.7957464988928737,0.5,0,0.9998684770260835,0.9933071490757153,0.3775406687981454
603,0,1.0,1.0,0.5666666666666667,1.0,1.5898026e-11,0.0043344517953941624,0.3522115829968012,0.3698554169142404,0.5,0,0.9274276811596878,0.9933071490757153,0.3775406687981454
604,0,1.0,1.0,0.6666666666666666,1.0,8.39352e-16,0.004645704634342034,0.30381577567410345,0.6217498435544431,0.5,0,0.998214460714368,0.9933071490757153,0.3775406687981454
605,0,1.0,1.0,0.7,1.0,3.6939806e-13,0.0034356607539643477,0.2936977565672378,0.4417579897456059,0.5,0,0.9740772549265982,0.9933071490757153,0.3775406687981454
606,1,1.0,1.0,0.55,1.0,1.0,0.784088516403579,0.5552631440706014,0.415765393876849,0.5,0,0.9621842729328356,0.9933071490757153,0.3775406687981454
607,1,1.0,1.0,0.75,1.0,1.0,0.9999999999999675,0.7768792125434507,0.6323665577342048,0.5,0,0.998476922932837,0.9933071490757153,0.3775406687981454
608,1,1.0,1.0,0.6333333333333333,1.0,1.0,0.9999999999998874,0.726392529978786,0.44548726953467954,0.5,0,0.9754529212638122,0.9933071490757153,0.3775406687981454
609,1,1.0,1.0,0.6166666666666667,1.0,0.99442965,0.9999999999996736,0.6833069581167314,0.22988179669030734,0.5,0,0.6102175929072826,0.9933071490757153,0.3775406687981454
610,1,1.0,1.0,0.6333333333333333,1.0,0.99975353,0.9999999999998975,0.7099926211891939,0.3990559871747441,0.5,0,0.9519303014086228,0.9933071490757153,0.3775406687981454
611,1,1.0,1.0,0.5666666666666667,1.0,0.9999752,0.9999999999999044,0.667122918910909,0.41194508866868135,0.5,0,0.9600430817380267,0.9933071490757153,0.3775406687981454
612,1,1.0,1.0,0.6833333333333333,1.0,1.0,0.9999999999982421,0.7484462406233584,0.3934994774784349,0.5,0,0.9479694959816954,0.9933071490757153,0.3775406687981454
613,0,1.0,1.0,0.6333333333333333,1.0,5.9073358e-05,0.005211096593217824,0.3346849910705934,0.5664492344438603,0.5,0,0.995916620220683,0.9933071490757153,0.3775406687981454
614,0,1.0,1.0,0.5833333333333334,1.0,3.9867374e-14,0.0037032610246235877,0.3498164394291431,0.33086294934640526,0.5,0,0.8768512336746905,0.9933071490757153,0.3775406687981454
615,0,1.0,1.0,0.5666666666666667,1.0,0.00014835928,0.005051139676063219,0.35941172745841776,0.47564830250588763,0.5,0,0.9842451157266306,0.9933071490757153,0.3775406687981454
616,0,1.0,1.0,0.6,1.0,1.16886625e-08,0.003578250238713663,0.34091732742243314,0.555687381850683,0.5,0,0.9952046931024298,0.9933071490757153,0.3775406687981454
617,0,1.0,1.0,0.48333333333333334,1.0,0.00038828928,0.0033501672380568523,0.39010283250382394,0.5713394448688567,0.5,0,0.9962043308668195,0.9933071490757153,0.3775406687981454
618,0,1.0,1.0,0.65,1.0,1.9960692e-06,0.004231822183492317,0.3140077159552185,0.5995996732026144,0.5,0,0.9975125213592339,0.9933071490757153,0.3775406687981454
619,0,1.0,1.0,0.5666666666666667,1.0,6.6374428e-06,0.002808174137849328,0.35449840602841337,0.8474036679348356,0.5,0,0.999939393937396,0.9933071490757153,0.3775406687981454
620,1,1.0,0.9833333333333333,0.5833333333333334,1.0,1.0,0.9334621773314034,0.6996238707319424,0.355378109011327,0.5,0,0.9113855942622502,0.9933071490757153,0.3775406687981454
621,1,1.0,1.0,0.7666666666666667,1.0,0.99999774,0.99999999999997,0.8050238775537338,0.8015487876096992,0.5,0,0.9998794387195311,0.9933071490757153,0.3775406687981454
622,1,1.0,1.0,0.5666666666666667,1.0,1.0,0.99999999999997,0.6925083885807076,0.6323665577342048,0.5,0,0.998476922932837,0.9933071490757153,0.3775406687981454
623,1,1.0,1.0,0.5833333333333334,1.0,0.99999666,0.99999999999997,0.7097532796519918,0.40802941176470586,0.5,0,0.9577280927915943,0.9933071490757153,0.3775406687981454
624,1,1.0,1.0,0.5666666666666667,1.0,1.0,0.99999999999997,0.6856646125817611,0.6167440660474716,0.5,0,0.9980754966572375,0.9933071490757153,0.3775406687981454
625,1,1.0,1.0,0.5833333333333334,1.0,1.0,0.99999999999997,0.7054077498304079,0.50113936642195,0.5,0,0.9891972229862429,0.9933071490757153,0.3775406687981454
626,1,1.0,1.0,0.5,1.0,0.99999964,0.99999999999997,0.6567986452876869,0.42507857043526626,0.5,0,0.9669517044219349,0.9933071490757153,0.3775406687981454
627,1,1.0,1.0,0.6,1.0,1.0,0.99999999999997,0.6855007958258625,0.5209937451683182,0.5,0,0.9919572279042119,0.9933071490757153,0.3775406687981454
628,1,1.0,1.0,0.6166666666666667,1.0,1.0,0.99999999999997,0.7033057385779677,0.5825683502959245,0.5,0,0.9967908192601422,0.9933071490757153,0.3775406687981454
629,1,1.0,1.0,0.6,1.0,1.0,0.99999999999997,0.7179939318593149,0.29102112493115956,0.5,0,0.7966224702870712,0.9933071490757153,0.3775406687981454
630,1,1.0,1.0,0.7166666666666667,1.0,1.0,0.99999999999997,0.7942160529085996,0.34850073954551564,0.5,0,0.9026929564737356,0.9933071490757153,0.3775406687981454
631,1,1.0,1.0,0.6333333333333333,1.0,0.9999999,0.99999999999997,0.7141472542963634,0.24711609504448379,0.5,0,0.6696807346100657,0.9933071490757153,0.3775406687981454
632,1,1.0,1.0,0.5833333333333334,1.0,0.9999999,0.99999999999997,0.6673949979318653,0.36851063524825134,0.5,0,0.9260582508323483,0.9933071490757153,0.3775406687981454
633,1,1.0,1.0,0.6333333333333333,1.0,1.0,0.99999999999997,0.7420822738746841,0.47854213800904977,0.5,0,0.9849042632184405,0.9933071490757153,0.3775406687981454
634,1,1.0,1.0,0.6166666666666667,1.0,1.0,0.99999999999997,0.7227218258058271,0.212888869623015,0.5,0,0.5481832729743178,0.9933071490757153,0.3775406687981454
635,1,1.0,1.0,0.65,1.0,1.0,0.99999999999997,0.7479235161730772,0.4462799827392041,0.5,0,0.9757360344108759,0.9933071490757153,0.3775406687981454
636,1,1.0,1.0,0.5833333333333334,1.0,1.0,0.99999999999997,0.6840761705631894,0.5997866313504764,0.5,0,0.9975194701234918,0.9933071490757153,0.3775406687981454
637,1,1.0,1.0,0.6333333333333333,1.0,1.0,0.99999999999997,0.7252832134924253,0.5375152129817443,0.5,0,0.993711523996888,0.9933071490757153,0.3775406687981454
638,1,1.0,1.0,0.5666666666666667,1.0,1.0,0.99999999999997,0.6794546204553888,0.6270583447054036,0.5,0,0.9983509000615971,0.9933071490757153,0.3775406687981454
639,1,1.0,1.0,0.6666666666666666,1.0,1.0,0.99999999999997,0.7139652003138153,0.6710491157247213,0.5,0,0.9991468628493311,0.9933071490757153,0.3775406687981454
640,1,1.0,1.0,0.6166666666666667,1.0,1.0,0.99999999999997,0.7196474634541554,0.41225978995586837,0.5,0,0.9602237698465053,0.9933071490757153,0.3775406687981454
641,1,1.0,1.0,0.6166666666666667,1.0,1.0,0.99999999999997,0.721972664429361,0.46460579874651387,0.5,0,0.9814595684232092,0.9933071490757153,0.3775406687981454
642,1,1.0,1.0,0.6666666666666666,1.0,0.99999976,0.99999999999997,0.7415432553187049,0.5570332909433255,0.5,0,0.9953000826748514,0.9933071490757153,0.3775406687981454
643,1,1.0,1.0,0.5333333333333333,1.0,1.0,0.99999999999997,0.670860828149104,0.43502111613876315,0.5,0,0.9713995868780474,0.9933071490757153,0.3775406687981454
644,1,1.0,1.0,0.65,1.0,1.0,0.99999999999997,0.7650327402414389,0.7768838399557354,0.5,0,0.9998254731816631,0.9933071490757153,0.3775406687981454
645,1,1.0,1.0,0.6666666666666666,1.0,1.0,0.99999999999997,0.7427063203617056,0.702531740665615,0.5,0,0.9994678091766723,0.9933071490757153,0.3775406687981454
646,0,1.0,0.9833333333333333,0.5833333333333334,1.0,4.214152e-06,0.3483820313152982,0.5134727525626326,0.48387551990493166,0.5,0,0.9860486965278176,0.9933071490757153,0.3775406687981454
647,0,1.0,1.0,0.55,1.0,4.1737767e-08,0.00612491778181735,0.3654201200502393,0.36780985932343463,0.5,0,0.9253352416251974,0.9933071490757153,0.3775406687981454
648,0,1.0,1.0,0.6,1.0,4.9700617e-14,0.0031007366490753826,0.3518007414799146,0.602602834106102,0.5,0,0.9976218288595473,0.9933071490757153,0.3775406687981454
649,0,0.0,1.0,0.5666666666666667,1.0,0.92264825,0.004244427946749629,0.3493077313929209,0.4687685680332739,0.5,0,0.9825622879747026,0.9933071490757153,0.3775406687981454
650,0,1.0,1.0,0.6166666666666667,1.0,3.4770705e-13,0.004980695833516158,0.3399887801378207,0.7910037878787879,0.5,0,0.9998587809104943,0.9933071490757153,0.3775406687981454
651,0,1.0,1.0,0.5666666666666667,1.0,4.127773e-11,0.0041057304828819915,0.3659597020029754,0.4089575906120024,0.5,0,0.9582881741691057,0.9933071490757153,0.3775406687981454
652,0,1.0,1.0,0.6666666666666666,1.0,6.1795085e-09,0.004054155147814648,0.3188722980152254,0.5739985716609037,0.5,0,0.99635220731087,0.9933071490757153,0.3775406687981454
653,0,1.0,1.0,0.6833333333333333,1.0,6.773685e-05,0.004691195053335701,0.31224096730846146,0.5291673308889951,0.5,0,0.9928786417018107,0.9933071490757153,0.3775406687981454
654,0,1.0,1.0,0.5666666666666667,1.0,1.3044695e-08,0.003498773769115863,0.36398346351701416,0.5159103641456583,0.5,0,0.991325501831332,0.9933071490757153,0.3775406687981454
655,0,1.0,1.0,0.6666666666666666,1.0,1.0589697e-06,0.004209155218484513,0.32507575899084173,0.382171863950917,0.5,0,0.9389218443857342,0.9933071490757153,0.3775406687981454
656,0,1.0,1.0,0.7333333333333333,1.0,3.6996885e-11,0.007073388871118154,0.26665399062914297,0.6419618227959837,0.5,0,0.9986808232215137,0.9933071490757153,0.3775406687981454
657,0,1.0,1.0,0.55,1.0,1.0890839e-07,0.005287299713481004,0.38443061034050097,0.5963045267489713,0.5,0,0.99738681242351,0.9933071490757153,0.3775406687981454
658,0,1.0,1.0,0.7166666666666667,1.0,7.15066e-12,0.005589336392720568,0.2677650419252867,0.900044213763937,0.5,0,0.9999724825641769,0.9933071490757153,0.3775406687981454
659,0,1.0,1.0,0.5833333333333334,1.0,0.0017762876,0.003340252736745648,0.36569252251790746,0.3966933264533884,0.5,0,0.950282385277557,0.9933071490757153,0.3775406687981454
660,0,1.0,1.0,0.7,1.0,7.298234e-08,0.004464275584682025,0.3003693112125813,0.34756630216189044,0.5,0,0.9014547960799149,0.9933071490757153,0.3775406687981454
661,0,1.0,1.0,0.6333333333333333,1.0,3.3528937e-11,0.0036126499531978717,0.3365668957557422,0.6083833558839726,0.5,0,0.9978189171452397,0.9933071490757153,0.3775406687981454
662,0,1.0,1.0,0.55,1.0,3.7660357e-08,0.004116309970000864,0.40274243980532437,0.8050912924309509,0.5,0,0.9998856771067014,0.9933071490757153,0.3775406687981454
663,0,1.0,1.0,0.6333333333333333,1.0,0.00083401194,0.003939737957628522,0.34215493201958724,0.5341121557912784,0.5,0,0.9933843680237769,0.9933071490757153,0.3775406687981454
664,0,1.0,1.0,0.5333333333333333,1.0,5.5198486e-09,0.004398357884559773,0.3646159785405224,0.6221406872608198,0.5,0,0.9982248795633843,0.9933071490757153,0.3775406687981454
665,0,1.0,1.0,0.7166666666666667,1.0,5.0360185e-14,0.003993935033895405,0.2749401953791139,0.4684967320261438,0.5,0,0.9824922872365034,0.9933071490757153,0.3775406687981454
666,0,1.0,1.0,0.6166666666666667,1.0,3.258399e-08,0.0042102403060396395,0.3340176869409968,0.47197602013778484,0.5,0,0.9833677618369049,0.9933071490757153,0.3775406687981454
667,0,1.0,1.0,0.7166666666666667,1.0,1.8764397e-06,0.0056359541354876535,0.2784066328153771,0.6994741075917547,0.5,0,0.9994428460267522,0.9933071490757153,0.3775406687981454
668,0,1.0,0.9833333333333333,0.65,1.0,0.00014835928,0.33615386461797847,0.4287650937588685,0.47564830250588763,0.5,0,0.9842451157266306,0.9933071490757153,0.3775406687981454
669,1,1.0,1.0,0.6,1.0,0.9999987,0.99999999999997,0.6712778409976496,0.5841495258234012,0.5,0,0.9968658021507187,0.9933071490757153,0.3775406687981454
670,1,1.0,1.0,0.6333333333333333,1.0,0.99999714,0.99999999999997,0.6892778363265215,0.4544554315979265,0.5,0,0.9784760801653372,0.9933071490757153,0.3775406687981454
671,1,1.0,1.0,0.6333333333333333,1.0,0.9954963,0.99999999999997,0.714944172301761,0.28401297717154494,0.5,0,0.7790596151769756,0.9933071490757153,0.3775406687981454
672,1,1.0,1.0,0.6666666666666666,1.0,1.0,0.99999999999997,0.7309755680520336,0.6256641418566765,0.5,0,0.9983161079007414,0.9933071490757153,0.3775406687981454
673,1,1.0,1.0,0.6166666666666667,1.0,0.99993443,0.99999999999997,0.676252528837356,0.7225026497085321,0.5,0,0.9996055169192922,0.9933071490757153,0.3775406687981454
674,1,1.0,1.0,0.5166666666666667,1.0,1.0,0.99999999999997,0.6327816025001612,0.8112441490757523,0.5,0,0.9998957549819157,0.9933071490757153,0.3775406687981454
675,1,1.0,1.0,0.55,1.0,1.0,0.99999999999997,0.6442150920223667,0.6331907831223836,0.5,0,0.9984956092354293,0.9933071490757153,0.3775406687981454
676,1,1.0,1.0,0.65,1.0,0.9999993,0.99999999999997,0.6963480857813955,0.40807701819466524,0.5,0,0.9577569935336163,0.9933071490757153,0.3775406687981454
677,1,1.0,1.0,0.7166666666666667,1.0,1.0,0.99999999999997,0.7442441659498158,0.705290827442088,0.5,0,0.999489374017392,0.9933071490757153,0.3775406687981454
678,1,1.0,1.0,0.6333333333333333,1.0,1.0,0.99999999999997,0.6924358963878482,0.6558632072357563,0.5,0,0.9989288472087088,0.9933071490757153,0.3775406687981454
679,1,1.0,1.0,0.65,1.0,1.0,0.99999999999997,0.7313716593271651,0.5298209818906987,0.5,0,0.9929476337493821,0.9933071490757153,0.3775406687981454
680,1,1.0,1.0,0.55,1.0,0.99999666,0.99999999999997,0.6577000372013178,0.40802941176470586,0.5,0,0.9577280927915943,0.9933071490757153,0.3775406687981454
681,1,1.0,1.0,0.6833333333333333,1.0,1.0,0.99999999999997,0.6997767959808808,0.33239349756996817,0.5,0,0.8793089630779982,0.9933071490757153,0.3775406687981454
682,1,1.0,1.0,0.5833333333333334,1.0,1.0,0.99999999999997,0.6581674531463876,0.49762210677243357,0.5,0,0.9886186385981497,0.9933071490757153,0.3775406687981454
683,1,1.0,1.0,0.5833333333333334,1.0,1.0,0.99999999999997,0.6749100544956291,0.7312880707838691,0.5,0,0.9996542058546865,0.9933071490757153,0.3775406687981454
684,1,1.0,1.0,0.45,1.0,1.0,0.99999999999997,0.6323518648001849,0.5329506363949088,0.5,0,0.993268877940324,0.9933071490757153,0.3775406687981454
685,1,1.0,1.0,0.6166666666666667,1.0,0.916191,0.99999999999997,0.6865556777691564,0.5083182996677806,0.5,0,0.9902893552238379,0.9933071490757153,0.3775406687981454
686,1,1.0,1.0,0.7,1.0,0.999571,0.99999999999997,0.7070210290037118,0.425324003475264,0.5,0,0.9670691486558425,0.9933071490757153,0.3775406687981454
687,1,1.0,1.0,0.7,1.0,0.9999769,0.99999999999997,0.7276177473397285,0.26703519356460537,0.5,0,0.7321440412254432,0.9933071490757153,0.3775406687981454
688,1,1.0,1.0,0.6833333333333333,1.0,0.9832413,0.99999999999997,0.7233831167783707,0.7560126753404064,0.5,0,0.999761330027513,0.9933071490757153,0.3775406687981454
689,1,1.0,1.0,0.6833333333333333,1.0,1.0,0.99999999999997,0.731000089821984,0.36274007038712924,0.5,0,0.9199082479011667,0.9933071490757153,0.3775406687981454
690,1,1.0,1.0,0.7,1.0,1.0,0.99999999999997,0.7556989987356533,0.6260169024874908,0.5,0,0.9983249796459069,0.9933071490757153,0.3775406687981454
691,1,1.0,1.0,0.6166666666666667,1.0,1.0,0.99999999999997,0.6963629096600191,0.456552498523408,0.5,0,0.9791286875915431,0.9933071490757153,0.3775406687981454
692,1,1.0,1.0,0.6666666666666666,1.0,0.9999999,0.99999999999997,0.713249849673626,0.6322282214012819,0.5,0,0.9984737640266885,0.9933071490757153,0.3775406687981454
693,1,1.0,1.0,0.6333333333333333,1.0,0.99998987,0.99999999999997,0.6918884815699834,0.5414124909222948,0.5,0,0.9940664853493891,0.9933071490757153,0.3775406687981454
694,0,1.0,0.8833333333333333,0.6166666666666667,1.0,0.00038176254,0.382451230380437,0.43389522232541755,0.5971095721843478,0.5,0,0.9974180976942445,0.9933071490757153,0.3775406687981454
695,1,1.0,0.9833333333333333,0.6333333333333333,1.0,1.0,0.8849244907580486,0.6734240384320404,0.31144550843593255,0.5,0,0.8418000300352588,0.9933071490757153,0.3775406687981454
696,1,1.0,1.0,0.6,1.0,1.0,0.99999999999997,0.6778884137550464,0.5457238842540931,0.5,0,0.9944359988690245,0.9933071490757153,0.3775406687981454
697,1,1.0,1.0,0.6,1.0,1.0,0.99999999999997,0.6703333306280026,0.6400181027859346,0.5,0,0.9986418483934809,0.9933071490757153,0.3775406687981454
698,1,1.0,1.0,0.6833333333333333,1.0,1.0,0.99999999999997,0.6933914944053865,0.6705144132951619,0.5,0,0.9991399986258034,0.9933071490757153,0.3775406687981454
699,1,1.0,1.0,0.6166666666666667,1.0,1.0,0.99999999999997,0.675503349758099,0.5545684667309547,0.5,0,0.9951239265371274,0.9933071490757153,0.3775406687981454
700,1,1.0,1.0,0.5333333333333333,1.0,1.0,0.99999999999997,0.6652286150225978,0.6680403586977981,0.5,0,0.9991075126930157,0.9933071490757153,0.3775406687981454
701,1,1.0,1.0,0.6166666666666667,1.0,1.0,0.99999999999997,0.6874104742607339,0.44105435156518746,0.5,0,0.9738094062393122,0.9933071490757153,0.3775406687981454
702,1,1.0,1.0,0.65,1.0,0.9996439,0.99999999999997,0.6956060997383928,0.48302510398098636,0.5,0,0.9858721208261986,0.9933071490757153,0.3775406687981454
703,1,1.0,1.0,0.5833333333333334,1.0,1.0,0.99999999999997,0.6612409020950956,0.48213835593974746,0.5,0,0.9856856553519407,0.9933071490757153,0.3775406687981454
704,1,1.0,1.0,0.65,1.0,0.99999714,0.99999999999997,0.6770935729423031,0.4544554315979265,0.5,0,0.9784760801653372,0.9933071490757153,0.3775406687981454
705,1,1.0,1.0,0.6833333333333333,1.0,1.0,0.99999999999997,0.703679709811222,0.35047222087070284,0.5,0,0.9052597783246311,0.9933071490757153,0.3775406687981454
706,1,1.0,1.0,0.65,1.0,0.9999969,0.99999999999997,0.6991374852454896,0.39268605169340465,0.5,0,0.9473643829979963,0.9933071490757153,0.3775406687981454
707,1,1.0,1.0,0.5666666666666667,1.0,1.0,0.99999999999997,0.6536798394673085,0.6560530982418807,0.5,0,0.9989318906476191,0.9933071490757153,0.3775406687981454
708,1,1.0,1.0,0.6833333333333333,1.0,0.99998546,0.99999999999997,0.7064062458875809,0.23729377958079784,0.5,0,0.6363152495440282,0.9933071490757153,0.3775406687981454
709,1,1.0,1.0,0.5833333333333334,1.0,1.0,0.99999999999997,0.6578086302125592,0.6761535109770404,0.5,0,0.9992096963195938,0.9933071490757153,0.3775406687981454
710,1,1.0,1.0,0.6166666666666667,1.0,1.0,0.99999999999997,0.6678311580620815,0.5361972772648154,0.5,0,0.99358677514402,0.9933071490757153,0.3775406687981454
711,1,1.0,1.0,0.6166666666666667,1.0,1.0,0.99999999999997,0.6723909660815292,0.6193923463105048,0.5,0,0.9981503088478285,0.9933071490757153,0.3775406687981454
712,1,1.0,1.0,0.55,1.0,1.0,0.99999999999997,0.6291562443660211,0.507469654528478,0.5,0,0.99016617508546,0.9933071490757153,0.3775406687981454
713,1,1.0,1.0,0.6333333333333333,1.0,1.0,0.99999999999997,0.6740348135798887,0.47892612188908484,0.5,0,0.9849896597284826,0.9933071490757153,0.3775406687981454
714,1,1.0,1.0,0.6333333333333333,1.0,1.0,0.99999999999997,0.6647133879144703,0.5298209818906987,0.5,0,0.9929476337493821,0.9933071490757153,0.3775406687981454
715,1,1.0,1.0,0.5833333333333334,1.0,1.0,0.99999999999997,0.6839435046385485,0.7446968273922195,0.5,0,0.99971718999915,0.9933071490757153,0.3775406687981454
716,1,1.0,1.0,0.6833333333333333,1.0,0.9999999,0.99999999999997,0.706343425337788,0.24018975332068312,0.5,0,0.6463072244678757,0.9933071490757153,0.3775406687981454
717,1,1.0,1.0,0.6166666666666667,1.0,1.0,0.99999999999997,0.6581811610872583,0.66196433324461,0.5,0,0.9990224323335066,0.9933071490757153,0.3775406687981454
718,1,1.0,1.0,0.5166666666666667,1.0,1.0,0.99999999999997,0.6351398491401425,0.6336705052391327,0.5,0,0.9985063796119238,0.9933071490757153,0.3775406687981454
719,1,1.0,1.0,0.6333333333333333,1.0,1.0,0.99999999999997,0.6664184638313849,0.6734969428631667,0.5,0,0.9991775944270845,0.9933071490757153,0.3775406687981454
720,1,1.0,1.0,0.7,1.0,0.9997191,0.99999999999997,0.7171393105922296,0.4883985934799452,0.5,0,0.9869519016327607,0.9933071490757153,0.3775406687981454
721,1,1.0,1.0,0.5833333333333334,1.0,0.99990904,0.99999999999997,0.6528849379034277,0.5674707602339182,0.5,0,0.9959784627497394,0.9933071490757153,0.3775406687981454
722,1,1.0,1.0,0.6,1.0,1.0,0.99999999999997,0.6566179112129954,0.5876156176756417,0.5,0,0.9970241173191884,0.9933071490757153,0.3775406687981454
723,1,1.0,1.0,0.5333333333333333,1.0,0.9999995,0.99999999999997,0.6252910589270856,0.5317123612492823,0.5,0,0.993143550124541,0.9933071490757153,0.3775406687981454
724,1,1.0,1.0,0.55,1.0,0.9999999,0.99999999999997,0.6468642056365368,0.5295906581023213,0.5,0,0.9929233994155089,0.9933071490757153,0.3775406687981454
725,1,1.0,1.0,0.65,1.0,0.9999989,0.99999999999997,0.6746697932428841,0.4422577261357218,0.5,0,0.9742658646077615,0.9933071490757153,0.3775406687981454
726,1,1.0,1.0,0.5833333333333334,1.0,0.9998654,0.99999999999997,0.644382711493182,0.4556942698474624,0.5,0,0.9788639809632529,0.9933071490757153,0.3775406687981454
727,1,1.0,1.0,0.6166666666666667,1.0,0.9999995,0.99999999999997,0.6842978276462689,0.4574274092374425,0.5,0,0.9793951991650814,0.9933071490757153,0.3775406687981454
728,1,1.0,1.0,0.5833333333333334,1.0,0.99999595,0.99999999999997,0.6534574728213636,0.42087703298373613,0.5,0,0.9648773744489583,0.9933071490757153,0.3775406687981454
729,1,1.0,1.0,0.5,1.0,1.0,0.99999999999997,0.626989930083818,0.3948807329199486,0.5,0,0.94898198423287,0.9933071490757153,0.3775406687981454
730,1,1.0,1.0,0.5333333333333333,1.0,0.99442965,0.99999999999997,0.6392107665805835,0.22988179669030734,0.5,0,0.6102175929072826,0.9933071490757153,0.3775406687981454
731,1,1.0,1.0,0.6833333333333333,1.0,1.0,0.99999999999997,0.706140381957953,0.7222793390860618,0.5,0,0.9996041938436803,0.9933071490757153,0.3775406687981454
732,1,1.0,1.0,0.6333333333333333,1.0,1.0,0.99999999999997,0.6713192066585384,0.5660262338463031,0.5,0,0.9958907355743332,0.9933071490757153,0.3775406687981454
733,1,1.0,1.0,0.6166666666666667,1.0,0.99999976,0.99999999999997,0.6807676699264998,0.3678921568627451,0.5,0,0.9254204858272024,0.9933071490757153,0.3775406687981454
734,1,1.0,1.0,0.5833333333333334,1.0,0.9999919,0.99999999999997,0.6480898594567919,0.6551456622535055,0.5,0,0.9989172684867411,0.9933071490757153,0.3775406687981454
735,1,1.0,1.0,0.6333333333333333,1.0,0.9999995,0.99999999999997,0.675214922529482,0.28465156332803393,0.5,0,0.7807039638078527,0.9933071490757153,0.3775406687981454
736,1,1.0,1.0,0.6666666666666666,1.0,1.0,0.99999999999997,0.7181451446748248,0.4901689480823776,0.5,0,0.9872894916583486,0.9933071490757153,0.3775406687981454
737,1,1.0,1.0,0.6,1.0,0.99999714,0.99999999999997,0.6529425079245833,0.8177212543083969,0.5,0,0.9999054057071863,0.9933071490757153,0.3775406687981454
738,1,1.0,1.0,0.55,1.0,1.0,0.99999999999997,0.6472066333806423,0.5891304347826087,0.5,0,0.9970907791494393,0.9933071490757153,0.3775406687981454
739,1,1.0,1.0,0.6,1.0,1.0,0.99999999999997,0.661121040535404,0.3336631727158949,0.5,0,0.8813155653661561,0.9933071490757153,0.3775406687981454
740,1,1.0,1.0,0.7,1.0,0.9999752,0.99999999999997,0.7217582141015008,0.41194508866868135,0.5,0,0.9600430817380267,0.9933071490757153,0.3775406687981454
741,1,1.0,1.0,0.6333333333333333,1.0,0.9999999,0.99999999999997,0.6917892232307398,0.47173862298542607,0.5,0,0.9833094198600622,0.9933071490757153,0.3775406687981454
742,1,1.0,1.0,0.6,1.0,1.0,0.99999999999997,0.6503101333212449,0.6244520747367047,0.5,0,0.9982852660247441,0.9933071490757153,0.3775406687981454
743,1,1.0,1.0,0.6833333333333333,1.0,0.99998236,0.99999999999997,0.7238509910684362,0.5196761198939848,0.5,0,0.9917980029924583,0.9933071490757153,0.3775406687981454
744,1,1.0,1.0,0.65,1.0,0.99999976,0.99999999999997,0.7096521458251477,0.5877224736048265,0.5,0,0.9970288691986775,0.9933071490757153,0.3775406687981454
745,1,1.0,1.0,0.5833333333333334,1.0,0.99999535,0.99999999999997,0.6774880031961806,0.3162577899376805,0.5,0,0.851177561404532,0.9933071490757153,0.3775406687981454
746,1,1.0,1.0,0.5166666666666667,1.0,0.99999905,0.99999999999997,0.6046030277959816,0.5578547698149027,0.5,0,0.9953573733490176,0.9933071490757153,0.3775406687981454
747,1,1.0,1.0,0.65,1.0,1.0,0.99999999999997,0.6901919295359307,0.3157700687112452,0.5,0,0.8502484522030674,0.9933071490757153,0.3775406687981454
748,1,1.0,1.0,0.5833333333333334,1.0,0.9995413,0.99999999999997,0.6761004413440403,0.7023369489639828,0.5,0,0.9994662527385542,0.9933071490757153,0.3775406687981454
749,1,1.0,1.0,0.6666666666666666,1.0,1.0,0.99999999999997,0.7188957112889757,0.6336705052391327,0.5,0,0.9985063796119238,0.9933071490757153,0.3775406687981454
750,1,1.0,1.0,0.6833333333333333,1.0,1.0,0.99999999999997,0.7082131937461866,0.4993491761657851,0.5,0,0.9889064693538643,0.9933071490757153,0.3775406687981454
751,1,1.0,1.0,0.7,1.0,1.0,0.99999999999997,0.7296031731126877,0.6222802043043446,0.5,0,0.9982285839985005,0.9933071490757153,0.3775406687981454
752,1,0.0,1.0,0.5666666666666667,1.0,0.42538062,0.99999999999997,0.6635092615987309,0.403056669637552,0.5,0,0.9546030225732415,0.9933071490757153,0.3775406687981454
753,1,1.0,1.0,0.6333333333333333,1.0,1.0,0.99999999999997,0.6871692757911715,0.5806605551996246,0.5,0,0.9966979633308665,0.9933071490757153,0.3775406687981454
754,1,1.0,1.0,0.5833333333333334,1.0,1.0,0.99999999999997,0.6758508475682174,0.37500089461442115,0.5,0,0.932454154053207,0.9933071490757153,0.3775406687981454
755,1,1.0,1.0,0.48333333333333334,1.0,0.9999995,0.99999999999997,0.6105471227414015,0.1898532871438521,0.5,0,0.46202310988340206,0.9933071490757153,0.3775406687981454
756,1,0.0,1.0,0.6,1.0,0.49913752,0.99999999999997,0.6768561587093002,0.34928018575851394,0.5,0,0.9037151117793146,0.9933071490757153,0.3775406687981454
757,1,1.0,1.0,0.5666666666666667,1.0,0.9999989,0.99999999999997,0.6377751352047368,0.36953139669000296,0.5,0,0.9270998752877081,0.9933071490757153,0.3775406687981454
758,1,1.0,1.0,0.6333333333333333,1.0,1.0,0.99999999999997,0.6761256094108297,0.3399312764321415,0.5,0,0.8908029449192615,0.9933071490757153,0.3775406687981454
759,1,1.0,1.0,0.6166666666666667,1.0,1.0,0.99999999999997,0.6964394397456185,0.46623402909550915,0.5,0,0.9818988075145687,0.9933071490757153,0.3775406687981454
760,1,1.0,1.0,0.55,1.0,0.9994468,0.99999999999997,0.6343928061151105,0.4556768895592425,0.5,0,0.9788585865030699,0.9933071490757153,0.3775406687981454
761,1,1.0,1.0,0.5666666666666667,1.0,1.0,0.99999999999997,0.6496455650414356,0.6896409091022353,0.5,0,0.9993543541929588,0.9933071490757153,0.3775406687981454
762,1,1.0,1.0,0.5833333333333334,1.0,1.0,0.99999999999997,0.6492978608535656,0.4693559019049215,0.5,0,0.9827125954796523,0.9933071490757153,0.3775406687981454
763,1,1.0,1.0,0.75,1.0,1.0,0.99999999999997,0.7218489618941919,0.29102112493115956,0.5,0,0.7966224702870712,0.9933071490757153,0.3775406687981454
764,1,1.0,1.0,0.45,1.0,1.0,0.99999999999997,0.5838195823610807,0.5457238842540931,0.5,0,0.9944359988690245,0.9933071490757153,0.3775406687981454
765,1,1.0,1.0,0.65,1.0,0.9999999,0.99999999999997,0.6839235074287021,0.48554043265767083,0.5,0,0.9863881135919144,0.9933071490757153,0.3775406687981454
766,1,1.0,1.0,0.6833333333333333,1.0,0.99999917,0.99999999999997,0.7059557224382235,0.33942281137807234,0.5,0,0.8900588313259455,0.9933071490757153,0.3775406687981454
767,1,1.0,1.0,0.6666666666666666,1.0,1.0,0.99999999999997,0.7265222751280381,0.5621777310710511,0.5,0,0.9956476000149259,0.9933071490757153,0.3775406687981454
768,1,1.0,1.0,0.6833333333333333,1.0,1.0,0.99999999999997,0.7011476865319286,0.5699610822486639,0.5,0,0.9961253440823841,0.9933071490757153,0.3775406687981454
769,1,1.0,1.0,0.6333333333333333,1.0,1.0,0.99999999999997,0.676576350015345,0.4091467339722574,0.5,0,0.9584014332624111,0.9933071490757153,0.3775406687981454
770,1,1.0,1.0,0.5833333333333334,1.0,1.0,0.99999999999997,0.637708524889335,0.43318200100553045,0.5,0,0.9706231122583274,0.9933071490757153,0.3775406687981454
771,1,1.0,1.0,0.55,1.0,1.0,0.99999999999997,0.6297226156527035,0.5825683502959245,0.5,0,0.9967908192601422,0.9933071490757153,0.3775406687981454
772,1,1.0,1.0,0.6333333333333333,1.0,0.99999785,0.99999999999997,0.6776076618909371,0.49655136268343814,0.5,0,0.9884364957028017,0.9933071490757153,0.3775406687981454
773,1,1.0,1.0,0.65,1.0,0.9999999,0.99999999999997,0.7085744458716142,0.4943948753145733,0.5,0,0.9880608707732058,0.9933071490757153,0.3775406687981454
774,1,1.0,1.0,0.5666666666666667,1.0,1.0,0.99999999999997,0.6358170066811674,0.4993491761657851,0.5,0,0.9889064693538643,0.9933071490757153,0.3775406687981454
775,1,1.0,1.0,0.6333333333333333,1.0,1.0,0.99999999999997,0.6863256077469633,0.5653511333611458,0.5,0,0.995849085278053,0.9933071490757153,0.3775406687981454
776,1,1.0,1.0,0.6166666666666667,1.0,0.9999999,0.99999999999997,0.6953532194419653,0.32993520640579466,0.5,0,0.8753406269093811,0.9933071490757153,0.3775406687981454
777,1,1.0,1.0,0.7166666666666667,1.0,1.0,0.99999999999997,0.6722675800748326,0.5329506363949088,0.5,0,0.993268877940324,0.9933071490757153,0.3775406687981454
778,1,1.0,1.0,0.6666666666666666,1.0,0.99984336,0.99999999999997,0.6873566098968443,0.4256320476908712,0.5,0,0.9672159830386975,0.9933071490757153,0.3775406687981454
779,1,1.0,1.0,0.5666666666666667,1.0,1.0,0.99999999999997,0.6633923972562495,0.6932260404161664,0.5,0,0.9993881373056136,0.9933071490757153,0.3775406687981454
780,1,1.0,1.0,0.5833333333333334,1.0,1.0,0.99999999999997,0.659470859604523,0.5621777310710511,0.5,0,0.9956476000149259,0.9933071490757153,0.3775406687981454
781,1,1.0,1.0,0.5333333333333333,1.0,1.0,0.99999999999997,0.6598358778357168,0.6461488185017596,0.5,0,0.9987610264435833,0.9933071490757153,0.3775406687981454
782,1,1.0,1.0,0.6666666666666666,1.0,0.9999695,0.99999999999997,0.6975164870455639,0.5905173264274264,0.5,0,0.9971505049021615,0.9933071490757153,0.3775406687981454
783,1,1.0,1.0,0.5833333333333334,1.0,0.9999989,0.99999999999997,0.6615336480302343,0.6533032531194295,0.5,0,0.998886962432896,0.9933071490757153,0.3775406687981454
784,1,1.0,1.0,0.6,1.0,1.0,0.99999999999997,0.6973683760747501,0.3301182237600923,0.5,0,0.8756398795654088,0.9933071490757153,0.3775406687981454
785,1,1.0,1.0,0.5666666666666667,1.0,1.0,0.99999999999997,0.6425103244444185,0.18021962706651287,0.5,0,0.4263630249421884,0.9933071490757153,0.3775406687981454
786,1,1.0,1.0,0.5833333333333334,1.0,0.99984336,0.99999999999997,0.6590959327818049,0.4256320476908712,0.5,0,0.9672159830386975,0.9933071490757153,0.3775406687981454
787,1,1.0,1.0,0.43333333333333335,1.0,0.9999999,0.99999999999997,0.5908273002760082,0.43842000568343276,0.5,0,0.9727824923822215,0.9933071490757153,0.3775406687981454
788,1,1.0,1.0,0.65,1.0,1.0,0.99999999999997,0.672922833545045,0.6156616745768175,0.5,0,0.9980440572500825,0.9933071490757153,0.3775406687981454
789,1,1.0,1.0,0.5333333333333333,1.0,1.0,0.99999999999997,0.6363848649976335,0.7082668524926311,0.5,0,0.999511656374988,0.9933071490757153,0.3775406687981454
790,1,1.0,1.0,0.6833333333333333,1.0,1.0,0.99999999999997,0.7083850214939227,0.8469753713451192,0.5,0,0.9999390033472771,0.9933071490757153,0.3775406687981454
791,1,1.0,1.0,0.6666666666666666,1.0,1.0,0.99999999999997,0.6883268550843318,0.6640377297872554,0.5,0,0.9990523393242902,0.9933071490757153,0.3775406687981454
792,1,1.0,1.0,0.6,1.0,1.0,0.99999999999997,0.6787130430316626,0.42572381333485776,0.5,0,0.9672596022416714,0.9933071490757153,0.3775406687981454
793,1,1.0,1.0,0.6333333333333333,1.0,0.99999976,0.99999999999997,0.6850174331389834,0.34441149573684066,0.5,0,0.8971703884494167,0.9933071490757153,0.3775406687981454
794,1,1.0,1.0,0.5833333333333334,1.0,1.0,0.99999999999997,0.6590578705276046,0.60822906940554,0.5,0,0.9978138746735566,0.9933071490757153,0.3775406687981454
795,1,1.0,1.0,0.65,1.0,1.0,0.99999999999997,0.7111460323939556,0.44788445827048773,0.5,0,0.9762993522567445,0.9933071490757153,0.3775406687981454
796,1,1.0,1.0,0.65,1.0,1.0,0.99999999999997,0.6772994729868846,0.3399312764321415,0.5,0,0.8908029449192615,0.9933071490757153,0.3775406687981454
797,1,1.0,1.0,0.55,1.0,1.0,0.99999999999997,0.6586809687310866,0.384513490866432,0.5,0,0.9409053616061488,0.9933071490757153,0.3775406687981454
798,1,1.0,1.0,0.6166666666666667,1.0,1.0,0.99999999999997,0.6782613538580892,0.33320112893642306,0.5,0,0.8805887114945429,0.9933071490757153,0.3775406687981454
799,1,1.0,1.0,0.6,1.0,1.0,0.99999999999997,0.6567241654668333,0.3124191450912837,0.5,0,0.843735263181695,0.9933071490757153,0.3775406687981454
800,1,1.0,1.0,0.6166666666666667,1.0,1.0,0.99999999999997,0.682073107543043,0.5281532848008219,0.5,0,0.9927702820240581,0.9933071490757153,0.3775406687981454
801,1,1.0,1.0,0.6666666666666666,1.0,1.0,0.99999999999997,0.7067529241808714,0.4922288741204543,0.5,0,0.987671458776352,0.9933071490757153,0.3775406687981454
802,1,1.0,1.0,0.5833333333333334,1.0,1.0,0.99999999999997,0.6431829448045688,0.8100597067655891,0.5,0,0.9998938865465397,0.9933071490757153,0.3775406687981454
803,1,1.0,1.0,0.6333333333333333,1.0,1.0,0.99999999999997,0.6756335254623586,0.7224558203534373,0.5,0,0.9996052398305487,0.9933071490757153,0.3775406687981454
804,1,1.0,1.0,0.6166666666666667,1.0,1.0,0.99999999999997,0.671819937565587,0.5638196878321914,0.5,0,0.9957530377811865,0.9933071490757153,0.3775406687981454
805,1,1.0,1.0,0.6666666666666666,1.0,1.0,0.99999999999997,0.6778129189858784,0.33239349756996817,0.5,0,0.8793089630779982,0.9933071490757153,0.3775406687981454
806,1,1.0,1.0,0.6666666666666666,1.0,1.0,0.99999999999997,0.699591579566066,0.3075025104717195,0.5,0,0.8337634087034872,0.9933071490757153,0.3775406687981454
807,1,1.0,1.0,0.7166666666666667,1.0,0.9999999,0.99999999999997,0.6955411626739931,0.5483778063298761,0.5,0,0.9946519831212512,0.9933071490757153,0.3775406687981454
808,1,1.0,1.0,0.6833333333333333,1.0,0.9983398,0.99999999999997,0.7010756463142654,0.6715995338703957,0.5,0,0.9991538716488647,0.9933071490757153,0.3775406687981454
809,1,1.0,1.0,0.8,1.0,1.0,0.99999999999997,0.772946879425896,0.6559605001420857,0.5,0,0.9989304076312966,0.9933071490757153,0.3775406687981454
810,1,1.0,1.0,0.48333333333333334,1.0,1.0,0.99999999999997,0.6305010157424203,0.6256641418566765,0.5,0,0.9983161079007414,0.9933071490757153,0.3775406687981454
811,1,1.0,1.0,0.5,1.0,0.9999975,0.99999999999997,0.6249681577182795,0.36798799331939347,0.5,0,0.9255196409313096,0.9933071490757153,0.3775406687981454
812,1,1.0,0.8666666666666667,0.6833333333333333,1.0,0.9999999,0.9655419510788007,0.6698723917251919,0.6402554326573935,0.5,0,0.9986466682151358,0.9933071490757153,0.3775406687981454
813,0,1.0,0.9333333333333333,0.65,1.0,4.2256567e-09,0.12325549565180378,0.33802549134914434,0.7886007911936704,0.5,0,0.9998535985833684,0.9933071490757153,0.3775406687981454
814,0,1.0,1.0,0.7333333333333333,1.0,0.044275228,0.3274730995390086,0.43287540936078833,0.5446044810242341,0.5,0,0.9943423177264917,0.9933071490757153,0.3775406687981454
815,1,1.0,1.0,0.5833333333333334,1.0,1.0,0.9999999999748957,0.6706060580120338,0.6260169024874908,0.5,0,0.9983249796459069,0.9933071490757153,0.3775406687981454
816,1,1.0,1.0,0.6333333333333333,1.0,0.9999994,0.9999999999885579,0.7206976552267897,0.5379004648454364,0.5,0,0.9937475323482088,0.9933071490757153,0.3775406687981454
817,1,1.0,1.0,0.7166666666666667,1.0,1.0,0.9999999967661144,0.7878340851921131,0.4462606175467591,0.5,0,0.9757291563309488,0.9933071490757153,0.3775406687981454
818,1,1.0,1.0,0.55,1.0,1.0,0.9999999964866516,0.6506866541391771,0.5037707736905598,0.5,0,0.9896109714476655,0.9933071490757153,0.3775406687981454
819,1,1.0,1.0,0.6833333333333333,1.0,1.0,0.9999999894489253,0.7822554508849091,0.40164588711301513,0.5,0,0.9536770823906584,0.9933071490757153,0.3775406687981454
820,1,0.0,1.0,0.6166666666666667,1.0,0.13018401,0.9999999989875176,0.6992988061200248,0.717812923911703,0.5,0,0.999576779470649,0.9933071490757153,0.3775406687981454
821,1,1.0,1.0,0.6166666666666667,1.0,1.0,0.999999999986253,0.7155451407315359,0.6300591615956728,0.5,0,0.9984233694913833,0.9933071490757153,0.3775406687981454
822,1,0.0,1.0,0.5666666666666667,1.0,0.13018401,0.9999999999958271,0.6727495677359022,0.717812923911703,0.5,0,0.999576779470649,0.9933071490757153,0.3775406687981454
823,1,1.0,1.0,0.5166666666666667,1.0,0.99998343,0.9999999999890481,0.6453530627952083,0.422129050201641,0.5,0,0.9655082923403389,0.9933071490757153,0.3775406687981454
824,1,1.0,1.0,0.6,1.0,0.99999964,0.9999999999986796,0.7090003192872875,0.405569961410458,0.5,0,0.9562090514861364,0.9933071490757153,0.3775406687981454
825,1,1.0,0.9666666666666667,0.5333333333333333,1.0,1.0,0.8202423213599864,0.5590406477274982,0.355378109011327,0.5,0,0.9113855942622502,0.9933071490757153,0.3775406687981454
826,1,1.0,1.0,0.5833333333333334,1.0,0.9999764,0.7875967908714969,0.5569608578330159,0.468408975790752,0.5,0,0.9824696301708831,0.9933071490757153,0.3775406687981454
827,1,1.0,1.0,0.65,1.0,0.99999905,0.9999999999999645,0.6730039566291431,0.7671164326296968,0.5,0,0.9997979405444203,0.9933071490757153,0.3775406687981454
828,1,1.0,1.0,0.6333333333333333,1.0,1.0,0.99999999999997,0.6684585658831625,0.7222793390860618,0.5,0,0.9996041938436803,0.9933071490757153,0.3775406687981454
829,1,1.0,1.0,0.65,1.0,1.0,0.99999999999997,0.6952523245628472,0.7681828887711241,0.5,0,0.9998011465038932,0.9933071490757153,0.3775406687981454
830,1,1.0,1.0,0.6833333333333333,1.0,1.0,0.99999999999997,0.7012476206897724,0.46932171387073346,0.5,0,0.982703881245671,0.9933071490757153,0.3775406687981454
831,1,1.0,1.0,0.7333333333333333,1.0,0.9999769,0.99999999999997,0.7450322874885862,0.26703519356460537,0.5,0,0.7321440412254432,0.9933071490757153,0.3775406687981454
832,1,1.0,1.0,0.6666666666666666,1.0,1.0,0.99999999999997,0.6910024674624863,0.26574493045081277,0.5,0,0.728331545129477,0.9933071490757153,0.3775406687981454
833,1,1.0,1.0,0.5333333333333333,1.0,0.9988127,0.99999999999997,0.6309564033806208,0.347306738787469,0.5,0,0.9011083840862921,0.9933071490757153,0.3775406687981454
834,1,1.0,1.0,0.5333333333333333,1.0,1.0,0.99999999999997,0.6320664700121309,0.270694260610227,0.5,0,0.7427696359337324,0.9933071490757153,0.3775406687981454
835,1,1.0,1.0,0.65,1.0,1.0,0.99999999999997,0.6943988603560026,0.6323665577342048,0.5,0,0.998476922932837,0.9933071490757153,0.3775406687981454
836,1,1.0,1.0,0.5333333333333333,1.0,1.0,0.99999999999997,0.6392620839404771,0.22412596171050278,0.5,0,0.5894977336606649,0.9933071490757153,0.3775406687981454
837,1,1.0,1.0,0.6166666666666667,1.0,1.0,0.99999999999997,0.6967190916807348,0.5361972772648154,0.5,0,0.99358677514402,0.9933071490757153,0.3775406687981454
838,1,1.0,1.0,0.6,1.0,1.0,0.99999999999997,0.6695522627052669,0.631570298573975,0.5,0,0.9984586506071587,0.9933071490757153,0.3775406687981454
839,1,1.0,1.0,0.7,1.0,0.99999976,0.99999999999997,0.7066665668094742,0.5570332909433255,0.5,0,0.9953000826748514,0.9933071490757153,0.3775406687981454
840,1,1.0,1.0,0.5,1.0,0.9999999,0.99999999999997,0.6120486218652261,0.24018975332068312,0.5,0,0.6463072244678757,0.9933071490757153,0.3775406687981454
841,1,1.0,1.0,0.6333333333333333,1.0,1.0,0.99999999999997,0.6928700478018446,0.5375152129817443,0.5,0,0.993711523996888,0.9933071490757153,0.3775406687981454
842,1,1.0,1.0,0.6166666666666667,1.0,0.9999968,0.99999999999997,0.6760095033768366,0.6807362945178072,0.5,0,0.9992621592413726,0.9933071490757153,0.3775406687981454
843,1,1.0,1.0,0.5166666666666667,1.0,0.99999976,0.99999999999997,0.6190299975845659,0.3637600573432921,0.5,0,0.9210282750762725,0.9933071490757153,0.3775406687981454
844,1,1.0,1.0,0.5833333333333334,1.0,1.0,0.99999999999997,0.6575812617432367,0.6425530095759234,0.5,0,0.9986924544756159,0.9933071490757153,0.3775406687981454
845,1,1.0,1.0,0.65,1.0,1.0,0.99999999999997,0.6971635619188028,0.8100597067655891,0.5,0,0.9998938865465397,0.9933071490757153,0.3775406687981454
846,1,1.0,1.0,0.6333333333333333,1.0,0.99999595,0.99999999999997,0.6789055087766711,0.42087703298373613,0.5,0,0.9648773744489583,0.9933071490757153,0.3775406687981454
847,1,1.0,1.0,0.5333333333333333,1.0,1.0,0.99999999999997,0.6385967795326645,0.23549757351500272,0.5,0,0.6300575246648786,0.9933071490757153,0.3775406687981454
848,1,1.0,1.0,0.6166666666666667,1.0,1.0,0.99999999999997,0.6858190822642517,0.4689302488325461,0.5,0,0.9826037920862795,0.9933071490757153,0.3775406687981454
849,1,1.0,1.0,0.6333333333333333,1.0,0.98913413,0.99999999999997,0.7037260529582327,0.36625307399955287,0.5,0,0.9237057582087853,0.9933071490757153,0.3775406687981454
850,1,1.0,1.0,0.6833333333333333,1.0,0.9999981,0.99999999999997,0.7059787868604722,0.3300055064760947,0.5,0,0.8754556479106549,0.9933071490757153,0.3775406687981454
851,1,1.0,1.0,0.6,1.0,0.9999989,0.99999999999997,0.6705459014085623,0.6533032531194295,0.5,0,0.998886962432896,0.9933071490757153,0.3775406687981454
852,1,1.0,1.0,0.65,1.0,1.0,0.99999999999997,0.7053134283214078,0.5997866313504764,0.5,0,0.9975194701234918,0.9933071490757153,0.3775406687981454
853,1,1.0,1.0,0.6333333333333333,1.0,1.0,0.99999999999997,0.6720238574198011,0.678658690133464,0.5,0,0.9992388208554132,0.9933071490757153,0.3775406687981454
854,1,1.0,1.0,0.7,1.0,1.0,0.99999999999997,0.7023899918814244,0.48323996265172736,0.5,0,0.9859169397880527,0.9933071490757153,0.3775406687981454
855,1,1.0,1.0,0.6666666666666666,1.0,1.0,0.99999999999997,0.7042803817039386,0.41588788335847154,0.5,0,0.9622510691703307,0.9933071490757153,0.3775406687981454
856,1,1.0,1.0,0.5666666666666667,1.0,1.0,0.99999999999997,0.6390104855555027,0.582589683600713,0.5,0,0.9967918427382662,0.9933071490757153,0.3775406687981454
857,1,1.0,1.0,0.6833333333333333,1.0,0.9999919,0.99999999999997,0.710841687399418,0.3841325060490146,0.5,0,0.9405868044047999,0.9933071490757153,0.3775406687981454
858,1,1.0,1.0,0.6333333333333333,1.0,1.0,0.99999999999997,0.6483025127188629,0.6116533406855987,0.5,0,0.9979231005977743,0.9933071490757153,0.3775406687981454
859,1,1.0,1.0,0.6,1.0,1.0,0.99999999999997,0.6552120778707274,0.7194804670839529,0.5,0,0.9995872299342381,0.9933071490757153,0.3775406687981454
860,1,1.0,1.0,0.65,1.0,1.0,0.99999999999997,0.6946274812001446,0.29913650743985537,0.5,0,0.8156347216506247,0.9933071490757153,0.3775406687981454
861,1,1.0,1.0,0.6833333333333333,1.0,0.99999213,0.99999999999997,0.706781034900766,0.3856963298139769,0.5,0,0.941884209958887,0.9933071490757153,0.3775406687981454
862,1,1.0,1.0,0.65,1.0,1.0,0.99999999999997,0.6866064633159356,0.4327579464834367,0.5,0,0.9704411966628034,0.9933071490757153,0.3775406687981454
863,1,1.0,1.0,0.6,1.0,1.0,0.99999999999997,0.6846192975976312,0.4177290889365193,0.5,0,0.9632415589993395,0.9933071490757153,0.3775406687981454
864,1,1.0,1.0,0.6166666666666667,1.0,0.99999917,0.99999999999997,0.6825585046980074,0.6808986928104575,0.5,0,0.9992639530938459,0.9933071490757153,0.3775406687981454
865,1,1.0,1.0,0.6666666666666666,1.0,0.99897623,0.99999999999997,0.6998505526587843,0.5925837852871645,0.5,0,0.9972372352166895,0.9933071490757153,0.3775406687981454
866,1,1.0,1.0,0.6166666666666667,1.0,1.0,0.99999999999997,0.6686689851845388,0.5107434640522877,0.5,0,0.9906330065165291,0.9933071490757153,0.3775406687981454
867,1,1.0,1.0,0.6833333333333333,1.0,1.0,0.99999999999997,0.7337082328356376,0.7207413553806323,0.5,0,0.9995949602925057,0.9933071490757153,0.3775406687981454
868,1,1.0,1.0,0.55,1.0,0.9974637,0.99999999999997,0.6428354913800497,0.46525607022196963,0.5,0,0.981636229157982,0.9933071490757153,0.3775406687981454
869,1,1.0,1.0,0.7333333333333333,1.0,1.0,0.99999999999997,0.7482762378918767,0.6331907831223836,0.5,0,0.9984956092354293,0.9933071490757153,0.3775406687981454
870,1,1.0,1.0,0.7,1.0,0.9999933,0.99999999999997,0.7249798855719615,0.5851809185526515,0.5,0,0.9969137693318522,0.9933071490757153,0.3775406687981454
871,1,1.0,1.0,0.55,1.0,0.9994553,0.99999999999997,0.6459735142302058,0.4427465723131358,0.5,0,0.9744490711208739,0.9933071490757153,0.3775406687981454
872,1,1.0,1.0,0.6666666666666666,1.0,1.0,0.99999999999997,0.6876440851145417,0.6896409091022353,0.5,0,0.9993543541929588,0.9933071490757153,0.3775406687981454
873,1,1.0,1.0,0.5333333333333333,1.0,1.0,0.99999999999997,0.637541206020485,0.6715822440087146,0.5,0,0.9991536523645221,0.9933071490757153,0.3775406687981454
874,1,1.0,1.0,0.5666666666666667,1.0,1.0,0.99999999999997,0.634290479821967,0.582589683600713,0.5,0,0.9967918427382662,0.9933071490757153,0.3775406687981454
875,1,1.0,1.0,0.6833333333333333,1.0,1.0,0.99999999999997,0.7194817608459808,0.6581948334889511,0.5,0,0.9989656244970597,0.9933071490757153,0.3775406687981454
876,1,1.0,1.0,0.6,1.0,1.0,0.99999999999997,0.6552380162358805,0.6710491157247213,0.5,0,0.9991468628493311,0.9933071490757153,0.3775406687981454
877,1,1.0,1.0,0.6833333333333333,1.0,1.0,0.99999999999997,0.7038741046218624,0.22951453403298147,0.5,0,0.6089064873268205,0.9933071490757153,0.3775406687981454
878,1,1.0,1.0,0.5666666666666667,1.0,1.0,0.99999999999997,0.6701674113445074,0.5003037084398977,0.5,0,0.9890624497347517,0.9933071490757153,0.3775406687981454
879,1,1.0,1.0,0.5833333333333334,1.0,0.99999595,0.99999999999997,0.6510008062929729,0.42087703298373613,0.5,0,0.9648773744489583,0.9933071490757153,0.3775406687981454
880,1,1.0,0.95,0.6166666666666667,1.0,0.99541426,0.8529387413460646,0.6197980924989622,0.2716605805615094,0.5,0,0.7455292950996737,0.9933071490757153,0.3775406687981454
881,0,1.0,0.9833333333333333,0.5666666666666667,1.0,1.3537628e-05,0.05416185186921636,0.3638406954991489,0.5630553759965525,0.5,0,0.9957042779137786,0.9933071490757153,0.3775406687981454
882,0,1.0,1.0,0.6166666666666667,1.0,4.1011403e-10,0.005394387670401834,0.33775409329811,0.3430247758017936,0.5,0,0.8952354811405585,0.9933071490757153,0.3775406687981454
883,0,1.0,1.0,0.7166666666666667,1.0,3.2022063e-10,0.004140303788381664,0.2903099806689596,0.6109793617146558,0.5,0,0.9979020415797025,0.9933071490757153,0.3775406687981454
884,0,1.0,1.0,0.5333333333333333,1.0,6.5759695e-09,0.006346776876909806,0.3710749956380974,0.6997936623208955,0.5,0,0.999445508776917,0.9933071490757153,0.3775406687981454
885,0,1.0,1.0,0.5666666666666667,1.0,2.2921796e-13,0.005888540217134857,0.3824601160464658,0.6527667520909073,0.5,0,0.9988779791981744,0.9933071490757153,0.3775406687981454
886,0,1.0,1.0,0.6333333333333333,1.0,3.6184447e-09,0.003620853546819751,0.32617884109912065,0.5771660801072566,0.5,0,0.996520881723398,0.9933071490757153,0.3775406687981454
887,0,1.0,1.0,0.6666666666666666,1.0,6.479315e-10,0.004991530507140092,0.2954908224425676,0.6204885585316189,0.5,0,0.9981804200756754,0.9933071490757153,0.3775406687981454
888,0,1.0,1.0,0.55,1.0,1.9409922e-06,0.004645765233178848,0.40915396474043797,0.6423232323232323,0.5,0,0.9986879459601322,0.9933071490757153,0.3775406687981454
889,0,1.0,1.0,0.6,1.0,1.7329343e-15,0.0035812719324967916,0.37020056525471523,0.3899583866468398,0.5,0,0.9452864081071943,0.9933071490757153,0.3775406687981454
890,0,1.0,1.0,0.7,1.0,3.4960503e-06,0.00504411860387991,0.28657804362449807,0.5108704532537653,0.5,0,0.9906506654813106,0.9933071490757153,0.3775406687981454
891,0,1.0,1.0,0.6,1.0,1.3889149e-13,0.0046537524417222444,0.3363449634492962,0.33007862082030875,0.5,0,0.8755751768867807,0.9933071490757153,0.3775406687981454
892,0,1.0,1.0,0.65,1.0,3.1145662e-06,0.0042027524956363685,0.32720138271383786,0.4498808057844716,0.5,0,0.9769824582412138,0.9933071490757153,0.3775406687981454
893,0,1.0,1.0,0.5666666666666667,1.0,0.027203523,0.005101151389729631,0.3673650435223125,0.7256139829669241,0.5,0,0.9996234976683306,0.9933071490757153,0.3775406687981454
894,0,1.0,1.0,0.55,1.0,0.0102354195,0.003926461906205953,0.368827016462541,0.29952222604441386,0.5,0,0.8165031681989877,0.9933071490757153,0.3775406687981454
895,0,1.0,1.0,0.6333333333333333,1.0,0.0025171225,0.0027978529469548604,0.3378127244482917,0.5572258533042846,0.5,0,0.9953135749671798,0.9933071490757153,0.3775406687981454
896,0,1.0,1.0,0.5,1.0,1.2169524e-12,0.3850185095317093,0.46707485153354084,0.8564989018549389,0.5,0,0.9999471226991431,0.9933071490757153,0.3775406687981454
897,1,1.0,1.0,0.65,1.0,1.0,0.999999999722455,0.7276957001929109,0.6730243612596554,0.5,0,0.9991717487547629,0.9933071490757153,0.3775406687981454
898,1,1.0,1.0,0.6333333333333333,1.0,0.9999956,0.9999999999797133,0.7122604046323513,0.770939355845507,0.5,0,0.9998091993050351,0.9933071490757153,0.3775406687981454
899,1,1.0,1.0,0.6,1.0,1.0,0.9999999999912154,0.6961885971659475,0.26370890644815137,0.5,0,0.7222467272982535,0.9933071490757153,0.3775406687981454
900,1,1.0,1.0,0.6166666666666667,1.0,1.0,0.9999999999997681,0.7214721262024888,0.6216506804742099,0.5,0,0.9982118075972899,0.9933071490757153,0.3775406687981454
901,1,1.0,1.0,0.5666666666666667,1.0,1.0,0.9999999999994305,0.6797681906775501,0.22951453403298147,0.5,0,0.6089064873268205,0.9933071490757153,0.3775406687981454
902,1,1.0,1.0,0.6666666666666666,1.0,0.9999999,0.9999999999999528,0.7487384651182012,0.5483778063298761,0.5,0,0.9946519831212512,0.9933071490757153,0.3775406687981454
903,1,1.0,1.0,0.5833333333333334,1.0,0.99999964,0.99999999999997,0.7102928563310488,0.40294594028087427,0.5,0,0.9545309895363232,0.9933071490757153,0.3775406687981454
904,1,1.0,1.0,0.5833333333333334,1.0,1.0,0.99999999999997,0.668846678537023,0.4448948206733674,0.5,0,0.9752392312309478,0.9933071490757153,0.3775406687981454
905,0,1.0,0.9833333333333333,0.7333333333333333,1.0,2.7592303e-11,0.2780236227526433,0.4254826371219768,0.6497738706614937,0.5,0,0.9988265207538227,0.9933071490757153,0.3775406687981454
906,1,1.0,1.0,0.65,1.0,0.998577,0.9673309877536894,0.672666469416429,0.5846104795889587,0.5,0,0.9968873309869304,0.9933071490757153,0.3775406687981454
907,1,1.0,1.0,0.7,1.0,1.0,0.99999999999997,0.7190916263375213,0.3130836015998439,0.5,0,0.8450448554126097,0.9933071490757153,0.3775406687981454
908,1,1.0,1.0,0.6333333333333333,1.0,1.0,0.99999999999997,0.6747723048757865,0.45302898464350283,0.5,0,0.9780208082445975,0.9933071490757153,0.3775406687981454
909,1,1.0,1.0,0.6,1.0,0.9999964,0.99999999999997,0.6876572967498034,0.6670743853096794,0.5,0,0.9990944985608494,0.9933071490757153,0.3775406687981454
910,1,1.0,1.0,0.6833333333333333,1.0,1.0,0.99999999999997,0.6997119272676094,0.6830718954248366,0.5,0,0.9992875431023576,0.9933071490757153,0.3775406687981454
911,1,1.0,1.0,0.65,1.0,1.0,0.99999999999997,0.7259767259529979,0.7476525236627539,0.5,0,0.9997294513003604,0.9933071490757153,0.3775406687981454
912,1,1.0,1.0,0.65,1.0,1.0,0.99999999999997,0.6861902726214416,0.5375152129817443,0.5,0,0.993711523996888,0.9933071490757153,0.3775406687981454
913,1,1.0,1.0,0.6166666666666667,1.0,0.997561,0.99999999999997,0.6919733278821482,0.4900924179195488,0.5,0,0.9872750779978265,0.9933071490757153,0.3775406687981454
914,1,1.0,1.0,0.6,1.0,0.9999999,0.99999999999997,0.7008659735693497,0.6322282214012819,0.5,0,0.9984737640266885,0.9933071490757153,0.3775406687981454
915,1,1.0,1.0,0.5833333333333334,1.0,0.9999975,0.99999999999997,0.6697119833865183,0.36798799331939347,0.5,0,0.9255196409313096,0.9933071490757153,0.3775406687981454
916,1,1.0,1.0,0.7166666666666667,1.0,1.0,0.99999999999997,0.728973031811059,0.4149734560490863,0.5,0,0.961749663743033,0.9933071490757153,0.3775406687981454
917,1,1.0,1.0,0.55,1.0,0.9999975,0.99999999999997,0.6657383388941618,0.36798799331939347,0.5,0,0.9255196409313096,0.9933071490757153,0.3775406687981454
918,1,1.0,1.0,0.6166666666666667,1.0,1.0,0.99999999999997,0.7155686161410711,0.360007460386967,0.5,0,0.9168358364850611,0.9933071490757153,0.3775406687981454
919,1,1.0,1.0,0.7333333333333333,1.0,1.0,0.99999999999997,0.7896580082496787,0.3336631727158949,0.5,0,0.8813155653661561,0.9933071490757153,0.3775406687981454
920,1,1.0,1.0,0.5833333333333334,1.0,0.9999777,0.99999999999997,0.6912721164214255,0.4810309583366954,0.5,0,0.9854493831396425,0.9933071490757153,0.3775406687981454
921,1,1.0,1.0,0.48333333333333334,1.0,1.0,0.99999999999997,0.6060153625909636,0.6230632739851353,0.5,0,0.9982492331919136,0.9933071490757153,0.3775406687981454
922,1,1.0,1.0,0.6,1.0,0.99970967,0.99999999999997,0.682324750881276,0.5690455161043397,0.5,0,0.9960719749122376,0.9933071490757153,0.3775406687981454
923,1,1.0,1.0,0.5833333333333334,1.0,0.9999999,0.99999999999997,0.6754379108089157,0.6101275393040099,0.5,0,0.9978751205969512,0.9933071490757153,0.3775406687981454
924,1,1.0,1.0,0.7333333333333333,1.0,1.0,0.99999999999997,0.7597695364618886,0.4435143021506941,0.5,0,0.9747342348826235,0.9933071490757153,0.3775406687981454
925,1,1.0,1.0,0.5333333333333333,1.0,0.9999006,0.99999999999997,0.6389727818943711,0.4500619860847565,0.5,0,0.9770434941004461,0.9933071490757153,0.3775406687981454
926,1,1.0,1.0,0.6,1.0,0.99869555,0.99999999999997,0.6798793007444056,0.44587776631120285,0.5,0,0.9755927852170033,0.9933071490757153,0.3775406687981454
927,0,1.0,0.6833333333333333,0.75,1.0,5.9648187e-06,0.6427478538348336,0.4152347798570545,0.6529417971683767,0.5,0,0.9988809181045644,0.9933071490757153,0.3775406687981454
928,0,1.0,1.0,0.6166666666666667,1.0,1.1132702e-11,0.021002972328927342,0.3279905488587843,0.31926708005139376,0.5,0,0.8568053906086441,0.9933071490757153,0.3775406687981454
929,1,1.0,1.0,0.5,1.0,1.0,0.9999999999995507,0.620043827207365,0.6400181027859346,0.5,0,0.9986418483934809,0.9933071490757153,0.3775406687981454
930,1,1.0,1.0,0.6,1.0,1.0,0.99999999999997,0.6865673530225571,0.44877366255144036,0.5,0,0.9766060279215862,0.9933071490757153,0.3775406687981454
931,1,1.0,1.0,0.6833333333333333,1.0,0.99999785,0.99999999999997,0.7296655888112068,0.49655136268343814,0.5,0,0.9884364957028017,0.9933071490757153,0.3775406687981454
932,1,1.0,1.0,0.6333333333333333,1.0,1.0,0.99999999999997,0.7141615543631862,0.23454728605898753,0.5,0,0.6267289433832242,0.9933071490757153,0.3775406687981454
933,1,1.0,1.0,0.55,1.0,1.0,0.99999999999997,0.6506215068716228,0.5804265699052882,0.5,0,0.9966863920188352,0.9933071490757153,0.3775406687981454
934,1,1.0,1.0,0.65,1.0,0.99999917,0.99999999999997,0.7058672912329678,0.44112714853383217,0.5,0,0.9738372417493948,0.9933071490757153,0.3775406687981454
935,1,1.0,1.0,0.65,1.0,1.0,0.99999999999997,0.6985109910083346,0.7997792279956842,0.5,0,0.9998761961663151,0.9933071490757153,0.3775406687981454
936,1,1.0,1.0,0.5833333333333334,1.0,1.0,0.99999999999997,0.6791295675506351,0.44045261585513457,0.5,0,0.9735782132350382,0.9933071490757153,0.3775406687981454
937,1,1.0,1.0,0.65,1.0,1.0,0.99999999999997,0.7201052472452802,0.6734969428631667,0.5,0,0.9991775944270845,0.9933071490757153,0.3775406687981454
938,1,1.0,1.0,0.6833333333333333,1.0,0.9999999,0.99999999999997,0.7251998117541397,0.7277905414192205,0.5,0,0.9996355869572227,0.9933071490757153,0.3775406687981454
939,1,1.0,1.0,0.6166666666666667,1.0,1.0,0.99999999999997,0.6995575021835294,0.632122285473329,0.5,0,0.9984713405607247,0.9933071490757153,0.3775406687981454
940,1,1.0,1.0,0.5,1.0,1.0,0.99999999999997,0.646202396636543,0.5125894276629571,0.5,0,0.9908864841843679,0.9933071490757153,0.3775406687981454
941,1,1.0,1.0,0.5666666666666667,1.0,1.0,0.99999999999997,0.6638015433621394,0.51519476335135,0.5,0,0.9912327088767261,0.9933071490757153,0.3775406687981454
942,1,1.0,1.0,0.55,1.0,1.0,0.99999999999997,0.6823528152931367,0.4273563811489508,0.5,0,0.9680263046668671,0.9933071490757153,0.3775406687981454
943,1,1.0,1.0,0.7,1.0,1.0,0.99999999999997,0.746442229302744,0.46623402909550915,0.5,0,0.9818988075145687,0.9933071490757153,0.3775406687981454
944,1,1.0,1.0,0.5833333333333334,1.0,1.0,0.99999999999997,0.6565969912875647,0.4492207139265963,0.5,0,0.9767587439577855,0.9933071490757153,0.3775406687981454
945,1,1.0,1.0,0.5666666666666667,1.0,0.9999919,0.99999999999997,0.624682343968339,0.3841325060490146,0.5,0,0.9405868044047999,0.9933071490757153,0.3775406687981454
946,1,1.0,1.0,0.6666666666666666,1.0,1.0,0.99999999999997,0.7193861916943284,0.4953902593295383,0.5,0,0.9882357253420012,0.9933071490757153,0.3775406687981454
947,1,1.0,1.0,0.6,1.0,0.9999995,0.99999999999997,0.6914685572008499,0.28465156332803393,0.5,0,0.7807039638078527,0.9933071490757153,0.3775406687981454
948,1,1.0,1.0,0.6166666666666667,1.0,0.9898106,0.99999999999997,0.7115369511842987,0.4505882352941177,0.5,0,0.9772198816068008,0.9933071490757153,0.3775406687981454
949,1,1.0,1.0,0.65,1.0,0.9999919,0.99999999999997,0.6985596531700763,0.3841325060490146,0.5,0,0.9405868044047999,0.9933071490757153,0.3775406687981454
950,1,1.0,1.0,0.7166666666666667,1.0,0.9999999,0.99999999999997,0.7226617525462367,0.6815495980581369,0.5,0,0.9992710993641868,0.9933071490757153,0.3775406687981454
951,1,1.0,1.0,0.5333333333333333,1.0,1.0,0.99999999999997,0.6521584796329734,0.38979779411764703,0.5,0,0.9451616866659764,0.9933071490757153,0.3775406687981454
952,1,1.0,1.0,0.7,1.0,1.0,0.99999999999997,0.738789020782204,0.6193923463105048,0.5,0,0.9981503088478285,0.9933071490757153,0.3775406687981454
953,1,1.0,1.0,0.7,1.0,1.0,0.99999999999997,0.7449837510833716,0.601659125188537,0.5,0,0.9975880067162921,0.9933071490757153,0.3775406687981454
954,1,1.0,1.0,0.6166666666666667,1.0,1.0,0.99999999999997,0.6955145268065589,0.6156616745768175,0.5,0,0.9980440572500825,0.9933071490757153,0.3775406687981454
955,1,1.0,1.0,0.7166666666666667,1.0,1.0,0.99999999999997,0.7315791689834229,0.48161412591950764,0.5,0,0.9855742816581511,0.9933071490757153,0.3775406687981454
956,1,1.0,1.0,0.6666666666666666,1.0,0.9999994,0.99999999999997,0.7264071001194442,0.7881836945304437,0.5,0,0.9998526798943019,0.9933071490757153,0.3775406687981454
957,1,1.0,1.0,0.7,1.0,1.0,0.99999999999997,0.7311717773875327,0.6214341533714935,0.5,0,0.9982060007098157,0.9933071490757153,0.3775406687981454
958,1,1.0,1.0,0.6166666666666667,1.0,1.0,0.99999999999997,0.6778837500348961,0.29102112493115956,0.5,0,0.7966224702870712,0.9933071490757153,0.3775406687981454
959,1,1.0,1.0,0.5833333333333334,1.0,1.0,0.99999999999997,0.6623860974776339,0.6481957488877904,0.5,0,0.9987984447396246,0.9933071490757153,0.3775406687981454
960,1,1.0,1.0,0.5833333333333334,1.0,1.0,0.99999999999997,0.6695879238480977,0.3404901960784314,0.5,0,0.8916157942786167,0.9933071490757153,0.3775406687981454
961,1,1.0,1.0,0.6,1.0,0.9999964,0.99999999999997,0.6575748818482802,0.23900152968989014,0.5,0,0.6422223651915536,0.9933071490757153,0.3775406687981454
962,1,1.0,1.0,0.6,1.0,1.0,0.99999999999997,0.6982672975039844,0.5309932520016554,0.5,0,0.9930697070846866,0.9933071490757153,0.3775406687981454
963,1,1.0,1.0,0.6,1.0,1.0,0.99999999999997,0.6873604213744644,0.26611306214027897,0.5,0,0.7294227705195815,0.9933071490757153,0.3775406687981454
964,1,1.0,1.0,0.6166666666666667,1.0,0.9954963,0.99999999999997,0.709131980223003,0.28401297717154494,0.5,0,0.7790596151769756,0.9933071490757153,0.3775406687981454
965,1,1.0,1.0,0.65,1.0,0.99999917,0.99999999999997,0.7093651554153634,0.33942281137807234,0.5,0,0.8900588313259455,0.9933071490757153,0.3775406687981454
966,1,1.0,1.0,0.6333333333333333,1.0,1.0,0.99999999999997,0.7007500948258897,0.4036707988265082,0.5,0,0.9550005643308861,0.9933071490757153,0.3775406687981454
967,1,1.0,1.0,0.65,1.0,1.0,0.99999999999997,0.7210772490586835,0.38481599779177633,0.5,0,0.9411571593617558,0.9933071490757153,0.3775406687981454
968,1,1.0,1.0,0.6,1.0,1.0,0.77901866042003,0.6054285962829588,0.34888835315546984,0.5,0,0.9032024723786819,0.9933071490757153,0.3775406687981454
969,1,1.0,1.0,0.5666666666666667,1.0,0.9995413,0.9999999999991555,0.6699965345720629,0.7023369489639828,0.5,0,0.9994662527385542,0.9933071490757153,0.3775406687981454
970,1,1.0,1.0,0.6,1.0,1.0,0.9999999999991946,0.6854977004840105,0.38704958077507096,0.5,0,0.9429854154303658,0.9933071490757153,0.3775406687981454
971,1,1.0,1.0,0.7,1.0,1.0,0.999999999999764,0.7413438288165725,0.32104746037848686,0.5,0,0.8600507937440776,0.9933071490757153,0.3775406687981454
972,1,1.0,1.0,0.5833333333333334,1.0,0.9999895,0.9999999999998007,0.6496489239278731,0.43905228758169934,0.5,0,0.9730324807793961,0.9933071490757153,0.3775406687981454
973,1,1.0,1.0,0.5666666666666667,1.0,1.0,0.999999999999876,0.6603020920527082,0.212888869623015,0.5,0,0.5481832729743178,0.9933071490757153,0.3775406687981454
974,1,1.0,1.0,0.65,1.0,1.0,0.9999999999999687,0.6864724775137104,0.6529037842932367,0.5,0,0.9988802805444948,0.9933071490757153,0.3775406687981454
975,1,1.0,1.0,0.65,1.0,1.0,0.9999999999999682,0.7026840284627297,0.38481599779177633,0.5,0,0.9411571593617558,0.9933071490757153,0.3775406687981454
976,1,1.0,1.0,0.6666666666666666,1.0,1.0,0.9999999999999446,0.7175211173546873,0.5020785274894272,0.5,0,0.9893467293991265,0.9933071490757153,0.3775406687981454
977,1,1.0,1.0,0.6833333333333333,1.0,1.0,0.9999999999999657,0.7062217603211268,0.4829964913009896,0.5,0,0.9858661416972291,0.9933071490757153,0.3775406687981454
978,1,1.0,1.0,0.6666666666666666,1.0,1.0,0.99999999999997,0.7047007313337655,0.4177290889365193,0.5,0,0.9632415589993395,0.9933071490757153,0.3775406687981454
979,1,1.0,1.0,0.65,1.0,1.0,0.99999999999997,0.7142726145672921,0.5621777310710511,0.5,0,0.9956476000149259,0.9933071490757153,0.3775406687981454
980,1,1.0,1.0,0.7166666666666667,1.0,0.99999774,0.99999999999997,0.7333493128676838,0.8015487876096992,0.5,0,0.9998794387195311,0.9933071490757153,0.3775406687981454
981,1,1.0,1.0,0.7166666666666667,1.0,1.0,0.99999999999997,0.7511850633128236,0.4125431810441298,0.5,0,0.9603858105297916,0.9933071490757153,0.3775406687981454
982,1,1.0,1.0,0.6333333333333333,1.0,0.9999999,0.99999999999997,0.6737502920703982,0.24018975332068312,0.5,0,0.6463072244678757,0.9933071490757153,0.3775406687981454
983,1,1.0,1.0,0.5666666666666667,1.0,1.0,0.99999999999997,0.6425200696019883,0.7057348393671867,0.5,0,0.9994927618583923,0.9933071490757153,0.3775406687981454
984,1,1.0,1.0,0.7,1.0,1.0,0.99999999999997,0.7380188635143945,0.6913492600105177,0.5,0,0.9993706785733917,0.9933071490757153,0.3775406687981454
985,1,1.0,1.0,0.6666666666666666,1.0,0.9995413,0.99999999999997,0.7318859830665028,0.7023369489639828,0.5,0,0.9994662527385542,0.9933071490757153,0.3775406687981454
986,1,1.0,1.0,0.6666666666666666,1.0,0.9999999,0.9999999999999699,0.7192740219745613,0.6513075895392837,0.5,0,0.9988531787822315,0.9933071490757153,0.3775406687981454
987,1,1.0,1.0,0.6166666666666667,1.0,0.9999993,0.999999999999968,0.6990500191658958,0.5231120611774885,0.5,0,0.992206807136688,0.9933071490757153,0.3775406687981454
988,1,1.0,1.0,0.6833333333333333,1.0,0.9999987,0.999999999999967,0.7267842112176758,0.5841495258234012,0.5,0,0.9968658021507187,0.9933071490757153,0.3775406687981454
989,1,1.0,1.0,0.55,1.0,1.0,0.9999999999999692,0.6832311704802962,0.3119652406417112,0.5,0,0.8428354780909205,0.9933071490757153,0.3775406687981454
990,1,1.0,1.0,0.48333333333333334,1.0,1.0,0.9999999999999692,0.6416129256670681,0.47854213800904977,0.5,0,0.9849042632184405,0.9933071490757153,0.3775406687981454
991,1,1.0,1.0,0.65,1.0,0.6527438,0.9999999999999655,0.6920778722908419,0.4399285130718954,0.5,0,0.9733752308133619,0.9933071490757153,0.3775406687981454
992,1,1.0,1.0,0.5833333333333334,1.0,0.99999785,0.9999999999999446,0.6909155982487744,0.40624314943368656,0.5,0,0.9566299380787089,0.9933071490757153,0.3775406687981454
993,1,1.0,1.0,0.6666666666666666,1.0,1.0,0.9999999999999168,0.7107784067968442,0.5993078598960953,0.5,0,0.9975016365663085,0.9933071490757153,0.3775406687981454
994,1,1.0,1.0,0.6166666666666667,1.0,0.99442965,0.9999999999997844,0.7092503131398479,0.22988179669030734,0.5,0,0.6102175929072826,0.9933071490757153,0.3775406687981454
995,1,1.0,1.0,0.6166666666666667,1.0,1.0,0.9999999999992173,0.6986245267691314,0.630702299285187,0.5,0,0.9984384825827647,0.9933071490757153,0.3775406687981454
996,1,1.0,1.0,0.55,1.0,1.0,0.9999999999914861,0.6707830780302806,0.3175559727437074,0.5,0,0.8536274272236218,0.9933071490757153,0.3775406687981454
997,1,1.0,1.0,0.65,1.0,1.0,0.9999999999965007,0.7080960082857904,0.44877366255144036,0.5,0,0.9766060279215862,0.9933071490757153,0.3775406687981454
998,1,1.0,1.0,0.6,1.0,1.0,0.9999999999989205,0.6876856494056823,0.7043651426243487,0.5,0,0.9994822380800575,0.9933071490757153,0.3775406687981454
999,1,1.0,1.0,0.6833333333333333,1.0,0.999985,0.9999999999985003,0.7466297475817277,0.3921935212753592,0.5,0,0.9469947617976124,0.9933071490757153,0.3775406687981454
1000,1,1.0,1.0,0.6,1.0,1.0,0.9999999999975835,0.6793077203347462,0.46168140458797896,0.5,0,0.9806442660986887,0.9933071490757153,0.3775406687981454
1001,1,1.0,1.0,0.6333333333333333,1.0,0.99998546,0.9999999999980742,0.7009421309668166,0.23729377958079784,0.5,0,0.6363152495440282,0.9933071490757153,0.3775406687981454
1002,1,1.0,1.0,0.5666666666666667,1.0,0.9989924,0.9999999999988192,0.6542354062995209,0.6009794309880815,0.5,0,0.9975633498892245,0.9933071490757153,0.3775406687981454
1003,1,1.0,1.0,0.6,1.0,1.0,0.9999999999992127,0.6792837180404745,0.6121729737646693,0.5,0,0.9979391928242336,0.9933071490757153,0.3775406687981454
1004,1,1.0,1.0,0.6333333333333333,1.0,1.0,0.9999999999995316,0.6511847163719459,0.702531740665615,0.5,0,0.9994678091766723,0.9933071490757153,0.3775406687981454
1005,1,1.0,1.0,0.6666666666666666,1.0,0.9999782,0.9999999999996051,0.7186660745181491,0.4227250957854406,0.5,0,0.9658047992312465,0.9933071490757153,0.3775406687981454
1006,1,1.0,1.0,0.5333333333333333,1.0,0.9999999,0.9999999999997882,0.6507208545901413,0.2631672406118959,0.5,0,0.7206138632959538,0.9933071490757153,0.3775406687981454
1007,1,1.0,1.0,0.6333333333333333,1.0,1.0,0.9999999999998589,0.680327627695016,0.49762210677243357,0.5,0,0.9886186385981497,0.9933071490757153,0.3775406687981454
