win_idx,label,acc_v,acc_m,acc_u,acc_fused,P_v,P_m,P_u,brightness,multipath_p,emi,w_v,w_m,w_u
0,0,1.0,0.0,0.7666666666666667,1.0,1.9109142e-10,0.7844078762854648,0.26708939171711227,0.28993116395494367,0.5,20,0.7939607691673538,0.0066928509242848554,0.3775406687981454
1,0,1.0,0.0,0.75,1.0,0.037053745,0.7844078738364854,0.24586552627297975,0.6090335599807185,0.5,20,0.997840040258232,0.0066928509242848554,0.3775406687981454
2,0,1.0,0.0,0.7333333333333333,1.0,0.014951214,0.7844078538511724,0.3005730900937554,0.3858328650716194,0.5,20,0.9419962142673174,0.0066928509242848554,0.3775406687981454
3,0,1.0,0.0,0.8333333333333334,1.0,0.000245865,0.7844078762681944,0.2164010338562525,0.39791800600021426,0.5,20,0.9511431549657974,0.0066928509242848554,0.3775406687981454
4,0,1.0,0.0,0.8333333333333334,0.0,2.2709033e-10,0.7844078762847544,0.22622240018395395,0.174392135812994,0.5,20,0.405134079701819,0.0066928509242848554,0.3775406687981454
5,0,1.0,0.0,0.8166666666666667,1.0,1.1069822e-05,0.7844078762853518,0.23444253233268542,0.34016597867217063,0.5,20,0.8911449271249529,0.0066928509242848554,0.3775406687981454
6,0,1.0,0.0,0.8333333333333334,1.0,0.0021157477,0.7844078762348493,0.27711935944719684,0.5178067718315397,0.5,20,0.9915667293884433,0.0066928509242848554,0.3775406687981454
7,0,1.0,0.0,0.7833333333333333,1.0,3.942957e-07,0.784407550650073,0.26803860569996657,0.646174620791713,0.5,20,0.9987615052823484,0.0066928509242848554,0.3775406687981454
8,0,1.0,0.0,0.8166666666666667,1.0,6.170527e-11,0.7844078740530096,0.2557860818107289,0.2975638740344623,0.5,20,0.8120610140588329,0.0066928509242848554,0.3775406687981454
9,0,1.0,0.0,0.7,1.0,4.6650918e-08,0.7844078762822034,0.3063785461092417,0.3552872474747475,0.5,20,0.9112754602834197,0.0066928509242848554,0.3775406687981454
10,0,1.0,0.0,0.8333333333333334,0.0,6.055846e-10,0.7844078154808581,0.1991827346985318,0.16549783274290605,0.5,20,0.3734293964265876,0.0066928509242848554,0.3775406687981454
11,0,1.0,0.0,0.7833333333333333,1.0,2.8773584e-05,0.7844078249143939,0.23413880747335014,0.42536792848211535,0.5,20,0.9670901250067245,0.0066928509242848554,0.3775406687981454
12,0,1.0,0.0,0.8166666666666667,0.0,1.2818459e-10,0.784407876278396,0.23921502816679366,0.15889362508288338,0.5,20,0.3505561190696382,0.0066928509242848554,0.3775406687981454
13,0,1.0,0.0,0.8333333333333334,1.0,0.0005666674,0.7844078762848452,0.25322304187420125,0.5852412301474536,0.5,20,0.9969165514965013,0.0066928509242848554,0.3775406687981454
14,0,1.0,0.0,0.8666666666666667,1.0,0.0043734075,0.784407876258749,0.24436741321525807,0.5171864610194782,0.5,20,0.991488565455251,0.0066928509242848554,0.3775406687981454
15,0,1.0,0.0,0.85,1.0,1.2350335e-05,0.7844078760709325,0.22751369658448023,0.43258378932968533,0.5,20,0.9703661688196371,0.0066928509242848554,0.3775406687981454
16,0,1.0,0.0,0.8,1.0,2.056502e-07,0.7844078760633806,0.2406878226190315,0.5622806285634822,0.5,20,0.9956542834279629,0.0066928509242848554,0.3775406687981454
17,0,1.0,0.0,0.7833333333333333,1.0,1.0093077e-10,0.7844078762842469,0.2353722916752642,0.21490583075335395,0.5,20,0.5556651602546965,0.0066928509242848554,0.3775406687981454
18,0,1.0,0.0,0.8666666666666667,1.0,4.4999424e-06,0.7844078762407797,0.2272441790109823,0.5397517031503959,0.5,20,0.9939177245120103,0.0066928509242848554,0.3775406687981454
19,0,1.0,0.0,0.8333333333333334,1.0,9.175839e-11,0.7844078762854374,0.21920146870808346,0.22440193098516,0.5,20,0.5904990889652808,0.0066928509242848554,0.3775406687981454
20,0,1.0,0.0,0.9166666666666666,1.0,2.2576057e-06,0.7844078762704509,0.23061871457817196,0.2543838149294806,0.5,20,0.6933349750487061,0.0066928509242848554,0.3775406687981454
21,0,1.0,0.0,0.75,0.0,1.2630679e-07,0.7844078762851471,0.26704938223312885,0.19263375892992857,0.5,20,0.4724046658591264,0.0066928509242848554,0.3775406687981454
22,0,1.0,0.0,0.8,1.0,1.6947472e-06,0.7844075865576285,0.28949887250127454,0.34877503689647904,0.5,20,0.9030537656886217,0.0066928509242848554,0.3775406687981454
23,0,1.0,0.0,0.75,1.0,0.0030077584,0.7844078614069342,0.2686952195291106,0.30776004458631,0.5,20,0.834298139692836,0.0066928509242848554,0.3775406687981454
24,0,1.0,0.0,0.8666666666666667,1.0,0.00025607282,0.7844077028989429,0.2153913676176874,0.5111595255386104,0.5,20,0.9906907406435053,0.0066928509242848554,0.3775406687981454
25,0,1.0,0.0,0.7333333333333333,1.0,1.0808616e-06,0.7844078721595553,0.2678946722252168,0.4845800409716125,0.5,20,0.986193330175233,0.0066928509242848554,0.3775406687981454
26,0,1.0,0.0,0.7833333333333333,1.0,7.797707e-05,0.7844078762822483,0.2582375628812616,0.5011868686868687,0.5,20,0.9892048345256944,0.0066928509242848554,0.3775406687981454
27,0,1.0,0.0,0.75,1.0,4.041659e-09,0.7844078762854647,0.2581503521961037,0.4994158791827705,0.5,20,0.9889174404321154,0.0066928509242848554,0.3775406687981454
28,0,1.0,0.0,0.7666666666666667,1.0,0.00058265944,0.7844078759502561,0.2694872730896806,0.5888801203315864,0.5,20,0.9970798672739429,0.0066928509242848554,0.3775406687981454
29,0,1.0,0.0,0.8333333333333334,1.0,2.4760672e-07,0.7844078015487067,0.25277087813485594,0.4982118888146934,0.5,20,0.9887177513929752,0.0066928509242848554,0.3775406687981454
30,0,1.0,0.0,0.85,1.0,0.09707322,0.7844078762697977,0.23208804636570485,0.5123521984551397,0.5,20,0.9908542936564523,0.0066928509242848554,0.3775406687981454
31,0,1.0,0.0,0.8166666666666667,1.0,2.098891e-08,0.7844078762848583,0.23646560158178268,0.3846983754742207,0.5,20,0.9410593737801546,0.0066928509242848554,0.3775406687981454
32,0,1.0,0.0,0.7666666666666667,1.0,1.7680739e-08,0.7844078722441369,0.29509307173603205,0.21470518703935476,0.5,20,0.5549219481251476,0.0066928509242848554,0.3775406687981454
33,0,1.0,0.0,0.8166666666666667,1.0,0.26797262,0.7844078762454615,0.2744257019428432,0.3935415782474606,0.5,20,0.9480006354236594,0.0066928509242848554,0.3775406687981454
34,0,1.0,0.0,0.6833333333333333,1.0,5.165655e-09,0.7844078762852741,0.28367776706723496,0.7629029765059178,0.5,20,0.999784760653631,0.0066928509242848554,0.3775406687981454
35,0,1.0,0.23333333333333334,0.8666666666666667,1.0,0.0012560448,0.7844078754198194,0.2958181142996059,0.33800391951652453,0.5,20,0.8879588107470423,0.0066928509242848554,0.3775406687981454
36,1,0.0,1.0,0.6666666666666666,0.0,0.057568308,0.7844078734747734,0.6581859830367144,0.39730431625146034,0.5,20,0.950713603007449,0.0066928509242848554,0.3775406687981454
37,1,1.0,1.0,0.48333333333333334,1.0,1.0,0.7844078034344437,0.5531679398133945,0.6105264763857613,0.5,20,0.9978877712480898,0.0066928509242848554,0.3775406687981454
38,1,1.0,1.0,0.5,1.0,0.9963632,0.7844074191331728,0.5665955459851661,0.7316382036685641,0.5,20,0.9996560165793802,0.0066928509242848554,0.3775406687981454
39,1,0.0,1.0,0.48333333333333334,0.0,9.471535e-06,0.7844077753594587,0.5577855265882768,0.2473270900399961,0.5,20,0.6703804663846243,0.0066928509242848554,0.3775406687981454
40,1,0.0,1.0,0.5166666666666667,0.0,5.976235e-06,0.784393993212657,0.5766694292580951,0.2090132669983416,0.5,20,0.5337483603520523,0.0066928509242848554,0.3775406687981454
41,1,1.0,1.0,0.48333333333333334,1.0,0.96435946,0.7844078546157608,0.5669591578472407,0.3383008507575982,0.5,20,0.8884011619089651,0.0066928509242848554,0.3775406687981454
42,1,1.0,1.0,0.5833333333333334,1.0,0.99841213,0.7844078759824781,0.608046446964641,0.29633517680576504,0.5,20,0.8092320050031109,0.0066928509242848554,0.3775406687981454
43,1,0.0,1.0,0.4,0.0,7.208171e-06,0.784407678873209,0.5066894867925504,0.20395677197982803,0.5,20,0.5148335407817078,0.0066928509242848554,0.3775406687981454
44,1,1.0,1.0,0.5166666666666667,1.0,0.9997991,0.784407830323293,0.5753426519640847,0.4356768145854833,0.5,20,0.9716715770573335,0.0066928509242848554,0.3775406687981454
45,1,0.0,1.0,0.65,0.0,0.33146268,0.7844024981090651,0.6607063982435603,0.32218805704099823,0.5,20,0.8620974281947326,0.0066928509242848554,0.3775406687981454
46,1,1.0,1.0,0.45,1.0,0.99999976,0.784407817342441,0.5444852325463347,0.4438826369622217,0.5,20,0.974869945545057,0.0066928509242848554,0.3775406687981454
47,1,1.0,1.0,0.5666666666666667,1.0,0.9999993,0.7844072807067662,0.6287315366307691,0.5473221054356956,0.5,20,0.994567084199345,0.0066928509242848554,0.3775406687981454
48,1,1.0,1.0,0.5833333333333334,1.0,0.9991055,0.7844077964974265,0.6371599444604964,0.35078833584715935,0.5,20,0.9056656692924726,0.0066928509242848554,0.3775406687981454
49,1,1.0,1.0,0.55,1.0,0.99999976,0.7844078518214886,0.5977932936834477,0.45456560791958106,0.5,20,0.978510858415361,0.0066928509242848554,0.3775406687981454
50,1,0.0,1.0,0.5833333333333334,0.0,0.033608455,0.7843457166350618,0.6243263821098429,0.20633577606126627,0.5,20,0.5237412937116408,0.0066928509242848554,0.3775406687981454
51,1,1.0,1.0,0.5166666666666667,1.0,1.0,0.7843924092636871,0.5941959441753212,0.499931713979124,0.5,20,0.9890019216187345,0.0066928509242848554,0.3775406687981454
52,1,1.0,1.0,0.55,1.0,0.9970886,0.7844076539725783,0.6004539565709819,0.25905547176135413,0.5,20,0.7080293111982264,0.0066928509242848554,0.3775406687981454
53,1,0.0,1.0,0.38333333333333336,0.0,0.002538823,0.7844015292265998,0.5019739279001756,0.11334271828389476,0.5,20,0.21418870998793746,0.0066928509242848554,0.3775406687981454
54,1,1.0,1.0,0.5333333333333333,1.0,1.0,0.7844078580835643,0.5788111078558911,0.5368733873477707,0.5,20,0.9936510762844821,0.0066928509242848554,0.3775406687981454
55,1,0.0,1.0,0.6,0.0,0.001845671,0.7844077937843399,0.6356671360737313,0.6671955624355005,0.5,20,0.9990961414705488,0.0066928509242848554,0.3775406687981454
56,1,0.0,1.0,0.48333333333333334,0.0,2.3758994e-05,0.7844078744207189,0.5536892109674966,0.2634423838791765,0.5,20,0.721444023194481,0.0066928509242848554,0.3775406687981454
57,1,1.0,1.0,0.7,1.0,1.0,0.7844078762459065,0.6935523489331038,0.6114705577219994,0.5,20,0.9979174103322417,0.0066928509242848554,0.3775406687981454
58,1,1.0,1.0,0.4666666666666667,1.0,0.906425,0.78440787453678,0.5794207179508486,0.26357822964576777,0.5,20,0.7218533370206361,0.0066928509242848554,0.3775406687981454
59,1,1.0,1.0,0.5666666666666667,0.0,0.66508293,0.7844078762311585,0.6056985618645433,0.23840876170287933,0.5,20,0.6401767624630001,0.0066928509242848554,0.3775406687981454
60,1,1.0,1.0,0.6,1.0,0.99999976,0.7844078763117336,0.6449380801708,0.6793835229565077,0.5,20,0.9992470457449046,0.0066928509242848554,0.3775406687981454
61,1,1.0,1.0,0.5166666666666667,1.0,0.9961234,0.7844078860820058,0.5843337670135696,0.597315936178393,0.5,20,0.9974260569727528,0.0066928509242848554,0.3775406687981454
62,1,1.0,1.0,0.65,1.0,0.99977416,0.7844078786419625,0.6770627016297539,0.542220406681191,0.5,20,0.9941375390886826,0.0066928509242848554,0.3775406687981454
63,1,1.0,1.0,0.5166666666666667,1.0,0.99996555,0.7844078762856443,0.5931540248775728,0.22644421197571596,0.5,20,0.5978856898162289,0.0066928509242848554,0.3775406687981454
64,1,0.0,1.0,0.5,0.0,0.0014104452,0.7844078765536494,0.5594953425511228,0.2943169913433684,0.5,20,0.8045148284035175,0.0066928509242848554,0.3775406687981454
65,1,1.0,1.0,0.6333333333333333,1.0,0.97818315,0.7844078766159222,0.6495781122448148,0.24289760348583878,0.5,20,0.6555360940272119,0.0066928509242848554,0.3775406687981454
66,1,0.0,1.0,0.5333333333333333,0.0,0.0024626509,0.7844078762856126,0.5900138365063514,0.2782326628987612,0.5,20,0.7637752599847168,0.0066928509242848554,0.3775406687981454
67,1,0.0,1.0,0.48333333333333334,0.0,1.6624952e-08,0.7844078788396105,0.5498613013686723,0.10492559163583128,0.5,20,0.19370455829046068,0.0066928509242848554,0.3775406687981454
68,1,1.0,1.0,0.5833333333333334,1.0,0.91607034,0.7844078762855127,0.6210266627004696,0.3900580644525281,0.5,20,0.9453636867061533,0.0066928509242848554,0.3775406687981454
69,1,0.0,1.0,0.45,0.0,0.48754457,0.7844078762854662,0.5417648125928973,0.23104826546003018,0.5,20,0.6143711822096541,0.0066928509242848554,0.3775406687981454
70,1,0.0,1.0,0.55,0.0,5.5393205e-08,0.7844078762864366,0.6076828358177659,0.10626651914684368,0.5,20,0.1968653781865869,0.0066928509242848554,0.3775406687981454
71,1,0.0,1.0,0.5,0.0,2.8633444e-08,0.7844078762854843,0.555178743309866,0.22006833036244802,0.5,20,0.5746930565490967,0.0066928509242848554,0.3775406687981454
72,1,1.0,1.0,0.5,1.0,1.0,0.7844078762854655,0.5799045042014143,0.6339821116361062,0.5,20,0.9985133342919584,0.0066928509242848554,0.3775406687981454
73,1,1.0,1.0,0.6166666666666667,1.0,0.98787665,0.7844078762915887,0.6548310494302856,0.3943387260067357,0.5,20,0.9485869239157259,0.0066928509242848554,0.3775406687981454
74,1,0.0,1.0,0.5833333333333334,0.0,0.0018559669,0.7844078762854987,0.636979856269011,0.14872197083961788,0.5,20,0.31665858462560187,0.0066928509242848554,0.3775406687981454
75,1,0.0,1.0,0.4666666666666667,0.0,0.034034975,0.7844078762854653,0.5365223946589097,0.24207000343997248,0.5,20,0.6527275200647809,0.0066928509242848554,0.3775406687981454
76,1,0.0,1.0,0.4666666666666667,0.0,3.6139843e-07,0.7844078762854655,0.5654268596430198,0.1635241493269342,0.5,20,0.3665287251198656,0.0066928509242848554,0.3775406687981454
77,1,1.0,1.0,0.5333333333333333,1.0,0.9999987,0.7844078762854653,0.5947762826719108,0.47933408824522716,0.5,20,0.9850798686386215,0.0066928509242848554,0.3775406687981454
78,1,1.0,1.0,0.4666666666666667,0.0,0.58730084,0.7844078765844879,0.5405611067072124,0.2673202614379085,0.5,20,0.7329817746209201,0.0066928509242848554,0.3775406687981454
79,1,1.0,1.0,0.5666666666666667,1.0,0.99904996,0.784407884301133,0.6321844468592059,0.5131568652368814,0.5,20,0.9909630272408657,0.0066928509242848554,0.3775406687981454
80,1,1.0,1.0,0.6666666666666666,1.0,1.0,0.7844078762907802,0.6601132842248293,0.3972381010920565,0.5,20,0.9506670422655971,0.0066928509242848554,0.3775406687981454
81,1,1.0,1.0,0.6666666666666666,1.0,0.9230959,0.784407879434998,0.6815644003837463,0.3634061855194753,0.5,20,0.9206413271905456,0.0066928509242848554,0.3775406687981454
82,1,1.0,1.0,0.45,1.0,0.99951684,0.7844124453251003,0.5388136180225861,0.5967089070951397,0.5,20,0.9974025742260688,0.0066928509242848554,0.3775406687981454
83,1,1.0,1.0,0.5666666666666667,1.0,0.9989729,0.7844078762883502,0.6180906015175328,0.4984900825508036,0.5,20,0.9887642051867228,0.0066928509242848554,0.3775406687981454
84,1,0.0,1.0,0.6666666666666666,0.0,3.7899522e-06,0.784407876285465,0.6727243224140604,0.2753332473340213,0.5,20,0.7558386610316925,0.0066928509242848554,0.3775406687981454
85,1,1.0,1.0,0.5,1.0,1.0,0.7844078762857393,0.5447165668155126,0.4267458137307526,0.5,20,0.9677416178226026,0.0066928509242848554,0.3775406687981454
86,1,1.0,1.0,0.5333333333333333,1.0,1.0,0.7844078762855289,0.5882794562361263,0.4487654154653158,0.5,20,0.9766032014751301,0.0066928509242848554,0.3775406687981454
87,1,1.0,1.0,0.5166666666666667,1.0,0.9999703,0.7844078773308766,0.592394417399576,0.43041090753241185,0.5,20,0.9694144220922284,0.0066928509242848554,0.3775406687981454
88,1,1.0,1.0,0.5333333333333333,1.0,0.99490535,0.7844078766218953,0.6067350736855907,0.4610558555145085,0.5,20,0.9804653564853143,0.0066928509242848554,0.3775406687981454
89,1,1.0,1.0,0.5,1.0,1.0,0.7844078762864244,0.5746265084363732,0.5335905302291857,0.5,20,0.9933327482178904,0.0066928509242848554,0.3775406687981454
90,1,0.0,1.0,0.5666666666666667,0.0,0.0319027,0.7844078762854649,0.6216348859433858,0.28312240047534165,0.5,20,0.7767516783584404,0.0066928509242848554,0.3775406687981454
91,1,1.0,1.0,0.48333333333333334,1.0,0.99978095,0.7844078763499368,0.5576870933207585,0.7622410204391834,0.5,20,0.9997826132900497,0.0066928509242848554,0.3775406687981454
92,1,1.0,1.0,0.4,1.0,0.9999982,0.784407876537305,0.5214879379433752,0.3991310736180777,0.5,20,0.9519818133945992,0.0066928509242848554,0.3775406687981454
93,1,1.0,1.0,0.5,1.0,0.99999917,0.7844078762884757,0.574433003499998,0.45359956167533433,0.5,20,0.9782040352778171,0.0066928509242848554,0.3775406687981454
94,1,1.0,1.0,0.5666666666666667,1.0,0.99997544,0.7844078762854652,0.6150924975002984,0.37925514291738205,0.5,20,0.9363641312053803,0.0066928509242848554,0.3775406687981454
95,1,1.0,1.0,0.5333333333333333,1.0,0.97958505,0.7844078762896456,0.6105733847876276,0.3111541756945285,0.5,20,0.8412171967171199,0.0066928509242848554,0.3775406687981454
96,1,1.0,1.0,0.5333333333333333,1.0,0.9990822,0.784407876285488,0.5912844616339247,0.2995404716007555,0.5,20,0.8165441694580812,0.0066928509242848554,0.3775406687981454
97,1,1.0,1.0,0.4666666666666667,1.0,0.99929905,0.7844304250551699,0.5540826700302375,0.571111361211151,0.5,20,0.996191372219207,0.0066928509242848554,0.3775406687981454
98,1,1.0,1.0,0.5666666666666667,1.0,0.99894685,0.7844078762971975,0.6212363638851675,0.4038198281638653,0.5,20,0.9550965335666723,0.0066928509242848554,0.3775406687981454
99,1,1.0,1.0,0.5,1.0,0.83241564,0.7844078762854966,0.5779274377772321,0.3886265066742211,0.5,20,0.9442438957929578,0.0066928509242848554,0.3775406687981454
100,1,1.0,1.0,0.6833333333333333,1.0,0.8098619,0.7844078762854672,0.6677725824172538,0.5588042762324568,0.5,20,0.995422727233488,0.0066928509242848554,0.3775406687981454
101,1,1.0,1.0,0.48333333333333334,1.0,0.9999999,0.7844078762854892,0.5600150177013379,0.4087979947056481,0.5,20,0.9581923787239169,0.0066928509242848554,0.3775406687981454
102,1,0.0,1.0,0.5833333333333334,0.0,9.576415e-09,0.7844078762854887,0.6297244943744199,0.1444690897978095,0.5,20,0.30301878623712425,0.0066928509242848554,0.3775406687981454
103,1,0.0,1.0,0.5333333333333333,0.0,2.467481e-05,0.7844078762857297,0.5959917338648342,0.15973420985376985,0.5,20,0.35343209540523784,0.0066928509242848554,0.3775406687981454
104,1,1.0,1.0,0.43333333333333335,1.0,0.9749732,0.7844078762855274,0.5270744889032292,0.5701795134950215,0.5,20,0.9961379695472327,0.0066928509242848554,0.3775406687981454
105,1,1.0,1.0,0.48333333333333334,1.0,0.98667544,0.784407876285466,0.5569481451263477,0.28880805212985144,0.5,20,0.7911912206115049,0.0066928509242848554,0.3775406687981454
106,1,1.0,0.9166666666666666,0.5166666666666667,1.0,0.99991834,0.7844078762854648,0.5587828066252707,0.6869993171397912,0.5,20,0.9993282751211096,0.0066928509242848554,0.3775406687981454
107,1,1.0,1.0,0.5333333333333333,1.0,0.9982174,0.7844078762854648,0.645770064187649,0.7587438798697496,0.5,20,0.9997709080980124,0.0066928509242848554,0.3775406687981454
108,1,1.0,1.0,0.6,1.0,0.9999989,0.7844078762952014,0.6864345175173958,0.326445476618487,0.5,20,0.8695155493619616,0.0066928509242848554,0.3775406687981454
109,1,1.0,1.0,0.4666666666666667,1.0,1.0,0.7844078762862943,0.5975508753018643,0.45081536210834305,0.5,20,0.9772956001063692,0.0066928509242848554,0.3775406687981454
110,1,1.0,1.0,0.45,1.0,0.9999871,0.7844078762854648,0.5727236758493626,0.26494681205815657,0.5,20,0.7259562887435272,0.0066928509242848554,0.3775406687981454
111,1,0.0,1.0,0.5,0.0,2.8010836e-06,0.7844078762878718,0.6143443058166956,0.2660874647962166,0.5,20,0.7293469834734677,0.0066928509242848554,0.3775406687981454
112,1,1.0,1.0,0.43333333333333335,1.0,1.0,0.784407876432594,0.5614939448507833,0.5219137700247217,0.5,20,0.9920665842872238,0.0066928509242848554,0.3775406687981454
113,1,0.0,1.0,0.48333333333333334,0.0,4.5300576e-06,0.7844079198117181,0.6160351908356082,0.19026272789817683,0.5,20,0.46355000634172155,0.0066928509242848554,0.3775406687981454
114,1,1.0,1.0,0.6166666666666667,1.0,0.9999635,0.7844100216952455,0.6762496727070558,0.41636955636955636,0.5,20,0.9625126384300721,0.0066928509242848554,0.3775406687981454
115,1,0.0,1.0,0.5666666666666667,0.0,3.5653236e-09,0.7844078762865588,0.6634446104186235,0.11980587259779533,0.5,20,0.23095760881023408,0.0066928509242848554,0.3775406687981454
116,1,1.0,1.0,0.5166666666666667,1.0,0.9999187,0.7844078895862671,0.6418977224908008,0.3983601020080728,0.5,20,0.9514503967081659,0.0066928509242848554,0.3775406687981454
117,1,1.0,1.0,0.5,1.0,0.999982,0.7844078762936167,0.6105133279346151,0.3539784029553851,0.5,20,0.9096752406241143,0.0066928509242848554,0.3775406687981454
118,1,0.0,1.0,0.6166666666666667,0.0,0.24856433,0.7844078762863138,0.6937335071209217,0.303951367781155,0.5,20,0.8262486519581403,0.0066928509242848554,0.3775406687981454
119,1,1.0,1.0,0.55,1.0,0.9999981,0.784407876285723,0.6388026707590463,0.32099443300541447,0.5,20,0.8599550279785785,0.0066928509242848554,0.3775406687981454
120,1,1.0,1.0,0.5333333333333333,1.0,0.98962224,0.7844078765995395,0.6474164062086373,0.4558475872618551,0.5,20,0.9789115090224654,0.0066928509242848554,0.3775406687981454
121,1,1.0,1.0,0.55,1.0,0.992504,0.7844078762861674,0.649043742884482,0.2655651261445818,0.5,20,0.7277975627219927,0.0066928509242848554,0.3775406687981454
122,1,1.0,1.0,0.6166666666666667,1.0,0.9975382,0.7844078762854648,0.6967084541110432,0.23581431204960615,0.5,20,0.6311642439377863,0.0066928509242848554,0.3775406687981454
123,1,0.0,1.0,0.5166666666666667,0.0,4.148148e-09,0.784407876285465,0.6299092834225546,0.15843719580030594,0.5,20,0.3489990132778281,0.0066928509242848554,0.3775406687981454
124,1,1.0,1.0,0.5833333333333334,1.0,0.999959,0.7844078762854724,0.6730658795081277,0.26112315101479183,0.5,20,0.7143992789736116,0.0066928509242848554,0.3775406687981454
125,1,1.0,1.0,0.5,1.0,0.9999938,0.7844078762854648,0.6287789537146051,0.5789415269583503,0.5,20,0.9966120038980266,0.0066928509242848554,0.3775406687981454
126,1,0.0,1.0,0.48333333333333334,0.0,0.068901874,0.7844078762854648,0.6031417122156861,0.28281645991730026,0.5,20,0.7759548773469069,0.0066928509242848554,0.3775406687981454
127,1,1.0,1.0,0.5666666666666667,1.0,0.99980074,0.7844078762856086,0.6649552273809566,0.2350423930255863,0.5,20,0.6284646799744457,0.0066928509242848554,0.3775406687981454
128,1,1.0,1.0,0.6,0.0,0.5809488,0.7844078762854648,0.6872467346173526,0.24455173770374541,0.5,20,0.6611170340306304,0.0066928509242848554,0.3775406687981454
129,1,0.0,0.7666666666666667,0.6,0.0,0.0012337546,0.7844082310446117,0.5561766197342183,0.5292709124993666,0.5,20,0.9928896191243595,0.0066928509242848554,0.3775406687981454
130,0,1.0,0.0,0.8,1.0,0.00012367964,0.7844061757635273,0.2417308813336751,0.6023996983408748,0.5,20,0.9976145887460698,0.0066928509242848554,0.3775406687981454
131,0,1.0,0.0,0.7333333333333333,1.0,6.1681096e-09,0.7844078749972011,0.28042922067831483,0.8432328159487108,0.5,20,0.9999354813842759,0.0066928509242848554,0.3775406687981454
132,0,1.0,0.0,0.7333333333333333,1.0,1.9711094e-07,0.7844078762186809,0.28221115818580217,0.48616497881203763,0.5,20,0.9865133251387079,0.0066928509242848554,0.3775406687981454
133,0,1.0,0.0,0.8666666666666667,1.0,2.4815522e-06,0.7844078760811897,0.23973555310985353,0.5013866388594057,0.5,20,0.9892367867381359,0.0066928509242848554,0.3775406687981454
134,0,1.0,0.0,0.8333333333333334,1.0,2.494435e-08,0.784407801088449,0.24001146904306156,0.2716967695082812,0.5,20,0.745632265361915,0.0066928509242848554,0.3775406687981454
135,0,1.0,0.0,0.8333333333333334,1.0,6.384982e-06,0.784407876284936,0.25337797128175815,0.4887388041636408,0.5,20,0.9870174562968866,0.0066928509242848554,0.3775406687981454
136,0,1.0,0.0,0.75,1.0,0.00931807,0.7844078762579697,0.28705009251147945,0.37824667931688805,0.5,20,0.9354567994366232,0.0066928509242848554,0.3775406687981454
137,0,1.0,0.0,0.75,0.0,4.621598e-07,0.7844078762833436,0.241846501096341,0.15067672197083962,0.5,20,0.3230371269144696,0.0066928509242848554,0.3775406687981454
138,0,1.0,0.0,0.7666666666666667,1.0,0.0002497685,0.784407876253731,0.2447557898010981,0.34501039809863343,0.5,20,0.897996218530882,0.0066928509242848554,0.3775406687981454
139,0,1.0,0.0,0.8166666666666667,1.0,0.0033467535,0.7844078762634652,0.2458973428825582,0.3467383512544803,0.5,20,0.9003460288256172,0.0066928509242848554,0.3775406687981454
140,0,1.0,0.0,0.8333333333333334,1.0,4.1305e-10,0.7844078762829326,0.2701620156518349,0.7832802175048165,0.5,20,0.9998414375185551,0.0066928509242848554,0.3775406687981454
141,0,1.0,0.0,0.85,1.0,7.194692e-10,0.7844078762753072,0.24484574931195444,0.4749742733973022,0.5,20,0.9840875665358827,0.0066928509242848554,0.3775406687981454
142,0,1.0,0.0,0.7666666666666667,1.0,6.588831e-06,0.7844078762854586,0.2800148249614403,0.4426080641596413,0.5,20,0.9743972912947441,0.0066928509242848554,0.3775406687981454
143,0,1.0,0.0,0.8166666666666667,1.0,0.00015703027,0.7844078762854426,0.27888510626252216,0.6009979473883217,0.5,20,0.9975640249167131,0.0066928509242848554,0.3775406687981454
144,0,1.0,0.0,0.8,1.0,5.502766e-06,0.7844078758689176,0.2606219507187577,0.3804672195675656,0.5,20,0.937438922891691,0.0066928509242848554,0.3775406687981454
145,0,1.0,0.0,0.7666666666666667,1.0,4.8561766e-08,0.7844078762852258,0.2785172138329104,0.3948639816286875,0.5,20,0.9489698176091708,0.0066928509242848554,0.3775406687981454
146,0,1.0,0.0,0.7666666666666667,1.0,1.8114524e-05,0.7844078753976623,0.266825342539918,0.577569450032635,0.5,20,0.9965417961656798,0.0066928509242848554,0.3775406687981454
147,0,1.0,0.0,0.8166666666666667,1.0,1.2622947e-07,0.7844078762854618,0.26866897938859446,0.4658746982276394,0.5,20,0.9818027595508954,0.0066928509242848554,0.3775406687981454
148,0,1.0,0.0,0.8333333333333334,1.0,8.67017e-09,0.7844078762854009,0.236691029089773,0.442049953796448,0.5,20,0.9741876103267438,0.0066928509242848554,0.3775406687981454
149,0,1.0,0.0,0.85,1.0,0.0035685992,0.7844078762854618,0.2304622668884049,0.3970131756406266,0.5,20,0.950508569044431,0.0066928509242848554,0.3775406687981454
150,0,1.0,0.0,0.8333333333333334,0.0,1.1329061e-08,0.7844078762851546,0.2609801904397018,0.13901172022947048,0.5,20,0.2860136726669189,0.0066928509242848554,0.3775406687981454
151,0,1.0,0.0,0.8666666666666667,1.0,0.058741163,0.7844078762853784,0.22663201802524985,0.38490507314036726,0.5,20,0.9412311111344436,0.0066928509242848554,0.3775406687981454
152,0,1.0,0.0,0.7166666666666667,0.0,3.2712084e-08,0.7844078762837153,0.27994300048674564,0.15367603831656118,0.5,20,0.3329529431594139,0.0066928509242848554,0.3775406687981454
153,0,1.0,0.0,0.8,1.0,7.8405435e-05,0.7844078733683038,0.2630209546615013,0.4554248366013072,0.5,20,0.9787802032105124,0.0066928509242848554,0.3775406687981454
154,0,1.0,0.0,0.75,1.0,1.8088606e-07,0.7844078734519833,0.31812236239741654,0.4679443091688382,0.5,20,0.9823491809217109,0.0066928509242848554,0.3775406687981454
155,0,1.0,0.0,0.7666666666666667,1.0,6.011843e-08,0.7844078762778931,0.28915580821373793,0.40655291807791755,0.5,20,0.9568223099009656,0.0066928509242848554,0.3775406687981454
156,0,1.0,0.0,0.95,1.0,1.2981217e-05,0.7844078762854647,0.17678807037421002,0.48408468149164424,0.5,20,0.986091791262496,0.0066928509242848554,0.3775406687981454
157,0,1.0,0.0,0.8166666666666667,1.0,0.03000605,0.7844078762851676,0.27164607859960077,0.40923091206179446,0.5,20,0.9584517444752558,0.0066928509242848554,0.3775406687981454
158,0,1.0,0.0,0.7166666666666667,1.0,1.4166689e-08,0.7844078762794061,0.28517740506890316,0.8792872704637411,0.5,20,0.9999624315751908,0.0066928509242848554,0.3775406687981454
159,0,1.0,0.0,0.8166666666666667,0.0,0.3736141,0.7844078738555527,0.2614447869483756,0.2842090929939227,0.5,20,0.7795655481713958,0.0066928509242848554,0.3775406687981454
160,0,1.0,0.0,0.7666666666666667,1.0,3.9428065e-07,0.7844078762850967,0.2501180882065516,0.46406446636625664,0.5,20,0.9813112325134647,0.0066928509242848554,0.3775406687981454
161,0,1.0,0.0,0.85,1.0,4.907459e-07,0.784407874291656,0.2355366663530991,0.20780291603821016,0.5,20,0.5292275764670983,0.0066928509242848554,0.3775406687981454
162,0,1.0,0.0,0.85,1.0,3.770801e-08,0.7844078762832534,0.22751807625627124,0.6892311971160532,0.5,20,0.9993503766283307,0.0066928509242848554,0.3775406687981454
163,0,1.0,0.0,0.7666666666666667,1.0,2.8641185e-09,0.7844078762854191,0.23120839548978228,0.3055849130227516,0.5,20,0.829738301498709,0.0066928509242848554,0.3775406687981454
164,0,1.0,0.0,0.8,1.0,8.6074746e-05,0.7844078762854644,0.26285836834585763,0.5009462269756387,0.5,20,0.9891662205247221,0.0066928509242848554,0.3775406687981454
165,0,1.0,0.0,0.8166666666666667,0.0,1.6797412e-07,0.7844078753858633,0.2728127701893693,0.13586990351696235,0.5,20,0.27648765279581716,0.0066928509242848554,0.3775406687981454
166,0,1.0,0.0,0.6,0.0,1.2670708e-11,0.7844078142677998,0.3162879618534005,0.17903572387859254,0.5,20,0.4220254681636401,0.0066928509242848554,0.3775406687981454
167,0,1.0,0.0,0.8666666666666667,1.0,3.566122e-11,0.7844078746595144,0.2262726639847209,0.2440348866819455,0.5,20,0.6593779307902231,0.0066928509242848554,0.3775406687981454
168,0,1.0,0.0,0.8166666666666667,1.0,9.169786e-06,0.784407876285355,0.272115665166101,0.6032813809284397,0.5,20,0.9976458549049347,0.0066928509242848554,0.3775406687981454
169,0,1.0,0.0,0.85,1.0,8.751807e-11,0.7844078762854648,0.2367293603643625,0.8696601012777484,0.5,20,0.9999565953910163,0.0066928509242848554,0.3775406687981454
170,0,1.0,0.0,0.7166666666666667,1.0,2.05896e-06,0.7844078762852101,0.3143596254250872,0.44746103569632983,0.5,20,0.9761519436601038,0.0066928509242848554,0.3775406687981454
171,0,0.0,0.0,0.8166666666666667,0.0,0.9773097,0.7844078756910537,0.24288992881250193,0.6027471091000502,0.5,20,0.9976269577539248,0.0066928509242848554,0.3775406687981454
172,0,1.0,0.0,0.7166666666666667,0.0,1.9946145e-11,0.7844078762020796,0.28840640499094816,0.1831279809220986,0.5,20,0.4370654814795036,0.0066928509242848554,0.3775406687981454
173,0,1.0,0.0,0.8333333333333334,1.0,2.6754296e-07,0.7844078761353305,0.2228380677971112,0.558561449675342,0.5,20,0.9954061013125839,0.0066928509242848554,0.3775406687981454
174,0,1.0,0.0,0.8166666666666667,1.0,1.1081514e-06,0.7844078762853758,0.23573803962807657,0.46550741918388977,0.5,20,0.9817040701785222,0.0066928509242848554,0.3775406687981454
175,0,1.0,0.0,0.75,1.0,3.1609405e-05,0.7844078762854643,0.26386051611547673,0.49135341379350095,0.5,20,0.9875105292129134,0.0066928509242848554,0.3775406687981454
176,1,1.0,0.9,0.48333333333333334,1.0,0.9999993,0.7844078759294734,0.56259534797018,0.537600273084144,0.5,20,0.9937194919973,0.0066928509242848554,0.3775406687981454
177,1,0.0,1.0,0.48333333333333334,0.0,0.054029685,0.7844078745039805,0.6042336835134653,0.21973434535104364,0.5,20,0.5734681067473681,0.0066928509242848554,0.3775406687981454
178,1,0.0,1.0,0.5,0.0,0.0014147438,0.7844077471029389,0.62058972449859,0.28750919117647056,0.5,20,0.7879542318092752,0.0066928509242848554,0.3775406687981454
179,1,1.0,1.0,0.5333333333333333,1.0,0.9729346,0.7844060497083999,0.6268658806574869,0.26453441458888083,0.5,20,0.7247239115896351,0.0066928509242848554,0.3775406687981454
180,1,1.0,1.0,0.6,1.0,1.0,0.7844075688073762,0.686990184158259,0.3771743295019157,0.5,20,0.9344787850734372,0.0066928509242848554,0.3775406687981454
181,1,1.0,1.0,0.55,0.0,0.99387497,0.7844030059612894,0.6377005781811634,0.18933716030271758,0.5,20,0.46009937515549443,0.0066928509242848554,0.3775406687981454
182,1,1.0,1.0,0.4166666666666667,1.0,1.0,0.7844013706213198,0.5443695494262639,0.6778446357967055,0.5,20,0.9992294764641696,0.0066928509242848554,0.3775406687981454
183,1,1.0,1.0,0.4666666666666667,1.0,0.99989915,0.784407852802507,0.5845275686569464,0.6277540968078051,0.5,20,0.9983679930962248,0.0066928509242848554,0.3775406687981454
184,1,0.0,1.0,0.6333333333333333,0.0,4.459577e-12,0.7844078651889969,0.6958586915162214,0.11479575163398693,0.5,20,0.21788000058831836,0.0066928509242848554,0.3775406687981454
185,1,0.0,1.0,0.4666666666666667,0.0,0.0006242409,0.784407848726401,0.5932158383016893,0.16291778074866312,0.5,20,0.36441945116836005,0.0066928509242848554,0.3775406687981454
186,1,1.0,1.0,0.5,1.0,1.0,0.7844074763468946,0.5996329184978114,0.5641119490531254,0.5,20,0.9957715368109454,0.0066928509242848554,0.3775406687981454
187,1,1.0,1.0,0.6166666666666667,1.0,0.90323764,0.7844076245763287,0.6944253288060468,0.6653543249131485,0.5,20,0.9990708537942528,0.0066928509242848554,0.3775406687981454
188,1,1.0,1.0,0.5,1.0,0.9998635,0.7844078737728132,0.609852240659589,0.570569712365378,0.5,20,0.9961604213854562,0.0066928509242848554,0.3775406687981454
189,1,1.0,1.0,0.4666666666666667,1.0,0.98153955,0.7844078758077394,0.5843102708565966,0.373797874481869,0.5,20,0.9313086916591137,0.0066928509242848554,0.3775406687981454
190,1,1.0,1.0,0.65,1.0,1.0,0.7844078631006468,0.695614367247249,0.4267306579099702,0.5,20,0.9677345201019498,0.0066928509242848554,0.3775406687981454
191,1,1.0,1.0,0.48333333333333334,1.0,0.99540555,0.7844074828325857,0.6105024157344923,0.3434943594113144,0.5,20,0.8958942704405506,0.0066928509242848554,0.3775406687981454
192,1,0.0,1.0,0.48333333333333334,0.0,1.7532633e-09,0.7843327443049329,0.6186075431132555,0.1043002386139641,0.5,20,0.1922437225644148,0.0066928509242848554,0.3775406687981454
193,1,0.0,1.0,0.48333333333333334,0.0,0.438026,0.7844077805492977,0.5827042199520235,0.19379725746507753,0.5,20,0.47675648066617304,0.0066928509242848554,0.3775406687981454
194,1,1.0,1.0,0.55,1.0,0.9923167,0.7844076656088631,0.6575307450463967,0.36751346935170465,0.5,20,0.9250274967478471,0.0066928509242848554,0.3775406687981454
195,1,0.0,1.0,0.65,0.0,0.37249696,0.7844078762543997,0.7162775420967534,0.6307734949885107,0.5,20,0.9984401466927756,0.0066928509242848554,0.3775406687981454
196,1,1.0,1.0,0.65,1.0,0.9999993,0.7844078596173829,0.7236663405261441,0.4747410003543375,0.5,20,0.984032680485892,0.0066928509242848554,0.3775406687981454
197,1,1.0,1.0,0.4666666666666667,1.0,1.0,0.7844077140525167,0.5847827822740614,0.5284901720786234,0.5,20,0.9928064617248558,0.0066928509242848554,0.3775406687981454
198,1,0.0,1.0,0.5666666666666667,0.0,0.43058854,0.7844078477044147,0.668882705639628,0.27458585205344926,0.5,20,0.7537637930107047,0.0066928509242848554,0.3775406687981454
199,1,1.0,1.0,0.4166666666666667,1.0,0.9999875,0.7844078426650521,0.5435430547032524,0.40705694942254084,0.5,20,0.9571335819054096,0.0066928509242848554,0.3775406687981454
200,1,0.0,1.0,0.5333333333333333,0.0,0.0033629937,0.7844077925516671,0.6347620304097145,0.2818548893916541,0.5,20,0.7734373809696032,0.0066928509242848554,0.3775406687981454
201,1,1.0,1.0,0.5833333333333334,1.0,0.9934115,0.7844077918816836,0.6692108055887278,0.20366254456327987,0.5,20,0.5137310886856669,0.0066928509242848554,0.3775406687981454
202,1,0.0,1.0,0.5833333333333334,0.0,0.000351449,0.7844078043742494,0.6822896450016227,0.18025951557093425,0.5,20,0.42650936890332986,0.0066928509242848554,0.3775406687981454
203,1,1.0,1.0,0.5,1.0,0.99973375,0.7844078734918775,0.6052424200252257,0.30962292609351433,0.5,20,0.8381251451440928,0.0066928509242848554,0.3775406687981454
204,1,1.0,1.0,0.65,1.0,1.0,0.7844078432883017,0.7118307239834731,0.6264250431973555,0.5,20,0.9983351859597812,0.0066928509242848554,0.3775406687981454
205,1,0.0,1.0,0.5166666666666667,0.0,1.4828743e-06,0.7844072615911319,0.633153108706106,0.2244766214177979,0.5,20,0.5907699747788935,0.0066928509242848554,0.3775406687981454
206,1,1.0,1.0,0.5666666666666667,1.0,1.0,0.784407130608377,0.6525335092999889,0.5060350862306697,0.5,20,0.9899544212785318,0.0066928509242848554,0.3775406687981454
207,1,0.0,1.0,0.43333333333333335,0.0,0.0020383855,0.7844077978557937,0.554444983424666,0.2005768284705666,0.5,20,0.5021630932697346,0.0066928509242848554,0.3775406687981454
208,1,1.0,1.0,0.5,1.0,1.0,0.7842242005115864,0.5965318354103039,0.48817216280451575,0.5,20,0.9869080901256623,0.0066928509242848554,0.3775406687981454
209,1,0.0,1.0,0.55,0.0,4.2038278e-06,0.7843970010009436,0.6440688770722931,0.1103825783186838,0.5,20,0.20681015859699395,0.0066928509242848554,0.3775406687981454
210,1,1.0,1.0,0.6166666666666667,1.0,0.9999981,0.784407876000207,0.6946539117877987,0.49762771709147086,0.5,20,0.9886195854542201,0.0066928509242848554,0.3775406687981454
211,1,0.0,0.95,0.5333333333333333,0.0,0.20326598,0.7844078743340913,0.6151318650469553,0.31859317370358997,0.5,20,0.8555606891467509,0.0066928509242848554,0.3775406687981454
212,0,1.0,0.0,0.8833333333333333,1.0,8.388992e-12,0.7843995538608334,0.23210542654502841,0.57843720821662,0.5,20,0.9965863650849035,0.0066928509242848554,0.3775406687981454
213,0,1.0,0.0,0.8,1.0,5.44062e-07,0.784407876283337,0.25985826262814393,0.45394724409772286,0.5,20,0.9783149519418811,0.0066928509242848554,0.3775406687981454
214,0,1.0,0.0,0.8333333333333334,1.0,6.869824e-09,0.784407876284364,0.24369402535024248,0.2009765190026628,0.5,20,0.5036618807865215,0.0066928509242848554,0.3775406687981454
215,0,1.0,0.0,0.75,1.0,7.568519e-09,0.7844078762854643,0.26463850169338243,0.2183739490148621,0.5,20,0.568469442379841,0.0066928509242848554,0.3775406687981454
216,0,1.0,0.0,0.8666666666666667,1.0,9.25678e-09,0.7844078716187932,0.21782297702430403,0.21778192758584913,0.5,20,0.5662896825048926,0.0066928509242848554,0.3775406687981454
217,0,1.0,0.0,0.8333333333333334,1.0,3.3216132e-08,0.7844078762853967,0.24504315090471504,0.4983115468409586,0.5,20,0.9887344144350215,0.0066928509242848554,0.3775406687981454
218,0,1.0,0.0,0.8333333333333334,1.0,2.5590545e-08,0.7844078762392062,0.2596607390834607,0.4957678341992068,0.5,20,0.988301388178777,0.0066928509242848554,0.3775406687981454
219,0,1.0,0.0,0.9,1.0,7.0474776e-10,0.7844078762473508,0.19627873197880655,0.4791934046345811,0.5,20,0.9850488213639397,0.0066928509242848554,0.3775406687981454
220,0,1.0,0.0,0.75,1.0,7.409995e-09,0.7844078762768566,0.30856655134596256,0.3966425984808338,0.5,20,0.9502464227229612,0.0066928509242848554,0.3775406687981454
221,0,1.0,0.0,0.7833333333333333,1.0,2.0814737e-07,0.7844078762852751,0.24937158475063753,0.21316012171627144,0.5,20,0.5491908232106388,0.0066928509242848554,0.3775406687981454
222,0,1.0,0.0,0.75,1.0,4.1572437e-07,0.7844078762840373,0.3157063022373053,0.29234672276467943,0.5,20,0.7998249794569678,0.0066928509242848554,0.3775406687981454
223,0,1.0,0.0,0.85,1.0,2.4433613e-09,0.7844078762854302,0.2515211989614266,0.24081681681681683,0.5,20,0.6484543999198562,0.0066928509242848554,0.3775406687981454
224,0,1.0,0.0,0.8166666666666667,1.0,5.8993205e-06,0.7844078762852658,0.2355157479805518,0.5268605851153191,0.5,20,0.9926297695273812,0.0066928509242848554,0.3775406687981454
225,0,1.0,0.0,0.8666666666666667,1.0,3.3457643e-11,0.7844078762528089,0.23646529402742536,0.2987197341057635,0.5,20,0.8146927834483665,0.0066928509242848554,0.3775406687981454
226,0,1.0,0.0,0.7833333333333333,1.0,0.041845344,0.7844078762854632,0.2639163042412368,0.6838508835633019,0.5,20,0.9992958137574719,0.0066928509242848554,0.3775406687981454
227,0,1.0,0.0,0.8166666666666667,1.0,0.026097158,0.784407876285092,0.23751020203592754,0.2136199198472256,0.5,20,0.5508977914571708,0.0066928509242848554,0.3775406687981454
228,0,1.0,0.0,0.8,1.0,1.3952451e-06,0.7844078762853304,0.2408031060279104,0.42504626850740296,0.5,20,0.9669362172609081,0.0066928509242848554,0.3775406687981454
229,0,1.0,0.0,0.7833333333333333,1.0,8.975146e-05,0.7844078762851604,0.2441998710109207,0.414392082590612,0.5,20,0.9614275618209915,0.0066928509242848554,0.3775406687981454
230,0,1.0,0.0,0.8666666666666667,1.0,2.2343733e-05,0.7844078762854602,0.200582697708885,0.5026463788289693,0.5,20,0.989436131626803,0.0066928509242848554,0.3775406687981454
231,0,1.0,0.0,0.7666666666666667,1.0,2.58869e-09,0.7844078762124403,0.2649535253319065,0.5514343467341813,0.5,20,0.9948904190322545,0.0066928509242848554,0.3775406687981454
232,0,1.0,0.0,0.7833333333333333,1.0,7.000336e-05,0.7844078762682114,0.24935825019463528,0.19790328287060313,0.5,20,0.49213795881565475,0.0066928509242848554,0.3775406687981454
233,0,1.0,0.0,0.85,1.0,5.31544e-05,0.7844078675030937,0.24397104995374658,0.35323594840113776,0.5,20,0.9087559860357965,0.0066928509242848554,0.3775406687981454
234,1,0.0,0.5,0.6833333333333333,0.0,0.026620056,0.7843867635647646,0.4532654855384643,0.2980295407636739,0.5,20,0.8131247274472856,0.0066928509242848554,0.3775406687981454
235,1,1.0,1.0,0.45,0.0,0.5365001,0.784401891282394,0.5576377358975368,0.26303155006858714,0.5,20,0.7202039016670858,0.0066928509242848554,0.3775406687981454
236,1,1.0,1.0,0.55,1.0,0.99999964,0.7844078740896806,0.6281087066397141,0.5053880843117389,0.5,20,0.9898574476672939,0.0066928509242848554,0.3775406687981454
237,1,1.0,1.0,0.48333333333333334,1.0,0.9999999,0.7844054307327515,0.5775771666054009,0.6739151146351958,0.5,20,0.9991827326811709,0.0066928509242848554,0.3775406687981454
238,1,0.0,1.0,0.6,0.0,8.4250473e-10,0.7844077926787745,0.663737249277344,0.10579576559968717,0.5,20,0.1957513090882117,0.0066928509242848554,0.3775406687981454
239,1,1.0,1.0,0.5833333333333334,1.0,0.999985,0.784406613123343,0.6639643815479097,0.3882766035707212,0.5,20,0.9439669285168932,0.0066928509242848554,0.3775406687981454
240,1,1.0,1.0,0.6,1.0,0.80374974,0.7844017929593696,0.6464260544245863,0.3346419491600969,0.5,20,0.882842666038081,0.0066928509242848554,0.3775406687981454
241,1,1.0,1.0,0.4666666666666667,1.0,0.9971558,0.7834234182592286,0.5587672520698053,0.3154160889161866,0.5,20,0.8495711315861633,0.0066928509242848554,0.3775406687981454
242,1,1.0,1.0,0.5166666666666667,1.0,0.78357005,0.7844078628806592,0.5966330526747472,0.3670647653000594,0.5,20,0.9245593840570651,0.0066928509242848554,0.3775406687981454
243,1,1.0,1.0,0.5166666666666667,1.0,0.99999964,0.7844061998349923,0.6098902735641697,0.3979648411088573,0.5,20,0.9511757909305292,0.0066928509242848554,0.3775406687981454
244,1,0.0,1.0,0.5333333333333333,0.0,0.011704985,0.784406746906999,0.5917643396349624,0.5278745503369305,0.5,20,0.9927402110766346,0.0066928509242848554,0.3775406687981454
245,1,1.0,1.0,0.5666666666666667,1.0,0.9881263,0.7844050312563746,0.6316420908704586,0.23941921797958948,0.5,20,0.6436606799589973,0.0066928509242848554,0.3775406687981454
246,1,1.0,1.0,0.48333333333333334,1.0,0.99992836,0.7844069254660297,0.5865564549781954,0.39413934172193643,0.5,20,0.9484408691842451,0.0066928509242848554,0.3775406687981454
247,1,1.0,1.0,0.45,1.0,0.9999999,0.7843858860226495,0.5665249163912528,0.396710301721195,0.5,20,0.950294414043205,0.0066928509242848554,0.3775406687981454
248,1,1.0,1.0,0.5166666666666667,1.0,0.99920696,0.7844078749866703,0.6119045025337887,0.3703941689221203,0.5,20,0.9279697211397352,0.0066928509242848554,0.3775406687981454
249,1,1.0,1.0,0.6166666666666667,1.0,0.9725104,0.7843901285783941,0.6675254554277736,0.5704162366701067,0.5,20,0.9961516060291556,0.0066928509242848554,0.3775406687981454
250,1,0.0,1.0,0.5833333333333334,0.0,0.2566685,0.7842774207707879,0.6424659445207008,0.3136175435483394,0.5,20,0.846090707400809,0.0066928509242848554,0.3775406687981454
251,1,0.0,1.0,0.5833333333333334,0.0,2.2984546e-08,0.7844077897989659,0.652998039545659,0.2488242721330957,0.5,20,0.6753238395622971,0.0066928509242848554,0.3775406687981454
252,1,0.0,1.0,0.55,0.0,0.00039638457,0.7844077505532584,0.6274324273040232,0.21164289958407606,0.5,20,0.5435502382095752,0.0066928509242848554,0.3775406687981454
253,1,1.0,1.0,0.6666666666666666,1.0,0.99995804,0.7844078749497612,0.6823133410808444,0.28364557508827287,0.5,20,0.778109566211967,0.0066928509242848554,0.3775406687981454
254,1,1.0,1.0,0.5666666666666667,1.0,0.99612087,0.7844078604316242,0.642339612143218,0.6265258057245887,0.5,20,0.9983376961425676,0.0066928509242848554,0.3775406687981454
255,1,1.0,1.0,0.5666666666666667,1.0,0.9999616,0.7844074295986847,0.6466923524351879,0.5540849673202614,0.5,20,0.9950886086256976,0.0066928509242848554,0.3775406687981454
256,1,1.0,1.0,0.6,1.0,0.59633523,0.7844072630715746,0.661852534800381,0.6089101188829834,0.5,20,0.9978360457988011,0.0066928509242848554,0.3775406687981454
257,1,1.0,1.0,0.45,1.0,0.99503326,0.784402651433167,0.5470876005507557,0.4957338086749851,0.5,20,0.9882954857866408,0.0066928509242848554,0.3775406687981454
258,1,0.0,1.0,0.55,0.0,2.3002867e-05,0.7843885267805834,0.6153301614060198,0.24724864445701933,0.5,20,0.6701204018843948,0.0066928509242848554,0.3775406687981454
259,1,1.0,1.0,0.5833333333333334,1.0,0.99999964,0.7843951212011544,0.6481038591345082,0.5714079982275395,0.5,20,0.9962082171566911,0.0066928509242848554,0.3775406687981454
260,1,0.0,1.0,0.5333333333333333,0.0,0.12893339,0.7844062547345009,0.6130347044492914,0.39812925471302646,0.5,20,0.951290195093146,0.0066928509242848554,0.3775406687981454
261,1,1.0,1.0,0.5666666666666667,1.0,1.0,0.7844078446257432,0.6455221863605075,0.6740421455938697,0.5,20,0.9991842872031343,0.0066928509242848554,0.3775406687981454
262,1,0.0,1.0,0.6166666666666667,0.0,0.0016567277,0.7844055162846704,0.6684556132748525,0.11616368286445013,0.5,20,0.22139683816212372,0.0066928509242848554,0.3775406687981454
263,1,1.0,1.0,0.5166666666666667,1.0,0.8317224,0.7844078643886778,0.5901770376090796,0.42294262278146244,0.5,20,0.9659123959384679,0.0066928509242848554,0.3775406687981454
264,1,0.0,1.0,0.5166666666666667,0.0,5.1297726e-11,0.7844010531004393,0.5868100321298416,0.1118255396629935,0.5,20,0.2103832381527324,0.0066928509242848554,0.3775406687981454
265,1,1.0,1.0,0.5,1.0,0.9973584,0.7844078754582979,0.5906876934212424,0.26626180836707153,0.5,20,0.7298629049530566,0.0066928509242848554,0.3775406687981454
266,1,0.0,1.0,0.5333333333333333,0.0,0.43849167,0.7844078270353844,0.5810729545989431,0.5288149161473374,0.5,20,0.9928411671598423,0.0066928509242848554,0.3775406687981454
267,1,1.0,1.0,0.45,1.0,0.9999906,0.7844078758444883,0.5529725620747403,0.28513394869847897,0.5,20,0.7819402512455319,0.0066928509242848554,0.3775406687981454
268,1,1.0,1.0,0.5333333333333333,1.0,1.0,0.7844078846666951,0.6252174227480778,0.3078864331459487,0.5,20,0.8345600619450738,0.0066928509242848554,0.3775406687981454
269,1,0.0,1.0,0.5333333333333333,0.0,1.029558e-05,0.7844078764748111,0.614676851551674,0.27580086859305125,0.5,20,0.7571308054947058,0.0066928509242848554,0.3775406687981454
270,1,0.0,1.0,0.55,0.0,0.0099908365,0.7844078782856468,0.6217679547040632,0.5027118803625703,0.5,20,0.9894463962886074,0.0066928509242848554,0.3775406687981454
271,1,1.0,1.0,0.5833333333333334,1.0,0.9999999,0.7844078762855031,0.6501165862015408,0.2249126006991944,0.5,20,0.5923500717643716,0.0066928509242848554,0.3775406687981454
272,1,1.0,1.0,0.4666666666666667,1.0,1.0,0.7844078741854853,0.5706267390610194,0.5575546312801214,0.5,20,0.9953365224541739,0.0066928509242848554,0.3775406687981454
273,1,1.0,1.0,0.5833333333333334,1.0,0.9999244,0.7844078709055979,0.6425720138156747,0.5957778837400841,0.5,20,0.9973661420033917,0.0066928509242848554,0.3775406687981454
274,1,1.0,1.0,0.5666666666666667,1.0,0.929659,0.7844078626807551,0.6368616864975145,0.34479513869492084,0.5,20,0.8977000749939218,0.0066928509242848554,0.3775406687981454
275,1,0.0,1.0,0.5166666666666667,0.0,0.00032913324,0.7844010976430019,0.6048220013271508,0.27242773921162666,0.5,20,0.7477062470721753,0.0066928509242848554,0.3775406687981454
276,1,1.0,1.0,0.48333333333333334,1.0,0.98133284,0.7843995101668882,0.571753017142701,0.5400207490403569,0.5,20,0.9939420728173023,0.0066928509242848554,0.3775406687981454
277,1,1.0,1.0,0.5833333333333334,1.0,0.999876,0.7844065607367512,0.6543757312671549,0.22155577900675938,0.5,20,0.5801372119485507,0.0066928509242848554,0.3775406687981454
278,1,1.0,1.0,0.6,1.0,0.9999999,0.7844078711735814,0.6555974728129611,0.6071017391630982,0.5,20,0.9977766759580021,0.0066928509242848554,0.3775406687981454
279,1,1.0,1.0,0.6,1.0,0.9999156,0.7844077073830253,0.6251068590748812,0.5054750158127768,0.5,20,0.9898705307765079,0.0066928509242848554,0.3775406687981454
280,1,1.0,1.0,0.5166666666666667,1.0,0.9977465,0.7844077619926926,0.6065115961812949,0.3949237931913194,0.5,20,0.9490132467261224,0.0066928509242848554,0.3775406687981454
281,1,0.0,1.0,0.55,0.0,9.109601e-06,0.7844078436424378,0.6245825558955851,0.17832701708134235,0.5,20,0.4194346240193009,0.0066928509242848554,0.3775406687981454
282,1,1.0,1.0,0.5,1.0,0.9999951,0.7844077283834318,0.5945017550500947,0.32301020743927317,0.5,20,0.8635570177627712,0.0066928509242848554,0.3775406687981454
283,1,0.0,1.0,0.5833333333333334,0.0,0.004650634,0.7844078332977151,0.6634323417087994,0.3020656773347637,0.5,20,0.8221504091588355,0.0066928509242848554,0.3775406687981454
284,1,1.0,1.0,0.48333333333333334,1.0,0.9999999,0.7844075402110607,0.5706751453497996,0.5934862498458503,0.5,20,0.9972742814234139,0.0066928509242848554,0.3775406687981454
285,1,0.0,1.0,0.5333333333333333,0.0,0.00016700783,0.7844078258296048,0.6232274811313755,0.17865051903114187,0.5,20,0.4206167194479246,0.0066928509242848554,0.3775406687981454
286,1,1.0,1.0,0.65,1.0,0.9999478,0.7844074269248564,0.689351876482116,0.5389378423434151,0.5,20,0.9938434774823527,0.0066928509242848554,0.3775406687981454
287,1,1.0,1.0,0.55,1.0,0.9997842,0.784407823778555,0.6304251939933503,0.23813373554550027,0.5,20,0.6392259278679989,0.0066928509242848554,0.3775406687981454
288,1,1.0,0.8666666666666667,0.6,1.0,0.9995839,0.7843195643974155,0.5511636012950129,0.33124164857427413,0.5,20,0.8774633187585554,0.0066928509242848554,0.3775406687981454
289,0,1.0,0.0,0.7666666666666667,1.0,1.3400789e-07,0.7844078719573063,0.25767585018027156,0.559936428472098,0.5,20,0.9954994565752473,0.0066928509242848554,0.3775406687981454
290,0,1.0,0.0,0.7833333333333333,1.0,5.9798424e-09,0.7844078760183202,0.2703471685587665,0.4986860021786492,0.5,20,0.9887968070233154,0.0066928509242848554,0.3775406687981454
291,0,1.0,0.0,0.7666666666666667,0.0,1.0910851e-09,0.7843871615243255,0.2899876447837681,0.15368570085986466,0.5,20,0.3329851340177698,0.0066928509242848554,0.3775406687981454
292,0,1.0,0.0,0.8666666666666667,1.0,9.945654e-07,0.7844078745075697,0.21491287884778268,0.48295760013407074,0.5,20,0.9858580106961478,0.0066928509242848554,0.3775406687981454
293,0,1.0,0.0,0.85,1.0,8.5903634e-10,0.7844078762854632,0.26088063212628876,0.21051607474265427,0.5,20,0.5393537133236187,0.0066928509242848554,0.3775406687981454
294,0,1.0,0.0,0.8,1.0,0.00013383897,0.7844078762854628,0.27218742986387867,0.4175455525762813,0.5,20,0.9631439567975194,0.0066928509242848554,0.3775406687981454
295,0,1.0,0.0,0.9166666666666666,1.0,3.2083082e-07,0.7844078762377749,0.19126893330517936,0.3704725300973103,0.5,20,0.9280482487963407,0.0066928509242848554,0.3775406687981454
296,0,1.0,0.0,0.7833333333333333,1.0,0.15356137,0.7844078762212164,0.2365461492909074,0.5150920974450386,0.5,20,0.9912193155909427,0.0066928509242848554,0.3775406687981454
297,0,1.0,0.0,0.7833333333333333,1.0,0.0040850015,0.7844078762854647,0.23536548390214393,0.4047177845497173,0.5,20,0.9556706673190167,0.0066928509242848554,0.3775406687981454
298,0,1.0,0.0,0.7666666666666667,1.0,1.1440549e-07,0.7844078762834035,0.25767953058076737,0.3331524465642113,0.5,20,0.8805119042497753,0.0066928509242848554,0.3775406687981454
299,0,1.0,0.0,0.75,1.0,2.6993046e-06,0.7844078719355162,0.2506657099804773,0.4120473716552148,0.5,20,0.960101894402709,0.0066928509242848554,0.3775406687981454
300,0,1.0,0.0,0.7833333333333333,1.0,0.00042524884,0.7844078762781721,0.22513139446423316,0.2509090909090909,0.5,20,0.6821427065199621,0.0066928509242848554,0.3775406687981454
301,0,1.0,0.0,0.8666666666666667,1.0,3.2167144e-10,0.7844078758837277,0.2108313408740932,0.6245248903680413,0.5,20,0.9982871346875931,0.0066928509242848554,0.3775406687981454
302,0,1.0,0.0,0.8,1.0,8.969442e-10,0.7844078762854476,0.24633909594923256,0.26065637602558756,0.5,20,0.7129685749618635,0.0066928509242848554,0.3775406687981454
303,0,1.0,0.0,0.85,1.0,1.1250452e-05,0.7844078762505494,0.2450190167972132,0.6066528473091364,0.5,20,0.9977616885846342,0.0066928509242848554,0.3775406687981454
304,0,1.0,0.0,0.8833333333333333,1.0,0.07134592,0.7844078762254455,0.19984055535638584,0.5706059799485405,0.5,20,0.9961625015874229,0.0066928509242848554,0.3775406687981454
305,0,1.0,0.0,0.8666666666666667,1.0,2.5768742e-07,0.784407876285307,0.23300862153379218,0.47472387328915305,0.5,20,0.9840286433836034,0.0066928509242848554,0.3775406687981454
306,0,1.0,0.0,0.8,0.0,5.0282874e-06,0.7844078762682706,0.26514521584690315,0.17736698636352616,0.5,20,0.4159321031242379,0.0066928509242848554,0.3775406687981454
307,0,1.0,0.0,0.75,1.0,1.778297e-09,0.7844078762741806,0.28797101708193623,0.23043163211230439,0.5,20,0.6121774927035015,0.0066928509242848554,0.3775406687981454
308,0,1.0,0.0,0.8333333333333334,1.0,2.0043091e-05,0.7844078762779119,0.23032117444354075,0.47215510903363755,0.5,20,0.9834116414469021,0.0066928509242848554,0.3775406687981454
309,0,1.0,0.0,0.75,1.0,9.382623e-11,0.7844078762646675,0.28340317415900124,0.48920690664325434,0.5,20,0.9871071232607205,0.0066928509242848554,0.3775406687981454
310,0,1.0,0.0,0.8,1.0,5.44603e-08,0.7844078015824414,0.2844294465322498,0.37558114603866233,0.5,20,0.9330002881203476,0.0066928509242848554,0.3775406687981454
311,0,1.0,0.0,0.7333333333333333,1.0,2.8911742e-07,0.7844078762854572,0.27532984559698026,0.49904119353834725,0.5,20,0.9888556740309082,0.0066928509242848554,0.3775406687981454
312,0,1.0,0.0,0.8,1.0,0.00010656596,0.7844074871365821,0.24597813770913604,0.20178887801318415,0.5,20,0.5067078900702325,0.0066928509242848554,0.3775406687981454
313,0,1.0,0.0,0.8,1.0,4.58352e-10,0.7844078762624539,0.24470190870223568,0.6730538172715894,0.5,20,0.9991721143257046,0.0066928509242848554,0.3775406687981454
314,0,1.0,0.0,0.8666666666666667,1.0,1.5978785e-09,0.784407876285464,0.2176658935656276,0.4145229042960684,0.5,20,0.9615002680337463,0.0066928509242848554,0.3775406687981454
315,0,1.0,0.0,0.85,1.0,6.222353e-06,0.7844078762847173,0.2116128861526209,0.4380292826350398,0.5,20,0.9726268857149687,0.0066928509242848554,0.3775406687981454
316,0,1.0,0.0,0.8,1.0,0.0003706137,0.7844078762469656,0.24492662708000773,0.48138421614588855,0.5,20,0.9855251679256822,0.0066928509242848554,0.3775406687981454
317,0,1.0,0.0,0.8,1.0,2.7861315e-08,0.7844078762845756,0.24723479617944272,0.5228568775995247,0.5,20,0.9921771533554512,0.0066928509242848554,0.3775406687981454
318,0,1.0,0.25,0.75,0.0,0.42372587,0.7844078759395661,0.34608427182484475,0.41767142412520564,0.5,20,0.9632109204318604,0.0066928509242848554,0.3775406687981454
319,1,0.0,1.0,0.48333333333333334,0.0,0.00079180166,0.7844078762851355,0.6034641359817762,0.22784313725490196,0.5,20,0.6029200748394254,0.0066928509242848554,0.3775406687981454
320,1,1.0,1.0,0.65,1.0,0.99999094,0.7844074880743485,0.7088967867693122,0.48625700280112044,0.5,20,0.9865316782006499,0.0066928509242848554,0.3775406687981454
321,1,1.0,1.0,0.5166666666666667,1.0,0.9999373,0.7844069292062651,0.6206750883826775,0.5698594960454544,0.5,20,0.996119458336835,0.0066928509242848554,0.3775406687981454
322,1,1.0,1.0,0.5333333333333333,1.0,0.9999894,0.7844078762583951,0.634520385234504,0.5296377362314435,0.5,20,0.9929283596215791,0.0066928509242848554,0.3775406687981454
323,1,0.0,1.0,0.6333333333333333,0.0,9.026495e-06,0.78440787628466,0.684763154453172,0.11375492035463342,0.5,20,0.21523122672733405,0.0066928509242848554,0.3775406687981454
324,1,1.0,1.0,0.55,1.0,0.7761187,0.7844078753708196,0.6432173890250712,0.3753305301486844,0.5,20,0.9327649124539952,0.0066928509242848554,0.3775406687981454
325,1,1.0,1.0,0.5,1.0,0.9999759,0.7844077514928037,0.5998962294002028,0.4189719930204359,0.5,20,0.9638960053195346,0.0066928509242848554,0.3775406687981454
326,1,1.0,1.0,0.4666666666666667,1.0,1.0,0.7843887461552075,0.5789877813009743,0.5028900309338066,0.5,20,0.9894742641485469,0.0066928509242848554,0.3775406687981454
327,0,1.0,0.4666666666666667,0.5833333333333334,1.0,5.8160058e-05,0.7844027399025133,0.4277549738358551,0.3882855706385118,0.5,20,0.9439740425680889,0.0066928509242848554,0.3775406687981454
328,1,0.0,0.9166666666666666,0.6,0.0,0.0019386848,0.7844078728651501,0.5668087901506426,0.2714975845410628,0.5,20,0.745065173973592,0.0066928509242848554,0.3775406687981454
329,1,1.0,1.0,0.4666666666666667,1.0,1.0,0.7844051100277603,0.5545078818882632,0.5378855218855219,0.5,20,0.9937461395010208,0.0066928509242848554,0.3775406687981454
330,1,1.0,1.0,0.6666666666666666,1.0,0.9999802,0.7844077997505166,0.6912620002921955,0.47263947245564897,0.5,20,0.983529748761437,0.0066928509242848554,0.3775406687981454
331,1,0.0,1.0,0.6166666666666667,0.0,0.007931839,0.7844063896358674,0.6432796210677412,0.2899052676626206,0.5,20,0.7938972174340498,0.0066928509242848554,0.3775406687981454
332,1,1.0,1.0,0.5166666666666667,1.0,0.9976999,0.784407819933356,0.5939443747360159,0.4625596184419714,0.5,20,0.9808927311536159,0.0066928509242848554,0.3775406687981454
333,1,1.0,1.0,0.45,1.0,1.0,0.7844078691328831,0.5385317495700056,0.6560867751355861,0.5,20,0.998932429494567,0.0066928509242848554,0.3775406687981454
334,1,1.0,1.0,0.5333333333333333,1.0,0.9169795,0.7843562268170483,0.6128300289773645,0.31445204438364494,0.5,20,0.8477137008662271,0.0066928509242848554,0.3775406687981454
335,1,1.0,1.0,0.4666666666666667,1.0,0.9999877,0.7844078292134685,0.5512809416913327,0.6791529780636535,0.5,20,0.9992444393618326,0.0066928509242848554,0.3775406687981454
336,1,1.0,1.0,0.6,1.0,0.96282864,0.7843919956821078,0.6334825792424824,0.39862721098231213,0.5,20,0.9516351389267912,0.0066928509242848554,0.3775406687981454
337,1,1.0,1.0,0.5,1.0,0.99999833,0.7844054416319945,0.5642732430128563,0.47296918767507007,0.5,20,0.9836096732304853,0.0066928509242848554,0.3775406687981454
338,1,0.0,1.0,0.5333333333333333,0.0,0.023218794,0.7844074036521679,0.5925056589612364,0.2644277946047434,0.5,20,0.7244047379815718,0.0066928509242848554,0.3775406687981454
339,1,1.0,1.0,0.75,1.0,0.9974286,0.7844076641979,0.7532963792241052,0.3938311950294521,0.5,20,0.9482143708696248,0.0066928509242848554,0.3775406687981454
340,1,1.0,1.0,0.5333333333333333,1.0,0.9999999,0.7844078564059296,0.5949729799419292,0.4486115227889904,0.5,20,0.9765503981021701,0.0066928509242848554,0.3775406687981454
341,1,1.0,1.0,0.5666666666666667,1.0,0.9997485,0.7844078637352544,0.6030392790190445,0.5495966094771242,0.5,20,0.9947483586954567,0.0066928509242848554,0.3775406687981454
342,1,0.0,1.0,0.5833333333333334,0.0,0.12193373,0.7844078705496318,0.6342557584470383,0.6037121480805931,0.5,20,0.9976609817273747,0.0066928509242848554,0.3775406687981454
343,1,1.0,1.0,0.5833333333333334,1.0,1.0,0.784205635677494,0.6322748683542572,0.5447121862346775,0.5,20,0.9943513991858828,0.0066928509242848554,0.3775406687981454
344,1,1.0,1.0,0.4666666666666667,1.0,0.99999464,0.7844046921100907,0.552798184652898,0.5712829334632403,0.5,20,0.9962011242517672,0.0066928509242848554,0.3775406687981454
345,0,1.0,0.08333333333333333,0.8166666666666667,1.0,2.116218e-06,0.7844078761960506,0.29537770770636274,0.4170427074939565,0.5,20,0.9628752719909065,0.0066928509242848554,0.3775406687981454
346,0,1.0,0.0,0.7166666666666667,1.0,0.00062917906,0.7844078762817334,0.2851360094213866,0.416564877317047,0.5,20,0.9626182090284868,0.0066928509242848554,0.3775406687981454
347,0,1.0,0.0,0.7666666666666667,1.0,9.273555e-12,0.7844078762854646,0.2530029243418543,0.46502619800173944,0.5,20,0.9815739688014156,0.0066928509242848554,0.3775406687981454
348,0,1.0,0.0,0.8,1.0,8.966594e-12,0.7844078762813764,0.21035468785141193,0.20864576599870718,0.5,20,0.5323762583034514,0.0066928509242848554,0.3775406687981454
349,0,1.0,0.0,0.8,1.0,2.4303064e-08,0.784407876284548,0.25192539075216597,0.4224553056516724,0.5,20,0.9656708961156283,0.0066928509242848554,0.3775406687981454
350,0,1.0,0.0,0.9166666666666666,1.0,4.746172e-05,0.7844078762854585,0.18139854726722707,0.33051633986928103,0.5,20,0.8762887130580874,0.0066928509242848554,0.3775406687981454
351,0,1.0,0.0,0.75,0.0,8.426783e-10,0.7844078762847803,0.24941986312836428,0.16917092924126173,0.5,20,0.3864080817319239,0.0066928509242848554,0.3775406687981454
352,0,1.0,0.0,0.7833333333333333,1.0,4.9652254e-08,0.7844078762826491,0.2812118875315434,0.42935803450509336,0.5,20,0.9689426676797026,0.0066928509242848554,0.3775406687981454
353,0,1.0,0.0,0.8833333333333333,1.0,2.1523552e-09,0.7844078762392379,0.20434035827921487,0.572961439895107,0.5,20,0.9962952268539378,0.0066928509242848554,0.3775406687981454
354,0,1.0,0.0,0.8,1.0,1.6027703e-05,0.7844078753424957,0.2826434618341725,0.458514549436796,0.5,20,0.979721720633719,0.0066928509242848554,0.3775406687981454
355,0,1.0,0.0,0.8166666666666667,1.0,8.1703826e-07,0.7844078754450662,0.2599045822943125,0.40820752871409416,0.5,20,0.957836126560762,0.0066928509242848554,0.3775406687981454
356,0,1.0,0.0,0.7833333333333333,1.0,1.5735198e-07,0.7844072295105964,0.2693464896822107,0.20092455366632833,0.5,20,0.503467020681269,0.0066928509242848554,0.3775406687981454
357,0,1.0,0.0,0.7333333333333333,1.0,4.908577e-07,0.7844078762854519,0.2775344198606761,0.48260235215252517,0.5,20,0.9857835250535487,0.0066928509242848554,0.3775406687981454
358,0,1.0,0.0,0.85,1.0,7.6467325e-07,0.7844078761094606,0.22729054709398017,0.3547798093929331,0.5,20,0.910658116167106,0.0066928509242848554,0.3775406687981454
359,0,1.0,0.0,0.7333333333333333,1.0,8.69533e-08,0.7844078762854644,0.295458585087353,0.7691634962442688,0.5,20,0.999804049486622,0.0066928509242848554,0.3775406687981454
360,0,1.0,0.0,0.85,1.0,5.613129e-09,0.7844078762829516,0.20969755282504451,0.4878902341915593,0.5,20,0.9868533375367834,0.0066928509242848554,0.3775406687981454
361,0,1.0,0.0,0.7333333333333333,1.0,1.03504306e-07,0.7844078761182958,0.26414127568393037,0.3850690439574523,0.5,20,0.9413670145270753,0.0066928509242848554,0.3775406687981454
362,0,1.0,0.0,0.8,1.0,0.07242437,0.7844078762851628,0.2502416331286473,0.344390294877641,0.5,20,0.8971410462475501,0.0066928509242848554,0.3775406687981454
363,0,1.0,0.0,0.75,1.0,1.15898064e-08,0.7844078762854638,0.2735848098282851,0.6218193376641437,0.5,20,0.9982163176933675,0.0066928509242848554,0.3775406687981454
364,0,1.0,0.0,0.7833333333333333,1.0,1.0327832e-07,0.7844078762513808,0.2393047339922417,0.7462878080525139,0.5,20,0.9997238574393437,0.0066928509242848554,0.3775406687981454
365,0,1.0,0.0,0.8166666666666667,1.0,0.0064198156,0.7844078762851935,0.23506059796412235,0.33135906214337585,0.5,20,0.8776525600496214,0.0066928509242848554,0.3775406687981454
366,0,1.0,0.0,0.7833333333333333,1.0,5.274812e-11,0.7844078762231572,0.2666510929987866,0.19649698234686722,0.5,20,0.4868667054192154,0.0066928509242848554,0.3775406687981454
367,0,1.0,0.0,0.7333333333333333,1.0,5.0669815e-08,0.7844078762849691,0.27572220140668163,0.4669757993287405,0.5,20,0.9820955090327902,0.0066928509242848554,0.3775406687981454
368,0,1.0,0.0,0.8833333333333333,1.0,0.00085443386,0.7844078762854648,0.2431699337067408,0.5514467667408844,0.5,20,0.9948913659965025,0.0066928509242848554,0.3775406687981454
369,0,1.0,0.0,0.8,1.0,5.7637375e-09,0.7844078762854643,0.24418303603868333,0.8399561794414736,0.5,20,0.9999322313231137,0.0066928509242848554,0.3775406687981454
370,0,1.0,0.0,0.8333333333333334,1.0,5.169834e-09,0.7844078762853653,0.22760228855343126,0.41181558093322795,0.5,20,0.9599684956488166,0.0066928509242848554,0.3775406687981454
371,0,1.0,0.0,0.7666666666666667,1.0,2.781511e-09,0.7844078762851171,0.28975763036509683,0.48874949040649124,0.5,20,0.987019510138847,0.0066928509242848554,0.3775406687981454
372,0,1.0,0.0,0.7,1.0,0.0489768,0.7844078762334502,0.31333875041526,0.4737970603022506,0.5,20,0.983808676072756,0.0066928509242848554,0.3775406687981454
373,0,1.0,0.0,0.85,1.0,5.565007e-06,0.7844078762854391,0.2483385934102809,0.4430067721156514,0.5,20,0.9745460685088065,0.0066928509242848554,0.3775406687981454
374,0,1.0,0.0,0.8166666666666667,1.0,3.397921e-06,0.7844078762853061,0.22896452263406966,0.5170213732629761,0.5,20,0.9914676423919166,0.0066928509242848554,0.3775406687981454
375,0,0.0,0.0,0.7333333333333333,0.0,0.9982457,0.7844078762645087,0.26651624562738196,0.3938732917409388,0.5,20,0.9482453687720206,0.0066928509242848554,0.3775406687981454
376,0,1.0,0.0,0.8,1.0,2.0182056e-09,0.7844078762854347,0.2533680063422999,0.5531506751080787,0.5,20,0.9950196391503419,0.0066928509242848554,0.3775406687981454
377,0,1.0,0.0,0.8666666666666667,1.0,3.3106506e-09,0.7844078762843733,0.2721857363075491,0.8803861329478028,0.5,20,0.9999630457149785,0.0066928509242848554,0.3775406687981454
378,0,1.0,0.0,0.7333333333333333,1.0,0.046056606,0.7844078762854634,0.27126489555716893,0.7019447779111645,0.5,20,0.9994631053726984,0.0066928509242848554,0.3775406687981454
379,0,1.0,0.0,0.7666666666666667,1.0,0.024572836,0.7844078762778971,0.2676800742789227,0.4420033808730464,0.5,20,0.9741700375882615,0.0066928509242848554,0.3775406687981454
380,1,0.0,0.65,0.6333333333333333,0.0,0.0020390754,0.784407876190465,0.4854654647521515,0.24001478840694526,0.5,20,0.6457070549026368,0.0066928509242848554,0.3775406687981454
381,1,0.0,1.0,0.65,0.0,0.031894248,0.7844078761209216,0.6875906040986433,0.17708699571782738,0.5,20,0.41491218194479706,0.0066928509242848554,0.3775406687981454
382,1,0.0,1.0,0.6,0.0,1.3687463e-05,0.7844056508927882,0.63542714578345,0.2756985294117647,0.5,20,0.756848416401343,0.0066928509242848554,0.3775406687981454
383,1,1.0,1.0,0.5,1.0,1.0,0.7844078761285537,0.5791674017769232,0.42820708745119085,0.5,20,0.9684189125564222,0.0066928509242848554,0.3775406687981454
384,1,0.0,1.0,0.4166666666666667,0.0,0.26465216,0.7844078760703842,0.5245356765101087,0.2948368163054696,0.5,20,0.8057382160590909,0.0066928509242848554,0.3775406687981454
385,1,1.0,1.0,0.48333333333333334,1.0,0.9980227,0.7844078753844441,0.5594470431872386,0.537181794703697,0.5,20,0.9936801940852225,0.0066928509242848554,0.3775406687981454
386,1,0.0,1.0,0.6333333333333333,0.0,1.6158628e-09,0.7844078701679883,0.6599935657794166,0.1455138260432378,0.5,20,0.30633866581004693,0.0066928509242848554,0.3775406687981454
387,1,1.0,1.0,0.5333333333333333,1.0,0.98489916,0.7844078428016836,0.6045458912087136,0.422380872576951,0.5,20,0.965633864331182,0.0066928509242848554,0.3775406687981454
388,1,0.0,1.0,0.55,0.0,2.1209441e-08,0.7844078756083851,0.6221699547027307,0.13260650665494958,0.5,20,0.26680328673324927,0.0066928509242848554,0.3775406687981454
389,1,1.0,1.0,0.55,1.0,1.0,0.7843942562097198,0.6096571480545732,0.6183246534027728,0.5,20,0.9981205029538173,0.0066928509242848554,0.3775406687981454
390,1,0.0,1.0,0.6,0.0,0.282758,0.7843980650477682,0.6319803371690559,0.22459012278746626,0.5,20,0.5911815138300343,0.0066928509242848554,0.3775406687981454
391,1,1.0,1.0,0.5166666666666667,1.0,0.9999999,0.784407809443196,0.5844792123366817,0.4620305991898532,0.5,20,0.9807434376098508,0.0066928509242848554,0.3775406687981454
392,1,1.0,1.0,0.5,1.0,0.75352514,0.7844067793588854,0.5654387719353556,0.3145898456000758,0.5,20,0.8479803512187284,0.0066928509242848554,0.3775406687981454
393,1,1.0,1.0,0.5666666666666667,1.0,0.9832139,0.7839291106402746,0.6136191010334991,0.4861600517823877,0.5,20,0.9865123418073388,0.0066928509242848554,0.3775406687981454
394,1,1.0,1.0,0.55,1.0,0.99999976,0.7843392457829155,0.5917029073856983,0.5728997138583195,0.5,20,0.9962918077767786,0.0066928509242848554,0.3775406687981454
395,1,1.0,1.0,0.55,1.0,0.999265,0.7843634189400208,0.6030256519042857,0.3059218288093091,0.5,20,0.8304510670243396,0.0066928509242848554,0.3775406687981454
396,1,0.0,1.0,0.48333333333333334,0.0,0.00016600586,0.784407874637197,0.5583226140190558,0.2629549980087615,0.5,20,0.7199724528081392,0.0066928509242848554,0.3775406687981454
397,1,0.0,1.0,0.5,0.0,6.7575485e-05,0.7844076956760926,0.5740414419020151,0.24817998994469584,0.5,20,0.6732012649735795,0.0066928509242848554,0.3775406687981454
398,1,1.0,1.0,0.48333333333333334,1.0,1.0,0.7844076990916755,0.5760837022591224,0.5134502602784033,0.5,20,0.991002353839852,0.0066928509242848554,0.3775406687981454
399,1,1.0,1.0,0.6166666666666667,1.0,0.59090257,0.7844077622898953,0.6345478712680241,0.5960840381904395,0.5,20,0.9973781781432914,0.0066928509242848554,0.3775406687981454
400,1,0.0,1.0,0.5333333333333333,0.0,1.4541305e-06,0.7844074247673063,0.598413564808032,0.6037797088532383,0.5,20,0.9976633453789439,0.0066928509242848554,0.3775406687981454
401,1,0.0,1.0,0.6166666666666667,0.0,0.072871596,0.7844078282028215,0.6578747453784014,0.23894048847609217,0.5,20,0.642011953648087,0.0066928509242848554,0.3775406687981454
402,1,1.0,1.0,0.5,1.0,0.74961454,0.784407873264898,0.5635022277550679,0.28969810146280733,0.5,20,0.7933882912930426,0.0066928509242848554,0.3775406687981454
403,1,0.0,1.0,0.5333333333333333,0.0,0.01804886,0.7844077919591891,0.5875528157672509,0.21319147355912063,0.5,20,0.5493072519775368,0.0066928509242848554,0.3775406687981454
404,1,1.0,1.0,0.6833333333333333,1.0,1.0,0.7844078762853187,0.694013150088336,0.6108742262337034,0.5,20,0.9978987373790872,0.0066928509242848554,0.3775406687981454
405,1,1.0,0.9166666666666666,0.6,1.0,0.9996358,0.7844078762840734,0.5897449410096082,0.3925487651257778,0.5,20,0.9472616012013652,0.0066928509242848554,0.3775406687981454
406,1,1.0,1.0,0.48333333333333334,0.0,0.9532063,0.784407875898195,0.5545301997586388,0.19813807445653286,0.5,20,0.4930182330340501,0.0066928509242848554,0.3775406687981454
407,1,1.0,1.0,0.43333333333333335,1.0,0.9919368,0.7844075861757019,0.5478446037705069,0.47652180275095113,0.5,20,0.9844470080403236,0.0066928509242848554,0.3775406687981454
408,1,0.0,1.0,0.5166666666666667,0.0,8.579075e-06,0.78440787625139,0.5816784586393795,0.2046103667510699,0.5,20,0.517281988296996,0.0066928509242848554,0.3775406687981454
409,1,1.0,1.0,0.55,1.0,0.8051434,0.7844078762808735,0.6142386993556005,0.28357451507734877,0.5,20,0.7779254785924765,0.0066928509242848554,0.3775406687981454
410,1,0.0,1.0,0.5833333333333334,0.0,2.897845e-10,0.7844078762760094,0.6403611959769004,0.10862785933533428,0.5,20,0.20252581408846504,0.0066928509242848554,0.3775406687981454
411,1,1.0,1.0,0.6333333333333333,1.0,0.82468677,0.7844070971112665,0.6424582517699787,0.49578873957243635,0.5,20,0.9883050131655158,0.0066928509242848554,0.3775406687981454
412,1,1.0,1.0,0.6,1.0,0.96784604,0.7844078735974002,0.6374286329624659,0.30177300549849567,0.5,20,0.8215075878230076,0.0066928509242848554,0.3775406687981454
413,0,1.0,0.2,0.8666666666666667,0.0,2.0265556e-10,0.7844073643170559,0.28933051575630664,0.1587366189719131,0.5,20,0.3500201324212928,0.0066928509242848554,0.3775406687981454
414,0,1.0,0.0,0.8333333333333334,1.0,9.4883434e-09,0.784407844485744,0.24476250287778384,0.46344487070190393,0.5,20,0.98114002177644,0.0066928509242848554,0.3775406687981454
415,0,1.0,0.0,0.85,1.0,2.1621247e-07,0.784407872090574,0.2307266964118824,0.4693883847865387,0.5,20,0.9827208710890363,0.0066928509242848554,0.3775406687981454
416,0,1.0,0.0,0.7666666666666667,1.0,2.8077784e-07,0.7844078761463992,0.31482077426447924,0.46907498922483776,0.5,20,0.9826408651989327,0.0066928509242848554,0.3775406687981454
417,0,0.0,0.0,0.8,0.0,0.96857935,0.7844078757903783,0.25832149793592557,0.37011484978079023,0.5,20,0.9276891650782881,0.0066928509242848554,0.3775406687981454
418,0,1.0,0.0,0.7666666666666667,1.0,5.255679e-07,0.7844078662848696,0.25836876389491764,0.6025455796353629,0.5,20,0.9976197904317778,0.0066928509242848554,0.3775406687981454
419,0,1.0,0.0,0.8333333333333334,1.0,4.752839e-05,0.7844078762852138,0.21145955685455695,0.4750278520499108,0.5,20,0.9841001466458933,0.0066928509242848554,0.3775406687981454
420,0,1.0,0.0,0.8833333333333333,1.0,1.9035035e-05,0.7844078762616143,0.21244184231297142,0.30776821016472433,0.5,20,0.8343150717251773,0.0066928509242848554,0.3775406687981454
421,0,1.0,0.0,0.8333333333333334,0.0,0.0012349632,0.7844075306561621,0.24822956408828817,0.1505223823686418,0.5,20,0.3225310601176187,0.0066928509242848554,0.3775406687981454
422,0,1.0,0.0,0.75,1.0,0.00027116446,0.7844078762322532,0.26145509124080446,0.47141504981715693,0.5,20,0.9832295754533902,0.0066928509242848554,0.3775406687981454
423,0,1.0,0.0,0.7333333333333333,1.0,7.974969e-06,0.7844065329554023,0.29044992778409984,0.5435594392795878,0.5,20,0.9942534449143704,0.0066928509242848554,0.3775406687981454
424,0,1.0,0.0,0.8333333333333334,1.0,0.00042438286,0.7844078762839953,0.251614898833185,0.43906658496732026,0.5,20,0.9730381077178799,0.0066928509242848554,0.3775406687981454
425,0,1.0,0.0,0.8166666666666667,0.0,1.9958331e-06,0.7844078762826145,0.27126081834484556,0.16853531732424465,0.5,20,0.3841500203309934,0.0066928509242848554,0.3775406687981454
426,0,1.0,0.0,0.7833333333333333,1.0,4.488322e-10,0.7844078762854648,0.250912124696671,0.28754276178556526,0.5,20,0.788038355458507,0.0066928509242848554,0.3775406687981454
427,0,1.0,0.0,0.8833333333333333,1.0,8.983506e-06,0.7844078762854341,0.23005520108889907,0.34669078660096064,0.5,20,0.9002819958463569,0.0066928509242848554,0.3775406687981454
428,0,1.0,0.0,0.75,1.0,1.3611913e-09,0.7844078762854635,0.24128382973684454,0.6415987933634992,0.5,20,0.9986736296813107,0.0066928509242848554,0.3775406687981454
429,0,1.0,0.0,0.8,1.0,1.7741734e-06,0.7843986514105687,0.23658622633749934,0.5139532053956335,0.5,20,0.9910693743384015,0.0066928509242848554,0.3775406687981454
430,0,1.0,0.0,0.8,1.0,3.2081264e-06,0.7844078762817588,0.253810042938423,0.4464460069742182,0.5,20,0.9757949245282329,0.0066928509242848554,0.3775406687981454
431,0,1.0,0.0,0.85,1.0,0.01326499,0.7844078762854482,0.22832086765758566,0.4828232245279064,0.5,20,0.9858298812008207,0.0066928509242848554,0.3775406687981454
432,0,1.0,0.0,0.7166666666666667,0.0,8.5657e-08,0.7844078762854637,0.2850722166763422,0.186501028746487,0.5,20,0.44955110718302754,0.0066928509242848554,0.3775406687981454
433,0,1.0,0.0,0.7666666666666667,1.0,1.8441138e-09,0.7844078762146977,0.25041545365267265,0.24904684095860566,0.5,20,0.6760554224587546,0.0066928509242848554,0.3775406687981454
434,0,1.0,0.0,0.8333333333333334,1.0,0.0003759486,0.7844078762567148,0.2515971649937329,0.508828727673466,0.5,20,0.9903627063168413,0.0066928509242848554,0.3775406687981454
435,0,1.0,0.0,0.8,1.0,1.9563422e-10,0.7844078762854572,0.28612442363253715,0.3155282473540848,0.5,20,0.8497860129273174,0.0066928509242848554,0.3775406687981454
436,0,1.0,0.0,0.8,1.0,7.4046994e-07,0.7844078762854512,0.27000366560147365,0.4046383376045453,0.5,20,0.9556201542498562,0.0066928509242848554,0.3775406687981454
437,0,1.0,0.0,0.7833333333333333,1.0,4.2174233e-11,0.7844078762840271,0.22540288304963635,0.49757515665364876,0.5,20,0.9886107117522471,0.0066928509242848554,0.3775406687981454
438,0,1.0,0.0,0.85,1.0,7.904973e-06,0.7844078762843463,0.22644004672262694,0.42375085357526093,0.5,20,0.966309321786588,0.0066928509242848554,0.3775406687981454
439,0,0.0,0.0,0.8,0.0,0.999767,0.7844078762854648,0.2506282380176333,0.569874505860665,0.5,20,0.9961203285424257,0.0066928509242848554,0.3775406687981454
440,0,1.0,0.0,0.7666666666666667,1.0,1.3023385e-06,0.7844078762532065,0.2646059328423288,0.4759603841536615,0.5,20,0.9843175416120341,0.0066928509242848554,0.3775406687981454
441,0,1.0,0.0,0.85,1.0,1.251834e-05,0.7844078762854604,0.21547095737329572,0.4496947835738069,0.5,20,0.9769196263852002,0.0066928509242848554,0.3775406687981454
442,0,1.0,0.0,0.85,1.0,2.5969414e-06,0.78440787625674,0.22661957595707052,0.20107254141966865,0.5,20,0.5040219435749491,0.0066928509242848554,0.3775406687981454
443,0,1.0,0.0,0.8166666666666667,1.0,0.00015987214,0.7844078714093226,0.250631598871306,0.2898814226545319,0.5,20,0.7938386868956862,0.0066928509242848554,0.3775406687981454
444,0,1.0,0.0,0.7166666666666667,1.0,2.1835594e-07,0.7844078762853524,0.27273183825480707,0.25997807017543856,0.5,20,0.7108818991492115,0.0066928509242848554,0.3775406687981454
445,0,1.0,0.0,0.8166666666666667,1.0,9.4146344e-08,0.7844078762854588,0.2677638310444714,0.24094541600423952,0.5,20,0.6488940084463609,0.0066928509242848554,0.3775406687981454
446,0,1.0,0.0,0.7833333333333333,1.0,1.1216075e-05,0.7844078762848049,0.23424956837700595,0.32926548397136635,0.5,20,0.874240291434787,0.0066928509242848554,0.3775406687981454
447,0,1.0,0.0,0.7333333333333333,1.0,1.756942e-05,0.7844078762816388,0.28630739383142456,0.39126883613423996,0.5,20,0.9462942015644857,0.0066928509242848554,0.3775406687981454
448,0,1.0,0.0,0.75,1.0,2.3812496e-09,0.7844078762787875,0.25755218451590156,0.6208541295306002,0.5,20,0.9981903525465989,0.0066928509242848554,0.3775406687981454
449,0,1.0,0.0,0.8666666666666667,1.0,1.0694938e-05,0.7844078762811012,0.19915644897379534,0.6456431125909484,0.5,20,0.9987516041409994,0.0066928509242848554,0.3775406687981454
450,0,1.0,0.0,0.7833333333333333,1.0,4.2090023e-06,0.7844078762816932,0.27042053995071863,0.6030216162311105,0.5,20,0.9976366858746284,0.0066928509242848554,0.3775406687981454
451,0,1.0,0.0,0.75,1.0,1.7108118e-08,0.78440787610751,0.2658426299610952,0.1957224082044742,0.5,20,0.48396453189531546,0.0066928509242848554,0.3775406687981454
452,0,1.0,0.0,0.7333333333333333,1.0,3.2549997e-05,0.7844078762769409,0.28419153181173407,0.559358029445639,0.5,20,0.9954604180778388,0.0066928509242848554,0.3775406687981454
453,0,1.0,0.0,0.8833333333333333,1.0,2.4491724e-06,0.7844078762854435,0.23349631020503933,0.19388381402339527,0.5,20,0.47708037604170056,0.0066928509242848554,0.3775406687981454
454,0,1.0,0.0,0.8,1.0,7.173279e-09,0.784407876285455,0.28699733560644763,0.42472398869457695,0.5,20,0.9667813158746495,0.0066928509242848554,0.3775406687981454
455,0,1.0,0.0,0.8,1.0,9.978125e-09,0.7844078762388549,0.23744318726626681,0.47140989729225025,0.5,20,0.9832283009923334,0.0066928509242848554,0.3775406687981454
456,0,1.0,0.0,0.85,1.0,6.2576386e-05,0.7844078762854643,0.22888676166079477,0.5177438276110004,0.5,20,0.991558830487264,0.0066928509242848554,0.3775406687981454
457,0,1.0,0.0,0.8333333333333334,1.0,1.8174927e-07,0.784407876280246,0.2701336289214672,0.7057102007469656,0.5,20,0.9994925744541695,0.0066928509242848554,0.3775406687981454
458,0,1.0,0.0,0.8666666666666667,1.0,3.0134433e-06,0.784407876285336,0.21072982310729893,0.3503676470588235,0.5,20,0.9051251619482211,0.0066928509242848554,0.3775406687981454
459,0,1.0,0.0,0.7833333333333333,1.0,2.861285e-05,0.7844078762679345,0.2546759145908196,0.3619392156862745,0.5,20,0.9190187021406047,0.0066928509242848554,0.3775406687981454
460,0,1.0,0.0,0.8833333333333333,1.0,0.01048442,0.7844078762811826,0.21284030881504956,0.4164190120492641,0.5,20,0.9625393961895528,0.0066928509242848554,0.3775406687981454
461,0,1.0,0.0,0.8166666666666667,1.0,1.9154482e-08,0.7844078762708411,0.2514615870055201,0.5406758764111705,0.5,20,0.9940009566019147,0.0066928509242848554,0.3775406687981454
462,0,1.0,0.0,0.8166666666666667,1.0,4.5623302e-08,0.7844078759976004,0.2382239792680935,0.4783040027605245,0.5,20,0.984851062719839,0.0066928509242848554,0.3775406687981454
463,0,1.0,0.0,0.7833333333333333,1.0,8.179077e-05,0.7844078749579028,0.2829435440040874,0.32423722519310755,0.5,20,0.8657111670903817,0.0066928509242848554,0.3775406687981454
464,1,0.0,0.65,0.6,0.0,3.698533e-05,0.784404130712372,0.5021848551739688,0.2208898944193062,0.5,20,0.5777023604453423,0.0066928509242848554,0.3775406687981454
465,0,1.0,0.48333333333333334,0.6333333333333333,0.0,5.1401923e-07,0.7844078762846686,0.386800178925763,0.1484127789046653,0.5,20,0.3156558673042466,0.0066928509242848554,0.3775406687981454
466,0,1.0,0.0,0.8,1.0,5.5678782e-08,0.7844078728058382,0.2542450468005432,0.43032370605900017,0.5,20,0.9693756152836726,0.0066928509242848554,0.3775406687981454
467,0,1.0,0.0,0.8333333333333334,1.0,1.1244961e-10,0.7844078762854465,0.2367832529855982,0.6093513281744493,0.5,20,0.9978502891782142,0.0066928509242848554,0.3775406687981454
468,0,1.0,0.0,0.8333333333333334,0.0,4.2293276e-08,0.7844078762830741,0.22469769608057757,0.1279140749160641,0.5,20,0.25326218629473346,0.0066928509242848554,0.3775406687981454
469,0,1.0,0.0,0.8,1.0,3.5713515e-10,0.7844078588618966,0.247832519246762,0.3943795092264577,0.5,20,0.948616750554422,0.0066928509242848554,0.3775406687981454
470,0,1.0,0.0,0.8666666666666667,1.0,0.1322111,0.7844078614520157,0.2295799247594813,0.46559167526659784,0.5,20,0.981726756455257,0.0066928509242848554,0.3775406687981454
471,1,1.0,0.9833333333333333,0.6166666666666667,1.0,0.8435695,0.7844078700225113,0.6118863180094475,0.3248374013007896,0.5,20,0.8667543307500116,0.0066928509242848554,0.3775406687981454
472,1,0.0,1.0,0.45,0.0,2.7407914e-09,0.7844078762832777,0.5331345454766464,0.16247994924465514,0.5,20,0.36289966558100784,0.0066928509242848554,0.3775406687981454
473,1,1.0,1.0,0.5166666666666667,1.0,0.9999924,0.7844078733784967,0.5970660036763343,0.5677608567551642,0.5,20,0.9959958543219475,0.0066928509242848554,0.3775406687981454
474,1,0.0,1.0,0.5166666666666667,0.0,7.1707376e-08,0.7844078347004003,0.5845402887296584,0.2273719637108575,0.5,20,0.601226813304066,0.0066928509242848554,0.3775406687981454
475,1,1.0,1.0,0.6166666666666667,1.0,1.0,0.7844065687715586,0.6398681993485618,0.5025753523701539,0.5,20,0.9894249899989964,0.0066928509242848554,0.3775406687981454
476,1,1.0,1.0,0.6166666666666667,1.0,1.0,0.7844078762264226,0.6305444281103881,0.688526972978246,0.5,20,0.9993434825785406,0.0066928509242848554,0.3775406687981454
477,1,1.0,1.0,0.5666666666666667,1.0,1.0,0.7844078292718284,0.6117243969183709,0.5355290736984449,0.5,20,0.9935225902899552,0.0066928509242848554,0.3775406687981454
478,1,1.0,1.0,0.6,1.0,0.9999949,0.7844078762314558,0.6350691529552884,0.2581659125188537,0.5,20,0.705263278159739,0.0066928509242848554,0.3775406687981454
479,1,1.0,1.0,0.5166666666666667,1.0,0.99999964,0.784407876009504,0.5723621207438347,0.48115938574011163,0.5,20,0.985476979931782,0.0066928509242848554,0.3775406687981454
480,1,1.0,1.0,0.6333333333333333,1.0,1.0,0.784407869529751,0.6542974822598986,0.3908392374652047,0.5,20,0.9459657655092639,0.0066928509242848554,0.3775406687981454
481,1,1.0,1.0,0.55,1.0,0.9991241,0.7844078750665008,0.5982616433731789,0.5144204973081978,0.5,20,0.9911312003710816,0.0066928509242848554,0.3775406687981454
482,1,1.0,1.0,0.45,1.0,0.9999999,0.7844037793041185,0.5244957155961097,0.5015637235128017,0.5,20,0.9892650322932601,0.0066928509242848554,0.3775406687981454
483,1,0.0,1.0,0.6666666666666666,0.0,0.115479864,0.7844078100739152,0.6714275784584764,0.31853706021415656,0.5,20,0.8554566433039539,0.0066928509242848554,0.3775406687981454
484,1,1.0,1.0,0.5333333333333333,1.0,0.99998856,0.7844071555006118,0.5631678461488323,0.5142994697879152,0.5,20,0.9911152283947517,0.0066928509242848554,0.3775406687981454
485,1,1.0,1.0,0.4666666666666667,1.0,0.99999726,0.7844063119931637,0.5476323336634603,0.4470855008670135,0.5,20,0.9760204583724553,0.0066928509242848554,0.3775406687981454
486,1,1.0,1.0,0.6,1.0,1.0,0.7844077769291037,0.6020806613715802,0.6034263725890192,0.5,20,0.9976509572984578,0.0066928509242848554,0.3775406687981454
487,1,0.0,1.0,0.55,0.0,0.16981764,0.7843949601432639,0.5763291915114886,0.12143875184482396,0.5,20,0.2353366332772994,0.0066928509242848554,0.3775406687981454
488,1,0.0,1.0,0.5166666666666667,0.0,1.3771081e-06,0.7844069622689838,0.5790862305187022,0.1326821796256629,0.5,20,0.26702539189607294,0.0066928509242848554,0.3775406687981454
489,1,0.0,1.0,0.5333333333333333,0.0,0.006241011,0.7844078600252866,0.5644211060272042,0.20161657559198543,0.5,20,0.5060618614435423,0.0066928509242848554,0.3775406687981454
490,1,1.0,1.0,0.5666666666666667,0.0,0.99991417,0.7844078036175635,0.6081544860756359,0.1593977470402459,0.5,20,0.3522796339720135,0.0066928509242848554,0.3775406687981454
491,1,1.0,1.0,0.55,1.0,0.99037606,0.7844077959249983,0.6049551862745003,0.5490543300653595,0.5,20,0.9947056937151911,0.0066928509242848554,0.3775406687981454
492,1,1.0,1.0,0.43333333333333335,1.0,0.999977,0.7844071793547612,0.517358876660397,0.7611007193575104,0.5,20,0.999778863842965,0.0066928509242848554,0.3775406687981454
493,1,0.0,1.0,0.5166666666666667,0.0,1.9775321e-09,0.7844078551282183,0.5944848291750381,0.18479438723846345,0.5,20,0.44322487053592124,0.0066928509242848554,0.3775406687981454
494,1,0.0,1.0,0.55,0.0,7.652405e-05,0.7844078904788776,0.5994830018138828,0.18220285645122244,0.5,20,0.4336542614401039,0.0066928509242848554,0.3775406687981454
495,1,0.0,1.0,0.5666666666666667,0.0,3.6499903e-05,0.7844084009283052,0.606357553618172,0.26941120126211404,0.5,20,0.7390753132429551,0.0066928509242848554,0.3775406687981454
496,1,1.0,1.0,0.4666666666666667,1.0,0.99999964,0.7844079066452686,0.5567462990748241,0.4947644512350395,0.5,20,0.988126090160709,0.0066928509242848554,0.3775406687981454
497,1,1.0,1.0,0.5,0.0,0.6681621,0.7844078687365259,0.5583907530211565,0.12567826270293064,0.5,20,0.24697225708872464,0.0066928509242848554,0.3775406687981454
498,1,1.0,1.0,0.5333333333333333,1.0,0.9193262,0.7844078762826666,0.5838455081114625,0.5053898376554923,0.5,20,0.9898577117090707,0.0066928509242848554,0.3775406687981454
499,1,1.0,1.0,0.6166666666666667,1.0,0.9999677,0.7844078888643258,0.6392278861338138,0.5177818278308475,0.5,20,0.9915636000305741,0.0066928509242848554,0.3775406687981454
500,1,1.0,1.0,0.5166666666666667,0.0,0.53002536,0.7844078762900217,0.5655254569496134,0.1974241141932099,0.5,20,0.49034162979024853,0.0066928509242848554,0.3775406687981454
501,1,1.0,1.0,0.4666666666666667,1.0,1.0,0.7844081894291723,0.5333152626726252,0.5600895875591616,0.5,20,0.9955097378205559,0.0066928509242848554,0.3775406687981454
502,1,1.0,1.0,0.5333333333333333,1.0,0.99999726,0.7844078762901454,0.5881400255798415,0.31700095204475676,0.5,20,0.8525841338132483,0.0066928509242848554,0.3775406687981454
503,1,1.0,1.0,0.55,1.0,0.99999464,0.7844078964263937,0.6111054297014741,0.23175800234623764,0.5,20,0.6168903458558571,0.0066928509242848554,0.3775406687981454
504,1,0.0,1.0,0.6,0.0,1.3112544e-05,0.7844078761997918,0.6281377479930617,0.24345696724941104,0.5,20,0.657428250210072,0.0066928509242848554,0.3775406687981454
505,1,1.0,1.0,0.5166666666666667,1.0,0.9987251,0.784482336524855,0.5875321043145217,0.3250735419615875,0.5,20,0.8671628823198786,0.0066928509242848554,0.3775406687981454
506,1,0.0,1.0,0.5833333333333334,0.0,0.03906914,0.7844089004035968,0.6150214475642594,0.31774263827394755,0.5,20,0.8539769322023536,0.0066928509242848554,0.3775406687981454
507,1,0.0,1.0,0.5333333333333333,0.0,0.022774665,0.7844078778664065,0.5960822140064143,0.5308354866494401,0.5,20,0.9930534013241323,0.0066928509242848554,0.3775406687981454
508,1,1.0,1.0,0.6166666666666667,1.0,0.9999759,0.784407876333135,0.6524737644206261,0.5304467756601551,0.5,20,0.99301306354563,0.0066928509242848554,0.3775406687981454
509,1,1.0,1.0,0.5333333333333333,1.0,0.9999975,0.7844078762857097,0.5912592532831868,0.4307482196858843,0.5,20,0.9695640863949778,0.0066928509242848554,0.3775406687981454
510,1,0.0,1.0,0.5333333333333333,0.0,0.00022162314,0.7844078762869842,0.5924218775088617,0.2216495412267471,0.5,20,0.580479749534127,0.0066928509242848554,0.3775406687981454
511,1,1.0,1.0,0.65,1.0,0.79708135,0.784407900305388,0.6700326569465667,0.5711509966305363,0.5,20,0.9961936272782257,0.0066928509242848554,0.3775406687981454
512,1,0.0,1.0,0.5333333333333333,0.0,1.6323704e-06,0.7844078762535136,0.5732282144578764,0.23307974800880907,0.5,20,0.6215650133100816,0.0066928509242848554,0.3775406687981454
513,1,0.0,1.0,0.48333333333333334,0.0,6.807799e-13,0.7844077319599052,0.5601969860392361,0.11425950683303625,0.5,20,0.21651240290368526,0.0066928509242848554,0.3775406687981454
514,1,0.0,1.0,0.6,0.0,0.22793911,0.784407546806018,0.6297986766873119,0.3338332459734212,0.5,20,0.8815821468584599,0.0066928509242848554,0.3775406687981454
515,1,1.0,1.0,0.5333333333333333,1.0,0.9959716,0.7844077707077077,0.5880165914512662,0.26559940098131496,0.5,20,0.7278994027220309,0.0066928509242848554,0.3775406687981454
516,1,0.0,1.0,0.6166666666666667,0.0,0.008704787,0.7844073129111939,0.6402463419726573,0.4017039097921451,0.5,20,0.9537155163222132,0.0066928509242848554,0.3775406687981454
517,1,0.0,1.0,0.5666666666666667,0.0,0.01457188,0.784401830871173,0.5984873551191989,0.2051191229179844,0.5,20,0.5191872841657187,0.0066928509242848554,0.3775406687981454
518,1,1.0,1.0,0.55,1.0,0.9999676,0.7844078759969866,0.5933631562308468,0.43866714081922115,0.5,20,0.9728804704499145,0.0066928509242848554,0.3775406687981454
519,1,1.0,1.0,0.5,1.0,0.9995902,0.7844128253080087,0.5831919743008162,0.5010761626678581,0.5,20,0.9891870872834347,0.0066928509242848554,0.3775406687981454
520,1,1.0,1.0,0.5666666666666667,1.0,0.9999999,0.784407876399296,0.6001813280485656,0.43262013821922213,0.5,20,0.9703818433479453,0.0066928509242848554,0.3775406687981454
521,1,0.0,1.0,0.6,0.0,0.32219604,0.7844078816197438,0.6253642932234027,0.31247987117552334,0.5,20,0.8438553230142565,0.0066928509242848554,0.3775406687981454
522,1,1.0,1.0,0.45,1.0,0.99999964,0.7844080289781623,0.5434721688716052,0.5664286629684554,0.5,20,0.9959153651565635,0.0066928509242848554,0.3775406687981454
523,1,1.0,1.0,0.45,1.0,0.99671173,0.7844078762854849,0.5226563141783183,0.40102984176126594,0.5,20,0.95326714021131,0.0066928509242848554,0.3775406687981454
524,1,1.0,1.0,0.5,1.0,0.9974406,0.7844078762854761,0.5728630850003359,0.6648007667817802,0.5,20,0.999063113886615,0.0066928509242848554,0.3775406687981454
525,1,1.0,1.0,0.5666666666666667,1.0,0.9270402,0.7844078762854664,0.597308703339279,0.2871105443080575,0.5,20,0.7869534085971922,0.0066928509242848554,0.3775406687981454
526,1,1.0,1.0,0.5666666666666667,1.0,0.98527414,0.7844078762854648,0.593662761325334,0.33218570090408683,0.5,20,0.8789777863849702,0.0066928509242848554,0.3775406687981454
527,1,0.0,1.0,0.6166666666666667,0.0,0.4614557,0.784407876285465,0.6263533581780867,0.12507695551338815,0.5,20,0.24529864870339446,0.0066928509242848554,0.3775406687981454
528,1,0.0,1.0,0.55,0.0,0.05948096,0.784407876286463,0.596456077473033,0.310645076744148,0.5,20,0.840194525413013,0.0066928509242848554,0.3775406687981454
529,1,1.0,1.0,0.5,1.0,0.989603,0.7844078762854648,0.5845574728090867,0.32372621019031844,0.5,20,0.8648175430459488,0.0066928509242848554,0.3775406687981454
530,1,0.0,1.0,0.5666666666666667,0.0,0.04832101,0.7844078762854761,0.6164593738773558,0.21873750790638838,0.5,20,0.5698067197695394,0.0066928509242848554,0.3775406687981454
531,1,1.0,1.0,0.43333333333333335,1.0,0.9999186,0.7844078762868999,0.5384809628697443,0.2873436956481939,0.5,20,0.7875391645686711,0.0066928509242848554,0.3775406687981454
532,1,1.0,1.0,0.48333333333333334,1.0,0.9999851,0.7844078762854756,0.5330286505203242,0.4210655314757482,0.5,20,0.9649730690578177,0.0066928509242848554,0.3775406687981454
533,1,0.0,1.0,0.6,0.0,4.076514e-09,0.7844078762854659,0.617298229266128,0.0982194015555766,0.5,20,0.17847571215662142,0.0066928509242848554,0.3775406687981454
534,1,1.0,1.0,0.48333333333333334,1.0,0.9999993,0.7844078762953638,0.5563070593700747,0.626460283813225,0.5,20,0.9983360642993693,0.0066928509242848554,0.3775406687981454
535,1,0.0,1.0,0.5833333333333334,0.0,0.10071182,0.7844078763416036,0.5982104473046325,0.18640775754746344,0.5,20,0.4492049254321995,0.0066928509242848554,0.3775406687981454
536,1,1.0,1.0,0.6,1.0,1.0,0.7844078762854648,0.624193464783621,0.3979524453459545,0.5,20,0.9511671552422375,0.0066928509242848554,0.3775406687981454
537,1,1.0,1.0,0.65,0.0,0.504009,0.7844078762854648,0.6524674036674585,0.17935374821187972,0.5,20,0.42318948623141706,0.0066928509242848554,0.3775406687981454
538,1,0.0,1.0,0.6166666666666667,0.0,0.055591043,0.7844078762854648,0.6279228750137472,0.22780343805270323,0.5,20,0.6027775018293091,0.0066928509242848554,0.3775406687981454
539,1,1.0,1.0,0.5666666666666667,1.0,0.98533046,0.7844078762855073,0.6021750722649062,0.35071292106586227,0.5,20,0.9055689785914087,0.0066928509242848554,0.3775406687981454
540,1,0.0,1.0,0.5833333333333334,0.0,0.0044559417,0.7844078762854648,0.6202577968661073,0.3115990193670197,0.5,20,0.8421064408075507,0.0066928509242848554,0.3775406687981454
541,1,1.0,1.0,0.55,1.0,0.9440624,0.784407950210706,0.5991308906800946,0.4043393133780508,0.5,20,0.9554295395296558,0.0066928509242848554,0.3775406687981454
542,1,1.0,1.0,0.5,1.0,0.99991643,0.7844078762854688,0.5550500480852746,0.3131104017834524,0.5,20,0.8450974879791247,0.0066928509242848554,0.3775406687981454
543,1,1.0,1.0,0.55,1.0,0.97971374,0.7844078762854648,0.6226712812767011,0.30198719218327064,0.5,20,0.8219782034283591,0.0066928509242848554,0.3775406687981454
544,1,0.0,1.0,0.55,0.0,1.385946e-06,0.7844078762854648,0.6027695701125855,0.08214511415641317,0.5,20,0.1458132332705968,0.0066928509242848554,0.3775406687981454
545,1,1.0,1.0,0.5666666666666667,1.0,0.99998987,0.7844078768121514,0.6202019538226349,0.4092822856333138,0.5,20,0.958482420610258,0.0066928509242848554,0.3775406687981454
546,1,1.0,1.0,0.55,1.0,1.0,0.7844078762857428,0.5934201937407704,0.4288592921445308,0.5,20,0.9687167480364337,0.0066928509242848554,0.3775406687981454
547,1,1.0,1.0,0.36666666666666664,1.0,0.99999976,0.784407876285465,0.49706623269522826,0.5473559120617943,0.5,20,0.9945698235727258,0.0066928509242848554,0.3775406687981454
548,1,1.0,1.0,0.5333333333333333,1.0,0.98008794,0.7844078762854648,0.5751830986155462,0.31758315729392533,0.5,20,0.8536783695591511,0.0066928509242848554,0.3775406687981454
549,1,1.0,1.0,0.55,1.0,0.9967443,0.7844078762854809,0.5956074884406506,0.3285299304907148,0.5,20,0.873022226640571,0.0066928509242848554,0.3775406687981454
550,1,1.0,1.0,0.5166666666666667,1.0,0.99533194,0.7844078763544056,0.5780641957928706,0.5290277144449511,0.5,20,0.9928638187330737,0.0066928509242848554,0.3775406687981454
551,1,1.0,1.0,0.5,1.0,0.99907184,0.7844078763696871,0.5401819761304162,0.6276305717482188,0.5,20,0.9983649713355385,0.0066928509242848554,0.3775406687981454
552,1,1.0,1.0,0.5833333333333334,1.0,0.88665634,0.7844079611300278,0.6358311206661106,0.3107741820132308,0.5,20,0.8404543741237235,0.0066928509242848554,0.3775406687981454
553,1,1.0,1.0,0.55,1.0,0.9617709,0.7844078762854649,0.596858825228045,0.2961215392244075,0.5,20,0.8087368083683844,0.0066928509242848554,0.3775406687981454
554,1,1.0,1.0,0.5166666666666667,1.0,0.99941504,0.7844078762909735,0.5845985277694726,0.5244229055258467,0.5,20,0.9923573857238982,0.0066928509242848554,0.3775406687981454
555,1,1.0,1.0,0.48333333333333334,1.0,0.72940636,0.784407876285465,0.5480394881494086,0.4368087805297558,0.5,20,0.9721352287689388,0.0066928509242848554,0.3775406687981454
556,1,0.0,1.0,0.6166666666666667,0.0,0.3513362,0.7844078762854871,0.626169077614309,0.3075328368526898,0.5,20,0.8338264485811303,0.0066928509242848554,0.3775406687981454
557,1,1.0,1.0,0.5666666666666667,1.0,0.8392767,0.7844078764793341,0.6046194630305661,0.3187482745035999,0.5,20,0.8558479538214906,0.0066928509242848554,0.3775406687981454
558,1,0.0,1.0,0.6,0.0,5.6002003e-09,0.7844078762857927,0.6143733552632604,0.11828731492597039,0.5,20,0.2269366182292208,0.0066928509242848554,0.3775406687981454
559,1,1.0,1.0,0.55,1.0,0.9975284,0.7844078908604991,0.601014246640615,0.5510331253713606,0.5,20,0.994859733761205,0.0066928509242848554,0.3775406687981454
560,1,1.0,1.0,0.45,1.0,0.9385111,0.7844078829694253,0.5321400778757499,0.3349766573295985,0.5,20,0.8833609592193077,0.0066928509242848554,0.3775406687981454
561,1,1.0,1.0,0.5,1.0,0.82639974,0.7844078762867176,0.5604845884313062,0.27790439408086465,0.5,20,0.7628856996228458,0.0066928509242848554,0.3775406687981454
562,1,1.0,1.0,0.4666666666666667,1.0,0.98125345,0.7844078762858566,0.5303894787175131,0.6549168918365675,0.5,20,0.9989135506940386,0.0066928509242848554,0.3775406687981454
563,1,1.0,1.0,0.5833333333333334,1.0,0.99953353,0.7844078765436755,0.615584271512703,0.4283787068546427,0.5,20,0.968497549092195,0.0066928509242848554,0.3775406687981454
564,1,1.0,1.0,0.6,1.0,0.9999999,0.78440849933337,0.622138959565853,0.6062875629178874,0.5,20,0.9977494182977256,0.0066928509242848554,0.3775406687981454
565,1,0.0,1.0,0.5166666666666667,0.0,0.0025765698,0.7844078764918779,0.605368150431903,0.20173722519310755,0.5,20,0.5065142258605086,0.0066928509242848554,0.3775406687981454
566,1,1.0,1.0,0.5,1.0,0.6468838,0.7844078762868413,0.5679738465990064,0.6662962352697069,0.5,20,0.9990838771364815,0.0066928509242848554,0.3775406687981454
567,1,0.0,1.0,0.55,0.0,0.10287836,0.7844078889877731,0.577589858633517,0.2697139808304274,0.5,20,0.7399501955657787,0.0066928509242848554,0.3775406687981454
568,1,1.0,1.0,0.5333333333333333,1.0,1.0,0.7844078763133219,0.5914669453326014,0.5553453489139765,0.5,20,0.9951801464740497,0.0066928509242848554,0.3775406687981454
569,1,0.0,1.0,0.5666666666666667,0.0,6.340193e-07,0.7844078762889947,0.5976715316162561,0.13037753697970414,0.5,20,0.2603140446465091,0.0066928509242848554,0.3775406687981454
570,1,0.0,1.0,0.5166666666666667,0.0,3.5595298e-07,0.7844078763943675,0.566225539322543,0.08020501647952628,0.5,20,0.1422258251768111,0.0066928509242848554,0.3775406687981454
571,1,1.0,1.0,0.5333333333333333,1.0,0.9998926,0.7844078687360605,0.5882334601407924,0.29032706653926726,0.5,20,0.7949305415222369,0.0066928509242848554,0.3775406687981454
572,1,1.0,1.0,0.5333333333333333,1.0,0.9999999,0.7844075619745681,0.5729946275944937,0.34697701876449505,0.5,20,0.9006667784504224,0.0066928509242848554,0.3775406687981454
573,1,0.0,1.0,0.6833333333333333,0.0,0.0013038259,0.7844078761625597,0.6762371085278535,0.19000361362493715,0.5,20,0.4625836298371345,0.0066928509242848554,0.3775406687981454
574,1,1.0,1.0,0.4666666666666667,1.0,0.7986241,0.7844078733924397,0.5439631001915314,0.4021538190439575,0.5,20,0.9540125057912966,0.0066928509242848554,0.3775406687981454
575,1,1.0,1.0,0.5666666666666667,1.0,0.9998802,0.7844078771217281,0.6213569129331685,0.5525478366308816,0.5,20,0.9949746269658909,0.0066928509242848554,0.3775406687981454
576,1,1.0,1.0,0.4666666666666667,1.0,0.9980301,0.7844078764969313,0.5276228872213966,0.3675705585264409,0.5,20,0.9250868635439501,0.0066928509242848554,0.3775406687981454
577,1,1.0,1.0,0.5833333333333334,1.0,1.0,0.7844078629189767,0.6029524758519007,0.4824820018097329,0.5,20,0.9857582033465183,0.0066928509242848554,0.3775406687981454
578,1,0.0,1.0,0.48333333333333334,0.0,1.0059158e-05,0.7844081006041167,0.5311997895297124,0.1929809605001421,0.5,20,0.47370288946728023,0.0066928509242848554,0.3775406687981454
579,1,1.0,1.0,0.4166666666666667,1.0,1.0,0.7844078762883041,0.5267154324348955,0.503408470029537,0.5,20,0.989554949336652,0.0066928509242848554,0.3775406687981454
580,1,0.0,1.0,0.55,0.0,2.3599428e-05,0.7844079606388736,0.5977140342456706,0.11563905829890483,0.5,20,0.22004328878225862,0.0066928509242848554,0.3775406687981454
581,1,1.0,1.0,0.5333333333333333,1.0,1.0,0.7844078763450263,0.5917816192331316,0.6086440587163827,0.5,20,0.9978274112128968,0.0066928509242848554,0.3775406687981454
582,1,1.0,1.0,0.55,1.0,0.99995196,0.7844138119706042,0.5842562934527593,0.34324484251862614,0.5,20,0.8955446747405373,0.0066928509242848554,0.3775406687981454
583,1,0.0,1.0,0.4666666666666667,0.0,4.1495664e-08,0.7844078762855167,0.5483044956581904,0.1322302664655606,0.5,20,0.2657007430865642,0.0066928509242848554,0.3775406687981454
584,1,0.0,1.0,0.6666666666666666,0.0,0.29313755,0.7844078762855153,0.6788699549075157,0.25236575250255144,0.5,20,0.6868613282535494,0.0066928509242848554,0.3775406687981454
585,0,1.0,0.2,0.8333333333333334,1.0,5.814178e-08,0.7844078761552655,0.23385902045303605,0.4764512802816496,0.5,20,0.9844308030924618,0.0066928509242848554,0.3775406687981454
586,0,1.0,0.0,0.7166666666666667,1.0,0.000121030585,0.7843908129824383,0.2856630236933778,0.517426698882332,0.5,20,0.9915189221312444,0.0066928509242848554,0.3775406687981454
587,0,1.0,0.0,0.7833333333333333,1.0,8.632515e-09,0.7844078762792203,0.28283728446402817,0.7839315616053584,0.5,20,0.9998429789142503,0.0066928509242848554,0.3775406687981454
588,0,1.0,0.0,0.7166666666666667,1.0,9.794206e-07,0.7844078762839021,0.29853323708342255,0.47007575086644116,0.5,20,0.9828950804111599,0.0066928509242848554,0.3775406687981454
589,0,1.0,0.0,0.85,1.0,2.5440093e-05,0.7844078762843609,0.2378241670812981,0.45843873249014006,0.5,20,0.979699114393318,0.0066928509242848554,0.3775406687981454
590,0,1.0,0.0,0.8166666666666667,1.0,3.7767396e-07,0.7844078762850164,0.24297487635095513,0.40915944835618984,0.5,20,0.9584090360776228,0.0066928509242848554,0.3775406687981454
591,0,1.0,0.0,0.8166666666666667,1.0,0.17123543,0.7844078751579934,0.23488559848837282,0.346760707829231,0.5,20,0.9003761132898592,0.0066928509242848554,0.3775406687981454
592,0,1.0,0.0,0.75,1.0,0.12939073,0.7844078567982466,0.2952250382528314,0.30746010031919746,0.5,20,0.8336752180102945,0.0066928509242848554,0.3775406687981454
593,0,1.0,0.0,0.7666666666666667,1.0,3.3477563e-06,0.7844078762852796,0.266882538931944,0.47955999003645117,0.5,20,0.9851295898089993,0.0066928509242848554,0.3775406687981454
594,0,1.0,0.0,0.8166666666666667,1.0,2.8931657e-07,0.7844078762854648,0.25843494825045904,0.3329333333333333,0.5,20,0.8801656757429104,0.0066928509242848554,0.3775406687981454
595,0,1.0,0.0,0.75,1.0,3.4372913e-08,0.7844078761591526,0.24549811842044264,0.4381344579873992,0.5,20,0.9726688569668479,0.0066928509242848554,0.3775406687981454
596,0,1.0,0.0,0.8,1.0,6.127049e-08,0.7844078762685107,0.2675371243526347,0.458838125821048,0.5,20,0.9798179241684091,0.0066928509242848554,0.3775406687981454
597,0,1.0,0.0,0.85,1.0,0.00015518274,0.7844078749126606,0.23857211963489655,0.33755587705167533,0.5,20,0.8872884429297669,0.0066928509242848554,0.3775406687981454
598,0,1.0,0.0,0.7833333333333333,1.0,0.0027378153,0.7844078762426083,0.2757762722380973,0.41588216726084376,0.5,20,0.9622479545783035,0.0066928509242848554,0.3775406687981454
599,0,1.0,0.0,0.7833333333333333,1.0,4.680649e-07,0.7844078762785505,0.25836193621511666,0.7758758699161176,0.5,20,0.9998228148363014,0.0066928509242848554,0.3775406687981454
600,0,1.0,0.0,0.8,1.0,0.011892184,0.7844078762854642,0.25410400249038645,0.4136563356525406,0.5,20,0.9610161978921933,0.0066928509242848554,0.3775406687981454
601,0,1.0,0.0,0.7166666666666667,1.0,0.0057975906,0.7844078762344295,0.32831574589322693,0.34588518099547516,0.5,20,0.899191895775184,0.0066928509242848554,0.3775406687981454
602,0,1.0,0.0,0.8666666666666667,1.0,4.5643133e-05,0.7844078762853963,0.24293083739362348,0.7097603759710464,0.5,20,0.9995224698619773,0.0066928509242848554,0.3775406687981454
603,0,1.0,0.0,0.8333333333333334,1.0,7.3882895e-09,0.784407876285462,0.27289632298129846,0.19381772911184678,0.5,20,0.4768330839871678,0.0066928509242848554,0.3775406687981454
604,0,1.0,0.0,0.75,1.0,4.5048548e-11,0.7844078762854648,0.2859022135432794,0.46984729175358086,0.5,20,0.9828373709797991,0.0066928509242848554,0.3775406687981454
605,0,1.0,0.0,0.8666666666666667,1.0,1.382567e-08,0.7844078762846531,0.22329657580900714,0.25546218487394956,0.5,20,0.6967634493701288,0.0066928509242848554,0.3775406687981454
606,1,1.0,0.7833333333333333,0.4666666666666667,0.0,0.5702819,0.7844078762785881,0.5026709488970466,0.23990884072927415,0.5,20,0.6453434068870469,0.0066928509242848554,0.3775406687981454
607,1,1.0,1.0,0.6166666666666667,1.0,0.9585882,0.784407876283574,0.6853345207482098,0.4958541165004013,0.5,20,0.9883163423475124,0.0066928509242848554,0.3775406687981454
608,1,0.0,1.0,0.5833333333333334,0.0,0.00043458823,0.7844078568998647,0.6533485287938079,0.28187737781679834,0.5,20,0.7734964858926249,0.0066928509242848554,0.3775406687981454
609,1,0.0,1.0,0.5666666666666667,0.0,1.2851883e-09,0.7844078762021988,0.659403418460392,0.10325267695730775,0.5,20,0.18981543942611376,0.0066928509242848554,0.3775406687981454
610,1,0.0,1.0,0.6666666666666666,0.0,0.01915819,0.7844077387005568,0.7172796883746434,0.22674127512640274,0.5,20,0.59895651265386,0.0066928509242848554,0.3775406687981454
611,1,0.0,1.0,0.55,0.0,0.006432432,0.7844078762674346,0.6265746538940266,0.2449879354370183,0.5,20,0.6625813797348745,0.0066928509242848554,0.3775406687981454
612,1,0.0,1.0,0.5833333333333334,0.0,1.7771064e-06,0.7844078762853575,0.6639622265863238,0.23430811650164432,0.5,20,0.6258892934545037,0.0066928509242848554,0.3775406687981454
613,0,1.0,0.0,0.8,1.0,0.06089013,0.7844078761899155,0.2649942885202391,0.3947874681153494,0.5,20,0.9489142101926453,0.0066928509242848554,0.3775406687981454
614,0,1.0,0.0,0.8,0.0,3.3745235e-07,0.784407846467774,0.25314185336444933,0.16328737745098038,0.5,20,0.365704492042864,0.0066928509242848554,0.3775406687981454
615,0,1.0,0.0,0.7833333333333333,1.0,5.0225412e-06,0.7844078762814495,0.2513982730397194,0.2944523828424757,0.5,20,0.8048340276678952,0.0066928509242848554,0.3775406687981454
616,0,1.0,0.0,0.7833333333333333,1.0,7.1312625e-06,0.7844078762851344,0.2503521143700876,0.38438016594294033,0.5,20,0.9407940655973237,0.0066928509242848554,0.3775406687981454
617,0,1.0,0.0,0.8333333333333334,1.0,0.001150448,0.7844078748246025,0.21838747005591574,0.4021913816031463,0.5,20,0.9540372190009392,0.0066928509242848554,0.3775406687981454
618,0,1.0,0.0,0.8333333333333334,1.0,3.0138654e-06,0.7844078762714599,0.19904782547025202,0.4320877896613191,0.5,20,0.9701514764682245,0.0066928509242848554,0.3775406687981454
619,0,1.0,0.0,0.8,1.0,1.3535808e-07,0.7844078762854478,0.2601974762774406,0.7685630670178519,0.5,20,0.999802277049648,0.0066928509242848554,0.3775406687981454
620,1,0.0,0.9166666666666666,0.6666666666666666,0.0,0.13014124,0.7844078331224125,0.6609301981069032,0.1951064186358304,0.5,20,0.48165730517712285,0.0066928509242848554,0.3775406687981454
621,1,1.0,1.0,0.55,1.0,0.99990416,0.7844077033479121,0.6414962053249733,0.7042847657218742,0.5,20,0.9994816137858998,0.0066928509242848554,0.3775406687981454
622,1,1.0,1.0,0.5,1.0,0.9999907,0.7844078551669569,0.6057459533314522,0.4951725719527577,0.5,20,0.9881977026600847,0.0066928509242848554,0.3775406687981454
623,1,1.0,1.0,0.6166666666666667,1.0,0.9189817,0.7844077192504983,0.6836529118045346,0.24342091503267974,0.5,20,0.6573064466155643,0.0066928509242848554,0.3775406687981454
624,1,1.0,1.0,0.5666666666666667,1.0,0.9999958,0.7844068575071254,0.6523179768162995,0.48262350824270334,0.5,20,0.9857879717061317,0.0066928509242848554,0.3775406687981454
625,1,1.0,1.0,0.5333333333333333,1.0,0.99609584,0.784407588709634,0.6321138028360811,0.34085913232395354,0.5,20,0.8921494301758401,0.0066928509242848554,0.3775406687981454
626,1,1.0,1.0,0.5166666666666667,1.0,1.0,0.7844075388747623,0.5999179395972025,0.27305729383952165,0.5,20,0.7494834796448042,0.0066928509242848554,0.3775406687981454
627,1,1.0,1.0,0.5833333333333334,1.0,0.9999989,0.7844070529805627,0.656500834909873,0.4050956965820976,0.5,20,0.955910197316571,0.0066928509242848554,0.3775406687981454
628,1,1.0,1.0,0.38333333333333336,1.0,0.9984823,0.7844076151726701,0.5275391491337176,0.461232322594452,0.5,20,0.9805159902787909,0.0066928509242848554,0.3775406687981454
629,1,1.0,1.0,0.43333333333333335,0.0,0.9990864,0.784407857449484,0.5473999083677569,0.16052592384772316,0.5,20,0.35615060697891593,0.0066928509242848554,0.3775406687981454
630,1,0.0,1.0,0.55,0.0,0.00013548254,0.7843426773203355,0.6504559254515101,0.1984955983200057,0.5,20,0.4943587330877336,0.0066928509242848554,0.3775406687981454
631,1,0.0,1.0,0.5833333333333334,0.0,4.7494865e-05,0.7844076163206883,0.6430831704283576,0.114065184602269,0.5,20,0.21601835435558833,0.0066928509242848554,0.3775406687981454
632,1,1.0,1.0,0.55,1.0,0.95921606,0.7844078739300423,0.6278990018522551,0.2381715112945763,0.5,20,0.6393565930184043,0.0066928509242848554,0.3775406687981454
633,1,0.0,1.0,0.65,0.0,0.04787014,0.7844077647024498,0.7032458979027312,0.32698985042735046,0.5,20,0.8704392128097905,0.0066928509242848554,0.3775406687981454
634,1,0.0,1.0,0.5666666666666667,0.0,1.6271306e-08,0.7843759043659435,0.6458849594066333,0.0916867754225247,0.5,20,0.16455792655964335,0.0066928509242848554,0.3775406687981454
635,1,0.0,1.0,0.65,0.0,0.00021098644,0.784403538351995,0.691082351243835,0.2789323566248829,0.5,20,0.7656636233989615,0.0066928509242848554,0.3775406687981454
636,1,1.0,1.0,0.6333333333333333,1.0,1.0,0.784407841699992,0.6912473338368474,0.46142482842626314,0.5,20,0.9805710793799832,0.0066928509242848554,0.3775406687981454
637,1,1.0,1.0,0.55,1.0,0.9999901,0.784407677426928,0.624302631823555,0.4005251295920667,0.5,20,0.9529287149309591,0.0066928509242848554,0.3775406687981454
638,1,1.0,1.0,0.6166666666666667,1.0,1.0,0.7844078227361416,0.6900826091119084,0.4981760225457704,0.5,20,0.988711748513155,0.0066928509242848554,0.3775406687981454
639,1,1.0,1.0,0.5166666666666667,1.0,0.9991035,0.7844078592718162,0.6135225407187236,0.5505531526336025,0.5,20,0.9948227846942546,0.0066928509242848554,0.3775406687981454
640,1,0.0,1.0,0.5,0.0,1.0950721e-05,0.7844078633081114,0.6135006112821139,0.2393672141221161,0.5,20,0.6434817445895304,0.0066928509242848554,0.3775406687981454
641,1,1.0,1.0,0.5666666666666667,1.0,0.997279,0.7843461551862553,0.6534620048439159,0.29108279477368293,0.5,20,0.7967723008593022,0.0066928509242848554,0.3775406687981454
642,1,1.0,1.0,0.6166666666666667,1.0,0.9995772,0.7844077777455014,0.6755948897733375,0.41956249568706316,0.5,20,0.964202988712171,0.0066928509242848554,0.3775406687981454
643,1,1.0,1.0,0.4,1.0,0.89066195,0.7844078694697093,0.5354641357926724,0.2800764203117144,0.5,20,0.768728641955873,0.0066928509242848554,0.3775406687981454
644,1,1.0,1.0,0.6833333333333333,1.0,0.9999919,0.7844049405374786,0.7320303592213883,0.6776480962755473,0.5,20,0.999227203295624,0.0066928509242848554,0.3775406687981454
645,1,1.0,1.0,0.55,1.0,0.9999999,0.7844078213202358,0.6199417596221697,0.5937241754939524,0.5,20,0.9972839654868915,0.0066928509242848554,0.3775406687981454
646,0,1.0,0.31666666666666665,0.6833333333333333,1.0,3.1171665e-05,0.7844070147967136,0.407895317996655,0.3030600118835413,0.5,20,0.8243208012016184,0.0066928509242848554,0.3775406687981454
647,0,1.0,0.0,0.7,0.0,6.0346735e-11,0.7844078754328184,0.3026369752590734,0.1951585027139552,0.5,20,0.4818523603965953,0.0066928509242848554,0.3775406687981454
648,0,1.0,0.0,0.8333333333333334,1.0,3.707507e-08,0.7844078758147496,0.20400423637795656,0.4440072249222576,0.5,20,0.9749156882746868,0.0066928509242848554,0.3775406687981454
649,0,1.0,0.0,0.8166666666666667,1.0,9.231848e-06,0.7844078762854544,0.2612525637374234,0.30484105763517527,0.5,20,0.8281562007487235,0.0066928509242848554,0.3775406687981454
650,0,1.0,0.0,0.8666666666666667,1.0,3.021435e-07,0.7844078762852512,0.24221343388683964,0.6842078877005348,0.5,20,0.9992995720054081,0.0066928509242848554,0.3775406687981454
651,0,1.0,0.0,0.7833333333333333,1.0,2.2359202e-08,0.7844078762825305,0.24506262562027073,0.23533496732026143,0.5,20,0.6294888284718927,0.0066928509242848554,0.3775406687981454
652,0,1.0,0.0,0.7333333333333333,1.0,1.3776781e-06,0.7844078762746459,0.2932693671343453,0.39734083800607634,0.5,20,0.9507392663039481,0.0066928509242848554,0.3775406687981454
653,0,1.0,0.0,0.7666666666666667,1.0,7.9653904e-07,0.7844078762025487,0.2786813299840417,0.3675720755028901,0.5,20,0.9250884404520759,0.0066928509242848554,0.3775406687981454
654,0,1.0,0.0,0.8166666666666667,1.0,0.01057641,0.7844078762847484,0.2630913323264817,0.33463429816370993,0.5,20,0.8828307952068307,0.0066928509242848554,0.3775406687981454
655,0,1.0,0.0,0.8,1.0,5.0848487e-10,0.7844078640465084,0.2522818027655394,0.20189170519156172,0.5,20,0.5070934185220727,0.0066928509242848554,0.3775406687981454
656,0,1.0,0.0,0.75,1.0,4.8489948e-08,0.7844078538064452,0.24675756974726157,0.49318950354057545,0.5,20,0.987845688693245,0.0066928509242848554,0.3775406687981454
657,0,1.0,0.0,0.7833333333333333,1.0,3.217472e-08,0.7844078762849276,0.251657309699208,0.4400426046961995,0.5,20,0.9734195466925063,0.0066928509242848554,0.3775406687981454
658,0,1.0,0.0,0.7666666666666667,1.0,1.9464204e-09,0.784407876285431,0.2959228692784592,0.8375206651287966,0.5,20,0.9999297099474708,0.0066928509242848554,0.3775406687981454
659,0,1.0,0.0,0.9,1.0,0.00027981133,0.7844078762852774,0.24147476225707906,0.21743134388258226,0.5,20,0.564997654857975,0.0066928509242848554,0.3775406687981454
660,0,1.0,0.0,0.8666666666666667,0.0,5.4596e-09,0.7844078762854519,0.24257970132544412,0.17599531799899448,0.5,20,0.4109425653414093,0.0066928509242848554,0.3775406687981454
661,0,1.0,0.0,0.85,1.0,2.3372927e-07,0.7844078760369521,0.22691269180781423,0.4380968755528644,0.5,20,0.9726538665157912,0.0066928509242848554,0.3775406687981454
662,0,1.0,0.0,0.7,1.0,0.0024552552,0.7844078762800781,0.29009287691885155,0.702853046594982,0.5,20,0.9994703665914061,0.0066928509242848554,0.3775406687981454
663,0,1.0,0.0,0.8666666666666667,1.0,1.4019433e-09,0.7844078762845049,0.21708000535165792,0.35599686595949853,0.5,20,0.9121323174867506,0.0066928509242848554,0.3775406687981454
664,0,1.0,0.0,0.9166666666666666,1.0,7.6101236e-07,0.7844077477904066,0.22093919774226112,0.47032719190962774,0.5,20,0.9829583747480714,0.0066928509242848554,0.3775406687981454
665,0,1.0,0.0,0.7666666666666667,1.0,2.7955188e-10,0.784407876259482,0.2475788604359502,0.28249784190405725,0.5,20,0.7751229107867382,0.0066928509242848554,0.3775406687981454
666,0,1.0,0.0,0.7666666666666667,1.0,6.078557e-08,0.7844078762450943,0.2421932352856733,0.29079447094152977,0.5,20,0.7960710942111183,0.0066928509242848554,0.3775406687981454
667,0,1.0,0.0,0.7166666666666667,1.0,6.881496e-09,0.784407849598194,0.2511746181800687,0.5530975364504777,0.5,20,0.9950156876168093,0.0066928509242848554,0.3775406687981454
668,0,1.0,0.31666666666666665,0.7333333333333333,1.0,1.3097548e-08,0.7844078715315591,0.39009214268257525,0.29166402053398954,0.5,20,0.79818038389378,0.0066928509242848554,0.3775406687981454
669,1,1.0,1.0,0.5,1.0,0.99999905,0.7844071587190002,0.572436021853432,0.45809704600794565,0.5,20,0.9795969275756437,0.0066928509242848554,0.3775406687981454
670,1,0.0,1.0,0.5833333333333334,0.0,0.11530841,0.7844077365781268,0.6333973303683376,0.3192791676057396,0.5,20,0.8568276344844556,0.0066928509242848554,0.3775406687981454
671,1,0.0,1.0,0.38333333333333336,0.0,5.5607513e-10,0.7844078755515522,0.4964250715322164,0.13451738183195985,0.5,20,0.27244768907766825,0.0066928509242848554,0.3775406687981454
672,1,1.0,1.0,0.6,1.0,0.9999894,0.78440786305739,0.6463241947640292,0.4974401412335871,0.5,20,0.9885878859343872,0.0066928509242848554,0.3775406687981454
673,1,1.0,1.0,0.5666666666666667,1.0,0.9993197,0.7844078753820866,0.6138969881248886,0.6169945680975093,0.5,20,0.9980827006299554,0.0066928509242848554,0.3775406687981454
674,1,1.0,1.0,0.5333333333333333,1.0,0.99959224,0.7844078720300345,0.6097403034627448,0.7235812843655981,0.5,20,0.999611845652723,0.0066928509242848554,0.3775406687981454
675,1,1.0,1.0,0.6,1.0,1.0,0.7844078588381932,0.6668222991708406,0.5020388377433521,0.5,20,0.9893404527537909,0.0066928509242848554,0.3775406687981454
676,1,0.0,1.0,0.6,0.0,0.057070937,0.7844077013723368,0.6464368047771516,0.2390157216039569,0.5,20,0.642271277447736,0.0066928509242848554,0.3775406687981454
677,1,1.0,1.0,0.6333333333333333,1.0,0.969059,0.784407150333837,0.644998993985348,0.6008351785158508,0.5,20,0.9975580846775787,0.0066928509242848554,0.3775406687981454
678,1,1.0,1.0,0.5833333333333334,1.0,1.0,0.7844078610782753,0.6363143467498958,0.5394694659008386,0.5,20,0.9938920778684407,0.0066928509242848554,0.3775406687981454
679,1,1.0,1.0,0.5333333333333333,1.0,0.98914075,0.7844078698756629,0.6064670442016701,0.39344618505838547,0.5,20,0.9479300534645592,0.0066928509242848554,0.3775406687981454
680,1,0.0,1.0,0.5166666666666667,0.0,0.46526316,0.7843961802672201,0.5804195988104037,0.2430078431372549,0.5,20,0.6559093937255166,0.0066928509242848554,0.3775406687981454
681,1,0.0,1.0,0.5666666666666667,0.0,0.03997233,0.784407254648008,0.5977781713195758,0.17596983408748115,0.5,20,0.4108500356045277,0.0066928509242848554,0.3775406687981454
682,1,1.0,1.0,0.5333333333333333,1.0,0.9999989,0.7844065199419182,0.5966324958347814,0.36880559124567835,0.5,20,0.926360634216183,0.0066928509242848554,0.3775406687981454
683,1,1.0,1.0,0.5333333333333333,1.0,1.0,0.7844075438685999,0.5936415397569866,0.625946788971999,0.5,20,0.9983232200511554,0.0066928509242848554,0.3775406687981454
684,1,1.0,1.0,0.55,1.0,0.9972657,0.7844073827086172,0.5953945648943175,0.4006062951496388,0.5,20,0.9529832957479729,0.0066928509242848554,0.3775406687981454
685,1,1.0,1.0,0.48333333333333334,1.0,0.82204956,0.7844076038568236,0.5598724331996576,0.3383432407653861,0.5,20,0.8884641874074595,0.0066928509242848554,0.3775406687981454
686,1,0.0,1.0,0.43333333333333335,0.0,0.016307985,0.7844078719301246,0.5327665021799581,0.2581046833147674,0.5,20,0.705072329222945,0.0066928509242848554,0.3775406687981454
687,1,0.0,1.0,0.5666666666666667,0.0,9.251418e-08,0.7844078192059697,0.6152390347665214,0.14591000502765208,0.5,20,0.30760290957620534,0.0066928509242848554,0.3775406687981454
688,1,1.0,1.0,0.45,1.0,0.9998461,0.7844074837835598,0.543544860230645,0.6494395956580831,0.5,20,0.9988206289627787,0.0066928509242848554,0.3775406687981454
689,1,1.0,1.0,0.5,1.0,0.9999912,0.7844068911369658,0.5784791640693356,0.22130998268253171,0.5,20,0.5792388887898253,0.0066928509242848554,0.3775406687981454
690,1,1.0,1.0,0.48333333333333334,1.0,0.99973327,0.7844074460333823,0.5650100788210887,0.5002245684598626,0.5,20,0.9890496003264321,0.0066928509242848554,0.3775406687981454
691,1,1.0,1.0,0.6166666666666667,1.0,0.9986332,0.7844077103483619,0.6376527801108404,0.3004848414042876,0.5,20,0.8186566576478208,0.0066928509242848554,0.3775406687981454
692,1,1.0,1.0,0.48333333333333334,1.0,0.9999491,0.7843948500904944,0.5617447028444654,0.49792791512740364,0.5,20,0.9886701366185657,0.0066928509242848554,0.3775406687981454
693,1,1.0,1.0,0.55,1.0,0.9627831,0.7844076119746267,0.60324103485215,0.41070143033058637,0.5,20,0.9593213005317182,0.0066928509242848554,0.3775406687981454
694,0,1.0,0.23333333333333334,0.6333333333333333,1.0,0.005114246,0.7844078242092337,0.3273802322711366,0.4355989089787694,0.5,20,0.9716393929650756,0.0066928509242848554,0.3775406687981454
695,1,0.0,0.8666666666666667,0.5666666666666667,0.0,0.07645834,0.7844078751975503,0.5427739830874583,0.18840680319333566,0.5,20,0.4566347391914456,0.0066928509242848554,0.3775406687981454
696,1,1.0,1.0,0.5666666666666667,1.0,0.77845657,0.7844078392252865,0.5967172960614859,0.4077483748693696,0.5,20,0.9575570964427638,0.0066928509242848554,0.3775406687981454
697,1,1.0,1.0,0.6,1.0,1.0,0.7844048204070375,0.6324688504245878,0.5270840832307158,0.5,20,0.9926542554473302,0.0066928509242848554,0.3775406687981454
698,1,1.0,1.0,0.5833333333333334,1.0,0.9862,0.7844078516945111,0.6179229882441487,0.5699463440105151,0.5,20,0.9961244907237345,0.0066928509242848554,0.3775406687981454
699,1,1.0,1.0,0.6166666666666667,1.0,0.99998593,0.7844078684769246,0.6368560785456204,0.43114017464909465,0.5,20,0.969737104571033,0.0066928509242848554,0.3775406687981454
700,1,1.0,1.0,0.48333333333333334,1.0,0.99974877,0.7844078586616892,0.5511741135824906,0.5449830453290662,0.5,20,0.99437417340294,0.0066928509242848554,0.3775406687981454
701,1,1.0,1.0,0.5666666666666667,1.0,0.99381024,0.7844038219113988,0.605669395042635,0.2754291365669075,0.5,20,0.7561040037935605,0.0066928509242848554,0.3775406687981454
702,1,0.0,1.0,0.5,0.0,0.038416523,0.7844078511890946,0.5694781872238972,0.3321026440879382,0.5,20,0.8788451952235832,0.0066928509242848554,0.3775406687981454
703,1,1.0,1.0,0.6833333333333333,1.0,0.99976593,0.7844069166372432,0.6737926997946253,0.31657647527350247,0.5,20,0.8517820841495475,0.0066928509242848554,0.3775406687981454
704,1,0.0,1.0,0.55,0.0,0.0787102,0.7844054260370567,0.593395706280114,0.3183001840582977,0.5,20,0.8550167400820696,0.0066928509242848554,0.3775406687981454
705,1,0.0,1.0,0.5666666666666667,0.0,1.0816393e-05,0.7844078349654691,0.6029554237511918,0.2011055428512734,0.5,20,0.5041456906870835,0.0066928509242848554,0.3775406687981454
706,1,0.0,1.0,0.48333333333333334,0.0,9.09341e-05,0.7844070557656199,0.5538006509219185,0.2186850118835413,0.5,20,0.5696136862626152,0.0066928509242848554,0.3775406687981454
707,1,1.0,1.0,0.5666666666666667,1.0,0.9997745,0.7844044211976366,0.6222168327171679,0.5291959264325885,0.5,20,0.992881673894591,0.0066928509242848554,0.3775406687981454
708,1,0.0,1.0,0.45,0.0,1.0330664e-06,0.7844070477834019,0.5408985543691899,0.11017917511832319,0.5,20,0.20631011324256152,0.0066928509242848554,0.3775406687981454
709,1,1.0,1.0,0.4666666666666667,1.0,1.0,0.7844078355081385,0.5527792700537106,0.5656483995307524,0.5,20,0.9958674766534218,0.0066928509242848554,0.3775406687981454
710,1,1.0,1.0,0.6666666666666666,1.0,0.99999976,0.784407779199214,0.6669380937413467,0.3893470968634367,0.5,20,0.9448102284596551,0.0066928509242848554,0.3775406687981454
711,1,1.0,1.0,0.5833333333333334,1.0,0.8048215,0.7843702098456019,0.6050259208613579,0.48899071705977076,0.5,20,0.9870657874634515,0.0066928509242848554,0.3775406687981454
712,1,1.0,1.0,0.6333333333333333,1.0,0.99809974,0.7844076956139698,0.6386689107520318,0.3725418372477196,0.5,20,0.9300935698888532,0.0066928509242848554,0.3775406687981454
713,1,1.0,1.0,0.5666666666666667,1.0,0.9999738,0.7844078513474744,0.6117396617203105,0.3562384295281899,0.5,20,0.9124222928963105,0.0066928509242848554,0.3775406687981454
714,1,1.0,1.0,0.55,1.0,0.99852437,0.7844078706012738,0.6033486553553522,0.39196320503510046,0.5,20,0.9468210805481595,0.0066928509242848554,0.3775406687981454
715,1,1.0,1.0,0.55,1.0,1.0,0.7844078733346495,0.5939669391379231,0.6344512356649857,0.5,20,0.9985237436397437,0.0066928509242848554,0.3775406687981454
716,1,0.0,1.0,0.5,0.0,5.0254016e-06,0.7844056997867169,0.5551513460599115,0.10478768711785791,0.5,20,0.19338168764237765,0.0066928509242848554,0.3775406687981454
717,1,1.0,1.0,0.55,1.0,0.99999774,0.7844072313209066,0.5886176842057924,0.5698626760910498,0.5,20,0.9961196427186572,0.0066928509242848554,0.3775406687981454
718,1,1.0,1.0,0.6166666666666667,1.0,1.0,0.7844078591725874,0.6384485544849804,0.5237224931124713,0.5,20,0.9922772910801861,0.0066928509242848554,0.3775406687981454
719,1,1.0,1.0,0.6,1.0,0.9898046,0.7844003386659644,0.6409129496917517,0.5557469955724226,0.5,20,0.9952089586424321,0.0066928509242848554,0.3775406687981454
720,1,0.0,1.0,0.6,0.0,0.083750874,0.7844078675864876,0.6145806989242804,0.35219738959413555,0.5,20,0.907455997555621,0.0066928509242848554,0.3775406687981454
721,1,1.0,1.0,0.6666666666666666,1.0,0.7422874,0.7844080378882282,0.6691442035619708,0.4367937306501548,0.5,20,0.972129112976503,0.0066928509242848554,0.3775406687981454
722,1,1.0,1.0,0.43333333333333335,1.0,0.99999654,0.7844078762922654,0.520125040268413,0.44083233293317325,0.5,20,0.9737243344806146,0.0066928509242848554,0.3775406687981454
723,1,0.0,1.0,0.6,0.0,0.4561336,0.7844082789716272,0.6192617236391261,0.39582669219715527,0.5,20,0.9496646057476157,0.0066928509242848554,0.3775406687981454
724,1,0.0,1.0,0.45,0.0,0.09957384,0.7844078807461444,0.5565470377971925,0.39456793253699946,0.5,20,0.9487543407984034,0.0066928509242848554,0.3775406687981454
725,1,1.0,1.0,0.5333333333333333,1.0,0.9975649,0.7844078764144672,0.5782115322160649,0.28552160338652716,0.5,20,0.7829301088900148,0.0066928509242848554,0.3775406687981454
726,1,1.0,1.0,0.5666666666666667,1.0,0.85168755,0.7844078762860425,0.6181171976181754,0.30202580663805684,0.5,20,0.8220629444408828,0.0066928509242848554,0.3775406687981454
727,1,1.0,1.0,0.45,1.0,0.99988604,0.7844078734469584,0.5256170467875232,0.3329072830103927,0.5,20,0.8801244551205691,0.0066928509242848554,0.3775406687981454
728,1,1.0,1.0,0.4666666666666667,1.0,0.98464566,0.7844078762644665,0.5335352255283516,0.2530593977470402,0.5,20,0.6890948335302509,0.0066928509242848554,0.3775406687981454
729,1,1.0,1.0,0.4666666666666667,1.0,0.9944149,0.784404124165585,0.5249167055195161,0.23065694653929947,0.5,20,0.6129795873035717,0.0066928509242848554,0.3775406687981454
730,1,0.0,1.0,0.45,0.0,4.1604538e-09,0.7844073627928998,0.5432751689917393,0.10231956612432207,0.5,20,0.18767229470368396,0.0066928509242848554,0.3775406687981454
731,1,1.0,1.0,0.4666666666666667,1.0,1.0,0.7843991168016817,0.5433194373940128,0.6043586665435404,0.5,20,0.9976835030790809,0.0066928509242848554,0.3775406687981454
732,1,1.0,1.0,0.5333333333333333,1.0,0.99999714,0.7844078351630575,0.5864917745903726,0.4372684102787909,0.5,20,0.9723213810906379,0.0066928509242848554,0.3775406687981454
733,1,0.0,1.0,0.5833333333333334,0.0,0.0038834247,0.7844076152511058,0.6248353924233456,0.2289680677235433,0.5,20,0.6069527269355758,0.0066928509242848554,0.3775406687981454
734,1,1.0,1.0,0.65,1.0,0.98649526,0.7844069996951103,0.6562863047518351,0.5424319870398302,0.5,20,0.9941560067597159,0.0066928509242848554,0.3775406687981454
735,1,0.0,1.0,0.4666666666666667,0.0,0.0001558747,0.7844077554785965,0.5284204010929774,0.136897191308956,0.5,20,0.2795807589046518,0.0066928509242848554,0.3775406687981454
736,1,0.0,1.0,0.5666666666666667,0.0,0.117375165,0.7844043075714889,0.5965325606632885,0.3169761992847453,0.5,20,0.8525374621564615,0.0066928509242848554,0.3775406687981454
737,1,0.0,1.0,0.5166666666666667,0.0,0.01839748,0.7844077913624817,0.5947199709465126,0.7358472112615256,0.5,20,0.999677055851718,0.0066928509242848554,0.3775406687981454
738,1,0.0,1.0,0.6166666666666667,0.0,0.0016007831,0.7843673597410531,0.6180997066999444,0.45706876953680026,0.5,20,0.9792863571845805,0.0066928509242848554,0.3775406687981454
739,1,0.0,1.0,0.6,0.0,2.660279e-09,0.7844053774011746,0.6199296827290789,0.1855213982756223,0.5,20,0.44591765057521254,0.0066928509242848554,0.3775406687981454
740,1,0.0,1.0,0.5333333333333333,0.0,0.012428811,0.784407728637433,0.5848637543068537,0.24650221378874132,0.5,20,0.6676406256417415,0.0066928509242848554,0.3775406687981454
741,1,0.0,1.0,0.6666666666666666,0.0,0.0013704462,0.7844076751944912,0.6860738191956156,0.3168260057646247,0.5,20,0.8522540082054615,0.0066928509242848554,0.3775406687981454
742,1,1.0,1.0,0.6,1.0,1.0,0.7842619309655804,0.6105543565760738,0.4922351736393482,0.5,20,0.9876726093192731,0.0066928509242848554,0.3775406687981454
743,1,1.0,1.0,0.55,1.0,0.99996734,0.7844078430836492,0.6123656834693139,0.37799626339931347,0.5,20,0.9352296362980627,0.0066928509242848554,0.3775406687981454
744,1,1.0,1.0,0.43333333333333335,1.0,0.99991405,0.7844078613496731,0.5486538716662612,0.4465404167364952,0.5,20,0.9758283502319685,0.0066928509242848554,0.3775406687981454
745,1,0.0,1.0,0.5666666666666667,0.0,0.38203204,0.7844078744902653,0.6174063980471524,0.16229011501241322,0.5,20,0.3622415678648944,0.0066928509242848554,0.3775406687981454
746,1,1.0,1.0,0.4666666666666667,1.0,0.9999988,0.7844079552134822,0.5444645039902379,0.4410142351514249,0.5,20,0.9737940545384923,0.0066928509242848554,0.3775406687981454
747,1,1.0,1.0,0.4666666666666667,0.0,0.9563156,0.7844078789585733,0.5519769053733292,0.163639301874596,0.5,20,0.366929868638645,0.0066928509242848554,0.3775406687981454
748,1,1.0,1.0,0.5666666666666667,1.0,0.9999919,0.7844078762739831,0.6107043079765099,0.5776748713669865,0.5,20,0.9965472415045705,0.0066928509242848554,0.3775406687981454
749,1,1.0,1.0,0.5666666666666667,1.0,1.0,0.7844072752988621,0.5924812497356465,0.5227253864508766,0.5,20,0.9921618296613339,0.0066928509242848554,0.3775406687981454
750,1,1.0,1.0,0.5833333333333334,1.0,0.99999464,0.784407840148956,0.6401125858082936,0.33671110556923706,0.5,20,0.8860149559515499,0.0066928509242848554,0.3775406687981454
751,1,1.0,1.0,0.6,1.0,1.0,0.7844200601676924,0.6237261918331974,0.49675653889395643,0.5,20,0.9884716196894924,0.0066928509242848554,0.3775406687981454
752,1,0.0,1.0,0.48333333333333334,0.0,4.3491375e-09,0.7844083259942646,0.5529243284622931,0.2480544414735591,0.5,20,0.6727868174686725,0.0066928509242848554,0.3775406687981454
753,1,1.0,1.0,0.5666666666666667,1.0,1.0,0.7844078846427287,0.6139219925568583,0.45680078673932933,0.5,20,0.9792046610894483,0.0066928509242848554,0.3775406687981454
754,1,0.0,1.0,0.5833333333333334,0.0,2.0258085e-07,0.7844078762859896,0.6223608791339685,0.210752212855083,0.5,20,0.5402336220128828,0.0066928509242848554,0.3775406687981454
755,1,0.0,1.0,0.5666666666666667,0.0,5.469511e-13,0.7844078763123971,0.6201986882932923,0.088203306313848,0.5,20,0.157499707897295,0.0066928509242848554,0.3775406687981454
756,1,0.0,1.0,0.5833333333333334,0.0,0.0021475663,0.7844078767414558,0.6336777421712821,0.19993378052975574,0.5,20,0.4997516770070009,0.0066928509242848554,0.3775406687981454
757,1,1.0,1.0,0.7333333333333333,1.0,0.9866262,0.7844078762967934,0.7066168798852934,0.22398898455871175,0.5,20,0.5890004355545975,0.0066928509242848554,0.3775406687981454
758,1,0.0,1.0,0.55,0.0,4.9793425e-07,0.7844078762997059,0.5941008982172008,0.17901047673971549,0.5,20,0.4219330966711634,0.0066928509242848554,0.3775406687981454
759,1,0.0,1.0,0.5333333333333333,0.0,0.015447177,0.7844078753996266,0.5879415768911368,0.314404385410078,0.5,20,0.8476213897657482,0.0066928509242848554,0.3775406687981454
760,1,1.0,1.0,0.7666666666666667,1.0,0.98931843,0.7844707438923423,0.716742260501855,0.310373722138428,0.5,20,0.8396472560441747,0.0066928509242848554,0.3775406687981454
761,1,1.0,1.0,0.4666666666666667,1.0,0.99999857,0.7844086282831775,0.528562092540976,0.5670815485935129,0.5,20,0.9959550108916987,0.0066928509242848554,0.3775406687981454
762,1,1.0,1.0,0.4666666666666667,1.0,0.9999963,0.7844087317204692,0.5573992947528728,0.3407977207977208,0.5,20,0.892060763979669,0.0066928509242848554,0.3775406687981454
763,1,0.0,1.0,0.5166666666666667,0.0,0.2237772,0.7844079208074587,0.5602158810442065,0.16010681962239057,0.5,20,0.3547103589622644,0.0066928509242848554,0.3775406687981454
764,1,1.0,1.0,0.5,1.0,0.9990307,0.7844079112875904,0.5579472808493849,0.40685300317055456,0.5,20,0.9570078909097164,0.0066928509242848554,0.3775406687981454
765,1,1.0,1.0,0.5166666666666667,1.0,0.99966085,0.7844078764568029,0.5767541882457181,0.3320118646597997,0.5,20,0.8787001325235148,0.0066928509242848554,0.3775406687981454
766,1,0.0,1.0,0.5166666666666667,0.0,7.358836e-10,0.7844078762628224,0.569167663350641,0.18387120106258467,0.5,20,0.43981029869973715,0.0066928509242848554,0.3775406687981454
767,1,1.0,1.0,0.55,1.0,0.9999801,0.7844078945366227,0.6199460334397574,0.4337498016461127,0.5,20,0.9708649943028033,0.0066928509242848554,0.3775406687981454
768,1,1.0,1.0,0.65,1.0,0.9980769,0.784407876724288,0.6572805473270049,0.4231461929501145,0.5,20,0.9660127931956995,0.0066928509242848554,0.3775406687981454
769,1,1.0,1.0,0.5833333333333334,1.0,0.9421748,0.7844078498472911,0.5889514992956878,0.24627439004308396,0.5,20,0.6668818919219739,0.0066928509242848554,0.3775406687981454
770,1,0.0,1.0,0.6333333333333333,0.0,0.01067102,0.7844285781791499,0.6572256054112504,0.3032654600301659,0.5,20,0.8247666379870048,0.0066928509242848554,0.3775406687981454
771,1,1.0,1.0,0.5666666666666667,1.0,0.99983406,0.7844070172903412,0.6270851264385111,0.4628335069937798,0.5,20,0.9809695782540709,0.0066928509242848554,0.3775406687981454
772,1,1.0,1.0,0.6,1.0,0.999985,0.7844078717838409,0.6283178131070453,0.33295967443581204,0.5,20,0.880207344028335,0.0066928509242848554,0.3775406687981454
773,1,1.0,1.0,0.43333333333333335,1.0,0.9582596,0.7844068613953462,0.5313056742977444,0.3563773713557718,0.5,20,0.9125886879583655,0.0066928509242848554,0.3775406687981454
774,1,1.0,1.0,0.55,1.0,0.99954957,0.7844078669648745,0.6042406124246958,0.3360377678716779,0.5,20,0.8849909418602219,0.0066928509242848554,0.3775406687981454
775,1,1.0,1.0,0.5166666666666667,1.0,0.84602886,0.784404304802043,0.5851968032295533,0.4123718139738165,0.5,20,0.9602879000542038,0.0066928509242848554,0.3775406687981454
776,1,0.0,1.0,0.4666666666666667,0.0,8.682785e-08,0.7844078636628099,0.5444259794402958,0.17102962397080046,0.5,20,0.39303901301547456,0.0066928509242848554,0.3775406687981454
777,1,1.0,1.0,0.5,1.0,0.82543385,0.784407873366328,0.5810430249120875,0.40088077628712304,0.5,20,0.9531674286528345,0.0066928509242848554,0.3775406687981454
778,1,1.0,1.0,0.5333333333333333,1.0,0.9876151,0.7844079333786188,0.5923418418255794,0.2623500682324212,0.5,20,0.7181393889364915,0.0066928509242848554,0.3775406687981454
779,1,1.0,1.0,0.6,1.0,0.99995697,0.7844078762858815,0.6245323213824655,0.566796301854075,0.5,20,0.9959377369705684,0.0066928509242848554,0.3775406687981454
780,1,1.0,1.0,0.5333333333333333,1.0,0.9999999,0.784407876285475,0.5866738003349659,0.433147404632948,0.5,20,0.9706083114884348,0.0066928509242848554,0.3775406687981454
781,1,1.0,1.0,0.65,1.0,0.994997,0.7844078762859918,0.6545939324563008,0.5253634992458522,0.5,20,0.9924636506089447,0.0066928509242848554,0.3775406687981454
782,1,1.0,1.0,0.5166666666666667,1.0,0.99999166,0.7844078762877781,0.5737858935907773,0.446695646812184,0.5,20,0.9758832114883711,0.0066928509242848554,0.3775406687981454
783,1,0.0,1.0,0.55,0.0,0.06926957,0.7844078762984118,0.612314816399605,0.5310968137254902,0.5,20,0.9930803899867856,0.0066928509242848554,0.3775406687981454
784,1,0.0,1.0,0.55,0.0,0.001972713,0.784407876286232,0.5968431323828516,0.17341839677047288,0.5,20,0.4016189395258215,0.0066928509242848554,0.3775406687981454
785,1,0.0,1.0,0.6,0.0,2.9256134e-10,0.7844078762983419,0.6233243583516247,0.08213860053825452,0.5,20,0.14580106445514432,0.0066928509242848554,0.3775406687981454
786,1,1.0,1.0,0.6,1.0,0.8315353,0.7844078762854649,0.6351133762840047,0.26160429983959393,0.5,20,0.7158695507437828,0.0066928509242848554,0.3775406687981454
787,1,0.0,1.0,0.6666666666666666,0.0,0.017419267,0.7844078762855188,0.6771541406456525,0.2795483115869782,0.5,20,0.7673172984249179,0.0066928509242848554,0.3775406687981454
788,1,1.0,1.0,0.5666666666666667,1.0,0.99999845,0.7844078762854648,0.590043974092029,0.4929368502754768,0.5,20,0.9878001019254569,0.0066928509242848554,0.3775406687981454
789,1,1.0,1.0,0.6166666666666667,1.0,0.9304341,0.7844078762854648,0.6256240364259081,0.5948465333845956,0.5,20,0.9973291870751592,0.0066928509242848554,0.3775406687981454
790,1,1.0,1.0,0.4166666666666667,1.0,0.9991196,0.7844078762854674,0.541204962108668,0.7752687399746223,0.5,20,0.999821194139956,0.0066928509242848554,0.3775406687981454
791,1,1.0,1.0,0.5333333333333333,1.0,0.99999976,0.7844078762854648,0.5757360585514706,0.5375460578496631,0.5,20,0.9937144145483598,0.0066928509242848554,0.3775406687981454
792,1,0.0,1.0,0.55,0.0,0.027008373,0.7844078762854655,0.613076619299846,0.2719708835915319,0.5,20,0.7464113242904264,0.0066928509242848554,0.3775406687981454
793,1,1.0,1.0,0.5666666666666667,0.0,0.9096812,0.7844078762854648,0.59682121279121,0.20387315419995158,0.5,20,0.5145202443005286,0.0066928509242848554,0.3775406687981454
794,1,1.0,1.0,0.6,1.0,0.99999976,0.7844078762854648,0.6383739249028092,0.4751034636076653,0.5,20,0.984117883370704,0.0066928509242848554,0.3775406687981454
795,1,0.0,1.0,0.5333333333333333,0.0,0.006561911,0.7844078762854648,0.5897922931543934,0.27878880718954246,0.5,20,0.7652770617115431,0.0066928509242848554,0.3775406687981454
796,1,0.0,1.0,0.6,0.0,0.000353817,0.7844078762854648,0.624494817982083,0.17866685890042291,0.5,20,0.4206764505840036,0.0066928509242848554,0.3775406687981454
797,1,0.0,1.0,0.55,0.0,0.007975218,0.7844078762854648,0.6131758123240133,0.22215585721468073,0.5,20,0.5823281047931415,0.0066928509242848554,0.3775406687981454
798,1,1.0,1.0,0.5166666666666667,0.0,0.9998561,0.7844078762854648,0.5685287806886324,0.1991815210932858,0.5,20,0.4969307426519598,0.0066928509242848554,0.3775406687981454
799,1,0.0,1.0,0.5666666666666667,0.0,0.37929046,0.7844078762854648,0.6076167404712532,0.16550218709361436,0.5,20,0.3734446790099173,0.0066928509242848554,0.3775406687981454
800,1,0.0,1.0,0.5166666666666667,0.0,0.02046703,0.7844078762854648,0.5900087786332209,0.3974818593501839,0.5,20,0.9508382410439958,0.0066928509242848554,0.3775406687981454
801,1,1.0,1.0,0.55,1.0,0.9038592,0.7844078762854648,0.6075739246782812,0.3275498434667985,0.5,20,0.8713835652204194,0.0066928509242848554,0.3775406687981454
802,1,1.0,1.0,0.5,1.0,0.99999416,0.7844078762854648,0.5880269410647231,0.7286592474827769,0.5,20,0.9996403029735239,0.0066928509242848554,0.3775406687981454
803,1,1.0,1.0,0.5,1.0,0.9999646,0.7844078762854648,0.5699242475745636,0.6180910552715578,0.5,20,0.998113918140268,0.0066928509242848554,0.3775406687981454
804,1,1.0,1.0,0.4666666666666667,1.0,1.0,0.7844078762854648,0.5414938421437602,0.4268123309441866,0.5,20,0.9677727510853298,0.0066928509242848554,0.3775406687981454
805,1,0.0,1.0,0.43333333333333335,0.0,0.056350026,0.7844078762854648,0.517767658763167,0.17576269482151838,0.5,20,0.4100981664887861,0.0066928509242848554,0.3775406687981454
806,1,1.0,1.0,0.5166666666666667,0.0,0.79006577,0.7844078762854648,0.5875548705478972,0.17180297967452327,0.5,20,0.3958097883542364,0.0066928509242848554,0.3775406687981454
807,1,1.0,1.0,0.5,1.0,0.98240477,0.7844078762854648,0.5616915559749738,0.4187041071572662,0.5,20,0.9637559059386669,0.0066928509242848554,0.3775406687981454
808,1,1.0,1.0,0.5833333333333334,1.0,0.965001,0.7844078762854648,0.6136530335944745,0.5620256371282364,0.5,20,0.9956377024397851,0.0066928509242848554,0.3775406687981454
809,1,1.0,1.0,0.5666666666666667,1.0,0.9999999,0.7844078762854648,0.64082407247403,0.5260331668899443,0.5,20,0.9925384123663318,0.0066928509242848554,0.3775406687981454
810,1,1.0,1.0,0.5833333333333334,1.0,1.0,0.7844078762854648,0.6144586679751052,0.49670281883027956,0.5,20,0.9884624335881839,0.0066928509242848554,0.3775406687981454
811,1,0.0,1.0,0.6,0.0,4.811911e-06,0.7844078762854648,0.627355897813256,0.22100906090135586,0.5,20,0.5781383817818845,0.0066928509242848554,0.3775406687981454
812,1,1.0,0.85,0.5666666666666667,1.0,0.94694674,0.7844078762854648,0.5121915669933134,0.5194367633093123,0.5,20,0.9917687448648254,0.0066928509242848554,0.3775406687981454
813,0,1.0,0.0,0.7166666666666667,1.0,2.002487e-06,0.7844078762854572,0.2995911319497119,0.6809081527347781,0.5,20,0.999264057453797,0.0066928509242848554,0.3775406687981454
814,0,0.0,0.31666666666666665,0.8166666666666667,0.0,0.5856121,0.7843908750039451,0.3760092769139154,0.36836184405174965,0.5,20,0.9259052796900016,0.0066928509242848554,0.3775406687981454
815,1,1.0,1.0,0.5333333333333333,1.0,0.9999995,0.784360223368478,0.5710156496632366,0.49806890277478516,0.5,20,0.9886938012454715,0.0066928509242848554,0.3775406687981454
816,1,1.0,1.0,0.55,1.0,0.7449643,0.7844074149096875,0.60086621283252,0.40523026414867025,0.5,20,0.9559951911231143,0.0066928509242848554,0.3775406687981454
817,1,1.0,1.0,0.5,1.0,0.99746513,0.7844078584024593,0.5635382522285588,0.29208350923206355,0.5,20,0.7991921041330277,0.0066928509242848554,0.3775406687981454
818,1,1.0,1.0,0.55,1.0,0.9999989,0.7844078761199557,0.6098204877581683,0.3795769639352527,0.5,20,0.9366511680871671,0.0066928509242848554,0.3775406687981454
819,1,1.0,1.0,0.55,1.0,0.99998915,0.7844078731072899,0.6086520016744469,0.24120515308519921,0.5,20,0.6497811334281409,0.0066928509242848554,0.3775406687981454
820,1,1.0,1.0,0.4,1.0,0.99999964,0.7844077336801809,0.5027419114590485,0.5946596374398816,0.5,20,0.9973217091901871,0.0066928509242848554,0.3775406687981454
821,1,1.0,1.0,0.6333333333333333,1.0,0.7692873,0.7844078743709472,0.6577931431701646,0.49614210051836827,0.5,20,0.9883661181913861,0.0066928509242848554,0.3775406687981454
822,1,1.0,1.0,0.6166666666666667,1.0,1.0,0.7844076489374512,0.6479934530761184,0.5944598594154642,0.5,20,0.9973136927904103,0.0066928509242848554,0.3775406687981454
823,1,1.0,1.0,0.55,0.0,0.5336448,0.784407459963365,0.5914428001944041,0.25345431789737166,0.5,20,0.6903625438033949,0.0066928509242848554,0.3775406687981454
824,1,1.0,1.0,0.48333333333333334,1.0,0.9999999,0.7844078642508912,0.5506527737673006,0.28232027278110133,0.5,20,0.7746582964526124,0.0066928509242848554,0.3775406687981454
825,1,0.0,0.7833333333333333,0.55,0.0,0.100145526,0.7844078762472257,0.5072275328696251,0.19659302635081183,0.5,20,0.4872266286917413,0.0066928509242848554,0.3775406687981454
826,1,1.0,0.7833333333333333,0.6333333333333333,1.0,0.99805766,0.7844078760085215,0.5469768601025506,0.308901338313103,0.5,20,0.8366512832700665,0.0066928509242848554,0.3775406687981454
827,1,0.0,1.0,0.65,0.0,0.06620853,0.7844078262170094,0.7094989717410205,0.668019626151114,0.5,20,0.9991072353446601,0.0066928509242848554,0.3775406687981454
828,1,1.0,1.0,0.55,1.0,1.0,0.7843885838125858,0.6458052096281297,0.604171241146031,0.5,20,0.9976769965104904,0.0066928509242848554,0.3775406687981454
829,1,1.0,1.0,0.45,1.0,0.99999964,0.7844076361079574,0.5694968565668908,0.6633250897956781,0.5,20,0.9990421646290072,0.0066928509242848554,0.3775406687981454
830,1,1.0,1.0,0.4666666666666667,1.0,0.9999776,0.7844078759278711,0.5770941924339116,0.3333967122202416,0.5,20,0.8808968574970736,0.0066928509242848554,0.3775406687981454
831,1,0.0,1.0,0.6,0.0,7.397704e-07,0.7844066737376916,0.6616529900597486,0.14466767219708399,0.5,20,0.303648259397399,0.0066928509242848554,0.3775406687981454
832,1,0.0,1.0,0.5666666666666667,0.0,3.0243169e-05,0.7844072096213914,0.6400466188109786,0.12225698129837563,0.5,20,0.2375524495486635,0.0066928509242848554,0.3775406687981454
833,1,0.0,1.0,0.5333333333333333,0.0,0.052465815,0.7844076760326179,0.6273734308751023,0.19866515049070832,0.5,20,0.49499448156933123,0.0066928509242848554,0.3775406687981454
834,1,0.0,1.0,0.6666666666666666,0.0,0.0071181622,0.7844031787047034,0.7264511858343962,0.12833851489313675,0.5,20,0.2544681308166187,0.0066928509242848554,0.3775406687981454
835,1,1.0,1.0,0.6333333333333333,1.0,0.995545,0.7844077847536484,0.6894506471462976,0.4956083018002522,0.5,20,0.9882736887092093,0.0066928509242848554,0.3775406687981454
836,1,0.0,1.0,0.4,0.0,4.832004e-09,0.7843182119638056,0.528591088975066,0.10097102501762917,0.5,20,0.184607954298435,0.0066928509242848554,0.3775406687981454
837,1,1.0,1.0,0.5166666666666667,1.0,1.0,0.7844043545492068,0.6158854872998362,0.39040817973279845,0.5,20,0.9456343111575458,0.0066928509242848554,0.3775406687981454
838,1,0.0,1.0,0.5833333333333334,0.0,0.0034329025,0.7844078754412855,0.655139297307914,0.4936051693404635,0.5,20,0.9879203223327415,0.0066928509242848554,0.3775406687981454
839,1,1.0,1.0,0.6166666666666667,1.0,0.993778,0.7844078762531722,0.6732146197066213,0.42029889884561167,0.5,20,0.9645823006823772,0.0066928509242848554,0.3775406687981454
840,1,0.0,1.0,0.55,0.0,0.097291,0.7844078762855867,0.640977879621237,0.10717098882563778,0.5,20,0.199019280764696,0.0066928509242848554,0.3775406687981454
841,1,1.0,1.0,0.4666666666666667,1.0,0.9999989,0.7844078784922639,0.5662661996612228,0.39728645481180974,0.5,20,0.9507010474227358,0.0066928509242848554,0.3775406687981454
842,1,1.0,1.0,0.5666666666666667,1.0,0.99999547,0.7844078772302754,0.659979013136535,0.576657329598506,0.5,20,0.9964943235441102,0.0066928509242848554,0.3775406687981454
843,1,0.0,1.0,0.6833333333333333,0.0,0.036337662,0.784407876369979,0.7175024226200402,0.203064388203908,0.5,20,0.5114894328752713,0.0066928509242848554,0.3775406687981454
844,1,1.0,1.0,0.5666666666666667,1.0,0.9937138,0.7844078768268038,0.6572221756204579,0.507452690378477,0.5,20,0.9901636970467226,0.0066928509242848554,0.3775406687981454
845,1,1.0,1.0,0.4666666666666667,1.0,0.99999917,0.7844078762856028,0.5889582654268009,0.7272637343225579,0.5,20,0.9996326969808519,0.0066928509242848554,0.3775406687981454
846,1,1.0,1.0,0.6666666666666666,1.0,0.85415286,0.7844109317480721,0.71550428369042,0.2528297106956478,0.5,20,0.6883562199216824,0.0066928509242848554,0.3775406687981454
847,1,0.0,1.0,0.5,0.0,2.3438311e-09,0.7844078762857526,0.596969880551613,0.1055757282336803,0.5,20,0.19523221456765552,0.0066928509242848554,0.3775406687981454
848,1,1.0,1.0,0.55,1.0,0.9815545,0.7844078762862335,0.6240618645624264,0.3091265515586239,0.5,20,0.8371124429750064,0.0066928509242848554,0.3775406687981454
849,1,0.0,1.0,0.4166666666666667,0.0,3.767916e-09,0.7844078765591931,0.5451387876394204,0.20777047908365223,0.5,20,0.5291063518056085,0.0066928509242848554,0.3775406687981454
850,1,1.0,1.0,0.4666666666666667,0.0,0.987382,0.7844078775290584,0.5924809024534345,0.19169479757715052,0.5,20,0.4688957079196923,0.0066928509242848554,0.3775406687981454
851,1,0.0,1.0,0.5333333333333333,0.0,0.20541245,0.784407876343158,0.6336964134368255,0.5320177881758764,0.5,20,0.9931746765367617,0.0066928509242848554,0.3775406687981454
852,1,1.0,1.0,0.45,1.0,0.99999976,0.7844078780937257,0.5859149940271476,0.46146570364647843,0.5,20,0.9805827569144605,0.0066928509242848554,0.3775406687981454
853,1,1.0,1.0,0.6,1.0,0.99999964,0.7844078764806085,0.6767812700512479,0.5731361432690628,0.5,20,0.9963048868624903,0.0066928509242848554,0.3775406687981454
854,1,1.0,1.0,0.5666666666666667,1.0,0.9999882,0.7844078771506557,0.6507203835016102,0.357688075230092,0.5,20,0.9141443527424382,0.0066928509242848554,0.3775406687981454
855,1,0.0,1.0,0.65,0.0,0.0015987898,0.7844078782396338,0.7038401330534296,0.26115434891905476,0.5,20,0.7144947503992414,0.0066928509242848554,0.3775406687981454
856,1,1.0,1.0,0.5666666666666667,1.0,0.9968575,0.7844078762854648,0.6587373227560336,0.4409378713606655,0.5,20,0.9737648075332974,0.0066928509242848554,0.3775406687981454
857,1,0.0,1.0,0.55,0.0,0.012728886,0.7844078762854648,0.6327176415658985,0.2253702197724968,0.5,20,0.5940065444089413,0.0066928509242848554,0.3775406687981454
858,1,1.0,1.0,0.4666666666666667,1.0,0.99999,0.7844078776125818,0.5863642089134159,0.4727620190618293,0.5,20,0.9835594992642308,0.0066928509242848554,0.3775406687981454
859,1,1.0,1.0,0.5166666666666667,1.0,1.0,0.7844078763427774,0.6214972860058042,0.611378543186822,0.5,20,0.9979145399184998,0.0066928509242848554,0.3775406687981454
860,1,0.0,1.0,0.6,0.0,1.6516006e-08,0.7844078762933918,0.6642197306988498,0.15750417188151858,0.5,20,0.34582604319797705,0.0066928509242848554,0.3775406687981454
861,1,0.0,1.0,0.5166666666666667,0.0,0.027368505,0.7844078763010435,0.605170714735282,0.25763197586727,0.5,20,0.703595728640082,0.0066928509242848554,0.3775406687981454
862,1,1.0,1.0,0.55,1.0,0.9981376,0.784407876285836,0.6249721658811104,0.2840746327020837,0.5,20,0.7792187616416777,0.0066928509242848554,0.3775406687981454
863,1,1.0,1.0,0.6333333333333333,1.0,0.9999999,0.7844078762854753,0.6909763549770538,0.2670139715805351,0.5,20,0.7320816092353594,0.0066928509242848554,0.3775406687981454
864,1,0.0,1.0,0.6,0.0,3.045233e-06,0.7844078767384828,0.6790805344677584,0.5626715686274509,0.5,20,0.9956795827968519,0.0066928509242848554,0.3775406687981454
865,1,1.0,1.0,0.55,1.0,0.93179756,0.7844078762855118,0.6259131000501531,0.44526143790849676,0.5,20,0.9753716790468361,0.0066928509242848554,0.3775406687981454
866,1,1.0,1.0,0.5333333333333333,1.0,0.9982115,0.7844079451573921,0.6248316412445625,0.3777052696078431,0.5,20,0.9349647285153284,0.0066928509242848554,0.3775406687981454
867,1,1.0,1.0,0.43333333333333335,1.0,0.97836363,0.7844078762855081,0.542836241157399,0.6099038420807388,0.5,20,0.9978679939037277,0.0066928509242848554,0.3775406687981454
868,1,0.0,1.0,0.5333333333333333,0.0,0.009022624,0.7844078762854684,0.6264625630566305,0.31425989075179184,0.5,20,0.8473412362119658,0.0066928509242848554,0.3775406687981454
869,1,1.0,1.0,0.5333333333333333,1.0,1.0,0.7844078762854684,0.6153185497034122,0.5028111558891313,0.5,20,0.9894619348214835,0.0066928509242848554,0.3775406687981454
870,1,1.0,1.0,0.5,1.0,0.99999774,0.7844078762867025,0.5942436709675528,0.4574827401380789,0.5,20,0.9794119413680421,0.0066928509242848554,0.3775406687981454
871,1,0.0,1.0,0.5,0.0,0.15657279,0.784407876295429,0.5908056440887027,0.293011122577686,0.5,20,0.8014158185738536,0.0066928509242848554,0.3775406687981454
872,1,1.0,1.0,0.5166666666666667,1.0,1.0,0.7844078762854648,0.6023558543478882,0.5663758755503726,0.5,20,0.9959121428422842,0.0066928509242848554,0.3775406687981454
873,1,1.0,1.0,0.55,1.0,0.9997223,0.7844078762854817,0.6204274090525136,0.5464592254526331,0.5,20,0.9944966973404525,0.0066928509242848554,0.3775406687981454
874,1,0.0,1.0,0.5833333333333334,0.0,0.0010413339,0.7844078766486027,0.670067355550162,0.4387886215092097,0.5,20,0.9729285063530945,0.0066928509242848554,0.3775406687981454
875,1,1.0,1.0,0.65,1.0,0.99999857,0.7844078762928208,0.6975206035071468,0.5381565275682924,0.5,20,0.9937713523484851,0.0066928509242848554,0.3775406687981454
876,1,1.0,1.0,0.5333333333333333,1.0,0.9999889,0.7844078762854648,0.626486546844373,0.5485447904652057,0.5,20,0.9946652904968503,0.0066928509242848554,0.3775406687981454
877,1,0.0,1.0,0.5166666666666667,0.0,1.0427001e-10,0.7844078762854725,0.6166798646711206,0.11027352975206049,0.5,20,0.20654196283788584,0.0066928509242848554,0.3775406687981454
878,1,1.0,1.0,0.48333333333333334,1.0,0.9999943,0.7844078762856754,0.6080466910954938,0.3538389812446718,0.5,20,0.9095032570607252,0.0066928509242848554,0.3775406687981454
879,1,0.0,1.0,0.5833333333333334,0.0,0.0063876673,0.7844078762854648,0.6569685293678014,0.2514743882048944,0.5,20,0.6839784109325533,0.0066928509242848554,0.3775406687981454
880,1,0.0,0.7833333333333333,0.5166666666666667,0.0,2.3797087e-05,0.7844078762854648,0.48586247983899844,0.1280556217088725,0.5,20,0.2536639375109178,0.0066928509242848554,0.3775406687981454
881,0,1.0,0.0,0.8166666666666667,1.0,2.068596e-05,0.7844064394335227,0.2641765745394131,0.3957264957264957,0.5,20,0.9495927136868006,0.0066928509242848554,0.3775406687981454
882,0,1.0,0.0,0.7333333333333333,0.0,5.4237844e-08,0.7844064987999075,0.272445862495944,0.17417641992197397,0.5,20,0.40435450525587463,0.0066928509242848554,0.3775406687981454
883,0,1.0,0.0,0.8166666666666667,1.0,3.3864953e-06,0.7844076271544356,0.23009602608965685,0.4392120061237708,0.5,20,0.973095275455472,0.0066928509242848554,0.3775406687981454
884,0,1.0,0.0,0.85,1.0,6.082105e-08,0.7844078762854634,0.21261080312533873,0.559504789570149,0.5,20,0.9954703553132723,0.0066928509242848554,0.3775406687981454
885,0,1.0,0.0,0.7833333333333333,1.0,1.8868536e-07,0.7844078762854639,0.22859465298847098,0.49319347597194907,0.5,20,0.9878464041024144,0.0066928509242848554,0.3775406687981454
886,0,1.0,0.0,0.9,1.0,0.06830032,0.7844078762854352,0.22852780783221502,0.4120935981230099,0.5,20,0.9601284473676034,0.0066928509242848554,0.3775406687981454
887,0,1.0,0.0,0.7666666666666667,1.0,2.3154972e-07,0.7844078762854553,0.26152107858715856,0.47622638016717217,0.5,20,0.9843790135295669,0.0066928509242848554,0.3775406687981454
888,0,1.0,0.0,0.8,1.0,0.0005975424,0.7844078119865556,0.27763564697776827,0.4866287878787879,0.5,20,0.9866055757174248,0.0066928509242848554,0.3775406687981454
889,0,1.0,0.0,0.7666666666666667,1.0,8.984715e-10,0.7844078744962666,0.2568458961030381,0.21094073843529182,0.5,20,0.540935934943539,0.0066928509242848554,0.3775406687981454
890,0,1.0,0.0,0.9,1.0,0.00097204046,0.7844078762502318,0.23363798821022627,0.33355445439045184,0.5,20,0.8811448827587617,0.0066928509242848554,0.3775406687981454
891,0,1.0,0.0,0.95,0.0,3.837932e-09,0.7844078762815841,0.1495227531572563,0.1577241009125067,0.5,20,0.3465727417593268,0.0066928509242848554,0.3775406687981454
892,0,1.0,0.0,0.85,1.0,2.5729085e-07,0.7844078756950867,0.23591971495205374,0.26327397303526884,0.5,20,0.7209360752407509,0.0066928509242848554,0.3775406687981454
893,0,1.0,0.0,0.8833333333333333,1.0,0.0013513737,0.7844073812494216,0.23761450188550995,0.6013954158339184,0.5,20,0.9975784699926844,0.0066928509242848554,0.3775406687981454
894,0,1.0,0.0,0.85,0.0,1.1631411e-09,0.7844078762854647,0.22380921563482706,0.1403015361735692,0.5,20,0.28998087013392015,0.0066928509242848554,0.3775406687981454
895,0,1.0,0.0,0.85,1.0,0.00022782183,0.7844078233065302,0.2319065681459798,0.3912121909890123,0.5,20,0.9462510033295249,0.0066928509242848554,0.3775406687981454
896,0,1.0,0.38333333333333336,0.6833333333333333,1.0,5.328576e-07,0.7844078762854193,0.40649052483745735,0.7738317324230637,0.5,20,0.9998172988324748,0.0066928509242848554,0.3775406687981454
897,1,1.0,1.0,0.6,1.0,1.0,0.7844037516517698,0.6447565339808607,0.5503617052881759,0.5,20,0.994807973167584,0.0066928509242848554,0.3775406687981454
898,1,1.0,1.0,0.48333333333333334,1.0,0.9999999,0.7844078667166711,0.5688119821531241,0.664992943873693,0.5,20,0.9990658081991004,0.0066928509242848554,0.3775406687981454
899,1,0.0,1.0,0.5833333333333334,0.0,3.2340148e-09,0.7844016446018889,0.6333163733824155,0.12235928202126621,0.5,20,0.2378304940437059,0.0066928509242848554,0.3775406687981454
900,1,1.0,1.0,0.43333333333333335,1.0,0.9812943,0.7844072780904583,0.5188479115810923,0.4946071357836064,0.5,20,0.9880983717018144,0.0066928509242848554,0.3775406687981454
901,1,0.0,1.0,0.5166666666666667,0.0,3.3652144e-11,0.7844068510001172,0.5655274259757166,0.10963377367607925,0.5,20,0.20497372000882857,0.0066928509242848554,0.3775406687981454
902,1,1.0,1.0,0.4666666666666667,1.0,0.99988747,0.7842047365950486,0.553403831751456,0.421305451588676,0.5,20,0.9650945053811676,0.0066928509242848554,0.3775406687981454
903,1,0.0,1.0,0.5666666666666667,0.0,0.0053617647,0.7844022694860152,0.6072200439598464,0.24877608186131595,0.5,20,0.6751653253739269,0.0066928509242848554,0.3775406687981454
904,1,1.0,1.0,0.5333333333333333,1.0,1.0,0.7844068350108931,0.5935428654893397,0.29000262414333927,0.5,20,0.7941360633543666,0.0066928509242848554,0.3775406687981454
905,0,1.0,0.25,0.6833333333333333,1.0,9.231262e-05,0.7844078747954284,0.34123800473088334,0.48815480951562223,0.5,20,0.9869047264987679,0.0066928509242848554,0.3775406687981454
906,1,1.0,0.9666666666666667,0.5,1.0,0.99986744,0.784407876221396,0.5557651230453929,0.43846521723135784,0.5,20,0.9728004424252062,0.0066928509242848554,0.3775406687981454
907,1,0.0,1.0,0.6833333333333333,0.0,0.00030187718,0.7844078694741496,0.6682527539296129,0.16964686372061263,0.5,20,0.3881020869390663,0.0066928509242848554,0.3775406687981454
908,1,1.0,1.0,0.6,1.0,0.98578393,0.7844078730907835,0.6318400409601047,0.3106120746170809,0.5,20,0.8401280474310429,0.0066928509242848554,0.3775406687981454
909,1,1.0,1.0,0.5333333333333333,1.0,0.71078974,0.7844078718037277,0.5834571846364764,0.5416122004357299,0.5,20,0.9940841284470622,0.0066928509242848554,0.3775406687981454
910,1,1.0,1.0,0.48333333333333334,1.0,1.0,0.7844078324438158,0.5367425210610678,0.5592866801893172,0.5,20,0.9954555791307559,0.0066928509242848554,0.3775406687981454
911,1,1.0,1.0,0.5333333333333333,1.0,0.9999999,0.7844066619986418,0.5872871183569198,0.6360473910857543,0.5,20,0.9985586185536509,0.0066928509242848554,0.3775406687981454
912,1,1.0,1.0,0.5,1.0,0.9999968,0.7844023340536554,0.5777437347247995,0.4002935542032905,0.5,20,0.9527726578392891,0.0066928509242848554,0.3775406687981454
913,1,0.0,1.0,0.5,0.0,0.1607477,0.7844075679777461,0.5208778050911326,0.3338287696030793,0.5,20,0.8815751370142539,0.0066928509242848554,0.3775406687981454
914,1,1.0,1.0,0.6666666666666666,1.0,0.99999976,0.7844067422118514,0.6539020918486568,0.4966152000252597,0.5,20,0.9884474352962853,0.0066928509242848554,0.3775406687981454
915,1,0.0,1.0,0.5833333333333334,0.0,1.4704259e-10,0.7844077997891815,0.6153340024841195,0.21969463841874778,0.5,20,0.5733224141902216,0.0066928509242848554,0.3775406687981454
916,1,0.0,1.0,0.5166666666666667,0.0,0.007658044,0.7844042770532975,0.5953196953021495,0.28755110933262196,0.5,20,0.7880592695550166,0.0066928509242848554,0.3775406687981454
917,1,0.0,1.0,0.4666666666666667,0.0,9.255936e-08,0.7844069207001427,0.5472160088816547,0.22111656869320498,0.5,20,0.578531640358229,0.0066928509242848554,0.3775406687981454
918,1,1.0,1.0,0.48333333333333334,0.0,0.7977459,0.7843425011073157,0.5483604192902233,0.22226493023456972,0.5,20,0.5827259856178941,0.0066928509242848554,0.3775406687981454
919,1,0.0,1.0,0.5666666666666667,0.0,1.05044314e-10,0.784407531794397,0.6112186063775474,0.18509160756501183,0.5,20,0.4443253525242566,0.0066928509242848554,0.3775406687981454
920,1,0.0,1.0,0.5666666666666667,0.0,0.42102942,0.7844077999718838,0.5809524403225567,0.3342263105516555,0.5,20,0.8821962734537045,0.0066928509242848554,0.3775406687981454
921,1,1.0,1.0,0.43333333333333335,1.0,1.0,0.7844077357635062,0.5234104513148637,0.499661733726703,0.5,20,0.9889577851583581,0.0066928509242848554,0.3775406687981454
922,1,1.0,1.0,0.55,1.0,0.9960956,0.7844025052921655,0.5967091373341862,0.4029581051639875,0.5,20,0.9545389085066364,0.0066928509242848554,0.3775406687981454
923,1,1.0,1.0,0.45,1.0,0.99999607,0.7844071964670504,0.5385937874291696,0.47081646352234585,0.5,20,0.983080878348414,0.0066928509242848554,0.3775406687981454
924,1,1.0,1.0,0.5833333333333334,1.0,0.93579876,0.7844055877939737,0.6207438598847138,0.28507336480014417,0.5,20,0.7817852594147175,0.0066928509242848554,0.3775406687981454
925,1,0.0,1.0,0.36666666666666664,0.0,0.0037369381,0.7838271697374054,0.508955065253054,0.29173518869913556,0.5,20,0.7983522947062273,0.0066928509242848554,0.3775406687981454
926,1,0.0,1.0,0.38333333333333336,0.0,0.04532081,0.7844078131765657,0.5113667242189983,0.2936327747473258,0.5,20,0.8028956737103651,0.0066928509242848554,0.3775406687981454
927,0,1.0,0.2833333333333333,0.7333333333333333,1.0,1.8482771e-05,0.7844078526786199,0.3605086676090367,0.4999596546437505,0.5,20,0.989006479394276,0.0066928509242848554,0.3775406687981454
928,0,1.0,0.0,0.7666666666666667,0.0,7.08598e-08,0.7844078762626374,0.26478846993719307,0.15396206915814759,0.5,20,0.33390651663266196,0.0066928509242848554,0.3775406687981454
929,1,1.0,1.0,0.55,1.0,1.0,0.7844075863820906,0.5652535630707916,0.527928599244314,0.5,20,0.9927460517686179,0.0066928509242848554,0.3775406687981454
930,1,1.0,1.0,0.5666666666666667,1.0,0.98917437,0.784403670529475,0.5898855056667428,0.29803679496489954,0.5,20,0.813141261338178,0.0066928509242848554,0.3775406687981454
931,1,1.0,1.0,0.55,1.0,0.99999046,0.7844076399051314,0.5771702543868032,0.33297138981378716,0.5,20,0.8802258722496029,0.0066928509242848554,0.3775406687981454
932,1,0.0,1.0,0.6333333333333333,0.0,2.3265491e-05,0.7844078683329875,0.6119906042150848,0.1104383067444421,0.5,20,0.20694731733234134,0.0066928509242848554,0.3775406687981454
933,1,1.0,1.0,0.48333333333333334,1.0,0.9999069,0.7844078646098177,0.5439334459007464,0.4617187796527825,0.5,20,0.9806549045234954,0.0066928509242848554,0.3775406687981454
934,1,1.0,1.0,0.5166666666666667,1.0,0.75657845,0.7844078759872805,0.5525569261535025,0.2841434248117852,0.5,20,0.7793962321950602,0.0066928509242848554,0.3775406687981454
935,1,1.0,1.0,0.48333333333333334,1.0,1.0,0.7844078762528388,0.5400900098014417,0.7086895960570021,0.5,20,0.9995147417414475,0.0066928509242848554,0.3775406687981454
936,1,0.0,1.0,0.4666666666666667,0.0,1.5656966e-05,0.7844078762855973,0.5286931973420815,0.26516021042563365,0.5,20,0.7265926420281221,0.0066928509242848554,0.3775406687981454
937,1,1.0,1.0,0.5,1.0,0.67754024,0.7844078763032442,0.5646754322039378,0.5570853889943074,0.5,20,0.995303736846177,0.0066928509242848554,0.3775406687981454
938,1,1.0,1.0,0.5166666666666667,1.0,1.0,0.7844078762854821,0.5266151355302532,0.61224972425718,0.5,20,0.9979415590976719,0.0066928509242848554,0.3775406687981454
939,1,1.0,1.0,0.45,1.0,0.9999976,0.784407876285507,0.5246653017172579,0.5060619860847564,0.5,20,0.9899584331359407,0.0066928509242848554,0.3775406687981454
940,1,0.0,1.0,0.65,0.0,0.06447691,0.784407876297436,0.6232440339721389,0.36693936583642467,0.5,20,0.9244280813109012,0.0066928509242848554,0.3775406687981454
941,1,0.0,1.0,0.55,0.0,5.022892e-07,0.7844078762858145,0.58255991627276,0.3664210754724425,0.5,20,0.9238831632927549,0.0066928509242848554,0.3775406687981454
942,1,1.0,1.0,0.45,1.0,0.9906613,0.7844078822170976,0.49085534903088024,0.2618799449604403,0.5,20,0.7167097942440608,0.0066928509242848554,0.3775406687981454
943,1,1.0,1.0,0.4666666666666667,1.0,0.90256965,0.7844078762875154,0.5301692092191623,0.31258781362007165,0.5,20,0.8440685473969043,0.0066928509242848554,0.3775406687981454
944,1,1.0,1.0,0.55,1.0,0.99914014,0.784407877628914,0.5633768918494031,0.3160851349086643,0.5,20,0.8508491985689397,0.0066928509242848554,0.3775406687981454
945,1,1.0,1.0,0.5833333333333334,0.0,0.51970834,0.7844078849535768,0.5916329359768311,0.22634157605694608,0.5,20,0.5975155006644155,0.0066928509242848554,0.3775406687981454
946,1,1.0,1.0,0.5,1.0,0.99922764,0.7844078910723925,0.5561425812955213,0.3480860215053764,0.5,20,0.9021451635563749,0.0066928509242848554,0.3775406687981454
947,1,0.0,1.0,0.6,0.0,0.00039884448,0.7844078784881202,0.5866657529011781,0.13596537714184775,0.5,20,0.27677422583021494,0.0066928509242848554,0.3775406687981454
948,1,1.0,1.0,0.5333333333333333,1.0,0.9997607,0.7844078763938229,0.5677272684827271,0.3022564581388111,0.5,20,0.822568460473008,0.0066928509242848554,0.3775406687981454
949,1,0.0,1.0,0.5666666666666667,0.0,0.005914875,0.7844079007906903,0.5663817328669274,0.22437125387789525,0.5,20,0.5903878139028786,0.0066928509242848554,0.3775406687981454
950,1,1.0,1.0,0.38333333333333336,1.0,0.9945034,0.7844078762854648,0.4919446039182527,0.5685858241835471,0.5,20,0.9960449035896847,0.0066928509242848554,0.3775406687981454
951,1,0.0,1.0,0.5666666666666667,0.0,0.08202961,0.7844078762855115,0.5747416906471637,0.22296065862242334,0.5,20,0.5852613360538714,0.0066928509242848554,0.3775406687981454
952,1,1.0,1.0,0.65,1.0,0.7131022,0.7844078768864181,0.6222315106261459,0.4878098260238073,0.5,20,0.9868376803189418,0.0066928509242848554,0.3775406687981454
953,1,1.0,1.0,0.6,1.0,0.99945396,0.7844078762861758,0.5977666286183109,0.48031920661678446,0.5,20,0.9852955010497979,0.0066928509242848554,0.3775406687981454
954,1,1.0,1.0,0.65,1.0,0.99998343,0.784407876285467,0.6268797507892216,0.4934280006616534,0.5,20,0.987888566850398,0.0066928509242848554,0.3775406687981454
955,1,0.0,1.0,0.6166666666666667,0.0,0.36649513,0.7844078762855714,0.6019931147493248,0.31015906635431045,0.5,20,0.8392132638122781,0.0066928509242848554,0.3775406687981454
956,1,1.0,1.0,0.4666666666666667,1.0,0.99999964,0.7844078762854648,0.5268565399785328,0.6924926695824529,0.5,20,0.9993813735010523,0.0066928509242848554,0.3775406687981454
957,1,1.0,1.0,0.65,1.0,1.0,0.7844078763524673,0.6185607517225615,0.48891933585028213,0.5,20,0.9870521105606591,0.0066928509242848554,0.3775406687981454
958,1,0.0,1.0,0.5166666666666667,0.0,0.076819696,0.7844078762854648,0.5473981532434994,0.15973967046631407,0.5,20,0.3534508133414615,0.0066928509242848554,0.3775406687981454
959,1,1.0,1.0,0.5666666666666667,1.0,0.99997914,0.7844078762854648,0.5540008843257994,0.5315946858046051,0.5,20,0.9931315200995863,0.0066928509242848554,0.3775406687981454
960,1,0.0,1.0,0.45,0.0,0.000171384,0.784407876285465,0.5091329780741025,0.20280228758169933,0.5,20,0.5105070314185312,0.0066928509242848554,0.3775406687981454
961,1,0.0,1.0,0.5,0.0,2.1464178e-10,0.7844078762854648,0.5555033406302837,0.10654637741621471,0.5,20,0.19752994623770598,0.0066928509242848554,0.3775406687981454
962,1,1.0,1.0,0.5666666666666667,1.0,0.9999995,0.7844078762854648,0.5840206510829601,0.4089533249197115,0.5,20,0.9582856164735581,0.0066928509242848554,0.3775406687981454
963,1,0.0,1.0,0.5,0.0,1.4210229e-05,0.7844078762854648,0.5241151200276896,0.1285289240074139,0.5,20,0.255010360108227,0.0066928509242848554,0.3775406687981454
964,1,0.0,1.0,0.6,0.0,1.1148539e-10,0.7844078762854648,0.5892684645810706,0.13482207697893972,0.5,20,0.273354580509094,0.0066928509242848554,0.3775406687981454
965,1,0.0,1.0,0.6666666666666666,0.0,2.9535543e-12,0.784407876285465,0.6263433237634819,0.18485849738956614,0.5,20,0.4434621967371328,0.0066928509242848554,0.3775406687981454
966,1,1.0,1.0,0.5666666666666667,1.0,0.9999802,0.7844078762854653,0.5913817001108499,0.29145200563885687,0.5,20,0.7976676007738104,0.0066928509242848554,0.3775406687981454
967,1,0.0,1.0,0.5166666666666667,0.0,7.87955e-05,0.7844078762854665,0.5558306928675635,0.2395015723735447,0.5,20,0.6439439636942783,0.0066928509242848554,0.3775406687981454
968,1,1.0,0.7666666666666667,0.6333333333333333,0.0,0.9999021,0.7844078876728596,0.4853137624726855,0.20314408550305368,0.5,20,0.5117881357996624,0.0066928509242848554,0.3775406687981454
969,1,1.0,1.0,0.5833333333333334,1.0,0.9998654,0.7844078762869887,0.6185261979049667,0.577852871645112,0.5,20,0.9965564163842412,0.0066928509242848554,0.3775406687981454
970,1,0.0,1.0,0.48333333333333334,0.0,0.0016373465,0.784407876285465,0.5658825736795084,0.23432389251997096,0.5,20,0.6259447015702334,0.0066928509242848554,0.3775406687981454
971,1,0.0,1.0,0.5833333333333334,0.0,0.00010295043,0.7844078762854649,0.6190425060874974,0.17949628653204203,0.5,20,0.4237114761264457,0.0066928509242848554,0.3775406687981454
972,1,0.0,1.0,0.48333333333333334,0.0,5.8064907e-05,0.7844078763892877,0.5624688799142706,0.2808390022675737,0.5,20,0.7707560214053192,0.0066928509242848554,0.3775406687981454
973,1,0.0,1.0,0.6166666666666667,0.0,3.031964e-05,0.7844078762854677,0.6364713695501789,0.09330077400648297,0.5,20,0.16791336670942186,0.0066928509242848554,0.3775406687981454
974,1,1.0,1.0,0.4666666666666667,1.0,1.0,0.7844078762886224,0.5621090316825786,0.5332278156821768,0.5,20,0.9932966185459199,0.0066928509242848554,0.3775406687981454
975,1,0.0,1.0,0.5666666666666667,0.0,0.00024819907,0.784407876285465,0.6022244610631344,0.24084523703900867,0.5,20,0.6485515744267218,0.0066928509242848554,0.3775406687981454
976,1,0.0,1.0,0.5333333333333333,0.0,0.017737845,0.7844078762907964,0.5983575977970161,0.35294934640522874,0.5,20,0.9083988897742531,0.0066928509242848554,0.3775406687981454
977,1,1.0,1.0,0.45,1.0,0.9999851,0.7844078762854786,0.5619291370953577,0.32488682454080375,0.5,20,0.8668399267577395,0.0066928509242848554,0.3775406687981454
978,1,1.0,1.0,0.6,1.0,0.999997,0.7844078762854648,0.6172061174750003,0.2674823370643804,0.5,20,0.7334573254208318,0.0066928509242848554,0.3775406687981454
979,1,1.0,1.0,0.6166666666666667,1.0,0.9994293,0.7844078762854648,0.6423608151216309,0.4333192614349145,0.5,20,0.97068176283099,0.0066928509242848554,0.3775406687981454
980,1,1.0,1.0,0.5833333333333334,1.0,0.6751793,0.7844078762854648,0.6149492227762966,0.7039735682114544,0.5,20,0.9994791895850341,0.0066928509242848554,0.3775406687981454
981,1,0.0,1.0,0.5333333333333333,0.0,0.3399287,0.7844078762854648,0.5853538561809203,0.2453569903285273,0.5,20,0.663817892745244,0.0066928509242848554,0.3775406687981454
982,1,1.0,1.0,0.5,0.0,0.80796987,0.784407876285465,0.5681296598684221,0.10409951507484715,0.5,20,0.19177661219160674,0.0066928509242848554,0.3775406687981454
983,1,1.0,1.0,0.55,1.0,0.9999999,0.7844078762854648,0.5941707456061006,0.5892016076986138,0.5,20,0.9970938743368757,0.0066928509242848554,0.3775406687981454
984,1,1.0,1.0,0.5833333333333334,1.0,1.0,0.7844078762854648,0.6355507134992067,0.5811081999849749,0.5,20,0.9967199886693777,0.0066928509242848554,0.3775406687981454
985,1,1.0,1.0,0.65,1.0,0.99999833,0.7844078762854652,0.6616808246695328,0.579664858851342,0.5,20,0.9966484423446866,0.0066928509242848554,0.3775406687981454
986,1,1.0,1.0,0.5,1.0,0.9999578,0.7844078762854648,0.5666466930755621,0.5271157830737354,0.5,20,0.9926577218616389,0.0066928509242848554,0.3775406687981454
987,1,1.0,1.0,0.6,1.0,0.99531806,0.7844078762854648,0.6053109264568696,0.3928401470906338,0.5,20,0.9474795236416167,0.0066928509242848554,0.3775406687981454
988,1,1.0,1.0,0.43333333333333335,1.0,1.0,0.7844078762854648,0.5200023432845707,0.4585023388440343,0.5,20,0.9797180814833192,0.0066928509242848554,0.3775406687981454
989,1,1.0,1.0,0.43333333333333335,0.0,0.79386646,0.784407876285465,0.5269771888019338,0.1635537358882947,0.5,20,0.36663177474434794,0.0066928509242848554,0.3775406687981454
990,1,0.0,1.0,0.4666666666666667,0.0,0.0951854,0.7844078762854652,0.5718068062679195,0.3248994469582705,0.5,20,0.8668617800345163,0.0066928509242848554,0.3775406687981454
991,1,0.0,1.0,0.5,0.0,0.118380345,0.7844078762854648,0.572942683305748,0.28589154411764706,0.5,20,0.7838717026418425,0.0066928509242848554,0.3775406687981454
992,1,0.0,1.0,0.5,0.0,1.8002622e-08,0.7844078762854648,0.5760980165714111,0.236456176673568,0.5,20,0.6334027519444141,0.0066928509242848554,0.3775406687981454
993,1,1.0,1.0,0.4666666666666667,1.0,0.99942005,0.7844078762854724,0.556570252484318,0.477366627562706,0.5,20,0.9846398495000495,0.0066928509242848554,0.3775406687981454
994,1,0.0,1.0,0.6333333333333333,0.0,1.3689756e-10,0.784407876285465,0.6529574149057951,0.10052774301209845,0.5,20,0.18360915820942394,0.0066928509242848554,0.3775406687981454
995,1,1.0,1.0,0.5666666666666667,1.0,0.9999591,0.7844078762879049,0.6117131045347881,0.5145996506959074,0.5,20,0.9911547909827881,0.0066928509242848554,0.3775406687981454
996,1,0.0,1.0,0.48333333333333334,0.0,0.0001576989,0.7844078762854648,0.5818734803750362,0.162895285773884,0.5,20,0.3643413011570551,0.0066928509242848554,0.3775406687981454
997,1,1.0,1.0,0.4666666666666667,1.0,0.9893607,0.7844078762854683,0.5536876714604143,0.29626627935124666,0.5,20,0.8090724127607346,0.0066928509242848554,0.3775406687981454
998,1,1.0,1.0,0.5833333333333334,1.0,0.92073435,0.7844078762854649,0.6062667812613284,0.6010258123122781,0.5,20,0.9975650403991703,0.0066928509242848554,0.3775406687981454
999,1,0.0,1.0,0.5833333333333334,0.0,0.20349032,0.7844078762854648,0.6232286340376453,0.24585445669375822,0.5,20,0.6654810984168004,0.0066928509242848554,0.3775406687981454
1000,1,1.0,1.0,0.45,1.0,0.99868506,0.7844078762854648,0.5421004859920416,0.2878557556758249,0.5,20,0.7888215038373692,0.0066928509242848554,0.3775406687981454
1001,1,0.0,1.0,0.55,0.0,4.1126623e-06,0.7844078762854648,0.6073388231096997,0.10763860716700473,0.5,20,0.20013979160217957,0.0066928509242848554,0.3775406687981454
1002,1,0.0,1.0,0.5333333333333333,0.0,0.003149816,0.7844078762854657,0.5753080083409763,0.499640522875817,0.5,20,0.9889543101899536,0.0066928509242848554,0.3775406687981454
1003,1,1.0,1.0,0.5333333333333333,1.0,0.9999999,0.7844078762854648,0.5883429337417999,0.4737585666074709,0.5,20,0.9837994759167042,0.0066928509242848554,0.3775406687981454
1004,1,1.0,1.0,0.48333333333333334,1.0,1.0,0.7844078762854689,0.5651183035772538,0.593986646382691,0.5,20,0.9972946087920588,0.0066928509242848554,0.3775406687981454
1005,1,0.0,1.0,0.7,0.0,0.13517855,0.7844078762854648,0.700199639044288,0.28454332882578315,0.5,20,0.7804258823578968,0.0066928509242848554,0.3775406687981454
1006,1,0.0,1.0,0.6,0.0,1.9941667e-06,0.7844078762854648,0.6157076182407408,0.12369152200904257,0.5,20,0.24147182029210795,0.0066928509242848554,0.3775406687981454
1007,1,1.0,1.0,0.5333333333333333,1.0,0.9999287,0.7844078762854648,0.5933483725671634,0.3682388941648201,0.5,20,0.9257786561780632,0.0066928509242848554,0.3775406687981454
