win_idx,label,acc_v,acc_m,acc_u,acc_mv,acc_ds_eq,acc_ds_static,acc_ours,P_v,P_m,P_u,w_v,w_m,w_u
0,0,1.0,0.0,0.6333333333333333,1.0,0.0,0.0,1.0,2.2862873e-11,0.9998383337908491,0.3243688989408958,0.9981243980711986,0.9933071490757153,0.1
1,0,1.0,0.6,0.4166666666666667,1.0,0.0,0.0,1.0,6.63057e-08,0.4279878609362797,0.5026529225645542,0.9989697674119054,0.9933071490757153,0.1
2,0,1.0,1.0,0.4666666666666667,1.0,0.0,1.0,1.0,0.101996884,0.009087760334282581,0.4538718294195703,0.9949203724076301,0.9933071490757153,0.1
3,0,1.0,1.0,0.45,1.0,0.0,1.0,1.0,5.204584e-07,0.004602785345970208,0.4737963429094119,0.995089026466219,0.9933071490757153,0.1
4,0,1.0,1.0,0.43333333333333335,1.0,1.0,1.0,1.0,1.002682e-14,0.004681913119107537,0.46406889093328924,0.997773604373335,0.9933071490757153,0.1
5,0,1.0,1.0,0.4,1.0,0.0,1.0,1.0,1.9297019e-08,0.003719700811138096,0.5024988419359385,0.9976896137688731,0.9933071490757153,0.1
6,0,1.0,1.0,0.43333333333333335,1.0,0.0,1.0,1.0,9.443865e-11,0.0038079376493437103,0.4806353969155095,0.9990053344884574,0.9933071490757153,0.1
7,0,1.0,1.0,0.5333333333333333,1.0,1.0,1.0,1.0,1.2128203e-07,0.003162764441198042,0.419079453179327,0.9938498234649357,0.9933071490757153,0.1
8,0,1.0,1.0,0.4666666666666667,1.0,1.0,1.0,1.0,6.0320206e-13,0.004384251470193642,0.44660819963660914,0.9992228857414609,0.9933071490757153,0.1
9,0,1.0,1.0,0.5666666666666667,1.0,1.0,1.0,1.0,4.3131754e-10,0.004350211116387422,0.37003343789262616,0.9999629775814081,0.9933071490757153,0.1
10,0,1.0,1.0,0.45,1.0,1.0,1.0,1.0,2.9420555e-09,0.004143167952070311,0.4515319204955534,0.9975517672615839,0.9933071490757153,0.1
11,0,1.0,1.0,0.43333333333333335,1.0,0.0,1.0,1.0,1.0130706e-10,0.0038777372146039965,0.47592019993186896,0.9210911024844174,0.9933071490757153,0.1
12,0,1.0,1.0,0.4,1.0,0.0,1.0,1.0,5.0328166e-12,0.005559853006664309,0.5126211708643686,0.9971366053115113,0.9933071490757153,0.1
13,0,1.0,1.0,0.4,1.0,0.0,1.0,1.0,1.5228636e-06,0.004587678091179165,0.5045765029825635,0.9944773913507834,0.9933071490757153,0.1
14,0,1.0,1.0,0.38333333333333336,1.0,0.0,1.0,1.0,0.00046512013,0.0035587291991704983,0.5222543644751281,0.9962567110645182,0.9933071490757153,0.1
15,0,1.0,1.0,0.31666666666666665,1.0,0.0,1.0,1.0,2.4379879e-05,0.003683405501714423,0.555371378556718,0.863349830276401,0.9933071490757153,0.1
16,0,0.0,1.0,0.4,1.0,0.0,0.0,1.0,0.9470502,0.0045274591761570735,0.4983962348580274,0.9969701184351536,0.9933071490757153,0.1
17,0,1.0,1.0,0.43333333333333335,1.0,1.0,1.0,1.0,1.5845124e-09,0.005317208094603581,0.4612761168854581,0.9977643406632561,0.9933071490757153,0.1
18,0,1.0,1.0,0.5,1.0,1.0,1.0,1.0,7.123883e-12,0.0042753845132954445,0.4225682378938936,0.9384416007177884,0.9933071490757153,0.1
19,0,1.0,1.0,0.4,1.0,0.0,1.0,1.0,8.930678e-13,0.0047925461691538515,0.4978473732161517,0.9992624191965659,0.9933071490757153,0.1
20,0,1.0,1.0,0.4166666666666667,1.0,0.0,1.0,1.0,3.0287807e-11,0.0037156334740022726,0.499187574333204,0.9987269915114377,0.9933071490757153,0.1
21,0,1.0,1.0,0.4166666666666667,1.0,0.0,1.0,1.0,2.17858e-11,0.004238399035339405,0.49920970771949763,0.6124602581392218,0.9933071490757153,0.1
22,0,1.0,1.0,0.4166666666666667,1.0,0.0,1.0,1.0,0.0009685895,0.004627338385097537,0.4746200685984686,0.9940552882031537,0.9933071490757153,0.1
23,0,1.0,1.0,0.48333333333333334,1.0,1.0,1.0,1.0,8.056608e-11,0.003956636576906273,0.43115976477875745,0.9998727171931,0.9933071490757153,0.1
24,0,1.0,1.0,0.3,1.0,0.0,1.0,1.0,5.209144e-11,0.006244564164273946,0.5859343165195426,0.9989851702585082,0.9933071490757153,0.1
25,0,1.0,1.0,0.43333333333333335,1.0,0.0,1.0,1.0,0.0007418377,0.003801762341246393,0.48866980112548786,0.9979096703880043,0.9933071490757153,0.1
26,0,1.0,1.0,0.43333333333333335,1.0,1.0,1.0,1.0,1.4350312e-12,0.003022077392554697,0.46837083676452745,0.9995000491186564,0.9933071490757153,0.1
27,0,1.0,1.0,0.38333333333333336,1.0,0.0,1.0,1.0,7.574262e-14,0.004495823150909628,0.5144388751838859,0.8686148210154644,0.9933071490757153,0.1
28,0,1.0,1.0,0.5,1.0,1.0,1.0,1.0,1.4350312e-12,0.0034054609136629638,0.4180978066689097,0.9995000491186564,0.9933071490757153,0.1
29,0,1.0,1.0,0.4,1.0,0.0,1.0,1.0,7.380884e-08,0.005016077050617232,0.5100961459661215,0.9886473111650002,0.9933071490757153,0.1
30,0,1.0,1.0,0.35,1.0,0.0,1.0,1.0,3.1385766e-13,0.004970343617899039,0.536592843759557,0.9999645322527106,0.9933071490757153,0.1
31,0,1.0,1.0,0.38333333333333336,1.0,0.0,1.0,1.0,0.000121736295,0.005849705946222734,0.5391150017620886,0.9417203491157764,0.9933071490757153,0.1
32,0,1.0,1.0,0.35,1.0,0.0,1.0,1.0,5.4541138e-06,0.005113771824820602,0.5409571030118676,0.9561866473815563,0.9933071490757153,0.1
33,0,1.0,1.0,0.35,1.0,0.0,1.0,1.0,2.5808145e-05,0.004585759936027719,0.5332042534725943,0.8402784878844853,0.9933071490757153,0.1
34,0,1.0,1.0,0.3,1.0,0.0,1.0,1.0,7.100475e-07,0.005168783676159266,0.5871915503043756,0.9787355161457602,0.9933071490757153,0.1
35,0,1.0,1.0,0.4666666666666667,1.0,0.0,0.0,1.0,1.0330953e-13,0.2370299467495294,0.45837690104081513,0.9944626925641986,0.9933071490757153,0.1
36,1,1.0,1.0,0.4666666666666667,1.0,0.0,1.0,1.0,1.0,0.99999999999997,0.43040759991549854,0.9409100867230761,0.9933071490757153,0.1
37,1,1.0,1.0,0.36666666666666664,1.0,0.0,1.0,1.0,1.0,0.99999999999997,0.3574759109694562,0.9981522710939138,0.9933071490757153,0.1
38,1,1.0,1.0,0.4666666666666667,1.0,0.0,1.0,1.0,1.0,0.99999999999997,0.4418367422134755,0.8974429012862986,0.9933071490757153,0.1
39,1,1.0,1.0,0.43333333333333335,1.0,0.0,1.0,1.0,1.0,0.99999999999997,0.3936399553499447,0.9072925059983022,0.9933071490757153,0.1
40,1,1.0,1.0,0.5333333333333333,1.0,0.0,1.0,1.0,0.99999845,0.99999999999997,0.5090463118510301,0.9990832502990729,0.9933071490757153,0.1
41,1,1.0,1.0,0.4666666666666667,1.0,0.0,1.0,1.0,1.0,0.99999999999997,0.451448661401449,0.9503783446684738,0.9933071490757153,0.1
42,1,1.0,1.0,0.45,1.0,0.0,1.0,1.0,0.99956864,0.99999999999997,0.43091689126683674,0.9800274578894133,0.9933071490757153,0.1
43,1,1.0,1.0,0.45,1.0,0.0,1.0,1.0,0.9866621,0.99999999999997,0.415861049124006,0.996356961904783,0.9933071490757153,0.1
44,1,1.0,1.0,0.43333333333333335,1.0,0.0,1.0,1.0,0.9344753,0.99999999999997,0.4304607438508018,0.9994521146853734,0.9933071490757153,0.1
45,1,1.0,1.0,0.5,1.0,0.0,1.0,1.0,1.0,0.99999999999997,0.4715179862184737,0.9762129978175753,0.9933071490757153,0.1
46,1,1.0,1.0,0.4666666666666667,1.0,0.0,1.0,1.0,1.0,0.99999999999997,0.4072432531171575,0.9944629846456164,0.9933071490757153,0.1
47,1,1.0,1.0,0.43333333333333335,1.0,0.0,1.0,1.0,1.0,0.99999999999997,0.44157086600253936,0.9993932485049729,0.9933071490757153,0.1
48,1,1.0,1.0,0.45,1.0,0.0,1.0,1.0,1.0,0.99999999999997,0.4305101787253605,0.9906087408078527,0.9933071490757153,0.1
49,1,1.0,1.0,0.45,1.0,0.0,1.0,1.0,0.9999989,0.99999999999997,0.44062944920683284,0.9981671179996457,0.9933071490757153,0.1
50,1,1.0,1.0,0.45,1.0,0.0,1.0,1.0,1.0,0.99999999999997,0.38544163705447626,0.9832106537164823,0.9933071490757153,0.1
51,1,1.0,1.0,0.43333333333333335,1.0,0.0,1.0,1.0,0.9999999,0.99999999999997,0.4018439064859755,0.8652812347798913,0.9933071490757153,0.1
52,1,1.0,1.0,0.3,1.0,0.0,1.0,1.0,0.99996686,0.99999999999997,0.32473381232972237,0.9848579002532036,0.9933071490757153,0.1
53,1,1.0,1.0,0.48333333333333334,1.0,0.0,1.0,1.0,1.0,0.99999999999997,0.46789798499412627,0.9997872816964565,0.9933071490757153,0.1
54,1,1.0,1.0,0.48333333333333334,1.0,0.0,1.0,1.0,0.9993352,0.99999999999997,0.4304692299566817,0.9748739174979452,0.9933071490757153,0.1
55,1,1.0,1.0,0.45,1.0,0.0,1.0,1.0,1.0,0.99999999999997,0.4080952671174325,0.9995018187786445,0.9933071490757153,0.1
56,1,1.0,1.0,0.43333333333333335,1.0,0.0,1.0,1.0,1.0,0.99999999999997,0.41428792584331103,0.9171058313760776,0.9933071490757153,0.1
57,1,1.0,1.0,0.4,1.0,0.0,1.0,1.0,0.99996245,0.99999999999997,0.3690480841790142,0.9993071863799787,0.9933071490757153,0.1
58,1,1.0,1.0,0.48333333333333334,1.0,0.0,1.0,1.0,0.9999869,0.99999999999997,0.44373299856338094,0.9747160573614366,0.9933071490757153,0.1
59,1,1.0,1.0,0.4,1.0,0.0,1.0,1.0,0.99924254,0.99999999999997,0.4024165782363399,0.9985192374703561,0.9933071490757153,0.1
60,1,1.0,1.0,0.35,1.0,0.0,1.0,1.0,0.9999994,0.99999999999997,0.33491047447335043,0.9965733045388574,0.9933071490757153,0.1
61,1,1.0,1.0,0.38333333333333336,1.0,0.0,1.0,1.0,1.0,0.99999999999997,0.36639051679326323,0.9846660731489878,0.9933071490757153,0.1
62,1,1.0,1.0,0.48333333333333334,1.0,0.0,1.0,1.0,1.0,0.99999999999997,0.47003792596769467,0.4836659450397039,0.9933071490757153,0.1
63,1,1.0,1.0,0.4166666666666667,1.0,0.0,1.0,1.0,0.9999317,0.99999999999997,0.40749503385010954,0.9991593409317873,0.9933071490757153,0.1
64,1,1.0,1.0,0.38333333333333336,1.0,0.0,1.0,1.0,0.9999982,0.99999999999997,0.3735515110286798,0.9761928213169195,0.9933071490757153,0.1
65,1,1.0,1.0,0.43333333333333335,1.0,0.0,1.0,1.0,1.0,0.99999999999997,0.4209775970801625,0.9980476927783568,0.9933071490757153,0.1
66,1,1.0,1.0,0.4166666666666667,1.0,0.0,1.0,1.0,0.9999945,0.99999999999997,0.39644490896505197,0.7287134079460807,0.9933071490757153,0.1
67,1,1.0,1.0,0.45,1.0,0.0,1.0,1.0,0.9999995,0.99999999999997,0.39140019137829524,0.9616551689529641,0.9933071490757153,0.1
68,1,1.0,1.0,0.5,1.0,0.0,1.0,1.0,0.99999976,0.99999999999997,0.46786293149681146,0.9115710946153217,0.9933071490757153,0.1
69,1,1.0,1.0,0.5166666666666667,1.0,0.0,1.0,1.0,0.9951102,0.99999999999997,0.4454189036662403,0.9998639121269547,0.9933071490757153,0.1
70,1,1.0,1.0,0.3333333333333333,1.0,0.0,1.0,1.0,1.0,0.99999999999997,0.32352932209150115,0.9368355682767364,0.9933071490757153,0.1
71,1,1.0,1.0,0.4,1.0,0.0,1.0,1.0,0.99999106,0.99999999999997,0.3823012931099957,0.9989421512251961,0.9933071490757153,0.1
72,1,1.0,1.0,0.45,1.0,0.0,1.0,1.0,1.0,0.99999999999997,0.4489860352666221,0.9987856151845251,0.9933071490757153,0.1
73,1,1.0,1.0,0.4,1.0,0.0,1.0,1.0,1.0,0.99999999999997,0.4048888408546158,0.9997803300375719,0.9933071490757153,0.1
74,1,1.0,1.0,0.4166666666666667,1.0,0.0,1.0,1.0,1.0,0.99999999999997,0.4017957099104415,0.9601301543289079,0.9933071490757153,0.1
75,1,1.0,1.0,0.5333333333333333,1.0,0.0,1.0,1.0,1.0,0.99999999999997,0.49014060291359224,0.9995621995095887,0.9933071490757153,0.1
76,1,1.0,1.0,0.45,1.0,0.0,1.0,1.0,1.0,0.99999999999997,0.4419241515158181,0.9754186845194424,0.9933071490757153,0.1
77,1,1.0,1.0,0.4166666666666667,1.0,0.0,1.0,1.0,0.99999774,0.99999999999997,0.4032646497760608,0.9477928356614579,0.9933071490757153,0.1
78,1,1.0,1.0,0.3333333333333333,1.0,0.0,1.0,1.0,0.99978083,0.99999999999997,0.31669036966929204,0.9828918036425334,0.9933071490757153,0.1
79,1,1.0,1.0,0.35,1.0,0.0,1.0,1.0,1.0,0.99999999999997,0.34205114065810044,0.9929601146612378,0.9933071490757153,0.1
80,1,1.0,1.0,0.4166666666666667,1.0,0.0,1.0,1.0,1.0,0.99999999999997,0.4035826319831572,0.9906978050092029,0.9933071490757153,0.1
81,1,1.0,1.0,0.4166666666666667,1.0,0.0,1.0,1.0,0.99999976,0.99999999999997,0.4078230637185187,0.9703631330630295,0.9933071490757153,0.1
82,1,1.0,1.0,0.43333333333333335,1.0,0.0,1.0,1.0,1.0,0.99999999999997,0.3808286389648153,0.984560492979323,0.9933071490757153,0.1
83,1,1.0,1.0,0.4,1.0,0.0,1.0,1.0,1.0,0.99999999999997,0.3543107077363007,0.999600625903462,0.9933071490757153,0.1
84,1,1.0,1.0,0.45,1.0,0.0,1.0,1.0,0.9999993,0.99999999999997,0.42537451640898005,0.9968474743923036,0.9933071490757153,0.1
85,1,1.0,1.0,0.3333333333333333,1.0,0.0,1.0,1.0,0.9997571,0.99999999999997,0.3563083397997823,0.9276566667466671,0.9933071490757153,0.1
86,1,1.0,1.0,0.35,1.0,0.0,1.0,1.0,1.0,0.99999999999997,0.3481102077969997,0.875600586281366,0.9933071490757153,0.1
87,1,1.0,1.0,0.4,1.0,0.0,1.0,1.0,1.0,0.99999999999997,0.3895078877057729,0.953540421649482,0.9933071490757153,0.1
88,1,1.0,1.0,0.4,1.0,0.0,1.0,1.0,1.0,0.99999999999997,0.3691535544315236,0.9969257462309553,0.9933071490757153,0.1
89,1,1.0,1.0,0.4,1.0,0.0,1.0,1.0,1.0,0.99999999999997,0.3784014559035071,0.9996242969765596,0.9933071490757153,0.1
90,1,1.0,1.0,0.35,1.0,0.0,1.0,1.0,0.98029023,0.99999999999997,0.35532534965038437,0.999864722282681,0.9933071490757153,0.1
91,1,1.0,1.0,0.31666666666666665,1.0,0.0,1.0,1.0,0.99999964,0.99999999999997,0.34074763020072324,0.9979356050469235,0.9933071490757153,0.1
92,1,1.0,1.0,0.3333333333333333,1.0,0.0,1.0,1.0,0.99999976,0.99999999999997,0.31619015863078465,0.9678897580837077,0.9933071490757153,0.1
93,1,1.0,1.0,0.45,1.0,0.0,1.0,1.0,1.0,0.99999999999997,0.42167873861180555,0.9947963100242637,0.9933071490757153,0.1
94,1,1.0,1.0,0.35,1.0,0.0,1.0,1.0,0.99909043,0.99999999999997,0.36859342226184,0.9267641762667997,0.9933071490757153,0.1
95,1,1.0,1.0,0.45,1.0,0.0,1.0,1.0,1.0,0.99999999999997,0.4353826397531878,0.9915251274907846,0.9933071490757153,0.1
96,1,1.0,1.0,0.5833333333333334,1.0,0.0,1.0,1.0,1.0,0.99999999999997,0.4957833024340588,0.7411985141936639,0.9933071490757153,0.1
97,1,1.0,1.0,0.45,1.0,0.0,1.0,1.0,1.0,0.99999999999997,0.4386371783155604,0.9999164058215615,0.9933071490757153,0.1
98,1,1.0,1.0,0.4166666666666667,1.0,0.0,1.0,1.0,0.9999995,0.99999999999997,0.3982355590852568,0.9999389138708394,0.9933071490757153,0.1
99,1,1.0,1.0,0.5,1.0,0.0,1.0,1.0,0.99846715,0.99999999999997,0.44649677339129895,0.9563257710675098,0.9933071490757153,0.1
100,1,1.0,1.0,0.45,1.0,0.0,1.0,1.0,1.0,0.99999999999997,0.4374665592143917,0.999202832985173,0.9933071490757153,0.1
101,1,1.0,1.0,0.4166666666666667,1.0,0.0,1.0,1.0,1.0,0.99999999999997,0.4057889124996547,0.9889897313430621,0.9933071490757153,0.1
102,1,1.0,1.0,0.4,1.0,0.0,1.0,1.0,1.0,0.99999999999997,0.39498525121167805,0.9656694825543433,0.9933071490757153,0.1
103,1,1.0,1.0,0.5166666666666667,1.0,0.0,1.0,1.0,1.0,0.99999999999997,0.47307410448355025,0.9716732917171034,0.9933071490757153,0.1
104,1,1.0,1.0,0.35,1.0,0.0,1.0,1.0,1.0,0.99999999999997,0.35107261454572697,0.963983334901068,0.9933071490757153,0.1
105,1,1.0,1.0,0.4666666666666667,1.0,0.0,1.0,1.0,1.0,0.99999999999997,0.4156218261428626,0.993185255462296,0.9933071490757153,0.1
106,1,1.0,0.9833333333333333,0.4,1.0,0.0,1.0,1.0,0.99999917,0.9441684233159621,0.41327546043825275,0.9228025361256935,0.9933071490757153,0.1
107,1,1.0,1.0,0.5,1.0,0.0,1.0,1.0,0.9999999,0.99999999999997,0.462012058379902,0.966659758110352,0.9933071490757153,0.1
108,1,1.0,1.0,0.4166666666666667,1.0,0.0,1.0,1.0,0.99942786,0.99999999999997,0.3858772568223817,0.7877955703325484,0.9933071490757153,0.1
109,1,1.0,1.0,0.48333333333333334,1.0,0.0,1.0,1.0,1.0,0.99999999999997,0.42358228274562,0.9754404107408607,0.9933071490757153,0.1
110,1,1.0,1.0,0.5166666666666667,1.0,0.0,1.0,1.0,0.99592495,0.99999999999997,0.4955717279765735,0.9558494990785062,0.9933071490757153,0.1
111,1,1.0,1.0,0.38333333333333336,1.0,0.0,1.0,1.0,0.99950445,0.99999999999997,0.37646612478957137,0.9977927047320769,0.9933071490757153,0.1
112,1,1.0,1.0,0.38333333333333336,1.0,0.0,1.0,1.0,1.0,0.99999999999997,0.3819260273958046,0.9976547150661391,0.9933071490757153,0.1
113,1,1.0,1.0,0.4166666666666667,1.0,0.0,1.0,1.0,1.0,0.99999999999997,0.36988233713013385,0.999928678261195,0.9933071490757153,0.1
114,1,1.0,1.0,0.48333333333333334,1.0,0.0,1.0,1.0,1.0,0.99999999999997,0.4102129114475195,0.9443634466745817,0.9933071490757153,0.1
115,1,1.0,1.0,0.4166666666666667,1.0,0.0,1.0,1.0,0.99999964,0.99999999999997,0.39085858629919445,0.9979356050469235,0.9933071490757153,0.1
116,1,1.0,1.0,0.4166666666666667,1.0,0.0,1.0,1.0,1.0,0.99999999999997,0.39759710357400213,0.9475763399486578,0.9933071490757153,0.1
117,1,1.0,1.0,0.48333333333333334,1.0,0.0,1.0,1.0,1.0,0.99999999999997,0.449744672610807,0.9994110274828056,0.9933071490757153,0.1
118,1,1.0,1.0,0.31666666666666665,1.0,0.0,1.0,1.0,1.0,0.99999999999997,0.3143466290953644,0.8850734091184727,0.9933071490757153,0.1
119,1,1.0,1.0,0.4666666666666667,1.0,0.0,1.0,1.0,1.0,0.99999999999997,0.43774924664674436,0.9985117554357643,0.9933071490757153,0.1
120,1,1.0,1.0,0.38333333333333336,1.0,0.0,1.0,1.0,0.9989341,0.99999999999997,0.378520138831358,0.9603515077435356,0.9933071490757153,0.1
121,1,1.0,1.0,0.5166666666666667,1.0,0.0,1.0,1.0,0.9999999,0.99999999999997,0.47769694884341063,0.9957479829237773,0.9933071490757153,0.1
122,1,1.0,1.0,0.4666666666666667,1.0,0.0,1.0,1.0,1.0,0.99999999999997,0.4477221744436778,0.9951480158457396,0.9933071490757153,0.1
123,1,1.0,1.0,0.48333333333333334,1.0,0.0,1.0,1.0,0.99999976,0.99999999999997,0.4523483165847665,0.9331994255903383,0.9933071490757153,0.1
124,1,1.0,1.0,0.55,1.0,0.0,1.0,1.0,1.0,0.99999999999997,0.5163387541427721,0.9997811453437497,0.9933071490757153,0.1
125,1,1.0,1.0,0.4,1.0,0.0,1.0,1.0,0.99999964,0.99999999999997,0.39046583861755396,0.9941832740151826,0.9933071490757153,0.1
126,1,1.0,1.0,0.38333333333333336,1.0,0.0,1.0,1.0,1.0,0.99999999999997,0.39172829483219845,0.9999360260415421,0.9933071490757153,0.1
127,1,1.0,1.0,0.4,1.0,0.0,1.0,1.0,1.0,0.99999999999997,0.3956588073678011,0.9603330174197002,0.9933071490757153,0.1
128,1,1.0,1.0,0.4166666666666667,1.0,0.0,1.0,1.0,1.0,0.99999999999997,0.4027417422069694,0.9982457461874501,0.9933071490757153,0.1
129,1,1.0,0.8166666666666667,0.4666666666666667,1.0,0.0,1.0,1.0,1.0,0.9260542719119,0.4254651079862454,0.9487468089478669,0.9933071490757153,0.1
130,0,1.0,0.9333333333333333,0.55,1.0,0.0,1.0,1.0,4.050611e-13,0.1317566827174944,0.39242322604456853,0.9999738674658801,0.9933071490757153,0.1
131,0,1.0,1.0,0.55,1.0,1.0,1.0,1.0,2.6567138e-13,0.007280491190825699,0.39353933348736925,0.9994991133216428,0.9933071490757153,0.1
132,0,1.0,1.0,0.4666666666666667,1.0,0.0,1.0,1.0,1.3793542e-11,0.005576692059074856,0.47029878706893097,0.8499248324913039,0.9933071490757153,0.1
133,0,1.0,1.0,0.36666666666666664,1.0,0.0,1.0,1.0,5.774127e-07,0.004119378581400216,0.5232739532342491,0.7392579426704788,0.9933071490757153,0.1
134,0,1.0,1.0,0.4166666666666667,1.0,0.0,1.0,1.0,1.2289132e-09,0.003233856204842003,0.4905156221413741,0.9988158786655417,0.9933071490757153,0.1
135,0,1.0,1.0,0.48333333333333334,1.0,1.0,1.0,1.0,3.1021405e-05,0.003588451618740135,0.44205353062962865,0.992244658712494,0.9933071490757153,0.1
136,0,1.0,1.0,0.5333333333333333,1.0,1.0,1.0,1.0,8.0980866e-10,0.004515561011121822,0.39846057409619534,0.9993301334590823,0.9933071490757153,0.1
137,0,1.0,1.0,0.43333333333333335,1.0,0.0,1.0,1.0,6.630535e-15,0.0033237520695187832,0.4823332414156126,0.9991791073955166,0.9933071490757153,0.1
138,0,1.0,1.0,0.5166666666666667,1.0,1.0,1.0,1.0,5.268885e-09,0.003632320140290944,0.40035029235749736,0.9982910769361257,0.9933071490757153,0.1
139,0,1.0,1.0,0.3333333333333333,1.0,0.0,1.0,1.0,2.8691318e-13,0.004336175490120304,0.5585540541313123,0.9994399434270754,0.9933071490757153,0.1
140,0,1.0,1.0,0.4666666666666667,1.0,1.0,1.0,1.0,0.00064226025,0.0029936172617960667,0.45062452469406844,0.9870152396532511,0.9933071490757153,0.1
141,0,1.0,1.0,0.4,1.0,0.0,1.0,1.0,9.4489917e-07,0.0032681162612385995,0.4925070434036995,0.9963815096452862,0.9933071490757153,0.1
142,0,1.0,1.0,0.5166666666666667,1.0,1.0,1.0,1.0,6.5322037e-13,0.003647566782458762,0.4146319809211384,0.9890808243106946,0.9933071490757153,0.1
143,0,1.0,1.0,0.3333333333333333,1.0,0.0,1.0,1.0,1.9147617e-08,0.005641997655478125,0.549237448576109,0.9973191904244734,0.9933071490757153,0.1
144,0,1.0,1.0,0.3333333333333333,1.0,0.0,1.0,1.0,5.0837592e-05,0.004072210915914667,0.548163852975443,0.9984385426576589,0.9933071490757153,0.1
145,0,1.0,1.0,0.31666666666666665,1.0,0.0,1.0,1.0,4.784603e-15,0.005098849523916443,0.5627622984941588,0.9143710327642477,0.9933071490757153,0.1
146,0,1.0,1.0,0.45,1.0,1.0,1.0,1.0,9.515115e-12,0.003806472890441559,0.45853945327052803,0.9973373582263169,0.9933071490757153,0.1
147,0,1.0,1.0,0.3,1.0,0.0,1.0,1.0,0.016915737,0.00569290846289955,0.5799459690578366,0.9758933953255655,0.9933071490757153,0.1
148,0,1.0,1.0,0.5333333333333333,1.0,1.0,1.0,1.0,9.94372e-06,0.003681149165141956,0.40994307169350347,0.998877520952323,0.9933071490757153,0.1
149,0,1.0,1.0,0.5,1.0,1.0,1.0,1.0,4.5217034e-14,0.004115956719080279,0.43701299276233185,0.997224489022312,0.9933071490757153,0.1
150,0,1.0,1.0,0.4,1.0,0.0,1.0,1.0,2.8237964e-11,0.0043483531262764,0.4991830422951882,0.9987014944203892,0.9933071490757153,0.1
151,0,1.0,1.0,0.36666666666666664,1.0,0.0,0.0,1.0,0.16844767,0.005239408061206661,0.516345940708902,0.9520628237659403,0.9933071490757153,0.1
152,0,1.0,1.0,0.4,1.0,0.0,1.0,1.0,0.0012759393,0.006097493362484043,0.5001621894012609,0.999319881900865,0.9933071490757153,0.1
153,0,1.0,1.0,0.36666666666666664,1.0,0.0,1.0,1.0,5.5916747e-12,0.005382218874428653,0.5140374764521662,0.9999113816733988,0.9933071490757153,0.1
154,0,1.0,1.0,0.5,1.0,1.0,1.0,1.0,3.5195757e-12,0.0032753149012373158,0.4259615858946022,0.9975957472701144,0.9933071490757153,0.1
155,0,1.0,1.0,0.38333333333333336,1.0,0.0,1.0,1.0,1.5368566e-11,0.0038254234579972596,0.5097275378117658,0.8699291426676556,0.9933071490757153,0.1
156,0,1.0,1.0,0.4666666666666667,1.0,0.0,0.0,1.0,0.37659,0.004663080214950345,0.4530482614602956,0.9988807379930776,0.9933071490757153,0.1
157,0,1.0,1.0,0.4,1.0,0.0,1.0,1.0,0.0006862862,0.004450367267616343,0.4961270711216629,0.9986341265297964,0.9933071490757153,0.1
158,0,1.0,1.0,0.36666666666666664,1.0,0.0,1.0,1.0,2.5177649e-06,0.005097897307317326,0.533160617216399,0.9985912499119581,0.9933071490757153,0.1
159,0,1.0,1.0,0.5166666666666667,1.0,1.0,1.0,1.0,1.9998965e-09,0.004416216408754065,0.40276446308311203,0.9352307642550253,0.9933071490757153,0.1
160,0,1.0,1.0,0.2833333333333333,1.0,0.0,1.0,1.0,9.43027e-12,0.005509120743720563,0.5930119260760719,0.9993141221603339,0.9933071490757153,0.1
161,0,1.0,1.0,0.4666666666666667,1.0,1.0,1.0,1.0,0.00013616924,0.004301990598800719,0.44710798686199726,0.9965751714933145,0.9933071490757153,0.1
162,0,1.0,1.0,0.5,1.0,1.0,1.0,1.0,0.0007418377,0.0037612572360285327,0.42616103973253955,0.9979096703880043,0.9933071490757153,0.1
163,0,1.0,1.0,0.36666666666666664,1.0,0.0,1.0,1.0,2.9293648e-18,0.004153173276539805,0.5342573553291016,0.668633499333044,0.9933071490757153,0.1
164,0,1.0,1.0,0.3333333333333333,1.0,0.0,1.0,1.0,2.4823036e-08,0.004242435646214418,0.5567789896168838,0.9963290747042799,0.9933071490757153,0.1
165,0,0.0,1.0,0.4666666666666667,1.0,0.0,0.0,1.0,0.97912997,0.003675453957426648,0.46812254639856055,0.9998045088193734,0.9933071490757153,0.1
166,0,1.0,1.0,0.45,1.0,1.0,1.0,1.0,1.2561942e-11,0.0037955566401801388,0.4646919044900584,0.9999084199867683,0.9933071490757153,0.1
167,0,1.0,1.0,0.3333333333333333,1.0,0.0,1.0,1.0,1.5565705e-09,0.003568809998604816,0.5452876809858187,0.8844975245441904,0.9933071490757153,0.1
168,0,1.0,1.0,0.38333333333333336,1.0,0.0,1.0,1.0,4.784352e-13,0.0034956438184599536,0.5270034543209042,0.9984631733179636,0.9933071490757153,0.1
169,0,1.0,1.0,0.45,1.0,1.0,1.0,1.0,0.0031911237,0.004653876798567746,0.4574124466847111,0.9991284526583184,0.9933071490757153,0.1
170,0,1.0,1.0,0.38333333333333336,1.0,0.0,1.0,1.0,0.0006641193,0.004425487286546833,0.5105338078817261,0.9998699378951041,0.9933071490757153,0.1
171,0,1.0,1.0,0.36666666666666664,1.0,0.0,1.0,1.0,2.7918673e-05,0.003695677185747779,0.5318724186626849,0.9573858508439491,0.9933071490757153,0.1
172,0,1.0,1.0,0.4166666666666667,1.0,0.0,1.0,1.0,9.515115e-12,0.003821428523234777,0.4773566711509577,0.9973373582263169,0.9933071490757153,0.1
173,0,1.0,1.0,0.26666666666666666,1.0,0.0,1.0,1.0,0.00031074145,0.0041089627969560834,0.5938772390331697,0.960972043234266,0.9933071490757153,0.1
174,0,1.0,1.0,0.36666666666666664,1.0,0.0,1.0,1.0,2.2928418e-07,0.004164092802813602,0.5237378527437081,0.9996198764446078,0.9933071490757153,0.1
175,0,1.0,1.0,0.4166666666666667,1.0,0.0,1.0,1.0,4.3170695e-17,0.0044899408080870855,0.49446112326258407,0.9995796105850737,0.9933071490757153,0.1
176,1,1.0,1.0,0.26666666666666666,1.0,0.0,0.0,1.0,0.9999987,0.9001727745340986,0.361983804617786,0.9293554773292119,0.9933071490757153,0.1
177,1,1.0,1.0,0.4,1.0,0.0,1.0,1.0,1.0,0.99999999999997,0.3861444057794279,0.9171058313760776,0.9933071490757153,0.1
178,1,1.0,1.0,0.43333333333333335,1.0,0.0,1.0,1.0,1.0,0.99999999999997,0.4087823377140898,0.9940818748120316,0.9933071490757153,0.1
179,1,1.0,1.0,0.38333333333333336,1.0,0.0,1.0,1.0,1.0,0.99999999999997,0.3839317094627718,0.998890403927713,0.9933071490757153,0.1
180,1,1.0,1.0,0.3333333333333333,1.0,0.0,1.0,1.0,0.9999869,0.99999999999997,0.3422481358029239,0.9747160573614366,0.9933071490757153,0.1
181,1,1.0,1.0,0.4166666666666667,1.0,0.0,1.0,1.0,0.99999976,0.99999999999997,0.423901556102834,0.9929735373418466,0.9933071490757153,0.1
182,1,1.0,1.0,0.48333333333333334,1.0,0.0,1.0,1.0,0.9999981,0.99999999999997,0.45364225572020617,0.7108218047522769,0.9933071490757153,0.1
183,1,1.0,1.0,0.4166666666666667,1.0,0.0,1.0,1.0,1.0,0.99999999999997,0.4142500056802639,0.9989623870422916,0.9933071490757153,0.1
184,1,1.0,1.0,0.4166666666666667,1.0,0.0,1.0,1.0,0.99999475,0.99999999999997,0.4131040881267888,0.9992269546581408,0.9933071490757153,0.1
185,1,1.0,1.0,0.3333333333333333,1.0,0.0,0.0,1.0,0.642584,0.99999999999997,0.32617123486601735,0.9998852817449227,0.9933071490757153,0.1
186,1,1.0,1.0,0.5666666666666667,1.0,1.0,1.0,1.0,1.0,0.99999999999997,0.5548346330012811,0.971166159596237,0.9933071490757153,0.1
187,1,1.0,1.0,0.5,1.0,0.0,1.0,1.0,1.0,0.99999999999997,0.4728918572417642,0.9993338303467438,0.9933071490757153,0.1
188,1,1.0,1.0,0.43333333333333335,1.0,0.0,1.0,1.0,0.9999993,0.99999999999997,0.4141042456702963,0.9968474743923036,0.9933071490757153,0.1
189,1,1.0,1.0,0.31666666666666665,1.0,0.0,1.0,1.0,1.0,0.99999999999997,0.3159630195378842,0.9487468089478669,0.9933071490757153,0.1
190,1,1.0,1.0,0.5666666666666667,1.0,1.0,1.0,1.0,1.0,0.99999999999997,0.5419649014596902,0.9980476927783568,0.9933071490757153,0.1
191,1,1.0,1.0,0.3333333333333333,1.0,0.0,1.0,1.0,0.9999976,0.99999999999997,0.34413167933164607,0.9997428013212655,0.9933071490757153,0.1
192,1,1.0,1.0,0.38333333333333336,1.0,0.0,1.0,1.0,0.9999999,0.99999999999997,0.3843432856364958,0.9997413079897652,0.9933071490757153,0.1
193,1,1.0,1.0,0.45,1.0,0.0,1.0,1.0,0.9909061,0.99999999999997,0.44297385265274636,0.9989980071378569,0.9933071490757153,0.1
194,1,1.0,1.0,0.5,1.0,0.0,1.0,1.0,1.0,0.99999999999997,0.4794547587535792,0.9966008837952709,0.9933071490757153,0.1
195,1,1.0,1.0,0.4166666666666667,1.0,0.0,1.0,1.0,0.9998857,0.99999999999997,0.3843613080374179,0.9692247077662743,0.9933071490757153,0.1
196,1,1.0,1.0,0.5166666666666667,1.0,0.0,1.0,1.0,0.99999845,0.99999999999997,0.4765552939965944,0.5195717636233617,0.9933071490757153,0.1
197,1,1.0,1.0,0.36666666666666664,1.0,0.0,1.0,1.0,0.9993013,0.99999999999997,0.35418248202214253,0.9912138629047057,0.9933071490757153,0.1
198,1,1.0,1.0,0.5333333333333333,1.0,0.0,1.0,1.0,1.0,0.99999999999997,0.483335723378804,0.9985578647082707,0.9933071490757153,0.1
199,1,1.0,1.0,0.4666666666666667,1.0,0.0,1.0,1.0,1.0,0.99999999999997,0.4444653032148328,0.9984353243348273,0.9933071490757153,0.1
200,1,1.0,1.0,0.5,1.0,0.0,1.0,1.0,1.0,0.99999999999997,0.48229723102959215,0.998599409514803,0.9933071490757153,0.1
201,1,1.0,1.0,0.35,1.0,0.0,1.0,1.0,1.0,0.99999999999997,0.35889909487929395,0.9968664517822112,0.9933071490757153,0.1
202,1,1.0,1.0,0.5166666666666667,1.0,0.0,1.0,1.0,1.0,0.99999999999997,0.4711390170564945,0.9987920602955351,0.9933071490757153,0.1
203,1,1.0,1.0,0.3333333333333333,1.0,0.0,1.0,1.0,1.0,0.99999999999997,0.33225443875913563,0.9909717609961073,0.9933071490757153,0.1
204,1,1.0,1.0,0.43333333333333335,1.0,0.0,1.0,1.0,0.94998187,0.99999999999997,0.42465265405682123,0.9776177002934631,0.9933071490757153,0.1
205,1,1.0,1.0,0.48333333333333334,1.0,0.0,1.0,1.0,1.0,0.99999999999997,0.4349769413651339,0.9830470668189278,0.9933071490757153,0.1
206,1,1.0,1.0,0.35,1.0,0.0,1.0,1.0,1.0,0.99999999999997,0.36938823645725777,0.9297516384348616,0.9933071490757153,0.1
207,1,1.0,1.0,0.4166666666666667,1.0,0.0,1.0,1.0,1.0,0.99999999999997,0.40348353205227333,0.5901043565318504,0.9933071490757153,0.1
208,1,1.0,1.0,0.4166666666666667,1.0,0.0,1.0,1.0,1.0,0.99999999999997,0.40316939949248903,0.9553544289531872,0.9933071490757153,0.1
209,1,1.0,1.0,0.5166666666666667,1.0,0.0,1.0,1.0,1.0,0.99999999999997,0.4926926878421282,0.9993075318279533,0.9933071490757153,0.1
210,1,1.0,1.0,0.4166666666666667,1.0,0.0,1.0,1.0,1.0,0.99999999999997,0.39080886427022876,0.997173786055667,0.9933071490757153,0.1
211,1,1.0,0.9833333333333333,0.4,1.0,0.0,0.0,1.0,0.85659516,0.9702050742238527,0.39647349388301945,0.9817572460242391,0.9933071490757153,0.1
212,0,1.0,1.0,0.4,1.0,0.0,1.0,1.0,7.163513e-10,0.01012239322049815,0.5127741131215715,0.9985609462823445,0.9933071490757153,0.1
213,0,1.0,1.0,0.45,1.0,0.0,1.0,1.0,0.0055280486,0.008738869448454097,0.4638363138296003,0.9982297915357343,0.9933071490757153,0.1
214,0,1.0,1.0,0.36666666666666664,1.0,0.0,1.0,1.0,8.560347e-11,0.004438530170472047,0.5168494104218394,0.9999322350094166,0.9933071490757153,0.1
215,0,1.0,1.0,0.43333333333333335,1.0,0.0,1.0,1.0,7.42085e-11,0.0034367747466990364,0.4796574984631518,0.9958929584115345,0.9933071490757153,0.1
216,0,1.0,1.0,0.45,1.0,0.0,1.0,1.0,1.0258411e-07,0.004640506372145632,0.46871725316561186,0.9970533000786896,0.9933071490757153,0.1
217,0,1.0,1.0,0.4666666666666667,1.0,1.0,1.0,1.0,0.0009367843,0.004131868487056472,0.4465492649883156,0.9986765102495536,0.9933071490757153,0.1
218,0,1.0,1.0,0.4,1.0,0.0,1.0,1.0,1.1276287e-08,0.004186803056137551,0.49519703802106146,0.9932938432728678,0.9933071490757153,0.1
219,0,1.0,1.0,0.36666666666666664,1.0,0.0,1.0,1.0,5.0837592e-05,0.0034353377625570506,0.5231920660534307,0.9984385426576589,0.9933071490757153,0.1
220,0,1.0,1.0,0.35,1.0,0.0,1.0,1.0,3.569089e-11,0.003140206455573199,0.5263203433887046,0.9976438190080371,0.9933071490757153,0.1
221,0,1.0,1.0,0.4166666666666667,1.0,0.0,1.0,1.0,1.8047841e-11,0.004281812237747338,0.4827726583982489,0.9970289773666676,0.9933071490757153,0.1
222,0,1.0,1.0,0.5166666666666667,1.0,1.0,1.0,1.0,3.268695e-08,0.004151451103695881,0.4083236882982192,0.9522030438304865,0.9933071490757153,0.1
223,0,1.0,1.0,0.45,1.0,0.0,1.0,1.0,1.2416042e-05,0.005224381661209434,0.47245547213762895,0.9950772644993215,0.9933071490757153,0.1
224,0,1.0,1.0,0.5,1.0,1.0,1.0,1.0,1.2128203e-07,0.0034623452427358942,0.4134513453281273,0.9938498234649357,0.9933071490757153,0.1
225,0,1.0,1.0,0.4166666666666667,1.0,0.0,1.0,1.0,6.601669e-13,0.004134013148240574,0.4788590520509118,0.8920083556219052,0.9933071490757153,0.1
226,0,1.0,1.0,0.43333333333333335,1.0,0.0,1.0,1.0,5.93047e-08,0.0034937967558541327,0.4761817476717114,0.9969522150498246,0.9933071490757153,0.1
227,0,1.0,1.0,0.45,1.0,1.0,1.0,1.0,1.34702715e-17,0.0032324985658929322,0.4658020541166529,0.9988362638804057,0.9933071490757153,0.1
228,0,1.0,1.0,0.5666666666666667,1.0,1.0,1.0,1.0,8.972034e-12,0.004870810620969918,0.39197802848608015,0.9884362380431572,0.9933071490757153,0.1
229,0,1.0,1.0,0.36666666666666664,1.0,0.0,1.0,1.0,1.8834342e-11,0.006393493894712071,0.5017713754936454,0.9996635211255064,0.9933071490757153,0.1
230,0,1.0,1.0,0.5333333333333333,1.0,1.0,1.0,1.0,1.0862976e-07,0.00715947418104162,0.41112687015117994,0.9935181734954961,0.9933071490757153,0.1
231,0,1.0,1.0,0.45,1.0,1.0,1.0,1.0,1.0851504e-11,0.004168284512989996,0.4386605494669929,0.9992147424472545,0.9933071490757153,0.1
232,0,1.0,1.0,0.45,1.0,0.0,1.0,1.0,2.108006e-12,0.0034717002110932196,0.4686083863826495,0.9983889404453765,0.9933071490757153,0.1
233,0,1.0,1.0,0.5333333333333333,1.0,1.0,1.0,1.0,1.0165376e-13,0.0040820019736919335,0.41448867645510995,0.9995516438075235,0.9933071490757153,0.1
234,1,1.0,0.9833333333333333,0.36666666666666664,1.0,0.0,0.0,1.0,1.0,0.5184676310221852,0.5323519486376002,0.9171058313760776,0.9933071490757153,0.1
235,1,1.0,1.0,0.35,1.0,0.0,1.0,1.0,0.9999999,0.99999999999997,0.3294093041093581,0.9084862890809267,0.9933071490757153,0.1
236,1,1.0,1.0,0.3333333333333333,1.0,0.0,1.0,1.0,1.0,0.99999999999997,0.3423592868509884,0.9994834206802832,0.9933071490757153,0.1
237,1,1.0,1.0,0.38333333333333336,1.0,0.0,1.0,1.0,0.99991333,0.99999999999997,0.3722167273083663,0.8393939255839389,0.9933071490757153,0.1
238,1,1.0,1.0,0.3333333333333333,1.0,0.0,1.0,1.0,1.0,0.99999999999997,0.3555732253082687,0.9991079571042251,0.9933071490757153,0.1
239,1,1.0,1.0,0.5333333333333333,1.0,0.0,1.0,1.0,1.0,0.99999999999997,0.5016871518925001,0.9984813614304807,0.9933071490757153,0.1
240,1,1.0,1.0,0.48333333333333334,1.0,0.0,1.0,1.0,0.9999999,0.99999999999997,0.46656627903703163,0.9914744526171666,0.9933071490757153,0.1
241,1,1.0,1.0,0.48333333333333334,1.0,0.0,1.0,1.0,0.9999602,0.99999999999997,0.4450498048120002,0.9960379116227772,0.9933071490757153,0.1
242,1,1.0,1.0,0.43333333333333335,1.0,0.0,1.0,1.0,0.99999964,0.99999999999997,0.41770584142339773,0.9755829287641155,0.9933071490757153,0.1
243,1,1.0,1.0,0.45,1.0,0.0,1.0,1.0,1.0,0.99999999999997,0.4443549135503089,0.9982457461874501,0.9933071490757153,0.1
244,1,1.0,1.0,0.35,1.0,0.0,1.0,1.0,1.0,0.99999999999997,0.35044653899765793,0.9345542719332387,0.9933071490757153,0.1
245,1,1.0,1.0,0.4666666666666667,1.0,0.0,1.0,1.0,0.99999106,0.99999999999997,0.4700256832157478,0.9989421512251961,0.9933071490757153,0.1
246,1,1.0,1.0,0.35,1.0,0.0,1.0,1.0,1.0,0.99999999999997,0.34812915270142675,0.5466134916662526,0.9933071490757153,0.1
247,1,1.0,1.0,0.43333333333333335,1.0,0.0,1.0,1.0,1.0,0.99999999999997,0.41080378111240967,0.9947851984725514,0.9933071490757153,0.1
248,1,1.0,1.0,0.4666666666666667,1.0,0.0,1.0,1.0,1.0,0.99999999999997,0.44734399908832384,0.9618600256194876,0.9933071490757153,0.1
249,1,1.0,1.0,0.4666666666666667,1.0,0.0,1.0,1.0,1.0,0.99999999999997,0.45073529940257534,0.9989937828018298,0.9933071490757153,0.1
250,1,1.0,1.0,0.4,1.0,0.0,0.0,1.0,0.95389265,0.99999999999997,0.3684184601903289,0.9511334193575761,0.9933071490757153,0.1
251,1,1.0,1.0,0.4666666666666667,1.0,0.0,1.0,1.0,1.0,0.99999999999997,0.45312811740061976,0.9944290580531371,0.9933071490757153,0.1
252,1,1.0,1.0,0.43333333333333335,1.0,0.0,1.0,1.0,0.9999902,0.99999999999997,0.4027612374138833,0.9578681363204652,0.9933071490757153,0.1
253,1,1.0,1.0,0.38333333333333336,1.0,0.0,1.0,1.0,1.0,0.99999999999997,0.38624884622569683,0.999194102436068,0.9933071490757153,0.1
254,1,1.0,1.0,0.48333333333333334,1.0,0.0,1.0,1.0,1.0,0.99999999999997,0.4383822219930871,0.9997253622412869,0.9933071490757153,0.1
255,1,1.0,1.0,0.36666666666666664,1.0,0.0,1.0,1.0,0.99454486,0.99999999999997,0.36154236963200853,0.9997480724521922,0.9933071490757153,0.1
256,1,1.0,1.0,0.45,1.0,0.0,1.0,1.0,1.0,0.99999999999997,0.44236615726781436,0.9679310901720676,0.9933071490757153,0.1
257,1,1.0,1.0,0.5,1.0,0.0,1.0,1.0,1.0,0.99999999999997,0.4706811742843363,0.9953335183259194,0.9933071490757153,0.1
258,1,1.0,1.0,0.38333333333333336,1.0,0.0,1.0,1.0,0.9996414,0.99999999999997,0.38762674521473606,0.9920386398102135,0.9933071490757153,0.1
259,1,1.0,1.0,0.45,1.0,0.0,1.0,1.0,0.9998722,0.99999999999997,0.4222076169281388,0.8600751005582272,0.9933071490757153,0.1
260,1,1.0,1.0,0.35,1.0,0.0,1.0,1.0,1.0,0.99999999999997,0.3237479031613356,0.9994834206802832,0.9933071490757153,0.1
261,1,1.0,1.0,0.4666666666666667,1.0,0.0,1.0,1.0,1.0,0.99999999999997,0.4276887851481138,0.9297786559752929,0.9933071490757153,0.1
262,1,1.0,1.0,0.4,1.0,0.0,1.0,1.0,1.0,0.99999999999997,0.3925973742447455,0.997978840729392,0.9933071490757153,0.1
263,1,1.0,1.0,0.45,1.0,0.0,1.0,1.0,1.0,0.99999999999997,0.4145701324373779,0.9257418455663027,0.9933071490757153,0.1
264,1,1.0,1.0,0.4166666666666667,1.0,0.0,1.0,1.0,1.0,0.99999999999997,0.4014707544853084,0.7966613487241977,0.9933071490757153,0.1
265,1,1.0,1.0,0.5333333333333333,1.0,0.0,1.0,1.0,1.0,0.99999999999997,0.5181963472668542,0.9982457461874501,0.9933071490757153,0.1
266,1,1.0,1.0,0.4666666666666667,1.0,0.0,1.0,1.0,1.0,0.99999999999997,0.4487714124119638,0.9993035162362859,0.9933071490757153,0.1
267,1,1.0,1.0,0.38333333333333336,1.0,0.0,1.0,1.0,1.0,0.99999999999997,0.3876853571483812,0.9985337371222517,0.9933071490757153,0.1
268,1,1.0,1.0,0.45,1.0,0.0,1.0,1.0,0.99955505,0.99999999999997,0.45467069398641513,0.9942653234546648,0.9933071490757153,0.1
269,1,1.0,1.0,0.6333333333333333,1.0,1.0,1.0,1.0,1.0,0.99999999999997,0.5557633750282495,0.984560492979323,0.9933071490757153,0.1
270,1,1.0,1.0,0.4666666666666667,1.0,0.0,1.0,1.0,0.9999969,0.99999999999997,0.4472706255438647,0.9978105983588726,0.9933071490757153,0.1
271,1,1.0,1.0,0.4166666666666667,1.0,0.0,1.0,1.0,1.0,0.99999999999997,0.4259007252507176,0.9846660731489878,0.9933071490757153,0.1
272,1,1.0,1.0,0.3333333333333333,1.0,0.0,1.0,1.0,1.0,0.99999999999997,0.33606379508291956,0.9826271149828205,0.9933071490757153,0.1
273,1,1.0,1.0,0.4166666666666667,1.0,0.0,1.0,1.0,1.0,0.99999999999997,0.4211703330167424,0.9906978050092029,0.9933071490757153,0.1
274,1,1.0,1.0,0.45,1.0,0.0,1.0,1.0,1.0,0.99999999999997,0.4475587159927518,0.9458641055920962,0.9933071490757153,0.1
275,1,1.0,1.0,0.4166666666666667,1.0,0.0,1.0,1.0,1.0,0.99999999999997,0.4027248815285667,0.9905723158815847,0.9933071490757153,0.1
276,1,1.0,1.0,0.35,1.0,0.0,1.0,1.0,1.0,0.99999999999997,0.3220154499031879,0.9969542583411319,0.9933071490757153,0.1
277,1,1.0,1.0,0.4,1.0,0.0,1.0,1.0,1.0,0.99999999999997,0.37346424745687024,0.9992979134407941,0.9933071490757153,0.1
278,1,1.0,1.0,0.48333333333333334,1.0,0.0,1.0,1.0,1.0,0.99999999999997,0.48295856172144613,0.9995567552873014,0.9933071490757153,0.1
279,1,1.0,1.0,0.4166666666666667,1.0,0.0,1.0,1.0,1.0,0.99999999999997,0.3961347483966255,0.9981883038982182,0.9933071490757153,0.1
280,1,1.0,1.0,0.26666666666666666,1.0,0.0,1.0,1.0,0.99999106,0.99999999999997,0.3072082778213828,0.9989421512251961,0.9933071490757153,0.1
281,1,1.0,1.0,0.3,1.0,0.0,0.0,1.0,0.80314577,0.99999999999997,0.3176610781301937,0.999449674780253,0.9933071490757153,0.1
282,1,1.0,1.0,0.4,1.0,0.0,1.0,1.0,0.9999999,0.99999999999997,0.39588325564819843,0.966659758110352,0.9933071490757153,0.1
283,1,1.0,1.0,0.45,1.0,0.0,1.0,1.0,1.0,0.99999999999997,0.4288242204013402,0.9994110274828056,0.9933071490757153,0.1
284,1,1.0,1.0,0.4166666666666667,1.0,0.0,1.0,1.0,0.9999999,0.99999999999997,0.4189055358917375,0.852413884025049,0.9933071490757153,0.1
285,1,1.0,1.0,0.4166666666666667,1.0,0.0,1.0,1.0,1.0,0.99999999999997,0.4213501441072171,0.998599409514803,0.9933071490757153,0.1
286,1,1.0,1.0,0.4166666666666667,1.0,0.0,1.0,1.0,0.99992836,0.99999999999997,0.43247306899825355,0.9898997206910567,0.9933071490757153,0.1
287,1,1.0,1.0,0.3333333333333333,1.0,0.0,1.0,1.0,0.9999999,0.99999999999997,0.3405617969485039,0.9957479829237773,0.9933071490757153,0.1
288,1,1.0,1.0,0.45,1.0,0.0,0.0,1.0,0.9766892,0.8853930400572992,0.43751939809620166,0.6465686622001037,0.9933071490757153,0.1
289,0,1.0,1.0,0.4,1.0,0.0,1.0,1.0,2.4379879e-05,0.05635046717924727,0.5059620711386088,0.863349830276401,0.9933071490757153,0.1
290,0,1.0,1.0,0.43333333333333335,1.0,0.0,1.0,1.0,1.0258411e-07,0.005792125361260953,0.4735297346706143,0.9970533000786896,0.9933071490757153,0.1
291,0,1.0,1.0,0.48333333333333334,1.0,1.0,1.0,1.0,2.4301016e-06,0.004152441982402794,0.445188864430455,0.9961463599465963,0.9933071490757153,0.1
292,0,1.0,1.0,0.38333333333333336,1.0,0.0,1.0,1.0,1.3295123e-09,0.004042678416659232,0.5198454345795448,0.9985441466156771,0.9933071490757153,0.1
293,0,1.0,1.0,0.4,1.0,0.0,1.0,1.0,4.8821308e-17,0.003543267204232194,0.5051377027437337,0.9593399269717451,0.9933071490757153,0.1
294,0,1.0,1.0,0.48333333333333334,1.0,1.0,1.0,1.0,1.1035179e-07,0.002745930581124383,0.43269613920114874,0.9969731339330915,0.9933071490757153,0.1
295,0,1.0,1.0,0.45,1.0,1.0,1.0,1.0,2.8999166e-05,0.0051176345952254655,0.4565997369710259,0.9920490995502376,0.9933071490757153,0.1
296,0,1.0,1.0,0.45,1.0,1.0,1.0,1.0,7.380884e-08,0.003656258024881496,0.4628054000208799,0.9886473111650002,0.9933071490757153,0.1
297,0,1.0,1.0,0.5166666666666667,1.0,1.0,1.0,1.0,4.8255037e-12,0.0037324099354689795,0.4134666814442895,0.9318476742126298,0.9933071490757153,0.1
298,0,1.0,1.0,0.36666666666666664,1.0,0.0,1.0,1.0,1.0543424e-08,0.0040279455547294046,0.5087503023147621,0.9949934226251576,0.9933071490757153,0.1
299,0,1.0,1.0,0.4166666666666667,1.0,0.0,1.0,1.0,5.5378496e-05,0.004235005807270714,0.4834093241080024,0.9976376667735086,0.9933071490757153,0.1
300,0,1.0,1.0,0.45,1.0,1.0,1.0,1.0,3.0679123e-17,0.0057518426860280495,0.4651197766850879,0.9919398476932637,0.9933071490757153,0.1
301,0,1.0,1.0,0.43333333333333335,1.0,0.0,1.0,1.0,4.0856668e-07,0.00400488896689492,0.4743383203291172,0.9928535386723693,0.9933071490757153,0.1
302,0,1.0,1.0,0.36666666666666664,1.0,0.0,1.0,1.0,0.00013813167,0.0052055670564482345,0.5165980675102246,0.9974326733342453,0.9933071490757153,0.1
303,0,1.0,1.0,0.43333333333333335,1.0,0.0,1.0,1.0,1.4307537e-05,0.003751360998733083,0.4783090161624189,0.9987111929265794,0.9933071490757153,0.1
304,0,1.0,1.0,0.45,1.0,1.0,1.0,1.0,6.227813e-15,0.005274054267992626,0.45571746200774793,0.9133346829817629,0.9933071490757153,0.1
305,0,1.0,1.0,0.4,1.0,0.0,0.0,1.0,0.42593375,0.0037132053926543103,0.4945819752395975,0.9931210314821951,0.9933071490757153,0.1
306,0,1.0,1.0,0.4166666666666667,1.0,0.0,1.0,1.0,8.909496e-13,0.003869392763624801,0.484815472330095,0.981252978949953,0.9933071490757153,0.1
307,0,1.0,1.0,0.6166666666666667,1.0,1.0,1.0,1.0,4.085231e-13,0.004168824610193259,0.343048441210888,0.9999223932578034,0.9933071490757153,0.1
308,0,1.0,1.0,0.45,1.0,1.0,1.0,1.0,4.2328e-06,0.004504131495718633,0.46256900768358195,0.9984334133844369,0.9933071490757153,0.1
309,0,1.0,1.0,0.6333333333333333,1.0,1.0,1.0,1.0,1.0513475e-13,0.004839961222295397,0.3321091814379874,0.9994640128271319,0.9933071490757153,0.1
310,0,1.0,1.0,0.5,1.0,1.0,1.0,1.0,5.383976e-09,0.0034349201166772115,0.4208546704514873,0.9993759658298081,0.9933071490757153,0.1
311,0,1.0,1.0,0.38333333333333336,1.0,0.0,1.0,1.0,1.9670467e-06,0.0041993089972611215,0.5300616586055218,0.9759356123180939,0.9933071490757153,0.1
312,0,1.0,1.0,0.45,1.0,1.0,1.0,1.0,9.888502e-06,0.0036423059741284907,0.4573379520041865,0.9973507258790368,0.9933071490757153,0.1
313,0,1.0,1.0,0.43333333333333335,1.0,0.0,1.0,1.0,3.831189e-05,0.004863812612345265,0.47039023662143864,0.9990041158210491,0.9933071490757153,0.1
314,0,1.0,1.0,0.4,1.0,0.0,1.0,1.0,3.068946e-11,0.003795680347626394,0.4888311610553353,0.9967164665155642,0.9933071490757153,0.1
315,0,1.0,1.0,0.35,1.0,0.0,1.0,1.0,1.4317875e-10,0.004067183940251135,0.5427709042954636,0.9971805814612413,0.9933071490757153,0.1
316,0,1.0,1.0,0.5166666666666667,1.0,1.0,1.0,1.0,3.1965326e-09,0.004375251322940521,0.42086796355212325,0.9973941917935559,0.9933071490757153,0.1
317,0,1.0,1.0,0.45,1.0,0.0,1.0,1.0,0.01272344,0.003322980871105003,0.45956042663732644,0.9967243756540695,0.9933071490757153,0.1
318,0,1.0,1.0,0.4666666666666667,1.0,0.0,1.0,1.0,0.0001164528,0.2524686856021788,0.4039054494729773,0.9948489871503855,0.9933071490757153,0.1
319,1,1.0,1.0,0.4666666666666667,1.0,0.0,0.0,1.0,0.923362,0.9999999995643237,0.43852712670280003,0.9826494727234164,0.9933071490757153,0.1
320,1,1.0,1.0,0.4,1.0,0.0,1.0,1.0,0.99999917,0.9999999998844589,0.3764724852811781,0.9102417861427361,0.9933071490757153,0.1
321,1,0.0,1.0,0.48333333333333334,0.0,0.0,0.0,1.0,0.2371935,0.9999999996756621,0.41553400709933114,0.7946938322306907,0.9933071490757153,0.1
322,1,1.0,1.0,0.38333333333333336,1.0,0.0,1.0,1.0,1.0,0.9999999999910619,0.37916845529974624,0.9982457461874501,0.9933071490757153,0.1
323,1,1.0,1.0,0.35,1.0,0.0,1.0,1.0,0.9999999,0.9999999999877017,0.34811123482655104,0.9826766124646865,0.9933071490757153,0.1
324,1,1.0,1.0,0.36666666666666664,1.0,0.0,1.0,1.0,1.0,0.9999999996782897,0.3545158413342884,0.9992963958303197,0.9933071490757153,0.1
325,1,1.0,1.0,0.4,1.0,0.0,1.0,1.0,1.0,0.9999999999923307,0.36782119186980405,0.872706173862437,0.9933071490757153,0.1
326,1,1.0,1.0,0.38333333333333336,1.0,0.0,1.0,1.0,1.0,0.9999999999544191,0.3864141623161285,0.9975318705174454,0.9933071490757153,0.1
327,0,1.0,1.0,0.45,1.0,0.0,0.0,1.0,6.289429e-09,0.46942495127755807,0.39784327426874166,0.9792063134488156,0.9933071490757153,0.1
328,1,1.0,1.0,0.4666666666666667,1.0,0.0,1.0,1.0,1.0,0.9171761929733981,0.408283235735004,0.9905723158815847,0.9933071490757153,0.1
329,1,1.0,1.0,0.45,1.0,0.0,1.0,1.0,1.0,0.99999999999997,0.4244321084575961,0.9954269587635926,0.9933071490757153,0.1
330,1,1.0,1.0,0.4166666666666667,1.0,0.0,1.0,1.0,0.9999349,0.99999999999997,0.40104614244143394,0.9934926994305548,0.9933071490757153,0.1
331,1,1.0,1.0,0.4666666666666667,1.0,0.0,1.0,1.0,1.0,0.99999999999997,0.4156651385289674,0.9216035218540595,0.9933071490757153,0.1
332,1,1.0,1.0,0.45,1.0,0.0,1.0,1.0,1.0,0.99999999999997,0.4127984051741549,0.9840058403226386,0.9933071490757153,0.1
333,1,1.0,1.0,0.48333333333333334,1.0,0.0,1.0,1.0,1.0,0.99999999999997,0.4380311867880635,0.9989735944255377,0.9933071490757153,0.1
334,1,1.0,1.0,0.4,1.0,0.0,1.0,1.0,0.9999999,0.99999999999997,0.3697824906061425,0.7471575579130543,0.9933071490757153,0.1
335,1,1.0,1.0,0.4,1.0,0.0,1.0,1.0,0.9999869,0.99999999999997,0.3570385832194535,0.9747160573614366,0.9933071490757153,0.1
336,1,1.0,1.0,0.2833333333333333,1.0,0.0,0.0,1.0,0.9999727,0.99999999999997,0.2735183386095921,0.990371339829106,0.9933071490757153,0.1
337,1,1.0,1.0,0.35,1.0,0.0,1.0,1.0,0.9999349,0.99999999999997,0.3401833978063244,0.9934926994305548,0.9933071490757153,0.1
338,1,1.0,1.0,0.36666666666666664,1.0,0.0,1.0,1.0,0.9993352,0.99999999999997,0.3568540026437013,0.9748739174979452,0.9933071490757153,0.1
339,1,1.0,1.0,0.3333333333333333,1.0,0.0,1.0,1.0,0.9999988,0.99999999999997,0.2975398949154716,0.9541924479326098,0.9933071490757153,0.1
340,1,1.0,1.0,0.4666666666666667,1.0,0.0,1.0,1.0,0.9997571,0.99999999999997,0.4381537708976645,0.9276566667466671,0.9933071490757153,0.1
341,1,1.0,1.0,0.35,1.0,0.0,1.0,1.0,0.99999976,0.99999999999997,0.3433604229464645,0.9998133235196397,0.9933071490757153,0.1
342,1,1.0,1.0,0.4166666666666667,1.0,0.0,1.0,1.0,1.0,0.99999999999997,0.352265207489693,0.981556432567986,0.9933071490757153,0.1
343,1,1.0,1.0,0.5333333333333333,1.0,0.0,1.0,1.0,1.0,0.99999999999997,0.4668593638540937,0.9288603225091662,0.9933071490757153,0.1
344,1,1.0,1.0,0.36666666666666664,1.0,0.0,1.0,1.0,0.999998,0.99999999999997,0.3438623049765141,0.9827241642341763,0.9933071490757153,0.1
345,0,1.0,0.9833333333333333,0.3333333333333333,1.0,0.0,1.0,1.0,0.0010618677,0.1677089472380942,0.5075497168098849,0.9969770061105049,0.9933071490757153,0.1
346,0,1.0,1.0,0.5,1.0,1.0,1.0,1.0,3.855725e-09,0.006614859994639536,0.44106917111595806,0.9903104314858254,0.9933071490757153,0.1
347,0,1.0,1.0,0.4166666666666667,1.0,0.0,1.0,1.0,4.9658223e-07,0.0037186080633348838,0.5093539626688691,0.9977733990204705,0.9933071490757153,0.1
348,0,1.0,1.0,0.5833333333333334,1.0,1.0,1.0,1.0,2.0944259e-10,0.004438792528902122,0.3674315753451278,0.8332067976139917,0.9933071490757153,0.1
349,0,1.0,1.0,0.45,1.0,0.0,1.0,1.0,3.3853186e-07,0.004021271364082304,0.488250882101067,0.9966218172355377,0.9933071490757153,0.1
350,0,1.0,1.0,0.4166666666666667,1.0,0.0,1.0,1.0,2.3548158e-07,0.004682020475913696,0.5029982728698399,0.9978165990734699,0.9933071490757153,0.1
351,0,1.0,1.0,0.5666666666666667,1.0,1.0,1.0,1.0,3.196685e-09,0.005974117700205709,0.38447772039375766,0.9270813694195108,0.9933071490757153,0.1
352,0,1.0,1.0,0.4166666666666667,1.0,0.0,1.0,1.0,1.1097868e-15,0.005128804666587644,0.49684784339666227,0.9996586649502539,0.9933071490757153,0.1
353,0,1.0,1.0,0.45,1.0,1.0,1.0,1.0,1.4687729e-09,0.0038328060710842438,0.44788483384355937,0.9969881377123424,0.9933071490757153,0.1
354,0,1.0,1.0,0.55,1.0,1.0,1.0,1.0,3.085406e-13,0.004363234908436116,0.39588833469849505,0.9989911372246688,0.9933071490757153,0.1
355,0,1.0,1.0,0.35,1.0,0.0,1.0,1.0,3.5195757e-12,0.0036098051003719245,0.5277505913934247,0.9975957472701144,0.9933071490757153,0.1
356,0,1.0,1.0,0.6,1.0,1.0,1.0,1.0,3.138573e-07,0.004213722030162988,0.35421465976846117,0.9937130408880853,0.9933071490757153,0.1
357,0,1.0,1.0,0.38333333333333336,1.0,0.0,1.0,1.0,2.9151191e-05,0.004301045146639143,0.5271016770865026,0.9990708838449314,0.9933071490757153,0.1
358,0,1.0,1.0,0.3333333333333333,1.0,0.0,1.0,1.0,0.00033703377,0.003922328177003096,0.5565564131867847,0.9905013243873065,0.9933071490757153,0.1
359,0,1.0,1.0,0.36666666666666664,1.0,0.0,1.0,1.0,4.0963247e-10,0.004300380213607544,0.5083060194390485,0.8684726600743855,0.9933071490757153,0.1
360,0,1.0,1.0,0.35,1.0,0.0,0.0,1.0,0.24527542,0.004722948398377555,0.5422236193413148,0.9979863748500524,0.9933071490757153,0.1
361,0,1.0,1.0,0.43333333333333335,1.0,0.0,1.0,1.0,0.09122608,0.006931565877624258,0.4693782152569713,0.9924404130970857,0.9933071490757153,0.1
362,0,1.0,1.0,0.45,1.0,0.0,1.0,1.0,0.00047547824,0.004975978222040306,0.4764513909093895,0.9977339102976552,0.9933071490757153,0.1
363,0,1.0,1.0,0.38333333333333336,1.0,0.0,1.0,1.0,2.3204262e-08,0.004166795703081618,0.5139593806966493,0.9978039400938223,0.9933071490757153,0.1
364,0,1.0,1.0,0.31666666666666665,1.0,0.0,1.0,1.0,4.6237356e-10,0.0032130037541074183,0.5556063180197146,0.9935331540937254,0.9933071490757153,0.1
365,0,1.0,1.0,0.48333333333333334,1.0,1.0,1.0,1.0,0.00011751432,0.005374900085277939,0.45173470983482833,0.998012803103385,0.9933071490757153,0.1
366,0,1.0,1.0,0.3333333333333333,1.0,0.0,1.0,1.0,0.001928028,0.0038855936597025475,0.5393792175506817,0.9975986946513583,0.9933071490757153,0.1
367,0,1.0,1.0,0.48333333333333334,1.0,0.0,1.0,1.0,0.032937296,0.005888622335426825,0.44356198669152014,0.9998526839536236,0.9933071490757153,0.1
368,0,1.0,1.0,0.45,1.0,1.0,1.0,1.0,8.8561434e-13,0.003935841231315249,0.44990301864961285,0.9999781112706614,0.9933071490757153,0.1
369,0,1.0,1.0,0.4666666666666667,1.0,1.0,1.0,1.0,1.9807396e-14,0.004252677917348731,0.445848434219607,0.9994087147492192,0.9933071490757153,0.1
370,0,1.0,1.0,0.4166666666666667,1.0,0.0,1.0,1.0,0.096913636,0.005230872218473017,0.49805961870309384,0.989894714351425,0.9933071490757153,0.1
371,0,1.0,1.0,0.4,1.0,0.0,1.0,1.0,1.2570186e-07,0.003494363310091686,0.5107220721342615,0.9996466658028242,0.9933071490757153,0.1
372,0,1.0,1.0,0.5,1.0,1.0,1.0,1.0,5.525025e-11,0.003731928035191222,0.41697809644500927,0.9989143395729794,0.9933071490757153,0.1
373,0,1.0,1.0,0.3333333333333333,1.0,0.0,1.0,1.0,9.944789e-11,0.00524410850397553,0.5555492644896439,0.9992058975510171,0.9933071490757153,0.1
374,0,1.0,1.0,0.35,1.0,0.0,1.0,1.0,7.284352e-09,0.005381253203584638,0.5556233550340755,0.9987508395018768,0.9933071490757153,0.1
375,0,1.0,1.0,0.2833333333333333,1.0,0.0,1.0,1.0,4.6428923e-11,0.0033351354564390766,0.5893444628077147,0.9991303797955724,0.9933071490757153,0.1
376,0,1.0,1.0,0.5666666666666667,1.0,0.0,0.0,1.0,0.37659,0.003915122909276339,0.38914938967466,0.9988807379930776,0.9933071490757153,0.1
377,0,1.0,1.0,0.4166666666666667,1.0,0.0,1.0,1.0,2.901998e-22,0.003961968853558667,0.4962678878573184,0.9999812808719262,0.9933071490757153,0.1
378,0,1.0,1.0,0.43333333333333335,1.0,0.0,1.0,1.0,5.4661296e-14,0.003106025508279054,0.48608409222623533,0.9988443618380373,0.9933071490757153,0.1
379,0,1.0,1.0,0.4666666666666667,1.0,1.0,1.0,1.0,4.3558226e-05,0.005819812141712138,0.44938465489567586,0.9982774650137634,0.9933071490757153,0.1
380,1,1.0,1.0,0.35,1.0,0.0,0.0,1.0,0.99999964,0.6522518204948298,0.47938981594226904,0.9496261891118785,0.9933071490757153,0.1
381,1,1.0,1.0,0.4166666666666667,1.0,0.0,1.0,1.0,1.0,0.9999999998643753,0.43670162487301634,0.9989839903766677,0.9933071490757153,0.1
382,1,1.0,1.0,0.4166666666666667,1.0,0.0,1.0,1.0,1.0,0.9999999999987571,0.4320784534611839,0.9967337359341227,0.9933071490757153,0.1
383,1,1.0,1.0,0.36666666666666664,1.0,0.0,1.0,1.0,0.9999993,0.9999999999999193,0.3729158249349086,0.9968474743923036,0.9933071490757153,0.1
384,1,1.0,1.0,0.38333333333333336,1.0,0.0,1.0,1.0,0.99992156,0.9999999999998113,0.403583888615928,0.9991567569816014,0.9933071490757153,0.1
385,1,1.0,1.0,0.3333333333333333,1.0,0.0,1.0,1.0,1.0,0.99999999999997,0.3587224692420162,0.988057215910219,0.9933071490757153,0.1
386,1,1.0,1.0,0.3333333333333333,1.0,0.0,1.0,1.0,1.0,0.9999999999999699,0.35460557495589645,0.7783637834582099,0.9933071490757153,0.1
387,1,1.0,1.0,0.36666666666666664,1.0,0.0,1.0,1.0,1.0,0.99999999999997,0.3885116929413047,0.9442088087453052,0.9933071490757153,0.1
388,1,1.0,1.0,0.43333333333333335,1.0,0.0,1.0,1.0,1.0,0.999999999999964,0.43764121558131364,0.5845262444692684,0.9933071490757153,0.1
389,1,1.0,1.0,0.31666666666666665,1.0,0.0,1.0,1.0,1.0,0.999999999999925,0.33359837637048095,0.9849401474637541,0.9933071490757153,0.1
390,1,1.0,1.0,0.35,1.0,0.0,1.0,1.0,0.9999999,0.9999999999998386,0.3450736678358964,0.99809579642152,0.9933071490757153,0.1
391,1,1.0,1.0,0.4666666666666667,1.0,0.0,1.0,1.0,1.0,0.9999999999989567,0.4661121829732492,0.9830470668189278,0.9933071490757153,0.1
392,1,1.0,1.0,0.4666666666666667,1.0,0.0,1.0,1.0,1.0,0.999999999999527,0.4668202702157275,0.9954328690064986,0.9933071490757153,0.1
393,1,1.0,1.0,0.43333333333333335,1.0,0.0,1.0,1.0,1.0,0.9999999999999666,0.4462145069554248,0.884208301577366,0.9933071490757153,0.1
394,1,1.0,1.0,0.4666666666666667,1.0,0.0,1.0,1.0,1.0,0.99999999999997,0.44945124970489225,0.995705972815073,0.9933071490757153,0.1
395,1,1.0,1.0,0.4166666666666667,1.0,0.0,1.0,1.0,1.0,0.99999999999997,0.42819665058525247,0.9964337157632774,0.9933071490757153,0.1
396,1,1.0,1.0,0.5166666666666667,1.0,0.0,1.0,1.0,1.0,0.99999999999997,0.5117195119793119,0.9652220106261205,0.9933071490757153,0.1
397,1,1.0,1.0,0.36666666666666664,1.0,0.0,1.0,1.0,1.0,0.99999999999997,0.37690451879633907,0.8529754877758552,0.9933071490757153,0.1
398,1,1.0,1.0,0.45,1.0,0.0,1.0,1.0,1.0,0.99999999999997,0.4598522622309401,0.9974721539597273,0.9933071490757153,0.1
399,1,1.0,1.0,0.4,1.0,0.0,1.0,1.0,0.9999999,0.99999999999997,0.4091061310268491,0.9579709488562166,0.9933071490757153,0.1
400,1,1.0,1.0,0.5,1.0,0.0,1.0,1.0,1.0,0.99999999999997,0.5082683177762656,0.9298605208520094,0.9933071490757153,0.1
401,1,1.0,1.0,0.45,1.0,0.0,1.0,1.0,0.99924254,0.99999999999997,0.45931925007092644,0.9985192374703561,0.9933071490757153,0.1
402,1,1.0,1.0,0.38333333333333336,1.0,0.0,1.0,1.0,1.0,0.99999999999997,0.39257649311049864,0.9941707942346706,0.9933071490757153,0.1
403,1,1.0,1.0,0.3333333333333333,1.0,0.0,1.0,1.0,1.0,0.99999999999997,0.3486717068984548,0.9345542719332387,0.9933071490757153,0.1
404,1,1.0,1.0,0.48333333333333334,1.0,0.0,1.0,1.0,1.0,0.99999999999997,0.4926539607336534,0.943181879648438,0.9933071490757153,0.1
405,1,1.0,1.0,0.5666666666666667,1.0,0.0,1.0,1.0,1.0,0.9300381066877305,0.5342303225016101,0.9944290580531371,0.9933071490757153,0.1
406,1,1.0,1.0,0.48333333333333334,1.0,0.0,1.0,1.0,0.9999428,0.99999999999997,0.4972820103556881,0.9635043086147345,0.9933071490757153,0.1
407,1,1.0,1.0,0.38333333333333336,1.0,0.0,1.0,1.0,0.9999999,0.99999999999997,0.40884938951629174,0.9989009328289613,0.9933071490757153,0.1
408,1,1.0,1.0,0.5833333333333334,1.0,1.0,1.0,1.0,0.99999964,0.99999999999997,0.5790355557076534,0.5532423975531677,0.9933071490757153,0.1
409,1,1.0,1.0,0.43333333333333335,1.0,0.0,1.0,1.0,1.0,0.99999999999997,0.4563902331119498,0.9961883674697057,0.9933071490757153,0.1
410,1,1.0,1.0,0.45,1.0,0.0,1.0,1.0,1.0,0.99999999999997,0.4559362778747476,0.9503783446684738,0.9933071490757153,0.1
411,1,1.0,1.0,0.4666666666666667,1.0,0.0,1.0,1.0,1.0,0.99999999999997,0.45948346328981593,0.9558620081271904,0.9933071490757153,0.1
412,1,1.0,1.0,0.38333333333333336,1.0,0.0,1.0,1.0,1.0,0.99999999999997,0.406933837219939,0.9074013470719665,0.9933071490757153,0.1
413,0,1.0,0.9833333333333333,0.5333333333333333,1.0,0.0,1.0,1.0,2.5509136e-10,0.2248695681419546,0.3741915419825693,0.9910057766762222,0.9933071490757153,0.1
414,0,1.0,1.0,0.3333333333333333,1.0,0.0,1.0,1.0,5.9656127e-13,0.004654069024194096,0.5586440647516197,0.9437431533043366,0.9933071490757153,0.1
415,0,1.0,1.0,0.4666666666666667,1.0,1.0,1.0,1.0,2.5177649e-06,0.004193993295743389,0.4564661043852843,0.9985912499119581,0.9933071490757153,0.1
416,0,1.0,1.0,0.43333333333333335,1.0,0.0,1.0,1.0,3.2335362e-15,0.004687469747937245,0.4730942045615726,0.7195825432031142,0.9933071490757153,0.1
417,0,1.0,1.0,0.5,1.0,1.0,1.0,1.0,1.4360986e-09,0.003783829761083214,0.4436183054347692,0.9422837578708942,0.9933071490757153,0.1
418,0,0.0,1.0,0.4666666666666667,1.0,0.0,0.0,1.0,0.55502546,0.004723809838306164,0.44569808941061556,0.9946368571132507,0.9933071490757153,0.1
419,0,1.0,1.0,0.45,1.0,1.0,1.0,1.0,3.6301152e-08,0.005158219558982902,0.4614786377341757,0.9424302595483413,0.9933071490757153,0.1
420,0,1.0,1.0,0.43333333333333335,1.0,0.0,1.0,1.0,0.00020804726,0.003426304706647903,0.48368890617699606,0.998210308010379,0.9933071490757153,0.1
421,0,1.0,1.0,0.43333333333333335,1.0,0.0,1.0,1.0,2.0425522e-13,0.003686711174101814,0.47390920195930336,0.9997014326406021,0.9933071490757153,0.1
422,0,1.0,1.0,0.36666666666666664,1.0,0.0,1.0,1.0,3.0698664e-06,0.003956955714224504,0.538095710159097,0.997937206137918,0.9933071490757153,0.1
423,0,1.0,1.0,0.38333333333333336,1.0,0.0,1.0,1.0,5.485361e-09,0.0028064051332670117,0.5199818964494506,0.9993503165052193,0.9933071490757153,0.1
424,0,1.0,1.0,0.5666666666666667,1.0,1.0,1.0,1.0,8.3994045e-18,0.0037537675406766912,0.3904545138730175,0.9999719654257632,0.9933071490757153,0.1
425,0,1.0,1.0,0.4166666666666667,1.0,0.0,1.0,1.0,1.9635571e-10,0.004371603836178396,0.4836598692402833,0.9703263100300736,0.9933071490757153,0.1
426,0,1.0,1.0,0.38333333333333336,1.0,0.0,1.0,1.0,2.2862873e-11,0.0047561721400967176,0.5081524157614067,0.9981243980711986,0.9933071490757153,0.1
427,0,1.0,1.0,0.4,1.0,0.0,1.0,1.0,1.0409393e-14,0.0028946928922842,0.4887860777832573,0.9991572321546921,0.9933071490757153,0.1
428,0,1.0,1.0,0.45,1.0,1.0,1.0,1.0,5.922049e-08,0.003763547781914307,0.4532591389228699,0.9973889178735765,0.9933071490757153,0.1
429,0,1.0,1.0,0.36666666666666664,1.0,0.0,1.0,1.0,1.06342976e-10,0.003442767045974254,0.5400490662262636,0.9944616136471149,0.9933071490757153,0.1
430,0,1.0,1.0,0.38333333333333336,1.0,0.0,1.0,1.0,2.6561738e-06,0.0038111528514554274,0.49266397395725586,0.9902182741672196,0.9933071490757153,0.1
431,0,1.0,1.0,0.43333333333333335,1.0,0.0,1.0,1.0,2.5229213e-14,0.004174319042361948,0.4812576195382404,0.9002653880630448,0.9933071490757153,0.1
432,0,1.0,1.0,0.4166666666666667,1.0,0.0,1.0,1.0,8.4948235e-09,0.004254335227855887,0.4935533670980704,0.9987934981940624,0.9933071490757153,0.1
433,0,1.0,1.0,0.38333333333333336,1.0,0.0,1.0,1.0,0.00046293685,0.004819718155356489,0.5086200730475702,0.9993599696440956,0.9933071490757153,0.1
434,0,1.0,1.0,0.48333333333333334,1.0,1.0,1.0,1.0,0.00021716973,0.004286304539003378,0.4670575272814895,0.998998045625662,0.9933071490757153,0.1
435,0,1.0,1.0,0.5333333333333333,1.0,1.0,1.0,1.0,0.033517797,0.003907424710294624,0.3998900317190123,0.995642209375246,0.9933071490757153,0.1
436,0,1.0,1.0,0.35,1.0,0.0,1.0,1.0,1.4350312e-12,0.00470817929962053,0.5403405885531785,0.9995000491186564,0.9933071490757153,0.1
437,0,1.0,1.0,0.38333333333333336,1.0,0.0,1.0,1.0,4.7526902e-07,0.0029744284185233166,0.5108770231011025,0.9984527624379841,0.9933071490757153,0.1
438,0,1.0,1.0,0.38333333333333336,1.0,0.0,1.0,1.0,6.227813e-15,0.0038814156720899597,0.5134185278444827,0.9133346829817629,0.9933071490757153,0.1
439,0,1.0,1.0,0.5333333333333333,1.0,1.0,1.0,1.0,1.7823998e-08,0.004150951320470941,0.4045058513244864,0.999758336924347,0.9933071490757153,0.1
440,0,1.0,1.0,0.48333333333333334,1.0,1.0,1.0,1.0,1.075086e-12,0.003643656773503417,0.44387341256851714,0.9993666082816527,0.9933071490757153,0.1
441,0,1.0,1.0,0.35,1.0,0.0,0.0,1.0,0.24716257,0.003411404039514363,0.5513691741685933,0.9928439216578921,0.9933071490757153,0.1
442,0,1.0,1.0,0.43333333333333335,1.0,0.0,1.0,1.0,1.1908706e-11,0.004882833601004344,0.478572808910093,0.9474408112036444,0.9933071490757153,0.1
443,0,1.0,1.0,0.43333333333333335,1.0,0.0,1.0,1.0,2.0692324e-13,0.005269879176418715,0.46845388652689796,0.9921022026441253,0.9933071490757153,0.1
444,0,1.0,1.0,0.48333333333333334,1.0,1.0,1.0,1.0,3.268695e-08,0.005161402729197341,0.4521324507136689,0.9522030438304865,0.9933071490757153,0.1
445,0,1.0,1.0,0.4,1.0,0.0,1.0,1.0,1.5621916e-05,0.00451947162937614,0.498158380400932,0.9983332442881409,0.9933071490757153,0.1
446,0,1.0,1.0,0.4666666666666667,1.0,0.0,1.0,1.0,0.06558391,0.0037256602035709106,0.462874312448643,0.990073533540212,0.9933071490757153,0.1
447,0,1.0,1.0,0.3,1.0,0.0,1.0,1.0,2.475194e-11,0.004779315942881644,0.5828791239588192,0.996254267068034,0.9933071490757153,0.1
448,0,1.0,1.0,0.3333333333333333,1.0,0.0,1.0,1.0,3.6301152e-08,0.003404391727639212,0.5423622593904508,0.9424302595483413,0.9933071490757153,0.1
449,0,1.0,1.0,0.4166666666666667,1.0,0.0,1.0,1.0,4.7615655e-13,0.004062486541992251,0.4820722027500418,0.9494406645269254,0.9933071490757153,0.1
450,0,1.0,1.0,0.4,1.0,0.0,1.0,1.0,2.7918673e-05,0.004024003238080903,0.49361383977533874,0.9573858508439491,0.9933071490757153,0.1
451,0,1.0,1.0,0.35,1.0,0.0,1.0,1.0,1.5235688e-10,0.00435195522580108,0.5457713525632795,0.999908341946712,0.9933071490757153,0.1
452,0,1.0,1.0,0.4166666666666667,1.0,0.0,1.0,1.0,7.483814e-12,0.0036291235932938547,0.49697890712371434,0.9999886459307127,0.9933071490757153,0.1
453,0,1.0,1.0,0.23333333333333334,1.0,0.0,1.0,1.0,6.0328983e-07,0.003633117165831771,0.6164371207507994,0.9919468359896784,0.9933071490757153,0.1
454,0,1.0,1.0,0.36666666666666664,1.0,0.0,1.0,1.0,1.8890495e-08,0.0037018246644794483,0.5173962627178128,0.9882221301204265,0.9933071490757153,0.1
455,0,1.0,1.0,0.2833333333333333,1.0,0.0,1.0,1.0,1.04138466e-13,0.00700089375798855,0.5814507089510221,0.9998615472282074,0.9933071490757153,0.1
456,0,1.0,1.0,0.43333333333333335,1.0,0.0,1.0,1.0,6.207127e-09,0.0038197628184637048,0.4786702506734869,0.9983979043863443,0.9933071490757153,0.1
457,0,1.0,1.0,0.4666666666666667,1.0,1.0,1.0,1.0,6.289164e-13,0.0033101574930948846,0.4357461870823942,0.9965475791931406,0.9933071490757153,0.1
458,0,1.0,1.0,0.43333333333333335,1.0,0.0,1.0,1.0,0.0001164528,0.005085914898509573,0.48262649241487665,0.9948489871503855,0.9933071490757153,0.1
459,0,1.0,1.0,0.4166666666666667,1.0,0.0,1.0,1.0,8.343044e-10,0.003941121815711903,0.49929133949466503,0.999167235714994,0.9933071490757153,0.1
460,0,1.0,1.0,0.4666666666666667,1.0,1.0,1.0,1.0,2.8358274e-11,0.005591146409830069,0.4493117998147398,0.9937636155053198,0.9933071490757153,0.1
461,0,1.0,1.0,0.35,1.0,0.0,1.0,1.0,5.380775e-12,0.003871972026610676,0.5414050983069665,0.9677303015945528,0.9933071490757153,0.1
462,0,1.0,1.0,0.45,1.0,1.0,1.0,1.0,1.8939956e-12,0.00483751147085972,0.4484569147757064,0.951673602275095,0.9933071490757153,0.1
463,0,1.0,1.0,0.45,1.0,1.0,1.0,1.0,2.7712568e-14,0.004643389358047924,0.45516095971202913,0.9988162952629879,0.9933071490757153,0.1
464,1,1.0,1.0,0.4666666666666667,1.0,0.0,0.0,1.0,0.9981353,0.6436577728164645,0.4863375804006555,0.9805517176845443,0.9933071490757153,0.1
465,0,1.0,0.9833333333333333,0.3333333333333333,1.0,0.0,0.0,1.0,1.2769852e-05,0.47341963650895325,0.37162996872518295,0.991126415221072,0.9933071490757153,0.1
466,0,1.0,1.0,0.3,1.0,0.0,1.0,1.0,3.4769976e-13,0.0035635150497953043,0.5872237395588962,0.8426572352672214,0.9933071490757153,0.1
467,0,1.0,1.0,0.38333333333333336,1.0,0.0,1.0,1.0,9.50011e-10,0.00521396344662509,0.5086216565779351,0.9970151797005063,0.9933071490757153,0.1
468,0,1.0,1.0,0.4166666666666667,1.0,0.0,1.0,1.0,2.580622e-06,0.0033096172145027636,0.4953088613463713,0.9918415510347515,0.9933071490757153,0.1
469,0,1.0,1.0,0.5166666666666667,1.0,0.0,0.0,1.0,0.17463042,0.0042205844802908725,0.4074618864410334,0.994339735728087,0.9933071490757153,0.1
470,0,1.0,1.0,0.3333333333333333,1.0,0.0,1.0,1.0,4.7685397e-08,0.005045914247016685,0.5476600023526614,0.9945557246021917,0.9933071490757153,0.1
471,1,0.0,1.0,0.43333333333333335,0.0,0.0,0.0,1.0,0.2371935,0.9704135258071119,0.41406961901951084,0.7946938322306907,0.9933071490757153,0.1
472,1,1.0,1.0,0.5166666666666667,1.0,0.0,1.0,1.0,0.923362,0.9943363423849028,0.44609738716656105,0.9826494727234164,0.9933071490757153,0.1
473,1,1.0,1.0,0.4666666666666667,1.0,0.0,1.0,1.0,1.0,0.9934801577888442,0.40916229288750894,0.9975318705174454,0.9933071490757153,0.1
474,1,1.0,1.0,0.31666666666666665,1.0,0.0,1.0,1.0,1.0,0.9928385281563954,0.3190914843938539,0.993185255462296,0.9933071490757153,0.1
475,1,1.0,1.0,0.43333333333333335,1.0,0.0,1.0,1.0,1.0,0.992132030464627,0.4019819204460189,0.9949821581880332,0.9933071490757153,0.1
476,1,1.0,1.0,0.2833333333333333,1.0,0.0,0.0,1.0,1.0,0.9919165637045583,0.28451349047325797,0.9832106537164823,0.9933071490757153,0.1
477,1,1.0,1.0,0.43333333333333335,1.0,0.0,1.0,1.0,1.0,0.9913754665972395,0.4059121230572089,0.9995621995095887,0.9933071490757153,0.1
478,1,1.0,1.0,0.43333333333333335,1.0,0.0,1.0,1.0,1.0,0.9910267874548083,0.39162008965352,0.9974577456488538,0.9933071490757153,0.1
479,1,1.0,1.0,0.4,1.0,0.0,1.0,1.0,1.0,0.9912234058571483,0.3663296062249456,0.9324533088603709,0.9933071490757153,0.1
480,1,1.0,1.0,0.4,1.0,0.0,1.0,1.0,0.9999989,0.9911450945463515,0.371750661893363,0.9981671179996457,0.9933071490757153,0.1
481,1,1.0,1.0,0.43333333333333335,1.0,0.0,0.0,1.0,0.95600516,0.9918766318228234,0.3775588784454401,0.6634061535129593,0.9933071490757153,0.1
482,1,1.0,1.0,0.4166666666666667,1.0,0.0,1.0,1.0,1.0,0.9923435769387177,0.39153341195694424,0.9705707731371274,0.9933071490757153,0.1
483,1,1.0,1.0,0.5333333333333333,1.0,0.0,1.0,1.0,1.0,0.991869884522307,0.49589289955184396,0.988243021970549,0.9933071490757153,0.1
484,1,1.0,1.0,0.31666666666666665,1.0,0.0,0.0,1.0,1.0,0.9908735330241458,0.28328800613556615,0.9639275543191664,0.9933071490757153,0.1
485,1,1.0,1.0,0.4,1.0,0.0,1.0,1.0,0.9999974,0.9902563241909881,0.38912589708521794,0.9941427637548189,0.9933071490757153,0.1
486,1,1.0,1.0,0.48333333333333334,1.0,0.0,1.0,1.0,1.0,0.9910353955227114,0.4388193108048752,0.5845262444692684,0.9933071490757153,0.1
487,1,1.0,1.0,0.35,1.0,0.0,0.0,1.0,1.0,0.9910383497068072,0.28647241962232683,0.9993923356654477,0.9933071490757153,0.1
488,1,1.0,1.0,0.43333333333333335,1.0,0.0,1.0,1.0,1.0,0.9912660263778322,0.39407060104499203,0.8072482763468041,0.9933071490757153,0.1
489,1,1.0,1.0,0.4,1.0,0.0,1.0,1.0,0.99999976,0.9911490204813747,0.369484427131361,0.9998133235196397,0.9933071490757153,0.1
490,1,1.0,1.0,0.5166666666666667,1.0,0.0,1.0,1.0,0.98029023,0.9920136413881196,0.42764720214712487,0.999864722282681,0.9933071490757153,0.1
491,1,1.0,1.0,0.5166666666666667,1.0,0.0,1.0,1.0,1.0,0.9914447957281042,0.42621384974072823,0.9968911334926136,0.9933071490757153,0.1
492,1,1.0,1.0,0.4,1.0,0.0,1.0,1.0,1.0,0.9908937499915389,0.3733513133329563,0.9997152191114753,0.9933071490757153,0.1
493,1,1.0,1.0,0.48333333333333334,1.0,0.0,1.0,1.0,0.999995,0.9912882396802937,0.4298013019511004,0.9993036409926831,0.9933071490757153,0.1
494,1,1.0,1.0,0.35,1.0,0.0,1.0,1.0,1.0,0.9915597855505838,0.33948109447964814,0.9679310901720676,0.9933071490757153,0.1
495,1,1.0,1.0,0.3,1.0,0.0,0.0,1.0,1.0,0.9918542519133174,0.27252370930838044,0.9998034681138462,0.9933071490757153,0.1
496,1,1.0,1.0,0.43333333333333335,1.0,0.0,1.0,1.0,1.0,0.9910681909564063,0.3932724748325841,0.9981883038982182,0.9933071490757153,0.1
497,1,1.0,1.0,0.4166666666666667,1.0,0.0,1.0,1.0,1.0,0.9898612123979216,0.3957462049382813,0.6180199338147758,0.9933071490757153,0.1
498,1,1.0,1.0,0.5,1.0,0.0,1.0,1.0,0.9991246,0.9890029515797013,0.4043513755355482,0.5705662232765984,0.9933071490757153,0.1
499,1,1.0,1.0,0.48333333333333334,1.0,0.0,1.0,1.0,1.0,0.9885186264853206,0.459500291011915,0.9938736283982835,0.9933071490757153,0.1
500,1,1.0,1.0,0.36666666666666664,1.0,0.0,1.0,1.0,1.0,0.9882602741178962,0.368729456056283,0.966803264709846,0.9933071490757153,0.1
501,1,1.0,1.0,0.38333333333333336,1.0,0.0,1.0,1.0,0.99999785,0.9874992912471747,0.35896763041331503,0.9998641474360097,0.9933071490757153,0.1
502,1,1.0,1.0,0.43333333333333335,1.0,0.0,1.0,1.0,1.0,0.9872992144371692,0.41493220674006603,0.9991952088664012,0.9933071490757153,0.1
503,1,1.0,1.0,0.26666666666666666,1.0,0.0,0.0,1.0,0.9999994,0.9870099081151231,0.25983044049529214,0.5399796203406995,0.9933071490757153,0.1
504,1,1.0,1.0,0.4,1.0,0.0,1.0,1.0,0.9999995,0.9869542414758362,0.3538797732975966,0.9901461504579078,0.9933071490757153,0.1
505,1,1.0,1.0,0.4166666666666667,1.0,0.0,1.0,1.0,1.0,0.986843454027938,0.3669127183631454,0.9982457461874501,0.9933071490757153,0.1
506,1,1.0,1.0,0.48333333333333334,1.0,0.0,1.0,1.0,1.0,0.9868701634004889,0.45435950778286355,0.9996403155866256,0.9933071490757153,0.1
507,1,1.0,1.0,0.4166666666666667,1.0,0.0,1.0,1.0,1.0,0.9866896656313047,0.37180429825875994,0.9963620925503588,0.9933071490757153,0.1
508,1,1.0,1.0,0.4666666666666667,1.0,0.0,1.0,1.0,1.0,0.9867510161212073,0.4129838229533849,0.8715696181672996,0.9933071490757153,0.1
509,1,1.0,1.0,0.4,1.0,0.0,1.0,1.0,0.999998,0.9866065092008393,0.38296152271041944,0.9827241642341763,0.9933071490757153,0.1
510,1,1.0,1.0,0.5333333333333333,1.0,0.0,1.0,1.0,1.0,0.9865944613287646,0.470717645538191,0.9287942111642424,0.9933071490757153,0.1
511,1,1.0,1.0,0.4166666666666667,1.0,0.0,1.0,1.0,0.9999981,0.986548196432946,0.39685718115677715,0.7108218047522769,0.9933071490757153,0.1
512,1,1.0,1.0,0.5166666666666667,1.0,0.0,1.0,1.0,1.0,0.9863132931992526,0.44984455507333604,0.9984813614304807,0.9933071490757153,0.1
513,1,1.0,1.0,0.4,1.0,0.0,1.0,1.0,0.9989341,0.9863047095623909,0.3819665290926799,0.9603515077435356,0.9933071490757153,0.1
514,1,1.0,1.0,0.4166666666666667,1.0,0.0,1.0,1.0,0.99999714,0.9862836540720367,0.38138248935545144,0.9316086858026174,0.9933071490757153,0.1
515,1,1.0,1.0,0.4,1.0,0.0,1.0,1.0,1.0,0.9862825718433865,0.38182691911877764,0.5631580296325531,0.9933071490757153,0.1
516,1,1.0,1.0,0.45,1.0,0.0,1.0,1.0,1.0,0.9861867366517757,0.41537469419134765,0.9972086901972916,0.9933071490757153,0.1
517,1,1.0,1.0,0.36666666666666664,1.0,0.0,1.0,1.0,1.0,0.9862829571237257,0.34428799046500086,0.9900447409271893,0.9933071490757153,0.1
518,1,1.0,1.0,0.43333333333333335,1.0,0.0,1.0,1.0,1.0,0.9861167728446362,0.41482951326859996,0.875600586281366,0.9933071490757153,0.1
519,1,1.0,1.0,0.45,1.0,0.0,1.0,1.0,1.0,0.9862027319562977,0.39948069075553166,0.995705972815073,0.9933071490757153,0.1
520,1,1.0,1.0,0.43333333333333335,1.0,0.0,1.0,1.0,1.0,0.9861701810692322,0.40037338324219274,0.999294981750817,0.9933071490757153,0.1
521,1,1.0,1.0,0.36666666666666664,1.0,0.0,1.0,1.0,0.99995625,0.986282501537637,0.3685209721670806,0.9767727587170463,0.9933071490757153,0.1
522,1,1.0,1.0,0.43333333333333335,1.0,0.0,1.0,1.0,1.0,0.9862358518890377,0.38736155491253565,0.9914913073591773,0.9933071490757153,0.1
523,1,1.0,1.0,0.4,1.0,0.0,1.0,1.0,0.9999585,0.9862601001633544,0.37648787581640897,0.9983469135392308,0.9933071490757153,0.1
524,1,1.0,1.0,0.35,1.0,0.0,1.0,1.0,1.0,0.986223644054861,0.354139348771071,0.9262386502084241,0.9933071490757153,0.1
525,1,1.0,1.0,0.4166666666666667,1.0,0.0,1.0,1.0,1.0,0.9861961235486508,0.3880656794124803,0.9554944505268729,0.9933071490757153,0.1
526,1,1.0,1.0,0.35,1.0,0.0,1.0,1.0,0.9981451,0.9860729531593737,0.3354981225973707,0.9927734060049203,0.9933071490757153,0.1
527,1,1.0,1.0,0.4166666666666667,1.0,0.0,1.0,1.0,1.0,0.9861872331502597,0.3901155052943136,0.9998034681138462,0.9933071490757153,0.1
528,1,1.0,1.0,0.48333333333333334,1.0,0.0,1.0,1.0,1.0,0.9862462127890727,0.42354597612930117,0.9600060291474057,0.9933071490757153,0.1
529,1,1.0,1.0,0.4666666666666667,1.0,0.0,1.0,1.0,1.0,0.986240155751148,0.4147777515048628,0.9855134906874035,0.9933071490757153,0.1
530,1,1.0,1.0,0.43333333333333335,1.0,0.0,1.0,1.0,1.0,0.9862458238136627,0.40947705458318784,0.9904944893815404,0.9933071490757153,0.1
531,1,1.0,1.0,0.36666666666666664,1.0,0.0,1.0,1.0,0.9999889,0.986140474540331,0.32767672895056965,0.9183386426600785,0.9933071490757153,0.1
532,1,1.0,1.0,0.4666666666666667,1.0,0.0,1.0,1.0,1.0,0.9861554027528451,0.44948560231748985,0.9848075749966261,0.9933071490757153,0.1
533,1,1.0,1.0,0.5,1.0,0.0,1.0,1.0,0.99992573,0.9862542903244192,0.42168570929520366,0.9846133399849264,0.9933071490757153,0.1
534,1,1.0,1.0,0.31666666666666665,1.0,0.0,0.0,1.0,0.9999999,0.9862893503059349,0.29803642817410714,0.990107007903733,0.9933071490757153,0.1
535,1,1.0,1.0,0.35,1.0,0.0,1.0,1.0,1.0,0.9862203807787894,0.3187009714250943,0.6984923634769793,0.9933071490757153,0.1
536,1,1.0,1.0,0.43333333333333335,1.0,0.0,1.0,1.0,0.99999964,0.9862756500093413,0.40776923778288765,0.9755829287641155,0.9933071490757153,0.1
537,1,1.0,1.0,0.43333333333333335,1.0,0.0,1.0,1.0,1.0,0.9862127574246029,0.3943563672787796,0.9978026624290602,0.9933071490757153,0.1
538,1,1.0,1.0,0.4,1.0,0.0,1.0,1.0,1.0,0.9861933409866261,0.3725165586142783,0.9974369194670678,0.9933071490757153,0.1
539,1,1.0,1.0,0.35,1.0,0.0,1.0,1.0,1.0,0.9863201069345853,0.3455676497733389,0.9944629846456164,0.9933071490757153,0.1
540,1,1.0,1.0,0.5,1.0,0.0,1.0,1.0,1.0,0.9861468997017203,0.44901062245385,0.9499472282946773,0.9933071490757153,0.1
541,1,1.0,1.0,0.4166666666666667,1.0,0.0,1.0,1.0,1.0,0.9862270475793836,0.3781843064333326,0.9995972062072678,0.9933071490757153,0.1
542,1,1.0,1.0,0.45,1.0,0.0,1.0,1.0,0.9999999,0.9861650369862152,0.4218757517523544,0.7471575579130543,0.9933071490757153,0.1
543,1,1.0,1.0,0.35,1.0,0.0,1.0,1.0,1.0,0.9862477821027615,0.3388731169389437,0.9490949107048228,0.9933071490757153,0.1
544,1,1.0,1.0,0.38333333333333336,1.0,0.0,1.0,1.0,0.9999999,0.9863233945208247,0.3605871161388938,0.9521327277643543,0.9933071490757153,0.1
545,1,1.0,1.0,0.45,1.0,0.0,1.0,1.0,1.0,0.9863454716602927,0.4226009277537687,0.9984566819464655,0.9933071490757153,0.1
546,1,1.0,1.0,0.4166666666666667,1.0,0.0,1.0,1.0,0.9999583,0.9863892129751585,0.385934035559402,0.9743710436115257,0.9933071490757153,0.1
547,1,1.0,1.0,0.38333333333333336,1.0,0.0,1.0,1.0,1.0,0.9864344559645042,0.355074361244888,0.9762129978175753,0.9933071490757153,0.1
548,1,1.0,1.0,0.4166666666666667,1.0,0.0,1.0,1.0,1.0,0.9864387075368499,0.37654286523057023,0.997173786055667,0.9933071490757153,0.1
549,1,1.0,1.0,0.43333333333333335,1.0,0.0,1.0,1.0,0.99998546,0.9865094229347667,0.39393648351680155,0.9979684512636778,0.9933071490757153,0.1
550,1,1.0,1.0,0.45,1.0,0.0,1.0,1.0,1.0,0.9866079688464148,0.4234530835076006,0.89132174362642,0.9933071490757153,0.1
551,1,1.0,1.0,0.55,1.0,0.0,1.0,1.0,1.0,0.986404150794722,0.4515434100542748,0.9982457461874501,0.9933071490757153,0.1
552,1,1.0,1.0,0.38333333333333336,1.0,0.0,1.0,1.0,0.9999999,0.9864942507580133,0.35250071059310767,0.990107007903733,0.9933071490757153,0.1
553,1,1.0,1.0,0.4166666666666667,1.0,0.0,1.0,1.0,0.9999981,0.9864541949809145,0.3768549212667463,0.9657870074881826,0.9933071490757153,0.1
554,1,1.0,1.0,0.36666666666666664,1.0,0.0,1.0,1.0,1.0,0.986626658119638,0.3499580185737024,0.9945311123996511,0.9933071490757153,0.1
555,1,1.0,1.0,0.48333333333333334,1.0,0.0,1.0,1.0,1.0,0.9870626513167778,0.43840139668812234,0.9500007573512524,0.9933071490757153,0.1
556,1,1.0,1.0,0.5666666666666667,1.0,0.0,1.0,1.0,1.0,0.9872304328441215,0.4796758306207215,0.9822507179352163,0.9933071490757153,0.1
557,1,1.0,1.0,0.3333333333333333,1.0,0.0,1.0,1.0,0.99956864,0.9873160225574016,0.33273020529517866,0.9800274578894133,0.9933071490757153,0.1
558,1,1.0,1.0,0.43333333333333335,1.0,0.0,1.0,1.0,1.0,0.987347824357507,0.3904876761936779,0.9452288950802206,0.9933071490757153,0.1
559,1,1.0,1.0,0.38333333333333336,1.0,0.0,1.0,1.0,1.0,0.987419924943353,0.38361888612585626,0.997173786055667,0.9933071490757153,0.1
560,1,1.0,1.0,0.4,1.0,0.0,1.0,1.0,0.99996936,0.9869846252810746,0.39354447345986693,0.9988683802649845,0.9933071490757153,0.1
561,1,1.0,1.0,0.43333333333333335,1.0,0.0,1.0,1.0,0.99997294,0.9868994934432485,0.40405071235562084,0.9356420825804335,0.9933071490757153,0.1
562,1,1.0,1.0,0.2833333333333333,1.0,0.0,0.0,1.0,1.0,0.9867254225945208,0.26696633470521974,0.9666770074785324,0.9933071490757153,0.1
563,1,1.0,1.0,0.36666666666666664,1.0,0.0,1.0,1.0,1.0,0.9864950207151721,0.3438471131923654,0.5527794331959262,0.9933071490757153,0.1
564,1,1.0,1.0,0.5,1.0,0.0,1.0,1.0,1.0,0.9865445738484271,0.4560871750634251,0.9986122792954104,0.9933071490757153,0.1
565,1,1.0,1.0,0.4,1.0,0.0,1.0,1.0,0.9919665,0.9864921056910095,0.4045130873510569,0.9980073587863795,0.9933071490757153,0.1
566,1,1.0,1.0,0.4666666666666667,1.0,0.0,1.0,1.0,1.0,0.9865501959935765,0.416729613833787,0.9995567552873014,0.9933071490757153,0.1
567,1,1.0,1.0,0.31666666666666665,1.0,0.0,1.0,1.0,1.0,0.9862941774611641,0.32834132103950325,0.9997487656180595,0.9933071490757153,0.1
568,1,1.0,1.0,0.3333333333333333,1.0,0.0,1.0,1.0,1.0,0.9863449118054136,0.322982351122246,0.9939013767244443,0.9933071490757153,0.1
569,1,1.0,1.0,0.4666666666666667,1.0,0.0,1.0,1.0,1.0,0.986464522806816,0.4444458137608748,0.9994534991285807,0.9933071490757153,0.1
570,1,1.0,1.0,0.43333333333333335,1.0,0.0,1.0,1.0,1.0,0.9866674373335916,0.3834289540265346,0.9826271149828205,0.9933071490757153,0.1
571,1,1.0,1.0,0.3333333333333333,1.0,0.0,1.0,1.0,0.9932065,0.9866621208614564,0.34789639849954096,0.7370941409933004,0.9933071490757153,0.1
572,1,1.0,1.0,0.4166666666666667,1.0,0.0,1.0,1.0,0.99999666,0.9864507012720815,0.34556455260981733,0.999452029996397,0.9933071490757153,0.1
573,1,1.0,1.0,0.3,1.0,0.0,0.0,1.0,0.9820988,0.9862980029921756,0.282274064388178,0.9755342859537505,0.9933071490757153,0.1
574,1,1.0,1.0,0.36666666666666664,1.0,0.0,1.0,1.0,0.99993825,0.9862356081798448,0.36725959943203623,0.9996093175663895,0.9933071490757153,0.1
575,1,1.0,1.0,0.38333333333333336,1.0,0.0,1.0,1.0,1.0,0.9863933136278623,0.35194746027231605,0.9776280474608222,0.9933071490757153,0.1
576,1,1.0,1.0,0.36666666666666664,1.0,0.0,1.0,1.0,1.0,0.9864589020005461,0.35077149846299444,0.9893606989638254,0.9933071490757153,0.1
577,1,1.0,1.0,0.4166666666666667,1.0,0.0,1.0,1.0,0.9999999,0.9863934256421095,0.3791916284523323,0.9801257435239146,0.9933071490757153,0.1
578,1,1.0,1.0,0.4166666666666667,1.0,0.0,1.0,1.0,0.9999602,0.9864703538868592,0.36241128400647965,0.9960379116227772,0.9933071490757153,0.1
579,1,1.0,1.0,0.5166666666666667,1.0,0.0,1.0,1.0,1.0,0.9865633196487625,0.4761970085723107,0.999127205117121,0.9933071490757153,0.1
580,1,1.0,1.0,0.43333333333333335,1.0,0.0,1.0,1.0,1.0,0.9864629509301938,0.39932987696026384,0.999494462415416,0.9933071490757153,0.1
581,1,1.0,1.0,0.5166666666666667,1.0,0.0,1.0,1.0,1.0,0.9866253624291236,0.4627894440174843,0.9975318705174454,0.9933071490757153,0.1
582,1,1.0,1.0,0.4166666666666667,1.0,0.0,1.0,1.0,1.0,0.9863942468173464,0.3690936599222001,0.9976129341968325,0.9933071490757153,0.1
583,1,1.0,1.0,0.4166666666666667,1.0,0.0,1.0,1.0,1.0,0.9863285225007363,0.3620502518803376,0.9994816439050238,0.9933071490757153,0.1
584,1,1.0,1.0,0.4666666666666667,1.0,0.0,1.0,1.0,1.0,0.9864738235131411,0.45847019916823323,0.8244449446062205,0.9933071490757153,0.1
585,0,1.0,0.23333333333333334,0.3333333333333333,0.0,0.0,0.0,1.0,7.0682546e-07,0.9559556114120084,0.5411533277255515,0.997303613359084,0.9933071490757153,0.1
586,0,1.0,0.8666666666666667,0.6,1.0,0.0,1.0,1.0,1.49261e-07,0.1875270430979975,0.3544605772142804,0.9965497048351973,0.9933071490757153,0.1
587,0,1.0,1.0,0.5,1.0,1.0,1.0,1.0,2.8691318e-13,0.016584264251580796,0.4318902629783085,0.9994399434270754,0.9933071490757153,0.1
588,0,1.0,1.0,0.4,1.0,0.0,1.0,1.0,1.4360986e-09,0.003843425533697891,0.49089971644279307,0.9422837578708942,0.9933071490757153,0.1
589,0,1.0,1.0,0.35,1.0,0.0,1.0,1.0,9.042186e-14,0.004004464101141334,0.5410957419967874,0.9948760964513659,0.9933071490757153,0.1
590,0,1.0,1.0,0.38333333333333336,1.0,0.0,1.0,1.0,3.5713534e-09,0.006089631517171854,0.5090330924310856,0.9922714005033167,0.9933071490757153,0.1
591,0,1.0,1.0,0.4,1.0,0.0,1.0,1.0,0.011468478,0.0046383906582837,0.49233802436624485,0.9802658264640227,0.9933071490757153,0.1
592,0,1.0,1.0,0.35,1.0,0.0,1.0,1.0,0.0009685895,0.0036558184356508816,0.5438654105257362,0.9940552882031537,0.9933071490757153,0.1
593,0,1.0,1.0,0.4666666666666667,1.0,1.0,1.0,1.0,1.2483182e-09,0.005172425636090789,0.45214017568014964,0.9990419080595078,0.9933071490757153,0.1
594,0,1.0,1.0,0.35,1.0,0.0,1.0,1.0,3.413408e-14,0.004567059960243859,0.5394477310219536,0.9992567387715061,0.9933071490757153,0.1
595,0,1.0,1.0,0.55,1.0,1.0,1.0,1.0,2.3518e-06,0.006335915617940938,0.3929971802152715,0.9322994333674488,0.9933071490757153,0.1
596,0,1.0,1.0,0.45,1.0,0.0,1.0,1.0,1.458509e-15,0.004196392447333304,0.4729638830222203,0.9986209217298081,0.9933071490757153,0.1
597,0,1.0,1.0,0.3333333333333333,1.0,0.0,1.0,1.0,7.100475e-07,0.004497054786898366,0.5328971115354466,0.9787355161457602,0.9933071490757153,0.1
598,0,1.0,1.0,0.4166666666666667,1.0,0.0,1.0,1.0,1.7297139e-12,0.004400737158990646,0.4899179191705125,0.9929430764630545,0.9933071490757153,0.1
599,0,1.0,1.0,0.36666666666666664,1.0,0.0,1.0,1.0,1.4226966e-08,0.004255810148884944,0.5218443168809982,0.9998212579518387,0.9933071490757153,0.1
600,0,1.0,1.0,0.36666666666666664,1.0,0.0,1.0,1.0,3.6651143e-06,0.0038585340107554224,0.5186363156020023,0.9885903021126833,0.9933071490757153,0.1
601,0,1.0,1.0,0.4666666666666667,1.0,1.0,1.0,1.0,2.1598137e-06,0.004510973899590213,0.4621530467144298,0.9972958530424092,0.9933071490757153,0.1
602,0,1.0,1.0,0.4666666666666667,1.0,1.0,1.0,1.0,6.217808e-11,0.007504627714446553,0.4641754834486877,0.9823276173775158,0.9933071490757153,0.1
603,0,1.0,1.0,0.5,1.0,1.0,1.0,1.0,1.1777522e-13,0.003350485360338554,0.4297090079127995,0.8922058767584568,0.9933071490757153,0.1
604,0,1.0,1.0,0.36666666666666664,1.0,0.0,1.0,1.0,3.2335362e-15,0.005770404061947935,0.5254077361857044,0.7195825432031142,0.9933071490757153,0.1
605,0,1.0,1.0,0.36666666666666664,1.0,0.0,1.0,1.0,0.0013155938,0.0052338307179442736,0.5279212749894432,0.9926902695965325,0.9933071490757153,0.1
606,1,1.0,1.0,0.31666666666666665,1.0,0.0,0.0,1.0,1.0,0.7845894062281261,0.36623847210626703,0.9997803300375719,0.9933071490757153,0.1
607,1,1.0,1.0,0.38333333333333336,1.0,0.0,1.0,1.0,1.0,0.99999999999997,0.4138287263114178,0.9420372454368549,0.9933071490757153,0.1
608,1,1.0,1.0,0.45,1.0,0.0,1.0,1.0,1.0,0.99999999999997,0.4659636508888383,0.9992998185451856,0.9933071490757153,0.1
609,1,1.0,1.0,0.45,1.0,0.0,1.0,1.0,0.99999964,0.99999999999997,0.4653021588335565,0.614864268738593,0.9933071490757153,0.1
610,1,1.0,1.0,0.31666666666666665,1.0,0.0,1.0,1.0,1.0,0.99999999999997,0.35705894544742667,0.9990199960776082,0.9933071490757153,0.1
611,1,1.0,1.0,0.38333333333333336,1.0,0.0,1.0,1.0,0.9964586,0.99999999999997,0.4125175264367749,0.9915073481917241,0.9933071490757153,0.1
612,1,1.0,1.0,0.4,1.0,0.0,1.0,1.0,1.0,0.9999999999999588,0.42670866350966385,0.9287942111642424,0.9933071490757153,0.1
613,0,1.0,1.0,0.43333333333333335,1.0,0.0,1.0,1.0,7.7522316e-07,0.008905299288017112,0.4846566665807389,0.9996364373445367,0.9933071490757153,0.1
614,0,1.0,1.0,0.38333333333333336,1.0,0.0,1.0,1.0,4.6004242e-10,0.004358821607832417,0.514613274779845,0.9369117059713367,0.9933071490757153,0.1
615,0,1.0,1.0,0.48333333333333334,1.0,1.0,1.0,1.0,1.8047841e-11,0.005710246993605316,0.4455659729955372,0.9970289773666676,0.9933071490757153,0.1
616,0,1.0,1.0,0.55,1.0,1.0,1.0,1.0,7.192462e-08,0.005346281662619829,0.3900344319625091,0.9983078923350568,0.9933071490757153,0.1
617,0,1.0,1.0,0.38333333333333336,1.0,0.0,1.0,1.0,1.1843487e-08,0.005681291703064222,0.5082315938434686,0.9971144430939773,0.9933071490757153,0.1
618,0,1.0,1.0,0.38333333333333336,1.0,0.0,1.0,1.0,1.3037531e-08,0.0034204755121863546,0.49982337659607445,0.9933021958230617,0.9933071490757153,0.1
619,0,1.0,1.0,0.5166666666666667,1.0,1.0,1.0,1.0,4.0963247e-10,0.0043296638746471,0.41015141807069516,0.8684726600743855,0.9933071490757153,0.1
620,1,1.0,0.9833333333333333,0.48333333333333334,1.0,0.0,1.0,1.0,0.9999976,0.9335176553975745,0.48926544076378675,0.9997428013212655,0.9933071490757153,0.1
621,1,1.0,1.0,0.3333333333333333,1.0,0.0,1.0,1.0,1.0,0.99999999999997,0.3479861015519728,0.9951118454806464,0.9933071490757153,0.1
622,1,1.0,1.0,0.35,1.0,0.0,1.0,1.0,1.0,0.99999999999997,0.3621353016726708,0.9420372454368549,0.9933071490757153,0.1
623,1,1.0,1.0,0.43333333333333335,1.0,0.0,1.0,1.0,1.0,0.99999999999997,0.42074054707988945,0.9997825515363279,0.9933071490757153,0.1
624,1,1.0,1.0,0.5,1.0,0.0,1.0,1.0,1.0,0.99999999999997,0.46695196353847274,0.9991870490817953,0.9933071490757153,0.1
625,1,1.0,1.0,0.4666666666666667,1.0,0.0,1.0,1.0,1.0,0.99999999999997,0.43769085462488033,0.9982410547609468,0.9933071490757153,0.1
626,1,1.0,1.0,0.38333333333333336,1.0,0.0,1.0,1.0,1.0,0.99999999999997,0.3810147081472348,0.9998966843937418,0.9933071490757153,0.1
627,1,1.0,1.0,0.4166666666666667,1.0,0.0,1.0,1.0,1.0,0.99999999999997,0.4001874218850914,0.8737344042281255,0.9933071490757153,0.1
628,1,1.0,1.0,0.45,1.0,0.0,1.0,1.0,0.9993013,0.99999999999997,0.4419728894752889,0.9912138629047057,0.9933071490757153,0.1
629,1,1.0,1.0,0.36666666666666664,1.0,0.0,1.0,1.0,1.0,0.99999999999997,0.34006943405201284,0.953540421649482,0.9933071490757153,0.1
630,1,1.0,1.0,0.5333333333333333,1.0,0.0,1.0,1.0,0.99981683,0.99999999999997,0.5140517337227399,0.9718834432625131,0.9933071490757153,0.1
631,1,1.0,1.0,0.4,1.0,0.0,1.0,1.0,0.9991246,0.99999999999997,0.3938880616602117,0.5705662232765984,0.9933071490757153,0.1
632,1,1.0,1.0,0.4,1.0,0.0,1.0,1.0,1.0,0.99999999999997,0.4058429035763365,0.9297786559752929,0.9933071490757153,0.1
633,1,1.0,1.0,0.4666666666666667,1.0,0.0,1.0,1.0,1.0,0.99999999999997,0.44419818596784577,0.9345542719332387,0.9933071490757153,0.1
634,1,1.0,1.0,0.4,1.0,0.0,1.0,1.0,1.0,0.99999999999997,0.3803100446849839,0.9965971201429977,0.9933071490757153,0.1
635,1,1.0,1.0,0.43333333333333335,1.0,0.0,1.0,1.0,1.0,0.99999999999997,0.4026577008070941,0.9868352315495382,0.9933071490757153,0.1
636,1,1.0,1.0,0.43333333333333335,1.0,0.0,1.0,1.0,0.9999982,0.99999999999997,0.4093666281828833,0.9761928213169195,0.9933071490757153,0.1
637,1,1.0,1.0,0.4,1.0,0.0,1.0,1.0,1.0,0.99999999999997,0.3961782616797023,0.884208301577366,0.9933071490757153,0.1
638,1,1.0,1.0,0.38333333333333336,1.0,0.0,1.0,1.0,0.99999964,0.99999999999997,0.39171898920655546,0.9755829287641155,0.9933071490757153,0.1
639,1,1.0,1.0,0.4666666666666667,1.0,0.0,1.0,1.0,1.0,0.99999999999997,0.42610524755435725,0.9994726163981947,0.9933071490757153,0.1
640,1,1.0,1.0,0.5333333333333333,1.0,0.0,1.0,1.0,0.99999917,0.99999999999997,0.4828341537902184,0.7741676991931379,0.9933071490757153,0.1
641,1,1.0,1.0,0.4166666666666667,1.0,0.0,1.0,1.0,1.0,0.99999999999997,0.4108831108677947,0.990979025484609,0.9933071490757153,0.1
642,1,1.0,1.0,0.5166666666666667,1.0,0.0,1.0,1.0,1.0,0.99999999999997,0.4717484128545094,0.9983238958307725,0.9933071490757153,0.1
643,1,1.0,1.0,0.43333333333333335,1.0,0.0,1.0,1.0,0.99924636,0.99999999999997,0.4492356539512639,0.9856276424356207,0.9933071490757153,0.1
644,1,1.0,1.0,0.4166666666666667,1.0,0.0,1.0,1.0,1.0,0.99999999999997,0.3989502940495004,0.9883210488349458,0.9933071490757153,0.1
645,1,1.0,1.0,0.4166666666666667,1.0,0.0,1.0,1.0,0.9999869,0.99999999999997,0.3984758023671316,0.9747160573614366,0.9933071490757153,0.1
646,0,1.0,0.9833333333333333,0.5333333333333333,1.0,0.0,0.0,1.0,1.0916987e-10,0.3409316862895025,0.43826945927789634,0.9999150405502033,0.9933071490757153,0.1
647,0,1.0,1.0,0.45,1.0,0.0,1.0,1.0,0.001928028,0.005765442393608627,0.47287576908964524,0.9975986946513583,0.9933071490757153,0.1
648,0,1.0,1.0,0.36666666666666664,1.0,0.0,1.0,1.0,3.6395262e-10,0.0042467021995808004,0.5197717546546723,0.9997196488033402,0.9933071490757153,0.1
649,0,1.0,1.0,0.4166666666666667,1.0,0.0,1.0,1.0,0.00096530706,0.004162442227646753,0.4917644470721149,0.9962582487951773,0.9933071490757153,0.1
650,0,1.0,1.0,0.45,1.0,1.0,1.0,1.0,0.0005050147,0.004295294726266544,0.46699219376145573,0.9999391110151016,0.9933071490757153,0.1
651,0,1.0,1.0,0.38333333333333336,1.0,0.0,1.0,1.0,9.2810396e-08,0.004108718643181531,0.5285400042327766,0.9130612385513861,0.9933071490757153,0.1
652,0,1.0,1.0,0.43333333333333335,1.0,1.0,1.0,1.0,3.6759896e-08,0.004157406550627952,0.46769830351240527,0.994266592638601,0.9933071490757153,0.1
653,0,1.0,1.0,0.4,1.0,0.0,1.0,1.0,0.0006434593,0.003851247442883929,0.5074280889538659,0.9972959989423791,0.9933071490757153,0.1
654,0,1.0,1.0,0.36666666666666664,1.0,0.0,1.0,1.0,0.00011751432,0.0047390220915849235,0.5155943222422,0.998012803103385,0.9933071490757153,0.1
655,0,1.0,1.0,0.43333333333333335,1.0,0.0,0.0,1.0,0.24851744,0.004923992296285589,0.4886008138887346,0.9999069330593284,0.9933071490757153,0.1
656,0,1.0,1.0,0.45,1.0,0.0,1.0,1.0,3.3409805e-07,0.004506796130658867,0.4690227453021337,0.9895651618190037,0.9933071490757153,0.1
657,0,1.0,1.0,0.4,1.0,0.0,1.0,1.0,2.0897035e-08,0.005457773503502526,0.4984879298160624,0.9983204715591528,0.9933071490757153,0.1
658,0,1.0,1.0,0.43333333333333335,1.0,0.0,1.0,1.0,2.1074973e-06,0.0038637508860411653,0.471823514706253,0.999890324671743,0.9933071490757153,0.1
659,0,1.0,1.0,0.43333333333333335,1.0,0.0,1.0,1.0,9.946235e-10,0.0039287286606321,0.4751767904656254,0.9989497510268208,0.9933071490757153,0.1
660,0,1.0,1.0,0.4166666666666667,1.0,0.0,1.0,1.0,1.9372341e-10,0.004424359947276362,0.49505290198378094,0.9920424850772689,0.9933071490757153,0.1
661,0,1.0,1.0,0.43333333333333335,1.0,0.0,1.0,1.0,4.845689e-10,0.003236650906106886,0.4715900268975862,0.9996904004834208,0.9933071490757153,0.1
662,0,1.0,1.0,0.4,1.0,0.0,1.0,1.0,8.3144636e-07,0.002899734127817486,0.5094680271985725,0.9998718681273165,0.9933071490757153,0.1
663,0,1.0,1.0,0.35,1.0,0.0,1.0,1.0,1.6236643e-12,0.0036582099907148664,0.5529081636942855,0.9975018879800017,0.9933071490757153,0.1
664,0,1.0,1.0,0.48333333333333334,1.0,1.0,1.0,1.0,2.971982e-16,0.0056164065453475605,0.4351455472240777,0.9978079286180982,0.9933071490757153,0.1
665,0,1.0,1.0,0.38333333333333336,1.0,0.0,1.0,1.0,9.27264e-07,0.003481529029214226,0.5151157307219151,0.9435921560466073,0.9933071490757153,0.1
666,0,1.0,1.0,0.43333333333333335,1.0,0.0,1.0,1.0,8.194517e-09,0.005431135984042729,0.4835958542952607,0.9940852886987795,0.9933071490757153,0.1
667,0,1.0,1.0,0.4166666666666667,1.0,0.0,1.0,1.0,1.4888596e-07,0.004319977351515295,0.4939756961729978,0.9978158205287613,0.9933071490757153,0.1
668,0,1.0,0.9833333333333333,0.5,1.0,0.0,0.0,1.0,1.8047841e-11,0.33221762151081363,0.5010708365422527,0.9970289773666676,0.9933071490757153,0.1
669,1,1.0,1.0,0.48333333333333334,1.0,0.0,1.0,1.0,1.0,0.9999999999947505,0.4443312487426306,0.9976477622314479,0.9933071490757153,0.1
670,1,1.0,1.0,0.26666666666666666,1.0,0.0,1.0,1.0,1.0,0.9999999999985992,0.2983851792506789,0.9996641762849585,0.9933071490757153,0.1
671,1,1.0,1.0,0.2833333333333333,1.0,0.0,1.0,1.0,0.9831955,0.9999999999948219,0.33006346848380624,0.9369625062182566,0.9933071490757153,0.1
672,1,1.0,1.0,0.48333333333333334,1.0,0.0,1.0,1.0,1.0,0.9999999999668238,0.44707678521700844,0.9993075318279533,0.9933071490757153,0.1
673,1,1.0,1.0,0.4,1.0,0.0,1.0,1.0,1.0,0.9999999999514304,0.39296067114223426,0.9828984854531242,0.9933071490757153,0.1
674,1,1.0,1.0,0.4,1.0,0.0,1.0,1.0,1.0,0.9999999999734558,0.4210100792940662,0.9990453727779722,0.9933071490757153,0.1
675,1,1.0,1.0,0.3333333333333333,1.0,0.0,1.0,1.0,1.0,0.999999999902548,0.35941943216865957,0.9975318705174454,0.9933071490757153,0.1
676,1,1.0,1.0,0.43333333333333335,1.0,0.0,1.0,1.0,0.99996245,0.9999999998640914,0.4294911133781503,0.9993071863799787,0.9933071490757153,0.1
677,1,1.0,1.0,0.35,1.0,0.0,1.0,1.0,0.99999976,0.9999999996660426,0.3493025684121985,0.6607696272911444,0.9933071490757153,0.1
678,1,1.0,1.0,0.36666666666666664,1.0,0.0,1.0,1.0,1.0,0.9999999908631968,0.37168656140182815,0.9911357466633574,0.9933071490757153,0.1
679,1,1.0,1.0,0.48333333333333334,1.0,0.0,1.0,1.0,1.0,0.9999998250132109,0.45717113581529495,0.9954269587635926,0.9933071490757153,0.1
680,1,1.0,1.0,0.35,1.0,0.0,1.0,1.0,0.99999964,0.999999943955687,0.35535285947780487,0.9878198933287393,0.9933071490757153,0.1
681,1,1.0,1.0,0.38333333333333336,1.0,0.0,1.0,1.0,1.0,0.999999645946247,0.38329926138289117,0.9997825515363279,0.9933071490757153,0.1
682,1,1.0,1.0,0.3333333333333333,1.0,0.0,1.0,1.0,0.9999994,0.9999995593282557,0.3332398079282014,0.9715152635107532,0.9933071490757153,0.1
683,1,1.0,1.0,0.43333333333333335,1.0,0.0,1.0,1.0,1.0,0.9999421353252077,0.42936315403642655,0.7798383440557941,0.9933071490757153,0.1
684,1,1.0,1.0,0.35,1.0,0.0,1.0,1.0,0.9999572,0.9971854306057071,0.3416447028981382,0.9539714790148767,0.9933071490757153,0.1
685,1,1.0,1.0,0.38333333333333336,1.0,0.0,1.0,1.0,0.99995625,0.9936136519121291,0.3895655126313839,0.9767727587170463,0.9933071490757153,0.1
686,1,1.0,1.0,0.43333333333333335,1.0,0.0,1.0,1.0,1.0,0.9936917642669744,0.42359092940434634,0.9072925059983022,0.9933071490757153,0.1
687,1,1.0,1.0,0.45,1.0,0.0,1.0,1.0,0.99999964,0.986389581057081,0.4326216629273027,0.9983588256674,0.9933071490757153,0.1
688,1,1.0,0.9833333333333333,0.35,1.0,0.0,0.0,1.0,0.9999999,0.9334814701634873,0.3538829001013767,0.99809579642152,0.9933071490757153,0.1
689,1,1.0,1.0,0.48333333333333334,1.0,0.0,1.0,1.0,1.0,0.9675183893678578,0.4473889760386237,0.7783637834582099,0.9933071490757153,0.1
690,1,1.0,1.0,0.38333333333333336,1.0,0.0,1.0,1.0,0.9985656,0.981106630948055,0.3476839731154052,0.9892076131010374,0.9933071490757153,0.1
691,1,1.0,1.0,0.38333333333333336,1.0,0.0,1.0,1.0,1.0,0.9781052476983063,0.39297646720879187,0.9992979134407941,0.9933071490757153,0.1
692,1,1.0,1.0,0.4666666666666667,1.0,0.0,1.0,1.0,1.0,0.9905887767836287,0.4633041204763981,0.9978133764845403,0.9933071490757153,0.1
693,1,1.0,1.0,0.4166666666666667,1.0,0.0,1.0,1.0,1.0,0.9724672297692837,0.3915148363846264,0.9915251274907846,0.9933071490757153,0.1
694,0,1.0,0.8666666666666667,0.4166666666666667,1.0,0.0,0.0,1.0,3.5806344e-10,0.4258813909514226,0.4815885567528781,0.9980428953988277,0.9933071490757153,0.1
695,1,1.0,1.0,0.31666666666666665,1.0,0.0,0.0,1.0,1.0,0.8525696860559707,0.29983944736284074,0.9504686284734896,0.9933071490757153,0.1
696,1,1.0,1.0,0.35,1.0,0.0,1.0,1.0,1.0,0.9799365170914649,0.38373182550147855,0.9968394154821897,0.9933071490757153,0.1
697,1,1.0,1.0,0.31666666666666665,1.0,0.0,1.0,1.0,1.0,0.9898263412469804,0.3331058155874944,0.9848075749966261,0.9933071490757153,0.1
698,1,1.0,1.0,0.4166666666666667,1.0,0.0,1.0,1.0,1.0,0.9838027482096133,0.41425302007170206,0.9919357673365928,0.9933071490757153,0.1
699,1,1.0,1.0,0.4,1.0,0.0,1.0,1.0,1.0,0.989053674487907,0.4052714789238542,0.9004883758947761,0.9933071490757153,0.1
700,1,1.0,1.0,0.43333333333333335,1.0,0.0,1.0,1.0,0.9999865,0.9695776383695979,0.42392124173784873,0.9806669539185048,0.9933071490757153,0.1
701,1,1.0,0.9833333333333333,0.45,1.0,0.0,1.0,1.0,1.0,0.9031206917238095,0.441098498432602,0.9716732917171034,0.9933071490757153,0.1
702,1,1.0,0.7666666666666667,0.43333333333333335,1.0,0.0,0.0,1.0,1.0,0.678436839423955,0.41959722944251276,0.875600586281366,0.9933071490757153,0.1
703,1,1.0,0.3333333333333333,0.5,0.0,0.0,0.0,1.0,1.0,0.4218148082595431,0.4760662547406541,0.9288603225091662,0.9933071490757153,0.1
704,1,1.0,0.4166666666666667,0.4,0.0,0.0,0.0,1.0,1.0,0.46946189413244943,0.42172602698187217,0.9989097190647269,0.9933071490757153,0.1
705,1,1.0,0.3333333333333333,0.48333333333333334,0.0,0.0,0.0,1.0,0.62927026,0.4329024773610056,0.4587779024795409,0.8988959948312817,0.9933071490757153,0.1
706,1,1.0,0.2,0.3333333333333333,0.0,0.0,0.0,1.0,0.9999995,0.30918042192593803,0.33485914848162796,0.9901461504579078,0.9933071490757153,0.1
707,1,1.0,0.25,0.5,0.0,0.0,0.0,1.0,1.0,0.35078467757618564,0.48265307354857223,0.9996641762849585,0.9933071490757153,0.1
708,1,1.0,0.26666666666666666,0.35,0.0,0.0,0.0,1.0,1.0,0.3751054510816721,0.3341813918894521,0.9297516384348616,0.9933071490757153,0.1
709,1,1.0,0.13333333333333333,0.45,0.0,0.0,0.0,0.0,0.62414175,0.28715910600604294,0.41738416260462496,0.9817992500503306,0.9933071490757153,0.1
710,1,1.0,0.08333333333333333,0.5,0.0,0.0,0.0,1.0,1.0,0.20596953153116565,0.44986090584542654,0.9982457461874501,0.9933071490757153,0.1
711,1,1.0,0.05,0.4,0.0,0.0,0.0,1.0,1.0,0.17686039928371053,0.3963011483394709,0.9553544289531872,0.9933071490757153,0.1
712,1,1.0,0.06666666666666667,0.45,0.0,0.0,0.0,1.0,0.99999475,0.21421766280584942,0.4372454214662826,0.9992269546581408,0.9933071490757153,0.1
713,1,1.0,0.11666666666666667,0.4166666666666667,0.0,0.0,0.0,1.0,0.9999945,0.25057850491696737,0.38220294330682225,0.9996065473638286,0.9933071490757153,0.1
714,1,1.0,0.08333333333333333,0.5,0.0,0.0,0.0,1.0,1.0,0.22264474189657832,0.47954276561147974,0.9964337157632774,0.9933071490757153,0.1
715,1,1.0,0.4666666666666667,0.36666666666666664,0.0,0.0,0.0,1.0,0.99999964,0.4298125687839511,0.362314830959334,0.8853707458530701,0.9933071490757153,0.1
716,1,1.0,0.45,0.4,0.0,0.0,0.0,1.0,0.9999994,0.4815828517543369,0.3911724031788516,0.4760773225560131,0.9933071490757153,0.1
717,1,1.0,0.4166666666666667,0.5,0.0,0.0,0.0,1.0,0.99999964,0.4658498606956346,0.47037977051112795,0.9878198933287393,0.9933071490757153,0.1
718,1,1.0,0.6666666666666666,0.35,1.0,0.0,0.0,1.0,1.0,0.6277288752697279,0.3461216580898406,0.9368355682767364,0.9933071490757153,0.1
719,1,1.0,0.9333333333333333,0.35,1.0,0.0,0.0,1.0,1.0,0.8454901097773023,0.35401606757913784,0.8115226939651581,0.9933071490757153,0.1
720,1,1.0,1.0,0.4666666666666667,1.0,0.0,1.0,1.0,1.0,0.9573859394569589,0.42187922096357444,0.9042779816815727,0.9933071490757153,0.1
721,1,1.0,1.0,0.45,1.0,0.0,1.0,1.0,1.0,0.9907394770991467,0.4490212747262786,0.9807790849911555,0.9933071490757153,0.1
722,1,1.0,1.0,0.5,1.0,0.0,1.0,1.0,1.0,0.9932066673215787,0.4647163241513935,0.9450090289798143,0.9933071490757153,0.1
723,1,1.0,1.0,0.35,1.0,0.0,1.0,1.0,0.9999999,0.9930274540995266,0.34211891883379375,0.8584255841961285,0.9933071490757153,0.1
724,1,1.0,1.0,0.48333333333333334,1.0,0.0,1.0,1.0,0.99956864,0.9802299047908419,0.47380531176815255,0.9800274578894133,0.9933071490757153,0.1
725,1,1.0,1.0,0.5333333333333333,1.0,0.0,1.0,1.0,1.0,0.9771907445041607,0.5195832134927342,0.9761906194330263,0.9933071490757153,0.1
726,1,1.0,1.0,0.43333333333333335,1.0,0.0,1.0,1.0,1.0,0.98309883610953,0.4086669019138443,0.990742028185826,0.9933071490757153,0.1
727,1,1.0,1.0,0.43333333333333335,1.0,0.0,1.0,1.0,0.9999994,0.9910745660968184,0.41758959462155154,0.9998714169608842,0.9933071490757153,0.1
728,1,1.0,1.0,0.3,1.0,0.0,1.0,1.0,0.99942577,0.9945585698971479,0.30230431801301677,0.9768733786396868,0.9933071490757153,0.1
729,1,1.0,1.0,0.3,1.0,0.0,1.0,1.0,1.0,0.9947173334484124,0.3171758117837629,0.9982886670344153,0.9933071490757153,0.1
730,1,1.0,1.0,0.36666666666666664,1.0,0.0,1.0,1.0,1.0,0.9958184478909887,0.35786892162532546,0.9957155654461465,0.9933071490757153,0.1
731,1,1.0,1.0,0.36666666666666664,1.0,0.0,1.0,1.0,0.9999995,0.9941157282044742,0.35696021272918715,0.9949319332992937,0.9933071490757153,0.1
732,1,1.0,1.0,0.36666666666666664,1.0,0.0,1.0,1.0,0.99999785,0.9958236538817148,0.3670055904042862,0.9998641474360097,0.9933071490757153,0.1
733,1,1.0,1.0,0.35,1.0,0.0,1.0,1.0,0.99955505,0.9981527402848835,0.3428912984622283,0.9942653234546648,0.9933071490757153,0.1
734,1,1.0,1.0,0.48333333333333334,1.0,0.0,1.0,1.0,0.99999964,0.9958611850830811,0.49001651503669447,0.614864268738593,0.9933071490757153,0.1
735,1,1.0,1.0,0.4,1.0,0.0,1.0,1.0,1.0,0.9980836195092029,0.3831585732639927,0.9988181848705252,0.9933071490757153,0.1
736,1,1.0,1.0,0.31666666666666665,1.0,0.0,1.0,1.0,1.0,0.996620512271422,0.3429544946317374,0.9052489979223155,0.9933071490757153,0.1
737,1,1.0,1.0,0.4,1.0,0.0,1.0,1.0,1.0,0.9922372497927098,0.3869653133329135,0.9934786839158066,0.9933071490757153,0.1
738,1,1.0,1.0,0.48333333333333334,1.0,0.0,1.0,1.0,0.9999994,0.9786999723636934,0.4676082092919634,0.9965733045388574,0.9933071490757153,0.1
739,1,1.0,1.0,0.3,1.0,0.0,0.0,1.0,1.0,0.9535603808258849,0.2815608166441373,0.5442448356969801,0.9933071490757153,0.1
740,1,1.0,1.0,0.38333333333333336,1.0,0.0,1.0,1.0,1.0,0.9868091879694733,0.3695269860285497,0.9028611395902505,0.9933071490757153,0.1
741,1,1.0,1.0,0.4,1.0,0.0,1.0,1.0,0.9999585,0.9961811419906124,0.36820890089501596,0.9983469135392308,0.9933071490757153,0.1
742,1,1.0,1.0,0.38333333333333336,1.0,0.0,1.0,1.0,0.9999726,0.9956892485563598,0.3921663067406111,0.9916233555396038,0.9933071490757153,0.1
743,1,1.0,1.0,0.38333333333333336,1.0,0.0,1.0,1.0,1.0,0.9992312000731313,0.38363880933735756,0.9898069196996704,0.9933071490757153,0.1
744,1,1.0,1.0,0.5666666666666667,1.0,0.0,1.0,1.0,0.99999845,0.9991344352932761,0.5210430956272196,0.9402087202483198,0.9933071490757153,0.1
745,1,1.0,1.0,0.4666666666666667,1.0,0.0,1.0,1.0,0.9964586,0.9988301146230083,0.4564756055691768,0.9915073481917241,0.9933071490757153,0.1
746,1,1.0,1.0,0.48333333333333334,1.0,0.0,1.0,1.0,1.0,0.9999467732738937,0.45209979890627977,0.8343638027218278,0.9933071490757153,0.1
747,1,1.0,1.0,0.36666666666666664,1.0,0.0,1.0,1.0,0.99999964,0.9999999318753374,0.3668177200722836,0.9797232053679574,0.9933071490757153,0.1
748,1,1.0,1.0,0.31666666666666665,1.0,0.0,1.0,1.0,1.0,0.999999946905042,0.327691000517907,0.9947257486912933,0.9933071490757153,0.1
749,1,1.0,1.0,0.4166666666666667,1.0,0.0,1.0,1.0,1.0,0.9999999482458792,0.4245491606454382,0.9708606748355607,0.9933071490757153,0.1
750,1,1.0,1.0,0.35,1.0,0.0,1.0,1.0,1.0,0.9999999193540952,0.34324288600144687,0.9810407131437395,0.9933071490757153,0.1
751,1,1.0,1.0,0.38333333333333336,1.0,0.0,1.0,1.0,1.0,0.9998187738167535,0.39263174321812006,0.777883614251681,0.9933071490757153,0.1
752,1,1.0,1.0,0.45,1.0,0.0,1.0,1.0,1.0,0.9993181745326383,0.4240065274857549,0.9779578587365787,0.9933071490757153,0.1
753,1,1.0,1.0,0.4,1.0,0.0,1.0,1.0,0.9999999,0.9996561468482498,0.3993547175007513,0.9992660901265609,0.9933071490757153,0.1
754,1,1.0,1.0,0.5833333333333334,1.0,1.0,1.0,1.0,1.0,0.9998833528262232,0.5340406365298959,0.9807790849911555,0.9933071490757153,0.1
755,1,1.0,1.0,0.43333333333333335,1.0,0.0,1.0,1.0,1.0,0.9971357863296431,0.40905886994110546,0.9945311123996511,0.9933071490757153,0.1
756,1,1.0,1.0,0.36666666666666664,1.0,0.0,1.0,1.0,1.0,0.9975183210904408,0.3589236692387525,0.9959723248127641,0.9933071490757153,0.1
757,1,1.0,1.0,0.48333333333333334,1.0,0.0,1.0,1.0,1.0,0.9983909658569894,0.442150415698297,0.9933259729516258,0.9933071490757153,0.1
758,1,1.0,1.0,0.43333333333333335,1.0,0.0,1.0,1.0,0.95389265,0.9955814387559069,0.4109014149756954,0.9511334193575761,0.9933071490757153,0.1
759,1,1.0,1.0,0.45,1.0,0.0,1.0,1.0,1.0,0.9853455926157719,0.4516280648565415,0.9152593670984285,0.9933071490757153,0.1
760,1,1.0,1.0,0.5,1.0,0.0,1.0,1.0,0.9999995,0.9915197729238011,0.4917600982809828,0.9728454402313627,0.9933071490757153,0.1
761,1,0.0,1.0,0.36666666666666664,0.0,0.0,0.0,1.0,0.118427955,0.9508238027576886,0.3743597095985276,0.7940229334779203,0.9933071490757153,0.1
762,1,1.0,1.0,0.5,1.0,0.0,1.0,1.0,0.9999988,0.9673365071842698,0.47192303388936235,0.980829147223609,0.9933071490757153,0.1
763,1,1.0,1.0,0.43333333333333335,1.0,0.0,1.0,1.0,1.0,0.9556117601236863,0.4082044058638872,0.9985225863445687,0.9933071490757153,0.1
764,1,1.0,1.0,0.4166666666666667,1.0,0.0,0.0,1.0,1.0,0.8662411246941414,0.3903758091379448,0.998599409514803,0.9933071490757153,0.1
765,1,1.0,1.0,0.5333333333333333,1.0,0.0,1.0,1.0,0.9999099,0.9485437248223563,0.4900331203909752,0.9720665014035661,0.9933071490757153,0.1
766,1,1.0,1.0,0.43333333333333335,1.0,0.0,1.0,1.0,1.0,0.9754435728777673,0.40573849851791194,0.9968664517822112,0.9933071490757153,0.1
767,1,1.0,1.0,0.4,1.0,0.0,1.0,1.0,0.99999213,0.9952844963587669,0.41452794015312394,0.9990257050392215,0.9933071490757153,0.1
768,1,1.0,1.0,0.31666666666666665,1.0,0.0,1.0,1.0,1.0,0.9985259409472605,0.32410139453149894,0.5561065307185673,0.9933071490757153,0.1
769,1,1.0,1.0,0.35,1.0,0.0,1.0,1.0,0.99981683,0.9970497468400047,0.3669886882132592,0.9718834432625131,0.9933071490757153,0.1
770,1,1.0,1.0,0.4,1.0,0.0,1.0,1.0,1.0,0.9959827022341542,0.3933600417843029,0.9004883758947761,0.9933071490757153,0.1
771,1,1.0,1.0,0.36666666666666664,1.0,0.0,1.0,1.0,1.0,0.9985871354377072,0.36426030158397715,0.9886611534789715,0.9933071490757153,0.1
772,1,1.0,1.0,0.48333333333333334,1.0,0.0,1.0,1.0,1.0,0.9991628670585931,0.4614718630442278,0.9968911334926136,0.9933071490757153,0.1
773,1,1.0,1.0,0.4166666666666667,1.0,0.0,1.0,1.0,1.0,0.9992830307600837,0.4084159125862899,0.9995709982075783,0.9933071490757153,0.1
774,1,1.0,1.0,0.4666666666666667,1.0,0.0,1.0,1.0,1.0,0.9979003072296789,0.435529220901966,0.9442088087453052,0.9933071490757153,0.1
775,1,1.0,1.0,0.48333333333333334,1.0,0.0,1.0,1.0,1.0,0.9945940188430333,0.47440017092763226,0.9953335183259194,0.9933071490757153,0.1
776,1,1.0,1.0,0.55,1.0,0.0,1.0,1.0,1.0,0.9982106744994469,0.48137761801118706,0.999850104293133,0.9933071490757153,0.1
777,1,1.0,1.0,0.2833333333333333,1.0,0.0,1.0,1.0,1.0,0.9957035901813353,0.30697642895337557,0.953540421649482,0.9933071490757153,0.1
778,1,1.0,1.0,0.4666666666666667,1.0,0.0,0.0,1.0,0.7532616,0.9875638707905772,0.440283317436837,0.7082152780171436,0.9933071490757153,0.1
779,1,1.0,1.0,0.35,1.0,0.0,1.0,1.0,1.0,0.9872603420192221,0.3709544774017294,0.9703647262473075,0.9933071490757153,0.1
780,1,1.0,0.9833333333333333,0.3,1.0,0.0,0.0,1.0,1.0,0.9642665959721272,0.31494107820503775,0.9959723248127641,0.9933071490757153,0.1
781,1,1.0,1.0,0.3333333333333333,1.0,0.0,1.0,1.0,1.0,0.9556199355347366,0.3610868614117318,0.9987513354456483,0.9933071490757153,0.1
782,1,1.0,1.0,0.5166666666666667,1.0,0.0,1.0,1.0,1.0,0.9615548980969313,0.5024695775777205,0.9916640801484449,0.9933071490757153,0.1
783,1,1.0,1.0,0.4666666666666667,1.0,0.0,1.0,1.0,0.99995625,0.9396905435392249,0.43659982150733007,0.9767727587170463,0.9933071490757153,0.1
784,1,1.0,1.0,0.45,1.0,0.0,1.0,1.0,0.9997688,0.963118159736706,0.44488030874140344,0.9389052360885237,0.9933071490757153,0.1
785,1,1.0,1.0,0.3333333333333333,1.0,0.0,1.0,1.0,1.0,0.9668770964633064,0.3392829068288999,0.8894206904339861,0.9933071490757153,0.1
786,1,1.0,1.0,0.5333333333333333,1.0,0.0,1.0,1.0,1.0,0.9743320496570841,0.5046502414174533,0.9995709982075783,0.9933071490757153,0.1
787,1,1.0,1.0,0.36666666666666664,1.0,0.0,1.0,1.0,1.0,0.977614928550347,0.3608616032922893,0.9922262959205852,0.9933071490757153,0.1
788,1,1.0,0.9833333333333333,0.43333333333333335,1.0,0.0,1.0,1.0,1.0,0.9326185428612045,0.42046468116877467,0.9889619477713655,0.9933071490757153,0.1
789,1,1.0,1.0,0.43333333333333335,1.0,0.0,1.0,1.0,0.9999474,0.985891351545631,0.43732788376136816,0.8703637490889292,0.9933071490757153,0.1
790,1,1.0,1.0,0.5833333333333334,1.0,0.0,1.0,1.0,1.0,0.9804587846752414,0.5407281819374046,0.9975377304543713,0.9933071490757153,0.1
791,1,1.0,1.0,0.4666666666666667,1.0,0.0,1.0,1.0,0.994052,0.939574258581739,0.45113904907240865,0.9974407219656263,0.9933071490757153,0.1
792,1,1.0,1.0,0.6333333333333333,1.0,1.0,1.0,1.0,0.9997688,0.9811788662926486,0.5682125718528266,0.9389052360885237,0.9933071490757153,0.1
793,1,1.0,1.0,0.5166666666666667,1.0,0.0,1.0,1.0,1.0,0.9970701376501743,0.49171593704330996,0.6982152611046035,0.9933071490757153,0.1
794,1,1.0,1.0,0.4666666666666667,1.0,0.0,1.0,1.0,1.0,0.9991650719784544,0.439957679791306,0.8253673484226914,0.9933071490757153,0.1
795,1,1.0,1.0,0.55,1.0,0.0,1.0,1.0,0.99924254,0.9983139057504681,0.5206237965395965,0.9985192374703561,0.9933071490757153,0.1
796,1,1.0,1.0,0.38333333333333336,1.0,0.0,1.0,1.0,1.0,0.9934015502585748,0.3837924155713753,0.9997786133656323,0.9933071490757153,0.1
797,1,1.0,1.0,0.35,1.0,0.0,1.0,1.0,0.99996686,0.9912755337063686,0.34214924354890275,0.9848579002532036,0.9933071490757153,0.1
798,1,1.0,0.9833333333333333,0.4666666666666667,1.0,0.0,1.0,1.0,1.0,0.934414250686052,0.43040234744458006,0.9994534991285807,0.9933071490757153,0.1
799,1,1.0,0.9833333333333333,0.5166666666666667,1.0,0.0,1.0,1.0,1.0,0.8991417544950397,0.5001468598503093,0.9589504447476522,0.9933071490757153,0.1
800,1,1.0,0.8833333333333333,0.3333333333333333,1.0,0.0,0.0,1.0,1.0,0.774604863079223,0.31911477824943396,0.99947129670321,0.9933071490757153,0.1
801,1,1.0,0.35,0.38333333333333336,0.0,0.0,0.0,1.0,1.0,0.3967921158620537,0.37176323416223656,0.9985578647082707,0.9933071490757153,0.1
802,1,1.0,0.05,0.5,0.0,0.0,0.0,1.0,1.0,0.21292533155017948,0.46372294336819675,0.998599409514803,0.9933071490757153,0.1
803,1,0.0,0.15,0.36666666666666664,0.0,0.0,0.0,0.0,0.0012539076,0.25344888091445866,0.36336687776427234,0.7717042860040915,0.9933071490757153,0.1
804,1,1.0,0.05,0.36666666666666664,0.0,0.0,0.0,1.0,0.9999999,0.15916781482616452,0.35390524728624584,0.9969011700302671,0.9933071490757153,0.1
805,1,1.0,0.05,0.4166666666666667,0.0,0.0,0.0,1.0,1.0,0.14253482226592326,0.41977781705552253,0.9834107582807888,0.9933071490757153,0.1
806,1,1.0,0.13333333333333333,0.3333333333333333,0.0,0.0,0.0,1.0,0.9998722,0.28115031822792697,0.3426940199916123,0.8600751005582272,0.9933071490757153,0.1
807,1,1.0,0.4666666666666667,0.35,0.0,0.0,0.0,1.0,1.0,0.43803335582090036,0.36004221501619343,0.89132174362642,0.9933071490757153,0.1
808,1,1.0,0.35,0.48333333333333334,0.0,0.0,0.0,1.0,0.99999654,0.42319917950203895,0.42784935440470734,0.9951867161137676,0.9933071490757153,0.1
809,1,1.0,0.36666666666666664,0.48333333333333334,0.0,0.0,0.0,1.0,1.0,0.43521527830093754,0.4711914359553914,0.9849401474637541,0.9933071490757153,0.1
810,1,1.0,0.6666666666666666,0.35,1.0,0.0,0.0,1.0,0.9999993,0.6071217113865828,0.353011932775834,0.9968474743923036,0.9933071490757153,0.1
811,1,1.0,0.5833333333333334,0.3333333333333333,1.0,0.0,0.0,1.0,0.9999994,0.5455673655383353,0.34009184200167064,0.9715152635107532,0.9933071490757153,0.1
812,1,1.0,0.7166666666666667,0.38333333333333336,1.0,0.0,0.0,1.0,0.84459525,0.7672285557211433,0.3721255042889743,0.7900879934083906,0.9933071490757153,0.1
813,0,1.0,0.16666666666666666,0.5,1.0,0.0,0.0,1.0,5.9024354e-09,0.8381474135306585,0.4298730958716794,0.9937303750222526,0.9933071490757153,0.1
814,0,1.0,0.9833333333333333,0.5333333333333333,1.0,0.0,0.0,1.0,6.510694e-10,0.3892826073259974,0.48496777570209815,0.9937324282736427,0.9933071490757153,0.1
815,1,1.0,1.0,0.38333333333333336,1.0,0.0,1.0,1.0,1.0,0.9999984635463737,0.35115842963656335,0.9993075318279533,0.9933071490757153,0.1
816,1,1.0,1.0,0.36666666666666664,1.0,0.0,1.0,1.0,1.0,0.9979443055009565,0.32078793580408077,0.9911357466633574,0.9933071490757153,0.1
817,1,1.0,1.0,0.3333333333333333,1.0,0.0,1.0,1.0,1.0,0.9805500395556472,0.3264696404250168,0.9991065816063807,0.9933071490757153,0.1
818,1,1.0,1.0,0.45,1.0,0.0,1.0,1.0,1.0,0.9560856941933544,0.42488070503517605,0.6180199338147758,0.9933071490757153,0.1
819,1,1.0,1.0,0.36666666666666664,1.0,0.0,1.0,1.0,0.999998,0.9900588084322912,0.3539096373403767,0.9827241642341763,0.9933071490757153,0.1
820,1,1.0,1.0,0.36666666666666664,1.0,0.0,1.0,1.0,0.9999999,0.9782447785239833,0.31691783486975245,0.999448420024223,0.9933071490757153,0.1
821,1,1.0,1.0,0.38333333333333336,1.0,0.0,1.0,1.0,1.0,0.9685618988176706,0.37175676842877325,0.994922028021858,0.9933071490757153,0.1
822,1,1.0,1.0,0.5333333333333333,1.0,0.0,1.0,1.0,1.0,0.9721392727127446,0.4713957970897356,0.8343638027218278,0.9933071490757153,0.1
823,1,1.0,1.0,0.48333333333333334,1.0,0.0,1.0,1.0,1.0,0.9494985097435726,0.4198108507038419,0.9978133764845403,0.9933071490757153,0.1
824,1,1.0,1.0,0.36666666666666664,1.0,0.0,1.0,1.0,1.0,0.9524437727511416,0.3563138900247415,0.9998261361087354,0.9933071490757153,0.1
825,1,1.0,0.9666666666666667,0.48333333333333334,1.0,0.0,0.0,1.0,1.0,0.7912839356038456,0.4550938702319614,0.9993486359433033,0.9933071490757153,0.1
826,1,1.0,1.0,0.2833333333333333,1.0,0.0,0.0,1.0,1.0,0.7856665026600562,0.32360199915513194,0.9488285726062481,0.9933071490757153,0.1
827,1,1.0,1.0,0.36666666666666664,1.0,0.0,1.0,1.0,1.0,0.99999999999997,0.3474246574006926,0.9979521728029752,0.9933071490757153,0.1
828,1,1.0,1.0,0.43333333333333335,1.0,0.0,1.0,1.0,0.9999999,0.99999999999997,0.4392832084858744,0.852413884025049,0.9933071490757153,0.1
829,1,1.0,1.0,0.43333333333333335,1.0,0.0,1.0,1.0,1.0,0.99999999999997,0.44809261313824567,0.9995728893995548,0.9933071490757153,0.1
830,1,1.0,1.0,0.3,1.0,0.0,1.0,1.0,0.9999999,0.99999999999997,0.30151041157872577,0.852413884025049,0.9933071490757153,0.1
831,1,1.0,1.0,0.4666666666666667,1.0,0.0,1.0,1.0,0.9999646,0.99999999999997,0.45544355378699136,0.8071260423747069,0.9933071490757153,0.1
832,1,1.0,1.0,0.4166666666666667,1.0,0.0,1.0,1.0,1.0,0.99999999999997,0.411779890525369,0.9973764903928362,0.9933071490757153,0.1
833,1,1.0,1.0,0.4,1.0,0.0,1.0,1.0,0.9999976,0.99999999999997,0.39517304243767926,0.9997428013212655,0.9933071490757153,0.1
834,1,1.0,1.0,0.4166666666666667,1.0,0.0,1.0,1.0,1.0,0.99999999999997,0.41702187068419555,0.960878499878482,0.9933071490757153,0.1
835,1,1.0,1.0,0.5833333333333334,1.0,1.0,1.0,1.0,1.0,0.99999999999997,0.5376947046932229,0.9939013767244443,0.9933071490757153,0.1
836,1,1.0,1.0,0.36666666666666664,1.0,0.0,1.0,1.0,1.0,0.99999999999997,0.3924885331734735,0.9988181848705252,0.9933071490757153,0.1
837,1,1.0,1.0,0.4,1.0,0.0,0.0,1.0,0.642584,0.99999999999997,0.378436891210935,0.9998852817449227,0.9933071490757153,0.1
838,1,1.0,1.0,0.4,1.0,0.0,1.0,1.0,1.0,0.99999999999997,0.3840147585388441,0.9963420132546233,0.9933071490757153,0.1
839,1,1.0,1.0,0.48333333333333334,1.0,0.0,1.0,1.0,1.0,0.99999999999997,0.4621832413870205,0.7783637834582099,0.9933071490757153,0.1
840,1,1.0,1.0,0.45,1.0,0.0,1.0,1.0,0.99990666,0.99999999999997,0.41572300653211636,0.7866891267407105,0.9933071490757153,0.1
841,1,1.0,1.0,0.38333333333333336,1.0,0.0,1.0,1.0,0.99999964,0.99999999999997,0.3779736417615359,0.5532423975531677,0.9933071490757153,0.1
842,1,1.0,1.0,0.36666666666666664,1.0,0.0,1.0,1.0,0.99999917,0.99999999999997,0.36160329139994496,0.4416199599916231,0.9933071490757153,0.1
843,1,1.0,1.0,0.4166666666666667,1.0,0.0,1.0,1.0,1.0,0.99999999999997,0.4188149833953981,0.9420372454368549,0.9933071490757153,0.1
844,1,1.0,1.0,0.4,1.0,0.0,1.0,1.0,1.0,0.99999999999997,0.3682795654949389,0.7387567492043924,0.9933071490757153,0.1
845,1,1.0,1.0,0.4166666666666667,1.0,0.0,1.0,1.0,0.9999945,0.99999999999997,0.41355365475074407,0.9996065473638286,0.9933071490757153,0.1
846,1,1.0,1.0,0.4,1.0,0.0,1.0,1.0,0.9998148,0.99999999999997,0.3832522298794076,0.9565407929458163,0.9933071490757153,0.1
847,1,1.0,1.0,0.4666666666666667,1.0,0.0,1.0,1.0,0.99924636,0.99999999999997,0.45600516489685566,0.9856276424356207,0.9933071490757153,0.1
848,1,1.0,1.0,0.4,1.0,0.0,1.0,1.0,1.0,0.99999999999997,0.3909521865310339,0.8115226939651581,0.9933071490757153,0.1
849,1,1.0,1.0,0.35,1.0,0.0,1.0,1.0,0.99999964,0.99999999999997,0.3336301310078961,0.9755829287641155,0.9933071490757153,0.1
850,1,1.0,1.0,0.38333333333333336,1.0,0.0,1.0,1.0,1.0,0.99999999999997,0.3757424703489635,0.9943239185061638,0.9933071490757153,0.1
851,1,1.0,1.0,0.2833333333333333,1.0,0.0,1.0,1.0,1.0,0.99999999999997,0.2929745224009788,0.9503783446684738,0.9933071490757153,0.1
852,1,1.0,1.0,0.43333333333333335,1.0,0.0,1.0,1.0,1.0,0.99999999999997,0.43000788775236376,0.9869898212994083,0.9933071490757153,0.1
853,1,1.0,1.0,0.4,1.0,0.0,1.0,1.0,0.99999654,0.99999999999997,0.39035910868118573,0.9951867161137676,0.9933071490757153,0.1
854,1,1.0,1.0,0.4166666666666667,1.0,0.0,1.0,1.0,0.9999995,0.99999999999997,0.40046259635414955,0.9949319332992937,0.9933071490757153,0.1
855,1,1.0,1.0,0.45,1.0,0.0,1.0,1.0,1.0,0.99999999999997,0.4278888792802341,0.9980476927783568,0.9933071490757153,0.1
856,1,1.0,1.0,0.4166666666666667,1.0,0.0,1.0,1.0,0.99909043,0.99999999999997,0.40858546738475177,0.9267641762667997,0.9933071490757153,0.1
857,1,1.0,1.0,0.45,1.0,0.0,1.0,1.0,1.0,0.99999999999997,0.4133022078312793,0.971740291806849,0.9933071490757153,0.1
858,1,0.0,1.0,0.4166666666666667,0.0,0.0,0.0,1.0,0.20783812,0.99999999999997,0.41705666080984866,0.8885901450321682,0.9933071490757153,0.1
859,1,1.0,1.0,0.4166666666666667,1.0,0.0,1.0,1.0,0.9999474,0.99999999999997,0.4024917145009336,0.8703637490889292,0.9933071490757153,0.1
860,1,1.0,1.0,0.4,1.0,0.0,1.0,1.0,1.0,0.99999999999997,0.38030032261322977,0.884208301577366,0.9933071490757153,0.1
861,1,1.0,1.0,0.36666666666666664,1.0,0.0,1.0,1.0,1.0,0.99999999999997,0.355830879830962,0.9301409614548177,0.9933071490757153,0.1
862,1,1.0,1.0,0.4666666666666667,1.0,0.0,1.0,1.0,1.0,0.99999999999997,0.4432798247054131,0.9566587225470251,0.9933071490757153,0.1
863,1,1.0,1.0,0.5666666666666667,1.0,1.0,1.0,1.0,1.0,0.99999999999997,0.5454460300163982,0.9968394154821897,0.9933071490757153,0.1
864,1,1.0,1.0,0.48333333333333334,1.0,0.0,1.0,1.0,0.99999964,0.99999999999997,0.4553428593375256,0.975478069297065,0.9933071490757153,0.1
865,1,1.0,1.0,0.4166666666666667,1.0,0.0,1.0,1.0,1.0,0.99999999999997,0.4154779036061559,0.9954328690064986,0.9933071490757153,0.1
866,1,1.0,1.0,0.5333333333333333,1.0,0.0,1.0,1.0,0.9453398,0.99999999999997,0.4689678791531249,0.9823268531928321,0.9933071490757153,0.1
867,1,1.0,1.0,0.23333333333333334,1.0,0.0,0.0,1.0,0.9999428,0.99999999999997,0.2530622142318069,0.9635043086147345,0.9933071490757153,0.1
868,1,1.0,1.0,0.6333333333333333,1.0,1.0,1.0,1.0,1.0,0.99999999999997,0.5584038499653402,0.9951480158457396,0.9933071490757153,0.1
869,1,1.0,1.0,0.43333333333333335,1.0,0.0,1.0,1.0,1.0,0.99999999999997,0.3895841522831907,0.999008556451352,0.9933071490757153,0.1
870,1,1.0,1.0,0.43333333333333335,1.0,0.0,1.0,1.0,1.0,0.99999999999997,0.422974025826832,0.8858185212335951,0.9933071490757153,0.1
871,1,1.0,1.0,0.4166666666666667,1.0,0.0,1.0,1.0,1.0,0.99999999999997,0.40759244158048646,0.9952124579518058,0.9933071490757153,0.1
872,1,1.0,1.0,0.4166666666666667,1.0,0.0,1.0,1.0,1.0,0.99999999999997,0.42037418291918954,0.971217112825317,0.9933071490757153,0.1
873,1,1.0,1.0,0.38333333333333336,1.0,0.0,1.0,1.0,1.0,0.99999999999997,0.36380308691397295,0.9696980906426843,0.9933071490757153,0.1
874,1,1.0,1.0,0.43333333333333335,1.0,0.0,1.0,1.0,1.0,0.99999999999997,0.42176578038720897,0.9902327354675645,0.9933071490757153,0.1
875,1,1.0,1.0,0.25,1.0,0.0,0.0,1.0,0.99454486,0.99999999999997,0.2839684228812276,0.9997480724521922,0.9933071490757153,0.1
876,1,1.0,1.0,0.4,1.0,0.0,1.0,1.0,1.0,0.99999999999997,0.3939813346623763,0.995705972815073,0.9933071490757153,0.1
877,1,1.0,1.0,0.48333333333333334,1.0,0.0,1.0,1.0,1.0,0.99999999999997,0.4457794231701659,0.9975318705174454,0.9933071490757153,0.1
878,1,1.0,1.0,0.55,1.0,0.0,1.0,1.0,1.0,0.99999999999997,0.5113850226981216,0.9771750040561795,0.9933071490757153,0.1
879,1,1.0,1.0,0.38333333333333336,1.0,0.0,1.0,1.0,0.99975055,0.99999999999997,0.38681865905847507,0.9945150666885579,0.9933071490757153,0.1
880,1,1.0,0.7833333333333333,0.45,1.0,0.0,1.0,1.0,0.99999213,0.9971947032822069,0.3706894137039284,0.9990257050392215,0.9933071490757153,0.1
881,0,1.0,0.7333333333333333,0.4,1.0,0.0,0.0,1.0,6.2887744e-11,0.30978814913803937,0.49347528766617166,0.947529615912967,0.9933071490757153,0.1
882,0,1.0,1.0,0.35,1.0,0.0,1.0,1.0,5.9445018e-08,0.00911855239642586,0.5327999119001674,0.9966155355659853,0.9933071490757153,0.1
883,0,1.0,1.0,0.4666666666666667,1.0,1.0,1.0,1.0,4.050611e-13,0.004509100938975367,0.45487698027481815,0.9999738674658801,0.9933071490757153,0.1
884,0,1.0,1.0,0.38333333333333336,1.0,0.0,1.0,1.0,0.010724382,0.004641826950804586,0.5116762403160264,0.9947831447725967,0.9933071490757153,0.1
885,0,1.0,1.0,0.4,1.0,0.0,0.0,1.0,0.24716257,0.00434551321181336,0.4897557540409239,0.9928439216578921,0.9933071490757153,0.1
886,0,1.0,1.0,0.38333333333333336,1.0,0.0,1.0,1.0,2.8969594e-11,0.005158030463041799,0.511982760485941,0.9923473639240717,0.9933071490757153,0.1
887,0,1.0,1.0,0.35,1.0,0.0,1.0,1.0,3.8669832e-14,0.005564032190391335,0.5367397711554361,0.9994551070751386,0.9933071490757153,0.1
888,0,1.0,1.0,0.5,1.0,1.0,1.0,1.0,5.148301e-10,0.004616575333534246,0.4305097162252281,0.9998547016008598,0.9933071490757153,0.1
889,0,1.0,1.0,0.4166666666666667,1.0,0.0,1.0,1.0,2.2455274e-06,0.003929427415458994,0.49090998492986426,0.9999169352888644,0.9933071490757153,0.1
890,0,1.0,1.0,0.45,1.0,0.0,1.0,1.0,0.010724382,0.005182807999367338,0.4641029621748578,0.9947831447725967,0.9933071490757153,0.1
891,0,1.0,1.0,0.4666666666666667,1.0,1.0,1.0,1.0,4.3170695e-17,0.0046538299025903436,0.45536839659333456,0.9995796105850737,0.9933071490757153,0.1
892,0,1.0,1.0,0.48333333333333334,1.0,1.0,1.0,1.0,0.0014032612,0.005929132910606132,0.434325285511789,0.9902873667769994,0.9933071490757153,0.1
893,0,1.0,1.0,0.5666666666666667,1.0,1.0,1.0,1.0,0.0057401382,0.005543864377095869,0.37670155578933695,0.9975786345663956,0.9933071490757153,0.1
894,0,1.0,1.0,0.36666666666666664,1.0,0.0,1.0,1.0,1.5315681e-08,0.004192192011381978,0.5173395959649483,0.9953324891808154,0.9933071490757153,0.1
895,0,1.0,1.0,0.3333333333333333,1.0,0.0,1.0,1.0,7.0933897e-12,0.004230376735074564,0.5632534684995048,0.9988938997631418,0.9933071490757153,0.1
896,0,1.0,1.0,0.43333333333333335,1.0,0.0,0.0,1.0,4.8821308e-17,0.38619060332190996,0.4739838308447735,0.9593399269717451,0.9933071490757153,0.1
897,1,1.0,1.0,0.4666666666666667,1.0,0.0,1.0,1.0,1.0,0.99999999999997,0.47034107803918607,0.9923029666005819,0.9933071490757153,0.1
898,1,1.0,1.0,0.55,1.0,1.0,1.0,1.0,1.0,0.99999999999997,0.5297666437569492,0.9893606989638254,0.9933071490757153,0.1
899,1,1.0,1.0,0.36666666666666664,1.0,0.0,1.0,1.0,1.0,0.99999999999997,0.3934473480788468,0.9834107582807888,0.9933071490757153,0.1
900,1,1.0,1.0,0.35,1.0,0.0,1.0,1.0,1.0,0.99999999999997,0.3706499678878071,0.9981332924480197,0.9933071490757153,0.1
901,1,1.0,1.0,0.35,1.0,0.0,1.0,1.0,0.9999583,0.99999999999997,0.3811310311845111,0.9743710436115257,0.9933071490757153,0.1
902,1,1.0,1.0,0.45,1.0,0.0,1.0,1.0,1.0,0.99999999999997,0.47047164357110843,0.9703647262473075,0.9933071490757153,0.1
903,1,1.0,1.0,0.43333333333333335,1.0,0.0,1.0,1.0,0.9999994,0.99999999999997,0.451141282151372,0.5399796203406995,0.9933071490757153,0.1
904,1,1.0,1.0,0.4666666666666667,1.0,0.0,1.0,1.0,1.0,0.99999999999997,0.46240524771393565,0.9911357466633574,0.9933071490757153,0.1
905,0,1.0,0.9833333333333333,0.45,1.0,0.0,0.0,1.0,6.5322037e-13,0.306419793665739,0.46161319751247226,0.9890808243106946,0.9933071490757153,0.1
906,1,1.0,1.0,0.4666666666666667,1.0,0.0,1.0,1.0,1.0,0.9668103913671812,0.48416349812060666,0.9991952088664012,0.9933071490757153,0.1
907,1,1.0,1.0,0.48333333333333334,1.0,0.0,1.0,1.0,0.9999604,0.99999999999997,0.47881646557893487,0.9791430034305112,0.9933071490757153,0.1
908,1,1.0,1.0,0.5333333333333333,1.0,0.0,1.0,1.0,0.9999999,0.99999999999997,0.5221140070185554,0.8978241258894561,0.9933071490757153,0.1
909,1,1.0,1.0,0.5,1.0,0.0,1.0,1.0,1.0,0.99999999999997,0.5109474730618557,0.9475763399486578,0.9933071490757153,0.1
910,1,1.0,1.0,0.43333333333333335,1.0,0.0,1.0,1.0,1.0,0.99999999999997,0.4313396517091737,0.990742028185826,0.9933071490757153,0.1
911,1,1.0,1.0,0.4166666666666667,1.0,0.0,1.0,1.0,0.99997294,0.99999999999997,0.4188051822230639,0.9356420825804335,0.9933071490757153,0.1
912,1,1.0,1.0,0.36666666666666664,1.0,0.0,1.0,1.0,1.0,0.99999999999997,0.39677845597534067,0.9914913073591773,0.9933071490757153,0.1
913,1,1.0,1.0,0.38333333333333336,1.0,0.0,1.0,1.0,1.0,0.99999999999997,0.38593254388091225,0.9443634466745817,0.9933071490757153,0.1
914,1,1.0,1.0,0.4,1.0,0.0,1.0,1.0,1.0,0.99999999999997,0.41787563359782864,0.9936234988155211,0.9933071490757153,0.1
915,1,1.0,1.0,0.45,1.0,0.0,1.0,1.0,1.0,0.99999999999997,0.4610926142221568,0.9074013470719665,0.9933071490757153,0.1
916,1,1.0,1.0,0.38333333333333336,1.0,0.0,1.0,1.0,1.0,0.99999999999997,0.3911385468941184,0.9891274050056654,0.9933071490757153,0.1
917,1,1.0,1.0,0.36666666666666664,1.0,0.0,1.0,1.0,1.0,0.99999999999997,0.37885391134156465,0.9987195194109512,0.9933071490757153,0.1
918,1,1.0,1.0,0.4666666666666667,1.0,0.0,1.0,1.0,0.99999774,0.99999999999997,0.470418154241667,0.9679323430729347,0.9933071490757153,0.1
919,1,1.0,1.0,0.5,1.0,0.0,1.0,1.0,1.0,0.99999999999997,0.5111498670038807,0.9982886670344153,0.9933071490757153,0.1
920,1,1.0,1.0,0.3333333333333333,1.0,0.0,1.0,1.0,1.0,0.99999999999997,0.360328537551248,0.9972086901972916,0.9933071490757153,0.1
921,1,1.0,1.0,0.2833333333333333,1.0,0.0,1.0,1.0,1.0,0.99999999999997,0.30605480395318824,0.702048842944432,0.9933071490757153,0.1
922,1,1.0,1.0,0.4166666666666667,1.0,0.0,1.0,1.0,0.9999981,0.99999999999997,0.41926260500610757,0.9657870074881826,0.9933071490757153,0.1
923,1,1.0,1.0,0.36666666666666664,1.0,0.0,1.0,1.0,1.0,0.99999999999997,0.3772870380435209,0.9969542583411319,0.9933071490757153,0.1
924,1,1.0,1.0,0.3333333333333333,1.0,0.0,1.0,1.0,1.0,0.99999999999997,0.3533091166380045,0.9938736283982835,0.9933071490757153,0.1
925,1,1.0,1.0,0.35,1.0,0.0,1.0,1.0,0.9999721,0.99999999999997,0.3694148090853268,0.9657025148112126,0.9933071490757153,0.1
926,1,1.0,1.0,0.5166666666666667,1.0,0.0,1.0,1.0,0.99999964,0.99999999999997,0.5031405283324958,0.9755829287641155,0.9933071490757153,0.1
927,0,1.0,0.9666666666666667,0.2833333333333333,1.0,0.0,0.0,1.0,2.648847e-12,0.3522939856144135,0.541311647133035,0.9990814932699816,0.9933071490757153,0.1
928,0,1.0,1.0,0.55,1.0,1.0,1.0,1.0,4.6067694e-06,0.008887612867056586,0.40104378188071266,0.9962442069690413,0.9933071490757153,0.1
929,1,1.0,1.0,0.3333333333333333,1.0,0.0,1.0,1.0,1.0,0.9998190250288087,0.3423651630972084,0.9993886879251982,0.9933071490757153,0.1
930,1,1.0,1.0,0.5166666666666667,1.0,0.0,1.0,1.0,1.0,0.9999999999680157,0.48963052168370164,0.9991065816063807,0.9933071490757153,0.1
931,1,1.0,1.0,0.35,1.0,0.0,1.0,1.0,1.0,0.9999999998084218,0.356734215795737,0.8322826740386946,0.9933071490757153,0.1
932,1,1.0,1.0,0.4,1.0,0.0,1.0,1.0,0.99999845,0.9999999993070752,0.40847340815105293,0.9402087202483198,0.9933071490757153,0.1
933,1,1.0,1.0,0.35,1.0,0.0,1.0,1.0,1.0,0.9999999970151937,0.3660473034636794,0.989946272724573,0.9933071490757153,0.1
934,1,1.0,1.0,0.38333333333333336,1.0,0.0,1.0,1.0,0.9999989,0.999999999993131,0.3951283769398268,0.9981671179996457,0.9933071490757153,0.1
935,1,1.0,1.0,0.38333333333333336,1.0,0.0,1.0,1.0,0.99999714,0.9999999999997123,0.399019606012981,0.9316086858026174,0.9933071490757153,0.1
936,1,1.0,1.0,0.4,1.0,0.0,1.0,1.0,1.0,0.9999999999954754,0.40927585526170984,0.9768122754955454,0.9933071490757153,0.1
937,1,1.0,1.0,0.43333333333333335,1.0,0.0,1.0,1.0,1.0,0.9999999999815934,0.4180839911285269,0.7135158882154171,0.9933071490757153,0.1
938,1,1.0,1.0,0.43333333333333335,1.0,0.0,1.0,1.0,1.0,0.9999999999037608,0.43416731589932117,0.9959614558250095,0.9933071490757153,0.1
939,1,1.0,1.0,0.36666666666666664,1.0,0.0,1.0,1.0,0.99999976,0.9999999997712836,0.3852521801539356,0.8071877541901133,0.9933071490757153,0.1
940,1,1.0,1.0,0.4,1.0,0.0,1.0,1.0,1.0,0.9999999999419033,0.41846652490269975,0.9989839903766677,0.9933071490757153,0.1
941,1,1.0,1.0,0.4166666666666667,1.0,0.0,1.0,1.0,0.99999964,0.999999999948271,0.4387546607273409,0.8853707458530701,0.9933071490757153,0.1
942,1,1.0,1.0,0.2833333333333333,1.0,0.0,1.0,1.0,1.0,0.9999999999730759,0.32106442304973,0.9771750040561795,0.9933071490757153,0.1
943,1,1.0,1.0,0.38333333333333336,1.0,0.0,1.0,1.0,0.9999865,0.9999999999950222,0.3856268121423682,0.9806669539185048,0.9933071490757153,0.1
944,1,1.0,1.0,0.3333333333333333,1.0,0.0,1.0,1.0,0.99999535,0.9999999998649383,0.35093548939425345,0.9783166158342678,0.9933071490757153,0.1
945,1,1.0,1.0,0.3333333333333333,1.0,0.0,0.0,1.0,0.7532616,0.9999999999429289,0.35724335262070295,0.7082152780171436,0.9933071490757153,0.1
946,1,1.0,1.0,0.36666666666666664,1.0,0.0,1.0,1.0,1.0,0.9999999998948448,0.38794774892906436,0.9357819365267562,0.9933071490757153,0.1
947,1,1.0,1.0,0.35,1.0,0.0,1.0,1.0,0.9999993,0.9999999986606827,0.37151255100789665,0.9702638853892602,0.9933071490757153,0.1
948,1,1.0,1.0,0.5833333333333334,1.0,1.0,1.0,1.0,0.9999999,0.9999999995120226,0.5448055772321568,0.99809579642152,0.9933071490757153,0.1
949,1,1.0,1.0,0.4666666666666667,1.0,0.0,1.0,1.0,1.0,0.9999999998891322,0.46746229347619206,0.9558620081271904,0.9933071490757153,0.1
950,1,1.0,1.0,0.48333333333333334,1.0,0.0,1.0,1.0,1.0,0.9999999998806444,0.4647483851812267,0.9997774673834056,0.9933071490757153,0.1
951,1,1.0,1.0,0.4166666666666667,1.0,0.0,1.0,1.0,0.99592495,0.9999999982202995,0.40759053450212296,0.9558494990785062,0.9933071490757153,0.1
952,1,1.0,1.0,0.4666666666666667,1.0,0.0,1.0,1.0,1.0,0.999999928964811,0.4532375088538994,0.9450090289798143,0.9933071490757153,0.1
953,1,1.0,1.0,0.5166666666666667,1.0,0.0,1.0,1.0,1.0,0.9999999782062484,0.5072693379210635,0.9990732886227345,0.9933071490757153,0.1
954,1,1.0,1.0,0.31666666666666665,1.0,0.0,1.0,1.0,1.0,0.9999999799624708,0.3228802689756975,0.9981883038982182,0.9933071490757153,0.1
955,1,1.0,1.0,0.55,1.0,1.0,1.0,1.0,0.9999999,0.999999976128156,0.5337490488387792,0.9997413079897652,0.9933071490757153,0.1
956,1,1.0,1.0,0.4,1.0,0.0,1.0,1.0,1.0,0.9999999937429751,0.3784565986134238,0.9916446018030883,0.9933071490757153,0.1
957,1,1.0,1.0,0.45,1.0,0.0,1.0,1.0,0.99999976,0.9999999945154435,0.4614896458113012,0.9331994255903383,0.9933071490757153,0.1
958,1,1.0,1.0,0.4166666666666667,1.0,0.0,1.0,1.0,0.9999099,0.999999986720434,0.4171993794082841,0.9720665014035661,0.9933071490757153,0.1
959,1,1.0,1.0,0.45,1.0,0.0,0.0,1.0,0.8872051,0.9999999894446919,0.4415194779064421,0.9929785421215213,0.9933071490757153,0.1
960,1,1.0,1.0,0.45,1.0,0.0,1.0,1.0,1.0,0.9999998085544219,0.4472446627749538,0.9954328690064986,0.9933071490757153,0.1
961,1,1.0,1.0,0.36666666666666664,1.0,0.0,1.0,1.0,0.99993825,0.9998235172633895,0.3752233291113286,0.9996093175663895,0.9933071490757153,0.1
962,1,1.0,1.0,0.38333333333333336,1.0,0.0,1.0,1.0,1.0,0.9999993496386198,0.39006234702618364,0.5442448356969801,0.9933071490757153,0.1
963,1,1.0,1.0,0.45,1.0,0.0,1.0,1.0,1.0,0.9998661526275068,0.4533326100871253,0.9728222253088654,0.9933071490757153,0.1
964,1,1.0,1.0,0.2833333333333333,1.0,0.0,1.0,1.0,1.0,0.9999982791113841,0.31672819091228827,0.9954328690064986,0.9933071490757153,0.1
965,1,0.0,1.0,0.3333333333333333,0.0,0.0,0.0,1.0,0.2371935,0.9985972562083935,0.34691968875178664,0.7946938322306907,0.9933071490757153,0.1
966,1,1.0,1.0,0.4,1.0,0.0,1.0,1.0,1.0,0.9989745773993403,0.4108840759659725,0.8715696181672996,0.9933071490757153,0.1
967,1,1.0,1.0,0.31666666666666665,1.0,0.0,1.0,1.0,1.0,0.998862646609361,0.33269576391690675,0.9964337157632774,0.9933071490757153,0.1
968,1,1.0,0.9666666666666667,0.4166666666666667,1.0,0.0,0.0,1.0,0.9999995,0.8081914530996588,0.3488112400018336,0.9350976926068192,0.9933071490757153,0.1
969,1,1.0,1.0,0.4166666666666667,1.0,0.0,1.0,1.0,1.0,0.9999999999839065,0.4031036116385248,0.8253673484226914,0.9933071490757153,0.1
970,1,1.0,1.0,0.48333333333333334,1.0,0.0,1.0,1.0,1.0,0.999999999990089,0.4601066809235564,0.9963211810908195,0.9933071490757153,0.1
971,1,1.0,1.0,0.4166666666666667,1.0,0.0,1.0,1.0,0.9999999,0.9999999999400611,0.4337791698662533,0.9659800730219696,0.9933071490757153,0.1
972,1,1.0,1.0,0.48333333333333334,1.0,0.0,1.0,1.0,1.0,0.9999999997287339,0.48886809283138427,0.9997712390785425,0.9933071490757153,0.1
973,1,1.0,1.0,0.45,1.0,0.0,1.0,1.0,0.99981683,0.9999999993809322,0.4383922906022051,0.9718834432625131,0.9933071490757153,0.1
974,1,1.0,1.0,0.31666666666666665,1.0,0.0,1.0,1.0,1.0,0.9999999996872383,0.3335374956778295,0.9996403155866256,0.9933071490757153,0.1
975,1,1.0,1.0,0.4,1.0,0.0,1.0,1.0,1.0,0.9999999999949135,0.4047381025951175,0.9997487656180595,0.9933071490757153,0.1
976,1,1.0,1.0,0.5,1.0,0.0,1.0,1.0,1.0,0.9999999999966516,0.45279932092880176,0.8122575743093396,0.9933071490757153,0.1
977,1,1.0,1.0,0.38333333333333336,1.0,0.0,1.0,1.0,0.99731064,0.9999999999974896,0.3824466689234818,0.9997332676747728,0.9933071490757153,0.1
978,1,1.0,1.0,0.35,1.0,0.0,1.0,1.0,1.0,0.9999999999982697,0.3657135681156392,0.5843540844009023,0.9933071490757153,0.1
979,1,1.0,1.0,0.5,1.0,0.0,1.0,1.0,0.9831955,0.9999999999964216,0.46137077372861107,0.9369625062182566,0.9933071490757153,0.1
980,1,1.0,1.0,0.4666666666666667,1.0,0.0,1.0,1.0,1.0,0.9999999999898509,0.43605582597093956,0.9968911334926136,0.9933071490757153,0.1
981,1,1.0,1.0,0.48333333333333334,1.0,0.0,1.0,1.0,0.99998283,0.9999999999873735,0.4469665714012861,0.9441498069494911,0.9933071490757153,0.1
982,1,1.0,1.0,0.4166666666666667,1.0,0.0,1.0,1.0,0.9998981,0.9999999999929599,0.41880617625933153,0.8535510714306891,0.9933071490757153,0.1
983,1,1.0,1.0,0.4666666666666667,1.0,0.0,1.0,1.0,1.0,0.9999999999946806,0.453058385971179,0.9846830053757968,0.9933071490757153,0.1
984,1,1.0,1.0,0.35,1.0,0.0,1.0,1.0,0.9999999,0.9999999999991845,0.3598253409554839,0.9992660901265609,0.9933071490757153,0.1
985,1,1.0,1.0,0.5166666666666667,1.0,0.0,1.0,1.0,0.9999585,0.9999999999938577,0.4986543544112196,0.9983469135392308,0.9933071490757153,0.1
986,1,1.0,1.0,0.35,1.0,0.0,1.0,1.0,0.99965036,0.9999999999993356,0.36198586196301,0.7738459617482861,0.9933071490757153,0.1
987,1,1.0,1.0,0.4,1.0,0.0,0.0,1.0,0.80314577,0.9999999999991859,0.4029459561564451,0.999449674780253,0.9933071490757153,0.1
988,1,1.0,1.0,0.38333333333333336,1.0,0.0,1.0,1.0,0.99999964,0.999999999999354,0.38197916171564633,0.9941832740151826,0.9933071490757153,0.1
989,1,1.0,1.0,0.5,1.0,0.0,1.0,1.0,1.0,0.9999999999999165,0.4742016653602332,0.9868352315495382,0.9933071490757153,0.1
990,1,0.0,1.0,0.4666666666666667,0.0,0.0,0.0,1.0,0.3961969,0.9999999999997474,0.4555929228918466,0.7282887219549145,0.9933071490757153,0.1
991,1,1.0,1.0,0.35,1.0,0.0,1.0,1.0,0.9998981,0.9999999999890601,0.36585154869414843,0.8535510714306891,0.9933071490757153,0.1
992,1,1.0,1.0,0.48333333333333334,1.0,0.0,1.0,1.0,1.0,0.9999999999720198,0.46956177390951415,0.999738682885842,0.9933071490757153,0.1
993,1,1.0,1.0,0.4,1.0,0.0,1.0,1.0,0.9999999,0.9999999999948076,0.38385264416975884,0.966659758110352,0.9933071490757153,0.1
994,1,1.0,1.0,0.45,1.0,0.0,1.0,1.0,1.0,0.99999999999939,0.4428581138594008,0.9952124579518058,0.9933071490757153,0.1
995,1,1.0,1.0,0.4666666666666667,1.0,0.0,1.0,1.0,1.0,0.9999999997203882,0.44585839933232135,0.9995709982075783,0.9933071490757153,0.1
996,1,1.0,1.0,0.31666666666666665,1.0,0.0,1.0,1.0,1.0,0.999999999241222,0.33232337253278316,0.9951118454806464,0.9933071490757153,0.1
997,1,1.0,1.0,0.43333333333333335,1.0,0.0,1.0,1.0,1.0,0.9999999994950713,0.4090243824457029,0.9995350296760525,0.9933071490757153,0.1
998,1,1.0,1.0,0.4,1.0,0.0,1.0,1.0,1.0,0.9999999991232049,0.4198973668984109,0.8115226939651581,0.9933071490757153,0.1
999,1,1.0,1.0,0.4166666666666667,1.0,0.0,1.0,1.0,1.0,0.9999999929729649,0.419031691889404,0.9394059938535574,0.9933071490757153,0.1
1000,1,1.0,1.0,0.36666666666666664,1.0,0.0,1.0,1.0,1.0,0.9999999849313786,0.38469570519442886,0.9989975649039395,0.9933071490757153,0.1
1001,1,1.0,1.0,0.5166666666666667,1.0,0.0,1.0,1.0,0.9999999,0.9999999997055345,0.48615183688360875,0.9992660901265609,0.9933071490757153,0.1
1002,1,1.0,1.0,0.4166666666666667,1.0,0.0,1.0,1.0,0.9998857,0.9999999999426786,0.41687679612093653,0.9692247077662743,0.9933071490757153,0.1
1003,1,1.0,1.0,0.43333333333333335,1.0,0.0,1.0,1.0,0.9999999,0.9999999999924231,0.42223627494211063,0.9989009328289613,0.9933071490757153,0.1
1004,1,1.0,1.0,0.31666666666666665,1.0,0.0,1.0,1.0,1.0,0.999999999999671,0.3394597802684666,0.9976477622314479,0.9933071490757153,0.1
1005,1,1.0,1.0,0.4166666666666667,1.0,0.0,1.0,1.0,1.0,0.9999999999933383,0.39860175004376236,0.9989623870422916,0.9933071490757153,0.1
1006,1,1.0,1.0,0.5,1.0,0.0,1.0,1.0,1.0,0.9999999999914707,0.48155459829770486,0.9965971201429977,0.9933071490757153,0.1
1007,1,1.0,1.0,0.43333333333333335,1.0,0.0,1.0,1.0,0.9999987,0.9999999999970886,0.4156812058997856,0.9293554773292119,0.9933071490757153,0.1
