win_idx,label,acc_v,acc_m,acc_u,acc_mv,acc_ds_eq,acc_ds_static,acc_ours,P_v,P_m,P_u,w_v,w_m,w_u
0,0,1.0,0.0,0.7333333333333333,1.0,0.0,0.0,0.0,1.5364675e-10,0.9999999793759884,0.22738641393657355,0.35259989027077004,0.9933071490757153,0.3775406687981454
1,0,1.0,0.0,0.6833333333333333,1.0,0.0,0.0,0.0,2.7626329e-05,0.9919458633432872,0.26229058855884685,0.47595462841433817,0.9933071490757153,0.3775406687981454
2,0,1.0,0.8,0.7666666666666667,1.0,0.0,1.0,1.0,0.030698394,0.2742950827864653,0.19368383753917584,0.21595997506685738,0.9933071490757153,0.3775406687981454
3,0,1.0,1.0,0.6333333333333333,1.0,1.0,1.0,1.0,1.4214578e-06,0.009140589955900348,0.29543440815023797,0.22974129422328124,0.9933071490757153,0.3775406687981454
4,0,1.0,1.0,0.7666666666666667,1.0,1.0,1.0,1.0,2.1276865e-08,0.00492066361062718,0.21555010283544623,0.3087153388529844,0.9933071490757153,0.3775406687981454
5,0,1.0,1.0,0.65,1.0,1.0,1.0,1.0,3.3615801e-09,0.0035660550679687247,0.2854684599469715,0.377482211944314,0.9933071490757153,0.3775406687981454
6,0,1.0,1.0,0.8666666666666667,1.0,1.0,1.0,1.0,5.00453e-06,0.004349827879038291,0.1335513866818156,0.4861502896638473,0.9933071490757153,0.3775406687981454
7,0,1.0,1.0,0.7666666666666667,1.0,1.0,1.0,1.0,3.6367112e-09,0.00463226355090266,0.21404881119851332,0.25039332890991317,0.9933071490757153,0.3775406687981454
8,0,1.0,1.0,0.65,1.0,1.0,1.0,1.0,2.8796281e-05,0.004130610662820106,0.27218915114312525,0.5956538902825546,0.9933071490757153,0.3775406687981454
9,0,1.0,1.0,0.75,1.0,1.0,1.0,1.0,5.1437694e-09,0.003239475519275629,0.22493030693447175,0.9981546838750985,0.9933071490757153,0.3775406687981454
10,0,1.0,1.0,0.7,1.0,1.0,1.0,1.0,1.7728411e-07,0.003954440252649351,0.24460327313554467,0.4724377283352083,0.9933071490757153,0.3775406687981454
11,0,1.0,1.0,0.6833333333333333,1.0,1.0,1.0,1.0,0.015114606,0.004671959051386679,0.25486421629148825,0.1,0.9933071490757153,0.3775406687981454
12,0,1.0,1.0,0.7666666666666667,1.0,1.0,1.0,1.0,0.0001539057,0.005139468372314732,0.18923598003486777,0.37256884291784326,0.9933071490757153,0.3775406687981454
13,0,1.0,1.0,0.7,1.0,1.0,1.0,1.0,0.0002764577,0.004101725146771932,0.24308750340334487,0.2301426103893533,0.9933071490757153,0.3775406687981454
14,0,1.0,1.0,0.6833333333333333,1.0,1.0,1.0,1.0,0.0811585,0.004219576577336402,0.25553745010883616,0.2935840707988522,0.9933071490757153,0.3775406687981454
15,0,1.0,1.0,0.7333333333333333,1.0,1.0,1.0,1.0,7.130225e-10,0.0034865606666427723,0.23298022908855792,0.1,0.9933071490757153,0.3775406687981454
16,0,1.0,1.0,0.7,1.0,0.0,0.0,1.0,0.4079376,0.0068673118438555185,0.26045145139732273,0.4241623911654031,0.9933071490757153,0.3775406687981454
17,0,1.0,1.0,0.7,1.0,1.0,1.0,1.0,2.3863172e-06,0.00401987125180977,0.24904699027880367,0.28958430808182556,0.9933071490757153,0.3775406687981454
18,0,1.0,1.0,0.7666666666666667,1.0,1.0,1.0,1.0,8.512444e-15,0.003733508444971161,0.21980637048170892,0.1,0.9933071490757153,0.3775406687981454
19,0,1.0,1.0,0.75,1.0,1.0,1.0,1.0,1.2855393e-16,0.005860558855799214,0.22560505673610814,0.6068489763204095,0.9933071490757153,0.3775406687981454
20,0,1.0,1.0,0.8,1.0,1.0,1.0,1.0,2.2745632e-09,0.005572401433796568,0.18726527835942736,0.4479922340954125,0.9933071490757153,0.3775406687981454
21,0,0.0,1.0,0.7333333333333333,1.0,0.0,0.0,1.0,0.9998914,0.0048245981728560865,0.22568239218081812,0.1,0.9933071490757153,0.3775406687981454
22,0,1.0,1.0,0.6166666666666667,1.0,1.0,1.0,1.0,0.0019498431,0.010896718549104433,0.3070699886967449,0.22032606168495303,0.9933071490757153,0.3775406687981454
23,0,1.0,1.0,0.75,1.0,1.0,1.0,1.0,9.522486e-12,0.004904373209090876,0.22039448015266228,0.9785802016682523,0.9933071490757153,0.3775406687981454
24,0,1.0,1.0,0.7833333333333333,1.0,1.0,1.0,1.0,1.9203452e-07,0.004527973824506189,0.1918473219916868,0.47513446691024325,0.9933071490757153,0.3775406687981454
25,0,1.0,1.0,0.7833333333333333,1.0,1.0,1.0,1.0,0.054210585,0.00364405980983783,0.1766702788814565,0.37188546592394317,0.9933071490757153,0.3775406687981454
26,0,1.0,1.0,0.6666666666666666,1.0,1.0,1.0,1.0,3.989077e-08,0.004761246028682411,0.2788671529395737,0.6989249252535957,0.9933071490757153,0.3775406687981454
27,0,0.0,1.0,0.75,1.0,0.0,0.0,1.0,0.9950177,0.0059813007410471075,0.20879665145814355,0.1,0.9933071490757153,0.3775406687981454
28,0,1.0,1.0,0.7,1.0,1.0,1.0,1.0,3.989077e-08,0.004674358560609199,0.253788997576916,0.6989249252535957,0.9933071490757153,0.3775406687981454
29,0,1.0,1.0,0.65,1.0,1.0,1.0,1.0,2.0474683e-05,0.004532403923996567,0.2886066751737352,0.13704988764288545,0.9933071490757153,0.3775406687981454
30,0,1.0,1.0,0.6833333333333333,1.0,1.0,1.0,1.0,4.376888e-14,0.0036887918112270615,0.25476865911649343,0.9992870739286452,0.9933071490757153,0.3775406687981454
31,0,1.0,1.0,0.8,1.0,1.0,1.0,1.0,2.983479e-15,0.00475166336356877,0.1746911098684691,0.1,0.9933071490757153,0.3775406687981454
32,0,1.0,1.0,0.7833333333333333,1.0,1.0,0.0,1.0,0.2740851,0.00499843419128134,0.18595887646822745,0.1,0.9933071490757153,0.3775406687981454
33,0,1.0,1.0,0.6833333333333333,1.0,1.0,1.0,1.0,0.069815874,0.004684256722974531,0.25517140320985193,0.1,0.9933071490757153,0.3775406687981454
34,0,1.0,1.0,0.6166666666666667,1.0,1.0,1.0,1.0,2.3807635e-13,0.005189567223468588,0.3070727822705578,0.1,0.9933071490757153,0.3775406687981454
35,0,1.0,1.0,0.6333333333333333,1.0,0.0,1.0,1.0,1.0659568e-16,0.23711790139680577,0.41293610062051733,0.16544472995099016,0.9933071490757153,0.3775406687981454
36,1,0.0,1.0,0.6833333333333333,1.0,0.0,0.0,1.0,6.450378e-06,0.99999999999997,0.6768374456642603,0.11581423073565997,0.9933071490757153,0.3775406687981454
37,1,1.0,1.0,0.7333333333333333,1.0,1.0,1.0,1.0,0.9999995,0.99999999999997,0.7163879175320543,0.824679684959482,0.9933071490757153,0.3775406687981454
38,1,0.0,1.0,0.7166666666666667,1.0,0.0,0.0,1.0,7.6281964e-10,0.99999999999997,0.6886745476689732,0.1,0.9933071490757153,0.3775406687981454
39,1,0.0,1.0,0.8166666666666667,1.0,0.0,0.0,1.0,1.0134024e-11,0.99999999999997,0.7929320319320019,0.1,0.9933071490757153,0.3775406687981454
40,1,1.0,1.0,0.6666666666666666,1.0,1.0,1.0,1.0,0.99999976,0.99999999999997,0.6621586510008187,0.9511460035914114,0.9933071490757153,0.3775406687981454
41,1,0.0,1.0,0.7833333333333333,1.0,0.0,0.0,1.0,0.40990007,0.99999999999997,0.7569753296675167,0.1,0.9933071490757153,0.3775406687981454
42,1,0.0,1.0,0.6333333333333333,1.0,0.0,0.0,1.0,3.1835095e-06,0.99999999999997,0.6358780491640843,0.25596994349984514,0.9933071490757153,0.3775406687981454
43,1,1.0,1.0,0.7166666666666667,1.0,1.0,1.0,1.0,0.98504794,0.99999999999997,0.7067262492566125,0.5140550021468716,0.9933071490757153,0.3775406687981454
44,1,1.0,1.0,0.85,1.0,1.0,1.0,1.0,0.9966898,0.99999999999997,0.8173164112084168,0.947715841564867,0.9933071490757153,0.3775406687981454
45,1,0.0,1.0,0.7666666666666667,1.0,0.0,0.0,1.0,0.0005764491,0.99999999999997,0.7455842829297921,0.2289257411616395,0.9933071490757153,0.3775406687981454
46,1,1.0,1.0,0.75,1.0,1.0,1.0,1.0,0.9982608,0.99999999999997,0.7219941326682313,0.5154595898795715,0.9933071490757153,0.3775406687981454
47,1,1.0,1.0,0.65,1.0,1.0,1.0,1.0,1.0,0.99999999999997,0.6402187032983601,0.9593392062958773,0.9933071490757153,0.3775406687981454
48,1,0.0,1.0,0.7166666666666667,1.0,0.0,0.0,1.0,0.00031242066,0.99999999999997,0.6895395269373055,0.5893182902047582,0.9933071490757153,0.3775406687981454
49,1,1.0,1.0,0.7666666666666667,1.0,0.0,1.0,1.0,0.7841659,0.99999999999997,0.7381792156584734,0.8782611683730209,0.9933071490757153,0.3775406687981454
50,1,1.0,1.0,0.7166666666666667,1.0,1.0,1.0,1.0,1.0,0.99999999999997,0.7106372801117561,0.1996974688187246,0.9933071490757153,0.3775406687981454
51,1,0.0,1.0,0.7,1.0,0.0,0.0,1.0,1.3476797e-10,0.99999999999997,0.6926398750736127,0.1,0.9933071490757153,0.3775406687981454
52,1,0.0,1.0,0.8166666666666667,1.0,0.0,0.0,1.0,1.1040143e-05,0.99999999999997,0.7743342730072502,0.3063750228115227,0.9933071490757153,0.3775406687981454
53,1,1.0,1.0,0.7166666666666667,1.0,1.0,1.0,1.0,1.0,0.99999999999997,0.6982771191757997,0.9861054671389787,0.9933071490757153,0.3775406687981454
54,1,1.0,1.0,0.6833333333333333,1.0,1.0,1.0,1.0,0.93539226,0.99999999999997,0.6666813358231141,0.1367892364034036,0.9933071490757153,0.3775406687981454
55,1,1.0,1.0,0.65,1.0,1.0,1.0,1.0,1.0,0.99999999999997,0.6371725546022516,0.9566648700156428,0.9933071490757153,0.3775406687981454
56,1,0.0,1.0,0.6833333333333333,1.0,0.0,0.0,1.0,1.6845177e-10,0.99999999999997,0.6759394104796761,0.2186967535910893,0.9933071490757153,0.3775406687981454
57,1,1.0,1.0,0.6833333333333333,1.0,1.0,1.0,1.0,0.99999714,0.99999999999997,0.6830272261138334,0.9441213021370684,0.9933071490757153,0.3775406687981454
58,1,0.0,1.0,0.75,1.0,0.0,0.0,1.0,3.0646575e-07,0.99999999999997,0.7333249470161807,0.1466639483348879,0.9933071490757153,0.3775406687981454
59,1,1.0,1.0,0.6833333333333333,1.0,1.0,1.0,1.0,0.9207326,0.99999999999997,0.6628281800382997,0.8478970973146301,0.9933071490757153,0.3775406687981454
60,1,1.0,1.0,0.75,1.0,1.0,1.0,1.0,0.9999995,0.99999999999997,0.7229757155223591,0.7707990431628677,0.9933071490757153,0.3775406687981454
61,1,0.0,1.0,0.8,1.0,0.0,0.0,1.0,4.9003773e-10,0.99999999999997,0.7590273563168572,0.5010434084731922,0.9933071490757153,0.3775406687981454
62,1,1.0,1.0,0.7666666666666667,1.0,1.0,1.0,1.0,1.0,0.99999999999997,0.7390226056155664,0.1,0.9933071490757153,0.3775406687981454
63,1,1.0,1.0,0.6833333333333333,1.0,1.0,1.0,1.0,0.9694156,0.99999999999997,0.6715654798435448,0.9584223625229787,0.9933071490757153,0.3775406687981454
64,1,1.0,1.0,0.65,1.0,1.0,1.0,1.0,0.99965835,0.99999999999997,0.6456632105584676,0.1382774172498656,0.9933071490757153,0.3775406687981454
65,1,1.0,1.0,0.7666666666666667,1.0,1.0,1.0,1.0,1.0,0.99999999999997,0.7250215158113993,0.8829772576860745,0.9933071490757153,0.3775406687981454
66,1,1.0,1.0,0.7,1.0,1.0,1.0,1.0,1.0,0.99999999999997,0.6852702224990271,0.12700764990869462,0.9933071490757153,0.3775406687981454
67,1,1.0,1.0,0.6166666666666667,1.0,1.0,1.0,1.0,0.9848054,0.99999999999997,0.6132498240241926,0.1599858540017747,0.9933071490757153,0.3775406687981454
68,1,0.0,1.0,0.8166666666666667,1.0,0.0,0.0,1.0,0.0018667483,0.99999999999997,0.7879984810424093,0.2061849806697021,0.9933071490757153,0.3775406687981454
69,1,1.0,1.0,0.6833333333333333,1.0,1.0,1.0,1.0,0.99955493,0.99999999999997,0.6743194895453716,0.9946036500002166,0.9933071490757153,0.3775406687981454
70,1,0.0,1.0,0.65,1.0,0.0,0.0,1.0,2.2774207e-08,0.99999999999997,0.6564621310110075,0.1218864703460154,0.9933071490757153,0.3775406687981454
71,1,1.0,1.0,0.7166666666666667,1.0,1.0,1.0,1.0,0.9996848,0.99999999999997,0.7113911733686799,0.9221863948677481,0.9933071490757153,0.3775406687981454
72,1,1.0,1.0,0.75,1.0,1.0,1.0,1.0,0.9999944,0.99999999999997,0.717514124728819,0.9027002273498643,0.9933071490757153,0.3775406687981454
73,1,1.0,1.0,0.6666666666666666,1.0,1.0,1.0,1.0,1.0,0.99999999999997,0.6660452621429178,0.9915594034391998,0.9933071490757153,0.3775406687981454
74,1,1.0,1.0,0.75,1.0,1.0,1.0,1.0,0.8292586,0.99999999999997,0.7275458766046241,0.11251756974592578,0.9933071490757153,0.3775406687981454
75,1,1.0,1.0,0.6833333333333333,1.0,1.0,1.0,1.0,0.9999995,0.99999999999997,0.6666847969433998,0.9732615235408779,0.9933071490757153,0.3775406687981454
76,1,1.0,1.0,0.8166666666666667,1.0,1.0,1.0,1.0,0.99041814,0.99999999999997,0.7551738328059384,0.1399793315033275,0.9933071490757153,0.3775406687981454
77,1,1.0,1.0,0.7666666666666667,1.0,1.0,1.0,1.0,0.9999926,0.99999999999997,0.7509971704102762,0.18015301310503784,0.9933071490757153,0.3775406687981454
78,1,0.0,1.0,0.8333333333333334,1.0,0.0,0.0,1.0,0.17317194,0.99999999999997,0.7826799847369826,0.21130729828635833,0.9933071490757153,0.3775406687981454
79,1,1.0,1.0,0.7,1.0,1.0,1.0,1.0,0.9809476,0.99999999999997,0.6931607676749459,0.6426830917331718,0.9933071490757153,0.3775406687981454
80,1,1.0,1.0,0.8,1.0,1.0,1.0,1.0,0.99838555,0.99999999999997,0.7430286366490686,0.5424953539626409,0.9933071490757153,0.3775406687981454
81,1,1.0,1.0,0.6166666666666667,1.0,1.0,1.0,1.0,0.99879754,0.99999999999997,0.6097863601713407,0.11849733243727513,0.9933071490757153,0.3775406687981454
82,1,0.0,1.0,0.7,1.0,0.0,0.0,1.0,0.00019395,0.99999999999997,0.6744844724993607,0.3054445882911823,0.9933071490757153,0.3775406687981454
83,1,1.0,1.0,0.6333333333333333,1.0,1.0,1.0,1.0,0.9999982,0.99999999999997,0.6227264741309908,0.9669024251819511,0.9933071490757153,0.3775406687981454
84,1,1.0,1.0,0.6833333333333333,1.0,1.0,1.0,1.0,0.9999763,0.99999999999997,0.6753912384176783,0.6334161060923453,0.9933071490757153,0.3775406687981454
85,1,0.0,1.0,0.65,1.0,0.0,0.0,1.0,3.5523565e-10,0.99999999999997,0.6386715297249008,0.12147101017200972,0.9933071490757153,0.3775406687981454
86,1,0.0,1.0,0.7,1.0,0.0,0.0,1.0,1.2026122e-11,0.99999999999997,0.6924901452378299,0.1,0.9933071490757153,0.3775406687981454
87,1,0.0,1.0,0.7,1.0,0.0,0.0,1.0,0.20564881,0.99999999999997,0.6871952417309413,0.13753724168667542,0.9933071490757153,0.3775406687981454
88,1,1.0,1.0,0.6833333333333333,1.0,1.0,1.0,1.0,0.9999943,0.99999999999997,0.6668460654641922,0.5994657489803829,0.9933071490757153,0.3775406687981454
89,1,1.0,1.0,0.6666666666666666,1.0,1.0,1.0,1.0,1.0,0.99999999999997,0.6539470845730508,0.9711544428557338,0.9933071490757153,0.3775406687981454
90,1,1.0,1.0,0.7333333333333333,1.0,1.0,1.0,1.0,0.99632555,0.99999999999997,0.6983896230542544,0.9928126076739198,0.9933071490757153,0.3775406687981454
91,1,1.0,1.0,0.75,1.0,1.0,1.0,1.0,0.99999857,0.99999999999997,0.7228664540413859,0.8160490537467394,0.9933071490757153,0.3775406687981454
92,1,1.0,1.0,0.6333333333333333,1.0,1.0,1.0,1.0,0.9999368,0.99999999999997,0.6139019284118248,0.11209589430834434,0.9933071490757153,0.3775406687981454
93,1,1.0,1.0,0.75,1.0,1.0,1.0,1.0,0.99999976,0.99999999999997,0.7175587888794992,0.5973448305694298,0.9933071490757153,0.3775406687981454
94,1,0.0,1.0,0.8166666666666667,1.0,0.0,0.0,1.0,5.904451e-09,0.99999999999997,0.7954448932829316,0.1857533908480533,0.9933071490757153,0.3775406687981454
95,1,1.0,1.0,0.7333333333333333,1.0,1.0,1.0,1.0,0.99999976,0.99999999999997,0.7220873181083018,0.5307919415183049,0.9933071490757153,0.3775406687981454
96,1,0.0,1.0,0.6833333333333333,1.0,0.0,0.0,1.0,2.2669414e-12,0.99999999999997,0.680531425945251,0.1,0.9933071490757153,0.3775406687981454
97,1,1.0,1.0,0.75,1.0,1.0,1.0,1.0,0.9972639,0.99999999999997,0.7292578056616482,0.9983006060391547,0.9933071490757153,0.3775406687981454
98,1,1.0,1.0,0.7666666666666667,1.0,1.0,1.0,1.0,0.9999778,0.99999999999997,0.7522320826280513,0.9989352060301914,0.9933071490757153,0.3775406687981454
99,1,1.0,1.0,0.7166666666666667,1.0,1.0,1.0,1.0,0.9749307,0.99999999999997,0.705482000144483,0.1,0.9933071490757153,0.3775406687981454
100,1,1.0,1.0,0.65,1.0,1.0,1.0,1.0,0.9999994,0.99999999999997,0.6429942828978363,0.9272334318144937,0.9933071490757153,0.3775406687981454
101,1,1.0,1.0,0.6,1.0,1.0,1.0,1.0,0.99670273,0.99999999999997,0.6027145183617673,0.43756606695718275,0.9933071490757153,0.3775406687981454
102,1,0.0,1.0,0.7666666666666667,1.0,0.0,0.0,1.0,7.6933117e-07,0.99999999999997,0.711109760353397,0.20613759627917277,0.9933071490757153,0.3775406687981454
103,1,1.0,1.0,0.7333333333333333,1.0,1.0,1.0,1.0,0.9999995,0.99999999999997,0.719419036859475,0.1,0.9933071490757153,0.3775406687981454
104,1,1.0,1.0,0.85,1.0,1.0,1.0,1.0,0.9987606,0.99999999999997,0.828869117320212,0.10047757096609186,0.9933071490757153,0.3775406687981454
105,1,1.0,1.0,0.8333333333333334,1.0,1.0,1.0,1.0,1.0,0.99999999999997,0.8082611282022018,0.402842705478972,0.9933071490757153,0.3775406687981454
106,1,0.0,0.9333333333333333,0.7666666666666667,1.0,0.0,0.0,1.0,3.2350145e-09,0.97788516530743,0.6942771311734038,0.1,0.9933071490757153,0.3775406687981454
107,1,0.0,1.0,0.75,1.0,0.0,0.0,1.0,0.060270805,0.99999999999997,0.7445349231169557,0.16144456561231027,0.9933071490757153,0.3775406687981454
108,1,0.0,1.0,0.8166666666666667,1.0,0.0,0.0,1.0,8.359514e-10,0.99999999999997,0.7903283910230742,0.1,0.9933071490757153,0.3775406687981454
109,1,0.0,1.0,0.7833333333333333,1.0,0.0,0.0,1.0,8.130437e-09,0.99999999999997,0.7689462308791275,0.11704821847543517,0.9933071490757153,0.3775406687981454
110,1,1.0,1.0,0.6333333333333333,1.0,1.0,1.0,1.0,0.9375364,0.99999999999997,0.6403446558565347,0.1,0.9933071490757153,0.3775406687981454
111,1,1.0,1.0,0.75,1.0,1.0,1.0,1.0,0.98523164,0.99999999999997,0.7520625843634948,0.6713872303188128,0.9933071490757153,0.3775406687981454
112,1,1.0,1.0,0.7166666666666667,1.0,1.0,1.0,1.0,0.99998605,0.99999999999997,0.6966311478116929,0.8247476571107698,0.9933071490757153,0.3775406687981454
113,1,1.0,1.0,0.6,1.0,1.0,1.0,1.0,1.0,0.99999999999997,0.5934559634702328,0.998992432384107,0.9933071490757153,0.3775406687981454
114,1,0.0,1.0,0.75,1.0,0.0,0.0,1.0,4.5758834e-11,0.99999999999997,0.7297662225611613,0.1,0.9933071490757153,0.3775406687981454
115,1,1.0,1.0,0.6833333333333333,1.0,1.0,1.0,1.0,0.99999857,0.99999999999997,0.6846102841278351,0.8160490537467394,0.9933071490757153,0.3775406687981454
116,1,0.0,1.0,0.6833333333333333,1.0,0.0,0.0,1.0,6.942988e-06,0.99999999999997,0.6654182205721043,0.10415630475293464,0.9933071490757153,0.3775406687981454
117,1,1.0,1.0,0.75,1.0,1.0,1.0,1.0,1.0,0.99999999999997,0.7253668645461112,0.9244257683954846,0.9933071490757153,0.3775406687981454
118,1,0.0,1.0,0.6666666666666666,1.0,0.0,0.0,1.0,2.2935541e-08,0.99999999999997,0.6655622637542447,0.1584720133139115,0.9933071490757153,0.3775406687981454
119,1,1.0,1.0,0.6333333333333333,1.0,1.0,1.0,1.0,0.9999999,0.9999999999999682,0.6353409867638405,0.8704291386446252,0.9933071490757153,0.3775406687981454
120,1,0.0,1.0,0.8,1.0,0.0,0.0,1.0,1.4532692e-11,0.99999999999997,0.7993412216957502,0.24058377786827334,0.9933071490757153,0.3775406687981454
121,1,1.0,1.0,0.7333333333333333,1.0,1.0,1.0,1.0,0.9999819,0.99999999999997,0.7180170340193972,0.6256815256851216,0.9933071490757153,0.3775406687981454
122,1,1.0,1.0,0.7166666666666667,1.0,1.0,1.0,1.0,1.0,0.99999999999997,0.7077897003103517,0.6556527411518175,0.9933071490757153,0.3775406687981454
123,1,0.0,1.0,0.6833333333333333,1.0,0.0,0.0,1.0,1.162545e-08,0.99999999999997,0.6824546079180716,0.10818142366425879,0.9933071490757153,0.3775406687981454
124,1,1.0,1.0,0.8666666666666667,1.0,1.0,1.0,1.0,1.0,0.99999999999997,0.8362322182938284,0.9944866151569642,0.9933071490757153,0.3775406687981454
125,1,1.0,1.0,0.8333333333333334,1.0,1.0,1.0,1.0,0.9937338,0.9999999999999692,0.815945456496748,0.536077839849179,0.9933071490757153,0.3775406687981454
126,1,1.0,1.0,0.8,1.0,1.0,1.0,1.0,1.0,0.99999999999997,0.7853808661982425,0.9991709807134175,0.9933071490757153,0.3775406687981454
127,1,0.0,1.0,0.6166666666666667,1.0,0.0,0.0,1.0,4.1571377e-09,0.99999999999997,0.6131400035399508,0.25653591973800677,0.9933071490757153,0.3775406687981454
128,1,1.0,1.0,0.85,1.0,1.0,1.0,1.0,0.9999995,0.9999999999999337,0.8145026299206768,0.829756263590576,0.9933071490757153,0.3775406687981454
129,1,0.0,0.7666666666666667,0.85,1.0,0.0,0.0,1.0,2.5109788e-09,0.9999997597430377,0.6774646518141556,0.1,0.9933071490757153,0.3775406687981454
130,0,1.0,0.6333333333333333,0.75,1.0,0.0,1.0,1.0,3.244665e-10,0.3987340810484922,0.22466078843118562,0.9991822198366636,0.9933071490757153,0.3775406687981454
131,0,1.0,1.0,0.6666666666666666,1.0,1.0,1.0,1.0,6.3346654e-11,0.007882340447656577,0.27839967351130873,0.7129975136754317,0.9933071490757153,0.3775406687981454
132,0,1.0,1.0,0.7,1.0,1.0,1.0,1.0,0.0009267668,0.004447594575842518,0.24867005739672654,0.1,0.9933071490757153,0.3775406687981454
133,0,0.0,1.0,0.7166666666666667,1.0,0.0,0.0,1.0,1.0,0.004259576236791439,0.23662820283191263,0.1,0.9933071490757153,0.3775406687981454
134,0,1.0,1.0,0.6166666666666667,1.0,1.0,1.0,1.0,2.727859e-06,0.004408995219073164,0.30721339667210756,0.43489667684651556,0.9933071490757153,0.3775406687981454
135,0,1.0,1.0,0.7833333333333333,1.0,1.0,1.0,1.0,5.799319e-05,0.005248768048460064,0.19223731944078876,0.18841437992212512,0.9933071490757153,0.3775406687981454
136,0,1.0,1.0,0.7,1.0,1.0,1.0,1.0,4.7790516e-10,0.0035468538111598207,0.24599817791317757,0.832455047717872,0.9933071490757153,0.3775406687981454
137,0,1.0,1.0,0.75,1.0,1.0,1.0,1.0,4.757143e-10,0.004738668580170913,0.22358217331598487,0.540151157381435,0.9933071490757153,0.3775406687981454
138,0,1.0,1.0,0.7333333333333333,1.0,1.0,1.0,1.0,1.2755618e-06,0.00641142413642229,0.247069796682083,0.3499760559568993,0.9933071490757153,0.3775406687981454
139,0,1.0,1.0,0.75,1.0,1.0,1.0,1.0,1.0114667e-09,0.003932014984592121,0.22886607340040097,0.7765536816392242,0.9933071490757153,0.3775406687981454
140,0,1.0,1.0,0.7333333333333333,1.0,1.0,1.0,1.0,0.03978748,0.0035579848982189807,0.2288446113478769,0.14009252639916325,0.9933071490757153,0.3775406687981454
141,0,1.0,1.0,0.65,1.0,1.0,1.0,1.0,0.004444276,0.004884528248113193,0.2817608296252636,0.2838747885588889,0.9933071490757153,0.3775406687981454
142,0,1.0,1.0,0.75,1.0,1.0,1.0,1.0,7.8897605e-10,0.004919403502827585,0.22567595198983542,0.16114433698656416,0.9933071490757153,0.3775406687981454
143,0,1.0,1.0,0.7166666666666667,1.0,1.0,1.0,1.0,8.769297e-12,0.0040729466102216675,0.24412291096919167,0.3756472323261815,0.9933071490757153,0.3775406687981454
144,0,1.0,1.0,0.6166666666666667,1.0,0.0,0.0,1.0,0.2746245,0.003175706032365357,0.3139285036732832,0.3758281407280596,0.9933071490757153,0.3775406687981454
145,0,1.0,1.0,0.7333333333333333,1.0,1.0,1.0,1.0,1.7499207e-07,0.003378547991721709,0.22948681373067167,0.1,0.9933071490757153,0.3775406687981454
146,0,1.0,1.0,0.7,1.0,1.0,1.0,1.0,6.8518646e-05,0.00570187690612174,0.2527001161469815,0.29161573031197785,0.9933071490757153,0.3775406687981454
147,0,0.0,1.0,0.7166666666666667,1.0,0.0,0.0,1.0,0.990471,0.004955985077163345,0.24699059290130343,0.10611143490975018,0.9933071490757153,0.3775406687981454
148,0,0.0,1.0,0.7166666666666667,1.0,0.0,0.0,1.0,0.61877567,0.00482904204667144,0.23943217208956286,0.49161079565834875,0.9933071490757153,0.3775406687981454
149,0,1.0,1.0,0.7166666666666667,1.0,1.0,1.0,1.0,1.8260494e-07,0.003980668640774399,0.24722165067585739,0.42992206838968794,0.9933071490757153,0.3775406687981454
150,0,1.0,1.0,0.6666666666666666,1.0,1.0,1.0,1.0,2.0796433e-06,0.003720158775765398,0.28299912136666616,0.42206582509023033,0.9933071490757153,0.3775406687981454
151,0,1.0,1.0,0.8166666666666667,1.0,1.0,1.0,1.0,2.3237112e-09,0.004210921928968164,0.16440184329899274,0.1,0.9933071490757153,0.3775406687981454
152,0,1.0,1.0,0.7,1.0,1.0,1.0,1.0,0.1133186,0.004805492454998938,0.25113697126052825,0.718522301705213,0.9933071490757153,0.3775406687981454
153,0,1.0,1.0,0.5666666666666667,1.0,1.0,1.0,1.0,1.0177295e-08,0.0047832736061542746,0.34433973766154075,0.9808502588744307,0.9933071490757153,0.3775406687981454
154,0,1.0,1.0,0.8333333333333334,1.0,1.0,1.0,1.0,7.321807e-13,0.00422678164698273,0.14970994024637785,0.3008210422325036,0.9933071490757153,0.3775406687981454
155,0,0.0,1.0,0.8333333333333334,1.0,0.0,0.0,1.0,0.9999759,0.003075888886529666,0.14827133392540084,0.1,0.9933071490757153,0.3775406687981454
156,0,0.0,1.0,0.7166666666666667,1.0,0.0,0.0,1.0,0.9211279,0.004764146819315368,0.254550608517036,0.7551811236995603,0.9933071490757153,0.3775406687981454
157,0,1.0,1.0,0.7666666666666667,1.0,1.0,1.0,1.0,0.056499273,0.003971665762322502,0.2073600986296591,0.5070126492659421,0.9933071490757153,0.3775406687981454
158,0,1.0,1.0,0.6,1.0,1.0,1.0,1.0,0.007213677,0.004787656700437442,0.3234757163395707,0.5230320127877813,0.9933071490757153,0.3775406687981454
159,0,1.0,1.0,0.7333333333333333,1.0,1.0,1.0,1.0,3.3785643e-08,0.005225067063786724,0.2225709228096713,0.1,0.9933071490757153,0.3775406687981454
160,0,1.0,1.0,0.7166666666666667,1.0,1.0,1.0,1.0,6.1946395e-08,0.004480254264721717,0.24521436084474577,0.7307614867445554,0.9933071490757153,0.3775406687981454
161,0,1.0,1.0,0.6833333333333333,1.0,1.0,1.0,1.0,0.00019369056,0.005684317453812094,0.26730978167873093,0.280026669674593,0.9933071490757153,0.3775406687981454
162,0,1.0,1.0,0.75,1.0,1.0,1.0,1.0,0.054210585,0.004088460791526778,0.22800581707239437,0.37188546592394317,0.9933071490757153,0.3775406687981454
163,0,0.0,1.0,0.7166666666666667,1.0,0.0,0.0,1.0,0.9993279,0.005153821206016398,0.24632920561079572,0.1,0.9933071490757153,0.3775406687981454
164,0,1.0,1.0,0.7333333333333333,1.0,1.0,1.0,1.0,3.5231764e-08,0.005292629611740585,0.22278195251706737,0.25013744759006856,0.9933071490757153,0.3775406687981454
165,0,1.0,1.0,0.6333333333333333,1.0,1.0,1.0,1.0,0.13399976,0.0042498682537188606,0.3032891059110824,0.9576843959652988,0.9933071490757153,0.3775406687981454
166,0,1.0,1.0,0.7,1.0,1.0,1.0,1.0,2.4161041e-05,0.003747754551894932,0.2530254844556341,0.9850298229389229,0.9933071490757153,0.3775406687981454
167,0,1.0,1.0,0.6166666666666667,1.0,1.0,1.0,1.0,1.3957352e-12,0.004055911810046148,0.3052720658099712,0.1,0.9933071490757153,0.3775406687981454
168,0,1.0,1.0,0.6166666666666667,1.0,1.0,1.0,1.0,7.9905384e-08,0.004538791348514339,0.3108644065844067,0.3632997010953819,0.9933071490757153,0.3775406687981454
169,0,1.0,1.0,0.8166666666666667,1.0,1.0,1.0,1.0,1.2571877e-05,0.004105156781569462,0.17869417614175304,0.6915978302194729,0.9933071490757153,0.3775406687981454
170,0,0.0,1.0,0.6666666666666666,1.0,0.0,0.0,1.0,0.7570841,0.003067692654870497,0.27119224985265106,0.9867040982235606,0.9933071490757153,0.3775406687981454
171,0,1.0,1.0,0.75,1.0,1.0,1.0,1.0,0.029116154,0.0031919342585855384,0.21266802577877114,0.1,0.9933071490757153,0.3775406687981454
172,0,1.0,1.0,0.7833333333333333,1.0,1.0,1.0,1.0,6.8518646e-05,0.004234467505950466,0.2022259629196487,0.29161573031197785,0.9933071490757153,0.3775406687981454
173,0,1.0,1.0,0.6666666666666666,1.0,1.0,1.0,1.0,2.7052883e-08,0.007495275302507947,0.2948591819625131,0.1,0.9933071490757153,0.3775406687981454
174,0,1.0,1.0,0.65,1.0,1.0,1.0,1.0,9.516768e-05,0.003222645928106049,0.27819858911731365,0.867999799943739,0.9933071490757153,0.3775406687981454
175,0,1.0,1.0,0.7833333333333333,1.0,1.0,1.0,1.0,1.4001857e-08,0.005605965417780549,0.1841510080125091,0.7458833495336754,0.9933071490757153,0.3775406687981454
176,1,0.0,1.0,0.75,1.0,0.0,0.0,1.0,2.012806e-11,0.9004951837143883,0.6489884508745342,0.10859078113444287,0.9933071490757153,0.3775406687981454
177,1,0.0,1.0,0.7666666666666667,1.0,0.0,0.0,1.0,1.6845177e-10,0.9999999878156232,0.7222428206328575,0.2186967535910893,0.9933071490757153,0.3775406687981454
178,1,0.0,1.0,0.7166666666666667,1.0,0.0,0.0,1.0,3.0756355e-09,0.9999999940050638,0.7132665482597544,0.5933478944857196,0.9933071490757153,0.3775406687981454
179,1,1.0,1.0,0.6666666666666666,1.0,1.0,1.0,1.0,0.9999622,0.999999999974191,0.6731031199630393,0.9001488491330248,0.9933071490757153,0.3775406687981454
180,1,0.0,1.0,0.7833333333333333,1.0,0.0,0.0,1.0,3.0646575e-07,0.9999999986353284,0.7664651010874027,0.1466639483348879,0.9933071490757153,0.3775406687981454
181,1,1.0,1.0,0.7833333333333333,1.0,1.0,1.0,1.0,0.98516244,0.9999999999001227,0.7384619724748404,0.6354142415420648,0.9933071490757153,0.3775406687981454
182,1,0.0,1.0,0.65,1.0,0.0,0.0,1.0,0.06269989,0.9999999999185956,0.6427719689869691,0.1,0.9933071490757153,0.3775406687981454
183,1,1.0,1.0,0.7333333333333333,1.0,1.0,1.0,1.0,1.0,0.9999999999076992,0.7277148707307414,0.9147058484957324,0.9933071490757153,0.3775406687981454
184,1,1.0,1.0,0.65,1.0,1.0,1.0,1.0,0.9999889,0.999999999961879,0.6307209232838566,0.958849528565614,0.9933071490757153,0.3775406687981454
185,1,1.0,1.0,0.75,1.0,1.0,1.0,1.0,0.9999052,0.999999999969959,0.7246987069067973,0.995695269898148,0.9933071490757153,0.3775406687981454
186,1,0.0,1.0,0.7166666666666667,1.0,0.0,0.0,1.0,1.1986735e-07,0.9999999999943318,0.6837336707684318,0.22436879060605766,0.9933071490757153,0.3775406687981454
187,1,1.0,1.0,0.7,1.0,1.0,1.0,1.0,0.9999993,0.9999999999967593,0.6749218464669208,0.9213614743570041,0.9933071490757153,0.3775406687981454
188,1,1.0,1.0,0.8,1.0,1.0,1.0,1.0,0.9999763,0.9999999999980177,0.7910834819249486,0.6334161060923453,0.9933071490757153,0.3775406687981454
189,1,0.0,1.0,0.6666666666666666,1.0,0.0,0.0,1.0,2.5109788e-09,0.9999999999992465,0.6630862812974685,0.1,0.9933071490757153,0.3775406687981454
190,1,1.0,1.0,0.7666666666666667,1.0,1.0,1.0,1.0,1.0,0.9999999999999674,0.7468724289571471,0.8829772576860745,0.9933071490757153,0.3775406687981454
191,1,1.0,1.0,0.7333333333333333,1.0,1.0,1.0,1.0,1.0,0.9999999999999682,0.7198039111647536,0.9864913720705107,0.9933071490757153,0.3775406687981454
192,1,1.0,1.0,0.8,1.0,1.0,1.0,1.0,0.9998677,0.9999999999999692,0.7481799537178347,0.9932536525852563,0.9933071490757153,0.3775406687981454
193,1,0.0,1.0,0.7,1.0,0.0,0.0,1.0,0.106417574,0.99999999999997,0.6680855396738983,0.9175553734998857,0.9933071490757153,0.3775406687981454
194,1,1.0,1.0,0.7,1.0,1.0,1.0,1.0,0.9999999,0.99999999999997,0.6621332209466423,0.8036491939825056,0.9933071490757153,0.3775406687981454
195,1,1.0,1.0,0.7666666666666667,1.0,1.0,1.0,1.0,0.999252,0.9999999999999699,0.7529142224449143,0.16111822498829803,0.9933071490757153,0.3775406687981454
196,1,1.0,1.0,0.7166666666666667,1.0,1.0,1.0,1.0,1.0,0.99999999999997,0.6940046806919085,0.1,0.9933071490757153,0.3775406687981454
197,1,0.0,1.0,0.7166666666666667,1.0,0.0,0.0,1.0,3.8667198e-13,0.99999999999997,0.6937532609200511,0.6522454919679315,0.9933071490757153,0.3775406687981454
198,1,1.0,1.0,0.6166666666666667,1.0,1.0,1.0,1.0,1.0,0.99999999999997,0.6289247065998846,0.7704162150194738,0.9933071490757153,0.3775406687981454
199,1,1.0,1.0,0.6833333333333333,1.0,1.0,1.0,1.0,0.9999825,0.99999999999997,0.6553162885719465,0.8937468106895853,0.9933071490757153,0.3775406687981454
200,1,1.0,1.0,0.65,1.0,1.0,1.0,1.0,1.0,0.99999999999997,0.6394035430888517,0.8787707139230597,0.9933071490757153,0.3775406687981454
201,1,0.0,1.0,0.7333333333333333,1.0,0.0,0.0,1.0,0.009487031,0.9999999999998318,0.7232790056179971,0.8765002062495761,0.9933071490757153,0.3775406687981454
202,1,1.0,1.0,0.6666666666666666,1.0,1.0,1.0,1.0,0.99999964,0.999999999999922,0.6611708942588207,0.9351853941277597,0.9933071490757153,0.3775406687981454
203,1,1.0,1.0,0.75,1.0,1.0,1.0,1.0,1.0,0.9999999999998805,0.7163295323834422,0.48024425556033945,0.9933071490757153,0.3775406687981454
204,1,0.0,1.0,0.8166666666666667,1.0,0.0,0.0,1.0,0.013268105,0.9999999999999292,0.7887499635690204,0.21316263832202598,0.9933071490757153,0.3775406687981454
205,1,0.0,1.0,0.6666666666666666,1.0,0.0,0.0,1.0,9.8813216e-05,0.9999999999999564,0.6691275904517567,0.3707255652675135,0.9933071490757153,0.3775406687981454
206,1,0.0,1.0,0.7666666666666667,1.0,0.0,0.0,1.0,2.090534e-06,0.9999999999999677,0.7331865190972712,0.1207713592846709,0.9933071490757153,0.3775406687981454
207,1,1.0,1.0,0.75,1.0,0.0,0.0,1.0,0.71441895,0.9999999999999507,0.7193523496506915,0.1,0.9933071490757153,0.3775406687981454
208,1,0.0,1.0,0.7,1.0,0.0,0.0,1.0,0.026946016,0.9999999999999251,0.6827667687419091,0.15857330328742758,0.9933071490757153,0.3775406687981454
209,1,1.0,1.0,0.85,1.0,1.0,1.0,1.0,1.0,0.9999999999979348,0.7884773312121215,0.9222564444734225,0.9933071490757153,0.3775406687981454
210,1,1.0,1.0,0.6,1.0,1.0,1.0,1.0,0.9998565,0.9999999999965226,0.6095427826873249,0.793681205625227,0.9933071490757153,0.3775406687981454
211,1,0.0,0.95,0.7666666666666667,1.0,0.0,0.0,1.0,1.0557701e-10,0.9937295815487233,0.7021794779012815,0.29688886217939026,0.9933071490757153,0.3775406687981454
212,0,1.0,0.8,0.8333333333333334,1.0,1.0,1.0,1.0,8.314073e-09,0.2612670945033507,0.17455543100923462,0.4543730467817016,0.9933071490757153,0.3775406687981454
213,0,1.0,1.0,0.7833333333333333,1.0,1.0,1.0,1.0,0.0010288841,0.009228486881335233,0.19298741593140248,0.42149327923597457,0.9933071490757153,0.3775406687981454
214,0,1.0,1.0,0.65,1.0,1.0,1.0,1.0,4.1217194e-09,0.005471996435954228,0.2996602352889065,0.9969430793202685,0.9933071490757153,0.3775406687981454
215,0,1.0,1.0,0.7333333333333333,1.0,1.0,1.0,1.0,1.538114e-08,0.0033978655702344126,0.21667586947973885,0.3019218874565082,0.9933071490757153,0.3775406687981454
216,0,1.0,1.0,0.7833333333333333,1.0,1.0,1.0,1.0,7.457669e-06,0.004821509917805201,0.20980570285230862,0.5899244020327553,0.9933071490757153,0.3775406687981454
217,0,1.0,1.0,0.7333333333333333,1.0,1.0,1.0,1.0,1.3155355e-06,0.0035364637354902786,0.23141356398432952,0.6284216769217382,0.9933071490757153,0.3775406687981454
218,0,1.0,1.0,0.65,1.0,1.0,1.0,1.0,1.8354737e-17,0.006404992222671399,0.29135354121796975,0.1847237950822009,0.9933071490757153,0.3775406687981454
219,0,1.0,1.0,0.7166666666666667,1.0,0.0,0.0,1.0,0.2746245,0.005128830578278642,0.2436735080754968,0.3758281407280596,0.9933071490757153,0.3775406687981454
220,0,1.0,1.0,0.6833333333333333,1.0,1.0,1.0,1.0,3.393347e-08,0.005306371374793896,0.26151431774325196,0.5578182895302336,0.9933071490757153,0.3775406687981454
221,0,1.0,1.0,0.7666666666666667,1.0,1.0,1.0,1.0,1.3996516e-08,0.0040421160851379,0.20101331089305793,0.23982410790067268,0.9933071490757153,0.3775406687981454
222,0,1.0,1.0,0.7833333333333333,1.0,1.0,1.0,1.0,9.467403e-18,0.003708473386504854,0.20476322514085343,0.1,0.9933071490757153,0.3775406687981454
223,0,1.0,1.0,0.6166666666666667,1.0,1.0,1.0,1.0,0.001690038,0.0038037187306319566,0.3216281040309871,0.24392729149124445,0.9933071490757153,0.3775406687981454
224,0,1.0,1.0,0.7333333333333333,1.0,1.0,1.0,1.0,3.6367112e-09,0.00521802873861037,0.2365509806327135,0.25039332890991317,0.9933071490757153,0.3775406687981454
225,0,1.0,1.0,0.7166666666666667,1.0,1.0,1.0,1.0,1.072794e-08,0.007941630698562586,0.2419208097725774,0.1,0.9933071490757153,0.3775406687981454
226,0,1.0,1.0,0.6833333333333333,1.0,1.0,1.0,1.0,5.2418734e-08,0.005342868084314516,0.26433358926658407,0.2914918473949614,0.9933071490757153,0.3775406687981454
227,0,1.0,1.0,0.7166666666666667,1.0,1.0,1.0,1.0,9.1402406e-11,0.004564783554992334,0.23382849265178038,0.45098418334271795,0.9933071490757153,0.3775406687981454
228,0,1.0,1.0,0.7666666666666667,1.0,1.0,1.0,1.0,0.023991993,0.004582672511512882,0.19397290990992883,0.17822194890323487,0.9933071490757153,0.3775406687981454
229,0,1.0,1.0,0.7166666666666667,1.0,1.0,1.0,1.0,7.480347e-08,0.004365486362858157,0.24051664995903796,0.8025656875736631,0.9933071490757153,0.3775406687981454
230,0,1.0,1.0,0.5666666666666667,1.0,1.0,1.0,1.0,2.9838267e-11,0.003425428397754838,0.35340323220907693,0.2037354767656257,0.9933071490757153,0.3775406687981454
231,0,1.0,1.0,0.6666666666666666,1.0,1.0,1.0,1.0,5.1753204e-06,0.004370997832001949,0.2796667283601924,0.7235641334274867,0.9933071490757153,0.3775406687981454
232,0,1.0,1.0,0.8166666666666667,1.0,1.0,1.0,1.0,2.080302e-06,0.006616714106770827,0.16723892510287605,0.35414191943892653,0.9933071490757153,0.3775406687981454
233,0,1.0,1.0,0.65,1.0,1.0,1.0,1.0,1.03526816e-07,0.0057403431765302455,0.2794795201222721,0.7542100570496345,0.9933071490757153,0.3775406687981454
234,1,0.0,0.9833333333333333,0.6166666666666667,0.0,0.0,0.0,0.0,1.6845177e-10,0.518171153433104,0.44309753826992326,0.2186967535910893,0.9933071490757153,0.3775406687981454
235,1,0.0,1.0,0.6666666666666666,1.0,0.0,0.0,1.0,4.508491e-05,0.99999999999997,0.6671313575793896,0.1,0.9933071490757153,0.3775406687981454
236,1,1.0,1.0,0.8,1.0,1.0,1.0,1.0,0.99999976,0.99999999999997,0.7766296984940795,0.9693996863039911,0.9933071490757153,0.3775406687981454
237,1,0.0,1.0,0.65,1.0,0.0,0.0,1.0,1.4988962e-13,0.99999999999997,0.6549838099904978,0.1,0.9933071490757153,0.3775406687981454
238,1,1.0,1.0,0.7666666666666667,1.0,1.0,1.0,1.0,1.0,0.99999999999997,0.7543283823258695,0.9236015353013496,0.9933071490757153,0.3775406687981454
239,1,1.0,1.0,0.7333333333333333,1.0,1.0,1.0,1.0,0.99998283,0.99999999999997,0.7336112344324484,0.8632824188832517,0.9933071490757153,0.3775406687981454
240,1,1.0,1.0,0.7,1.0,1.0,1.0,1.0,0.99999976,0.99999999999997,0.690456368755615,0.3114061412953087,0.9933071490757153,0.3775406687981454
241,1,0.0,1.0,0.7333333333333333,1.0,0.0,0.0,1.0,8.0559534e-05,0.99999999999997,0.7383032040988428,0.7560651565165247,0.9933071490757153,0.3775406687981454
242,1,0.0,1.0,0.7,1.0,0.0,0.0,1.0,4.0193294e-07,0.99999999999997,0.6899364166694556,0.15939586521311994,0.9933071490757153,0.3775406687981454
243,1,1.0,1.0,0.75,1.0,1.0,1.0,1.0,0.9999995,0.99999999999997,0.7333164984381296,0.829756263590576,0.9933071490757153,0.3775406687981454
244,1,0.0,1.0,0.7,1.0,0.0,0.0,1.0,3.39902e-09,0.99999999999997,0.6752723302389135,0.1,0.9933071490757153,0.3775406687981454
245,1,1.0,1.0,0.7166666666666667,1.0,1.0,1.0,1.0,0.9996848,0.99999999999997,0.706105644650621,0.9221863948677481,0.9933071490757153,0.3775406687981454
246,1,0.0,1.0,0.7666666666666667,1.0,0.0,0.0,1.0,0.0010460893,0.99999999999997,0.7628264364784927,0.1,0.9933071490757153,0.3775406687981454
247,1,1.0,1.0,0.8166666666666667,1.0,1.0,1.0,1.0,1.0,0.99999999999997,0.8110125528435166,0.4067349877942495,0.9933071490757153,0.3775406687981454
248,1,0.0,1.0,0.7666666666666667,1.0,0.0,0.0,1.0,0.021922935,0.99999999999997,0.7425074336140628,0.1264995066634089,0.9933071490757153,0.3775406687981454
249,1,1.0,1.0,0.85,1.0,1.0,1.0,1.0,1.0,0.99999999999997,0.8215332642535252,0.9538934933186216,0.9933071490757153,0.3775406687981454
250,1,0.0,1.0,0.7833333333333333,1.0,0.0,0.0,1.0,1.6494874e-09,0.99999999999997,0.7552452493866226,0.1,0.9933071490757153,0.3775406687981454
251,1,1.0,1.0,0.8333333333333334,1.0,1.0,1.0,1.0,0.79921967,0.99999999999997,0.8128280479171235,0.4177354840478844,0.9933071490757153,0.3775406687981454
252,1,0.0,1.0,0.7166666666666667,1.0,0.0,0.0,1.0,1.7747966e-07,0.99999999999997,0.6977606187462481,0.18021009639382246,0.9933071490757153,0.3775406687981454
253,1,1.0,1.0,0.7333333333333333,1.0,1.0,1.0,1.0,1.0,0.99999999999997,0.7112292334707664,0.885999311456542,0.9933071490757153,0.3775406687981454
254,1,1.0,1.0,0.75,1.0,1.0,1.0,1.0,1.0,0.99999999999997,0.7485020539945406,0.9911545689139756,0.9933071490757153,0.3775406687981454
255,1,1.0,1.0,0.75,1.0,1.0,1.0,1.0,0.99999917,0.99999999999997,0.7431452644442543,0.9880672106267019,0.9933071490757153,0.3775406687981454
256,1,1.0,1.0,0.7333333333333333,1.0,1.0,1.0,1.0,0.9996606,0.99999999999997,0.7151502122028872,0.12793635016516552,0.9933071490757153,0.3775406687981454
257,1,1.0,1.0,0.7333333333333333,1.0,1.0,1.0,1.0,0.99999917,0.99999999999997,0.7170649046462804,0.6429498785956571,0.9933071490757153,0.3775406687981454
258,1,0.0,1.0,0.7333333333333333,1.0,0.0,0.0,1.0,0.007051612,0.99999999999997,0.7265329743130607,0.5313753404545045,0.9933071490757153,0.3775406687981454
259,1,0.0,1.0,0.7166666666666667,1.0,0.0,0.0,1.0,5.2401933e-12,0.99999999999997,0.7065255743308072,0.1,0.9933071490757153,0.3775406687981454
260,1,1.0,1.0,0.6666666666666666,1.0,1.0,1.0,1.0,0.99999976,0.99999999999997,0.6619131543556473,0.9693996863039911,0.9933071490757153,0.3775406687981454
261,1,0.0,1.0,0.6666666666666666,1.0,0.0,0.0,1.0,2.2248539e-13,0.99999999999997,0.6671821910646615,0.1,0.9933071490757153,0.3775406687981454
262,1,1.0,1.0,0.7,1.0,1.0,1.0,1.0,0.9999982,0.99999999999997,0.6880057155251673,0.8554444134627365,0.9933071490757153,0.3775406687981454
263,1,0.0,1.0,0.7166666666666667,1.0,0.0,0.0,1.0,5.4414544e-05,0.99999999999997,0.6960906143910325,0.10567747922318067,0.9933071490757153,0.3775406687981454
264,1,0.0,1.0,0.6833333333333333,1.0,0.0,0.0,1.0,4.211904e-17,0.99999999999997,0.6832670038325549,0.1,0.9933071490757153,0.3775406687981454
265,1,1.0,1.0,0.65,1.0,1.0,1.0,1.0,0.9999995,0.99999999999997,0.6619329874312938,0.829756263590576,0.9933071490757153,0.3775406687981454
266,1,1.0,1.0,0.65,1.0,1.0,1.0,1.0,1.0,0.99999999999997,0.6410787214208926,0.9411730226069227,0.9933071490757153,0.3775406687981454
267,1,1.0,1.0,0.7,1.0,1.0,1.0,1.0,0.99999535,0.99999999999997,0.7061673482704764,0.8514897512300149,0.9933071490757153,0.3775406687981454
268,1,0.0,1.0,0.7166666666666667,1.0,0.0,0.0,1.0,2.9484393e-15,0.99999999999997,0.714388388893012,0.808833478453129,0.9933071490757153,0.3775406687981454
269,1,0.0,1.0,0.7666666666666667,1.0,0.0,0.0,1.0,0.00019395,0.99999999999997,0.746841027492538,0.3054445882911823,0.9933071490757153,0.3775406687981454
270,1,1.0,1.0,0.6333333333333333,1.0,0.0,1.0,1.0,0.891121,0.99999999999997,0.6320548431920906,0.8950793340466326,0.9933071490757153,0.3775406687981454
271,1,0.0,1.0,0.7333333333333333,1.0,0.0,0.0,1.0,4.9003773e-10,0.99999999999997,0.7165069668405225,0.5010434084731922,0.9933071490757153,0.3775406687981454
272,1,1.0,1.0,0.7,1.0,1.0,1.0,1.0,0.9940631,0.99999999999997,0.691926645083221,0.23881065936440873,0.9933071490757153,0.3775406687981454
273,1,1.0,1.0,0.6666666666666666,1.0,1.0,1.0,1.0,0.99838555,0.99999999999997,0.6666691720664167,0.5424953539626409,0.9933071490757153,0.3775406687981454
274,1,0.0,1.0,0.6666666666666666,1.0,0.0,0.0,1.0,0.07008242,0.99999999999997,0.6489399007899234,0.1441653427823902,0.9933071490757153,0.3775406687981454
275,1,1.0,1.0,0.6833333333333333,1.0,1.0,1.0,1.0,1.0,0.99999999999997,0.687089396085964,0.24797087513666574,0.9933071490757153,0.3775406687981454
276,1,1.0,1.0,0.7,1.0,1.0,1.0,1.0,1.0,0.99999999999997,0.6828964384687556,0.6497258656674201,0.9933071490757153,0.3775406687981454
277,1,1.0,1.0,0.75,1.0,1.0,1.0,1.0,1.0,0.99999999999997,0.7425744093509349,0.9462946107172504,0.9933071490757153,0.3775406687981454
278,1,1.0,1.0,0.7,1.0,1.0,1.0,1.0,1.0,0.99999999999997,0.6939178020764106,0.9812807497055682,0.9933071490757153,0.3775406687981454
279,1,1.0,1.0,0.75,1.0,1.0,1.0,1.0,0.99999976,0.99999999999997,0.7294866739323045,0.8888794307675986,0.9933071490757153,0.3775406687981454
280,1,1.0,1.0,0.7666666666666667,1.0,1.0,1.0,1.0,0.9996848,0.99999999999997,0.7466051992009523,0.9221863948677481,0.9933071490757153,0.3775406687981454
281,1,1.0,1.0,0.6833333333333333,1.0,1.0,1.0,1.0,0.9995441,0.99999999999997,0.6786683748455082,0.9639879010008482,0.9933071490757153,0.3775406687981454
282,1,0.0,1.0,0.8,1.0,0.0,0.0,1.0,0.060270805,0.99999999999997,0.7738794452470744,0.16144456561231027,0.9933071490757153,0.3775406687981454
283,1,1.0,1.0,0.8333333333333334,1.0,1.0,1.0,1.0,1.0,0.99999999999997,0.8109243983781227,0.9244257683954846,0.9933071490757153,0.3775406687981454
284,1,0.0,1.0,0.6666666666666666,1.0,0.0,0.0,1.0,4.4867137e-17,0.99999999999997,0.6617021421621174,0.1,0.9933071490757153,0.3775406687981454
285,1,1.0,1.0,0.8,1.0,1.0,1.0,1.0,1.0,0.99999999999997,0.7803533323601203,0.8787707139230597,0.9933071490757153,0.3775406687981454
286,1,0.0,1.0,0.7333333333333333,1.0,0.0,0.0,1.0,8.71967e-10,0.99999999999997,0.7250380001684555,0.4745676904758775,0.9933071490757153,0.3775406687981454
287,1,1.0,1.0,0.7333333333333333,1.0,1.0,1.0,1.0,0.9999819,0.99999999999997,0.7300067967231707,0.6256815256851216,0.9933071490757153,0.3775406687981454
288,1,1.0,1.0,0.7166666666666667,1.0,1.0,1.0,1.0,1.0,0.8674553857920254,0.667854210315752,0.1,0.9933071490757153,0.3775406687981454
289,0,1.0,1.0,0.8333333333333334,1.0,1.0,1.0,1.0,7.130225e-10,0.0064658051580903965,0.16107086640720886,0.1,0.9933071490757153,0.3775406687981454
290,0,1.0,1.0,0.7666666666666667,1.0,1.0,1.0,1.0,7.457669e-06,0.005720587420498669,0.2153295504406833,0.5899244020327553,0.9933071490757153,0.3775406687981454
291,0,0.0,1.0,0.7166666666666667,1.0,0.0,0.0,1.0,0.83432007,0.004148229737976405,0.2397563352077922,0.3363439704372568,0.9933071490757153,0.3775406687981454
292,0,1.0,1.0,0.7666666666666667,1.0,1.0,1.0,1.0,7.7022036e-05,0.004059928957674813,0.1952644935124021,0.3841555726290614,0.9933071490757153,0.3775406687981454
293,0,1.0,1.0,0.65,1.0,1.0,1.0,1.0,0.0001049316,0.0034345184724715685,0.28876436840954445,0.1,0.9933071490757153,0.3775406687981454
294,0,1.0,1.0,0.8,1.0,1.0,1.0,1.0,1.769552e-11,0.005403974574299415,0.1846065986399475,0.47076656081839074,0.9933071490757153,0.3775406687981454
295,0,1.0,1.0,0.8,1.0,1.0,1.0,1.0,0.00045036903,0.004291476475041869,0.17786394251617524,0.21935396122577355,0.9933071490757153,0.3775406687981454
296,0,1.0,1.0,0.8,1.0,1.0,1.0,1.0,2.0474683e-05,0.004263463525733132,0.17638991428881268,0.13704988764288545,0.9933071490757153,0.3775406687981454
297,0,1.0,1.0,0.8,1.0,1.0,1.0,1.0,8.487367e-18,0.003763285510685971,0.17647552008542114,0.1,0.9933071490757153,0.3775406687981454
298,0,1.0,1.0,0.8166666666666667,1.0,1.0,1.0,1.0,2.15041e-09,0.004916634026715016,0.1793755661745729,0.18574818073487692,0.9933071490757153,0.3775406687981454
299,0,1.0,1.0,0.8333333333333334,1.0,1.0,1.0,1.0,0.047235526,0.004826008756127374,0.1715946126467312,0.29852944674008264,0.9933071490757153,0.3775406687981454
300,0,1.0,1.0,0.7166666666666667,1.0,1.0,1.0,1.0,2.0046025e-08,0.003609403333238995,0.23879341249773475,0.13316114165126,0.9933071490757153,0.3775406687981454
301,0,1.0,1.0,0.75,1.0,1.0,1.0,1.0,5.9367416e-05,0.004540079669933013,0.23021483575523194,0.19654250891908023,0.9933071490757153,0.3775406687981454
302,0,1.0,1.0,0.7,1.0,1.0,1.0,1.0,6.608708e-07,0.005842758882949436,0.24922243111813389,0.42002688723835396,0.9933071490757153,0.3775406687981454
303,0,1.0,1.0,0.7166666666666667,1.0,1.0,1.0,1.0,1.7463379e-05,0.0034934644475593485,0.2464836408704371,0.6121719962303755,0.9933071490757153,0.3775406687981454
304,0,1.0,1.0,0.5833333333333334,1.0,1.0,1.0,1.0,0.030614285,0.003865766283746236,0.34632352989884185,0.1,0.9933071490757153,0.3775406687981454
305,0,1.0,1.0,0.7666666666666667,1.0,0.0,0.0,1.0,0.36092156,0.0035473579325584134,0.2085844382608087,0.21635860145317823,0.9933071490757153,0.3775406687981454
306,0,1.0,1.0,0.65,1.0,1.0,1.0,1.0,9.445146e-18,0.004697940339622343,0.28161879739732676,0.1,0.9933071490757153,0.3775406687981454
307,0,1.0,1.0,0.6666666666666666,1.0,1.0,1.0,1.0,1.0274319e-13,0.005428403163107429,0.27530986574360217,0.9967003518527513,0.9933071490757153,0.3775406687981454
308,0,1.0,1.0,0.7,1.0,1.0,1.0,1.0,1.7740436e-07,0.004050353342207854,0.25352595123308563,0.47000111421467833,0.9933071490757153,0.3775406687981454
309,0,1.0,1.0,0.7833333333333333,1.0,1.0,1.0,1.0,4.6246754e-08,0.004874304722347141,0.19354948116013543,0.8392646522154855,0.9933071490757153,0.3775406687981454
310,0,1.0,1.0,0.7,1.0,1.0,1.0,1.0,2.2155713e-07,0.006454544973060176,0.25496481887675565,0.654339393829368,0.9933071490757153,0.3775406687981454
311,0,1.0,1.0,0.7666666666666667,1.0,1.0,1.0,1.0,9.7026115e-17,0.004522467274778793,0.2037986666934967,0.1,0.9933071490757153,0.3775406687981454
312,0,1.0,1.0,0.6666666666666666,1.0,1.0,1.0,1.0,0.00014231239,0.004798603029102842,0.2874746800103888,0.31964875333571924,0.9933071490757153,0.3775406687981454
313,0,1.0,1.0,0.6666666666666666,1.0,1.0,1.0,1.0,0.000132869,0.004756215260328559,0.27160813898443453,0.5808857136528295,0.9933071490757153,0.3775406687981454
314,0,1.0,1.0,0.7333333333333333,1.0,1.0,1.0,1.0,0.025193946,0.004758610307066036,0.22406088910101143,0.36352441557928616,0.9933071490757153,0.3775406687981454
315,0,1.0,1.0,0.7166666666666667,1.0,1.0,1.0,1.0,0.00016587295,0.0034429194611464496,0.2306019819915229,0.3543897050243833,0.9933071490757153,0.3775406687981454
316,0,1.0,1.0,0.6833333333333333,1.0,1.0,1.0,1.0,0.01670398,0.0038126822017596484,0.2695951237235189,0.2722162586949544,0.9933071490757153,0.3775406687981454
317,0,1.0,1.0,0.7333333333333333,1.0,1.0,1.0,1.0,0.23079304,0.004103116075488284,0.23225438776326346,0.33770113212847436,0.9933071490757153,0.3775406687981454
318,0,1.0,0.9833333333333333,0.6833333333333333,1.0,0.0,1.0,1.0,7.052863e-08,0.2686419489065009,0.3362450671751418,0.22607802376819539,0.9933071490757153,0.3775406687981454
319,1,0.0,1.0,0.6333333333333333,1.0,0.0,0.0,1.0,0.006163127,0.9999999861762361,0.6338631465554234,0.1416280087323332,0.9933071490757153,0.3775406687981454
320,1,0.0,1.0,0.7333333333333333,1.0,0.0,0.0,1.0,0.00064471585,0.9999999925248126,0.7352639105446632,0.1,0.9933071490757153,0.3775406687981454
321,1,1.0,1.0,0.7666666666666667,1.0,1.0,1.0,1.0,1.0,0.9999999776865423,0.7538609746668935,0.1,0.9933071490757153,0.3775406687981454
322,1,1.0,1.0,0.7,1.0,1.0,1.0,1.0,0.9999995,0.9999999383531107,0.7063561749300249,0.829756263590576,0.9933071490757153,0.3775406687981454
323,1,0.0,1.0,0.7166666666666667,1.0,0.0,0.0,1.0,0.00079305284,0.9999998697186313,0.7205383597705949,0.4079133251429972,0.9933071490757153,0.3775406687981454
324,1,1.0,1.0,0.8,1.0,1.0,1.0,1.0,1.0,0.99999991183521,0.8067661202581208,0.959135890457463,0.9933071490757153,0.3775406687981454
325,1,0.0,1.0,0.75,1.0,0.0,0.0,1.0,4.5930243e-10,0.9999999555053767,0.7438334142184448,0.1,0.9933071490757153,0.3775406687981454
326,1,1.0,1.0,0.6833333333333333,1.0,1.0,1.0,1.0,0.9999994,0.9999999764224012,0.695541099084009,0.6218555046125047,0.9933071490757153,0.3775406687981454
327,0,1.0,0.9833333333333333,0.7833333333333333,1.0,0.0,0.0,1.0,3.5336258e-09,0.485567515901759,0.5197194793840031,0.11445053363153034,0.9933071490757153,0.3775406687981454
328,1,1.0,0.9833333333333333,0.7166666666666667,1.0,0.0,1.0,1.0,1.0,0.9037709441443025,0.6016643525031523,0.24797087513666574,0.9933071490757153,0.3775406687981454
329,1,1.0,1.0,0.7833333333333333,1.0,1.0,1.0,1.0,0.9998671,0.9999999999995619,0.725601869825766,0.35969018948067194,0.9933071490757153,0.3775406687981454
330,1,1.0,1.0,0.75,1.0,1.0,1.0,1.0,0.9999517,0.9999999999990558,0.720691554678777,0.4133620517946442,0.9933071490757153,0.3775406687981454
331,1,0.0,1.0,0.7666666666666667,1.0,0.0,0.0,1.0,2.3414743e-06,0.9999999999994593,0.7214904909326392,0.10028962944999571,0.9933071490757153,0.3775406687981454
332,1,1.0,1.0,0.6666666666666666,1.0,1.0,1.0,1.0,1.0,0.9999999999993368,0.6475033267897331,0.2780982949119862,0.9933071490757153,0.3775406687981454
333,1,1.0,1.0,0.7166666666666667,1.0,1.0,1.0,1.0,0.9999999,0.9999999999992151,0.6775706127469785,0.938086102861851,0.9933071490757153,0.3775406687981454
334,1,0.0,1.0,0.7333333333333333,1.0,0.0,0.0,1.0,1.0468988e-06,0.9999999999968696,0.6989030603623991,0.1,0.9933071490757153,0.3775406687981454
335,1,0.0,1.0,0.7833333333333333,1.0,0.0,0.0,1.0,3.0646575e-07,0.9999999999969784,0.6983530852940523,0.1466639483348879,0.9933071490757153,0.3775406687981454
336,1,0.0,1.0,0.7333333333333333,1.0,0.0,0.0,1.0,0.041314084,0.9999999999964194,0.6983652710113281,0.2623822274787322,0.9933071490757153,0.3775406687981454
337,1,1.0,1.0,0.7666666666666667,1.0,1.0,1.0,1.0,0.9999517,0.9999999999985262,0.718866799575138,0.4133620517946442,0.9933071490757153,0.3775406687981454
338,1,1.0,1.0,0.65,1.0,1.0,1.0,1.0,0.93539226,0.9999999999987164,0.6262619308865752,0.1367892364034036,0.9933071490757153,0.3775406687981454
339,1,0.0,1.0,0.7166666666666667,1.0,0.0,0.0,1.0,8.696906e-08,0.9999999999998607,0.6844001144020431,0.187386927065017,0.9933071490757153,0.3775406687981454
340,1,0.0,1.0,0.8166666666666667,1.0,0.0,0.0,1.0,3.5523565e-10,0.9999999999999243,0.7719591652951373,0.12147101017200972,0.9933071490757153,0.3775406687981454
341,1,1.0,1.0,0.7666666666666667,1.0,1.0,1.0,1.0,1.0,0.9999999999999171,0.7166827478170107,0.9918022553240154,0.9933071490757153,0.3775406687981454
342,1,1.0,1.0,0.7333333333333333,1.0,1.0,1.0,1.0,0.9999924,0.9999999999999639,0.6878856557665202,0.14034591047979655,0.9933071490757153,0.3775406687981454
343,1,0.0,1.0,0.8666666666666667,1.0,0.0,0.0,1.0,0.028930007,0.9999999999999672,0.780741919872879,0.1,0.9933071490757153,0.3775406687981454
344,1,0.0,1.0,0.7,1.0,0.0,0.0,1.0,0.009158846,0.99999999999997,0.671547954796866,0.19078954541033613,0.9933071490757153,0.3775406687981454
345,0,1.0,1.0,0.7166666666666667,1.0,1.0,1.0,1.0,2.899867e-07,0.11570240997646998,0.28266699912825516,0.5783541544429455,0.9933071490757153,0.3775406687981454
346,0,1.0,1.0,0.75,1.0,1.0,1.0,1.0,8.1247035e-16,0.007229868438484912,0.21140089694781095,0.1509976878014307,0.9933071490757153,0.3775406687981454
347,0,1.0,1.0,0.7333333333333333,1.0,1.0,1.0,1.0,7.124066e-05,0.0058922139755301075,0.2266283949696632,0.4019128822931769,0.9933071490757153,0.3775406687981454
348,0,1.0,1.0,0.85,1.0,1.0,1.0,1.0,1.5485913e-06,0.003885236953833528,0.16082030091770547,0.1,0.9933071490757153,0.3775406687981454
349,0,1.0,1.0,0.7333333333333333,1.0,1.0,1.0,1.0,0.0003325009,0.004608817571690723,0.2281374212990657,0.2915553004390195,0.9933071490757153,0.3775406687981454
350,0,1.0,1.0,0.7833333333333333,1.0,1.0,1.0,1.0,5.4035096e-05,0.0038960300920488477,0.1880206806928252,0.2916839150672874,0.9933071490757153,0.3775406687981454
351,0,1.0,1.0,0.6833333333333333,1.0,1.0,1.0,1.0,6.085667e-05,0.006012534822116609,0.27379883358775814,0.1,0.9933071490757153,0.3775406687981454
352,0,1.0,1.0,0.6333333333333333,1.0,1.0,1.0,1.0,1.5108135e-13,0.004350499352539892,0.296005094411218,0.8286389596714291,0.9933071490757153,0.3775406687981454
353,0,1.0,1.0,0.7,1.0,1.0,1.0,1.0,4.8892446e-08,0.004788649934758122,0.25036305550097243,0.24388143311670057,0.9933071490757153,0.3775406687981454
354,0,1.0,1.0,0.75,1.0,1.0,1.0,1.0,6.353546e-05,0.004588946835894349,0.21059221546183685,0.49320558536416076,0.9933071490757153,0.3775406687981454
355,0,1.0,1.0,0.7666666666666667,1.0,1.0,1.0,1.0,7.321807e-13,0.004322714236707433,0.19994002853735865,0.3008210422325036,0.9933071490757153,0.3775406687981454
356,0,1.0,1.0,0.75,1.0,1.0,1.0,1.0,1.1639361e-06,0.0030847782272200664,0.209373067797267,0.2550625251693081,0.9933071490757153,0.3775406687981454
357,0,1.0,1.0,0.6833333333333333,1.0,1.0,1.0,1.0,0.11840813,0.003592017886682527,0.2602057098881724,0.685506365645007,0.9933071490757153,0.3775406687981454
358,0,1.0,1.0,0.7666666666666667,1.0,1.0,1.0,1.0,2.9870642e-09,0.0035492312275686474,0.19907475557183765,0.15307679309041977,0.9933071490757153,0.3775406687981454
359,0,0.0,1.0,0.7333333333333333,1.0,0.0,0.0,1.0,0.94741654,0.0035238485532873643,0.23057716544085158,0.1,0.9933071490757153,0.3775406687981454
360,0,0.0,1.0,0.6833333333333333,1.0,0.0,0.0,1.0,0.5612364,0.003267901249134432,0.26326823340050864,0.412510650063735,0.9933071490757153,0.3775406687981454
361,0,0.0,1.0,0.7833333333333333,1.0,0.0,0.0,1.0,0.69425124,0.003530291101334429,0.19145991717900715,0.18356053808597683,0.9933071490757153,0.3775406687981454
362,0,1.0,1.0,0.5,1.0,0.0,0.0,1.0,0.20410682,0.005269909712626948,0.4021575878402509,0.4332758295639399,0.9933071490757153,0.3775406687981454
363,0,1.0,1.0,0.55,1.0,1.0,1.0,1.0,2.9436508e-06,0.004495767408490763,0.35848128312585775,0.38793435824273803,0.9933071490757153,0.3775406687981454
364,0,1.0,1.0,0.8333333333333334,1.0,1.0,1.0,1.0,2.0161046e-13,0.0041266453422226885,0.15627900256472757,0.1502240822893264,0.9933071490757153,0.3775406687981454
365,0,1.0,1.0,0.7166666666666667,1.0,1.0,1.0,1.0,1.5583555e-05,0.0047432984287072814,0.23861840930053324,0.4109959068628621,0.9933071490757153,0.3775406687981454
366,0,1.0,1.0,0.7333333333333333,1.0,1.0,1.0,1.0,0.00073812786,0.004620730553415266,0.22663607525012575,0.4424063137872326,0.9933071490757153,0.3775406687981454
367,0,0.0,1.0,0.6166666666666667,1.0,0.0,0.0,1.0,0.755268,0.003070200617598029,0.30270627912874903,0.9883226465142968,0.9933071490757153,0.3775406687981454
368,0,1.0,1.0,0.8166666666666667,1.0,1.0,1.0,1.0,3.0043895e-12,0.0040371755065062185,0.16633026637925746,0.9995740305155257,0.9933071490757153,0.3775406687981454
369,0,1.0,1.0,0.6333333333333333,1.0,1.0,1.0,1.0,4.6608602e-11,0.00515680500884346,0.28644143270578754,0.6511947492164777,0.9933071490757153,0.3775406687981454
370,0,1.0,1.0,0.7333333333333333,1.0,1.0,1.0,1.0,0.0005920576,0.006007377503198431,0.2293590715635019,0.14568702687240548,0.9933071490757153,0.3775406687981454
371,0,1.0,1.0,0.6666666666666666,1.0,1.0,1.0,1.0,6.8381974e-06,0.0030337633553183707,0.2704762583299473,0.882980304025389,0.9933071490757153,0.3775406687981454
372,0,1.0,1.0,0.8,1.0,1.0,1.0,1.0,2.3977172e-12,0.0046579565040496635,0.1769146922212302,0.562531227699805,0.9933071490757153,0.3775406687981454
373,0,1.0,1.0,0.6833333333333333,1.0,1.0,1.0,1.0,1.9595164e-10,0.006466971117793844,0.2626757017025253,0.6224971566317022,0.9933071490757153,0.3775406687981454
374,0,1.0,1.0,0.7833333333333333,1.0,1.0,1.0,1.0,0.000102521335,0.003906715433029551,0.1872509689023235,0.44146327988408623,0.9933071490757153,0.3775406687981454
375,0,1.0,1.0,0.7333333333333333,1.0,1.0,1.0,1.0,6.3281993e-09,0.00381519118624564,0.22143059554265468,0.7544369073261007,0.9933071490757153,0.3775406687981454
376,0,0.0,1.0,0.7166666666666667,1.0,0.0,0.0,1.0,0.9211279,0.0035686621305143803,0.23215497690407647,0.7551811236995603,0.9933071490757153,0.3775406687981454
377,0,1.0,1.0,0.75,1.0,1.0,1.0,1.0,8.113024e-13,0.0034332220375152558,0.2180080320313516,0.9996742765897338,0.9933071490757153,0.3775406687981454
378,0,1.0,1.0,0.7333333333333333,1.0,1.0,1.0,1.0,1.3023984e-05,0.0036656147835496655,0.22737579785968176,0.44640510393309235,0.9933071490757153,0.3775406687981454
379,0,1.0,1.0,0.7833333333333333,1.0,1.0,1.0,1.0,0.025383731,0.0033055066532523473,0.18442504047622219,0.45877380500243836,0.9933071490757153,0.3775406687981454
380,1,0.0,1.0,0.7833333333333333,1.0,0.0,0.0,1.0,5.0544526e-07,0.6446238604366062,0.5715280657280881,0.1375659415734722,0.9933071490757153,0.3775406687981454
381,1,1.0,1.0,0.8166666666666667,1.0,1.0,1.0,1.0,1.0,0.994808037063845,0.8107975333482588,0.939478247880339,0.9933071490757153,0.3775406687981454
382,1,1.0,1.0,0.7833333333333333,1.0,1.0,1.0,1.0,1.0,0.9948396902146037,0.7813086707953063,0.7014798008125259,0.9933071490757153,0.3775406687981454
383,1,1.0,1.0,0.7,1.0,1.0,1.0,1.0,0.9999763,0.9948039533554446,0.6975495242427135,0.6334161060923453,0.9933071490757153,0.3775406687981454
384,1,1.0,1.0,0.8333333333333334,1.0,1.0,1.0,1.0,0.9997298,0.994818807614595,0.8251837169611217,0.9447396086239508,0.9933071490757153,0.3775406687981454
385,1,0.0,1.0,0.7833333333333333,1.0,0.0,0.0,1.0,0.43160528,0.994825559001532,0.7633819569681025,0.3885131548082256,0.9933071490757153,0.3775406687981454
386,1,0.0,1.0,0.6666666666666666,1.0,0.0,0.0,1.0,0.0077231512,0.9948216858546207,0.6702086687528938,0.1,0.9933071490757153,0.3775406687981454
387,1,0.0,1.0,0.75,1.0,0.0,0.0,1.0,3.3140095e-05,0.99480180688141,0.7511138690045972,0.13592874326367646,0.9933071490757153,0.3775406687981454
388,1,0.0,1.0,0.6833333333333333,1.0,0.0,0.0,1.0,4.35938e-07,0.9948357030950322,0.6811788181740117,0.1,0.9933071490757153,0.3775406687981454
389,1,0.0,1.0,0.8666666666666667,1.0,0.0,0.0,1.0,9.786982e-12,0.9948327537188858,0.8462639439760807,0.5307896779995551,0.9933071490757153,0.3775406687981454
390,1,0.0,1.0,0.75,1.0,0.0,0.0,1.0,0.27001923,0.994789229269091,0.742639165987258,0.836121259323154,0.9933071490757153,0.3775406687981454
391,1,0.0,1.0,0.7166666666666667,1.0,0.0,0.0,1.0,9.8813216e-05,0.9947915600397454,0.7059473090591013,0.3707255652675135,0.9933071490757153,0.3775406687981454
392,1,1.0,1.0,0.7166666666666667,1.0,1.0,1.0,1.0,0.81328654,0.9947779895234543,0.7205655739207181,0.7288514492184529,0.9933071490757153,0.3775406687981454
393,1,0.0,1.0,0.8333333333333334,1.0,0.0,0.0,1.0,1.00107425e-08,0.9948056927618595,0.8163083063125658,0.1,0.9933071490757153,0.3775406687981454
394,1,1.0,1.0,0.8166666666666667,1.0,1.0,1.0,1.0,0.783324,0.9948301706837956,0.7869802461940303,0.6924023974643273,0.9933071490757153,0.3775406687981454
395,1,1.0,1.0,0.65,1.0,1.0,1.0,1.0,1.0,0.9947533259455421,0.636849518577551,0.8080056088242598,0.9933071490757153,0.3775406687981454
396,1,0.0,1.0,0.7833333333333333,1.0,0.0,0.0,1.0,1.863896e-08,0.9947669180153641,0.761461220280042,0.24386269343377798,0.9933071490757153,0.3775406687981454
397,1,0.0,1.0,0.7166666666666667,1.0,0.0,0.0,1.0,6.5156756e-14,0.994805390074151,0.7190198249450002,0.1,0.9933071490757153,0.3775406687981454
398,1,1.0,1.0,0.7666666666666667,1.0,1.0,1.0,1.0,0.9999831,0.9947515252477888,0.7402475724762578,0.818208926411686,0.9933071490757153,0.3775406687981454
399,1,0.0,1.0,0.7666666666666667,1.0,0.0,0.0,1.0,0.0009545826,0.9947715397853727,0.7527232882098664,0.1,0.9933071490757153,0.3775406687981454
400,1,0.0,1.0,0.8166666666666667,1.0,0.0,0.0,1.0,0.02739065,0.9947081766128012,0.810424743465509,0.13019695043427523,0.9933071490757153,0.3775406687981454
401,1,1.0,1.0,0.7666666666666667,1.0,1.0,1.0,1.0,0.9207326,0.9946316285840314,0.7629597605521681,0.8478970973146301,0.9933071490757153,0.3775406687981454
402,1,1.0,1.0,0.65,1.0,1.0,1.0,1.0,1.0,0.9945779743714759,0.652610141318709,0.4791589249308838,0.9933071490757153,0.3775406687981454
403,1,0.0,1.0,0.7833333333333333,1.0,0.0,0.0,1.0,3.39902e-09,0.9945340817394462,0.7738655826942006,0.1,0.9933071490757153,0.3775406687981454
404,1,0.0,1.0,0.7833333333333333,1.0,0.0,0.0,1.0,4.787724e-08,0.9944966708140386,0.756603228777806,0.11858214046926711,0.9933071490757153,0.3775406687981454
405,1,1.0,1.0,0.5833333333333334,1.0,0.0,0.0,1.0,0.79921967,0.9143152447393359,0.558393075256237,0.4177354840478844,0.9933071490757153,0.3775406687981454
406,1,0.0,1.0,0.75,1.0,0.0,0.0,1.0,0.0016192903,0.9999999999999697,0.7588273253563823,0.15240710022001483,0.9933071490757153,0.3775406687981454
407,1,1.0,1.0,0.6833333333333333,1.0,1.0,1.0,1.0,0.95631635,0.99999999999997,0.689194890340492,0.8886582351058623,0.9933071490757153,0.3775406687981454
408,1,1.0,1.0,0.8333333333333334,1.0,1.0,1.0,1.0,1.0,0.99999999999997,0.8325854031923536,0.1,0.9933071490757153,0.3775406687981454
409,1,1.0,1.0,0.7666666666666667,1.0,1.0,1.0,1.0,0.99998903,0.99999999999997,0.7804085674874012,0.6825336896011086,0.9933071490757153,0.3775406687981454
410,1,0.0,1.0,0.7666666666666667,1.0,0.0,0.0,1.0,0.40990007,0.9999999999999651,0.7703096036831693,0.1,0.9933071490757153,0.3775406687981454
411,1,0.0,1.0,0.7166666666666667,1.0,0.0,0.0,1.0,7.23958e-05,0.99999999999997,0.7225253029613622,0.21248047787550267,0.9933071490757153,0.3775406687981454
412,1,0.0,1.0,0.8166666666666667,1.0,0.0,0.0,1.0,5.372304e-07,0.99999999999997,0.8206019974035024,0.11480024488021183,0.9933071490757153,0.3775406687981454
413,0,1.0,0.9833333333333333,0.6333333333333333,1.0,0.0,1.0,1.0,2.1762732e-09,0.22578700951371963,0.40004998249976365,0.13503467216146436,0.9933071490757153,0.3775406687981454
414,0,1.0,1.0,0.7166666666666667,1.0,1.0,1.0,1.0,7.388559e-12,0.005792076949849399,0.23040444585954792,0.1,0.9933071490757153,0.3775406687981454
415,0,1.0,1.0,0.75,1.0,1.0,1.0,1.0,0.007213677,0.0058388864833496205,0.2142662501369613,0.5230320127877813,0.9933071490757153,0.3775406687981454
416,0,1.0,1.0,0.6833333333333333,1.0,1.0,1.0,1.0,0.03330901,0.003571475961033071,0.2663747571682489,0.1,0.9933071490757153,0.3775406687981454
417,0,1.0,1.0,0.8,1.0,1.0,1.0,1.0,6.596411e-08,0.003318032639223671,0.1917541861572672,0.1,0.9933071490757153,0.3775406687981454
418,0,1.0,1.0,0.75,1.0,1.0,1.0,1.0,0.0059004757,0.004415384254454604,0.2181612354606511,0.2262551406030653,0.9933071490757153,0.3775406687981454
419,0,1.0,1.0,0.7666666666666667,1.0,1.0,1.0,1.0,3.9201975e-08,0.0035901457136422216,0.2051305349212801,0.1,0.9933071490757153,0.3775406687981454
420,0,1.0,1.0,0.7666666666666667,1.0,1.0,1.0,1.0,5.2444466e-05,0.004395122818174108,0.20103201035774623,0.4352803091073634,0.9933071490757153,0.3775406687981454
421,0,1.0,1.0,0.6,1.0,1.0,1.0,1.0,3.033999e-09,0.004369138325886302,0.33185289465639417,0.8577210744962062,0.9933071490757153,0.3775406687981454
422,0,1.0,1.0,0.7333333333333333,1.0,1.0,1.0,1.0,0.0008752445,0.004130980197410932,0.2287285502666032,0.4453887317494802,0.9933071490757153,0.3775406687981454
423,0,1.0,1.0,0.7,1.0,1.0,1.0,1.0,1.0392232e-05,0.005073463363319907,0.26024922453629107,0.774637892284224,0.9933071490757153,0.3775406687981454
424,0,1.0,1.0,0.7833333333333333,1.0,1.0,1.0,1.0,8.223511e-10,0.0034095650626168516,0.1909238374108016,0.9989108399647257,0.9933071490757153,0.3775406687981454
425,0,1.0,1.0,0.7666666666666667,1.0,1.0,1.0,1.0,8.005448e-18,0.004951849609083909,0.21256785123618985,0.1,0.9933071490757153,0.3775406687981454
426,0,1.0,1.0,0.6166666666666667,1.0,1.0,1.0,1.0,1.5364675e-10,0.003730380927106586,0.31356461291605436,0.35259989027077004,0.9933071490757153,0.3775406687981454
427,0,1.0,1.0,0.8,1.0,1.0,1.0,1.0,0.0016306078,0.004611983205755442,0.18063547448868977,0.6219070432571842,0.9933071490757153,0.3775406687981454
428,0,1.0,1.0,0.7,1.0,1.0,1.0,1.0,2.9326974e-10,0.004393802954549815,0.23987359702776187,0.3183405797659274,0.9933071490757153,0.3775406687981454
429,0,1.0,1.0,0.8333333333333334,1.0,1.0,1.0,1.0,1.0310117e-11,0.004085834376233439,0.16621318495704132,0.28107368783473174,0.9933071490757153,0.3775406687981454
430,0,1.0,1.0,0.7666666666666667,1.0,1.0,1.0,1.0,8.622188e-05,0.004346994329038314,0.2065689007685098,0.1552436242079448,0.9933071490757153,0.3775406687981454
431,0,1.0,1.0,0.6833333333333333,1.0,1.0,1.0,1.0,7.2022774e-12,0.0033491766159894623,0.2767591181949098,0.1,0.9933071490757153,0.3775406687981454
432,0,1.0,1.0,0.7166666666666667,1.0,1.0,1.0,1.0,4.6427314e-07,0.0037380098880659784,0.23204624682607802,0.5088546997306787,0.9933071490757153,0.3775406687981454
433,0,0.0,1.0,0.85,1.0,0.0,0.0,1.0,0.748043,0.004507296329470718,0.14346716946350432,0.7255581953229155,0.9933071490757153,0.3775406687981454
434,0,1.0,1.0,0.7166666666666667,1.0,1.0,1.0,1.0,0.0007278326,0.003551360031896378,0.22986191651912505,0.640534429327343,0.9933071490757153,0.3775406687981454
435,0,0.0,1.0,0.7166666666666667,1.0,0.0,0.0,1.0,0.8409465,0.0042128200188879346,0.23553011124005643,0.21828561539580454,0.9933071490757153,0.3775406687981454
436,0,1.0,1.0,0.7333333333333333,1.0,1.0,1.0,1.0,3.989077e-08,0.005133605091102071,0.23358145015089243,0.6989249252535957,0.9933071490757153,0.3775406687981454
437,0,1.0,1.0,0.6333333333333333,1.0,1.0,1.0,1.0,0.02474811,0.003537116208994519,0.2936349680026129,0.4624569041645984,0.9933071490757153,0.3775406687981454
438,0,1.0,1.0,0.7666666666666667,1.0,1.0,1.0,1.0,0.030614285,0.005158251038158567,0.21843182558086832,0.1,0.9933071490757153,0.3775406687981454
439,0,1.0,1.0,0.6833333333333333,1.0,1.0,1.0,1.0,0.00034271824,0.004367103800122749,0.2612159725583593,0.9158665938004672,0.9933071490757153,0.3775406687981454
440,0,1.0,1.0,0.8,1.0,1.0,1.0,1.0,1.16377405e-08,0.004638515020723883,0.1832872517011769,0.6449845178412829,0.9933071490757153,0.3775406687981454
441,0,1.0,1.0,0.6833333333333333,1.0,1.0,1.0,1.0,5.5439145e-06,0.004593541397062887,0.2569282456373414,0.2132687583053656,0.9933071490757153,0.3775406687981454
442,0,1.0,1.0,0.7,1.0,1.0,1.0,1.0,1.5300716e-10,0.0035961329893543425,0.2524055047290241,0.1,0.9933071490757153,0.3775406687981454
443,0,1.0,1.0,0.7,1.0,1.0,1.0,1.0,5.167731e-10,0.004401972808995707,0.24730223386916458,0.2700502223319708,0.9933071490757153,0.3775406687981454
444,0,1.0,1.0,0.6833333333333333,1.0,1.0,1.0,1.0,9.467403e-18,0.0040613058105899436,0.27187567043623895,0.1,0.9933071490757153,0.3775406687981454
445,0,1.0,1.0,0.75,1.0,1.0,1.0,1.0,4.1015264e-05,0.004404030642074284,0.21651504587858575,0.4859512028109918,0.9933071490757153,0.3775406687981454
446,0,1.0,1.0,0.6666666666666666,1.0,1.0,1.0,1.0,0.00576171,0.004992997553452976,0.27318044395525365,0.1473558364253742,0.9933071490757153,0.3775406687981454
447,0,1.0,1.0,0.7333333333333333,1.0,1.0,1.0,1.0,2.22275e-07,0.004221018452971463,0.22409730787875531,0.3337425762267082,0.9933071490757153,0.3775406687981454
448,0,1.0,1.0,0.7666666666666667,1.0,1.0,1.0,1.0,3.9201975e-08,0.004302826027628296,0.20192250617726198,0.1,0.9933071490757153,0.3775406687981454
449,0,0.0,1.0,0.65,1.0,0.0,0.0,1.0,0.9996406,0.0061116669815596955,0.2860977283359579,0.1,0.9933071490757153,0.3775406687981454
450,0,1.0,1.0,0.6333333333333333,1.0,1.0,1.0,1.0,0.029116154,0.0036933639821994575,0.29062077222804944,0.1,0.9933071490757153,0.3775406687981454
451,0,1.0,1.0,0.6333333333333333,1.0,1.0,1.0,1.0,6.674458e-09,0.003175637040060815,0.3002299275195432,0.9922416549611285,0.9933071490757153,0.3775406687981454
452,0,1.0,1.0,0.6666666666666666,1.0,1.0,1.0,1.0,2.5752495e-10,0.003888026022335868,0.2749731865983053,0.9999462645309477,0.9933071490757153,0.3775406687981454
453,0,1.0,1.0,0.7166666666666667,1.0,1.0,1.0,1.0,5.7193994e-08,0.003581396188339057,0.23311927024183304,0.2508296494555463,0.9933071490757153,0.3775406687981454
454,0,1.0,1.0,0.75,1.0,1.0,1.0,1.0,2.145515e-12,0.0037385461739184887,0.21423019196865728,0.17403648231759208,0.9933071490757153,0.3775406687981454
455,0,1.0,1.0,0.75,1.0,1.0,1.0,1.0,3.9088046e-15,0.004409918319162828,0.20391279369364254,0.9833179671307554,0.9933071490757153,0.3775406687981454
456,0,1.0,1.0,0.6833333333333333,1.0,1.0,1.0,1.0,4.816796e-08,0.005282081445901977,0.2652363602305746,0.47894138220595567,0.9933071490757153,0.3775406687981454
457,0,1.0,1.0,0.65,1.0,1.0,1.0,1.0,3.1688478e-11,0.0048307695994717955,0.2923416625558532,0.218069540281074,0.9933071490757153,0.3775406687981454
458,0,1.0,1.0,0.6166666666666667,1.0,1.0,1.0,1.0,7.052863e-08,0.006048571625233695,0.30673083750714025,0.22607802376819539,0.9933071490757153,0.3775406687981454
459,0,1.0,1.0,0.6,1.0,1.0,1.0,1.0,2.2849544e-10,0.005740480131841411,0.3220723967974391,0.7703792515452109,0.9933071490757153,0.3775406687981454
460,0,1.0,1.0,0.6833333333333333,1.0,1.0,1.0,1.0,8.7521183e-16,0.004494851039984763,0.2625765912955451,0.1612092717285656,0.9933071490757153,0.3775406687981454
461,0,1.0,1.0,0.75,1.0,1.0,1.0,1.0,4.0487725e-13,0.004376087901372955,0.22107654288807913,0.1,0.9933071490757153,0.3775406687981454
462,0,1.0,1.0,0.7833333333333333,1.0,1.0,1.0,1.0,1.0501882e-07,0.005694888188260226,0.18061840789619915,0.1,0.9933071490757153,0.3775406687981454
463,0,1.0,1.0,0.8833333333333333,1.0,1.0,1.0,1.0,9.0641344e-10,0.005202348597438705,0.12757885745666012,0.4284418989365245,0.9933071490757153,0.3775406687981454
464,1,0.0,1.0,0.7,1.0,0.0,0.0,1.0,4.4946253e-05,0.6508167824937149,0.5339271479729704,0.1964346464252131,0.9933071490757153,0.3775406687981454
465,0,1.0,1.0,0.75,1.0,0.0,0.0,1.0,0.07307343,0.48549513338830536,0.4203623069474897,0.17722235819497492,0.9933071490757153,0.3775406687981454
466,0,1.0,1.0,0.7,1.0,1.0,1.0,1.0,0.0007421347,0.003841892800550132,0.2512048106295689,0.1,0.9933071490757153,0.3775406687981454
467,0,1.0,1.0,0.6833333333333333,1.0,1.0,1.0,1.0,2.371817e-06,0.004917523368533576,0.26921645094413027,0.24683919941326168,0.9933071490757153,0.3775406687981454
468,0,1.0,1.0,0.7,1.0,1.0,1.0,1.0,0.03499354,0.003667629248065216,0.23673689577105309,0.1643686350318726,0.9933071490757153,0.3775406687981454
469,0,1.0,1.0,0.7,1.0,1.0,1.0,1.0,3.2586297e-07,0.004611288230846167,0.24915519213836765,0.20189185493292242,0.9933071490757153,0.3775406687981454
470,0,1.0,1.0,0.7166666666666667,1.0,1.0,1.0,1.0,3.4417685e-10,0.004801986227509292,0.24161664212804557,0.219525862121608,0.9933071490757153,0.3775406687981454
471,1,1.0,1.0,0.7333333333333333,1.0,1.0,1.0,1.0,1.0,0.983374474032826,0.6993795907778995,0.1,0.9933071490757153,0.3775406687981454
472,1,0.0,1.0,0.7166666666666667,1.0,0.0,0.0,1.0,0.006163127,0.9999999999996444,0.6642231985775962,0.1416280087323332,0.9933071490757153,0.3775406687981454
473,1,1.0,1.0,0.7,1.0,1.0,1.0,1.0,0.9999994,0.9999999999991342,0.6653838132134957,0.6218555046125047,0.9933071490757153,0.3775406687981454
474,1,1.0,1.0,0.7333333333333333,1.0,1.0,1.0,1.0,1.0,0.9999999999990858,0.6800761473786294,0.402842705478972,0.9933071490757153,0.3775406687981454
475,1,1.0,1.0,0.7333333333333333,1.0,1.0,1.0,1.0,0.99994075,0.9999999999995846,0.7107498491940016,0.571936220847739,0.9933071490757153,0.3775406687981454
476,1,1.0,1.0,0.75,1.0,1.0,1.0,1.0,1.0,0.9999999999999538,0.6887578842105131,0.1996974688187246,0.9933071490757153,0.3775406687981454
477,1,1.0,1.0,0.75,1.0,1.0,1.0,1.0,0.9999995,0.9999999999987901,0.7035243242109191,0.9732615235408779,0.9933071490757153,0.3775406687981454
478,1,1.0,1.0,0.6666666666666666,1.0,1.0,1.0,1.0,1.0,0.9999999999989633,0.6449750548292804,0.8614182719955109,0.9933071490757153,0.3775406687981454
479,1,0.0,1.0,0.7333333333333333,1.0,0.0,0.0,1.0,1.6893457e-08,0.9999999999985033,0.6821237260266384,0.1,0.9933071490757153,0.3775406687981454
480,1,1.0,1.0,0.65,1.0,0.0,0.0,1.0,0.7841659,0.9999999999994544,0.6027646676053368,0.8782611683730209,0.9933071490757153,0.3775406687981454
481,1,1.0,1.0,0.75,1.0,1.0,1.0,1.0,1.0,0.9999999999958705,0.6863404692814004,0.1,0.9933071490757153,0.3775406687981454
482,1,0.0,1.0,0.7666666666666667,1.0,0.0,0.0,1.0,7.4156064e-06,0.9999999999963396,0.7174700606590054,0.16608254611295345,0.9933071490757153,0.3775406687981454
483,1,1.0,1.0,0.65,1.0,1.0,1.0,1.0,0.9998023,0.9999999999954519,0.6273068098095348,0.24634665004340722,0.9933071490757153,0.3775406687981454
484,1,0.0,1.0,0.65,1.0,0.0,0.0,1.0,1.1486513e-14,0.9999999999956224,0.6375910795781274,0.20390160861275136,0.9933071490757153,0.3775406687981454
485,1,1.0,1.0,0.7666666666666667,1.0,1.0,1.0,1.0,0.9984731,0.9999999999948892,0.7067193222062058,0.5946961238298375,0.9933071490757153,0.3775406687981454
486,1,0.0,1.0,0.7666666666666667,1.0,0.0,0.0,1.0,4.35938e-07,0.9999999999976624,0.719207821979165,0.1,0.9933071490757153,0.3775406687981454
487,1,1.0,1.0,0.6666666666666666,1.0,1.0,1.0,1.0,1.0,0.9999999999783475,0.6306521500076219,0.9718331102754144,0.9933071490757153,0.3775406687981454
488,1,0.0,1.0,0.7166666666666667,1.0,0.0,0.0,1.0,0.010290554,0.9999999999433645,0.6687682760968142,0.1,0.9933071490757153,0.3775406687981454
489,1,1.0,1.0,0.6166666666666667,1.0,1.0,1.0,1.0,1.0,0.9999999999636849,0.5964570265794961,0.9918022553240154,0.9933071490757153,0.3775406687981454
490,1,1.0,1.0,0.6666666666666666,1.0,1.0,1.0,1.0,0.99632555,0.9999999997963346,0.6342155917024966,0.9928126076739198,0.9933071490757153,0.3775406687981454
491,1,1.0,1.0,0.75,1.0,1.0,1.0,1.0,0.9999989,0.9999999999978753,0.6939579922454067,0.7864831794587959,0.9933071490757153,0.3775406687981454
492,1,1.0,1.0,0.8,1.0,1.0,1.0,1.0,1.0,0.9999999999844483,0.7660115744890807,0.9755040209953105,0.9933071490757153,0.3775406687981454
493,1,1.0,1.0,0.6666666666666666,1.0,1.0,1.0,1.0,0.9999994,0.9999999991446429,0.6355671744448724,0.9137436593893131,0.9933071490757153,0.3775406687981454
494,1,1.0,1.0,0.6833333333333333,1.0,1.0,1.0,1.0,0.9996606,0.9999999942344235,0.6353896412576904,0.12793635016516552,0.9933071490757153,0.3775406687981454
495,1,1.0,1.0,0.7666666666666667,1.0,1.0,1.0,1.0,1.0,0.9999999945648512,0.7156971181310828,0.9931635149347483,0.9933071490757153,0.3775406687981454
496,1,1.0,1.0,0.6333333333333333,1.0,1.0,1.0,1.0,0.99999976,0.9999997390606732,0.60586418790907,0.8888794307675986,0.9933071490757153,0.3775406687981454
497,1,0.0,1.0,0.8,1.0,0.0,0.0,1.0,6.826332e-08,0.9999998587581401,0.7467748930300631,0.1,0.9933071490757153,0.3775406687981454
498,1,1.0,1.0,0.7,1.0,1.0,1.0,1.0,1.0,0.9999999602819369,0.6758750414006667,0.1,0.9933071490757153,0.3775406687981454
499,1,1.0,1.0,0.6833333333333333,1.0,1.0,1.0,1.0,0.9999969,0.9999999951761946,0.6478785318125756,0.3680588565156962,0.9933071490757153,0.3775406687981454
500,1,1.0,1.0,0.75,1.0,1.0,1.0,1.0,0.9954196,0.9999999999072742,0.6945308816260941,0.17508989893946833,0.9933071490757153,0.3775406687981454
501,1,1.0,1.0,0.7,1.0,1.0,1.0,1.0,1.0,0.9999999999157133,0.6637035648331854,0.9941958710576758,0.9933071490757153,0.3775406687981454
502,1,1.0,1.0,0.7666666666666667,1.0,1.0,1.0,1.0,1.0,0.9999999997096073,0.7390779699075829,0.9333762744033178,0.9933071490757153,0.3775406687981454
503,1,1.0,1.0,0.8,1.0,1.0,1.0,1.0,0.9983242,0.9999999978174843,0.7475406965862211,0.1,0.9933071490757153,0.3775406687981454
504,1,1.0,1.0,0.6666666666666666,1.0,1.0,1.0,1.0,0.9894544,0.9999999982531597,0.6420322487466746,0.5684798103835449,0.9933071490757153,0.3775406687981454
505,1,1.0,1.0,0.7666666666666667,1.0,1.0,1.0,1.0,0.9999995,0.999999999405868,0.7087541791559225,0.829756263590576,0.9933071490757153,0.3775406687981454
506,1,1.0,1.0,0.7666666666666667,1.0,1.0,1.0,1.0,0.90499103,0.9999999998911036,0.713750751992602,0.9845419197050451,0.9933071490757153,0.3775406687981454
507,1,1.0,1.0,0.75,1.0,1.0,1.0,1.0,0.99996626,0.99999999992505,0.6848153136271272,0.6712461331402378,0.9933071490757153,0.3775406687981454
508,1,0.0,1.0,0.7333333333333333,1.0,0.0,0.0,1.0,3.1072946e-06,0.9999999998895931,0.6774986036087802,0.1,0.9933071490757153,0.3775406687981454
509,1,0.0,1.0,0.7,1.0,0.0,0.0,1.0,0.009158846,0.9999999999782347,0.6431128039147485,0.19078954541033613,0.9933071490757153,0.3775406687981454
510,1,0.0,1.0,0.7333333333333333,1.0,0.0,0.0,1.0,1.6964525e-05,0.9999999999917684,0.6749104895681292,0.1,0.9933071490757153,0.3775406687981454
511,1,0.0,1.0,0.7333333333333333,1.0,0.0,0.0,1.0,0.06269989,0.9999999999938486,0.6733288754050171,0.1,0.9933071490757153,0.3775406687981454
512,1,1.0,1.0,0.6833333333333333,1.0,1.0,1.0,1.0,0.99998283,0.9999999997045982,0.6467224679396723,0.8632824188832517,0.9933071490757153,0.3775406687981454
513,1,0.0,1.0,0.7,1.0,0.0,0.0,1.0,1.4532692e-11,0.9999999998538553,0.6774095807650458,0.24058377786827334,0.9933071490757153,0.3775406687981454
514,1,0.0,1.0,0.65,1.0,0.0,0.0,1.0,1.3790774e-08,0.9999999999635142,0.6175562143041056,0.1,0.9933071490757153,0.3775406687981454
515,1,1.0,1.0,0.7,1.0,1.0,1.0,1.0,1.0,0.9999999999886925,0.6678394498431902,0.1,0.9933071490757153,0.3775406687981454
516,1,1.0,1.0,0.6833333333333333,1.0,1.0,1.0,1.0,0.9999987,0.9999999999827355,0.6480395533771227,0.8085864225859531,0.9933071490757153,0.3775406687981454
517,1,1.0,1.0,0.7,1.0,1.0,1.0,1.0,0.9997738,0.9999999999324763,0.6610068729639301,0.3839340974678994,0.9933071490757153,0.3775406687981454
518,1,0.0,1.0,0.6,1.0,0.0,0.0,1.0,1.2026122e-11,0.9999999988564025,0.58254850520911,0.1,0.9933071490757153,0.3775406687981454
519,1,1.0,1.0,0.7666666666666667,1.0,0.0,0.0,1.0,0.783324,0.9999999986591452,0.6962684756499761,0.6924023974643273,0.9933071490757153,0.3775406687981454
520,1,1.0,1.0,0.75,1.0,1.0,1.0,1.0,1.0,0.9999999995555492,0.7044619520800276,0.9370882948281317,0.9933071490757153,0.3775406687981454
521,1,0.0,1.0,0.75,1.0,0.0,0.0,1.0,2.4337836e-05,0.9999999874692675,0.7233904221717268,0.17093211704614636,0.9933071490757153,0.3775406687981454
522,1,1.0,1.0,0.6666666666666666,1.0,1.0,1.0,1.0,0.9949464,0.9999999943891359,0.6492498219532273,0.5109585725614436,0.9933071490757153,0.3775406687981454
523,1,1.0,1.0,0.6333333333333333,1.0,1.0,1.0,1.0,0.999894,0.9999999990226561,0.609264664099268,0.8636017850124371,0.9933071490757153,0.3775406687981454
524,1,0.0,1.0,0.7333333333333333,1.0,0.0,0.0,1.0,9.052045e-09,0.9999999999609961,0.7064293732490535,0.1,0.9933071490757153,0.3775406687981454
525,1,0.0,1.0,0.65,1.0,0.0,0.0,1.0,6.262079e-08,0.9999999999426931,0.6219468770512908,0.1124499008979539,0.9933071490757153,0.3775406687981454
526,1,0.0,1.0,0.7166666666666667,1.0,0.0,0.0,1.0,0.31809154,0.9999999999415317,0.6696934079698246,0.47331730836159214,0.9933071490757153,0.3775406687981454
527,1,1.0,1.0,0.65,1.0,1.0,1.0,1.0,1.0,0.9999999999841702,0.6307762947643528,0.9931635149347483,0.9933071490757153,0.3775406687981454
528,1,0.0,1.0,0.6666666666666666,1.0,0.0,0.0,1.0,0.04592413,0.9999999999916324,0.619600079859077,0.11500863251374399,0.9933071490757153,0.3775406687981454
529,1,1.0,1.0,0.7666666666666667,1.0,1.0,1.0,1.0,0.99999106,0.9999999999798935,0.71683847514151,0.3481155896464666,0.9933071490757153,0.3775406687981454
530,1,0.0,1.0,0.7333333333333333,1.0,0.0,0.0,1.0,0.40451518,0.9999999999439553,0.686465315474216,0.44620067542254693,0.9933071490757153,0.3775406687981454
531,1,0.0,1.0,0.8,1.0,0.0,0.0,1.0,0.00393037,0.9999999999396877,0.7432981836722169,0.1,0.9933071490757153,0.3775406687981454
532,1,1.0,1.0,0.6333333333333333,1.0,1.0,1.0,1.0,0.9999887,0.9999999999779318,0.5889912329588051,0.22971575689438364,0.9933071490757153,0.3775406687981454
533,1,1.0,1.0,0.85,1.0,1.0,1.0,1.0,0.7641396,0.9999999999946073,0.7804426946503533,0.3446579949739784,0.9933071490757153,0.3775406687981454
534,1,0.0,1.0,0.8,1.0,0.0,0.0,1.0,0.05615122,0.9999999999612278,0.7663746699929407,0.35394115108615354,0.9933071490757153,0.3775406687981454
535,1,0.0,1.0,0.7666666666666667,1.0,0.0,0.0,1.0,0.031798217,0.9999999999601026,0.7172848915519499,0.1,0.9933071490757153,0.3775406687981454
536,1,0.0,1.0,0.7333333333333333,1.0,0.0,0.0,1.0,4.0193294e-07,0.9999999999631967,0.7004956099239114,0.15939586521311994,0.9933071490757153,0.3775406687981454
537,1,1.0,1.0,0.7666666666666667,1.0,1.0,1.0,1.0,1.0,0.9999999999979575,0.720608242561893,0.7262772993483216,0.9933071490757153,0.3775406687981454
538,1,1.0,1.0,0.7833333333333333,1.0,1.0,1.0,1.0,0.99999475,0.9999999999992539,0.7348348312926609,0.8179246433662261,0.9933071490757153,0.3775406687981454
539,1,1.0,1.0,0.75,1.0,1.0,1.0,1.0,0.9982608,0.9999999999987633,0.6944305876917074,0.5154595898795715,0.9933071490757153,0.3775406687981454
540,1,0.0,1.0,0.7166666666666667,1.0,0.0,0.0,1.0,5.019511e-07,0.9999999999965092,0.6926760849178766,0.208057853726168,0.9933071490757153,0.3775406687981454
541,1,1.0,1.0,0.65,1.0,1.0,1.0,1.0,0.9999995,0.9999999999955071,0.5941182457897635,0.9860800927692653,0.9933071490757153,0.3775406687981454
542,1,0.0,1.0,0.65,1.0,0.0,0.0,1.0,1.0468988e-06,0.9999999999738173,0.611796732865675,0.1,0.9933071490757153,0.3775406687981454
543,1,0.0,1.0,0.8166666666666667,1.0,0.0,0.0,1.0,0.00050206337,0.9999999998750987,0.746121030088585,0.10493658788995981,0.9933071490757153,0.3775406687981454
544,1,0.0,1.0,0.65,1.0,0.0,0.0,1.0,3.182086e-06,0.9999999999954132,0.5909614412180212,0.16005252749983098,0.9933071490757153,0.3775406687981454
545,1,1.0,1.0,0.7166666666666667,1.0,1.0,1.0,1.0,0.99941456,0.9999999999918426,0.6686829537741489,0.8264653530406347,0.9933071490757153,0.3775406687981454
546,1,0.0,1.0,0.7333333333333333,1.0,0.0,0.0,1.0,2.7610114e-10,0.9999999977882722,0.6940907021845305,0.27664654617812273,0.9933071490757153,0.3775406687981454
547,1,0.0,1.0,0.6833333333333333,1.0,0.0,0.0,1.0,0.0005764491,0.999999999079996,0.642597876111292,0.2289257411616395,0.9933071490757153,0.3775406687981454
548,1,1.0,1.0,0.7666666666666667,1.0,1.0,1.0,1.0,0.9998565,0.9999999994146687,0.7196684455582364,0.793681205625227,0.9933071490757153,0.3775406687981454
549,1,1.0,1.0,0.7666666666666667,1.0,1.0,1.0,1.0,0.99999905,0.9999999730007242,0.7317446982286364,0.7624456434651173,0.9933071490757153,0.3775406687981454
550,1,0.0,1.0,0.7333333333333333,1.0,0.0,0.0,1.0,5.3296603e-13,0.9999999990442667,0.6883009283047234,0.1,0.9933071490757153,0.3775406687981454
551,1,1.0,1.0,0.7666666666666667,1.0,1.0,1.0,1.0,0.9999995,0.9999999996220138,0.7196897637657156,0.829756263590576,0.9933071490757153,0.3775406687981454
552,1,0.0,1.0,0.8,1.0,0.0,0.0,1.0,0.05615122,0.9999999998570849,0.758690009442379,0.35394115108615354,0.9933071490757153,0.3775406687981454
553,1,1.0,1.0,0.6666666666666666,1.0,1.0,1.0,1.0,0.99989545,0.9999999999972976,0.6572926887728173,0.12747679283028568,0.9933071490757153,0.3775406687981454
554,1,0.0,1.0,0.7333333333333333,1.0,0.0,0.0,1.0,1.13844976e-07,0.9999999999996578,0.6906105881834015,0.7084383438150016,0.9933071490757153,0.3775406687981454
555,1,0.0,1.0,0.65,1.0,0.0,0.0,1.0,3.1074163e-10,0.9999999999922298,0.593922706146916,0.23609537172465664,0.9933071490757153,0.3775406687981454
556,1,0.0,1.0,0.7166666666666667,1.0,0.0,0.0,1.0,0.060391787,0.9999999999541437,0.6775496630707158,0.4456026105394762,0.9933071490757153,0.3775406687981454
557,1,0.0,1.0,0.7333333333333333,1.0,0.0,0.0,1.0,3.1835095e-06,0.9999999999840982,0.698360085627502,0.25596994349984514,0.9933071490757153,0.3775406687981454
558,1,0.0,1.0,0.6333333333333333,1.0,0.0,0.0,1.0,8.610545e-09,0.9999999999277739,0.5840815496499686,0.10066458447562698,0.9933071490757153,0.3775406687981454
559,1,1.0,1.0,0.7833333333333333,1.0,1.0,1.0,1.0,0.9998565,0.9999999999970188,0.7177369939460956,0.793681205625227,0.9933071490757153,0.3775406687981454
560,1,1.0,1.0,0.75,1.0,1.0,1.0,1.0,0.9999329,0.999999999976327,0.7014041518706801,0.9230955087029421,0.9933071490757153,0.3775406687981454
561,1,0.0,1.0,0.6666666666666666,1.0,0.0,0.0,1.0,6.925973e-10,0.9999999996100288,0.6573935172993219,0.1,0.9933071490757153,0.3775406687981454
562,1,0.0,1.0,0.7166666666666667,1.0,0.0,0.0,1.0,2.877962e-05,0.9999999999093152,0.6795785167221209,0.1637263713390665,0.9933071490757153,0.3775406687981454
563,1,0.0,1.0,0.6833333333333333,1.0,0.0,0.0,1.0,1.8841314e-11,0.9999999991930547,0.6480865180066558,0.1,0.9933071490757153,0.3775406687981454
564,1,1.0,1.0,0.7666666666666667,1.0,1.0,1.0,1.0,1.0,0.9999999995646943,0.7129104823701389,0.8529477485773562,0.9933071490757153,0.3775406687981454
565,1,1.0,1.0,0.8166666666666667,1.0,1.0,1.0,1.0,0.99999964,0.9999999999725159,0.758255619516225,0.7161696688798305,0.9933071490757153,0.3775406687981454
566,1,1.0,1.0,0.7333333333333333,1.0,1.0,1.0,1.0,1.0,0.9999999999944759,0.7157489363234344,0.9812807497055682,0.9933071490757153,0.3775406687981454
567,1,1.0,1.0,0.8333333333333334,1.0,1.0,1.0,1.0,1.0,0.9999999999592079,0.7713568834118718,0.9873682488131492,0.9933071490757153,0.3775406687981454
568,1,1.0,1.0,0.7333333333333333,1.0,1.0,1.0,1.0,1.0,0.9999999999695468,0.6720791568632581,0.5607509206405555,0.9933071490757153,0.3775406687981454
569,1,1.0,1.0,0.8,1.0,1.0,1.0,1.0,1.0,0.9999999999721021,0.748549315400642,0.969819293970859,0.9933071490757153,0.3775406687981454
570,1,1.0,1.0,0.7166666666666667,1.0,1.0,1.0,1.0,0.9940631,0.9999999999386234,0.6816820414382626,0.23881065936440873,0.9933071490757153,0.3775406687981454
571,1,1.0,1.0,0.6666666666666666,1.0,1.0,1.0,1.0,1.0,0.9999999999959835,0.6290293062076031,0.1,0.9933071490757153,0.3775406687981454
572,1,1.0,1.0,0.7,1.0,1.0,1.0,1.0,1.0,0.9999999999995094,0.6387910597553572,0.9750660900921879,0.9933071490757153,0.3775406687981454
573,1,1.0,1.0,0.7166666666666667,1.0,1.0,1.0,1.0,0.98070014,0.9999999999998094,0.6759650791709132,0.11996577910489431,0.9933071490757153,0.3775406687981454
574,1,1.0,1.0,0.7333333333333333,1.0,1.0,1.0,1.0,0.99660194,0.9999999999999667,0.6954958396289548,0.9835221947838957,0.9933071490757153,0.3775406687981454
575,1,1.0,1.0,0.8,1.0,1.0,1.0,1.0,1.0,0.99999999999997,0.7359316131932759,0.24005483686382165,0.9933071490757153,0.3775406687981454
576,1,0.0,1.0,0.65,1.0,0.0,0.0,1.0,0.0001540126,0.9999999999999676,0.6327719850117226,0.5405024686143772,0.9933071490757153,0.3775406687981454
577,1,1.0,1.0,0.7166666666666667,1.0,1.0,1.0,1.0,0.8941306,0.9999999999994277,0.6780767260593399,0.28327168808570885,0.9933071490757153,0.3775406687981454
578,1,0.0,1.0,0.7666666666666667,1.0,0.0,0.0,1.0,8.0559534e-05,0.9999999999989628,0.7352401612122823,0.7560651565165247,0.9933071490757153,0.3775406687981454
579,1,1.0,1.0,0.7166666666666667,1.0,1.0,1.0,1.0,1.0,0.9999999999924187,0.6658488085607391,0.9306642390720351,0.9933071490757153,0.3775406687981454
580,1,1.0,1.0,0.7333333333333333,1.0,1.0,1.0,1.0,1.0,0.9999999999958658,0.6613427867047529,0.9758998263068338,0.9933071490757153,0.3775406687981454
581,1,1.0,1.0,0.7666666666666667,1.0,1.0,1.0,1.0,0.9999994,0.9999999999669215,0.7184701868561643,0.6218555046125047,0.9933071490757153,0.3775406687981454
582,1,1.0,1.0,0.75,1.0,1.0,1.0,1.0,0.9999962,0.9999999999880771,0.6870558230392091,0.8725307005263359,0.9933071490757153,0.3775406687981454
583,1,1.0,1.0,0.7333333333333333,1.0,1.0,1.0,1.0,1.0,0.9999999999818695,0.667790814578623,0.9789116443689069,0.9933071490757153,0.3775406687981454
584,1,0.0,1.0,0.7833333333333333,1.0,0.0,0.0,1.0,7.318876e-09,0.9999999988467547,0.7057776237738574,0.1,0.9933071490757153,0.3775406687981454
585,0,1.0,0.9,0.6,1.0,0.0,0.0,1.0,1.0438133e-06,0.35558609229596133,0.4458444012491002,0.360614941119277,0.9933071490757153,0.3775406687981454
586,0,1.0,1.0,0.7833333333333333,1.0,1.0,1.0,1.0,5.9596e-07,0.007579385068865458,0.17957756335483407,0.24784347680429555,0.9933071490757153,0.3775406687981454
587,0,1.0,1.0,0.75,1.0,1.0,1.0,1.0,1.0114667e-09,0.004468584679473545,0.23164945291564482,0.7765536816392242,0.9933071490757153,0.3775406687981454
588,0,1.0,1.0,0.6833333333333333,1.0,1.0,1.0,1.0,6.596411e-08,0.003873968400335547,0.2669273387257311,0.1,0.9933071490757153,0.3775406687981454
589,0,1.0,1.0,0.8,1.0,1.0,1.0,1.0,4.0607678e-13,0.0050909482410509185,0.18086724539140128,0.17116205092248707,0.9933071490757153,0.3775406687981454
590,0,1.0,1.0,0.75,1.0,1.0,1.0,1.0,0.0975153,0.0054106346350750205,0.21482279241966348,0.21965283413485717,0.9933071490757153,0.3775406687981454
591,0,1.0,1.0,0.7833333333333333,1.0,1.0,1.0,1.0,0.081150405,0.005380787729621238,0.19066325380850524,0.10084364458481226,0.9933071490757153,0.3775406687981454
592,0,1.0,1.0,0.7166666666666667,1.0,1.0,1.0,1.0,0.0019498431,0.004397410497316544,0.2370981180827733,0.22032606168495303,0.9933071490757153,0.3775406687981454
593,0,1.0,1.0,0.7166666666666667,1.0,1.0,1.0,1.0,1.403558e-07,0.003965447910788267,0.2527696583611484,0.6565221755974935,0.9933071490757153,0.3775406687981454
594,0,1.0,1.0,0.75,1.0,1.0,1.0,1.0,6.844463e-13,0.0033176787430602888,0.22561801460267855,0.581655829028588,0.9933071490757153,0.3775406687981454
595,0,1.0,1.0,0.6833333333333333,1.0,1.0,1.0,1.0,2.0171612e-14,0.0052313857541972705,0.25981814490827077,0.1,0.9933071490757153,0.3775406687981454
596,0,1.0,1.0,0.6666666666666666,1.0,1.0,1.0,1.0,1.3351032e-06,0.004431686787528972,0.27768785624732245,0.3981019082514313,0.9933071490757153,0.3775406687981454
597,0,1.0,1.0,0.6833333333333333,1.0,1.0,1.0,1.0,2.3807635e-13,0.0038118866540014906,0.26869583841953265,0.1,0.9933071490757153,0.3775406687981454
598,0,1.0,1.0,0.7166666666666667,1.0,1.0,1.0,1.0,1.1617486e-13,0.006805439810810778,0.24853532933772116,0.1508099666133179,0.9933071490757153,0.3775406687981454
599,0,1.0,1.0,0.6666666666666666,1.0,1.0,1.0,1.0,1.1760092e-07,0.004659944758262337,0.27530720338599124,0.9715491283584552,0.9933071490757153,0.3775406687981454
600,0,1.0,1.0,0.7833333333333333,1.0,1.0,1.0,1.0,2.6469087e-15,0.0030482984119450927,0.18651672445276055,0.13934125781341622,0.9933071490757153,0.3775406687981454
601,0,1.0,1.0,0.6666666666666666,1.0,0.0,0.0,1.0,0.2258275,0.0037417879046539736,0.285948194013476,0.2638139961312082,0.9933071490757153,0.3775406687981454
602,0,1.0,1.0,0.6666666666666666,1.0,1.0,1.0,1.0,1.1344999e-19,0.004847914972226865,0.2689064635780809,0.1,0.9933071490757153,0.3775406687981454
603,0,0.0,1.0,0.7666666666666667,1.0,0.0,0.0,1.0,1.0,0.004389919760458769,0.1968534043772414,0.1,0.9933071490757153,0.3775406687981454
604,0,1.0,1.0,0.75,1.0,1.0,1.0,1.0,0.03330901,0.0036866197966483752,0.22114334315357992,0.1,0.9933071490757153,0.3775406687981454
605,0,1.0,1.0,0.6833333333333333,1.0,1.0,1.0,1.0,0.0012256362,0.0045256150301014545,0.25746531319922494,0.19697396312828405,0.9933071490757153,0.3775406687981454
606,1,1.0,1.0,0.5833333333333334,1.0,0.0,0.0,1.0,1.0,0.783822041875826,0.5250132536958946,0.9915594034391998,0.9933071490757153,0.3775406687981454
607,1,0.0,1.0,0.75,1.0,0.0,0.0,1.0,0.013843207,0.9999999792647555,0.7255692312361686,0.15944525857378444,0.9933071490757153,0.3775406687981454
608,1,1.0,1.0,0.65,1.0,1.0,1.0,1.0,0.99999976,0.9999997838214533,0.6405761746751298,0.9518837431247664,0.9933071490757153,0.3775406687981454
609,1,0.0,1.0,0.7,1.0,0.0,0.0,1.0,4.4031574e-09,0.999999340275091,0.701245030811312,0.1,0.9933071490757153,0.3775406687981454
610,1,1.0,1.0,0.7333333333333333,1.0,1.0,1.0,1.0,1.0,0.999999954088624,0.7105996805775509,0.9575053130176785,0.9933071490757153,0.3775406687981454
611,1,1.0,1.0,0.7333333333333333,1.0,1.0,1.0,1.0,0.97262335,0.9999997374597523,0.7144028078105463,0.2181989673676442,0.9933071490757153,0.3775406687981454
612,1,0.0,1.0,0.7166666666666667,1.0,0.0,0.0,1.0,1.6964525e-05,0.9999998995172505,0.7021604895117115,0.1,0.9933071490757153,0.3775406687981454
613,0,1.0,1.0,0.7333333333333333,1.0,1.0,1.0,1.0,1.5104838e-07,0.00567026517969702,0.23602119034259014,0.8725675054899336,0.9933071490757153,0.3775406687981454
614,0,1.0,1.0,0.7333333333333333,1.0,1.0,1.0,1.0,1.3938106e-05,0.00363306182936405,0.23089633525212122,0.1,0.9933071490757153,0.3775406687981454
615,0,1.0,1.0,0.8333333333333334,1.0,1.0,1.0,1.0,1.3996516e-08,0.0043073464728933105,0.1579843551661044,0.23982410790067268,0.9933071490757153,0.3775406687981454
616,0,1.0,1.0,0.6166666666666667,1.0,1.0,1.0,1.0,0.00068325363,0.004197499796303432,0.3197480310529837,0.505346670723484,0.9933071490757153,0.3775406687981454
617,0,1.0,1.0,0.75,1.0,1.0,1.0,1.0,0.0003154628,0.0036632753127741964,0.21647425465495881,0.4317503059259385,0.9933071490757153,0.3775406687981454
618,0,1.0,1.0,0.9,1.0,1.0,1.0,1.0,9.184082e-08,0.003213482231294659,0.10363764238548,0.18224196795611527,0.9933071490757153,0.3775406687981454
619,0,0.0,1.0,0.7333333333333333,1.0,0.0,0.0,1.0,0.94741654,0.0038649033653279565,0.22686337260066497,0.1,0.9933071490757153,0.3775406687981454
620,1,1.0,0.9833333333333333,0.6833333333333333,1.0,1.0,1.0,1.0,1.0,0.9334717112821997,0.6578236749459248,0.9864913720705107,0.9933071490757153,0.3775406687981454
621,1,1.0,1.0,0.8166666666666667,1.0,1.0,1.0,1.0,0.9999999,0.99999999999997,0.7915970104348251,0.6877821196884998,0.9933071490757153,0.3775406687981454
622,1,0.0,1.0,0.6666666666666666,1.0,0.0,0.0,1.0,0.013843207,0.99999999999997,0.6673473154855408,0.15944525857378444,0.9933071490757153,0.3775406687981454
623,1,1.0,1.0,0.6833333333333333,1.0,1.0,1.0,1.0,1.0,0.99999999999997,0.6748252467009445,0.9920103926016858,0.9933071490757153,0.3775406687981454
624,1,1.0,1.0,0.7333333333333333,1.0,1.0,1.0,1.0,1.0,0.99999999999997,0.7334404686740028,0.964475120765358,0.9933071490757153,0.3775406687981454
625,1,1.0,1.0,0.8,1.0,1.0,1.0,1.0,0.9999999,0.99999999999997,0.7954243227389484,0.8917400970977925,0.9933071490757153,0.3775406687981454
626,1,1.0,1.0,0.6666666666666666,1.0,1.0,1.0,1.0,0.9999999,0.99999999999997,0.6687000827524244,0.9955802905303152,0.9933071490757153,0.3775406687981454
627,1,0.0,1.0,0.7333333333333333,1.0,0.0,0.0,1.0,1.3267129e-13,0.99999999999997,0.7189582403240066,0.1,0.9933071490757153,0.3775406687981454
628,1,0.0,1.0,0.7,1.0,0.0,0.0,1.0,3.8667198e-13,0.99999999999997,0.7071581295410245,0.6522454919679315,0.9933071490757153,0.3775406687981454
629,1,0.0,1.0,0.7333333333333333,1.0,0.0,0.0,1.0,0.20564881,0.99999999999997,0.7285789918351561,0.13753724168667542,0.9933071490757153,0.3775406687981454
630,1,0.0,1.0,0.7333333333333333,1.0,0.0,0.0,1.0,0.00076734764,0.99999999999997,0.7115086377066088,0.13630758814205332,0.9933071490757153,0.3775406687981454
631,1,1.0,1.0,0.6,1.0,1.0,1.0,1.0,1.0,0.99999999999997,0.5985670067029404,0.1,0.9933071490757153,0.3775406687981454
632,1,0.0,1.0,0.75,1.0,0.0,0.0,1.0,2.2248539e-13,0.99999999999997,0.7363203086324503,0.1,0.9933071490757153,0.3775406687981454
633,1,0.0,1.0,0.7333333333333333,1.0,0.0,0.0,1.0,3.39902e-09,0.99999999999997,0.726204764597421,0.1,0.9933071490757153,0.3775406687981454
634,1,1.0,1.0,0.6,1.0,1.0,1.0,1.0,0.99997497,0.99999999999997,0.6120632200598018,0.7859768829308522,0.9933071490757153,0.3775406687981454
635,1,0.0,1.0,0.65,1.0,0.0,0.0,1.0,7.491212e-12,0.99999999999997,0.6603444082531825,0.5549181182471378,0.9933071490757153,0.3775406687981454
636,1,1.0,1.0,0.6666666666666666,1.0,1.0,1.0,1.0,0.99965835,0.99999999999997,0.681128391700179,0.1382774172498656,0.9933071490757153,0.3775406687981454
637,1,0.0,1.0,0.7333333333333333,1.0,0.0,0.0,1.0,1.00107425e-08,0.99999999999997,0.7325332983111346,0.1,0.9933071490757153,0.3775406687981454
638,1,0.0,1.0,0.75,1.0,0.0,0.0,1.0,4.0193294e-07,0.99999999999997,0.7443679362896606,0.15939586521311994,0.9933071490757153,0.3775406687981454
639,1,1.0,1.0,0.6833333333333333,1.0,1.0,1.0,1.0,1.0,0.99999999999997,0.6697931511062387,0.945777167119925,0.9933071490757153,0.3775406687981454
640,1,1.0,1.0,0.7,1.0,1.0,1.0,1.0,0.9999963,0.99999999999997,0.6966763702839072,0.1,0.9933071490757153,0.3775406687981454
641,1,1.0,1.0,0.7166666666666667,1.0,1.0,1.0,1.0,0.99984264,0.99999999999997,0.7162384314967382,0.3621967735106115,0.9933071490757153,0.3775406687981454
642,1,1.0,1.0,0.7166666666666667,1.0,1.0,1.0,1.0,1.0,0.99999999999997,0.7243569335545377,0.8095092967868062,0.9933071490757153,0.3775406687981454
643,1,1.0,1.0,0.7833333333333333,1.0,1.0,1.0,1.0,0.99868864,0.99999999999997,0.7798832006144454,0.3016632426805397,0.9933071490757153,0.3775406687981454
644,1,1.0,1.0,0.7166666666666667,1.0,0.0,0.0,1.0,0.6648519,0.99999999999997,0.7035982137181847,0.27748846175743747,0.9933071490757153,0.3775406687981454
645,1,0.0,1.0,0.7833333333333333,1.0,0.0,0.0,1.0,3.0646575e-07,0.99999999999997,0.7750193828223051,0.1466639483348879,0.9933071490757153,0.3775406687981454
646,0,1.0,0.9833333333333333,0.8166666666666667,1.0,0.0,0.0,1.0,4.8156664e-07,0.33812767039136105,0.34774570645482733,0.9945296523631911,0.9933071490757153,0.3775406687981454
647,0,1.0,1.0,0.7,1.0,1.0,1.0,1.0,0.00073812786,0.0042504177110926755,0.2561433918363985,0.4424063137872326,0.9933071490757153,0.3775406687981454
648,0,1.0,1.0,0.7333333333333333,1.0,1.0,1.0,1.0,0.028677458,0.0037779900219216535,0.22814098533426191,0.8515317681829936,0.9933071490757153,0.3775406687981454
649,0,1.0,1.0,0.7333333333333333,1.0,1.0,1.0,1.0,9.395778e-07,0.003747334629922934,0.2306406489520298,0.2721272356998914,0.9933071490757153,0.3775406687981454
650,0,1.0,1.0,0.7666666666666667,1.0,1.0,1.0,1.0,0.00912328,0.0036387358909983855,0.19796267666033035,0.9953361046808069,0.9933071490757153,0.3775406687981454
651,0,1.0,1.0,0.6333333333333333,1.0,1.0,1.0,1.0,9.605308e-11,0.004066300918301047,0.28785869536998465,0.1,0.9933071490757153,0.3775406687981454
652,0,1.0,1.0,0.75,1.0,1.0,1.0,1.0,1.6085827e-06,0.004455335470738949,0.21291120439736846,0.2709651753765941,0.9933071490757153,0.3775406687981454
653,0,1.0,1.0,0.8166666666666667,1.0,1.0,1.0,1.0,3.777625e-05,0.005122173174090925,0.16933609602954722,0.36546984893776613,0.9933071490757153,0.3775406687981454
654,0,1.0,1.0,0.7666666666666667,1.0,1.0,1.0,1.0,1.5583555e-05,0.0026994352707664262,0.21107763847934052,0.4109959068628621,0.9933071490757153,0.3775406687981454
655,0,1.0,1.0,0.7333333333333333,1.0,1.0,1.0,1.0,0.09896426,0.00499876051726114,0.2358950742767502,0.9849051473533486,0.9933071490757153,0.3775406687981454
656,0,1.0,1.0,0.7166666666666667,1.0,1.0,1.0,1.0,8.712404e-14,0.004576484405076091,0.25044954505972067,0.1398265695899392,0.9933071490757153,0.3775406687981454
657,0,1.0,1.0,0.7833333333333333,1.0,1.0,1.0,1.0,3.1901266e-08,0.003926869209631372,0.19385960100211638,0.4568602564183055,0.9933071490757153,0.3775406687981454
658,0,1.0,1.0,0.7,1.0,1.0,1.0,1.0,0.0017798116,0.00478199145750373,0.24483226971222063,0.9946543023829626,0.9933071490757153,0.3775406687981454
659,0,1.0,1.0,0.65,1.0,1.0,1.0,1.0,8.882385e-06,0.004812145674045257,0.28335620030258385,0.47149900346684975,0.9933071490757153,0.3775406687981454
660,0,1.0,1.0,0.7333333333333333,1.0,1.0,1.0,1.0,2.465542e-09,0.004257388763595844,0.22323216083932962,0.1693688924473486,0.9933071490757153,0.3775406687981454
661,0,1.0,1.0,0.7833333333333333,1.0,1.0,1.0,1.0,0.00018184292,0.0029520618465610437,0.20498433743865502,0.8310382070304048,0.9933071490757153,0.3775406687981454
662,0,1.0,1.0,0.7333333333333333,1.0,1.0,1.0,1.0,0.0046526757,0.0033625315860121357,0.2278327563386219,0.9820208565844489,0.9933071490757153,0.3775406687981454
663,0,1.0,1.0,0.7666666666666667,1.0,1.0,1.0,1.0,2.8611377e-05,0.0048523567130904785,0.20204282472784268,0.2914126610719057,0.9933071490757153,0.3775406687981454
664,0,1.0,1.0,0.75,1.0,1.0,1.0,1.0,4.4303877e-07,0.004797855614263783,0.21631155498916113,0.36026316901814254,0.9933071490757153,0.3775406687981454
665,0,1.0,1.0,0.75,1.0,1.0,1.0,1.0,5.869356e-15,0.0047121764234206494,0.21250453631402416,0.1,0.9933071490757153,0.3775406687981454
666,0,1.0,1.0,0.7333333333333333,1.0,1.0,1.0,1.0,0.058941208,0.004079422650260086,0.22617731283738626,0.17337633638430017,0.9933071490757153,0.3775406687981454
667,0,1.0,1.0,0.7833333333333333,1.0,1.0,1.0,1.0,4.1904113e-06,0.00426074315477533,0.201225407311292,0.4614532414044871,0.9933071490757153,0.3775406687981454
668,0,1.0,0.9833333333333333,0.75,1.0,0.0,0.0,1.0,1.3996516e-08,0.3357651815740656,0.4309121738539117,0.23982410790067268,0.9933071490757153,0.3775406687981454
669,1,1.0,1.0,0.7166666666666667,1.0,1.0,1.0,1.0,1.0,0.99999999999997,0.7027845666703663,0.8045312074944478,0.9933071490757153,0.3775406687981454
670,1,1.0,1.0,0.7666666666666667,1.0,1.0,1.0,1.0,0.9999994,0.99999999999997,0.7522411950281308,0.9787235923133191,0.9933071490757153,0.3775406687981454
671,1,0.0,1.0,0.6833333333333333,1.0,0.0,0.0,1.0,1.0023421e-13,0.99999999999997,0.6844551119033954,0.1958566179893897,0.9933071490757153,0.3775406687981454
672,1,1.0,1.0,0.65,1.0,1.0,1.0,1.0,1.0,0.99999999999997,0.64921876801988,0.9222564444734225,0.9933071490757153,0.3775406687981454
673,1,0.0,1.0,0.7333333333333333,1.0,0.0,0.0,1.0,0.0008222261,0.99999999999997,0.7273841581257198,0.32899309489453316,0.9933071490757153,0.3775406687981454
674,1,1.0,1.0,0.7333333333333333,1.0,1.0,1.0,1.0,0.9999999,0.99999999999997,0.7394596540041682,0.9604356016777084,0.9933071490757153,0.3775406687981454
675,1,1.0,1.0,0.7666666666666667,1.0,1.0,1.0,1.0,0.9999994,0.99999999999997,0.7296678533502828,0.6218555046125047,0.9933071490757153,0.3775406687981454
676,1,1.0,1.0,0.7666666666666667,1.0,1.0,1.0,1.0,0.99999714,0.99999999999997,0.7555981873171008,0.9441213021370684,0.9933071490757153,0.3775406687981454
677,1,0.0,1.0,0.7833333333333333,1.0,0.0,0.0,1.0,0.088493705,0.99999999999997,0.7680970073658703,0.1,0.9933071490757153,0.3775406687981454
678,1,1.0,1.0,0.65,1.0,1.0,1.0,1.0,0.9991165,0.99999999999997,0.6546766728662995,0.30412481989553225,0.9933071490757153,0.3775406687981454
679,1,1.0,1.0,0.75,1.0,1.0,1.0,1.0,0.9998671,0.99999999999997,0.7290856145081342,0.35969018948067194,0.9933071490757153,0.3775406687981454
680,1,1.0,1.0,0.6333333333333333,1.0,1.0,1.0,1.0,0.9646426,0.99999999999997,0.6294337127139119,0.2667319111589808,0.9933071490757153,0.3775406687981454
681,1,1.0,1.0,0.7166666666666667,1.0,1.0,1.0,1.0,1.0,0.99999999999997,0.7080126016624563,0.9920103926016858,0.9933071490757153,0.3775406687981454
682,1,0.0,1.0,0.7,1.0,0.0,0.0,1.0,0.00026468036,0.99999999999997,0.6919813143046323,0.1578042240558972,0.9933071490757153,0.3775406687981454
683,1,0.0,1.0,0.7166666666666667,1.0,0.0,0.0,1.0,8.8034294e-13,0.99999999999997,0.7105997121009262,0.1,0.9933071490757153,0.3775406687981454
684,1,0.0,1.0,0.7,1.0,0.0,0.0,1.0,2.7121649e-08,0.99999999999997,0.6963244076836655,0.10941237560380301,0.9933071490757153,0.3775406687981454
685,1,0.0,1.0,0.7,1.0,0.0,0.0,1.0,2.4337836e-05,0.99999999999997,0.6722642911717439,0.17093211704614636,0.9933071490757153,0.3775406687981454
686,1,0.0,1.0,0.7166666666666667,1.0,0.0,0.0,1.0,1.0134024e-11,0.99999999999997,0.6963085166958206,0.1,0.9933071490757153,0.3775406687981454
687,1,1.0,1.0,0.5666666666666667,1.0,1.0,1.0,1.0,0.9999573,0.99999999999997,0.5818473876722319,0.8287972059470728,0.9933071490757153,0.3775406687981454
688,1,0.0,1.0,0.6666666666666666,1.0,0.0,0.0,1.0,0.27001923,0.99999999999997,0.6728423596216466,0.836121259323154,0.9933071490757153,0.3775406687981454
689,1,0.0,1.0,0.7,1.0,0.0,0.0,1.0,0.0077231512,0.99999999999997,0.6833984009207573,0.1,0.9933071490757153,0.3775406687981454
690,1,0.0,1.0,0.8333333333333334,1.0,0.0,0.0,1.0,0.0004256356,0.99999999999997,0.8154494013794675,0.25788466273232025,0.9933071490757153,0.3775406687981454
691,1,1.0,1.0,0.7,1.0,1.0,1.0,1.0,1.0,0.99999999999997,0.6969337595708196,0.9462946107172504,0.9933071490757153,0.3775406687981454
692,1,1.0,1.0,0.7833333333333333,1.0,1.0,1.0,1.0,0.9998857,0.99999999999997,0.7438973427231657,0.8260389069469849,0.9933071490757153,0.3775406687981454
693,1,1.0,1.0,0.7666666666666667,1.0,1.0,1.0,1.0,0.99999976,0.99999999999997,0.7516545651949694,0.5307919415183049,0.9933071490757153,0.3775406687981454
694,0,1.0,0.7833333333333333,0.75,1.0,0.0,0.0,1.0,0.0006630607,0.4849816655384624,0.35019127547040346,0.3365704922900038,0.9933071490757153,0.3775406687981454
695,1,1.0,0.9833333333333333,0.7,1.0,0.0,1.0,1.0,0.9966568,0.8853886813643934,0.6225046247014034,0.14511242535923666,0.9933071490757153,0.3775406687981454
696,1,1.0,1.0,0.75,1.0,0.0,1.0,1.0,0.80694675,0.99999999999997,0.6944794734897539,0.700738522660682,0.9933071490757153,0.3775406687981454
697,1,1.0,1.0,0.7333333333333333,1.0,1.0,1.0,1.0,0.9999887,0.99999999999997,0.7070783013597964,0.22971575689438364,0.9933071490757153,0.3775406687981454
698,1,0.0,1.0,0.6833333333333333,1.0,0.0,0.0,1.0,7.512862e-08,0.99999999999997,0.6346511813114067,0.7372206264503378,0.9933071490757153,0.3775406687981454
699,1,0.0,1.0,0.7,1.0,0.0,0.0,1.0,6.6756826e-08,0.99999999999997,0.6561414330696008,0.1,0.9933071490757153,0.3775406687981454
700,1,1.0,1.0,0.6,1.0,0.0,1.0,1.0,0.8602761,0.99999999999997,0.5972742167600499,0.13288092514967986,0.9933071490757153,0.3775406687981454
701,1,1.0,1.0,0.7166666666666667,1.0,1.0,1.0,1.0,0.9999995,0.99999999999997,0.6709529036447271,0.1,0.9933071490757153,0.3775406687981454
702,1,0.0,1.0,0.7666666666666667,1.0,0.0,0.0,1.0,1.2026122e-11,0.99999999999997,0.7316372659003094,0.1,0.9933071490757153,0.3775406687981454
703,1,0.0,1.0,0.7,1.0,0.0,0.0,1.0,0.028930007,0.99999999999997,0.6717230487900384,0.1,0.9933071490757153,0.3775406687981454
704,1,1.0,1.0,0.7333333333333333,1.0,1.0,1.0,1.0,1.0,0.99999999999997,0.7127561990607404,0.9034346147689368,0.9933071490757153,0.3775406687981454
705,1,0.0,1.0,0.6833333333333333,1.0,0.0,0.0,1.0,1.4637905e-07,0.99999999999997,0.6535196570589491,0.10798594673425546,0.9933071490757153,0.3775406687981454
706,1,1.0,1.0,0.6833333333333333,1.0,1.0,1.0,1.0,0.9894544,0.99999999999997,0.6675786161690652,0.5684798103835449,0.9933071490757153,0.3775406687981454
707,1,1.0,1.0,0.75,1.0,1.0,1.0,1.0,0.9999994,0.99999999999997,0.722037522401058,0.9787235923133191,0.9933071490757153,0.3775406687981454
708,1,0.0,1.0,0.5666666666666667,1.0,0.0,0.0,1.0,2.090534e-06,0.99999999999997,0.5624872177404844,0.1207713592846709,0.9933071490757153,0.3775406687981454
709,1,0.0,1.0,0.65,1.0,0.0,0.0,1.0,1.5360567e-05,0.99999999999997,0.6449974794386448,0.31436952619947595,0.9933071490757153,0.3775406687981454
710,1,1.0,1.0,0.6166666666666667,1.0,1.0,1.0,1.0,0.9999995,0.99999999999997,0.5906055274378005,0.829756263590576,0.9933071490757153,0.3775406687981454
711,1,0.0,1.0,0.7333333333333333,1.0,0.0,0.0,1.0,0.026946016,0.99999999999997,0.7234657631066145,0.15857330328742758,0.9933071490757153,0.3775406687981454
712,1,1.0,1.0,0.7833333333333333,1.0,1.0,1.0,1.0,0.9999889,0.99999999999997,0.7127555883401192,0.958849528565614,0.9933071490757153,0.3775406687981454
713,1,1.0,1.0,0.7833333333333333,1.0,1.0,1.0,1.0,0.99999905,0.99999999999997,0.7330503334089511,0.9796811669768255,0.9933071490757153,0.3775406687981454
714,1,1.0,1.0,0.6,1.0,1.0,1.0,1.0,1.0,0.99999999999997,0.5868042526353193,0.8080056088242598,0.9933071490757153,0.3775406687981454
715,1,0.0,1.0,0.7666666666666667,1.0,0.0,0.0,1.0,2.2240744e-12,0.99999999999997,0.7266031127252504,0.10702353502596525,0.9933071490757153,0.3775406687981454
716,1,1.0,1.0,0.65,1.0,1.0,1.0,1.0,1.0,0.99999999999997,0.6146278042817023,0.1,0.9933071490757153,0.3775406687981454
717,1,1.0,1.0,0.7333333333333333,1.0,1.0,1.0,1.0,0.9646426,0.99999999999997,0.7083412254943179,0.2667319111589808,0.9933071490757153,0.3775406687981454
718,1,0.0,1.0,0.7666666666666667,1.0,0.0,0.0,1.0,2.2774207e-08,0.99999999999997,0.7084632825297827,0.1218864703460154,0.9933071490757153,0.3775406687981454
719,1,0.0,1.0,0.6166666666666667,1.0,0.0,0.0,1.0,3.7601958e-14,0.99999999999997,0.5996210039676034,0.1,0.9933071490757153,0.3775406687981454
720,1,0.0,1.0,0.7833333333333333,1.0,0.0,0.0,1.0,1.811046e-07,0.99999999999997,0.7406722928349765,0.1,0.9933071490757153,0.3775406687981454
721,1,1.0,1.0,0.7333333333333333,1.0,1.0,1.0,1.0,0.99999833,0.99999999999997,0.7119323460773543,0.33889680411281087,0.9933071490757153,0.3775406687981454
722,1,1.0,1.0,0.75,1.0,1.0,1.0,1.0,0.9867954,0.99999999999997,0.6999833255361521,0.1363418853158512,0.9933071490757153,0.3775406687981454
723,1,0.0,1.0,0.6833333333333333,1.0,0.0,0.0,1.0,2.744968e-07,0.99999999999997,0.6130052738408464,0.1,0.9933071490757153,0.3775406687981454
724,1,0.0,1.0,0.7166666666666667,1.0,0.0,0.0,1.0,3.1835095e-06,0.99999999999997,0.6811399852908993,0.25596994349984514,0.9933071490757153,0.3775406687981454
725,1,0.0,1.0,0.7,1.0,0.0,0.0,1.0,8.285195e-10,0.99999999999997,0.6667770720849062,0.2971557039126346,0.9933071490757153,0.3775406687981454
726,1,1.0,1.0,0.7333333333333333,1.0,1.0,1.0,1.0,0.9877154,0.99999999999997,0.7189711381694365,0.5644839485710345,0.9933071490757153,0.3775406687981454
727,1,1.0,1.0,0.8,1.0,1.0,1.0,1.0,1.0,0.99999999999997,0.7610933902262726,0.9958062467479531,0.9933071490757153,0.3775406687981454
728,1,1.0,1.0,0.8166666666666667,1.0,1.0,1.0,1.0,0.9395348,0.99999999999997,0.7600628595006388,0.23787670128294294,0.9933071490757153,0.3775406687981454
729,1,1.0,1.0,0.7333333333333333,1.0,1.0,1.0,1.0,0.99999726,0.99999999999997,0.7038847271379218,0.8533340828467918,0.9933071490757153,0.3775406687981454
730,1,1.0,1.0,0.7,1.0,1.0,1.0,1.0,0.9998493,0.99999999999997,0.6785384829591613,0.5551086370818827,0.9933071490757153,0.3775406687981454
731,1,1.0,1.0,0.65,1.0,1.0,1.0,1.0,0.9999869,0.99999999999997,0.6120885143299907,0.512071412414147,0.9933071490757153,0.3775406687981454
732,1,1.0,1.0,0.7166666666666667,1.0,1.0,1.0,1.0,1.0,0.99999999999997,0.6781056280695854,0.9941958710576758,0.9933071490757153,0.3775406687981454
733,1,0.0,1.0,0.7,1.0,0.0,0.0,1.0,2.9484393e-15,0.99999999999997,0.6659477031536055,0.808833478453129,0.9933071490757153,0.3775406687981454
734,1,0.0,1.0,0.8166666666666667,1.0,0.0,0.0,1.0,4.4031574e-09,0.99999999999997,0.7757139232541361,0.1,0.9933071490757153,0.3775406687981454
735,1,1.0,1.0,0.7333333333333333,1.0,1.0,1.0,1.0,1.0,0.99999999999997,0.7181523270933005,0.9409426287405281,0.9933071490757153,0.3775406687981454
736,1,0.0,1.0,0.6166666666666667,1.0,0.0,0.0,1.0,1.09002904e-08,0.99999999999997,0.6160285827797761,0.1,0.9933071490757153,0.3775406687981454
737,1,0.0,1.0,0.6166666666666667,1.0,0.0,0.0,1.0,2.4166388e-07,0.99999999999997,0.6120703887812202,0.7333130235492731,0.9933071490757153,0.3775406687981454
738,1,1.0,1.0,0.7833333333333333,1.0,1.0,1.0,1.0,0.9999995,0.99999999999997,0.725100453369349,0.7707990431628677,0.9933071490757153,0.3775406687981454
739,1,1.0,1.0,0.8166666666666667,1.0,1.0,1.0,1.0,1.0,0.99999999999997,0.7630435794868944,0.1,0.9933071490757153,0.3775406687981454
740,1,0.0,1.0,0.7,1.0,0.0,0.0,1.0,2.9562387e-11,0.99999999999997,0.6880134189978667,0.159943076028841,0.9933071490757153,0.3775406687981454
741,1,1.0,1.0,0.8,1.0,1.0,1.0,1.0,0.999894,0.99999999999997,0.758006686452753,0.8636017850124371,0.9933071490757153,0.3775406687981454
742,1,0.0,1.0,0.7333333333333333,1.0,0.0,0.0,1.0,0.00051328575,0.99999999999997,0.7063731266768184,0.6171324028152051,0.9933071490757153,0.3775406687981454
743,1,1.0,1.0,0.7333333333333333,1.0,1.0,1.0,1.0,0.9907742,0.99999999999997,0.6794315915250297,0.2830999191903694,0.9933071490757153,0.3775406687981454
744,1,0.0,1.0,0.6833333333333333,1.0,0.0,0.0,1.0,9.82165e-05,0.99999999999997,0.6330957670839088,0.10541103509512742,0.9933071490757153,0.3775406687981454
745,1,1.0,1.0,0.7166666666666667,1.0,1.0,1.0,1.0,0.97262335,0.99999999999997,0.692641161670899,0.2181989673676442,0.9933071490757153,0.3775406687981454
746,1,0.0,1.0,0.7333333333333333,1.0,0.0,0.0,1.0,8.623155e-12,0.99999999999997,0.7015321046719968,0.1,0.9933071490757153,0.3775406687981454
747,1,1.0,1.0,0.7166666666666667,1.0,1.0,1.0,1.0,0.9956222,0.99999999999997,0.7058281533263991,0.17475996680458714,0.9933071490757153,0.3775406687981454
748,1,1.0,1.0,0.6666666666666666,1.0,1.0,1.0,1.0,0.9999832,0.99999999999997,0.6535181466150332,0.6685772010090998,0.9933071490757153,0.3775406687981454
749,1,0.0,1.0,0.6833333333333333,1.0,0.0,0.0,1.0,0.024423704,0.99999999999997,0.6617521475395284,0.14731443193041582,0.9933071490757153,0.3775406687981454
750,1,1.0,1.0,0.7666666666666667,1.0,1.0,1.0,1.0,0.99997485,0.99999999999997,0.7177413591344315,0.17784457704136908,0.9933071490757153,0.3775406687981454
751,1,0.0,1.0,0.6333333333333333,1.0,0.0,0.0,1.0,1.3278643e-10,0.99999999999997,0.6316150238346183,0.1,0.9933071490757153,0.3775406687981454
752,1,1.0,1.0,0.7,1.0,1.0,1.0,1.0,0.999998,0.99999999999997,0.6773936919288762,0.1942066357704747,0.9933071490757153,0.3775406687981454
753,1,1.0,1.0,0.6833333333333333,1.0,1.0,1.0,1.0,0.9999832,0.99999999999997,0.6621558018818442,0.8734990711950188,0.9933071490757153,0.3775406687981454
754,1,1.0,1.0,0.6833333333333333,1.0,1.0,1.0,1.0,0.99999833,0.99999999999997,0.6540317168211369,0.33889680411281087,0.9933071490757153,0.3775406687981454
755,1,0.0,1.0,0.75,1.0,0.0,0.0,1.0,1.13844976e-07,0.99999999999997,0.6837526515297113,0.7084383438150016,0.9933071490757153,0.3775406687981454
756,1,1.0,1.0,0.7,1.0,1.0,1.0,1.0,1.0,0.99999999999997,0.6622163982332108,0.6340593361386533,0.9933071490757153,0.3775406687981454
757,1,1.0,1.0,0.7,1.0,1.0,1.0,1.0,0.99962986,0.99999999999997,0.677648238640855,0.5208842523613489,0.9933071490757153,0.3775406687981454
758,1,0.0,1.0,0.75,1.0,0.0,0.0,1.0,1.6494874e-09,0.99999999999997,0.7019434514656503,0.1,0.9933071490757153,0.3775406687981454
759,1,0.0,1.0,0.7166666666666667,1.0,0.0,0.0,1.0,1.5755137e-09,0.99999999999997,0.7104335398750302,0.1,0.9933071490757153,0.3775406687981454
760,1,0.0,1.0,0.75,1.0,0.0,0.0,1.0,4.543763e-05,0.99999999999997,0.7260203578576393,0.15641262803354966,0.9933071490757153,0.3775406687981454
761,1,0.0,1.0,0.7833333333333333,1.0,0.0,0.0,1.0,0.2945619,0.99999999999997,0.7293986719887875,0.1,0.9933071490757153,0.3775406687981454
762,1,0.0,1.0,0.8166666666666667,1.0,0.0,0.0,1.0,0.011614888,0.99999999999997,0.7623531277648639,0.18846877358355194,0.9933071490757153,0.3775406687981454
763,1,1.0,1.0,0.7,1.0,1.0,1.0,1.0,0.99999976,0.99999999999997,0.6755870042532802,0.845435665723269,0.9933071490757153,0.3775406687981454
764,1,1.0,1.0,0.7333333333333333,1.0,1.0,1.0,1.0,1.0,0.99999999999997,0.7067484913186411,0.8787707139230597,0.9933071490757153,0.3775406687981454
765,1,0.0,1.0,0.5833333333333334,1.0,0.0,0.0,1.0,0.0001609118,0.99999999999997,0.5481063110349541,0.16993070397417612,0.9933071490757153,0.3775406687981454
766,1,0.0,1.0,0.7666666666666667,1.0,0.0,0.0,1.0,0.009487031,0.99999999999997,0.7360431197195675,0.8765002062495761,0.9933071490757153,0.3775406687981454
767,1,1.0,1.0,0.7166666666666667,1.0,1.0,1.0,1.0,0.99999535,0.99999999999997,0.6654936371060274,0.9496309217340705,0.9933071490757153,0.3775406687981454
768,1,1.0,1.0,0.6833333333333333,1.0,1.0,1.0,1.0,1.0,0.99999999999997,0.6622782504579677,0.1,0.9933071490757153,0.3775406687981454
769,1,0.0,1.0,0.6833333333333333,1.0,0.0,0.0,1.0,0.00076734764,0.99999999999997,0.6639898858304958,0.13630758814205332,0.9933071490757153,0.3775406687981454
770,1,0.0,1.0,0.6833333333333333,1.0,0.0,0.0,1.0,6.6756826e-08,0.99999999999997,0.6553311076375014,0.1,0.9933071490757153,0.3775406687981454
771,1,1.0,1.0,0.7833333333333333,1.0,1.0,1.0,1.0,0.9973349,0.99999999999997,0.7520430151593328,0.2759144190607274,0.9933071490757153,0.3775406687981454
772,1,1.0,1.0,0.7166666666666667,1.0,1.0,1.0,1.0,0.9999989,0.99999999999997,0.6654315193938596,0.7864831794587959,0.9933071490757153,0.3775406687981454
773,1,1.0,1.0,0.6833333333333333,1.0,1.0,1.0,1.0,0.99999833,0.99999999999997,0.668304432947872,0.9662934290334558,0.9933071490757153,0.3775406687981454
774,1,0.0,1.0,0.75,1.0,0.0,0.0,1.0,3.3140095e-05,0.99999999999997,0.7097210860823905,0.13592874326367646,0.9933071490757153,0.3775406687981454
775,1,1.0,1.0,0.7,1.0,1.0,1.0,1.0,0.99999917,0.99999999999997,0.6708823002063669,0.6429498785956571,0.9933071490757153,0.3775406687981454
776,1,1.0,1.0,0.75,1.0,1.0,1.0,1.0,1.0,0.99999999999997,0.7165829878583408,0.9917877666121652,0.9933071490757153,0.3775406687981454
777,1,0.0,1.0,0.6666666666666666,1.0,0.0,0.0,1.0,0.20564881,0.99999999999997,0.6347347110951277,0.13753724168667542,0.9933071490757153,0.3775406687981454
778,1,1.0,1.0,0.7166666666666667,1.0,1.0,1.0,1.0,0.95319146,0.99999999999997,0.685555123943742,0.1,0.9933071490757153,0.3775406687981454
779,1,0.0,1.0,0.8333333333333334,1.0,0.0,0.0,1.0,7.7847707e-16,0.99999999999997,0.7930955451027584,0.20817593972785423,0.9933071490757153,0.3775406687981454
780,1,1.0,1.0,0.7,1.0,1.0,1.0,1.0,1.0,0.99999999999997,0.6519930699245775,0.6340593361386533,0.9933071490757153,0.3775406687981454
781,1,1.0,1.0,0.7166666666666667,1.0,1.0,1.0,1.0,0.99999654,0.99999999999997,0.6747666432124053,0.9054581787420234,0.9933071490757153,0.3775406687981454
782,1,1.0,1.0,0.75,1.0,1.0,1.0,1.0,0.99999213,0.99999999999997,0.726225253641044,0.3829409581732925,0.9933071490757153,0.3775406687981454
783,1,0.0,1.0,0.7333333333333333,1.0,0.0,0.0,1.0,2.4337836e-05,0.99999999999997,0.683876242911623,0.17093211704614636,0.9933071490757153,0.3775406687981454
784,1,0.0,1.0,0.7166666666666667,1.0,0.0,0.0,1.0,0.0006470587,0.99999999999997,0.6803293466836184,0.1,0.9933071490757153,0.3775406687981454
785,1,0.0,1.0,0.65,1.0,0.0,0.0,1.0,8.933695e-09,0.99999999999997,0.6451385233985255,0.1,0.9933071490757153,0.3775406687981454
786,1,1.0,1.0,0.7166666666666667,1.0,1.0,1.0,1.0,0.99999833,0.99999999999997,0.6681391619276693,0.9662934290334558,0.9933071490757153,0.3775406687981454
787,1,0.0,1.0,0.7,1.0,0.0,0.0,1.0,1.1489172e-09,0.99999999999997,0.6708518393692319,0.7027955404000726,0.9933071490757153,0.3775406687981454
788,1,1.0,1.0,0.7,1.0,1.0,1.0,1.0,1.0,0.99999999999997,0.6841822226825368,0.21867523897691427,0.9933071490757153,0.3775406687981454
789,1,0.0,1.0,0.6666666666666666,1.0,0.0,0.0,1.0,1.4021673e-10,0.99999999999997,0.646392193923906,0.1,0.9933071490757153,0.3775406687981454
790,1,1.0,1.0,0.6833333333333333,1.0,1.0,1.0,1.0,1.0,0.99999999999997,0.6682534757210835,0.790436729320779,0.9933071490757153,0.3775406687981454
791,1,0.0,1.0,0.8333333333333334,1.0,0.0,0.0,1.0,0.011491357,0.99999999999997,0.7855339817917871,0.732611355469631,0.9933071490757153,0.3775406687981454
792,1,0.0,1.0,0.6833333333333333,1.0,0.0,0.0,1.0,0.0006470587,0.99999999999997,0.6514696420051089,0.1,0.9933071490757153,0.3775406687981454
793,1,0.0,1.0,0.75,1.0,0.0,0.0,1.0,3.9985894e-13,0.99999999999997,0.7219291566443707,0.1,0.9933071490757153,0.3775406687981454
794,1,0.0,1.0,0.75,1.0,0.0,0.0,1.0,9.29788e-14,0.99999999999997,0.7223585961074723,0.1,0.9933071490757153,0.3775406687981454
795,1,1.0,1.0,0.75,1.0,1.0,1.0,1.0,0.9207326,0.99999999999997,0.7324879410970406,0.8478970973146301,0.9933071490757153,0.3775406687981454
796,1,1.0,1.0,0.7166666666666667,1.0,1.0,1.0,1.0,1.0,0.99999999999997,0.6907671411090704,0.9699510580042837,0.9933071490757153,0.3775406687981454
797,1,0.0,1.0,0.6833333333333333,1.0,0.0,0.0,1.0,1.1040143e-05,0.99999999999997,0.662388310911219,0.3063750228115227,0.9933071490757153,0.3775406687981454
798,1,1.0,1.0,0.7166666666666667,1.0,1.0,1.0,1.0,1.0,0.99999999999997,0.6861124454594051,0.969819293970859,0.9933071490757153,0.3775406687981454
799,1,0.0,1.0,0.7666666666666667,1.0,0.0,0.0,1.0,8.787682e-08,0.99999999999997,0.7188825055495206,0.3169160098988776,0.9933071490757153,0.3775406687981454
800,1,1.0,1.0,0.7,1.0,1.0,1.0,1.0,1.0,0.99999999999997,0.678331320972289,0.969266449523123,0.9933071490757153,0.3775406687981454
801,1,1.0,1.0,0.7,1.0,1.0,1.0,1.0,1.0,0.99999999999997,0.6621132456893368,0.7704162150194738,0.9933071490757153,0.3775406687981454
802,1,1.0,1.0,0.7666666666666667,1.0,1.0,1.0,1.0,1.0,0.99999999999997,0.7440457232983368,0.8787707139230597,0.9933071490757153,0.3775406687981454
803,1,0.0,1.0,0.6666666666666666,1.0,0.0,0.0,1.0,3.7994404e-12,0.99999999999997,0.6507922024442774,0.1,0.9933071490757153,0.3775406687981454
804,1,1.0,1.0,0.7833333333333333,1.0,1.0,1.0,1.0,0.99692094,0.99999999999997,0.7425917271229548,0.8061353230151489,0.9933071490757153,0.3775406687981454
805,1,0.0,1.0,0.7166666666666667,1.0,0.0,0.0,1.0,1.7133481e-09,0.99999999999997,0.6624165365298693,0.4051280974786443,0.9933071490757153,0.3775406687981454
806,1,0.0,1.0,0.6666666666666666,1.0,0.0,0.0,1.0,5.2401933e-12,0.99999999999997,0.6481813481924777,0.1,0.9933071490757153,0.3775406687981454
807,1,0.0,1.0,0.6666666666666666,1.0,0.0,0.0,1.0,5.3296603e-13,0.99999999999997,0.6435977385027447,0.1,0.9933071490757153,0.3775406687981454
808,1,0.0,1.0,0.7,1.0,0.0,0.0,1.0,6.8400236e-06,0.99999999999997,0.6599713820262301,0.7450729023400513,0.9933071490757153,0.3775406687981454
809,1,0.0,1.0,0.6833333333333333,1.0,0.0,0.0,1.0,9.786982e-12,0.99999999999997,0.6694364318875423,0.5307896779995551,0.9933071490757153,0.3775406687981454
810,1,1.0,1.0,0.6666666666666666,1.0,1.0,1.0,1.0,0.9999763,0.99999999999997,0.6251084223948998,0.6334161060923453,0.9933071490757153,0.3775406687981454
811,1,0.0,1.0,0.7,1.0,0.0,0.0,1.0,0.00026468036,0.99999999999997,0.6822375118029274,0.1578042240558972,0.9933071490757153,0.3775406687981454
812,1,1.0,0.85,0.7,1.0,0.0,0.0,1.0,0.74489015,0.9999999991414313,0.6568194224756194,0.1,0.9933071490757153,0.3775406687981454
813,0,1.0,0.4666666666666667,0.8333333333333334,1.0,0.0,0.0,1.0,8.142294e-07,0.5440584106682457,0.15092510650829824,0.19439088302623372,0.9933071490757153,0.3775406687981454
814,0,1.0,0.9833333333333333,0.7,1.0,0.0,0.0,1.0,2.2068602e-11,0.3090968223739401,0.44866930023213075,0.1904275762222325,0.9933071490757153,0.3775406687981454
815,1,1.0,1.0,0.6333333333333333,1.0,0.0,1.0,1.0,1.0,0.8707530575660677,0.6311411165270501,0.9222564444734225,0.9933071490757153,0.3775406687981454
816,1,1.0,1.0,0.65,1.0,0.0,1.0,1.0,0.9991165,0.8706793451305631,0.634535331957372,0.30412481989553225,0.9933071490757153,0.3775406687981454
817,1,1.0,1.0,0.65,1.0,0.0,1.0,1.0,0.98851216,0.874170859174253,0.6203928551221092,0.9390602784989268,0.9933071490757153,0.3775406687981454
818,1,0.0,1.0,0.7833333333333333,1.0,0.0,0.0,1.0,6.826332e-08,0.872796689674807,0.738028233847201,0.1,0.9933071490757153,0.3775406687981454
819,1,0.0,1.0,0.6666666666666666,1.0,0.0,0.0,1.0,0.009158846,0.8723869397674029,0.6447756465301748,0.19078954541033613,0.9933071490757153,0.3775406687981454
820,1,1.0,1.0,0.7166666666666667,1.0,1.0,1.0,1.0,0.9999863,0.8715291910186742,0.6567211296741955,0.9562735704532207,0.9933071490757153,0.3775406687981454
821,1,0.0,1.0,0.7666666666666667,1.0,0.0,0.0,1.0,6.488723e-11,0.8775852717855528,0.7093507668052703,0.6568931273652571,0.9933071490757153,0.3775406687981454
822,1,0.0,1.0,0.8333333333333334,1.0,0.0,0.0,1.0,8.623155e-12,0.8811580352358859,0.7453210810791011,0.1,0.9933071490757153,0.3775406687981454
823,1,1.0,1.0,0.7,1.0,0.0,1.0,1.0,0.9998857,0.8816646133236703,0.6426265852736809,0.8260389069469849,0.9933071490757153,0.3775406687981454
824,1,1.0,1.0,0.7666666666666667,1.0,1.0,1.0,1.0,1.0,0.8831948296868347,0.7236536980131152,0.9946932601219699,0.9933071490757153,0.3775406687981454
825,1,1.0,0.95,0.6833333333333333,1.0,0.0,1.0,1.0,1.0,0.8331043600704141,0.5810414319563133,0.9565723874664637,0.9933071490757153,0.3775406687981454
826,1,0.0,1.0,0.7833333333333333,1.0,0.0,0.0,1.0,4.918854e-07,0.7964419585916623,0.6354242077811454,0.19948158566305318,0.9933071490757153,0.3775406687981454
827,1,0.0,1.0,0.7333333333333333,1.0,0.0,0.0,1.0,0.006294005,0.99999999999997,0.7167276236424223,0.9039012303510224,0.9933071490757153,0.3775406687981454
828,1,0.0,1.0,0.8,1.0,0.0,0.0,1.0,4.4867137e-17,0.99999999999997,0.7466768204917952,0.1,0.9933071490757153,0.3775406687981454
829,1,1.0,1.0,0.7666666666666667,1.0,1.0,1.0,1.0,0.99999547,0.99999999999997,0.7311813900290239,0.9875108965312438,0.9933071490757153,0.3775406687981454
830,1,0.0,1.0,0.7666666666666667,1.0,0.0,0.0,1.0,4.4867137e-17,0.99999999999997,0.7422514677414596,0.1,0.9933071490757153,0.3775406687981454
831,1,0.0,1.0,0.6666666666666666,1.0,0.0,0.0,1.0,0.000115721545,0.99999999999997,0.6285832898077384,0.1,0.9933071490757153,0.3775406687981454
832,1,1.0,1.0,0.75,1.0,1.0,1.0,1.0,1.0,0.99999999999997,0.715720864617113,0.821218013184931,0.9933071490757153,0.3775406687981454
833,1,1.0,1.0,0.6333333333333333,1.0,1.0,1.0,1.0,1.0,0.99999999999997,0.6241790128212501,0.9864913720705107,0.9933071490757153,0.3775406687981454
834,1,0.0,1.0,0.7,1.0,0.0,0.0,1.0,0.05518673,0.99999999999997,0.6657723527052443,0.1,0.9933071490757153,0.3775406687981454
835,1,1.0,1.0,0.6666666666666666,1.0,1.0,1.0,1.0,1.0,0.99999999999997,0.6520266868055747,0.5607509206405555,0.9933071490757153,0.3775406687981454
836,1,1.0,1.0,0.65,1.0,1.0,1.0,1.0,1.0,0.99999999999997,0.6236900914087177,0.9409426287405281,0.9933071490757153,0.3775406687981454
837,1,1.0,1.0,0.7333333333333333,1.0,1.0,1.0,1.0,0.9999052,0.99999999999997,0.6918924271043453,0.995695269898148,0.9933071490757153,0.3775406687981454
838,1,1.0,1.0,0.7333333333333333,1.0,1.0,1.0,1.0,0.9982601,0.99999999999997,0.7072323277850835,0.8396186181330929,0.9933071490757153,0.3775406687981454
839,1,0.0,1.0,0.7166666666666667,1.0,0.0,0.0,1.0,0.0077231512,0.99999999999997,0.6890513071523217,0.1,0.9933071490757153,0.3775406687981454
840,1,0.0,1.0,0.7333333333333333,1.0,0.0,0.0,1.0,1.0864889e-10,0.99999999999997,0.6919642420496772,0.1,0.9933071490757153,0.3775406687981454
841,1,1.0,1.0,0.7333333333333333,1.0,1.0,1.0,1.0,1.0,0.99999999999997,0.7129997043184045,0.1,0.9933071490757153,0.3775406687981454
842,1,1.0,1.0,0.6833333333333333,1.0,1.0,1.0,1.0,1.0,0.99999999999997,0.6478073429167033,0.1,0.9933071490757153,0.3775406687981454
843,1,0.0,1.0,0.6833333333333333,1.0,0.0,0.0,1.0,0.013843207,0.99999999999997,0.6368173267508878,0.15944525857378444,0.9933071490757153,0.3775406687981454
844,1,0.0,1.0,0.7333333333333333,1.0,0.0,0.0,1.0,5.4406222e-15,0.99999999999997,0.6842945508320516,0.1,0.9933071490757153,0.3775406687981454
845,1,1.0,1.0,0.7166666666666667,1.0,1.0,1.0,1.0,0.99999905,0.99999999999997,0.6766860007358223,0.9796811669768255,0.9933071490757153,0.3775406687981454
846,1,0.0,1.0,0.8166666666666667,1.0,0.0,0.0,1.0,5.2785236e-08,0.99999999999997,0.7753828851891735,0.19385204074037596,0.9933071490757153,0.3775406687981454
847,1,1.0,1.0,0.7,1.0,1.0,1.0,1.0,0.99868864,0.99999999999997,0.6663431923607698,0.3016632426805397,0.9933071490757153,0.3775406687981454
848,1,0.0,1.0,0.75,1.0,0.0,0.0,1.0,3.7601958e-14,0.99999999999997,0.7299655866410009,0.1,0.9933071490757153,0.3775406687981454
849,1,0.0,1.0,0.6666666666666666,1.0,0.0,0.0,1.0,4.0193294e-07,0.99999999999997,0.627220340945609,0.15939586521311994,0.9933071490757153,0.3775406687981454
850,1,1.0,1.0,0.7333333333333333,1.0,1.0,1.0,1.0,1.0,0.99999999999997,0.6780767694217096,0.42690015263432884,0.9933071490757153,0.3775406687981454
851,1,0.0,1.0,0.7833333333333333,1.0,0.0,0.0,1.0,0.40990007,0.99999999999997,0.7464299818000999,0.1,0.9933071490757153,0.3775406687981454
852,1,1.0,1.0,0.6166666666666667,1.0,1.0,1.0,1.0,0.9999999,0.99999999999997,0.5959853683121357,0.34656646305506017,0.9933071490757153,0.3775406687981454
853,1,0.0,1.0,0.7,1.0,0.0,0.0,1.0,6.8400236e-06,0.99999999999997,0.6679067481565046,0.7450729023400513,0.9933071490757153,0.3775406687981454
854,1,1.0,1.0,0.7,1.0,1.0,1.0,1.0,0.9999869,0.99999999999997,0.6629686171595359,0.512071412414147,0.9933071490757153,0.3775406687981454
855,1,1.0,1.0,0.8333333333333334,1.0,1.0,1.0,1.0,1.0,0.99999999999997,0.779020949065493,0.8829772576860745,0.9933071490757153,0.3775406687981454
856,1,0.0,1.0,0.7666666666666667,1.0,0.0,0.0,1.0,5.904451e-09,0.99999999999997,0.7070010076210053,0.1857533908480533,0.9933071490757153,0.3775406687981454
857,1,1.0,1.0,0.6833333333333333,1.0,1.0,1.0,1.0,0.9980749,0.99999999999997,0.6601279094497147,0.10390905924600087,0.9933071490757153,0.3775406687981454
858,1,0.0,1.0,0.7166666666666667,1.0,0.0,0.0,1.0,1.0787896e-06,0.99999999999997,0.6677179081477382,0.10081007295308038,0.9933071490757153,0.3775406687981454
859,1,0.0,1.0,0.7333333333333333,1.0,0.0,0.0,1.0,1.4021673e-10,0.99999999999997,0.7047486572232046,0.1,0.9933071490757153,0.3775406687981454
860,1,0.0,1.0,0.7833333333333333,1.0,0.0,0.0,1.0,1.00107425e-08,0.99999999999997,0.729830956592086,0.1,0.9933071490757153,0.3775406687981454
861,1,0.0,1.0,0.75,1.0,0.0,0.0,1.0,9.89537e-06,0.99999999999997,0.7122670167161391,0.13081246926211193,0.9933071490757153,0.3775406687981454
862,1,0.0,1.0,0.6833333333333333,1.0,0.0,0.0,1.0,1.0628104e-08,0.99999999999997,0.6429202360478897,0.16594283484295513,0.9933071490757153,0.3775406687981454
863,1,1.0,1.0,0.6666666666666666,1.0,0.0,0.0,1.0,0.80694675,0.99999999999997,0.6424169884634092,0.700738522660682,0.9933071490757153,0.3775406687981454
864,1,1.0,1.0,0.7166666666666667,1.0,1.0,1.0,1.0,0.9066442,0.99999999999997,0.6878363108768195,0.14022839687773134,0.9933071490757153,0.3775406687981454
865,1,1.0,1.0,0.6833333333333333,1.0,0.0,1.0,1.0,0.81328654,0.99999999999997,0.6740017994366638,0.7288514492184529,0.9933071490757153,0.3775406687981454
866,1,0.0,1.0,0.8,1.0,0.0,0.0,1.0,0.2329075,0.99999999999997,0.7590644556891916,0.3441898194151457,0.9933071490757153,0.3775406687981454
867,1,0.0,1.0,0.75,1.0,0.0,0.0,1.0,0.0016192903,0.99999999999997,0.7219942898518691,0.15240710022001483,0.9933071490757153,0.3775406687981454
868,1,1.0,1.0,0.7666666666666667,1.0,1.0,1.0,1.0,1.0,0.99999999999997,0.7294446010514137,0.6556527411518175,0.9933071490757153,0.3775406687981454
869,1,1.0,1.0,0.7,1.0,1.0,1.0,1.0,1.0,0.99999999999997,0.6675794155768617,0.942747524150988,0.9933071490757153,0.3775406687981454
870,1,0.0,1.0,0.7833333333333333,1.0,0.0,0.0,1.0,3.875543e-13,0.99999999999997,0.7248011272146754,0.1,0.9933071490757153,0.3775406687981454
871,1,1.0,1.0,0.7666666666666667,1.0,1.0,1.0,1.0,0.99998164,0.99999999999997,0.7447173797225537,0.6614348705252727,0.9933071490757153,0.3775406687981454
872,1,0.0,1.0,0.7166666666666667,1.0,0.0,0.0,1.0,1.4704337e-11,0.99999999999997,0.6750343598692545,0.3216385434909957,0.9933071490757153,0.3775406687981454
873,1,0.0,1.0,0.7166666666666667,1.0,0.0,0.0,1.0,0.017779598,0.99999999999997,0.6862175177580935,0.12680568467531433,0.9933071490757153,0.3775406687981454
874,1,0.0,1.0,0.6666666666666666,1.0,0.0,0.0,1.0,0.39083183,0.99999999999997,0.6327238919520771,0.5788196552707255,0.9933071490757153,0.3775406687981454
875,1,1.0,1.0,0.7666666666666667,1.0,1.0,1.0,1.0,0.99999917,0.99999999999997,0.7136924888749846,0.9880672106267019,0.9933071490757153,0.3775406687981454
876,1,1.0,1.0,0.7833333333333333,1.0,0.0,0.0,1.0,0.783324,0.99999999999997,0.7127533818893179,0.6924023974643273,0.9933071490757153,0.3775406687981454
877,1,1.0,1.0,0.75,1.0,1.0,1.0,1.0,0.9999994,0.99999999999997,0.7126228540014519,0.6218555046125047,0.9933071490757153,0.3775406687981454
878,1,0.0,1.0,0.6333333333333333,1.0,0.0,0.0,1.0,1.5853141e-12,0.99999999999997,0.6036700706461614,0.3979947092687079,0.9933071490757153,0.3775406687981454
879,1,1.0,1.0,0.7166666666666667,1.0,1.0,1.0,1.0,0.99764353,0.99999999999997,0.6881099081024459,0.6798723137889531,0.9933071490757153,0.3775406687981454
880,1,1.0,0.8666666666666667,0.75,1.0,0.0,1.0,1.0,0.99999535,0.9186506329146085,0.5859406328452164,0.9496309217340705,0.9933071490757153,0.3775406687981454
881,0,1.0,0.9666666666666667,0.6833333333333333,1.0,1.0,1.0,1.0,3.5447435e-06,0.08036054901256744,0.25937028702148335,0.1,0.9933071490757153,0.3775406687981454
882,0,1.0,1.0,0.7666666666666667,1.0,1.0,1.0,1.0,0.13644502,0.0092068196150685,0.18698894166197716,0.3687509322134194,0.9933071490757153,0.3775406687981454
883,0,1.0,1.0,0.7166666666666667,1.0,1.0,1.0,1.0,3.244665e-10,0.004214886744514556,0.2411811578555709,0.9991822198366636,0.9933071490757153,0.3775406687981454
884,0,1.0,1.0,0.6,1.0,1.0,1.0,1.0,0.038138174,0.004219759052099688,0.3415330504240276,0.19857622418451212,0.9933071490757153,0.3775406687981454
885,0,1.0,1.0,0.7,1.0,1.0,1.0,1.0,5.5439145e-06,0.003727954218085093,0.2546928438183455,0.2132687583053656,0.9933071490757153,0.3775406687981454
886,0,1.0,1.0,0.7166666666666667,1.0,1.0,1.0,1.0,0.0047695064,0.0035835680287441807,0.22350934892161253,0.18676612156603514,0.9933071490757153,0.3775406687981454
887,0,1.0,1.0,0.7166666666666667,1.0,1.0,1.0,1.0,3.3087648e-08,0.007314371488490643,0.22734655146167612,0.6711792284735378,0.9933071490757153,0.3775406687981454
888,0,1.0,1.0,0.7,1.0,1.0,1.0,1.0,3.6791024e-09,0.00491590023299287,0.23719561170547,0.9603636469529118,0.9933071490757153,0.3775406687981454
889,0,1.0,1.0,0.7666666666666667,1.0,1.0,1.0,1.0,0.011142012,0.004739858567867889,0.19995793684180896,0.9921168515375369,0.9933071490757153,0.3775406687981454
890,0,1.0,1.0,0.7666666666666667,1.0,1.0,1.0,1.0,0.038138174,0.0037380268460058346,0.19743113177867416,0.19857622418451212,0.9933071490757153,0.3775406687981454
891,0,1.0,1.0,0.7833333333333333,1.0,1.0,1.0,1.0,1.4001857e-08,0.004784310636992204,0.18778651890695502,0.7458833495336754,0.9933071490757153,0.3775406687981454
892,0,1.0,1.0,0.7,1.0,1.0,1.0,1.0,0.0006337162,0.0047190273493160255,0.24548567255567097,0.17448662883345567,0.9933071490757153,0.3775406687981454
893,0,1.0,1.0,0.8333333333333334,1.0,1.0,1.0,1.0,4.1974555e-08,0.004185797631439152,0.1533642936791662,0.4078457968087584,0.9933071490757153,0.3775406687981454
894,0,1.0,1.0,0.7666666666666667,1.0,1.0,1.0,1.0,1.2149098e-11,0.004464095548140399,0.19790451969768683,0.18419912495653035,0.9933071490757153,0.3775406687981454
895,0,1.0,1.0,0.8166666666666667,1.0,1.0,1.0,1.0,2.9720393e-06,0.004194454092991424,0.1688980864789111,0.6902605506673151,0.9933071490757153,0.3775406687981454
896,0,1.0,0.9833333333333333,0.6666666666666666,1.0,0.0,0.0,1.0,0.0001049316,0.37476290978267135,0.4482163898096237,0.1,0.9933071490757153,0.3775406687981454
897,1,1.0,1.0,0.6666666666666666,1.0,1.0,1.0,1.0,0.9999988,0.9999999979408578,0.6343556309453634,0.19569078254142072,0.9933071490757153,0.3775406687981454
898,1,0.0,1.0,0.7,1.0,0.0,0.0,1.0,0.0001540126,0.999999995712176,0.6813573673061334,0.5405024686143772,0.9933071490757153,0.3775406687981454
899,1,0.0,1.0,0.8,1.0,0.0,0.0,1.0,1.7133481e-09,0.9999999904929026,0.7460081050403035,0.4051280974786443,0.9933071490757153,0.3775406687981454
900,1,1.0,1.0,0.7666666666666667,1.0,1.0,1.0,1.0,1.0,0.9999999946045911,0.7152093650054291,0.84628055457988,0.9933071490757153,0.3775406687981454
901,1,0.0,1.0,0.6666666666666666,1.0,0.0,0.0,1.0,2.7610114e-10,0.9999999953734974,0.6256702009423681,0.27664654617812273,0.9933071490757153,0.3775406687981454
902,1,0.0,1.0,0.6,1.0,0.0,0.0,1.0,7.7847707e-16,0.9999999956773072,0.5617191682508778,0.20817593972785423,0.9933071490757153,0.3775406687981454
903,1,1.0,1.0,0.6833333333333333,1.0,1.0,1.0,1.0,0.9983242,0.9999999960470023,0.6624266121992636,0.1,0.9933071490757153,0.3775406687981454
904,1,1.0,1.0,0.75,1.0,1.0,1.0,1.0,0.9991165,0.9999999967420145,0.7072868850431433,0.30412481989553225,0.9933071490757153,0.3775406687981454
905,0,1.0,0.9833333333333333,0.8,1.0,0.0,1.0,1.0,7.8897605e-10,0.273715783349436,0.3238838169008963,0.16114433698656416,0.9933071490757153,0.3775406687981454
906,1,1.0,1.0,0.65,1.0,1.0,1.0,1.0,1.0,0.9667313543623882,0.638917226883292,0.9333762744033178,0.9933071490757153,0.3775406687981454
907,1,1.0,1.0,0.7833333333333333,1.0,0.0,0.0,1.0,0.6795584,0.9999999999999062,0.7170772316738406,0.18437972592256952,0.9933071490757153,0.3775406687981454
908,1,0.0,1.0,0.7166666666666667,1.0,0.0,0.0,1.0,6.141159e-08,0.9999999999999659,0.6881700935588541,0.1366345634214531,0.9933071490757153,0.3775406687981454
909,1,0.0,1.0,0.65,1.0,0.0,0.0,1.0,6.942988e-06,0.9999999999999661,0.6188658925517406,0.10415630475293464,0.9933071490757153,0.3775406687981454
910,1,1.0,1.0,0.7166666666666667,1.0,1.0,1.0,1.0,0.9877154,0.999999999999966,0.6990263468756942,0.5644839485710345,0.9933071490757153,0.3775406687981454
911,1,0.0,1.0,0.7666666666666667,1.0,0.0,0.0,1.0,6.925973e-10,0.9999999999992178,0.7056730589200237,0.1,0.9933071490757153,0.3775406687981454
912,1,1.0,1.0,0.7333333333333333,1.0,1.0,1.0,1.0,0.9949464,0.9999999999995318,0.7102373810141499,0.5109585725614436,0.9933071490757153,0.3775406687981454
913,1,0.0,1.0,0.7,1.0,0.0,0.0,1.0,4.5758834e-11,0.9999999999991231,0.6442375653469485,0.1,0.9933071490757153,0.3775406687981454
914,1,1.0,1.0,0.75,1.0,1.0,1.0,1.0,0.99816316,0.9999999999997822,0.7099648441897588,0.5071497708669364,0.9933071490757153,0.3775406687981454
915,1,0.0,1.0,0.7166666666666667,1.0,0.0,0.0,1.0,5.372304e-07,0.9999999999999619,0.6871723471272829,0.11480024488021183,0.9933071490757153,0.3775406687981454
916,1,0.0,1.0,0.6666666666666666,1.0,0.0,0.0,1.0,1.6006281e-11,0.9999999999999695,0.6205490258083426,0.27496586472431495,0.9933071490757153,0.3775406687981454
917,1,1.0,1.0,0.7,1.0,1.0,1.0,1.0,0.9999783,0.9999999999999695,0.6722260104694143,0.8970088173064044,0.9933071490757153,0.3775406687981454
918,1,0.0,1.0,0.75,1.0,0.0,0.0,1.0,4.538219e-16,0.99999999999997,0.710570927327771,0.17080068886426575,0.9933071490757153,0.3775406687981454
919,1,1.0,1.0,0.7166666666666667,1.0,1.0,1.0,1.0,0.99999726,0.99999999999997,0.6845431542881415,0.8533340828467918,0.9933071490757153,0.3775406687981454
920,1,1.0,1.0,0.7666666666666667,1.0,1.0,1.0,1.0,0.9999987,0.99999999999997,0.711089989510713,0.8085864225859531,0.9933071490757153,0.3775406687981454
921,1,1.0,1.0,0.75,1.0,1.0,1.0,1.0,1.0,0.99999999999997,0.7054243375154576,0.1,0.9933071490757153,0.3775406687981454
922,1,1.0,1.0,0.75,1.0,1.0,1.0,1.0,0.99989545,0.99999999999997,0.6893501321269425,0.12747679283028568,0.9933071490757153,0.3775406687981454
923,1,1.0,1.0,0.7,1.0,1.0,1.0,1.0,1.0,0.99999999999997,0.6798575379988411,0.6497258656674201,0.9933071490757153,0.3775406687981454
924,1,1.0,1.0,0.6833333333333333,1.0,1.0,1.0,1.0,0.9999969,0.99999999999997,0.6708041832777893,0.3680588565156962,0.9933071490757153,0.3775406687981454
925,1,0.0,1.0,0.6,1.0,0.0,0.0,1.0,1.1779305e-05,0.99999999999997,0.6008223464098906,0.12260818452328007,0.9933071490757153,0.3775406687981454
926,1,0.0,1.0,0.75,1.0,0.0,0.0,1.0,4.0193294e-07,0.99999999999997,0.7116317112031546,0.15939586521311994,0.9933071490757153,0.3775406687981454
927,0,1.0,0.9833333333333333,0.7333333333333333,1.0,0.0,0.0,1.0,6.9292364e-05,0.3163714651555144,0.3375628062165356,0.5117625352523859,0.9933071490757153,0.3775406687981454
928,0,1.0,1.0,0.7166666666666667,1.0,0.0,0.0,1.0,0.2929669,0.004736358480450977,0.2347420482764096,0.30709718501167166,0.9933071490757153,0.3775406687981454
929,1,1.0,1.0,0.8,1.0,1.0,1.0,1.0,0.9999999,0.9995677415165244,0.7853413333217234,0.9711033122432401,0.9933071490757153,0.3775406687981454
930,1,1.0,1.0,0.7166666666666667,1.0,1.0,1.0,1.0,0.98851216,0.9999999999999275,0.7134703961207937,0.9390602784989268,0.9933071490757153,0.3775406687981454
931,1,0.0,1.0,0.8,1.0,0.0,0.0,1.0,9.238804e-13,0.999999999999932,0.7933989904685432,0.1,0.9933071490757153,0.3775406687981454
932,1,0.0,1.0,0.7833333333333333,1.0,0.0,0.0,1.0,9.82165e-05,0.999999999999911,0.775486430660711,0.10541103509512742,0.9933071490757153,0.3775406687981454
933,1,1.0,1.0,0.65,1.0,1.0,1.0,1.0,0.91370314,0.999999999999787,0.6546243126047361,0.3976768831836306,0.9933071490757153,0.3775406687981454
934,1,1.0,1.0,0.7166666666666667,1.0,0.0,1.0,1.0,0.7841659,0.9999999999999163,0.722033367506885,0.8782611683730209,0.9933071490757153,0.3775406687981454
935,1,0.0,1.0,0.6666666666666666,1.0,0.0,0.0,1.0,1.3790774e-08,0.9999999999999102,0.6816599568820563,0.1,0.9933071490757153,0.3775406687981454
936,1,1.0,1.0,0.65,1.0,1.0,1.0,1.0,0.9999807,0.9999999999999605,0.6638805188900488,0.13254238954295897,0.9933071490757153,0.3775406687981454
937,1,1.0,1.0,0.65,1.0,1.0,1.0,1.0,1.0,0.9999999999999442,0.6493964157377378,0.1,0.9933071490757153,0.3775406687981454
938,1,1.0,1.0,0.7666666666666667,1.0,1.0,1.0,1.0,1.0,0.9999999999999195,0.754870710467928,0.6693840510921051,0.9933071490757153,0.3775406687981454
939,1,0.0,1.0,0.7666666666666667,1.0,0.0,0.0,1.0,5.774856e-15,0.9999999999999362,0.7617727887195305,0.1,0.9933071490757153,0.3775406687981454
940,1,1.0,1.0,0.7166666666666667,1.0,1.0,1.0,1.0,1.0,0.999999999999936,0.7142656339849691,0.939478247880339,0.9933071490757153,0.3775406687981454
941,1,0.0,1.0,0.6666666666666666,1.0,0.0,0.0,1.0,2.2240744e-12,0.9999999999998744,0.6814525133816595,0.10702353502596525,0.9933071490757153,0.3775406687981454
942,1,0.0,1.0,0.6833333333333333,1.0,0.0,0.0,1.0,1.5853141e-12,0.9999999999999432,0.6953155822339825,0.3979947092687079,0.9933071490757153,0.3775406687981454
943,1,1.0,1.0,0.7333333333333333,1.0,1.0,1.0,1.0,0.8602761,0.9999999999999399,0.7244254312155263,0.13288092514967986,0.9933071490757153,0.3775406687981454
944,1,1.0,1.0,0.7166666666666667,1.0,1.0,1.0,1.0,0.9999908,0.9999999999999626,0.7210762286409957,0.16674502601097108,0.9933071490757153,0.3775406687981454
945,1,1.0,1.0,0.7333333333333333,1.0,1.0,1.0,1.0,0.95319146,0.99999999999997,0.7398126224656518,0.1,0.9933071490757153,0.3775406687981454
946,1,0.0,1.0,0.6666666666666666,1.0,0.0,0.0,1.0,2.7932888e-06,0.99999999999997,0.6739881640692865,0.13471862933665552,0.9933071490757153,0.3775406687981454
947,1,1.0,1.0,0.7333333333333333,1.0,1.0,1.0,1.0,0.99708986,0.99999999999997,0.7310509598845538,0.10900306994213574,0.9933071490757153,0.3775406687981454
948,1,0.0,1.0,0.7333333333333333,1.0,0.0,0.0,1.0,0.27001923,0.99999999999997,0.7363364685104635,0.836121259323154,0.9933071490757153,0.3775406687981454
949,1,0.0,1.0,0.6333333333333333,1.0,0.0,0.0,1.0,7.23958e-05,0.99999999999997,0.6447287651135254,0.21248047787550267,0.9933071490757153,0.3775406687981454
950,1,1.0,1.0,0.6833333333333333,1.0,1.0,1.0,1.0,1.0,0.99999999999997,0.6889855166836961,0.981060380707262,0.9933071490757153,0.3775406687981454
951,1,1.0,1.0,0.6833333333333333,1.0,1.0,1.0,1.0,0.9375364,0.9999999999999684,0.6975055777358097,0.1,0.9933071490757153,0.3775406687981454
952,1,1.0,1.0,0.75,1.0,1.0,1.0,1.0,0.9867954,0.9999999999999402,0.7485128360668577,0.1363418853158512,0.9933071490757153,0.3775406687981454
953,1,1.0,1.0,0.75,1.0,1.0,1.0,1.0,0.9999975,0.9999999999999607,0.738657856778016,0.9370733406250769,0.9933071490757153,0.3775406687981454
954,1,1.0,1.0,0.7,1.0,1.0,1.0,1.0,0.99999976,0.9999999999998852,0.7037469576943225,0.8888794307675986,0.9933071490757153,0.3775406687981454
955,1,1.0,1.0,0.7166666666666667,1.0,1.0,1.0,1.0,0.9998677,0.9999999999999308,0.7212325335179367,0.9932536525852563,0.9933071490757153,0.3775406687981454
956,1,1.0,1.0,0.7666666666666667,1.0,1.0,1.0,1.0,0.9999957,0.999999999999964,0.7638176020405698,0.23051503964686818,0.9933071490757153,0.3775406687981454
957,1,0.0,1.0,0.7166666666666667,1.0,0.0,0.0,1.0,1.162545e-08,0.9999999999999675,0.7139942004021776,0.10818142366425879,0.9933071490757153,0.3775406687981454
958,1,0.0,1.0,0.6833333333333333,1.0,0.0,0.0,1.0,0.0001609118,0.9999999999999684,0.6918936083789295,0.16993070397417612,0.9933071490757153,0.3775406687981454
959,1,0.0,1.0,0.8666666666666667,1.0,0.0,0.0,1.0,0.1502175,0.9999999999999679,0.8508952355502442,0.5732153697769666,0.9933071490757153,0.3775406687981454
960,1,1.0,1.0,0.7833333333333333,1.0,1.0,1.0,1.0,0.81328654,0.999999999999947,0.7849580606423233,0.7288514492184529,0.9933071490757153,0.3775406687981454
961,1,1.0,1.0,0.6666666666666666,1.0,1.0,1.0,1.0,0.99660194,0.9999999999999323,0.6714347989699093,0.9835221947838957,0.9933071490757153,0.3775406687981454
962,1,1.0,1.0,0.75,1.0,1.0,1.0,1.0,1.0,0.9999999999996791,0.7472740294626098,0.1,0.9933071490757153,0.3775406687981454
963,1,0.0,1.0,0.7,1.0,0.0,0.0,1.0,0.001378973,0.9999999999997846,0.7051252025386948,0.3165495873833912,0.9933071490757153,0.3775406687981454
964,1,1.0,1.0,0.7166666666666667,1.0,1.0,1.0,1.0,0.81328654,0.9999999999998584,0.714989819759672,0.7288514492184529,0.9933071490757153,0.3775406687981454
965,1,1.0,1.0,0.7666666666666667,1.0,1.0,1.0,1.0,1.0,0.9999999999998737,0.7633194756644719,0.1,0.9933071490757153,0.3775406687981454
966,1,0.0,1.0,0.6833333333333333,1.0,0.0,0.0,1.0,3.1072946e-06,0.9999999999999685,0.694261708058622,0.1,0.9933071490757153,0.3775406687981454
967,1,1.0,1.0,0.7333333333333333,1.0,1.0,1.0,1.0,1.0,0.9999999999999699,0.7402621282352275,0.8080056088242598,0.9933071490757153,0.3775406687981454
968,1,0.0,0.95,0.7,1.0,0.0,0.0,1.0,2.91776e-07,0.8220066185686922,0.5919828407491128,0.1385622818730696,0.9933071490757153,0.3775406687981454
969,1,0.0,1.0,0.8333333333333334,1.0,0.0,0.0,1.0,9.29788e-14,0.9999999200018959,0.7691815078027986,0.1,0.9933071490757153,0.3775406687981454
970,1,1.0,1.0,0.7666666666666667,1.0,1.0,1.0,1.0,0.99999976,0.999999809708502,0.7397486614648698,0.7820307986223546,0.9933071490757153,0.3775406687981454
971,1,0.0,1.0,0.7333333333333333,1.0,0.0,0.0,1.0,0.00012775492,0.9999998778699737,0.6906406099053467,0.14812261395964071,0.9933071490757153,0.3775406687981454
972,1,1.0,1.0,0.6333333333333333,1.0,1.0,1.0,1.0,1.0,0.9999999479821167,0.6039849786392185,0.9692670512667594,0.9933071490757153,0.3775406687981454
973,1,0.0,1.0,0.7833333333333333,1.0,0.0,0.0,1.0,0.00076734764,0.999999951335225,0.708911438601685,0.13630758814205332,0.9933071490757153,0.3775406687981454
974,1,1.0,1.0,0.7666666666666667,1.0,1.0,1.0,1.0,0.90499103,0.9999999125280581,0.7308379464562265,0.9845419197050451,0.9933071490757153,0.3775406687981454
975,1,1.0,1.0,0.6833333333333333,1.0,1.0,1.0,1.0,1.0,0.9999998969999481,0.6621297119282017,0.9873682488131492,0.9933071490757153,0.3775406687981454
976,1,0.0,1.0,0.7833333333333333,1.0,0.0,0.0,1.0,2.93018e-11,0.9999999110475959,0.7602722687381196,0.1,0.9933071490757153,0.3775406687981454
977,1,1.0,1.0,0.65,1.0,1.0,1.0,1.0,0.99999833,0.9999999359509908,0.6215074288547348,0.9870949518316008,0.9933071490757153,0.3775406687981454
978,1,1.0,1.0,0.8333333333333334,1.0,1.0,1.0,1.0,1.0,0.9999998508474877,0.7713017521057719,0.1,0.9933071490757153,0.3775406687981454
979,1,0.0,1.0,0.6666666666666666,1.0,0.0,0.0,1.0,1.0023421e-13,0.9999998445826053,0.6374072174211894,0.1958566179893897,0.9933071490757153,0.3775406687981454
980,1,1.0,1.0,0.6666666666666666,1.0,1.0,1.0,1.0,0.9999989,0.9999998756741173,0.6429521619743445,0.7864831794587959,0.9933071490757153,0.3775406687981454
981,1,0.0,1.0,0.6833333333333333,1.0,0.0,0.0,1.0,1.1414519e-08,0.9999999165042043,0.6487284807480399,0.1,0.9933071490757153,0.3775406687981454
982,1,0.0,1.0,0.8166666666666667,1.0,0.0,0.0,1.0,7.678831e-15,0.9999999359555234,0.7798748201167272,0.1,0.9933071490757153,0.3775406687981454
983,1,1.0,1.0,0.75,1.0,1.0,1.0,1.0,0.9921921,0.999999927672786,0.7254423660703561,0.36060393919533373,0.9933071490757153,0.3775406687981454
984,1,1.0,1.0,0.6833333333333333,1.0,1.0,1.0,1.0,0.9999832,0.9999999074336732,0.6463523500825196,0.8734990711950188,0.9933071490757153,0.3775406687981454
985,1,1.0,1.0,0.6833333333333333,1.0,1.0,1.0,1.0,0.999894,0.9999999304988918,0.6663355240524831,0.8636017850124371,0.9933071490757153,0.3775406687981454
986,1,0.0,1.0,0.6333333333333333,1.0,0.0,0.0,1.0,0.039956607,0.9999998813265757,0.6086288999932647,0.1,0.9933071490757153,0.3775406687981454
987,1,1.0,1.0,0.75,1.0,1.0,1.0,1.0,0.9995441,0.9999999176432071,0.6939046028669942,0.9639879010008482,0.9933071490757153,0.3775406687981454
988,1,1.0,1.0,0.65,1.0,1.0,1.0,1.0,0.9937338,0.9999999608722938,0.6281457453182573,0.536077839849179,0.9933071490757153,0.3775406687981454
989,1,0.0,1.0,0.7333333333333333,1.0,0.0,0.0,1.0,7.491212e-12,0.9999999300797181,0.6835847348741708,0.5549181182471378,0.9933071490757153,0.3775406687981454
990,1,0.0,1.0,0.7333333333333333,1.0,0.0,0.0,1.0,4.131037e-05,0.9999998754995109,0.716424030651431,0.1,0.9933071490757153,0.3775406687981454
991,1,0.0,1.0,0.65,1.0,0.0,0.0,1.0,7.678831e-15,0.9999998396691908,0.6332380088962555,0.1,0.9933071490757153,0.3775406687981454
992,1,1.0,1.0,0.65,1.0,1.0,1.0,1.0,0.99999964,0.9999998359314024,0.5976549519109607,0.9877863789922213,0.9933071490757153,0.3775406687981454
993,1,0.0,1.0,0.7166666666666667,1.0,0.0,0.0,1.0,0.060270805,0.9999998863390004,0.6805271421425495,0.16144456561231027,0.9933071490757153,0.3775406687981454
994,1,1.0,1.0,0.7666666666666667,1.0,1.0,1.0,1.0,0.99998164,0.9999998140235633,0.7323927104798694,0.6614348705252727,0.9933071490757153,0.3775406687981454
995,1,1.0,1.0,0.7333333333333333,1.0,1.0,1.0,1.0,0.99999833,0.9999998195520424,0.6816534983844705,0.9662934290334558,0.9933071490757153,0.3775406687981454
996,1,1.0,1.0,0.7833333333333333,1.0,1.0,1.0,1.0,0.9999999,0.999999796880598,0.7491967244167851,0.6877821196884998,0.9933071490757153,0.3775406687981454
997,1,1.0,1.0,0.7833333333333333,1.0,1.0,1.0,1.0,0.9999994,0.9999998439601784,0.7446036646794624,0.9560977641416668,0.9933071490757153,0.3775406687981454
998,1,0.0,1.0,0.6,1.0,0.0,0.0,1.0,3.7601958e-14,0.9999998022285304,0.5808246994772551,0.1,0.9933071490757153,0.3775406687981454
999,1,1.0,1.0,0.75,1.0,0.0,0.0,1.0,0.50169355,0.9999996671357063,0.7052325717388244,0.1,0.9933071490757153,0.3775406687981454
1000,1,1.0,1.0,0.7,1.0,1.0,1.0,1.0,1.0,0.9999994407584505,0.6691385117024857,0.9581227420858909,0.9933071490757153,0.3775406687981454
1001,1,1.0,1.0,0.65,1.0,1.0,1.0,1.0,0.9999832,0.9999996598037354,0.6191353657946002,0.8734990711950188,0.9933071490757153,0.3775406687981454
1002,1,1.0,1.0,0.7166666666666667,1.0,1.0,1.0,1.0,0.999252,0.9999997434397838,0.685204970699864,0.16111822498829803,0.9933071490757153,0.3775406687981454
1003,1,1.0,1.0,0.7,1.0,1.0,1.0,1.0,0.95631635,0.9999997306221851,0.6490757241651478,0.8886582351058623,0.9933071490757153,0.3775406687981454
1004,1,1.0,1.0,0.6666666666666666,1.0,1.0,1.0,1.0,1.0,0.9999997625032118,0.6428903685555922,0.8045312074944478,0.9933071490757153,0.3775406687981454
1005,1,1.0,1.0,0.7166666666666667,1.0,1.0,1.0,1.0,1.0,0.999999774757493,0.6922658403950588,0.9147058484957324,0.9933071490757153,0.3775406687981454
1006,1,1.0,1.0,0.7666666666666667,1.0,1.0,1.0,1.0,0.99997497,0.9999998038454357,0.7122961002432314,0.7859768829308522,0.9933071490757153,0.3775406687981454
1007,1,0.0,1.0,0.7666666666666667,1.0,0.0,0.0,1.0,2.012806e-11,0.9999997713950207,0.7172104951353513,0.10859078113444287,0.9933071490757153,0.3775406687981454
