win_idx,label,acc_v,acc_m,acc_u,acc_mv,acc_ds_eq,acc_ds_static,acc_ours,P_v,P_m,P_u,w_v,w_m,w_u
0,0,1.0,0.0,1.0,1.0,0.0,0.0,1.0,2.2862873e-11,0.9999369951708681,0.017981851275246024,0.9981243980711986,0.9933071490757153,0.9890130573694068
1,0,1.0,0.45,1.0,1.0,0.0,1.0,1.0,6.63057e-08,0.5131771815252716,0.017994302513319713,0.9989697674119054,0.9933071490757153,0.9890130573694068
2,0,1.0,1.0,1.0,1.0,1.0,1.0,1.0,0.101996884,0.01758839692867861,0.018019782013481252,0.9949203724076301,0.9933071490757153,0.9890130573694068
3,0,1.0,1.0,1.0,1.0,1.0,1.0,1.0,5.204584e-07,0.005782125293349348,0.01802178396796809,0.995089026466219,0.9933071490757153,0.9890130573694068
4,0,1.0,1.0,1.0,1.0,1.0,1.0,1.0,1.002682e-14,0.003286371443817616,0.01803911198427095,0.997773604373335,0.9933071490757153,0.9890130573694068
5,0,1.0,1.0,1.0,1.0,1.0,1.0,1.0,1.9297019e-08,0.004506836772717719,0.018005495037803475,0.9976896137688731,0.9933071490757153,0.9890130573694068
6,0,1.0,1.0,1.0,1.0,1.0,1.0,1.0,9.443865e-11,0.004632238461744779,0.01797886777573624,0.9990053344884574,0.9933071490757153,0.9890130573694068
7,0,1.0,1.0,1.0,1.0,1.0,1.0,1.0,1.2128203e-07,0.004411076988265138,0.018004723675923637,0.9938498234649357,0.9933071490757153,0.9890130573694068
8,0,1.0,1.0,1.0,1.0,1.0,1.0,1.0,6.0320206e-13,0.0036719234196883202,0.017940822850176653,0.9992228857414609,0.9933071490757153,0.9890130573694068
9,0,1.0,1.0,1.0,1.0,1.0,1.0,1.0,4.3131754e-10,0.003981129890046085,0.01799681571846559,0.9999629775814081,0.9933071490757153,0.9890130573694068
10,0,1.0,1.0,1.0,1.0,1.0,1.0,1.0,2.9420555e-09,0.0044178745073375925,0.01794094133605305,0.9975517672615839,0.9933071490757153,0.9890130573694068
11,0,1.0,1.0,1.0,1.0,1.0,1.0,1.0,1.0130706e-10,0.0036568224509235495,0.017988460498475377,0.9210911024844174,0.9933071490757153,0.9890130573694068
12,0,1.0,1.0,1.0,1.0,1.0,1.0,1.0,5.0328166e-12,0.0034848136174686953,0.017984777575979525,0.9971366053115113,0.9933071490757153,0.9890130573694068
13,0,1.0,1.0,1.0,1.0,1.0,1.0,1.0,1.5228636e-06,0.0031414705928510204,0.01799059650055754,0.9944773913507834,0.9933071490757153,0.9890130573694068
14,0,1.0,1.0,1.0,1.0,1.0,1.0,1.0,0.00046512013,0.00523768576542698,0.01794502310618066,0.9962567110645182,0.9933071490757153,0.9890130573694068
15,0,1.0,1.0,1.0,1.0,1.0,1.0,1.0,2.4379879e-05,0.004178700442156044,0.01799026942246564,0.863349830276401,0.9933071490757153,0.9890130573694068
16,0,0.0,1.0,1.0,1.0,0.0,0.0,1.0,0.9470502,0.004199093442728579,0.018005010443025493,0.9969701184351536,0.9933071490757153,0.9890130573694068
17,0,1.0,1.0,1.0,1.0,1.0,1.0,1.0,1.5845124e-09,0.004196012781664228,0.017972343043211176,0.9977643406632561,0.9933071490757153,0.9890130573694068
18,0,1.0,1.0,1.0,1.0,1.0,1.0,1.0,7.123883e-12,0.00458715371128171,0.018018961715800693,0.9384416007177884,0.9933071490757153,0.9890130573694068
19,0,1.0,1.0,1.0,1.0,1.0,1.0,1.0,8.930678e-13,0.0052074340421027245,0.01800667044753359,0.9992624191965659,0.9933071490757153,0.9890130573694068
20,0,1.0,1.0,1.0,1.0,1.0,1.0,1.0,3.0287807e-11,0.0045849353350972755,0.018002257526974576,0.9987269915114377,0.9933071490757153,0.9890130573694068
21,0,1.0,1.0,1.0,1.0,1.0,1.0,1.0,2.17858e-11,0.004616296555076188,0.01802448282429114,0.6124602581392218,0.9933071490757153,0.9890130573694068
22,0,1.0,1.0,1.0,1.0,1.0,1.0,1.0,0.0009685895,0.004080591265378201,0.017984787660727232,0.9940552882031537,0.9933071490757153,0.9890130573694068
23,0,1.0,1.0,1.0,1.0,1.0,1.0,1.0,8.056608e-11,0.004365563866868402,0.017972756043825845,0.9998727171931,0.9933071490757153,0.9890130573694068
24,0,1.0,1.0,1.0,1.0,1.0,1.0,1.0,5.209144e-11,0.005673980020020377,0.017984408898997946,0.9989851702585082,0.9933071490757153,0.9890130573694068
25,0,1.0,1.0,1.0,1.0,1.0,1.0,1.0,0.0007418377,0.005876268151250153,0.01796739287777648,0.9979096703880043,0.9933071490757153,0.9890130573694068
26,0,1.0,1.0,1.0,1.0,1.0,1.0,1.0,1.4350312e-12,0.004450697547289428,0.017962144708234637,0.9995000491186564,0.9933071490757153,0.9890130573694068
27,0,1.0,1.0,1.0,1.0,1.0,1.0,1.0,7.574262e-14,0.005462497749794221,0.017969762119495653,0.8686148210154644,0.9933071490757153,0.9890130573694068
28,0,1.0,1.0,1.0,1.0,1.0,1.0,1.0,1.4350312e-12,0.004848598162997703,0.01793550630186618,0.9995000491186564,0.9933071490757153,0.9890130573694068
29,0,1.0,1.0,1.0,1.0,1.0,1.0,1.0,7.380884e-08,0.003855514768702143,0.017966909987391137,0.9886473111650002,0.9933071490757153,0.9890130573694068
30,0,1.0,1.0,1.0,1.0,1.0,1.0,1.0,3.1385766e-13,0.0036960028857186892,0.017964175633348848,0.9999645322527106,0.9933071490757153,0.9890130573694068
31,0,1.0,1.0,1.0,1.0,1.0,1.0,1.0,0.000121736295,0.003707429068323597,0.018007268713297046,0.9417203491157764,0.9933071490757153,0.9890130573694068
32,0,1.0,1.0,1.0,1.0,1.0,1.0,1.0,5.4541138e-06,0.004316187969360375,0.017970138939704824,0.9561866473815563,0.9933071490757153,0.9890130573694068
33,0,1.0,1.0,1.0,1.0,1.0,1.0,1.0,2.5808145e-05,0.0035345145901239028,0.017982016810399005,0.8402784878844853,0.9933071490757153,0.9890130573694068
34,0,1.0,1.0,1.0,1.0,1.0,1.0,1.0,7.100475e-07,0.004194127250081279,0.017974827793682334,0.9787355161457602,0.9933071490757153,0.9890130573694068
35,0,1.0,1.0,1.0,1.0,0.0,1.0,1.0,1.0330953e-13,0.235637486919183,0.24076380865913002,0.9944626925641986,0.9933071490757153,0.9890130573694068
36,1,1.0,1.0,1.0,1.0,1.0,1.0,1.0,1.0,0.99999999999997,0.9729200502841427,0.9409100867230761,0.9933071490757153,0.9890130573694068
37,1,1.0,1.0,1.0,1.0,1.0,1.0,1.0,1.0,0.99999999999997,0.97299228257394,0.9981522710939138,0.9933071490757153,0.9890130573694068
38,1,1.0,1.0,1.0,1.0,1.0,1.0,1.0,1.0,0.99999999999997,0.9729616479009142,0.8974429012862986,0.9933071490757153,0.9890130573694068
39,1,1.0,1.0,1.0,1.0,1.0,1.0,1.0,1.0,0.99999999999997,0.9730005328837346,0.9072925059983022,0.9933071490757153,0.9890130573694068
40,1,1.0,1.0,1.0,1.0,1.0,1.0,1.0,0.99999845,0.99999999999997,0.9729129229852072,0.9990832502990729,0.9933071490757153,0.9890130573694068
41,1,1.0,1.0,1.0,1.0,1.0,1.0,1.0,1.0,0.99999999999997,0.9729941634866398,0.9503783446684738,0.9933071490757153,0.9890130573694068
42,1,1.0,1.0,1.0,1.0,1.0,1.0,1.0,0.99956864,0.99999999999997,0.9728844806751412,0.9800274578894133,0.9933071490757153,0.9890130573694068
43,1,1.0,1.0,1.0,1.0,1.0,1.0,1.0,0.9866621,0.99999999999997,0.9729831903522803,0.996356961904783,0.9933071490757153,0.9890130573694068
44,1,1.0,1.0,1.0,1.0,1.0,1.0,1.0,0.9344753,0.99999999999997,0.9729469681111343,0.9994521146853734,0.9933071490757153,0.9890130573694068
45,1,1.0,1.0,1.0,1.0,1.0,1.0,1.0,1.0,0.99999999999997,0.9729932307863203,0.9762129978175753,0.9933071490757153,0.9890130573694068
46,1,1.0,1.0,1.0,1.0,1.0,1.0,1.0,1.0,0.99999999999997,0.972960925643371,0.9944629846456164,0.9933071490757153,0.9890130573694068
47,1,1.0,1.0,1.0,1.0,1.0,1.0,1.0,1.0,0.99999999999997,0.9729666651137703,0.9993932485049729,0.9933071490757153,0.9890130573694068
48,1,1.0,1.0,1.0,1.0,1.0,1.0,1.0,1.0,0.99999999999997,0.9729552599372493,0.9906087408078527,0.9933071490757153,0.9890130573694068
49,1,1.0,1.0,1.0,1.0,1.0,1.0,1.0,0.9999989,0.99999999999997,0.972975564478001,0.9981671179996457,0.9933071490757153,0.9890130573694068
50,1,1.0,1.0,1.0,1.0,1.0,1.0,1.0,1.0,0.99999999999997,0.9729145977693151,0.9832106537164823,0.9933071490757153,0.9890130573694068
51,1,1.0,1.0,1.0,1.0,1.0,1.0,1.0,0.9999999,0.99999999999997,0.9729458850899632,0.8652812347798913,0.9933071490757153,0.9890130573694068
52,1,1.0,1.0,1.0,1.0,1.0,1.0,1.0,0.99996686,0.99999999999997,0.9729884367634639,0.9848579002532036,0.9933071490757153,0.9890130573694068
53,1,1.0,1.0,1.0,1.0,1.0,1.0,1.0,1.0,0.99999999999997,0.9729882068968603,0.9997872816964565,0.9933071490757153,0.9890130573694068
54,1,1.0,1.0,1.0,1.0,1.0,1.0,1.0,0.9993352,0.99999999999997,0.9729606882241932,0.9748739174979452,0.9933071490757153,0.9890130573694068
55,1,1.0,1.0,1.0,1.0,1.0,1.0,1.0,1.0,0.99999999999997,0.9730035254727489,0.9995018187786445,0.9933071490757153,0.9890130573694068
56,1,1.0,1.0,1.0,1.0,1.0,1.0,1.0,1.0,0.99999999999997,0.972993636567693,0.9171058313760776,0.9933071490757153,0.9890130573694068
57,1,1.0,1.0,1.0,1.0,1.0,1.0,1.0,0.99996245,0.9999999999999681,0.9730248453395437,0.9993071863799787,0.9933071490757153,0.9890130573694068
58,1,1.0,1.0,1.0,1.0,1.0,1.0,1.0,0.9999869,0.9999999999999024,0.9729508005643179,0.9747160573614366,0.9933071490757153,0.9890130573694068
59,1,1.0,1.0,1.0,1.0,1.0,1.0,1.0,0.99924254,0.999999999999923,0.9728738237544626,0.9985192374703561,0.9933071490757153,0.9890130573694068
60,1,1.0,1.0,1.0,1.0,1.0,1.0,1.0,0.9999994,0.999999999999968,0.9729299381817107,0.9965733045388574,0.9933071490757153,0.9890130573694068
61,1,1.0,1.0,1.0,1.0,1.0,1.0,1.0,1.0,0.999999999999969,0.9729408964986153,0.9846660731489878,0.9933071490757153,0.9890130573694068
62,1,1.0,1.0,1.0,1.0,1.0,1.0,1.0,1.0,0.9999999999999611,0.972895229344046,0.4836659450397039,0.9933071490757153,0.9890130573694068
63,1,1.0,1.0,1.0,1.0,1.0,1.0,1.0,0.9999317,0.9999999999999657,0.9729354456448915,0.9991593409317873,0.9933071490757153,0.9890130573694068
64,1,1.0,1.0,1.0,1.0,1.0,1.0,1.0,0.9999982,0.9999999999999695,0.9729282719481298,0.9761928213169195,0.9933071490757153,0.9890130573694068
65,1,1.0,1.0,1.0,1.0,1.0,1.0,1.0,1.0,0.99999999999997,0.972950526769608,0.9980476927783568,0.9933071490757153,0.9890130573694068
66,1,1.0,1.0,1.0,1.0,1.0,1.0,1.0,0.9999945,0.99999999999997,0.9729725140684561,0.7287134079460807,0.9933071490757153,0.9890130573694068
67,1,1.0,1.0,1.0,1.0,1.0,1.0,1.0,0.9999995,0.99999999999997,0.9730462590361199,0.9616551689529641,0.9933071490757153,0.9890130573694068
68,1,1.0,1.0,1.0,1.0,1.0,1.0,1.0,0.99999976,0.99999999999997,0.9730165834378232,0.9115710946153217,0.9933071490757153,0.9890130573694068
69,1,1.0,1.0,1.0,1.0,1.0,1.0,1.0,0.9951102,0.99999999999997,0.9729814330264865,0.9998639121269547,0.9933071490757153,0.9890130573694068
70,1,1.0,1.0,1.0,1.0,1.0,1.0,1.0,1.0,0.99999999999997,0.9729135047912719,0.9368355682767364,0.9933071490757153,0.9890130573694068
71,1,1.0,1.0,1.0,1.0,1.0,1.0,1.0,0.99999106,0.99999999999997,0.9729366737885894,0.9989421512251961,0.9933071490757153,0.9890130573694068
72,1,1.0,1.0,1.0,1.0,1.0,1.0,1.0,1.0,0.99999999999997,0.9729514193393568,0.9987856151845251,0.9933071490757153,0.9890130573694068
73,1,1.0,1.0,1.0,1.0,1.0,1.0,1.0,1.0,0.99999999999997,0.9730352056573403,0.9997803300375719,0.9933071490757153,0.9890130573694068
74,1,1.0,1.0,1.0,1.0,1.0,1.0,1.0,1.0,0.99999999999997,0.9728952165953436,0.9601301543289079,0.9933071490757153,0.9890130573694068
75,1,1.0,1.0,1.0,1.0,1.0,1.0,1.0,1.0,0.99999999999997,0.9729591579043172,0.9995621995095887,0.9933071490757153,0.9890130573694068
76,1,1.0,1.0,1.0,1.0,1.0,1.0,1.0,1.0,0.99999999999997,0.9729112604331677,0.9754186845194424,0.9933071490757153,0.9890130573694068
77,1,1.0,1.0,1.0,1.0,1.0,1.0,1.0,0.99999774,0.99999999999997,0.9729050867780912,0.9477928356614579,0.9933071490757153,0.9890130573694068
78,1,1.0,1.0,1.0,1.0,1.0,1.0,1.0,0.99978083,0.99999999999997,0.9729946484897986,0.9828918036425334,0.9933071490757153,0.9890130573694068
79,1,1.0,1.0,1.0,1.0,1.0,1.0,1.0,1.0,0.99999999999997,0.9729527669435398,0.9929601146612378,0.9933071490757153,0.9890130573694068
80,1,1.0,1.0,1.0,1.0,1.0,1.0,1.0,1.0,0.99999999999997,0.9729801233546959,0.9906978050092029,0.9933071490757153,0.9890130573694068
81,1,1.0,1.0,1.0,1.0,1.0,1.0,1.0,0.99999976,0.99999999999997,0.9729876605796771,0.9703631330630295,0.9933071490757153,0.9890130573694068
82,1,1.0,1.0,1.0,1.0,1.0,1.0,1.0,1.0,0.99999999999997,0.972980691736802,0.984560492979323,0.9933071490757153,0.9890130573694068
83,1,1.0,1.0,1.0,1.0,1.0,1.0,1.0,1.0,0.99999999999997,0.9729861707186536,0.999600625903462,0.9933071490757153,0.9890130573694068
84,1,1.0,1.0,1.0,1.0,1.0,1.0,1.0,0.9999993,0.99999999999997,0.9730367532969307,0.9968474743923036,0.9933071490757153,0.9890130573694068
85,1,1.0,1.0,1.0,1.0,1.0,1.0,1.0,0.9997571,0.99999999999997,0.9730406882812083,0.9276566667466671,0.9933071490757153,0.9890130573694068
86,1,1.0,1.0,1.0,1.0,1.0,1.0,1.0,1.0,0.99999999999997,0.9730286389441986,0.875600586281366,0.9933071490757153,0.9890130573694068
87,1,1.0,1.0,1.0,1.0,1.0,1.0,1.0,1.0,0.99999999999997,0.9728996398878161,0.953540421649482,0.9933071490757153,0.9890130573694068
88,1,1.0,1.0,1.0,1.0,1.0,1.0,1.0,1.0,0.99999999999997,0.972936731928385,0.9969257462309553,0.9933071490757153,0.9890130573694068
89,1,1.0,1.0,1.0,1.0,1.0,1.0,1.0,1.0,0.99999999999997,0.9730102945072808,0.9996242969765596,0.9933071490757153,0.9890130573694068
90,1,1.0,1.0,1.0,1.0,1.0,1.0,1.0,0.98029023,0.99999999999997,0.9729977958601724,0.999864722282681,0.9933071490757153,0.9890130573694068
91,1,1.0,1.0,1.0,1.0,1.0,1.0,1.0,0.99999964,0.99999999999997,0.9729644934044769,0.9979356050469235,0.9933071490757153,0.9890130573694068
92,1,1.0,1.0,1.0,1.0,1.0,1.0,1.0,0.99999976,0.99999999999997,0.972972722839487,0.9678897580837077,0.9933071490757153,0.9890130573694068
93,1,1.0,1.0,1.0,1.0,1.0,1.0,1.0,1.0,0.99999999999997,0.9729353282181644,0.9947963100242637,0.9933071490757153,0.9890130573694068
94,1,1.0,1.0,1.0,1.0,1.0,1.0,1.0,0.99909043,0.99999999999997,0.9729912787937026,0.9267641762667997,0.9933071490757153,0.9890130573694068
95,1,1.0,1.0,1.0,1.0,1.0,1.0,1.0,1.0,0.99999999999997,0.9730223877373055,0.9915251274907846,0.9933071490757153,0.9890130573694068
96,1,1.0,1.0,1.0,1.0,1.0,1.0,1.0,1.0,0.99999999999997,0.9729644616329945,0.7411985141936639,0.9933071490757153,0.9890130573694068
97,1,1.0,1.0,1.0,1.0,1.0,1.0,1.0,1.0,0.99999999999997,0.9730019282082469,0.9999164058215615,0.9933071490757153,0.9890130573694068
98,1,1.0,1.0,1.0,1.0,1.0,1.0,1.0,0.9999995,0.99999999999997,0.9728575033883771,0.9999389138708394,0.9933071490757153,0.9890130573694068
99,1,1.0,1.0,1.0,1.0,1.0,1.0,1.0,0.99846715,0.999999999999928,0.9729849777347194,0.9563257710675098,0.9933071490757153,0.9890130573694068
100,1,1.0,1.0,1.0,1.0,1.0,1.0,1.0,1.0,0.9999999999998793,0.972971694318342,0.999202832985173,0.9933071490757153,0.9890130573694068
101,1,1.0,1.0,1.0,1.0,1.0,1.0,1.0,1.0,0.9999999999997802,0.9729638832002262,0.9889897313430621,0.9933071490757153,0.9890130573694068
102,1,1.0,1.0,1.0,1.0,1.0,1.0,1.0,1.0,0.999999999999865,0.9730274689871049,0.9656694825543433,0.9933071490757153,0.9890130573694068
103,1,1.0,1.0,1.0,1.0,1.0,1.0,1.0,1.0,0.999999999999917,0.9730388441912871,0.9716732917171034,0.9933071490757153,0.9890130573694068
104,1,1.0,1.0,1.0,1.0,1.0,1.0,1.0,1.0,0.9999999999995984,0.9730124749273366,0.963983334901068,0.9933071490757153,0.9890130573694068
105,1,1.0,1.0,1.0,1.0,1.0,1.0,1.0,1.0,0.9999999999995886,0.9729645548201298,0.993185255462296,0.9933071490757153,0.9890130573694068
106,1,1.0,0.9833333333333333,1.0,1.0,1.0,1.0,1.0,0.99999917,0.9407020425099669,0.8955344949136023,0.9228025361256935,0.9933071490757153,0.9890130573694068
107,1,1.0,1.0,1.0,1.0,1.0,1.0,1.0,0.9999999,0.9986706711102077,0.9804646784234965,0.966659758110352,0.9933071490757153,0.9890130573694068
108,1,1.0,1.0,1.0,1.0,1.0,1.0,1.0,0.99942786,0.9977243697939546,0.9804505636305781,0.7877955703325484,0.9933071490757153,0.9890130573694068
109,1,1.0,1.0,1.0,1.0,1.0,1.0,1.0,1.0,0.9864068272399177,0.9804575885012816,0.9754404107408607,0.9933071490757153,0.9890130573694068
110,1,1.0,1.0,1.0,1.0,1.0,1.0,1.0,0.99592495,0.981320512326447,0.9804839051834402,0.9558494990785062,0.9933071490757153,0.9890130573694068
111,1,1.0,1.0,1.0,1.0,1.0,1.0,1.0,0.99950445,0.9709884875789832,0.9804389810018542,0.9977927047320769,0.9933071490757153,0.9890130573694068
112,1,1.0,1.0,1.0,1.0,1.0,1.0,1.0,1.0,0.9577809851648653,0.98044307016465,0.9976547150661391,0.9933071490757153,0.9890130573694068
113,1,1.0,1.0,1.0,1.0,1.0,1.0,1.0,1.0,0.9750674370662921,0.9804479034001332,0.999928678261195,0.9933071490757153,0.9890130573694068
114,1,1.0,1.0,1.0,1.0,1.0,1.0,1.0,1.0,0.9580235053883224,0.9804493571164319,0.9443634466745817,0.9933071490757153,0.9890130573694068
115,1,1.0,1.0,1.0,1.0,1.0,1.0,1.0,0.99999964,0.9389064073045198,0.9804268229551233,0.9979356050469235,0.9933071490757153,0.9890130573694068
116,1,1.0,1.0,1.0,1.0,1.0,1.0,1.0,1.0,0.9720859559235022,0.9804499809543488,0.9475763399486578,0.9933071490757153,0.9890130573694068
117,1,1.0,1.0,1.0,1.0,1.0,1.0,1.0,1.0,0.9890702280793899,0.9804612645523129,0.9994110274828056,0.9933071490757153,0.9890130573694068
118,1,1.0,1.0,1.0,1.0,1.0,1.0,1.0,1.0,0.9939757944902009,0.9804937106435421,0.8850734091184727,0.9933071490757153,0.9890130573694068
119,1,1.0,1.0,1.0,1.0,1.0,1.0,1.0,1.0,0.9946515491370541,0.9804794428021708,0.9985117554357643,0.9933071490757153,0.9890130573694068
120,1,1.0,1.0,1.0,1.0,1.0,1.0,1.0,0.9989341,0.990165855907895,0.9804485075536576,0.9603515077435356,0.9933071490757153,0.9890130573694068
121,1,1.0,1.0,1.0,1.0,1.0,1.0,1.0,0.9999999,0.9895882796828891,0.9804459133292182,0.9957479829237773,0.9933071490757153,0.9890130573694068
122,1,1.0,1.0,1.0,1.0,1.0,1.0,1.0,1.0,0.9941359753368694,0.9804354911934008,0.9951480158457396,0.9933071490757153,0.9890130573694068
123,1,1.0,1.0,1.0,1.0,1.0,1.0,1.0,0.99999976,0.9948677723391857,0.9805197967549599,0.9331994255903383,0.9933071490757153,0.9890130573694068
124,1,1.0,1.0,1.0,1.0,1.0,1.0,1.0,1.0,0.9968228266924438,0.980499682335632,0.9997811453437497,0.9933071490757153,0.9890130573694068
125,1,1.0,1.0,1.0,1.0,1.0,1.0,1.0,0.99999964,0.9977015824898725,0.9804547948246621,0.9941832740151826,0.9933071490757153,0.9890130573694068
126,1,1.0,1.0,1.0,1.0,1.0,1.0,1.0,1.0,0.998358463838222,0.9805113212566651,0.9999360260415421,0.9933071490757153,0.9890130573694068
127,1,1.0,1.0,1.0,1.0,1.0,1.0,1.0,1.0,0.9946883201902351,0.9804529127912108,0.9603330174197002,0.9933071490757153,0.9890130573694068
128,1,1.0,1.0,1.0,1.0,1.0,1.0,1.0,1.0,0.9972750617627884,0.9804757975716744,0.9982457461874501,0.9933071490757153,0.9890130573694068
129,1,1.0,0.7666666666666667,1.0,1.0,1.0,1.0,1.0,1.0,0.9807441521535345,0.7557975745569078,0.9487468089478669,0.9933071490757153,0.9890130573694068
130,0,1.0,0.9166666666666666,1.0,1.0,1.0,1.0,1.0,4.050611e-13,0.16518980485702947,0.017954456642254535,0.9999738674658801,0.9933071490757153,0.9890130573694068
131,0,1.0,1.0,1.0,1.0,1.0,1.0,1.0,2.6567138e-13,0.006461461812994422,0.017933477322127505,0.9994991133216428,0.9933071490757153,0.9890130573694068
132,0,1.0,1.0,1.0,1.0,1.0,1.0,1.0,1.3793542e-11,0.003683041323396327,0.018030443006048547,0.8499248324913039,0.9933071490757153,0.9890130573694068
133,0,1.0,1.0,1.0,1.0,1.0,1.0,1.0,5.774127e-07,0.004510469728645331,0.01795623640529033,0.7392579426704788,0.9933071490757153,0.9890130573694068
134,0,1.0,1.0,1.0,1.0,1.0,1.0,1.0,1.2289132e-09,0.004235472993846795,0.017946743725261314,0.9988158786655417,0.9933071490757153,0.9890130573694068
135,0,1.0,1.0,1.0,1.0,1.0,1.0,1.0,3.1021405e-05,0.0036837390654301315,0.018020213682252716,0.992244658712494,0.9933071490757153,0.9890130573694068
136,0,1.0,1.0,1.0,1.0,1.0,1.0,1.0,8.0980866e-10,0.0038243684815569474,0.01797387374527381,0.9993301334590823,0.9933071490757153,0.9890130573694068
137,0,1.0,1.0,1.0,1.0,1.0,1.0,1.0,6.630535e-15,0.004469163371637425,0.01798511870853914,0.9991791073955166,0.9933071490757153,0.9890130573694068
138,0,1.0,1.0,1.0,1.0,1.0,1.0,1.0,5.268885e-09,0.004573841525759283,0.017939190727247853,0.9982910769361257,0.9933071490757153,0.9890130573694068
139,0,1.0,1.0,1.0,1.0,1.0,1.0,1.0,2.8691318e-13,0.003438136779555709,0.017954061791759377,0.9994399434270754,0.9933071490757153,0.9890130573694068
140,0,1.0,1.0,1.0,1.0,1.0,1.0,1.0,0.00064226025,0.003956195737430516,0.01794948602828044,0.9870152396532511,0.9933071490757153,0.9890130573694068
141,0,1.0,1.0,1.0,1.0,1.0,1.0,1.0,9.4489917e-07,0.006826428827834481,0.017963515098732393,0.9963815096452862,0.9933071490757153,0.9890130573694068
142,0,1.0,1.0,1.0,1.0,1.0,1.0,1.0,6.5322037e-13,0.004923350822782489,0.018009594710493095,0.9890808243106946,0.9933071490757153,0.9890130573694068
143,0,1.0,1.0,1.0,1.0,1.0,1.0,1.0,1.9147617e-08,0.004754255496926496,0.017985257567218124,0.9973191904244734,0.9933071490757153,0.9890130573694068
144,0,1.0,1.0,1.0,1.0,1.0,1.0,1.0,5.0837592e-05,0.004568723390810532,0.018016489682864387,0.9984385426576589,0.9933071490757153,0.9890130573694068
145,0,1.0,1.0,1.0,1.0,1.0,1.0,1.0,4.784603e-15,0.00330435026707985,0.01802096140696951,0.9143710327642477,0.9933071490757153,0.9890130573694068
146,0,1.0,1.0,1.0,1.0,1.0,1.0,1.0,9.515115e-12,0.0035944709171523382,0.017975978919355755,0.9973373582263169,0.9933071490757153,0.9890130573694068
147,0,1.0,1.0,1.0,1.0,1.0,1.0,1.0,0.016915737,0.00454552578167061,0.017999580496400477,0.9758933953255655,0.9933071490757153,0.9890130573694068
148,0,1.0,1.0,1.0,1.0,1.0,1.0,1.0,9.94372e-06,0.004281869620649615,0.01801376349124723,0.998877520952323,0.9933071490757153,0.9890130573694068
149,0,1.0,1.0,1.0,1.0,1.0,1.0,1.0,4.5217034e-14,0.005264527411613223,0.017951122132664928,0.997224489022312,0.9933071490757153,0.9890130573694068
150,0,1.0,1.0,1.0,1.0,1.0,1.0,1.0,2.8237964e-11,0.005008421137102014,0.017992753066345058,0.9987014944203892,0.9933071490757153,0.9890130573694068
151,0,1.0,1.0,1.0,1.0,1.0,1.0,1.0,0.16844767,0.003687450623359053,0.018041381933641524,0.9520628237659403,0.9933071490757153,0.9890130573694068
152,0,1.0,1.0,1.0,1.0,1.0,1.0,1.0,0.0012759393,0.0037720936822956824,0.018010999743781918,0.999319881900865,0.9933071490757153,0.9890130573694068
153,0,1.0,1.0,1.0,1.0,1.0,1.0,1.0,5.5916747e-12,0.00343932954053027,0.01799178409494542,0.9999113816733988,0.9933071490757153,0.9890130573694068
154,0,1.0,1.0,1.0,1.0,1.0,1.0,1.0,3.5195757e-12,0.0044959000340769216,0.01795035365224481,0.9975957472701144,0.9933071490757153,0.9890130573694068
155,0,1.0,1.0,1.0,1.0,1.0,1.0,1.0,1.5368566e-11,0.003506892710064082,0.01797446154816882,0.8699291426676556,0.9933071490757153,0.9890130573694068
156,0,1.0,1.0,1.0,1.0,1.0,0.0,1.0,0.37659,0.0041749516551263756,0.018024919578176635,0.9988807379930776,0.9933071490757153,0.9890130573694068
157,0,1.0,1.0,1.0,1.0,1.0,1.0,1.0,0.0006862862,0.0041407556496993,0.01797781044261266,0.9986341265297964,0.9933071490757153,0.9890130573694068
158,0,1.0,1.0,1.0,1.0,1.0,1.0,1.0,2.5177649e-06,0.003920066171460936,0.017965289689547026,0.9985912499119581,0.9933071490757153,0.9890130573694068
159,0,1.0,1.0,1.0,1.0,1.0,1.0,1.0,1.9998965e-09,0.0031705684737445114,0.01802256637761882,0.9352307642550253,0.9933071490757153,0.9890130573694068
160,0,1.0,1.0,1.0,1.0,1.0,1.0,1.0,9.43027e-12,0.005862383645191008,0.01796948682031267,0.9993141221603339,0.9933071490757153,0.9890130573694068
161,0,1.0,1.0,1.0,1.0,1.0,1.0,1.0,0.00013616924,0.004765644961292365,0.018013175891320996,0.9965751714933145,0.9933071490757153,0.9890130573694068
162,0,1.0,1.0,1.0,1.0,1.0,1.0,1.0,0.0007418377,0.005364260664947864,0.01797867843567349,0.9979096703880043,0.9933071490757153,0.9890130573694068
163,0,1.0,1.0,1.0,1.0,1.0,1.0,1.0,2.9293648e-18,0.004012908903100612,0.01797880307026102,0.668633499333044,0.9933071490757153,0.9890130573694068
164,0,1.0,1.0,1.0,1.0,1.0,1.0,1.0,2.4823036e-08,0.00471786034284938,0.018028210963284694,0.9963290747042799,0.9933071490757153,0.9890130573694068
165,0,0.0,1.0,1.0,1.0,0.0,0.0,1.0,0.97912997,0.004171471093623176,0.0179846809183403,0.9998045088193734,0.9933071490757153,0.9890130573694068
166,0,1.0,1.0,1.0,1.0,1.0,1.0,1.0,1.2561942e-11,0.0037653857463982527,0.0179944745362448,0.9999084199867683,0.9933071490757153,0.9890130573694068
167,0,1.0,1.0,1.0,1.0,1.0,1.0,1.0,1.5565705e-09,0.004551078063464584,0.01799115527875577,0.8844975245441904,0.9933071490757153,0.9890130573694068
168,0,1.0,1.0,1.0,1.0,1.0,1.0,1.0,4.784352e-13,0.004180283478659407,0.017956656947533067,0.9984631733179636,0.9933071490757153,0.9890130573694068
169,0,1.0,1.0,1.0,1.0,1.0,1.0,1.0,0.0031911237,0.004316525494678217,0.01793756804962762,0.9991284526583184,0.9933071490757153,0.9890130573694068
170,0,1.0,1.0,1.0,1.0,1.0,1.0,1.0,0.0006641193,0.003606494203815209,0.01796186016770314,0.9998699378951041,0.9933071490757153,0.9890130573694068
171,0,1.0,1.0,1.0,1.0,1.0,1.0,1.0,2.7918673e-05,0.004183496032822708,0.017927328666158194,0.9573858508439491,0.9933071490757153,0.9890130573694068
172,0,1.0,1.0,1.0,1.0,1.0,1.0,1.0,9.515115e-12,0.004764480332119023,0.01801929379033083,0.9973373582263169,0.9933071490757153,0.9890130573694068
173,0,1.0,1.0,1.0,1.0,1.0,1.0,1.0,0.00031074145,0.004636173382583558,0.017974130316332926,0.960972043234266,0.9933071490757153,0.9890130573694068
174,0,1.0,1.0,1.0,1.0,1.0,1.0,1.0,2.2928418e-07,0.003929995964873144,0.01802089757773156,0.9996198764446078,0.9933071490757153,0.9890130573694068
175,0,1.0,1.0,1.0,1.0,1.0,1.0,1.0,4.3170695e-17,0.004344894351010128,0.017974413115523828,0.9995796105850737,0.9933071490757153,0.9890130573694068
176,1,1.0,1.0,1.0,1.0,1.0,1.0,1.0,0.9999987,0.9004519732792402,0.8946734755283271,0.9293554773292119,0.9933071490757153,0.9890130573694068
177,1,1.0,1.0,1.0,1.0,1.0,1.0,1.0,1.0,0.99999999999997,0.9920759555171011,0.9171058313760776,0.9933071490757153,0.9890130573694068
178,1,1.0,1.0,1.0,1.0,1.0,1.0,1.0,1.0,0.99999999999997,0.9920793952028925,0.9940818748120316,0.9933071490757153,0.9890130573694068
179,1,1.0,1.0,1.0,1.0,1.0,1.0,1.0,1.0,0.99999999999997,0.9921058040329028,0.998890403927713,0.9933071490757153,0.9890130573694068
180,1,1.0,1.0,1.0,1.0,1.0,1.0,1.0,0.9999869,0.99999999999997,0.9920893374554335,0.9747160573614366,0.9933071490757153,0.9890130573694068
181,1,1.0,1.0,1.0,1.0,1.0,1.0,1.0,0.99999976,0.99999999999997,0.9920731624434337,0.9929735373418466,0.9933071490757153,0.9890130573694068
182,1,1.0,1.0,1.0,1.0,1.0,1.0,1.0,0.9999981,0.99999999999997,0.9920908047384418,0.7108218047522769,0.9933071490757153,0.9890130573694068
183,1,1.0,1.0,1.0,1.0,1.0,1.0,1.0,1.0,0.99999999999997,0.992083057503741,0.9989623870422916,0.9933071490757153,0.9890130573694068
184,1,1.0,1.0,1.0,1.0,1.0,1.0,1.0,0.99999475,0.99999999999997,0.9920661902149803,0.9992269546581408,0.9933071490757153,0.9890130573694068
185,1,1.0,1.0,1.0,1.0,1.0,0.0,1.0,0.642584,0.99999999999997,0.9920943045878453,0.9998852817449227,0.9933071490757153,0.9890130573694068
186,1,1.0,1.0,1.0,1.0,1.0,1.0,1.0,1.0,0.99999999999997,0.9920684154200398,0.971166159596237,0.9933071490757153,0.9890130573694068
187,1,1.0,1.0,1.0,1.0,1.0,1.0,1.0,1.0,0.99999999999997,0.9920920151073679,0.9993338303467438,0.9933071490757153,0.9890130573694068
188,1,1.0,1.0,1.0,1.0,1.0,1.0,1.0,0.9999993,0.99999999999997,0.9920829760240666,0.9968474743923036,0.9933071490757153,0.9890130573694068
189,1,1.0,1.0,1.0,1.0,1.0,1.0,1.0,1.0,0.99999999999997,0.9920738365187667,0.9487468089478669,0.9933071490757153,0.9890130573694068
190,1,1.0,1.0,1.0,1.0,1.0,1.0,1.0,1.0,0.99999999999997,0.9920808062205911,0.9980476927783568,0.9933071490757153,0.9890130573694068
191,1,1.0,1.0,1.0,1.0,1.0,1.0,1.0,0.9999976,0.99999999999997,0.9920670204259242,0.9997428013212655,0.9933071490757153,0.9890130573694068
192,1,1.0,1.0,1.0,1.0,1.0,1.0,1.0,0.9999999,0.99999999999997,0.9920616796483722,0.9997413079897652,0.9933071490757153,0.9890130573694068
193,1,1.0,1.0,1.0,1.0,1.0,1.0,1.0,0.9909061,0.99999999999997,0.9920858973966457,0.9989980071378569,0.9933071490757153,0.9890130573694068
194,1,1.0,1.0,1.0,1.0,1.0,1.0,1.0,1.0,0.99999999999997,0.992093484043799,0.9966008837952709,0.9933071490757153,0.9890130573694068
195,1,1.0,1.0,1.0,1.0,1.0,1.0,1.0,0.9998857,0.99999999999997,0.9920950810300982,0.9692247077662743,0.9933071490757153,0.9890130573694068
196,1,1.0,1.0,1.0,1.0,1.0,1.0,1.0,0.99999845,0.99999999999997,0.9920786424491195,0.5195717636233617,0.9933071490757153,0.9890130573694068
197,1,1.0,1.0,1.0,1.0,1.0,1.0,1.0,0.9993013,0.99999999999997,0.992095277557974,0.9912138629047057,0.9933071490757153,0.9890130573694068
198,1,1.0,1.0,1.0,1.0,1.0,1.0,1.0,1.0,0.99999999999997,0.992095672788904,0.9985578647082707,0.9933071490757153,0.9890130573694068
199,1,1.0,1.0,1.0,1.0,1.0,1.0,1.0,1.0,0.99999999999997,0.9920728551381275,0.9984353243348273,0.9933071490757153,0.9890130573694068
200,1,1.0,1.0,1.0,1.0,1.0,1.0,1.0,1.0,0.99999999999997,0.9920767470798852,0.998599409514803,0.9933071490757153,0.9890130573694068
201,1,1.0,1.0,1.0,1.0,1.0,1.0,1.0,1.0,0.99999999999997,0.992069890301945,0.9968664517822112,0.9933071490757153,0.9890130573694068
202,1,1.0,1.0,1.0,1.0,1.0,1.0,1.0,1.0,0.99999999999997,0.9921081523725905,0.9987920602955351,0.9933071490757153,0.9890130573694068
203,1,1.0,1.0,1.0,1.0,1.0,1.0,1.0,1.0,0.99999999999997,0.9920984682506133,0.9909717609961073,0.9933071490757153,0.9890130573694068
204,1,1.0,1.0,1.0,1.0,1.0,1.0,1.0,0.94998187,0.99999999999997,0.9920897014977121,0.9776177002934631,0.9933071490757153,0.9890130573694068
205,1,1.0,1.0,1.0,1.0,1.0,1.0,1.0,1.0,0.99999999999997,0.9920966717398884,0.9830470668189278,0.9933071490757153,0.9890130573694068
206,1,1.0,1.0,1.0,1.0,1.0,1.0,1.0,1.0,0.99999999999997,0.992111805414655,0.9297516384348616,0.9933071490757153,0.9890130573694068
207,1,1.0,1.0,1.0,1.0,1.0,1.0,1.0,1.0,0.99999999999997,0.9920693683444237,0.5901043565318504,0.9933071490757153,0.9890130573694068
208,1,1.0,1.0,1.0,1.0,1.0,1.0,1.0,1.0,0.99999999999997,0.9920704602084762,0.9553544289531872,0.9933071490757153,0.9890130573694068
209,1,1.0,1.0,1.0,1.0,1.0,1.0,1.0,1.0,0.99999999999997,0.992100170494197,0.9993075318279533,0.9933071490757153,0.9890130573694068
210,1,1.0,1.0,1.0,1.0,1.0,1.0,1.0,1.0,0.99999999999997,0.9921169940861186,0.997173786055667,0.9933071490757153,0.9890130573694068
211,1,1.0,0.9833333333333333,1.0,1.0,1.0,1.0,1.0,0.85659516,0.96703409862449,0.943394882235296,0.9817572460242391,0.9933071490757153,0.9890130573694068
212,0,1.0,1.0,1.0,1.0,1.0,1.0,1.0,7.163513e-10,0.008842562277858595,0.01795857573377722,0.9985609462823445,0.9933071490757153,0.9890130573694068
213,0,1.0,1.0,1.0,1.0,1.0,1.0,1.0,0.0055280486,0.00708975446380019,0.017968652852592526,0.9982297915357343,0.9933071490757153,0.9890130573694068
214,0,1.0,1.0,1.0,1.0,1.0,1.0,1.0,8.560347e-11,0.003972717716770884,0.01795777665354249,0.9999322350094166,0.9933071490757153,0.9890130573694068
215,0,1.0,1.0,1.0,1.0,1.0,1.0,1.0,7.42085e-11,0.0037819324397557683,0.017929550980692203,0.9958929584115345,0.9933071490757153,0.9890130573694068
216,0,1.0,1.0,1.0,1.0,1.0,1.0,1.0,1.0258411e-07,0.0038204120517860364,0.01801858763584459,0.9970533000786896,0.9933071490757153,0.9890130573694068
217,0,1.0,1.0,1.0,1.0,1.0,1.0,1.0,0.0009367843,0.003491311423121873,0.01798529237458939,0.9986765102495536,0.9933071490757153,0.9890130573694068
218,0,1.0,1.0,1.0,1.0,1.0,1.0,1.0,1.1276287e-08,0.0039045232877657023,0.018003145858698746,0.9932938432728678,0.9933071490757153,0.9890130573694068
219,0,1.0,1.0,1.0,1.0,1.0,1.0,1.0,5.0837592e-05,0.0031821933341454117,0.017995047682456477,0.9984385426576589,0.9933071490757153,0.9890130573694068
220,0,1.0,1.0,1.0,1.0,1.0,1.0,1.0,3.569089e-11,0.003173630323403158,0.01800696668194302,0.9976438190080371,0.9933071490757153,0.9890130573694068
221,0,1.0,1.0,1.0,1.0,1.0,1.0,1.0,1.8047841e-11,0.0033490980175870286,0.0179428251369507,0.9970289773666676,0.9933071490757153,0.9890130573694068
222,0,1.0,1.0,1.0,1.0,1.0,1.0,1.0,3.268695e-08,0.0041735947242049765,0.018004874584604303,0.9522030438304865,0.9933071490757153,0.9890130573694068
223,0,1.0,1.0,1.0,1.0,1.0,1.0,1.0,1.2416042e-05,0.005649631589668909,0.017988807835671864,0.9950772644993215,0.9933071490757153,0.9890130573694068
224,0,1.0,1.0,1.0,1.0,1.0,1.0,1.0,1.2128203e-07,0.005460102130489408,0.017966437402490532,0.9938498234649357,0.9933071490757153,0.9890130573694068
225,0,1.0,1.0,1.0,1.0,1.0,1.0,1.0,6.601669e-13,0.005210339402548243,0.01796078387919993,0.8920083556219052,0.9933071490757153,0.9890130573694068
226,0,1.0,1.0,1.0,1.0,1.0,1.0,1.0,5.93047e-08,0.003476195018566829,0.018005910684447464,0.9969522150498246,0.9933071490757153,0.9890130573694068
227,0,1.0,1.0,1.0,1.0,1.0,1.0,1.0,1.34702715e-17,0.005936778226869707,0.017967831622651715,0.9988362638804057,0.9933071490757153,0.9890130573694068
228,0,1.0,1.0,1.0,1.0,1.0,1.0,1.0,8.972034e-12,0.0031592641623739703,0.017981700679236347,0.9884362380431572,0.9933071490757153,0.9890130573694068
229,0,1.0,1.0,1.0,1.0,1.0,1.0,1.0,1.8834342e-11,0.003351781044749616,0.017958448359870222,0.9996635211255064,0.9933071490757153,0.9890130573694068
230,0,1.0,1.0,1.0,1.0,1.0,1.0,1.0,1.0862976e-07,0.0032562416317131046,0.01799799351417932,0.9935181734954961,0.9933071490757153,0.9890130573694068
231,0,1.0,1.0,1.0,1.0,1.0,1.0,1.0,1.0851504e-11,0.003642402147648863,0.017975824999431223,0.9992147424472545,0.9933071490757153,0.9890130573694068
232,0,1.0,1.0,1.0,1.0,1.0,1.0,1.0,2.108006e-12,0.0055842581276577645,0.01799253754750784,0.9983889404453765,0.9933071490757153,0.9890130573694068
233,0,1.0,1.0,1.0,1.0,1.0,1.0,1.0,1.0165376e-13,0.005306120442011546,0.01796809197491566,0.9995516438075235,0.9933071490757153,0.9890130573694068
234,1,1.0,1.0,1.0,1.0,0.0,0.0,1.0,1.0,0.5061066672696029,0.48695935723635697,0.9171058313760776,0.9933071490757153,0.9890130573694068
235,1,1.0,1.0,1.0,1.0,1.0,1.0,1.0,0.9999999,0.9999999667229527,0.9559809025401731,0.9084862890809267,0.9933071490757153,0.9890130573694068
236,1,1.0,1.0,1.0,1.0,1.0,1.0,1.0,1.0,0.9999999334153031,0.955946395787867,0.9994834206802832,0.9933071490757153,0.9890130573694068
237,1,1.0,1.0,1.0,1.0,1.0,1.0,1.0,0.99991333,0.9999999689413097,0.9558937629005996,0.8393939255839389,0.9933071490757153,0.9890130573694068
238,1,1.0,1.0,1.0,1.0,1.0,1.0,1.0,1.0,0.9999999995736903,0.9559405820379282,0.9991079571042251,0.9933071490757153,0.9890130573694068
239,1,1.0,1.0,1.0,1.0,1.0,1.0,1.0,1.0,0.9999999979466081,0.9560150424988602,0.9984813614304807,0.9933071490757153,0.9890130573694068
240,1,1.0,1.0,1.0,1.0,1.0,1.0,1.0,0.9999999,0.9999999805893648,0.956079384825247,0.9914744526171666,0.9933071490757153,0.9890130573694068
241,1,1.0,1.0,1.0,1.0,1.0,1.0,1.0,0.9999602,0.9999999681145033,0.9560004635492166,0.9960379116227772,0.9933071490757153,0.9890130573694068
242,1,1.0,1.0,1.0,1.0,1.0,1.0,1.0,0.99999964,0.999999822904968,0.9559760446424249,0.9755829287641155,0.9933071490757153,0.9890130573694068
243,1,1.0,1.0,1.0,1.0,1.0,1.0,1.0,1.0,0.999999935269962,0.9558954905476209,0.9982457461874501,0.9933071490757153,0.9890130573694068
244,1,1.0,1.0,1.0,1.0,1.0,1.0,1.0,1.0,0.9999999985158452,0.9559982396692385,0.9345542719332387,0.9933071490757153,0.9890130573694068
245,1,1.0,1.0,1.0,1.0,1.0,1.0,1.0,0.99999106,0.9999999997567436,0.955971845934039,0.9989421512251961,0.9933071490757153,0.9890130573694068
246,1,1.0,1.0,1.0,1.0,1.0,1.0,1.0,1.0,0.9999999999249674,0.9561146906726198,0.5466134916662526,0.9933071490757153,0.9890130573694068
247,1,1.0,1.0,1.0,1.0,1.0,1.0,1.0,1.0,0.9999999998847034,0.9560048032412135,0.9947851984725514,0.9933071490757153,0.9890130573694068
248,1,1.0,1.0,1.0,1.0,1.0,1.0,1.0,1.0,0.999999999750305,0.9560345832167377,0.9618600256194876,0.9933071490757153,0.9890130573694068
249,1,1.0,1.0,1.0,1.0,1.0,1.0,1.0,1.0,0.9999999998095248,0.9559793562946379,0.9989937828018298,0.9933071490757153,0.9890130573694068
250,1,1.0,1.0,1.0,1.0,1.0,1.0,1.0,0.95389265,0.9999999996099135,0.9558512048878129,0.9511334193575761,0.9933071490757153,0.9890130573694068
251,1,1.0,1.0,1.0,1.0,1.0,1.0,1.0,1.0,0.9999999992348264,0.9559212519726721,0.9944290580531371,0.9933071490757153,0.9890130573694068
252,1,1.0,1.0,1.0,1.0,1.0,1.0,1.0,0.9999902,0.999999999915842,0.9559321394950508,0.9578681363204652,0.9933071490757153,0.9890130573694068
253,1,1.0,1.0,1.0,1.0,1.0,1.0,1.0,1.0,0.9999999994523495,0.9558970398723772,0.999194102436068,0.9933071490757153,0.9890130573694068
254,1,1.0,1.0,1.0,1.0,1.0,1.0,1.0,1.0,0.9999999995056433,0.9561282150076765,0.9997253622412869,0.9933071490757153,0.9890130573694068
255,1,1.0,1.0,1.0,1.0,1.0,1.0,1.0,0.99454486,0.9999999996850798,0.9559419165496494,0.9997480724521922,0.9933071490757153,0.9890130573694068
256,1,1.0,1.0,1.0,1.0,1.0,1.0,1.0,1.0,0.9999999994272059,0.9559640452877006,0.9679310901720676,0.9933071490757153,0.9890130573694068
257,1,1.0,1.0,1.0,1.0,1.0,1.0,1.0,1.0,0.9999999999053651,0.9559477699192424,0.9953335183259194,0.9933071490757153,0.9890130573694068
258,1,1.0,1.0,1.0,1.0,1.0,1.0,1.0,0.9996414,0.9999999999780174,0.9560038826961134,0.9920386398102135,0.9933071490757153,0.9890130573694068
259,1,1.0,1.0,1.0,1.0,1.0,1.0,1.0,0.9998722,0.9999999994886933,0.956025028858842,0.8600751005582272,0.9933071490757153,0.9890130573694068
260,1,1.0,1.0,1.0,1.0,1.0,1.0,1.0,1.0,0.9999999994066465,0.9559981162283971,0.9994834206802832,0.9933071490757153,0.9890130573694068
261,1,1.0,1.0,1.0,1.0,1.0,1.0,1.0,1.0,0.9999999999380429,0.9560360227335908,0.9297786559752929,0.9933071490757153,0.9890130573694068
262,1,1.0,1.0,1.0,1.0,1.0,1.0,1.0,1.0,0.9999999999563136,0.9559473046085405,0.997978840729392,0.9933071490757153,0.9890130573694068
263,1,1.0,1.0,1.0,1.0,1.0,1.0,1.0,1.0,0.9999999999168743,0.9560417691410457,0.9257418455663027,0.9933071490757153,0.9890130573694068
264,1,1.0,1.0,1.0,1.0,1.0,1.0,1.0,1.0,0.9999999998901312,0.955901965982092,0.7966613487241977,0.9933071490757153,0.9890130573694068
265,1,1.0,1.0,1.0,1.0,1.0,1.0,1.0,1.0,0.9999999997618301,0.9559848754680574,0.9982457461874501,0.9933071490757153,0.9890130573694068
266,1,1.0,1.0,1.0,1.0,1.0,1.0,1.0,1.0,0.9999999999753534,0.9560201858601801,0.9993035162362859,0.9933071490757153,0.9890130573694068
267,1,1.0,1.0,1.0,1.0,1.0,1.0,1.0,1.0,0.999999999986203,0.9559951523001006,0.9985337371222517,0.9933071490757153,0.9890130573694068
268,1,1.0,1.0,1.0,1.0,1.0,1.0,1.0,0.99955505,0.9999999999956312,0.9558284737283339,0.9942653234546648,0.9933071490757153,0.9890130573694068
269,1,1.0,1.0,1.0,1.0,1.0,1.0,1.0,1.0,0.9999999999987313,0.956037247665688,0.984560492979323,0.9933071490757153,0.9890130573694068
270,1,1.0,1.0,1.0,1.0,1.0,1.0,1.0,0.9999969,0.999999999997451,0.9558894148256003,0.9978105983588726,0.9933071490757153,0.9890130573694068
271,1,1.0,1.0,1.0,1.0,1.0,1.0,1.0,1.0,0.9999999999503395,0.955906905952039,0.9846660731489878,0.9933071490757153,0.9890130573694068
272,1,1.0,1.0,1.0,1.0,1.0,1.0,1.0,1.0,0.9999999999964396,0.9559028572472358,0.9826271149828205,0.9933071490757153,0.9890130573694068
273,1,1.0,1.0,1.0,1.0,1.0,1.0,1.0,1.0,0.9999999999979161,0.9559842798100191,0.9906978050092029,0.9933071490757153,0.9890130573694068
274,1,1.0,1.0,1.0,1.0,1.0,1.0,1.0,1.0,0.9999999999987135,0.9559438088451907,0.9458641055920962,0.9933071490757153,0.9890130573694068
275,1,1.0,1.0,1.0,1.0,1.0,1.0,1.0,1.0,0.9999999999938378,0.9559976883774984,0.9905723158815847,0.9933071490757153,0.9890130573694068
276,1,1.0,1.0,1.0,1.0,1.0,1.0,1.0,1.0,0.9999999999995136,0.955993494384648,0.9969542583411319,0.9933071490757153,0.9890130573694068
277,1,1.0,1.0,1.0,1.0,1.0,1.0,1.0,1.0,0.9999999999961947,0.955912919875781,0.9992979134407941,0.9933071490757153,0.9890130573694068
278,1,1.0,1.0,1.0,1.0,1.0,1.0,1.0,1.0,0.9999999999991359,0.955910140924424,0.9995567552873014,0.9933071490757153,0.9890130573694068
279,1,1.0,1.0,1.0,1.0,1.0,1.0,1.0,1.0,0.9999999999980367,0.9559362688795356,0.9981883038982182,0.9933071490757153,0.9890130573694068
280,1,1.0,1.0,1.0,1.0,1.0,1.0,1.0,0.99999106,0.9999999999995047,0.955856554248598,0.9989421512251961,0.9933071490757153,0.9890130573694068
281,1,1.0,1.0,1.0,1.0,1.0,1.0,1.0,0.80314577,0.9999999999998067,0.956032399610285,0.999449674780253,0.9933071490757153,0.9890130573694068
282,1,1.0,1.0,1.0,1.0,1.0,1.0,1.0,0.9999999,0.9999999999996273,0.9558994332152889,0.966659758110352,0.9933071490757153,0.9890130573694068
283,1,1.0,1.0,1.0,1.0,1.0,1.0,1.0,1.0,0.9999999999999216,0.9559181852042128,0.9994110274828056,0.9933071490757153,0.9890130573694068
284,1,1.0,1.0,1.0,1.0,1.0,1.0,1.0,0.9999999,0.9999999999999104,0.9560507344431716,0.852413884025049,0.9933071490757153,0.9890130573694068
285,1,1.0,1.0,1.0,1.0,1.0,1.0,1.0,1.0,0.9999999999999486,0.9560091334860948,0.998599409514803,0.9933071490757153,0.9890130573694068
286,1,1.0,1.0,1.0,1.0,1.0,1.0,1.0,0.99992836,0.99999999999997,0.9559754882200271,0.9898997206910567,0.9933071490757153,0.9890130573694068
287,1,1.0,1.0,1.0,1.0,1.0,1.0,1.0,0.9999999,0.99999999999997,0.9559545969590294,0.9957479829237773,0.9933071490757153,0.9890130573694068
288,1,1.0,0.9,1.0,1.0,1.0,1.0,1.0,0.9766892,0.9642590693848269,0.830816185078643,0.6465686622001037,0.9933071490757153,0.9890130573694068
289,0,1.0,0.9333333333333333,1.0,1.0,1.0,1.0,1.0,2.4379879e-05,0.11013020714021263,0.017965054826353723,0.863349830276401,0.9933071490757153,0.9890130573694068
290,0,1.0,1.0,1.0,1.0,1.0,1.0,1.0,1.0258411e-07,0.007185306339512914,0.017933648534360358,0.9970533000786896,0.9933071490757153,0.9890130573694068
291,0,1.0,1.0,1.0,1.0,1.0,1.0,1.0,2.4301016e-06,0.0049870621085967,0.018027780930201114,0.9961463599465963,0.9933071490757153,0.9890130573694068
292,0,1.0,1.0,1.0,1.0,1.0,1.0,1.0,1.3295123e-09,0.005022494934788377,0.017978793796611246,0.9985441466156771,0.9933071490757153,0.9890130573694068
293,0,1.0,1.0,1.0,1.0,1.0,1.0,1.0,4.8821308e-17,0.0048269591190179375,0.017927374868926114,0.9593399269717451,0.9933071490757153,0.9890130573694068
294,0,1.0,1.0,1.0,1.0,1.0,1.0,1.0,1.1035179e-07,0.003965778117662238,0.017966583090413598,0.9969731339330915,0.9933071490757153,0.9890130573694068
295,0,1.0,1.0,1.0,1.0,1.0,1.0,1.0,2.8999166e-05,0.004083886116970093,0.01801209337363696,0.9920490995502376,0.9933071490757153,0.9890130573694068
296,0,1.0,1.0,1.0,1.0,1.0,1.0,1.0,7.380884e-08,0.005409740798638096,0.01803336124830408,0.9886473111650002,0.9933071490757153,0.9890130573694068
297,0,1.0,1.0,1.0,1.0,1.0,1.0,1.0,4.8255037e-12,0.0034745557876254747,0.017972076024228418,0.9318476742126298,0.9933071490757153,0.9890130573694068
298,0,1.0,1.0,1.0,1.0,1.0,1.0,1.0,1.0543424e-08,0.004252806014113331,0.018014517936087444,0.9949934226251576,0.9933071490757153,0.9890130573694068
299,0,1.0,1.0,1.0,1.0,1.0,1.0,1.0,5.5378496e-05,0.0038752726996339926,0.017987731962073594,0.9976376667735086,0.9933071490757153,0.9890130573694068
300,0,1.0,1.0,1.0,1.0,1.0,1.0,1.0,3.0679123e-17,0.004599438634289693,0.017966391934172564,0.9919398476932637,0.9933071490757153,0.9890130573694068
301,0,1.0,1.0,1.0,1.0,1.0,1.0,1.0,4.0856668e-07,0.003963390350202675,0.01800853092231344,0.9928535386723693,0.9933071490757153,0.9890130573694068
302,0,1.0,1.0,1.0,1.0,1.0,1.0,1.0,0.00013813167,0.002776955965527033,0.01792259596531016,0.9974326733342453,0.9933071490757153,0.9890130573694068
303,0,1.0,1.0,1.0,1.0,1.0,1.0,1.0,1.4307537e-05,0.003412157692201484,0.01800845983026408,0.9987111929265794,0.9933071490757153,0.9890130573694068
304,0,1.0,1.0,1.0,1.0,1.0,1.0,1.0,6.227813e-15,0.004415957538283911,0.017953923356372373,0.9133346829817629,0.9933071490757153,0.9890130573694068
305,0,1.0,1.0,1.0,1.0,1.0,0.0,1.0,0.42593375,0.004880909600422297,0.01796955819219788,0.9931210314821951,0.9933071490757153,0.9890130573694068
306,0,1.0,1.0,1.0,1.0,1.0,1.0,1.0,8.909496e-13,0.0032778214443257184,0.018018671595465163,0.981252978949953,0.9933071490757153,0.9890130573694068
307,0,1.0,1.0,1.0,1.0,1.0,1.0,1.0,4.085231e-13,0.0031473560632604798,0.0179814428762179,0.9999223932578034,0.9933071490757153,0.9890130573694068
308,0,1.0,1.0,1.0,1.0,1.0,1.0,1.0,4.2328e-06,0.003569713788997199,0.01800860394586586,0.9984334133844369,0.9933071490757153,0.9890130573694068
309,0,1.0,1.0,1.0,1.0,1.0,1.0,1.0,1.0513475e-13,0.003810380799798277,0.01801962416335743,0.9994640128271319,0.9933071490757153,0.9890130573694068
310,0,1.0,1.0,1.0,1.0,1.0,1.0,1.0,5.383976e-09,0.003472420306956109,0.01794944067904093,0.9993759658298081,0.9933071490757153,0.9890130573694068
311,0,1.0,1.0,1.0,1.0,1.0,1.0,1.0,1.9670467e-06,0.005388778925432759,0.017996328941305834,0.9759356123180939,0.9933071490757153,0.9890130573694068
312,0,1.0,1.0,1.0,1.0,1.0,1.0,1.0,9.888502e-06,0.003838683291326897,0.018025891810181424,0.9973507258790368,0.9933071490757153,0.9890130573694068
313,0,1.0,1.0,1.0,1.0,1.0,1.0,1.0,3.831189e-05,0.005365031233708437,0.01799564722170825,0.9990041158210491,0.9933071490757153,0.9890130573694068
314,0,1.0,1.0,1.0,1.0,1.0,1.0,1.0,3.068946e-11,0.00479242734066751,0.017991215700783315,0.9967164665155642,0.9933071490757153,0.9890130573694068
315,0,1.0,1.0,1.0,1.0,1.0,1.0,1.0,1.4317875e-10,0.0038211641302994255,0.017943556926367035,0.9971805814612413,0.9933071490757153,0.9890130573694068
316,0,1.0,1.0,1.0,1.0,1.0,1.0,1.0,3.1965326e-09,0.006461323289248674,0.018014127681168106,0.9973941917935559,0.9933071490757153,0.9890130573694068
317,0,1.0,1.0,1.0,1.0,1.0,1.0,1.0,0.01272344,0.00384059689288667,0.01805831598170472,0.9967243756540695,0.9933071490757153,0.9890130573694068
318,0,1.0,1.0,1.0,1.0,0.0,1.0,1.0,0.0001164528,0.2548622648227628,0.25609440583338383,0.9948489871503855,0.9933071490757153,0.9890130573694068
319,1,1.0,1.0,1.0,1.0,1.0,1.0,1.0,0.923362,0.99999999999997,0.9705380959981661,0.9826494727234164,0.9933071490757153,0.9890130573694068
320,1,1.0,1.0,1.0,1.0,1.0,1.0,1.0,0.99999917,0.99999999999997,0.9705267632977198,0.9102417861427361,0.9933071490757153,0.9890130573694068
321,1,0.0,1.0,1.0,1.0,0.0,0.0,1.0,0.2371935,0.99999999999997,0.9704632361730706,0.7946938322306907,0.9933071490757153,0.9890130573694068
322,1,1.0,1.0,1.0,1.0,1.0,1.0,1.0,1.0,0.99999999999997,0.9705301094914202,0.9982457461874501,0.9933071490757153,0.9890130573694068
323,1,1.0,1.0,1.0,1.0,1.0,1.0,1.0,0.9999999,0.99999999999997,0.9705029898921516,0.9826766124646865,0.9933071490757153,0.9890130573694068
324,1,1.0,1.0,1.0,1.0,1.0,1.0,1.0,1.0,0.99999999999997,0.970533552660832,0.9992963958303197,0.9933071490757153,0.9890130573694068
325,1,1.0,1.0,1.0,1.0,1.0,1.0,1.0,1.0,0.99999999999997,0.9705683358825775,0.872706173862437,0.9933071490757153,0.9890130573694068
326,1,1.0,1.0,1.0,1.0,1.0,1.0,1.0,1.0,0.99999999999997,0.9704873823780784,0.9975318705174454,0.9933071490757153,0.9890130573694068
327,0,1.0,0.9833333333333333,1.0,1.0,0.0,0.0,1.0,6.289429e-09,0.48864909245049054,0.4624923736554483,0.9792063134488156,0.9933071490757153,0.9890130573694068
328,1,1.0,1.0,1.0,1.0,1.0,1.0,1.0,1.0,0.9174954154496463,0.8704084426147408,0.9905723158815847,0.9933071490757153,0.9890130573694068
329,1,1.0,1.0,1.0,1.0,1.0,1.0,1.0,1.0,0.9999999984373927,0.9481070100295586,0.9954269587635926,0.9933071490757153,0.9890130573694068
330,1,1.0,1.0,1.0,1.0,1.0,1.0,1.0,0.9999349,0.9999999928511837,0.9479325900723612,0.9934926994305548,0.9933071490757153,0.9890130573694068
331,1,1.0,1.0,1.0,1.0,1.0,1.0,1.0,1.0,0.999999989032972,0.9482817330208968,0.9216035218540595,0.9933071490757153,0.9890130573694068
332,1,1.0,1.0,1.0,1.0,1.0,1.0,1.0,1.0,0.9999999903074686,0.9480525943019846,0.9840058403226386,0.9933071490757153,0.9890130573694068
333,1,1.0,1.0,1.0,1.0,1.0,1.0,1.0,1.0,0.9999999984431214,0.948095159763756,0.9989735944255377,0.9933071490757153,0.9890130573694068
334,1,1.0,1.0,1.0,1.0,1.0,1.0,1.0,0.9999999,0.9999999996473347,0.9479489767196756,0.7471575579130543,0.9933071490757153,0.9890130573694068
335,1,1.0,1.0,1.0,1.0,1.0,1.0,1.0,0.9999869,0.9999999820956031,0.9480534204733793,0.9747160573614366,0.9933071490757153,0.9890130573694068
336,1,1.0,1.0,1.0,1.0,1.0,1.0,1.0,0.9999727,0.9999998798163868,0.9479253157307336,0.990371339829106,0.9933071490757153,0.9890130573694068
337,1,1.0,1.0,1.0,1.0,1.0,1.0,1.0,0.9999349,0.9999999971335162,0.9480637909752692,0.9934926994305548,0.9933071490757153,0.9890130573694068
338,1,1.0,1.0,1.0,1.0,1.0,1.0,1.0,0.9993352,0.999999999987151,0.9479687314547306,0.9748739174979452,0.9933071490757153,0.9890130573694068
339,1,1.0,1.0,1.0,1.0,1.0,1.0,1.0,0.9999988,0.9999999999596927,0.9480757170343355,0.9541924479326098,0.9933071490757153,0.9890130573694068
340,1,1.0,1.0,1.0,1.0,1.0,1.0,1.0,0.9997571,0.9999999999847009,0.9479027823724292,0.9276566667466671,0.9933071490757153,0.9890130573694068
341,1,1.0,1.0,1.0,1.0,1.0,1.0,1.0,0.99999976,0.9999999999706654,0.9480551397473516,0.9998133235196397,0.9933071490757153,0.9890130573694068
342,1,1.0,1.0,1.0,1.0,1.0,1.0,1.0,1.0,0.9999999999873276,0.9480285721769062,0.981556432567986,0.9933071490757153,0.9890130573694068
343,1,1.0,1.0,1.0,1.0,1.0,1.0,1.0,1.0,0.9999999999268762,0.9480137330165161,0.9288603225091662,0.9933071490757153,0.9890130573694068
344,1,1.0,1.0,1.0,1.0,1.0,1.0,1.0,0.999998,0.9999999999943368,0.9479973815985105,0.9827241642341763,0.9933071490757153,0.9890130573694068
345,0,1.0,0.9166666666666666,1.0,1.0,1.0,1.0,1.0,0.0010618677,0.23205184616889932,0.09547763040628549,0.9969770061105049,0.9933071490757153,0.9890130573694068
346,0,1.0,1.0,1.0,1.0,1.0,1.0,1.0,3.855725e-09,0.006949647186114252,0.01800627397181003,0.9903104314858254,0.9933071490757153,0.9890130573694068
347,0,1.0,1.0,1.0,1.0,1.0,1.0,1.0,4.9658223e-07,0.005928860884049355,0.017946610152362506,0.9977733990204705,0.9933071490757153,0.9890130573694068
348,0,1.0,1.0,1.0,1.0,1.0,1.0,1.0,2.0944259e-10,0.0039201542008785095,0.017928521647580176,0.8332067976139917,0.9933071490757153,0.9890130573694068
349,0,1.0,1.0,1.0,1.0,1.0,1.0,1.0,3.3853186e-07,0.005959200731584496,0.0180388487245361,0.9966218172355377,0.9933071490757153,0.9890130573694068
350,0,1.0,1.0,1.0,1.0,1.0,1.0,1.0,2.3548158e-07,0.004008980416355231,0.018000007870692798,0.9978165990734699,0.9933071490757153,0.9890130573694068
351,0,1.0,1.0,1.0,1.0,1.0,1.0,1.0,3.196685e-09,0.0039722532964555175,0.018009761705612273,0.9270813694195108,0.9933071490757153,0.9890130573694068
352,0,1.0,1.0,1.0,1.0,1.0,1.0,1.0,1.1097868e-15,0.004607533798918107,0.018008862645819072,0.9996586649502539,0.9933071490757153,0.9890130573694068
353,0,1.0,1.0,1.0,1.0,1.0,1.0,1.0,1.4687729e-09,0.003314763200280917,0.01798778539243873,0.9969881377123424,0.9933071490757153,0.9890130573694068
354,0,1.0,1.0,1.0,1.0,1.0,1.0,1.0,3.085406e-13,0.003822028711589526,0.01802690591119943,0.9989911372246688,0.9933071490757153,0.9890130573694068
355,0,1.0,1.0,1.0,1.0,1.0,1.0,1.0,3.5195757e-12,0.0034221755735084477,0.018020989951871187,0.9975957472701144,0.9933071490757153,0.9890130573694068
356,0,1.0,1.0,1.0,1.0,1.0,1.0,1.0,3.138573e-07,0.004754131964995973,0.018024840258059376,0.9937130408880853,0.9933071490757153,0.9890130573694068
357,0,1.0,1.0,1.0,1.0,1.0,1.0,1.0,2.9151191e-05,0.0034070926674391305,0.01797938009808293,0.9990708838449314,0.9933071490757153,0.9890130573694068
358,0,1.0,1.0,1.0,1.0,1.0,1.0,1.0,0.00033703377,0.003798599289856189,0.017913909249140623,0.9905013243873065,0.9933071490757153,0.9890130573694068
359,0,1.0,1.0,1.0,1.0,1.0,1.0,1.0,4.0963247e-10,0.003992575019029759,0.018011597830896998,0.8684726600743855,0.9933071490757153,0.9890130573694068
360,0,1.0,1.0,1.0,1.0,1.0,1.0,1.0,0.24527542,0.0048774538592657605,0.01804299932006682,0.9979863748500524,0.9933071490757153,0.9890130573694068
361,0,1.0,1.0,1.0,1.0,1.0,1.0,1.0,0.09122608,0.0038946785892433012,0.01799026060604753,0.9924404130970857,0.9933071490757153,0.9890130573694068
362,0,1.0,1.0,1.0,1.0,1.0,1.0,1.0,0.00047547824,0.003864743624535472,0.01797723757659658,0.9977339102976552,0.9933071490757153,0.9890130573694068
363,0,1.0,1.0,1.0,1.0,1.0,1.0,1.0,2.3204262e-08,0.004729219599161188,0.017970868205002894,0.9978039400938223,0.9933071490757153,0.9890130573694068
364,0,1.0,1.0,1.0,1.0,1.0,1.0,1.0,4.6237356e-10,0.004882230404322885,0.017962442527595594,0.9935331540937254,0.9933071490757153,0.9890130573694068
365,0,1.0,1.0,1.0,1.0,1.0,1.0,1.0,0.00011751432,0.003957831448197089,0.018004747004305287,0.998012803103385,0.9933071490757153,0.9890130573694068
366,0,1.0,1.0,1.0,1.0,1.0,1.0,1.0,0.001928028,0.0036102152835421125,0.017961735865520544,0.9975986946513583,0.9933071490757153,0.9890130573694068
367,0,1.0,1.0,1.0,1.0,1.0,1.0,1.0,0.032937296,0.0036544004121463842,0.01801541785081379,0.9998526839536236,0.9933071490757153,0.9890130573694068
368,0,1.0,1.0,1.0,1.0,1.0,1.0,1.0,8.8561434e-13,0.00421182811599334,0.017964181108498612,0.9999781112706614,0.9933071490757153,0.9890130573694068
369,0,1.0,1.0,1.0,1.0,1.0,1.0,1.0,1.9807396e-14,0.004258487400338943,0.01796156218414701,0.9994087147492192,0.9933071490757153,0.9890130573694068
370,0,1.0,1.0,1.0,1.0,1.0,1.0,1.0,0.096913636,0.004033592290617138,0.01800670522504172,0.989894714351425,0.9933071490757153,0.9890130573694068
371,0,1.0,1.0,1.0,1.0,1.0,1.0,1.0,1.2570186e-07,0.005041374864588726,0.017987206013166366,0.9996466658028242,0.9933071490757153,0.9890130573694068
372,0,1.0,1.0,1.0,1.0,1.0,1.0,1.0,5.525025e-11,0.0039084779780742575,0.017957299446791974,0.9989143395729794,0.9933071490757153,0.9890130573694068
373,0,1.0,1.0,1.0,1.0,1.0,1.0,1.0,9.944789e-11,0.0037335647275217603,0.01797575454960097,0.9992058975510171,0.9933071490757153,0.9890130573694068
374,0,1.0,1.0,1.0,1.0,1.0,1.0,1.0,7.284352e-09,0.005289538321708116,0.0180129166231721,0.9987508395018768,0.9933071490757153,0.9890130573694068
375,0,1.0,1.0,1.0,1.0,1.0,1.0,1.0,4.6428923e-11,0.005346142754227802,0.018033747829880157,0.9991303797955724,0.9933071490757153,0.9890130573694068
376,0,1.0,1.0,1.0,1.0,1.0,0.0,1.0,0.37659,0.0037492144738429335,0.017987258120463832,0.9988807379930776,0.9933071490757153,0.9890130573694068
377,0,1.0,1.0,1.0,1.0,1.0,1.0,1.0,2.901998e-22,0.005395470594587911,0.017991220713416523,0.9999812808719262,0.9933071490757153,0.9890130573694068
378,0,1.0,1.0,1.0,1.0,1.0,1.0,1.0,5.4661296e-14,0.005130928354487795,0.018032967377836825,0.9988443618380373,0.9933071490757153,0.9890130573694068
379,0,1.0,1.0,1.0,1.0,1.0,1.0,1.0,4.3558226e-05,0.004586304765703148,0.018006672867787604,0.9982774650137634,0.9933071490757153,0.9890130573694068
380,1,1.0,1.0,1.0,1.0,0.0,0.0,1.0,0.99999964,0.6440398384528512,0.6307458187764597,0.9496261891118785,0.9933071490757153,0.9890130573694068
381,1,1.0,1.0,1.0,1.0,1.0,1.0,1.0,1.0,0.9937797075647813,0.9608068201690579,0.9989839903766677,0.9933071490757153,0.9890130573694068
382,1,1.0,1.0,1.0,1.0,1.0,1.0,1.0,1.0,0.9939463875751059,0.9607193612565814,0.9967337359341227,0.9933071490757153,0.9890130573694068
383,1,1.0,1.0,1.0,1.0,1.0,1.0,1.0,0.9999993,0.9939108844630772,0.9607068594132369,0.9968474743923036,0.9933071490757153,0.9890130573694068
384,1,1.0,1.0,1.0,1.0,1.0,1.0,1.0,0.99992156,0.9937572698984591,0.9607344072562974,0.9991567569816014,0.9933071490757153,0.9890130573694068
385,1,1.0,1.0,1.0,1.0,1.0,1.0,1.0,1.0,0.9937833535337527,0.960743020240018,0.988057215910219,0.9933071490757153,0.9890130573694068
386,1,1.0,1.0,1.0,1.0,1.0,1.0,1.0,1.0,0.9937833576160592,0.9606934136473987,0.7783637834582099,0.9933071490757153,0.9890130573694068
387,1,1.0,1.0,1.0,1.0,1.0,1.0,1.0,1.0,0.9937263585550038,0.9606865881006532,0.9442088087453052,0.9933071490757153,0.9890130573694068
388,1,1.0,1.0,1.0,1.0,1.0,1.0,1.0,1.0,0.9937257049285387,0.9607563717691778,0.5845262444692684,0.9933071490757153,0.9890130573694068
389,1,1.0,1.0,1.0,1.0,1.0,1.0,1.0,1.0,0.9936890170500237,0.960703264369833,0.9849401474637541,0.9933071490757153,0.9890130573694068
390,1,1.0,1.0,1.0,1.0,1.0,1.0,1.0,0.9999999,0.9935609416175647,0.9607104939689395,0.99809579642152,0.9933071490757153,0.9890130573694068
391,1,1.0,1.0,1.0,1.0,1.0,1.0,1.0,1.0,0.9934612686696458,0.9606293241923646,0.9830470668189278,0.9933071490757153,0.9890130573694068
392,1,1.0,1.0,1.0,1.0,1.0,1.0,1.0,1.0,0.9935301534232885,0.9607377269132665,0.9954328690064986,0.9933071490757153,0.9890130573694068
393,1,1.0,1.0,1.0,1.0,1.0,1.0,1.0,1.0,0.9936660379158763,0.9606820802687653,0.884208301577366,0.9933071490757153,0.9890130573694068
394,1,1.0,1.0,1.0,1.0,1.0,1.0,1.0,1.0,0.9935804770637346,0.9607242672572579,0.995705972815073,0.9933071490757153,0.9890130573694068
395,1,1.0,1.0,1.0,1.0,1.0,1.0,1.0,1.0,0.9934349013234919,0.96063087689799,0.9964337157632774,0.9933071490757153,0.9890130573694068
396,1,1.0,1.0,1.0,1.0,1.0,1.0,1.0,1.0,0.9935362676549372,0.9607590225426433,0.9652220106261205,0.9933071490757153,0.9890130573694068
397,1,1.0,1.0,1.0,1.0,1.0,1.0,1.0,1.0,0.9935147958823667,0.9608367460615355,0.8529754877758552,0.9933071490757153,0.9890130573694068
398,1,1.0,1.0,1.0,1.0,1.0,1.0,1.0,1.0,0.9934249840109322,0.9607130430482721,0.9974721539597273,0.9933071490757153,0.9890130573694068
399,1,1.0,1.0,1.0,1.0,1.0,1.0,1.0,0.9999999,0.993241871078952,0.9608080006691999,0.9579709488562166,0.9933071490757153,0.9890130573694068
400,1,1.0,1.0,1.0,1.0,1.0,1.0,1.0,1.0,0.9932204091182427,0.960680181398801,0.9298605208520094,0.9933071490757153,0.9890130573694068
401,1,1.0,1.0,1.0,1.0,1.0,1.0,1.0,0.99924254,0.9930717554798693,0.960786548282474,0.9985192374703561,0.9933071490757153,0.9890130573694068
402,1,1.0,1.0,1.0,1.0,1.0,1.0,1.0,1.0,0.9930197022413619,0.9607077292362483,0.9941707942346706,0.9933071490757153,0.9890130573694068
403,1,1.0,1.0,1.0,1.0,1.0,1.0,1.0,1.0,0.9929774401789302,0.960682757153778,0.9345542719332387,0.9933071490757153,0.9890130573694068
404,1,1.0,1.0,1.0,1.0,1.0,1.0,1.0,1.0,0.9928473889512559,0.9606326433600221,0.943181879648438,0.9933071490757153,0.9890130573694068
405,1,1.0,1.0,1.0,1.0,1.0,1.0,1.0,1.0,0.9187846402056056,0.8845966472465097,0.9944290580531371,0.9933071490757153,0.9890130573694068
406,1,1.0,1.0,1.0,1.0,1.0,1.0,1.0,0.9999428,0.9999999999999697,0.9660052329505454,0.9635043086147345,0.9933071490757153,0.9890130573694068
407,1,1.0,1.0,1.0,1.0,1.0,1.0,1.0,0.9999999,0.9999999999999682,0.9661150514618627,0.9989009328289613,0.9933071490757153,0.9890130573694068
408,1,1.0,1.0,1.0,1.0,1.0,1.0,1.0,0.99999964,0.9999999999999313,0.966023053573774,0.5532423975531677,0.9933071490757153,0.9890130573694068
409,1,1.0,1.0,1.0,1.0,1.0,1.0,1.0,1.0,0.9999999999999687,0.9660118392840565,0.9961883674697057,0.9933071490757153,0.9890130573694068
410,1,1.0,1.0,1.0,1.0,1.0,1.0,1.0,1.0,0.9999999999999559,0.9659828715996631,0.9503783446684738,0.9933071490757153,0.9890130573694068
411,1,1.0,1.0,1.0,1.0,1.0,1.0,1.0,1.0,0.9999999999999464,0.9659935576751693,0.9558620081271904,0.9933071490757153,0.9890130573694068
412,1,1.0,1.0,1.0,1.0,1.0,1.0,1.0,1.0,0.9999999999999576,0.9659986969715069,0.9074013470719665,0.9933071490757153,0.9890130573694068
413,0,1.0,1.0,1.0,1.0,1.0,1.0,1.0,2.5509136e-10,0.21268185734297534,0.21421127576304333,0.9910057766762222,0.9933071490757153,0.9890130573694068
414,0,1.0,1.0,1.0,1.0,1.0,1.0,1.0,5.9656127e-13,0.004145110681576179,0.017995335143324846,0.9437431533043366,0.9933071490757153,0.9890130573694068
415,0,1.0,1.0,1.0,1.0,1.0,1.0,1.0,2.5177649e-06,0.004542691189118606,0.017991548802572702,0.9985912499119581,0.9933071490757153,0.9890130573694068
416,0,1.0,1.0,1.0,1.0,1.0,1.0,1.0,3.2335362e-15,0.0047116772155340525,0.017954253424623555,0.7195825432031142,0.9933071490757153,0.9890130573694068
417,0,1.0,1.0,1.0,1.0,1.0,1.0,1.0,1.4360986e-09,0.00457337647205626,0.017960850427386224,0.9422837578708942,0.9933071490757153,0.9890130573694068
418,0,0.0,1.0,1.0,1.0,0.0,0.0,1.0,0.55502546,0.004848272886179605,0.017996589102143863,0.9946368571132507,0.9933071490757153,0.9890130573694068
419,0,1.0,1.0,1.0,1.0,1.0,1.0,1.0,3.6301152e-08,0.003169115466342548,0.01803320509718095,0.9424302595483413,0.9933071490757153,0.9890130573694068
420,0,1.0,1.0,1.0,1.0,1.0,1.0,1.0,0.00020804726,0.005042234260844917,0.018017399580952935,0.998210308010379,0.9933071490757153,0.9890130573694068
421,0,1.0,1.0,1.0,1.0,1.0,1.0,1.0,2.0425522e-13,0.003905784450766081,0.01802724386619669,0.9997014326406021,0.9933071490757153,0.9890130573694068
422,0,1.0,1.0,1.0,1.0,1.0,1.0,1.0,3.0698664e-06,0.004158186391328358,0.017983149299335855,0.997937206137918,0.9933071490757153,0.9890130573694068
423,0,1.0,1.0,1.0,1.0,1.0,1.0,1.0,5.485361e-09,0.0054443429647664104,0.017991088818083572,0.9993503165052193,0.9933071490757153,0.9890130573694068
424,0,1.0,1.0,1.0,1.0,1.0,1.0,1.0,8.3994045e-18,0.004079522700893446,0.017968600794464322,0.9999719654257632,0.9933071490757153,0.9890130573694068
425,0,1.0,1.0,1.0,1.0,1.0,1.0,1.0,1.9635571e-10,0.0048063917303410855,0.017977208640025912,0.9703263100300736,0.9933071490757153,0.9890130573694068
426,0,1.0,1.0,1.0,1.0,1.0,1.0,1.0,2.2862873e-11,0.003976301384257683,0.018002509717787378,0.9981243980711986,0.9933071490757153,0.9890130573694068
427,0,1.0,1.0,1.0,1.0,1.0,1.0,1.0,1.0409393e-14,0.005391162442648655,0.01800825854425253,0.9991572321546921,0.9933071490757153,0.9890130573694068
428,0,1.0,1.0,1.0,1.0,1.0,1.0,1.0,5.922049e-08,0.00533331770361166,0.01802195359055188,0.9973889178735765,0.9933071490757153,0.9890130573694068
429,0,1.0,1.0,1.0,1.0,1.0,1.0,1.0,1.06342976e-10,0.005443865781441077,0.017983210451488842,0.9944616136471149,0.9933071490757153,0.9890130573694068
430,0,1.0,1.0,1.0,1.0,1.0,1.0,1.0,2.6561738e-06,0.0038307719552123686,0.01802170119849941,0.9902182741672196,0.9933071490757153,0.9890130573694068
431,0,1.0,1.0,1.0,1.0,1.0,1.0,1.0,2.5229213e-14,0.0036130694209224727,0.017979871876793865,0.9002653880630448,0.9933071490757153,0.9890130573694068
432,0,1.0,1.0,1.0,1.0,1.0,1.0,1.0,8.4948235e-09,0.004658144251746975,0.017982300344261713,0.9987934981940624,0.9933071490757153,0.9890130573694068
433,0,1.0,1.0,1.0,1.0,1.0,1.0,1.0,0.00046293685,0.003594354535344749,0.017977604840167815,0.9993599696440956,0.9933071490757153,0.9890130573694068
434,0,1.0,1.0,1.0,1.0,1.0,1.0,1.0,0.00021716973,0.003343497713099351,0.01801661008545741,0.998998045625662,0.9933071490757153,0.9890130573694068
435,0,1.0,1.0,1.0,1.0,1.0,1.0,1.0,0.033517797,0.0034567259397299066,0.01798097330446574,0.995642209375246,0.9933071490757153,0.9890130573694068
436,0,1.0,1.0,1.0,1.0,1.0,1.0,1.0,1.4350312e-12,0.007371955275463413,0.017977659204962606,0.9995000491186564,0.9933071490757153,0.9890130573694068
437,0,1.0,1.0,1.0,1.0,1.0,1.0,1.0,4.7526902e-07,0.0037880622897833336,0.017940029250407503,0.9984527624379841,0.9933071490757153,0.9890130573694068
438,0,1.0,1.0,1.0,1.0,1.0,1.0,1.0,6.227813e-15,0.00418890178481285,0.017983342876197492,0.9133346829817629,0.9933071490757153,0.9890130573694068
439,0,1.0,1.0,1.0,1.0,1.0,1.0,1.0,1.7823998e-08,0.0036232504701667573,0.017999252755750546,0.999758336924347,0.9933071490757153,0.9890130573694068
440,0,1.0,1.0,1.0,1.0,1.0,1.0,1.0,1.075086e-12,0.004153429005487765,0.01798565259144736,0.9993666082816527,0.9933071490757153,0.9890130573694068
441,0,1.0,1.0,1.0,1.0,1.0,1.0,1.0,0.24716257,0.0041440934670588445,0.018004317405027635,0.9928439216578921,0.9933071490757153,0.9890130573694068
442,0,1.0,1.0,1.0,1.0,1.0,1.0,1.0,1.1908706e-11,0.003447809562184046,0.01802994514109739,0.9474408112036444,0.9933071490757153,0.9890130573694068
443,0,1.0,1.0,1.0,1.0,1.0,1.0,1.0,2.0692324e-13,0.005358922687938928,0.017987829398042575,0.9921022026441253,0.9933071490757153,0.9890130573694068
444,0,1.0,1.0,1.0,1.0,1.0,1.0,1.0,3.268695e-08,0.0034837102349568674,0.017978946885245078,0.9522030438304865,0.9933071490757153,0.9890130573694068
445,0,1.0,1.0,1.0,1.0,1.0,1.0,1.0,1.5621916e-05,0.004279313823648291,0.018015149706444935,0.9983332442881409,0.9933071490757153,0.9890130573694068
446,0,1.0,1.0,1.0,1.0,1.0,1.0,1.0,0.06558391,0.0036014514512320056,0.017995185030371414,0.990073533540212,0.9933071490757153,0.9890130573694068
447,0,1.0,1.0,1.0,1.0,1.0,1.0,1.0,2.475194e-11,0.0050018841692523845,0.0179716896604291,0.996254267068034,0.9933071490757153,0.9890130573694068
448,0,1.0,1.0,1.0,1.0,1.0,1.0,1.0,3.6301152e-08,0.004801047049352215,0.01798746091555522,0.9424302595483413,0.9933071490757153,0.9890130573694068
449,0,1.0,1.0,1.0,1.0,1.0,1.0,1.0,4.7615655e-13,0.003137802065954391,0.01799443745299772,0.9494406645269254,0.9933071490757153,0.9890130573694068
450,0,1.0,1.0,1.0,1.0,1.0,1.0,1.0,2.7918673e-05,0.004880557763454566,0.018016917204895164,0.9573858508439491,0.9933071490757153,0.9890130573694068
451,0,1.0,1.0,1.0,1.0,1.0,1.0,1.0,1.5235688e-10,0.00447953519557456,0.018000426004838265,0.999908341946712,0.9933071490757153,0.9890130573694068
452,0,1.0,1.0,1.0,1.0,1.0,1.0,1.0,7.483814e-12,0.0040662864883279585,0.017973722302237666,0.9999886459307127,0.9933071490757153,0.9890130573694068
453,0,1.0,1.0,1.0,1.0,1.0,1.0,1.0,6.0328983e-07,0.0031858463564509265,0.018015228938335674,0.9919468359896784,0.9933071490757153,0.9890130573694068
454,0,1.0,1.0,1.0,1.0,1.0,1.0,1.0,1.8890495e-08,0.0043622132701836005,0.017998096554099948,0.9882221301204265,0.9933071490757153,0.9890130573694068
455,0,1.0,1.0,1.0,1.0,1.0,1.0,1.0,1.04138466e-13,0.004294603414629071,0.017979398318643532,0.9998615472282074,0.9933071490757153,0.9890130573694068
456,0,1.0,1.0,1.0,1.0,1.0,1.0,1.0,6.207127e-09,0.005706555864424737,0.017986709897093844,0.9983979043863443,0.9933071490757153,0.9890130573694068
457,0,1.0,1.0,1.0,1.0,1.0,1.0,1.0,6.289164e-13,0.003526208589732573,0.01797506772763291,0.9965475791931406,0.9933071490757153,0.9890130573694068
458,0,1.0,1.0,1.0,1.0,1.0,1.0,1.0,0.0001164528,0.00427817527620758,0.018024803793142526,0.9948489871503855,0.9933071490757153,0.9890130573694068
459,0,1.0,1.0,1.0,1.0,1.0,1.0,1.0,8.343044e-10,0.003554922172966109,0.018019229108870254,0.999167235714994,0.9933071490757153,0.9890130573694068
460,0,1.0,1.0,1.0,1.0,1.0,1.0,1.0,2.8358274e-11,0.004539400561476028,0.01800352353967461,0.9937636155053198,0.9933071490757153,0.9890130573694068
461,0,1.0,1.0,1.0,1.0,1.0,1.0,1.0,5.380775e-12,0.00398246310235132,0.018002032139771928,0.9677303015945528,0.9933071490757153,0.9890130573694068
462,0,1.0,1.0,1.0,1.0,1.0,1.0,1.0,1.8939956e-12,0.004203417198930906,0.017998040152606667,0.951673602275095,0.9933071490757153,0.9890130573694068
463,0,1.0,1.0,1.0,1.0,1.0,1.0,1.0,2.7712568e-14,0.0025803252479340002,0.0180423017927569,0.9988162952629879,0.9933071490757153,0.9890130573694068
464,1,1.0,1.0,1.0,1.0,0.0,0.0,1.0,0.9981353,0.6511895938994416,0.6101652030083727,0.9805517176845443,0.9933071490757153,0.9890130573694068
465,0,1.0,1.0,1.0,1.0,0.0,0.0,1.0,1.2769852e-05,0.48598122656562326,0.4583830457308239,0.991126415221072,0.9933071490757153,0.9890130573694068
466,0,1.0,1.0,1.0,1.0,1.0,1.0,1.0,3.4769976e-13,0.005241826506715315,0.017929402621941627,0.8426572352672214,0.9933071490757153,0.9890130573694068
467,0,1.0,1.0,1.0,1.0,1.0,1.0,1.0,9.50011e-10,0.0043517059277412675,0.017963530226370417,0.9970151797005063,0.9933071490757153,0.9890130573694068
468,0,1.0,1.0,1.0,1.0,1.0,1.0,1.0,2.580622e-06,0.004469546451420727,0.018000269002149464,0.9918415510347515,0.9933071490757153,0.9890130573694068
469,0,1.0,1.0,1.0,1.0,1.0,1.0,1.0,0.17463042,0.0034511293226292344,0.01790669056452628,0.994339735728087,0.9933071490757153,0.9890130573694068
470,0,1.0,1.0,1.0,1.0,1.0,1.0,1.0,4.7685397e-08,0.0037298623641246168,0.01793864778620008,0.9945557246021917,0.9933071490757153,0.9890130573694068
471,1,0.0,1.0,1.0,1.0,0.0,0.0,1.0,0.2371935,0.983362540705325,0.941656079757459,0.7946938322306907,0.9933071490757153,0.9890130573694068
472,1,1.0,1.0,1.0,1.0,1.0,1.0,1.0,0.923362,0.99999999999997,0.9573806287253053,0.9826494727234164,0.9933071490757153,0.9890130573694068
473,1,1.0,1.0,1.0,1.0,1.0,1.0,1.0,1.0,0.99999999999997,0.9573719677705828,0.9975318705174454,0.9933071490757153,0.9890130573694068
474,1,1.0,1.0,1.0,1.0,1.0,1.0,1.0,1.0,0.99999999999997,0.9572732889035961,0.993185255462296,0.9933071490757153,0.9890130573694068
475,1,1.0,1.0,1.0,1.0,1.0,1.0,1.0,1.0,0.99999999999997,0.9573801178171176,0.9949821581880332,0.9933071490757153,0.9890130573694068
476,1,1.0,1.0,1.0,1.0,1.0,1.0,1.0,1.0,0.99999999999997,0.9572967087429816,0.9832106537164823,0.9933071490757153,0.9890130573694068
477,1,1.0,1.0,1.0,1.0,1.0,1.0,1.0,1.0,0.99999999999997,0.9573341122293069,0.9995621995095887,0.9933071490757153,0.9890130573694068
478,1,1.0,1.0,1.0,1.0,1.0,1.0,1.0,1.0,0.99999999999997,0.9573556700605924,0.9974577456488538,0.9933071490757153,0.9890130573694068
479,1,1.0,1.0,1.0,1.0,1.0,1.0,1.0,1.0,0.99999999999997,0.9573757191482731,0.9324533088603709,0.9933071490757153,0.9890130573694068
480,1,1.0,1.0,1.0,1.0,1.0,1.0,1.0,0.9999989,0.99999999999997,0.9573907739817782,0.9981671179996457,0.9933071490757153,0.9890130573694068
481,1,1.0,1.0,1.0,1.0,1.0,1.0,1.0,0.95600516,0.99999999999997,0.957399548883147,0.6634061535129593,0.9933071490757153,0.9890130573694068
482,1,1.0,1.0,1.0,1.0,1.0,1.0,1.0,1.0,0.99999999999997,0.9573766063027519,0.9705707731371274,0.9933071490757153,0.9890130573694068
483,1,1.0,1.0,1.0,1.0,1.0,1.0,1.0,1.0,0.99999999999997,0.9573657488211355,0.988243021970549,0.9933071490757153,0.9890130573694068
484,1,1.0,1.0,1.0,1.0,1.0,1.0,1.0,1.0,0.99999999999997,0.9573546547876846,0.9639275543191664,0.9933071490757153,0.9890130573694068
485,1,1.0,1.0,1.0,1.0,1.0,1.0,1.0,0.9999974,0.99999999999997,0.9573709741223372,0.9941427637548189,0.9933071490757153,0.9890130573694068
486,1,1.0,1.0,1.0,1.0,1.0,1.0,1.0,1.0,0.99999999999997,0.9574058179872069,0.5845262444692684,0.9933071490757153,0.9890130573694068
487,1,1.0,1.0,1.0,1.0,1.0,1.0,1.0,1.0,0.99999999999997,0.9572949292105573,0.9993923356654477,0.9933071490757153,0.9890130573694068
488,1,1.0,1.0,1.0,1.0,1.0,1.0,1.0,1.0,0.99999999999997,0.9572628132564205,0.8072482763468041,0.9933071490757153,0.9890130573694068
489,1,1.0,1.0,1.0,1.0,1.0,1.0,1.0,0.99999976,0.99999999999997,0.9574077013975778,0.9998133235196397,0.9933071490757153,0.9890130573694068
490,1,1.0,1.0,1.0,1.0,1.0,1.0,1.0,0.98029023,0.99999999999997,0.9574585665797124,0.999864722282681,0.9933071490757153,0.9890130573694068
491,1,1.0,1.0,1.0,1.0,1.0,1.0,1.0,1.0,0.99999999999997,0.9573193447621,0.9968911334926136,0.9933071490757153,0.9890130573694068
492,1,1.0,1.0,1.0,1.0,1.0,1.0,1.0,1.0,0.99999999999997,0.9573707442585604,0.9997152191114753,0.9933071490757153,0.9890130573694068
493,1,1.0,1.0,1.0,1.0,1.0,1.0,1.0,0.999995,0.99999999999997,0.957376504726144,0.9993036409926831,0.9933071490757153,0.9890130573694068
494,1,1.0,1.0,1.0,1.0,1.0,1.0,1.0,1.0,0.99999999999997,0.957305420351651,0.9679310901720676,0.9933071490757153,0.9890130573694068
495,1,1.0,1.0,1.0,1.0,1.0,1.0,1.0,1.0,0.99999999999997,0.9574042438043449,0.9998034681138462,0.9933071490757153,0.9890130573694068
496,1,1.0,1.0,1.0,1.0,1.0,1.0,1.0,1.0,0.99999999999997,0.9572459908382102,0.9981883038982182,0.9933071490757153,0.9890130573694068
497,1,1.0,1.0,1.0,1.0,1.0,1.0,1.0,1.0,0.99999999999997,0.9573016939897232,0.6180199338147758,0.9933071490757153,0.9890130573694068
498,1,1.0,1.0,1.0,1.0,1.0,1.0,1.0,0.9991246,0.99999999999997,0.9572873620779115,0.5705662232765984,0.9933071490757153,0.9890130573694068
499,1,1.0,1.0,1.0,1.0,1.0,1.0,1.0,1.0,0.99999999999997,0.9572956737185677,0.9938736283982835,0.9933071490757153,0.9890130573694068
500,1,1.0,1.0,1.0,1.0,1.0,1.0,1.0,1.0,0.99999999999997,0.9573241609722439,0.966803264709846,0.9933071490757153,0.9890130573694068
501,1,1.0,1.0,1.0,1.0,1.0,1.0,1.0,0.99999785,0.99999999999997,0.9572374527727006,0.9998641474360097,0.9933071490757153,0.9890130573694068
502,1,1.0,1.0,1.0,1.0,1.0,1.0,1.0,1.0,0.99999999999997,0.9573445556038628,0.9991952088664012,0.9933071490757153,0.9890130573694068
503,1,1.0,1.0,1.0,1.0,1.0,1.0,1.0,0.9999994,0.99999999999997,0.9573749645845143,0.5399796203406995,0.9933071490757153,0.9890130573694068
504,1,1.0,1.0,1.0,1.0,1.0,1.0,1.0,0.9999995,0.99999999999997,0.9573084716026034,0.9901461504579078,0.9933071490757153,0.9890130573694068
505,1,1.0,1.0,1.0,1.0,1.0,1.0,1.0,1.0,0.99999999999997,0.957400096329054,0.9982457461874501,0.9933071490757153,0.9890130573694068
506,1,1.0,1.0,1.0,1.0,1.0,1.0,1.0,1.0,0.99999999999997,0.9573279798599209,0.9996403155866256,0.9933071490757153,0.9890130573694068
507,1,1.0,1.0,1.0,1.0,1.0,1.0,1.0,1.0,0.99999999999997,0.9574603917194362,0.9963620925503588,0.9933071490757153,0.9890130573694068
508,1,1.0,1.0,1.0,1.0,1.0,1.0,1.0,1.0,0.99999999999997,0.9573182034312873,0.8715696181672996,0.9933071490757153,0.9890130573694068
509,1,1.0,1.0,1.0,1.0,1.0,1.0,1.0,0.999998,0.99999999999997,0.957249644026191,0.9827241642341763,0.9933071490757153,0.9890130573694068
510,1,1.0,1.0,1.0,1.0,1.0,1.0,1.0,1.0,0.99999999999997,0.95732823676295,0.9287942111642424,0.9933071490757153,0.9890130573694068
511,1,1.0,1.0,1.0,1.0,1.0,1.0,1.0,0.9999981,0.99999999999997,0.9572396335803444,0.7108218047522769,0.9933071490757153,0.9890130573694068
512,1,1.0,1.0,1.0,1.0,1.0,1.0,1.0,1.0,0.99999999999997,0.9574734010987591,0.9984813614304807,0.9933071490757153,0.9890130573694068
513,1,1.0,1.0,1.0,1.0,1.0,1.0,1.0,0.9989341,0.99999999999997,0.9571716724992926,0.9603515077435356,0.9933071490757153,0.9890130573694068
514,1,1.0,1.0,1.0,1.0,1.0,1.0,1.0,0.99999714,0.99999999999997,0.9572905962877848,0.9316086858026174,0.9933071490757153,0.9890130573694068
515,1,1.0,1.0,1.0,1.0,1.0,1.0,1.0,1.0,0.99999999999997,0.957408159583127,0.5631580296325531,0.9933071490757153,0.9890130573694068
516,1,1.0,1.0,1.0,1.0,1.0,1.0,1.0,1.0,0.99999999999997,0.9573726323794081,0.9972086901972916,0.9933071490757153,0.9890130573694068
517,1,1.0,1.0,1.0,1.0,1.0,1.0,1.0,1.0,0.99999999999997,0.957397148896758,0.9900447409271893,0.9933071490757153,0.9890130573694068
518,1,1.0,1.0,1.0,1.0,1.0,1.0,1.0,1.0,0.99999999999997,0.9573415162077302,0.875600586281366,0.9933071490757153,0.9890130573694068
519,1,1.0,1.0,1.0,1.0,1.0,1.0,1.0,1.0,0.99999999999997,0.9573402779084714,0.995705972815073,0.9933071490757153,0.9890130573694068
520,1,1.0,1.0,1.0,1.0,1.0,1.0,1.0,1.0,0.99999999999997,0.9573525426046682,0.999294981750817,0.9933071490757153,0.9890130573694068
521,1,1.0,1.0,1.0,1.0,1.0,1.0,1.0,0.99995625,0.99999999999997,0.9573624151493021,0.9767727587170463,0.9933071490757153,0.9890130573694068
522,1,1.0,1.0,1.0,1.0,1.0,1.0,1.0,1.0,0.99999999999997,0.9573117290173105,0.9914913073591773,0.9933071490757153,0.9890130573694068
523,1,1.0,1.0,1.0,1.0,1.0,1.0,1.0,0.9999585,0.99999999999997,0.9571685081851573,0.9983469135392308,0.9933071490757153,0.9890130573694068
524,1,1.0,1.0,1.0,1.0,1.0,1.0,1.0,1.0,0.99999999999997,0.9571680123507756,0.9262386502084241,0.9933071490757153,0.9890130573694068
525,1,1.0,1.0,1.0,1.0,1.0,1.0,1.0,1.0,0.99999999999997,0.9573014963315456,0.9554944505268729,0.9933071490757153,0.9890130573694068
526,1,1.0,1.0,1.0,1.0,1.0,1.0,1.0,0.9981451,0.99999999999997,0.9572955947331205,0.9927734060049203,0.9933071490757153,0.9890130573694068
527,1,1.0,1.0,1.0,1.0,1.0,1.0,1.0,1.0,0.99999999999997,0.9573848374394013,0.9998034681138462,0.9933071490757153,0.9890130573694068
528,1,1.0,1.0,1.0,1.0,1.0,1.0,1.0,1.0,0.99999999999997,0.9573007207011404,0.9600060291474057,0.9933071490757153,0.9890130573694068
529,1,1.0,1.0,1.0,1.0,1.0,1.0,1.0,1.0,0.99999999999997,0.957475280118601,0.9855134906874035,0.9933071490757153,0.9890130573694068
530,1,1.0,1.0,1.0,1.0,1.0,1.0,1.0,1.0,0.99999999999997,0.9573398293020303,0.9904944893815404,0.9933071490757153,0.9890130573694068
531,1,1.0,1.0,1.0,1.0,1.0,1.0,1.0,0.9999889,0.99999999999997,0.9573980363876751,0.9183386426600785,0.9933071490757153,0.9890130573694068
532,1,1.0,1.0,1.0,1.0,1.0,1.0,1.0,1.0,0.99999999999997,0.9573917190929675,0.9848075749966261,0.9933071490757153,0.9890130573694068
533,1,1.0,1.0,1.0,1.0,1.0,1.0,1.0,0.99992573,0.99999999999997,0.9572220613400062,0.9846133399849264,0.9933071490757153,0.9890130573694068
534,1,1.0,1.0,1.0,1.0,1.0,1.0,1.0,0.9999999,0.99999999999997,0.9573890767106492,0.990107007903733,0.9933071490757153,0.9890130573694068
535,1,1.0,1.0,1.0,1.0,1.0,1.0,1.0,1.0,0.99999999999997,0.9573612430240235,0.6984923634769793,0.9933071490757153,0.9890130573694068
536,1,1.0,1.0,1.0,1.0,1.0,1.0,1.0,0.99999964,0.99999999999997,0.9574267450081481,0.9755829287641155,0.9933071490757153,0.9890130573694068
537,1,1.0,1.0,1.0,1.0,1.0,1.0,1.0,1.0,0.99999999999997,0.957339458928658,0.9978026624290602,0.9933071490757153,0.9890130573694068
538,1,1.0,1.0,1.0,1.0,1.0,1.0,1.0,1.0,0.99999999999997,0.9575056914353335,0.9974369194670678,0.9933071490757153,0.9890130573694068
539,1,1.0,1.0,1.0,1.0,1.0,1.0,1.0,1.0,0.99999999999997,0.9572429656976948,0.9944629846456164,0.9933071490757153,0.9890130573694068
540,1,1.0,1.0,1.0,1.0,1.0,1.0,1.0,1.0,0.99999999999997,0.957313287026184,0.9499472282946773,0.9933071490757153,0.9890130573694068
541,1,1.0,1.0,1.0,1.0,1.0,1.0,1.0,1.0,0.99999999999997,0.9573408063138246,0.9995972062072678,0.9933071490757153,0.9890130573694068
542,1,1.0,1.0,1.0,1.0,1.0,1.0,1.0,0.9999999,0.99999999999997,0.9573187746944379,0.7471575579130543,0.9933071490757153,0.9890130573694068
543,1,1.0,1.0,1.0,1.0,1.0,1.0,1.0,1.0,0.99999999999997,0.9574024491198105,0.9490949107048228,0.9933071490757153,0.9890130573694068
544,1,1.0,1.0,1.0,1.0,1.0,1.0,1.0,0.9999999,0.99999999999997,0.9572489297700902,0.9521327277643543,0.9933071490757153,0.9890130573694068
545,1,1.0,1.0,1.0,1.0,1.0,1.0,1.0,1.0,0.99999999999997,0.9573371548902223,0.9984566819464655,0.9933071490757153,0.9890130573694068
546,1,1.0,1.0,1.0,1.0,1.0,1.0,1.0,0.9999583,0.99999999999997,0.9573917136269456,0.9743710436115257,0.9933071490757153,0.9890130573694068
547,1,1.0,1.0,1.0,1.0,1.0,1.0,1.0,1.0,0.99999999999997,0.9574046948124563,0.9762129978175753,0.9933071490757153,0.9890130573694068
548,1,1.0,1.0,1.0,1.0,1.0,1.0,1.0,1.0,0.99999999999997,0.9573777191136,0.997173786055667,0.9933071490757153,0.9890130573694068
549,1,1.0,1.0,1.0,1.0,1.0,1.0,1.0,0.99998546,0.99999999999997,0.9574001870350167,0.9979684512636778,0.9933071490757153,0.9890130573694068
550,1,1.0,1.0,1.0,1.0,1.0,1.0,1.0,1.0,0.99999999999997,0.957310779793066,0.89132174362642,0.9933071490757153,0.9890130573694068
551,1,1.0,1.0,1.0,1.0,1.0,1.0,1.0,1.0,0.99999999999997,0.9573338584931904,0.9982457461874501,0.9933071490757153,0.9890130573694068
552,1,1.0,1.0,1.0,1.0,1.0,1.0,1.0,0.9999999,0.99999999999997,0.9572314345183812,0.990107007903733,0.9933071490757153,0.9890130573694068
553,1,1.0,1.0,1.0,1.0,1.0,1.0,1.0,0.9999981,0.99999999999997,0.9573425546213065,0.9657870074881826,0.9933071490757153,0.9890130573694068
554,1,1.0,1.0,1.0,1.0,1.0,1.0,1.0,1.0,0.99999999999997,0.9572982193817481,0.9945311123996511,0.9933071490757153,0.9890130573694068
555,1,1.0,1.0,1.0,1.0,1.0,1.0,1.0,1.0,0.99999999999997,0.9573886203805283,0.9500007573512524,0.9933071490757153,0.9890130573694068
556,1,1.0,1.0,1.0,1.0,1.0,1.0,1.0,1.0,0.99999999999997,0.9574765015169336,0.9822507179352163,0.9933071490757153,0.9890130573694068
557,1,1.0,1.0,1.0,1.0,1.0,1.0,1.0,0.99956864,0.99999999999997,0.9574270690653987,0.9800274578894133,0.9933071490757153,0.9890130573694068
558,1,1.0,1.0,1.0,1.0,1.0,1.0,1.0,1.0,0.99999999999997,0.957366417385519,0.9452288950802206,0.9933071490757153,0.9890130573694068
559,1,1.0,1.0,1.0,1.0,1.0,1.0,1.0,1.0,0.99999999999997,0.957307320025712,0.997173786055667,0.9933071490757153,0.9890130573694068
560,1,1.0,1.0,1.0,1.0,1.0,1.0,1.0,0.99996936,0.99999999999997,0.9574324065141758,0.9988683802649845,0.9933071490757153,0.9890130573694068
561,1,1.0,1.0,1.0,1.0,1.0,1.0,1.0,0.99997294,0.99999999999997,0.9573367729348451,0.9356420825804335,0.9933071490757153,0.9890130573694068
562,1,1.0,1.0,1.0,1.0,1.0,1.0,1.0,1.0,0.99999999999997,0.9573313223606887,0.9666770074785324,0.9933071490757153,0.9890130573694068
563,1,1.0,1.0,1.0,1.0,1.0,1.0,1.0,1.0,0.99999999999997,0.9572976927743416,0.5527794331959262,0.9933071490757153,0.9890130573694068
564,1,1.0,1.0,1.0,1.0,1.0,1.0,1.0,1.0,0.99999999999997,0.9573385154332509,0.9986122792954104,0.9933071490757153,0.9890130573694068
565,1,1.0,1.0,1.0,1.0,1.0,1.0,1.0,0.9919665,0.99999999999997,0.9572474327424083,0.9980073587863795,0.9933071490757153,0.9890130573694068
566,1,1.0,1.0,1.0,1.0,1.0,1.0,1.0,1.0,0.99999999999997,0.9572985770319344,0.9995567552873014,0.9933071490757153,0.9890130573694068
567,1,1.0,1.0,1.0,1.0,1.0,1.0,1.0,1.0,0.99999999999997,0.9573321235030817,0.9997487656180595,0.9933071490757153,0.9890130573694068
568,1,1.0,1.0,1.0,1.0,1.0,1.0,1.0,1.0,0.99999999999997,0.9572568131385728,0.9939013767244443,0.9933071490757153,0.9890130573694068
569,1,1.0,1.0,1.0,1.0,1.0,1.0,1.0,1.0,0.99999999999997,0.957340689043607,0.9994534991285807,0.9933071490757153,0.9890130573694068
570,1,1.0,1.0,1.0,1.0,1.0,1.0,1.0,1.0,0.99999999999997,0.9573093556259257,0.9826271149828205,0.9933071490757153,0.9890130573694068
571,1,1.0,1.0,1.0,1.0,1.0,1.0,1.0,0.9932065,0.99999999999997,0.9573422301714752,0.7370941409933004,0.9933071490757153,0.9890130573694068
572,1,1.0,1.0,1.0,1.0,1.0,1.0,1.0,0.99999666,0.99999999999997,0.957335757830812,0.999452029996397,0.9933071490757153,0.9890130573694068
573,1,1.0,1.0,1.0,1.0,1.0,1.0,1.0,0.9820988,0.99999999999997,0.9573147066735136,0.9755342859537505,0.9933071490757153,0.9890130573694068
574,1,1.0,1.0,1.0,1.0,1.0,1.0,1.0,0.99993825,0.99999999999997,0.957279103803067,0.9996093175663895,0.9933071490757153,0.9890130573694068
575,1,1.0,1.0,1.0,1.0,1.0,1.0,1.0,1.0,0.99999999999997,0.9572944415645291,0.9776280474608222,0.9933071490757153,0.9890130573694068
576,1,1.0,1.0,1.0,1.0,1.0,1.0,1.0,1.0,0.99999999999997,0.9574691414632682,0.9893606989638254,0.9933071490757153,0.9890130573694068
577,1,1.0,1.0,1.0,1.0,1.0,1.0,1.0,0.9999999,0.99999999999997,0.9573258361000682,0.9801257435239146,0.9933071490757153,0.9890130573694068
578,1,1.0,1.0,1.0,1.0,1.0,1.0,1.0,0.9999602,0.99999999999997,0.9573759201791133,0.9960379116227772,0.9933071490757153,0.9890130573694068
579,1,1.0,1.0,1.0,1.0,1.0,1.0,1.0,1.0,0.99999999999997,0.9572603057699346,0.999127205117121,0.9933071490757153,0.9890130573694068
580,1,1.0,1.0,1.0,1.0,1.0,1.0,1.0,1.0,0.99999999999997,0.9572819126513321,0.999494462415416,0.9933071490757153,0.9890130573694068
581,1,1.0,1.0,1.0,1.0,1.0,1.0,1.0,1.0,0.99999999999997,0.9573333714691398,0.9975318705174454,0.9933071490757153,0.9890130573694068
582,1,1.0,1.0,1.0,1.0,1.0,1.0,1.0,1.0,0.99999999999997,0.9574174170069962,0.9976129341968325,0.9933071490757153,0.9890130573694068
583,1,1.0,1.0,1.0,1.0,1.0,1.0,1.0,1.0,0.99999999999997,0.9574546235661562,0.9994816439050238,0.9933071490757153,0.9890130573694068
584,1,1.0,1.0,1.0,1.0,1.0,1.0,1.0,1.0,0.99999999999997,0.9572915958205207,0.8244449446062205,0.9933071490757153,0.9890130573694068
585,0,1.0,0.6333333333333333,1.0,1.0,0.0,0.0,1.0,7.0682546e-07,0.6058658005874764,0.2058084236489122,0.997303613359084,0.9933071490757153,0.9890130573694068
586,0,1.0,1.0,1.0,1.0,1.0,1.0,1.0,1.49261e-07,0.015946897948025788,0.01802053631286359,0.9965497048351973,0.9933071490757153,0.9890130573694068
587,0,1.0,1.0,1.0,1.0,1.0,1.0,1.0,2.8691318e-13,0.006685312512791008,0.017992121689132955,0.9994399434270754,0.9933071490757153,0.9890130573694068
588,0,1.0,1.0,1.0,1.0,1.0,1.0,1.0,1.4360986e-09,0.004265120384577082,0.01803265032500378,0.9422837578708942,0.9933071490757153,0.9890130573694068
589,0,1.0,1.0,1.0,1.0,1.0,1.0,1.0,9.042186e-14,0.004113259115067264,0.0179871507403226,0.9948760964513659,0.9933071490757153,0.9890130573694068
590,0,1.0,1.0,1.0,1.0,1.0,1.0,1.0,3.5713534e-09,0.0035034956034932663,0.017997702561340326,0.9922714005033167,0.9933071490757153,0.9890130573694068
591,0,1.0,1.0,1.0,1.0,1.0,1.0,1.0,0.011468478,0.005539307314083166,0.017979498064263466,0.9802658264640227,0.9933071490757153,0.9890130573694068
592,0,1.0,1.0,1.0,1.0,1.0,1.0,1.0,0.0009685895,0.004498473205291506,0.017968199166034964,0.9940552882031537,0.9933071490757153,0.9890130573694068
593,0,1.0,1.0,1.0,1.0,1.0,1.0,1.0,1.2483182e-09,0.004184154165753278,0.018020351741659026,0.9990419080595078,0.9933071490757153,0.9890130573694068
594,0,1.0,1.0,1.0,1.0,1.0,1.0,1.0,3.413408e-14,0.004073814572240508,0.01800235512803603,0.9992567387715061,0.9933071490757153,0.9890130573694068
595,0,1.0,1.0,1.0,1.0,1.0,1.0,1.0,2.3518e-06,0.005123448025894065,0.018025371234785793,0.9322994333674488,0.9933071490757153,0.9890130573694068
596,0,1.0,1.0,1.0,1.0,1.0,1.0,1.0,1.458509e-15,0.005972506461018241,0.017978021871384923,0.9986209217298081,0.9933071490757153,0.9890130573694068
597,0,1.0,1.0,1.0,1.0,1.0,1.0,1.0,7.100475e-07,0.003879771136928682,0.017968391196985917,0.9787355161457602,0.9933071490757153,0.9890130573694068
598,0,1.0,1.0,1.0,1.0,1.0,1.0,1.0,1.7297139e-12,0.004021529316308019,0.017993681552352613,0.9929430764630545,0.9933071490757153,0.9890130573694068
599,0,1.0,1.0,1.0,1.0,1.0,1.0,1.0,1.4226966e-08,0.0029421700484856803,0.01796534500941553,0.9998212579518387,0.9933071490757153,0.9890130573694068
600,0,1.0,1.0,1.0,1.0,1.0,1.0,1.0,3.6651143e-06,0.0037716712304531096,0.017947112581807725,0.9885903021126833,0.9933071490757153,0.9890130573694068
601,0,1.0,1.0,1.0,1.0,1.0,1.0,1.0,2.1598137e-06,0.004643612641699632,0.017997832861298444,0.9972958530424092,0.9933071490757153,0.9890130573694068
602,0,1.0,1.0,1.0,1.0,1.0,1.0,1.0,6.217808e-11,0.003638552001718106,0.017963106952028532,0.9823276173775158,0.9933071490757153,0.9890130573694068
603,0,1.0,1.0,1.0,1.0,1.0,1.0,1.0,1.1777522e-13,0.0034814764603931583,0.018034614007339727,0.8922058767584568,0.9933071490757153,0.9890130573694068
604,0,1.0,1.0,1.0,1.0,1.0,1.0,1.0,3.2335362e-15,0.003612781932265648,0.01799645997940787,0.7195825432031142,0.9933071490757153,0.9890130573694068
605,0,1.0,1.0,1.0,1.0,1.0,1.0,1.0,0.0013155938,0.003582798664800802,0.01794563097789571,0.9926902695965325,0.9933071490757153,0.9890130573694068
606,1,1.0,1.0,1.0,1.0,1.0,1.0,1.0,1.0,0.784215588624711,0.7840537916349766,0.9997803300375719,0.9933071490757153,0.9890130573694068
607,1,1.0,1.0,1.0,1.0,1.0,1.0,1.0,1.0,0.9999999999984145,0.9959206199100442,0.9420372454368549,0.9933071490757153,0.9890130573694068
608,1,1.0,1.0,1.0,1.0,1.0,1.0,1.0,1.0,0.9999999999984532,0.995916353174794,0.9992998185451856,0.9933071490757153,0.9890130573694068
609,1,1.0,1.0,1.0,1.0,1.0,1.0,1.0,0.99999964,0.9999999999992804,0.9959304002015139,0.614864268738593,0.9933071490757153,0.9890130573694068
610,1,1.0,1.0,1.0,1.0,1.0,1.0,1.0,1.0,0.9999999999998385,0.9959138936611237,0.9990199960776082,0.9933071490757153,0.9890130573694068
611,1,1.0,1.0,1.0,1.0,1.0,1.0,1.0,0.9964586,0.999999999999073,0.9959252193913234,0.9915073481917241,0.9933071490757153,0.9890130573694068
612,1,1.0,1.0,1.0,1.0,1.0,1.0,1.0,1.0,0.9999999999876077,0.9959256972822021,0.9287942111642424,0.9933071490757153,0.9890130573694068
613,0,1.0,1.0,1.0,1.0,1.0,1.0,1.0,7.7522316e-07,0.005332836782392409,0.017987707052135416,0.9996364373445367,0.9933071490757153,0.9890130573694068
614,0,1.0,1.0,1.0,1.0,1.0,1.0,1.0,4.6004242e-10,0.004007540969942567,0.017993238231299526,0.9369117059713367,0.9933071490757153,0.9890130573694068
615,0,1.0,1.0,1.0,1.0,1.0,1.0,1.0,1.8047841e-11,0.00493066244645846,0.01798506791455711,0.9970289773666676,0.9933071490757153,0.9890130573694068
616,0,1.0,1.0,1.0,1.0,1.0,1.0,1.0,7.192462e-08,0.004085206915573257,0.018029042655487694,0.9983078923350568,0.9933071490757153,0.9890130573694068
617,0,1.0,1.0,1.0,1.0,1.0,1.0,1.0,1.1843487e-08,0.005762498898286432,0.017977359767227814,0.9971144430939773,0.9933071490757153,0.9890130573694068
618,0,1.0,1.0,1.0,1.0,1.0,1.0,1.0,1.3037531e-08,0.005396473427479722,0.017966399919336594,0.9933021958230617,0.9933071490757153,0.9890130573694068
619,0,1.0,1.0,1.0,1.0,1.0,1.0,1.0,4.0963247e-10,0.0041819331392857016,0.017994496613825496,0.8684726600743855,0.9933071490757153,0.9890130573694068
620,1,1.0,0.9833333333333333,1.0,1.0,1.0,1.0,1.0,0.9999976,0.9334132864719286,0.8688314257671278,0.9997428013212655,0.9933071490757153,0.9890130573694068
621,1,1.0,1.0,1.0,1.0,1.0,1.0,1.0,1.0,0.99999999999997,0.946246756003674,0.9951118454806464,0.9933071490757153,0.9890130573694068
622,1,1.0,1.0,1.0,1.0,1.0,1.0,1.0,1.0,0.99999999999997,0.9462154315067575,0.9420372454368549,0.9933071490757153,0.9890130573694068
623,1,1.0,1.0,1.0,1.0,1.0,1.0,1.0,1.0,0.99999999999997,0.9460310657210836,0.9997825515363279,0.9933071490757153,0.9890130573694068
624,1,1.0,1.0,1.0,1.0,1.0,1.0,1.0,1.0,0.99999999999997,0.9462221900046792,0.9991870490817953,0.9933071490757153,0.9890130573694068
625,1,1.0,1.0,1.0,1.0,1.0,1.0,1.0,1.0,0.99999999999997,0.9461434420491986,0.9982410547609468,0.9933071490757153,0.9890130573694068
626,1,1.0,1.0,1.0,1.0,1.0,1.0,1.0,1.0,0.99999999999997,0.9461544191777347,0.9998966843937418,0.9933071490757153,0.9890130573694068
627,1,1.0,1.0,1.0,1.0,1.0,1.0,1.0,1.0,0.99999999999997,0.9460686785637772,0.8737344042281255,0.9933071490757153,0.9890130573694068
628,1,1.0,1.0,1.0,1.0,1.0,1.0,1.0,0.9993013,0.99999999999997,0.9461383250655753,0.9912138629047057,0.9933071490757153,0.9890130573694068
629,1,1.0,1.0,1.0,1.0,1.0,1.0,1.0,1.0,0.99999999999997,0.9461751836111395,0.953540421649482,0.9933071490757153,0.9890130573694068
630,1,1.0,1.0,1.0,1.0,1.0,1.0,1.0,0.99981683,0.99999999999997,0.9461340026915859,0.9718834432625131,0.9933071490757153,0.9890130573694068
631,1,1.0,1.0,1.0,1.0,1.0,1.0,1.0,0.9991246,0.99999999999997,0.9463787010264444,0.5705662232765984,0.9933071490757153,0.9890130573694068
632,1,1.0,1.0,1.0,1.0,1.0,1.0,1.0,1.0,0.99999999999997,0.9462127263357836,0.9297786559752929,0.9933071490757153,0.9890130573694068
633,1,1.0,1.0,1.0,1.0,1.0,1.0,1.0,1.0,0.99999999999997,0.9461832694268122,0.9345542719332387,0.9933071490757153,0.9890130573694068
634,1,1.0,1.0,1.0,1.0,1.0,1.0,1.0,1.0,0.99999999999997,0.9461179552527292,0.9965971201429977,0.9933071490757153,0.9890130573694068
635,1,1.0,1.0,1.0,1.0,1.0,1.0,1.0,1.0,0.99999999999997,0.9460112535135177,0.9868352315495382,0.9933071490757153,0.9890130573694068
636,1,1.0,1.0,1.0,1.0,1.0,1.0,1.0,0.9999982,0.99999999999997,0.9461680027438781,0.9761928213169195,0.9933071490757153,0.9890130573694068
637,1,1.0,1.0,1.0,1.0,1.0,1.0,1.0,1.0,0.99999999999997,0.9461428346125096,0.884208301577366,0.9933071490757153,0.9890130573694068
638,1,1.0,1.0,1.0,1.0,1.0,1.0,1.0,0.99999964,0.99999999999997,0.9462199899081511,0.9755829287641155,0.9933071490757153,0.9890130573694068
639,1,1.0,1.0,1.0,1.0,1.0,1.0,1.0,1.0,0.99999999999997,0.946224504900035,0.9994726163981947,0.9933071490757153,0.9890130573694068
640,1,1.0,1.0,1.0,1.0,1.0,1.0,1.0,0.99999917,0.99999999999997,0.9461948706831431,0.7741676991931379,0.9933071490757153,0.9890130573694068
641,1,1.0,1.0,1.0,1.0,1.0,1.0,1.0,1.0,0.99999999999997,0.9462044571595162,0.990979025484609,0.9933071490757153,0.9890130573694068
642,1,1.0,1.0,1.0,1.0,1.0,1.0,1.0,1.0,0.99999999999997,0.9461870581020245,0.9983238958307725,0.9933071490757153,0.9890130573694068
643,1,1.0,1.0,1.0,1.0,1.0,1.0,1.0,0.99924636,0.99999999999997,0.9461353807639448,0.9856276424356207,0.9933071490757153,0.9890130573694068
644,1,1.0,1.0,1.0,1.0,1.0,1.0,1.0,1.0,0.99999999999997,0.9460188901693449,0.9883210488349458,0.9933071490757153,0.9890130573694068
645,1,1.0,1.0,1.0,1.0,1.0,1.0,1.0,0.9999869,0.99999999999997,0.9460302561117655,0.9747160573614366,0.9933071490757153,0.9890130573694068
646,0,1.0,0.9833333333333333,1.0,1.0,0.0,0.0,1.0,1.0916987e-10,0.3580376188753491,0.3119193957071611,0.9999150405502033,0.9933071490757153,0.9890130573694068
647,0,1.0,1.0,1.0,1.0,1.0,1.0,1.0,0.001928028,0.007449353546724106,0.01798938672860599,0.9975986946513583,0.9933071490757153,0.9890130573694068
648,0,1.0,1.0,1.0,1.0,1.0,1.0,1.0,3.6395262e-10,0.0043011865599265585,0.018009391566763476,0.9997196488033402,0.9933071490757153,0.9890130573694068
649,0,1.0,1.0,1.0,1.0,1.0,1.0,1.0,0.00096530706,0.003470684683755351,0.017948554832356512,0.9962582487951773,0.9933071490757153,0.9890130573694068
650,0,1.0,1.0,1.0,1.0,1.0,1.0,1.0,0.0005050147,0.0033529406702187637,0.018026937033962086,0.9999391110151016,0.9933071490757153,0.9890130573694068
651,0,1.0,1.0,1.0,1.0,1.0,1.0,1.0,9.2810396e-08,0.0031507618151504486,0.017961024436896737,0.9130612385513861,0.9933071490757153,0.9890130573694068
652,0,1.0,1.0,1.0,1.0,1.0,1.0,1.0,3.6759896e-08,0.005216588691740046,0.018001790689598222,0.994266592638601,0.9933071490757153,0.9890130573694068
653,0,1.0,1.0,1.0,1.0,1.0,1.0,1.0,0.0006434593,0.003995915790658063,0.017982364908489246,0.9972959989423791,0.9933071490757153,0.9890130573694068
654,0,1.0,1.0,1.0,1.0,1.0,1.0,1.0,0.00011751432,0.0030730168159437865,0.017978085219698233,0.998012803103385,0.9933071490757153,0.9890130573694068
655,0,1.0,1.0,1.0,1.0,1.0,1.0,1.0,0.24851744,0.005189769414682918,0.01795286128950456,0.9999069330593284,0.9933071490757153,0.9890130573694068
656,0,1.0,1.0,1.0,1.0,1.0,1.0,1.0,3.3409805e-07,0.004283236716648182,0.018004716996411582,0.9895651618190037,0.9933071490757153,0.9890130573694068
657,0,1.0,1.0,1.0,1.0,1.0,1.0,1.0,2.0897035e-08,0.003259225763873546,0.017972839270460582,0.9983204715591528,0.9933071490757153,0.9890130573694068
658,0,1.0,1.0,1.0,1.0,1.0,1.0,1.0,2.1074973e-06,0.004240103830833993,0.0180045864733823,0.999890324671743,0.9933071490757153,0.9890130573694068
659,0,1.0,1.0,1.0,1.0,1.0,1.0,1.0,9.946235e-10,0.004576619912609762,0.017991042415122848,0.9989497510268208,0.9933071490757153,0.9890130573694068
660,0,1.0,1.0,1.0,1.0,1.0,1.0,1.0,1.9372341e-10,0.0055253336966018095,0.017997869906492842,0.9920424850772689,0.9933071490757153,0.9890130573694068
661,0,1.0,1.0,1.0,1.0,1.0,1.0,1.0,4.845689e-10,0.005757817101072297,0.01799341108206381,0.9996904004834208,0.9933071490757153,0.9890130573694068
662,0,1.0,1.0,1.0,1.0,1.0,1.0,1.0,8.3144636e-07,0.004183251699505572,0.017954779163239825,0.9998718681273165,0.9933071490757153,0.9890130573694068
663,0,1.0,1.0,1.0,1.0,1.0,1.0,1.0,1.6236643e-12,0.0031598060111041834,0.017959506226788727,0.9975018879800017,0.9933071490757153,0.9890130573694068
664,0,1.0,1.0,1.0,1.0,1.0,1.0,1.0,2.971982e-16,0.003988236590838772,0.018017700290924758,0.9978079286180982,0.9933071490757153,0.9890130573694068
665,0,1.0,1.0,1.0,1.0,1.0,1.0,1.0,9.27264e-07,0.0036164515879766102,0.018011094961523994,0.9435921560466073,0.9933071490757153,0.9890130573694068
666,0,1.0,1.0,1.0,1.0,1.0,1.0,1.0,8.194517e-09,0.0032340356200144015,0.01796447614942049,0.9940852886987795,0.9933071490757153,0.9890130573694068
667,0,1.0,1.0,1.0,1.0,1.0,1.0,1.0,1.4888596e-07,0.0034815536475042027,0.01800458474305592,0.9978158205287613,0.9933071490757153,0.9890130573694068
668,0,1.0,0.9833333333333333,1.0,1.0,0.0,0.0,1.0,1.8047841e-11,0.33606903218733336,0.31756978921270523,0.9970289773666676,0.9933071490757153,0.9890130573694068
669,1,1.0,1.0,1.0,1.0,1.0,1.0,1.0,1.0,0.99999999999997,0.9638880508705723,0.9976477622314479,0.9933071490757153,0.9890130573694068
670,1,1.0,1.0,1.0,1.0,1.0,1.0,1.0,1.0,0.99999999999997,0.9639664043172005,0.9996641762849585,0.9933071490757153,0.9890130573694068
671,1,1.0,1.0,1.0,1.0,1.0,1.0,1.0,0.9831955,0.99999999999997,0.9640396068683881,0.9369625062182566,0.9933071490757153,0.9890130573694068
672,1,1.0,1.0,1.0,1.0,1.0,1.0,1.0,1.0,0.99999999999997,0.9639867550347238,0.9993075318279533,0.9933071490757153,0.9890130573694068
673,1,1.0,1.0,1.0,1.0,1.0,1.0,1.0,1.0,0.99999999999997,0.9639626406417499,0.9828984854531242,0.9933071490757153,0.9890130573694068
674,1,1.0,1.0,1.0,1.0,1.0,1.0,1.0,1.0,0.99999999999997,0.9640813280813629,0.9990453727779722,0.9933071490757153,0.9890130573694068
675,1,1.0,1.0,1.0,1.0,1.0,1.0,1.0,1.0,0.99999999999997,0.9640079413631664,0.9975318705174454,0.9933071490757153,0.9890130573694068
676,1,1.0,1.0,1.0,1.0,1.0,1.0,1.0,0.99996245,0.99999999999997,0.9639368628723956,0.9993071863799787,0.9933071490757153,0.9890130573694068
677,1,1.0,1.0,1.0,1.0,1.0,1.0,1.0,0.99999976,0.99999999999997,0.9639021857120945,0.6607696272911444,0.9933071490757153,0.9890130573694068
678,1,1.0,1.0,1.0,1.0,1.0,1.0,1.0,1.0,0.99999999999997,0.9639884929524393,0.9911357466633574,0.9933071490757153,0.9890130573694068
679,1,1.0,1.0,1.0,1.0,1.0,1.0,1.0,1.0,0.99999999999997,0.9639080615579959,0.9954269587635926,0.9933071490757153,0.9890130573694068
680,1,1.0,1.0,1.0,1.0,1.0,1.0,1.0,0.99999964,0.99999999999997,0.9640822552567037,0.9878198933287393,0.9933071490757153,0.9890130573694068
681,1,1.0,1.0,1.0,1.0,1.0,1.0,1.0,1.0,0.99999999999997,0.9640845364621554,0.9997825515363279,0.9933071490757153,0.9890130573694068
682,1,1.0,1.0,1.0,1.0,1.0,1.0,1.0,0.9999994,0.99999999999997,0.9639912944082807,0.9715152635107532,0.9933071490757153,0.9890130573694068
683,1,1.0,1.0,1.0,1.0,1.0,1.0,1.0,1.0,0.99999999999997,0.9639913515622379,0.7798383440557941,0.9933071490757153,0.9890130573694068
684,1,1.0,1.0,1.0,1.0,1.0,1.0,1.0,0.9999572,0.99999999999997,0.9640550337444455,0.9539714790148767,0.9933071490757153,0.9890130573694068
685,1,1.0,1.0,1.0,1.0,1.0,1.0,1.0,0.99995625,0.99999999999997,0.9640140847168864,0.9767727587170463,0.9933071490757153,0.9890130573694068
686,1,1.0,1.0,1.0,1.0,1.0,1.0,1.0,1.0,0.99999999999997,0.9639422872271549,0.9072925059983022,0.9933071490757153,0.9890130573694068
687,1,1.0,1.0,1.0,1.0,1.0,1.0,1.0,0.99999964,0.99999999999997,0.9640177260828433,0.9983588256674,0.9933071490757153,0.9890130573694068
688,1,1.0,1.0,1.0,1.0,1.0,1.0,1.0,0.9999999,0.99999999999997,0.9639255112000623,0.99809579642152,0.9933071490757153,0.9890130573694068
689,1,1.0,1.0,1.0,1.0,1.0,1.0,1.0,1.0,0.99999999999997,0.9640437980265749,0.7783637834582099,0.9933071490757153,0.9890130573694068
690,1,1.0,1.0,1.0,1.0,1.0,1.0,1.0,0.9985656,0.99999999999997,0.9639646659200236,0.9892076131010374,0.9933071490757153,0.9890130573694068
691,1,1.0,1.0,1.0,1.0,1.0,1.0,1.0,1.0,0.99999999999997,0.9639165054224499,0.9992979134407941,0.9933071490757153,0.9890130573694068
692,1,1.0,1.0,1.0,1.0,1.0,1.0,1.0,1.0,0.99999999999997,0.963979966041544,0.9978133764845403,0.9933071490757153,0.9890130573694068
693,1,1.0,1.0,1.0,1.0,1.0,1.0,1.0,1.0,0.99999999999997,0.9640034922420725,0.9915251274907846,0.9933071490757153,0.9890130573694068
694,0,1.0,1.0,1.0,1.0,0.0,1.0,1.0,3.5806344e-10,0.2418656537119492,0.238698579694725,0.9980428953988277,0.9933071490757153,0.9890130573694068
695,1,1.0,0.9833333333333333,1.0,1.0,1.0,1.0,1.0,1.0,0.8839084568336657,0.8248782187860275,0.9504686284734896,0.9933071490757153,0.9890130573694068
696,1,1.0,1.0,1.0,1.0,1.0,1.0,1.0,1.0,0.99999999999997,0.9489419934005604,0.9968394154821897,0.9933071490757153,0.9890130573694068
697,1,1.0,1.0,1.0,1.0,1.0,1.0,1.0,1.0,0.99999999999997,0.9489237651153207,0.9848075749966261,0.9933071490757153,0.9890130573694068
698,1,1.0,1.0,1.0,1.0,1.0,1.0,1.0,1.0,0.99999999999997,0.948907928049296,0.9919357673365928,0.9933071490757153,0.9890130573694068
699,1,1.0,1.0,1.0,1.0,1.0,1.0,1.0,1.0,0.99999999999997,0.9488987012261766,0.9004883758947761,0.9933071490757153,0.9890130573694068
700,1,1.0,1.0,1.0,1.0,1.0,1.0,1.0,0.9999865,0.99999999999997,0.9488955363369203,0.9806669539185048,0.9933071490757153,0.9890130573694068
701,1,1.0,1.0,1.0,1.0,1.0,1.0,1.0,1.0,0.99999999999997,0.9489905890509589,0.9716732917171034,0.9933071490757153,0.9890130573694068
702,1,1.0,1.0,1.0,1.0,1.0,1.0,1.0,1.0,0.99999999999997,0.9490956627972466,0.875600586281366,0.9933071490757153,0.9890130573694068
703,1,1.0,1.0,1.0,1.0,1.0,1.0,1.0,1.0,0.99999999999997,0.9489701112765973,0.9288603225091662,0.9933071490757153,0.9890130573694068
704,1,1.0,1.0,1.0,1.0,1.0,1.0,1.0,1.0,0.99999999999997,0.9490458560939964,0.9989097190647269,0.9933071490757153,0.9890130573694068
705,1,1.0,1.0,1.0,1.0,1.0,0.0,1.0,0.62927026,0.99999999999997,0.9489564536697502,0.8988959948312817,0.9933071490757153,0.9890130573694068
706,1,1.0,1.0,1.0,1.0,1.0,1.0,1.0,0.9999995,0.99999999999997,0.9488834618718444,0.9901461504579078,0.9933071490757153,0.9890130573694068
707,1,1.0,1.0,1.0,1.0,1.0,1.0,1.0,1.0,0.99999999999997,0.9489775848399361,0.9996641762849585,0.9933071490757153,0.9890130573694068
708,1,1.0,1.0,1.0,1.0,1.0,1.0,1.0,1.0,0.99999999999997,0.949016468245025,0.9297516384348616,0.9933071490757153,0.9890130573694068
709,1,1.0,1.0,1.0,1.0,1.0,0.0,1.0,0.62414175,0.99999999999997,0.9489362253246127,0.9817992500503306,0.9933071490757153,0.9890130573694068
710,1,1.0,1.0,1.0,1.0,1.0,1.0,1.0,1.0,0.99999999999997,0.9490438081257178,0.9982457461874501,0.9933071490757153,0.9890130573694068
711,1,1.0,1.0,1.0,1.0,1.0,1.0,1.0,1.0,0.99999999999997,0.949048928108598,0.9553544289531872,0.9933071490757153,0.9890130573694068
712,1,1.0,1.0,1.0,1.0,1.0,1.0,1.0,0.99999475,0.99999999999997,0.9489677609317297,0.9992269546581408,0.9933071490757153,0.9890130573694068
713,1,1.0,1.0,1.0,1.0,1.0,1.0,1.0,0.9999945,0.99999999999997,0.9489170093913645,0.9996065473638286,0.9933071490757153,0.9890130573694068
714,1,1.0,1.0,1.0,1.0,1.0,1.0,1.0,1.0,0.99999999999997,0.9491232400986253,0.9964337157632774,0.9933071490757153,0.9890130573694068
715,1,1.0,1.0,1.0,1.0,1.0,1.0,1.0,0.99999964,0.99999999999997,0.9487702083791205,0.8853707458530701,0.9933071490757153,0.9890130573694068
716,1,1.0,1.0,1.0,1.0,1.0,1.0,1.0,0.9999994,0.99999999999997,0.94904892774175,0.4760773225560131,0.9933071490757153,0.9890130573694068
717,1,1.0,1.0,1.0,1.0,1.0,1.0,1.0,0.99999964,0.99999999999997,0.9488637852646994,0.9878198933287393,0.9933071490757153,0.9890130573694068
718,1,1.0,1.0,1.0,1.0,1.0,1.0,1.0,1.0,0.99999999999997,0.9489959038552844,0.9368355682767364,0.9933071490757153,0.9890130573694068
719,1,1.0,1.0,1.0,1.0,1.0,1.0,1.0,1.0,0.99999999999997,0.9489977891469031,0.8115226939651581,0.9933071490757153,0.9890130573694068
720,1,1.0,1.0,1.0,1.0,1.0,1.0,1.0,1.0,0.99999999999997,0.9489241487407516,0.9042779816815727,0.9933071490757153,0.9890130573694068
721,1,1.0,1.0,1.0,1.0,1.0,1.0,1.0,1.0,0.99999999999997,0.9489526510732219,0.9807790849911555,0.9933071490757153,0.9890130573694068
722,1,1.0,1.0,1.0,1.0,1.0,1.0,1.0,1.0,0.99999999999997,0.9490734801368468,0.9450090289798143,0.9933071490757153,0.9890130573694068
723,1,1.0,1.0,1.0,1.0,1.0,1.0,1.0,0.9999999,0.99999999999997,0.9489451334492522,0.8584255841961285,0.9933071490757153,0.9890130573694068
724,1,1.0,1.0,1.0,1.0,1.0,1.0,1.0,0.99956864,0.99999999999997,0.9489842158701755,0.9800274578894133,0.9933071490757153,0.9890130573694068
725,1,1.0,1.0,1.0,1.0,1.0,1.0,1.0,1.0,0.99999999999997,0.9490744595349734,0.9761906194330263,0.9933071490757153,0.9890130573694068
726,1,1.0,1.0,1.0,1.0,1.0,1.0,1.0,1.0,0.99999999999997,0.9490427232595154,0.990742028185826,0.9933071490757153,0.9890130573694068
727,1,1.0,1.0,1.0,1.0,1.0,1.0,1.0,0.9999994,0.99999999999997,0.9490861789666464,0.9998714169608842,0.9933071490757153,0.9890130573694068
728,1,1.0,1.0,1.0,1.0,1.0,1.0,1.0,0.99942577,0.99999999999997,0.9490381881749701,0.9768733786396868,0.9933071490757153,0.9890130573694068
729,1,1.0,1.0,1.0,1.0,1.0,1.0,1.0,1.0,0.99999999999997,0.9489834238146689,0.9982886670344153,0.9933071490757153,0.9890130573694068
730,1,1.0,1.0,1.0,1.0,1.0,1.0,1.0,1.0,0.99999999999997,0.949148604086691,0.9957155654461465,0.9933071490757153,0.9890130573694068
731,1,1.0,1.0,1.0,1.0,1.0,1.0,1.0,0.9999995,0.99999999999997,0.9490444027005742,0.9949319332992937,0.9933071490757153,0.9890130573694068
732,1,1.0,1.0,1.0,1.0,1.0,1.0,1.0,0.99999785,0.99999999999997,0.9488520257192979,0.9998641474360097,0.9933071490757153,0.9890130573694068
733,1,1.0,1.0,1.0,1.0,1.0,1.0,1.0,0.99955505,0.99999999999997,0.9488978896361767,0.9942653234546648,0.9933071490757153,0.9890130573694068
734,1,1.0,1.0,1.0,1.0,1.0,1.0,1.0,0.99999964,0.99999999999997,0.9489845726617995,0.614864268738593,0.9933071490757153,0.9890130573694068
735,1,1.0,1.0,1.0,1.0,1.0,1.0,1.0,1.0,0.99999999999997,0.9490867134390608,0.9988181848705252,0.9933071490757153,0.9890130573694068
736,1,1.0,1.0,1.0,1.0,1.0,1.0,1.0,1.0,0.99999999999997,0.9491523331055945,0.9052489979223155,0.9933071490757153,0.9890130573694068
737,1,1.0,1.0,1.0,1.0,1.0,1.0,1.0,1.0,0.99999999999997,0.9489857970517943,0.9934786839158066,0.9933071490757153,0.9890130573694068
738,1,1.0,1.0,1.0,1.0,1.0,1.0,1.0,0.9999994,0.99999999999997,0.9489691713185743,0.9965733045388574,0.9933071490757153,0.9890130573694068
739,1,1.0,1.0,1.0,1.0,1.0,1.0,1.0,1.0,0.99999999999997,0.9489520025471264,0.5442448356969801,0.9933071490757153,0.9890130573694068
740,1,1.0,1.0,1.0,1.0,1.0,1.0,1.0,1.0,0.99999999999997,0.9490016412064113,0.9028611395902505,0.9933071490757153,0.9890130573694068
741,1,1.0,1.0,1.0,1.0,1.0,1.0,1.0,0.9999585,0.99999999999997,0.9490189499443616,0.9983469135392308,0.9933071490757153,0.9890130573694068
742,1,1.0,1.0,1.0,1.0,1.0,1.0,1.0,0.9999726,0.99999999999997,0.9489928317520241,0.9916233555396038,0.9933071490757153,0.9890130573694068
743,1,1.0,1.0,1.0,1.0,1.0,1.0,1.0,1.0,0.99999999999997,0.9489213710659027,0.9898069196996704,0.9933071490757153,0.9890130573694068
744,1,1.0,1.0,1.0,1.0,1.0,1.0,1.0,0.99999845,0.99999999999997,0.9489668575676193,0.9402087202483198,0.9933071490757153,0.9890130573694068
745,1,1.0,1.0,1.0,1.0,1.0,1.0,1.0,0.9964586,0.99999999999997,0.948907271924975,0.9915073481917241,0.9933071490757153,0.9890130573694068
746,1,1.0,1.0,1.0,1.0,1.0,1.0,1.0,1.0,0.99999999999997,0.9489824355191204,0.8343638027218278,0.9933071490757153,0.9890130573694068
747,1,1.0,1.0,1.0,1.0,1.0,1.0,1.0,0.99999964,0.99999999999997,0.9490976079769667,0.9797232053679574,0.9933071490757153,0.9890130573694068
748,1,1.0,1.0,1.0,1.0,1.0,1.0,1.0,1.0,0.99999999999997,0.9488400946256909,0.9947257486912933,0.9933071490757153,0.9890130573694068
749,1,1.0,1.0,1.0,1.0,1.0,1.0,1.0,1.0,0.99999999999997,0.9490234872010053,0.9708606748355607,0.9933071490757153,0.9890130573694068
750,1,1.0,1.0,1.0,1.0,1.0,1.0,1.0,1.0,0.99999999999997,0.9490247331243655,0.9810407131437395,0.9933071490757153,0.9890130573694068
751,1,1.0,1.0,1.0,1.0,1.0,1.0,1.0,1.0,0.99999999999997,0.9489463448773054,0.777883614251681,0.9933071490757153,0.9890130573694068
752,1,1.0,1.0,1.0,1.0,1.0,1.0,1.0,1.0,0.99999999999997,0.9489794466478951,0.9779578587365787,0.9933071490757153,0.9890130573694068
753,1,1.0,1.0,1.0,1.0,1.0,1.0,1.0,0.9999999,0.99999999999997,0.9490406406289037,0.9992660901265609,0.9933071490757153,0.9890130573694068
754,1,1.0,1.0,1.0,1.0,1.0,1.0,1.0,1.0,0.99999999999997,0.9490880020032121,0.9807790849911555,0.9933071490757153,0.9890130573694068
755,1,1.0,1.0,1.0,1.0,1.0,1.0,1.0,1.0,0.99999999999997,0.9489547455105729,0.9945311123996511,0.9933071490757153,0.9890130573694068
756,1,1.0,1.0,1.0,1.0,1.0,1.0,1.0,1.0,0.99999999999997,0.9489492451537387,0.9959723248127641,0.9933071490757153,0.9890130573694068
757,1,1.0,1.0,1.0,1.0,1.0,1.0,1.0,1.0,0.99999999999997,0.9491330984895616,0.9933259729516258,0.9933071490757153,0.9890130573694068
758,1,1.0,1.0,1.0,1.0,1.0,1.0,1.0,0.95389265,0.99999999999997,0.9490272962370184,0.9511334193575761,0.9933071490757153,0.9890130573694068
759,1,1.0,1.0,1.0,1.0,1.0,1.0,1.0,1.0,0.99999999999997,0.9490947113511309,0.9152593670984285,0.9933071490757153,0.9890130573694068
760,1,1.0,1.0,1.0,1.0,1.0,1.0,1.0,0.9999995,0.99999999999997,0.948985019776277,0.9728454402313627,0.9933071490757153,0.9890130573694068
761,1,0.0,1.0,1.0,1.0,0.0,0.0,1.0,0.118427955,0.99999999999997,0.9489039094684825,0.7940229334779203,0.9933071490757153,0.9890130573694068
762,1,1.0,1.0,1.0,1.0,1.0,1.0,1.0,0.9999988,0.99999999999997,0.9489733677252644,0.980829147223609,0.9933071490757153,0.9890130573694068
763,1,1.0,1.0,1.0,1.0,1.0,1.0,1.0,1.0,0.99999999999997,0.9489302128970711,0.9985225863445687,0.9933071490757153,0.9890130573694068
764,1,1.0,1.0,1.0,1.0,1.0,1.0,1.0,1.0,0.99999999999997,0.9489753130812308,0.998599409514803,0.9933071490757153,0.9890130573694068
765,1,1.0,1.0,1.0,1.0,1.0,1.0,1.0,0.9999099,0.99999999999997,0.9490691794279569,0.9720665014035661,0.9933071490757153,0.9890130573694068
766,1,1.0,1.0,1.0,1.0,1.0,1.0,1.0,1.0,0.99999999999997,0.9488973401182663,0.9968664517822112,0.9933071490757153,0.9890130573694068
767,1,1.0,1.0,1.0,1.0,1.0,1.0,1.0,0.99999213,0.99999999999997,0.9490220673993387,0.9990257050392215,0.9933071490757153,0.9890130573694068
768,1,1.0,1.0,1.0,1.0,1.0,1.0,1.0,1.0,0.99999999999997,0.9489670460863963,0.5561065307185673,0.9933071490757153,0.9890130573694068
769,1,1.0,1.0,1.0,1.0,1.0,1.0,1.0,0.99981683,0.99999999999997,0.9490006330671082,0.9718834432625131,0.9933071490757153,0.9890130573694068
770,1,1.0,1.0,1.0,1.0,1.0,1.0,1.0,1.0,0.99999999999997,0.9488635622461202,0.9004883758947761,0.9933071490757153,0.9890130573694068
771,1,1.0,1.0,1.0,1.0,1.0,1.0,1.0,1.0,0.99999999999997,0.9489810201315809,0.9886611534789715,0.9933071490757153,0.9890130573694068
772,1,1.0,1.0,1.0,1.0,1.0,1.0,1.0,1.0,0.99999999999997,0.9487680333481483,0.9968911334926136,0.9933071490757153,0.9890130573694068
773,1,1.0,1.0,1.0,1.0,1.0,1.0,1.0,1.0,0.99999999999997,0.9490309234645828,0.9995709982075783,0.9933071490757153,0.9890130573694068
774,1,1.0,1.0,1.0,1.0,1.0,1.0,1.0,1.0,0.99999999999997,0.9490430114071606,0.9442088087453052,0.9933071490757153,0.9890130573694068
775,1,1.0,1.0,1.0,1.0,1.0,1.0,1.0,1.0,0.99999999999997,0.948867054141181,0.9953335183259194,0.9933071490757153,0.9890130573694068
776,1,1.0,1.0,1.0,1.0,1.0,1.0,1.0,1.0,0.99999999999997,0.9490584976190201,0.999850104293133,0.9933071490757153,0.9890130573694068
777,1,1.0,1.0,1.0,1.0,1.0,1.0,1.0,1.0,0.99999999999997,0.9490174764089248,0.953540421649482,0.9933071490757153,0.9890130573694068
778,1,1.0,1.0,1.0,1.0,1.0,1.0,1.0,0.7532616,0.99999999999997,0.9490353186184289,0.7082152780171436,0.9933071490757153,0.9890130573694068
779,1,1.0,1.0,1.0,1.0,1.0,1.0,1.0,1.0,0.99999999999997,0.9491360247647944,0.9703647262473075,0.9933071490757153,0.9890130573694068
780,1,1.0,1.0,1.0,1.0,1.0,1.0,1.0,1.0,0.99999999999997,0.9492228908066185,0.9959723248127641,0.9933071490757153,0.9890130573694068
781,1,1.0,1.0,1.0,1.0,1.0,1.0,1.0,1.0,0.99999999999997,0.9489369996031446,0.9987513354456483,0.9933071490757153,0.9890130573694068
782,1,1.0,1.0,1.0,1.0,1.0,1.0,1.0,1.0,0.99999999999997,0.9490407748858907,0.9916640801484449,0.9933071490757153,0.9890130573694068
783,1,1.0,1.0,1.0,1.0,1.0,1.0,1.0,0.99995625,0.99999999999997,0.9490977848128678,0.9767727587170463,0.9933071490757153,0.9890130573694068
784,1,1.0,1.0,1.0,1.0,1.0,1.0,1.0,0.9997688,0.99999999999997,0.9489361586096451,0.9389052360885237,0.9933071490757153,0.9890130573694068
785,1,1.0,1.0,1.0,1.0,1.0,1.0,1.0,1.0,0.99999999999997,0.9489126357966767,0.8894206904339861,0.9933071490757153,0.9890130573694068
786,1,1.0,1.0,1.0,1.0,1.0,1.0,1.0,1.0,0.99999999999997,0.9491509179433658,0.9995709982075783,0.9933071490757153,0.9890130573694068
787,1,1.0,1.0,1.0,1.0,1.0,1.0,1.0,1.0,0.99999999999997,0.9490294680468097,0.9922262959205852,0.9933071490757153,0.9890130573694068
788,1,1.0,1.0,1.0,1.0,1.0,1.0,1.0,1.0,0.99999999999997,0.9489582925562087,0.9889619477713655,0.9933071490757153,0.9890130573694068
789,1,1.0,1.0,1.0,1.0,1.0,1.0,1.0,0.9999474,0.99999999999997,0.9490104646533998,0.8703637490889292,0.9933071490757153,0.9890130573694068
790,1,1.0,1.0,1.0,1.0,1.0,1.0,1.0,1.0,0.99999999999997,0.9487911059698038,0.9975377304543713,0.9933071490757153,0.9890130573694068
791,1,1.0,1.0,1.0,1.0,1.0,1.0,1.0,0.994052,0.99999999999997,0.9489164947517585,0.9974407219656263,0.9933071490757153,0.9890130573694068
792,1,1.0,1.0,1.0,1.0,1.0,1.0,1.0,0.9997688,0.99999999999997,0.9489397138581986,0.9389052360885237,0.9933071490757153,0.9890130573694068
793,1,1.0,1.0,1.0,1.0,1.0,1.0,1.0,1.0,0.99999999999997,0.9488822092981626,0.6982152611046035,0.9933071490757153,0.9890130573694068
794,1,1.0,1.0,1.0,1.0,1.0,1.0,1.0,1.0,0.99999999999997,0.9489036037882884,0.8253673484226914,0.9933071490757153,0.9890130573694068
795,1,1.0,1.0,1.0,1.0,1.0,1.0,1.0,0.99924254,0.99999999999997,0.9490933960520548,0.9985192374703561,0.9933071490757153,0.9890130573694068
796,1,1.0,1.0,1.0,1.0,1.0,1.0,1.0,1.0,0.99999999999997,0.9489510804891044,0.9997786133656323,0.9933071490757153,0.9890130573694068
797,1,1.0,1.0,1.0,1.0,1.0,1.0,1.0,0.99996686,0.99999999999997,0.9489019486912301,0.9848579002532036,0.9933071490757153,0.9890130573694068
798,1,1.0,1.0,1.0,1.0,1.0,1.0,1.0,1.0,0.99999999999997,0.9490023626585111,0.9994534991285807,0.9933071490757153,0.9890130573694068
799,1,1.0,1.0,1.0,1.0,1.0,1.0,1.0,1.0,0.99999999999997,0.9490364044804065,0.9589504447476522,0.9933071490757153,0.9890130573694068
800,1,1.0,1.0,1.0,1.0,1.0,1.0,1.0,1.0,0.99999999999997,0.948809780314649,0.99947129670321,0.9933071490757153,0.9890130573694068
801,1,1.0,1.0,1.0,1.0,1.0,1.0,1.0,1.0,0.99999999999997,0.9489583630062117,0.9985578647082707,0.9933071490757153,0.9890130573694068
802,1,1.0,1.0,1.0,1.0,1.0,1.0,1.0,1.0,0.99999999999997,0.9489695137461868,0.998599409514803,0.9933071490757153,0.9890130573694068
803,1,0.0,1.0,1.0,1.0,0.0,0.0,1.0,0.0012539076,0.99999999999997,0.9489072327072028,0.7717042860040915,0.9933071490757153,0.9890130573694068
804,1,1.0,1.0,1.0,1.0,1.0,1.0,1.0,0.9999999,0.99999999999997,0.94895501755472,0.9969011700302671,0.9933071490757153,0.9890130573694068
805,1,1.0,1.0,1.0,1.0,1.0,1.0,1.0,1.0,0.99999999999997,0.948970781521754,0.9834107582807888,0.9933071490757153,0.9890130573694068
806,1,1.0,1.0,1.0,1.0,1.0,1.0,1.0,0.9998722,0.99999999999997,0.949017663968052,0.8600751005582272,0.9933071490757153,0.9890130573694068
807,1,1.0,1.0,1.0,1.0,1.0,1.0,1.0,1.0,0.99999999999997,0.9490885776689125,0.89132174362642,0.9933071490757153,0.9890130573694068
808,1,1.0,1.0,1.0,1.0,1.0,1.0,1.0,0.99999654,0.99999999999997,0.9490883226454307,0.9951867161137676,0.9933071490757153,0.9890130573694068
809,1,1.0,1.0,1.0,1.0,1.0,1.0,1.0,1.0,0.99999999999997,0.9489699890127706,0.9849401474637541,0.9933071490757153,0.9890130573694068
810,1,1.0,1.0,1.0,1.0,1.0,1.0,1.0,0.9999993,0.99999999999997,0.9489665340096417,0.9968474743923036,0.9933071490757153,0.9890130573694068
811,1,1.0,1.0,1.0,1.0,1.0,1.0,1.0,0.9999994,0.99999999999997,0.9490891201042777,0.9715152635107532,0.9933071490757153,0.9890130573694068
812,1,1.0,0.85,1.0,1.0,1.0,1.0,1.0,0.84459525,0.9999999985002863,0.8091210426617143,0.7900879934083906,0.9933071490757153,0.9890130573694068
813,0,1.0,0.3333333333333333,1.0,1.0,0.0,0.0,1.0,5.9024354e-09,0.6495739662587134,0.017994727728148315,0.9937303750222526,0.9933071490757153,0.9890130573694068
814,0,1.0,0.9833333333333333,1.0,1.0,0.0,0.0,1.0,6.510694e-10,0.3450527636463117,0.3180147218712106,0.9937324282736427,0.9933071490757153,0.9890130573694068
815,1,1.0,1.0,1.0,1.0,1.0,1.0,1.0,1.0,0.99999999999997,0.9654368673521917,0.9993075318279533,0.9933071490757153,0.9890130573694068
816,1,1.0,1.0,1.0,1.0,1.0,1.0,1.0,1.0,0.99999999999997,0.9655405130027419,0.9911357466633574,0.9933071490757153,0.9890130573694068
817,1,1.0,1.0,1.0,1.0,1.0,1.0,1.0,1.0,0.99999999999997,0.9654719678478768,0.9991065816063807,0.9933071490757153,0.9890130573694068
818,1,1.0,1.0,1.0,1.0,1.0,1.0,1.0,1.0,0.99999999999997,0.9655224545353193,0.6180199338147758,0.9933071490757153,0.9890130573694068
819,1,1.0,1.0,1.0,1.0,1.0,1.0,1.0,0.999998,0.99999999999997,0.965516913901501,0.9827241642341763,0.9933071490757153,0.9890130573694068
820,1,1.0,1.0,1.0,1.0,1.0,1.0,1.0,0.9999999,0.99999999999997,0.9656023855744139,0.999448420024223,0.9933071490757153,0.9890130573694068
821,1,1.0,1.0,1.0,1.0,1.0,1.0,1.0,1.0,0.99999999999997,0.9655517938723278,0.994922028021858,0.9933071490757153,0.9890130573694068
822,1,1.0,1.0,1.0,1.0,1.0,1.0,1.0,1.0,0.99999999999997,0.9655605722346713,0.8343638027218278,0.9933071490757153,0.9890130573694068
823,1,1.0,1.0,1.0,1.0,1.0,1.0,1.0,1.0,0.99999999999997,0.9655675342429937,0.9978133764845403,0.9933071490757153,0.9890130573694068
824,1,1.0,1.0,1.0,1.0,1.0,1.0,1.0,1.0,0.99999999999997,0.9654978793784141,0.9998261361087354,0.9933071490757153,0.9890130573694068
825,1,1.0,0.9666666666666667,1.0,1.0,1.0,1.0,1.0,1.0,0.8089725323029526,0.7406033449168471,0.9993486359433033,0.9933071490757153,0.9890130573694068
826,1,1.0,1.0,1.0,1.0,1.0,1.0,1.0,1.0,0.7875088134954443,0.7727253616947449,0.9488285726062481,0.9933071490757153,0.9890130573694068
827,1,1.0,1.0,1.0,1.0,1.0,1.0,1.0,1.0,0.99999999999997,0.9814686980080084,0.9979521728029752,0.9933071490757153,0.9890130573694068
828,1,1.0,1.0,1.0,1.0,1.0,1.0,1.0,0.9999999,0.9999999999999674,0.9814525838238839,0.852413884025049,0.9933071490757153,0.9890130573694068
829,1,1.0,1.0,1.0,1.0,1.0,1.0,1.0,1.0,0.99999999999997,0.9814437583549506,0.9995728893995548,0.9933071490757153,0.9890130573694068
830,1,1.0,1.0,1.0,1.0,1.0,1.0,1.0,0.9999999,0.99999999999997,0.9814789315132799,0.852413884025049,0.9933071490757153,0.9890130573694068
831,1,1.0,1.0,1.0,1.0,1.0,1.0,1.0,0.9999646,0.99999999999997,0.981483301018752,0.8071260423747069,0.9933071490757153,0.9890130573694068
832,1,1.0,1.0,1.0,1.0,1.0,1.0,1.0,1.0,0.99999999999997,0.9814904462079606,0.9973764903928362,0.9933071490757153,0.9890130573694068
833,1,1.0,1.0,1.0,1.0,1.0,1.0,1.0,0.9999976,0.99999999999997,0.9814536577963717,0.9997428013212655,0.9933071490757153,0.9890130573694068
834,1,1.0,1.0,1.0,1.0,1.0,1.0,1.0,1.0,0.99999999999997,0.9814544086593145,0.960878499878482,0.9933071490757153,0.9890130573694068
835,1,1.0,1.0,1.0,1.0,1.0,1.0,1.0,1.0,0.99999999999997,0.981477650928058,0.9939013767244443,0.9933071490757153,0.9890130573694068
836,1,1.0,1.0,1.0,1.0,1.0,1.0,1.0,1.0,0.99999999999997,0.9814298560910933,0.9988181848705252,0.9933071490757153,0.9890130573694068
837,1,1.0,1.0,1.0,1.0,1.0,0.0,1.0,0.642584,0.99999999999997,0.9814724696734825,0.9998852817449227,0.9933071490757153,0.9890130573694068
838,1,1.0,1.0,1.0,1.0,1.0,1.0,1.0,1.0,0.99999999999997,0.981495691267278,0.9963420132546233,0.9933071490757153,0.9890130573694068
839,1,1.0,1.0,1.0,1.0,1.0,1.0,1.0,1.0,0.99999999999997,0.9814632954951293,0.7783637834582099,0.9933071490757153,0.9890130573694068
840,1,1.0,1.0,1.0,1.0,1.0,1.0,1.0,0.99990666,0.99999999999997,0.9814665158478993,0.7866891267407105,0.9933071490757153,0.9890130573694068
841,1,1.0,1.0,1.0,1.0,1.0,1.0,1.0,0.99999964,0.99999999999997,0.9814778730116767,0.5532423975531677,0.9933071490757153,0.9890130573694068
842,1,1.0,1.0,1.0,1.0,1.0,1.0,1.0,0.99999917,0.99999999999997,0.9814315968680488,0.4416199599916231,0.9933071490757153,0.9890130573694068
843,1,1.0,1.0,1.0,1.0,1.0,1.0,1.0,1.0,0.99999999999997,0.981516275728332,0.9420372454368549,0.9933071490757153,0.9890130573694068
844,1,1.0,1.0,1.0,1.0,1.0,1.0,1.0,1.0,0.99999999999997,0.9814653012291603,0.7387567492043924,0.9933071490757153,0.9890130573694068
845,1,1.0,1.0,1.0,1.0,1.0,1.0,1.0,0.9999945,0.99999999999997,0.9814565658450625,0.9996065473638286,0.9933071490757153,0.9890130573694068
846,1,1.0,1.0,1.0,1.0,1.0,1.0,1.0,0.9998148,0.99999999999997,0.9814768884718396,0.9565407929458163,0.9933071490757153,0.9890130573694068
847,1,1.0,1.0,1.0,1.0,1.0,1.0,1.0,0.99924636,0.99999999999997,0.9814483678266684,0.9856276424356207,0.9933071490757153,0.9890130573694068
848,1,1.0,1.0,1.0,1.0,1.0,1.0,1.0,1.0,0.99999999999997,0.9814919600047584,0.8115226939651581,0.9933071490757153,0.9890130573694068
849,1,1.0,1.0,1.0,1.0,1.0,1.0,1.0,0.99999964,0.99999999999997,0.9814350183836936,0.9755829287641155,0.9933071490757153,0.9890130573694068
850,1,1.0,1.0,1.0,1.0,1.0,1.0,1.0,1.0,0.99999999999997,0.9814360277111792,0.9943239185061638,0.9933071490757153,0.9890130573694068
851,1,1.0,1.0,1.0,1.0,1.0,1.0,1.0,1.0,0.99999999999997,0.9814824091256845,0.9503783446684738,0.9933071490757153,0.9890130573694068
852,1,1.0,1.0,1.0,1.0,1.0,1.0,1.0,1.0,0.99999999999997,0.9815108502545452,0.9869898212994083,0.9933071490757153,0.9890130573694068
853,1,1.0,1.0,1.0,1.0,1.0,1.0,1.0,0.99999654,0.99999999999997,0.9814810792001357,0.9951867161137676,0.9933071490757153,0.9890130573694068
854,1,1.0,1.0,1.0,1.0,1.0,1.0,1.0,0.9999995,0.99999999999997,0.9814970990815709,0.9949319332992937,0.9933071490757153,0.9890130573694068
855,1,1.0,1.0,1.0,1.0,1.0,1.0,1.0,1.0,0.99999999999997,0.981479152569636,0.9980476927783568,0.9933071490757153,0.9890130573694068
856,1,1.0,1.0,1.0,1.0,1.0,1.0,1.0,0.99909043,0.99999999999997,0.9814913812084572,0.9267641762667997,0.9933071490757153,0.9890130573694068
857,1,1.0,1.0,1.0,1.0,1.0,1.0,1.0,1.0,0.99999999999997,0.9814438005613481,0.971740291806849,0.9933071490757153,0.9890130573694068
858,1,0.0,1.0,1.0,1.0,0.0,0.0,1.0,0.20783812,0.99999999999997,0.9814973972485393,0.8885901450321682,0.9933071490757153,0.9890130573694068
859,1,1.0,1.0,1.0,1.0,1.0,1.0,1.0,0.9999474,0.99999999999997,0.9814911404376496,0.8703637490889292,0.9933071490757153,0.9890130573694068
860,1,1.0,1.0,1.0,1.0,1.0,1.0,1.0,1.0,0.99999999999997,0.9814775991476772,0.884208301577366,0.9933071490757153,0.9890130573694068
861,1,1.0,1.0,1.0,1.0,1.0,1.0,1.0,1.0,0.99999999999997,0.9814722163208944,0.9301409614548177,0.9933071490757153,0.9890130573694068
862,1,1.0,1.0,1.0,1.0,1.0,1.0,1.0,1.0,0.99999999999997,0.9814922147620606,0.9566587225470251,0.9933071490757153,0.9890130573694068
863,1,1.0,1.0,1.0,1.0,1.0,1.0,1.0,1.0,0.99999999999997,0.9814854925881522,0.9968394154821897,0.9933071490757153,0.9890130573694068
864,1,1.0,1.0,1.0,1.0,1.0,1.0,1.0,0.99999964,0.99999999999997,0.9814875568761854,0.975478069297065,0.9933071490757153,0.9890130573694068
865,1,1.0,1.0,1.0,1.0,1.0,1.0,1.0,1.0,0.99999999999997,0.981446467897715,0.9954328690064986,0.9933071490757153,0.9890130573694068
866,1,1.0,1.0,1.0,1.0,1.0,1.0,1.0,0.9453398,0.99999999999997,0.9815024127779537,0.9823268531928321,0.9933071490757153,0.9890130573694068
867,1,1.0,1.0,1.0,1.0,1.0,1.0,1.0,0.9999428,0.99999999999997,0.9814767262695571,0.9635043086147345,0.9933071490757153,0.9890130573694068
868,1,1.0,1.0,1.0,1.0,1.0,1.0,1.0,1.0,0.99999999999997,0.9814796263533523,0.9951480158457396,0.9933071490757153,0.9890130573694068
869,1,1.0,1.0,1.0,1.0,1.0,1.0,1.0,1.0,0.99999999999997,0.9814804199421503,0.999008556451352,0.9933071490757153,0.9890130573694068
870,1,1.0,1.0,1.0,1.0,1.0,1.0,1.0,1.0,0.99999999999997,0.9814718105616382,0.8858185212335951,0.9933071490757153,0.9890130573694068
871,1,1.0,1.0,1.0,1.0,1.0,1.0,1.0,1.0,0.99999999999997,0.981506278798792,0.9952124579518058,0.9933071490757153,0.9890130573694068
872,1,1.0,1.0,1.0,1.0,1.0,1.0,1.0,1.0,0.99999999999997,0.9814755807561112,0.971217112825317,0.9933071490757153,0.9890130573694068
873,1,1.0,1.0,1.0,1.0,1.0,1.0,1.0,1.0,0.99999999999997,0.9814952062888193,0.9696980906426843,0.9933071490757153,0.9890130573694068
874,1,1.0,1.0,1.0,1.0,1.0,1.0,1.0,1.0,0.99999999999997,0.9815422236626464,0.9902327354675645,0.9933071490757153,0.9890130573694068
875,1,1.0,1.0,1.0,1.0,1.0,1.0,1.0,0.99454486,0.99999999999997,0.981503383552374,0.9997480724521922,0.9933071490757153,0.9890130573694068
876,1,1.0,1.0,1.0,1.0,1.0,1.0,1.0,1.0,0.99999999999997,0.9815106321265641,0.995705972815073,0.9933071490757153,0.9890130573694068
877,1,1.0,1.0,1.0,1.0,1.0,1.0,1.0,1.0,0.99999999999997,0.9814468114636548,0.9975318705174454,0.9933071490757153,0.9890130573694068
878,1,1.0,1.0,1.0,1.0,1.0,1.0,1.0,1.0,0.99999999999997,0.9814746967053216,0.9771750040561795,0.9933071490757153,0.9890130573694068
879,1,1.0,1.0,1.0,1.0,1.0,1.0,1.0,0.99975055,0.99999999999997,0.981474286457755,0.9945150666885579,0.9933071490757153,0.9890130573694068
880,1,1.0,0.7833333333333333,1.0,1.0,1.0,1.0,1.0,0.99999213,0.9981403540126842,0.7727650167656589,0.9990257050392215,0.9933071490757153,0.9890130573694068
881,0,1.0,0.7,1.0,1.0,1.0,1.0,1.0,6.2887744e-11,0.3307591623341704,0.0179560209684582,0.947529615912967,0.9933071490757153,0.9890130573694068
882,0,1.0,1.0,1.0,1.0,1.0,1.0,1.0,5.9445018e-08,0.00904205621587684,0.018001236441861565,0.9966155355659853,0.9933071490757153,0.9890130573694068
883,0,1.0,1.0,1.0,1.0,1.0,1.0,1.0,4.050611e-13,0.004822944317720191,0.017971191320485694,0.9999738674658801,0.9933071490757153,0.9890130573694068
884,0,1.0,1.0,1.0,1.0,1.0,1.0,1.0,0.010724382,0.0031052107525952797,0.01796486103371601,0.9947831447725967,0.9933071490757153,0.9890130573694068
885,0,1.0,1.0,1.0,1.0,1.0,1.0,1.0,0.24716257,0.004593289184981369,0.018024205151498926,0.9928439216578921,0.9933071490757153,0.9890130573694068
886,0,1.0,1.0,1.0,1.0,1.0,1.0,1.0,2.8969594e-11,0.0031445201360966297,0.017966951507359098,0.9923473639240717,0.9933071490757153,0.9890130573694068
887,0,1.0,1.0,1.0,1.0,1.0,1.0,1.0,3.8669832e-14,0.003093783418043065,0.018005596921693418,0.9994551070751386,0.9933071490757153,0.9890130573694068
888,0,1.0,1.0,1.0,1.0,1.0,1.0,1.0,5.148301e-10,0.004566853356682148,0.017967858107437548,0.9998547016008598,0.9933071490757153,0.9890130573694068
889,0,1.0,1.0,1.0,1.0,1.0,1.0,1.0,2.2455274e-06,0.003330207184381752,0.017994217045139007,0.9999169352888644,0.9933071490757153,0.9890130573694068
890,0,1.0,1.0,1.0,1.0,1.0,1.0,1.0,0.010724382,0.0038231710042720647,0.017997109994219346,0.9947831447725967,0.9933071490757153,0.9890130573694068
891,0,1.0,1.0,1.0,1.0,1.0,1.0,1.0,4.3170695e-17,0.004343366952743557,0.017988376583244082,0.9995796105850737,0.9933071490757153,0.9890130573694068
892,0,1.0,1.0,1.0,1.0,1.0,1.0,1.0,0.0014032612,0.0037553368737060504,0.01799061603854227,0.9902873667769994,0.9933071490757153,0.9890130573694068
893,0,1.0,1.0,1.0,1.0,1.0,1.0,1.0,0.0057401382,0.0034456881107223893,0.01795400557961737,0.9975786345663956,0.9933071490757153,0.9890130573694068
894,0,1.0,1.0,1.0,1.0,1.0,1.0,1.0,1.5315681e-08,0.003276445486078057,0.017988963437772877,0.9953324891808154,0.9933071490757153,0.9890130573694068
895,0,1.0,1.0,1.0,1.0,1.0,1.0,1.0,7.0933897e-12,0.003911549523152038,0.017982432184330245,0.9988938997631418,0.9933071490757153,0.9890130573694068
896,0,1.0,1.0,1.0,1.0,0.0,0.0,1.0,4.8821308e-17,0.38645479744710226,0.3746209466766937,0.9593399269717451,0.9933071490757153,0.9890130573694068
897,1,1.0,1.0,1.0,1.0,1.0,1.0,1.0,1.0,0.9999999730103956,0.9485919307761137,0.9923029666005819,0.9933071490757153,0.9890130573694068
898,1,1.0,1.0,1.0,1.0,1.0,1.0,1.0,1.0,0.9999999186797031,0.948533614272426,0.9893606989638254,0.9933071490757153,0.9890130573694068
899,1,1.0,1.0,1.0,1.0,1.0,1.0,1.0,1.0,0.9999999961239385,0.9484729122315229,0.9834107582807888,0.9933071490757153,0.9890130573694068
900,1,1.0,1.0,1.0,1.0,1.0,1.0,1.0,1.0,0.9999999970425463,0.9486020988371205,0.9981332924480197,0.9933071490757153,0.9890130573694068
901,1,1.0,1.0,1.0,1.0,1.0,1.0,1.0,0.9999583,0.9999999834506877,0.9484791722125611,0.9743710436115257,0.9933071490757153,0.9890130573694068
902,1,1.0,1.0,1.0,1.0,1.0,1.0,1.0,1.0,0.9999998579488595,0.9484427404202493,0.9703647262473075,0.9933071490757153,0.9890130573694068
903,1,1.0,1.0,1.0,1.0,1.0,1.0,1.0,0.9999994,0.9999999486259342,0.9486200235458911,0.5399796203406995,0.9933071490757153,0.9890130573694068
904,1,1.0,1.0,1.0,1.0,1.0,1.0,1.0,1.0,0.9999996973567139,0.9485169618949095,0.9911357466633574,0.9933071490757153,0.9890130573694068
905,0,1.0,1.0,1.0,1.0,0.0,1.0,1.0,6.5322037e-13,0.254659305297826,0.25059407028770947,0.9890808243106946,0.9933071490757153,0.9890130573694068
906,1,1.0,1.0,1.0,1.0,1.0,1.0,1.0,1.0,0.966729544274596,0.9240414247765528,0.9991952088664012,0.9933071490757153,0.9890130573694068
907,1,1.0,1.0,1.0,1.0,1.0,1.0,1.0,0.9999604,0.99999999999997,0.9553198618365724,0.9791430034305112,0.9933071490757153,0.9890130573694068
908,1,1.0,1.0,1.0,1.0,1.0,1.0,1.0,0.9999999,0.99999999999997,0.9554258443170772,0.8978241258894561,0.9933071490757153,0.9890130573694068
909,1,1.0,1.0,1.0,1.0,1.0,1.0,1.0,1.0,0.99999999999997,0.9555243190410269,0.9475763399486578,0.9933071490757153,0.9890130573694068
910,1,1.0,1.0,1.0,1.0,1.0,1.0,1.0,1.0,0.99999999999997,0.9554347138526589,0.990742028185826,0.9933071490757153,0.9890130573694068
911,1,1.0,1.0,1.0,1.0,1.0,1.0,1.0,0.99997294,0.99999999999997,0.9554312402164375,0.9356420825804335,0.9933071490757153,0.9890130573694068
912,1,1.0,1.0,1.0,1.0,1.0,1.0,1.0,1.0,0.99999999999997,0.9554200580710211,0.9914913073591773,0.9933071490757153,0.9890130573694068
913,1,1.0,1.0,1.0,1.0,1.0,1.0,1.0,1.0,0.99999999999997,0.955575219308576,0.9443634466745817,0.9933071490757153,0.9890130573694068
914,1,1.0,1.0,1.0,1.0,1.0,1.0,1.0,1.0,0.99999999999997,0.9553721349680195,0.9936234988155211,0.9933071490757153,0.9890130573694068
915,1,1.0,1.0,1.0,1.0,1.0,1.0,1.0,1.0,0.99999999999997,0.9553798704822001,0.9074013470719665,0.9933071490757153,0.9890130573694068
916,1,1.0,1.0,1.0,1.0,1.0,1.0,1.0,1.0,0.99999999999997,0.9554907642193883,0.9891274050056654,0.9933071490757153,0.9890130573694068
917,1,1.0,1.0,1.0,1.0,1.0,1.0,1.0,1.0,0.99999999999997,0.9554609608816503,0.9987195194109512,0.9933071490757153,0.9890130573694068
918,1,1.0,1.0,1.0,1.0,1.0,1.0,1.0,0.99999774,0.99999999999997,0.9555010898490359,0.9679323430729347,0.9933071490757153,0.9890130573694068
919,1,1.0,1.0,1.0,1.0,1.0,1.0,1.0,1.0,0.99999999999997,0.9553757658293254,0.9982886670344153,0.9933071490757153,0.9890130573694068
920,1,1.0,1.0,1.0,1.0,1.0,1.0,1.0,1.0,0.99999999999997,0.9555427712210839,0.9972086901972916,0.9933071490757153,0.9890130573694068
921,1,1.0,1.0,1.0,1.0,1.0,1.0,1.0,1.0,0.99999999999997,0.9554045348788561,0.702048842944432,0.9933071490757153,0.9890130573694068
922,1,1.0,1.0,1.0,1.0,1.0,1.0,1.0,0.9999981,0.99999999999997,0.9553811229905647,0.9657870074881826,0.9933071490757153,0.9890130573694068
923,1,1.0,1.0,1.0,1.0,1.0,1.0,1.0,1.0,0.99999999999997,0.9554782583773183,0.9969542583411319,0.9933071490757153,0.9890130573694068
924,1,1.0,1.0,1.0,1.0,1.0,1.0,1.0,1.0,0.99999999999997,0.9554210365347555,0.9938736283982835,0.9933071490757153,0.9890130573694068
925,1,1.0,1.0,1.0,1.0,1.0,1.0,1.0,0.9999721,0.99999999999997,0.9555188438557073,0.9657025148112126,0.9933071490757153,0.9890130573694068
926,1,1.0,1.0,1.0,1.0,1.0,1.0,1.0,0.99999964,0.99999999999997,0.9553776433002501,0.9755829287641155,0.9933071490757153,0.9890130573694068
927,0,1.0,0.9833333333333333,1.0,1.0,0.0,1.0,1.0,2.648847e-12,0.30858557761725786,0.28360119413767226,0.9990814932699816,0.9933071490757153,0.9890130573694068
928,0,1.0,1.0,1.0,1.0,1.0,1.0,1.0,4.6067694e-06,0.0035180796492782604,0.017982063785265852,0.9962442069690413,0.9933071490757153,0.9890130573694068
929,1,1.0,1.0,1.0,1.0,1.0,1.0,1.0,1.0,0.9985821213797205,0.9573064097088154,0.9993886879251982,0.9933071490757153,0.9890130573694068
930,1,1.0,1.0,1.0,1.0,1.0,1.0,1.0,1.0,0.9999527018846153,0.9574241320227349,0.9991065816063807,0.9933071490757153,0.9890130573694068
931,1,1.0,1.0,1.0,1.0,1.0,1.0,1.0,1.0,0.9998767813380893,0.9574143542373744,0.8322826740386946,0.9933071490757153,0.9890130573694068
932,1,1.0,1.0,1.0,1.0,1.0,1.0,1.0,0.99999845,0.999580876553725,0.9573595600379291,0.9402087202483198,0.9933071490757153,0.9890130573694068
933,1,1.0,1.0,1.0,1.0,1.0,1.0,1.0,1.0,0.9996103552820093,0.9574684260091263,0.989946272724573,0.9933071490757153,0.9890130573694068
934,1,1.0,1.0,1.0,1.0,1.0,1.0,1.0,0.9999989,0.998953117063323,0.9574422385551612,0.9981671179996457,0.9933071490757153,0.9890130573694068
935,1,1.0,0.9833333333333333,1.0,1.0,1.0,1.0,1.0,0.99999714,0.9507559084932105,0.9574450185470855,0.9316086858026174,0.9933071490757153,0.9890130573694068
936,1,1.0,0.9833333333333333,1.0,1.0,1.0,1.0,1.0,1.0,0.9361850834889384,0.9575254932577763,0.9768122754955454,0.9933071490757153,0.9890130573694068
937,1,1.0,1.0,1.0,1.0,1.0,1.0,1.0,1.0,0.9765050109746345,0.9574370113224355,0.7135158882154171,0.9933071490757153,0.9890130573694068
938,1,1.0,1.0,1.0,1.0,1.0,1.0,1.0,1.0,0.9767395648649833,0.957378673265904,0.9959614558250095,0.9933071490757153,0.9890130573694068
939,1,1.0,1.0,1.0,1.0,1.0,1.0,1.0,0.99999976,0.969385759258977,0.9574371864159944,0.8071877541901133,0.9933071490757153,0.9890130573694068
940,1,1.0,1.0,1.0,1.0,1.0,1.0,1.0,1.0,0.929793166170327,0.9575141058573536,0.9989839903766677,0.9933071490757153,0.9890130573694068
941,1,1.0,1.0,1.0,1.0,1.0,1.0,1.0,0.99999964,0.9578184966212665,0.9574676020134785,0.8853707458530701,0.9933071490757153,0.9890130573694068
942,1,1.0,1.0,1.0,1.0,1.0,1.0,1.0,1.0,0.9308454925462021,0.9574764155951623,0.9771750040561795,0.9933071490757153,0.9890130573694068
943,1,1.0,1.0,1.0,1.0,1.0,1.0,1.0,0.9999865,0.9231036897629286,0.9573881112632537,0.9806669539185048,0.9933071490757153,0.9890130573694068
944,1,1.0,0.95,1.0,1.0,1.0,1.0,1.0,0.99999535,0.9071031584368433,0.9573705711178712,0.9783166158342678,0.9933071490757153,0.9890130573694068
945,1,1.0,1.0,1.0,1.0,1.0,1.0,1.0,0.7532616,0.9564652415090112,0.9574130005890018,0.7082152780171436,0.9933071490757153,0.9890130573694068
946,1,1.0,1.0,1.0,1.0,1.0,1.0,1.0,1.0,0.942364096178646,0.9574316692771682,0.9357819365267562,0.9933071490757153,0.9890130573694068
947,1,1.0,0.95,1.0,1.0,1.0,1.0,1.0,0.9999993,0.8472495626389694,0.9574412095059995,0.9702638853892602,0.9933071490757153,0.9890130573694068
948,1,1.0,1.0,1.0,1.0,1.0,1.0,1.0,0.9999999,0.9251126777056357,0.9573739337868051,0.99809579642152,0.9933071490757153,0.9890130573694068
949,1,1.0,1.0,1.0,1.0,1.0,1.0,1.0,1.0,0.9798072779873291,0.9575051104565936,0.9558620081271904,0.9933071490757153,0.9890130573694068
950,1,1.0,1.0,1.0,1.0,1.0,1.0,1.0,1.0,0.9972009222338165,0.9574649198942207,0.9997774673834056,0.9933071490757153,0.9890130573694068
951,1,1.0,1.0,1.0,1.0,1.0,1.0,1.0,0.99592495,0.9972450544054383,0.9575365669826843,0.9558494990785062,0.9933071490757153,0.9890130573694068
952,1,1.0,1.0,1.0,1.0,1.0,1.0,1.0,1.0,0.9903443508132985,0.9575134276122745,0.9450090289798143,0.9933071490757153,0.9890130573694068
953,1,1.0,1.0,1.0,1.0,1.0,1.0,1.0,1.0,0.9857052499019149,0.9574911072413547,0.9990732886227345,0.9933071490757153,0.9890130573694068
954,1,1.0,1.0,1.0,1.0,1.0,1.0,1.0,1.0,0.9974576575661348,0.9574420169657836,0.9981883038982182,0.9933071490757153,0.9890130573694068
955,1,1.0,1.0,1.0,1.0,1.0,1.0,1.0,0.9999999,0.9967383727797816,0.9574190682450501,0.9997413079897652,0.9933071490757153,0.9890130573694068
956,1,1.0,1.0,1.0,1.0,1.0,1.0,1.0,1.0,0.9986237619279574,0.95746895194843,0.9916446018030883,0.9933071490757153,0.9890130573694068
957,1,1.0,1.0,1.0,1.0,1.0,1.0,1.0,0.99999976,0.9989392118396555,0.957490275229751,0.9331994255903383,0.9933071490757153,0.9890130573694068
958,1,1.0,1.0,1.0,1.0,1.0,1.0,1.0,0.9999099,0.999909678310902,0.9574420927182147,0.9720665014035661,0.9933071490757153,0.9890130573694068
959,1,1.0,1.0,1.0,1.0,1.0,1.0,1.0,0.8872051,0.9984588109603146,0.9574806740268392,0.9929785421215213,0.9933071490757153,0.9890130573694068
960,1,1.0,1.0,1.0,1.0,1.0,1.0,1.0,1.0,0.997192552475839,0.9572629307918288,0.9954328690064986,0.9933071490757153,0.9890130573694068
961,1,1.0,1.0,1.0,1.0,1.0,1.0,1.0,0.99993825,0.997438264712057,0.9574339416271349,0.9996093175663895,0.9933071490757153,0.9890130573694068
962,1,1.0,1.0,1.0,1.0,1.0,1.0,1.0,1.0,0.997094682691071,0.9575344446560207,0.5442448356969801,0.9933071490757153,0.9890130573694068
963,1,1.0,1.0,1.0,1.0,1.0,1.0,1.0,1.0,0.991421408049074,0.9573276703899259,0.9728222253088654,0.9933071490757153,0.9890130573694068
964,1,1.0,1.0,1.0,1.0,1.0,1.0,1.0,1.0,0.9950335775136331,0.9576057278897241,0.9954328690064986,0.9933071490757153,0.9890130573694068
965,1,0.0,1.0,1.0,1.0,0.0,0.0,1.0,0.2371935,0.9894202002965858,0.9574188772120742,0.7946938322306907,0.9933071490757153,0.9890130573694068
966,1,1.0,1.0,1.0,1.0,1.0,1.0,1.0,1.0,0.9980970421580471,0.9574260128784373,0.8715696181672996,0.9933071490757153,0.9890130573694068
967,1,1.0,1.0,1.0,1.0,1.0,1.0,1.0,1.0,0.9987331950888078,0.9574159701538503,0.9964337157632774,0.9933071490757153,0.9890130573694068
968,1,1.0,0.9,1.0,1.0,1.0,1.0,1.0,0.9999995,0.8766151530927022,0.7382681961633044,0.9350976926068192,0.9933071490757153,0.9890130573694068
969,1,1.0,1.0,1.0,1.0,1.0,1.0,1.0,1.0,0.99999999999997,0.9568317880755752,0.8253673484226914,0.9933071490757153,0.9890130573694068
970,1,1.0,1.0,1.0,1.0,1.0,1.0,1.0,1.0,0.99999999999997,0.9569089372830987,0.9963211810908195,0.9933071490757153,0.9890130573694068
971,1,1.0,1.0,1.0,1.0,1.0,1.0,1.0,0.9999999,0.99999999999997,0.9569801101948298,0.9659800730219696,0.9933071490757153,0.9890130573694068
972,1,1.0,1.0,1.0,1.0,1.0,1.0,1.0,1.0,0.99999999999997,0.9569287594874465,0.9997712390785425,0.9933071490757153,0.9890130573694068
973,1,1.0,1.0,1.0,1.0,1.0,1.0,1.0,0.99981683,0.99999999999997,0.9567789102467719,0.9718834432625131,0.9933071490757153,0.9890130573694068
974,1,1.0,1.0,1.0,1.0,1.0,1.0,1.0,1.0,0.99999999999997,0.9569162529670209,0.9996403155866256,0.9933071490757153,0.9890130573694068
975,1,1.0,1.0,1.0,1.0,1.0,1.0,1.0,1.0,0.99999999999997,0.9570208635674916,0.9997487656180595,0.9933071490757153,0.9890130573694068
976,1,1.0,1.0,1.0,1.0,1.0,1.0,1.0,1.0,0.99999999999997,0.9568889762474152,0.8122575743093396,0.9933071490757153,0.9890130573694068
977,1,1.0,1.0,1.0,1.0,1.0,1.0,1.0,0.99731064,0.99999999999997,0.9569165968800256,0.9997332676747728,0.9933071490757153,0.9890130573694068
978,1,1.0,1.0,1.0,1.0,1.0,1.0,1.0,1.0,0.99999999999997,0.9569791502427187,0.5843540844009023,0.9933071490757153,0.9890130573694068
979,1,1.0,1.0,1.0,1.0,1.0,1.0,1.0,0.9831955,0.99999999999997,0.9569440748411157,0.9369625062182566,0.9933071490757153,0.9890130573694068
980,1,1.0,1.0,1.0,1.0,1.0,1.0,1.0,1.0,0.99999999999997,0.9569840199388177,0.9968911334926136,0.9933071490757153,0.9890130573694068
981,1,1.0,1.0,1.0,1.0,1.0,1.0,1.0,0.99998283,0.99999999999997,0.9568943259437632,0.9441498069494911,0.9933071490757153,0.9890130573694068
982,1,1.0,1.0,1.0,1.0,1.0,1.0,1.0,0.9998981,0.99999999999997,0.9568011456246761,0.8535510714306891,0.9933071490757153,0.9890130573694068
983,1,1.0,1.0,1.0,1.0,1.0,1.0,1.0,1.0,0.99999999999997,0.956960247694955,0.9846830053757968,0.9933071490757153,0.9890130573694068
984,1,1.0,1.0,1.0,1.0,1.0,1.0,1.0,0.9999999,0.99999999999997,0.9569250892880069,0.9992660901265609,0.9933071490757153,0.9890130573694068
985,1,1.0,1.0,1.0,1.0,1.0,1.0,1.0,0.9999585,0.99999999999997,0.9568703976208379,0.9983469135392308,0.9933071490757153,0.9890130573694068
986,1,1.0,1.0,1.0,1.0,1.0,1.0,1.0,0.99965036,0.99999999999997,0.9569672851495902,0.7738459617482861,0.9933071490757153,0.9890130573694068
987,1,1.0,1.0,1.0,1.0,1.0,1.0,1.0,0.80314577,0.99999999999997,0.9568624042229987,0.999449674780253,0.9933071490757153,0.9890130573694068
988,1,1.0,1.0,1.0,1.0,1.0,1.0,1.0,0.99999964,0.99999999999997,0.9569904267862834,0.9941832740151826,0.9933071490757153,0.9890130573694068
989,1,1.0,1.0,1.0,1.0,1.0,1.0,1.0,1.0,0.99999999999997,0.9570387352860917,0.9868352315495382,0.9933071490757153,0.9890130573694068
990,1,0.0,1.0,1.0,1.0,0.0,0.0,1.0,0.3961969,0.99999999999997,0.9569040318269606,0.7282887219549145,0.9933071490757153,0.9890130573694068
991,1,1.0,1.0,1.0,1.0,1.0,1.0,1.0,0.9998981,0.99999999999997,0.9569590482521921,0.8535510714306891,0.9933071490757153,0.9890130573694068
992,1,1.0,1.0,1.0,1.0,1.0,1.0,1.0,1.0,0.99999999999997,0.9568193897073912,0.999738682885842,0.9933071490757153,0.9890130573694068
993,1,1.0,1.0,1.0,1.0,1.0,1.0,1.0,0.9999999,0.99999999999997,0.9568573598906401,0.966659758110352,0.9933071490757153,0.9890130573694068
994,1,1.0,1.0,1.0,1.0,1.0,1.0,1.0,1.0,0.99999999999997,0.9569533803174811,0.9952124579518058,0.9933071490757153,0.9890130573694068
995,1,1.0,1.0,1.0,1.0,1.0,1.0,1.0,1.0,0.99999999999997,0.9569152943255688,0.9995709982075783,0.9933071490757153,0.9890130573694068
996,1,1.0,1.0,1.0,1.0,1.0,1.0,1.0,1.0,0.99999999999997,0.9568480040537503,0.9951118454806464,0.9933071490757153,0.9890130573694068
997,1,1.0,1.0,1.0,1.0,1.0,1.0,1.0,1.0,0.99999999999997,0.956857527299336,0.9995350296760525,0.9933071490757153,0.9890130573694068
998,1,1.0,1.0,1.0,1.0,1.0,1.0,1.0,1.0,0.99999999999997,0.956959559654554,0.8115226939651581,0.9933071490757153,0.9890130573694068
999,1,1.0,1.0,1.0,1.0,1.0,1.0,1.0,1.0,0.99999999999997,0.9569427982266203,0.9394059938535574,0.9933071490757153,0.9890130573694068
1000,1,1.0,1.0,1.0,1.0,1.0,1.0,1.0,1.0,0.99999999999997,0.9570648686622415,0.9989975649039395,0.9933071490757153,0.9890130573694068
1001,1,1.0,1.0,1.0,1.0,1.0,1.0,1.0,0.9999999,0.99999999999997,0.9569521155827984,0.9992660901265609,0.9933071490757153,0.9890130573694068
1002,1,1.0,1.0,1.0,1.0,1.0,1.0,1.0,0.9998857,0.99999999999997,0.956953909146058,0.9692247077662743,0.9933071490757153,0.9890130573694068
1003,1,1.0,1.0,1.0,1.0,1.0,1.0,1.0,0.9999999,0.99999999999997,0.9569900970046498,0.9989009328289613,0.9933071490757153,0.9890130573694068
1004,1,1.0,1.0,1.0,1.0,1.0,1.0,1.0,1.0,0.99999999999997,0.9569316807493504,0.9976477622314479,0.9933071490757153,0.9890130573694068
1005,1,1.0,1.0,1.0,1.0,1.0,1.0,1.0,1.0,0.99999999999997,0.9568140816111725,0.9989623870422916,0.9933071490757153,0.9890130573694068
1006,1,1.0,1.0,1.0,1.0,1.0,1.0,1.0,1.0,0.99999999999997,0.9569865481009461,0.9965971201429977,0.9933071490757153,0.9890130573694068
1007,1,1.0,1.0,1.0,1.0,1.0,1.0,1.0,0.9999987,0.99999999999997,0.95697509060045,0.9293554773292119,0.9933071490757153,0.9890130573694068
