win_idx,label,acc_v,acc_m,acc_u,acc_mv,acc_ds_eq,acc_ds_static,acc_ours,P_v,P_m,P_u,w_v,w_m,w_u
0,0,1.0,0.0,0.18333333333333332,0.0,0.0,0.0,0.0,4.369472e-18,0.8042477194085242,0.6825998613031643,0.1,0.9241418199787566,0.1
1,0,1.0,0.0,0.25,0.0,0.0,0.0,0.0,4.225009e-06,0.9576674978163316,0.634664657042505,0.12108155502768798,0.9241418199787566,0.1
2,0,1.0,0.0,0.26666666666666666,0.0,0.0,0.0,0.0,1.9787129e-07,0.9459006109183684,0.6089333026869491,0.1,0.9241418199787566,0.1
3,0,1.0,0.0,0.26666666666666666,0.0,0.0,0.0,0.0,2.1735937e-16,0.9414122121279167,0.6053891811061349,0.1,0.9241418199787566,0.1
4,0,1.0,0.0,0.23333333333333334,0.0,0.0,0.0,0.0,3.2179432e-09,0.9419519687279959,0.6351474551857313,0.1,0.9241418199787566,0.1
5,0,1.0,0.0,0.3,0.0,0.0,0.0,0.0,0.00026292077,0.9468023048176234,0.583524574456802,0.11095806203175838,0.9241418199787566,0.1
6,0,1.0,0.0,0.23333333333333334,0.0,0.0,0.0,0.0,1.4375208e-13,0.9407893956084431,0.6509445084038217,0.12643276580665375,0.9241418199787566,0.1
7,0,1.0,0.0,0.25,0.0,0.0,0.0,0.0,6.9198036e-11,0.960271601935403,0.6112367869522697,0.1,0.9241418199787566,0.1
8,0,1.0,0.0,0.26666666666666666,0.0,0.0,0.0,0.0,0.00075956027,0.9501661089791558,0.6051965131985824,0.16302615022299138,0.9241418199787566,0.1
9,0,1.0,0.0,0.3,0.0,0.0,0.0,1.0,6.9040036e-09,0.9425747127986956,0.5945820943005907,0.9814297899247243,0.9241418199787566,0.1
10,0,1.0,0.0,0.26666666666666666,0.0,0.0,0.0,0.0,3.806226e-10,0.9469050307869977,0.6078250723291204,0.16417297117126511,0.9241418199787566,0.1
11,0,0.0,0.0,0.2833333333333333,0.0,0.0,0.0,0.0,0.8785332,0.9496178977895877,0.6009797834988322,0.1,0.9241418199787566,0.1
12,0,1.0,0.0,0.23333333333333334,0.0,0.0,0.0,0.0,1.06249e-06,0.9436669402563796,0.6297005494042103,0.12202402350275059,0.9241418199787566,0.1
13,0,1.0,0.0,0.2833333333333333,0.0,0.0,0.0,0.0,6.6554045e-12,0.9435224461650059,0.6104625523105237,0.1,0.9241418199787566,0.1
14,0,1.0,0.0,0.3,0.0,0.0,0.0,0.0,0.36458537,0.9548160773114451,0.5881022400060426,0.1,0.9241418199787566,0.1
15,0,0.0,0.0,0.08333333333333333,0.0,0.0,0.0,0.0,1.0,0.9481153709625687,0.7535947712642419,0.1,0.9241418199787566,0.1
16,0,1.0,0.0,0.25,0.0,0.0,0.0,0.0,5.2204513e-08,0.945111158172267,0.6239360502812156,0.1851770143523444,0.9241418199787566,0.1
17,0,1.0,0.0,0.2833333333333333,0.0,0.0,0.0,0.0,1.7295144e-14,0.9418814675658074,0.5917366731280183,0.1,0.9241418199787566,0.1
18,0,0.0,0.0,0.35,0.0,0.0,0.0,0.0,1.0,0.957504486480563,0.5553901629689112,0.1,0.9241418199787566,0.1
19,0,1.0,0.0,0.25,0.0,0.0,0.0,0.0,1.4011255e-06,0.9480486570687128,0.6274063465174233,0.1648372741498598,0.9241418199787566,0.1
20,0,1.0,0.0,0.2833333333333333,0.0,0.0,0.0,0.0,1.2258878e-06,0.9433439782974834,0.5859824196566947,0.1288585850518347,0.9241418199787566,0.1
21,0,0.0,0.0,0.23333333333333334,0.0,0.0,0.0,0.0,1.0,0.9351661370575155,0.6303255563140514,0.1,0.9241418199787566,0.1
22,0,1.0,0.0,0.26666666666666666,0.0,0.0,0.0,0.0,1.2781277e-10,0.9477683937659751,0.6221293982498758,0.1,0.9241418199787566,0.1
23,0,1.0,0.0,0.26666666666666666,0.0,0.0,0.0,0.0,1.2638565e-10,0.9548785176688895,0.6187247066822626,0.7955370965685267,0.9241418199787566,0.1
24,0,1.0,0.0,0.31666666666666665,0.0,0.0,0.0,0.0,9.024263e-15,0.9402673695358761,0.5683295197929872,0.12210967941325686,0.9241418199787566,0.1
25,0,1.0,0.0,0.21666666666666667,0.0,0.0,0.0,0.0,9.964219e-05,0.9436032121472253,0.6680639379637846,0.1176235499890799,0.9241418199787566,0.1
26,0,1.0,0.0,0.21666666666666667,0.0,0.0,0.0,0.0,3.1381532e-08,0.9443650226051097,0.6584331001479717,0.20606579952190393,0.9241418199787566,0.1
27,0,0.0,0.0,0.26666666666666666,0.0,0.0,0.0,0.0,1.0,0.9461484950619959,0.6301017220238575,0.1,0.9241418199787566,0.1
28,0,1.0,0.0,0.2,0.0,0.0,0.0,0.0,3.1381532e-08,0.9482001792374647,0.6680412708552549,0.20606579952190393,0.9241418199787566,0.1
29,0,1.0,0.0,0.35,0.0,0.0,0.0,0.0,1.4439049e-12,0.944043492266272,0.5427713253429148,0.1,0.9241418199787566,0.1
30,0,1.0,0.0,0.26666666666666666,0.0,0.0,0.0,1.0,1.6060753e-14,0.9309134249115644,0.5997496813774676,0.9964302876409481,0.9241418199787566,0.1
31,0,0.0,0.0,0.3,0.0,0.0,0.0,0.0,1.0,0.9451931484009118,0.5808604696162575,0.1,0.9241418199787566,0.1
32,0,1.0,0.0,0.26666666666666666,0.0,0.0,0.0,0.0,1.6838607e-12,0.9509009266549785,0.6318077037504352,0.1,0.9241418199787566,0.1
33,0,0.0,0.0,0.23333333333333334,0.0,0.0,0.0,0.0,1.0,0.9404954193442454,0.6478605611970116,0.1,0.9241418199787566,0.1
34,0,1.0,0.0,0.38333333333333336,0.0,0.0,0.0,0.0,0.00830575,0.9449635248317174,0.5106642848503313,0.1,0.9241418199787566,0.1
35,0,1.0,0.21666666666666667,0.25,0.0,0.0,0.0,0.0,8.338594e-09,0.9139786764612015,0.5282256062429532,0.1,0.9241418199787566,0.1
36,1,0.0,1.0,0.26666666666666666,0.0,0.0,0.0,1.0,5.9340568e-08,0.8146669321471067,0.28714733077432375,0.1,0.9241418199787566,0.1
37,1,0.0,1.0,0.31666666666666665,0.0,0.0,0.0,1.0,3.0639267e-08,0.8292900250338435,0.3404960277615063,0.6370293413458904,0.9241418199787566,0.1
38,1,1.0,1.0,0.18333333333333332,1.0,0.0,0.0,1.0,1.0,0.8656976705954739,0.21724966508198204,0.1,0.9241418199787566,0.1
39,1,1.0,1.0,0.3,1.0,0.0,0.0,1.0,0.8213272,0.7988310779541333,0.32628881791324177,0.1,0.9241418199787566,0.1
40,1,0.0,0.9833333333333333,0.2833333333333333,0.0,0.0,0.0,0.0,2.873477e-06,0.8070305901721947,0.3174649354364442,0.8720859258632008,0.9241418199787566,0.1
41,1,1.0,0.9666666666666667,0.21666666666666667,1.0,0.0,0.0,1.0,0.99989045,0.8213956798238203,0.2568135205697242,0.1,0.9241418199787566,0.1
42,1,0.0,1.0,0.3333333333333333,0.0,0.0,0.0,1.0,3.230897e-08,0.8687550237711769,0.3579038140904978,0.14687959800477457,0.9241418199787566,0.1
43,1,0.0,1.0,0.2833333333333333,0.0,0.0,0.0,1.0,7.528523e-09,0.8786235679663814,0.31647180522249163,0.24689126581260845,0.9241418199787566,0.1
44,1,1.0,1.0,0.15,1.0,0.0,0.0,1.0,0.99911696,0.8295412218194935,0.19238133000107904,0.8553624741857746,0.9241418199787566,0.1
45,1,1.0,1.0,0.3,1.0,0.0,0.0,1.0,1.0,0.875236203426471,0.33285396487857444,0.13272319281553976,0.9241418199787566,0.1
46,1,0.0,0.95,0.18333333333333332,0.0,0.0,0.0,1.0,0.006793519,0.8518915449578072,0.22927244074670636,0.26161687610704615,0.9241418199787566,0.1
47,1,0.0,1.0,0.31666666666666665,0.0,0.0,0.0,0.0,0.01286571,0.912242491112588,0.32356605019098644,0.896344776590459,0.9241418199787566,0.1
48,1,0.0,1.0,0.23333333333333334,0.0,0.0,0.0,1.0,4.896183e-10,0.9138232580743526,0.27381427155949006,0.3628995294673477,0.9241418199787566,0.1
49,1,1.0,1.0,0.2833333333333333,1.0,0.0,0.0,1.0,1.0,0.8926190358513423,0.28702199643020276,0.7407778874599071,0.9241418199787566,0.1
50,1,0.0,0.9666666666666667,0.21666666666666667,0.0,0.0,0.0,1.0,1.4660006e-07,0.8496712189895254,0.2607723268484632,0.1,0.9241418199787566,0.1
51,1,1.0,1.0,0.21666666666666667,1.0,0.0,0.0,1.0,0.99938524,0.8677183491412629,0.24351160514416745,0.1,0.9241418199787566,0.1
52,1,1.0,1.0,0.2833333333333333,1.0,0.0,0.0,1.0,0.9896577,0.9130311887502365,0.30599323403170026,0.13719918585696675,0.9241418199787566,0.1
53,1,1.0,1.0,0.16666666666666666,1.0,0.0,0.0,1.0,0.9999999,0.9134567084138266,0.20466986556726438,0.9386596254596093,0.9241418199787566,0.1
54,1,0.0,0.9833333333333333,0.2,0.0,0.0,0.0,1.0,6.0801104e-12,0.8859551155808881,0.22476434182829294,0.1,0.9241418199787566,0.1
55,1,0.0,1.0,0.26666666666666666,0.0,0.0,0.0,1.0,0.12930582,0.8635855058630788,0.28431084058142037,0.8683253371038182,0.9241418199787566,0.1
56,1,0.0,1.0,0.2833333333333333,0.0,0.0,0.0,1.0,0.00012533608,0.8771555775285002,0.3118428203978253,0.14068413173519798,0.9241418199787566,0.1
57,1,1.0,1.0,0.2,1.0,0.0,0.0,1.0,0.92149323,0.8374337882862346,0.2247958735223826,0.8507090419651245,0.9241418199787566,0.1
58,1,0.0,1.0,0.26666666666666666,0.0,0.0,0.0,1.0,0.00019870662,0.8632874429356945,0.2986705705746816,0.1,0.9241418199787566,0.1
59,1,0.0,1.0,0.2833333333333333,0.0,0.0,0.0,1.0,0.00028482953,0.8226894961024471,0.31699074519330617,0.5838224684924042,0.9241418199787566,0.1
60,1,0.0,1.0,0.3333333333333333,0.0,0.0,0.0,1.0,2.3847706e-14,0.8227430213681329,0.35119306836183634,0.6282284988566733,0.9241418199787566,0.1
61,1,0.0,1.0,0.2833333333333333,0.0,0.0,0.0,1.0,4.916288e-12,0.8223215316986254,0.3194148122253297,0.32555878045990955,0.9241418199787566,0.1
62,1,1.0,1.0,0.21666666666666667,1.0,0.0,0.0,1.0,1.0,0.8196019218826474,0.24341887159820333,0.1,0.9241418199787566,0.1
63,1,0.0,1.0,0.26666666666666666,0.0,0.0,0.0,0.0,4.5786666e-07,0.8202020495551683,0.3034012230127951,0.9111349893564891,0.9241418199787566,0.1
64,1,0.0,1.0,0.21666666666666667,0.0,0.0,0.0,1.0,1.1494504e-08,0.8086852616440704,0.24861897165685587,0.1,0.9241418199787566,0.1
65,1,1.0,1.0,0.15,1.0,0.0,0.0,1.0,0.9999987,0.7915380324602189,0.1982135835118694,0.70857106014035,0.9241418199787566,0.1
66,1,1.0,1.0,0.26666666666666666,1.0,0.0,0.0,1.0,1.0,0.7931087017693067,0.3014813618515865,0.1,0.9241418199787566,0.1
67,1,0.0,1.0,0.25,0.0,0.0,0.0,1.0,1.4909737e-07,0.7856692629204821,0.2748648021540385,0.1,0.9241418199787566,0.1
68,1,0.0,1.0,0.23333333333333334,0.0,0.0,0.0,1.0,8.827305e-13,0.7709280420951184,0.2668900703079773,0.1384834219737628,0.9241418199787566,0.1
69,1,1.0,1.0,0.2833333333333333,1.0,0.0,0.0,1.0,0.99974936,0.7694808439423362,0.3061813104312919,0.9822834925594284,0.9241418199787566,0.1
70,1,1.0,1.0,0.3333333333333333,1.0,0.0,0.0,1.0,1.0,0.7560093862032764,0.3612687521875971,0.1,0.9241418199787566,0.1
71,1,1.0,1.0,0.2833333333333333,1.0,0.0,0.0,1.0,0.9999957,0.756701722084554,0.30575689830420755,0.7938490934694913,0.9241418199787566,0.1
72,1,0.0,1.0,0.21666666666666667,0.0,0.0,0.0,0.0,0.121375054,0.7665205942381074,0.2496601032049966,0.7767015228221517,0.9241418199787566,0.1
73,1,1.0,1.0,0.3333333333333333,1.0,0.0,0.0,1.0,0.99998236,0.7756840969787527,0.3439365435621475,0.9752071117606878,0.9241418199787566,0.1
74,1,0.0,1.0,0.2833333333333333,0.0,0.0,0.0,1.0,4.7325284e-13,0.7994347631860411,0.30104625743124297,0.1,0.9241418199787566,0.1
75,1,1.0,1.0,0.25,1.0,0.0,0.0,1.0,0.997969,0.7676476733889019,0.27646457982777567,0.8962030574406595,0.9241418199787566,0.1
76,1,0.0,1.0,0.35,0.0,0.0,0.0,1.0,6.64965e-07,0.8027991283299056,0.3712181120733247,0.1,0.9241418199787566,0.1
77,1,0.0,1.0,0.3,0.0,0.0,0.0,1.0,6.903975e-17,0.7474195645781201,0.3186759948922237,0.10534397065813064,0.9241418199787566,0.1
78,1,0.0,1.0,0.3333333333333333,0.0,0.0,0.0,1.0,1.0440764e-15,0.80207243632205,0.3444195257344049,0.1,0.9241418199787566,0.1
79,1,0.0,1.0,0.23333333333333334,0.0,0.0,0.0,1.0,0.0006554357,0.8370327020953146,0.2694466139413186,0.4324717983070515,0.9241418199787566,0.1
80,1,0.0,1.0,0.3333333333333333,0.0,0.0,0.0,1.0,1.626917e-11,0.8293752860037235,0.3360218656290629,0.35002761240539326,0.9241418199787566,0.1
81,1,0.0,1.0,0.18333333333333332,0.0,0.0,0.0,1.0,9.584243e-15,0.8140047162296545,0.22521606117137377,0.1,0.9241418199787566,0.1
82,1,0.0,1.0,0.35,0.0,0.0,0.0,1.0,0.004977551,0.8248767796713413,0.35613462884044883,0.13218328789096145,0.9241418199787566,0.1
83,1,1.0,1.0,0.31666666666666665,1.0,0.0,0.0,1.0,0.587891,0.7886924778914844,0.329883591523999,0.8802943887766038,0.9241418199787566,0.1
84,1,0.0,1.0,0.3,0.0,0.0,0.0,1.0,0.00014464057,0.7737715760800818,0.3259251774645716,0.3774878016542412,0.9241418199787566,0.1
85,1,0.0,1.0,0.21666666666666667,0.0,0.0,0.0,1.0,2.3385887e-09,0.7996604983380867,0.25520674306723873,0.1,0.9241418199787566,0.1
86,1,1.0,1.0,0.2833333333333333,1.0,0.0,0.0,1.0,0.99998415,0.784850339735237,0.29714404938918265,0.1,0.9241418199787566,0.1
87,1,0.0,1.0,0.21666666666666667,0.0,0.0,0.0,1.0,2.080946e-11,0.7775142918191644,0.2517410983152656,0.1,0.9241418199787566,0.1
88,1,0.0,1.0,0.21666666666666667,0.0,0.0,0.0,1.0,1.7589659e-07,0.7820986294245954,0.2455785035143124,0.33028928613799224,0.9241418199787566,0.1
89,1,1.0,1.0,0.21666666666666667,1.0,0.0,0.0,1.0,0.9999982,0.8007748320336354,0.24896014995737134,0.9069225601827038,0.9241418199787566,0.1
90,1,1.0,1.0,0.2,1.0,0.0,0.0,1.0,0.9983181,0.7888607537372108,0.2435344625399468,0.9707828171134891,0.9241418199787566,0.1
91,1,0.0,1.0,0.23333333333333334,0.0,0.0,0.0,1.0,7.365245e-08,0.8048048119854393,0.2717832845704718,0.6190586539604002,0.9241418199787566,0.1
92,1,0.0,1.0,0.18333333333333332,0.0,0.0,0.0,1.0,7.9868485e-09,0.7640265001168596,0.2178809695283902,0.1,0.9241418199787566,0.1
93,1,0.0,1.0,0.15,0.0,0.0,0.0,1.0,3.183304e-10,0.7870398153003497,0.18988092230573184,0.38802990859702413,0.9241418199787566,0.1
94,1,1.0,1.0,0.36666666666666664,1.0,0.0,0.0,1.0,1.0,0.7628771219483742,0.38328502087210164,0.1062059658774437,0.9241418199787566,0.1
95,1,0.0,1.0,0.21666666666666667,0.0,0.0,0.0,1.0,7.3306736e-11,0.7725875962333268,0.24689360410181377,0.3499042502942639,0.9241418199787566,0.1
96,1,1.0,1.0,0.26666666666666666,1.0,0.0,0.0,1.0,1.0,0.7957968859101375,0.2899054560703717,0.1,0.9241418199787566,0.1
97,1,1.0,1.0,0.2833333333333333,1.0,0.0,0.0,1.0,0.99884254,0.7741577065103468,0.3040584464782639,0.9938806118883607,0.9241418199787566,0.1
98,1,1.0,1.0,0.2833333333333333,1.0,0.0,0.0,1.0,0.999933,0.7740542384630604,0.3053606891072851,0.9964602997239586,0.9241418199787566,0.1
99,1,1.0,1.0,0.3333333333333333,1.0,0.0,0.0,1.0,1.0,0.7778222940654583,0.35442162104120295,0.1,0.9241418199787566,0.1
100,1,0.0,1.0,0.2,0.0,0.0,0.0,1.0,0.41430637,0.7631043871709591,0.2418710869983565,0.7734370486936408,0.9241418199787566,0.1
101,1,1.0,1.0,0.25,1.0,0.0,0.0,1.0,0.9999995,0.7780396841198157,0.28139021560409855,0.21558997337753136,0.9241418199787566,0.1
102,1,1.0,1.0,0.23333333333333334,1.0,0.0,0.0,1.0,0.6798059,0.7655025561813157,0.27129045143529135,0.10112870921248643,0.9241418199787566,0.1
103,1,0.0,1.0,0.23333333333333334,0.0,0.0,0.0,1.0,3.776717e-12,0.7547552613898294,0.2744664629155343,0.1,0.9241418199787566,0.1
104,1,1.0,1.0,0.25,1.0,0.0,0.0,1.0,0.82427037,0.7701521216441152,0.2792752841437681,0.1,0.9241418199787566,0.1
105,1,1.0,1.0,0.3,1.0,0.0,0.0,1.0,0.99999976,0.8042413706964787,0.3163884224553891,0.22619584657084071,0.9241418199787566,0.1
106,1,1.0,0.9166666666666666,0.25,1.0,0.0,0.0,1.0,0.9999988,0.8158973513876563,0.32448992387289216,0.1,0.9241418199787566,0.1
107,1,0.0,1.0,0.23333333333333334,0.0,0.0,0.0,1.0,8.585229e-08,0.8091622970389416,0.2726664610937252,0.1,0.9241418199787566,0.1
108,1,1.0,0.9833333333333333,0.35,1.0,0.0,0.0,1.0,1.0,0.8062751343412089,0.38656493153521926,0.1,0.9241418199787566,0.1
109,1,0.0,1.0,0.35,0.0,0.0,0.0,1.0,5.1896987e-14,0.8118972619569743,0.38672647514209296,0.1,0.9241418199787566,0.1
110,1,0.0,1.0,0.18333333333333332,0.0,0.0,0.0,1.0,4.600056e-07,0.7891962713408507,0.22435854702482652,0.1,0.9241418199787566,0.1
111,1,0.0,1.0,0.25,0.0,0.0,0.0,1.0,0.15275784,0.8079481841532352,0.29031081378041057,0.37741812567114974,0.9241418199787566,0.1
112,1,0.0,1.0,0.31666666666666665,0.0,0.0,0.0,1.0,2.0963072e-11,0.8726151598704119,0.35631806485717665,0.6586560121767733,0.9241418199787566,0.1
113,1,1.0,1.0,0.23333333333333334,1.0,0.0,0.0,1.0,1.0,0.8580350752648993,0.27936212943229205,0.9972838690292272,0.9241418199787566,0.1
114,1,1.0,0.9833333333333333,0.2833333333333333,1.0,0.0,0.0,1.0,1.0,0.9122692324781182,0.3279263847514526,0.1,0.9241418199787566,0.1
115,1,0.0,1.0,0.35,0.0,0.0,0.0,1.0,7.365245e-08,0.8720472900621608,0.3867765982946275,0.6190586539604002,0.9241418199787566,0.1
116,1,0.0,1.0,0.26666666666666666,0.0,0.0,0.0,1.0,4.5347708e-14,0.8686715112749164,0.31057600723246054,0.1,0.9241418199787566,0.1
117,1,1.0,1.0,0.25,1.0,0.0,0.0,1.0,0.9996051,0.809033190548907,0.2946119327169699,0.7404756864715066,0.9241418199787566,0.1
118,1,0.0,1.0,0.2833333333333333,0.0,0.0,0.0,1.0,0.00016607458,0.8331868205001833,0.3258521396054751,0.10897452175293892,0.9241418199787566,0.1
119,1,0.0,1.0,0.23333333333333334,0.0,0.0,0.0,0.0,4.8329255e-13,0.7931028591794845,0.278243137401231,0.6459478954598229,0.9241418199787566,0.1
120,1,0.0,1.0,0.23333333333333334,0.0,0.0,0.0,1.0,9.360248e-10,0.7930468800074328,0.2771043576691331,0.12828649870464298,0.9241418199787566,0.1
121,1,0.0,1.0,0.25,0.0,0.0,0.0,1.0,0.05427607,0.7673465962482274,0.29539866127592307,0.3581244120883103,0.9241418199787566,0.1
122,1,0.0,1.0,0.25,0.0,0.0,0.0,1.0,9.091868e-11,0.7686054270958643,0.29743467478533764,0.46348893463840346,0.9241418199787566,0.1
123,1,1.0,1.0,0.25,1.0,0.0,0.0,1.0,1.0,0.7792829989701201,0.2890248768607062,0.1,0.9241418199787566,0.1
124,1,0.0,1.0,0.26666666666666666,0.0,0.0,0.0,0.0,5.329174e-05,0.8131889035069421,0.3076267557460129,0.9856399512166836,0.9241418199787566,0.1
125,1,0.0,1.0,0.3,0.0,0.0,0.0,1.0,0.009783096,0.7668169528932621,0.3305888579859186,0.28674373110407064,0.9241418199787566,0.1
126,1,1.0,1.0,0.36666666666666664,1.0,0.0,0.0,1.0,0.9996445,0.7635761130580921,0.4016056096258182,0.9977215793905935,0.9241418199787566,0.1
127,1,0.0,1.0,0.21666666666666667,0.0,0.0,0.0,1.0,2.88961e-14,0.7717219103575244,0.26470103494685215,0.14973584812119456,0.9241418199787566,0.1
128,1,0.0,1.0,0.2833333333333333,0.0,0.0,0.0,0.0,3.840362e-06,0.7629253990869264,0.3282541184613474,0.6317652028593006,0.9241418199787566,0.1
129,1,1.0,0.7666666666666667,0.26666666666666666,1.0,0.0,0.0,1.0,1.0,0.7918818487545807,0.43045274500691677,0.1,0.9241418199787566,0.1
130,0,1.0,0.0,0.26666666666666666,0.0,0.0,0.0,1.0,1.1853148e-10,0.9563602348628856,0.6198047344751247,0.9926605612086117,0.9241418199787566,0.1
131,0,1.0,0.0,0.25,0.0,0.0,0.0,0.0,5.2946167e-08,0.9503550691805135,0.6384328368905431,0.21602810305916384,0.9241418199787566,0.1
132,0,0.0,0.0,0.23333333333333334,0.0,0.0,0.0,0.0,1.0,0.9505718043094907,0.6458683455809819,0.1,0.9241418199787566,0.1
133,0,0.0,0.0,0.31666666666666665,0.0,0.0,0.0,0.0,1.0,0.9453953197186068,0.5637082727143158,0.1,0.9241418199787566,0.1
134,0,1.0,0.0,0.16666666666666666,0.0,0.0,0.0,0.0,8.857986e-09,0.9463769463154593,0.6800385634190445,0.11233715798438666,0.9241418199787566,0.1
135,0,1.0,0.0,0.25,0.0,0.0,0.0,0.0,1.4951036e-14,0.9475799241886733,0.6446729309214706,0.1,0.9241418199787566,0.1
136,0,1.0,0.0,0.25,0.0,0.0,0.0,0.0,2.2344882e-05,0.9422992980031886,0.6296531664357232,0.42598584482421253,0.9241418199787566,0.1
137,0,1.0,0.0,0.31666666666666665,0.0,0.0,0.0,0.0,6.56914e-07,0.9342513323030434,0.5784946989123386,0.13979598024504444,0.9241418199787566,0.1
138,0,1.0,0.0,0.15,0.0,0.0,0.0,0.0,4.2265487e-14,0.9499021525235789,0.6993103774226571,0.1,0.9241418199787566,0.1
139,0,1.0,0.0,0.35,0.0,0.0,0.0,0.0,5.483344e-07,0.939997981549351,0.5434186764035682,0.30737209700935664,0.9241418199787566,0.1
140,0,1.0,0.0,0.3333333333333333,0.0,0.0,0.0,0.0,7.8385534e-17,0.9364722920988523,0.5574994455351248,0.1,0.9241418199787566,0.1
141,0,1.0,0.0,0.2,0.0,0.0,0.0,0.0,1.2211697e-13,0.9353637619319757,0.6695161884838338,0.1,0.9241418199787566,0.1
142,0,1.0,0.0,0.38333333333333336,0.0,0.0,0.0,0.0,4.6678863e-08,0.9501483079162402,0.5244509593056611,0.1,0.9241418199787566,0.1
143,0,1.0,0.0,0.15,0.0,0.0,0.0,0.0,2.5148394e-11,0.9329955019293678,0.7114915753275048,0.11342337447772805,0.9241418199787566,0.1
144,0,1.0,0.0,0.3333333333333333,0.0,0.0,0.0,0.0,3.9854017e-13,0.9497401881975154,0.5652080944541019,0.1,0.9241418199787566,0.1
145,0,0.0,0.0,0.21666666666666667,0.0,0.0,0.0,0.0,1.0,0.9480901600408903,0.6537083749144234,0.1,0.9241418199787566,0.1
146,0,1.0,0.0,0.25,0.0,0.0,0.0,0.0,3.2163967e-09,0.9198888308734608,0.625934539967702,0.1,0.9241418199787566,0.1
147,0,1.0,0.0,0.18333333333333332,0.0,0.0,0.0,0.0,6.8269137e-13,0.9417099212626135,0.6796529047418008,0.1,0.9241418199787566,0.1
148,0,1.0,0.0,0.2833333333333333,0.0,0.0,0.0,0.0,0.00032233386,0.9461021011781762,0.6029795819694962,0.13306954318064862,0.9241418199787566,0.1
149,0,1.0,0.0,0.11666666666666667,0.0,0.0,0.0,0.0,3.4075797e-14,0.9509490562911559,0.7361063825247947,0.1415225130735161,0.9241418199787566,0.1
150,0,1.0,0.0,0.26666666666666666,0.0,0.0,0.0,0.0,6.8827394e-10,0.934674519088377,0.6083364232117354,0.11176157537989553,0.9241418199787566,0.1
151,0,0.0,0.0,0.2,0.0,0.0,0.0,0.0,1.0,0.9342958670261429,0.6572896600468101,0.1,0.9241418199787566,0.1
152,0,1.0,0.0,0.21666666666666667,0.0,0.0,0.0,0.0,0.07379591,0.9429185791852424,0.6555828710593258,0.2589158774774591,0.9241418199787566,0.1
153,0,1.0,0.0,0.26666666666666666,0.0,0.0,0.0,0.0,4.204189e-06,0.9553438108899391,0.6025203380928852,0.7761626191589497,0.9241418199787566,0.1
154,0,1.0,0.0,0.26666666666666666,0.0,0.0,0.0,0.0,9.266671e-17,0.9446532204535394,0.6060692182525048,0.1,0.9241418199787566,0.1
155,0,0.0,0.0,0.31666666666666665,0.0,0.0,0.0,0.0,1.0,0.9366357690914827,0.5730280232688715,0.1,0.9241418199787566,0.1
156,0,1.0,0.0,0.21666666666666667,0.0,0.0,0.0,0.0,0.046787843,0.9431293927851823,0.6488627520021201,0.3320731180980318,0.9241418199787566,0.1
157,0,1.0,0.0,0.21666666666666667,0.0,0.0,0.0,0.0,0.0014354372,0.9472777702786473,0.6552158969551669,0.15889647820359645,0.9241418199787566,0.1
158,0,1.0,0.016666666666666666,0.31666666666666665,0.0,0.0,0.0,0.0,1.9165864e-14,0.9469087316342647,0.5783585379626314,0.15223517547155893,0.9241418199787566,0.1
159,0,0.0,0.0,0.2833333333333333,0.0,0.0,0.0,0.0,0.9999995,0.9447312734188973,0.6054633007011901,0.1,0.9241418199787566,0.1
160,0,1.0,0.0,0.21666666666666667,0.0,0.0,0.0,0.0,0.00014781604,0.9463249216772219,0.6495681900333675,0.26889430565095573,0.9241418199787566,0.1
161,0,1.0,0.0,0.2,0.0,0.0,0.0,0.0,1.790825e-05,0.9347205758965114,0.6772563164684919,0.1,0.9241418199787566,0.1
162,0,1.0,0.0,0.38333333333333336,0.0,0.0,0.0,0.0,9.964219e-05,0.9486842330879899,0.5053620543169561,0.1176235499890799,0.9241418199787566,0.1
163,0,0.0,0.0,0.2833333333333333,0.0,0.0,0.0,0.0,1.0,0.9509326304407887,0.5920111678545013,0.1,0.9241418199787566,0.1
164,0,1.0,0.0,0.2833333333333333,0.0,0.0,0.0,0.0,2.6247962e-09,0.9482103594793813,0.6087730648937076,0.1,0.9241418199787566,0.1
165,0,1.0,0.0,0.23333333333333334,0.0,0.0,0.0,0.0,7.2744137e-12,0.9406526080698666,0.6426882902138077,0.6642791465208612,0.9241418199787566,0.1
166,0,1.0,0.0,0.16666666666666666,0.0,0.0,0.0,0.0,1.522026e-05,0.944951146626304,0.6991415323780983,0.8391572192963853,0.9241418199787566,0.1
167,0,0.0,0.0,0.2,0.0,0.0,0.0,0.0,1.0,0.9369048194622491,0.6596167225125414,0.1,0.9241418199787566,0.1
168,0,1.0,0.0,0.18333333333333332,0.0,0.0,0.0,0.0,2.8941896e-13,0.9507991999834658,0.6762480395337621,0.1,0.9241418199787566,0.1
169,0,1.0,0.0,0.23333333333333334,0.0,0.0,0.0,0.0,1.192768e-06,0.9340587543820409,0.6446170610763603,0.23175113665043434,0.9241418199787566,0.1
170,0,0.0,0.0,0.18333333333333332,0.0,0.0,0.0,0.0,0.9589399,0.9501493875012699,0.6810525002066459,0.9005329637520343,0.9241418199787566,0.1
171,0,0.0,0.0,0.23333333333333334,0.0,0.0,0.0,0.0,1.0,0.933328299511192,0.6286415094767679,0.1,0.9241418199787566,0.1
172,0,1.0,0.0,0.36666666666666664,0.0,0.0,0.0,0.0,3.2163967e-09,0.9377599036674965,0.5218069834416594,0.1,0.9241418199787566,0.1
173,0,0.0,0.0,0.3333333333333333,0.0,0.0,0.0,0.0,1.0,0.9485592364040811,0.5458284763136192,0.1,0.9241418199787566,0.1
174,0,1.0,0.0,0.3,0.0,0.0,0.0,0.0,2.0779464e-05,0.9454568830732041,0.5929615871110041,0.41980864135595775,0.9241418199787566,0.1
175,0,1.0,0.0,0.2833333333333333,0.0,0.0,0.0,0.0,7.755671e-14,0.9537837905749769,0.5974693874224747,0.22976193444870832,0.9241418199787566,0.1
176,1,0.0,0.9,0.2833333333333333,0.0,0.0,0.0,1.0,1.2696539e-12,0.9770818367228171,0.36801093424664405,0.1,0.9241418199787566,0.1
177,1,0.0,1.0,0.26666666666666666,0.0,0.0,0.0,1.0,0.00012533608,0.9687622005419106,0.30616920812464893,0.14068413173519798,0.9241418199787566,0.1
178,1,0.0,1.0,0.26666666666666666,0.0,0.0,0.0,1.0,2.6638877e-10,0.9629301292989348,0.30482235210407305,0.32727834871315137,0.9241418199787566,0.1
179,1,0.0,1.0,0.11666666666666667,0.0,0.0,0.0,1.0,1.4194046e-10,0.9670989499567038,0.16947417787899036,0.7614262338433866,0.9241418199787566,0.1
180,1,0.0,1.0,0.31666666666666665,0.0,0.0,0.0,1.0,0.00019870662,0.9704716894561441,0.3576097582978649,0.1,0.9241418199787566,0.1
181,1,0.0,1.0,0.21666666666666667,0.0,0.0,0.0,1.0,0.00020857202,0.9810904153468792,0.26118217504105,0.3911086132413282,0.9241418199787566,0.1
182,1,1.0,1.0,0.2,1.0,0.0,0.0,1.0,1.0,0.9799785998915976,0.24886839423500032,0.1,0.9241418199787566,0.1
183,1,0.0,1.0,0.36666666666666664,0.0,0.0,0.0,1.0,1.9190539e-08,0.9667908936724796,0.3983466670352764,0.8020246102058955,0.9241418199787566,0.1
184,1,0.0,1.0,0.2833333333333333,0.0,0.0,0.0,0.0,1.2497426e-07,0.9662619685398788,0.32600408833641337,0.8981305893145278,0.9241418199787566,0.1
185,1,1.0,1.0,0.3,1.0,0.0,0.0,1.0,0.80759865,0.9713930807492964,0.337180862648753,0.9846644768810454,0.9241418199787566,0.1
186,1,0.0,1.0,0.23333333333333334,0.0,0.0,0.0,1.0,1.9574629e-09,0.9667611256833675,0.2755007255501518,0.1069033722093683,0.9241418199787566,0.1
187,1,1.0,1.0,0.21666666666666667,1.0,0.0,0.0,1.0,0.9950742,0.9751676660080865,0.25190450297596195,0.7701181260686659,0.9241418199787566,0.1
188,1,0.0,1.0,0.2833333333333333,0.0,0.0,0.0,1.0,0.00014464057,0.9690567386989939,0.3270290354990958,0.3774878016542412,0.9241418199787566,0.1
189,1,1.0,1.0,0.31666666666666665,1.0,0.0,1.0,1.0,1.0,0.9633098919605845,0.3537588296153668,0.1,0.9241418199787566,0.1
190,1,1.0,0.9833333333333333,0.23333333333333334,1.0,0.0,0.0,1.0,0.9999987,0.9463869994612527,0.27299017539739395,0.70857106014035,0.9241418199787566,0.1
191,1,1.0,1.0,0.23333333333333334,1.0,0.0,0.0,1.0,0.9999995,0.9427465964544405,0.28017360555867904,0.9543935640057484,0.9241418199787566,0.1
192,1,0.0,1.0,0.36666666666666664,0.0,0.0,0.0,0.0,1.0118096e-10,0.9475584228666503,0.3966674670405693,0.9807893877434707,0.9241418199787566,0.1
193,1,0.0,1.0,0.2,0.0,0.0,0.0,1.0,4.896534e-15,0.9600530707211145,0.24009608091896492,0.7982356552117613,0.9241418199787566,0.1
194,1,0.0,1.0,0.31666666666666665,0.0,0.0,0.0,1.0,1.7090042e-09,0.9605246306706972,0.34764232766059716,0.6640887088283598,0.9241418199787566,0.1
195,1,0.0,1.0,0.25,0.0,0.0,0.0,1.0,6.405748e-17,0.9592079553519234,0.29494701000001833,0.1,0.9241418199787566,0.1
196,1,1.0,1.0,0.16666666666666666,1.0,0.0,0.0,1.0,1.0,0.9712289524800106,0.21394814099243012,0.1,0.9241418199787566,0.1
197,1,0.0,1.0,0.13333333333333333,0.0,0.0,0.0,1.0,0.028854199,0.9564211853529526,0.1844906010368378,0.4604774306434486,0.9241418199787566,0.1
198,1,0.0,1.0,0.21666666666666667,0.0,0.0,0.0,1.0,0.050667703,0.9812977011476004,0.25976548272611855,0.4941433079735945,0.9241418199787566,0.1
199,1,0.0,1.0,0.3,0.0,0.0,0.0,1.0,7.3691213e-09,0.9677062333867013,0.34148528967832553,0.7487606277954152,0.9241418199787566,0.1
200,1,0.0,1.0,0.2,0.0,0.0,0.0,1.0,3.514893e-12,0.969414568737301,0.24657077044189812,0.7413950409887349,0.9241418199787566,0.1
201,1,0.0,1.0,0.26666666666666666,0.0,0.0,0.0,1.0,0.0068283454,0.9834698431248015,0.31046738452802436,0.7730204949446815,0.9241418199787566,0.1
202,1,0.0,1.0,0.3,0.0,0.0,0.0,0.0,6.0656707e-06,0.9485526612155312,0.33123318426075626,0.8639743247270875,0.9241418199787566,0.1
203,1,0.0,1.0,0.3333333333333333,0.0,0.0,0.0,1.0,1.3132313e-09,0.9742837500929971,0.37070540406184777,0.3063159548497136,0.9241418199787566,0.1
204,1,0.0,1.0,0.16666666666666666,0.0,0.0,0.0,1.0,5.9022107e-09,0.956003626203193,0.2129456012838567,0.1,0.9241418199787566,0.1
205,1,0.0,0.9833333333333333,0.3,0.0,0.0,0.0,1.0,3.36028e-12,0.9424096808083091,0.3387982383929132,0.18730644842852046,0.9241418199787566,0.1
206,1,0.0,1.0,0.15,0.0,0.0,0.0,1.0,1.4360957e-13,0.9638350062990657,0.19956957192832062,0.1,0.9241418199787566,0.1
207,1,1.0,1.0,0.2,1.0,0.0,0.0,1.0,1.0,0.970610370210895,0.25104718557465344,0.1,0.9241418199787566,0.1
208,1,0.0,1.0,0.2833333333333333,0.0,0.0,0.0,1.0,8.927696e-17,0.9625489239093041,0.32124252095718336,0.1,0.9241418199787566,0.1
209,1,1.0,1.0,0.35,1.0,0.0,1.0,1.0,0.99999845,0.9752425023217058,0.37543745937321005,0.7778294595177866,0.9241418199787566,0.1
210,1,0.0,1.0,0.18333333333333332,0.0,0.0,0.0,1.0,8.3550195e-10,0.966914779013943,0.23368659417530865,0.6065071794677009,0.9241418199787566,0.1
211,1,0.0,0.95,0.3,0.0,0.0,0.0,1.0,9.899904e-10,0.9628027824556267,0.3779536509644472,0.16654320258240435,0.9241418199787566,0.1
212,0,1.0,0.0,0.31666666666666665,0.0,0.0,0.0,0.0,3.003795e-11,0.9395708479619914,0.5849572873336518,0.1444592215373598,0.9241418199787566,0.1
213,0,1.0,0.0,0.21666666666666667,0.0,0.0,0.0,0.0,3.649806e-05,0.941513330848394,0.6460933135990975,0.14980567295044028,0.9241418199787566,0.1
214,0,1.0,0.0,0.2833333333333333,0.0,0.0,0.0,1.0,1.5870024e-12,0.9346442454143333,0.5973673080662982,0.9808969758892847,0.9241418199787566,0.1
215,0,1.0,0.0,0.18333333333333332,0.0,0.0,0.0,0.0,4.5506796e-10,0.9461972327302111,0.6928320548576935,0.1,0.9241418199787566,0.1
216,0,1.0,0.0,0.35,0.0,0.0,0.0,0.0,8.994901e-10,0.9473328966142834,0.5601324476973687,0.23922007785216023,0.9241418199787566,0.1
217,0,1.0,0.0,0.23333333333333334,0.0,0.0,0.0,0.0,9.382457e-12,0.939815700525304,0.6425543415527052,0.23606070418459213,0.9241418199787566,0.1
218,0,1.0,0.0,0.26666666666666666,0.0,0.0,0.0,0.0,2.0459245e-05,0.9273634898543386,0.6231308217526611,0.1,0.9241418199787566,0.1
219,0,1.0,0.0,0.2833333333333333,0.0,0.0,0.0,0.0,3.9854017e-13,0.9472298831449278,0.6065537140639468,0.1,0.9241418199787566,0.1
220,0,1.0,0.0,0.3,0.0,0.0,0.0,0.0,1.6889002e-09,0.9358563047562148,0.6080402050361787,0.225357372873822,0.9241418199787566,0.1
221,0,1.0,0.0,0.2833333333333333,0.0,0.0,0.0,0.0,3.3621103e-14,0.9429437496593559,0.608791984707577,0.1,0.9241418199787566,0.1
222,0,0.0,0.0,0.26666666666666666,0.0,0.0,0.0,0.0,1.0,0.939510415409935,0.6036629547672805,0.1,0.9241418199787566,0.1
223,0,1.0,0.0,0.25,0.0,0.0,0.0,0.0,1.8107045e-05,0.9351969701775872,0.6371418149707926,0.1,0.9241418199787566,0.1
224,0,1.0,0.0,0.23333333333333334,0.0,0.0,0.0,0.0,6.9198036e-11,0.9424335412126484,0.6320876369100124,0.1,0.9241418199787566,0.1
225,0,0.0,0.0,0.3,0.0,0.0,0.0,0.0,1.0,0.9474959109189179,0.5929140618715263,0.1,0.9241418199787566,0.1
226,0,1.0,0.0,0.3333333333333333,0.0,0.0,0.0,0.0,2.7973976e-09,0.947083659258885,0.5737115490658573,0.1,0.9241418199787566,0.1
227,0,1.0,0.0,0.3,0.0,0.0,0.0,0.0,2.8743485e-19,0.9569494211399935,0.593123042922322,0.11636513925267529,0.9241418199787566,0.1
228,0,1.0,0.0,0.25,0.0,0.0,0.0,0.0,7.9720553e-07,0.9397731286743224,0.6289017177646341,0.1,0.9241418199787566,0.1
229,0,1.0,0.0,0.25,0.0,0.0,0.0,0.0,1.0034718e-07,0.9425245582046122,0.6359569381442072,0.27152947801482336,0.9241418199787566,0.1
230,0,1.0,0.016666666666666666,0.25,0.0,0.0,0.0,0.0,2.6570253e-15,0.9372124949992152,0.6406045201580547,0.1,0.9241418199787566,0.1
231,0,1.0,0.0,0.23333333333333334,0.0,0.0,0.0,0.0,2.0652494e-06,0.9602432470790542,0.6410230721022931,0.27787659373328394,0.9241418199787566,0.1
232,0,1.0,0.0,0.2833333333333333,0.0,0.0,0.0,0.0,7.8076286e-19,0.9334931528519728,0.6047101563940986,0.1,0.9241418199787566,0.1
233,0,1.0,0.0,0.25,0.0,0.0,0.0,0.0,3.3305234e-10,0.9522119640131909,0.6394269390052414,0.24188315212205583,0.9241418199787566,0.1
234,1,0.0,0.48333333333333334,0.43333333333333335,0.0,0.0,0.0,1.0,0.00012533608,0.9437128005570928,0.4666515113141907,0.14068413173519798,0.9241418199787566,0.1
235,1,1.0,1.0,0.2833333333333333,1.0,0.0,0.0,1.0,1.0,0.9645071695691906,0.3085264587738406,0.1,0.9241418199787566,0.1
236,1,1.0,1.0,0.23333333333333334,1.0,0.0,0.0,1.0,0.77692366,0.9634711101263271,0.27462172072096996,0.919849092848885,0.9241418199787566,0.1
237,1,1.0,1.0,0.25,1.0,0.0,0.0,1.0,1.0,0.9576519430642005,0.2869999076089505,0.1,0.9241418199787566,0.1
238,1,0.0,1.0,0.25,0.0,0.0,0.0,1.0,2.5894717e-08,0.9557442594625,0.27472433424066517,0.779503405483016,0.9241418199787566,0.1
239,1,0.0,1.0,0.3,0.0,0.0,0.0,1.0,0.0012332617,0.974181135689866,0.3257725383826882,0.6898225977817238,0.9241418199787566,0.1
240,1,1.0,1.0,0.26666666666666666,1.0,0.0,0.0,1.0,0.998884,0.9540142832034808,0.3042341975791156,0.16205524798602602,0.9241418199787566,0.1
241,1,0.0,1.0,0.31666666666666665,0.0,0.0,0.0,1.0,0.0004164498,0.971952201994867,0.35010699861567407,0.590884782601832,0.9241418199787566,0.1
242,1,0.0,1.0,0.25,0.0,0.0,0.0,1.0,2.811166e-16,0.9731714331894173,0.28914354543114823,0.1,0.9241418199787566,0.1
243,1,0.0,1.0,0.26666666666666666,0.0,0.0,0.0,1.0,3.840362e-06,0.9646339916669151,0.3028843799188612,0.6317652028593006,0.9241418199787566,0.1
244,1,1.0,1.0,0.23333333333333334,1.0,0.0,0.0,1.0,1.0,0.9504640796010663,0.2701447693610463,0.1,0.9241418199787566,0.1
245,1,1.0,1.0,0.23333333333333334,1.0,0.0,0.0,1.0,0.9999957,0.9782044745645547,0.2704553794811473,0.7938490934694913,0.9241418199787566,0.1
246,1,1.0,1.0,0.2833333333333333,1.0,0.0,0.0,1.0,1.0,0.9863346759636797,0.29273594785691226,0.1,0.9241418199787566,0.1
247,1,0.0,1.0,0.25,0.0,0.0,0.0,1.0,0.014621516,0.9539869697787751,0.2881890100167795,0.17626986557000499,0.9241418199787566,0.1
248,1,0.0,1.0,0.26666666666666666,0.0,0.0,0.0,1.0,1.8931249e-16,0.9635364689951549,0.29912746688098807,0.1,0.9241418199787566,0.1
249,1,0.0,1.0,0.13333333333333333,0.0,0.0,0.0,0.0,2.7392961e-13,0.9699809855725867,0.18403004282706242,0.9037472505315182,0.9241418199787566,0.1
250,1,0.0,1.0,0.26666666666666666,0.0,0.0,0.0,1.0,5.6712456e-15,0.9614227148924884,0.3036988783050588,0.1,0.9241418199787566,0.1
251,1,0.0,1.0,0.2833333333333333,0.0,0.0,0.0,1.0,2.050001e-07,0.9721820991652464,0.3102131012048701,0.17217784523219345,0.9241418199787566,0.1
252,1,0.0,1.0,0.2833333333333333,0.0,0.0,0.0,1.0,1.6994937e-08,0.9658643403092708,0.3002780705538797,0.1,0.9241418199787566,0.1
253,1,0.0,1.0,0.2833333333333333,0.0,0.0,0.0,1.0,4.302496e-06,0.946550574509598,0.31884974494704693,0.6208247854595976,0.9241418199787566,0.1
254,1,0.0,1.0,0.23333333333333334,0.0,0.0,0.0,0.0,0.090703994,0.9650661850671267,0.2738127124532754,0.9738056899706842,0.9241418199787566,0.1
255,1,1.0,1.0,0.2,1.0,0.0,0.0,1.0,0.99998593,0.9596065613132779,0.2468478322708101,0.9624274463669101,0.9241418199787566,0.1
256,1,0.0,1.0,0.21666666666666667,0.0,0.0,0.0,1.0,4.7434607e-14,0.9700913460624734,0.2628011137707867,0.1,0.9241418199787566,0.1
257,1,1.0,1.0,0.26666666666666666,1.0,0.0,0.0,1.0,0.99999595,0.960669567307577,0.3048028193282059,0.4275511105404048,0.9241418199787566,0.1
258,1,0.0,1.0,0.25,0.0,0.0,0.0,1.0,3.8647286e-05,0.9769155420990622,0.2939737159421752,0.3122044431401989,0.9241418199787566,0.1
259,1,1.0,1.0,0.3333333333333333,1.0,0.0,1.0,1.0,1.0,0.9699472786096462,0.35793439999131765,0.1,0.9241418199787566,0.1
260,1,1.0,1.0,0.3,1.0,0.0,0.0,1.0,0.77692366,0.9672706921902406,0.32861135279349685,0.919849092848885,0.9241418199787566,0.1
261,1,1.0,1.0,0.21666666666666667,1.0,0.0,0.0,1.0,1.0,0.9635187539026917,0.24467629778081385,0.1,0.9241418199787566,0.1
262,1,0.0,1.0,0.36666666666666664,0.0,0.0,0.0,1.0,9.723659e-13,0.9687288656323231,0.3956184301626949,0.6431522878804435,0.9241418199787566,0.1
263,1,0.0,1.0,0.31666666666666665,0.0,0.0,0.0,1.0,5.916742e-12,0.9568323454360288,0.3428960946579214,0.1,0.9241418199787566,0.1
264,1,1.0,1.0,0.25,1.0,0.0,0.0,1.0,1.0,0.9801099206142143,0.2823867510889947,0.1,0.9241418199787566,0.1
265,1,0.0,1.0,0.23333333333333334,0.0,0.0,0.0,1.0,3.840362e-06,0.9635158849652851,0.2661747309606821,0.6317652028593006,0.9241418199787566,0.1
266,1,0.0,0.9833333333333333,0.3,0.0,0.0,0.0,1.0,4.878838e-16,0.953343164945741,0.336630842550269,0.835616476525483,0.9241418199787566,0.1
267,1,0.0,1.0,0.23333333333333334,0.0,0.0,0.0,1.0,9.545399e-12,0.9272209967648005,0.26666434274195244,0.649551183433216,0.9241418199787566,0.1
268,1,0.0,1.0,0.3333333333333333,0.0,0.0,0.0,1.0,0.0,0.9050421012974585,0.3590812069761285,0.6883247185521709,0.9241418199787566,0.1
269,1,0.0,1.0,0.26666666666666666,0.0,0.0,0.0,1.0,0.004977551,0.9009254169827922,0.30654860743188245,0.13218328789096145,0.9241418199787566,0.1
270,1,1.0,1.0,0.23333333333333334,1.0,0.0,0.0,1.0,1.0,0.9534539287185192,0.2792547192543367,0.7783728439141929,0.9241418199787566,0.1
271,1,0.0,1.0,0.35,0.0,0.0,0.0,1.0,4.916288e-12,0.9094249200596116,0.38291119446549554,0.32555878045990955,0.9241418199787566,0.1
272,1,0.0,0.9833333333333333,0.3333333333333333,0.0,0.0,0.0,1.0,0.0014469182,0.9192487616961442,0.35010341918282273,0.12413377998722812,0.9241418199787566,0.1
273,1,0.0,1.0,0.25,0.0,0.0,0.0,1.0,1.626917e-11,0.9322788129301021,0.29049930528537,0.35002761240539326,0.9241418199787566,0.1
274,1,0.0,1.0,0.3333333333333333,0.0,0.0,0.0,1.0,1.3175116e-06,0.9627035149990275,0.3495500372583421,0.1,0.9241418199787566,0.1
275,1,1.0,1.0,0.23333333333333334,1.0,0.0,0.0,1.0,0.9975248,0.9709129293225834,0.2777320173507449,0.12155090171104864,0.9241418199787566,0.1
276,1,1.0,1.0,0.3333333333333333,1.0,0.0,0.0,1.0,0.6848114,0.9724490090952786,0.3426207579939668,0.37262898122552257,0.9241418199787566,0.1
277,1,1.0,1.0,0.23333333333333334,1.0,0.0,0.0,1.0,1.0,0.9764223185095579,0.27845314287503053,0.8468440243316867,0.9241418199787566,0.1
278,1,0.0,1.0,0.3,0.0,0.0,0.0,0.0,2.4893172e-06,0.9772470872176419,0.3222267120683414,0.9529529016861927,0.9241418199787566,0.1
279,1,1.0,1.0,0.31666666666666665,1.0,0.0,1.0,1.0,1.0,0.9637486616589696,0.3451234422138402,0.7889761832861449,0.9241418199787566,0.1
280,1,1.0,1.0,0.31666666666666665,1.0,0.0,0.0,1.0,0.9999957,0.9516009465368934,0.3416955436105194,0.7938490934694913,0.9241418199787566,0.1
281,1,1.0,1.0,0.31666666666666665,1.0,0.0,1.0,1.0,1.0,0.9698828966625999,0.3416243989144952,0.8776174646911953,0.9241418199787566,0.1
282,1,0.0,1.0,0.2833333333333333,0.0,0.0,0.0,1.0,8.585229e-08,0.9641814617067496,0.3167506745572288,0.1,0.9241418199787566,0.1
283,1,1.0,1.0,0.26666666666666666,1.0,0.0,0.0,1.0,0.9996051,0.962898580998464,0.3102706474242097,0.7404756864715066,0.9241418199787566,0.1
284,1,0.0,1.0,0.16666666666666666,0.0,0.0,0.0,1.0,1.8085542e-05,0.9743922174397104,0.21088431606141003,0.1,0.9241418199787566,0.1
285,1,0.0,1.0,0.26666666666666666,0.0,0.0,0.0,1.0,3.514893e-12,0.9706487365680165,0.3002554725321353,0.7413950409887349,0.9241418199787566,0.1
286,1,0.0,1.0,0.2,0.0,0.0,0.0,1.0,2.8232403e-12,0.9783486786510474,0.23931076905065998,0.2445334428491643,0.9241418199787566,0.1
287,1,0.0,1.0,0.23333333333333334,0.0,0.0,0.0,1.0,0.05427607,0.9729277145650814,0.28123066008038466,0.3581244120883103,0.9241418199787566,0.1
288,1,1.0,0.8666666666666667,0.23333333333333334,1.0,0.0,0.0,1.0,1.0,0.9663342637101074,0.31325871009211353,0.1,0.9241418199787566,0.1
289,0,0.0,0.0,0.2833333333333333,0.0,0.0,0.0,0.0,1.0,0.9501807597681624,0.6158652260125766,0.1,0.9241418199787566,0.1
290,0,1.0,0.0,0.26666666666666666,0.0,0.0,0.0,0.0,8.994901e-10,0.9578893730660826,0.6143497461919353,0.23922007785216023,0.9241418199787566,0.1
291,0,1.0,0.0,0.3,0.0,0.0,0.0,0.0,0.0029125784,0.9572258322708131,0.5989390096844971,0.1367443473146248,0.9241418199787566,0.1
292,0,1.0,0.0,0.23333333333333334,0.0,0.0,0.0,0.0,3.0897704e-09,0.9499661413519528,0.6298012203498342,0.10327682978612808,0.9241418199787566,0.1
293,0,0.0,0.0,0.31666666666666665,0.0,0.0,0.0,0.0,1.0,0.9521891306239573,0.5774523173764731,0.1,0.9241418199787566,0.1
294,0,1.0,0.0,0.2,0.0,0.0,0.0,0.0,5.7315077e-09,0.94410382467423,0.6639022291830785,0.17888049181873206,0.9241418199787566,0.1
295,0,1.0,0.0,0.25,0.0,0.0,0.0,0.0,1.5186437e-12,0.9415205229628154,0.6423915639432428,0.1,0.9241418199787566,0.1
296,0,1.0,0.0,0.25,0.0,0.0,0.0,0.0,1.4439049e-12,0.954719231247807,0.6317991197441691,0.1,0.9241418199787566,0.1
297,0,0.0,0.0,0.25,0.0,0.0,0.0,0.0,0.98641264,0.9435739557271513,0.6211038038659049,0.1,0.9241418199787566,0.1
298,0,1.0,0.0,0.2833333333333333,0.0,0.0,0.0,0.0,1.4484891e-16,0.9365686298779677,0.6192734721466757,0.1,0.9241418199787566,0.1
299,0,1.0,0.0,0.18333333333333332,0.0,0.0,0.0,0.0,1.1910482e-18,0.9438105698743057,0.6694624176996476,0.1,0.9241418199787566,0.1
300,0,1.0,0.0,0.23333333333333334,0.0,0.0,0.0,0.0,1.8789573e-10,0.9499364645955599,0.6191538847463154,0.1,0.9241418199787566,0.1
301,0,1.0,0.0,0.21666666666666667,0.0,0.0,0.0,0.0,7.844821e-13,0.9444777868034226,0.6610851353741588,0.1,0.9241418199787566,0.1
302,0,1.0,0.0,0.2833333333333333,0.0,0.0,0.0,0.0,3.3363926e-07,0.9374911770575444,0.6007521645169528,0.12952810828389932,0.9241418199787566,0.1
303,0,1.0,0.0,0.31666666666666665,0.0,0.0,0.0,0.0,3.656177e-05,0.9376797328668139,0.5852213949713293,0.19819513184636203,0.9241418199787566,0.1
304,0,0.0,0.0,0.2833333333333333,0.0,0.0,0.0,0.0,1.0,0.9342531066304047,0.5721015436570329,0.1,0.9241418199787566,0.1
305,0,1.0,0.0,0.3333333333333333,0.0,0.0,0.0,0.0,8.442098e-10,0.9399631444675207,0.5581303066565524,0.1,0.9241418199787566,0.1
306,0,0.0,0.0,0.36666666666666664,0.0,0.0,0.0,0.0,1.0,0.9390036882555822,0.525796457513095,0.1,0.9241418199787566,0.1
307,0,1.0,0.0,0.2833333333333333,0.0,0.0,0.0,1.0,1.5903225e-13,0.9387426176647499,0.6173806829182727,0.9817993199062862,0.9241418199787566,0.1
308,0,1.0,0.0,0.26666666666666666,0.0,0.0,0.0,0.0,0.02664776,0.9504712697020291,0.6082083261037902,0.1363008850929916,0.9241418199787566,0.1
309,0,1.0,0.0,0.25,0.0,0.0,0.0,0.0,0.00014022237,0.9466871053233468,0.6191777296805763,0.42145467644352413,0.9241418199787566,0.1
310,0,1.0,0.0,0.21666666666666667,0.0,0.0,0.0,0.0,1.9088476e-07,0.9522369253879378,0.6662003769209603,0.18869898192063364,0.9241418199787566,0.1
311,0,0.0,0.0,0.3333333333333333,0.0,0.0,0.0,0.0,1.0,0.9560226791089094,0.5656326852777037,0.1,0.9241418199787566,0.1
312,0,1.0,0.0,0.26666666666666666,0.0,0.0,0.0,0.0,1.068935e-13,0.9503548928910149,0.6292122286891921,0.1019082038262499,0.9241418199787566,0.1
313,0,0.0,0.0,0.2833333333333333,0.0,0.0,0.0,0.0,0.66825634,0.9516167157840772,0.5866224713996205,0.1725809379327949,0.9241418199787566,0.1
314,0,1.0,0.0,0.35,0.0,0.0,0.0,0.0,9.149812e-08,0.9435141246146856,0.5360053390597922,0.1257637007837426,0.9241418199787566,0.1
315,0,1.0,0.0,0.26666666666666666,0.0,0.0,0.0,0.0,7.2238184e-13,0.9451192308720892,0.6106736027546297,0.10622827703295382,0.9241418199787566,0.1
316,0,1.0,0.0,0.31666666666666665,0.0,0.0,0.0,0.0,3.213545e-13,0.9331687404642164,0.5757552317581532,0.1,0.9241418199787566,0.1
317,0,1.0,0.0,0.26666666666666666,0.0,0.0,0.0,0.0,8.415838e-06,0.9406103478310652,0.6065683829174228,0.11012491098739134,0.9241418199787566,0.1
318,0,1.0,0.25,0.3,0.0,0.0,0.0,0.0,2.3347029e-16,0.9495842097669304,0.5340835087958081,0.1,0.9241418199787566,0.1
319,1,0.0,1.0,0.2833333333333333,0.0,0.0,0.0,1.0,5.4954312e-14,0.96704278493484,0.31801248185527176,0.1,0.9241418199787566,0.1
320,1,1.0,1.0,0.36666666666666664,1.0,0.0,1.0,1.0,0.99868053,0.94996439338945,0.38201199469787767,0.1,0.9241418199787566,0.1
321,1,1.0,0.9833333333333333,0.35,1.0,0.0,1.0,1.0,1.0,0.966188975826471,0.375143075443635,0.1,0.9241418199787566,0.1
322,1,0.0,1.0,0.2,0.0,0.0,0.0,1.0,3.840362e-06,0.9541021427957538,0.2487207623679247,0.6317652028593006,0.9241418199787566,0.1
323,1,0.0,1.0,0.36666666666666664,0.0,0.0,0.0,1.0,1.0436685e-07,0.9677842205725521,0.3809014720709722,0.27302081940047723,0.9241418199787566,0.1
324,1,0.0,1.0,0.3333333333333333,0.0,0.0,0.0,1.0,1.818033e-08,0.9694802316253782,0.368897061304619,0.8542180915609522,0.9241418199787566,0.1
325,1,1.0,0.9833333333333333,0.25,1.0,0.0,0.0,1.0,1.0,0.93510249423552,0.2898772361489339,0.1,0.9241418199787566,0.1
326,1,1.0,0.9833333333333333,0.36666666666666664,1.0,0.0,0.0,1.0,0.98507,0.9355234226394906,0.38882962352619077,0.324042636297855,0.9241418199787566,0.1
327,0,1.0,0.4666666666666667,0.35,1.0,0.0,0.0,0.0,1.5009048e-06,0.9552798503154296,0.42373906061561684,0.1,0.9241418199787566,0.1
328,1,1.0,0.9166666666666666,0.21666666666666667,1.0,0.0,0.0,1.0,0.9975248,0.966818819689325,0.2526902326239699,0.12155090171104864,0.9241418199787566,0.1
329,1,0.0,1.0,0.26666666666666666,0.0,0.0,0.0,1.0,3.8723534e-12,0.9719624693323282,0.2960927999876203,0.1505501321698274,0.9241418199787566,0.1
330,1,1.0,1.0,0.3,1.0,0.0,0.0,1.0,0.66890717,0.9603159672800269,0.32172363197062365,0.20303845967868323,0.9241418199787566,0.1
331,1,0.0,1.0,0.2833333333333333,0.0,0.0,0.0,1.0,2.175593e-16,0.9615412025130082,0.3032473365878715,0.1,0.9241418199787566,0.1
332,1,0.0,1.0,0.16666666666666666,0.0,0.0,0.0,1.0,1.4401916e-16,0.9584520297059798,0.213923143426162,0.16458964470009305,0.9241418199787566,0.1
333,1,0.0,1.0,0.25,0.0,0.0,0.0,1.0,1.1748479e-11,0.9650220712187066,0.27447890703182476,0.840765446225381,0.9241418199787566,0.1
334,1,1.0,1.0,0.15,1.0,0.0,0.0,1.0,1.0,0.9737534098461629,0.1830008190018663,0.1,0.9241418199787566,0.1
335,1,0.0,1.0,0.2833333333333333,0.0,0.0,0.0,1.0,0.00019870662,0.9605791231631016,0.3110322036640915,0.1,0.9241418199787566,0.1
336,1,0.0,1.0,0.3333333333333333,0.0,0.0,0.0,1.0,7.861566e-05,0.9648004313004374,0.35280199825106767,0.10181475392247369,0.9241418199787566,0.1
337,1,1.0,1.0,0.23333333333333334,1.0,0.0,0.0,1.0,0.66890717,0.9663526271004681,0.2606047364415949,0.20303845967868323,0.9241418199787566,0.1
338,1,0.0,1.0,0.25,0.0,0.0,0.0,1.0,6.0801104e-12,0.9714794412012578,0.2812062433113423,0.1,0.9241418199787566,0.1
339,1,0.0,1.0,0.26666666666666666,0.0,0.0,0.0,1.0,1.235383e-13,0.974922837638531,0.29906702472795355,0.10405309309199964,0.9241418199787566,0.1
340,1,0.0,1.0,0.26666666666666666,0.0,0.0,0.0,1.0,2.3385887e-09,0.9779885816055109,0.28819807352586685,0.1,0.9241418199787566,0.1
341,1,1.0,1.0,0.2,1.0,0.0,0.0,1.0,0.99999845,0.9411340794382995,0.2426525607734908,0.9721292838970395,0.9241418199787566,0.1
342,1,0.0,0.9833333333333333,0.25,0.0,0.0,0.0,1.0,3.1641536e-12,0.9541141436723665,0.27982175777280865,0.1,0.9241418199787566,0.1
343,1,1.0,1.0,0.13333333333333333,1.0,0.0,0.0,1.0,1.0,0.955317565310253,0.17789549143784997,0.1,0.9241418199787566,0.1
344,1,0.0,1.0,0.3,0.0,0.0,0.0,1.0,4.4214055e-08,0.9659230035043456,0.322171925977335,0.1,0.9241418199787566,0.1
345,0,1.0,0.08333333333333333,0.16666666666666666,0.0,0.0,0.0,0.0,5.1591265e-09,0.951265704024865,0.6370978612452354,0.2101004882285532,0.9241418199787566,0.1
346,0,1.0,0.0,0.23333333333333334,0.0,0.0,0.0,0.0,0.00050447683,0.953939214389614,0.6433892538737604,0.1,0.9241418199787566,0.1
347,0,1.0,0.0,0.31666666666666665,0.0,0.0,0.0,0.0,1.769208e-11,0.9430090635638954,0.5493560936660431,0.12003928800274356,0.9241418199787566,0.1
348,0,0.0,0.0,0.26666666666666666,0.0,0.0,0.0,0.0,1.0,0.9395866140779312,0.630211091707566,0.1,0.9241418199787566,0.1
349,0,1.0,0.0,0.18333333333333332,0.0,0.0,0.0,0.0,3.9999982e-14,0.9545429194612425,0.6934748024560567,0.1,0.9241418199787566,0.1
350,0,1.0,0.0,0.3333333333333333,0.0,0.0,0.0,0.0,1.1457557e-19,0.9508661297046147,0.5419121797064462,0.1,0.9241418199787566,0.1
351,0,1.0,0.0,0.36666666666666664,0.0,0.0,0.0,0.0,2.4948665e-07,0.9505049262238147,0.532912631794644,0.1,0.9241418199787566,0.1
352,0,1.0,0.0,0.3,0.0,0.0,0.0,0.0,4.8446447e-10,0.9621369073450582,0.578882385343628,0.3094475518838875,0.9241418199787566,0.1
353,0,1.0,0.0,0.2,0.0,0.0,0.0,0.0,8.329966e-12,0.955140096228641,0.6521139125919855,0.1,0.9241418199787566,0.1
354,0,1.0,0.0,0.2833333333333333,0.0,0.0,0.0,0.0,0.00047099256,0.9394458167393362,0.6012151436658653,0.12844346847240612,0.9241418199787566,0.1
355,0,1.0,0.0,0.38333333333333336,0.0,0.0,0.0,0.0,9.266671e-17,0.95151450611245,0.5320470767951362,0.1,0.9241418199787566,0.1
356,0,1.0,0.0,0.2833333333333333,0.0,0.0,0.0,0.0,4.184904e-16,0.949695575451543,0.5967680556234166,0.1,0.9241418199787566,0.1
357,0,1.0,0.0,0.23333333333333334,0.0,0.0,0.0,0.0,0.00010723232,0.9353354287637533,0.6513723185721517,0.23416018086974752,0.9241418199787566,0.1
358,0,1.0,0.0,0.21666666666666667,0.0,0.0,0.0,0.0,1.8260095e-11,0.9421242348908866,0.6541364383952623,0.1,0.9241418199787566,0.1
359,0,0.0,0.0,0.25,0.0,0.0,0.0,0.0,1.0,0.9260210782478746,0.6187682506709227,0.1,0.9241418199787566,0.1
360,0,1.0,0.0,0.31666666666666665,0.0,0.0,0.0,0.0,2.4989934e-06,0.9526727305809387,0.5646275374421464,0.14475742737731515,0.9241418199787566,0.1
361,0,1.0,0.0,0.2833333333333333,0.0,0.0,0.0,0.0,3.3160774e-10,0.951989877379049,0.6223410931802141,0.1,0.9241418199787566,0.1
362,0,1.0,0.0,0.35,0.0,0.0,0.0,0.0,0.008861387,0.9592847340105559,0.5559065617950333,0.1311328898277903,0.9241418199787566,0.1
363,0,1.0,0.0,0.25,0.0,0.0,0.0,0.0,1.94234e-06,0.9654437132019066,0.6215397647034931,0.11492746628741732,0.9241418199787566,0.1
364,0,1.0,0.0,0.25,0.0,0.0,0.0,0.0,2.6214401e-08,0.954231628899264,0.627072577062071,0.1,0.9241418199787566,0.1
365,0,1.0,0.0,0.31666666666666665,0.0,0.0,0.0,0.0,4.53451e-11,0.935511259696349,0.5710304210159866,0.11794772512510768,0.9241418199787566,0.1
366,0,1.0,0.0,0.16666666666666666,0.0,0.0,0.0,0.0,3.321793e-05,0.9483928121943186,0.6734950188387183,0.15198956612196576,0.9241418199787566,0.1
367,0,1.0,0.0,0.2,0.0,0.0,0.0,1.0,0.028056754,0.9307529564031792,0.654897447135443,0.9236773796210033,0.9241418199787566,0.1
368,0,1.0,0.0,0.16666666666666666,0.0,0.0,0.0,1.0,1.29353e-09,0.9360389515732608,0.7099238625695349,0.9970560690924846,0.9241418199787566,0.1
369,0,1.0,0.0,0.26666666666666666,0.0,0.0,0.0,0.0,1.8680799e-10,0.9446423998560296,0.6137033171703778,0.18418422349960734,0.9241418199787566,0.1
370,0,1.0,0.0,0.26666666666666666,0.0,0.0,0.0,0.0,1.5847663e-09,0.9327709579361391,0.6142628530697217,0.1,0.9241418199787566,0.1
371,0,1.0,0.0,0.3,0.0,0.0,0.0,0.0,2.6469988e-05,0.9527668047876603,0.5981901707881683,0.44615504168014414,0.9241418199787566,0.1
372,0,1.0,0.0,0.23333333333333334,0.0,0.0,0.0,0.0,1.7012108e-10,0.9369827358229178,0.63848742080228,0.1552293400978649,0.9241418199787566,0.1
373,0,1.0,0.0,0.3,0.0,0.0,0.0,0.0,6.250228e-09,0.9479118245548726,0.5838124624508317,0.17466082208700026,0.9241418199787566,0.1
374,0,1.0,0.0,0.25,0.0,0.0,0.0,0.0,9.436687e-06,0.9371534738146957,0.6443543643350491,0.11920292202211753,0.9241418199787566,0.1
375,0,1.0,0.0,0.26666666666666666,0.0,0.0,0.0,0.0,1.1582765e-06,0.9518840070898754,0.6110738446387154,0.337571447366305,0.9241418199787566,0.1
376,0,1.0,0.0,0.31666666666666665,0.0,0.0,0.0,0.0,0.046787843,0.9468982344807699,0.5826252572988745,0.3320731180980318,0.9241418199787566,0.1
377,0,1.0,0.0,0.31666666666666665,0.0,0.0,0.0,1.0,8.417694e-09,0.9520816229724814,0.5723680884197745,0.9976537580793915,0.9241418199787566,0.1
378,0,1.0,0.0,0.2,0.0,0.0,0.0,0.0,2.7599826e-06,0.9475514112575071,0.6677658308689902,0.1158394527266307,0.9241418199787566,0.1
379,0,1.0,0.0,0.23333333333333334,0.0,0.0,0.0,0.0,6.261715e-05,0.9409977427896485,0.635431136511705,0.13512466821417077,0.9241418199787566,0.1
380,1,1.0,0.65,0.26666666666666666,1.0,0.0,1.0,1.0,1.0,0.9641916848606809,0.42948767622822687,0.1,0.9241418199787566,0.1
381,1,1.0,1.0,0.23333333333333334,1.0,0.0,0.0,1.0,0.99973065,0.9665010317298927,0.27524169469997717,0.8602764600998449,0.9241418199787566,0.1
382,1,1.0,1.0,0.36666666666666664,1.0,0.0,0.0,1.0,0.9897507,0.9307540943393864,0.38319480236866915,0.4878047765617484,0.9241418199787566,0.1
383,1,0.0,1.0,0.25,0.0,0.0,0.0,1.0,0.00014464057,0.9485146178316719,0.2822090827676261,0.3774878016542412,0.9241418199787566,0.1
384,1,0.0,1.0,0.26666666666666666,0.0,0.0,0.0,1.0,1.4052053e-07,0.956982776531218,0.29895646300944073,0.8644410451434927,0.9241418199787566,0.1
385,1,0.0,1.0,0.23333333333333334,0.0,0.0,0.0,1.0,3.342744e-09,0.9637076585695464,0.2639712488077301,0.20857508840502886,0.9241418199787566,0.1
386,1,1.0,1.0,0.36666666666666664,1.0,0.0,1.0,1.0,1.0,0.9645529011054138,0.38059442269895966,0.1,0.9241418199787566,0.1
387,1,0.0,1.0,0.2833333333333333,0.0,0.0,0.0,1.0,1.1946949e-15,0.9642984614095134,0.31255698627203354,0.1,0.9241418199787566,0.1
388,1,1.0,1.0,0.35,1.0,0.0,1.0,1.0,1.0,0.9580174666234312,0.3768127887344128,0.1,0.9241418199787566,0.1
389,1,0.0,1.0,0.25,0.0,0.0,0.0,1.0,0.0001885544,0.9750583657226745,0.2769987348271455,0.3491146799836036,0.9241418199787566,0.1
390,1,0.0,1.0,0.31666666666666665,0.0,0.0,0.0,1.0,5.1107565e-07,0.967591551250375,0.33699025729153737,0.5712917227020675,0.9241418199787566,0.1
391,1,0.0,1.0,0.16666666666666666,0.0,0.0,0.0,1.0,3.36028e-12,0.9771762941735245,0.21604852410092823,0.18730644842852046,0.9241418199787566,0.1
392,1,0.0,1.0,0.26666666666666666,0.0,0.0,0.0,1.0,3.3281513e-12,0.9590740584865248,0.2965656271668669,0.5344072860696724,0.9241418199787566,0.1
393,1,1.0,1.0,0.2833333333333333,1.0,0.0,0.0,1.0,0.9999994,0.977628342669576,0.31243242293617973,0.1,0.9241418199787566,0.1
394,1,0.0,1.0,0.3,0.0,0.0,0.0,1.0,3.4646317e-09,0.9596091067481111,0.32173389802839025,0.45133043810596835,0.9241418199787566,0.1
395,1,0.0,0.9833333333333333,0.26666666666666666,0.0,0.0,0.0,1.0,3.70639e-08,0.9637441817687746,0.29840814460750126,0.6467797377532412,0.9241418199787566,0.1
396,1,0.0,1.0,0.2833333333333333,0.0,0.0,0.0,1.0,1.4739668e-10,0.9598919627554945,0.317192026665837,0.1429817788257641,0.9241418199787566,0.1
397,1,0.0,1.0,0.25,0.0,0.0,0.0,1.0,1.2648662e-05,0.9658953163665497,0.28357977308874166,0.1,0.9241418199787566,0.1
398,1,0.0,1.0,0.31666666666666665,0.0,0.0,0.0,1.0,3.9534105e-11,0.9609825505449071,0.33965330423948636,0.6654444279776909,0.9241418199787566,0.1
399,1,0.0,1.0,0.26666666666666666,0.0,0.0,0.0,1.0,3.49554e-06,0.9696612730491806,0.29177306452244045,0.1,0.9241418199787566,0.1
400,1,0.0,1.0,0.26666666666666666,0.0,0.0,0.0,1.0,2.3690844e-14,0.9710313262226926,0.2982368992893693,0.1,0.9241418199787566,0.1
401,1,0.0,1.0,0.26666666666666666,0.0,0.0,0.0,1.0,0.00028482953,0.9652170344594534,0.3031115803565562,0.5838224684924042,0.9241418199787566,0.1
402,1,1.0,1.0,0.18333333333333332,1.0,0.0,0.0,1.0,0.99547535,0.95947017254907,0.22600354120380525,0.25664903506898123,0.9241418199787566,0.1
403,1,1.0,1.0,0.18333333333333332,1.0,0.0,0.0,1.0,1.0,0.9600975594436175,0.22922512960457786,0.1,0.9241418199787566,0.1
404,1,0.0,1.0,0.2833333333333333,0.0,0.0,0.0,1.0,6.53036e-13,0.9657436377604893,0.3111093232926004,0.1,0.9241418199787566,0.1
405,1,0.0,0.9166666666666666,0.23333333333333334,0.0,0.0,0.0,1.0,2.050001e-07,0.9720203859049631,0.3048264983553422,0.17217784523219345,0.9241418199787566,0.1
406,1,0.0,1.0,0.25,0.0,0.0,0.0,1.0,8.0141465e-13,0.9704842072084726,0.2798822394699052,0.1,0.9241418199787566,0.1
407,1,0.0,1.0,0.25,0.0,0.0,0.0,1.0,7.677022e-05,0.9704846852217331,0.26843285769600506,0.645228045796177,0.9241418199787566,0.1
408,1,1.0,1.0,0.23333333333333334,1.0,0.0,0.0,1.0,1.0,0.9591743962375663,0.263608303378566,0.1,0.9241418199787566,0.1
409,1,0.0,1.0,0.25,0.0,0.0,0.0,1.0,1.822269e-07,0.9653895547566231,0.28215573755576767,0.45639528653277506,0.9241418199787566,0.1
410,1,1.0,1.0,0.15,1.0,0.0,0.0,1.0,0.99989045,0.9606728926054058,0.19887803255618322,0.1,0.9241418199787566,0.1
411,1,1.0,1.0,0.26666666666666666,1.0,0.0,0.0,1.0,1.0,0.9667489389017897,0.30194987164338544,0.1243564415435938,0.9241418199787566,0.1
412,1,0.0,1.0,0.31666666666666665,0.0,0.0,0.0,1.0,2.0064488e-13,0.9563058989289247,0.35104673483321125,0.1,0.9241418199787566,0.1
413,0,1.0,0.2,0.23333333333333334,0.0,0.0,0.0,0.0,2.2113894e-15,0.9754676219705829,0.577914499140235,0.1,0.9241418199787566,0.1
414,0,0.0,0.0,0.3,0.0,0.0,0.0,0.0,1.0,0.9719309216546128,0.5811426153220796,0.1,0.9241418199787566,0.1
415,0,1.0,0.0,0.2833333333333333,0.0,0.0,0.0,0.0,1.9165864e-14,0.9389221515876179,0.5968536608360321,0.15223517547155893,0.9241418199787566,0.1
416,0,0.0,0.0,0.2833333333333333,0.0,0.0,0.0,0.0,1.0,0.950725817576528,0.599134668909096,0.1,0.9241418199787566,0.1
417,0,0.0,0.016666666666666666,0.2,0.0,0.0,0.0,0.0,1.0,0.9469620735430944,0.6673964663519742,0.1,0.9241418199787566,0.1
418,0,1.0,0.0,0.31666666666666665,0.0,0.0,0.0,0.0,4.625156e-07,0.9349357675841535,0.5775853632999459,0.1,0.9241418199787566,0.1
419,0,0.0,0.0,0.3,0.0,0.0,0.0,0.0,0.99999774,0.9306868026441777,0.5642914437699402,0.1,0.9241418199787566,0.1
420,0,1.0,0.0,0.2,0.0,0.0,0.0,0.0,2.5408499e-05,0.9569351029900546,0.6640165017054105,0.13716589468147913,0.9241418199787566,0.1
421,0,1.0,0.0,0.31666666666666665,0.0,0.0,0.0,0.0,1.0982285e-05,0.9485622381608453,0.5849196761234777,0.3516529729321247,0.9241418199787566,0.1
422,0,1.0,0.0,0.23333333333333334,0.0,0.0,0.0,0.0,6.8777166e-09,0.935680092682744,0.6424526902169024,0.13512775371339805,0.9241418199787566,0.1
423,0,1.0,0.0,0.26666666666666666,0.0,0.0,0.0,0.0,7.74857e-05,0.9520078664976145,0.6156482655841437,0.3213267448593778,0.9241418199787566,0.1
424,0,1.0,0.0,0.3,0.0,0.0,0.0,1.0,8.325761e-11,0.9470258576647994,0.585074787053248,0.9889315083109859,0.9241418199787566,0.1
425,0,1.0,0.0,0.21666666666666667,0.0,0.0,0.0,0.0,6.5231865e-07,0.9536228661730562,0.6400316792058178,0.1,0.9241418199787566,0.1
426,0,1.0,0.0,0.25,0.0,0.0,0.0,0.0,4.369472e-18,0.9286745862158304,0.6188702361550598,0.1,0.9241418199787566,0.1
427,0,1.0,0.0,0.36666666666666664,0.0,0.0,0.0,0.0,1.2847793e-06,0.9380560153977988,0.53156183410978,0.18191828664991969,0.9241418199787566,0.1
428,0,1.0,0.0,0.25,0.0,0.0,0.0,0.0,3.34123e-11,0.943342670869341,0.6307761520111435,0.1,0.9241418199787566,0.1
429,0,1.0,0.0,0.3333333333333333,0.0,0.0,0.0,0.0,0.05861916,0.9511238689403705,0.5762767652485122,0.10263737172501279,0.9241418199787566,0.1
430,0,1.0,0.0,0.21666666666666667,0.0,0.0,0.0,0.0,4.149868e-15,0.9547888828047718,0.6563273469044101,0.1,0.9241418199787566,0.1
431,0,0.0,0.0,0.2,0.0,0.0,0.0,0.0,1.0,0.9427446950998849,0.6900215813015278,0.1,0.9241418199787566,0.1
432,0,1.0,0.0,0.3333333333333333,0.0,0.0,0.0,0.0,2.0193288e-06,0.9545142532601971,0.5596383259856973,0.14018143516025847,0.9241418199787566,0.1
433,0,1.0,0.0,0.21666666666666667,0.0,0.0,0.0,0.0,0.042744152,0.9506906827544715,0.6496599289852111,0.25421772105269025,0.9241418199787566,0.1
434,0,1.0,0.0,0.23333333333333334,0.0,0.0,0.0,0.0,0.00020452622,0.9456743964003075,0.6329428966066086,0.20850856656245284,0.9241418199787566,0.1
435,0,1.0,0.0,0.21666666666666667,0.0,0.0,0.0,0.0,8.762699e-07,0.9496372503211374,0.6611846911032916,0.1,0.9241418199787566,0.1
436,0,1.0,0.0,0.21666666666666667,0.0,0.0,0.0,0.0,3.1381532e-08,0.9350560556994885,0.6579294492008531,0.20606579952190393,0.9241418199787566,0.1
437,0,1.0,0.0,0.23333333333333334,0.0,0.0,0.0,0.0,4.5068055e-06,0.9450016597735011,0.6431571716417974,0.1324919700457881,0.9241418199787566,0.1
438,0,0.0,0.0,0.3333333333333333,0.0,0.0,0.0,0.0,1.0,0.9543518929382179,0.5671395588656303,0.1,0.9241418199787566,0.1
439,0,1.0,0.0,0.18333333333333332,0.0,0.0,0.0,0.0,2.9302962e-06,0.9454784625062997,0.6861269118767779,0.4999705411010899,0.9241418199787566,0.1
440,0,1.0,0.0,0.2,0.0,0.0,0.0,0.0,1.6923171e-18,0.955360325805192,0.6875562945766253,0.17965497286164114,0.9241418199787566,0.1
441,0,1.0,0.0,0.4,0.0,0.0,0.0,0.0,1.2669507e-10,0.9476975764247496,0.512787539870023,0.1,0.9241418199787566,0.1
442,0,0.0,0.0,0.2833333333333333,0.0,0.0,0.0,0.0,1.0,0.9409809909698365,0.6177161969866333,0.1,0.9241418199787566,0.1
443,0,1.0,0.0,0.25,0.0,0.0,0.0,0.0,1.5506053e-05,0.9499970316574388,0.6228454204570409,0.1087137346953303,0.9241418199787566,0.1
444,0,0.0,0.0,0.2833333333333333,0.0,0.0,0.0,0.0,1.0,0.9543572421562253,0.6021418266626184,0.1,0.9241418199787566,0.1
445,0,1.0,0.0,0.26666666666666666,0.0,0.0,0.0,0.0,1.2119724e-08,0.9510886718397368,0.633829011746995,0.14296347533031362,0.9241418199787566,0.1
446,0,1.0,0.0,0.26666666666666666,0.0,0.0,0.0,0.0,0.05746305,0.9450384450713712,0.6164810448762487,0.1,0.9241418199787566,0.1
447,0,1.0,0.0,0.26666666666666666,0.0,0.0,0.0,0.0,3.1684252e-11,0.940679302174583,0.5982706579099627,0.1163806080596375,0.9241418199787566,0.1
448,0,0.0,0.0,0.3,0.0,0.0,0.0,0.0,0.99999774,0.9589949231015245,0.5770307477586837,0.1,0.9241418199787566,0.1
449,0,0.0,0.0,0.31666666666666665,0.0,0.0,0.0,0.0,1.0,0.9551865704379673,0.5729824895437898,0.1,0.9241418199787566,0.1
450,0,0.0,0.0,0.26666666666666666,0.0,0.0,0.0,0.0,1.0,0.9392461504623604,0.6106384005409368,0.1,0.9241418199787566,0.1
451,0,1.0,0.0,0.26666666666666666,0.0,0.0,0.0,1.0,1.1095923e-07,0.937761703057811,0.6163789615581369,0.9404493718114844,0.9241418199787566,0.1
452,0,1.0,0.0,0.26666666666666666,0.0,0.0,0.0,1.0,1.9905679e-06,0.9487323567686374,0.6185937285682466,0.9998399803958055,0.9241418199787566,0.1
453,0,1.0,0.0,0.31666666666666665,0.0,0.0,0.0,0.0,1.1286378e-08,0.9422310137828845,0.5841964340383614,0.1,0.9241418199787566,0.1
454,0,1.0,0.0,0.25,0.0,0.0,0.0,0.0,5.2559513e-05,0.9519799788229836,0.6247753500760896,0.1,0.9241418199787566,0.1
455,0,1.0,0.0,0.26666666666666666,0.0,0.0,0.0,0.0,8.78497e-15,0.9494135168525765,0.6102141091644514,0.8712219295156981,0.9241418199787566,0.1
456,0,1.0,0.0,0.35,0.0,0.0,0.0,0.0,2.7030941e-05,0.922951796314507,0.5481008668465832,0.14160645223795276,0.9241418199787566,0.1
457,0,1.0,0.0,0.26666666666666666,0.0,0.0,0.0,0.0,7.1404986e-14,0.955417595492443,0.6308675592264227,0.1,0.9241418199787566,0.1
458,0,1.0,0.0,0.2,0.0,0.0,0.0,0.0,2.3347029e-16,0.9493541317301181,0.6637277876247852,0.1,0.9241418199787566,0.1
459,0,1.0,0.0,0.31666666666666665,0.0,0.0,0.0,0.0,8.1185e-14,0.95045394257255,0.5776584219088486,0.3468643572900517,0.9241418199787566,0.1
460,0,1.0,0.0,0.3,0.0,0.0,0.0,0.0,1.0567219e-12,0.9460377851316842,0.5840396508066159,0.1,0.9241418199787566,0.1
461,0,0.0,0.0,0.21666666666666667,0.0,0.0,0.0,0.0,1.0,0.9455089603957744,0.6510603859852252,0.1,0.9241418199787566,0.1
462,0,0.0,0.0,0.31666666666666665,0.0,0.0,0.0,0.0,1.0,0.9387979188532041,0.5798395893391598,0.1,0.9241418199787566,0.1
463,0,1.0,0.0,0.2,0.0,0.0,0.0,0.0,7.153975e-12,0.9375854555632225,0.6734731284855464,0.10999023545134798,0.9241418199787566,0.1
464,1,0.0,0.65,0.2,0.0,0.0,0.0,1.0,4.1460211e-16,0.9626427438157658,0.3827935494623163,0.1,0.9241418199787566,0.1
465,0,1.0,0.48333333333333334,0.16666666666666666,1.0,0.0,0.0,0.0,1.9765993e-14,0.9602952000432149,0.396752827832299,0.1,0.9241418199787566,0.1
466,0,0.0,0.0,0.31666666666666665,0.0,0.0,0.0,0.0,1.0,0.9395312775893528,0.568541567003988,0.1,0.9241418199787566,0.1
467,0,1.0,0.0,0.3,0.0,0.0,0.0,0.0,1.1045954e-16,0.950654394092002,0.6052860445059519,0.1,0.9241418199787566,0.1
468,0,1.0,0.0,0.2,0.0,0.0,0.0,0.0,8.359618e-08,0.9484254421912655,0.6654852566717673,0.1,0.9241418199787566,0.1
469,0,1.0,0.0,0.23333333333333334,0.0,0.0,0.0,0.0,2.0567871e-16,0.9469569307225287,0.6307094860852203,0.1,0.9241418199787566,0.1
470,0,1.0,0.0,0.25,0.0,0.0,0.0,0.0,3.2660975e-11,0.9511286835173638,0.6352658550260907,0.1,0.9241418199787566,0.1
471,1,1.0,0.9833333333333333,0.3,1.0,0.0,0.0,1.0,1.0,0.9525101404365911,0.32740506496171873,0.1,0.9241418199787566,0.1
472,1,0.0,1.0,0.15,0.0,0.0,0.0,1.0,5.4954312e-14,0.9488964594139839,0.1998721146260663,0.1,0.9241418199787566,0.1
473,1,1.0,1.0,0.21666666666666667,1.0,0.0,0.0,1.0,0.98507,0.9508981128202937,0.25061401454177334,0.324042636297855,0.9241418199787566,0.1
474,1,1.0,1.0,0.23333333333333334,1.0,0.0,0.0,1.0,0.99999976,0.9545028750853515,0.27709717296699254,0.22619584657084071,0.9241418199787566,0.1
475,1,0.0,1.0,0.21666666666666667,0.0,0.0,0.0,1.0,2.081453e-06,0.9623130667452792,0.25260306557411716,0.3311015399527364,0.9241418199787566,0.1
476,1,0.0,1.0,0.23333333333333334,0.0,0.0,0.0,1.0,1.4660006e-07,0.9360410490739645,0.2753573235849304,0.1,0.9241418199787566,0.1
477,1,1.0,1.0,0.31666666666666665,1.0,0.0,1.0,1.0,0.997969,0.9680880880095427,0.33797171711327595,0.8962030574406595,0.9241418199787566,0.1
478,1,1.0,1.0,0.38333333333333336,1.0,0.0,1.0,1.0,1.0,0.9585166357636964,0.38637537542430905,0.731145352059899,0.9241418199787566,0.1
479,1,1.0,1.0,0.2,1.0,0.0,0.0,1.0,1.0,0.9487420436022292,0.2442838444980672,0.1,0.9241418199787566,0.1
480,1,1.0,1.0,0.11666666666666667,1.0,0.0,0.0,1.0,1.0,0.9647323702404741,0.16313820734929738,0.7407778874599071,0.9241418199787566,0.1
481,1,1.0,1.0,0.2833333333333333,1.0,0.0,0.0,1.0,1.0,0.9492740515711751,0.315987434371104,0.1,0.9241418199787566,0.1
482,1,0.0,1.0,0.26666666666666666,0.0,0.0,0.0,1.0,0.30468807,0.9589394305692859,0.295087656994298,0.1,0.9241418199787566,0.1
483,1,0.0,1.0,0.2833333333333333,0.0,0.0,0.0,1.0,0.00011863516,0.9500712000743976,0.31676175185529387,0.1151324662799,0.9241418199787566,0.1
484,1,0.0,1.0,0.25,0.0,0.0,0.0,1.0,0.018845676,0.9626342856165131,0.2825270914421297,0.12095481849568562,0.9241418199787566,0.1
485,1,0.0,1.0,0.26666666666666666,0.0,0.0,0.0,1.0,1.1998566e-05,0.9677113442929807,0.3005742876868751,0.4029571962645238,0.9241418199787566,0.1
486,1,1.0,1.0,0.26666666666666666,1.0,0.0,0.0,1.0,1.0,0.9534930341458223,0.29391055113962433,0.1,0.9241418199787566,0.1
487,1,1.0,1.0,0.25,1.0,0.0,0.0,1.0,0.99996495,0.9553646634420353,0.27081990723881383,0.9351765325815481,0.9241418199787566,0.1
488,1,1.0,1.0,0.35,1.0,0.0,1.0,1.0,1.0,0.9534648472223342,0.36586856520047223,0.1,0.9241418199787566,0.1
489,1,1.0,1.0,0.25,1.0,0.0,0.0,1.0,0.99999845,0.9642472413817232,0.2713265500385311,0.9721292838970395,0.9241418199787566,0.1
490,1,1.0,1.0,0.3,1.0,0.0,0.0,1.0,0.9983181,0.9475780197244413,0.315511165346373,0.9707828171134891,0.9241418199787566,0.1
491,1,0.0,1.0,0.23333333333333334,0.0,0.0,0.0,1.0,7.3690104e-16,0.9658546474198437,0.26770820425566105,0.5790521342129233,0.9241418199787566,0.1
492,1,1.0,0.9833333333333333,0.21666666666666667,1.0,0.0,0.0,1.0,0.9999968,0.9635066841580061,0.25444540650001063,0.9100792253066973,0.9241418199787566,0.1
493,1,0.0,1.0,0.35,0.0,0.0,0.0,1.0,0.07975031,0.9626152323675392,0.3714342358508764,0.7573912101184928,0.9241418199787566,0.1
494,1,0.0,1.0,0.3333333333333333,0.0,0.0,0.0,1.0,4.7434607e-14,0.9793423151532685,0.3538099529499448,0.1,0.9241418199787566,0.1
495,1,1.0,1.0,0.2,1.0,0.0,0.0,1.0,1.0,0.9634985052523046,0.23525104691991422,0.9756040026643457,0.9241418199787566,0.1
496,1,1.0,1.0,0.2833333333333333,1.0,0.0,0.0,1.0,1.0,0.9672134409724048,0.31178925147717973,0.7889761832861449,0.9241418199787566,0.1
497,1,1.0,1.0,0.2833333333333333,1.0,0.0,0.0,1.0,1.0,0.9752355073058749,0.3109069069726737,0.1,0.9241418199787566,0.1
498,1,1.0,1.0,0.3,1.0,0.0,1.0,1.0,1.0,0.9646750753399047,0.3306942578781244,0.1,0.9241418199787566,0.1
499,1,0.0,1.0,0.2,0.0,0.0,0.0,1.0,0.00015217486,0.9507731087191195,0.2258421283283366,0.18202014834980346,0.9241418199787566,0.1
500,1,0.0,1.0,0.25,0.0,0.0,0.0,1.0,2.944189e-16,0.9693993848794246,0.2784681393194504,0.10092366350422192,0.9241418199787566,0.1
501,1,1.0,1.0,0.21666666666666667,1.0,0.0,0.0,1.0,0.9999999,0.9595702764578583,0.2590749069216374,0.9765249148802915,0.9241418199787566,0.1
502,1,1.0,1.0,0.23333333333333334,1.0,0.0,0.0,1.0,0.9992142,0.980956160177455,0.25439933816931265,0.8354969356677833,0.9241418199787566,0.1
503,1,1.0,1.0,0.25,1.0,0.0,0.0,1.0,1.0,0.9623637403940956,0.2783505450572404,0.1,0.9241418199787566,0.1
504,1,0.0,1.0,0.21666666666666667,0.0,0.0,0.0,1.0,2.4673246e-13,0.9590109097926978,0.25429314246652945,0.38416970262619604,0.9241418199787566,0.1
505,1,0.0,0.9833333333333333,0.2,0.0,0.0,0.0,1.0,3.840362e-06,0.961869039998576,0.23312735489626582,0.6317652028593006,0.9241418199787566,0.1
506,1,1.0,1.0,0.3,1.0,0.0,0.0,1.0,0.5595614,0.9447876520464937,0.3260250231347305,0.9560163605103844,0.9241418199787566,0.1
507,1,0.0,1.0,0.25,0.0,0.0,0.0,1.0,3.044645e-11,0.9285851953688664,0.27344863200213537,0.4344343870871229,0.9241418199787566,0.1
508,1,1.0,1.0,0.2833333333333333,1.0,0.0,0.0,1.0,1.0,0.9453894766217187,0.30149623205009984,0.1,0.9241418199787566,0.1
509,1,0.0,1.0,0.35,0.0,0.0,0.0,1.0,4.4214055e-08,0.9448324827472733,0.36078135733885264,0.1,0.9241418199787566,0.1
510,1,1.0,1.0,0.26666666666666666,1.0,0.0,0.0,1.0,0.65296984,0.9506002213622494,0.287911486289022,0.1,0.9241418199787566,0.1
511,1,1.0,1.0,0.21666666666666667,1.0,0.0,0.0,1.0,1.0,0.9709177119257041,0.25246733914209096,0.1,0.9241418199787566,0.1
512,1,0.0,1.0,0.23333333333333334,0.0,0.0,0.0,1.0,0.0012332617,0.9606291690034336,0.2695276208350007,0.6898225977817238,0.9241418199787566,0.1
513,1,0.0,1.0,0.25,0.0,0.0,0.0,1.0,9.360248e-10,0.9584657693151161,0.27952091052250555,0.12828649870464298,0.9241418199787566,0.1
514,1,0.0,1.0,0.35,0.0,0.0,0.0,1.0,2.2506323e-14,0.9704724809225957,0.3709124170517198,0.1,0.9241418199787566,0.1
515,1,1.0,1.0,0.36666666666666664,1.0,0.0,1.0,1.0,1.0,0.9726245173124843,0.38221518745195854,0.1,0.9241418199787566,0.1
516,1,0.0,1.0,0.2833333333333333,0.0,0.0,0.0,1.0,3.4885183e-05,0.9662143424053877,0.309144250910031,0.6207411272606799,0.9241418199787566,0.1
517,1,0.0,1.0,0.4,0.0,0.0,0.0,1.0,5.2281377e-14,0.9519206295382595,0.40478617300565656,0.22200626320203645,0.9241418199787566,0.1
518,1,1.0,0.9833333333333333,0.21666666666666667,1.0,0.0,0.0,1.0,0.99998415,0.9469584947432643,0.257650442309905,0.1,0.9241418199787566,0.1
519,1,0.0,1.0,0.31666666666666665,0.0,0.0,0.0,1.0,3.4646317e-09,0.9739465524077818,0.3466084129980774,0.45133043810596835,0.9241418199787566,0.1
520,1,1.0,1.0,0.25,1.0,0.0,0.0,1.0,0.9931378,0.8709546542502853,0.2771569418542637,0.8343319200211963,0.9241418199787566,0.1
521,1,0.0,1.0,0.3,0.0,0.0,0.0,1.0,1.79217e-08,0.8619028741889162,0.3309022472792673,0.1,0.9241418199787566,0.1
522,1,0.0,1.0,0.2833333333333333,0.0,0.0,0.0,1.0,5.9336966e-11,0.837049358461465,0.31083545022335657,0.3439507877670763,0.9241418199787566,0.1
523,1,0.0,1.0,0.18333333333333332,0.0,0.0,0.0,0.0,6.357297e-12,0.8272587904530541,0.2238856129215386,0.6811823911246582,0.9241418199787566,0.1
524,1,0.0,1.0,0.35,0.0,0.0,0.0,1.0,4.5617637e-12,0.8031918630729418,0.36021153368199205,0.1,0.9241418199787566,0.1
525,1,0.0,1.0,0.2833333333333333,0.0,0.0,0.0,1.0,7.813687e-09,0.8246909995300442,0.30684117394750915,0.1,0.9241418199787566,0.1
526,1,0.0,1.0,0.4,0.0,0.0,0.0,1.0,6.1252474e-09,0.7631209212865185,0.4136924432461021,0.2232074600786887,0.9241418199787566,0.1
527,1,1.0,0.9833333333333333,0.26666666666666666,1.0,0.0,0.0,1.0,1.0,0.7825205466661448,0.29167504606167094,0.9756040026643457,0.9241418199787566,0.1
528,1,0.0,1.0,0.18333333333333332,0.0,0.0,0.0,1.0,4.0036524e-15,0.8090446540257787,0.22748970101868438,0.1,0.9241418199787566,0.1
529,1,0.0,1.0,0.21666666666666667,0.0,0.0,0.0,1.0,7.598014e-12,0.8857798313606684,0.22482177467478115,0.18996333608602817,0.9241418199787566,0.1
530,1,1.0,0.9833333333333333,0.31666666666666665,1.0,0.0,0.0,1.0,0.99927324,0.8698446144243719,0.32596734763990065,0.2133387963835763,0.9241418199787566,0.1
531,1,1.0,1.0,0.25,1.0,0.0,0.0,1.0,1.0,0.9059316813085817,0.27269242016244793,0.1,0.9241418199787566,0.1
532,1,0.0,0.9833333333333333,0.23333333333333334,0.0,0.0,0.0,1.0,2.0132975e-11,0.9248415214501828,0.2585914166851441,0.12284754424094253,0.9241418199787566,0.1
533,1,0.0,0.9833333333333333,0.26666666666666666,0.0,0.0,0.0,1.0,2.4777953e-12,0.9007061940359379,0.28951396502104465,0.2237380722330618,0.9241418199787566,0.1
534,1,0.0,1.0,0.3,0.0,0.0,0.0,1.0,1.9540812e-11,0.9168187769229913,0.32732980715334936,0.1870234270268502,0.9241418199787566,0.1
535,1,1.0,1.0,0.31666666666666665,1.0,0.0,0.0,1.0,1.0,0.9379522891820373,0.3368764587965948,0.1,0.9241418199787566,0.1
536,1,0.0,1.0,0.26666666666666666,0.0,0.0,0.0,1.0,2.811166e-16,0.9197858620966581,0.289044088347797,0.1,0.9241418199787566,0.1
537,1,0.0,1.0,0.2833333333333333,0.0,0.0,0.0,1.0,5.846282e-07,0.8833491520751557,0.30293721015455183,0.5050429584563206,0.9241418199787566,0.1
538,1,0.0,1.0,0.26666666666666666,0.0,0.0,0.0,1.0,2.6666553e-12,0.8431500462564335,0.2971473227187748,0.6667395828122215,0.9241418199787566,0.1
539,1,0.0,0.9833333333333333,0.3333333333333333,0.0,0.0,0.0,1.0,0.006793519,0.8902491570779711,0.3577503760799886,0.26161687610704615,0.9241418199787566,0.1
540,1,0.0,1.0,0.2833333333333333,0.0,0.0,0.0,1.0,1.4191794e-07,0.9548243221768498,0.30920379956102956,0.11280925503680465,0.9241418199787566,0.1
541,1,0.0,0.9833333333333333,0.21666666666666667,0.0,0.0,0.0,0.0,0.000119043216,0.8783070222814809,0.23592927841511127,0.964436013519031,0.9241418199787566,0.1
542,1,1.0,1.0,0.26666666666666666,1.0,0.0,0.0,1.0,1.0,0.8770765455297128,0.3026567759743549,0.1,0.9241418199787566,0.1
543,1,0.0,1.0,0.16666666666666666,0.0,0.0,0.0,1.0,6.292005e-14,0.8723495444587436,0.20645333072798092,0.1,0.9241418199787566,0.1
544,1,1.0,1.0,0.23333333333333334,1.0,0.0,0.0,1.0,1.0,0.868323937584371,0.27177392228430736,0.1,0.9241418199787566,0.1
545,1,0.0,1.0,0.2,0.0,0.0,0.0,1.0,6.8219486e-11,0.8268832392957096,0.23059582191242747,0.5746242307671653,0.9241418199787566,0.1
546,1,0.0,1.0,0.36666666666666664,0.0,0.0,0.0,1.0,8.982136e-12,0.8311136589042253,0.36949171802064207,0.14698660277878603,0.9241418199787566,0.1
547,1,1.0,1.0,0.2833333333333333,1.0,0.0,0.0,1.0,1.0,0.8342620092845594,0.3205424413130816,0.13272319281553976,0.9241418199787566,0.1
548,1,0.0,1.0,0.25,0.0,0.0,0.0,1.0,8.3550195e-10,0.8646545081718798,0.2793085877947644,0.6065071794677009,0.9241418199787566,0.1
549,1,1.0,1.0,0.31666666666666665,1.0,0.0,0.0,1.0,0.9999994,0.9086899974820224,0.33604238547633913,0.4221064256325746,0.9241418199787566,0.1
550,1,1.0,1.0,0.2833333333333333,1.0,0.0,0.0,1.0,1.0,0.9186018881722797,0.30520609992836795,0.1,0.9241418199787566,0.1
551,1,0.0,1.0,0.3,0.0,0.0,0.0,1.0,3.840362e-06,0.8936812702142213,0.32298793844144996,0.6317652028593006,0.9241418199787566,0.1
552,1,0.0,0.9833333333333333,0.21666666666666667,0.0,0.0,0.0,1.0,1.9540812e-11,0.9021352312803539,0.2581935028227885,0.1870234270268502,0.9241418199787566,0.1
553,1,0.0,1.0,0.21666666666666667,0.0,0.0,0.0,1.0,2.4882833e-14,0.8911193175135147,0.2557672997419695,0.1,0.9241418199787566,0.1
554,1,0.0,1.0,0.38333333333333336,0.0,0.0,0.0,1.0,1.9849462e-09,0.9142265146312275,0.39444307958136265,0.5211842507661001,0.9241418199787566,0.1
555,1,0.0,1.0,0.3,0.0,0.0,0.0,1.0,4.3207146e-15,0.9019159752587381,0.3210384190766,0.14138963012693634,0.9241418199787566,0.1
556,1,0.0,1.0,0.26666666666666666,0.0,0.0,0.0,1.0,2.9563316e-07,0.8744046617169056,0.2906777536000137,0.2750819693645111,0.9241418199787566,0.1
557,1,0.0,1.0,0.23333333333333334,0.0,0.0,0.0,1.0,3.230897e-08,0.9166562084135954,0.2724870283453776,0.14687959800477457,0.9241418199787566,0.1
558,1,1.0,1.0,0.21666666666666667,1.0,0.0,0.0,1.0,1.0,0.8649370045098956,0.2502445630838171,0.1,0.9241418199787566,0.1
559,1,0.0,1.0,0.3333333333333333,0.0,0.0,0.0,1.0,8.3550195e-10,0.862261421733185,0.35513807127496244,0.6065071794677009,0.9241418199787566,0.1
560,1,0.0,1.0,0.21666666666666667,0.0,0.0,0.0,1.0,0.46872085,0.8567726377343228,0.2550846618141649,0.8280682296677033,0.9241418199787566,0.1
561,1,1.0,1.0,0.23333333333333334,1.0,0.0,0.0,1.0,1.0,0.8677557435152953,0.2733636841388946,0.1,0.9241418199787566,0.1
562,1,0.0,1.0,0.25,0.0,0.0,0.0,1.0,2.2687429e-14,0.8937530649349861,0.288112969864089,0.1,0.9241418199787566,0.1
563,1,1.0,0.9833333333333333,0.16666666666666666,1.0,0.0,0.0,1.0,1.0,0.9497482701309805,0.20682762510116295,0.1,0.9241418199787566,0.1
564,1,1.0,1.0,0.25,1.0,0.0,0.0,1.0,0.99999166,0.9424406284269561,0.2794225470911612,0.688207363918803,0.9241418199787566,0.1
565,1,0.0,0.9833333333333333,0.23333333333333334,0.0,0.0,0.0,1.0,0.0014303413,0.9191859450536387,0.2687266432232172,0.45885893685045276,0.9241418199787566,0.1
566,1,0.0,1.0,0.38333333333333336,0.0,0.0,0.0,0.0,2.4893172e-06,0.9344361559863438,0.4030903338881961,0.9529529016861927,0.9241418199787566,0.1
567,1,1.0,1.0,0.2,1.0,0.0,0.0,1.0,0.99998105,0.8655599926065575,0.23595734265090773,0.9630504339953014,0.9241418199787566,0.1
568,1,0.0,1.0,0.3,0.0,0.0,0.0,1.0,6.519312e-12,0.9279794351278726,0.3238979450468536,0.3519864040251938,0.9241418199787566,0.1
569,1,1.0,1.0,0.21666666666666667,1.0,0.0,0.0,1.0,0.9999999,0.9176414342279163,0.2511321407100806,0.9128682426807642,0.9241418199787566,0.1
570,1,0.0,1.0,0.26666666666666666,0.0,0.0,0.0,1.0,0.0014469182,0.9648093714112538,0.28391402539285504,0.12413377998722812,0.9241418199787566,0.1
571,1,1.0,1.0,0.31666666666666665,1.0,0.0,0.0,1.0,1.0,0.9564509057097176,0.3364102550648459,0.1,0.9241418199787566,0.1
572,1,0.0,1.0,0.31666666666666665,0.0,0.0,0.0,0.0,0.014749131,0.9610125574462866,0.33956832562326167,0.9234960838156662,0.9241418199787566,0.1
573,1,0.0,1.0,0.25,0.0,0.0,0.0,1.0,1.3259125e-11,0.9829333796946119,0.2751514485562468,0.1,0.9241418199787566,0.1
574,1,0.0,1.0,0.23333333333333334,0.0,0.0,0.0,0.0,2.6604332e-07,0.9757990639013303,0.2599333547165708,0.949309425995624,0.9241418199787566,0.1
575,1,0.0,0.9833333333333333,0.16666666666666666,0.0,0.0,0.0,1.0,9.629277e-16,0.9465972161202055,0.2002487438305221,0.14874776561461628,0.9241418199787566,0.1
576,1,0.0,1.0,0.3,0.0,0.0,0.0,1.0,9.8900986e-05,0.9593767746699853,0.3221029236234288,0.337435825865614,0.9241418199787566,0.1
577,1,0.0,1.0,0.23333333333333334,0.0,0.0,0.0,1.0,2.5316815e-09,0.9631728769225194,0.2637997510664668,0.15750246403652501,0.9241418199787566,0.1
578,1,0.0,1.0,0.26666666666666666,0.0,0.0,0.0,1.0,0.0004164498,0.9639934297365254,0.2967332093447523,0.590884782601832,0.9241418199787566,0.1
579,1,0.0,1.0,0.31666666666666665,0.0,0.0,0.0,1.0,0.0018140111,0.9661464236926847,0.3408928072128917,0.8254665404658429,0.9241418199787566,0.1
580,1,0.0,1.0,0.23333333333333334,0.0,0.0,0.0,1.0,0.17497294,0.9491483894150831,0.2595191843314753,0.9295042989451887,0.9241418199787566,0.1
581,1,1.0,1.0,0.2,1.0,0.0,0.0,1.0,0.98507,0.9476291262452203,0.2452264996884302,0.324042636297855,0.9241418199787566,0.1
582,1,0.0,1.0,0.35,0.0,0.0,0.0,1.0,1.0623161e-15,0.9482982646123745,0.37088438735844603,0.744030886541971,0.9241418199787566,0.1
583,1,0.0,1.0,0.2833333333333333,0.0,0.0,0.0,1.0,0.45731452,0.9671379625868795,0.31551629111162244,0.9437661087661757,0.9241418199787566,0.1
584,1,1.0,1.0,0.35,1.0,0.0,1.0,1.0,1.0,0.9638522769395651,0.3714136553849105,0.1,0.9241418199787566,0.1
585,0,1.0,0.2,0.31666666666666665,0.0,0.0,0.0,0.0,1.6916162e-15,0.9750338884797668,0.618870603273884,0.10860605491480646,0.9241418199787566,0.1
586,0,1.0,0.0,0.25,0.0,0.0,0.0,0.0,2.9067576e-10,0.9526569703690613,0.6293179245351822,0.1,0.9241418199787566,0.1
587,0,1.0,0.0,0.3333333333333333,0.0,0.0,0.0,0.0,5.483344e-07,0.9491073469388005,0.5599653379803505,0.30737209700935664,0.9241418199787566,0.1
588,0,0.0,0.0,0.25,0.0,0.0,0.0,0.0,1.0,0.9440152548016989,0.6292924552372964,0.1,0.9241418199787566,0.1
589,0,1.0,0.0,0.26666666666666666,0.0,0.0,0.0,0.0,3.813163e-15,0.9510815388036841,0.615685310924254,0.1,0.9241418199787566,0.1
590,0,1.0,0.0,0.3,0.0,0.0,0.0,0.0,0.0022918568,0.9487489932212331,0.5883637652904314,0.1,0.9241418199787566,0.1
591,0,1.0,0.0,0.21666666666666667,0.0,0.0,0.0,0.0,1.4861304e-06,0.9415956796541074,0.6410797289538489,0.1,0.9241418199787566,0.1
592,0,1.0,0.0,0.23333333333333334,0.0,0.0,0.0,0.0,1.2781277e-10,0.9533978396095525,0.632673309116041,0.1,0.9241418199787566,0.1
593,0,1.0,0.0,0.3,0.0,0.0,0.0,0.0,3.4888095e-09,0.9228759205625754,0.5757968895256412,0.21279955792865302,0.9241418199787566,0.1
594,0,1.0,0.0,0.23333333333333334,0.0,0.0,0.0,0.0,3.1227335e-10,0.9440309738162852,0.6440802924559321,0.15740558858247408,0.9241418199787566,0.1
595,0,0.0,0.0,0.36666666666666664,0.0,0.0,0.0,0.0,1.0,0.934953879696779,0.5421682042544211,0.1,0.9241418199787566,0.1
596,0,1.0,0.0,0.2,0.0,0.0,0.0,0.0,1.9611855e-16,0.9477421530928766,0.6633691254291231,0.1049460058666675,0.9241418199787566,0.1
597,0,1.0,0.0,0.3,0.0,0.0,0.0,0.0,0.00830575,0.9346252745031445,0.6041463498220826,0.1,0.9241418199787566,0.1
598,0,1.0,0.0,0.31666666666666665,0.0,0.0,0.0,0.0,6.980067e-14,0.9429236405592586,0.5710878101949057,0.1,0.9241418199787566,0.1
599,0,1.0,0.0,0.36666666666666664,0.0,0.0,0.0,0.0,0.0006248516,0.9494310975753437,0.5389540947492618,0.8048884835670068,0.9241418199787566,0.1
600,0,0.0,0.0,0.3,0.0,0.0,0.0,0.0,0.98210216,0.9475842525424896,0.5885647878643286,0.1,0.9241418199787566,0.1
601,0,1.0,0.0,0.3,0.0,0.0,0.0,0.0,7.698655e-16,0.9487126926439409,0.5850484755011158,0.1,0.9241418199787566,0.1
602,0,1.0,0.0,0.26666666666666666,0.0,0.0,0.0,0.0,5.2662126e-06,0.9390072172947773,0.6157154989770398,0.1,0.9241418199787566,0.1
603,0,0.0,0.0,0.36666666666666664,0.0,0.0,0.0,0.0,1.0,0.9462247087415024,0.5422285215654575,0.1,0.9241418199787566,0.1
604,0,0.0,0.0,0.16666666666666666,0.0,0.0,0.0,0.0,1.0,0.9504059578029178,0.6846098478080166,0.1,0.9241418199787566,0.1
605,0,1.0,0.0,0.26666666666666666,0.0,0.0,0.0,0.0,2.4578872e-10,0.9436790437203597,0.6168579276615501,0.1,0.9241418199787566,0.1
606,1,1.0,0.7833333333333333,0.3,1.0,0.0,1.0,1.0,0.99998236,0.9586952091434379,0.3783934424494273,0.9752071117606878,0.9241418199787566,0.1
607,1,0.0,1.0,0.23333333333333334,0.0,0.0,0.0,1.0,0.44272417,0.9738975252212237,0.2559232584857511,0.1,0.9241418199787566,0.1
608,1,0.0,1.0,0.25,0.0,0.0,0.0,1.0,6.4825086e-05,0.9628550582494203,0.28809434309518417,0.855966271352943,0.9241418199787566,0.1
609,1,1.0,1.0,0.2833333333333333,1.0,0.0,0.0,1.0,1.0,0.975092904536096,0.30626537750786553,0.1,0.9241418199787566,0.1
610,1,0.0,1.0,0.36666666666666664,0.0,0.0,0.0,0.0,3.7350834e-11,0.9596659653605226,0.4009366575401033,0.9080095869129271,0.9241418199787566,0.1
611,1,0.0,1.0,0.26666666666666666,0.0,0.0,0.0,1.0,9.7923694e-05,0.961097193764905,0.3077493285935607,0.1,0.9241418199787566,0.1
612,1,1.0,1.0,0.2833333333333333,1.0,0.0,0.0,1.0,0.65296984,0.9726802557269021,0.32681432357259216,0.1,0.9241418199787566,0.1
613,0,1.0,0.0,0.21666666666666667,0.0,0.0,0.0,0.0,2.8506993e-06,0.9342128143742982,0.6307953065340104,0.4048930570622059,0.9241418199787566,0.1
614,0,0.0,0.0,0.2833333333333333,0.0,0.0,0.0,0.0,1.0,0.9460867697952267,0.5762787024614479,0.1,0.9241418199787566,0.1
615,0,1.0,0.0,0.26666666666666666,0.0,0.0,0.0,0.0,3.3621103e-14,0.9432466084614803,0.6193014506825895,0.1,0.9241418199787566,0.1
616,0,1.0,0.0,0.23333333333333334,0.0,0.0,0.0,0.0,1.4499724e-10,0.9363961559482565,0.6336961133344984,0.15610795827847376,0.9241418199787566,0.1
617,0,1.0,0.0,0.18333333333333332,0.0,0.0,0.0,0.0,3.2554247e-11,0.9452369947584757,0.6754667203777169,0.14803267712651505,0.9241418199787566,0.1
618,0,1.0,0.0,0.2833333333333333,0.0,0.0,0.0,0.0,6.7758107e-18,0.9442930986244964,0.6025538291514635,0.1,0.9241418199787566,0.1
619,0,0.0,0.0,0.26666666666666666,0.0,0.0,0.0,0.0,1.0,0.9588259058868097,0.6238392116739859,0.1,0.9241418199787566,0.1
620,1,1.0,0.9333333333333333,0.2833333333333333,1.0,0.0,0.0,1.0,0.9999995,0.92481173955735,0.3570254327384358,0.9543935640057484,0.9241418199787566,0.1
621,1,0.0,1.0,0.3,0.0,0.0,0.0,1.0,2.3297612e-12,0.9265077163900418,0.33989114888618344,0.5151385549408819,0.9241418199787566,0.1
622,1,0.0,1.0,0.25,0.0,0.0,0.0,1.0,0.44272417,0.9389219010780528,0.2828127836031275,0.1,0.9241418199787566,0.1
623,1,1.0,0.9666666666666667,0.2,1.0,0.0,0.0,1.0,0.99973375,0.919358055077355,0.24138692932297798,0.9754349353675821,0.9241418199787566,0.1
624,1,0.0,1.0,0.21666666666666667,0.0,0.0,0.0,0.0,2.9719258e-06,0.9205999749417502,0.25656083201267205,0.9229044181656803,0.9241418199787566,0.1
625,1,1.0,1.0,0.31666666666666665,1.0,0.0,0.0,1.0,0.99999976,0.9411022308450679,0.34742499231448,0.7629317599740933,0.9241418199787566,0.1
626,1,1.0,1.0,0.2833333333333333,1.0,0.0,0.0,1.0,0.9999988,0.9405747466861285,0.3138020533602038,0.9804835489091076,0.9241418199787566,0.1
627,1,0.0,1.0,0.2,0.0,0.0,0.0,1.0,1.1110662e-07,0.9455941864351541,0.2479330123972421,0.1,0.9241418199787566,0.1
628,1,0.0,0.9833333333333333,0.23333333333333334,0.0,0.0,0.0,1.0,0.028854199,0.9132058045372333,0.2744674238326016,0.4604774306434486,0.9241418199787566,0.1
629,1,0.0,1.0,0.35,0.0,0.0,0.0,1.0,2.080946e-11,0.9067681809177407,0.38286148003670534,0.1,0.9241418199787566,0.1
630,1,0.0,1.0,0.23333333333333334,0.0,0.0,0.0,1.0,7.0804913e-09,0.96491613579853,0.2718454567929294,0.1,0.9241418199787566,0.1
631,1,1.0,1.0,0.31666666666666665,1.0,0.0,0.0,1.0,1.0,0.9368674477446401,0.34365580756875447,0.1,0.9241418199787566,0.1
632,1,1.0,0.9833333333333333,0.25,1.0,0.0,0.0,1.0,1.0,0.9438091239375043,0.2928081958520458,0.1,0.9241418199787566,0.1
633,1,1.0,1.0,0.21666666666666667,1.0,0.0,0.0,1.0,1.0,0.952168826350361,0.2589868481474464,0.1,0.9241418199787566,0.1
634,1,0.0,1.0,0.3333333333333333,0.0,0.0,0.0,1.0,6.000699e-11,0.8915565532477709,0.3647683233653953,0.5851673698058351,0.9241418199787566,0.1
635,1,0.0,1.0,0.38333333333333336,0.0,0.0,0.0,1.0,8.3681576e-11,0.9241767536725547,0.4092181076292304,0.3571232224571511,0.9241418199787566,0.1
636,1,0.0,1.0,0.25,0.0,0.0,0.0,1.0,1.1494504e-08,0.9624940012172102,0.2881112778446719,0.1,0.9241418199787566,0.1
637,1,1.0,1.0,0.26666666666666666,1.0,0.0,0.0,1.0,0.9999994,0.9414218890032959,0.307447037062999,0.1,0.9241418199787566,0.1
638,1,0.0,1.0,0.2833333333333333,0.0,0.0,0.0,1.0,2.811166e-16,0.906894502390119,0.31988218381471223,0.1,0.9241418199787566,0.1
639,1,1.0,1.0,0.21666666666666667,1.0,0.0,0.0,1.0,0.99998975,0.8906617639971227,0.2591314775264494,0.8154425871202323,0.9241418199787566,0.1
640,1,1.0,1.0,0.2,1.0,0.0,0.0,1.0,1.0,0.9226036038270209,0.24501336283075367,0.1,0.9241418199787566,0.1
641,1,1.0,0.9833333333333333,0.26666666666666666,1.0,0.0,0.0,1.0,0.8519912,0.9308070488031858,0.30181392994204254,0.17517804616115412,0.9241418199787566,0.1
642,1,0.0,0.9833333333333333,0.21666666666666667,0.0,0.0,0.0,1.0,5.8568534e-15,0.8956714082854376,0.2652978379371651,0.6050279010133279,0.9241418199787566,0.1
643,1,0.0,0.9833333333333333,0.25,0.0,0.0,0.0,1.0,4.065406e-11,0.9054087953157437,0.28781924741470954,0.16052599453103045,0.9241418199787566,0.1
644,1,0.0,1.0,0.36666666666666664,0.0,0.0,0.0,1.0,1.1968522e-05,0.9003357134699358,0.3994429967318146,0.1284302102258027,0.9241418199787566,0.1
645,1,0.0,1.0,0.3333333333333333,0.0,0.0,0.0,1.0,0.00019870662,0.8980595322251618,0.3660671080988113,0.1,0.9241418199787566,0.1
646,0,1.0,0.31666666666666665,0.23333333333333334,1.0,0.0,0.0,1.0,5.0954554e-08,0.9456913220290308,0.4439782069014546,0.9619959227651769,0.9241418199787566,0.1
647,0,1.0,0.0,0.25,0.0,0.0,0.0,0.0,3.321793e-05,0.9485093482295137,0.639378765274495,0.15198956612196576,0.9241418199787566,0.1
648,0,1.0,0.0,0.31666666666666665,0.0,0.0,0.0,0.0,0.0037985314,0.9429734023822578,0.5749634758606686,0.3313571508580297,0.9241418199787566,0.1
649,0,1.0,0.0,0.21666666666666667,0.0,0.0,0.0,0.0,3.6373206e-06,0.9441348661456169,0.6384197324954609,0.1,0.9241418199787566,0.1
650,0,1.0,0.0,0.25,0.0,0.0,0.0,1.0,0.046383858,0.9326215586547602,0.6231019488913023,0.9546911419152515,0.9241418199787566,0.1
651,0,0.0,0.0,0.3,0.0,0.0,0.0,0.0,0.9983657,0.9467104548103299,0.586352787043603,0.1,0.9241418199787566,0.1
652,0,1.0,0.0,0.2,0.0,0.0,0.0,0.0,7.6063916e-13,0.9530938223348103,0.6672587093655229,0.1018720838183681,0.9241418199787566,0.1
653,0,1.0,0.0,0.23333333333333334,0.0,0.0,0.0,0.0,6.07223e-05,0.955181156845853,0.6520133781532959,0.11039030425985971,0.9241418199787566,0.1
654,0,1.0,0.0,0.31666666666666665,0.0,0.0,0.0,0.0,4.53451e-11,0.949762741390454,0.5911344600127626,0.11794772512510768,0.9241418199787566,0.1
655,0,0.0,0.0,0.25,0.0,0.0,0.0,0.0,0.99917394,0.9352748332127218,0.629214843017501,0.839896441570438,0.9241418199787566,0.1
656,0,1.0,0.0,0.3,0.0,0.0,0.0,0.0,0.0006059085,0.9541545780693397,0.5854919336319813,0.1,0.9241418199787566,0.1
657,0,1.0,0.0,0.23333333333333334,0.0,0.0,0.0,0.0,2.2709554e-10,0.9546691152685713,0.649807961696463,0.12989458272722154,0.9241418199787566,0.1
658,0,1.0,0.0,0.2833333333333333,0.0,0.0,0.0,1.0,0.0061770338,0.9306518944926752,0.5811022734830108,0.9687371705227712,0.9241418199787566,0.1
659,0,1.0,0.0,0.23333333333333334,0.0,0.0,0.0,0.0,1.3242531e-13,0.9423557037693784,0.659497737075413,0.123878981710511,0.9241418199787566,0.1
660,0,1.0,0.0,0.25,0.0,0.0,0.0,0.0,3.6844164e-10,0.9421022057463665,0.6289158614248368,0.1,0.9241418199787566,0.1
661,0,1.0,0.0,0.21666666666666667,0.0,0.0,0.0,0.0,0.026688963,0.9426760302766929,0.6445098777024127,0.31757894081393423,0.9241418199787566,0.1
662,0,1.0,0.0,0.23333333333333334,0.0,0.0,0.0,0.0,6.380821e-05,0.9333465538639759,0.6373717678477566,0.8601413041840325,0.9241418199787566,0.1
663,0,1.0,0.0,0.2,0.0,0.0,0.0,0.0,3.257574e-11,0.9485026771903294,0.6586163580640823,0.1,0.9241418199787566,0.1
664,0,1.0,0.0,0.25,0.0,0.0,0.0,0.0,8.946347e-09,0.9326313734909252,0.6450270636120448,0.10307034711699753,0.9241418199787566,0.1
665,0,0.0,0.0,0.15,0.0,0.0,0.0,0.0,1.0,0.9422564341175474,0.708467483035479,0.1,0.9241418199787566,0.1
666,0,1.0,0.0,0.25,0.0,0.0,0.0,0.0,1.3710605e-06,0.9410516501774399,0.6081918622665585,0.1,0.9241418199787566,0.1
667,0,1.0,0.0,0.35,0.0,0.0,0.0,0.0,1.6105282e-08,0.9546609759962924,0.5584010425410655,0.13901712869731772,0.9241418199787566,0.1
668,0,1.0,0.3333333333333333,0.21666666666666667,1.0,0.0,0.0,0.0,3.3621103e-14,0.8864768043608708,0.49623835446985065,0.1,0.9241418199787566,0.1
669,1,1.0,1.0,0.2833333333333333,1.0,0.0,0.0,1.0,0.9999989,0.8324819807649395,0.31043752390552154,0.5734132958214404,0.9241418199787566,0.1
670,1,1.0,1.0,0.21666666666666667,1.0,0.0,0.0,1.0,0.99642015,0.7908581730386498,0.24469628651995626,0.9340001286101893,0.9241418199787566,0.1
671,1,0.0,1.0,0.2,0.0,0.0,0.0,1.0,2.24116e-11,0.832001361275801,0.23876649694958443,0.13462401203508145,0.9241418199787566,0.1
672,1,1.0,1.0,0.26666666666666666,1.0,0.0,0.0,1.0,0.99999845,0.840836918352561,0.29724864306108334,0.7778294595177866,0.9241418199787566,0.1
673,1,0.0,0.9833333333333333,0.25,0.0,0.0,0.0,1.0,0.028320229,0.8110792174335835,0.28752980398417255,0.18138168261470167,0.9241418199787566,0.1
674,1,0.0,1.0,0.25,0.0,0.0,0.0,0.0,0.00018460615,0.8478256687890354,0.2847504800926512,0.9187476067003332,0.9241418199787566,0.1
675,1,1.0,1.0,0.21666666666666667,1.0,0.0,0.0,1.0,0.98507,0.8231876079971182,0.2528573434247624,0.324042636297855,0.9241418199787566,0.1
676,1,1.0,1.0,0.25,1.0,0.0,0.0,1.0,0.92149323,0.8093456163276839,0.29012955931897866,0.8507090419651245,0.9241418199787566,0.1
677,1,1.0,1.0,0.2833333333333333,1.0,0.0,0.0,1.0,1.0,0.8166011273085927,0.31423085987111404,0.1,0.9241418199787566,0.1
678,1,0.0,1.0,0.21666666666666667,0.0,0.0,0.0,1.0,9.737843e-08,0.7976528072710004,0.255664133602533,0.12973111634727025,0.9241418199787566,0.1
679,1,0.0,1.0,0.4,0.0,0.0,0.0,1.0,3.8723534e-12,0.8518680369104975,0.38857601614621334,0.1505501321698274,0.9241418199787566,0.1
680,1,0.0,1.0,0.25,0.0,0.0,0.0,1.0,2.1602575e-07,0.8413597433156805,0.278033635675677,0.11832097150691956,0.9241418199787566,0.1
681,1,1.0,1.0,0.45,1.0,0.0,0.0,1.0,0.99973375,0.7818257439785584,0.45718826605227153,0.9754349353675821,0.9241418199787566,0.1
682,1,0.0,1.0,0.2833333333333333,0.0,0.0,0.0,1.0,1.2829404e-12,0.8035293765024091,0.31028188702728104,0.1,0.9241418199787566,0.1
683,1,1.0,1.0,0.3,1.0,0.0,0.0,1.0,1.0,0.7708842301774594,0.3234831742828161,0.1,0.9241418199787566,0.1
684,1,0.0,1.0,0.35,0.0,0.0,0.0,1.0,3.836671e-14,0.7933835294308232,0.3661837749870348,0.1,0.9241418199787566,0.1
685,1,0.0,1.0,0.3333333333333333,0.0,0.0,0.0,1.0,1.79217e-08,0.8256659304676117,0.36066398919786075,0.1,0.9241418199787566,0.1
686,1,1.0,1.0,0.3333333333333333,1.0,0.0,0.0,1.0,0.8213272,0.8132325422297505,0.3615776984781183,0.1,0.9241418199787566,0.1
687,1,0.0,1.0,0.26666666666666666,0.0,0.0,0.0,1.0,0.087134786,0.8092484792322949,0.2973231949026624,0.6379667561674215,0.9241418199787566,0.1
688,1,0.0,1.0,0.2,0.0,0.0,0.0,1.0,5.1107565e-07,0.7791543398872741,0.23321952729249887,0.5712917227020675,0.9241418199787566,0.1
689,1,1.0,1.0,0.26666666666666666,1.0,0.0,0.0,1.0,1.0,0.7763018302105124,0.306321520737599,0.1,0.9241418199787566,0.1
690,1,0.0,1.0,0.35,0.0,0.0,0.0,1.0,5.0429165e-08,0.7731139903417744,0.3760225148749348,0.10651178167243322,0.9241418199787566,0.1
691,1,1.0,1.0,0.2,1.0,0.0,0.0,1.0,1.0,0.817423950969353,0.24536576250106495,0.8468440243316867,0.9241418199787566,0.1
692,1,1.0,1.0,0.35,1.0,0.0,0.0,1.0,0.88837576,0.8486519906085187,0.365729360198731,0.6652448589027978,0.9241418199787566,0.1
693,1,0.0,1.0,0.31666666666666665,0.0,0.0,0.0,1.0,7.3306736e-11,0.7926246584041046,0.3434160204895483,0.3499042502942639,0.9241418199787566,0.1
694,0,1.0,0.23333333333333334,0.21666666666666667,0.0,0.0,0.0,0.0,2.2057947e-08,0.9032041971654814,0.5897097449226777,0.1,0.9241418199787566,0.1
695,1,0.0,0.8666666666666667,0.18333333333333332,0.0,0.0,0.0,1.0,4.2395518e-16,0.963581755237637,0.2716290253333281,0.1,0.9241418199787566,0.1
696,1,0.0,1.0,0.3,0.0,0.0,0.0,1.0,0.30579394,0.9581080997021076,0.328653223870983,0.4636607162794092,0.9241418199787566,0.1
697,1,0.0,1.0,0.21666666666666667,0.0,0.0,0.0,1.0,2.0132975e-11,0.9751584423263063,0.25891897725037566,0.12284754424094253,0.9241418199787566,0.1
698,1,0.0,1.0,0.23333333333333334,0.0,0.0,0.0,1.0,2.3074344e-06,0.9656095698158205,0.24766431889874346,0.5480086807577086,0.9241418199787566,0.1
699,1,0.0,1.0,0.18333333333333332,0.0,0.0,0.0,1.0,9.155223e-08,0.9687634366925533,0.21332656868822103,0.1,0.9241418199787566,0.1
700,1,0.0,1.0,0.15,0.0,0.0,0.0,1.0,1.6444722e-11,0.9505587553065086,0.20026522898919213,0.1,0.9241418199787566,0.1
701,1,0.0,0.9833333333333333,0.2833333333333333,0.0,0.0,0.0,1.0,3.776717e-12,0.9026356250659816,0.30575754848767733,0.1,0.9241418199787566,0.1
702,1,1.0,1.0,0.2,1.0,0.0,0.0,1.0,0.99998415,0.9192376763092588,0.2397262039688969,0.1,0.9241418199787566,0.1
703,1,1.0,1.0,0.26666666666666666,1.0,0.0,0.0,1.0,1.0,0.8713671495647141,0.2940326790500336,0.1,0.9241418199787566,0.1
704,1,0.0,0.9833333333333333,0.26666666666666666,0.0,0.0,0.0,1.0,1.6150075e-06,0.8834916639615947,0.2777644114058928,0.7605540302867481,0.9241418199787566,0.1
705,1,1.0,1.0,0.23333333333333334,1.0,0.0,0.0,1.0,1.0,0.8609032011160003,0.26351110033681946,0.1,0.9241418199787566,0.1
706,1,0.0,1.0,0.21666666666666667,0.0,0.0,0.0,1.0,2.4673246e-13,0.8642110167447382,0.25328002236922975,0.38416970262619604,0.9241418199787566,0.1
707,1,1.0,1.0,0.31666666666666665,1.0,0.0,0.0,1.0,0.99642015,0.8602280163034633,0.341723452787849,0.9340001286101893,0.9241418199787566,0.1
708,1,0.0,1.0,0.31666666666666665,0.0,0.0,0.0,1.0,1.4360957e-13,0.8863990465863109,0.3289242601813778,0.1,0.9241418199787566,0.1
709,1,0.0,1.0,0.2,0.0,0.0,0.0,1.0,6.519668e-17,0.8542133366611798,0.23555964548676306,0.20534676886523173,0.9241418199787566,0.1
710,1,0.0,0.9833333333333333,0.3,0.0,0.0,0.0,1.0,3.840362e-06,0.8616525539090144,0.32724471148204515,0.6317652028593006,0.9241418199787566,0.1
711,1,0.0,1.0,0.26666666666666666,0.0,0.0,0.0,1.0,8.927696e-17,0.8844673534556518,0.2714713821230994,0.1,0.9241418199787566,0.1
712,1,0.0,1.0,0.21666666666666667,0.0,0.0,0.0,0.0,1.2497426e-07,0.9038555904428257,0.25201489433225893,0.8981305893145278,0.9241418199787566,0.1
713,1,0.0,1.0,0.26666666666666666,0.0,0.0,0.0,0.0,0.0002598114,0.8258727433378443,0.290653444508436,0.9442348758236045,0.9241418199787566,0.1
714,1,0.0,0.9833333333333333,0.23333333333333334,0.0,0.0,0.0,1.0,3.70639e-08,0.8408005657616667,0.2623045566356507,0.6467797377532412,0.9241418199787566,0.1
715,1,1.0,1.0,0.3,1.0,0.0,0.0,1.0,1.0,0.8186343237725587,0.3149388568232174,0.1,0.9241418199787566,0.1
716,1,1.0,1.0,0.2833333333333333,1.0,0.0,0.0,1.0,1.0,0.8279995532605298,0.3142751120097068,0.1,0.9241418199787566,0.1
717,1,0.0,1.0,0.3,0.0,0.0,0.0,1.0,2.1602575e-07,0.8400028520951716,0.3091762078668053,0.11832097150691956,0.9241418199787566,0.1
718,1,1.0,1.0,0.3333333333333333,1.0,0.0,0.0,1.0,1.0,0.8476151162611651,0.34900232324236125,0.1,0.9241418199787566,0.1
719,1,1.0,1.0,0.31666666666666665,1.0,0.0,0.0,1.0,1.0,0.8029841461323174,0.34368890989932227,0.1,0.9241418199787566,0.1
720,1,1.0,1.0,0.3,1.0,0.0,0.0,1.0,1.0,0.7325612697718482,0.3179451362838041,0.1,0.9241418199787566,0.1
721,1,0.0,1.0,0.15,0.0,0.0,0.0,1.0,0.00045141415,0.8082398592934191,0.1892630154309442,0.21505896948568692,0.9241418199787566,0.1
722,1,0.0,1.0,0.15,0.0,0.0,0.0,1.0,1.1062965e-13,0.7898818503214168,0.1936182061794966,0.1,0.9241418199787566,0.1
723,1,1.0,1.0,0.38333333333333336,1.0,0.0,0.0,1.0,0.9999975,0.7704729078314418,0.3933774376477894,0.1,0.9241418199787566,0.1
724,1,0.0,1.0,0.3333333333333333,0.0,0.0,0.0,1.0,3.230897e-08,0.7829571284002124,0.3588941466508471,0.14687959800477457,0.9241418199787566,0.1
725,1,0.0,1.0,0.18333333333333332,0.0,0.0,0.0,1.0,1.1213339e-08,0.7746842939307165,0.21404025365918755,0.1897514617941217,0.9241418199787566,0.1
726,1,0.0,1.0,0.25,0.0,0.0,0.0,1.0,0.016939558,0.7863047437816307,0.26050959146914676,0.3820411387050763,0.9241418199787566,0.1
727,1,1.0,1.0,0.18333333333333332,1.0,0.0,0.0,1.0,0.99999964,0.8101614173990168,0.22365917431971166,0.9864560217921723,0.9241418199787566,0.1
728,1,0.0,1.0,0.2833333333333333,0.0,0.0,0.0,1.0,5.541048e-10,0.7809368666075984,0.31444492665248486,0.11402131487072764,0.9241418199787566,0.1
729,1,0.0,0.9833333333333333,0.25,0.0,0.0,0.0,1.0,5.198289e-07,0.8384909516038336,0.28013099795450513,0.6875152995621636,0.9241418199787566,0.1
730,1,0.0,0.9833333333333333,0.2,0.0,0.0,0.0,1.0,1.921697e-06,0.9383581111476998,0.23185657477138824,0.2657777470337291,0.9241418199787566,0.1
731,1,0.0,1.0,0.25,0.0,0.0,0.0,1.0,2.84496e-12,0.9552713887442705,0.28485970655594606,0.2599393180868851,0.9241418199787566,0.1
732,1,1.0,1.0,0.21666666666666667,1.0,0.0,0.0,1.0,0.9999999,0.9679152555831313,0.25483068075199916,0.9765249148802915,0.9241418199787566,0.1
733,1,0.0,1.0,0.4,0.0,0.0,0.0,1.0,0.0,0.981427550906488,0.4074479342001412,0.6883247185521709,0.9241418199787566,0.1
734,1,1.0,1.0,0.35,1.0,0.0,1.0,1.0,1.0,0.9597511922830827,0.37263869607376227,0.1,0.9241418199787566,0.1
735,1,0.0,1.0,0.23333333333333334,0.0,0.0,0.0,0.0,0.00020636128,0.9583951075680965,0.2582485635281691,0.8727805174086218,0.9241418199787566,0.1
736,1,1.0,1.0,0.25,1.0,0.0,0.0,1.0,1.0,0.9522578103661669,0.2703076370681673,0.1,0.9241418199787566,0.1
737,1,0.0,1.0,0.3,0.0,0.0,0.0,1.0,0.00010412492,0.919612998319845,0.30576997953364277,0.5727741426031904,0.9241418199787566,0.1
738,1,0.0,1.0,0.3,0.0,0.0,0.0,1.0,2.3847706e-14,0.9429261585494165,0.3239485057593557,0.6282284988566733,0.9241418199787566,0.1
739,1,1.0,1.0,0.18333333333333332,1.0,0.0,0.0,1.0,1.0,0.9633986307232241,0.21889639115045298,0.1,0.9241418199787566,0.1
740,1,0.0,1.0,0.18333333333333332,0.0,0.0,0.0,1.0,2.0295226e-06,0.9687304890985283,0.22196511417193096,0.1,0.9241418199787566,0.1
741,1,0.0,1.0,0.3333333333333333,0.0,0.0,0.0,1.0,6.357297e-12,0.9591729905252875,0.34121628121671127,0.6811823911246582,0.9241418199787566,0.1
742,1,0.0,1.0,0.2,0.0,0.0,0.0,1.0,1.9137773e-14,0.9576480331474387,0.23955353227070966,0.4032498169636875,0.9241418199787566,0.1
743,1,0.0,1.0,0.3333333333333333,0.0,0.0,0.0,1.0,3.854668e-08,0.960231644870827,0.3535524601426005,0.10995906746195007,0.9241418199787566,0.1
744,1,0.0,1.0,0.3333333333333333,0.0,0.0,0.0,1.0,2.9535688e-10,0.9668997525399946,0.3539800711095779,0.1,0.9241418199787566,0.1
745,1,0.0,1.0,0.31666666666666665,0.0,0.0,0.0,1.0,9.7923694e-05,0.9616637800569489,0.33882473292598725,0.1,0.9241418199787566,0.1
746,1,1.0,1.0,0.36666666666666664,1.0,0.0,1.0,1.0,1.0,0.9618148057966659,0.349162327517104,0.1,0.9241418199787566,0.1
747,1,0.0,1.0,0.21666666666666667,0.0,0.0,0.0,1.0,6.1668437e-15,0.9686460347325728,0.24993268646093572,0.1,0.9241418199787566,0.1
748,1,0.0,1.0,0.35,0.0,0.0,0.0,1.0,2.1405153e-09,0.9803491750563934,0.3775215241533658,0.40509875738748863,0.9241418199787566,0.1
749,1,0.0,1.0,0.35,0.0,0.0,0.0,1.0,1.0887614e-12,0.9754312621225077,0.3735803869549418,0.1,0.9241418199787566,0.1
750,1,0.0,0.9833333333333333,0.25,0.0,0.0,0.0,1.0,6.893203e-07,0.9463123954289808,0.2804605651695548,0.1,0.9241418199787566,0.1
751,1,1.0,1.0,0.26666666666666666,1.0,0.0,0.0,1.0,1.0,0.9682524654295037,0.2985443158560418,0.1,0.9241418199787566,0.1
752,1,0.0,1.0,0.2833333333333333,0.0,0.0,0.0,1.0,4.0014836e-08,0.9738368473183713,0.29171053609100117,0.10216410966741511,0.9241418199787566,0.1
753,1,0.0,1.0,0.21666666666666667,0.0,0.0,0.0,1.0,0.004972752,0.9676935759508852,0.26070203284651455,0.6021374349884128,0.9241418199787566,0.1
754,1,0.0,1.0,0.2833333333333333,0.0,0.0,0.0,1.0,0.00045141415,0.9481174951469259,0.3125710678534599,0.21505896948568692,0.9241418199787566,0.1
755,1,0.0,1.0,0.3,0.0,0.0,0.0,1.0,1.9849462e-09,0.9584058564776328,0.3261058171961005,0.5211842507661001,0.9241418199787566,0.1
756,1,0.0,1.0,0.26666666666666666,0.0,0.0,0.0,1.0,5.532108e-12,0.9713838902078734,0.29271861888215794,0.41030648144140464,0.9241418199787566,0.1
757,1,0.0,1.0,0.3,0.0,0.0,0.0,1.0,4.9506523e-12,0.9695421641804016,0.3064491250106531,0.33007613440186456,0.9241418199787566,0.1
758,1,0.0,1.0,0.26666666666666666,0.0,0.0,0.0,1.0,5.6712456e-15,0.9818938617066016,0.2872035817628006,0.1,0.9241418199787566,0.1
759,1,1.0,1.0,0.21666666666666667,1.0,0.0,0.0,1.0,0.9998436,0.9671873584275549,0.2549555991722849,0.1,0.9241418199787566,0.1
760,1,0.0,1.0,0.21666666666666667,0.0,0.0,0.0,1.0,3.7550326e-08,0.9544972249097019,0.25348761253511104,0.1,0.9241418199787566,0.1
761,1,1.0,1.0,0.26666666666666666,1.0,0.0,0.0,1.0,1.0,0.9680136400326042,0.29671322030599384,0.1,0.9241418199787566,0.1
762,1,0.0,1.0,0.25,0.0,0.0,0.0,1.0,5.9671413e-07,0.9589044123575403,0.2850370205140872,0.1,0.9241418199787566,0.1
763,1,0.0,1.0,0.25,0.0,0.0,0.0,1.0,0.08884461,0.9684182117381851,0.2809941794723892,0.6847986811509831,0.9241418199787566,0.1
764,1,0.0,1.0,0.4166666666666667,0.0,0.0,0.0,1.0,3.514893e-12,0.9811393020747958,0.41592300637006463,0.7413950409887349,0.9241418199787566,0.1
765,1,0.0,1.0,0.35,0.0,0.0,0.0,1.0,3.3457946e-12,0.9651805345814198,0.3528945605964417,0.1,0.9241418199787566,0.1
766,1,0.0,1.0,0.21666666666666667,0.0,0.0,0.0,1.0,0.0068283454,0.9503433631407906,0.25707162488472535,0.7730204949446815,0.9241418199787566,0.1
767,1,0.0,1.0,0.3,0.0,0.0,0.0,0.0,1.8663489e-10,0.9619122392864141,0.32662582998021245,0.8811490594041455,0.9241418199787566,0.1
768,1,1.0,1.0,0.26666666666666666,1.0,0.0,0.0,1.0,1.0,0.9620543415255526,0.2998576625886558,0.1,0.9241418199787566,0.1
769,1,0.0,1.0,0.3,0.0,0.0,0.0,1.0,7.0804913e-09,0.9699005074099798,0.2977379110695069,0.1,0.9241418199787566,0.1
770,1,0.0,1.0,0.3333333333333333,0.0,0.0,0.0,1.0,9.155223e-08,0.9443270275356634,0.35904143597311394,0.1,0.9241418199787566,0.1
771,1,0.0,1.0,0.26666666666666666,0.0,0.0,0.0,1.0,3.6102016e-08,0.9599258663977218,0.2861725049188419,0.1301902329315835,0.9241418199787566,0.1
772,1,0.0,1.0,0.21666666666666667,0.0,0.0,0.0,1.0,7.3690104e-16,0.956019487034263,0.2394794500393695,0.5790521342129233,0.9241418199787566,0.1
773,1,1.0,1.0,0.26666666666666666,1.0,0.0,0.0,1.0,0.99954283,0.9492155486980324,0.29138585875110595,0.8987097973120445,0.9241418199787566,0.1
774,1,0.0,1.0,0.2,0.0,0.0,0.0,1.0,1.1946949e-15,0.9535049697127633,0.2411142371023599,0.1,0.9241418199787566,0.1
775,1,1.0,1.0,0.16666666666666666,1.0,0.0,0.0,1.0,0.99999595,0.9691369776155887,0.2053582531403028,0.4275511105404048,0.9241418199787566,0.1
776,1,1.0,0.9833333333333333,0.3,1.0,0.0,0.0,1.0,1.0,0.9418551286037236,0.32552962919179385,0.961303276607997,0.9241418199787566,0.1
777,1,0.0,1.0,0.26666666666666666,0.0,0.0,0.0,1.0,2.080946e-11,0.9702634014813595,0.29500074678304333,0.1,0.9241418199787566,0.1
778,1,1.0,1.0,0.3,1.0,0.0,1.0,1.0,1.0,0.9680326477169849,0.3325332699926599,0.1,0.9241418199787566,0.1
779,1,1.0,1.0,0.35,1.0,0.0,1.0,1.0,1.0,0.979103586421233,0.36195042578796305,0.11971542707826582,0.9241418199787566,0.1
780,1,0.0,1.0,0.26666666666666666,0.0,0.0,0.0,1.0,5.532108e-12,0.9708740703910799,0.2818982270422416,0.41030648144140464,0.9241418199787566,0.1
781,1,1.0,1.0,0.3,1.0,0.0,0.0,1.0,0.9999006,0.9567876291783924,0.3264089034837836,0.7720672566791154,0.9241418199787566,0.1
782,1,1.0,1.0,0.16666666666666666,1.0,0.0,0.0,1.0,0.99204576,0.9687124394899921,0.2053675157273089,0.180980112764467,0.9241418199787566,0.1
783,1,0.0,1.0,0.31666666666666665,0.0,0.0,0.0,1.0,1.79217e-08,0.9747913482645008,0.33238945287880983,0.1,0.9241418199787566,0.1
784,1,0.0,1.0,0.26666666666666666,0.0,0.0,0.0,1.0,9.7019774e-18,0.9820249822026638,0.2839293755744661,0.1,0.9241418199787566,0.1
785,1,1.0,1.0,0.2,1.0,0.0,0.0,1.0,0.999701,0.949612484519207,0.23558458883134187,0.1,0.9241418199787566,0.1
786,1,1.0,1.0,0.26666666666666666,1.0,0.0,0.0,1.0,0.99954283,0.9474994528857029,0.30344925222335173,0.8987097973120445,0.9241418199787566,0.1
787,1,0.0,0.9666666666666667,0.26666666666666666,0.0,0.0,0.0,1.0,1.15555485e-08,0.9083571851351535,0.29882459214839524,0.4860360574355053,0.9241418199787566,0.1
788,1,0.0,1.0,0.31666666666666665,0.0,0.0,0.0,1.0,5.4571845e-09,0.9047673248007562,0.33948480667243486,0.1,0.9241418199787566,0.1
789,1,1.0,1.0,0.25,1.0,0.0,0.0,1.0,1.0,0.8566752233525047,0.2756386973311242,0.1,0.9241418199787566,0.1
790,1,0.0,1.0,0.31666666666666665,0.0,0.0,0.0,1.0,1.843009e-06,0.7978810330216295,0.33233967266827275,0.5943253261805799,0.9241418199787566,0.1
791,1,1.0,1.0,0.25,1.0,0.0,0.0,1.0,0.9834067,0.7951160242645483,0.27257034468834973,0.4331735771963294,0.9241418199787566,0.1
792,1,0.0,1.0,0.26666666666666666,0.0,0.0,0.0,1.0,9.7019774e-18,0.8127070631965733,0.29609844449987827,0.1,0.9241418199787566,0.1
793,1,1.0,1.0,0.26666666666666666,1.0,0.0,0.0,1.0,1.0,0.7941074900284437,0.2929529225203174,0.1,0.9241418199787566,0.1
794,1,1.0,1.0,0.3,1.0,0.0,0.0,1.0,1.0,0.768060715333966,0.3324626579679304,0.1,0.9241418199787566,0.1
795,1,0.0,1.0,0.26666666666666666,0.0,0.0,0.0,1.0,0.00028482953,0.8341353360848004,0.29641662418145553,0.5838224684924042,0.9241418199787566,0.1
796,1,1.0,1.0,0.26666666666666666,1.0,0.0,0.0,1.0,1.0,0.7803509934069383,0.29009199182976503,0.8256051652672061,0.9241418199787566,0.1
797,1,1.0,1.0,0.26666666666666666,1.0,0.0,0.0,1.0,0.9896577,0.802992374121756,0.28929818987359496,0.13719918585696675,0.9241418199787566,0.1
798,1,1.0,1.0,0.3,1.0,0.0,0.0,1.0,0.9999999,0.7872341637090058,0.3271778501370021,0.9128682426807642,0.9241418199787566,0.1
799,1,0.0,1.0,0.25,0.0,0.0,0.0,1.0,1.4025665e-09,0.8000584785724442,0.28428705419066086,0.2010694509219842,0.9241418199787566,0.1
800,1,1.0,1.0,0.25,1.0,0.0,0.0,1.0,0.99101055,0.774362916392981,0.2741181968982335,0.8935776113745761,0.9241418199787566,0.1
801,1,0.0,1.0,0.23333333333333334,0.0,0.0,0.0,1.0,0.050667703,0.781119522610567,0.26275646374130346,0.4941433079735945,0.9241418199787566,0.1
802,1,0.0,1.0,0.23333333333333334,0.0,0.0,0.0,0.0,3.514893e-12,0.8361250390186609,0.2704522794975413,0.7413950409887349,0.9241418199787566,0.1
803,1,1.0,1.0,0.2833333333333333,1.0,0.0,0.0,1.0,1.0,0.8079097284880751,0.3015515424482281,0.1,0.9241418199787566,0.1
804,1,0.0,1.0,0.18333333333333332,0.0,0.0,0.0,0.0,2.5943733e-10,0.8011940145228386,0.22295377004185982,0.6363786900710323,0.9241418199787566,0.1
805,1,0.0,1.0,0.23333333333333334,0.0,0.0,0.0,1.0,0.2535525,0.787863104735861,0.2587124126890402,0.2126038094480108,0.9241418199787566,0.1
806,1,1.0,1.0,0.23333333333333334,1.0,0.0,0.0,1.0,1.0,0.7924508196934111,0.25973191263043965,0.1,0.9241418199787566,0.1
807,1,1.0,1.0,0.35,1.0,0.0,0.0,1.0,1.0,0.7809607723762941,0.3559084658172774,0.1,0.9241418199787566,0.1
808,1,1.0,1.0,0.21666666666666667,1.0,0.0,0.0,1.0,1.0,0.8280518348847548,0.25663314364125883,0.5906209585147536,0.9241418199787566,0.1
809,1,0.0,1.0,0.2,0.0,0.0,0.0,1.0,0.0001885544,0.8231467097518232,0.23710128582987894,0.3491146799836036,0.9241418199787566,0.1
810,1,0.0,0.9833333333333333,0.21666666666666667,0.0,0.0,0.0,1.0,0.00014464057,0.860884282912226,0.24057916253324269,0.3774878016542412,0.9241418199787566,0.1
811,1,0.0,1.0,0.25,0.0,0.0,0.0,1.0,1.2829404e-12,0.824187187467907,0.27238372901883123,0.1,0.9241418199787566,0.1
812,1,1.0,0.85,0.18333333333333332,1.0,0.0,0.0,1.0,0.9999987,0.8744419299870684,0.3080867959037225,0.1,0.9241418199787566,0.1
813,0,1.0,0.0,0.2,0.0,0.0,0.0,0.0,1.7958722e-12,0.9244343076429199,0.6603847249508882,0.1,0.9241418199787566,0.1
814,0,1.0,0.31666666666666665,0.2833333333333333,0.0,0.0,0.0,0.0,2.7653758e-17,0.9567693637213036,0.5268332379803379,0.1,0.9241418199787566,0.1
815,1,1.0,1.0,0.23333333333333334,1.0,0.0,0.0,1.0,0.99999845,0.9651975238736374,0.26802641031796415,0.7778294595177866,0.9241418199787566,0.1
816,1,0.0,1.0,0.3,0.0,0.0,0.0,1.0,9.737843e-08,0.972564269124552,0.33170106377931036,0.12973111634727025,0.9241418199787566,0.1
817,1,1.0,1.0,0.16666666666666666,1.0,0.0,0.0,1.0,0.9999951,0.9604037246477063,0.2036908786772128,0.8207058228013006,0.9241418199787566,0.1
818,1,1.0,1.0,0.23333333333333334,1.0,0.0,0.0,1.0,1.0,0.9712282485320233,0.2670602465802082,0.1,0.9241418199787566,0.1
819,1,0.0,1.0,0.31666666666666665,0.0,0.0,0.0,1.0,4.4214055e-08,0.9671921606547703,0.32859405017705584,0.1,0.9241418199787566,0.1
820,1,1.0,1.0,0.15,1.0,0.0,0.0,1.0,0.9955023,0.9588916807948968,0.19309681709125212,0.8839959886078315,0.9241418199787566,0.1
821,1,1.0,1.0,0.3,1.0,0.0,1.0,1.0,1.0,0.9701979517498169,0.3346235806380392,0.43693752877356123,0.9241418199787566,0.1
822,1,1.0,1.0,0.06666666666666667,1.0,0.0,0.0,1.0,1.0,0.9671885330711901,0.11996203108074202,0.1,0.9241418199787566,0.1
823,1,1.0,1.0,0.2,1.0,0.0,0.0,1.0,0.88837576,0.9468762399295451,0.23690362989447772,0.6652448589027978,0.9241418199787566,0.1
824,1,1.0,1.0,0.23333333333333334,1.0,0.0,0.0,1.0,0.6068383,0.9513186367407275,0.27037297599578236,0.9848993005984478,0.9241418199787566,0.1
825,1,0.0,0.7833333333333333,0.3333333333333333,0.0,0.0,0.0,0.0,1.0575291e-05,0.9316606577651008,0.42985167910396105,0.867493602168238,0.9241418199787566,0.1
826,1,0.0,0.7833333333333333,0.23333333333333334,0.0,0.0,0.0,1.0,4.2308588e-09,0.9563994436886712,0.35566623216315274,0.10716149017772279,0.9241418199787566,0.1
827,1,0.0,1.0,0.25,0.0,0.0,0.0,1.0,5.788233e-11,0.9788668172931744,0.2899711159877349,0.7940367219013758,0.9241418199787566,0.1
828,1,0.0,1.0,0.36666666666666664,0.0,0.0,0.0,1.0,1.8085542e-05,0.960697911884152,0.3953812175461151,0.1,0.9241418199787566,0.1
829,1,0.0,1.0,0.25,0.0,0.0,0.0,0.0,0.037149694,0.9712085670950535,0.29437631390415164,0.9701907244228388,0.9241418199787566,0.1
830,1,0.0,1.0,0.2833333333333333,0.0,0.0,0.0,1.0,1.8085542e-05,0.9646045358136973,0.3110880362915368,0.1,0.9241418199787566,0.1
831,1,1.0,1.0,0.3,1.0,0.0,1.0,1.0,1.0,0.9624060104575197,0.3379598023818124,0.1,0.9241418199787566,0.1
832,1,0.0,1.0,0.31666666666666665,0.0,0.0,0.0,1.0,0.007033065,0.9676072021818497,0.35043165540843596,0.6820974805149437,0.9241418199787566,0.1
833,1,1.0,1.0,0.3,1.0,0.0,1.0,1.0,0.9999995,0.9687667438793072,0.334281555000058,0.9543935640057484,0.9241418199787566,0.1
834,1,0.0,1.0,0.2,0.0,0.0,0.0,1.0,3.3637345e-13,0.9524798418702353,0.24334684061858958,0.1,0.9241418199787566,0.1
835,1,0.0,1.0,0.26666666666666666,0.0,0.0,0.0,1.0,6.519312e-12,0.9713519116279828,0.30348776583057635,0.3519864040251938,0.9241418199787566,0.1
836,1,0.0,1.0,0.3,0.0,0.0,0.0,1.0,0.00020636128,0.9795109997436257,0.3289641918957811,0.8727805174086218,0.9241418199787566,0.1
837,1,1.0,1.0,0.13333333333333333,1.0,0.0,0.0,1.0,0.80759865,0.9731516018665565,0.17764181626582237,0.9846644768810454,0.9241418199787566,0.1
838,1,1.0,1.0,0.23333333333333334,1.0,0.0,0.0,1.0,1.0,0.942645147231147,0.27781133027252114,0.729748158730286,0.9241418199787566,0.1
839,1,1.0,1.0,0.21666666666666667,1.0,0.0,0.0,1.0,1.0,0.962378650700486,0.26036230342075795,0.1,0.9241418199787566,0.1
840,1,1.0,1.0,0.2,1.0,0.0,0.0,1.0,1.0,0.9663628639052676,0.24614345901232992,0.1,0.9241418199787566,0.1
841,1,1.0,1.0,0.23333333333333334,1.0,0.0,0.0,1.0,1.0,0.9465684329298835,0.28007118709800505,0.1,0.9241418199787566,0.1
842,1,1.0,1.0,0.25,1.0,0.0,0.0,1.0,1.0,0.9230436499672818,0.28474877198228177,0.1,0.9241418199787566,0.1
843,1,0.0,1.0,0.31666666666666665,0.0,0.0,0.0,1.0,0.44272417,0.9356383624357351,0.34611729957116505,0.1,0.9241418199787566,0.1
844,1,1.0,0.9833333333333333,0.21666666666666667,1.0,0.0,0.0,1.0,1.0,0.8903347361209824,0.25694608735858127,0.1,0.9241418199787566,0.1
845,1,0.0,0.9833333333333333,0.26666666666666666,0.0,0.0,0.0,0.0,0.0002598114,0.8915774903317538,0.3018344130995531,0.9442348758236045,0.9241418199787566,0.1
846,1,0.0,0.9833333333333333,0.3,0.0,0.0,0.0,1.0,4.076224e-06,0.9059794661330681,0.3433815232909916,0.10143855761121284,0.9241418199787566,0.1
847,1,0.0,0.9833333333333333,0.31666666666666665,0.0,0.0,0.0,1.0,4.065406e-11,0.9145250560966982,0.3518346337352754,0.16052599453103045,0.9241418199787566,0.1
848,1,1.0,0.9833333333333333,0.18333333333333332,1.0,0.0,0.0,1.0,1.0,0.9089745250179713,0.22840529055599576,0.1,0.9241418199787566,0.1
849,1,0.0,1.0,0.2833333333333333,0.0,0.0,0.0,1.0,2.811166e-16,0.9177781971396005,0.32403588064032973,0.1,0.9241418199787566,0.1
850,1,1.0,0.9833333333333333,0.21666666666666667,1.0,0.0,0.0,1.0,0.9993193,0.9138453119417517,0.2500583702798396,0.21053570545722208,0.9241418199787566,0.1
851,1,1.0,1.0,0.23333333333333334,1.0,0.0,0.0,1.0,0.99989045,0.9497698796053791,0.28254470536942733,0.1,0.9241418199787566,0.1
852,1,0.0,1.0,0.2833333333333333,0.0,0.0,0.0,1.0,1.0854832e-06,0.9458568551597318,0.3204874899135196,0.20551905967855721,0.9241418199787566,0.1
853,1,1.0,1.0,0.21666666666666667,1.0,0.0,0.0,1.0,1.0,0.95430058334243,0.25851175363135176,0.5906209585147536,0.9241418199787566,0.1
854,1,0.0,1.0,0.26666666666666666,0.0,0.0,0.0,1.0,2.84496e-12,0.9513544383120477,0.2980382832937191,0.2599393180868851,0.9241418199787566,0.1
855,1,1.0,1.0,0.2833333333333333,1.0,0.0,0.0,1.0,0.9999987,0.9378280994782026,0.316090961836766,0.70857106014035,0.9241418199787566,0.1
856,1,1.0,0.9833333333333333,0.26666666666666666,1.0,0.0,0.0,1.0,1.0,0.8731909825599226,0.3075016437946517,0.1062059658774437,0.9241418199787566,0.1
857,1,0.0,1.0,0.3333333333333333,0.0,0.0,0.0,1.0,5.8967515e-17,0.8452965756556144,0.3603936003673606,0.1,0.9241418199787566,0.1
858,1,1.0,0.9833333333333333,0.23333333333333334,1.0,0.0,0.0,1.0,1.0,0.872687912764281,0.27536680058343826,0.1,0.9241418199787566,0.1
859,1,1.0,0.9833333333333333,0.3,1.0,0.0,0.0,1.0,1.0,0.8914236865458013,0.3323009480190871,0.1,0.9241418199787566,0.1
860,1,1.0,1.0,0.26666666666666666,1.0,0.0,0.0,1.0,0.9999994,0.8993939417244156,0.3081994406395823,0.1,0.9241418199787566,0.1
861,1,0.0,1.0,0.31666666666666665,0.0,0.0,0.0,1.0,1.8034616e-12,0.9363379927209968,0.34449649662247595,0.1,0.9241418199787566,0.1
862,1,0.0,1.0,0.23333333333333334,0.0,0.0,0.0,1.0,1.3123679e-12,0.9284820044819678,0.27156532089266094,0.1,0.9241418199787566,0.1
863,1,0.0,1.0,0.2833333333333333,0.0,0.0,0.0,1.0,0.30579394,0.8986470352514018,0.31011247126410896,0.4636607162794092,0.9241418199787566,0.1
864,1,1.0,1.0,0.3,1.0,0.0,0.0,1.0,0.9999999,0.8639093148737504,0.3200300396410451,0.1,0.9241418199787566,0.1
865,1,0.0,1.0,0.2833333333333333,0.0,0.0,0.0,1.0,3.3281513e-12,0.8937616876789488,0.31929430344673565,0.5344072860696724,0.9241418199787566,0.1
866,1,0.0,1.0,0.3,0.0,0.0,0.0,1.0,2.1434978e-09,0.8857736514821869,0.34055671981976504,0.23004518713432193,0.9241418199787566,0.1
867,1,0.0,0.9833333333333333,0.15,0.0,0.0,0.0,1.0,8.0141465e-13,0.8893586259127856,0.19884701694024823,0.1,0.9241418199787566,0.1
868,1,0.0,0.9833333333333333,0.31666666666666665,0.0,0.0,0.0,1.0,9.091868e-11,0.8528318661533683,0.3445421160334595,0.46348893463840346,0.9241418199787566,0.1
869,1,0.0,1.0,0.23333333333333334,0.0,0.0,0.0,0.0,0.000691138,0.8424155997064077,0.27845292778635256,0.849616651265239,0.9241418199787566,0.1
870,1,1.0,1.0,0.23333333333333334,1.0,0.0,0.0,1.0,0.9963845,0.8307310721248476,0.2739428018003753,0.1,0.9241418199787566,0.1
871,1,0.0,1.0,0.31666666666666665,0.0,0.0,0.0,1.0,0.025171284,0.9287076260097702,0.3546123165058597,0.4278872093370563,0.9241418199787566,0.1
872,1,1.0,0.9833333333333333,0.3,1.0,0.0,0.0,1.0,0.8067097,0.9078961136786758,0.33133020516218536,0.16842854156784093,0.9241418199787566,0.1
873,1,0.0,1.0,0.25,0.0,0.0,0.0,1.0,2.0854886e-10,0.8664691352170268,0.28951928948187805,0.1,0.9241418199787566,0.1
874,1,0.0,1.0,0.31666666666666665,0.0,0.0,0.0,1.0,1.1548639e-14,0.929097216309397,0.34450096391572393,0.4316117881250914,0.9241418199787566,0.1
875,1,1.0,1.0,0.18333333333333332,1.0,0.0,0.0,1.0,0.99998593,0.9485891596026318,0.2153207739206433,0.9624274463669101,0.9241418199787566,0.1
876,1,0.0,1.0,0.3,0.0,0.0,0.0,1.0,3.4646317e-09,0.9522577012307953,0.3352530719374356,0.45133043810596835,0.9241418199787566,0.1
877,1,1.0,0.9666666666666667,0.26666666666666666,1.0,0.0,0.0,1.0,0.98507,0.890780162287416,0.2999854574146298,0.324042636297855,0.9241418199787566,0.1
878,1,0.0,1.0,0.18333333333333332,0.0,0.0,0.0,1.0,7.491084e-12,0.9002803261135826,0.2311475765668159,0.22472372742653302,0.9241418199787566,0.1
879,1,0.0,0.9833333333333333,0.23333333333333334,0.0,0.0,0.0,1.0,1.2056715e-11,0.8326816819927888,0.27340199219572364,0.47671315689745564,0.9241418199787566,0.1
880,1,0.0,0.7833333333333333,0.26666666666666666,0.0,0.0,0.0,0.0,1.8663489e-10,0.8569804742614089,0.3535234329311591,0.8811490594041455,0.9241418199787566,0.1
881,0,1.0,0.0,0.23333333333333334,0.0,0.0,0.0,0.0,7.7408785e-10,0.9492837707670928,0.6445101252372243,0.1,0.9241418199787566,0.1
882,0,1.0,0.0,0.21666666666666667,0.0,0.0,0.0,0.0,0.030115457,0.9558732926560521,0.6533070685968217,0.14731426588479732,0.9241418199787566,0.1
883,0,1.0,0.0,0.2833333333333333,0.0,0.0,0.0,1.0,1.1853148e-10,0.9485552830288696,0.5839681700611353,0.9926605612086117,0.9241418199787566,0.1
884,0,1.0,0.0,0.23333333333333334,0.0,0.0,0.0,0.0,9.1107274e-17,0.9424908380905594,0.627244512491451,0.1,0.9241418199787566,0.1
885,0,1.0,0.0,0.3,0.0,0.0,0.0,0.0,1.2669507e-10,0.9427061128717912,0.5682513487043532,0.1,0.9241418199787566,0.1
886,0,1.0,0.0,0.26666666666666666,0.0,0.0,0.0,0.0,0.0007853995,0.9353362278682197,0.6174659360821543,0.1,0.9241418199787566,0.1
887,0,1.0,0.0,0.26666666666666666,0.0,0.0,0.0,0.0,2.731542e-10,0.9305824465087849,0.6312089558535978,0.19045614882800443,0.9241418199787566,0.1
888,0,1.0,0.0,0.26666666666666666,0.0,0.0,0.0,0.0,0.018136138,0.9486747116470048,0.6007020753781133,0.6514560573510716,0.9241418199787566,0.1
889,0,1.0,0.0,0.26666666666666666,0.0,0.0,0.0,1.0,0.042478204,0.947547625733591,0.6218029405975891,0.9350339653817884,0.9241418199787566,0.1
890,0,1.0,0.0,0.3333333333333333,0.0,0.0,0.0,0.0,9.1107274e-17,0.9523040127463684,0.5819988196213483,0.1,0.9241418199787566,0.1
891,0,1.0,0.0,0.18333333333333332,0.0,0.0,0.0,0.0,7.755671e-14,0.9449254193920497,0.6858982771808984,0.22976193444870832,0.9241418199787566,0.1
892,0,1.0,0.0,0.3,0.0,0.0,0.0,0.0,1.2247849e-10,0.945454390758369,0.6055274163843625,0.1,0.9241418199787566,0.1
893,0,1.0,0.0,0.26666666666666666,0.0,0.0,0.0,0.0,6.1353335e-06,0.9453894343114609,0.6159501282947569,0.12597063506770542,0.9241418199787566,0.1
894,0,1.0,0.0,0.31666666666666665,0.0,0.0,0.0,0.0,5.11351e-14,0.9376546109514313,0.5611840628783219,0.1,0.9241418199787566,0.1
895,0,1.0,0.0,0.2833333333333333,0.0,0.0,0.0,0.0,3.77345e-11,0.9489906097897675,0.5991321821854972,0.342441610730404,0.9241418199787566,0.1
896,0,0.0,0.38333333333333336,0.2,0.0,0.0,0.0,0.0,1.0,0.9498435029532661,0.46125274528308347,0.1,0.9241418199787566,0.1
897,1,0.0,1.0,0.23333333333333334,0.0,0.0,0.0,1.0,1.4151591e-12,0.956795490746514,0.27329618667506883,0.1,0.9241418199787566,0.1
898,1,0.0,1.0,0.23333333333333334,0.0,0.0,0.0,1.0,9.8900986e-05,0.957783879050636,0.2652587822988779,0.337435825865614,0.9241418199787566,0.1
899,1,0.0,1.0,0.2833333333333333,0.0,0.0,0.0,1.0,0.2535525,0.9646570700521554,0.30741466148558844,0.2126038094480108,0.9241418199787566,0.1
900,1,0.0,1.0,0.18333333333333332,0.0,0.0,0.0,1.0,2.002111e-12,0.9606399269320623,0.21632724330277606,0.6919596411317387,0.9241418199787566,0.1
901,1,0.0,1.0,0.2833333333333333,0.0,0.0,0.0,1.0,8.982136e-12,0.9640157890274453,0.293220336795961,0.14698660277878603,0.9241418199787566,0.1
902,1,1.0,1.0,0.23333333333333334,1.0,0.0,0.0,1.0,1.0,0.9585949099249851,0.270374519495699,0.11971542707826582,0.9241418199787566,0.1
903,1,1.0,1.0,0.2833333333333333,1.0,0.0,0.0,1.0,1.0,0.956911649098172,0.3028553117142993,0.1,0.9241418199787566,0.1
904,1,0.0,1.0,0.3,0.0,0.0,0.0,1.0,9.737843e-08,0.961277513097091,0.3163059975478459,0.12973111634727025,0.9241418199787566,0.1
905,0,1.0,0.25,0.3,0.0,0.0,0.0,0.0,4.6678863e-08,0.946402029075405,0.5075286874949333,0.1,0.9241418199787566,0.1
906,1,1.0,0.9666666666666667,0.3333333333333333,1.0,0.0,1.0,1.0,0.9992142,0.9661280257901438,0.35675142968408596,0.8354969356677833,0.9241418199787566,0.1
907,1,1.0,1.0,0.31666666666666665,1.0,0.0,1.0,1.0,1.0,0.9661541353491927,0.34230981910552777,0.1,0.9241418199787566,0.1
908,1,1.0,1.0,0.31666666666666665,1.0,0.0,1.0,1.0,0.9998324,0.9685375422018155,0.33193662918750033,0.1,0.9241418199787566,0.1
909,1,0.0,1.0,0.35,0.0,0.0,0.0,1.0,4.5347708e-14,0.9470653704592805,0.3648105384516965,0.1,0.9241418199787566,0.1
910,1,0.0,1.0,0.23333333333333334,0.0,0.0,0.0,1.0,0.016939558,0.9637352433373516,0.26417635634292735,0.3820411387050763,0.9241418199787566,0.1
911,1,1.0,1.0,0.25,1.0,0.0,0.0,1.0,1.0,0.9714099789044306,0.2736430947595394,0.1,0.9241418199787566,0.1
912,1,0.0,1.0,0.38333333333333336,0.0,0.0,0.0,1.0,5.9336966e-11,0.9515450029999744,0.39107748909179,0.3439507877670763,0.9241418199787566,0.1
913,1,1.0,1.0,0.25,1.0,0.0,0.0,1.0,1.0,0.9729510813809549,0.2764101213508933,0.1,0.9241418199787566,0.1
914,1,0.0,1.0,0.15,0.0,0.0,0.0,1.0,0.00018385607,0.9623992037896119,0.18313432018624598,0.2646971774903764,0.9241418199787566,0.1
915,1,0.0,1.0,0.2833333333333333,0.0,0.0,0.0,1.0,2.0064488e-13,0.9520675265444022,0.3006698422320159,0.1,0.9241418199787566,0.1
916,1,1.0,1.0,0.2,1.0,0.0,0.0,1.0,0.99960405,0.9600671106367581,0.2451793029933817,0.11024684447843595,0.9241418199787566,0.1
917,1,0.0,1.0,0.15,0.0,0.0,0.0,1.0,0.0002651274,0.9670042295895461,0.1886909107036975,0.6801924644146682,0.9241418199787566,0.1
918,1,0.0,1.0,0.2833333333333333,0.0,0.0,0.0,1.0,2.2654403e-13,0.9551413307367488,0.3054832015751407,0.1,0.9241418199787566,0.1
919,1,0.0,1.0,0.25,0.0,0.0,0.0,1.0,5.198289e-07,0.9652564788415888,0.28611450038320874,0.6875152995621636,0.9241418199787566,0.1
920,1,0.0,1.0,0.23333333333333334,0.0,0.0,0.0,1.0,3.4885183e-05,0.9499040178705399,0.2551724299522059,0.6207411272606799,0.9241418199787566,0.1
921,1,1.0,1.0,0.2,1.0,0.0,0.0,1.0,1.0,0.9557775466198118,0.2398415401405756,0.1,0.9241418199787566,0.1
922,1,0.0,1.0,0.2,0.0,0.0,0.0,1.0,2.4882833e-14,0.9641438169623309,0.2393323567702373,0.1,0.9241418199787566,0.1
923,1,1.0,1.0,0.31666666666666665,1.0,0.0,0.0,1.0,0.6848114,0.9520277845132342,0.3132657041349928,0.37262898122552257,0.9241418199787566,0.1
924,1,0.0,1.0,0.18333333333333332,0.0,0.0,0.0,1.0,0.00015217486,0.9641018927638711,0.22738744492122617,0.18202014834980346,0.9241418199787566,0.1
925,1,0.0,1.0,0.23333333333333334,0.0,0.0,0.0,1.0,1.5370809e-09,0.9535933560601447,0.2615820172516637,0.1,0.9241418199787566,0.1
926,1,0.0,1.0,0.21666666666666667,0.0,0.0,0.0,1.0,2.811166e-16,0.9517799492079906,0.24969241070969092,0.1,0.9241418199787566,0.1
927,0,1.0,0.2833333333333333,0.31666666666666665,0.0,0.0,0.0,0.0,1.0624601e-07,0.9274650556359313,0.5341274322563672,0.1304815900514981,0.9241418199787566,0.1
928,0,1.0,0.0,0.25,0.0,0.0,0.0,0.0,1.8670095e-05,0.9465751521811329,0.6245006521610347,0.1,0.9241418199787566,0.1
929,1,0.0,1.0,0.21666666666666667,0.0,0.0,0.0,0.0,4.522581e-06,0.9721186263175088,0.2519120348099392,0.9261478012480143,0.9241418199787566,0.1
930,1,1.0,1.0,0.3,1.0,0.0,0.0,1.0,0.9999951,0.9582990426530394,0.3221752170139381,0.8207058228013006,0.9241418199787566,0.1
931,1,1.0,1.0,0.23333333333333334,1.0,0.0,0.0,1.0,1.0,0.9239584114694015,0.25554917210128103,0.1,0.9241418199787566,0.1
932,1,0.0,1.0,0.3,0.0,0.0,0.0,1.0,2.9535688e-10,0.8888874085857787,0.3258614515278038,0.1,0.9241418199787566,0.1
933,1,0.0,1.0,0.31666666666666665,0.0,0.0,0.0,1.0,0.004492475,0.8947234133538936,0.3418800278522847,0.20147300375256016,0.9241418199787566,0.1
934,1,1.0,0.9666666666666667,0.23333333333333334,1.0,0.0,0.0,1.0,1.0,0.8733893218942733,0.2592723642213957,0.7407778874599071,0.9241418199787566,0.1
935,1,0.0,1.0,0.35,0.0,0.0,0.0,1.0,2.2506323e-14,0.8451136775696855,0.3543978921632576,0.1,0.9241418199787566,0.1
936,1,0.0,1.0,0.21666666666666667,0.0,0.0,0.0,1.0,1.0484895e-10,0.8077604695284629,0.2431625178470656,0.1,0.9241418199787566,0.1
937,1,1.0,1.0,0.25,1.0,0.0,0.0,1.0,1.0,0.8062398743334841,0.26505467640718244,0.1,0.9241418199787566,0.1
938,1,0.0,1.0,0.3333333333333333,0.0,0.0,0.0,1.0,2.2356362e-06,0.8077218162548541,0.3482925789780253,0.427270335243285,0.9241418199787566,0.1
939,1,1.0,1.0,0.35,1.0,0.0,0.0,1.0,0.99999976,0.8013658952121752,0.36344197542325407,0.1,0.9241418199787566,0.1
940,1,1.0,1.0,0.31666666666666665,1.0,0.0,0.0,1.0,0.99973065,0.8217904991559736,0.33507709469289726,0.8602764600998449,0.9241418199787566,0.1
941,1,1.0,1.0,0.2,1.0,0.0,0.0,1.0,1.0,0.7878929759873754,0.22837240619319646,0.1,0.9241418199787566,0.1
942,1,0.0,1.0,0.3,0.0,0.0,0.0,1.0,7.491084e-12,0.7750845193946784,0.31658214472349605,0.22472372742653302,0.9241418199787566,0.1
943,1,0.0,1.0,0.21666666666666667,0.0,0.0,0.0,1.0,1.6444722e-11,0.7776147855396361,0.24137845434651778,0.1,0.9241418199787566,0.1
944,1,0.0,1.0,0.3,0.0,0.0,0.0,1.0,0.0005191888,0.8050826902239792,0.3252868271696428,0.1,0.9241418199787566,0.1
945,1,1.0,1.0,0.25,1.0,0.0,0.0,1.0,1.0,0.8225896942085769,0.2727526511716239,0.1,0.9241418199787566,0.1
946,1,0.0,0.9833333333333333,0.31666666666666665,0.0,0.0,0.0,1.0,3.6452694e-15,0.8371791588349972,0.3367837546336835,0.1,0.9241418199787566,0.1
947,1,0.0,1.0,0.25,0.0,0.0,0.0,1.0,8.3921066e-17,0.8006061150689062,0.26331812918975467,0.1,0.9241418199787566,0.1
948,1,0.0,1.0,0.23333333333333334,0.0,0.0,0.0,1.0,5.1107565e-07,0.7838734356326642,0.2529806281048966,0.5712917227020675,0.9241418199787566,0.1
949,1,1.0,1.0,0.23333333333333334,1.0,0.0,0.0,1.0,1.0,0.7574280363326085,0.26520921443784,0.1243564415435938,0.9241418199787566,0.1
950,1,1.0,1.0,0.31666666666666665,1.0,0.0,0.0,1.0,1.0,0.7767113431239733,0.3187743928492341,0.9308889653074486,0.9241418199787566,0.1
951,1,0.0,1.0,0.21666666666666667,0.0,0.0,0.0,1.0,4.600056e-07,0.7910348709771408,0.24776618695545977,0.1,0.9241418199787566,0.1
952,1,0.0,1.0,0.2,0.0,0.0,0.0,1.0,1.1062965e-13,0.8063459702893605,0.2346719220872223,0.1,0.9241418199787566,0.1
953,1,0.0,1.0,0.31666666666666665,0.0,0.0,0.0,0.0,7.1194944e-07,0.7978206327039821,0.32776330421797367,0.8570668301895004,0.9241418199787566,0.1
954,1,1.0,1.0,0.16666666666666666,1.0,0.0,0.0,1.0,1.0,0.7955139829915561,0.1956259591090433,0.7889761832861449,0.9241418199787566,0.1
955,1,0.0,1.0,0.23333333333333334,0.0,0.0,0.0,0.0,1.0118096e-10,0.7861189268292252,0.26873672346442207,0.9807893877434707,0.9241418199787566,0.1
956,1,1.0,1.0,0.25,1.0,0.0,0.0,1.0,0.9853839,0.794059924641002,0.2677470718007254,0.1,0.9241418199787566,0.1
957,1,1.0,1.0,0.3,1.0,0.0,0.0,1.0,1.0,0.8053338653878274,0.29935095868354183,0.1,0.9241418199787566,0.1
958,1,0.0,1.0,0.3333333333333333,0.0,0.0,0.0,1.0,3.3457946e-12,0.8089317024608167,0.35348324920039365,0.1,0.9241418199787566,0.1
959,1,0.0,1.0,0.35,0.0,0.0,0.0,1.0,6.262815e-05,0.8040907190084088,0.3601548521292181,0.33039667787198557,0.9241418199787566,0.1
960,1,0.0,1.0,0.18333333333333332,0.0,0.0,0.0,1.0,3.3281513e-12,0.812050541647618,0.21358171266294587,0.5344072860696724,0.9241418199787566,0.1
961,1,0.0,1.0,0.26666666666666666,0.0,0.0,0.0,0.0,2.6604332e-07,0.8051005521448171,0.291748147262723,0.949309425995624,0.9241418199787566,0.1
962,1,1.0,1.0,0.2833333333333333,1.0,0.0,0.0,1.0,1.0,0.7923985184678795,0.29017622111492875,0.1,0.9241418199787566,0.1
963,1,0.0,1.0,0.21666666666666667,0.0,0.0,0.0,1.0,0.00036923063,0.8249299345763557,0.25085068809763095,0.1725918769906835,0.9241418199787566,0.1
964,1,0.0,1.0,0.3,0.0,0.0,0.0,1.0,3.3281513e-12,0.7980569009107473,0.3181186271772742,0.5344072860696724,0.9241418199787566,0.1
965,1,1.0,1.0,0.31666666666666665,1.0,0.0,0.0,1.0,1.0,0.7941665311052603,0.34166646425869907,0.1,0.9241418199787566,0.1
966,1,1.0,1.0,0.25,1.0,0.0,0.0,1.0,1.0,0.7960834744328696,0.2716268348548058,0.1,0.9241418199787566,0.1
967,1,0.0,1.0,0.38333333333333336,0.0,0.0,0.0,0.0,3.70639e-08,0.7889256126074103,0.38225799965354174,0.6467797377532412,0.9241418199787566,0.1
968,1,1.0,0.7666666666666667,0.3,1.0,0.0,0.0,1.0,1.0,0.790348378456052,0.3592002029749966,0.1,0.9241418199787566,0.1
969,1,1.0,1.0,0.38333333333333336,1.0,0.0,0.0,1.0,1.0,0.7723872111712614,0.38754320328393654,0.1,0.9241418199787566,0.1
970,1,0.0,1.0,0.23333333333333334,0.0,0.0,0.0,1.0,1.93323e-13,0.7996176882706357,0.2524505493420284,0.6224047869735447,0.9241418199787566,0.1
971,1,0.0,1.0,0.25,0.0,0.0,0.0,1.0,1.2153363e-11,0.790231241507454,0.2821712968209067,0.1,0.9241418199787566,0.1
972,1,1.0,1.0,0.21666666666666667,1.0,0.0,0.0,1.0,1.0,0.7971056157612189,0.25571365710336086,0.863231369558724,0.9241418199787566,0.1
973,1,0.0,1.0,0.3,0.0,0.0,0.0,1.0,7.0804913e-09,0.7854867020825989,0.323375125665784,0.1,0.9241418199787566,0.1
974,1,1.0,1.0,0.21666666666666667,1.0,0.0,0.0,1.0,0.5595614,0.79802356973595,0.25000511480866333,0.9560163605103844,0.9241418199787566,0.1
975,1,1.0,1.0,0.26666666666666666,1.0,0.0,0.0,1.0,0.99998105,0.7884155336108154,0.302497638490596,0.9630504339953014,0.9241418199787566,0.1
976,1,1.0,1.0,0.3,1.0,0.0,0.0,1.0,1.0,0.8023439699150418,0.3281739292613043,0.1,0.9241418199787566,0.1
977,1,0.0,1.0,0.18333333333333332,0.0,0.0,0.0,0.0,8.838126e-06,0.8019366620707681,0.22866005069034284,0.9565973274861221,0.9241418199787566,0.1
978,1,1.0,1.0,0.2833333333333333,1.0,0.0,0.0,1.0,1.0,0.7951340976887439,0.3099172841981714,0.1,0.9241418199787566,0.1
979,1,0.0,1.0,0.3333333333333333,0.0,0.0,0.0,1.0,2.24116e-11,0.8040106265369732,0.3600015945089342,0.13462401203508145,0.9241418199787566,0.1
980,1,0.0,1.0,0.2,0.0,0.0,0.0,1.0,7.3690104e-16,0.799462326092117,0.22762827093626206,0.5790521342129233,0.9241418199787566,0.1
981,1,1.0,1.0,0.2833333333333333,1.0,0.0,0.0,1.0,1.0,0.8068841923605533,0.30740591343588597,0.1,0.9241418199787566,0.1
982,1,1.0,1.0,0.35,1.0,0.0,0.0,1.0,1.0,0.8220008910549662,0.3730758762693387,0.1,0.9241418199787566,0.1
983,1,0.0,1.0,0.2833333333333333,0.0,0.0,0.0,1.0,0.00011098223,0.8111155169399091,0.3104799098268256,0.1819214749279417,0.9241418199787566,0.1
984,1,0.0,1.0,0.25,0.0,0.0,0.0,1.0,0.004972752,0.8247749361282132,0.2773154262593985,0.6021374349884128,0.9241418199787566,0.1
985,1,0.0,1.0,0.18333333333333332,0.0,0.0,0.0,0.0,6.357297e-12,0.8183485652252288,0.22795874603250427,0.6811823911246582,0.9241418199787566,0.1
986,1,1.0,1.0,0.3,1.0,0.0,0.0,1.0,1.0,0.824168351770923,0.30833860334684576,0.1,0.9241418199787566,0.1
987,1,1.0,1.0,0.25,1.0,0.0,0.0,1.0,1.0,0.8178764640466387,0.27578396628542584,0.8776174646911953,0.9241418199787566,0.1
988,1,0.0,1.0,0.2,0.0,0.0,0.0,1.0,0.009783096,0.8041949828268977,0.2299501067584654,0.28674373110407064,0.9241418199787566,0.1
989,1,0.0,1.0,0.3333333333333333,0.0,0.0,0.0,1.0,8.3681576e-11,0.8110005930724189,0.3562849598446252,0.3571232224571511,0.9241418199787566,0.1
990,1,1.0,1.0,0.23333333333333334,1.0,0.0,0.0,1.0,1.0,0.8024827186620658,0.2658857553737614,0.1,0.9241418199787566,0.1
991,1,1.0,1.0,0.26666666666666666,1.0,0.0,0.0,1.0,1.0,0.8056578367400468,0.30114359167329563,0.1,0.9241418199787566,0.1
992,1,1.0,1.0,0.21666666666666667,1.0,0.0,0.0,1.0,0.9942193,0.8034443775346144,0.2595900528977004,0.9552688149392023,0.9241418199787566,0.1
993,1,0.0,1.0,0.26666666666666666,0.0,0.0,0.0,1.0,8.585229e-08,0.7955286580431388,0.2914448294015607,0.1,0.9241418199787566,0.1
994,1,0.0,1.0,0.18333333333333332,0.0,0.0,0.0,1.0,0.025171284,0.8095539098896914,0.20993166600346774,0.4278872093370563,0.9241418199787566,0.1
995,1,1.0,1.0,0.26666666666666666,1.0,0.0,0.0,1.0,0.99954283,0.7971699957226063,0.30072188814607853,0.8987097973120445,0.9241418199787566,0.1
996,1,0.0,1.0,0.25,0.0,0.0,0.0,1.0,2.3297612e-12,0.7925238260089729,0.26830228297810765,0.5151385549408819,0.9241418199787566,0.1
997,1,1.0,1.0,0.18333333333333332,1.0,0.0,0.0,1.0,0.99999845,0.799401453165755,0.21813702664336385,0.877167065805637,0.9241418199787566,0.1
998,1,1.0,1.0,0.3,1.0,0.0,0.0,1.0,1.0,0.8000748336800815,0.33005844787620836,0.1,0.9241418199787566,0.1
999,1,0.0,1.0,0.2833333333333333,0.0,0.0,0.0,1.0,6.209088e-14,0.804181221281571,0.31296574803661953,0.1,0.9241418199787566,0.1
1000,1,0.0,1.0,0.3,0.0,0.0,0.0,0.0,1.6182624e-09,0.8058217585866799,0.3228806116939086,0.9000540346932292,0.9241418199787566,0.1
1001,1,0.0,1.0,0.18333333333333332,0.0,0.0,0.0,1.0,0.004972752,0.8104227121291543,0.22798740739360474,0.6021374349884128,0.9241418199787566,0.1
1002,1,0.0,1.0,0.21666666666666667,0.0,0.0,0.0,1.0,6.405748e-17,0.806526172057617,0.2557203707153713,0.1,0.9241418199787566,0.1
1003,1,0.0,1.0,0.3,0.0,0.0,0.0,0.0,7.677022e-05,0.7984980465605919,0.31816947740841395,0.645228045796177,0.9241418199787566,0.1
1004,1,1.0,1.0,0.21666666666666667,1.0,0.0,0.0,1.0,0.9999989,0.8044054976168041,0.25166652317696153,0.5734132958214404,0.9241418199787566,0.1
1005,1,0.0,1.0,0.25,0.0,0.0,0.0,0.0,1.9190539e-08,0.792021802836897,0.28071095734338647,0.8020246102058955,0.9241418199787566,0.1
1006,1,0.0,1.0,0.26666666666666666,0.0,0.0,0.0,1.0,6.000699e-11,0.7912194409282373,0.2942274791233785,0.5851673698058351,0.9241418199787566,0.1
1007,1,0.0,1.0,0.15,0.0,0.0,0.0,1.0,1.2696539e-12,0.799520175525548,0.19805068290360897,0.1,0.9241418199787566,0.1
