win_idx,label,acc_v,acc_m,acc_u,acc_mv,acc_ds_eq,acc_ds_static,acc_ours,P_v,P_m,P_u,w_v,w_m,w_u
0,0,1.0,0.15,1.0,1.0,0.0,0.0,1.0,1.5364675e-10,0.8277435250882605,0.017983599099547633,0.35259989027077004,0.9933071490757153,0.9890130573694068
1,0,1.0,1.0,1.0,1.0,1.0,1.0,1.0,2.7626329e-05,0.037116573497980365,0.017999777609842133,0.47595462841433817,0.9933071490757153,0.9890130573694068
2,0,1.0,1.0,1.0,1.0,1.0,1.0,1.0,0.030698394,0.00459405360584554,0.017980979121394392,0.21595997506685738,0.9933071490757153,0.9890130573694068
3,0,1.0,1.0,1.0,1.0,1.0,1.0,1.0,1.4214578e-06,0.0041113079953616375,0.017994153186201463,0.22974129422328124,0.9933071490757153,0.9890130573694068
4,0,1.0,1.0,1.0,1.0,1.0,1.0,1.0,2.1276865e-08,0.004848558034723244,0.0180109061957665,0.3087153388529844,0.9933071490757153,0.9890130573694068
5,0,1.0,1.0,1.0,1.0,1.0,1.0,1.0,3.3615801e-09,0.0044558656764605515,0.018005712824834454,0.377482211944314,0.9933071490757153,0.9890130573694068
6,0,1.0,1.0,1.0,1.0,1.0,1.0,1.0,5.00453e-06,0.004188598350904951,0.018015482250310706,0.4861502896638473,0.9933071490757153,0.9890130573694068
7,0,1.0,1.0,1.0,1.0,1.0,1.0,1.0,3.6367112e-09,0.004124936393579688,0.018032861524962716,0.25039332890991317,0.9933071490757153,0.9890130573694068
8,0,1.0,1.0,1.0,1.0,1.0,1.0,1.0,2.8796281e-05,0.0031597416516807807,0.01796670669012481,0.5956538902825546,0.9933071490757153,0.9890130573694068
9,0,1.0,1.0,1.0,1.0,1.0,1.0,1.0,5.1437694e-09,0.004122449187816875,0.018003781775759255,0.9981546838750985,0.9933071490757153,0.9890130573694068
10,0,1.0,1.0,1.0,1.0,1.0,1.0,1.0,1.7728411e-07,0.004035944515101478,0.01798663003310763,0.4724377283352083,0.9933071490757153,0.9890130573694068
11,0,1.0,1.0,1.0,1.0,1.0,1.0,1.0,0.015114606,0.0047364017815425385,0.017943840566480348,0.1,0.9933071490757153,0.9890130573694068
12,0,1.0,1.0,1.0,1.0,1.0,1.0,1.0,0.0001539057,0.0036457602401307604,0.01796371560326277,0.37256884291784326,0.9933071490757153,0.9890130573694068
13,0,1.0,1.0,1.0,1.0,1.0,1.0,1.0,0.0002764577,0.0045588683904587935,0.017958719216350845,0.2301426103893533,0.9933071490757153,0.9890130573694068
14,0,1.0,1.0,1.0,1.0,1.0,1.0,1.0,0.0811585,0.004771736504720357,0.017937100262131262,0.2935840707988522,0.9933071490757153,0.9890130573694068
15,0,1.0,1.0,1.0,1.0,1.0,1.0,1.0,7.130225e-10,0.005190802967024896,0.017943099323066695,0.1,0.9933071490757153,0.9890130573694068
16,0,1.0,1.0,1.0,1.0,1.0,0.0,1.0,0.4079376,0.004055289164456096,0.018018339276010032,0.4241623911654031,0.9933071490757153,0.9890130573694068
17,0,1.0,1.0,1.0,1.0,1.0,1.0,1.0,2.3863172e-06,0.003642268337258536,0.018030149930407986,0.28958430808182556,0.9933071490757153,0.9890130573694068
18,0,1.0,1.0,1.0,1.0,1.0,1.0,1.0,8.512444e-15,0.003089160895434322,0.017977421674398694,0.1,0.9933071490757153,0.9890130573694068
19,0,1.0,1.0,1.0,1.0,1.0,1.0,1.0,1.2855393e-16,0.004771598741889296,0.01793471341419194,0.6068489763204095,0.9933071490757153,0.9890130573694068
20,0,1.0,1.0,1.0,1.0,1.0,1.0,1.0,2.2745632e-09,0.004679806691324118,0.018026880503779152,0.4479922340954125,0.9933071490757153,0.9890130573694068
21,0,0.0,1.0,1.0,1.0,0.0,0.0,1.0,0.9998914,0.004851842041145315,0.018000857479563252,0.1,0.9933071490757153,0.9890130573694068
22,0,1.0,1.0,1.0,1.0,1.0,1.0,1.0,0.0019498431,0.0033851516194780868,0.018004540781351618,0.22032606168495303,0.9933071490757153,0.9890130573694068
23,0,1.0,1.0,1.0,1.0,1.0,1.0,1.0,9.522486e-12,0.004527545778500521,0.018011160834375484,0.9785802016682523,0.9933071490757153,0.9890130573694068
24,0,1.0,1.0,1.0,1.0,1.0,1.0,1.0,1.9203452e-07,0.00520838609970378,0.01797045040202643,0.47513446691024325,0.9933071490757153,0.9890130573694068
25,0,1.0,1.0,1.0,1.0,1.0,1.0,1.0,0.054210585,0.005016746664777868,0.01800694394025431,0.37188546592394317,0.9933071490757153,0.9890130573694068
26,0,1.0,1.0,1.0,1.0,1.0,1.0,1.0,3.989077e-08,0.004607328373547699,0.01801368071388895,0.6989249252535957,0.9933071490757153,0.9890130573694068
27,0,0.0,1.0,1.0,1.0,0.0,0.0,1.0,0.9950177,0.0051385799541741085,0.017970306518241982,0.1,0.9933071490757153,0.9890130573694068
28,0,1.0,1.0,1.0,1.0,1.0,1.0,1.0,3.989077e-08,0.0047087837562488815,0.017966158959989476,0.6989249252535957,0.9933071490757153,0.9890130573694068
29,0,1.0,1.0,1.0,1.0,1.0,1.0,1.0,2.0474683e-05,0.004140407365900698,0.018009917154296996,0.13704988764288545,0.9933071490757153,0.9890130573694068
30,0,1.0,1.0,1.0,1.0,1.0,1.0,1.0,4.376888e-14,0.005809551284911307,0.01799848196471161,0.9992870739286452,0.9933071490757153,0.9890130573694068
31,0,1.0,1.0,1.0,1.0,1.0,1.0,1.0,2.983479e-15,0.0038505180581909423,0.01800534100244194,0.1,0.9933071490757153,0.9890130573694068
32,0,1.0,1.0,1.0,1.0,1.0,1.0,1.0,0.2740851,0.005192907186117517,0.018017869961445436,0.1,0.9933071490757153,0.9890130573694068
33,0,1.0,1.0,1.0,1.0,1.0,1.0,1.0,0.069815874,0.003926259963185061,0.018002153392372752,0.1,0.9933071490757153,0.9890130573694068
34,0,1.0,1.0,1.0,1.0,1.0,1.0,1.0,2.3807635e-13,0.0033077791546566623,0.018022834463977917,0.1,0.9933071490757153,0.9890130573694068
35,0,1.0,1.0,1.0,1.0,0.0,1.0,1.0,1.0659568e-16,0.23778531787057325,0.23868876055271535,0.16544472995099016,0.9933071490757153,0.9890130573694068
36,1,0.0,1.0,1.0,1.0,0.0,0.0,1.0,6.450378e-06,0.99999999999997,0.9640802022031237,0.11581423073565997,0.9933071490757153,0.9890130573694068
37,1,1.0,1.0,1.0,1.0,1.0,1.0,1.0,0.9999995,0.99999999999997,0.9640429831853325,0.824679684959482,0.9933071490757153,0.9890130573694068
38,1,0.0,1.0,1.0,1.0,0.0,0.0,1.0,7.6281964e-10,0.99999999999997,0.96401179237062,0.1,0.9933071490757153,0.9890130573694068
39,1,0.0,1.0,1.0,1.0,0.0,0.0,1.0,1.0134024e-11,0.99999999999997,0.9640783140655759,0.1,0.9933071490757153,0.9890130573694068
40,1,1.0,1.0,1.0,1.0,1.0,1.0,1.0,0.99999976,0.99999999999997,0.9641349741139043,0.9511460035914114,0.9933071490757153,0.9890130573694068
41,1,0.0,1.0,1.0,1.0,0.0,0.0,1.0,0.40990007,0.99999999999997,0.9641585863982269,0.1,0.9933071490757153,0.9890130573694068
42,1,0.0,1.0,1.0,1.0,0.0,0.0,1.0,3.1835095e-06,0.99999999999997,0.9641360950809239,0.25596994349984514,0.9933071490757153,0.9890130573694068
43,1,1.0,1.0,1.0,1.0,1.0,1.0,1.0,0.98504794,0.99999999999997,0.9640913736824875,0.5140550021468716,0.9933071490757153,0.9890130573694068
44,1,1.0,1.0,1.0,1.0,1.0,1.0,1.0,0.9966898,0.99999999999997,0.9640658963451442,0.947715841564867,0.9933071490757153,0.9890130573694068
45,1,0.0,1.0,1.0,1.0,0.0,0.0,1.0,0.0005764491,0.99999999999997,0.9639298209624165,0.2289257411616395,0.9933071490757153,0.9890130573694068
46,1,1.0,1.0,1.0,1.0,1.0,1.0,1.0,0.9982608,0.99999999999997,0.9640171788024848,0.5154595898795715,0.9933071490757153,0.9890130573694068
47,1,1.0,1.0,1.0,1.0,1.0,1.0,1.0,1.0,0.99999999999997,0.9641141240469959,0.9593392062958773,0.9933071490757153,0.9890130573694068
48,1,0.0,1.0,1.0,1.0,0.0,0.0,1.0,0.00031242066,0.99999999999997,0.9639297045319845,0.5893182902047582,0.9933071490757153,0.9890130573694068
49,1,1.0,1.0,1.0,1.0,1.0,1.0,1.0,0.7841659,0.99999999999997,0.9640261050103994,0.8782611683730209,0.9933071490757153,0.9890130573694068
50,1,1.0,1.0,1.0,1.0,1.0,1.0,1.0,1.0,0.99999999999997,0.9641225694850762,0.1996974688187246,0.9933071490757153,0.9890130573694068
51,1,0.0,1.0,1.0,1.0,0.0,0.0,1.0,1.3476797e-10,0.99999999999997,0.963973433437895,0.1,0.9933071490757153,0.9890130573694068
52,1,0.0,1.0,1.0,1.0,0.0,0.0,1.0,1.1040143e-05,0.99999999999997,0.9640789205947828,0.3063750228115227,0.9933071490757153,0.9890130573694068
53,1,1.0,1.0,1.0,1.0,1.0,1.0,1.0,1.0,0.99999999999997,0.9641334326690056,0.9861054671389787,0.9933071490757153,0.9890130573694068
54,1,1.0,1.0,1.0,1.0,1.0,1.0,1.0,0.93539226,0.99999999999997,0.964096260328566,0.1367892364034036,0.9933071490757153,0.9890130573694068
55,1,1.0,1.0,1.0,1.0,1.0,1.0,1.0,1.0,0.99999999999997,0.9640737436542801,0.9566648700156428,0.9933071490757153,0.9890130573694068
56,1,0.0,1.0,1.0,1.0,0.0,0.0,1.0,1.6845177e-10,0.99999999999997,0.9641091818712066,0.2186967535910893,0.9933071490757153,0.9890130573694068
57,1,1.0,1.0,1.0,1.0,1.0,1.0,1.0,0.99999714,0.99999999999997,0.9640817307572251,0.9441213021370684,0.9933071490757153,0.9890130573694068
58,1,0.0,1.0,1.0,1.0,0.0,0.0,1.0,3.0646575e-07,0.99999999999997,0.9640006561181449,0.1466639483348879,0.9933071490757153,0.9890130573694068
59,1,1.0,1.0,1.0,1.0,1.0,1.0,1.0,0.9207326,0.99999999999997,0.9641536902137587,0.8478970973146301,0.9933071490757153,0.9890130573694068
60,1,1.0,1.0,1.0,1.0,1.0,1.0,1.0,0.9999995,0.99999999999997,0.9641119262647924,0.7707990431628677,0.9933071490757153,0.9890130573694068
61,1,0.0,1.0,1.0,1.0,0.0,0.0,1.0,4.9003773e-10,0.99999999999997,0.9641360124303194,0.5010434084731922,0.9933071490757153,0.9890130573694068
62,1,1.0,1.0,1.0,1.0,1.0,1.0,1.0,1.0,0.99999999999997,0.9640668304867266,0.1,0.9933071490757153,0.9890130573694068
63,1,1.0,1.0,1.0,1.0,1.0,1.0,1.0,0.9694156,0.99999999999997,0.9640193978649416,0.9584223625229787,0.9933071490757153,0.9890130573694068
64,1,1.0,1.0,1.0,1.0,1.0,1.0,1.0,0.99965835,0.99999999999997,0.9640948753970825,0.1382774172498656,0.9933071490757153,0.9890130573694068
65,1,1.0,1.0,1.0,1.0,1.0,1.0,1.0,1.0,0.99999999999997,0.9640767342533081,0.8829772576860745,0.9933071490757153,0.9890130573694068
66,1,1.0,1.0,1.0,1.0,1.0,1.0,1.0,1.0,0.99999999999997,0.9640741712276811,0.12700764990869462,0.9933071490757153,0.9890130573694068
67,1,1.0,1.0,1.0,1.0,1.0,1.0,1.0,0.9848054,0.99999999999997,0.9641568086273641,0.1599858540017747,0.9933071490757153,0.9890130573694068
68,1,0.0,1.0,1.0,1.0,0.0,0.0,1.0,0.0018667483,0.99999999999997,0.9640396106827541,0.2061849806697021,0.9933071490757153,0.9890130573694068
69,1,1.0,1.0,1.0,1.0,1.0,1.0,1.0,0.99955493,0.99999999999997,0.9640833853498939,0.9946036500002166,0.9933071490757153,0.9890130573694068
70,1,0.0,1.0,1.0,1.0,0.0,0.0,1.0,2.2774207e-08,0.99999999999997,0.9641151317333186,0.1218864703460154,0.9933071490757153,0.9890130573694068
71,1,1.0,1.0,1.0,1.0,1.0,1.0,1.0,0.9996848,0.99999999999997,0.9641329757626581,0.9221863948677481,0.9933071490757153,0.9890130573694068
72,1,1.0,1.0,1.0,1.0,1.0,1.0,1.0,0.9999944,0.99999999999997,0.9641299134398867,0.9027002273498643,0.9933071490757153,0.9890130573694068
73,1,1.0,1.0,1.0,1.0,1.0,1.0,1.0,1.0,0.99999999999997,0.9640336504824337,0.9915594034391998,0.9933071490757153,0.9890130573694068
74,1,1.0,1.0,1.0,1.0,1.0,1.0,1.0,0.8292586,0.99999999999997,0.9639908960859871,0.11251756974592578,0.9933071490757153,0.9890130573694068
75,1,1.0,1.0,1.0,1.0,1.0,1.0,1.0,0.9999995,0.99999999999997,0.9640606891368291,0.9732615235408779,0.9933071490757153,0.9890130573694068
76,1,1.0,1.0,1.0,1.0,1.0,1.0,1.0,0.99041814,0.99999999999997,0.9641010215452618,0.1399793315033275,0.9933071490757153,0.9890130573694068
77,1,1.0,1.0,1.0,1.0,1.0,1.0,1.0,0.9999926,0.99999999999997,0.9640442452280203,0.18015301310503784,0.9933071490757153,0.9890130573694068
78,1,0.0,1.0,1.0,1.0,0.0,0.0,1.0,0.17317194,0.99999999999997,0.9640655064470895,0.21130729828635833,0.9933071490757153,0.9890130573694068
79,1,1.0,1.0,1.0,1.0,1.0,1.0,1.0,0.9809476,0.99999999999997,0.9640464243280314,0.6426830917331718,0.9933071490757153,0.9890130573694068
80,1,1.0,1.0,1.0,1.0,1.0,1.0,1.0,0.99838555,0.99999999999997,0.9640481028938779,0.5424953539626409,0.9933071490757153,0.9890130573694068
81,1,1.0,1.0,1.0,1.0,1.0,1.0,1.0,0.99879754,0.99999999999997,0.9641649674018092,0.11849733243727513,0.9933071490757153,0.9890130573694068
82,1,0.0,1.0,1.0,1.0,0.0,0.0,1.0,0.00019395,0.99999999999997,0.9641355724169228,0.3054445882911823,0.9933071490757153,0.9890130573694068
83,1,1.0,1.0,1.0,1.0,1.0,1.0,1.0,0.9999982,0.99999999999997,0.9641486702666611,0.9669024251819511,0.9933071490757153,0.9890130573694068
84,1,1.0,1.0,1.0,1.0,1.0,1.0,1.0,0.9999763,0.99999999999997,0.9640527039791859,0.6334161060923453,0.9933071490757153,0.9890130573694068
85,1,0.0,1.0,1.0,1.0,0.0,0.0,1.0,3.5523565e-10,0.99999999999997,0.9641225079787222,0.12147101017200972,0.9933071490757153,0.9890130573694068
86,1,0.0,1.0,1.0,1.0,0.0,0.0,1.0,1.2026122e-11,0.99999999999997,0.9640863181899277,0.1,0.9933071490757153,0.9890130573694068
87,1,0.0,1.0,1.0,1.0,0.0,0.0,1.0,0.20564881,0.99999999999997,0.96415610193814,0.13753724168667542,0.9933071490757153,0.9890130573694068
88,1,1.0,1.0,1.0,1.0,1.0,1.0,1.0,0.9999943,0.99999999999997,0.9641216666951207,0.5994657489803829,0.9933071490757153,0.9890130573694068
89,1,1.0,1.0,1.0,1.0,1.0,1.0,1.0,1.0,0.99999999999997,0.9640788244413192,0.9711544428557338,0.9933071490757153,0.9890130573694068
90,1,1.0,1.0,1.0,1.0,1.0,1.0,1.0,0.99632555,0.99999999999997,0.9640486642642461,0.9928126076739198,0.9933071490757153,0.9890130573694068
91,1,1.0,1.0,1.0,1.0,1.0,1.0,1.0,0.99999857,0.99999999999997,0.9640324109006017,0.8160490537467394,0.9933071490757153,0.9890130573694068
92,1,1.0,1.0,1.0,1.0,1.0,1.0,1.0,0.9999368,0.99999999999997,0.964086255860351,0.11209589430834434,0.9933071490757153,0.9890130573694068
93,1,1.0,1.0,1.0,1.0,1.0,1.0,1.0,0.99999976,0.99999999999997,0.9640456510198625,0.5973448305694298,0.9933071490757153,0.9890130573694068
94,1,0.0,1.0,1.0,1.0,0.0,0.0,1.0,5.904451e-09,0.99999999999997,0.9640626218696824,0.1857533908480533,0.9933071490757153,0.9890130573694068
95,1,1.0,1.0,1.0,1.0,1.0,1.0,1.0,0.99999976,0.99999999999997,0.964057784141349,0.5307919415183049,0.9933071490757153,0.9890130573694068
96,1,0.0,1.0,1.0,1.0,0.0,0.0,1.0,2.2669414e-12,0.99999999999997,0.9640126111203863,0.1,0.9933071490757153,0.9890130573694068
97,1,1.0,1.0,1.0,1.0,1.0,1.0,1.0,0.9972639,0.99999999999997,0.9640695929216232,0.9983006060391547,0.9933071490757153,0.9890130573694068
98,1,1.0,1.0,1.0,1.0,1.0,1.0,1.0,0.9999778,0.99999999999997,0.9640737781407236,0.9989352060301914,0.9933071490757153,0.9890130573694068
99,1,1.0,1.0,1.0,1.0,1.0,1.0,1.0,0.9749307,0.99999999999997,0.9641772515908519,0.1,0.9933071490757153,0.9890130573694068
100,1,1.0,1.0,1.0,1.0,1.0,1.0,1.0,0.9999994,0.99999999999997,0.9640467110090888,0.9272334318144937,0.9933071490757153,0.9890130573694068
101,1,1.0,1.0,1.0,1.0,1.0,1.0,1.0,0.99670273,0.99999999999997,0.9641354040559308,0.43756606695718275,0.9933071490757153,0.9890130573694068
102,1,0.0,1.0,1.0,1.0,0.0,0.0,1.0,7.6933117e-07,0.99999999999997,0.9641396380939529,0.20613759627917277,0.9933071490757153,0.9890130573694068
103,1,1.0,1.0,1.0,1.0,1.0,1.0,1.0,0.9999995,0.99999999999997,0.9640597774643194,0.1,0.9933071490757153,0.9890130573694068
104,1,1.0,1.0,1.0,1.0,1.0,1.0,1.0,0.9987606,0.99999999999997,0.9641197159382356,0.10047757096609186,0.9933071490757153,0.9890130573694068
105,1,1.0,1.0,1.0,1.0,1.0,1.0,1.0,1.0,0.99999999999997,0.9640536500688183,0.402842705478972,0.9933071490757153,0.9890130573694068
106,1,0.0,0.9166666666666666,1.0,1.0,0.0,0.0,1.0,3.2350145e-09,0.9999999999764284,0.8938213658153714,0.1,0.9933071490757153,0.9890130573694068
107,1,0.0,1.0,1.0,1.0,0.0,0.0,1.0,0.060270805,0.99999999999997,0.9945332240013899,0.16144456561231027,0.9933071490757153,0.9890130573694068
108,1,0.0,1.0,1.0,1.0,0.0,0.0,1.0,8.359514e-10,0.99999999999997,0.9945154826311059,0.1,0.9933071490757153,0.9890130573694068
109,1,0.0,1.0,1.0,1.0,0.0,0.0,1.0,8.130437e-09,0.99999999999997,0.994520636585736,0.11704821847543517,0.9933071490757153,0.9890130573694068
110,1,1.0,1.0,1.0,1.0,1.0,1.0,1.0,0.9375364,0.99999999999997,0.9945426938328643,0.1,0.9933071490757153,0.9890130573694068
111,1,1.0,1.0,1.0,1.0,1.0,1.0,1.0,0.98523164,0.99999999999997,0.9945351115825477,0.6713872303188128,0.9933071490757153,0.9890130573694068
112,1,1.0,1.0,1.0,1.0,1.0,1.0,1.0,0.99998605,0.99999999999997,0.9945344920947761,0.8247476571107698,0.9933071490757153,0.9890130573694068
113,1,1.0,1.0,1.0,1.0,1.0,1.0,1.0,1.0,0.99999999999997,0.9945337452195309,0.998992432384107,0.9933071490757153,0.9890130573694068
114,1,0.0,1.0,1.0,1.0,0.0,0.0,1.0,4.5758834e-11,0.99999999999997,0.9945286718982048,0.1,0.9933071490757153,0.9890130573694068
115,1,1.0,1.0,1.0,1.0,1.0,1.0,1.0,0.99999857,0.99999999999997,0.9945329184508114,0.8160490537467394,0.9933071490757153,0.9890130573694068
116,1,0.0,1.0,1.0,1.0,0.0,0.0,1.0,6.942988e-06,0.99999999999997,0.9945221707711087,0.10415630475293464,0.9933071490757153,0.9890130573694068
117,1,1.0,1.0,1.0,1.0,1.0,1.0,1.0,1.0,0.99999999999997,0.994528718738935,0.9244257683954846,0.9933071490757153,0.9890130573694068
118,1,0.0,1.0,1.0,1.0,0.0,0.0,1.0,2.2935541e-08,0.99999999999997,0.9945251835174308,0.1584720133139115,0.9933071490757153,0.9890130573694068
119,1,1.0,1.0,1.0,1.0,1.0,1.0,1.0,0.9999999,0.99999999999997,0.9945248439771422,0.8704291386446252,0.9933071490757153,0.9890130573694068
120,1,0.0,1.0,1.0,1.0,0.0,0.0,1.0,1.4532692e-11,0.99999999999997,0.9945346418562035,0.24058377786827334,0.9933071490757153,0.9890130573694068
121,1,1.0,1.0,1.0,1.0,1.0,1.0,1.0,0.9999819,0.99999999999997,0.9945499258776563,0.6256815256851216,0.9933071490757153,0.9890130573694068
122,1,1.0,1.0,1.0,1.0,1.0,1.0,1.0,1.0,0.99999999999997,0.9945118124016814,0.6556527411518175,0.9933071490757153,0.9890130573694068
123,1,0.0,1.0,1.0,1.0,0.0,0.0,1.0,1.162545e-08,0.99999999999997,0.9945345124062545,0.10818142366425879,0.9933071490757153,0.9890130573694068
124,1,1.0,1.0,1.0,1.0,1.0,1.0,1.0,1.0,0.99999999999997,0.9945287560843454,0.9944866151569642,0.9933071490757153,0.9890130573694068
125,1,1.0,1.0,1.0,1.0,1.0,1.0,1.0,0.9937338,0.99999999999997,0.9945376989484769,0.536077839849179,0.9933071490757153,0.9890130573694068
126,1,1.0,1.0,1.0,1.0,1.0,1.0,1.0,1.0,0.99999999999997,0.9945280394127829,0.9991709807134175,0.9933071490757153,0.9890130573694068
127,1,0.0,1.0,1.0,1.0,0.0,0.0,1.0,4.1571377e-09,0.99999999999997,0.9945211827782299,0.25653591973800677,0.9933071490757153,0.9890130573694068
128,1,1.0,1.0,1.0,1.0,1.0,1.0,1.0,0.9999995,0.99999999999997,0.9945239376294283,0.829756263590576,0.9933071490757153,0.9890130573694068
129,1,0.0,0.7666666666666667,1.0,1.0,0.0,0.0,1.0,2.5109788e-09,0.9999999999998194,0.7666697020530613,0.1,0.9933071490757153,0.9890130573694068
130,0,1.0,0.2833333333333333,1.0,1.0,0.0,0.0,1.0,3.244665e-10,0.73208255303839,0.018030117137278576,0.9991822198366636,0.9933071490757153,0.9890130573694068
131,0,1.0,0.9833333333333333,1.0,1.0,1.0,1.0,1.0,6.3346654e-11,0.060860390080440425,0.01798526650829464,0.7129975136754317,0.9933071490757153,0.9890130573694068
132,0,1.0,1.0,1.0,1.0,1.0,1.0,1.0,0.0009267668,0.007320993768384926,0.017914216228186734,0.1,0.9933071490757153,0.9890130573694068
133,0,0.0,1.0,1.0,1.0,0.0,0.0,1.0,1.0,0.006222851189422203,0.018041127887557216,0.1,0.9933071490757153,0.9890130573694068
134,0,1.0,1.0,1.0,1.0,1.0,1.0,1.0,2.727859e-06,0.0036040080519644,0.0180264878405827,0.43489667684651556,0.9933071490757153,0.9890130573694068
135,0,1.0,1.0,1.0,1.0,1.0,1.0,1.0,5.799319e-05,0.003900090447017687,0.017955090627960857,0.18841437992212512,0.9933071490757153,0.9890130573694068
136,0,1.0,1.0,1.0,1.0,1.0,1.0,1.0,4.7790516e-10,0.0037021136755583796,0.0180131961835136,0.832455047717872,0.9933071490757153,0.9890130573694068
137,0,1.0,1.0,1.0,1.0,1.0,1.0,1.0,4.757143e-10,0.003785332360342608,0.017997008666133373,0.540151157381435,0.9933071490757153,0.9890130573694068
138,0,1.0,1.0,1.0,1.0,1.0,1.0,1.0,1.2755618e-06,0.003359692037730042,0.01799757051959713,0.3499760559568993,0.9933071490757153,0.9890130573694068
139,0,1.0,1.0,1.0,1.0,1.0,1.0,1.0,1.0114667e-09,0.004911315087114668,0.0180344564754145,0.7765536816392242,0.9933071490757153,0.9890130573694068
140,0,1.0,1.0,1.0,1.0,1.0,1.0,1.0,0.03978748,0.0038893210524202967,0.0179854053115519,0.14009252639916325,0.9933071490757153,0.9890130573694068
141,0,1.0,1.0,1.0,1.0,1.0,1.0,1.0,0.004444276,0.0037699346720613336,0.017978230341709887,0.2838747885588889,0.9933071490757153,0.9890130573694068
142,0,1.0,1.0,1.0,1.0,1.0,1.0,1.0,7.8897605e-10,0.00418368159209385,0.01797071412920182,0.16114433698656416,0.9933071490757153,0.9890130573694068
143,0,1.0,1.0,1.0,1.0,1.0,1.0,1.0,8.769297e-12,0.005370650040993098,0.018055442778110997,0.3756472323261815,0.9933071490757153,0.9890130573694068
144,0,1.0,1.0,1.0,1.0,1.0,1.0,1.0,0.2746245,0.004201098556870413,0.017998353354181453,0.3758281407280596,0.9933071490757153,0.9890130573694068
145,0,1.0,1.0,1.0,1.0,1.0,1.0,1.0,1.7499207e-07,0.0038088080295597747,0.017992186733076718,0.1,0.9933071490757153,0.9890130573694068
146,0,1.0,1.0,1.0,1.0,1.0,1.0,1.0,6.8518646e-05,0.004493716776623394,0.018001559850657125,0.29161573031197785,0.9933071490757153,0.9890130573694068
147,0,0.0,1.0,1.0,1.0,0.0,0.0,1.0,0.990471,0.004681095831760942,0.01800084158054697,0.10611143490975018,0.9933071490757153,0.9890130573694068
148,0,0.0,1.0,1.0,1.0,0.0,0.0,1.0,0.61877567,0.0064383785918102066,0.018021783050207033,0.49161079565834875,0.9933071490757153,0.9890130573694068
149,0,1.0,1.0,1.0,1.0,1.0,1.0,1.0,1.8260494e-07,0.0057555439159498135,0.018000080498041488,0.42992206838968794,0.9933071490757153,0.9890130573694068
150,0,1.0,1.0,1.0,1.0,1.0,1.0,1.0,2.0796433e-06,0.004994236623257073,0.01798299606262505,0.42206582509023033,0.9933071490757153,0.9890130573694068
151,0,1.0,1.0,1.0,1.0,1.0,1.0,1.0,2.3237112e-09,0.00425751350662788,0.018007960398948506,0.1,0.9933071490757153,0.9890130573694068
152,0,1.0,1.0,1.0,1.0,1.0,1.0,1.0,0.1133186,0.004447342525222675,0.01799188515890226,0.718522301705213,0.9933071490757153,0.9890130573694068
153,0,1.0,1.0,1.0,1.0,1.0,1.0,1.0,1.0177295e-08,0.004529949005534935,0.017978069137164907,0.9808502588744307,0.9933071490757153,0.9890130573694068
154,0,1.0,1.0,1.0,1.0,1.0,1.0,1.0,7.321807e-13,0.0051023855112059865,0.01796991507206427,0.3008210422325036,0.9933071490757153,0.9890130573694068
155,0,0.0,1.0,1.0,1.0,0.0,0.0,1.0,0.9999759,0.004651231404590268,0.017950263141135393,0.1,0.9933071490757153,0.9890130573694068
156,0,0.0,1.0,1.0,1.0,0.0,0.0,1.0,0.9211279,0.003735912100679376,0.017996991052632798,0.7551811236995603,0.9933071490757153,0.9890130573694068
157,0,1.0,1.0,1.0,1.0,1.0,1.0,1.0,0.056499273,0.004324502450594474,0.017962541284596442,0.5070126492659421,0.9933071490757153,0.9890130573694068
158,0,1.0,1.0,1.0,1.0,1.0,1.0,1.0,0.007213677,0.004248758072011928,0.017982295520859275,0.5230320127877813,0.9933071490757153,0.9890130573694068
159,0,1.0,1.0,1.0,1.0,1.0,1.0,1.0,3.3785643e-08,0.0035814534188225913,0.017993145109288417,0.1,0.9933071490757153,0.9890130573694068
160,0,1.0,1.0,1.0,1.0,1.0,1.0,1.0,6.1946395e-08,0.003881547307955557,0.017996810342999974,0.7307614867445554,0.9933071490757153,0.9890130573694068
161,0,1.0,1.0,1.0,1.0,1.0,1.0,1.0,0.00019369056,0.006436248983705975,0.01799269838817142,0.280026669674593,0.9933071490757153,0.9890130573694068
162,0,1.0,1.0,1.0,1.0,1.0,1.0,1.0,0.054210585,0.004423813631130201,0.018015287798496437,0.37188546592394317,0.9933071490757153,0.9890130573694068
163,0,0.0,1.0,1.0,1.0,0.0,0.0,1.0,0.9993279,0.003579385109829659,0.018017245949092455,0.1,0.9933071490757153,0.9890130573694068
164,0,1.0,1.0,1.0,1.0,1.0,1.0,1.0,3.5231764e-08,0.0032047477029002406,0.017961113547861996,0.25013744759006856,0.9933071490757153,0.9890130573694068
165,0,1.0,1.0,1.0,1.0,1.0,1.0,1.0,0.13399976,0.0046013673613062335,0.017935420544611513,0.9576843959652988,0.9933071490757153,0.9890130573694068
166,0,1.0,1.0,1.0,1.0,1.0,1.0,1.0,2.4161041e-05,0.004825396597401294,0.017996016718413985,0.9850298229389229,0.9933071490757153,0.9890130573694068
167,0,1.0,1.0,1.0,1.0,1.0,1.0,1.0,1.3957352e-12,0.0031090353757527583,0.018000828385151775,0.1,0.9933071490757153,0.9890130573694068
168,0,1.0,1.0,1.0,1.0,1.0,1.0,1.0,7.9905384e-08,0.00408510949783579,0.017970928930166292,0.3632997010953819,0.9933071490757153,0.9890130573694068
169,0,1.0,1.0,1.0,1.0,1.0,1.0,1.0,1.2571877e-05,0.005039830152987866,0.017978051239989808,0.6915978302194729,0.9933071490757153,0.9890130573694068
170,0,0.0,1.0,1.0,1.0,0.0,0.0,1.0,0.7570841,0.004078668808992167,0.017993955913131725,0.9867040982235606,0.9933071490757153,0.9890130573694068
171,0,1.0,1.0,1.0,1.0,1.0,1.0,1.0,0.029116154,0.004364233237229635,0.017971746150909674,0.1,0.9933071490757153,0.9890130573694068
172,0,1.0,1.0,1.0,1.0,1.0,1.0,1.0,6.8518646e-05,0.004579338978290591,0.0179767978827603,0.29161573031197785,0.9933071490757153,0.9890130573694068
173,0,1.0,1.0,1.0,1.0,1.0,1.0,1.0,2.7052883e-08,0.003715603387430021,0.01797850689047672,0.1,0.9933071490757153,0.9890130573694068
174,0,1.0,1.0,1.0,1.0,1.0,1.0,1.0,9.516768e-05,0.005026371741176027,0.01802300147707043,0.867999799943739,0.9933071490757153,0.9890130573694068
175,0,1.0,1.0,1.0,1.0,1.0,1.0,1.0,1.4001857e-08,0.0041166119787491105,0.01798981015254505,0.7458833495336754,0.9933071490757153,0.9890130573694068
176,1,0.0,1.0,1.0,1.0,0.0,0.0,1.0,2.012806e-11,0.9018811506372191,0.8943622463443983,0.10859078113444287,0.9933071490757153,0.9890130573694068
177,1,0.0,1.0,1.0,1.0,0.0,0.0,1.0,1.6845177e-10,0.9999999999999697,0.9917864078990258,0.2186967535910893,0.9933071490757153,0.9890130573694068
178,1,0.0,1.0,1.0,1.0,0.0,0.0,1.0,3.0756355e-09,0.99999999999997,0.9917563151297609,0.5933478944857196,0.9933071490757153,0.9890130573694068
179,1,1.0,1.0,1.0,1.0,1.0,1.0,1.0,0.9999622,0.99999999999997,0.9917697300884586,0.9001488491330248,0.9933071490757153,0.9890130573694068
180,1,0.0,1.0,1.0,1.0,0.0,0.0,1.0,3.0646575e-07,0.99999999999997,0.991765958890239,0.1466639483348879,0.9933071490757153,0.9890130573694068
181,1,1.0,1.0,1.0,1.0,1.0,1.0,1.0,0.98516244,0.99999999999997,0.991763993388325,0.6354142415420648,0.9933071490757153,0.9890130573694068
182,1,0.0,1.0,1.0,1.0,0.0,0.0,1.0,0.06269989,0.99999999999997,0.9917598038516423,0.1,0.9933071490757153,0.9890130573694068
183,1,1.0,1.0,1.0,1.0,1.0,1.0,1.0,1.0,0.99999999999997,0.991759134087684,0.9147058484957324,0.9933071490757153,0.9890130573694068
184,1,1.0,1.0,1.0,1.0,1.0,1.0,1.0,0.9999889,0.99999999999997,0.9917720466578107,0.958849528565614,0.9933071490757153,0.9890130573694068
185,1,1.0,1.0,1.0,1.0,1.0,1.0,1.0,0.9999052,0.99999999999997,0.9917698611421333,0.995695269898148,0.9933071490757153,0.9890130573694068
186,1,0.0,1.0,1.0,1.0,0.0,0.0,1.0,1.1986735e-07,0.99999999999997,0.9917735184576524,0.22436879060605766,0.9933071490757153,0.9890130573694068
187,1,1.0,1.0,1.0,1.0,1.0,1.0,1.0,0.9999993,0.99999999999997,0.9917457479477839,0.9213614743570041,0.9933071490757153,0.9890130573694068
188,1,1.0,1.0,1.0,1.0,1.0,1.0,1.0,0.9999763,0.99999999999997,0.9917589029696414,0.6334161060923453,0.9933071490757153,0.9890130573694068
189,1,0.0,1.0,1.0,1.0,0.0,0.0,1.0,2.5109788e-09,0.99999999999997,0.9917799814336338,0.1,0.9933071490757153,0.9890130573694068
190,1,1.0,1.0,1.0,1.0,1.0,1.0,1.0,1.0,0.99999999999997,0.9917813822251592,0.8829772576860745,0.9933071490757153,0.9890130573694068
191,1,1.0,1.0,1.0,1.0,1.0,1.0,1.0,1.0,0.99999999999997,0.991771347374487,0.9864913720705107,0.9933071490757153,0.9890130573694068
192,1,1.0,1.0,1.0,1.0,1.0,1.0,1.0,0.9998677,0.99999999999997,0.9917671491798594,0.9932536525852563,0.9933071490757153,0.9890130573694068
193,1,0.0,1.0,1.0,1.0,0.0,0.0,1.0,0.106417574,0.999999999999968,0.9917713424119388,0.9175553734998857,0.9933071490757153,0.9890130573694068
194,1,1.0,1.0,1.0,1.0,1.0,1.0,1.0,0.9999999,0.999999999999968,0.9917532697569097,0.8036491939825056,0.9933071490757153,0.9890130573694068
195,1,1.0,1.0,1.0,1.0,1.0,1.0,1.0,0.999252,0.9999999999999373,0.9917558401926765,0.16111822498829803,0.9933071490757153,0.9890130573694068
196,1,1.0,1.0,1.0,1.0,1.0,1.0,1.0,1.0,0.9999999999999613,0.9917495351837344,0.1,0.9933071490757153,0.9890130573694068
197,1,0.0,1.0,1.0,1.0,0.0,0.0,1.0,3.8667198e-13,0.9999999999994575,0.9917646919831278,0.6522454919679315,0.9933071490757153,0.9890130573694068
198,1,1.0,1.0,1.0,1.0,1.0,1.0,1.0,1.0,0.9999999999983452,0.9917660767231353,0.7704162150194738,0.9933071490757153,0.9890130573694068
199,1,1.0,1.0,1.0,1.0,1.0,1.0,1.0,0.9999825,0.9999999999983474,0.99175723246336,0.8937468106895853,0.9933071490757153,0.9890130573694068
200,1,1.0,1.0,1.0,1.0,1.0,1.0,1.0,1.0,0.9999999999990629,0.9917505026592297,0.8787707139230597,0.9933071490757153,0.9890130573694068
201,1,0.0,1.0,1.0,1.0,0.0,0.0,1.0,0.009487031,0.9999999999990369,0.9917839493807523,0.8765002062495761,0.9933071490757153,0.9890130573694068
202,1,1.0,1.0,1.0,1.0,1.0,1.0,1.0,0.99999964,0.9999999999966264,0.991793760680993,0.9351853941277597,0.9933071490757153,0.9890130573694068
203,1,1.0,1.0,1.0,1.0,1.0,1.0,1.0,1.0,0.9999999999926179,0.9917733951220051,0.48024425556033945,0.9933071490757153,0.9890130573694068
204,1,0.0,1.0,1.0,1.0,0.0,0.0,1.0,0.013268105,0.9999999999896843,0.99174818517696,0.21316263832202598,0.9933071490757153,0.9890130573694068
205,1,0.0,1.0,1.0,1.0,0.0,0.0,1.0,9.8813216e-05,0.9999999999772748,0.9917599173904795,0.3707255652675135,0.9933071490757153,0.9890130573694068
206,1,0.0,1.0,1.0,1.0,0.0,0.0,1.0,2.090534e-06,0.9999999999733932,0.9917619779047597,0.1207713592846709,0.9933071490757153,0.9890130573694068
207,1,1.0,1.0,1.0,1.0,1.0,1.0,1.0,0.71441895,0.9999999999945837,0.9917635427946518,0.1,0.9933071490757153,0.9890130573694068
208,1,0.0,1.0,1.0,1.0,0.0,0.0,1.0,0.026946016,0.999999999991849,0.9917639049190198,0.15857330328742758,0.9933071490757153,0.9890130573694068
209,1,1.0,1.0,1.0,1.0,1.0,1.0,1.0,1.0,0.9999999999941365,0.9918010247819992,0.9222564444734225,0.9933071490757153,0.9890130573694068
210,1,1.0,1.0,1.0,1.0,1.0,1.0,1.0,0.9998565,0.9999999999948611,0.9917748079918406,0.793681205625227,0.9933071490757153,0.9890130573694068
211,1,0.0,0.9833333333333333,1.0,1.0,0.0,0.0,1.0,1.0557701e-10,0.9663993284667944,0.9430960105466359,0.29688886217939026,0.9933071490757153,0.9890130573694068
212,0,1.0,1.0,1.0,1.0,1.0,1.0,1.0,8.314073e-09,0.01102727167591366,0.01798061982600375,0.4543730467817016,0.9933071490757153,0.9890130573694068
213,0,1.0,1.0,1.0,1.0,1.0,1.0,1.0,0.0010288841,0.004956740654476068,0.01798880481456887,0.42149327923597457,0.9933071490757153,0.9890130573694068
214,0,1.0,1.0,1.0,1.0,1.0,1.0,1.0,4.1217194e-09,0.004644567566554788,0.017956313692199067,0.9969430793202685,0.9933071490757153,0.9890130573694068
215,0,1.0,1.0,1.0,1.0,1.0,1.0,1.0,1.538114e-08,0.003598327115381779,0.017997522899836617,0.3019218874565082,0.9933071490757153,0.9890130573694068
216,0,1.0,1.0,1.0,1.0,1.0,1.0,1.0,7.457669e-06,0.004177535090970268,0.01800045307786246,0.5899244020327553,0.9933071490757153,0.9890130573694068
217,0,1.0,1.0,1.0,1.0,1.0,1.0,1.0,1.3155355e-06,0.005859444507426484,0.0179683195467795,0.6284216769217382,0.9933071490757153,0.9890130573694068
218,0,1.0,1.0,1.0,1.0,1.0,1.0,1.0,1.8354737e-17,0.0031654680505856735,0.018011089065165218,0.1847237950822009,0.9933071490757153,0.9890130573694068
219,0,1.0,1.0,1.0,1.0,1.0,1.0,1.0,0.2746245,0.003634073418240662,0.017967705127920293,0.3758281407280596,0.9933071490757153,0.9890130573694068
220,0,1.0,1.0,1.0,1.0,1.0,1.0,1.0,3.393347e-08,0.004332366809945541,0.017990294564196638,0.5578182895302336,0.9933071490757153,0.9890130573694068
221,0,1.0,1.0,1.0,1.0,1.0,1.0,1.0,1.3996516e-08,0.005106189085916725,0.018016409421397452,0.23982410790067268,0.9933071490757153,0.9890130573694068
222,0,1.0,1.0,1.0,1.0,1.0,1.0,1.0,9.467403e-18,0.004088621186393376,0.017976621011179077,0.1,0.9933071490757153,0.9890130573694068
223,0,1.0,1.0,1.0,1.0,1.0,1.0,1.0,0.001690038,0.0036573830642875464,0.018038769099216444,0.24392729149124445,0.9933071490757153,0.9890130573694068
224,0,1.0,1.0,1.0,1.0,1.0,1.0,1.0,3.6367112e-09,0.005646786265251894,0.017971088214092892,0.25039332890991317,0.9933071490757153,0.9890130573694068
225,0,1.0,1.0,1.0,1.0,1.0,1.0,1.0,1.072794e-08,0.003725704638894042,0.017951254881102455,0.1,0.9933071490757153,0.9890130573694068
226,0,1.0,1.0,1.0,1.0,1.0,1.0,1.0,5.2418734e-08,0.003985541284711691,0.01798717987432502,0.2914918473949614,0.9933071490757153,0.9890130573694068
227,0,1.0,1.0,1.0,1.0,1.0,1.0,1.0,9.1402406e-11,0.0035133407011677486,0.01797688970213445,0.45098418334271795,0.9933071490757153,0.9890130573694068
228,0,1.0,1.0,1.0,1.0,1.0,1.0,1.0,0.023991993,0.002541577187015815,0.01798194509363734,0.17822194890323487,0.9933071490757153,0.9890130573694068
229,0,1.0,1.0,1.0,1.0,1.0,1.0,1.0,7.480347e-08,0.0033419602537457654,0.017973084786605763,0.8025656875736631,0.9933071490757153,0.9890130573694068
230,0,1.0,1.0,1.0,1.0,1.0,1.0,1.0,2.9838267e-11,0.004056510986969142,0.018026762802572906,0.2037354767656257,0.9933071490757153,0.9890130573694068
231,0,1.0,1.0,1.0,1.0,1.0,1.0,1.0,5.1753204e-06,0.004214696275400219,0.01799397823249371,0.7235641334274867,0.9933071490757153,0.9890130573694068
232,0,1.0,1.0,1.0,1.0,1.0,1.0,1.0,2.080302e-06,0.00484838956809484,0.01796065326908537,0.35414191943892653,0.9933071490757153,0.9890130573694068
233,0,1.0,1.0,1.0,1.0,1.0,1.0,1.0,1.03526816e-07,0.0035267518814571866,0.017990377994049754,0.7542100570496345,0.9933071490757153,0.9890130573694068
234,1,0.0,1.0,1.0,0.0,0.0,0.0,0.0,1.6845177e-10,0.5071653749089654,0.49807686062202505,0.2186967535910893,0.9933071490757153,0.9890130573694068
235,1,0.0,1.0,1.0,1.0,0.0,0.0,1.0,4.508491e-05,0.9999999961668713,0.978076228894199,0.1,0.9933071490757153,0.9890130573694068
236,1,1.0,1.0,1.0,1.0,1.0,1.0,1.0,0.99999976,0.9999999853032563,0.9780784804183003,0.9693996863039911,0.9933071490757153,0.9890130573694068
237,1,0.0,1.0,1.0,1.0,0.0,0.0,1.0,1.4988962e-13,0.9999999930263049,0.9781308578119142,0.1,0.9933071490757153,0.9890130573694068
238,1,1.0,1.0,1.0,1.0,1.0,1.0,1.0,1.0,0.999999999813488,0.9780948932028604,0.9236015353013496,0.9933071490757153,0.9890130573694068
239,1,1.0,1.0,1.0,1.0,1.0,1.0,1.0,0.99998283,0.9999999999272087,0.9781144501848065,0.8632824188832517,0.9933071490757153,0.9890130573694068
240,1,1.0,1.0,1.0,1.0,1.0,1.0,1.0,0.99999976,0.9999999999604684,0.9781858816129341,0.3114061412953087,0.9933071490757153,0.9890130573694068
241,1,0.0,1.0,1.0,1.0,0.0,0.0,1.0,8.0559534e-05,0.9999999999942812,0.9781940222102464,0.7560651565165247,0.9933071490757153,0.9890130573694068
242,1,0.0,1.0,1.0,1.0,0.0,0.0,1.0,4.0193294e-07,0.9999999999976937,0.9780937457953679,0.15939586521311994,0.9933071490757153,0.9890130573694068
243,1,1.0,1.0,1.0,1.0,1.0,1.0,1.0,0.9999995,0.9999999999922455,0.9781710008887744,0.829756263590576,0.9933071490757153,0.9890130573694068
244,1,0.0,1.0,1.0,1.0,0.0,0.0,1.0,3.39902e-09,0.9999999999998247,0.9781669476913345,0.1,0.9933071490757153,0.9890130573694068
245,1,1.0,1.0,1.0,1.0,1.0,1.0,1.0,0.9996848,0.9999999999998543,0.9781485516802773,0.9221863948677481,0.9933071490757153,0.9890130573694068
246,1,0.0,1.0,1.0,1.0,0.0,0.0,1.0,0.0010460893,0.99999999999919,0.9781411996273339,0.1,0.9933071490757153,0.9890130573694068
247,1,1.0,1.0,1.0,1.0,1.0,1.0,1.0,1.0,0.9999999999992156,0.9780963500055823,0.4067349877942495,0.9933071490757153,0.9890130573694068
248,1,0.0,1.0,1.0,1.0,0.0,0.0,1.0,0.021922935,0.9999999999864557,0.9781278200945331,0.1264995066634089,0.9933071490757153,0.9890130573694068
249,1,1.0,1.0,1.0,1.0,1.0,1.0,1.0,1.0,0.999999999979923,0.978109214887066,0.9538934933186216,0.9933071490757153,0.9890130573694068
250,1,0.0,1.0,1.0,1.0,0.0,0.0,1.0,1.6494874e-09,0.9999999999743916,0.9781497016868796,0.1,0.9933071490757153,0.9890130573694068
251,1,1.0,1.0,1.0,1.0,1.0,1.0,1.0,0.79921967,0.9999999996180463,0.9780750877567743,0.4177354840478844,0.9933071490757153,0.9890130573694068
252,1,0.0,1.0,1.0,1.0,0.0,0.0,1.0,1.7747966e-07,0.9999999998833172,0.9781314065707586,0.18021009639382246,0.9933071490757153,0.9890130573694068
253,1,1.0,1.0,1.0,1.0,1.0,1.0,1.0,1.0,0.9999999996732843,0.978119720636153,0.885999311456542,0.9933071490757153,0.9890130573694068
254,1,1.0,1.0,1.0,1.0,1.0,1.0,1.0,1.0,0.9999999999641539,0.9780904916656231,0.9911545689139756,0.9933071490757153,0.9890130573694068
255,1,1.0,1.0,1.0,1.0,1.0,1.0,1.0,0.99999917,0.9999999999609487,0.9781545171335361,0.9880672106267019,0.9933071490757153,0.9890130573694068
256,1,1.0,1.0,1.0,1.0,1.0,1.0,1.0,0.9996606,0.9999999999947807,0.9781576894943396,0.12793635016516552,0.9933071490757153,0.9890130573694068
257,1,1.0,1.0,1.0,1.0,1.0,1.0,1.0,0.99999917,0.9999999999938949,0.9781894912414391,0.6429498785956571,0.9933071490757153,0.9890130573694068
258,1,0.0,1.0,1.0,1.0,0.0,0.0,1.0,0.007051612,0.9999999999996759,0.9781680427351856,0.5313753404545045,0.9933071490757153,0.9890130573694068
259,1,0.0,1.0,1.0,1.0,0.0,0.0,1.0,5.2401933e-12,0.9999999999997441,0.9780492086460695,0.1,0.9933071490757153,0.9890130573694068
260,1,1.0,1.0,1.0,1.0,1.0,1.0,1.0,0.99999976,0.9999999999997244,0.9780995579013306,0.9693996863039911,0.9933071490757153,0.9890130573694068
261,1,0.0,1.0,1.0,1.0,0.0,0.0,1.0,2.2248539e-13,0.9999999999999166,0.9781446620455443,0.1,0.9933071490757153,0.9890130573694068
262,1,1.0,1.0,1.0,1.0,1.0,1.0,1.0,0.9999982,0.9999999999999559,0.9781369611505271,0.8554444134627365,0.9933071490757153,0.9890130573694068
263,1,0.0,1.0,1.0,1.0,0.0,0.0,1.0,5.4414544e-05,0.9999999999999505,0.9781133212999255,0.10567747922318067,0.9933071490757153,0.9890130573694068
264,1,0.0,1.0,1.0,1.0,0.0,0.0,1.0,4.211904e-17,0.99999999999997,0.9781466849610942,0.1,0.9933071490757153,0.9890130573694068
265,1,1.0,1.0,1.0,1.0,1.0,1.0,1.0,0.9999995,0.99999999999997,0.9781638921423788,0.829756263590576,0.9933071490757153,0.9890130573694068
266,1,1.0,1.0,1.0,1.0,1.0,1.0,1.0,1.0,0.99999999999997,0.9780620325050655,0.9411730226069227,0.9933071490757153,0.9890130573694068
267,1,1.0,1.0,1.0,1.0,1.0,1.0,1.0,0.99999535,0.99999999999997,0.9781422282996745,0.8514897512300149,0.9933071490757153,0.9890130573694068
268,1,0.0,1.0,1.0,1.0,0.0,0.0,1.0,2.9484393e-15,0.99999999999997,0.9781298561588883,0.808833478453129,0.9933071490757153,0.9890130573694068
269,1,0.0,1.0,1.0,1.0,0.0,0.0,1.0,0.00019395,0.99999999999997,0.9781051151537568,0.3054445882911823,0.9933071490757153,0.9890130573694068
270,1,1.0,1.0,1.0,1.0,1.0,1.0,1.0,0.891121,0.99999999999997,0.9781619097831556,0.8950793340466326,0.9933071490757153,0.9890130573694068
271,1,0.0,1.0,1.0,1.0,0.0,0.0,1.0,4.9003773e-10,0.99999999999997,0.9781701271256024,0.5010434084731922,0.9933071490757153,0.9890130573694068
272,1,1.0,1.0,1.0,1.0,1.0,1.0,1.0,0.9940631,0.99999999999997,0.9781040905095558,0.23881065936440873,0.9933071490757153,0.9890130573694068
273,1,1.0,1.0,1.0,1.0,1.0,1.0,1.0,0.99838555,0.99999999999997,0.978109338172073,0.5424953539626409,0.9933071490757153,0.9890130573694068
274,1,0.0,1.0,1.0,1.0,0.0,0.0,1.0,0.07008242,0.99999999999997,0.9781293548911993,0.1441653427823902,0.9933071490757153,0.9890130573694068
275,1,1.0,1.0,1.0,1.0,1.0,1.0,1.0,1.0,0.99999999999997,0.9780638984285015,0.24797087513666574,0.9933071490757153,0.9890130573694068
276,1,1.0,1.0,1.0,1.0,1.0,1.0,1.0,1.0,0.99999999999997,0.9781541121043695,0.6497258656674201,0.9933071490757153,0.9890130573694068
277,1,1.0,1.0,1.0,1.0,1.0,1.0,1.0,1.0,0.9999999999999306,0.9780735236770185,0.9462946107172504,0.9933071490757153,0.9890130573694068
278,1,1.0,1.0,1.0,1.0,1.0,1.0,1.0,1.0,0.9999999999999453,0.9782002960483217,0.9812807497055682,0.9933071490757153,0.9890130573694068
279,1,1.0,1.0,1.0,1.0,1.0,1.0,1.0,0.99999976,0.9999999999998821,0.9780862163253892,0.8888794307675986,0.9933071490757153,0.9890130573694068
280,1,1.0,1.0,1.0,1.0,1.0,1.0,1.0,0.9996848,0.9999999999999422,0.9781682888014009,0.9221863948677481,0.9933071490757153,0.9890130573694068
281,1,1.0,1.0,1.0,1.0,1.0,1.0,1.0,0.9995441,0.99999999999997,0.9780859602234817,0.9639879010008482,0.9933071490757153,0.9890130573694068
282,1,0.0,1.0,1.0,1.0,0.0,0.0,1.0,0.060270805,0.99999999999997,0.9781111980508367,0.16144456561231027,0.9933071490757153,0.9890130573694068
283,1,1.0,1.0,1.0,1.0,1.0,1.0,1.0,1.0,0.99999999999997,0.9781554408302602,0.9244257683954846,0.9933071490757153,0.9890130573694068
284,1,0.0,1.0,1.0,1.0,0.0,0.0,1.0,4.4867137e-17,0.99999999999997,0.978106867556736,0.1,0.9933071490757153,0.9890130573694068
285,1,1.0,1.0,1.0,1.0,1.0,1.0,1.0,1.0,0.99999999999997,0.9780962405054158,0.8787707139230597,0.9933071490757153,0.9890130573694068
286,1,0.0,1.0,1.0,1.0,0.0,0.0,1.0,8.71967e-10,0.99999999999997,0.9780943697502447,0.4745676904758775,0.9933071490757153,0.9890130573694068
287,1,1.0,1.0,1.0,1.0,1.0,1.0,1.0,0.9999819,0.99999999999997,0.9781260836063218,0.6256815256851216,0.9933071490757153,0.9890130573694068
288,1,1.0,0.9166666666666666,1.0,1.0,1.0,1.0,1.0,1.0,0.9382887612098224,0.8500903317502753,0.1,0.9933071490757153,0.9890130573694068
289,0,1.0,0.9833333333333333,1.0,1.0,1.0,1.0,1.0,7.130225e-10,0.057704867103833914,0.017951551595248617,0.1,0.9933071490757153,0.9890130573694068
290,0,1.0,1.0,1.0,1.0,1.0,1.0,1.0,7.457669e-06,0.0037316081126832937,0.017961884632567496,0.5899244020327553,0.9933071490757153,0.9890130573694068
291,0,0.0,1.0,1.0,1.0,0.0,0.0,1.0,0.83432007,0.0031065840900224365,0.018036359218288722,0.3363439704372568,0.9933071490757153,0.9890130573694068
292,0,1.0,1.0,1.0,1.0,1.0,1.0,1.0,7.7022036e-05,0.0037189851789982092,0.01802057349454377,0.3841555726290614,0.9933071490757153,0.9890130573694068
293,0,1.0,1.0,1.0,1.0,1.0,1.0,1.0,0.0001049316,0.0027550332510185246,0.01800818647112417,0.1,0.9933071490757153,0.9890130573694068
294,0,1.0,1.0,1.0,1.0,1.0,1.0,1.0,1.769552e-11,0.003506858681161469,0.017968487799031835,0.47076656081839074,0.9933071490757153,0.9890130573694068
295,0,1.0,1.0,1.0,1.0,1.0,1.0,1.0,0.00045036903,0.005390098457828813,0.017994452839074925,0.21935396122577355,0.9933071490757153,0.9890130573694068
296,0,1.0,1.0,1.0,1.0,1.0,1.0,1.0,2.0474683e-05,0.004005809864141302,0.017996512329022815,0.13704988764288545,0.9933071490757153,0.9890130573694068
297,0,1.0,1.0,1.0,1.0,1.0,1.0,1.0,8.487367e-18,0.0037366306920787176,0.017999543539435822,0.1,0.9933071490757153,0.9890130573694068
298,0,1.0,1.0,1.0,1.0,1.0,1.0,1.0,2.15041e-09,0.005408416037467663,0.017970467334909965,0.18574818073487692,0.9933071490757153,0.9890130573694068
299,0,1.0,1.0,1.0,1.0,1.0,1.0,1.0,0.047235526,0.004358402292057444,0.017950331737526023,0.29852944674008264,0.9933071490757153,0.9890130573694068
300,0,1.0,1.0,1.0,1.0,1.0,1.0,1.0,2.0046025e-08,0.003280194590315912,0.01800587973614702,0.13316114165126,0.9933071490757153,0.9890130573694068
301,0,1.0,1.0,1.0,1.0,1.0,1.0,1.0,5.9367416e-05,0.005746169610907692,0.018017627894693064,0.19654250891908023,0.9933071490757153,0.9890130573694068
302,0,1.0,1.0,1.0,1.0,1.0,1.0,1.0,6.608708e-07,0.004958901508721436,0.01803733905345145,0.42002688723835396,0.9933071490757153,0.9890130573694068
303,0,1.0,1.0,1.0,1.0,1.0,1.0,1.0,1.7463379e-05,0.006201525722617706,0.017970900175264058,0.6121719962303755,0.9933071490757153,0.9890130573694068
304,0,1.0,1.0,1.0,1.0,1.0,1.0,1.0,0.030614285,0.0033410171303273044,0.01796944336311679,0.1,0.9933071490757153,0.9890130573694068
305,0,1.0,1.0,1.0,1.0,1.0,0.0,1.0,0.36092156,0.004948253339514829,0.017976893746488434,0.21635860145317823,0.9933071490757153,0.9890130573694068
306,0,1.0,1.0,1.0,1.0,1.0,1.0,1.0,9.445146e-18,0.0057280546878840715,0.017970660995261362,0.1,0.9933071490757153,0.9890130573694068
307,0,1.0,1.0,1.0,1.0,1.0,1.0,1.0,1.0274319e-13,0.004394311356937162,0.018018045777931466,0.9967003518527513,0.9933071490757153,0.9890130573694068
308,0,1.0,1.0,1.0,1.0,1.0,1.0,1.0,1.7740436e-07,0.004829226805987926,0.0179838170165462,0.47000111421467833,0.9933071490757153,0.9890130573694068
309,0,1.0,1.0,1.0,1.0,1.0,1.0,1.0,4.6246754e-08,0.004046336280846463,0.018005308442410852,0.8392646522154855,0.9933071490757153,0.9890130573694068
310,0,1.0,1.0,1.0,1.0,1.0,1.0,1.0,2.2155713e-07,0.005173424461730473,0.017968653188284427,0.654339393829368,0.9933071490757153,0.9890130573694068
311,0,1.0,1.0,1.0,1.0,1.0,1.0,1.0,9.7026115e-17,0.004724171826168006,0.017987220180312156,0.1,0.9933071490757153,0.9890130573694068
312,0,1.0,1.0,1.0,1.0,1.0,1.0,1.0,0.00014231239,0.004181570172888555,0.017980973749539365,0.31964875333571924,0.9933071490757153,0.9890130573694068
313,0,1.0,1.0,1.0,1.0,1.0,1.0,1.0,0.000132869,0.0054411653810338715,0.01795338435626064,0.5808857136528295,0.9933071490757153,0.9890130573694068
314,0,1.0,1.0,1.0,1.0,1.0,1.0,1.0,0.025193946,0.004963247081092186,0.01798850455954576,0.36352441557928616,0.9933071490757153,0.9890130573694068
315,0,1.0,1.0,1.0,1.0,1.0,1.0,1.0,0.00016587295,0.004232441093629065,0.017989331238789825,0.3543897050243833,0.9933071490757153,0.9890130573694068
316,0,1.0,1.0,1.0,1.0,1.0,1.0,1.0,0.01670398,0.0050189545025500605,0.018000684491952326,0.2722162586949544,0.9933071490757153,0.9890130573694068
317,0,1.0,1.0,1.0,1.0,1.0,1.0,1.0,0.23079304,0.0042571237680360295,0.01795948869515732,0.33770113212847436,0.9933071490757153,0.9890130573694068
318,0,1.0,1.0,1.0,1.0,0.0,1.0,1.0,7.052863e-08,0.2533633509339917,0.26031311867376855,0.22607802376819539,0.9933071490757153,0.9890130573694068
319,1,0.0,1.0,1.0,1.0,0.0,0.0,1.0,0.006163127,0.99999999999997,0.9873768506327666,0.1416280087323332,0.9933071490757153,0.9890130573694068
320,1,0.0,1.0,1.0,1.0,0.0,0.0,1.0,0.00064471585,0.99999999999997,0.9873620970275194,0.1,0.9933071490757153,0.9890130573694068
321,1,1.0,1.0,1.0,1.0,1.0,1.0,1.0,1.0,0.99999999999997,0.9872925914119548,0.1,0.9933071490757153,0.9890130573694068
322,1,1.0,1.0,1.0,1.0,1.0,1.0,1.0,0.9999995,0.99999999999997,0.9873149865526808,0.829756263590576,0.9933071490757153,0.9890130573694068
323,1,0.0,1.0,1.0,1.0,0.0,0.0,1.0,0.00079305284,0.99999999999997,0.9873128100104933,0.4079133251429972,0.9933071490757153,0.9890130573694068
324,1,1.0,1.0,1.0,1.0,1.0,1.0,1.0,1.0,0.99999999999997,0.9873285353082436,0.959135890457463,0.9933071490757153,0.9890130573694068
325,1,0.0,1.0,1.0,1.0,0.0,0.0,1.0,4.5930243e-10,0.99999999999997,0.9873128759468777,0.1,0.9933071490757153,0.9890130573694068
326,1,1.0,1.0,1.0,1.0,1.0,1.0,1.0,0.9999994,0.99999999999997,0.9873461874335229,0.6218555046125047,0.9933071490757153,0.9890130573694068
327,0,1.0,1.0,1.0,1.0,0.0,0.0,1.0,3.5336258e-09,0.4716321098194626,0.47035578420815444,0.11445053363153034,0.9933071490757153,0.9890130573694068
328,1,1.0,1.0,1.0,1.0,1.0,1.0,1.0,1.0,0.9153921816215813,0.8880768422527624,0.24797087513666574,0.9933071490757153,0.9890130573694068
329,1,1.0,1.0,1.0,1.0,1.0,1.0,1.0,0.9998671,0.9999999990291306,0.9672041711107972,0.35969018948067194,0.9933071490757153,0.9890130573694068
330,1,1.0,1.0,1.0,1.0,1.0,1.0,1.0,0.9999517,0.9999999999383573,0.9672378495369204,0.4133620517946442,0.9933071490757153,0.9890130573694068
331,1,0.0,1.0,1.0,1.0,0.0,0.0,1.0,2.3414743e-06,0.9999999992374137,0.9673298816513607,0.10028962944999571,0.9933071490757153,0.9890130573694068
332,1,1.0,1.0,1.0,1.0,1.0,1.0,1.0,1.0,0.9999999983448816,0.9673275754415154,0.2780982949119862,0.9933071490757153,0.9890130573694068
333,1,1.0,1.0,1.0,1.0,1.0,1.0,1.0,0.9999999,0.9999999998312146,0.9673103472454598,0.938086102861851,0.9933071490757153,0.9890130573694068
334,1,0.0,1.0,1.0,1.0,0.0,0.0,1.0,1.0468988e-06,0.999999999947481,0.9672619899464318,0.1,0.9933071490757153,0.9890130573694068
335,1,0.0,1.0,1.0,1.0,0.0,0.0,1.0,3.0646575e-07,0.9999999999784931,0.9672933627110996,0.1466639483348879,0.9933071490757153,0.9890130573694068
336,1,0.0,1.0,1.0,1.0,0.0,0.0,1.0,0.041314084,0.9999999999791668,0.9672639916230635,0.2623822274787322,0.9933071490757153,0.9890130573694068
337,1,1.0,1.0,1.0,1.0,1.0,1.0,1.0,0.9999517,0.9999999997869676,0.9672132739161828,0.4133620517946442,0.9933071490757153,0.9890130573694068
338,1,1.0,1.0,1.0,1.0,1.0,1.0,1.0,0.93539226,0.9999999999500149,0.96725872473648,0.1367892364034036,0.9933071490757153,0.9890130573694068
339,1,0.0,1.0,1.0,1.0,0.0,0.0,1.0,8.696906e-08,0.9999999997233239,0.9672515639178474,0.187386927065017,0.9933071490757153,0.9890130573694068
340,1,0.0,1.0,1.0,1.0,0.0,0.0,1.0,3.5523565e-10,0.9999999991711892,0.9672856229192106,0.12147101017200972,0.9933071490757153,0.9890130573694068
341,1,1.0,1.0,1.0,1.0,1.0,1.0,1.0,1.0,0.9999999992079515,0.9672590408696726,0.9918022553240154,0.9933071490757153,0.9890130573694068
342,1,1.0,1.0,1.0,1.0,1.0,1.0,1.0,0.9999924,0.9999999672007055,0.9672603075378354,0.14034591047979655,0.9933071490757153,0.9890130573694068
343,1,0.0,1.0,1.0,1.0,0.0,0.0,1.0,0.028930007,0.9998690728469984,0.9671995440794786,0.1,0.9933071490757153,0.9890130573694068
344,1,0.0,1.0,1.0,1.0,0.0,0.0,1.0,0.009158846,0.9999393482987862,0.9672370261400729,0.19078954541033613,0.9933071490757153,0.9890130573694068
345,0,1.0,1.0,1.0,1.0,1.0,1.0,1.0,2.899867e-07,0.09667290137553498,0.09707647512443486,0.5783541544429455,0.9933071490757153,0.9890130573694068
346,0,1.0,1.0,1.0,1.0,1.0,1.0,1.0,8.1247035e-16,0.004017513873544854,0.017940521543568455,0.1509976878014307,0.9933071490757153,0.9890130573694068
347,0,1.0,1.0,1.0,1.0,1.0,1.0,1.0,7.124066e-05,0.0035162435705506476,0.017972805522327804,0.4019128822931769,0.9933071490757153,0.9890130573694068
348,0,1.0,1.0,1.0,1.0,1.0,1.0,1.0,1.5485913e-06,0.003470558329369373,0.017994281893897134,0.1,0.9933071490757153,0.9890130573694068
349,0,1.0,1.0,1.0,1.0,1.0,1.0,1.0,0.0003325009,0.0036288786384887826,0.018025056560443675,0.2915553004390195,0.9933071490757153,0.9890130573694068
350,0,1.0,1.0,1.0,1.0,1.0,1.0,1.0,5.4035096e-05,0.0047091977793975405,0.017979177359155704,0.2916839150672874,0.9933071490757153,0.9890130573694068
351,0,1.0,1.0,1.0,1.0,1.0,1.0,1.0,6.085667e-05,0.004124921870366974,0.01800316378001807,0.1,0.9933071490757153,0.9890130573694068
352,0,1.0,1.0,1.0,1.0,1.0,1.0,1.0,1.5108135e-13,0.004486366799534783,0.017937667232749813,0.8286389596714291,0.9933071490757153,0.9890130573694068
353,0,1.0,1.0,1.0,1.0,1.0,1.0,1.0,4.8892446e-08,0.0034914574309084785,0.017985130082719507,0.24388143311670057,0.9933071490757153,0.9890130573694068
354,0,1.0,1.0,1.0,1.0,1.0,1.0,1.0,6.353546e-05,0.003407749724385329,0.017996268923890443,0.49320558536416076,0.9933071490757153,0.9890130573694068
355,0,1.0,1.0,1.0,1.0,1.0,1.0,1.0,7.321807e-13,0.00406738302534022,0.01800570555633046,0.3008210422325036,0.9933071490757153,0.9890130573694068
356,0,1.0,1.0,1.0,1.0,1.0,1.0,1.0,1.1639361e-06,0.004179355683295532,0.018011437048141836,0.2550625251693081,0.9933071490757153,0.9890130573694068
357,0,1.0,1.0,1.0,1.0,1.0,1.0,1.0,0.11840813,0.0037397618126484753,0.018013356248920847,0.685506365645007,0.9933071490757153,0.9890130573694068
358,0,1.0,1.0,1.0,1.0,1.0,1.0,1.0,2.9870642e-09,0.0038728585015271183,0.01793606923048583,0.15307679309041977,0.9933071490757153,0.9890130573694068
359,0,0.0,1.0,1.0,1.0,0.0,0.0,1.0,0.94741654,0.003988536287468133,0.0179668422482217,0.1,0.9933071490757153,0.9890130573694068
360,0,0.0,1.0,1.0,1.0,0.0,0.0,1.0,0.5612364,0.0028329386993208496,0.017975744500261015,0.412510650063735,0.9933071490757153,0.9890130573694068
361,0,0.0,1.0,1.0,1.0,0.0,0.0,1.0,0.69425124,0.004544454295811336,0.017955074379487967,0.18356053808597683,0.9933071490757153,0.9890130573694068
362,0,1.0,1.0,1.0,1.0,1.0,1.0,1.0,0.20410682,0.0037161134709161217,0.017964941277672276,0.4332758295639399,0.9933071490757153,0.9890130573694068
363,0,1.0,1.0,1.0,1.0,1.0,1.0,1.0,2.9436508e-06,0.0032896500176907225,0.01798516659487349,0.38793435824273803,0.9933071490757153,0.9890130573694068
364,0,1.0,1.0,1.0,1.0,1.0,1.0,1.0,2.0161046e-13,0.004857389521295095,0.018003855118822347,0.1502240822893264,0.9933071490757153,0.9890130573694068
365,0,1.0,1.0,1.0,1.0,1.0,1.0,1.0,1.5583555e-05,0.0054916203494144245,0.018026973123133044,0.4109959068628621,0.9933071490757153,0.9890130573694068
366,0,1.0,1.0,1.0,1.0,1.0,1.0,1.0,0.00073812786,0.0037854198493864474,0.017954979763897014,0.4424063137872326,0.9933071490757153,0.9890130573694068
367,0,0.0,1.0,1.0,1.0,0.0,0.0,1.0,0.755268,0.004303260050332733,0.017997736984501425,0.9883226465142968,0.9933071490757153,0.9890130573694068
368,0,1.0,1.0,1.0,1.0,1.0,1.0,1.0,3.0043895e-12,0.003071888478538977,0.017991413794061214,0.9995740305155257,0.9933071490757153,0.9890130573694068
369,0,1.0,1.0,1.0,1.0,1.0,1.0,1.0,4.6608602e-11,0.00579388600598267,0.018011639532182065,0.6511947492164777,0.9933071490757153,0.9890130573694068
370,0,1.0,1.0,1.0,1.0,1.0,1.0,1.0,0.0005920576,0.0050804508373012225,0.01799302769312116,0.14568702687240548,0.9933071490757153,0.9890130573694068
371,0,1.0,1.0,1.0,1.0,1.0,1.0,1.0,6.8381974e-06,0.004464859067405589,0.01794850726211681,0.882980304025389,0.9933071490757153,0.9890130573694068
372,0,1.0,1.0,1.0,1.0,1.0,1.0,1.0,2.3977172e-12,0.004474188630568068,0.017977905015353266,0.562531227699805,0.9933071490757153,0.9890130573694068
373,0,1.0,1.0,1.0,1.0,1.0,1.0,1.0,1.9595164e-10,0.0039035684570653635,0.01793928621680318,0.6224971566317022,0.9933071490757153,0.9890130573694068
374,0,1.0,1.0,1.0,1.0,1.0,1.0,1.0,0.000102521335,0.004084639788344024,0.01799934930930432,0.44146327988408623,0.9933071490757153,0.9890130573694068
375,0,1.0,1.0,1.0,1.0,1.0,1.0,1.0,6.3281993e-09,0.005839873438144553,0.017938466095932748,0.7544369073261007,0.9933071490757153,0.9890130573694068
376,0,0.0,1.0,1.0,1.0,0.0,0.0,1.0,0.9211279,0.007148146111412109,0.018016280219989547,0.7551811236995603,0.9933071490757153,0.9890130573694068
377,0,1.0,1.0,1.0,1.0,1.0,1.0,1.0,8.113024e-13,0.0036891443953652302,0.017967104986122678,0.9996742765897338,0.9933071490757153,0.9890130573694068
378,0,1.0,1.0,1.0,1.0,1.0,1.0,1.0,1.3023984e-05,0.004376279062755077,0.018043145802728876,0.44640510393309235,0.9933071490757153,0.9890130573694068
379,0,1.0,1.0,1.0,1.0,1.0,1.0,1.0,0.025383731,0.0038054224914901556,0.01795924006162997,0.45877380500243836,0.9933071490757153,0.9890130573694068
380,1,0.0,1.0,1.0,1.0,0.0,0.0,1.0,5.0544526e-07,0.6510096648238847,0.634506624770491,0.1375659415734722,0.9933071490757153,0.9890130573694068
381,1,1.0,1.0,1.0,1.0,1.0,1.0,1.0,1.0,0.9999999999975185,0.9665241653996902,0.939478247880339,0.9933071490757153,0.9890130573694068
382,1,1.0,1.0,1.0,1.0,1.0,1.0,1.0,1.0,0.9999999999992326,0.9664888604865706,0.7014798008125259,0.9933071490757153,0.9890130573694068
383,1,1.0,1.0,1.0,1.0,1.0,1.0,1.0,0.9999763,0.9999999999902406,0.9664843062632207,0.6334161060923453,0.9933071490757153,0.9890130573694068
384,1,1.0,1.0,1.0,1.0,1.0,1.0,1.0,0.9997298,0.9999999998072606,0.9664615705864653,0.9447396086239508,0.9933071490757153,0.9890130573694068
385,1,0.0,1.0,1.0,1.0,0.0,0.0,1.0,0.43160528,0.9999999991113219,0.9664451207707292,0.3885131548082256,0.9933071490757153,0.9890130573694068
386,1,0.0,1.0,1.0,1.0,0.0,0.0,1.0,0.0077231512,0.999999997502158,0.9664584491491955,0.1,0.9933071490757153,0.9890130573694068
387,1,0.0,1.0,1.0,1.0,0.0,0.0,1.0,3.3140095e-05,0.9999999998795659,0.9664400173196028,0.13592874326367646,0.9933071490757153,0.9890130573694068
388,1,0.0,1.0,1.0,1.0,0.0,0.0,1.0,4.35938e-07,0.9999999999786647,0.9664407073802271,0.1,0.9933071490757153,0.9890130573694068
389,1,0.0,1.0,1.0,1.0,0.0,0.0,1.0,9.786982e-12,0.9999999999857377,0.9664070416612024,0.5307896779995551,0.9933071490757153,0.9890130573694068
390,1,0.0,1.0,1.0,1.0,0.0,0.0,1.0,0.27001923,0.9999999999894418,0.9664488997053299,0.836121259323154,0.9933071490757153,0.9890130573694068
391,1,0.0,1.0,1.0,1.0,0.0,0.0,1.0,9.8813216e-05,0.9999999999961336,0.966444452691156,0.3707255652675135,0.9933071490757153,0.9890130573694068
392,1,1.0,1.0,1.0,1.0,1.0,1.0,1.0,0.81328654,0.9999999999991876,0.9664732503548191,0.7288514492184529,0.9933071490757153,0.9890130573694068
393,1,0.0,1.0,1.0,1.0,0.0,0.0,1.0,1.00107425e-08,0.9999999999986035,0.966464123712566,0.1,0.9933071490757153,0.9890130573694068
394,1,1.0,1.0,1.0,1.0,1.0,1.0,1.0,0.783324,0.9999999999998478,0.9664682181494751,0.6924023974643273,0.9933071490757153,0.9890130573694068
395,1,1.0,1.0,1.0,1.0,1.0,1.0,1.0,1.0,0.9999999999999699,0.9664138570459766,0.8080056088242598,0.9933071490757153,0.9890130573694068
396,1,0.0,1.0,1.0,1.0,0.0,0.0,1.0,1.863896e-08,0.99999999999997,0.9664173693165664,0.24386269343377798,0.9933071490757153,0.9890130573694068
397,1,0.0,1.0,1.0,1.0,0.0,0.0,1.0,6.5156756e-14,0.99999999999997,0.9664753178389714,0.1,0.9933071490757153,0.9890130573694068
398,1,1.0,1.0,1.0,1.0,1.0,1.0,1.0,0.9999831,0.99999999999997,0.9664120399743813,0.818208926411686,0.9933071490757153,0.9890130573694068
399,1,0.0,1.0,1.0,1.0,0.0,0.0,1.0,0.0009545826,0.99999999999997,0.9663834877515535,0.1,0.9933071490757153,0.9890130573694068
400,1,0.0,1.0,1.0,1.0,0.0,0.0,1.0,0.02739065,0.99999999999997,0.9664035870777087,0.13019695043427523,0.9933071490757153,0.9890130573694068
401,1,1.0,1.0,1.0,1.0,1.0,1.0,1.0,0.9207326,0.9999999999999699,0.9663574891622283,0.8478970973146301,0.9933071490757153,0.9890130573694068
402,1,1.0,1.0,1.0,1.0,1.0,1.0,1.0,1.0,0.99999999999997,0.9664800971424742,0.4791589249308838,0.9933071490757153,0.9890130573694068
403,1,0.0,1.0,1.0,1.0,0.0,0.0,1.0,3.39902e-09,0.99999999999997,0.9664062212590726,0.1,0.9933071490757153,0.9890130573694068
404,1,0.0,1.0,1.0,1.0,0.0,0.0,1.0,4.787724e-08,0.99999999999997,0.9664055719829293,0.11858214046926711,0.9933071490757153,0.9890130573694068
405,1,1.0,1.0,1.0,1.0,1.0,1.0,1.0,0.79921967,0.9387677638422481,0.8871455136730401,0.4177354840478844,0.9933071490757153,0.9890130573694068
406,1,0.0,1.0,1.0,1.0,0.0,0.0,1.0,0.0016192903,0.99999999999997,0.9660187840268096,0.15240710022001483,0.9933071490757153,0.9890130573694068
407,1,1.0,1.0,1.0,1.0,1.0,1.0,1.0,0.95631635,0.99999999999997,0.9660161808928162,0.8886582351058623,0.9933071490757153,0.9890130573694068
408,1,1.0,1.0,1.0,1.0,1.0,1.0,1.0,1.0,0.99999999999997,0.9659973631686675,0.1,0.9933071490757153,0.9890130573694068
409,1,1.0,1.0,1.0,1.0,1.0,1.0,1.0,0.99998903,0.99999999999997,0.9659927581412351,0.6825336896011086,0.9933071490757153,0.9890130573694068
410,1,0.0,1.0,1.0,1.0,0.0,0.0,1.0,0.40990007,0.99999999999997,0.9660313193387431,0.1,0.9933071490757153,0.9890130573694068
411,1,0.0,1.0,1.0,1.0,0.0,0.0,1.0,7.23958e-05,0.99999999999997,0.9660236127410516,0.21248047787550267,0.9933071490757153,0.9890130573694068
412,1,0.0,1.0,1.0,1.0,0.0,0.0,1.0,5.372304e-07,0.99999999999997,0.9660182336371338,0.11480024488021183,0.9933071490757153,0.9890130573694068
413,0,1.0,0.9833333333333333,1.0,1.0,1.0,1.0,1.0,2.1762732e-09,0.25914355737126393,0.21423581098718356,0.13503467216146436,0.9933071490757153,0.9890130573694068
414,0,1.0,1.0,1.0,1.0,1.0,1.0,1.0,7.388559e-12,0.009919625584167664,0.017947017902661018,0.1,0.9933071490757153,0.9890130573694068
415,0,1.0,1.0,1.0,1.0,1.0,1.0,1.0,0.007213677,0.004760614152979844,0.017984469419113972,0.5230320127877813,0.9933071490757153,0.9890130573694068
416,0,1.0,1.0,1.0,1.0,1.0,1.0,1.0,0.03330901,0.004691591538525418,0.017965503507393277,0.1,0.9933071490757153,0.9890130573694068
417,0,1.0,1.0,1.0,1.0,1.0,1.0,1.0,6.596411e-08,0.004665443107151507,0.018039877668583667,0.1,0.9933071490757153,0.9890130573694068
418,0,1.0,1.0,1.0,1.0,1.0,1.0,1.0,0.0059004757,0.004311438183384213,0.018039888389499843,0.2262551406030653,0.9933071490757153,0.9890130573694068
419,0,1.0,1.0,1.0,1.0,1.0,1.0,1.0,3.9201975e-08,0.005138851376632903,0.018004254377307186,0.1,0.9933071490757153,0.9890130573694068
420,0,1.0,1.0,1.0,1.0,1.0,1.0,1.0,5.2444466e-05,0.0037840936817463444,0.01800165309750956,0.4352803091073634,0.9933071490757153,0.9890130573694068
421,0,1.0,1.0,1.0,1.0,1.0,1.0,1.0,3.033999e-09,0.00328478692410476,0.017975487081550633,0.8577210744962062,0.9933071490757153,0.9890130573694068
422,0,1.0,1.0,1.0,1.0,1.0,1.0,1.0,0.0008752445,0.003303374939832998,0.01795139257088064,0.4453887317494802,0.9933071490757153,0.9890130573694068
423,0,1.0,1.0,1.0,1.0,1.0,1.0,1.0,1.0392232e-05,0.006411695473572329,0.017974781078567634,0.774637892284224,0.9933071490757153,0.9890130573694068
424,0,1.0,1.0,1.0,1.0,1.0,1.0,1.0,8.223511e-10,0.0030630985512175132,0.017956281330737633,0.9989108399647257,0.9933071490757153,0.9890130573694068
425,0,1.0,1.0,1.0,1.0,1.0,1.0,1.0,8.005448e-18,0.004783142800828591,0.017990919323176254,0.1,0.9933071490757153,0.9890130573694068
426,0,1.0,1.0,1.0,1.0,1.0,1.0,1.0,1.5364675e-10,0.005802317209813441,0.01799380985214399,0.35259989027077004,0.9933071490757153,0.9890130573694068
427,0,1.0,1.0,1.0,1.0,1.0,1.0,1.0,0.0016306078,0.005682797733752379,0.017975810189502152,0.6219070432571842,0.9933071490757153,0.9890130573694068
428,0,1.0,1.0,1.0,1.0,1.0,1.0,1.0,2.9326974e-10,0.004156597658142671,0.01798564547583056,0.3183405797659274,0.9933071490757153,0.9890130573694068
429,0,1.0,1.0,1.0,1.0,1.0,1.0,1.0,1.0310117e-11,0.0036544813215597825,0.017991646855665813,0.28107368783473174,0.9933071490757153,0.9890130573694068
430,0,1.0,1.0,1.0,1.0,1.0,1.0,1.0,8.622188e-05,0.004869180168213093,0.01798512283613534,0.1552436242079448,0.9933071490757153,0.9890130573694068
431,0,1.0,1.0,1.0,1.0,1.0,1.0,1.0,7.2022774e-12,0.0040527993714371165,0.017975103279119584,0.1,0.9933071490757153,0.9890130573694068
432,0,1.0,1.0,1.0,1.0,1.0,1.0,1.0,4.6427314e-07,0.004022879288473171,0.01801612519981105,0.5088546997306787,0.9933071490757153,0.9890130573694068
433,0,0.0,1.0,1.0,1.0,0.0,0.0,1.0,0.748043,0.004411252770172875,0.018018790786796326,0.7255581953229155,0.9933071490757153,0.9890130573694068
434,0,1.0,1.0,1.0,1.0,1.0,1.0,1.0,0.0007278326,0.004815502696097278,0.01796914437398522,0.640534429327343,0.9933071490757153,0.9890130573694068
435,0,0.0,1.0,1.0,1.0,0.0,0.0,1.0,0.8409465,0.005123210197523129,0.017983482927859083,0.21828561539580454,0.9933071490757153,0.9890130573694068
436,0,1.0,1.0,1.0,1.0,1.0,1.0,1.0,3.989077e-08,0.00409281602528257,0.017986737362827944,0.6989249252535957,0.9933071490757153,0.9890130573694068
437,0,1.0,1.0,1.0,1.0,1.0,1.0,1.0,0.02474811,0.004212737499618119,0.017991376556228695,0.4624569041645984,0.9933071490757153,0.9890130573694068
438,0,1.0,1.0,1.0,1.0,1.0,1.0,1.0,0.030614285,0.00423659300128439,0.017969574296397946,0.1,0.9933071490757153,0.9890130573694068
439,0,1.0,1.0,1.0,1.0,1.0,1.0,1.0,0.00034271824,0.004635642817513605,0.0179880510802272,0.9158665938004672,0.9933071490757153,0.9890130573694068
440,0,1.0,1.0,1.0,1.0,1.0,1.0,1.0,1.16377405e-08,0.003725503508669153,0.018020313758525607,0.6449845178412829,0.9933071490757153,0.9890130573694068
441,0,1.0,1.0,1.0,1.0,1.0,1.0,1.0,5.5439145e-06,0.0040995101733952025,0.017995309289729904,0.2132687583053656,0.9933071490757153,0.9890130573694068
442,0,1.0,1.0,1.0,1.0,1.0,1.0,1.0,1.5300716e-10,0.005604551835323992,0.017974089274013453,0.1,0.9933071490757153,0.9890130573694068
443,0,1.0,1.0,1.0,1.0,1.0,1.0,1.0,5.167731e-10,0.004019348736090908,0.01802799423067478,0.2700502223319708,0.9933071490757153,0.9890130573694068
444,0,1.0,1.0,1.0,1.0,1.0,1.0,1.0,9.467403e-18,0.004946044744885617,0.017927380730136076,0.1,0.9933071490757153,0.9890130573694068
445,0,1.0,1.0,1.0,1.0,1.0,1.0,1.0,4.1015264e-05,0.005277196894886646,0.017997044715999475,0.4859512028109918,0.9933071490757153,0.9890130573694068
446,0,1.0,1.0,1.0,1.0,1.0,1.0,1.0,0.00576171,0.004137833462825505,0.017986752055398438,0.1473558364253742,0.9933071490757153,0.9890130573694068
447,0,1.0,1.0,1.0,1.0,1.0,1.0,1.0,2.22275e-07,0.004184862583956616,0.018031906105327303,0.3337425762267082,0.9933071490757153,0.9890130573694068
448,0,1.0,1.0,1.0,1.0,1.0,1.0,1.0,3.9201975e-08,0.004653612644139097,0.01800622261714522,0.1,0.9933071490757153,0.9890130573694068
449,0,0.0,1.0,1.0,1.0,0.0,0.0,1.0,0.9996406,0.004435943499073021,0.018002270050572537,0.1,0.9933071490757153,0.9890130573694068
450,0,1.0,1.0,1.0,1.0,1.0,1.0,1.0,0.029116154,0.0044413590288424195,0.01798665646754102,0.1,0.9933071490757153,0.9890130573694068
451,0,1.0,1.0,1.0,1.0,1.0,1.0,1.0,6.674458e-09,0.00427598846562471,0.01796279376937886,0.9922416549611285,0.9933071490757153,0.9890130573694068
452,0,1.0,1.0,1.0,1.0,1.0,1.0,1.0,2.5752495e-10,0.004988212796449781,0.01804441484208904,0.9999462645309477,0.9933071490757153,0.9890130573694068
453,0,1.0,1.0,1.0,1.0,1.0,1.0,1.0,5.7193994e-08,0.0039163263946532965,0.01797476723343671,0.2508296494555463,0.9933071490757153,0.9890130573694068
454,0,1.0,1.0,1.0,1.0,1.0,1.0,1.0,2.145515e-12,0.005046102462123186,0.018048726651970548,0.17403648231759208,0.9933071490757153,0.9890130573694068
455,0,1.0,1.0,1.0,1.0,1.0,1.0,1.0,3.9088046e-15,0.0045470961874857,0.01800145702745325,0.9833179671307554,0.9933071490757153,0.9890130573694068
456,0,1.0,1.0,1.0,1.0,1.0,1.0,1.0,4.816796e-08,0.007007539888324929,0.017958947175442785,0.47894138220595567,0.9933071490757153,0.9890130573694068
457,0,1.0,1.0,1.0,1.0,1.0,1.0,1.0,3.1688478e-11,0.0038318004021670013,0.01796011135710428,0.218069540281074,0.9933071490757153,0.9890130573694068
458,0,1.0,1.0,1.0,1.0,1.0,1.0,1.0,7.052863e-08,0.004327314981045035,0.01802883275532036,0.22607802376819539,0.9933071490757153,0.9890130573694068
459,0,1.0,1.0,1.0,1.0,1.0,1.0,1.0,2.2849544e-10,0.0036067415356583338,0.017970464522854935,0.7703792515452109,0.9933071490757153,0.9890130573694068
460,0,1.0,1.0,1.0,1.0,1.0,1.0,1.0,8.7521183e-16,0.0034620824036305725,0.017980340033506816,0.1612092717285656,0.9933071490757153,0.9890130573694068
461,0,1.0,1.0,1.0,1.0,1.0,1.0,1.0,4.0487725e-13,0.006275127983539596,0.01799758937521557,0.1,0.9933071490757153,0.9890130573694068
462,0,1.0,1.0,1.0,1.0,1.0,1.0,1.0,1.0501882e-07,0.003989059509424662,0.01804206071342624,0.1,0.9933071490757153,0.9890130573694068
463,0,1.0,1.0,1.0,1.0,1.0,1.0,1.0,9.0641344e-10,0.005410444128237674,0.017946818990615742,0.4284418989365245,0.9933071490757153,0.9890130573694068
464,1,0.0,1.0,1.0,1.0,0.0,0.0,1.0,4.4946253e-05,0.6510373739144256,0.6057489212705732,0.1964346464252131,0.9933071490757153,0.9890130573694068
465,0,1.0,1.0,1.0,1.0,0.0,0.0,1.0,0.07307343,0.4859351028425615,0.4550776869135748,0.17722235819497492,0.9933071490757153,0.9890130573694068
466,0,1.0,1.0,1.0,1.0,1.0,1.0,1.0,0.0007421347,0.004352838784024728,0.017978473726918187,0.1,0.9933071490757153,0.9890130573694068
467,0,1.0,1.0,1.0,1.0,1.0,1.0,1.0,2.371817e-06,0.0029199901487805646,0.01796405575864652,0.24683919941326168,0.9933071490757153,0.9890130573694068
468,0,1.0,1.0,1.0,1.0,1.0,1.0,1.0,0.03499354,0.003873450531790811,0.01798353237342566,0.1643686350318726,0.9933071490757153,0.9890130573694068
469,0,1.0,1.0,1.0,1.0,1.0,1.0,1.0,3.2586297e-07,0.00531985300990512,0.018007802093555493,0.20189185493292242,0.9933071490757153,0.9890130573694068
470,0,1.0,1.0,1.0,1.0,1.0,1.0,1.0,3.4417685e-10,0.004493088006478874,0.01801252330685787,0.219525862121608,0.9933071490757153,0.9890130573694068
471,1,1.0,1.0,1.0,1.0,1.0,1.0,1.0,1.0,0.9830467439735205,0.9443338455804792,0.1,0.9933071490757153,0.9890130573694068
472,1,0.0,1.0,1.0,1.0,0.0,0.0,1.0,0.006163127,0.9999999505465827,0.9602251311943761,0.1416280087323332,0.9933071490757153,0.9890130573694068
473,1,1.0,1.0,1.0,1.0,1.0,1.0,1.0,0.9999994,0.9999997995695079,0.96005994392485,0.6218555046125047,0.9933071490757153,0.9890130573694068
474,1,1.0,1.0,1.0,1.0,1.0,1.0,1.0,1.0,0.9999994748535432,0.9601740936894837,0.402842705478972,0.9933071490757153,0.9890130573694068
475,1,1.0,1.0,1.0,1.0,1.0,1.0,1.0,0.99994075,0.9997879905753961,0.9601472176993436,0.571936220847739,0.9933071490757153,0.9890130573694068
476,1,1.0,1.0,1.0,1.0,1.0,1.0,1.0,1.0,0.9994513922026758,0.9602372932017859,0.1996974688187246,0.9933071490757153,0.9890130573694068
477,1,1.0,1.0,1.0,1.0,1.0,1.0,1.0,0.9999995,0.9996876191616245,0.960086992117983,0.9732615235408779,0.9933071490757153,0.9890130573694068
478,1,1.0,1.0,1.0,1.0,1.0,1.0,1.0,1.0,0.9999130985061054,0.9601484768859794,0.8614182719955109,0.9933071490757153,0.9890130573694068
479,1,0.0,1.0,1.0,1.0,0.0,0.0,1.0,1.6893457e-08,0.9999998378431197,0.9601334880569105,0.1,0.9933071490757153,0.9890130573694068
480,1,1.0,1.0,1.0,1.0,1.0,1.0,1.0,0.7841659,0.9999993695657159,0.9600831341301578,0.8782611683730209,0.9933071490757153,0.9890130573694068
481,1,1.0,1.0,1.0,1.0,1.0,1.0,1.0,1.0,0.9999998001532009,0.9600334943233509,0.1,0.9933071490757153,0.9890130573694068
482,1,0.0,1.0,1.0,1.0,0.0,0.0,1.0,7.4156064e-06,0.9999999946590632,0.9601437724320177,0.16608254611295345,0.9933071490757153,0.9890130573694068
483,1,1.0,1.0,1.0,1.0,1.0,1.0,1.0,0.9998023,0.9999999118425695,0.960177989538392,0.24634665004340722,0.9933071490757153,0.9890130573694068
484,1,0.0,1.0,1.0,1.0,0.0,0.0,1.0,1.1486513e-14,0.9999995978437286,0.9600732170019071,0.20390160861275136,0.9933071490757153,0.9890130573694068
485,1,1.0,1.0,1.0,1.0,1.0,1.0,1.0,0.9984731,0.9999999625280552,0.9600184796074799,0.5946961238298375,0.9933071490757153,0.9890130573694068
486,1,0.0,1.0,1.0,1.0,0.0,0.0,1.0,4.35938e-07,0.9999999768560344,0.9600327254166152,0.1,0.9933071490757153,0.9890130573694068
487,1,1.0,1.0,1.0,1.0,1.0,1.0,1.0,1.0,0.9999999726184807,0.9600894424143304,0.9718331102754144,0.9933071490757153,0.9890130573694068
488,1,0.0,1.0,1.0,1.0,0.0,0.0,1.0,0.010290554,0.9999999635027934,0.9600398640954011,0.1,0.9933071490757153,0.9890130573694068
489,1,1.0,1.0,1.0,1.0,1.0,1.0,1.0,1.0,0.9999999920411439,0.9600408185844167,0.9918022553240154,0.9933071490757153,0.9890130573694068
490,1,1.0,1.0,1.0,1.0,1.0,1.0,1.0,0.99632555,0.9999999414422389,0.9600882061707706,0.9928126076739198,0.9933071490757153,0.9890130573694068
491,1,1.0,1.0,1.0,1.0,1.0,1.0,1.0,0.9999989,0.999999999352165,0.9600823141153643,0.7864831794587959,0.9933071490757153,0.9890130573694068
492,1,1.0,1.0,1.0,1.0,1.0,1.0,1.0,1.0,0.9999999999791048,0.9601588817754848,0.9755040209953105,0.9933071490757153,0.9890130573694068
493,1,1.0,1.0,1.0,1.0,1.0,1.0,1.0,0.9999994,0.99999999999603,0.9601309580505976,0.9137436593893131,0.9933071490757153,0.9890130573694068
494,1,1.0,1.0,1.0,1.0,1.0,1.0,1.0,0.9996606,0.9999999999891525,0.960229513848843,0.12793635016516552,0.9933071490757153,0.9890130573694068
495,1,1.0,1.0,1.0,1.0,1.0,1.0,1.0,1.0,0.9999999999995067,0.960123678217471,0.9931635149347483,0.9933071490757153,0.9890130573694068
496,1,1.0,1.0,1.0,1.0,1.0,1.0,1.0,0.99999976,0.9999999999991299,0.9601525636779471,0.8888794307675986,0.9933071490757153,0.9890130573694068
497,1,0.0,1.0,1.0,1.0,0.0,0.0,1.0,6.826332e-08,0.999999999993248,0.960032956740304,0.1,0.9933071490757153,0.9890130573694068
498,1,1.0,1.0,1.0,1.0,1.0,1.0,1.0,1.0,0.9999999999735528,0.9601095280015127,0.1,0.9933071490757153,0.9890130573694068
499,1,1.0,1.0,1.0,1.0,1.0,1.0,1.0,0.9999969,0.9999999999759079,0.9600907867436441,0.3680588565156962,0.9933071490757153,0.9890130573694068
500,1,1.0,1.0,1.0,1.0,1.0,1.0,1.0,0.9954196,0.9999999999995166,0.9601460389600547,0.17508989893946833,0.9933071490757153,0.9890130573694068
501,1,1.0,1.0,1.0,1.0,1.0,1.0,1.0,1.0,0.9999999999995495,0.9601050936225766,0.9941958710576758,0.9933071490757153,0.9890130573694068
502,1,1.0,1.0,1.0,1.0,1.0,1.0,1.0,1.0,0.999999999998429,0.9601214071217543,0.9333762744033178,0.9933071490757153,0.9890130573694068
503,1,1.0,1.0,1.0,1.0,1.0,1.0,1.0,0.9983242,0.9999999998959898,0.9601070690539448,0.1,0.9933071490757153,0.9890130573694068
504,1,1.0,1.0,1.0,1.0,1.0,1.0,1.0,0.9894544,0.9999999886656997,0.9600545543945794,0.5684798103835449,0.9933071490757153,0.9890130573694068
505,1,1.0,1.0,1.0,1.0,1.0,1.0,1.0,0.9999995,0.9999999989482657,0.9602611850066937,0.829756263590576,0.9933071490757153,0.9890130573694068
506,1,1.0,1.0,1.0,1.0,1.0,1.0,1.0,0.90499103,0.9999999998580649,0.9600668346652124,0.9845419197050451,0.9933071490757153,0.9890130573694068
507,1,1.0,1.0,1.0,1.0,1.0,1.0,1.0,0.99996626,0.9999999997238729,0.9601344961613928,0.6712461331402378,0.9933071490757153,0.9890130573694068
508,1,0.0,1.0,1.0,1.0,0.0,0.0,1.0,3.1072946e-06,0.9999999997625747,0.9601843420348627,0.1,0.9933071490757153,0.9890130573694068
509,1,0.0,1.0,1.0,1.0,0.0,0.0,1.0,0.009158846,0.9999999998966672,0.9600580857583713,0.19078954541033613,0.9933071490757153,0.9890130573694068
510,1,0.0,1.0,1.0,1.0,0.0,0.0,1.0,1.6964525e-05,0.9999999994459011,0.9601798512070762,0.1,0.9933071490757153,0.9890130573694068
511,1,0.0,1.0,1.0,1.0,0.0,0.0,1.0,0.06269989,0.999999998287675,0.9601594832780127,0.1,0.9933071490757153,0.9890130573694068
512,1,1.0,1.0,1.0,1.0,1.0,1.0,1.0,0.99998283,0.9999999971149066,0.9601919826889916,0.8632824188832517,0.9933071490757153,0.9890130573694068
513,1,0.0,1.0,1.0,1.0,0.0,0.0,1.0,1.4532692e-11,0.9999999930763203,0.9601721033020775,0.24058377786827334,0.9933071490757153,0.9890130573694068
514,1,0.0,1.0,1.0,1.0,0.0,0.0,1.0,1.3790774e-08,0.9999999979136406,0.9601218995326543,0.1,0.9933071490757153,0.9890130573694068
515,1,1.0,1.0,1.0,1.0,1.0,1.0,1.0,1.0,0.9999999966534309,0.9601188285787312,0.1,0.9933071490757153,0.9890130573694068
516,1,1.0,1.0,1.0,1.0,1.0,1.0,1.0,0.9999987,0.999999993048128,0.9601353117446526,0.8085864225859531,0.9933071490757153,0.9890130573694068
517,1,1.0,1.0,1.0,1.0,1.0,1.0,1.0,0.9997738,0.999999906549879,0.9601597418450717,0.3839340974678994,0.9933071490757153,0.9890130573694068
518,1,0.0,1.0,1.0,1.0,0.0,0.0,1.0,1.2026122e-11,0.9999999980086549,0.9601450742311688,0.1,0.9933071490757153,0.9890130573694068
519,1,1.0,1.0,1.0,1.0,1.0,1.0,1.0,0.783324,0.999999988205824,0.9600891420759742,0.6924023974643273,0.9933071490757153,0.9890130573694068
520,1,1.0,1.0,1.0,1.0,1.0,1.0,1.0,1.0,0.9999999890684658,0.9601584389460224,0.9370882948281317,0.9933071490757153,0.9890130573694068
521,1,0.0,1.0,1.0,1.0,0.0,0.0,1.0,2.4337836e-05,0.9999999916993004,0.9600966510517533,0.17093211704614636,0.9933071490757153,0.9890130573694068
522,1,1.0,1.0,1.0,1.0,1.0,1.0,1.0,0.9949464,0.9999999929909084,0.9601763249787802,0.5109585725614436,0.9933071490757153,0.9890130573694068
523,1,1.0,1.0,1.0,1.0,1.0,1.0,1.0,0.999894,0.999999981661426,0.9600817281601494,0.8636017850124371,0.9933071490757153,0.9890130573694068
524,1,0.0,1.0,1.0,1.0,0.0,0.0,1.0,9.052045e-09,0.9999999328837517,0.9601537885718031,0.1,0.9933071490757153,0.9890130573694068
525,1,0.0,1.0,1.0,1.0,0.0,0.0,1.0,6.262079e-08,0.9999995402566514,0.9600684683018558,0.1124499008979539,0.9933071490757153,0.9890130573694068
526,1,0.0,1.0,1.0,1.0,0.0,0.0,1.0,0.31809154,0.999844490408347,0.960160053047808,0.47331730836159214,0.9933071490757153,0.9890130573694068
527,1,1.0,1.0,1.0,1.0,1.0,1.0,1.0,1.0,0.9996664292396218,0.9601581445459444,0.9931635149347483,0.9933071490757153,0.9890130573694068
528,1,0.0,1.0,1.0,1.0,0.0,0.0,1.0,0.04592413,0.9999993788168322,0.9600718532136177,0.11500863251374399,0.9933071490757153,0.9890130573694068
529,1,1.0,1.0,1.0,1.0,1.0,1.0,1.0,0.99999106,0.9999992919482256,0.960145487730404,0.3481155896464666,0.9933071490757153,0.9890130573694068
530,1,0.0,1.0,1.0,1.0,0.0,0.0,1.0,0.40451518,0.9997152157282349,0.9600231542266907,0.44620067542254693,0.9933071490757153,0.9890130573694068
531,1,0.0,1.0,1.0,1.0,0.0,0.0,1.0,0.00393037,0.999867124871179,0.9600789450352277,0.1,0.9933071490757153,0.9890130573694068
532,1,1.0,1.0,1.0,1.0,1.0,1.0,1.0,0.9999887,0.999441668409497,0.9601002039501523,0.22971575689438364,0.9933071490757153,0.9890130573694068
533,1,1.0,1.0,1.0,1.0,1.0,1.0,1.0,0.7641396,0.9985005206627557,0.9601141160902424,0.3446579949739784,0.9933071490757153,0.9890130573694068
534,1,0.0,1.0,1.0,1.0,0.0,0.0,1.0,0.05615122,0.9996743187352538,0.9601578312195216,0.35394115108615354,0.9933071490757153,0.9890130573694068
535,1,0.0,1.0,1.0,1.0,0.0,0.0,1.0,0.031798217,0.999290345130339,0.9601774325910539,0.1,0.9933071490757153,0.9890130573694068
536,1,0.0,1.0,1.0,1.0,0.0,0.0,1.0,4.0193294e-07,0.9999461683419393,0.9601788367590456,0.15939586521311994,0.9933071490757153,0.9890130573694068
537,1,1.0,1.0,1.0,1.0,1.0,1.0,1.0,1.0,0.9998383547695588,0.9601794281811907,0.7262772993483216,0.9933071490757153,0.9890130573694068
538,1,1.0,1.0,1.0,1.0,1.0,1.0,1.0,0.99999475,0.999944679091278,0.960245891148152,0.8179246433662261,0.9933071490757153,0.9890130573694068
539,1,1.0,1.0,1.0,1.0,1.0,1.0,1.0,0.9982608,0.9999994604199794,0.9601291719354881,0.5154595898795715,0.9933071490757153,0.9890130573694068
540,1,0.0,1.0,1.0,1.0,0.0,0.0,1.0,5.019511e-07,0.9996032176730397,0.9602396248169093,0.208057853726168,0.9933071490757153,0.9890130573694068
541,1,1.0,1.0,1.0,1.0,1.0,1.0,1.0,0.9999995,0.9994990668643379,0.9600978407066028,0.9860800927692653,0.9933071490757153,0.9890130573694068
542,1,0.0,1.0,1.0,1.0,0.0,0.0,1.0,1.0468988e-06,0.9998150774136295,0.9601994829339683,0.1,0.9933071490757153,0.9890130573694068
543,1,0.0,1.0,1.0,1.0,0.0,0.0,1.0,0.00050206337,0.9997990818156075,0.9601195428971327,0.10493658788995981,0.9933071490757153,0.9890130573694068
544,1,0.0,1.0,1.0,1.0,0.0,0.0,1.0,3.182086e-06,0.9999993702035963,0.96020209130531,0.16005252749983098,0.9933071490757153,0.9890130573694068
545,1,1.0,1.0,1.0,1.0,1.0,1.0,1.0,0.99941456,0.9999999297784216,0.960075151117855,0.8264653530406347,0.9933071490757153,0.9890130573694068
546,1,0.0,1.0,1.0,1.0,0.0,0.0,1.0,2.7610114e-10,0.9999999576271896,0.9600972824441631,0.27664654617812273,0.9933071490757153,0.9890130573694068
547,1,0.0,1.0,1.0,1.0,0.0,0.0,1.0,0.0005764491,0.9999998563944916,0.9599765439248016,0.2289257411616395,0.9933071490757153,0.9890130573694068
548,1,1.0,1.0,1.0,1.0,1.0,1.0,1.0,0.9998565,0.9999999730170921,0.9600875986824088,0.793681205625227,0.9933071490757153,0.9890130573694068
549,1,1.0,1.0,1.0,1.0,1.0,1.0,1.0,0.99999905,0.9999993627755553,0.9601358886466768,0.7624456434651173,0.9933071490757153,0.9890130573694068
550,1,0.0,1.0,1.0,1.0,0.0,0.0,1.0,5.3296603e-13,0.9992707153174712,0.9601106512192094,0.1,0.9933071490757153,0.9890130573694068
551,1,1.0,1.0,1.0,1.0,1.0,1.0,1.0,0.9999995,0.998226996547704,0.960179358887665,0.829756263590576,0.9933071490757153,0.9890130573694068
552,1,0.0,1.0,1.0,1.0,0.0,0.0,1.0,0.05615122,0.9988855248764646,0.9601321486471358,0.35394115108615354,0.9933071490757153,0.9890130573694068
553,1,1.0,1.0,1.0,1.0,1.0,1.0,1.0,0.99989545,0.9999984562923562,0.9601051024786648,0.12747679283028568,0.9933071490757153,0.9890130573694068
554,1,0.0,1.0,1.0,1.0,0.0,0.0,1.0,1.13844976e-07,0.9999996368952092,0.9602215816031789,0.7084383438150016,0.9933071490757153,0.9890130573694068
555,1,0.0,1.0,1.0,1.0,0.0,0.0,1.0,3.1074163e-10,0.9999545597410517,0.9601300186696573,0.23609537172465664,0.9933071490757153,0.9890130573694068
556,1,0.0,1.0,1.0,1.0,0.0,0.0,1.0,0.060391787,0.9999999827940048,0.960288497054215,0.4456026105394762,0.9933071490757153,0.9890130573694068
557,1,0.0,1.0,1.0,1.0,0.0,0.0,1.0,3.1835095e-06,0.9999999896373237,0.9601252334315993,0.25596994349984514,0.9933071490757153,0.9890130573694068
558,1,0.0,1.0,1.0,1.0,0.0,0.0,1.0,8.610545e-09,0.9999999827930135,0.960063067367013,0.10066458447562698,0.9933071490757153,0.9890130573694068
559,1,1.0,1.0,1.0,1.0,1.0,1.0,1.0,0.9998565,0.9999999844362784,0.9601105185268938,0.793681205625227,0.9933071490757153,0.9890130573694068
560,1,1.0,1.0,1.0,1.0,1.0,1.0,1.0,0.9999329,0.9999999750756761,0.9601618239081221,0.9230955087029421,0.9933071490757153,0.9890130573694068
561,1,0.0,1.0,1.0,1.0,0.0,0.0,1.0,6.925973e-10,0.9999999899805248,0.9600694538107523,0.1,0.9933071490757153,0.9890130573694068
562,1,0.0,1.0,1.0,1.0,0.0,0.0,1.0,2.877962e-05,0.9999999679637257,0.9601298994764883,0.1637263713390665,0.9933071490757153,0.9890130573694068
563,1,0.0,1.0,1.0,1.0,0.0,0.0,1.0,1.8841314e-11,0.9999998090584636,0.9601719856773941,0.1,0.9933071490757153,0.9890130573694068
564,1,1.0,1.0,1.0,1.0,1.0,1.0,1.0,1.0,0.9999999796097537,0.9600853814530775,0.8529477485773562,0.9933071490757153,0.9890130573694068
565,1,1.0,1.0,1.0,1.0,1.0,1.0,1.0,0.99999964,0.9999999876503176,0.9600587494734154,0.7161696688798305,0.9933071490757153,0.9890130573694068
566,1,1.0,1.0,1.0,1.0,1.0,1.0,1.0,1.0,0.9999999743388662,0.9600426425514443,0.9812807497055682,0.9933071490757153,0.9890130573694068
567,1,1.0,1.0,1.0,1.0,1.0,1.0,1.0,1.0,0.9999999965174159,0.9601253873029202,0.9873682488131492,0.9933071490757153,0.9890130573694068
568,1,1.0,1.0,1.0,1.0,1.0,1.0,1.0,1.0,0.9999999985980159,0.9601930594194348,0.5607509206405555,0.9933071490757153,0.9890130573694068
569,1,1.0,1.0,1.0,1.0,1.0,1.0,1.0,1.0,0.9999999999387826,0.9601472601591939,0.969819293970859,0.9933071490757153,0.9890130573694068
570,1,1.0,1.0,1.0,1.0,1.0,1.0,1.0,0.9940631,0.9999999999824526,0.9601605722919082,0.23881065936440873,0.9933071490757153,0.9890130573694068
571,1,1.0,1.0,1.0,1.0,1.0,1.0,1.0,1.0,0.9999999996994551,0.9602128263627651,0.1,0.9933071490757153,0.9890130573694068
572,1,1.0,1.0,1.0,1.0,1.0,1.0,1.0,1.0,0.9999999992666372,0.9602759376519506,0.9750660900921879,0.9933071490757153,0.9890130573694068
573,1,1.0,1.0,1.0,1.0,1.0,1.0,1.0,0.98070014,0.9999999993163293,0.9601964862889695,0.11996577910489431,0.9933071490757153,0.9890130573694068
574,1,1.0,1.0,1.0,1.0,1.0,1.0,1.0,0.99660194,0.9999999994156917,0.9602127509563557,0.9835221947838957,0.9933071490757153,0.9890130573694068
575,1,1.0,1.0,1.0,1.0,1.0,1.0,1.0,1.0,0.9999999998908778,0.960161229807618,0.24005483686382165,0.9933071490757153,0.9890130573694068
576,1,0.0,1.0,1.0,1.0,0.0,0.0,1.0,0.0001540126,0.9999999969254271,0.9601330735551699,0.5405024686143772,0.9933071490757153,0.9890130573694068
577,1,1.0,1.0,1.0,1.0,1.0,1.0,1.0,0.8941306,0.9999999992681609,0.960137102298365,0.28327168808570885,0.9933071490757153,0.9890130573694068
578,1,0.0,1.0,1.0,1.0,0.0,0.0,1.0,8.0559534e-05,0.9999999985562897,0.9600832898306213,0.7560651565165247,0.9933071490757153,0.9890130573694068
579,1,1.0,1.0,1.0,1.0,1.0,1.0,1.0,1.0,0.9999999999931316,0.9601177169200471,0.9306642390720351,0.9933071490757153,0.9890130573694068
580,1,1.0,1.0,1.0,1.0,1.0,1.0,1.0,1.0,0.9999999998205504,0.960093088150891,0.9758998263068338,0.9933071490757153,0.9890130573694068
581,1,1.0,1.0,1.0,1.0,1.0,1.0,1.0,0.9999994,0.9999999999959857,0.960141750132041,0.6218555046125047,0.9933071490757153,0.9890130573694068
582,1,1.0,1.0,1.0,1.0,1.0,1.0,1.0,0.9999962,0.9999999999978193,0.9601122972958758,0.8725307005263359,0.9933071490757153,0.9890130573694068
583,1,1.0,1.0,1.0,1.0,1.0,1.0,1.0,1.0,0.9999999999956813,0.9600694297835067,0.9789116443689069,0.9933071490757153,0.9890130573694068
584,1,0.0,1.0,1.0,1.0,0.0,0.0,1.0,7.318876e-09,0.9999999999030412,0.9600882487612756,0.1,0.9933071490757153,0.9890130573694068
585,0,1.0,0.8833333333333333,1.0,1.0,0.0,1.0,1.0,1.0438133e-06,0.37691875676665315,0.20635275390007593,0.360614941119277,0.9933071490757153,0.9890130573694068
586,0,1.0,1.0,1.0,1.0,1.0,1.0,1.0,5.9596e-07,0.006161609393793547,0.017990222125778506,0.24784347680429555,0.9933071490757153,0.9890130573694068
587,0,1.0,1.0,1.0,1.0,1.0,1.0,1.0,1.0114667e-09,0.004061589913019242,0.017976505119884564,0.7765536816392242,0.9933071490757153,0.9890130573694068
588,0,1.0,1.0,1.0,1.0,1.0,1.0,1.0,6.596411e-08,0.003981825808162552,0.017995431399827753,0.1,0.9933071490757153,0.9890130573694068
589,0,1.0,1.0,1.0,1.0,1.0,1.0,1.0,4.0607678e-13,0.004484932331127427,0.017974699050229612,0.17116205092248707,0.9933071490757153,0.9890130573694068
590,0,1.0,1.0,1.0,1.0,1.0,1.0,1.0,0.0975153,0.003974844812758266,0.01801259609885377,0.21965283413485717,0.9933071490757153,0.9890130573694068
591,0,1.0,1.0,1.0,1.0,1.0,1.0,1.0,0.081150405,0.004519127869613334,0.017953278975016786,0.10084364458481226,0.9933071490757153,0.9890130573694068
592,0,1.0,1.0,1.0,1.0,1.0,1.0,1.0,0.0019498431,0.005574562136177479,0.01797565562842489,0.22032606168495303,0.9933071490757153,0.9890130573694068
593,0,1.0,1.0,1.0,1.0,1.0,1.0,1.0,1.403558e-07,0.0037029406485515636,0.017945922573305795,0.6565221755974935,0.9933071490757153,0.9890130573694068
594,0,1.0,1.0,1.0,1.0,1.0,1.0,1.0,6.844463e-13,0.0040665168851687725,0.017959766994317415,0.581655829028588,0.9933071490757153,0.9890130573694068
595,0,1.0,1.0,1.0,1.0,1.0,1.0,1.0,2.0171612e-14,0.004607653111438894,0.01799976895035553,0.1,0.9933071490757153,0.9890130573694068
596,0,1.0,1.0,1.0,1.0,1.0,1.0,1.0,1.3351032e-06,0.004062856708285035,0.01797418951490769,0.3981019082514313,0.9933071490757153,0.9890130573694068
597,0,1.0,1.0,1.0,1.0,1.0,1.0,1.0,2.3807635e-13,0.004831627995701871,0.017989493350902348,0.1,0.9933071490757153,0.9890130573694068
598,0,1.0,1.0,1.0,1.0,1.0,1.0,1.0,1.1617486e-13,0.005208505575379141,0.017999653450018537,0.1508099666133179,0.9933071490757153,0.9890130573694068
599,0,1.0,1.0,1.0,1.0,1.0,1.0,1.0,1.1760092e-07,0.004181731599170952,0.01803138911956568,0.9715491283584552,0.9933071490757153,0.9890130573694068
600,0,1.0,1.0,1.0,1.0,1.0,1.0,1.0,2.6469087e-15,0.0039136576400459235,0.01799555613833549,0.13934125781341622,0.9933071490757153,0.9890130573694068
601,0,1.0,1.0,1.0,1.0,1.0,1.0,1.0,0.2258275,0.004743917976358856,0.017992855846526854,0.2638139961312082,0.9933071490757153,0.9890130573694068
602,0,1.0,1.0,1.0,1.0,1.0,1.0,1.0,1.1344999e-19,0.0046049020827610854,0.01803469313380375,0.1,0.9933071490757153,0.9890130573694068
603,0,0.0,1.0,1.0,1.0,0.0,0.0,1.0,1.0,0.0032798146867144204,0.017929590856901878,0.1,0.9933071490757153,0.9890130573694068
604,0,1.0,1.0,1.0,1.0,1.0,1.0,1.0,0.03330901,0.003483982067647396,0.01801686208038729,0.1,0.9933071490757153,0.9890130573694068
605,0,1.0,1.0,1.0,1.0,1.0,1.0,1.0,0.0012256362,0.0031887404257625097,0.017959747261454728,0.19697396312828405,0.9933071490757153,0.9890130573694068
606,1,1.0,1.0,1.0,1.0,1.0,1.0,1.0,1.0,0.7843284536441248,0.7771566252169061,0.9915594034391998,0.9933071490757153,0.9890130573694068
607,1,0.0,1.0,1.0,1.0,0.0,0.0,1.0,0.013843207,0.99999999999997,0.9871805455199573,0.15944525857378444,0.9933071490757153,0.9890130573694068
608,1,1.0,1.0,1.0,1.0,1.0,1.0,1.0,0.99999976,0.99999999999997,0.9871704000299916,0.9518837431247664,0.9933071490757153,0.9890130573694068
609,1,0.0,1.0,1.0,1.0,0.0,0.0,1.0,4.4031574e-09,0.99999999999997,0.9871854121960233,0.1,0.9933071490757153,0.9890130573694068
610,1,1.0,1.0,1.0,1.0,1.0,1.0,1.0,1.0,0.99999999999997,0.9871664749688456,0.9575053130176785,0.9933071490757153,0.9890130573694068
611,1,1.0,1.0,1.0,1.0,1.0,1.0,1.0,0.97262335,0.99999999999997,0.9871875985457385,0.2181989673676442,0.9933071490757153,0.9890130573694068
612,1,0.0,1.0,1.0,1.0,0.0,0.0,1.0,1.6964525e-05,0.9999999999999697,0.9871187726754808,0.1,0.9933071490757153,0.9890130573694068
613,0,1.0,1.0,1.0,1.0,1.0,1.0,1.0,1.5104838e-07,0.023079000959326582,0.018000693305375823,0.8725675054899336,0.9933071490757153,0.9890130573694068
614,0,1.0,1.0,1.0,1.0,1.0,1.0,1.0,1.3938106e-05,0.0049381271227256105,0.017973466887467652,0.1,0.9933071490757153,0.9890130573694068
615,0,1.0,1.0,1.0,1.0,1.0,1.0,1.0,1.3996516e-08,0.005023339018269759,0.017984125431796387,0.23982410790067268,0.9933071490757153,0.9890130573694068
616,0,1.0,1.0,1.0,1.0,1.0,1.0,1.0,0.00068325363,0.004045436630608704,0.017967711943776256,0.505346670723484,0.9933071490757153,0.9890130573694068
617,0,1.0,1.0,1.0,1.0,1.0,1.0,1.0,0.0003154628,0.004450281729129645,0.017951606790382667,0.4317503059259385,0.9933071490757153,0.9890130573694068
618,0,1.0,1.0,1.0,1.0,1.0,1.0,1.0,9.184082e-08,0.005150224149143767,0.017947483471096926,0.18224196795611527,0.9933071490757153,0.9890130573694068
619,0,0.0,1.0,1.0,1.0,0.0,0.0,1.0,0.94741654,0.00472967898094035,0.017997914778161754,0.1,0.9933071490757153,0.9890130573694068
620,1,1.0,0.9833333333333333,1.0,1.0,1.0,1.0,1.0,1.0,0.9334874606107512,0.9058799234529005,0.9864913720705107,0.9933071490757153,0.9890130573694068
621,1,1.0,1.0,1.0,1.0,1.0,1.0,1.0,0.9999999,0.99999999999997,0.9865574616446942,0.6877821196884998,0.9933071490757153,0.9890130573694068
622,1,0.0,1.0,1.0,1.0,0.0,0.0,1.0,0.013843207,0.99999999999997,0.9865143435962185,0.15944525857378444,0.9933071490757153,0.9890130573694068
623,1,1.0,1.0,1.0,1.0,1.0,1.0,1.0,1.0,0.99999999999997,0.9865203829845826,0.9920103926016858,0.9933071490757153,0.9890130573694068
624,1,1.0,1.0,1.0,1.0,1.0,1.0,1.0,1.0,0.99999999999997,0.9865442022163885,0.964475120765358,0.9933071490757153,0.9890130573694068
625,1,1.0,1.0,1.0,1.0,1.0,1.0,1.0,0.9999999,0.99999999999997,0.9865270132132022,0.8917400970977925,0.9933071490757153,0.9890130573694068
626,1,1.0,1.0,1.0,1.0,1.0,1.0,1.0,0.9999999,0.99999999999997,0.9865408320926659,0.9955802905303152,0.9933071490757153,0.9890130573694068
627,1,0.0,1.0,1.0,1.0,0.0,0.0,1.0,1.3267129e-13,0.99999999999997,0.9865059515943858,0.1,0.9933071490757153,0.9890130573694068
628,1,0.0,1.0,1.0,1.0,0.0,0.0,1.0,3.8667198e-13,0.99999999999997,0.9865181016594413,0.6522454919679315,0.9933071490757153,0.9890130573694068
629,1,0.0,1.0,1.0,1.0,0.0,0.0,1.0,0.20564881,0.99999999999997,0.9865466749179945,0.13753724168667542,0.9933071490757153,0.9890130573694068
630,1,0.0,1.0,1.0,1.0,0.0,0.0,1.0,0.00076734764,0.99999999999997,0.9865363135477436,0.13630758814205332,0.9933071490757153,0.9890130573694068
631,1,1.0,1.0,1.0,1.0,1.0,1.0,1.0,1.0,0.99999999999997,0.9865257089060193,0.1,0.9933071490757153,0.9890130573694068
632,1,0.0,1.0,1.0,1.0,0.0,0.0,1.0,2.2248539e-13,0.99999999999997,0.9865523918398136,0.1,0.9933071490757153,0.9890130573694068
633,1,0.0,1.0,1.0,1.0,0.0,0.0,1.0,3.39902e-09,0.99999999999997,0.9865551673770471,0.1,0.9933071490757153,0.9890130573694068
634,1,1.0,1.0,1.0,1.0,1.0,1.0,1.0,0.99997497,0.99999999999997,0.9865157982889372,0.7859768829308522,0.9933071490757153,0.9890130573694068
635,1,0.0,1.0,1.0,1.0,0.0,0.0,1.0,7.491212e-12,0.99999999999997,0.9864994535002248,0.5549181182471378,0.9933071490757153,0.9890130573694068
636,1,1.0,1.0,1.0,1.0,1.0,1.0,1.0,0.99965835,0.99999999999997,0.986537596255166,0.1382774172498656,0.9933071490757153,0.9890130573694068
637,1,0.0,1.0,1.0,1.0,0.0,0.0,1.0,1.00107425e-08,0.99999999999997,0.9865403789805286,0.1,0.9933071490757153,0.9890130573694068
638,1,0.0,1.0,1.0,1.0,0.0,0.0,1.0,4.0193294e-07,0.99999999999997,0.9865443274979049,0.15939586521311994,0.9933071490757153,0.9890130573694068
639,1,1.0,1.0,1.0,1.0,1.0,1.0,1.0,1.0,0.99999999999997,0.9864974222502535,0.945777167119925,0.9933071490757153,0.9890130573694068
640,1,1.0,1.0,1.0,1.0,1.0,1.0,1.0,0.9999963,0.99999999999997,0.9865326468533995,0.1,0.9933071490757153,0.9890130573694068
641,1,1.0,1.0,1.0,1.0,1.0,1.0,1.0,0.99984264,0.99999999999997,0.9865317792421362,0.3621967735106115,0.9933071490757153,0.9890130573694068
642,1,1.0,1.0,1.0,1.0,1.0,1.0,1.0,1.0,0.99999999999997,0.9864875294048094,0.8095092967868062,0.9933071490757153,0.9890130573694068
643,1,1.0,1.0,1.0,1.0,1.0,1.0,1.0,0.99868864,0.99999999999997,0.9865428583774514,0.3016632426805397,0.9933071490757153,0.9890130573694068
644,1,1.0,1.0,1.0,1.0,1.0,1.0,1.0,0.6648519,0.99999999999997,0.9865513934584167,0.27748846175743747,0.9933071490757153,0.9890130573694068
645,1,0.0,1.0,1.0,1.0,0.0,0.0,1.0,3.0646575e-07,0.99999999999997,0.9864923126151764,0.1466639483348879,0.9933071490757153,0.9890130573694068
646,0,1.0,0.9833333333333333,1.0,1.0,0.0,0.0,1.0,4.8156664e-07,0.38759421042481973,0.32472095250126076,0.9945296523631911,0.9933071490757153,0.9890130573694068
647,0,1.0,1.0,1.0,1.0,1.0,1.0,1.0,0.00073812786,0.008376883425114775,0.018023734692067903,0.4424063137872326,0.9933071490757153,0.9890130573694068
648,0,1.0,1.0,1.0,1.0,1.0,1.0,1.0,0.028677458,0.005714900414907134,0.018014293653428267,0.8515317681829936,0.9933071490757153,0.9890130573694068
649,0,1.0,1.0,1.0,1.0,1.0,1.0,1.0,9.395778e-07,0.003818326649167464,0.017940408707795993,0.2721272356998914,0.9933071490757153,0.9890130573694068
650,0,1.0,1.0,1.0,1.0,1.0,1.0,1.0,0.00912328,0.0029241969023862282,0.017978217659805354,0.9953361046808069,0.9933071490757153,0.9890130573694068
651,0,1.0,1.0,1.0,1.0,1.0,1.0,1.0,9.605308e-11,0.0062103497275711236,0.017995162706643777,0.1,0.9933071490757153,0.9890130573694068
652,0,1.0,1.0,1.0,1.0,1.0,1.0,1.0,1.6085827e-06,0.0043877696940883325,0.018021561678460023,0.2709651753765941,0.9933071490757153,0.9890130573694068
653,0,1.0,1.0,1.0,1.0,1.0,1.0,1.0,3.777625e-05,0.004546771235604735,0.01800946876825554,0.36546984893776613,0.9933071490757153,0.9890130573694068
654,0,1.0,1.0,1.0,1.0,1.0,1.0,1.0,1.5583555e-05,0.003207402182698207,0.018000230989148994,0.4109959068628621,0.9933071490757153,0.9890130573694068
655,0,1.0,1.0,1.0,1.0,1.0,1.0,1.0,0.09896426,0.004318168199812502,0.01794642934339592,0.9849051473533486,0.9933071490757153,0.9890130573694068
656,0,1.0,1.0,1.0,1.0,1.0,1.0,1.0,8.712404e-14,0.004712571517816035,0.018029995671777568,0.1398265695899392,0.9933071490757153,0.9890130573694068
657,0,1.0,1.0,1.0,1.0,1.0,1.0,1.0,3.1901266e-08,0.004026881627540026,0.017973330960237247,0.4568602564183055,0.9933071490757153,0.9890130573694068
658,0,1.0,1.0,1.0,1.0,1.0,1.0,1.0,0.0017798116,0.005598762919329436,0.01795588190577458,0.9946543023829626,0.9933071490757153,0.9890130573694068
659,0,1.0,1.0,1.0,1.0,1.0,1.0,1.0,8.882385e-06,0.004088288755312512,0.01797750180707898,0.47149900346684975,0.9933071490757153,0.9890130573694068
660,0,1.0,1.0,1.0,1.0,1.0,1.0,1.0,2.465542e-09,0.004950614016365619,0.018000869803686037,0.1693688924473486,0.9933071490757153,0.9890130573694068
661,0,1.0,1.0,1.0,1.0,1.0,1.0,1.0,0.00018184292,0.004159066829337521,0.01794542187810334,0.8310382070304048,0.9933071490757153,0.9890130573694068
662,0,1.0,1.0,1.0,1.0,1.0,1.0,1.0,0.0046526757,0.005020047370310176,0.017933104868464864,0.9820208565844489,0.9933071490757153,0.9890130573694068
663,0,1.0,1.0,1.0,1.0,1.0,1.0,1.0,2.8611377e-05,0.0038913080227531783,0.017961583305262766,0.2914126610719057,0.9933071490757153,0.9890130573694068
664,0,1.0,1.0,1.0,1.0,1.0,1.0,1.0,4.4303877e-07,0.006409018505939667,0.017921154493260896,0.36026316901814254,0.9933071490757153,0.9890130573694068
665,0,1.0,1.0,1.0,1.0,1.0,1.0,1.0,5.869356e-15,0.00509211280273687,0.017975805676674485,0.1,0.9933071490757153,0.9890130573694068
666,0,1.0,1.0,1.0,1.0,1.0,1.0,1.0,0.058941208,0.005126598979066607,0.01800407898821714,0.17337633638430017,0.9933071490757153,0.9890130573694068
667,0,1.0,1.0,1.0,1.0,1.0,1.0,1.0,4.1904113e-06,0.003731658617424897,0.017993329292456953,0.4614532414044871,0.9933071490757153,0.9890130573694068
668,0,1.0,0.9833333333333333,1.0,1.0,0.0,0.0,1.0,1.3996516e-08,0.335119069805254,0.319358244808673,0.23982410790067268,0.9933071490757153,0.9890130573694068
669,1,1.0,1.0,1.0,1.0,1.0,1.0,1.0,1.0,0.99999999999997,0.9696347364755389,0.8045312074944478,0.9933071490757153,0.9890130573694068
670,1,1.0,1.0,1.0,1.0,1.0,1.0,1.0,0.9999994,0.99999999999997,0.9695767609210143,0.9787235923133191,0.9933071490757153,0.9890130573694068
671,1,0.0,1.0,1.0,1.0,0.0,0.0,1.0,1.0023421e-13,0.99999999999997,0.9695614169923439,0.1958566179893897,0.9933071490757153,0.9890130573694068
672,1,1.0,1.0,1.0,1.0,1.0,1.0,1.0,1.0,0.99999999999997,0.9696285061770553,0.9222564444734225,0.9933071490757153,0.9890130573694068
673,1,0.0,1.0,1.0,1.0,0.0,0.0,1.0,0.0008222261,0.99999999999997,0.9695930369153245,0.32899309489453316,0.9933071490757153,0.9890130573694068
674,1,1.0,1.0,1.0,1.0,1.0,1.0,1.0,0.9999999,0.99999999999997,0.969599468325605,0.9604356016777084,0.9933071490757153,0.9890130573694068
675,1,1.0,1.0,1.0,1.0,1.0,1.0,1.0,0.9999994,0.99999999999997,0.969635966669305,0.6218555046125047,0.9933071490757153,0.9890130573694068
676,1,1.0,1.0,1.0,1.0,1.0,1.0,1.0,0.99999714,0.99999999999997,0.9696229114429405,0.9441213021370684,0.9933071490757153,0.9890130573694068
677,1,0.0,1.0,1.0,1.0,0.0,0.0,1.0,0.088493705,0.99999999999997,0.9696696586751473,0.1,0.9933071490757153,0.9890130573694068
678,1,1.0,1.0,1.0,1.0,1.0,1.0,1.0,0.9991165,0.99999999999997,0.9695495158557588,0.30412481989553225,0.9933071490757153,0.9890130573694068
679,1,1.0,1.0,1.0,1.0,1.0,1.0,1.0,0.9998671,0.99999999999997,0.9696147711055522,0.35969018948067194,0.9933071490757153,0.9890130573694068
680,1,1.0,1.0,1.0,1.0,1.0,1.0,1.0,0.9646426,0.99999999999997,0.9696316047996446,0.2667319111589808,0.9933071490757153,0.9890130573694068
681,1,1.0,1.0,1.0,1.0,1.0,1.0,1.0,1.0,0.99999999999997,0.9697026209120911,0.9920103926016858,0.9933071490757153,0.9890130573694068
682,1,0.0,1.0,1.0,1.0,0.0,0.0,1.0,0.00026468036,0.99999999999997,0.9696766239337863,0.1578042240558972,0.9933071490757153,0.9890130573694068
683,1,0.0,1.0,1.0,1.0,0.0,0.0,1.0,8.8034294e-13,0.99999999999997,0.9696309174586593,0.1,0.9933071490757153,0.9890130573694068
684,1,0.0,1.0,1.0,1.0,0.0,0.0,1.0,2.7121649e-08,0.99999999999997,0.9697247541136219,0.10941237560380301,0.9933071490757153,0.9890130573694068
685,1,0.0,1.0,1.0,1.0,0.0,0.0,1.0,2.4337836e-05,0.99999999999997,0.9696784459004255,0.17093211704614636,0.9933071490757153,0.9890130573694068
686,1,0.0,1.0,1.0,1.0,0.0,0.0,1.0,1.0134024e-11,0.99999999999997,0.969627405955071,0.1,0.9933071490757153,0.9890130573694068
687,1,1.0,1.0,1.0,1.0,1.0,1.0,1.0,0.9999573,0.99999999999997,0.969572636556465,0.8287972059470728,0.9933071490757153,0.9890130573694068
688,1,0.0,1.0,1.0,1.0,0.0,0.0,1.0,0.27001923,0.99999999999997,0.9696200521797904,0.836121259323154,0.9933071490757153,0.9890130573694068
689,1,0.0,1.0,1.0,1.0,0.0,0.0,1.0,0.0077231512,0.99999999999997,0.9696024792935466,0.1,0.9933071490757153,0.9890130573694068
690,1,0.0,1.0,1.0,1.0,0.0,0.0,1.0,0.0004256356,0.99999999999997,0.9695986518570293,0.25788466273232025,0.9933071490757153,0.9890130573694068
691,1,1.0,1.0,1.0,1.0,1.0,1.0,1.0,1.0,0.99999999999997,0.969650299329281,0.9462946107172504,0.9933071490757153,0.9890130573694068
692,1,1.0,1.0,1.0,1.0,1.0,1.0,1.0,0.9998857,0.99999999999997,0.9695789464009741,0.8260389069469849,0.9933071490757153,0.9890130573694068
693,1,1.0,1.0,1.0,1.0,1.0,1.0,1.0,0.99999976,0.99999999999997,0.9695514892251137,0.5307919415183049,0.9933071490757153,0.9890130573694068
694,0,1.0,0.9833333333333333,1.0,1.0,0.0,1.0,1.0,0.0006630607,0.30997793143050334,0.2400037677304769,0.3365704922900038,0.9933071490757153,0.9890130573694068
695,1,1.0,0.9833333333333333,1.0,1.0,1.0,1.0,1.0,0.9966568,0.8835525849406316,0.8354321318073051,0.14511242535923666,0.9933071490757153,0.9890130573694068
696,1,1.0,1.0,1.0,1.0,1.0,1.0,1.0,0.80694675,0.9999999999999575,0.9611241926732229,0.700738522660682,0.9933071490757153,0.9890130573694068
697,1,1.0,1.0,1.0,1.0,1.0,1.0,1.0,0.9999887,0.999999999999918,0.9612952823093475,0.22971575689438364,0.9933071490757153,0.9890130573694068
698,1,0.0,1.0,1.0,1.0,0.0,0.0,1.0,7.512862e-08,0.9999999999997538,0.9610593803505538,0.7372206264503378,0.9933071490757153,0.9890130573694068
699,1,0.0,1.0,1.0,1.0,0.0,0.0,1.0,6.6756826e-08,0.9999999999998966,0.9610732025386047,0.1,0.9933071490757153,0.9890130573694068
700,1,1.0,1.0,1.0,1.0,1.0,1.0,1.0,0.8602761,0.999999999999917,0.961086061297117,0.13288092514967986,0.9933071490757153,0.9890130573694068
701,1,1.0,1.0,1.0,1.0,1.0,1.0,1.0,0.9999995,0.9999999999999692,0.9611453123831905,0.1,0.9933071490757153,0.9890130573694068
702,1,0.0,1.0,1.0,1.0,0.0,0.0,1.0,1.2026122e-11,0.9999999999999662,0.9610953294366685,0.1,0.9933071490757153,0.9890130573694068
703,1,0.0,1.0,1.0,1.0,0.0,0.0,1.0,0.028930007,0.9999999999999697,0.9610032472171672,0.1,0.9933071490757153,0.9890130573694068
704,1,1.0,1.0,1.0,1.0,1.0,1.0,1.0,1.0,0.9999999999999685,0.9611914402730538,0.9034346147689368,0.9933071490757153,0.9890130573694068
705,1,0.0,1.0,1.0,1.0,0.0,0.0,1.0,1.4637905e-07,0.99999999999997,0.9611887761122726,0.10798594673425546,0.9933071490757153,0.9890130573694068
706,1,1.0,1.0,1.0,1.0,1.0,1.0,1.0,0.9894544,0.9999999999999668,0.9611213482514397,0.5684798103835449,0.9933071490757153,0.9890130573694068
707,1,1.0,1.0,1.0,1.0,1.0,1.0,1.0,0.9999994,0.999999999999969,0.9612695926024667,0.9787235923133191,0.9933071490757153,0.9890130573694068
708,1,0.0,1.0,1.0,1.0,0.0,0.0,1.0,2.090534e-06,0.99999999999997,0.9611801007725221,0.1207713592846709,0.9933071490757153,0.9890130573694068
709,1,0.0,1.0,1.0,1.0,0.0,0.0,1.0,1.5360567e-05,0.99999999999997,0.9612218446251607,0.31436952619947595,0.9933071490757153,0.9890130573694068
710,1,1.0,1.0,1.0,1.0,1.0,1.0,1.0,0.9999995,0.99999999999997,0.9611336478986553,0.829756263590576,0.9933071490757153,0.9890130573694068
711,1,0.0,1.0,1.0,1.0,0.0,0.0,1.0,0.026946016,0.99999999999997,0.9611934226691952,0.15857330328742758,0.9933071490757153,0.9890130573694068
712,1,1.0,1.0,1.0,1.0,1.0,1.0,1.0,0.9999889,0.9999999999999699,0.9610812296709326,0.958849528565614,0.9933071490757153,0.9890130573694068
713,1,1.0,1.0,1.0,1.0,1.0,1.0,1.0,0.99999905,0.99999999999997,0.9610777392813358,0.9796811669768255,0.9933071490757153,0.9890130573694068
714,1,1.0,1.0,1.0,1.0,1.0,1.0,1.0,1.0,0.99999999999997,0.9612080146742336,0.8080056088242598,0.9933071490757153,0.9890130573694068
715,1,0.0,1.0,1.0,1.0,0.0,0.0,1.0,2.2240744e-12,0.99999999999997,0.9611657817291902,0.10702353502596525,0.9933071490757153,0.9890130573694068
716,1,1.0,1.0,1.0,1.0,1.0,1.0,1.0,1.0,0.99999999999997,0.9611417435448958,0.1,0.9933071490757153,0.9890130573694068
717,1,1.0,1.0,1.0,1.0,1.0,1.0,1.0,0.9646426,0.99999999999997,0.9612104453473714,0.2667319111589808,0.9933071490757153,0.9890130573694068
718,1,0.0,1.0,1.0,1.0,0.0,0.0,1.0,2.2774207e-08,0.99999999999997,0.9611518254474702,0.1218864703460154,0.9933071490757153,0.9890130573694068
719,1,0.0,1.0,1.0,1.0,0.0,0.0,1.0,3.7601958e-14,0.99999999999997,0.9611365968024774,0.1,0.9933071490757153,0.9890130573694068
720,1,0.0,1.0,1.0,1.0,0.0,0.0,1.0,1.811046e-07,0.99999999999997,0.961184553611597,0.1,0.9933071490757153,0.9890130573694068
721,1,1.0,1.0,1.0,1.0,1.0,1.0,1.0,0.99999833,0.99999999999997,0.9611431045208819,0.33889680411281087,0.9933071490757153,0.9890130573694068
722,1,1.0,1.0,1.0,1.0,1.0,1.0,1.0,0.9867954,0.99999999999997,0.9611076632151961,0.1363418853158512,0.9933071490757153,0.9890130573694068
723,1,0.0,1.0,1.0,1.0,0.0,0.0,1.0,2.744968e-07,0.99999999999997,0.9612391205093435,0.1,0.9933071490757153,0.9890130573694068
724,1,0.0,1.0,1.0,1.0,0.0,0.0,1.0,3.1835095e-06,0.99999999999997,0.9611824707611311,0.25596994349984514,0.9933071490757153,0.9890130573694068
725,1,0.0,1.0,1.0,1.0,0.0,0.0,1.0,8.285195e-10,0.99999999999997,0.9612134852489034,0.2971557039126346,0.9933071490757153,0.9890130573694068
726,1,1.0,1.0,1.0,1.0,1.0,1.0,1.0,0.9877154,0.99999999999997,0.9611439970288749,0.5644839485710345,0.9933071490757153,0.9890130573694068
727,1,1.0,1.0,1.0,1.0,1.0,1.0,1.0,1.0,0.99999999999997,0.9611897472931026,0.9958062467479531,0.9933071490757153,0.9890130573694068
728,1,1.0,1.0,1.0,1.0,1.0,1.0,1.0,0.9395348,0.99999999999997,0.9611480744078865,0.23787670128294294,0.9933071490757153,0.9890130573694068
729,1,1.0,1.0,1.0,1.0,1.0,1.0,1.0,0.99999726,0.99999999999997,0.961232474264487,0.8533340828467918,0.9933071490757153,0.9890130573694068
730,1,1.0,1.0,1.0,1.0,1.0,1.0,1.0,0.9998493,0.99999999999997,0.9610910635669188,0.5551086370818827,0.9933071490757153,0.9890130573694068
731,1,1.0,1.0,1.0,1.0,1.0,1.0,1.0,0.9999869,0.99999999999997,0.9610461868911114,0.512071412414147,0.9933071490757153,0.9890130573694068
732,1,1.0,1.0,1.0,1.0,1.0,1.0,1.0,1.0,0.99999999999997,0.9611116582257474,0.9941958710576758,0.9933071490757153,0.9890130573694068
733,1,0.0,1.0,1.0,1.0,0.0,0.0,1.0,2.9484393e-15,0.99999999999997,0.9611178044038386,0.808833478453129,0.9933071490757153,0.9890130573694068
734,1,0.0,1.0,1.0,1.0,0.0,0.0,1.0,4.4031574e-09,0.99999999999997,0.9611820737198242,0.1,0.9933071490757153,0.9890130573694068
735,1,1.0,1.0,1.0,1.0,1.0,1.0,1.0,1.0,0.99999999999997,0.9610797937896558,0.9409426287405281,0.9933071490757153,0.9890130573694068
736,1,0.0,1.0,1.0,1.0,0.0,0.0,1.0,1.09002904e-08,0.99999999999997,0.9611790022939597,0.1,0.9933071490757153,0.9890130573694068
737,1,0.0,1.0,1.0,1.0,0.0,0.0,1.0,2.4166388e-07,0.99999999999997,0.9612319722892051,0.7333130235492731,0.9933071490757153,0.9890130573694068
738,1,1.0,1.0,1.0,1.0,1.0,1.0,1.0,0.9999995,0.99999999999997,0.9610980758151977,0.7707990431628677,0.9933071490757153,0.9890130573694068
739,1,1.0,1.0,1.0,1.0,1.0,1.0,1.0,1.0,0.99999999999997,0.9611158911052214,0.1,0.9933071490757153,0.9890130573694068
740,1,0.0,1.0,1.0,1.0,0.0,0.0,1.0,2.9562387e-11,0.99999999999997,0.9612387031411145,0.159943076028841,0.9933071490757153,0.9890130573694068
741,1,1.0,1.0,1.0,1.0,1.0,1.0,1.0,0.999894,0.99999999999997,0.9611812487284997,0.8636017850124371,0.9933071490757153,0.9890130573694068
742,1,0.0,1.0,1.0,1.0,0.0,0.0,1.0,0.00051328575,0.99999999999997,0.96111523036732,0.6171324028152051,0.9933071490757153,0.9890130573694068
743,1,1.0,1.0,1.0,1.0,1.0,1.0,1.0,0.9907742,0.99999999999997,0.961095333649992,0.2830999191903694,0.9933071490757153,0.9890130573694068
744,1,0.0,1.0,1.0,1.0,0.0,0.0,1.0,9.82165e-05,0.99999999999997,0.9610551597445783,0.10541103509512742,0.9933071490757153,0.9890130573694068
745,1,1.0,1.0,1.0,1.0,1.0,1.0,1.0,0.97262335,0.99999999999997,0.9611919431069006,0.2181989673676442,0.9933071490757153,0.9890130573694068
746,1,0.0,1.0,1.0,1.0,0.0,0.0,1.0,8.623155e-12,0.99999999999997,0.9611416912379508,0.1,0.9933071490757153,0.9890130573694068
747,1,1.0,1.0,1.0,1.0,1.0,1.0,1.0,0.9956222,0.99999999999997,0.9611031688615593,0.17475996680458714,0.9933071490757153,0.9890130573694068
748,1,1.0,1.0,1.0,1.0,1.0,1.0,1.0,0.9999832,0.99999999999997,0.961095645615501,0.6685772010090998,0.9933071490757153,0.9890130573694068
749,1,0.0,1.0,1.0,1.0,0.0,0.0,1.0,0.024423704,0.99999999999997,0.9610476019886254,0.14731443193041582,0.9933071490757153,0.9890130573694068
750,1,1.0,1.0,1.0,1.0,1.0,1.0,1.0,0.99997485,0.99999999999997,0.9611463892220848,0.17784457704136908,0.9933071490757153,0.9890130573694068
751,1,0.0,1.0,1.0,1.0,0.0,0.0,1.0,1.3278643e-10,0.99999999999997,0.9611730725057469,0.1,0.9933071490757153,0.9890130573694068
752,1,1.0,1.0,1.0,1.0,1.0,1.0,1.0,0.999998,0.99999999999997,0.961096593337017,0.1942066357704747,0.9933071490757153,0.9890130573694068
753,1,1.0,1.0,1.0,1.0,1.0,1.0,1.0,0.9999832,0.99999999999997,0.961210904201243,0.8734990711950188,0.9933071490757153,0.9890130573694068
754,1,1.0,1.0,1.0,1.0,1.0,1.0,1.0,0.99999833,0.99999999999997,0.9611825644490943,0.33889680411281087,0.9933071490757153,0.9890130573694068
755,1,0.0,1.0,1.0,1.0,0.0,0.0,1.0,1.13844976e-07,0.99999999999997,0.9612304572870641,0.7084383438150016,0.9933071490757153,0.9890130573694068
756,1,1.0,1.0,1.0,1.0,1.0,1.0,1.0,1.0,0.99999999999997,0.961182558810307,0.6340593361386533,0.9933071490757153,0.9890130573694068
757,1,1.0,1.0,1.0,1.0,1.0,1.0,1.0,0.99962986,0.99999999999997,0.9610694680300017,0.5208842523613489,0.9933071490757153,0.9890130573694068
758,1,0.0,1.0,1.0,1.0,0.0,0.0,1.0,1.6494874e-09,0.99999999999997,0.9610561173467844,0.1,0.9933071490757153,0.9890130573694068
759,1,0.0,1.0,1.0,1.0,0.0,0.0,1.0,1.5755137e-09,0.99999999999997,0.961144941299325,0.1,0.9933071490757153,0.9890130573694068
760,1,0.0,1.0,1.0,1.0,0.0,0.0,1.0,4.543763e-05,0.99999999999997,0.9612266481161608,0.15641262803354966,0.9933071490757153,0.9890130573694068
761,1,0.0,1.0,1.0,1.0,0.0,0.0,1.0,0.2945619,0.99999999999997,0.9611338200709112,0.1,0.9933071490757153,0.9890130573694068
762,1,0.0,1.0,1.0,1.0,0.0,0.0,1.0,0.011614888,0.99999999999997,0.9612012483781511,0.18846877358355194,0.9933071490757153,0.9890130573694068
763,1,1.0,1.0,1.0,1.0,1.0,1.0,1.0,0.99999976,0.99999999999997,0.9611666453161087,0.845435665723269,0.9933071490757153,0.9890130573694068
764,1,1.0,1.0,1.0,1.0,1.0,1.0,1.0,1.0,0.99999999999997,0.961103505919436,0.8787707139230597,0.9933071490757153,0.9890130573694068
765,1,0.0,1.0,1.0,1.0,0.0,0.0,1.0,0.0001609118,0.99999999999997,0.9611502075027395,0.16993070397417612,0.9933071490757153,0.9890130573694068
766,1,0.0,1.0,1.0,1.0,0.0,0.0,1.0,0.009487031,0.99999999999997,0.9612569705075756,0.8765002062495761,0.9933071490757153,0.9890130573694068
767,1,1.0,1.0,1.0,1.0,1.0,1.0,1.0,0.99999535,0.99999999999997,0.9611168550457946,0.9496309217340705,0.9933071490757153,0.9890130573694068
768,1,1.0,1.0,1.0,1.0,1.0,1.0,1.0,1.0,0.99999999999997,0.9611105311354178,0.1,0.9933071490757153,0.9890130573694068
769,1,0.0,1.0,1.0,1.0,0.0,0.0,1.0,0.00076734764,0.99999999999997,0.9611982430378999,0.13630758814205332,0.9933071490757153,0.9890130573694068
770,1,0.0,1.0,1.0,1.0,0.0,0.0,1.0,6.6756826e-08,0.99999999999997,0.9612096537819084,0.1,0.9933071490757153,0.9890130573694068
771,1,1.0,1.0,1.0,1.0,1.0,1.0,1.0,0.9973349,0.99999999999997,0.9611096353672954,0.2759144190607274,0.9933071490757153,0.9890130573694068
772,1,1.0,1.0,1.0,1.0,1.0,1.0,1.0,0.9999989,0.99999999999997,0.9611208060175576,0.7864831794587959,0.9933071490757153,0.9890130573694068
773,1,1.0,1.0,1.0,1.0,1.0,1.0,1.0,0.99999833,0.99999999999997,0.9611161983268258,0.9662934290334558,0.9933071490757153,0.9890130573694068
774,1,0.0,1.0,1.0,1.0,0.0,0.0,1.0,3.3140095e-05,0.99999999999997,0.9612015027476511,0.13592874326367646,0.9933071490757153,0.9890130573694068
775,1,1.0,1.0,1.0,1.0,1.0,1.0,1.0,0.99999917,0.99999999999997,0.9612137479025145,0.6429498785956571,0.9933071490757153,0.9890130573694068
776,1,1.0,1.0,1.0,1.0,1.0,1.0,1.0,1.0,0.99999999999997,0.9612598776209694,0.9917877666121652,0.9933071490757153,0.9890130573694068
777,1,0.0,1.0,1.0,1.0,0.0,0.0,1.0,0.20564881,0.99999999999997,0.961144538656142,0.13753724168667542,0.9933071490757153,0.9890130573694068
778,1,1.0,1.0,1.0,1.0,1.0,1.0,1.0,0.95319146,0.99999999999997,0.9611946468889835,0.1,0.9933071490757153,0.9890130573694068
779,1,0.0,1.0,1.0,1.0,0.0,0.0,1.0,7.7847707e-16,0.99999999999997,0.9611714500752566,0.20817593972785423,0.9933071490757153,0.9890130573694068
780,1,1.0,1.0,1.0,1.0,1.0,1.0,1.0,1.0,0.99999999999997,0.9611200299244548,0.6340593361386533,0.9933071490757153,0.9890130573694068
781,1,1.0,1.0,1.0,1.0,1.0,1.0,1.0,0.99999654,0.99999999999997,0.9610721644939952,0.9054581787420234,0.9933071490757153,0.9890130573694068
782,1,1.0,1.0,1.0,1.0,1.0,1.0,1.0,0.99999213,0.99999999999997,0.9611825176381387,0.3829409581732925,0.9933071490757153,0.9890130573694068
783,1,0.0,1.0,1.0,1.0,0.0,0.0,1.0,2.4337836e-05,0.99999999999997,0.9611296510304995,0.17093211704614636,0.9933071490757153,0.9890130573694068
784,1,0.0,1.0,1.0,1.0,0.0,0.0,1.0,0.0006470587,0.99999999999997,0.9611666030411505,0.1,0.9933071490757153,0.9890130573694068
785,1,0.0,1.0,1.0,1.0,0.0,0.0,1.0,8.933695e-09,0.99999999999997,0.9612416469681585,0.1,0.9933071490757153,0.9890130573694068
786,1,1.0,1.0,1.0,1.0,1.0,1.0,1.0,0.99999833,0.99999999999997,0.961101477443136,0.9662934290334558,0.9933071490757153,0.9890130573694068
787,1,0.0,1.0,1.0,1.0,0.0,0.0,1.0,1.1489172e-09,0.99999999999997,0.9612187456472733,0.7027955404000726,0.9933071490757153,0.9890130573694068
788,1,1.0,1.0,1.0,1.0,1.0,1.0,1.0,1.0,0.99999999999997,0.9612101464237546,0.21867523897691427,0.9933071490757153,0.9890130573694068
789,1,0.0,1.0,1.0,1.0,0.0,0.0,1.0,1.4021673e-10,0.99999999999997,0.9610012344828062,0.1,0.9933071490757153,0.9890130573694068
790,1,1.0,1.0,1.0,1.0,1.0,1.0,1.0,1.0,0.99999999999997,0.9611610611436013,0.790436729320779,0.9933071490757153,0.9890130573694068
791,1,0.0,1.0,1.0,1.0,0.0,0.0,1.0,0.011491357,0.99999999999997,0.9611430269764405,0.732611355469631,0.9933071490757153,0.9890130573694068
792,1,0.0,1.0,1.0,1.0,0.0,0.0,1.0,0.0006470587,0.99999999999997,0.9611344683297214,0.1,0.9933071490757153,0.9890130573694068
793,1,0.0,1.0,1.0,1.0,0.0,0.0,1.0,3.9985894e-13,0.99999999999997,0.9611497581742738,0.1,0.9933071490757153,0.9890130573694068
794,1,0.0,1.0,1.0,1.0,0.0,0.0,1.0,9.29788e-14,0.99999999999997,0.9610635042557341,0.1,0.9933071490757153,0.9890130573694068
795,1,1.0,1.0,1.0,1.0,1.0,1.0,1.0,0.9207326,0.99999999999997,0.9611903307389884,0.8478970973146301,0.9933071490757153,0.9890130573694068
796,1,1.0,1.0,1.0,1.0,1.0,1.0,1.0,1.0,0.99999999999997,0.9611453293657508,0.9699510580042837,0.9933071490757153,0.9890130573694068
797,1,0.0,1.0,1.0,1.0,0.0,0.0,1.0,1.1040143e-05,0.99999999999997,0.9611064936193938,0.3063750228115227,0.9933071490757153,0.9890130573694068
798,1,1.0,1.0,1.0,1.0,1.0,1.0,1.0,1.0,0.99999999999997,0.9611376093422206,0.969819293970859,0.9933071490757153,0.9890130573694068
799,1,0.0,1.0,1.0,1.0,0.0,0.0,1.0,8.787682e-08,0.99999999999997,0.9610295658135944,0.3169160098988776,0.9933071490757153,0.9890130573694068
800,1,1.0,1.0,1.0,1.0,1.0,1.0,1.0,1.0,0.99999999999997,0.9612013621734127,0.969266449523123,0.9933071490757153,0.9890130573694068
801,1,1.0,1.0,1.0,1.0,1.0,1.0,1.0,1.0,0.99999999999997,0.9611911130158777,0.7704162150194738,0.9933071490757153,0.9890130573694068
802,1,1.0,1.0,1.0,1.0,1.0,1.0,1.0,1.0,0.99999999999997,0.9611189868165787,0.8787707139230597,0.9933071490757153,0.9890130573694068
803,1,0.0,1.0,1.0,1.0,0.0,0.0,1.0,3.7994404e-12,0.99999999999997,0.9611389433510205,0.1,0.9933071490757153,0.9890130573694068
804,1,1.0,1.0,1.0,1.0,1.0,1.0,1.0,0.99692094,0.99999999999997,0.9611320148685925,0.8061353230151489,0.9933071490757153,0.9890130573694068
805,1,0.0,1.0,1.0,1.0,0.0,0.0,1.0,1.7133481e-09,0.99999999999997,0.9610952732432522,0.4051280974786443,0.9933071490757153,0.9890130573694068
806,1,0.0,1.0,1.0,1.0,0.0,0.0,1.0,5.2401933e-12,0.99999999999997,0.9610472032284992,0.1,0.9933071490757153,0.9890130573694068
807,1,0.0,1.0,1.0,1.0,0.0,0.0,1.0,5.3296603e-13,0.99999999999997,0.9610568588458476,0.1,0.9933071490757153,0.9890130573694068
808,1,0.0,1.0,1.0,1.0,0.0,0.0,1.0,6.8400236e-06,0.99999999999997,0.9611036229275427,0.7450729023400513,0.9933071490757153,0.9890130573694068
809,1,0.0,1.0,1.0,1.0,0.0,0.0,1.0,9.786982e-12,0.99999999999997,0.9611530835659978,0.5307896779995551,0.9933071490757153,0.9890130573694068
810,1,1.0,1.0,1.0,1.0,1.0,1.0,1.0,0.9999763,0.99999999999997,0.9611223832832471,0.6334161060923453,0.9933071490757153,0.9890130573694068
811,1,0.0,1.0,1.0,1.0,0.0,0.0,1.0,0.00026468036,0.99999999999997,0.9611915861539728,0.1578042240558972,0.9933071490757153,0.9890130573694068
812,1,1.0,0.85,1.0,1.0,1.0,1.0,1.0,0.74489015,0.9999999999934998,0.8196278455152769,0.1,0.9933071490757153,0.9890130573694068
813,0,1.0,0.3333333333333333,1.0,1.0,0.0,0.0,1.0,8.142294e-07,0.6765795709235516,0.017955890017440676,0.19439088302623372,0.9933071490757153,0.9890130573694068
814,0,1.0,1.0,1.0,1.0,0.0,0.0,1.0,2.2068602e-11,0.34797498238620894,0.31682926398781197,0.1904275762222325,0.9933071490757153,0.9890130573694068
815,1,1.0,1.0,1.0,1.0,1.0,1.0,1.0,1.0,0.9999999999795476,0.9614232764316404,0.9222564444734225,0.9933071490757153,0.9890130573694068
816,1,1.0,1.0,1.0,1.0,1.0,1.0,1.0,0.9991165,0.9999999999944342,0.9614388133777906,0.30412481989553225,0.9933071490757153,0.9890130573694068
817,1,1.0,1.0,1.0,1.0,1.0,1.0,1.0,0.98851216,0.9999999999994811,0.9614676573411493,0.9390602784989268,0.9933071490757153,0.9890130573694068
818,1,0.0,1.0,1.0,1.0,0.0,0.0,1.0,6.826332e-08,0.9999999999990397,0.9614234633391351,0.1,0.9933071490757153,0.9890130573694068
819,1,0.0,1.0,1.0,1.0,0.0,0.0,1.0,0.009158846,0.9999999999997978,0.9614459937168391,0.19078954541033613,0.9933071490757153,0.9890130573694068
820,1,1.0,1.0,1.0,1.0,1.0,1.0,1.0,0.9999863,0.999999999999866,0.9614930582679903,0.9562735704532207,0.9933071490757153,0.9890130573694068
821,1,0.0,1.0,1.0,1.0,0.0,0.0,1.0,6.488723e-11,0.9999999999998298,0.9614401997275667,0.6568931273652571,0.9933071490757153,0.9890130573694068
822,1,0.0,1.0,1.0,1.0,0.0,0.0,1.0,8.623155e-12,0.9999999999993602,0.9613588477153162,0.1,0.9933071490757153,0.9890130573694068
823,1,1.0,1.0,1.0,1.0,1.0,1.0,1.0,0.9998857,0.9999999999997241,0.9613395736348626,0.8260389069469849,0.9933071490757153,0.9890130573694068
824,1,1.0,1.0,1.0,1.0,1.0,1.0,1.0,1.0,0.9999999999999466,0.9614476521065524,0.9946932601219699,0.9933071490757153,0.9890130573694068
825,1,1.0,0.8833333333333333,1.0,1.0,1.0,1.0,1.0,1.0,0.9149908653732332,0.7777762991556255,0.9565723874664637,0.9933071490757153,0.9890130573694068
826,1,0.0,0.95,1.0,1.0,0.0,0.0,1.0,4.918854e-07,0.8548467623428614,0.7770770019159734,0.19948158566305318,0.9933071490757153,0.9890130573694068
827,1,0.0,1.0,1.0,1.0,0.0,0.0,1.0,0.006294005,0.99999999999997,0.9870177882619979,0.9039012303510224,0.9933071490757153,0.9890130573694068
828,1,0.0,1.0,1.0,1.0,0.0,0.0,1.0,4.4867137e-17,0.99999999999997,0.9870354985494142,0.1,0.9933071490757153,0.9890130573694068
829,1,1.0,1.0,1.0,1.0,1.0,1.0,1.0,0.99999547,0.99999999999997,0.9870218232171423,0.9875108965312438,0.9933071490757153,0.9890130573694068
830,1,0.0,1.0,1.0,1.0,0.0,0.0,1.0,4.4867137e-17,0.99999999999997,0.9870364767724625,0.1,0.9933071490757153,0.9890130573694068
831,1,0.0,1.0,1.0,1.0,0.0,0.0,1.0,0.000115721545,0.99999999999997,0.987019412996951,0.1,0.9933071490757153,0.9890130573694068
832,1,1.0,1.0,1.0,1.0,1.0,1.0,1.0,1.0,0.99999999999997,0.987024156286107,0.821218013184931,0.9933071490757153,0.9890130573694068
833,1,1.0,1.0,1.0,1.0,1.0,1.0,1.0,1.0,0.99999999999997,0.987021351870702,0.9864913720705107,0.9933071490757153,0.9890130573694068
834,1,0.0,1.0,1.0,1.0,0.0,0.0,1.0,0.05518673,0.99999999999997,0.9870242477247747,0.1,0.9933071490757153,0.9890130573694068
835,1,1.0,1.0,1.0,1.0,1.0,1.0,1.0,1.0,0.99999999999997,0.9870345218055792,0.5607509206405555,0.9933071490757153,0.9890130573694068
836,1,1.0,1.0,1.0,1.0,1.0,1.0,1.0,1.0,0.99999999999997,0.986984853645607,0.9409426287405281,0.9933071490757153,0.9890130573694068
837,1,1.0,1.0,1.0,1.0,1.0,1.0,1.0,0.9999052,0.99999999999997,0.9869988406295231,0.995695269898148,0.9933071490757153,0.9890130573694068
838,1,1.0,1.0,1.0,1.0,1.0,1.0,1.0,0.9982601,0.99999999999997,0.9870396730920263,0.8396186181330929,0.9933071490757153,0.9890130573694068
839,1,0.0,1.0,1.0,1.0,0.0,0.0,1.0,0.0077231512,0.99999999999997,0.986976295198302,0.1,0.9933071490757153,0.9890130573694068
840,1,0.0,1.0,1.0,1.0,0.0,0.0,1.0,1.0864889e-10,0.99999999999997,0.9870411932225855,0.1,0.9933071490757153,0.9890130573694068
841,1,1.0,1.0,1.0,1.0,1.0,1.0,1.0,1.0,0.99999999999997,0.9870055304189059,0.1,0.9933071490757153,0.9890130573694068
842,1,1.0,1.0,1.0,1.0,1.0,1.0,1.0,1.0,0.99999999999997,0.987022539493588,0.1,0.9933071490757153,0.9890130573694068
843,1,0.0,1.0,1.0,1.0,0.0,0.0,1.0,0.013843207,0.99999999999997,0.9870148504508597,0.15944525857378444,0.9933071490757153,0.9890130573694068
844,1,0.0,1.0,1.0,1.0,0.0,0.0,1.0,5.4406222e-15,0.99999999999997,0.9870399621373249,0.1,0.9933071490757153,0.9890130573694068
845,1,1.0,1.0,1.0,1.0,1.0,1.0,1.0,0.99999905,0.99999999999997,0.9869658515182974,0.9796811669768255,0.9933071490757153,0.9890130573694068
846,1,0.0,1.0,1.0,1.0,0.0,0.0,1.0,5.2785236e-08,0.99999999999997,0.9869867728682415,0.19385204074037596,0.9933071490757153,0.9890130573694068
847,1,1.0,1.0,1.0,1.0,1.0,1.0,1.0,0.99868864,0.99999999999997,0.9870154682151566,0.3016632426805397,0.9933071490757153,0.9890130573694068
848,1,0.0,1.0,1.0,1.0,0.0,0.0,1.0,3.7601958e-14,0.99999999999997,0.9870515697528445,0.1,0.9933071490757153,0.9890130573694068
849,1,0.0,1.0,1.0,1.0,0.0,0.0,1.0,4.0193294e-07,0.99999999999997,0.9870417117461315,0.15939586521311994,0.9933071490757153,0.9890130573694068
850,1,1.0,1.0,1.0,1.0,1.0,1.0,1.0,1.0,0.99999999999997,0.9870222590305002,0.42690015263432884,0.9933071490757153,0.9890130573694068
851,1,0.0,1.0,1.0,1.0,0.0,0.0,1.0,0.40990007,0.99999999999997,0.9869969648502307,0.1,0.9933071490757153,0.9890130573694068
852,1,1.0,1.0,1.0,1.0,1.0,1.0,1.0,0.9999999,0.99999999999997,0.9870326989315277,0.34656646305506017,0.9933071490757153,0.9890130573694068
853,1,0.0,1.0,1.0,1.0,0.0,0.0,1.0,6.8400236e-06,0.99999999999997,0.9870249541604534,0.7450729023400513,0.9933071490757153,0.9890130573694068
854,1,1.0,1.0,1.0,1.0,1.0,1.0,1.0,0.9999869,0.99999999999997,0.987000763169158,0.512071412414147,0.9933071490757153,0.9890130573694068
855,1,1.0,1.0,1.0,1.0,1.0,1.0,1.0,1.0,0.99999999999997,0.9870096676763924,0.8829772576860745,0.9933071490757153,0.9890130573694068
856,1,0.0,1.0,1.0,1.0,0.0,0.0,1.0,5.904451e-09,0.99999999999997,0.9870277315561578,0.1857533908480533,0.9933071490757153,0.9890130573694068
857,1,1.0,1.0,1.0,1.0,1.0,1.0,1.0,0.9980749,0.99999999999997,0.9870063345490934,0.10390905924600087,0.9933071490757153,0.9890130573694068
858,1,0.0,1.0,1.0,1.0,0.0,0.0,1.0,1.0787896e-06,0.99999999999997,0.9870506109370116,0.10081007295308038,0.9933071490757153,0.9890130573694068
859,1,0.0,1.0,1.0,1.0,0.0,0.0,1.0,1.4021673e-10,0.99999999999997,0.9870053711891382,0.1,0.9933071490757153,0.9890130573694068
860,1,0.0,1.0,1.0,1.0,0.0,0.0,1.0,1.00107425e-08,0.99999999999997,0.9870022257060842,0.1,0.9933071490757153,0.9890130573694068
861,1,0.0,1.0,1.0,1.0,0.0,0.0,1.0,9.89537e-06,0.99999999999997,0.987021095232062,0.13081246926211193,0.9933071490757153,0.9890130573694068
862,1,0.0,1.0,1.0,1.0,0.0,0.0,1.0,1.0628104e-08,0.99999999999997,0.9870017553706282,0.16594283484295513,0.9933071490757153,0.9890130573694068
863,1,1.0,1.0,1.0,1.0,1.0,1.0,1.0,0.80694675,0.99999999999997,0.987006065138002,0.700738522660682,0.9933071490757153,0.9890130573694068
864,1,1.0,1.0,1.0,1.0,1.0,1.0,1.0,0.9066442,0.99999999999997,0.9870279372752353,0.14022839687773134,0.9933071490757153,0.9890130573694068
865,1,1.0,1.0,1.0,1.0,1.0,1.0,1.0,0.81328654,0.99999999999997,0.987015200055998,0.7288514492184529,0.9933071490757153,0.9890130573694068
866,1,0.0,1.0,1.0,1.0,0.0,0.0,1.0,0.2329075,0.99999999999997,0.9870187893996589,0.3441898194151457,0.9933071490757153,0.9890130573694068
867,1,0.0,1.0,1.0,1.0,0.0,0.0,1.0,0.0016192903,0.99999999999997,0.9869937715547826,0.15240710022001483,0.9933071490757153,0.9890130573694068
868,1,1.0,1.0,1.0,1.0,1.0,1.0,1.0,1.0,0.99999999999997,0.9869591654923323,0.6556527411518175,0.9933071490757153,0.9890130573694068
869,1,1.0,1.0,1.0,1.0,1.0,1.0,1.0,1.0,0.99999999999997,0.9870151537095079,0.942747524150988,0.9933071490757153,0.9890130573694068
870,1,0.0,1.0,1.0,1.0,0.0,0.0,1.0,3.875543e-13,0.99999999999997,0.9869924939864542,0.1,0.9933071490757153,0.9890130573694068
871,1,1.0,1.0,1.0,1.0,1.0,1.0,1.0,0.99998164,0.99999999999997,0.9870248151678884,0.6614348705252727,0.9933071490757153,0.9890130573694068
872,1,0.0,1.0,1.0,1.0,0.0,0.0,1.0,1.4704337e-11,0.99999999999997,0.9870163291647239,0.3216385434909957,0.9933071490757153,0.9890130573694068
873,1,0.0,1.0,1.0,1.0,0.0,0.0,1.0,0.017779598,0.99999999999997,0.9869946828626772,0.12680568467531433,0.9933071490757153,0.9890130573694068
874,1,0.0,1.0,1.0,1.0,0.0,0.0,1.0,0.39083183,0.99999999999997,0.9870309837948181,0.5788196552707255,0.9933071490757153,0.9890130573694068
875,1,1.0,1.0,1.0,1.0,1.0,1.0,1.0,0.99999917,0.99999999999997,0.9870222451681978,0.9880672106267019,0.9933071490757153,0.9890130573694068
876,1,1.0,1.0,1.0,1.0,1.0,1.0,1.0,0.783324,0.99999999999997,0.9869798982400334,0.6924023974643273,0.9933071490757153,0.9890130573694068
877,1,1.0,1.0,1.0,1.0,1.0,1.0,1.0,0.9999994,0.99999999999997,0.9870369327116213,0.6218555046125047,0.9933071490757153,0.9890130573694068
878,1,0.0,1.0,1.0,1.0,0.0,0.0,1.0,1.5853141e-12,0.99999999999997,0.9870304203913028,0.3979947092687079,0.9933071490757153,0.9890130573694068
879,1,1.0,1.0,1.0,1.0,1.0,1.0,1.0,0.99764353,0.99999999999997,0.9870185074195592,0.6798723137889531,0.9933071490757153,0.9890130573694068
880,1,1.0,0.7833333333333333,1.0,1.0,1.0,1.0,1.0,0.99999535,0.9932498325349511,0.7770660873389732,0.9496309217340705,0.9933071490757153,0.9890130573694068
881,0,1.0,0.7666666666666667,1.0,1.0,1.0,1.0,1.0,3.5447435e-06,0.29956551328056774,0.017962667647127672,0.1,0.9933071490757153,0.9890130573694068
882,0,1.0,1.0,1.0,1.0,1.0,1.0,1.0,0.13644502,0.011466130715533299,0.01798135882162579,0.3687509322134194,0.9933071490757153,0.9890130573694068
883,0,1.0,1.0,1.0,1.0,1.0,1.0,1.0,3.244665e-10,0.0061218393396557155,0.01800839519085723,0.9991822198366636,0.9933071490757153,0.9890130573694068
884,0,1.0,1.0,1.0,1.0,1.0,1.0,1.0,0.038138174,0.005531870664442711,0.017957649998441585,0.19857622418451212,0.9933071490757153,0.9890130573694068
885,0,1.0,1.0,1.0,1.0,1.0,1.0,1.0,5.5439145e-06,0.0053856506587450625,0.0180001222351034,0.2132687583053656,0.9933071490757153,0.9890130573694068
886,0,1.0,1.0,1.0,1.0,1.0,1.0,1.0,0.0047695064,0.0035990766805706056,0.01799057928598641,0.18676612156603514,0.9933071490757153,0.9890130573694068
887,0,1.0,1.0,1.0,1.0,1.0,1.0,1.0,3.3087648e-08,0.003782565327618616,0.017998068689724943,0.6711792284735378,0.9933071490757153,0.9890130573694068
888,0,1.0,1.0,1.0,1.0,1.0,1.0,1.0,3.6791024e-09,0.004163231507539771,0.01801988205645947,0.9603636469529118,0.9933071490757153,0.9890130573694068
889,0,1.0,1.0,1.0,1.0,1.0,1.0,1.0,0.011142012,0.004598082351475724,0.017990404811948444,0.9921168515375369,0.9933071490757153,0.9890130573694068
890,0,1.0,1.0,1.0,1.0,1.0,1.0,1.0,0.038138174,0.00380440679667595,0.01799938821612227,0.19857622418451212,0.9933071490757153,0.9890130573694068
891,0,1.0,1.0,1.0,1.0,1.0,1.0,1.0,1.4001857e-08,0.00359204079406274,0.01800265531472722,0.7458833495336754,0.9933071490757153,0.9890130573694068
892,0,1.0,1.0,1.0,1.0,1.0,1.0,1.0,0.0006337162,0.00423709343500064,0.017938696692941146,0.17448662883345567,0.9933071490757153,0.9890130573694068
893,0,1.0,1.0,1.0,1.0,1.0,1.0,1.0,4.1974555e-08,0.004712005714374131,0.017974415137169734,0.4078457968087584,0.9933071490757153,0.9890130573694068
894,0,1.0,1.0,1.0,1.0,1.0,1.0,1.0,1.2149098e-11,0.0031820697529396187,0.017977693216982966,0.18419912495653035,0.9933071490757153,0.9890130573694068
895,0,1.0,1.0,1.0,1.0,1.0,1.0,1.0,2.9720393e-06,0.004175747648908055,0.017998547372757124,0.6902605506673151,0.9933071490757153,0.9890130573694068
896,0,1.0,1.0,1.0,1.0,0.0,0.0,1.0,0.0001049316,0.38541154318697324,0.3819959544573152,0.1,0.9933071490757153,0.9890130573694068
897,1,1.0,1.0,1.0,1.0,1.0,1.0,1.0,0.9999988,0.99999999999997,0.9675538362996409,0.19569078254142072,0.9933071490757153,0.9890130573694068
898,1,0.0,1.0,1.0,1.0,0.0,0.0,1.0,0.0001540126,0.99999999999997,0.9675822349439738,0.5405024686143772,0.9933071490757153,0.9890130573694068
899,1,0.0,1.0,1.0,1.0,0.0,0.0,1.0,1.7133481e-09,0.99999999999997,0.9676477918329389,0.4051280974786443,0.9933071490757153,0.9890130573694068
900,1,1.0,1.0,1.0,1.0,1.0,1.0,1.0,1.0,0.99999999999997,0.9676748537427249,0.84628055457988,0.9933071490757153,0.9890130573694068
901,1,0.0,1.0,1.0,1.0,0.0,0.0,1.0,2.7610114e-10,0.99999999999997,0.9675813047704932,0.27664654617812273,0.9933071490757153,0.9890130573694068
902,1,0.0,1.0,1.0,1.0,0.0,0.0,1.0,7.7847707e-16,0.99999999999997,0.9677003556775176,0.20817593972785423,0.9933071490757153,0.9890130573694068
903,1,1.0,1.0,1.0,1.0,1.0,1.0,1.0,0.9983242,0.99999999999997,0.9675195029515463,0.1,0.9933071490757153,0.9890130573694068
904,1,1.0,1.0,1.0,1.0,1.0,1.0,1.0,0.9991165,0.99999999999997,0.967613869812883,0.30412481989553225,0.9933071490757153,0.9890130573694068
905,0,1.0,1.0,1.0,1.0,0.0,1.0,1.0,7.8897605e-10,0.2606864433301335,0.2554026158652363,0.16114433698656416,0.9933071490757153,0.9890130573694068
906,1,1.0,1.0,1.0,1.0,1.0,1.0,1.0,1.0,0.9627914620267084,0.9276713117991282,0.9333762744033178,0.9933071490757153,0.9890130573694068
907,1,1.0,1.0,1.0,1.0,1.0,1.0,1.0,0.6795584,0.9999999356375133,0.9591751111562064,0.18437972592256952,0.9933071490757153,0.9890130573694068
908,1,0.0,1.0,1.0,1.0,0.0,0.0,1.0,6.141159e-08,0.9999999924761181,0.9592133983894128,0.1366345634214531,0.9933071490757153,0.9890130573694068
909,1,0.0,1.0,1.0,1.0,0.0,0.0,1.0,6.942988e-06,0.999999998689398,0.9592385880330928,0.10415630475293464,0.9933071490757153,0.9890130573694068
910,1,1.0,1.0,1.0,1.0,1.0,1.0,1.0,0.9877154,0.9999999968516141,0.9592660957999843,0.5644839485710345,0.9933071490757153,0.9890130573694068
911,1,0.0,1.0,1.0,1.0,0.0,0.0,1.0,6.925973e-10,0.999999967734268,0.9592064517843564,0.1,0.9933071490757153,0.9890130573694068
912,1,1.0,1.0,1.0,1.0,1.0,1.0,1.0,0.9949464,0.9999994266822066,0.9591787085693587,0.5109585725614436,0.9933071490757153,0.9890130573694068
913,1,0.0,1.0,1.0,1.0,0.0,0.0,1.0,4.5758834e-11,0.9998219088455679,0.9591648462097258,0.1,0.9933071490757153,0.9890130573694068
914,1,1.0,1.0,1.0,1.0,1.0,1.0,1.0,0.99816316,0.999999939559118,0.9592177779999697,0.5071497708669364,0.9933071490757153,0.9890130573694068
915,1,0.0,1.0,1.0,1.0,0.0,0.0,1.0,5.372304e-07,0.99999998881431,0.9593251818526584,0.11480024488021183,0.9933071490757153,0.9890130573694068
916,1,0.0,1.0,1.0,1.0,0.0,0.0,1.0,1.6006281e-11,0.9999999942997613,0.9592425948605878,0.27496586472431495,0.9933071490757153,0.9890130573694068
917,1,1.0,1.0,1.0,1.0,1.0,1.0,1.0,0.9999783,0.9999999948855672,0.959196621810085,0.8970088173064044,0.9933071490757153,0.9890130573694068
918,1,0.0,1.0,1.0,1.0,0.0,0.0,1.0,4.538219e-16,0.999999966747938,0.9592137320543659,0.17080068886426575,0.9933071490757153,0.9890130573694068
919,1,1.0,1.0,1.0,1.0,1.0,1.0,1.0,0.99999726,0.9999997505663897,0.9591842158388554,0.8533340828467918,0.9933071490757153,0.9890130573694068
920,1,1.0,1.0,1.0,1.0,1.0,1.0,1.0,0.9999987,0.9999021032572314,0.9590414789900645,0.8085864225859531,0.9933071490757153,0.9890130573694068
921,1,1.0,1.0,1.0,1.0,1.0,1.0,1.0,1.0,0.999721513583344,0.9591595755439049,0.1,0.9933071490757153,0.9890130573694068
922,1,1.0,1.0,1.0,1.0,1.0,1.0,1.0,0.99989545,0.9989042204963141,0.9590465079091665,0.12747679283028568,0.9933071490757153,0.9890130573694068
923,1,1.0,1.0,1.0,1.0,1.0,1.0,1.0,1.0,0.998513802997943,0.9591738160717461,0.6497258656674201,0.9933071490757153,0.9890130573694068
924,1,1.0,1.0,1.0,1.0,1.0,1.0,1.0,0.9999969,0.9977507419740065,0.9592383496038303,0.3680588565156962,0.9933071490757153,0.9890130573694068
925,1,0.0,1.0,1.0,1.0,0.0,0.0,1.0,1.1779305e-05,0.9960508518034986,0.9591210022444988,0.12260818452328007,0.9933071490757153,0.9890130573694068
926,1,0.0,1.0,1.0,1.0,0.0,0.0,1.0,4.0193294e-07,0.9930067339582023,0.9591866582308909,0.15939586521311994,0.9933071490757153,0.9890130573694068
927,0,1.0,1.0,1.0,1.0,0.0,1.0,1.0,6.9292364e-05,0.32841070823811963,0.2846291628982548,0.5117625352523859,0.9933071490757153,0.9890130573694068
928,0,1.0,1.0,1.0,1.0,1.0,1.0,1.0,0.2929669,0.005565853805955711,0.01800825416398606,0.30709718501167166,0.9933071490757153,0.9890130573694068
929,1,1.0,1.0,1.0,1.0,1.0,1.0,1.0,0.9999999,0.9999999870375491,0.9350320327316848,0.9711033122432401,0.9933071490757153,0.9890130573694068
930,1,1.0,1.0,1.0,1.0,1.0,1.0,1.0,0.98851216,0.9999999999998693,0.9352077161799961,0.9390602784989268,0.9933071490757153,0.9890130573694068
931,1,0.0,1.0,1.0,1.0,0.0,0.0,1.0,9.238804e-13,0.9999999999996212,0.9349412057339342,0.1,0.9933071490757153,0.9890130573694068
932,1,0.0,1.0,1.0,1.0,0.0,0.0,1.0,9.82165e-05,0.9999999999781857,0.9350774290449676,0.10541103509512742,0.9933071490757153,0.9890130573694068
933,1,1.0,1.0,1.0,1.0,1.0,1.0,1.0,0.91370314,0.9999999999965669,0.9350987631373103,0.3976768831836306,0.9933071490757153,0.9890130573694068
934,1,1.0,1.0,1.0,1.0,1.0,1.0,1.0,0.7841659,0.9999999999973939,0.935194911480377,0.8782611683730209,0.9933071490757153,0.9890130573694068
935,1,0.0,1.0,1.0,1.0,0.0,0.0,1.0,1.3790774e-08,0.9999999999995164,0.9350659696672972,0.1,0.9933071490757153,0.9890130573694068
936,1,1.0,1.0,1.0,1.0,1.0,1.0,1.0,0.9999807,0.9999999999999124,0.9351032512196659,0.13254238954295897,0.9933071490757153,0.9890130573694068
937,1,1.0,1.0,1.0,1.0,1.0,1.0,1.0,1.0,0.9999999999999695,0.9350668161395309,0.1,0.9933071490757153,0.9890130573694068
938,1,1.0,1.0,1.0,1.0,1.0,1.0,1.0,1.0,0.9999999999999695,0.9350629580018089,0.6693840510921051,0.9933071490757153,0.9890130573694068
939,1,0.0,1.0,1.0,1.0,0.0,0.0,1.0,5.774856e-15,0.99999999999997,0.9349442126040272,0.1,0.9933071490757153,0.9890130573694068
940,1,1.0,1.0,1.0,1.0,1.0,1.0,1.0,1.0,0.9999999999999699,0.9351167390328216,0.939478247880339,0.9933071490757153,0.9890130573694068
941,1,0.0,1.0,1.0,1.0,0.0,0.0,1.0,2.2240744e-12,0.9999999999999699,0.9350780675242567,0.10702353502596525,0.9933071490757153,0.9890130573694068
942,1,0.0,1.0,1.0,1.0,0.0,0.0,1.0,1.5853141e-12,0.99999999999997,0.9352312870205917,0.3979947092687079,0.9933071490757153,0.9890130573694068
943,1,1.0,1.0,1.0,1.0,1.0,1.0,1.0,0.8602761,0.99999999999997,0.9351089116493665,0.13288092514967986,0.9933071490757153,0.9890130573694068
944,1,1.0,1.0,1.0,1.0,1.0,1.0,1.0,0.9999908,0.99999999999997,0.9350628700425152,0.16674502601097108,0.9933071490757153,0.9890130573694068
945,1,1.0,1.0,1.0,1.0,1.0,1.0,1.0,0.95319146,0.99999999999997,0.9351120087929689,0.1,0.9933071490757153,0.9890130573694068
946,1,0.0,1.0,1.0,1.0,0.0,0.0,1.0,2.7932888e-06,0.99999999999997,0.9349792750901245,0.13471862933665552,0.9933071490757153,0.9890130573694068
947,1,1.0,1.0,1.0,1.0,1.0,1.0,1.0,0.99708986,0.99999999999997,0.9349764844380943,0.10900306994213574,0.9933071490757153,0.9890130573694068
948,1,0.0,1.0,1.0,1.0,0.0,0.0,1.0,0.27001923,0.99999999999997,0.9351819866665249,0.836121259323154,0.9933071490757153,0.9890130573694068
949,1,0.0,1.0,1.0,1.0,0.0,0.0,1.0,7.23958e-05,0.99999999999997,0.9350064417316233,0.21248047787550267,0.9933071490757153,0.9890130573694068
950,1,1.0,1.0,1.0,1.0,1.0,1.0,1.0,1.0,0.99999999999997,0.9350194613399684,0.981060380707262,0.9933071490757153,0.9890130573694068
951,1,1.0,1.0,1.0,1.0,1.0,1.0,1.0,0.9375364,0.99999999999997,0.9350657187689215,0.1,0.9933071490757153,0.9890130573694068
952,1,1.0,1.0,1.0,1.0,1.0,1.0,1.0,0.9867954,0.99999999999997,0.9349761167777276,0.1363418853158512,0.9933071490757153,0.9890130573694068
953,1,1.0,1.0,1.0,1.0,1.0,1.0,1.0,0.9999975,0.99999999999997,0.9350531168266966,0.9370733406250769,0.9933071490757153,0.9890130573694068
954,1,1.0,1.0,1.0,1.0,1.0,1.0,1.0,0.99999976,0.99999999999997,0.9351403734119501,0.8888794307675986,0.9933071490757153,0.9890130573694068
955,1,1.0,1.0,1.0,1.0,1.0,1.0,1.0,0.9998677,0.99999999999997,0.9350169477877197,0.9932536525852563,0.9933071490757153,0.9890130573694068
956,1,1.0,1.0,1.0,1.0,1.0,1.0,1.0,0.9999957,0.99999999999997,0.9349408334331206,0.23051503964686818,0.9933071490757153,0.9890130573694068
957,1,0.0,1.0,1.0,1.0,0.0,0.0,1.0,1.162545e-08,0.99999999999997,0.935018726005078,0.10818142366425879,0.9933071490757153,0.9890130573694068
958,1,0.0,1.0,1.0,1.0,0.0,0.0,1.0,0.0001609118,0.99999999999997,0.9352069563427106,0.16993070397417612,0.9933071490757153,0.9890130573694068
959,1,0.0,1.0,1.0,1.0,0.0,0.0,1.0,0.1502175,0.9999999999999674,0.9351236183209488,0.5732153697769666,0.9933071490757153,0.9890130573694068
960,1,1.0,1.0,1.0,1.0,1.0,1.0,1.0,0.81328654,0.9999999999999373,0.9351512169177482,0.7288514492184529,0.9933071490757153,0.9890130573694068
961,1,1.0,1.0,1.0,1.0,1.0,1.0,1.0,0.99660194,0.9999999999999313,0.9352488295633322,0.9835221947838957,0.9933071490757153,0.9890130573694068
962,1,1.0,1.0,1.0,1.0,1.0,1.0,1.0,1.0,0.9999999999998676,0.9352225564123142,0.1,0.9933071490757153,0.9890130573694068
963,1,0.0,1.0,1.0,1.0,0.0,0.0,1.0,0.001378973,0.9999999999968485,0.9349269759057428,0.3165495873833912,0.9933071490757153,0.9890130573694068
964,1,1.0,1.0,1.0,1.0,1.0,1.0,1.0,0.81328654,0.9999999999991865,0.9352217941788317,0.7288514492184529,0.9933071490757153,0.9890130573694068
965,1,1.0,1.0,1.0,1.0,1.0,1.0,1.0,1.0,0.9999999999991753,0.9350335657780882,0.1,0.9933071490757153,0.9890130573694068
966,1,0.0,1.0,1.0,1.0,0.0,0.0,1.0,3.1072946e-06,0.9999999999352123,0.935179248585706,0.1,0.9933071490757153,0.9890130573694068
967,1,1.0,1.0,1.0,1.0,1.0,1.0,1.0,1.0,0.9999999998623991,0.9351512811093289,0.8080056088242598,0.9933071490757153,0.9890130573694068
968,1,0.0,1.0,1.0,1.0,0.0,0.0,1.0,2.91776e-07,0.7995187916493932,0.722550568881325,0.1385622818730696,0.9933071490757153,0.9890130573694068
969,1,0.0,1.0,1.0,1.0,0.0,0.0,1.0,9.29788e-14,0.9999993848826985,0.9635541840942935,0.1,0.9933071490757153,0.9890130573694068
970,1,1.0,1.0,1.0,1.0,1.0,1.0,1.0,0.99999976,0.9999996163897222,0.9636104425410529,0.7820307986223546,0.9933071490757153,0.9890130573694068
971,1,0.0,1.0,1.0,1.0,0.0,0.0,1.0,0.00012775492,0.9999990809769197,0.9636054581278881,0.14812261395964071,0.9933071490757153,0.9890130573694068
972,1,1.0,1.0,1.0,1.0,1.0,1.0,1.0,1.0,0.9999998976918503,0.963618820312567,0.9692670512667594,0.9933071490757153,0.9890130573694068
973,1,0.0,1.0,1.0,1.0,0.0,0.0,1.0,0.00076734764,0.9999999922821615,0.9636243823383307,0.13630758814205332,0.9933071490757153,0.9890130573694068
974,1,1.0,1.0,1.0,1.0,1.0,1.0,1.0,0.90499103,0.9999999999553694,0.9635061012005158,0.9845419197050451,0.9933071490757153,0.9890130573694068
975,1,1.0,1.0,1.0,1.0,1.0,1.0,1.0,1.0,0.999999999985422,0.9635509956198686,0.9873682488131492,0.9933071490757153,0.9890130573694068
976,1,0.0,1.0,1.0,1.0,0.0,0.0,1.0,2.93018e-11,0.9999999999963554,0.9636120397545737,0.1,0.9933071490757153,0.9890130573694068
977,1,1.0,1.0,1.0,1.0,1.0,1.0,1.0,0.99999833,0.9999999998303423,0.9636360892118403,0.9870949518316008,0.9933071490757153,0.9890130573694068
978,1,1.0,1.0,1.0,1.0,1.0,1.0,1.0,1.0,0.9999999999862084,0.9635950234560938,0.1,0.9933071490757153,0.9890130573694068
979,1,0.0,1.0,1.0,1.0,0.0,0.0,1.0,1.0023421e-13,0.9999999999996833,0.963610640354421,0.1958566179893897,0.9933071490757153,0.9890130573694068
980,1,1.0,1.0,1.0,1.0,1.0,1.0,1.0,0.9999989,0.9999999999998459,0.9636279195562629,0.7864831794587959,0.9933071490757153,0.9890130573694068
981,1,0.0,1.0,1.0,1.0,0.0,0.0,1.0,1.1414519e-08,0.9999999999988027,0.9636471494285044,0.1,0.9933071490757153,0.9890130573694068
982,1,0.0,1.0,1.0,1.0,0.0,0.0,1.0,7.678831e-15,0.9999999999988136,0.9637420478185059,0.1,0.9933071490757153,0.9890130573694068
983,1,1.0,1.0,1.0,1.0,1.0,1.0,1.0,0.9921921,0.9999999999984157,0.9635308330319255,0.36060393919533373,0.9933071490757153,0.9890130573694068
984,1,1.0,1.0,1.0,1.0,1.0,1.0,1.0,0.9999832,0.9999999999992877,0.9635939882225989,0.8734990711950188,0.9933071490757153,0.9890130573694068
985,1,1.0,1.0,1.0,1.0,1.0,1.0,1.0,0.999894,0.9999999999995737,0.9635949271547979,0.8636017850124371,0.9933071490757153,0.9890130573694068
986,1,0.0,1.0,1.0,1.0,0.0,0.0,1.0,0.039956607,0.9999999999999601,0.9635887519088919,0.1,0.9933071490757153,0.9890130573694068
987,1,1.0,1.0,1.0,1.0,1.0,1.0,1.0,0.9995441,0.9999999999999685,0.9635258555719158,0.9639879010008482,0.9933071490757153,0.9890130573694068
988,1,1.0,1.0,1.0,1.0,1.0,1.0,1.0,0.9937338,0.99999999999997,0.9636361579963069,0.536077839849179,0.9933071490757153,0.9890130573694068
989,1,0.0,1.0,1.0,1.0,0.0,0.0,1.0,7.491212e-12,0.99999999999997,0.9635772513892256,0.5549181182471378,0.9933071490757153,0.9890130573694068
990,1,0.0,1.0,1.0,1.0,0.0,0.0,1.0,4.131037e-05,0.9999999999999649,0.9635231805464035,0.1,0.9933071490757153,0.9890130573694068
991,1,0.0,1.0,1.0,1.0,0.0,0.0,1.0,7.678831e-15,0.9999999999999672,0.963588688762074,0.1,0.9933071490757153,0.9890130573694068
992,1,1.0,1.0,1.0,1.0,1.0,1.0,1.0,0.99999964,0.9999999999999556,0.9636071189388045,0.9877863789922213,0.9933071490757153,0.9890130573694068
993,1,0.0,1.0,1.0,1.0,0.0,0.0,1.0,0.060270805,0.9999999999999363,0.9635900716853085,0.16144456561231027,0.9933071490757153,0.9890130573694068
994,1,1.0,1.0,1.0,1.0,1.0,1.0,1.0,0.99998164,0.9999999999999621,0.9635925250827306,0.6614348705252727,0.9933071490757153,0.9890130573694068
995,1,1.0,1.0,1.0,1.0,1.0,1.0,1.0,0.99999833,0.9999999999999646,0.9636428855152221,0.9662934290334558,0.9933071490757153,0.9890130573694068
996,1,1.0,1.0,1.0,1.0,1.0,1.0,1.0,0.9999999,0.9999999999999498,0.9635950802924393,0.6877821196884998,0.9933071490757153,0.9890130573694068
997,1,1.0,1.0,1.0,1.0,1.0,1.0,1.0,0.9999994,0.9999999999998889,0.9635583505817975,0.9560977641416668,0.9933071490757153,0.9890130573694068
998,1,0.0,1.0,1.0,1.0,0.0,0.0,1.0,3.7601958e-14,0.9999999999998435,0.9636005704796226,0.1,0.9933071490757153,0.9890130573694068
999,1,1.0,1.0,1.0,1.0,0.0,0.0,1.0,0.50169355,0.9999999999996809,0.9635877464459536,0.1,0.9933071490757153,0.9890130573694068
1000,1,1.0,1.0,1.0,1.0,1.0,1.0,1.0,1.0,0.9999999999953844,0.9634755504804552,0.9581227420858909,0.9933071490757153,0.9890130573694068
1001,1,1.0,1.0,1.0,1.0,1.0,1.0,1.0,0.9999832,0.9999999999986817,0.9636514279119369,0.8734990711950188,0.9933071490757153,0.9890130573694068
1002,1,1.0,1.0,1.0,1.0,1.0,1.0,1.0,0.999252,0.9999999999968744,0.9635928273551806,0.16111822498829803,0.9933071490757153,0.9890130573694068
1003,1,1.0,1.0,1.0,1.0,1.0,1.0,1.0,0.95631635,0.9999999999657772,0.9635591370937143,0.8886582351058623,0.9933071490757153,0.9890130573694068
1004,1,1.0,1.0,1.0,1.0,1.0,1.0,1.0,1.0,0.9999999999787733,0.9636343633640538,0.8045312074944478,0.9933071490757153,0.9890130573694068
1005,1,1.0,1.0,1.0,1.0,1.0,1.0,1.0,1.0,0.9999999999726589,0.9636069304900633,0.9147058484957324,0.9933071490757153,0.9890130573694068
1006,1,1.0,1.0,1.0,1.0,1.0,1.0,1.0,0.99997497,0.99999999994569,0.9636195090745919,0.7859768829308522,0.9933071490757153,0.9890130573694068
1007,1,0.0,1.0,1.0,1.0,0.0,0.0,1.0,2.012806e-11,0.9999999997943306,0.9635753196881286,0.10859078113444287,0.9933071490757153,0.9890130573694068
