win_idx,label,acc_v,acc_m,acc_u,acc_mv,acc_ds_eq,acc_ds_static,acc_ours,P_v,P_m,P_u,w_v,w_m,w_u
0,0,1.0,0.0,0.43333333333333335,1.0,0.0,0.0,0.0,1.3183351e-14,0.9405023617213444,0.4671915394106489,0.19036576181169357,0.9525741268224334,0.1
1,0,1.0,0.0,0.5,1.0,0.0,0.0,0.0,6.5264057e-06,0.9985935293705523,0.4123435813290511,0.25899484655910254,0.9525741268224334,0.1
2,0,1.0,0.0,0.35,0.0,0.0,0.0,0.0,0.013915532,0.9988422277762786,0.5277526934077382,0.12636026383714605,0.9525741268224334,0.1
3,0,1.0,0.0,0.45,1.0,0.0,0.0,0.0,1.1254101e-10,0.9978831254677758,0.4676149209939654,0.13396954590969648,0.9525741268224334,0.1
4,0,1.0,0.0,0.48333333333333334,1.0,0.0,0.0,0.0,3.9245108e-07,0.9961277214094888,0.43700728234693925,0.1715336842224797,0.9525741268224334,0.1
5,0,1.0,0.0,0.43333333333333335,1.0,0.0,0.0,0.0,2.0928706e-08,0.9967263197198656,0.4579000984222212,0.2138032281339085,0.9525741268224334,0.1
6,0,1.0,0.0,0.36666666666666664,0.0,0.0,0.0,0.0,4.8204635e-07,0.9953890613433782,0.5299263699986657,0.26764537066177024,0.9525741268224334,0.1
7,0,1.0,0.0,0.31666666666666665,0.0,0.0,0.0,0.0,1.0450789e-11,0.9971766868218721,0.5625137161555803,0.150916888689795,0.9525741268224334,0.1
8,0,1.0,0.0,0.4666666666666667,1.0,0.0,0.0,0.0,4.096026e-05,0.9954677913100808,0.4485942136943769,0.35220018520369095,0.9525741268224334,0.1
9,0,1.0,0.0,0.5,1.0,0.0,0.0,1.0,2.390369e-09,0.9952221938352802,0.42788006550427904,0.995177265162012,0.9525741268224334,0.1
10,0,1.0,0.0,0.43333333333333335,1.0,0.0,0.0,0.0,7.001913e-09,0.9963511976459686,0.47014539181588083,0.2965720307467939,0.9525741268224334,0.1
11,0,0.0,0.0,0.43333333333333335,0.0,0.0,0.0,0.0,1.0,0.9959503247513479,0.4812320790782692,0.1,0.9525741268224334,0.1
12,0,1.0,0.0,0.45,1.0,0.0,0.0,0.0,9.9833065e-05,0.9967745548661683,0.4634887957289416,0.22109301246092009,0.9525741268224334,0.1
13,0,1.0,0.0,0.38333333333333336,0.0,0.0,0.0,0.0,2.3252744e-06,0.9959211536179743,0.5007028816442868,0.1333904242016301,0.9525741268224334,0.1
14,0,1.0,0.0,0.4,0.0,0.0,0.0,0.0,0.0032946875,0.9964750814758699,0.50556921943343,0.1701125453379932,0.9525741268224334,0.1
15,0,0.0,0.0,0.45,0.0,0.0,0.0,0.0,1.0,0.9953995475234545,0.4675182443963572,0.1,0.9525741268224334,0.1
16,0,1.0,0.0,0.4666666666666667,1.0,0.0,0.0,0.0,0.30148548,0.9955231756780525,0.4390139690531169,0.2834258393885648,0.9525741268224334,0.1
17,0,1.0,0.0,0.4666666666666667,1.0,0.0,0.0,0.0,1.6150618e-09,0.9955753128719064,0.453581116766155,0.15675360789784248,0.9525741268224334,0.1
18,0,1.0,0.0,0.55,1.0,0.0,0.0,0.0,0.11715195,0.998397866213983,0.3906961254733441,0.1,0.9525741268224334,0.1
19,0,1.0,0.0,0.38333333333333336,0.0,0.0,0.0,0.0,3.1935905e-08,0.9972282911018413,0.5136478847721888,0.35969960813053287,0.9525741268224334,0.1
20,0,1.0,0.0,0.38333333333333336,0.0,0.0,0.0,0.0,6.9585525e-07,0.997292309045584,0.5153358409619176,0.2526004973023015,0.9525741268224334,0.1
21,0,0.0,0.0,0.4666666666666667,0.0,0.0,0.0,0.0,1.0,0.9956296931594352,0.4480661412683552,0.1,0.9525741268224334,0.1
22,0,1.0,0.0,0.35,0.0,0.0,0.0,0.0,0.0063146846,0.9982748515912387,0.5382505225614685,0.12925661420844997,0.9525741268224334,0.1
23,0,1.0,0.0,0.43333333333333335,1.0,0.0,0.0,0.0,1.2066521e-10,0.9988426881302073,0.48353413778662324,0.939788595961827,0.9525741268224334,0.1
24,0,1.0,0.0,0.43333333333333335,1.0,0.0,0.0,0.0,1.1729469e-07,0.996263823643958,0.46127415951018175,0.259175239892368,0.9525741268224334,0.1
25,0,1.0,0.0,0.45,1.0,0.0,0.0,0.0,0.025413955,0.996273598202841,0.4798997111075202,0.21481111933112196,0.9525741268224334,0.1
26,0,1.0,0.0,0.43333333333333335,1.0,0.0,0.0,0.0,1.0367063e-08,0.9974734751041939,0.4758779195982621,0.4439136511718502,0.9525741268224334,0.1
27,0,0.0,0.0,0.4166666666666667,0.0,0.0,0.0,0.0,1.0,0.9965382638847087,0.4966739974316663,0.1,0.9525741268224334,0.1
28,0,1.0,0.0,0.26666666666666666,0.0,0.0,0.0,0.0,1.0367063e-08,0.9963713028217661,0.596691047308674,0.4439136511718502,0.9525741268224334,0.1
29,0,1.0,0.0,0.38333333333333336,0.0,0.0,0.0,0.0,3.037502e-09,0.9962842033270866,0.5089985050249384,0.1,0.9525741268224334,0.1
30,0,1.0,0.0,0.38333333333333336,0.0,0.0,0.0,1.0,7.071255e-14,0.9957127625673982,0.5092238663562061,0.9986096562476681,0.9525741268224334,0.1
31,0,1.0,0.0,0.4,0.0,0.0,0.0,0.0,0.011465534,0.996317080329147,0.5056735995499416,0.1,0.9525741268224334,0.1
32,0,1.0,0.0,0.36666666666666664,0.0,0.0,0.0,0.0,1.3671706e-09,0.9962734786665793,0.5198726557162614,0.1,0.9525741268224334,0.1
33,0,0.0,0.0,0.4,0.0,0.0,0.0,0.0,1.0,0.99690170168744,0.49463268928670534,0.1,0.9525741268224334,0.1
34,0,1.0,0.0,0.48333333333333334,1.0,0.0,0.0,0.0,2.5957105e-17,0.9969585603151525,0.4296656204816286,0.1,0.9525741268224334,0.1
35,0,1.0,0.23333333333333334,0.45,1.0,0.0,0.0,0.0,1.5748764e-17,0.9798873724295478,0.46181065678963656,0.1,0.9525741268224334,0.1
36,1,0.0,1.0,0.43333333333333335,0.0,0.0,0.0,1.0,0.0011557593,0.9410662782668292,0.41931085965673115,0.1,0.9525741268224334,0.1
37,1,1.0,1.0,0.38333333333333336,1.0,0.0,1.0,1.0,0.9999919,0.9691889769626472,0.37915199876889394,0.7409934440856922,0.9525741268224334,0.1
38,1,0.0,1.0,0.4,0.0,0.0,0.0,1.0,1.6123146e-11,0.9533727278205623,0.37612829582431634,0.1,0.9525741268224334,0.1
39,1,0.0,1.0,0.4166666666666667,0.0,0.0,0.0,1.0,1.3677275e-11,0.9449670732181606,0.4142357983316042,0.1,0.9525741268224334,0.1
40,1,0.0,1.0,0.43333333333333335,0.0,0.0,0.0,0.0,5.405236e-08,0.9688183303159987,0.41852100107107343,0.9222013807325976,0.9525741268224334,0.1
41,1,0.0,1.0,0.4666666666666667,0.0,0.0,0.0,1.0,4.77657e-11,0.9647111332397391,0.45168114604125004,0.1,0.9525741268224334,0.1
42,1,0.0,1.0,0.4666666666666667,0.0,0.0,0.0,1.0,2.433099e-05,0.9665267565362072,0.44472082535550755,0.19235006285810632,0.9525741268224334,0.1
43,1,0.0,1.0,0.36666666666666664,0.0,0.0,0.0,1.0,0.0903155,0.96965761824082,0.3669543117379623,0.3700030530472775,0.9525741268224334,0.1
44,1,1.0,1.0,0.36666666666666664,1.0,0.0,1.0,1.0,0.9991642,0.9592077295056761,0.36854116459505076,0.913108161940057,0.9525741268224334,0.1
45,1,0.0,1.0,0.35,0.0,0.0,0.0,1.0,2.4410857e-11,0.9662241174667403,0.36027821539645327,0.17255688823687645,0.9525741268224334,0.1
46,1,1.0,1.0,0.35,1.0,0.0,0.0,1.0,0.97199553,0.9836582343817434,0.3480446345583102,0.38262189062097346,0.9525741268224334,0.1
47,1,1.0,1.0,0.45,1.0,0.0,1.0,1.0,1.0,0.9790658294140103,0.4135915400243738,0.9356203240308668,0.9525741268224334,0.1
48,1,0.0,1.0,0.36666666666666664,0.0,0.0,0.0,1.0,1.7821687e-08,0.966517896133115,0.3666142745110537,0.48217265978625407,0.9525741268224334,0.1
49,1,0.0,1.0,0.38333333333333336,0.0,0.0,0.0,1.0,0.00014888577,0.9764109651816422,0.38159978806740563,0.821126197328325,0.9525741268224334,0.1
50,1,1.0,1.0,0.45,1.0,0.0,1.0,1.0,0.9999558,0.9714335017608331,0.3791695185622655,0.1356424254939486,0.9525741268224334,0.1
51,1,0.0,1.0,0.26666666666666666,0.0,0.0,0.0,1.0,1.7592843e-15,0.9884902306119073,0.2939005858886291,0.1,0.9525741268224334,0.1
52,1,1.0,1.0,0.5333333333333333,1.0,0.0,1.0,1.0,0.99870193,0.9703676470540399,0.4682636345511719,0.21042055580707136,0.9525741268224334,0.1
53,1,1.0,1.0,0.48333333333333334,1.0,0.0,1.0,1.0,1.0,0.9805966135487434,0.46628695875395115,0.9728477728544321,0.9525741268224334,0.1
54,1,0.0,1.0,0.2833333333333333,0.0,0.0,0.0,1.0,2.9160705e-05,0.9897459804286811,0.2943175419070669,0.1,0.9525741268224334,0.1
55,1,1.0,1.0,0.3333333333333333,1.0,0.0,1.0,1.0,0.9999999,0.9658920801354945,0.3470389370424799,0.9251645927175,0.9525741268224334,0.1
56,1,0.0,1.0,0.4166666666666667,0.0,0.0,0.0,1.0,9.594866e-12,0.9724321706731164,0.39075812409495214,0.17822310433545366,0.9525741268224334,0.1
57,1,1.0,1.0,0.3,1.0,0.0,0.0,1.0,0.9996308,0.9253868417735528,0.308163426215823,0.908976512044179,0.9525741268224334,0.1
58,1,0.0,1.0,0.4166666666666667,0.0,0.0,0.0,1.0,0.010477611,0.9534497751953388,0.39665171131999916,0.10008600845579162,0.9525741268224334,0.1
59,1,0.0,1.0,0.2833333333333333,0.0,0.0,0.0,1.0,0.005354708,0.9376623300980589,0.3162008937870215,0.7456080200857192,0.9525741268224334,0.1
60,1,0.0,1.0,0.4666666666666667,0.0,0.0,0.0,1.0,1.9163646e-05,0.9531870457759777,0.45263074828475197,0.7021116741553022,0.9525741268224334,0.1
61,1,0.0,1.0,0.45,0.0,0.0,0.0,1.0,5.705567e-10,0.9211254632416804,0.4226764262961072,0.4121549179379842,0.9525741268224334,0.1
62,1,1.0,1.0,0.43333333333333335,1.0,0.0,1.0,1.0,1.0,0.9349404832785526,0.4120972410904987,0.1,0.9525741268224334,0.1
63,1,1.0,1.0,0.25,1.0,0.0,0.0,1.0,0.9985343,0.9289833101932133,0.2831799903531012,0.9394338509809449,0.9525741268224334,0.1
64,1,0.0,1.0,0.4166666666666667,0.0,0.0,0.0,1.0,1.6945405e-09,0.9421593259315119,0.41485051692432084,0.1,0.9525741268224334,0.1
65,1,1.0,1.0,0.4166666666666667,1.0,0.0,1.0,1.0,1.0,0.9077696436916567,0.4017090758062377,0.8187906195090563,0.9525741268224334,0.1
66,1,1.0,1.0,0.48333333333333334,1.0,0.0,1.0,1.0,1.0,0.9042563398865168,0.46594481986719766,0.11306788961428904,0.9525741268224334,0.1
67,1,0.0,1.0,0.31666666666666665,0.0,0.0,0.0,1.0,2.8599612e-07,0.8769716026179386,0.31804697985487057,0.11479363442127533,0.9525741268224334,0.1
68,1,0.0,1.0,0.38333333333333336,0.0,0.0,0.0,1.0,1.9457537e-15,0.8722753687082221,0.3626979405511577,0.170654626355783,0.9525741268224334,0.1
69,1,1.0,1.0,0.43333333333333335,1.0,0.0,0.0,1.0,0.9989323,0.8862443910642,0.4170280467019969,0.9906457162419323,0.9525741268224334,0.1
70,1,0.0,1.0,0.4166666666666667,0.0,0.0,0.0,1.0,1.344385e-15,0.9125637913670223,0.41439618991960453,0.1,0.9525741268224334,0.1
71,1,1.0,1.0,0.4666666666666667,1.0,0.0,0.0,1.0,0.82196635,0.9014376060201393,0.4304270356600214,0.8741654418041908,0.9525741268224334,0.1
72,1,1.0,1.0,0.43333333333333335,1.0,0.0,0.0,1.0,0.9416486,0.8882687550354248,0.4039008318445091,0.8512166173764165,0.9525741268224334,0.1
73,1,1.0,1.0,0.4666666666666667,1.0,0.0,1.0,1.0,1.0,0.9057965774403566,0.4326577651036221,0.9861323896702582,0.9525741268224334,0.1
74,1,0.0,1.0,0.4666666666666667,0.0,0.0,0.0,1.0,5.0133657e-09,0.8864087984047264,0.46635517689196043,0.1,0.9525741268224334,0.1
75,1,1.0,1.0,0.31666666666666665,1.0,0.0,0.0,1.0,0.9973852,0.9002686008035751,0.31832236920262846,0.9504279247805282,0.9525741268224334,0.1
76,1,0.0,1.0,0.43333333333333335,0.0,0.0,0.0,1.0,6.9595615e-08,0.9205979568637185,0.4135653776545318,0.1,0.9525741268224334,0.1
77,1,1.0,1.0,0.4166666666666667,1.0,0.0,0.0,1.0,0.9397574,0.9237516593890963,0.39991998308684484,0.1379905277285295,0.9525741268224334,0.1
78,1,0.0,1.0,0.55,1.0,0.0,0.0,1.0,3.1067052e-10,0.9302894460518739,0.5058175577671207,0.13944035755249948,0.9525741268224334,0.1
79,1,0.0,1.0,0.36666666666666664,0.0,0.0,0.0,1.0,6.1944094e-10,0.9312033380327359,0.3703697053440646,0.5453821919772069,0.9525741268224334,0.1
80,1,0.0,1.0,0.35,0.0,0.0,0.0,1.0,9.8037e-09,0.948490605976947,0.3629442957365834,0.44818213339569946,0.9525741268224334,0.1
81,1,0.0,1.0,0.4,0.0,0.0,0.0,1.0,1.0650898e-05,0.9159560187778183,0.3682999010464929,0.1,0.9525741268224334,0.1
82,1,0.0,1.0,0.45,0.0,0.0,0.0,1.0,0.036008526,0.9386473901157389,0.4332033385539307,0.20856947024670078,0.9525741268224334,0.1
83,1,1.0,1.0,0.45,1.0,0.0,1.0,1.0,0.99575883,0.9382407380118156,0.44017926327335677,0.9386769670266207,0.9525741268224334,0.1
84,1,1.0,1.0,0.36666666666666664,1.0,0.0,0.0,1.0,0.83444583,0.919837587513089,0.36488829642285536,0.5060146762292803,0.9525741268224334,0.1
85,1,0.0,1.0,0.43333333333333335,0.0,0.0,0.0,1.0,1.4351018e-09,0.9119799310134676,0.4400730210777748,0.1,0.9525741268224334,0.1
86,1,0.0,1.0,0.45,0.0,0.0,0.0,1.0,1.872586e-13,0.9197138962691316,0.43249821994429577,0.1,0.9525741268224334,0.1
87,1,1.0,1.0,0.4166666666666667,1.0,0.0,1.0,1.0,0.9998098,0.9119623489457553,0.4018505505807892,0.10009460411911421,0.9525741268224334,0.1
88,1,1.0,1.0,0.38333333333333336,1.0,0.0,0.0,1.0,0.99739444,0.9039107640826448,0.3819074001566245,0.46163247861562867,0.9525741268224334,0.1
89,1,1.0,1.0,0.5166666666666667,1.0,0.0,1.0,1.0,1.0,0.9390134903877471,0.47646465564341617,0.949393910032531,0.9525741268224334,0.1
90,1,1.0,1.0,0.35,1.0,0.0,0.0,1.0,0.99954563,0.9324944513898015,0.3635168467759754,0.9864103640245755,0.9525741268224334,0.1
91,1,1.0,1.0,0.4,1.0,0.0,1.0,1.0,0.9998807,0.9201083361794328,0.3958445872618819,0.7319678447813935,0.9525741268224334,0.1
92,1,0.0,1.0,0.3,0.0,0.0,0.0,1.0,1.1427893e-06,0.8887732231196236,0.3067582387187111,0.1,0.9525741268224334,0.1
93,1,1.0,1.0,0.3333333333333333,1.0,0.0,0.0,1.0,0.9919701,0.9293230393874854,0.30960265673281806,0.49031921215399654,0.9525741268224334,0.1
94,1,1.0,1.0,0.36666666666666664,1.0,0.0,0.0,1.0,0.99987614,0.8941753687165036,0.38208755648629183,0.14333952092513635,0.9525741268224334,0.1
95,1,0.0,1.0,0.43333333333333335,0.0,0.0,0.0,1.0,1.428899e-07,0.9025461834782365,0.39777480823312267,0.4370747985003241,0.9525741268224334,0.1
96,1,1.0,1.0,0.3,1.0,0.0,0.0,1.0,1.0,0.9129401466635552,0.2937937077910131,0.1,0.9525741268224334,0.1
97,1,1.0,1.0,0.4,1.0,0.0,0.0,1.0,0.9996406,0.8973177527964769,0.37321856225231986,0.9970152945541723,0.9525741268224334,0.1
98,1,1.0,1.0,0.5,1.0,0.0,1.0,1.0,0.99999106,0.9009313609184699,0.47933789385138864,0.9982187203967682,0.9525741268224334,0.1
99,1,0.0,1.0,0.4,0.0,0.0,0.0,1.0,3.891085e-08,0.8955642413777231,0.36695897120581145,0.1,0.9525741268224334,0.1
100,1,1.0,1.0,0.43333333333333335,1.0,0.0,0.0,1.0,0.99999964,0.8980299143414554,0.3955843411614815,0.8721413553077497,0.9525741268224334,0.1
101,1,0.0,1.0,0.31666666666666665,0.0,0.0,0.0,1.0,1.5681051e-10,0.8925515940494535,0.3214553432414347,0.3227397685939727,0.9525741268224334,0.1
102,1,0.0,1.0,0.36666666666666664,0.0,0.0,0.0,1.0,0.35575992,0.8868160662515177,0.3622073667256495,0.1468544647526606,0.9525741268224334,0.1
103,1,0.0,1.0,0.43333333333333335,0.0,0.0,0.0,1.0,3.1230636e-06,0.8550266520416439,0.43347675961887083,0.1,0.9525741268224334,0.1
104,1,0.0,1.0,0.4166666666666667,0.0,0.0,0.0,1.0,5.752187e-08,0.849054106730703,0.42926840274174455,0.1,0.9525741268224334,0.1
105,1,1.0,1.0,0.4666666666666667,1.0,0.0,0.0,1.0,0.99999964,0.8636091974439359,0.4154581221667553,0.3041217751866982,0.9525741268224334,0.1
106,1,0.0,0.9166666666666666,0.38333333333333336,0.0,0.0,0.0,1.0,3.7811324e-10,0.8776501085762481,0.34744420897454537,0.1,0.9525741268224334,0.1
107,1,0.0,1.0,0.43333333333333335,0.0,0.0,0.0,1.0,0.013527204,0.9415090855528472,0.4473542690312779,0.11142204983825776,0.9525741268224334,0.1
108,1,1.0,1.0,0.31666666666666665,1.0,0.0,0.0,1.0,1.0,0.9468028846382944,0.34121634743309587,0.1,0.9525741268224334,0.1
109,1,0.0,1.0,0.43333333333333335,0.0,0.0,0.0,1.0,4.9572096e-12,0.9403004187774157,0.4413164047831983,0.1,0.9525741268224334,0.1
110,1,0.0,1.0,0.31666666666666665,0.0,0.0,0.0,1.0,5.1813588e-11,0.951590648276621,0.34281145385500317,0.1,0.9525741268224334,0.1
111,1,1.0,1.0,0.48333333333333334,1.0,0.0,0.0,1.0,0.8071752,0.95063858747008,0.4946863828796876,0.5269710827431741,0.9525741268224334,0.1
112,1,0.0,1.0,0.36666666666666664,0.0,0.0,0.0,1.0,2.4916094e-09,0.965576465799365,0.3937861818996153,0.7515705950669936,0.9525741268224334,0.1
113,1,1.0,1.0,0.48333333333333334,1.0,0.0,1.0,1.0,1.0,0.9789106320055541,0.4948360866695782,0.9984496742814624,0.9525741268224334,0.1
114,1,0.0,1.0,0.4166666666666667,0.0,0.0,0.0,1.0,8.566691e-13,0.9948349223427949,0.4349400965138981,0.1,0.9525741268224334,0.1
115,1,1.0,1.0,0.55,1.0,0.0,1.0,1.0,0.9998807,0.9733000573211267,0.5526002626683836,0.7319678447813935,0.9525741268224334,0.1
116,1,0.0,1.0,0.5,1.0,0.0,0.0,1.0,5.8595557e-08,0.9556567107063231,0.5103767875291505,0.1,0.9525741268224334,0.1
117,1,1.0,1.0,0.48333333333333334,1.0,0.0,1.0,1.0,0.9999999,0.9574047849950001,0.4939451577333023,0.8606626549048493,0.9525741268224334,0.1
118,1,0.0,1.0,0.43333333333333335,0.0,0.0,0.0,1.0,1.3084904e-17,0.9582326797615582,0.4576670706237704,0.1318265831417468,0.9525741268224334,0.1
119,1,1.0,1.0,0.35,1.0,0.0,1.0,1.0,0.9998355,0.9354790368272886,0.3760864997717193,0.7859858858069558,0.9525741268224334,0.1
120,1,0.0,1.0,0.38333333333333336,0.0,0.0,0.0,1.0,3.432189e-11,0.9220351838912664,0.40856771129479913,0.1794632617830649,0.9525741268224334,0.1
121,1,1.0,1.0,0.3333333333333333,1.0,0.0,0.0,1.0,0.5439962,0.8835441205292075,0.3634214787856313,0.4961560650099221,0.9525741268224334,0.1
122,1,1.0,1.0,0.4166666666666667,1.0,0.0,1.0,1.0,0.9999994,0.8881086126341942,0.43781026152655134,0.5603162643491135,0.9525741268224334,0.1
123,1,0.0,1.0,0.43333333333333335,0.0,0.0,0.0,1.0,2.0240666e-05,0.9049304254988279,0.4571564155136175,0.1,0.9525741268224334,0.1
124,1,1.0,1.0,0.43333333333333335,1.0,0.0,1.0,1.0,0.9999999,0.8924227632053301,0.4449301888869313,0.9914668215386332,0.9525741268224334,0.1
125,1,1.0,1.0,0.3333333333333333,1.0,0.0,0.0,1.0,0.82649493,0.9197103423585175,0.38233142587178437,0.409736980526997,0.9525741268224334,0.1
126,1,1.0,1.0,0.5,1.0,0.0,1.0,1.0,0.9999995,0.9013950383255587,0.5090731128774081,0.9987173782265591,0.9525741268224334,0.1
127,1,0.0,1.0,0.4,0.0,0.0,0.0,1.0,4.0897285e-07,0.9115089742542323,0.4203578965751465,0.19741678199124593,0.9525741268224334,0.1
128,1,1.0,1.0,0.5166666666666667,1.0,0.0,1.0,1.0,0.99999464,0.8854188241805634,0.5174249196143186,0.7452731636253004,0.9525741268224334,0.1
129,1,0.0,0.7666666666666667,0.45,0.0,0.0,0.0,1.0,3.422206e-08,0.9285501824820999,0.4928568752208921,0.1,0.9525741268224334,0.1
130,0,1.0,0.0,0.2833333333333333,0.0,0.0,0.0,1.0,2.4518684e-08,0.9988942503291318,0.5933090530465763,0.9979954162958384,0.9525741268224334,0.1
131,0,1.0,0.0,0.36666666666666664,0.0,0.0,0.0,0.0,1.9613627e-11,0.9959676056802602,0.5528815448832387,0.46186574432585953,0.9525741268224334,0.1
132,0,0.0,0.0,0.5166666666666667,0.0,0.0,0.0,0.0,1.0,0.9975158978372928,0.42445281442504107,0.1,0.9525741268224334,0.1
133,0,0.0,0.0,0.4,0.0,0.0,0.0,0.0,0.99984,0.9952706985859477,0.5029780025767979,0.1,0.9525741268224334,0.1
134,0,1.0,0.0,0.3333333333333333,0.0,0.0,0.0,0.0,2.9424184e-05,0.9960356636655069,0.5536070509660618,0.23447584966108156,0.9525741268224334,0.1
135,0,1.0,0.0,0.36666666666666664,0.0,0.0,0.0,0.0,8.239457e-06,0.9960414093874068,0.5404473485370933,0.113246921066268,0.9525741268224334,0.1
136,0,1.0,0.0,0.4166666666666667,1.0,0.0,0.0,0.0,3.116739e-08,0.9964510866232921,0.49681523203707356,0.6722838373626808,0.9525741268224334,0.1
137,0,1.0,0.0,0.35,0.0,0.0,0.0,0.0,2.6440914e-09,0.9954133243806282,0.5366439844330453,0.3032415875244668,0.9525741268224334,0.1
138,0,1.0,0.0,0.38333333333333336,0.0,0.0,0.0,0.0,1.1795284e-09,0.9972847369073875,0.5158188011246085,0.1855378417418514,0.9525741268224334,0.1
139,0,1.0,0.0,0.36666666666666664,0.0,0.0,0.0,0.0,2.9993974e-08,0.9980271673148698,0.5185052885713968,0.5668985639274546,0.9525741268224334,0.1
140,0,1.0,0.0,0.4666666666666667,1.0,0.0,0.0,0.0,6.019132e-11,0.9971492344725098,0.4460672095814345,0.1,0.9525741268224334,0.1
141,0,1.0,0.0,0.35,0.0,0.0,0.0,0.0,2.845307e-12,0.9954005429281784,0.5295722277547499,0.16055315804605444,0.9525741268224334,0.1
142,0,1.0,0.0,0.48333333333333334,1.0,0.0,0.0,0.0,2.1005093e-07,0.9966074408955699,0.44099686766346136,0.10296087235770135,0.9525741268224334,0.1
143,0,1.0,0.0,0.45,1.0,0.0,0.0,0.0,4.2910526e-14,0.9958488258180851,0.4618275070068819,0.21578655369900243,0.9525741268224334,0.1
144,0,1.0,0.0,0.31666666666666665,0.0,0.0,0.0,0.0,0.001489311,0.9968480895730816,0.5540454916092897,0.20083612609220966,0.9525741268224334,0.1
145,0,1.0,0.0,0.3333333333333333,0.0,0.0,0.0,0.0,0.019769598,0.9962966086822499,0.5423355635380169,0.1,0.9525741268224334,0.1
146,0,1.0,0.0,0.4166666666666667,1.0,0.0,0.0,0.0,1.2857481e-05,0.9987453777641092,0.49694390132182764,0.1649534487122853,0.9525741268224334,0.1
147,0,1.0,0.0,0.36666666666666664,0.0,0.0,0.0,0.0,7.1416197e-13,0.9957892785754388,0.5359380733475052,0.1,0.9525741268224334,0.1
148,0,0.0,0.0,0.4,0.0,0.0,0.0,0.0,0.77124,0.99626417287355,0.5080174468039864,0.2771446136442982,0.9525741268224334,0.1
149,0,1.0,0.0,0.4666666666666667,1.0,0.0,0.0,0.0,5.2691587e-07,0.9966347680606684,0.46039138886797215,0.2612508240844081,0.9525741268224334,0.1
150,0,1.0,0.0,0.43333333333333335,1.0,0.0,0.0,0.0,0.0005408721,0.996656999568809,0.45629290928068206,0.22902095271253084,0.9525741268224334,0.1
151,0,0.0,0.0,0.4166666666666667,0.0,0.0,0.0,0.0,1.0,0.9958105006372768,0.49999082489471436,0.1,0.9525741268224334,0.1
152,0,1.0,0.0,0.35,0.0,0.0,0.0,0.0,0.3560623,0.9984314072407577,0.5309933767850462,0.49514085699680754,0.9525741268224334,0.1
153,0,1.0,0.0,0.5166666666666667,1.0,0.0,0.0,0.0,7.099291e-08,0.997805041758967,0.43194103762995617,0.9403157919147233,0.9525741268224334,0.1
154,0,1.0,0.0,0.35,0.0,0.0,0.0,0.0,9.756793e-11,0.9957932572751207,0.5336373537813915,0.1687616815094207,0.9525741268224334,0.1
155,0,0.0,0.0,0.35,0.0,0.0,0.0,0.0,1.0,0.9968788590192186,0.5328871890856454,0.1,0.9525741268224334,0.1
156,0,1.0,0.0,0.43333333333333335,1.0,0.0,0.0,0.0,0.31717932,0.9965138838984072,0.46617253672556286,0.5663644947670546,0.9525741268224334,0.1
157,0,1.0,0.0,0.36666666666666664,0.0,0.0,0.0,0.0,0.005538318,0.9969243542083905,0.538062775702084,0.3049616920809967,0.9525741268224334,0.1
158,0,1.0,0.0,0.4,0.0,0.0,0.0,0.0,1.9677056e-05,0.9954368015657884,0.5144111165920991,0.31070325001130294,0.9525741268224334,0.1
159,0,0.0,0.0,0.4666666666666667,0.0,0.0,0.0,0.0,1.0,0.9956030567347328,0.42788480037741106,0.1,0.9525741268224334,0.1
160,0,1.0,0.0,0.4,0.0,0.0,0.0,0.0,6.6741177e-06,0.9971940509254076,0.515054647101143,0.5110258085147379,0.9525741268224334,0.1
161,0,1.0,0.0,0.3,0.0,0.0,0.0,0.0,0.010685917,0.9950244412657426,0.5911000452760977,0.15869202438916638,0.9525741268224334,0.1
162,0,1.0,0.0,0.5333333333333333,1.0,0.0,0.0,0.0,0.025413955,0.9976927435023928,0.4011326208891603,0.21481111933112196,0.9525741268224334,0.1
163,0,0.0,0.0,0.5,0.0,0.0,0.0,0.0,1.0,0.9969414483550236,0.44128071043857187,0.1,0.9525741268224334,0.1
164,0,1.0,0.0,0.45,1.0,0.0,0.0,0.0,2.4191156e-11,0.9948867951045516,0.4609192808381624,0.1411982093066618,0.9525741268224334,0.1
165,0,1.0,0.0,0.38333333333333336,0.0,0.0,0.0,0.0,0.012000379,0.9954731678016256,0.5157379615925151,0.8850641412855695,0.9525741268224334,0.1
166,0,1.0,0.0,0.36666666666666664,0.0,0.0,0.0,1.0,5.9672317e-07,0.9976432403306819,0.536541245501148,0.9563261681036088,0.9525741268224334,0.1
167,0,0.0,0.0,0.31666666666666665,0.0,0.0,0.0,0.0,1.0,0.9960443884387215,0.5502496284826368,0.1,0.9525741268224334,0.1
168,0,1.0,0.0,0.38333333333333336,0.0,0.0,0.0,0.0,1.6561204e-09,0.9973229898164636,0.525954101518765,0.1939083555933597,0.9525741268224334,0.1
169,0,1.0,0.0,0.31666666666666665,0.0,0.0,0.0,0.0,0.00020303593,0.9976709890791174,0.5611002980799105,0.4631086592443503,0.9525741268224334,0.1
170,0,0.0,0.0,0.43333333333333335,0.0,0.0,0.0,0.0,0.9641585,0.9969264463216772,0.4970775994223166,0.9675189744635899,0.9525741268224334,0.1
171,0,1.0,0.0,0.35,0.0,0.0,0.0,0.0,2.4900055e-07,0.9972084109085817,0.5318650706016217,0.1,0.9525741268224334,0.1
172,0,1.0,0.0,0.43333333333333335,1.0,0.0,0.0,0.0,1.2857481e-05,0.9972207087343831,0.4776080442405697,0.1649534487122853,0.9525741268224334,0.1
173,0,1.0,0.0,0.5166666666666667,1.0,0.0,0.0,0.0,1.2666024e-18,0.9978673091273182,0.41859175917332997,0.1,0.9525741268224334,0.1
174,0,1.0,0.0,0.48333333333333334,1.0,0.0,0.0,0.0,0.00024551712,0.9960860134450816,0.436388613448446,0.7038506999359201,0.9525741268224334,0.1
175,0,1.0,0.0,0.45,1.0,0.0,0.0,0.0,1.0364013e-09,0.9963629066135485,0.47871332625179147,0.4945294450902513,0.9525741268224334,0.1
176,1,0.0,0.9,0.55,1.0,0.0,0.0,1.0,5.204526e-11,0.9993845037357183,0.5282031632424836,0.1,0.9525741268224334,0.1
177,1,0.0,1.0,0.36666666666666664,0.0,0.0,0.0,1.0,9.594866e-12,0.9997588632344175,0.39729882000299543,0.17822310433545366,0.9525741268224334,0.1
178,1,0.0,1.0,0.45,0.0,0.0,0.0,1.0,8.093612e-09,0.9996484907226579,0.4454398416310408,0.46469080177445,0.9525741268224334,0.1
179,1,1.0,1.0,0.43333333333333335,1.0,0.0,1.0,1.0,0.98628485,0.9997324451475706,0.44738461824757997,0.8444470745529867,0.9525741268224334,0.1
180,1,0.0,1.0,0.5166666666666667,1.0,0.0,0.0,1.0,0.010477611,0.9992671769953734,0.5285204089811901,0.10008600845579162,0.9525741268224334,0.1
181,1,0.0,1.0,0.35,0.0,0.0,0.0,1.0,2.305164e-11,0.9993843230577333,0.3664587368014504,0.5238857768443553,0.9525741268224334,0.1
182,1,1.0,1.0,0.4666666666666667,1.0,0.0,1.0,1.0,1.0,0.9976182381562807,0.4588169928868275,0.1,0.9525741268224334,0.1
183,1,1.0,1.0,0.38333333333333336,1.0,0.0,1.0,1.0,0.9999995,0.9991936841195009,0.3970784696890144,0.868975024732962,0.9525741268224334,0.1
184,1,0.0,1.0,0.4666666666666667,0.0,0.0,0.0,1.0,2.401343e-11,0.9991748280489604,0.47527985272719536,0.9362429562398304,0.9525741268224334,0.1
185,1,1.0,1.0,0.5166666666666667,1.0,0.0,1.0,1.0,0.9960802,0.998668751523333,0.5041986584896537,0.9923262633807145,0.9525741268224334,0.1
186,1,0.0,1.0,0.4,0.0,0.0,0.0,1.0,5.53396e-14,0.9995367345937217,0.4232794088403544,0.1581352060307558,0.9525741268224334,0.1
187,1,1.0,1.0,0.48333333333333334,1.0,0.0,1.0,1.0,0.9999975,0.9993155369913401,0.4627028011905557,0.8647634877201449,0.9525741268224334,0.1
188,1,1.0,1.0,0.45,1.0,0.0,0.0,1.0,0.83444583,0.9999992511157143,0.4483929009538608,0.5060146762292803,0.9525741268224334,0.1
189,1,0.0,1.0,0.55,1.0,0.0,0.0,1.0,3.422206e-08,0.9995909114610639,0.5350563341614691,0.1,0.9525741268224334,0.1
190,1,1.0,1.0,0.48333333333333334,1.0,0.0,1.0,1.0,1.0,0.9989000692883229,0.4776342922341167,0.8187906195090563,0.9525741268224334,0.1
191,1,1.0,1.0,0.2833333333333333,1.0,0.0,1.0,1.0,0.99999964,0.9992509426102423,0.31128659360532746,0.9763606598937711,0.9525741268224334,0.1
192,1,1.0,1.0,0.55,1.0,0.0,1.0,1.0,0.9977889,0.9996205091286738,0.5208517541998235,0.9892753308985678,0.9525741268224334,0.1
193,1,0.0,1.0,0.38333333333333336,0.0,0.0,0.0,1.0,4.2773216e-08,0.9997160301871892,0.385491067277442,0.8705996789757516,0.9525741268224334,0.1
194,1,0.0,1.0,0.4666666666666667,0.0,0.0,0.0,1.0,4.6120715e-11,0.9997267005233726,0.4637361178321307,0.739905518673755,0.9525741268224334,0.1
195,1,0.0,1.0,0.43333333333333335,0.0,0.0,0.0,1.0,1.0709074e-07,0.9999993437220986,0.4488306581446244,0.12173750055962747,0.9525741268224334,0.1
196,1,1.0,1.0,0.35,1.0,0.0,1.0,1.0,1.0,0.999531829127235,0.3628425536442322,0.1,0.9525741268224334,0.1
197,1,0.0,1.0,0.38333333333333336,0.0,0.0,0.0,1.0,0.17280328,0.9995793263722919,0.39163623451917506,0.5632210217318497,0.9525741268224334,0.1
198,1,1.0,1.0,0.4166666666666667,1.0,0.0,1.0,1.0,1.0,0.9990526171238941,0.4396019746299279,0.6473402645886904,0.9525741268224334,0.1
199,1,0.0,1.0,0.4,0.0,0.0,0.0,1.0,0.0028023792,0.999801340518857,0.4107785740005374,0.8360925152241017,0.9525741268224334,0.1
200,1,1.0,1.0,0.35,1.0,0.0,1.0,1.0,1.0,0.9995341899563781,0.3624750906041081,0.819760921939253,0.9525741268224334,0.1
201,1,0.0,1.0,0.4,0.0,0.0,0.0,1.0,2.5122958e-07,0.9998758638214881,0.4236282426751637,0.8332946195550268,0.9525741268224334,0.1
202,1,1.0,1.0,0.4,1.0,0.0,1.0,1.0,0.99999905,0.9996988093253691,0.4076024556007216,0.906081512076419,0.9525741268224334,0.1
203,1,1.0,1.0,0.5,1.0,0.0,0.0,1.0,0.83388245,0.9997691797612724,0.505439702230755,0.38712344597857634,0.9525741268224334,0.1
204,1,0.0,1.0,0.4,0.0,0.0,0.0,1.0,0.0055251033,0.9998402371535228,0.4189033392963885,0.14532918952552398,0.9525741268224334,0.1
205,1,0.0,1.0,0.4666666666666667,0.0,0.0,0.0,1.0,4.8441545e-10,0.9995101920754565,0.47465977788436636,0.2735041011634704,0.9525741268224334,0.1
206,1,0.0,1.0,0.31666666666666665,0.0,0.0,0.0,1.0,9.077439e-10,0.9988271345644001,0.3402368306750156,0.1,0.9525741268224334,0.1
207,1,1.0,1.0,0.4166666666666667,1.0,0.0,1.0,1.0,1.0,0.9995619076148698,0.4287838750647005,0.1,0.9525741268224334,0.1
208,1,0.0,1.0,0.4,0.0,0.0,0.0,1.0,6.34791e-11,0.9997455814124271,0.4220597803665463,0.11671998960545331,0.9525741268224334,0.1
209,1,1.0,1.0,0.48333333333333334,1.0,0.0,1.0,1.0,1.0,0.9995193067136307,0.4946847759440052,0.8679703492750582,0.9525741268224334,0.1
210,1,0.0,1.0,0.35,0.0,0.0,0.0,1.0,8.0111226e-05,0.9987895624944781,0.3667829156865997,0.709966342673797,0.9525741268224334,0.1
211,1,0.0,0.95,0.5166666666666667,1.0,0.0,0.0,1.0,6.090554e-09,0.9992105257769045,0.531764301867827,0.22333954391117372,0.9525741268224334,0.1
212,0,1.0,0.0,0.4166666666666667,1.0,0.0,0.0,0.0,1.6268915e-08,0.995218022749383,0.48041390434849846,0.2683149321765602,0.9525741268224334,0.1
213,0,1.0,0.0,0.5166666666666667,1.0,0.0,0.0,0.0,0.11875873,0.9956767064833653,0.4123176039220073,0.2567997953750754,0.9525741268224334,0.1
214,0,1.0,0.0,0.4666666666666667,1.0,0.0,0.0,1.0,3.0767118e-11,0.9963038630468115,0.4421335288581318,0.9933257807469382,0.9525741268224334,0.1
215,0,1.0,0.0,0.3,0.0,0.0,0.0,0.0,4.5380357e-09,0.9944095266057378,0.5832569466550552,0.17676342276270782,0.9525741268224334,0.1
216,0,1.0,0.0,0.5166666666666667,1.0,0.0,0.0,0.0,2.2236604e-06,0.9961809311979988,0.41148188090139404,0.4105813131277468,0.9525741268224334,0.1
217,0,1.0,0.0,0.48333333333333334,1.0,0.0,0.0,0.0,4.618087e-06,0.9960236391737265,0.45426164614370484,0.42533543436049875,0.9525741268224334,0.1
218,0,1.0,0.0,0.43333333333333335,1.0,0.0,0.0,0.0,1.451321e-16,0.9953553665692426,0.46936952040817737,0.10974672857353576,0.9525741268224334,0.1
219,0,1.0,0.0,0.45,1.0,0.0,0.0,0.0,0.001489311,0.9968072273239318,0.4498608317815051,0.20083612609220966,0.9525741268224334,0.1
220,0,1.0,0.0,0.36666666666666664,0.0,0.0,0.0,0.0,4.6574634e-08,0.9951989437679013,0.530548152253187,0.3806385393891066,0.9525741268224334,0.1
221,0,1.0,0.0,0.4666666666666667,1.0,0.0,0.0,0.0,2.3365092e-18,0.9962113947239515,0.4520145891220363,0.13138567684162722,0.9525741268224334,0.1
222,0,1.0,0.0,0.5833333333333334,1.0,0.0,0.0,0.0,8.101953e-09,0.9961738938372912,0.36869758204848224,0.1,0.9525741268224334,0.1
223,0,1.0,0.0,0.5,1.0,0.0,0.0,0.0,6.805936e-05,0.996362789662078,0.429348872024712,0.14084807681279948,0.9525741268224334,0.1
224,0,1.0,0.0,0.5333333333333333,1.0,0.0,0.0,0.0,1.0450789e-11,0.995233578726869,0.41619479820720745,0.150916888689795,0.9525741268224334,0.1
225,0,0.0,0.0,0.5166666666666667,0.0,0.0,0.0,0.0,0.9999995,0.996486223767936,0.4258074116523959,0.1,0.9525741268224334,0.1
226,0,1.0,0.0,0.4,1.0,0.0,0.0,0.0,2.2085901e-08,0.996449553123305,0.4979912809622939,0.16747299170102858,0.9525741268224334,0.1
227,0,1.0,0.0,0.43333333333333335,1.0,0.0,0.0,0.0,4.081588e-12,0.9963279933300968,0.47908611572043186,0.2449245011211378,0.9525741268224334,0.1
228,0,1.0,0.0,0.4,0.0,0.0,0.0,0.0,0.13903722,0.9946161625280207,0.5031993766963103,0.1132203609057553,0.9525741268224334,0.1
229,0,1.0,0.0,0.3333333333333333,0.0,0.0,0.0,0.0,1.8998245e-08,0.9975335001175808,0.5402537157335785,0.5675796233263002,0.9525741268224334,0.1
230,0,1.0,0.0,0.31666666666666665,0.0,0.0,0.0,0.0,6.006038e-10,0.9978276038529924,0.5635727104327966,0.12161314838035914,0.9525741268224334,0.1
231,0,1.0,0.0,0.4666666666666667,1.0,0.0,0.0,0.0,6.508686e-05,0.9971637586449354,0.45239031040106714,0.5113672477511219,0.9525741268224334,0.1
232,0,1.0,0.0,0.5,1.0,0.0,0.0,0.0,1.8828739e-07,0.9950012074062523,0.43092027888105483,0.1875805449144594,0.9525741268224334,0.1
233,0,1.0,0.0,0.38333333333333336,0.0,0.0,0.0,0.0,9.811897e-08,0.9963870648693782,0.5297954529225276,0.5098478272484344,0.9525741268224334,0.1
234,1,0.0,0.5,0.5,0.0,0.0,0.0,1.0,9.594866e-12,0.9979374026079041,0.4476930067794755,0.17822310433545366,0.9525741268224334,0.1
235,1,0.0,1.0,0.4,0.0,0.0,0.0,1.0,1.10975194e-13,0.9999251427728013,0.4199239790126961,0.1,0.9525741268224334,0.1
236,1,1.0,1.0,0.48333333333333334,1.0,0.0,1.0,1.0,0.9999999,0.9992705541385156,0.48779180820104273,0.9511438661535454,0.9525741268224334,0.1
237,1,1.0,1.0,0.38333333333333336,1.0,0.0,1.0,1.0,1.0,0.9990105327830345,0.38963834234853506,0.1,0.9525741268224334,0.1
238,1,1.0,1.0,0.4166666666666667,1.0,0.0,1.0,1.0,0.984248,0.9992693091393947,0.397144082362385,0.871211321218672,0.9525741268224334,0.1
239,1,0.0,1.0,0.5,0.0,0.0,0.0,1.0,0.41501233,0.9997003214930082,0.47602677675063043,0.7913244907164054,0.9525741268224334,0.1
240,1,1.0,1.0,0.31666666666666665,1.0,0.0,1.0,1.0,0.9999976,0.9994460781553776,0.3274247299266754,0.2232042761765069,0.9525741268224334,0.1
241,1,0.0,1.0,0.31666666666666665,0.0,0.0,0.0,1.0,1.2386192e-05,0.9999989335180992,0.3322260156319173,0.6778786621386507,0.9525741268224334,0.1
242,1,0.0,1.0,0.4166666666666667,0.0,0.0,0.0,1.0,3.2762675e-11,0.9998062596942726,0.4114167939946765,0.10722147998855316,0.9525741268224334,0.1
243,1,1.0,1.0,0.3,1.0,0.0,1.0,1.0,0.99999464,0.9998454328523193,0.3303811202872112,0.7452731636253004,0.9525741268224334,0.1
244,1,0.0,1.0,0.4166666666666667,0.0,0.0,0.0,1.0,3.7393194e-10,0.9998055115310985,0.4076692683084934,0.1,0.9525741268224334,0.1
245,1,1.0,1.0,0.5,1.0,0.0,0.0,1.0,0.82196635,0.999999710674748,0.48322941893740595,0.8741654418041908,0.9525741268224334,0.1
246,1,1.0,1.0,0.35,1.0,0.0,1.0,1.0,0.9999999,0.999531488872251,0.35238497037592537,0.1,0.9525741268224334,0.1
247,1,1.0,1.0,0.4166666666666667,1.0,0.0,1.0,1.0,0.99999106,0.9995211752706531,0.4123142551396764,0.27659136754716057,0.9525741268224334,0.1
248,1,0.0,1.0,0.5,0.0,0.0,0.0,1.0,0.0007433416,0.999850229590374,0.47030680717126444,0.1,0.9525741268224334,0.1
249,1,1.0,1.0,0.43333333333333335,1.0,0.0,1.0,1.0,0.99880683,0.9999233391541816,0.4178921956236294,0.9337383687516174,0.9525741268224334,0.1
250,1,0.0,1.0,0.38333333333333336,0.0,0.0,0.0,1.0,1.960133e-14,0.9991174508744117,0.3947560645169362,0.1,0.9525741268224334,0.1
251,1,0.0,1.0,0.4666666666666667,0.0,0.0,0.0,1.0,0.26660284,0.9999565869865797,0.462725094964693,0.2787400408622918,0.9525741268224334,0.1
252,1,0.0,1.0,0.55,1.0,0.0,0.0,1.0,3.8641756e-05,0.9991911472787637,0.5106859874571825,0.13286671978555487,0.9525741268224334,0.1
253,1,1.0,1.0,0.5,1.0,0.0,1.0,1.0,0.99999845,0.9998684530605754,0.4984078498145434,0.7905347247173655,0.9525741268224334,0.1
254,1,1.0,1.0,0.36666666666666664,1.0,0.0,1.0,1.0,1.0,0.9994645322306943,0.3634782779469767,0.9856093048388005,0.9525741268224334,0.1
255,1,1.0,1.0,0.4166666666666667,1.0,0.0,1.0,1.0,1.0,0.9987376330355161,0.42792162790966565,0.9796939322360261,0.9525741268224334,0.1
256,1,0.0,1.0,0.43333333333333335,0.0,0.0,0.0,1.0,1.3673382e-08,0.9994108319620557,0.44936864503193735,0.1,0.9525741268224334,0.1
257,1,0.0,1.0,0.4166666666666667,0.0,0.0,0.0,1.0,0.28305858,0.9995966908958,0.4348796617734917,0.5380817961275053,0.9525741268224334,0.1
258,1,0.0,1.0,0.36666666666666664,0.0,0.0,0.0,1.0,0.043581177,0.999802188929841,0.37301924281733595,0.42022063526306674,0.9525741268224334,0.1
259,1,0.0,1.0,0.4666666666666667,0.0,0.0,0.0,1.0,3.5053915e-06,0.9990908610562876,0.4797632309702803,0.1,0.9525741268224334,0.1
260,1,1.0,1.0,0.38333333333333336,1.0,0.0,1.0,1.0,0.9999999,0.9991351079719224,0.3942119350899004,0.9511438661535454,0.9525741268224334,0.1
261,1,0.0,1.0,0.4,0.0,0.0,0.0,1.0,5.570875e-15,0.9982072642834828,0.41350658219337766,0.1,0.9525741268224334,0.1
262,1,0.0,1.0,0.4166666666666667,0.0,0.0,0.0,1.0,6.525492e-09,0.9998426082058567,0.4215751694129285,0.7714979500110763,0.9525741268224334,0.1
263,1,0.0,1.0,0.5,0.0,0.0,0.0,1.0,8.7343096e-08,0.9997352661555147,0.47718307999376225,0.1,0.9525741268224334,0.1
264,1,1.0,1.0,0.43333333333333335,1.0,0.0,1.0,1.0,0.99999964,0.9992588520870014,0.40955964757231383,0.1,0.9525741268224334,0.1
265,1,1.0,1.0,0.4,1.0,0.0,1.0,1.0,0.99999464,0.9986442943624353,0.4080087923197413,0.7452731636253004,0.9525741268224334,0.1
266,1,1.0,1.0,0.4,1.0,0.0,1.0,1.0,1.0,0.9992958639899415,0.4198468232991816,0.9025777041269085,0.9525741268224334,0.1
267,1,1.0,1.0,0.4166666666666667,1.0,0.0,1.0,1.0,0.9999893,0.996670288073052,0.3917647663157598,0.7679763762611995,0.9525741268224334,0.1
268,1,1.0,1.0,0.45,1.0,0.0,1.0,1.0,0.99992144,0.9956831268427402,0.4337632108439939,0.7561570062066275,0.9525741268224334,0.1
269,1,0.0,1.0,0.45,0.0,0.0,0.0,1.0,0.036008526,0.9962654639023166,0.42874657525831594,0.20856947024670078,0.9525741268224334,0.1
270,1,0.0,1.0,0.4,0.0,0.0,0.0,1.0,3.2443302e-06,0.9936775125200364,0.40104673201066776,0.8493893729788877,0.9525741268224334,0.1
271,1,0.0,1.0,0.4166666666666667,0.0,0.0,0.0,1.0,5.705567e-10,0.9945827738937998,0.40560544374715124,0.4121549179379842,0.9525741268224334,0.1
272,1,0.0,1.0,0.36666666666666664,0.0,0.0,0.0,1.0,6.471099e-11,0.9947812593821105,0.3670874606776653,0.17142988908569942,0.9525741268224334,0.1
273,1,0.0,1.0,0.5,0.0,0.0,0.0,1.0,9.8037e-09,0.998081964668519,0.49443805467962404,0.44818213339569946,0.9525741268224334,0.1
274,1,0.0,1.0,0.4666666666666667,0.0,0.0,0.0,1.0,6.460237e-14,0.9958889867946769,0.4632528693345574,0.10971264796620904,0.9525741268224334,0.1
275,1,1.0,1.0,0.48333333333333334,1.0,0.0,1.0,1.0,1.0,0.9993903256424937,0.45766680124149145,0.17100334601025305,0.9525741268224334,0.1
276,1,1.0,1.0,0.43333333333333335,1.0,0.0,1.0,1.0,1.0,0.9999522029850298,0.42518144520126644,0.513689541498057,0.9525741268224334,0.1
277,1,1.0,1.0,0.43333333333333335,1.0,0.0,1.0,1.0,1.0,0.9991487836129065,0.4361170004431514,0.9098891969688246,0.9525741268224334,0.1
278,1,1.0,1.0,0.31666666666666665,1.0,0.0,1.0,1.0,1.0,0.9988806186344994,0.34566805563760455,0.9709552300891859,0.9525741268224334,0.1
279,1,0.0,1.0,0.5833333333333334,1.0,0.0,0.0,1.0,1.02605595e-08,0.9989792635803404,0.5409595355924461,0.8449898795682121,0.9525741268224334,0.1
280,1,1.0,1.0,0.43333333333333335,1.0,0.0,0.0,1.0,0.82196635,0.9992087775051853,0.4265125642805294,0.8741654418041908,0.9525741268224334,0.1
281,1,1.0,1.0,0.5,1.0,0.0,1.0,1.0,0.9899588,0.9994542397492611,0.4793001696164008,0.9367930013213408,0.9525741268224334,0.1
282,1,0.0,1.0,0.4666666666666667,0.0,0.0,0.0,1.0,0.013527204,0.998912598810933,0.45187743851812745,0.11142204983825776,0.9525741268224334,0.1
283,1,1.0,1.0,0.43333333333333335,1.0,0.0,1.0,1.0,0.9999999,0.9988940789695444,0.404931468075276,0.8606626549048493,0.9525741268224334,0.1
284,1,0.0,1.0,0.36666666666666664,0.0,0.0,0.0,1.0,5.899759e-12,0.9992026767864886,0.3680584114413647,0.1,0.9525741268224334,0.1
285,1,1.0,1.0,0.5166666666666667,1.0,0.0,1.0,1.0,1.0,0.997352930321742,0.49686985117186044,0.819760921939253,0.9525741268224334,0.1
286,1,0.0,1.0,0.31666666666666665,0.0,0.0,0.0,1.0,1.0806179e-09,0.9998665016488673,0.3420039646781846,0.3571737458936664,0.9525741268224334,0.1
287,1,1.0,1.0,0.43333333333333335,1.0,0.0,0.0,1.0,0.5439962,0.9996349149578275,0.42018368089939356,0.4961560650099221,0.9525741268224334,0.1
288,1,1.0,0.8666666666666667,0.3333333333333333,1.0,0.0,1.0,1.0,1.0,0.9998061645575154,0.39948193859522957,0.1,0.9525741268224334,0.1
289,0,0.0,0.0,0.36666666666666664,0.0,0.0,0.0,0.0,1.0,0.9971781909400421,0.5135870137666961,0.1,0.9525741268224334,0.1
290,0,1.0,0.0,0.45,1.0,0.0,0.0,0.0,2.2236604e-06,0.9986116552992069,0.45959007351531916,0.4105813131277468,0.9525741268224334,0.1
291,0,0.0,0.0,0.4,0.0,0.0,0.0,0.0,0.9995328,0.9973551909443881,0.49651493586494305,0.21542220134747783,0.9525741268224334,0.1
292,0,1.0,0.0,0.48333333333333334,1.0,0.0,0.0,0.0,7.187523e-06,0.9962910812742798,0.42453114680266457,0.20689717542701486,0.9525741268224334,0.1
293,0,0.0,0.0,0.3333333333333333,0.0,0.0,0.0,0.0,1.0,0.9969411789737413,0.5472890583674196,0.1,0.9525741268224334,0.1
294,0,1.0,0.0,0.35,0.0,0.0,0.0,0.0,7.4578274e-11,0.9961041668868418,0.5530275836452517,0.3065634191751696,0.9525741268224334,0.1
295,0,1.0,0.0,0.6,1.0,0.0,0.0,0.0,5.832543e-06,0.9966615452011871,0.35633610204581045,0.13596380383686973,0.9525741268224334,0.1
296,0,1.0,0.0,0.43333333333333335,1.0,0.0,0.0,0.0,3.037502e-09,0.9968419936617735,0.4891128166134553,0.1,0.9525741268224334,0.1
297,0,1.0,0.0,0.4166666666666667,1.0,0.0,0.0,0.0,9.654399e-08,0.9970752865765676,0.47726485122945,0.1,0.9525741268224334,0.1
298,0,1.0,0.0,0.45,1.0,0.0,0.0,0.0,2.3088788e-14,0.996841505695069,0.4746194011493898,0.10781746698798,0.9525741268224334,0.1
299,0,0.0,0.0,0.45,0.0,0.0,0.0,0.0,0.93813497,0.9957061975339114,0.47255950013509296,0.16163393897482517,0.9525741268224334,0.1
300,0,1.0,0.0,0.5333333333333333,1.0,0.0,0.0,0.0,7.167338e-18,0.9973015814095252,0.3949125367053928,0.1,0.9525741268224334,0.1
301,0,1.0,0.0,0.45,1.0,0.0,0.0,0.0,0.0069871573,0.996464570904219,0.46589204620416497,0.11896405466708115,0.9525741268224334,0.1
302,0,1.0,0.0,0.43333333333333335,1.0,0.0,0.0,0.0,4.0901227e-07,0.9950194667931387,0.4874933695778227,0.24811155026749385,0.9525741268224334,0.1
303,0,1.0,0.0,0.4166666666666667,1.0,0.0,0.0,0.0,0.00018356933,0.9967706602630034,0.4829629448274383,0.39369066730288405,0.9525741268224334,0.1
304,0,0.0,0.0,0.43333333333333335,0.0,0.0,0.0,0.0,1.0,0.996150888984619,0.47083172876684837,0.1,0.9525741268224334,0.1
305,0,1.0,0.0,0.4,1.0,0.0,0.0,0.0,0.006732571,0.995792709846366,0.48061472214402473,0.1290343591185756,0.9525741268224334,0.1
306,0,1.0,0.0,0.48333333333333334,1.0,0.0,0.0,0.0,2.3585368e-12,0.9965270176680966,0.43328419588400546,0.1,0.9525741268224334,0.1
307,0,1.0,0.0,0.35,0.0,0.0,0.0,1.0,9.6943016e-14,0.9963009914162086,0.5343778388442054,0.9931472544855745,0.9525741268224334,0.1
308,0,1.0,0.0,0.4666666666666667,1.0,0.0,0.0,0.0,2.9690364e-08,0.9963271720871543,0.44412894961246924,0.272012605363357,0.9525741268224334,0.1
309,0,1.0,0.0,0.38333333333333336,0.0,0.0,0.0,0.0,0.0001285051,0.9968220829118927,0.5093794070349443,0.6748913228065615,0.9525741268224334,0.1
310,0,1.0,0.0,0.36666666666666664,0.0,0.0,0.0,0.0,2.4959616e-06,0.9972090414990317,0.5230658761454844,0.4049169786436076,0.9525741268224334,0.1
311,0,1.0,0.0,0.5,1.0,0.0,0.0,0.0,2.0540371e-14,0.9974961589701153,0.43605282444590515,0.1,0.9525741268224334,0.1
312,0,1.0,0.0,0.43333333333333335,1.0,0.0,0.0,0.0,3.5104023e-07,0.9979786600784735,0.482595075752443,0.1826126264473682,0.9525741268224334,0.1
313,0,1.0,0.0,0.4666666666666667,1.0,0.0,0.0,0.0,0.0061957547,0.9964061209798022,0.4635634544514083,0.3544184634242344,0.9525741268224334,0.1
314,0,1.0,0.0,0.5666666666666667,1.0,0.0,0.0,0.0,0.00026771755,0.9962120542015043,0.38106250349260024,0.22043929589419842,0.9525741268224334,0.1
315,0,1.0,0.0,0.4666666666666667,1.0,0.0,0.0,0.0,5.438867e-12,0.9976735789899618,0.46332384584126274,0.20147766920364504,0.9525741268224334,0.1
316,0,1.0,0.0,0.5166666666666667,1.0,0.0,0.0,0.0,0.0023153354,0.9963011053011495,0.4275887555331559,0.14889617916424755,0.9525741268224334,0.1
317,0,1.0,0.0,0.38333333333333336,0.0,0.0,0.0,0.0,0.05461464,0.9970360818044093,0.5189287617980004,0.19832173086222968,0.9525741268224334,0.1
318,0,1.0,0.25,0.38333333333333336,0.0,0.0,0.0,0.0,5.493339e-09,0.9974502274069345,0.5052713719055115,0.13338673907923426,0.9525741268224334,0.1
319,1,0.0,1.0,0.36666666666666664,0.0,0.0,0.0,1.0,0.00027865672,0.998108874363468,0.36901291518978496,0.1,0.9525741268224334,0.1
320,1,0.0,1.0,0.5,1.0,0.0,0.0,1.0,2.5264934e-11,0.9994494578410769,0.5024209377853098,0.1,0.9525741268224334,0.1
321,1,1.0,1.0,0.31666666666666665,1.0,0.0,1.0,1.0,1.0,0.9996232461301556,0.3248396630473827,0.1,0.9525741268224334,0.1
322,1,1.0,1.0,0.38333333333333336,1.0,0.0,1.0,1.0,0.99999464,0.9996261857899699,0.3807839830497837,0.7452731636253004,0.9525741268224334,0.1
323,1,0.0,1.0,0.38333333333333336,0.0,0.0,0.0,1.0,1.3717377e-07,0.9993889404265816,0.38102481864280036,0.3357932155254515,0.9525741268224334,0.1
324,1,1.0,1.0,0.48333333333333334,1.0,0.0,1.0,1.0,0.9999875,0.9997902483271413,0.4718286962305966,0.9263631343479233,0.9525741268224334,0.1
325,1,0.0,1.0,0.4166666666666667,0.0,0.0,0.0,1.0,6.9808856e-16,0.9922320050844873,0.4121015274174802,0.1,0.9525741268224334,0.1
326,1,1.0,1.0,0.4666666666666667,1.0,0.0,1.0,1.0,0.9999957,0.9985246316829155,0.477549776720915,0.47143310515717574,0.9525741268224334,0.1
327,0,1.0,0.4666666666666667,0.4666666666666667,1.0,0.0,0.0,0.0,5.566115e-07,0.9984404098482955,0.3957585659876928,0.1,0.9525741268224334,0.1
328,1,1.0,0.9166666666666666,0.4,1.0,0.0,1.0,1.0,1.0,0.9991096851917337,0.4006071580833692,0.17100334601025305,0.9525741268224334,0.1
329,1,0.0,1.0,0.4166666666666667,0.0,0.0,0.0,1.0,0.051407326,0.9997809257225218,0.4155906403259511,0.23631842440194498,0.9525741268224334,0.1
330,1,1.0,1.0,0.43333333333333335,1.0,0.0,0.0,1.0,0.87827057,0.9995158554253304,0.38503461294487556,0.29523804866587994,0.9525741268224334,0.1
331,1,0.0,1.0,0.4166666666666667,0.0,0.0,0.0,1.0,2.959787e-15,0.9999562095489204,0.389644879712116,0.1,0.9525741268224334,0.1
332,1,1.0,1.0,0.4,1.0,0.0,1.0,1.0,0.99998283,0.9976069699731738,0.3819908967241578,0.21137650810424358,0.9525741268224334,0.1
333,1,0.0,1.0,0.38333333333333336,0.0,0.0,0.0,1.0,6.7747954e-09,0.9979719991304405,0.37223689895899414,0.9018193319442438,0.9525741268224334,0.1
334,1,0.0,1.0,0.5,0.0,0.0,0.0,1.0,0.019385561,0.9996317443908229,0.46159841235192456,0.1,0.9525741268224334,0.1
335,1,0.0,1.0,0.38333333333333336,0.0,0.0,0.0,1.0,0.010477611,0.9987951692492812,0.4039813796393803,0.10008600845579162,0.9525741268224334,0.1
336,1,0.0,1.0,0.43333333333333335,0.0,0.0,0.0,1.0,2.2910655e-05,0.9992060657978409,0.4371648975602859,0.1659686059015936,0.9525741268224334,0.1
337,1,1.0,1.0,0.3,1.0,0.0,0.0,1.0,0.87827057,0.9999098377107647,0.3230963153644923,0.29523804866587994,0.9525741268224334,0.1
338,1,0.0,1.0,0.4166666666666667,0.0,0.0,0.0,1.0,2.9160705e-05,0.9997988108255946,0.4386257113838579,0.1,0.9525741268224334,0.1
339,1,0.0,1.0,0.4666666666666667,0.0,0.0,0.0,1.0,2.1553613e-10,0.999435815952077,0.44406394649366127,0.14101771900608315,0.9525741268224334,0.1
340,1,0.0,1.0,0.35,0.0,0.0,0.0,1.0,1.4351018e-09,0.9986981488783999,0.3398434830637846,0.1,0.9525741268224334,0.1
341,1,1.0,1.0,0.55,1.0,0.0,1.0,1.0,1.0,0.9960398392474639,0.507600267866287,0.9856532815770707,0.9525741268224334,0.1
342,1,0.0,1.0,0.4666666666666667,0.0,0.0,0.0,1.0,4.900623e-09,0.9988173487116728,0.4570781955508128,0.1,0.9525741268224334,0.1
343,1,0.0,1.0,0.26666666666666666,0.0,0.0,0.0,1.0,1.5238856e-10,0.9996960825386105,0.28087545565669897,0.1,0.9525741268224334,0.1
344,1,0.0,1.0,0.5333333333333333,1.0,0.0,0.0,1.0,2.451942e-09,0.9996403345680853,0.5040375077202193,0.1298599764353217,0.9525741268224334,0.1
345,0,1.0,0.08333333333333333,0.36666666666666664,1.0,0.0,0.0,0.0,8.613169e-10,0.9983179464706095,0.496492226782047,0.3883222714619123,0.9525741268224334,0.1
346,0,1.0,0.0,0.3333333333333333,0.0,0.0,0.0,0.0,5.146722e-13,0.9966052330186428,0.5577015693728085,0.1,0.9525741268224334,0.1
347,0,1.0,0.0,0.5333333333333333,1.0,0.0,0.0,0.0,3.2687158e-06,0.9958098005050701,0.43041919312474186,0.23155008882979064,0.9525741268224334,0.1
348,0,0.0,0.0,0.38333333333333336,0.0,0.0,0.0,0.0,0.98789585,0.9963537749777984,0.5193750546697806,0.1,0.9525741268224334,0.1
349,0,1.0,0.0,0.35,0.0,0.0,0.0,0.0,7.3312025e-12,0.9974856194382984,0.5394784484209139,0.16401442496860616,0.9525741268224334,0.1
350,0,1.0,0.0,0.5,1.0,0.0,0.0,0.0,1.8441529e-12,0.9972684142916102,0.4295274240582844,0.15702225093188882,0.9525741268224334,0.1
351,0,1.0,0.0,0.38333333333333336,0.0,0.0,0.0,0.0,1.5302685e-12,0.9961317886268323,0.5091897600172242,0.1,0.9525741268224334,0.1
352,0,1.0,0.0,0.45,1.0,0.0,0.0,0.0,3.8039992e-13,0.9969325221883714,0.4669539539655271,0.6136416292544432,0.9525741268224334,0.1
353,0,1.0,0.0,0.3,0.0,0.0,0.0,0.0,4.075011e-06,0.9976222591847336,0.5730723652268139,0.13380532920151314,0.9525741268224334,0.1
354,0,1.0,0.0,0.4166666666666667,1.0,0.0,0.0,0.0,2.05354e-06,0.9972097066212793,0.4711544069147332,0.27335035508653094,0.9525741268224334,0.1
355,0,1.0,0.0,0.45,1.0,0.0,0.0,0.0,9.756793e-11,0.9979182734414377,0.45667556600562925,0.1687616815094207,0.9525741268224334,0.1
356,0,1.0,0.0,0.36666666666666664,0.0,0.0,0.0,0.0,4.3185963e-08,0.9967272094323978,0.5277713179840167,0.1528078768045594,0.9525741268224334,0.1
357,0,1.0,0.0,0.4666666666666667,1.0,0.0,0.0,0.0,0.027386282,0.9964459239238143,0.46159726964863024,0.4616189514304941,0.9525741268224334,0.1
358,0,1.0,0.0,0.4166666666666667,1.0,0.0,0.0,0.0,1.9574639e-08,0.9957285149427677,0.48577091566329245,0.1,0.9525741268224334,0.1
359,0,0.0,0.0,0.48333333333333334,0.0,0.0,0.0,0.0,0.9999721,0.9948632213418697,0.41090945413753144,0.1,0.9525741268224334,0.1
360,0,1.0,0.0,0.45,1.0,0.0,0.0,0.0,0.35420656,0.9964710849626165,0.46848427283547683,0.250608435030686,0.9525741268224334,0.1
361,0,1.0,0.0,0.35,0.0,0.0,0.0,0.0,0.0033307374,0.9968491848681287,0.5343185054300029,0.11072649288054781,0.9525741268224334,0.1
362,0,1.0,0.0,0.4166666666666667,1.0,0.0,0.0,0.0,0.36951706,0.9958439418594863,0.4869235549066717,0.25426982684223126,0.9525741268224334,0.1
363,0,1.0,0.0,0.45,1.0,0.0,0.0,0.0,0.00044938808,0.9965381367199005,0.46310795200849253,0.22090942739449185,0.9525741268224334,0.1
364,0,1.0,0.0,0.3333333333333333,0.0,0.0,0.0,0.0,1.2259355e-16,0.9974649776973473,0.5481870138818701,0.1,0.9525741268224334,0.1
365,0,1.0,0.0,0.4166666666666667,1.0,0.0,0.0,0.0,1.7598128e-06,0.9962236214594398,0.47932949703826766,0.23320743291068485,0.9525741268224334,0.1
366,0,1.0,0.0,0.43333333333333335,1.0,0.0,0.0,0.0,4.5269557e-05,0.9958896848137667,0.4701779274079216,0.2739112098635186,0.9525741268224334,0.1
367,0,1.0,0.0,0.4,0.0,0.0,0.0,0.0,0.057294466,0.9975293606456735,0.5000085142842828,0.9732720344081978,0.9525741268224334,0.1
368,0,1.0,0.0,0.35,0.0,0.0,0.0,1.0,2.4421358e-09,0.9956403422921475,0.548824708781925,0.9990696420423293,0.9525741268224334,0.1
369,0,1.0,0.0,0.4,1.0,0.0,0.0,0.0,1.954181e-12,0.9968431085353547,0.49460455102635914,0.3979570536580008,0.9525741268224334,0.1
370,0,1.0,0.0,0.5333333333333333,1.0,0.0,0.0,0.0,9.959032e-05,0.996246460442621,0.4002839901039704,0.1,0.9525741268224334,0.1
371,0,1.0,0.0,0.45,1.0,0.0,0.0,0.0,1.0577241e-06,0.9969957825109232,0.47866094573343826,0.7298045654573858,0.9525741268224334,0.1
372,0,1.0,0.0,0.4166666666666667,0.0,0.0,0.0,0.0,7.491455e-12,0.9971446564212817,0.5026053866436683,0.33130307563114386,0.9525741268224334,0.1
373,0,1.0,0.0,0.4166666666666667,1.0,0.0,0.0,0.0,3.5752947e-08,0.9960510934981021,0.4815702920093588,0.3776489953224282,0.9525741268224334,0.1
374,0,1.0,0.0,0.36666666666666664,0.0,0.0,0.0,0.0,2.1880276e-06,0.9958210578765763,0.5242507751079312,0.24316542443136935,0.9525741268224334,0.1
375,0,1.0,0.0,0.43333333333333335,1.0,0.0,0.0,0.0,3.6106425e-07,0.9963652771663638,0.4748450191041604,0.5657090304339913,0.9525741268224334,0.1
376,0,1.0,0.0,0.48333333333333334,1.0,0.0,0.0,0.0,0.31717932,0.9973659582470867,0.43053701857575233,0.5663644947670546,0.9525741268224334,0.1
377,0,1.0,0.0,0.3333333333333333,0.0,0.0,0.0,1.0,3.9037875e-09,0.9963349515429452,0.5488576459054856,0.9992821007550348,0.9525741268224334,0.1
378,0,1.0,0.0,0.23333333333333334,0.0,0.0,0.0,0.0,0.00096696627,0.9970078018837246,0.6113572449810845,0.24259374295192765,0.9525741268224334,0.1
379,0,1.0,0.0,0.36666666666666664,0.0,0.0,0.0,0.0,0.09623007,0.9954812613073218,0.5255683156492512,0.2669833103636928,0.9525741268224334,0.1
380,1,0.0,0.65,0.5,1.0,0.0,0.0,1.0,1.4647966e-10,0.9988526337494631,0.5044818127002112,0.10569759715089425,0.9525741268224334,0.1
381,1,1.0,1.0,0.38333333333333336,1.0,0.0,1.0,1.0,0.99999213,0.999120175277531,0.3824648030909513,0.9086617698191285,0.9525741268224334,0.1
382,1,1.0,1.0,0.48333333333333334,1.0,0.0,1.0,1.0,1.0,0.9986453698423692,0.46109838991736357,0.5992888007205438,0.9525741268224334,0.1
383,1,1.0,1.0,0.5333333333333333,1.0,0.0,0.0,1.0,0.83444583,0.9991234756975748,0.48595103120797084,0.5060146762292803,0.9525741268224334,0.1
384,1,1.0,1.0,0.4666666666666667,1.0,0.0,1.0,1.0,0.999861,0.9990924587844459,0.4409057163225162,0.9141599290089406,0.9525741268224334,0.1
385,1,0.0,1.0,0.35,0.0,0.0,0.0,1.0,2.6034174e-08,0.999386906944371,0.36921393216216647,0.2929295135047478,0.9525741268224334,0.1
386,1,1.0,1.0,0.6166666666666667,1.0,1.0,1.0,1.0,1.0,0.998022926678219,0.5816654325773877,0.1,0.9525741268224334,0.1
387,1,0.0,1.0,0.5,0.0,0.0,0.0,1.0,7.360962e-12,0.999055409157301,0.46656292748739653,0.10533018463101393,0.9525741268224334,0.1
388,1,1.0,1.0,0.43333333333333335,1.0,0.0,1.0,1.0,1.0,0.9996459300045146,0.41044677661625445,0.1,0.9525741268224334,0.1
389,1,0.0,1.0,0.35,0.0,0.0,0.0,1.0,1.9146812e-08,0.9994800208826927,0.3399207612333191,0.44022198350069836,0.9525741268224334,0.1
390,1,0.0,1.0,0.5,0.0,0.0,0.0,1.0,7.728316e-08,0.9983286343995129,0.4798765315946277,0.7322228243630095,0.9525741268224334,0.1
391,1,0.0,1.0,0.5,0.0,0.0,0.0,1.0,4.8441545e-10,0.9996405208374524,0.4556071271174027,0.2735041011634704,0.9525741268224334,0.1
392,1,0.0,1.0,0.3,0.0,0.0,0.0,1.0,0.00039370428,0.9994458028805838,0.3045774544620346,0.6374785898708896,0.9525741268224334,0.1
393,1,0.0,1.0,0.4166666666666667,0.0,0.0,0.0,1.0,2.6154332e-11,0.9995107881933228,0.40020861716709527,0.1,0.9525741268224334,0.1
394,1,0.0,1.0,0.5166666666666667,0.0,0.0,0.0,1.0,1.5429673e-06,0.9998330793609692,0.4780192209232943,0.5788721893629614,0.9525741268224334,0.1
395,1,0.0,1.0,0.36666666666666664,0.0,0.0,0.0,1.0,9.474074e-05,0.9999997203041152,0.3742700292925372,0.736946150671004,0.9525741268224334,0.1
396,1,0.0,1.0,0.43333333333333335,0.0,0.0,0.0,1.0,4.3070553e-08,0.9998968358179834,0.41203620898115145,0.18842745580291728,0.9525741268224334,0.1
397,1,0.0,1.0,0.4166666666666667,0.0,0.0,0.0,1.0,2.9266439e-15,0.999338217144331,0.4101445063153301,0.1,0.9525741268224334,0.1
398,1,0.0,1.0,0.4166666666666667,0.0,0.0,0.0,1.0,1.7532214e-11,0.9990602611728908,0.393891371088078,0.7492118925690797,0.9525741268224334,0.1
399,1,0.0,1.0,0.45,0.0,0.0,0.0,1.0,1.0652853e-10,0.9979018640073567,0.42979107960692725,0.1,0.9525741268224334,0.1
400,1,0.0,1.0,0.36666666666666664,0.0,0.0,0.0,1.0,7.896714e-18,0.9998805941505812,0.36740167805252716,0.10633020413471442,0.9525741268224334,0.1
401,1,0.0,1.0,0.4166666666666667,0.0,0.0,0.0,1.0,0.005354708,0.999946291122013,0.4014864202237062,0.7456080200857192,0.9525741268224334,0.1
402,1,1.0,1.0,0.5,1.0,0.0,1.0,1.0,0.99996626,0.9991694761445256,0.4705801962051618,0.35808972851750964,0.9525741268224334,0.1
403,1,0.0,1.0,0.21666666666666667,0.0,0.0,0.0,1.0,3.7393194e-10,0.9998398808199607,0.2527929464392147,0.1,0.9525741268224334,0.1
404,1,0.0,1.0,0.4166666666666667,0.0,0.0,0.0,1.0,4.160393e-15,0.9995893470607649,0.38097718270217473,0.1,0.9525741268224334,0.1
405,1,0.0,0.9166666666666666,0.43333333333333335,0.0,0.0,0.0,1.0,0.26660284,0.9986202907796422,0.4022059547768393,0.2787400408622918,0.9525741268224334,0.1
406,1,0.0,1.0,0.3333333333333333,0.0,0.0,0.0,1.0,6.2978796e-09,0.9997863295909988,0.3577503358053899,0.10960301321431964,0.9525741268224334,0.1
407,1,1.0,1.0,0.38333333333333336,1.0,0.0,0.0,1.0,0.9511587,0.9994383639222427,0.36620525871955606,0.8016973306775083,0.9525741268224334,0.1
408,1,1.0,1.0,0.45,1.0,0.0,1.0,1.0,1.0,0.9995338675068239,0.43107476118161153,0.1,0.9525741268224334,0.1
409,1,0.0,1.0,0.4166666666666667,0.0,0.0,0.0,1.0,0.04537883,0.998370856605841,0.4004455153571162,0.5739723375084432,0.9525741268224334,0.1
410,1,0.0,1.0,0.31666666666666665,0.0,0.0,0.0,1.0,4.77657e-11,0.9994360439567945,0.34013769571229696,0.1,0.9525741268224334,0.1
411,1,1.0,1.0,0.45,1.0,0.0,1.0,1.0,1.0,0.9990197592151713,0.4282238135398732,0.16336723947543177,0.9525741268224334,0.1
412,1,0.0,1.0,0.45,0.0,0.0,0.0,1.0,3.316801e-16,0.9998585162895761,0.42704565043857107,0.1,0.9525741268224334,0.1
413,0,1.0,0.2,0.36666666666666664,1.0,0.0,0.0,0.0,6.6403666e-12,0.9991395210483601,0.48203114588598045,0.1,0.9525741268224334,0.1
414,0,0.0,0.0,0.38333333333333336,0.0,0.0,0.0,0.0,0.99999714,0.9995591569519868,0.5192443517159403,0.1,0.9525741268224334,0.1
415,0,1.0,0.0,0.4166666666666667,1.0,0.0,0.0,0.0,1.9677056e-05,0.9967963869293708,0.4896051387125076,0.31070325001130294,0.9525741268224334,0.1
416,0,0.0,0.0,0.38333333333333336,0.0,0.0,0.0,0.0,1.0,0.9978063742110382,0.5119707005876617,0.1,0.9525741268224334,0.1
417,0,1.0,0.0,0.4,0.0,0.0,0.0,0.0,1.3257885e-07,0.9953124042406659,0.5063467269119094,0.1,0.9525741268224334,0.1
418,0,0.0,0.0,0.5,0.0,0.0,0.0,0.0,0.5482847,0.9946350594658945,0.41117192689553467,0.1328345727315487,0.9525741268224334,0.1
419,0,1.0,0.0,0.48333333333333334,1.0,0.0,0.0,0.0,7.994033e-11,0.9959218164145093,0.4574702567317716,0.1,0.9525741268224334,0.1
420,0,1.0,0.0,0.35,0.0,0.0,0.0,0.0,0.0057600173,0.9977524406311713,0.5362965838143264,0.25649604459835657,0.9525741268224334,0.1
421,0,1.0,0.0,0.4166666666666667,1.0,0.0,0.0,0.0,8.3806094e-07,0.9979791936985412,0.49689719998595405,0.6627081870297776,0.9525741268224334,0.1
422,0,1.0,0.0,0.3333333333333333,0.0,0.0,0.0,0.0,0.002681743,0.9957093041442857,0.5608408240182307,0.2620116218582305,0.9525741268224334,0.1
423,0,1.0,0.0,0.5166666666666667,1.0,0.0,0.0,0.0,0.000110126,0.9978526493406278,0.4057461291035516,0.574491970751621,0.9525741268224334,0.1
424,0,1.0,0.0,0.4,1.0,0.0,0.0,1.0,2.0719053e-10,0.9959108638841557,0.49052753088592393,0.9971751135085393,0.9525741268224334,0.1
425,0,1.0,0.0,0.35,0.0,0.0,0.0,0.0,3.3012145e-22,0.9953896891391719,0.5293512033430391,0.1,0.9525741268224334,0.1
426,0,1.0,0.0,0.43333333333333335,1.0,0.0,0.0,0.0,1.3183351e-14,0.9960975934322173,0.4738731756241157,0.19036576181169357,0.9525741268224334,0.1
427,0,1.0,0.0,0.5,1.0,0.0,0.0,0.0,0.01991724,0.9960995965317831,0.4386617116436522,0.3830839166392295,0.9525741268224334,0.1
428,0,1.0,0.0,0.4,1.0,0.0,0.0,0.0,9.744863e-09,0.9958416537442469,0.4943540489740118,0.1764708812290923,0.9525741268224334,0.1
429,0,1.0,0.0,0.48333333333333334,1.0,0.0,0.0,0.0,1.560287e-08,0.9983565915670531,0.4420636731872961,0.17154832607533427,0.9525741268224334,0.1
430,0,1.0,0.0,0.36666666666666664,0.0,0.0,0.0,0.0,0.03133091,0.998303511297537,0.5219719328812806,0.1,0.9525741268224334,0.1
431,0,0.0,0.0,0.4666666666666667,0.0,0.0,0.0,0.0,1.0,0.9955399118755821,0.45648392124135273,0.1,0.9525741268224334,0.1
432,0,1.0,0.0,0.4,1.0,0.0,0.0,0.0,0.0014427829,0.9979246007318908,0.4961113511972084,0.29322530640310285,0.9525741268224334,0.1
433,0,1.0,0.0,0.35,0.0,0.0,0.0,0.0,0.10339617,0.996672692318807,0.5265629933881236,0.4986736495244084,0.9525741268224334,0.1
434,0,1.0,0.0,0.43333333333333335,1.0,0.0,0.0,0.0,0.00088266394,0.9956378912452097,0.49207220617354286,0.41548385290552076,0.9525741268224334,0.1
435,0,1.0,0.0,0.45,1.0,0.0,0.0,0.0,0.03613695,0.9962023183713377,0.4589630473586344,0.12457241774784875,0.9525741268224334,0.1
436,0,1.0,0.0,0.4,0.0,0.0,0.0,0.0,1.0367063e-08,0.9958626406921453,0.5033996358057661,0.4439136511718502,0.9525741268224334,0.1
437,0,1.0,0.0,0.43333333333333335,1.0,0.0,0.0,0.0,0.00033633146,0.9966838347073479,0.48414185434830465,0.26580767914113074,0.9525741268224334,0.1
438,0,0.0,0.0,0.4,0.0,0.0,0.0,0.0,1.0,0.9977529060612688,0.4955604111971015,0.1,0.9525741268224334,0.1
439,0,1.0,0.0,0.3,0.0,0.0,0.0,0.0,4.985283e-05,0.9966172825154925,0.5706829060091521,0.7855885723072531,0.9525741268224334,0.1
440,0,1.0,0.0,0.35,0.0,0.0,0.0,0.0,8.225421e-06,0.9965514139404035,0.542992021641799,0.3931918851945396,0.9525741268224334,0.1
441,0,1.0,0.0,0.43333333333333335,1.0,0.0,0.0,0.0,1.297325e-13,0.9959887088165057,0.47847132534044934,0.1311519718225145,0.9525741268224334,0.1
442,0,1.0,0.0,0.4666666666666667,1.0,0.0,0.0,0.0,3.5321022e-17,0.9960138182851762,0.4594636221929179,0.1,0.9525741268224334,0.1
443,0,1.0,0.0,0.4,0.0,0.0,0.0,0.0,1.7142136e-10,0.9955094914247475,0.5049740900543516,0.17263680960071776,0.9525741268224334,0.1
444,0,1.0,0.0,0.45,1.0,0.0,0.0,0.0,8.101953e-09,0.9961377271252785,0.4738494974675869,0.1,0.9525741268224334,0.1
445,0,1.0,0.0,0.43333333333333335,1.0,0.0,0.0,0.0,4.2570508e-05,0.9966527400175191,0.47681569497148235,0.2868639271727691,0.9525741268224334,0.1
446,0,1.0,0.0,0.5,1.0,0.0,0.0,0.0,1.586677e-10,0.9968250766470053,0.4114074590516887,0.1,0.9525741268224334,0.1
447,0,1.0,0.0,0.25,0.0,0.0,0.0,0.0,5.9997794e-05,0.9963984518305956,0.6068103629337678,0.20151549941160418,0.9525741268224334,0.1
448,0,1.0,0.0,0.5333333333333333,1.0,0.0,0.0,0.0,7.994033e-11,0.9973470752592226,0.40152792670795556,0.1,0.9525741268224334,0.1
449,0,0.0,0.0,0.38333333333333336,0.0,0.0,0.0,0.0,1.0,0.9968242717199305,0.5119762805212181,0.1,0.9525741268224334,0.1
450,0,1.0,0.0,0.5,1.0,0.0,0.0,0.0,2.4900055e-07,0.9953604939149022,0.4359909607781152,0.1,0.9525741268224334,0.1
451,0,1.0,0.0,0.36666666666666664,0.0,0.0,0.0,1.0,6.45188e-09,0.9957961046584922,0.5263716346655065,0.9810567264548397,0.9525741268224334,0.1
452,0,1.0,0.0,0.3333333333333333,0.0,0.0,0.0,1.0,5.0966875e-09,0.9959446522543133,0.5379679695657402,0.999916895890452,0.9525741268224334,0.1
453,0,1.0,0.0,0.45,1.0,0.0,0.0,0.0,1.8038135e-11,0.9968662606860038,0.46313563625519427,0.15848131307044527,0.9525741268224334,0.1
454,0,1.0,0.0,0.3333333333333333,0.0,0.0,0.0,0.0,0.0018474285,0.9958281121098566,0.5523653824672808,0.11222409572427772,0.9525741268224334,0.1
455,0,1.0,0.0,0.4,0.0,0.0,0.0,1.0,1.7658465e-15,0.9956380237697788,0.505411460731995,0.9581016502567115,0.9525741268224334,0.1
456,0,1.0,0.0,0.4666666666666667,1.0,0.0,0.0,0.0,6.002219e-07,0.9952924864708428,0.4553404108121741,0.2811447548441214,0.9525741268224334,0.1
457,0,1.0,0.0,0.43333333333333335,1.0,0.0,0.0,0.0,9.686773e-19,0.9966021122130386,0.4554377966656632,0.12136030360656595,0.9525741268224334,0.1
458,0,1.0,0.0,0.4,0.0,0.0,0.0,0.0,5.493339e-09,0.9966968145971993,0.5097695711856177,0.13338673907923426,0.9525741268224334,0.1
459,0,1.0,0.0,0.5333333333333333,1.0,0.0,0.0,0.0,1.7085282e-09,0.9962970058847973,0.39405560899656383,0.5830150664503309,0.9525741268224334,0.1
460,0,1.0,0.0,0.5,1.0,0.0,0.0,0.0,7.0317895e-19,0.9958672797084471,0.42026223285440467,0.1,0.9525741268224334,0.1
461,0,1.0,0.0,0.4666666666666667,1.0,0.0,0.0,0.0,0.0037979197,0.9963601680202003,0.4544732701492574,0.1,0.9525741268224334,0.1
462,0,0.0,0.0,0.4,0.0,0.0,0.0,0.0,0.67221737,0.9962723740583207,0.4969704748139921,0.1,0.9525741268224334,0.1
463,0,1.0,0.0,0.4,1.0,0.0,0.0,0.0,2.8489502e-09,0.996748098560608,0.492116682002914,0.22974004475294243,0.9525741268224334,0.1
464,1,0.0,0.65,0.4666666666666667,0.0,0.0,0.0,1.0,5.2872418e-11,0.9980992967910253,0.40496217228426984,0.13887739455650955,0.9525741268224334,0.1
465,0,1.0,0.48333333333333334,0.26666666666666666,1.0,0.0,0.0,0.0,0.42073953,0.998822289447543,0.46984683666614624,0.10888468413886858,0.9525741268224334,0.1
466,0,0.0,0.0,0.5166666666666667,0.0,0.0,0.0,0.0,0.99999964,0.99636193340108,0.4212719318074491,0.1,0.9525741268224334,0.1
467,0,1.0,0.0,0.45,1.0,0.0,0.0,0.0,0.0019694525,0.996487637020909,0.4760634140985116,0.13505887770600603,0.9525741268224334,0.1
468,0,1.0,0.0,0.4666666666666667,1.0,0.0,0.0,0.0,0.022382392,0.9959956434917283,0.44426440315918264,0.10137735886807582,0.9525741268224334,0.1
469,0,1.0,0.0,0.5666666666666667,1.0,0.0,0.0,0.0,2.1553474e-07,0.9973711729575494,0.38867050875225373,0.11834779641852569,0.9525741268224334,0.1
470,0,1.0,0.0,0.4166666666666667,1.0,0.0,0.0,0.0,2.3148094e-14,0.9981668660031052,0.4924029936862061,0.1279285858655017,0.9525741268224334,0.1
471,1,1.0,0.9833333333333333,0.3333333333333333,1.0,0.0,1.0,1.0,1.0,0.9990843497111896,0.3336617805025591,0.1,0.9525741268224334,0.1
472,1,0.0,1.0,0.43333333333333335,0.0,0.0,0.0,1.0,0.00027865672,0.9987708350209743,0.41956629115199695,0.1,0.9525741268224334,0.1
473,1,1.0,1.0,0.38333333333333336,1.0,0.0,1.0,1.0,0.9999957,0.9993791826188689,0.346623152628445,0.47143310515717574,0.9525741268224334,0.1
474,1,1.0,1.0,0.4666666666666667,1.0,0.0,1.0,1.0,0.99999964,0.9962687815011082,0.4569239460287318,0.3041217751866982,0.9525741268224334,0.1
475,1,1.0,1.0,0.43333333333333335,1.0,0.0,1.0,1.0,0.999845,0.9989485121552408,0.41449880481277784,0.45057235579393434,0.9525741268224334,0.1
476,1,1.0,1.0,0.4166666666666667,1.0,0.0,1.0,1.0,0.9999558,0.998254594494168,0.41673879095013905,0.1356424254939486,0.9525741268224334,0.1
477,1,1.0,1.0,0.4166666666666667,1.0,0.0,1.0,1.0,0.9973852,0.999624316492018,0.43251771872314604,0.9504279247805282,0.9525741268224334,0.1
478,1,1.0,1.0,0.38333333333333336,1.0,0.0,1.0,1.0,0.96953905,0.9995187081486455,0.36590137236664994,0.8069657165936495,0.9525741268224334,0.1
479,1,0.0,1.0,0.3333333333333333,0.0,0.0,0.0,1.0,3.0716076e-13,0.999231129041745,0.33477534138817805,0.1,0.9525741268224334,0.1
480,1,0.0,1.0,0.3,0.0,0.0,0.0,1.0,0.00014888577,0.9994582141018238,0.3123687873327997,0.821126197328325,0.9525741268224334,0.1
481,1,1.0,1.0,0.38333333333333336,1.0,0.0,1.0,1.0,1.0,0.9991051913945695,0.38391950798611746,0.1,0.9525741268224334,0.1
482,1,0.0,1.0,0.45,0.0,0.0,0.0,1.0,6.055137e-05,0.999225699361182,0.43548282924162807,0.11604790840536279,0.9525741268224334,0.1
483,1,0.0,1.0,0.36666666666666664,0.0,0.0,0.0,1.0,8.525052e-05,0.999175071116452,0.37297943205599027,0.16727356109688768,0.9525741268224334,0.1
484,1,1.0,1.0,0.4166666666666667,1.0,0.0,1.0,1.0,1.0,0.9996947999512642,0.3583828302109929,0.15632441780296405,0.9525741268224334,0.1
485,1,0.0,1.0,0.3333333333333333,0.0,0.0,0.0,1.0,0.0005069835,0.9997168581864957,0.34138402234859344,0.4971042226112622,0.9525741268224334,0.1
486,1,1.0,1.0,0.5666666666666667,1.0,0.0,1.0,1.0,1.0,0.9994997554119578,0.5223907687458328,0.1,0.9525741268224334,0.1
487,1,1.0,1.0,0.43333333333333335,1.0,0.0,1.0,1.0,1.0,0.9993948511950134,0.4024636067590131,0.9576294018990874,0.9525741268224334,0.1
488,1,1.0,1.0,0.45,1.0,0.0,1.0,1.0,1.0,0.9998494426346503,0.4154376874725033,0.1,0.9525741268224334,0.1
489,1,1.0,1.0,0.36666666666666664,1.0,0.0,1.0,1.0,1.0,0.9997253574325387,0.3683661737091324,0.9856532815770707,0.9525741268224334,0.1
490,1,1.0,1.0,0.45,1.0,0.0,1.0,1.0,0.99954563,0.9993161631057081,0.4471063547422149,0.9864103640245755,0.9525741268224334,0.1
491,1,0.0,1.0,0.43333333333333335,0.0,0.0,0.0,1.0,6.51649e-08,0.999727613290663,0.4052231049655361,0.6953230193556001,0.9525741268224334,0.1
492,1,1.0,1.0,0.43333333333333335,1.0,0.0,1.0,1.0,0.9999957,0.9983473560898448,0.399309659656464,0.954318377590072,0.9525741268224334,0.1
493,1,1.0,1.0,0.55,1.0,1.0,1.0,1.0,0.9998153,0.9998271582784024,0.5370222717267892,0.8533808444516179,0.9525741268224334,0.1
494,1,0.0,1.0,0.48333333333333334,0.0,0.0,0.0,1.0,1.3673382e-08,0.9998037069250815,0.4383138278243408,0.1,0.9525741268224334,0.1
495,1,1.0,1.0,0.5166666666666667,1.0,0.0,1.0,1.0,1.0,0.9986750045933407,0.4762047967132913,0.9880072087651545,0.9525741268224334,0.1
496,1,0.0,1.0,0.4166666666666667,0.0,0.0,0.0,1.0,1.02605595e-08,0.9989560853688538,0.409168242333861,0.8449898795682121,0.9525741268224334,0.1
497,1,1.0,1.0,0.31666666666666665,1.0,0.0,1.0,1.0,1.0,0.998188329812025,0.33539068057428517,0.1,0.9525741268224334,0.1
498,1,1.0,1.0,0.5,1.0,0.0,1.0,1.0,1.0,0.999811739976778,0.46641240871572903,0.1,0.9525741268224334,0.1
499,1,1.0,1.0,0.36666666666666664,1.0,0.0,1.0,1.0,0.97937727,0.9955802607051042,0.3502915550294617,0.2592875149667235,0.9525741268224334,0.1
500,1,0.0,1.0,0.38333333333333336,0.0,0.0,0.0,1.0,7.2891744e-06,0.9949176806557596,0.36080534945827736,0.13130237849715615,0.9525741268224334,0.1
501,1,1.0,1.0,0.45,1.0,0.0,1.0,1.0,1.0,0.999671095964645,0.4173171977686763,0.9891844965313584,0.9525741268224334,0.1
502,1,1.0,1.0,0.48333333333333334,1.0,0.0,1.0,1.0,1.0,0.999374720230459,0.46009076272907073,0.8950893076990338,0.9525741268224334,0.1
503,1,1.0,1.0,0.31666666666666665,1.0,0.0,1.0,1.0,1.0,0.9995333056950538,0.33753577369088467,0.1,0.9525741268224334,0.1
504,1,0.0,1.0,0.3333333333333333,0.0,0.0,0.0,1.0,1.0145123e-15,0.9998709374798135,0.32388817732593034,0.4788519700906597,0.9525741268224334,0.1
505,1,1.0,1.0,0.4666666666666667,1.0,0.0,1.0,1.0,0.99999464,0.9971241696974118,0.43323233913127746,0.7452731636253004,0.9525741268224334,0.1
506,1,1.0,1.0,0.35,1.0,0.0,0.0,1.0,0.91324127,0.999901738538078,0.3569335811128041,0.9749796532056192,0.9525741268224334,0.1
507,1,1.0,1.0,0.36666666666666664,1.0,0.0,0.0,1.0,0.95956486,0.9978475950907285,0.3543343128600126,0.558641103419813,0.9525741268224334,0.1
508,1,0.0,1.0,0.4,0.0,0.0,0.0,1.0,0.0094903335,0.9989857293908084,0.4017937407171512,0.1,0.9525741268224334,0.1
509,1,0.0,1.0,0.48333333333333334,0.0,0.0,0.0,1.0,2.451942e-09,0.9985599331652647,0.4364147776771573,0.1298599764353217,0.9525741268224334,0.1
510,1,0.0,1.0,0.45,0.0,0.0,0.0,1.0,5.0637855e-11,0.9994447687549588,0.42314168826885373,0.1,0.9525741268224334,0.1
511,1,1.0,1.0,0.45,1.0,0.0,1.0,1.0,1.0,0.9989785465811367,0.44759208091207053,0.1,0.9525741268224334,0.1
512,1,0.0,1.0,0.5666666666666667,0.0,0.0,0.0,1.0,0.41501233,0.998500218288875,0.48574289665570425,0.7913244907164054,0.9525741268224334,0.1
513,1,0.0,1.0,0.45,0.0,0.0,0.0,1.0,3.432189e-11,0.9991793446805984,0.44908052216274563,0.1794632617830649,0.9525741268224334,0.1
514,1,0.0,1.0,0.4666666666666667,0.0,0.0,0.0,1.0,5.4776206e-10,0.9995678201382387,0.4338785163140413,0.1,0.9525741268224334,0.1
515,1,1.0,1.0,0.48333333333333334,1.0,0.0,1.0,1.0,1.0,0.999692877272114,0.46114428159888526,0.1,0.9525741268224334,0.1
516,1,1.0,1.0,0.25,1.0,0.0,0.0,1.0,0.9981918,0.9997062894626022,0.27088654140274554,0.7285304584232442,0.9525741268224334,0.1
517,1,1.0,1.0,0.45,1.0,0.0,1.0,1.0,0.98316795,0.99958226153507,0.4459676460191348,0.2947941124378403,0.9525741268224334,0.1
518,1,0.0,1.0,0.48333333333333334,0.0,0.0,0.0,1.0,1.872586e-13,0.9994866976263604,0.45248803224071604,0.1,0.9525741268224334,0.1
519,1,0.0,1.0,0.43333333333333335,0.0,0.0,0.0,1.0,1.5429673e-06,0.9996458739311482,0.4177339680205587,0.5788721893629614,0.9525741268224334,0.1
520,1,1.0,1.0,0.36666666666666664,1.0,0.0,1.0,1.0,1.0,0.996279606719992,0.3746132611307147,0.8977002573149578,0.9525741268224334,0.1
521,1,0.0,1.0,0.5,0.0,0.0,0.0,1.0,2.0790456e-11,0.9898969634723429,0.4505746275347221,0.1144916396797138,0.9525741268224334,0.1
522,1,0.0,1.0,0.38333333333333336,0.0,0.0,0.0,1.0,3.666873e-07,0.9906988709703907,0.37399824545695576,0.42319075445591686,0.9525741268224334,0.1
523,1,1.0,1.0,0.2833333333333333,1.0,0.0,0.0,1.0,0.9971922,0.969599280887064,0.28594764808401146,0.7890698367507994,0.9525741268224334,0.1
524,1,0.0,1.0,0.5,0.0,0.0,0.0,1.0,7.3894867e-13,0.9848703010730627,0.460716757572613,0.1,0.9525741268224334,0.1
525,1,0.0,1.0,0.5,0.0,0.0,0.0,1.0,1.473588e-07,0.9687021054546857,0.47343853038302597,0.1,0.9525741268224334,0.1
526,1,0.0,1.0,0.4666666666666667,0.0,0.0,0.0,1.0,0.0026781224,0.9732154886721076,0.4471106464150914,0.33996335427737745,0.9525741268224334,0.1
527,1,1.0,1.0,0.5,1.0,0.0,1.0,1.0,1.0,0.9804433366040097,0.44914385742920376,0.9880072087651545,0.9525741268224334,0.1
528,1,0.0,1.0,0.48333333333333334,0.0,0.0,0.0,1.0,4.6897002e-14,0.9804501112389394,0.4340998089789881,0.1,0.9525741268224334,0.1
529,1,0.0,1.0,0.31666666666666665,0.0,0.0,0.0,1.0,0.0012625662,0.9793117031481837,0.30866885850423176,0.2587335940173495,0.9525741268224334,0.1
530,1,0.0,1.0,0.4666666666666667,0.0,0.0,0.0,1.0,2.7698763e-07,0.996312058890867,0.4448832600796031,0.3249940311877153,0.9525741268224334,0.1
531,1,0.0,1.0,0.55,1.0,0.0,0.0,1.0,8.6489084e-14,0.9990219267857137,0.5013317505618162,0.1,0.9525741268224334,0.1
532,1,0.0,1.0,0.38333333333333336,0.0,0.0,0.0,1.0,5.400503e-09,0.9960208830478994,0.3682644866543628,0.1658154332103128,0.9525741268224334,0.1
533,1,0.0,1.0,0.3333333333333333,0.0,0.0,0.0,1.0,1.4076873e-10,0.9989694600853262,0.3363876011374633,0.2764712648771785,0.9525741268224334,0.1
534,1,0.0,1.0,0.43333333333333335,0.0,0.0,0.0,1.0,5.5010446e-06,0.9971131365048794,0.4180427786461649,0.2603736641028306,0.9525741268224334,0.1
535,1,1.0,1.0,0.48333333333333334,1.0,0.0,1.0,1.0,1.0,0.9986039544641532,0.4484742700726063,0.1,0.9525741268224334,0.1
536,1,0.0,1.0,0.43333333333333335,0.0,0.0,0.0,1.0,3.2762675e-11,0.9977225600619206,0.43735904213310967,0.10722147998855316,0.9525741268224334,0.1
537,1,1.0,1.0,0.4,1.0,0.0,1.0,1.0,1.0,0.9988523402364226,0.38691475092788546,0.6185252649884465,0.9525741268224334,0.1
538,1,0.0,1.0,0.48333333333333334,0.0,0.0,0.0,1.0,5.4776333e-13,0.9836940791623803,0.4489959460499197,0.7493468493159882,0.9525741268224334,0.1
539,1,1.0,1.0,0.43333333333333335,1.0,0.0,1.0,1.0,0.97199553,0.9972156187865936,0.4253648071957097,0.38262189062097346,0.9525741268224334,0.1
540,1,0.0,1.0,0.38333333333333336,0.0,0.0,0.0,1.0,1.1478744e-13,0.9885992915232346,0.3728407938000887,0.1554548423176019,0.9525741268224334,0.1
541,1,0.0,1.0,0.43333333333333335,0.0,0.0,0.0,0.0,6.3648895e-06,0.991755928720515,0.40739610452543057,0.9784611124314346,0.9525741268224334,0.1
542,1,0.0,1.0,0.45,0.0,0.0,0.0,1.0,0.019385561,0.9872095735474954,0.42441926065313496,0.1,0.9525741268224334,0.1
543,1,0.0,1.0,0.45,0.0,0.0,0.0,1.0,0.0003731642,0.9885284608883345,0.3978488080413573,0.1,0.9525741268224334,0.1
544,1,0.0,1.0,0.4666666666666667,0.0,0.0,0.0,1.0,6.920427e-10,0.9857626562793159,0.41966573812340163,0.1166736045912133,0.9525741268224334,0.1
545,1,0.0,1.0,0.38333333333333336,0.0,0.0,0.0,1.0,0.287126,0.9730573705290199,0.3680737297109075,0.7233866117042462,0.9525741268224334,0.1
546,1,0.0,1.0,0.35,0.0,0.0,0.0,1.0,1.6477555e-12,0.9921780428973758,0.35341601281455015,0.20647906368086677,0.9525741268224334,0.1
547,1,0.0,1.0,0.4666666666666667,0.0,0.0,0.0,1.0,2.4410857e-11,0.9825017853431005,0.42584017646796646,0.17255688823687645,0.9525741268224334,0.1
548,1,0.0,1.0,0.36666666666666664,0.0,0.0,0.0,1.0,8.0111226e-05,0.9888932937390531,0.38429727892048793,0.709966342673797,0.9525741268224334,0.1
549,1,1.0,1.0,0.5166666666666667,1.0,0.0,1.0,1.0,0.9999957,0.9992254112414566,0.4846490907745367,0.6171802800981678,0.9525741268224334,0.1
550,1,0.0,1.0,0.4166666666666667,0.0,0.0,0.0,1.0,1.3220366e-14,0.9975887300220709,0.3843522456421118,0.1,0.9525741268224334,0.1
551,1,1.0,1.0,0.4,1.0,0.0,1.0,1.0,0.99999464,0.9978892588831142,0.3737180609611815,0.7452731636253004,0.9525741268224334,0.1
552,1,0.0,1.0,0.45,0.0,0.0,0.0,1.0,5.5010446e-06,0.9949386833610417,0.4230429950053142,0.2603736641028306,0.9525741268224334,0.1
553,1,0.0,1.0,0.43333333333333335,0.0,0.0,0.0,1.0,4.8167655e-13,0.9961815185719022,0.39385520304343563,0.1,0.9525741268224334,0.1
554,1,0.0,1.0,0.38333333333333336,0.0,0.0,0.0,1.0,1.4423168e-08,0.995413019056558,0.38603947579888265,0.6214528278699998,0.9525741268224334,0.1
555,1,0.0,1.0,0.4166666666666667,0.0,0.0,0.0,1.0,6.46696e-09,0.9955856816266012,0.38901143153001894,0.18490679983797367,0.9525741268224334,0.1
556,1,0.0,1.0,0.45,0.0,0.0,0.0,1.0,1.750935e-08,0.9968273013040775,0.4144414006698156,0.35930009994628964,0.9525741268224334,0.1
557,1,0.0,1.0,0.4166666666666667,0.0,0.0,0.0,1.0,2.433099e-05,0.9975361384197234,0.41759168507833955,0.19235006285810632,0.9525741268224334,0.1
558,1,0.0,1.0,0.38333333333333336,0.0,0.0,0.0,1.0,2.5066958e-13,0.9881910540026521,0.3708269842780785,0.1,0.9525741268224334,0.1
559,1,0.0,1.0,0.5,0.0,0.0,0.0,1.0,8.0111226e-05,0.9953841162638423,0.4709708391378474,0.709966342673797,0.9525741268224334,0.1
560,1,0.0,1.0,0.43333333333333335,0.0,0.0,0.0,1.0,0.00095500465,0.982212309616072,0.40606007642904485,0.8848182762827808,0.9525741268224334,0.1
561,1,0.0,1.0,0.48333333333333334,0.0,0.0,0.0,1.0,6.067994e-15,0.991582985743742,0.45078035412466816,0.1,0.9525741268224334,0.1
562,1,0.0,1.0,0.5,0.0,0.0,0.0,1.0,2.2855863e-14,0.9944895061164409,0.45762148785741075,0.12069672503070854,0.9525741268224334,0.1
563,1,1.0,1.0,0.4,1.0,0.0,1.0,1.0,1.0,0.9977461924991816,0.3778716350944284,0.1,0.9525741268224334,0.1
564,1,1.0,1.0,0.5333333333333333,1.0,0.0,1.0,1.0,0.9999999,0.9949097607136731,0.47845366811129264,0.7805330504616163,0.9525741268224334,0.1
565,1,1.0,1.0,0.45,1.0,0.0,1.0,1.0,0.999796,0.9982455450842376,0.41135573427988753,0.5900453466365779,0.9525741268224334,0.1
566,1,1.0,1.0,0.48333333333333334,1.0,0.0,1.0,1.0,1.0,0.9982957259198574,0.44396155904639595,0.9709552300891859,0.9525741268224334,0.1
567,1,1.0,1.0,0.55,1.0,0.0,1.0,1.0,0.9999999,0.996058732044324,0.509709954679808,0.9789147076523018,0.9525741268224334,0.1
568,1,1.0,1.0,0.36666666666666664,1.0,0.0,1.0,1.0,0.9965874,0.9979592933508051,0.35749316308587875,0.45600269375561553,0.9525741268224334,0.1
569,1,1.0,1.0,0.45,1.0,0.0,1.0,1.0,1.0,0.9987431807624194,0.44696659817215456,0.9497832481628843,0.9525741268224334,0.1
570,1,0.0,1.0,0.35,0.0,0.0,0.0,1.0,6.471099e-11,0.9997193442728342,0.3337251392446737,0.17142988908569942,0.9525741268224334,0.1
571,1,1.0,1.0,0.4,1.0,0.0,1.0,1.0,1.0,0.9991913785734767,0.39728506131939123,0.1,0.9525741268224334,0.1
572,1,1.0,1.0,0.35,1.0,0.0,1.0,1.0,0.9997372,0.9987149071389874,0.35317071365507996,0.9585553913069828,0.9525741268224334,0.1
573,1,0.0,1.0,0.4666666666666667,0.0,0.0,0.0,1.0,8.2743827e-07,0.9999998740708314,0.42505215044302996,0.1,0.9525741268224334,0.1
574,1,0.0,1.0,0.5333333333333333,0.0,0.0,0.0,0.0,0.0045938985,0.9994905518733875,0.49218308935437916,0.9723431648074705,0.9525741268224334,0.1
575,1,1.0,1.0,0.4166666666666667,1.0,0.0,1.0,1.0,0.9994011,0.9998247629208986,0.3754568727163749,0.1858890956707001,0.9525741268224334,0.1
576,1,0.0,1.0,0.35,0.0,0.0,0.0,1.0,5.590786e-06,0.9993831425146902,0.3500327649557897,0.44006499374115504,0.9525741268224334,0.1
577,1,0.0,1.0,0.45,0.0,0.0,0.0,1.0,0.1453965,0.999999273576308,0.4210148390500888,0.2139134881537777,0.9525741268224334,0.1
578,1,0.0,1.0,0.36666666666666664,0.0,0.0,0.0,1.0,1.2386192e-05,0.9997112135989954,0.36383729174515705,0.6778786621386507,0.9525741268224334,0.1
579,1,1.0,1.0,0.4,1.0,0.0,1.0,1.0,0.9868001,0.9989430279529651,0.3943907859617718,0.8895976332551616,0.9525741268224334,0.1
580,1,1.0,1.0,0.4166666666666667,1.0,0.0,1.0,1.0,1.0,0.9979829462114609,0.4079781991330753,0.9605055702248276,0.9525741268224334,0.1
581,1,1.0,1.0,0.48333333333333334,1.0,0.0,1.0,1.0,0.9999957,0.9981046782801949,0.44453256366466737,0.47143310515717574,0.9525741268224334,0.1
582,1,0.0,1.0,0.45,0.0,0.0,0.0,1.0,0.0034582238,0.9979600392589061,0.423290037287254,0.8188972873400979,0.9525741268224334,0.1
583,1,0.0,1.0,0.4166666666666667,0.0,0.0,0.0,0.0,1.3262716e-11,0.999833209159944,0.407487940030634,0.9667850416990702,0.9525741268224334,0.1
584,1,0.0,1.0,0.45,0.0,0.0,0.0,1.0,3.3653774e-13,0.9998773274158154,0.43264874747247367,0.1,0.9525741268224334,0.1
585,0,1.0,0.2,0.38333333333333336,1.0,0.0,0.0,0.0,7.735723e-11,0.999607078445609,0.46590884782823655,0.20565446301889645,0.9525741268224334,0.1
586,0,1.0,0.0,0.38333333333333336,0.0,0.0,0.0,0.0,2.1344863e-06,0.9989334706029184,0.523960333227904,0.13942390830649906,0.9525741268224334,0.1
587,0,1.0,0.0,0.4166666666666667,1.0,0.0,0.0,0.0,2.9993974e-08,0.9985189735657679,0.49243266170182315,0.5668985639274546,0.9525741268224334,0.1
588,0,1.0,0.0,0.45,1.0,0.0,0.0,0.0,1.3257885e-07,0.9972806324777761,0.45659315207063433,0.1,0.9525741268224334,0.1
589,0,1.0,0.0,0.4,0.0,0.0,0.0,0.0,2.2611683e-19,0.9966570298523225,0.5027790842183224,0.1000888797989951,0.9525741268224334,0.1
590,0,0.0,0.0,0.31666666666666665,0.0,0.0,0.0,0.0,0.85482097,0.9974166319760747,0.5688539081521253,0.13737111056940363,0.9525741268224334,0.1
591,0,1.0,0.0,0.4666666666666667,1.0,0.0,0.0,0.0,1.519566e-07,0.9970180294874674,0.45829806608532575,0.1,0.9525741268224334,0.1
592,0,1.0,0.0,0.3,0.0,0.0,0.0,0.0,0.0063146846,0.9966858553134135,0.5509878836582764,0.12925661420844997,0.9525741268224334,0.1
593,0,1.0,0.0,0.36666666666666664,0.0,0.0,0.0,0.0,2.4209148e-08,0.996791799764641,0.5261800689751036,0.42818819720923645,0.9525741268224334,0.1
594,0,1.0,0.0,0.43333333333333335,1.0,0.0,0.0,0.0,1.6455272e-10,0.9973850367421644,0.47217188082382866,0.3384153545899748,0.9525741268224334,0.1
595,0,1.0,0.0,0.36666666666666664,0.0,0.0,0.0,0.0,6.4760716e-05,0.9961953063792746,0.5115998140225971,0.1,0.9525741268224334,0.1
596,0,1.0,0.0,0.38333333333333336,0.0,0.0,0.0,0.0,4.7344142e-06,0.9971388939355279,0.5014693037481305,0.21367043791844875,0.9525741268224334,0.1
597,0,1.0,0.0,0.38333333333333336,0.0,0.0,0.0,0.0,2.5957105e-17,0.9966414034578717,0.5157866523226906,0.1,0.9525741268224334,0.1
598,0,1.0,0.0,0.48333333333333334,1.0,0.0,0.0,0.0,3.5615625e-14,0.9954883918006775,0.4477062132696696,0.1,0.9525741268224334,0.1
599,0,1.0,0.0,0.38333333333333336,0.0,0.0,0.0,0.0,2.2069114e-06,0.9961206610460334,0.5169971698264217,0.930498490825296,0.9525741268224334,0.1
600,0,1.0,0.0,0.5,1.0,0.0,0.0,0.0,1.1763239e-10,0.9967539436518956,0.43229463340749086,0.1,0.9525741268224334,0.1
601,0,0.0,0.0,0.31666666666666665,0.0,0.0,0.0,0.0,0.8774382,0.9962009631807492,0.5521992920870564,0.1432677073161149,0.9525741268224334,0.1
602,0,1.0,0.0,0.5,1.0,0.0,0.0,0.0,1.4013541e-18,0.9975027914632429,0.4260045303476265,0.1,0.9525741268224334,0.1
603,0,0.0,0.0,0.5,0.0,0.0,0.0,0.0,1.0,0.995955479162036,0.42526199525094643,0.1,0.9525741268224334,0.1
604,0,0.0,0.0,0.45,0.0,0.0,0.0,0.0,1.0,0.9969165637696638,0.4621773197353046,0.1,0.9525741268224334,0.1
605,0,1.0,0.0,0.38333333333333336,0.0,0.0,0.0,0.0,7.676646e-07,0.9946893776754847,0.5206036953722785,0.12198234926238713,0.9525741268224334,0.1
606,1,1.0,0.7833333333333333,0.48333333333333334,1.0,0.0,1.0,1.0,1.0,0.9984380376401589,0.47995835029713185,0.9861323896702582,0.9525741268224334,0.1
607,1,0.0,1.0,0.43333333333333335,0.0,0.0,0.0,1.0,3.5989454e-09,0.997505771151014,0.43245181941397914,0.12435302879078312,0.9525741268224334,0.1
608,1,1.0,1.0,0.4166666666666667,1.0,0.0,1.0,1.0,0.99999976,0.9970270053936829,0.419930812858532,0.9183519828133944,0.9525741268224334,0.1
609,1,1.0,1.0,0.48333333333333334,1.0,0.0,1.0,1.0,0.9999995,0.9996773888528747,0.46664486834315577,0.1,0.9525741268224334,0.1
610,1,1.0,1.0,0.38333333333333336,1.0,0.0,1.0,1.0,0.99981505,0.9998640057406439,0.39271203676426936,0.937981933486251,0.9525741268224334,0.1
611,1,1.0,1.0,0.43333333333333335,1.0,0.0,0.0,1.0,0.7558121,0.9998904460424344,0.4227513465135639,0.1391727361336896,0.9525741268224334,0.1
612,1,0.0,1.0,0.3,0.0,0.0,0.0,1.0,5.0637855e-11,0.9999012227451516,0.3287922487545487,0.1,0.9525741268224334,0.1
613,0,1.0,0.0,0.38333333333333336,0.0,0.0,0.0,0.0,0.0013346558,0.9971782717064378,0.5254088811322631,0.7037720947649604,0.9525741268224334,0.1
614,0,0.0,0.0,0.4666666666666667,0.0,0.0,0.0,0.0,1.0,0.9964015890375515,0.4755520595915763,0.1,0.9525741268224334,0.1
615,0,1.0,0.0,0.45,1.0,0.0,0.0,0.0,2.3365092e-18,0.99676415693554,0.47365478853912824,0.13138567684162722,0.9525741268224334,0.1
616,0,1.0,0.0,0.4666666666666667,1.0,0.0,0.0,0.0,9.238295e-06,0.9950347860147715,0.45434393404431594,0.30604711223698766,0.9525741268224334,0.1
617,0,1.0,0.0,0.38333333333333336,0.0,0.0,0.0,0.0,9.937462e-07,0.997188468533641,0.528081658910888,0.2665504816590253,0.9525741268224334,0.1
618,0,1.0,0.0,0.38333333333333336,0.0,0.0,0.0,0.0,8.9718205e-10,0.9952494475116269,0.5113418744893087,0.10858670876929867,0.9525741268224334,0.1
619,0,0.0,0.0,0.35,0.0,0.0,0.0,0.0,0.9999721,0.9969526873163266,0.5439531933978287,0.1,0.9525741268224334,0.1
620,1,1.0,0.9166666666666666,0.4,1.0,0.0,1.0,1.0,0.99999964,0.9874162866363463,0.4266653553987891,0.9763606598937711,0.9525741268224334,0.1
621,1,0.0,1.0,0.38333333333333336,0.0,0.0,0.0,1.0,2.1523305e-09,0.9939412554921073,0.4020954397951359,0.6044847737219966,0.9525741268224334,0.1
622,1,0.0,1.0,0.36666666666666664,0.0,0.0,0.0,1.0,3.5989454e-09,0.9954727275068799,0.3725584080888955,0.12435302879078312,0.9525741268224334,0.1
623,1,1.0,1.0,0.48333333333333334,1.0,0.0,1.0,1.0,1.0,0.9978705773336756,0.45153992093907297,0.9865798033966762,0.9525741268224334,0.1
624,1,1.0,1.0,0.4,1.0,0.0,1.0,1.0,0.98256093,0.9973865277975466,0.412937959178232,0.9482174289030093,0.9525741268224334,0.1
625,1,1.0,1.0,0.4666666666666667,1.0,0.0,1.0,1.0,0.9999157,0.994757148455804,0.47757027661000134,0.8391832183214823,0.9525741268224334,0.1
626,1,1.0,1.0,0.45,1.0,0.0,1.0,1.0,1.0,0.9933000878828271,0.4619527195481599,0.9913770481094794,0.9525741268224334,0.1
627,1,0.0,1.0,0.3333333333333333,0.0,0.0,0.0,1.0,2.8194596e-14,0.9961248143378073,0.35131648905071444,0.1,0.9525741268224334,0.1
628,1,0.0,1.0,0.45,0.0,0.0,0.0,1.0,0.17280328,0.9949092552242116,0.4430396412462507,0.5632210217318497,0.9525741268224334,0.1
629,1,1.0,1.0,0.45,1.0,0.0,1.0,1.0,0.9998098,0.9939788912356707,0.45341243593464803,0.10009460411911421,0.9525741268224334,0.1
630,1,0.0,1.0,0.23333333333333334,0.0,0.0,0.0,1.0,3.8079668e-11,0.9976251955095281,0.26449719280553813,0.1,0.9525741268224334,0.1
631,1,1.0,1.0,0.4166666666666667,1.0,0.0,1.0,1.0,1.0,0.9969806660743795,0.4242000176134556,0.1,0.9525741268224334,0.1
632,1,0.0,1.0,0.38333333333333336,0.0,0.0,0.0,1.0,5.570875e-15,0.9984476001131672,0.39239224779417364,0.1,0.9525741268224334,0.1
633,1,0.0,1.0,0.43333333333333335,0.0,0.0,0.0,1.0,3.7393194e-10,0.996158682610176,0.43837846795555235,0.1,0.9525741268224334,0.1
634,1,0.0,1.0,0.31666666666666665,0.0,0.0,0.0,1.0,1.2238595e-11,0.991918661250279,0.32491541199701357,0.700980509553111,0.9525741268224334,0.1
635,1,0.0,1.0,0.5166666666666667,0.0,0.0,0.0,1.0,5.417099e-14,0.9859317680317808,0.49758298957770336,0.4607463836202379,0.9525741268224334,0.1
636,1,0.0,1.0,0.45,0.0,0.0,0.0,1.0,1.6945405e-09,0.9978426362764397,0.4542338025105322,0.1,0.9525741268224334,0.1
637,1,0.0,1.0,0.5333333333333333,1.0,0.0,0.0,1.0,2.6154332e-11,0.9981504116199945,0.5279398815000153,0.1,0.9525741268224334,0.1
638,1,0.0,1.0,0.36666666666666664,0.0,0.0,0.0,1.0,3.2762675e-11,0.9928119294535744,0.3695436468568706,0.10722147998855316,0.9525741268224334,0.1
639,1,1.0,1.0,0.4166666666666667,1.0,0.0,1.0,1.0,1.0,0.9879252545568271,0.426634528016411,0.9009236339972584,0.9525741268224334,0.1
640,1,1.0,1.0,0.38333333333333336,1.0,0.0,1.0,1.0,1.0,0.9874754238667018,0.3927821886772904,0.1,0.9525741268224334,0.1
641,1,1.0,1.0,0.45,1.0,0.0,1.0,1.0,0.9989807,0.9938722665665164,0.4436062996379036,0.2557920325048793,0.9525741268224334,0.1
642,1,1.0,1.0,0.45,1.0,0.0,1.0,1.0,0.9999987,0.989912458847176,0.45741395056253087,0.7178480959923612,0.9525741268224334,0.1
643,1,0.0,1.0,0.4,0.0,0.0,0.0,1.0,0.00015071694,0.989442992036876,0.41035193817121696,0.22115362648643605,0.9525741268224334,0.1
644,1,0.0,1.0,0.43333333333333335,0.0,0.0,0.0,1.0,0.0048000505,0.9885591499716425,0.4310260982264314,0.1899728570872919,0.9525741268224334,0.1
645,1,0.0,1.0,0.4166666666666667,0.0,0.0,0.0,1.0,0.010477611,0.9894842826537712,0.4186282777301336,0.10008600845579162,0.9525741268224334,0.1
646,0,1.0,0.31666666666666665,0.48333333333333334,1.0,0.0,0.0,1.0,2.5629866e-08,0.9982511263471668,0.48249754640656844,0.987357424014901,0.9525741268224334,0.1
647,0,1.0,0.0,0.55,1.0,0.0,0.0,0.0,4.5269557e-05,0.9968487641750269,0.38045311331174453,0.2739112098635186,0.9525741268224334,0.1
648,0,1.0,0.0,0.45,1.0,0.0,0.0,0.0,0.03085471,0.996325570334988,0.4698542059309799,0.6459531105913773,0.9525741268224334,0.1
649,0,1.0,0.0,0.38333333333333336,0.0,0.0,0.0,0.0,0.0014886977,0.9960080104250049,0.507667684255119,0.15693251363698474,0.9525741268224334,0.1
650,0,1.0,0.0,0.5166666666666667,1.0,0.0,0.0,1.0,0.006424915,0.9950953111358465,0.4081462898042616,0.9876882325512516,0.9525741268224334,0.1
651,0,0.0,0.0,0.45,0.0,0.0,0.0,0.0,1.0,0.9953717068552363,0.47387230982553297,0.1,0.9525741268224334,0.1
652,0,1.0,0.0,0.43333333333333335,1.0,0.0,0.0,0.0,0.0069182874,0.9959440772705057,0.462325506161176,0.1665022582702235,0.9525741268224334,0.1
653,0,1.0,0.0,0.4,1.0,0.0,0.0,0.0,0.00090354413,0.9974303669127427,0.49732662147610507,0.20898089745136073,0.9525741268224334,0.1
654,0,1.0,0.0,0.38333333333333336,0.0,0.0,0.0,0.0,1.7598128e-06,0.9958179211988273,0.5096618178844983,0.23320743291068485,0.9525741268224334,0.1
655,0,0.0,0.0,0.36666666666666664,0.0,0.0,0.0,0.0,0.95384663,0.9966728451741905,0.5045762241948707,0.9561821714980946,0.9525741268224334,0.1
656,0,1.0,0.0,0.5333333333333333,1.0,0.0,0.0,0.0,7.218625e-17,0.9955748153285052,0.3961158225972527,0.1,0.9525741268224334,0.1
657,0,1.0,0.0,0.38333333333333336,0.0,0.0,0.0,0.0,2.2615344e-08,0.9958491350004363,0.521548801803727,0.26176127260757137,0.9525741268224334,0.1
658,0,1.0,0.0,0.38333333333333336,0.0,0.0,0.0,1.0,0.0026572784,0.9966130750728208,0.5136951286768744,0.9885892338164819,0.9525741268224334,0.1
659,0,1.0,0.0,0.36666666666666664,0.0,0.0,0.0,0.0,4.300271e-07,0.9957645159706247,0.5263324940019652,0.2591546294005736,0.9525741268224334,0.1
660,0,1.0,0.0,0.35,0.0,0.0,0.0,0.0,3.7195962e-09,0.9953243360198478,0.5461712213695783,0.1040122440667034,0.9525741268224334,0.1
661,0,1.0,0.0,0.43333333333333335,1.0,0.0,0.0,0.0,0.0053645098,0.9977443210549151,0.4695578178151539,0.6175660316113434,0.9525741268224334,0.1
662,0,1.0,0.0,0.4666666666666667,1.0,0.0,0.0,1.0,0.00044521462,0.9973958686602533,0.43878309770786,0.9543538847597197,0.9525741268224334,0.1
663,0,1.0,0.0,0.3,0.0,0.0,0.0,0.0,9.616952e-05,0.9976718457280358,0.5737081625895121,0.16305834861586596,0.9525741268224334,0.1
664,0,1.0,0.0,0.36666666666666664,0.0,0.0,0.0,0.0,1.8463817e-07,0.995702979354642,0.5171774536820489,0.19964280754420272,0.9525741268224334,0.1
665,0,1.0,0.0,0.35,0.0,0.0,0.0,0.0,2.4106293e-09,0.9945666535261163,0.5461178638293797,0.1,0.9525741268224334,0.1
666,0,1.0,0.0,0.4166666666666667,1.0,0.0,0.0,0.0,0.015454214,0.9963259999597508,0.4999756119440419,0.10343921516989245,0.9525741268224334,0.1
667,0,1.0,0.0,0.5333333333333333,1.0,0.0,0.0,0.0,1.9916397e-09,0.9968132711293691,0.4054086760503316,0.2738231836175773,0.9525741268224334,0.1
668,0,1.0,0.3333333333333333,0.4166666666666667,1.0,0.0,0.0,0.0,2.3365092e-18,0.9566910622389213,0.43127818833957277,0.13138567684162722,0.9525741268224334,0.1
669,1,1.0,1.0,0.5166666666666667,1.0,0.0,1.0,1.0,1.0,0.8802101195375617,0.4651902126375627,0.7092602017863188,0.9525741268224334,0.1
670,1,1.0,1.0,0.48333333333333334,1.0,0.0,1.0,1.0,0.9975279,0.913948736354266,0.4445605023351534,0.9636702441295729,0.9525741268224334,0.1
671,1,0.0,1.0,0.3333333333333333,0.0,0.0,0.0,1.0,1.5649189e-15,0.9471854424122982,0.34259171176211894,0.16265467470925998,0.9525741268224334,0.1
672,1,1.0,1.0,0.4666666666666667,1.0,0.0,1.0,1.0,1.0,0.9513521813280305,0.45188678655206865,0.8679703492750582,0.9525741268224334,0.1
673,1,0.0,1.0,0.4166666666666667,0.0,0.0,0.0,1.0,2.7637154e-13,0.9401101211808829,0.39629451331929594,0.24873358239126697,0.9525741268224334,0.1
674,1,1.0,1.0,0.5,1.0,0.0,1.0,1.0,0.9997013,0.942611168978578,0.4635971148115605,0.9438350645817665,0.9525741268224334,0.1
675,1,1.0,1.0,0.43333333333333335,1.0,0.0,1.0,1.0,0.9999957,0.9660333000323813,0.41763198677917196,0.47143310515717574,0.9525741268224334,0.1
676,1,1.0,1.0,0.4166666666666667,1.0,0.0,1.0,1.0,0.9996308,0.9446821566591014,0.40115352933190346,0.908976512044179,0.9525741268224334,0.1
677,1,1.0,1.0,0.48333333333333334,1.0,0.0,1.0,1.0,1.0,0.9303469232115442,0.49236288994191046,0.1,0.9525741268224334,0.1
678,1,0.0,1.0,0.5166666666666667,1.0,0.0,0.0,1.0,4.0695167e-07,0.9485916617080735,0.5195111077844722,0.20241588034209188,0.9525741268224334,0.1
679,1,0.0,1.0,0.48333333333333334,0.0,0.0,0.0,1.0,0.051407326,0.9633545310834736,0.43184108622712797,0.23631842440194498,0.9525741268224334,0.1
680,1,0.0,1.0,0.4166666666666667,0.0,0.0,0.0,1.0,3.4191646e-05,0.9542432328892224,0.41205963823033,0.18125972990617878,0.9525741268224334,0.1
681,1,1.0,1.0,0.45,1.0,0.0,1.0,1.0,1.0,0.9215939032332636,0.4623120318015063,0.9865798033966762,0.9525741268224334,0.1
682,1,0.0,1.0,0.5333333333333333,1.0,0.0,0.0,1.0,9.457397e-08,0.9097897436900636,0.5033704818624349,0.10804624084045146,0.9525741268224334,0.1
683,1,1.0,1.0,0.4666666666666667,1.0,0.0,1.0,1.0,1.0,0.9169500747218329,0.4334644042367473,0.1,0.9525741268224334,0.1
684,1,0.0,1.0,0.5,0.0,0.0,0.0,1.0,0.0399712,0.9205203933277138,0.4672116798152869,0.1,0.9525741268224334,0.1
685,1,0.0,1.0,0.36666666666666664,0.0,0.0,0.0,1.0,2.0790456e-11,0.9237572500103276,0.3669119422308613,0.1144916396797138,0.9525741268224334,0.1
686,1,0.0,1.0,0.45,0.0,0.0,0.0,1.0,1.3677275e-11,0.9361201776728157,0.45454341230032635,0.1,0.9525741268224334,0.1
687,1,1.0,1.0,0.4,1.0,0.0,0.0,1.0,0.5978834,0.9220006295169458,0.3931776876838128,0.7457313555766785,0.9525741268224334,0.1
688,1,0.0,1.0,0.31666666666666665,0.0,0.0,0.0,1.0,7.728316e-08,0.8984628346278598,0.31782509109864987,0.7322228243630095,0.9525741268224334,0.1
689,1,1.0,1.0,0.4166666666666667,1.0,0.0,1.0,1.0,1.0,0.9154524778057981,0.40286513682075836,0.1,0.9525741268224334,0.1
690,1,0.0,1.0,0.6,1.0,0.0,0.0,1.0,6.770419e-06,0.9226997144176229,0.5207767559447863,0.16639634430500255,0.9525741268224334,0.1
691,1,1.0,1.0,0.43333333333333335,1.0,0.0,1.0,1.0,1.0,0.9208208401551033,0.39928432260107777,0.9098891969688246,0.9525741268224334,0.1
692,1,0.0,1.0,0.45,0.0,0.0,0.0,1.0,0.020366993,0.9329506700111082,0.41995751012693194,0.75415605773316,0.9525741268224334,0.1
693,1,0.0,1.0,0.45,0.0,0.0,0.0,1.0,1.428899e-07,0.9164284752289616,0.431895377277302,0.4370747985003241,0.9525741268224334,0.1
694,0,1.0,0.23333333333333334,0.4,1.0,0.0,0.0,0.0,1.1329822e-07,0.9904079236096545,0.46895254281990845,0.18208637748076878,0.9525741268224334,0.1
695,1,0.0,0.8666666666666667,0.4,0.0,0.0,0.0,1.0,2.0744329e-13,0.9996130692114124,0.4277697076505639,0.11330880722882337,0.9525741268224334,0.1
696,1,0.0,1.0,0.45,0.0,0.0,0.0,1.0,5.593504e-10,0.9997490839430634,0.4164885974027517,0.5892012530885242,0.9525741268224334,0.1
697,1,0.0,1.0,0.43333333333333335,0.0,0.0,0.0,1.0,5.400503e-09,0.9989377243995325,0.4213054869481992,0.1658154332103128,0.9525741268224334,0.1
698,1,0.0,1.0,0.4166666666666667,0.0,0.0,0.0,1.0,2.6098494e-09,0.999588814859668,0.37980017060184806,0.6546854454424338,0.9525741268224334,0.1
699,1,0.0,1.0,0.55,0.0,0.0,0.0,1.0,4.6081404e-15,0.9978154866386719,0.4844976549059126,0.1,0.9525741268224334,0.1
700,1,0.0,1.0,0.3333333333333333,0.0,0.0,0.0,1.0,5.2601434e-11,0.9990926761254477,0.34094510461486566,0.1,0.9525741268224334,0.1
701,1,0.0,1.0,0.45,0.0,0.0,0.0,1.0,3.1230636e-06,0.991949162588227,0.4306616999947496,0.1,0.9525741268224334,0.1
702,1,0.0,1.0,0.5,0.0,0.0,0.0,1.0,1.872586e-13,0.998885746344212,0.46784686714868695,0.1,0.9525741268224334,0.1
703,1,0.0,1.0,0.38333333333333336,0.0,0.0,0.0,1.0,1.5238856e-10,0.9836403932594207,0.368814384137403,0.1,0.9525741268224334,0.1
704,1,1.0,1.0,0.5333333333333333,1.0,0.0,1.0,1.0,1.0,0.9958345053264921,0.5164726714391512,0.8465891819750407,0.9525741268224334,0.1
705,1,0.0,1.0,0.3333333333333333,0.0,0.0,0.0,1.0,3.6835627e-05,0.9793647919422368,0.35081064980964766,0.1,0.9525741268224334,0.1
706,1,0.0,1.0,0.4166666666666667,0.0,0.0,0.0,1.0,1.0145123e-15,0.9949898679033352,0.38728657730593646,0.4788519700906597,0.9525741268224334,0.1
707,1,1.0,1.0,0.4666666666666667,1.0,0.0,1.0,1.0,0.9975279,0.9871682457465139,0.42325629935827347,0.9636702441295729,0.9525741268224334,0.1
708,1,0.0,1.0,0.48333333333333334,0.0,0.0,0.0,1.0,9.077439e-10,0.9937054687271059,0.4530514370233082,0.1,0.9525741268224334,0.1
709,1,0.0,1.0,0.4166666666666667,0.0,0.0,0.0,1.0,5.5476207e-08,0.9708299134931774,0.3871420833313678,0.2521531573041492,0.9525741268224334,0.1
710,1,1.0,1.0,0.3333333333333333,1.0,0.0,1.0,1.0,0.99999464,0.981693265198615,0.3302818119152447,0.7452731636253004,0.9525741268224334,0.1
711,1,0.0,1.0,0.5166666666666667,0.0,0.0,0.0,1.0,6.34791e-11,0.9933117776873448,0.469686878070456,0.11671998960545331,0.9525741268224334,0.1
712,1,0.0,1.0,0.36666666666666664,0.0,0.0,0.0,1.0,2.401343e-11,0.990751000123138,0.372715847762443,0.9362429562398304,0.9525741268224334,0.1
713,1,1.0,1.0,0.4,1.0,0.0,1.0,1.0,0.99982893,0.9845540463526822,0.3925129585053446,0.9671073797140419,0.9525741268224334,0.1
714,1,0.0,1.0,0.4666666666666667,0.0,0.0,0.0,1.0,9.474074e-05,0.9743820605925867,0.40774215319583934,0.736946150671004,0.9525741268224334,0.1
715,1,0.0,1.0,0.36666666666666664,0.0,0.0,0.0,1.0,7.227268e-12,0.9677280657280616,0.34610196694714696,0.1,0.9525741268224334,0.1
716,1,1.0,1.0,0.5666666666666667,1.0,0.0,1.0,1.0,1.0,0.960034948654147,0.5176103893798548,0.1,0.9525741268224334,0.1
717,1,0.0,1.0,0.5,0.0,0.0,0.0,1.0,3.4191646e-05,0.9709743039235076,0.47996487466417304,0.18125972990617878,0.9525741268224334,0.1
718,1,0.0,1.0,0.4666666666666667,0.0,0.0,0.0,1.0,1.344385e-15,0.98711750109956,0.42080620018543585,0.1,0.9525741268224334,0.1
719,1,1.0,1.0,0.45,1.0,0.0,1.0,1.0,0.9999944,0.9643426290522622,0.4385069160856683,0.1,0.9525741268224334,0.1
720,1,0.0,1.0,0.4,0.0,0.0,0.0,1.0,6.5509033e-14,0.9209769496130189,0.38407504387078967,0.1,0.9525741268224334,0.1
721,1,0.0,1.0,0.45,0.0,0.0,0.0,1.0,1.6383229e-08,0.9506478459868819,0.43197852010747956,0.2707630612698607,0.9525741268224334,0.1
722,1,0.0,1.0,0.38333333333333336,0.0,0.0,0.0,1.0,5.958634e-07,0.8977082301425661,0.3735204373978889,0.10736450167836581,0.9525741268224334,0.1
723,1,0.0,1.0,0.38333333333333336,0.0,0.0,0.0,1.0,0.23561037,0.924973668612527,0.3709126633946314,0.1,0.9525741268224334,0.1
724,1,0.0,1.0,0.48333333333333334,0.0,0.0,0.0,1.0,2.433099e-05,0.9137495487623073,0.46617213807798225,0.19235006285810632,0.9525741268224334,0.1
725,1,0.0,1.0,0.38333333333333336,0.0,0.0,0.0,1.0,9.560294e-14,0.9072663004006195,0.36466935432913355,0.23815822994527708,0.9525741268224334,0.1
726,1,0.0,1.0,0.2,0.0,0.0,0.0,1.0,2.5750171e-11,0.9416251038639561,0.23696313626960933,0.4745245344510426,0.9525741268224334,0.1
727,1,1.0,1.0,0.3333333333333333,1.0,0.0,1.0,1.0,0.9999999,0.9798646190070144,0.3235922281756942,0.9928949038433946,0.9525741268224334,0.1
728,1,0.0,1.0,0.26666666666666666,0.0,0.0,0.0,1.0,0.0060837124,0.9669582967882262,0.29097052621538144,0.16753012114268362,0.9525741268224334,0.1
729,1,1.0,1.0,0.43333333333333335,1.0,0.0,1.0,1.0,0.98516244,0.9850684028987866,0.4035365218715493,0.7823196640672091,0.9525741268224334,0.1
730,1,0.0,1.0,0.5,0.0,0.0,0.0,1.0,2.9489264e-09,0.9914362140848142,0.4649670343959117,0.4053659913700962,0.9525741268224334,0.1
731,1,0.0,1.0,0.3333333333333333,0.0,0.0,0.0,1.0,0.00028501585,0.9982316818974986,0.3029309359911917,0.3822433259716983,0.9525741268224334,0.1
732,1,1.0,1.0,0.38333333333333336,1.0,0.0,1.0,1.0,1.0,0.9997177383355808,0.37297539387558315,0.9891844965313584,0.9525741268224334,0.1
733,1,1.0,1.0,0.4166666666666667,1.0,0.0,1.0,1.0,0.99992144,0.9998557361124142,0.40668353749621017,0.7561570062066275,0.9525741268224334,0.1
734,1,1.0,1.0,0.45,1.0,0.0,1.0,1.0,0.9999995,0.9997058204601864,0.4486033357458616,0.1,0.9525741268224334,0.1
735,1,1.0,1.0,0.38333333333333336,1.0,0.0,1.0,1.0,1.0,0.9949705953843647,0.3791067598515173,0.9141926514757671,0.9525741268224334,0.1
736,1,0.0,1.0,0.45,0.0,0.0,0.0,1.0,9.0781695e-13,0.9981595838499702,0.42252616847210855,0.1,0.9525741268224334,0.1
737,1,0.0,1.0,0.4166666666666667,0.0,0.0,0.0,1.0,0.0042147115,0.9926738052434642,0.3954520023485866,0.6605541450221274,0.9525741268224334,0.1
738,1,0.0,1.0,0.45,0.0,0.0,0.0,1.0,1.9163646e-05,0.9966856256019702,0.45884322201258165,0.7021116741553022,0.9525741268224334,0.1
739,1,1.0,1.0,0.5333333333333333,1.0,0.0,1.0,1.0,1.0,0.9991284412186836,0.45482048903929684,0.1,0.9525741268224334,0.1
740,1,0.0,1.0,0.4,0.0,0.0,0.0,1.0,1.7833247e-12,0.9999410691961121,0.38367052599278684,0.12654112047961338,0.9525741268224334,0.1
741,1,1.0,1.0,0.5333333333333333,1.0,0.0,1.0,1.0,0.9971922,0.999780879619458,0.5123892909219054,0.7890698367507994,0.9525741268224334,0.1
742,1,0.0,1.0,0.55,0.0,0.0,0.0,1.0,9.249751e-10,0.999515266273514,0.497310284039319,0.5187348924518552,0.9525741268224334,0.1
743,1,0.0,1.0,0.43333333333333335,0.0,0.0,0.0,1.0,0.008672209,0.9998083913089223,0.41583364344985735,0.18042862124442893,0.9525741268224334,0.1
744,1,0.0,1.0,0.45,0.0,0.0,0.0,1.0,7.342313e-12,0.9991734541252104,0.41785024462363485,0.1,0.9525741268224334,0.1
745,1,1.0,1.0,0.55,1.0,0.0,0.0,1.0,0.7558121,0.9988182972599271,0.49850050525005357,0.1391727361336896,0.9525741268224334,0.1
746,1,1.0,1.0,0.43333333333333335,1.0,0.0,1.0,1.0,0.9999975,0.9983380972832548,0.39820082399835266,0.1,0.9525741268224334,0.1
747,1,0.0,1.0,0.48333333333333334,0.0,0.0,0.0,1.0,0.131551,0.9983396781827488,0.4799449905654571,0.12240976378544623,0.9525741268224334,0.1
748,1,1.0,1.0,0.45,1.0,0.0,1.0,1.0,0.9985782,0.9998722472023474,0.42861321798891433,0.5494651913523175,0.9525741268224334,0.1
749,1,0.0,1.0,0.31666666666666665,0.0,0.0,0.0,1.0,3.081773e-12,0.9988771790557271,0.3162219534715308,0.10799853580037411,0.9525741268224334,0.1
750,1,0.0,1.0,0.36666666666666664,0.0,0.0,0.0,1.0,0.00017144317,0.999717704299611,0.3785120577617666,0.12461047690951173,0.9525741268224334,0.1
751,1,0.0,1.0,0.4166666666666667,0.0,0.0,0.0,1.0,1.8455985e-13,0.9991151685199273,0.41167124741193445,0.1,0.9525741268224334,0.1
752,1,0.0,1.0,0.4,0.0,0.0,0.0,1.0,0.0032012677,0.9999347576392011,0.3742190775920553,0.13937077434702316,0.9525741268224334,0.1
753,1,1.0,1.0,0.5166666666666667,1.0,0.0,0.0,1.0,0.75712246,0.9980128805883275,0.4693174754105133,0.7696480164241145,0.9525741268224334,0.1
754,1,0.0,1.0,0.43333333333333335,0.0,0.0,0.0,1.0,1.6383229e-08,0.9986723207056335,0.426718339650276,0.2707630612698607,0.9525741268224334,0.1
755,1,0.0,1.0,0.4166666666666667,0.0,0.0,0.0,1.0,1.4423168e-08,0.998885761348712,0.4242208293598385,0.6214528278699998,0.9525741268224334,0.1
756,1,1.0,1.0,0.2833333333333333,1.0,0.0,1.0,1.0,0.99999857,0.9999997105045806,0.2920340021108203,0.5209363014957369,0.9525741268224334,0.1
757,1,0.0,1.0,0.43333333333333335,0.0,0.0,0.0,1.0,0.27647054,0.9987862486981272,0.4054717608846015,0.4206061789004337,0.9525741268224334,0.1
758,1,0.0,1.0,0.4,0.0,0.0,0.0,1.0,1.960133e-14,0.9991758792798565,0.40400431085799937,0.1,0.9525741268224334,0.1
759,1,0.0,1.0,0.36666666666666664,0.0,0.0,0.0,1.0,1.02474865e-17,0.9994992152658569,0.3615665678723203,0.1,0.9525741268224334,0.1
760,1,0.0,1.0,0.31666666666666665,0.0,0.0,0.0,1.0,0.06911888,0.9990966822353612,0.3051186153007094,0.10761048602473347,0.9525741268224334,0.1
761,1,1.0,1.0,0.45,1.0,0.0,1.0,1.0,1.0,0.9998713395241676,0.40916010606091935,0.1,0.9525741268224334,0.1
762,1,0.0,1.0,0.43333333333333335,0.0,0.0,0.0,1.0,3.0919688e-05,0.9990076144820683,0.411037652112596,0.12878428887981896,0.9525741268224334,0.1
763,1,1.0,1.0,0.5666666666666667,1.0,1.0,1.0,1.0,0.9999988,0.9997125677489256,0.5343941953676126,0.7737258720561965,0.9525741268224334,0.1
764,1,1.0,1.0,0.38333333333333336,1.0,0.0,1.0,1.0,1.0,0.9987200897730176,0.3653262490635721,0.819760921939253,0.9525741268224334,0.1
765,1,0.0,1.0,0.45,0.0,0.0,0.0,1.0,2.8646227e-06,0.999352605759052,0.41480653567918413,0.12026363467149806,0.9525741268224334,0.1
766,1,0.0,1.0,0.3333333333333333,0.0,0.0,0.0,1.0,2.5122958e-07,0.998176881552709,0.33954700484354405,0.8332946195550268,0.9525741268224334,0.1
767,1,0.0,1.0,0.31666666666666665,0.0,0.0,0.0,1.0,1.7734313e-07,0.9999292902428885,0.33215963656248365,0.923696945974114,0.9525741268224334,0.1
768,1,1.0,1.0,0.45,1.0,0.0,1.0,1.0,1.0,0.9993050645798061,0.42620917785367485,0.1,0.9525741268224334,0.1
769,1,0.0,1.0,0.31666666666666665,0.0,0.0,0.0,1.0,3.8079668e-11,0.9992496081723172,0.3102332427361138,0.1,0.9525741268224334,0.1
770,1,0.0,1.0,0.35,0.0,0.0,0.0,1.0,4.6081404e-15,0.9998205142803887,0.367958779020028,0.1,0.9525741268224334,0.1
771,1,0.0,1.0,0.4666666666666667,0.0,0.0,0.0,1.0,0.0062072165,0.9995678109291399,0.4477900436890543,0.19069454496413388,0.9525741268224334,0.1
772,1,0.0,1.0,0.48333333333333334,0.0,0.0,0.0,1.0,6.51649e-08,0.9995537317521339,0.43602855505588234,0.6953230193556001,0.9525741268224334,0.1
773,1,1.0,1.0,0.36666666666666664,1.0,0.0,1.0,1.0,0.9999908,0.9997588778245797,0.3562695123863049,0.9423732774473915,0.9525741268224334,0.1
774,1,0.0,1.0,0.4,0.0,0.0,0.0,1.0,7.360962e-12,0.9995110556046135,0.3768539613676689,0.10533018463101393,0.9525741268224334,0.1
775,1,0.0,1.0,0.4666666666666667,0.0,0.0,0.0,1.0,0.28305858,0.9995070107024999,0.42440865255078175,0.5380817961275053,0.9525741268224334,0.1
776,1,1.0,1.0,0.4666666666666667,1.0,0.0,1.0,1.0,1.0,0.9994950994669319,0.4497703022883014,0.9835260943423194,0.9525741268224334,0.1
777,1,1.0,1.0,0.3,1.0,0.0,1.0,1.0,0.9998098,0.999578576307865,0.3056641926868215,0.10009460411911421,0.9525741268224334,0.1
778,1,1.0,1.0,0.5333333333333333,1.0,0.0,1.0,1.0,1.0,0.9992942390978343,0.4841477037428534,0.1,0.9525741268224334,0.1
779,1,0.0,1.0,0.5,0.0,0.0,0.0,1.0,1.1084707e-08,0.9986179279227979,0.47971832382035323,0.15644719763959103,0.9525741268224334,0.1
780,1,1.0,1.0,0.45,1.0,0.0,1.0,1.0,0.99999857,0.999687423436812,0.40207569487572603,0.5209363014957369,0.9525741268224334,0.1
781,1,1.0,1.0,0.5333333333333333,1.0,0.0,1.0,1.0,0.9964567,0.9982503586939414,0.4707408440199673,0.8526709818956109,0.9525741268224334,0.1
782,1,0.0,1.0,0.5,0.0,0.0,0.0,1.0,1.1927774e-08,0.9986995689077144,0.4541337094397616,0.27102290102328547,0.9525741268224334,0.1
783,1,0.0,1.0,0.43333333333333335,0.0,0.0,0.0,1.0,2.0790456e-11,0.9990033698124926,0.4217070981263863,0.1144916396797138,0.9525741268224334,0.1
784,1,0.0,1.0,0.4,0.0,0.0,0.0,1.0,4.0075898e-10,0.9993230635923877,0.38988662880259833,0.1,0.9525741268224334,0.1
785,1,0.0,1.0,0.4666666666666667,0.0,0.0,0.0,1.0,8.447432e-13,0.9999996089951462,0.41193582220151076,0.1,0.9525741268224334,0.1
786,1,1.0,1.0,0.43333333333333335,1.0,0.0,1.0,1.0,0.9999908,0.9994298713207432,0.4312109458180034,0.9423732774473915,0.9525741268224334,0.1
787,1,1.0,1.0,0.5166666666666667,1.0,0.0,1.0,1.0,0.99995756,0.9988012225323768,0.48048690419819595,0.6078954425218522,0.9525741268224334,0.1
788,1,0.0,1.0,0.4666666666666667,0.0,0.0,0.0,1.0,0.42953166,0.999404511655749,0.46270820373198157,0.1409391945683772,0.9525741268224334,0.1
789,1,0.0,1.0,0.3333333333333333,0.0,0.0,0.0,1.0,4.88837e-11,0.9982430650094574,0.30921441567157093,0.1,0.9525741268224334,0.1
790,1,0.0,1.0,0.4166666666666667,0.0,0.0,0.0,1.0,0.010865045,0.9847033761960406,0.3887258567002784,0.7021169504617562,0.9525741268224334,0.1
791,1,0.0,1.0,0.48333333333333334,0.0,0.0,0.0,1.0,6.7697977e-07,0.9807999110226854,0.4194324661845456,0.5978185854154577,0.9525741268224334,0.1
792,1,0.0,1.0,0.4166666666666667,0.0,0.0,0.0,1.0,4.0075898e-10,0.9837027652883509,0.4058060001534906,0.1,0.9525741268224334,0.1
793,1,1.0,1.0,0.4666666666666667,1.0,0.0,1.0,1.0,1.0,0.9908955025995189,0.4629325717644817,0.1,0.9525741268224334,0.1
794,1,0.0,1.0,0.4166666666666667,0.0,0.0,0.0,1.0,6.0884416e-16,0.988659943676637,0.39641675394226983,0.1,0.9525741268224334,0.1
795,1,0.0,1.0,0.4,0.0,0.0,0.0,1.0,0.005354708,0.9826588185577522,0.3970895417490519,0.7456080200857192,0.9525741268224334,0.1
796,1,1.0,1.0,0.36666666666666664,1.0,0.0,1.0,1.0,1.0,0.9925526918329284,0.37697978059842624,0.9317087034880136,0.9525741268224334,0.1
797,1,1.0,1.0,0.38333333333333336,1.0,0.0,1.0,1.0,0.99870193,0.9899210452921652,0.38281268618615305,0.21042055580707136,0.9525741268224334,0.1
798,1,1.0,1.0,0.48333333333333334,1.0,0.0,1.0,1.0,1.0,0.9715991735770603,0.44173075824788405,0.9497832481628843,0.9525741268224334,0.1
799,1,0.0,1.0,0.55,0.0,0.0,0.0,1.0,1.44104e-13,0.988097555590619,0.49606067596655923,0.25648924679813667,0.9525741268224334,0.1
800,1,1.0,1.0,0.36666666666666664,1.0,0.0,1.0,1.0,0.9999995,0.9834295770761269,0.34667390242641366,0.944938672225087,0.9525741268224334,0.1
801,1,1.0,1.0,0.4166666666666667,1.0,0.0,1.0,1.0,1.0,0.9814586039280404,0.3967319650714778,0.6473402645886904,0.9525741268224334,0.1
802,1,1.0,1.0,0.36666666666666664,1.0,0.0,1.0,1.0,1.0,0.9822514210190371,0.3798655731422282,0.819760921939253,0.9525741268224334,0.1
803,1,1.0,1.0,0.48333333333333334,1.0,0.0,1.0,1.0,0.9999995,0.9832794001272617,0.4616881404800949,0.1,0.9525741268224334,0.1
804,1,1.0,1.0,0.5,1.0,0.0,1.0,1.0,0.98597383,0.9944545894169506,0.488335143195021,0.7300175906127658,0.9525741268224334,0.1
805,1,1.0,1.0,0.4,1.0,0.0,0.0,1.0,0.5618013,0.9916721832818005,0.39747980203171823,0.3053582626774316,0.9525741268224334,0.1
806,1,0.0,1.0,0.4,0.0,0.0,0.0,1.0,3.5053915e-06,0.9776004065866066,0.38743920268467263,0.1,0.9525741268224334,0.1
807,1,0.0,1.0,0.4166666666666667,0.0,0.0,0.0,1.0,1.3220366e-14,0.9932321863497745,0.3975732705569989,0.1,0.9525741268224334,0.1
808,1,0.0,1.0,0.4,0.0,0.0,0.0,1.0,8.081566e-07,0.9907394907142533,0.3953611586461578,0.671894677002034,0.9525741268224334,0.1
809,1,0.0,1.0,0.2833333333333333,0.0,0.0,0.0,1.0,1.9146812e-08,0.9922477412579981,0.2934130183268104,0.44022198350069836,0.9525741268224334,0.1
810,1,1.0,1.0,0.5833333333333334,1.0,0.0,0.0,1.0,0.83444583,0.9991949932791306,0.5105578150723952,0.5060146762292803,0.9525741268224334,0.1
811,1,0.0,1.0,0.4166666666666667,0.0,0.0,0.0,1.0,9.457397e-08,0.9979294614246947,0.4132575215896847,0.10804624084045146,0.9525741268224334,0.1
812,1,1.0,0.85,0.48333333333333334,1.0,0.0,1.0,1.0,1.0,0.9975882909601462,0.513476356067193,0.1,0.9525741268224334,0.1
813,0,1.0,0.0,0.5,1.0,0.0,0.0,0.0,2.7850117e-05,0.9994928210615686,0.4276645619040507,0.11508181968857602,0.9525741268224334,0.1
814,0,1.0,0.31666666666666665,0.48333333333333334,1.0,0.0,0.0,0.0,2.4372748e-15,0.9991046207896447,0.4535979018160952,0.11317083245026005,0.9525741268224334,0.1
815,1,1.0,1.0,0.35,1.0,0.0,1.0,1.0,1.0,0.9984043567669311,0.35046223251582304,0.8679703492750582,0.9525741268224334,0.1
816,1,0.0,1.0,0.5,0.0,0.0,0.0,1.0,4.0695167e-07,0.9991247318157167,0.4806333771453114,0.20241588034209188,0.9525741268224334,0.1
817,1,1.0,1.0,0.4166666666666667,1.0,0.0,0.0,1.0,0.94289017,0.9996794818146967,0.3671959199009829,0.8970997143679128,0.9525741268224334,0.1
818,1,1.0,1.0,0.4166666666666667,1.0,0.0,1.0,1.0,1.0,0.9986123904201435,0.4085171374728122,0.1,0.9525741268224334,0.1
819,1,0.0,1.0,0.35,0.0,0.0,0.0,1.0,2.451942e-09,0.9998080263728019,0.3526410495221789,0.1298599764353217,0.9525741268224334,0.1
820,1,1.0,1.0,0.3333333333333333,1.0,0.0,1.0,1.0,0.9999522,0.9998659856413353,0.3452348409915643,0.9291522504738796,0.9525741268224334,0.1
821,1,0.0,1.0,0.43333333333333335,0.0,0.0,0.0,1.0,0.47109964,0.999655299417973,0.4315749597117921,0.5527201305680107,0.9525741268224334,0.1
822,1,1.0,1.0,0.35,1.0,0.0,1.0,1.0,0.9999975,0.9995578622254331,0.3576000282393685,0.1,0.9525741268224334,0.1
823,1,0.0,1.0,0.48333333333333334,0.0,0.0,0.0,1.0,0.020366993,0.9984663721304613,0.4667233327973178,0.75415605773316,0.9525741268224334,0.1
824,1,1.0,1.0,0.38333333333333336,1.0,0.0,1.0,1.0,1.0,0.999125659750799,0.35578705668385097,0.9914430764210661,0.9525741268224334,0.1
825,1,1.0,0.7833333333333333,0.45,1.0,0.0,1.0,1.0,1.0,0.9962090813800575,0.46062406759618857,0.9258400661568965,0.9525741268224334,0.1
826,1,0.0,0.7833333333333333,0.43333333333333335,0.0,0.0,0.0,1.0,8.013307e-09,0.9979778670381617,0.4738124048663567,0.148588779174625,0.9525741268224334,0.1
827,1,0.0,1.0,0.35,0.0,0.0,0.0,1.0,4.5656656e-11,0.9996606475416593,0.3764381868993689,0.860776941974334,0.9525741268224334,0.1
828,1,0.0,1.0,0.5166666666666667,1.0,0.0,0.0,1.0,5.899759e-12,0.9981138626025827,0.5187244709388494,0.1,0.9525741268224334,0.1
829,1,1.0,1.0,0.38333333333333336,1.0,0.0,1.0,1.0,0.9986291,0.9991343855299505,0.3997135604305956,0.9812379187110102,0.9525741268224334,0.1
830,1,0.0,1.0,0.4,0.0,0.0,0.0,1.0,5.899759e-12,0.9996013897729183,0.4091666997970452,0.1,0.9525741268224334,0.1
831,1,1.0,1.0,0.36666666666666664,1.0,0.0,1.0,1.0,1.0,0.9974188758707706,0.37484783559931856,0.1,0.9525741268224334,0.1
832,1,1.0,1.0,0.43333333333333335,1.0,0.0,0.0,1.0,0.89681226,0.9996522856946898,0.44193726361932434,0.7587270422500755,0.9525741268224334,0.1
833,1,1.0,1.0,0.4166666666666667,1.0,0.0,1.0,1.0,0.99999964,0.9997403079083872,0.43445347739728235,0.9763606598937711,0.9525741268224334,0.1
834,1,0.0,1.0,0.4666666666666667,0.0,0.0,0.0,1.0,1.7876354e-09,0.9997781962101132,0.4609301734774524,0.1,0.9525741268224334,0.1
835,1,1.0,1.0,0.45,1.0,0.0,1.0,1.0,0.9965874,0.9998235292503294,0.4515605982887704,0.45600269375561553,0.9525741268224334,0.1
836,1,1.0,1.0,0.38333333333333336,1.0,0.0,1.0,1.0,1.0,0.9995950255203123,0.40456832320693903,0.9141926514757671,0.9525741268224334,0.1
837,1,1.0,1.0,0.3333333333333333,1.0,0.0,1.0,1.0,0.9960802,0.9982390940252232,0.3345805489737902,0.9923262633807145,0.9525741268224334,0.1
838,1,0.0,1.0,0.36666666666666664,0.0,0.0,0.0,1.0,1.6989992e-14,0.9986786876514729,0.37614766189270116,0.7902066540094779,0.9525741268224334,0.1
839,1,1.0,1.0,0.4166666666666667,1.0,0.0,1.0,1.0,1.0,0.9987158215377754,0.43282257771349447,0.1,0.9525741268224334,0.1
840,1,1.0,1.0,0.48333333333333334,1.0,0.0,1.0,1.0,1.0,0.9998903458715064,0.48580660361703126,0.1,0.9525741268224334,0.1
841,1,1.0,1.0,0.4,1.0,0.0,1.0,1.0,1.0,0.9977695478662579,0.41057130147263116,0.1,0.9525741268224334,0.1
842,1,1.0,1.0,0.5,1.0,0.0,1.0,1.0,1.0,0.9922516256228301,0.49898665207786846,0.1,0.9525741268224334,0.1
843,1,0.0,1.0,0.38333333333333336,0.0,0.0,0.0,1.0,3.5989454e-09,0.9968864746654279,0.3975956361239795,0.12435302879078312,0.9525741268224334,0.1
844,1,1.0,1.0,0.3333333333333333,1.0,0.0,1.0,1.0,1.0,0.9973544417442748,0.35183774913227955,0.1,0.9525741268224334,0.1
845,1,1.0,1.0,0.36666666666666664,1.0,0.0,1.0,1.0,0.99982893,0.9960564361580674,0.38779502522565507,0.9671073797140419,0.9525741268224334,0.1
846,1,0.0,1.0,0.4666666666666667,0.0,0.0,0.0,1.0,1.8043624e-09,0.9979679553477622,0.4639958273839653,0.14195828247777748,0.9525741268224334,0.1
847,1,0.0,1.0,0.5166666666666667,1.0,0.0,0.0,1.0,0.00015071694,0.9966090510442001,0.508578239209413,0.22115362648643605,0.9525741268224334,0.1
848,1,1.0,1.0,0.36666666666666664,1.0,0.0,1.0,1.0,0.9999944,0.9937593216363461,0.3816102313844165,0.1,0.9525741268224334,0.1
849,1,0.0,1.0,0.55,1.0,0.0,0.0,1.0,3.2762675e-11,0.9994170988295428,0.5218733124152879,0.10722147998855316,0.9525741268224334,0.1
850,1,1.0,1.0,0.35,1.0,0.0,1.0,1.0,0.9999932,0.9985226338698929,0.36567733146251513,0.30600063652272935,0.9525741268224334,0.1
851,1,0.0,1.0,0.4666666666666667,0.0,0.0,0.0,1.0,4.77657e-11,0.9982890098571905,0.46163808709699405,0.1,0.9525741268224334,0.1
852,1,1.0,1.0,0.38333333333333336,1.0,0.0,1.0,1.0,0.9994276,0.9995558376895919,0.3936373973440104,0.26617460879385435,0.9525741268224334,0.1
853,1,0.0,1.0,0.3333333333333333,0.0,0.0,0.0,1.0,8.081566e-07,0.999071764374071,0.35897253277087215,0.671894677002034,0.9525741268224334,0.1
854,1,0.0,1.0,0.36666666666666664,0.0,0.0,0.0,1.0,0.00028501585,0.996158106666517,0.39266412848245813,0.3822433259716983,0.9525741268224334,0.1
855,1,1.0,1.0,0.4,1.0,0.0,1.0,1.0,1.0,0.9989731254235507,0.39529344910306247,0.8187906195090563,0.9525741268224334,0.1
856,1,1.0,1.0,0.4666666666666667,1.0,0.0,1.0,1.0,0.99987614,0.9962868830275469,0.4718804958093511,0.14333952092513635,0.9525741268224334,0.1
857,1,0.0,1.0,0.48333333333333334,0.0,0.0,0.0,1.0,0.0011639955,0.9855508607474286,0.48137588709022877,0.1,0.9525741268224334,0.1
858,1,0.0,1.0,0.43333333333333335,0.0,0.0,0.0,1.0,0.34126693,0.9959295322620093,0.4418564600272011,0.1,0.9525741268224334,0.1
859,1,0.0,1.0,0.4166666666666667,0.0,0.0,0.0,1.0,4.88837e-11,0.9981931221580178,0.4427835638383161,0.1,0.9525741268224334,0.1
860,1,0.0,1.0,0.48333333333333334,0.0,0.0,0.0,1.0,2.6154332e-11,0.995481570136415,0.47806931567116334,0.1,0.9525741268224334,0.1
861,1,0.0,1.0,0.48333333333333334,0.0,0.0,0.0,1.0,1.1560595e-12,0.9973340911192567,0.4639097739459635,0.10171343051570002,0.9525741268224334,0.1
862,1,0.0,1.0,0.4,0.0,0.0,0.0,1.0,1.1434115e-05,0.9988202812539909,0.4179015993681535,0.12289700510419874,0.9525741268224334,0.1
863,1,0.0,1.0,0.48333333333333334,0.0,0.0,0.0,1.0,5.593504e-10,0.9937994797930382,0.4704063674971752,0.5892012530885242,0.9525741268224334,0.1
864,1,0.0,1.0,0.45,0.0,0.0,0.0,1.0,1.222722e-09,0.9905175053376355,0.4316514299378243,0.1,0.9525741268224334,0.1
865,1,0.0,1.0,0.4166666666666667,0.0,0.0,0.0,1.0,0.00039370428,0.9977445322157511,0.43695481042385537,0.6374785898708896,0.9525741268224334,0.1
866,1,0.0,1.0,0.5333333333333333,1.0,0.0,0.0,1.0,1.9593037e-06,0.9968014048032222,0.5298204701164948,0.27998557395777207,0.9525741268224334,0.1
867,1,0.0,1.0,0.4,0.0,0.0,0.0,1.0,6.2978796e-09,0.9974009164946398,0.4141190422772142,0.10960301321431964,0.9525741268224334,0.1
868,1,1.0,1.0,0.38333333333333336,1.0,0.0,1.0,1.0,0.9999994,0.9964102051035039,0.4024597793236138,0.5603162643491135,0.9525741268224334,0.1
869,1,1.0,1.0,0.4166666666666667,1.0,0.0,1.0,1.0,0.9996117,0.9957216942137176,0.4030679504531022,0.9083544712916488,0.9525741268224334,0.1
870,1,0.0,1.0,0.5,1.0,0.0,0.0,1.0,0.00012626166,0.9963687863591036,0.5082914317386354,0.1,0.9525741268224334,0.1
871,1,0.0,1.0,0.4666666666666667,0.0,0.0,0.0,1.0,1.989907e-05,0.996166244327053,0.49270833904478945,0.551269141944264,0.9525741268224334,0.1
872,1,1.0,1.0,0.43333333333333335,1.0,0.0,1.0,1.0,0.9740762,0.998542121808004,0.44028211965150643,0.2396954191244191,0.9525741268224334,0.1
873,1,0.0,1.0,0.4,0.0,0.0,0.0,1.0,0.02935826,0.9932490741814867,0.41481353114221553,0.1,0.9525741268224334,0.1
874,1,0.0,1.0,0.35,0.0,0.0,0.0,1.0,0.0003822336,0.9998817904219762,0.36767362899012657,0.5027237292266112,0.9525741268224334,0.1
875,1,1.0,1.0,0.4666666666666667,1.0,0.0,1.0,1.0,1.0,0.9996692506524462,0.45049434138134536,0.9796939322360261,0.9525741268224334,0.1
876,1,0.0,1.0,0.43333333333333335,0.0,0.0,0.0,1.0,1.5429673e-06,0.9975296651203914,0.44675204641025235,0.5788721893629614,0.9525741268224334,0.1
877,1,1.0,1.0,0.55,1.0,1.0,1.0,1.0,0.9999957,0.9961476258051348,0.5348697584841408,0.47143310515717574,0.9525741268224334,0.1
878,1,0.0,1.0,0.4166666666666667,0.0,0.0,0.0,1.0,1.0082893e-11,0.9969304999499164,0.4239106032526046,0.3085212558270388,0.9525741268224334,0.1
879,1,0.0,1.0,0.3,0.0,0.0,0.0,1.0,0.0025231997,0.9844964111186444,0.3352880613855222,0.5863917506975508,0.9525741268224334,0.1
880,1,0.0,0.7833333333333333,0.43333333333333335,0.0,0.0,0.0,1.0,1.7734313e-07,0.9921539041900546,0.4980847260536668,0.923696945974114,0.9525741268224334,0.1
881,0,1.0,0.0,0.4166666666666667,1.0,0.0,0.0,0.0,3.353724e-08,0.9966950146298524,0.4939826350766247,0.1,0.9525741268224334,0.1
882,0,1.0,0.0,0.4666666666666667,1.0,0.0,0.0,0.0,0.008680548,0.9984485305074681,0.464697210993544,0.23591402718930543,0.9525741268224334,0.1
883,0,1.0,0.0,0.38333333333333336,0.0,0.0,0.0,1.0,2.4518684e-08,0.9967872561925959,0.5174026973662654,0.9979954162958384,0.9525741268224334,0.1
884,0,1.0,0.0,0.4166666666666667,1.0,0.0,0.0,0.0,3.1439271e-09,0.9959985764393208,0.4924486647816491,0.11719430456435445,0.9525741268224334,0.1
885,0,1.0,0.0,0.45,1.0,0.0,0.0,0.0,1.297325e-13,0.9958140837361646,0.4809054182242805,0.1311519718225145,0.9525741268224334,0.1
886,0,1.0,0.0,0.36666666666666664,0.0,0.0,0.0,0.0,9.225929e-05,0.9970742800006349,0.5277400168394331,0.11561796117204028,0.9525741268224334,0.1
887,0,1.0,0.0,0.38333333333333336,0.0,0.0,0.0,0.0,6.2020084e-11,0.9961299538256977,0.5152180360558701,0.4149772892577933,0.9525741268224334,0.1
888,0,1.0,0.0,0.5166666666666667,1.0,0.0,0.0,0.0,0.0015170181,0.996132985973041,0.4032780982083729,0.8855583970276063,0.9525741268224334,0.1
889,0,1.0,0.0,0.43333333333333335,1.0,0.0,0.0,0.0,0.06544695,0.997754700443864,0.4814908613872913,0.980103926697409,0.9525741268224334,0.1
890,0,1.0,0.0,0.3333333333333333,0.0,0.0,0.0,0.0,3.1439271e-09,0.9976989068859422,0.541343042119914,0.11719430456435445,0.9525741268224334,0.1
891,0,1.0,0.0,0.38333333333333336,0.0,0.0,0.0,0.0,1.0364013e-09,0.9978751635289314,0.5165975197625368,0.4945294450902513,0.9525741268224334,0.1
892,0,1.0,0.0,0.4,1.0,0.0,0.0,0.0,2.0406924e-05,0.9969557251352118,0.475130251014967,0.10725228949021454,0.9525741268224334,0.1
893,0,1.0,0.0,0.36666666666666664,0.0,0.0,0.0,0.0,3.5843627e-07,0.9977300420581139,0.5414217839733052,0.2391664415520064,0.9525741268224334,0.1
894,0,1.0,0.0,0.45,1.0,0.0,0.0,0.0,8.1410835e-16,0.9958000139407691,0.45379690160753255,0.10584468567575259,0.9525741268224334,0.1
895,0,1.0,0.0,0.4666666666666667,1.0,0.0,0.0,0.0,3.157402e-08,0.9954143847710193,0.44767274206145136,0.5193352341498825,0.9525741268224334,0.1
896,0,0.0,0.38333333333333336,0.35,0.0,0.0,0.0,0.0,1.0,0.9972565427147355,0.4544416074895713,0.1,0.9525741268224334,0.1
897,1,1.0,1.0,0.5,1.0,0.0,0.0,1.0,0.550831,0.9971873524653866,0.46389215976385706,0.12088922789249722,0.9525741268224334,0.1
898,1,0.0,1.0,0.48333333333333334,0.0,0.0,0.0,1.0,5.590786e-06,0.9993448875507008,0.4410377020673897,0.44006499374115504,0.9525741268224334,0.1
899,1,1.0,1.0,0.5,1.0,0.0,0.0,1.0,0.5618013,0.9985471226017605,0.46781604617851047,0.3053582626774316,0.9525741268224334,0.1
900,1,0.0,1.0,0.43333333333333335,0.0,0.0,0.0,1.0,0.0054697962,0.999681535911204,0.40784075586927315,0.7785700948001012,0.9525741268224334,0.1
901,1,0.0,1.0,0.43333333333333335,0.0,0.0,0.0,1.0,1.6477555e-12,0.9957198111556959,0.41082445216265157,0.20647906368086677,0.9525741268224334,0.1
902,1,0.0,1.0,0.4166666666666667,0.0,0.0,0.0,1.0,1.1084707e-08,0.9989274556641131,0.38821195226102045,0.15644719763959103,0.9525741268224334,0.1
903,1,1.0,1.0,0.4666666666666667,1.0,0.0,1.0,1.0,1.0,0.9991370510665882,0.44997888295645,0.1,0.9525741268224334,0.1
904,1,0.0,1.0,0.4166666666666667,0.0,0.0,0.0,1.0,4.0695167e-07,0.9984309046409376,0.4366580191818175,0.20241588034209188,0.9525741268224334,0.1
905,0,1.0,0.25,0.4166666666666667,0.0,0.0,0.0,0.0,2.1005093e-07,0.9978100966409011,0.529012775788975,0.10296087235770135,0.9525741268224334,0.1
906,1,1.0,0.9666666666666667,0.55,1.0,0.0,1.0,1.0,1.0,0.9999296108294085,0.504896751569699,0.8950893076990338,0.9525741268224334,0.1
907,1,0.0,1.0,0.36666666666666664,0.0,0.0,0.0,1.0,3.532884e-06,0.9995036072875234,0.3826152979906533,0.1317212793084713,0.9525741268224334,0.1
908,1,0.0,1.0,0.4,0.0,0.0,0.0,1.0,1.7868263e-14,0.9997002721686712,0.3993040198557978,0.109418967891856,0.9525741268224334,0.1
909,1,0.0,1.0,0.31666666666666665,0.0,0.0,0.0,1.0,5.8595557e-08,0.9988267648570189,0.31831068868705936,0.1,0.9525741268224334,0.1
910,1,0.0,1.0,0.38333333333333336,0.0,0.0,0.0,1.0,2.5750171e-11,0.999824489684206,0.37337227503060005,0.4745245344510426,0.9525741268224334,0.1
911,1,0.0,1.0,0.4666666666666667,0.0,0.0,0.0,1.0,6.067994e-15,0.9996274789147461,0.4341671485127271,0.1,0.9525741268224334,0.1
912,1,0.0,1.0,0.43333333333333335,0.0,0.0,0.0,1.0,3.666873e-07,0.9989647588539288,0.4099794959113191,0.42319075445591686,0.9525741268224334,0.1
913,1,0.0,1.0,0.3333333333333333,0.0,0.0,0.0,1.0,8.566691e-13,0.9997248347045713,0.33572205687263074,0.1,0.9525741268224334,0.1
914,1,0.0,1.0,0.4,0.0,0.0,0.0,1.0,0.03141834,0.9970303996659301,0.3771609462874498,0.38109838412325797,0.9525741268224334,0.1
915,1,0.0,1.0,0.31666666666666665,0.0,0.0,0.0,1.0,3.316801e-16,0.9997178331538421,0.3074626631202836,0.1,0.9525741268224334,0.1
916,1,0.0,1.0,0.3333333333333333,0.0,0.0,0.0,1.0,0.00025522607,0.9995355147130275,0.3462049219300382,0.176900308073858,0.9525741268224334,0.1
917,1,1.0,1.0,0.31666666666666665,1.0,0.0,1.0,1.0,0.9994605,0.998963495113639,0.323121324279539,0.8195881252651036,0.9525741268224334,0.1
918,1,0.0,1.0,0.4,0.0,0.0,0.0,1.0,1.0188549e-05,0.9990756851534994,0.38882628152255616,0.12162114194560572,0.9525741268224334,0.1
919,1,1.0,1.0,0.4666666666666667,1.0,0.0,1.0,1.0,0.98516244,0.9999992017410846,0.43959324036607617,0.7823196640672091,0.9525741268224334,0.1
920,1,1.0,1.0,0.5833333333333334,1.0,0.0,1.0,1.0,0.9981918,0.9994235351616566,0.4885900154013621,0.7285304584232442,0.9525741268224334,0.1
921,1,1.0,1.0,0.35,1.0,0.0,1.0,1.0,1.0,0.9999018624968184,0.35137710360103214,0.1,0.9525741268224334,0.1
922,1,0.0,1.0,0.4166666666666667,0.0,0.0,0.0,1.0,4.8167655e-13,0.999777021043525,0.4122266270011218,0.1,0.9525741268224334,0.1
923,1,1.0,1.0,0.43333333333333335,1.0,0.0,1.0,1.0,1.0,0.999292418512064,0.40446844917686625,0.513689541498057,0.9525741268224334,0.1
924,1,1.0,1.0,0.36666666666666664,1.0,0.0,1.0,1.0,0.97937727,0.9988883810896233,0.3588108651121395,0.2592875149667235,0.9525741268224334,0.1
925,1,0.0,1.0,0.43333333333333335,0.0,0.0,0.0,1.0,2.1719355e-09,0.9992145418427039,0.4152486318859214,0.1,0.9525741268224334,0.1
926,1,0.0,1.0,0.4666666666666667,0.0,0.0,0.0,1.0,3.2762675e-11,0.9990722854365119,0.44897472069034816,0.10722147998855316,0.9525741268224334,0.1
927,0,1.0,0.2833333333333333,0.4166666666666667,1.0,0.0,0.0,0.0,0.003716876,0.995887973067113,0.4725221591198346,0.2826669658034909,0.9525741268224334,0.1
928,0,1.0,0.0,0.38333333333333336,0.0,0.0,0.0,0.0,0.20903605,0.9975513298696017,0.5039236100403746,0.17698174086800453,0.9525741268224334,0.1
929,1,1.0,1.0,0.35,1.0,0.0,1.0,1.0,0.9999995,0.9987438016397662,0.32446334911452085,0.9548377739803534,0.9525741268224334,0.1
930,1,1.0,1.0,0.6166666666666667,1.0,0.0,1.0,1.0,0.94289017,0.9950381279540287,0.5263702910278695,0.8970997143679128,0.9525741268224334,0.1
931,1,0.0,1.0,0.2833333333333333,0.0,0.0,0.0,1.0,3.5862753e-09,0.9916352078947455,0.29009669115010916,0.1,0.9525741268224334,0.1
932,1,0.0,1.0,0.5333333333333333,0.0,0.0,0.0,1.0,7.342313e-12,0.9984546782390624,0.486003124397677,0.1,0.9525741268224334,0.1
933,1,0.0,1.0,0.4666666666666667,0.0,0.0,0.0,1.0,1.0364259e-07,0.9967609501225648,0.4157639005883194,0.29228801924828185,0.9525741268224334,0.1
934,1,0.0,1.0,0.36666666666666664,0.0,0.0,0.0,1.0,0.00014888577,0.9895875961456916,0.3675141214926891,0.821126197328325,0.9525741268224334,0.1
935,1,0.0,1.0,0.45,0.0,0.0,0.0,1.0,5.4776206e-10,0.9815822373386803,0.3837577911441913,0.1,0.9525741268224334,0.1
936,1,0.0,1.0,0.31666666666666665,0.0,0.0,0.0,1.0,0.011441048,0.9466619989333555,0.3244876069677718,0.1,0.9525741268224334,0.1
937,1,1.0,1.0,0.4166666666666667,1.0,0.0,1.0,1.0,1.0,0.9511273478839287,0.389335056492016,0.1,0.9525741268224334,0.1
938,1,1.0,1.0,0.4,1.0,0.0,1.0,1.0,0.99995244,0.9495176556008693,0.3861008635869554,0.5564606549820253,0.9525741268224334,0.1
939,1,1.0,1.0,0.5166666666666667,1.0,0.0,1.0,1.0,1.0,0.9752454963225977,0.46933635314902894,0.1,0.9525741268224334,0.1
940,1,1.0,1.0,0.5833333333333334,1.0,0.0,1.0,1.0,0.99999213,0.9784897702951371,0.5158887541267386,0.9086617698191285,0.9525741268224334,0.1
941,1,0.0,1.0,0.3333333333333333,0.0,0.0,0.0,1.0,7.227268e-12,0.9443744262635916,0.3175686631411884,0.1,0.9525741268224334,0.1
942,1,0.0,1.0,0.38333333333333336,0.0,0.0,0.0,1.0,1.0082893e-11,0.9428272609056464,0.34096160009938337,0.3085212558270388,0.9525741268224334,0.1
943,1,0.0,1.0,0.3,0.0,0.0,0.0,1.0,5.2601434e-11,0.9412996145677128,0.31351009515067096,0.1,0.9525741268224334,0.1
944,1,0.0,1.0,0.48333333333333334,0.0,0.0,0.0,1.0,9.646549e-10,0.9476685056998768,0.43540101381144675,0.11786017411062616,0.9525741268224334,0.1
945,1,1.0,1.0,0.4166666666666667,1.0,0.0,1.0,1.0,1.0,0.9790447420891408,0.3602853897766222,0.1,0.9525741268224334,0.1
946,1,0.0,1.0,0.3,0.0,0.0,0.0,1.0,1.0502198e-08,0.9763693979283865,0.29167297302348966,0.10132309640258198,0.9525741268224334,0.1
947,1,0.0,1.0,0.4166666666666667,0.0,0.0,0.0,1.0,3.2212574e-10,0.9351808212303212,0.40643033787898325,0.1,0.9525741268224334,0.1
948,1,0.0,1.0,0.5666666666666667,0.0,0.0,0.0,1.0,7.728316e-08,0.9340620370364479,0.44899235312599795,0.7322228243630095,0.9525741268224334,0.1
949,1,1.0,1.0,0.4666666666666667,1.0,0.0,1.0,1.0,1.0,0.9109589152181325,0.4211525211086803,0.16336723947543177,0.9525741268224334,0.1
950,1,1.0,1.0,0.43333333333333335,1.0,0.0,0.0,1.0,1.0,0.8745146503175382,0.41274684502576536,0.9647713656849725,0.9525741268224334,0.1
951,1,0.0,1.0,0.3333333333333333,0.0,0.0,0.0,1.0,5.1813588e-11,0.9069852109128063,0.29689252349723927,0.1,0.9525741268224334,0.1
952,1,0.0,1.0,0.26666666666666666,0.0,0.0,0.0,1.0,5.958634e-07,0.8820297061931182,0.2946619607298884,0.10736450167836581,0.9525741268224334,0.1
953,1,1.0,1.0,0.36666666666666664,1.0,0.0,0.0,1.0,0.9999994,0.8838712970553988,0.3608918797857393,0.9049620050169207,0.9525741268224334,0.1
954,1,0.0,1.0,0.4,0.0,0.0,0.0,0.0,1.02605595e-08,0.8899764752439352,0.3732330295792955,0.8449898795682121,0.9525741268224334,0.1
955,1,1.0,1.0,0.4,1.0,0.0,0.0,1.0,0.9977889,0.8677168837168421,0.3827435304901977,0.9892753308985678,0.9525741268224334,0.1
956,1,0.0,1.0,0.4166666666666667,0.0,0.0,0.0,1.0,3.4992022e-06,0.8451970728052858,0.3967144184126809,0.14569589348710546,0.9525741268224334,0.1
957,1,0.0,1.0,0.38333333333333336,0.0,0.0,0.0,1.0,2.0240666e-05,0.8871863837617989,0.3616771918202431,0.1,0.9525741268224334,0.1
958,1,0.0,1.0,0.55,0.0,0.0,0.0,1.0,2.8646227e-06,0.8691874558405144,0.4927781299344628,0.12026363467149806,0.9525741268224334,0.1
959,1,0.0,1.0,0.5,0.0,0.0,0.0,1.0,8.972707e-07,0.8645145373690492,0.45336869995214985,0.454126126460324,0.9525741268224334,0.1
960,1,0.0,1.0,0.35,0.0,0.0,0.0,1.0,0.00039370428,0.8832485384246499,0.35015418590354536,0.6374785898708896,0.9525741268224334,0.1
961,1,0.0,1.0,0.48333333333333334,0.0,0.0,0.0,0.0,0.0045938985,0.8486717624224009,0.4044877273197454,0.9723431648074705,0.9525741268224334,0.1
962,1,1.0,1.0,0.43333333333333335,1.0,0.0,0.0,1.0,1.0,0.8902354858855243,0.3803507462166621,0.1,0.9525741268224334,0.1
963,1,0.0,1.0,0.36666666666666664,0.0,0.0,0.0,1.0,9.760011e-05,0.8744771319496419,0.3378379183472353,0.24049734995116775,0.9525741268224334,0.1
964,1,0.0,1.0,0.38333333333333336,0.0,0.0,0.0,1.0,0.00039370428,0.9034556036779868,0.3812427622995776,0.6374785898708896,0.9525741268224334,0.1
965,1,1.0,1.0,0.5166666666666667,1.0,0.0,1.0,1.0,1.0,0.8720239175576381,0.4577711311428349,0.1,0.9525741268224334,0.1
966,1,0.0,1.0,0.45,0.0,0.0,0.0,1.0,0.0094903335,0.8840332825270448,0.4039184199780718,0.1,0.9525741268224334,0.1
967,1,0.0,1.0,0.5,0.0,0.0,0.0,1.0,9.474074e-05,0.8705752280639144,0.4740755762365649,0.736946150671004,0.9525741268224334,0.1
968,1,0.0,0.7666666666666667,0.55,1.0,0.0,0.0,1.0,4.3130083e-15,0.8819965390435246,0.5096036190573298,0.1014573427661012,0.9525741268224334,0.1
969,1,0.0,1.0,0.4666666666666667,0.0,0.0,0.0,1.0,6.0884416e-16,0.9245330511039194,0.4243310396550441,0.1,0.9525741268224334,0.1
970,1,0.0,1.0,0.43333333333333335,0.0,0.0,0.0,1.0,4.602287e-09,0.8630086204738677,0.4349011816015974,0.7086718405482586,0.9525741268224334,0.1
971,1,0.0,1.0,0.5333333333333333,0.0,0.0,0.0,1.0,1.0319423e-07,0.9029162970282514,0.491892581991881,0.10887164534431243,0.9525741268224334,0.1
972,1,1.0,1.0,0.5166666666666667,1.0,0.0,1.0,1.0,1.0,0.9114543918758667,0.4714371864628787,0.936526394314618,0.9525741268224334,0.1
973,1,0.0,1.0,0.38333333333333336,0.0,0.0,0.0,1.0,3.8079668e-11,0.8897195465526266,0.3753878213928522,0.1,0.9525741268224334,0.1
974,1,1.0,1.0,0.3333333333333333,1.0,0.0,0.0,1.0,0.91324127,0.9166801724177148,0.3304996201385585,0.9749796532056192,0.9525741268224334,0.1
975,1,1.0,1.0,0.38333333333333336,1.0,0.0,0.0,1.0,0.9999999,0.8911854789968101,0.3970614089717006,0.9789147076523018,0.9525741268224334,0.1
976,1,1.0,1.0,0.38333333333333336,1.0,0.0,0.0,1.0,1.0,0.8870326567204329,0.38181194272994984,0.1,0.9525741268224334,0.1
977,1,1.0,1.0,0.38333333333333336,1.0,0.0,0.0,1.0,0.9999958,0.8836575187939588,0.34940976093442266,0.9774944708773715,0.9525741268224334,0.1
978,1,1.0,1.0,0.4166666666666667,1.0,0.0,0.0,1.0,1.0,0.8891270177147012,0.40095660974734104,0.1,0.9525741268224334,0.1
979,1,0.0,1.0,0.45,0.0,0.0,0.0,1.0,1.5649189e-15,0.8942437338190798,0.4157005588757368,0.16265467470925998,0.9525741268224334,0.1
980,1,0.0,1.0,0.43333333333333335,0.0,0.0,0.0,1.0,6.51649e-08,0.8672473609308361,0.4059406975257479,0.6953230193556001,0.9525741268224334,0.1
981,1,0.0,1.0,0.45,0.0,0.0,0.0,1.0,2.3248705e-11,0.8607198663245783,0.4317666881486068,0.1,0.9525741268224334,0.1
982,1,0.0,1.0,0.35,0.0,0.0,0.0,1.0,1.2922914e-10,0.8706786392153326,0.3427668307631979,0.1,0.9525741268224334,0.1
983,1,0.0,1.0,0.4166666666666667,0.0,0.0,0.0,1.0,2.0708669e-07,0.8593763153428088,0.4098318319034672,0.26610695778911114,0.9525741268224334,0.1
984,1,1.0,1.0,0.4666666666666667,1.0,0.0,0.0,1.0,0.75712246,0.8809531442958007,0.445617523469456,0.7696480164241145,0.9525741268224334,0.1
985,1,1.0,1.0,0.36666666666666664,1.0,0.0,0.0,1.0,0.9971922,0.8866356483251603,0.3806916730263619,0.7890698367507994,0.9525741268224334,0.1
986,1,1.0,1.0,0.38333333333333336,1.0,0.0,0.0,1.0,1.0,0.8851680520165759,0.40409740200724636,0.1,0.9525741268224334,0.1
987,1,1.0,1.0,0.36666666666666664,1.0,0.0,0.0,1.0,0.9899588,0.8808271637859766,0.36688941938909686,0.9367930013213408,0.9525741268224334,0.1
988,1,1.0,1.0,0.2833333333333333,1.0,0.0,0.0,1.0,0.82649493,0.8726241159060902,0.2874111861681064,0.409736980526997,0.9525741268224334,0.1
989,1,0.0,1.0,0.5,0.0,0.0,0.0,1.0,5.417099e-14,0.8782712480408554,0.47501543324674395,0.4607463836202379,0.9525741268224334,0.1
990,1,1.0,1.0,0.35,1.0,0.0,0.0,1.0,1.0,0.8700561804589674,0.3595168582007933,0.1,0.9525741268224334,0.1
991,1,0.0,1.0,0.4,0.0,0.0,0.0,1.0,1.2922914e-10,0.8570561365124607,0.392704558163557,0.1,0.9525741268224334,0.1
992,1,1.0,1.0,0.5333333333333333,1.0,0.0,1.0,1.0,0.99998415,0.878585727935623,0.4815316014968307,0.9781299272378974,0.9525741268224334,0.1
993,1,0.0,1.0,0.36666666666666664,0.0,0.0,0.0,1.0,0.013527204,0.872628483643652,0.3789526168381146,0.11142204983825776,0.9525741268224334,0.1
994,1,0.0,1.0,0.38333333333333336,0.0,0.0,0.0,1.0,1.989907e-05,0.864787758603644,0.37167117361791496,0.551269141944264,0.9525741268224334,0.1
995,1,1.0,1.0,0.38333333333333336,1.0,0.0,0.0,1.0,0.9999908,0.8785362735992865,0.37395491792055324,0.9423732774473915,0.9525741268224334,0.1
996,1,0.0,1.0,0.5,0.0,0.0,0.0,1.0,2.1523305e-09,0.9027503499917217,0.4906977160517157,0.6044847737219966,0.9525741268224334,0.1
997,1,1.0,1.0,0.36666666666666664,1.0,0.0,0.0,1.0,0.9999999,0.8604371434487582,0.3684933941308937,0.9262640364179036,0.9525741268224334,0.1
998,1,1.0,1.0,0.4,1.0,0.0,0.0,1.0,0.9999944,0.8668103229082866,0.38260031487137974,0.1,0.9525741268224334,0.1
999,1,0.0,1.0,0.45,0.0,0.0,0.0,1.0,4.412218e-10,0.8769374755162944,0.4400461609011465,0.1,0.9525741268224334,0.1
1000,1,0.0,1.0,0.45,0.0,0.0,0.0,0.0,0.0001236009,0.8646566078231763,0.43064580303674815,0.9366616839617817,0.9525741268224334,0.1
1001,1,1.0,1.0,0.38333333333333336,1.0,0.0,0.0,1.0,0.75712246,0.8626856728922515,0.3663755164989905,0.7696480164241145,0.9525741268224334,0.1
1002,1,0.0,1.0,0.4,0.0,0.0,0.0,1.0,1.0709074e-07,0.8727978326835909,0.3960256067604761,0.12173750055962747,0.9525741268224334,0.1
1003,1,1.0,1.0,0.5333333333333333,1.0,0.0,0.0,1.0,0.9511587,0.8775597444304297,0.47723402449611796,0.8016973306775083,0.9525741268224334,0.1
1004,1,1.0,1.0,0.3333333333333333,1.0,0.0,0.0,1.0,1.0,0.9016727557170788,0.34450266630824766,0.7092602017863188,0.9525741268224334,0.1
1005,1,1.0,1.0,0.4,1.0,0.0,0.0,1.0,0.9999995,0.8973523549722312,0.3908551803836946,0.868975024732962,0.9525741268224334,0.1
1006,1,0.0,1.0,0.45,0.0,0.0,0.0,1.0,1.2238595e-11,0.8905564503757638,0.422054417027303,0.700980509553111,0.9525741268224334,0.1
1007,1,0.0,1.0,0.4,0.0,0.0,0.0,1.0,5.204526e-11,0.8741582598004192,0.3856335587839277,0.1,0.9525741268224334,0.1
