win_idx,label,acc_v,acc_m,acc_u,acc_mv,acc_ds_eq,acc_ds_static,acc_ours,P_v,P_m,P_u,w_v,w_m,w_u
0,0,1.0,0.0,1.0,1.0,0.0,0.0,1.0,2.3113188e-11,0.9999999999997036,0.01796581024630993,0.5508038408452627,0.9859363729567544,0.9890130573694068
1,0,1.0,0.03333333333333333,1.0,1.0,0.0,0.0,1.0,0.017211445,0.9374957390802833,0.01797666210374031,0.6887214926512577,0.9859363729567544,0.9890130573694068
2,0,1.0,0.43333333333333335,1.0,1.0,0.0,0.0,1.0,0.07077655,0.5473607668156871,0.018021843260644963,0.34818717052971254,0.9859363729567544,0.9890130573694068
3,0,1.0,0.8,1.0,1.0,1.0,1.0,1.0,3.3720992e-06,0.2862694877599197,0.01798866471891475,0.3678430339890275,0.9859363729567544,0.9890130573694068
4,0,1.0,0.85,1.0,1.0,1.0,1.0,1.0,1.9898287e-09,0.2331250987269132,0.018015516021363472,0.4916628149796306,0.9859363729567544,0.9890130573694068
5,0,1.0,0.8,1.0,1.0,1.0,1.0,1.0,1.3999605e-07,0.31662489948839867,0.017929582248290835,0.5649010159634233,0.9859363729567544,0.9890130573694068
6,0,1.0,0.7,1.0,1.0,1.0,1.0,1.0,0.0005340704,0.3548645387801788,0.01797589314929137,0.6972398516285525,0.9859363729567544,0.9890130573694068
7,0,1.0,0.7666666666666667,1.0,1.0,1.0,1.0,1.0,1.2952968e-06,0.2914557986544539,0.017976414180048923,0.3849866427581571,0.9859363729567544,0.9890130573694068
8,0,1.0,0.8833333333333333,1.0,1.0,1.0,1.0,1.0,1.4416149e-06,0.2175901769367276,0.018040347930449722,0.7839844315273204,0.9859363729567544,0.9890130573694068
9,0,1.0,0.8833333333333333,1.0,1.0,1.0,1.0,1.0,5.7331068e-08,0.24707369370222373,0.018035062236046787,0.9991092738514524,0.9859363729567544,0.9890130573694068
10,0,1.0,0.7833333333333333,1.0,1.0,1.0,1.0,1.0,4.1523485e-06,0.3351710272071567,0.018002537180086587,0.6446845973388201,0.9859363729567544,0.9890130573694068
11,0,1.0,0.7833333333333333,1.0,1.0,1.0,1.0,1.0,9.252368e-09,0.3323158084170302,0.017965658001507977,0.1,0.9859363729567544,0.9890130573694068
12,0,1.0,0.9166666666666666,1.0,1.0,1.0,1.0,1.0,4.470122e-06,0.22740573084061155,0.018032617990943692,0.547471060681408,0.9859363729567544,0.9890130573694068
13,0,1.0,0.8166666666666667,1.0,1.0,1.0,1.0,1.0,1.550645e-08,0.27137071466283086,0.01799875179037157,0.36740111215190985,0.9859363729567544,0.9890130573694068
14,0,0.0,0.7333333333333333,1.0,1.0,0.0,0.0,1.0,0.8570389,0.3081714304866066,0.017974814836850306,0.454158484455654,0.9859363729567544,0.9890130573694068
15,0,1.0,0.8,1.0,1.0,1.0,1.0,1.0,1.1460329e-12,0.2945301188627288,0.01801382210612951,0.1,0.9859363729567544,0.9890130573694068
16,0,0.0,0.7666666666666667,1.0,1.0,0.0,0.0,1.0,0.5843747,0.3167728987778337,0.017976081978576582,0.5806144576179795,0.9859363729567544,0.9890130573694068
17,0,1.0,0.8333333333333334,1.0,1.0,1.0,1.0,1.0,0.00018349984,0.2806120211117022,0.018050453422401844,0.4730319837345803,0.9859363729567544,0.9890130573694068
18,0,1.0,0.8333333333333334,1.0,1.0,1.0,1.0,1.0,2.7722949e-24,0.2542426974093408,0.017989501681287236,0.1,0.9859363729567544,0.9890130573694068
19,0,1.0,0.9,1.0,1.0,1.0,1.0,1.0,1.8785358e-16,0.2426346543931415,0.0179426520287906,0.7928986293262459,0.9859363729567544,0.9890130573694068
20,0,1.0,0.8,1.0,1.0,1.0,1.0,1.0,1.5745817e-10,0.3130644254562658,0.018001607893823487,0.6522351397991744,0.9859363729567544,0.9890130573694068
21,0,1.0,0.8333333333333334,1.0,1.0,0.0,0.0,1.0,0.28808177,0.2893884377466837,0.017950620306108635,0.1,0.9859363729567544,0.9890130573694068
22,0,1.0,0.75,1.0,1.0,1.0,1.0,1.0,0.01165851,0.29052623231169894,0.01797609995735555,0.3518750825811101,0.9859363729567544,0.9890130573694068
23,0,1.0,0.75,1.0,1.0,1.0,1.0,1.0,2.4557574e-12,0.38573278659612387,0.017972174257153428,0.990732969851249,0.9859363729567544,0.9890130573694068
24,0,1.0,0.7,1.0,1.0,1.0,1.0,1.0,1.5601433e-09,0.365691420810034,0.017993033516351252,0.6882192184900471,0.9859363729567544,0.9890130573694068
25,0,0.0,0.8333333333333334,1.0,1.0,0.0,0.0,1.0,0.8440679,0.2502875337456882,0.017955195540073094,0.558416845077203,0.9859363729567544,0.9890130573694068
26,0,1.0,0.8,1.0,1.0,1.0,1.0,1.0,7.897356e-08,0.26844492258636404,0.017960979518848827,0.8562741877823105,0.9859363729567544,0.9890130573694068
27,0,1.0,0.8166666666666667,1.0,1.0,1.0,1.0,1.0,6.700966e-16,0.2516985091476559,0.017996462823980826,0.1,0.9859363729567544,0.9890130573694068
28,0,1.0,0.7833333333333333,1.0,1.0,1.0,1.0,1.0,7.897356e-08,0.2940575979585061,0.017969735508870325,0.8562741877823105,0.9859363729567544,0.9890130573694068
29,0,1.0,0.8166666666666667,1.0,1.0,1.0,1.0,1.0,0.00041857635,0.274061464136452,0.01801240975508408,0.21067405256036442,0.9859363729567544,0.9890130573694068
30,0,1.0,0.85,1.0,1.0,1.0,1.0,1.0,6.338369e-17,0.2703916576788077,0.01800991234460332,0.9995724728089643,0.9859363729567544,0.9890130573694068
31,0,1.0,0.7833333333333333,1.0,1.0,1.0,1.0,1.0,1.66778e-08,0.3158767473257534,0.017966763074679773,0.1,0.9859363729567544,0.9890130573694068
32,0,1.0,0.7666666666666667,1.0,1.0,1.0,1.0,1.0,0.049168583,0.2834926991772072,0.018016146006862712,0.11786903947151654,0.9859363729567544,0.9890130573694068
33,0,1.0,0.75,1.0,1.0,1.0,1.0,1.0,1.2015001e-15,0.32991990803499754,0.017990884154933058,0.1,0.9859363729567544,0.9890130573694068
34,0,1.0,0.8,1.0,1.0,1.0,1.0,1.0,2.601314e-11,0.30704104019322886,0.017974663825352385,0.13624272333017856,0.9859363729567544,0.9890130573694068
35,0,1.0,0.7166666666666667,1.0,1.0,0.0,0.0,1.0,1.0986173e-13,0.5159669889023358,0.23767818630133536,0.27605559030944316,0.9859363729567544,0.9890130573694068
36,1,1.0,1.0,1.0,1.0,1.0,1.0,1.0,0.71187156,0.99999999999997,0.9596801175189583,0.1553044434325077,0.9859363729567544,0.9890130573694068
37,1,1.0,1.0,1.0,1.0,1.0,1.0,1.0,0.9999999,0.99999999999997,0.959611654636955,0.8838381689117344,0.9859363729567544,0.9890130573694068
38,1,0.0,1.0,1.0,1.0,0.0,0.0,1.0,1.511587e-08,0.99999999999997,0.9596048392820792,0.10848605137400197,0.9859363729567544,0.9890130573694068
39,1,0.0,1.0,1.0,1.0,0.0,0.0,1.0,0.015351778,0.99999999999997,0.9597128525365203,0.1,0.9859363729567544,0.9890130573694068
40,1,1.0,1.0,1.0,1.0,1.0,1.0,1.0,1.0,0.99999999999997,0.9596010679280431,0.9681271088537297,0.9859363729567544,0.9890130573694068
41,1,1.0,1.0,1.0,1.0,1.0,1.0,1.0,0.9999443,0.99999999999997,0.9596027173377063,0.12746446929133737,0.9859363729567544,0.9890130573694068
42,1,1.0,1.0,1.0,1.0,1.0,1.0,1.0,0.86205244,0.99999999999997,0.9597628210573069,0.3376381825423346,0.9859363729567544,0.9890130573694068
43,1,1.0,1.0,1.0,1.0,1.0,1.0,1.0,0.99394715,0.99999999999997,0.959785176011783,0.6517316042572915,0.9859363729567544,0.9890130573694068
44,1,1.0,1.0,1.0,1.0,1.0,1.0,1.0,0.99577254,0.99999999999997,0.9596845224337446,0.967978510721893,0.9859363729567544,0.9890130573694068
45,1,1.0,1.0,1.0,1.0,1.0,1.0,1.0,0.9999988,0.99999999999997,0.9596557027935354,0.3021424802126031,0.9859363729567544,0.9890130573694068
46,1,1.0,1.0,1.0,1.0,1.0,1.0,1.0,0.9999076,0.99999999999997,0.9596582647835231,0.6402486413530317,0.9859363729567544,0.9890130573694068
47,1,1.0,1.0,1.0,1.0,1.0,1.0,1.0,1.0,0.999999999999969,0.9597097468652259,0.973701380931077,0.9859363729567544,0.9890130573694068
48,1,1.0,1.0,1.0,1.0,1.0,1.0,1.0,0.9999907,0.99999999999997,0.9597268368874027,0.6812631768627311,0.9859363729567544,0.9890130573694068
49,1,1.0,1.0,1.0,1.0,1.0,1.0,1.0,0.9998708,0.99999999999997,0.9597166781895542,0.9171636957063363,0.9859363729567544,0.9890130573694068
50,1,1.0,1.0,1.0,1.0,1.0,1.0,1.0,1.0,0.99999999999997,0.9596351064347963,0.28789149320907753,0.9859363729567544,0.9890130573694068
51,1,0.0,1.0,1.0,1.0,0.0,0.0,1.0,6.56229e-08,0.99999999999997,0.959677758298056,0.10946661450129415,0.9859363729567544,0.9890130573694068
52,1,1.0,1.0,1.0,1.0,1.0,1.0,1.0,0.7400898,0.99999999999997,0.9597301293661668,0.41674236585636715,0.9859363729567544,0.9890130573694068
53,1,1.0,1.0,1.0,1.0,1.0,1.0,1.0,1.0,0.99999999999997,0.9597655709356114,0.9920934280056112,0.9859363729567544,0.9890130573694068
54,1,1.0,1.0,1.0,1.0,1.0,1.0,1.0,0.9327488,0.99999999999997,0.9597682696625363,0.1942631524553322,0.9859363729567544,0.9890130573694068
55,1,1.0,1.0,1.0,1.0,1.0,1.0,1.0,1.0,0.99999999999997,0.9596536500728513,0.9738999461658987,0.9859363729567544,0.9890130573694068
56,1,0.0,1.0,1.0,1.0,0.0,0.0,1.0,0.013876398,0.99999999999997,0.9596444304628879,0.26475130161980964,0.9859363729567544,0.9890130573694068
57,1,1.0,1.0,1.0,1.0,1.0,1.0,1.0,1.0,0.9999999999997854,0.9596775283486426,0.9648886175136271,0.9859363729567544,0.9890130573694068
58,1,1.0,1.0,1.0,1.0,1.0,1.0,1.0,0.98872364,0.99999999999997,0.9597095689544556,0.21357414380545237,0.9859363729567544,0.9890130573694068
59,1,1.0,1.0,1.0,1.0,1.0,1.0,1.0,0.7817242,0.99999999999997,0.9596917661137779,0.9072462809628445,0.9859363729567544,0.9890130573694068
60,1,1.0,1.0,1.0,1.0,1.0,1.0,1.0,0.9999994,0.99999999999997,0.9596288228934955,0.829490294552617,0.9859363729567544,0.9890130573694068
61,1,0.0,1.0,1.0,1.0,0.0,0.0,1.0,0.0066812015,0.99999999999997,0.9597369616180986,0.5869261842791996,0.9859363729567544,0.9890130573694068
62,1,0.0,1.0,1.0,1.0,0.0,0.0,1.0,0.00012562756,0.99999999999997,0.9595794129616323,0.1,0.9859363729567544,0.9890130573694068
63,1,1.0,1.0,1.0,1.0,1.0,1.0,1.0,0.9296755,0.99999999999997,0.9596092555150638,0.9710838986236592,0.9859363729567544,0.9890130573694068
64,1,1.0,1.0,1.0,1.0,1.0,1.0,1.0,0.99999964,0.99999999999997,0.9596417533904813,0.19819513184636203,0.9859363729567544,0.9890130573694068
65,1,1.0,1.0,1.0,1.0,1.0,1.0,1.0,1.0,0.99999999999997,0.9595272766695901,0.9220078579861262,0.9859363729567544,0.9890130573694068
66,1,0.0,1.0,1.0,1.0,0.0,0.0,1.0,8.282427e-07,0.99999999999997,0.9595843867764434,0.14222053581572847,0.9859363729567544,0.9890130573694068
67,1,1.0,1.0,1.0,1.0,1.0,1.0,1.0,0.96589345,0.99999999999997,0.9597203037675874,0.2193308466397248,0.9859363729567544,0.9890130573694068
68,1,0.0,1.0,1.0,1.0,0.0,0.0,1.0,0.033638906,0.99999999999997,0.9597550731060003,0.2471523298993796,0.9859363729567544,0.9890130573694068
69,1,1.0,1.0,1.0,1.0,1.0,1.0,1.0,0.99625635,0.99999999999997,0.9596546610816006,0.9966435136589296,0.9859363729567544,0.9890130573694068
70,1,0.0,1.0,1.0,1.0,0.0,0.0,1.0,0.0024473674,0.99999999999997,0.9595879994176061,0.16484318227539646,0.9859363729567544,0.9890130573694068
71,1,1.0,1.0,1.0,1.0,1.0,1.0,1.0,0.9999933,0.99999999999997,0.9596183225820484,0.9504592667381131,0.9859363729567544,0.9890130573694068
72,1,1.0,1.0,1.0,1.0,1.0,1.0,1.0,1.0,0.99999999999997,0.959693028215159,0.9362379287018224,0.9859363729567544,0.9890130573694068
73,1,1.0,1.0,1.0,1.0,1.0,1.0,1.0,1.0,0.99999999999997,0.9597204685658062,0.9945367085218405,0.9859363729567544,0.9890130573694068
74,1,1.0,1.0,1.0,1.0,1.0,1.0,1.0,0.99894875,0.99999999999997,0.9594839205160742,0.1561881105089366,0.9859363729567544,0.9890130573694068
75,1,1.0,1.0,1.0,1.0,1.0,1.0,1.0,0.9999999,0.99999999999997,0.959689246940622,0.9842002216144067,0.9859363729567544,0.9890130573694068
76,1,1.0,1.0,1.0,1.0,1.0,1.0,1.0,0.99999774,0.99999999999997,0.9596588257725712,0.202255541285115,0.9859363729567544,0.9890130573694068
77,1,0.0,1.0,1.0,1.0,0.0,0.0,1.0,0.0018185611,0.99999999999997,0.9595835743422306,0.2329042203047659,0.9859363729567544,0.9890130573694068
78,1,0.0,1.0,1.0,1.0,0.0,0.0,1.0,0.14978017,0.99999999999997,0.9596688579447726,0.3054991466268482,0.9859363729567544,0.9890130573694068
79,1,1.0,1.0,1.0,1.0,1.0,1.0,1.0,0.99984074,0.99999999999997,0.9596450112952564,0.7252782333946274,0.9859363729567544,0.9890130573694068
80,1,1.0,1.0,1.0,1.0,1.0,1.0,1.0,0.9990233,0.99999999999997,0.9597321786884528,0.6319004187058633,0.9859363729567544,0.9890130573694068
81,1,1.0,1.0,1.0,1.0,1.0,1.0,1.0,0.99916196,0.99999999999997,0.9596776931322529,0.1682408635476951,0.9859363729567544,0.9890130573694068
82,1,1.0,1.0,1.0,1.0,1.0,1.0,1.0,0.99962425,0.99999999999997,0.9596616891013249,0.41521275564549165,0.9859363729567544,0.9890130573694068
83,1,1.0,1.0,1.0,1.0,1.0,1.0,1.0,1.0,0.99999999999997,0.9596952734522752,0.9808944486873896,0.9859363729567544,0.9890130573694068
84,1,1.0,1.0,1.0,1.0,1.0,1.0,1.0,1.0,0.99999999999997,0.9596479647764659,0.7426037373333249,0.9859363729567544,0.9890130573694068
85,1,0.0,1.0,1.0,1.0,0.0,0.0,1.0,0.029453402,0.99999999999997,0.9595748280532704,0.15568730533669647,0.9859363729567544,0.9890130573694068
86,1,1.0,1.0,1.0,1.0,1.0,1.0,1.0,0.6970017,0.99999999999997,0.9596807601024703,0.10162651340071192,0.9859363729567544,0.9890130573694068
87,1,1.0,1.0,1.0,1.0,1.0,1.0,1.0,0.99602485,0.99999999999997,0.9596554730676384,0.18827932437272146,0.9859363729567544,0.9890130573694068
88,1,1.0,1.0,1.0,1.0,1.0,1.0,1.0,0.9999994,0.99999999999997,0.9596879574592384,0.7205023167507645,0.9859363729567544,0.9890130573694068
89,1,1.0,1.0,1.0,1.0,1.0,1.0,1.0,1.0,0.99999999999997,0.9596358952230717,0.9827024396452833,0.9859363729567544,0.9890130573694068
90,1,1.0,1.0,1.0,1.0,1.0,1.0,1.0,0.9987723,0.99999999999997,0.9596515782323582,0.995815762541467,0.9859363729567544,0.9890130573694068
91,1,1.0,1.0,1.0,1.0,1.0,1.0,1.0,0.9999995,0.99999999999997,0.9596114125883223,0.8756154174731611,0.9859363729567544,0.9890130573694068
92,1,1.0,1.0,1.0,1.0,1.0,1.0,1.0,0.9999999,0.99999999999997,0.9596880476919798,0.16077130236249393,0.9859363729567544,0.9890130573694068
93,1,1.0,1.0,1.0,1.0,1.0,1.0,1.0,1.0,0.99999999999997,0.9596826778183128,0.6966141494816437,0.9859363729567544,0.9890130573694068
94,1,0.0,1.0,1.0,1.0,0.0,0.0,1.0,0.0004184108,0.99999999999997,0.9597159580590577,0.23466765181219684,0.9859363729567544,0.9890130573694068
95,1,1.0,1.0,1.0,1.0,1.0,1.0,1.0,0.9999999,0.99999999999997,0.9596858032080147,0.6236663866323502,0.9859363729567544,0.9890130573694068
96,1,0.0,1.0,1.0,1.0,0.0,0.0,1.0,4.202047e-11,0.99999999999997,0.9597349726105201,0.1,0.9859363729567544,0.9890130573694068
97,1,1.0,1.0,1.0,1.0,1.0,1.0,1.0,0.9997893,0.99999999999997,0.9596279961725432,0.9989148678978335,0.9859363729567544,0.9890130573694068
98,1,1.0,1.0,1.0,1.0,1.0,1.0,1.0,0.99999714,0.99999999999997,0.9596753335706959,0.9992929524252423,0.9859363729567544,0.9890130573694068
99,1,1.0,1.0,1.0,1.0,1.0,1.0,1.0,0.9998604,0.99999999999997,0.959700489485651,0.12636005798666647,0.9859363729567544,0.9890130573694068
100,1,1.0,1.0,1.0,1.0,1.0,1.0,1.0,1.0,0.99999999999997,0.9597003008836623,0.9568638582528629,0.9859363729567544,0.9890130573694068
101,1,1.0,1.0,1.0,1.0,1.0,1.0,1.0,1.0,0.99999999999997,0.9596453689316513,0.5496327165916293,0.9859363729567544,0.9890130573694068
102,1,1.0,1.0,1.0,1.0,1.0,1.0,1.0,0.71442086,0.99999999999997,0.9597085754350679,0.2783684881969406,0.9859363729567544,0.9890130573694068
103,1,1.0,1.0,1.0,1.0,1.0,1.0,1.0,1.0,0.99999999999997,0.959785594314213,0.1442554932191652,0.9859363729567544,0.9890130573694068
104,1,1.0,1.0,1.0,1.0,1.0,1.0,1.0,0.99990046,0.99999999999997,0.9596116164904899,0.14045552217628623,0.9859363729567544,0.9890130573694068
105,1,1.0,1.0,1.0,1.0,1.0,1.0,1.0,1.0,0.99999999999997,0.9596956487889668,0.5153295330100781,0.9859363729567544,0.9890130573694068
106,1,0.0,0.9166666666666666,1.0,1.0,0.0,0.0,1.0,0.19627094,0.994277725109431,0.8834167944123794,0.10119096444439206,0.9859363729567544,0.9890130573694068
107,1,1.0,1.0,1.0,1.0,1.0,0.0,1.0,0.6221816,0.9981969231975937,0.9676425632551384,0.22878561753558377,0.9859363729567544,0.9890130573694068
108,1,0.0,1.0,1.0,1.0,0.0,0.0,1.0,4.7548635e-11,0.9987747770630934,0.967668299019607,0.1,0.9859363729567544,0.9890130573694068
109,1,1.0,1.0,1.0,1.0,1.0,1.0,1.0,0.9009523,0.9992461732881992,0.9676037729110637,0.17402215682731953,0.9859363729567544,0.9890130573694068
110,1,1.0,1.0,1.0,1.0,1.0,1.0,1.0,0.9999703,0.9993155634498412,0.9675503712993909,0.13630983221320886,0.9859363729567544,0.9890130573694068
111,1,1.0,1.0,1.0,1.0,1.0,1.0,1.0,0.971315,0.9986914458667351,0.967595702128697,0.7849507421831171,0.9859363729567544,0.9890130573694068
112,1,1.0,1.0,1.0,1.0,1.0,1.0,1.0,1.0,0.9980962694580672,0.9676147364093686,0.8784705424480276,0.9859363729567544,0.9890130573694068
113,1,1.0,1.0,1.0,1.0,1.0,1.0,1.0,1.0,0.9974847756106954,0.9675376386504075,0.9992888013263823,0.9859363729567544,0.9890130573694068
114,1,1.0,1.0,1.0,1.0,1.0,1.0,1.0,0.8386565,0.9986109117972993,0.967566058473998,0.12989260380094145,0.9859363729567544,0.9890130573694068
115,1,1.0,1.0,1.0,1.0,1.0,1.0,1.0,0.9999995,0.9984680374759963,0.9675873268567277,0.8756154174731611,0.9859363729567544,0.9890130573694068
116,1,1.0,1.0,1.0,1.0,1.0,1.0,1.0,0.98682785,0.9984935572670227,0.9676585524765359,0.1423031061774227,0.9859363729567544,0.9890130573694068
117,1,1.0,1.0,1.0,1.0,1.0,1.0,1.0,1.0,0.9985400180515813,0.9676025783987833,0.9573255200962936,0.9859363729567544,0.9890130573694068
118,1,0.0,1.0,1.0,1.0,0.0,0.0,1.0,2.8752157e-11,0.9996884360937303,0.9676363000770933,0.19064880557792444,0.9859363729567544,0.9890130573694068
119,1,1.0,1.0,1.0,1.0,1.0,1.0,1.0,1.0,0.9992092324503508,0.9675747769277474,0.9196175832437509,0.9859363729567544,0.9890130573694068
120,1,0.0,1.0,1.0,1.0,0.0,0.0,1.0,5.2143713e-07,0.9995045948369548,0.9676126063305176,0.3109953816060252,0.9859363729567544,0.9890130573694068
121,1,1.0,1.0,1.0,1.0,1.0,1.0,1.0,1.0,0.9987118037573081,0.9676621514712777,0.7331541676205773,0.9859363729567544,0.9890130573694068
122,1,1.0,1.0,1.0,1.0,1.0,1.0,1.0,1.0,0.9989954803440096,0.9674997475994928,0.7408851222515064,0.9859363729567544,0.9890130573694068
123,1,1.0,1.0,1.0,1.0,1.0,1.0,1.0,0.9908941,0.9985717470137929,0.9676893729165426,0.1448332707106699,0.9859363729567544,0.9890130573694068
124,1,1.0,1.0,1.0,1.0,1.0,1.0,1.0,1.0,0.9981714640966295,0.9675454327523719,0.9962155936503875,0.9859363729567544,0.9890130573694068
125,1,1.0,1.0,1.0,1.0,1.0,1.0,1.0,0.99998736,0.9989170069570338,0.9676002756067751,0.6514062411203296,0.9859363729567544,0.9890130573694068
126,1,1.0,1.0,1.0,1.0,1.0,1.0,1.0,1.0,0.9987871958854175,0.9676820909157349,0.9994148813246665,0.9859363729567544,0.9890130573694068
127,1,0.0,1.0,1.0,1.0,0.0,0.0,1.0,0.00064438104,0.9992114419796093,0.9677045729444553,0.3253321580145229,0.9859363729567544,0.9890130573694068
128,1,1.0,1.0,1.0,1.0,1.0,1.0,1.0,1.0,0.998972788182207,0.9675534117957204,0.8879183076321016,0.9859363729567544,0.9890130573694068
129,1,0.0,0.75,1.0,1.0,0.0,0.0,1.0,1.4533386e-07,0.9864706381917495,0.7459394757768987,0.12108087252116514,0.9859363729567544,0.9890130573694068
130,0,1.0,0.36666666666666664,1.0,1.0,0.0,0.0,1.0,2.720611e-11,0.6354093370622755,0.01793631678427927,0.9995806010728354,0.9859363729567544,0.9890130573694068
131,0,1.0,0.8333333333333334,1.0,1.0,1.0,1.0,1.0,4.660711e-10,0.29728183569316663,0.01801839887346379,0.8639047017599346,0.9859363729567544,0.9890130573694068
132,0,1.0,0.8333333333333334,1.0,1.0,1.0,1.0,1.0,1.6500316e-13,0.2869007583898921,0.017988005710971398,0.1,0.9859363729567544,0.9890130573694068
133,0,1.0,0.7333333333333333,1.0,1.0,1.0,1.0,1.0,3.8550463e-10,0.3001989496034826,0.018003886588738652,0.1,0.9859363729567544,0.9890130573694068
134,0,1.0,0.8166666666666667,1.0,1.0,1.0,1.0,1.0,0.0020911896,0.2663283538937884,0.01795508138179436,0.648221453472931,0.9859363729567544,0.9890130573694068
135,0,1.0,0.7666666666666667,1.0,1.0,1.0,1.0,1.0,1.7201692e-05,0.33673873743686183,0.017983897615716646,0.30116533677653956,0.9859363729567544,0.9890130573694068
136,0,1.0,0.8833333333333333,1.0,1.0,1.0,1.0,1.0,4.4118372e-11,0.22027070240099303,0.018014676448281513,0.9143227252863834,0.9859363729567544,0.9890130573694068
137,0,1.0,0.9,1.0,1.0,1.0,1.0,1.0,1.9646604e-08,0.2563401132006458,0.017997427390582674,0.7448922795980507,0.9859363729567544,0.9890130573694068
138,0,1.0,0.7666666666666667,1.0,1.0,1.0,1.0,1.0,8.267238e-08,0.31188974555295296,0.017962492276307206,0.5538885054262787,0.9859363729567544,0.9890130573694068
139,0,1.0,0.8666666666666667,1.0,1.0,1.0,1.0,1.0,5.831094e-11,0.2580680336786156,0.01801364832134753,0.8910931072315785,0.9859363729567544,0.9890130573694068
140,0,1.0,0.8333333333333334,1.0,1.0,1.0,1.0,1.0,0.0043289815,0.2507862719988723,0.01800437072108209,0.21726985342738578,0.9859363729567544,0.9890130573694068
141,0,1.0,0.7833333333333333,1.0,1.0,1.0,1.0,1.0,1.5844362e-05,0.2889288720448077,0.017987990797304933,0.4478362074018653,0.9859363729567544,0.9890130573694068
142,0,1.0,0.8333333333333334,1.0,1.0,1.0,1.0,1.0,1.0355342e-12,0.2573783078600878,0.017921873156802992,0.2499748066427335,0.9859363729567544,0.9890130573694068
143,0,1.0,0.7833333333333333,1.0,1.0,1.0,1.0,1.0,4.8228958e-05,0.2906498725335506,0.018001391707386807,0.5565763561380969,0.9859363729567544,0.9890130573694068
144,0,1.0,0.8,1.0,1.0,1.0,1.0,1.0,0.016298562,0.3043655201056472,0.01798940962756645,0.5819534900497908,0.9859363729567544,0.9890130573694068
145,0,1.0,0.8,1.0,1.0,1.0,1.0,1.0,3.3666e-19,0.294266517651498,0.017960064633999857,0.1,0.9859363729567544,0.9890130573694068
146,0,1.0,0.7,1.0,1.0,1.0,1.0,1.0,7.2776443e-06,0.34274022178840247,0.01797459883096318,0.46330446303950984,0.9859363729567544,0.9890130573694068
147,0,0.0,0.7833333333333333,1.0,1.0,0.0,0.0,1.0,0.99442506,0.31972061516340516,0.01804579760137822,0.1574125423167248,0.9859363729567544,0.9890130573694068
148,0,1.0,0.85,1.0,1.0,1.0,1.0,1.0,0.0018194554,0.2406230838745166,0.017908966675444546,0.6957094572770847,0.9859363729567544,0.9890130573694068
149,0,1.0,0.9,1.0,1.0,1.0,1.0,1.0,1.3834929e-08,0.26803719036713397,0.017989994854823225,0.6055256442980415,0.9859363729567544,0.9890130573694068
150,0,1.0,0.8166666666666667,1.0,1.0,1.0,1.0,1.0,8.513639e-09,0.27987123606839376,0.017993157389406357,0.6325919439247499,0.9859363729567544,0.9890130573694068
151,0,1.0,0.9,1.0,1.0,1.0,1.0,1.0,2.937958e-19,0.23938811277081085,0.01799207085991886,0.1,0.9859363729567544,0.9890130573694068
152,0,1.0,0.7666666666666667,1.0,1.0,1.0,1.0,1.0,0.013509481,0.3245262997649657,0.018034669679290873,0.8568247547274007,0.9859363729567544,0.9890130573694068
153,0,1.0,0.8333333333333334,1.0,1.0,1.0,1.0,1.0,1.460841e-09,0.2545530449230345,0.01800873174704936,0.9923468685010688,0.9859363729567544,0.9890130573694068
154,0,1.0,0.8166666666666667,1.0,1.0,1.0,1.0,1.0,3.2485738e-13,0.2750993649556313,0.01799481824459442,0.4787185928571433,0.9859363729567544,0.9890130573694068
155,0,1.0,0.85,1.0,1.0,1.0,1.0,1.0,5.5164423e-15,0.2427202461307729,0.01798710209083005,0.1,0.9859363729567544,0.9890130573694068
156,0,1.0,0.85,1.0,1.0,1.0,1.0,1.0,0.0390779,0.26377940083708695,0.018000406042815616,0.8669252488375461,0.9859363729567544,0.9890130573694068
157,0,1.0,0.7833333333333333,1.0,1.0,1.0,1.0,1.0,0.0060254866,0.29302339311530046,0.017994719032378134,0.6957246331956898,0.9859363729567544,0.9890130573694068
158,0,1.0,0.85,1.0,1.0,1.0,1.0,1.0,0.00031435734,0.2472946818568555,0.017993560189648365,0.7113794801759885,0.9859363729567544,0.9890130573694068
159,0,1.0,0.7,1.0,1.0,1.0,1.0,1.0,6.11975e-07,0.3690231426709769,0.018016045825227124,0.1,0.9859363729567544,0.9890130573694068
160,0,1.0,0.75,1.0,1.0,1.0,1.0,1.0,3.8954885e-12,0.340937398294029,0.0179715369373649,0.8631632868036357,0.9859363729567544,0.9890130573694068
161,0,1.0,0.8,1.0,1.0,1.0,1.0,1.0,0.16361837,0.272623252348671,0.017982035060573606,0.44360660770566573,0.9859363729567544,0.9890130573694068
162,0,0.0,0.85,1.0,1.0,0.0,0.0,1.0,0.8440679,0.24732267781916545,0.01794806309975215,0.558416845077203,0.9859363729567544,0.9890130573694068
163,0,1.0,0.7333333333333333,1.0,1.0,1.0,1.0,1.0,0.11078715,0.3167529116648281,0.017967342950016174,0.1,0.9859363729567544,0.9890130573694068
164,0,1.0,0.9166666666666666,1.0,1.0,1.0,1.0,1.0,1.3129836e-06,0.21270802520361046,0.018016290773511124,0.4047152221538953,0.9859363729567544,0.9890130573694068
165,0,1.0,0.9,1.0,1.0,1.0,1.0,1.0,0.066602536,0.2587642853085403,0.017977455409164164,0.9817282049275142,0.9859363729567544,0.9890130573694068
166,0,1.0,0.75,1.0,1.0,1.0,1.0,1.0,0.0003476385,0.33793125627520776,0.018007532062289115,0.9936376477326303,0.9859363729567544,0.9890130573694068
167,0,1.0,0.6833333333333333,1.0,1.0,1.0,1.0,1.0,1.0692812e-14,0.36695892072622166,0.018013986734029274,0.1,0.9859363729567544,0.9890130573694068
168,0,1.0,0.65,1.0,1.0,1.0,1.0,1.0,3.6163837e-07,0.3716254603593453,0.01796534994024473,0.5705248063790929,0.9859363729567544,0.9890130573694068
169,0,1.0,0.7,1.0,1.0,1.0,1.0,1.0,6.977717e-07,0.36243222763915767,0.017922441792664525,0.8384499145517476,0.9859363729567544,0.9890130573694068
170,0,0.0,0.85,1.0,1.0,0.0,0.0,1.0,0.5506522,0.2688679216647236,0.018035019785565775,0.9935646920769414,0.9859363729567544,0.9890130573694068
171,0,0.0,0.8,1.0,1.0,0.0,0.0,1.0,0.6898159,0.2449565224209224,0.01798370202287314,0.1294942904518499,0.9859363729567544,0.9890130573694068
172,0,1.0,0.8166666666666667,1.0,1.0,1.0,1.0,1.0,7.2776443e-06,0.2663819878406418,0.017969570393193284,0.46330446303950984,0.9859363729567544,0.9890130573694068
173,0,1.0,0.75,1.0,1.0,1.0,1.0,1.0,6.492412e-06,0.3475864732856151,0.018034045463644465,0.12575598482892544,0.9859363729567544,0.9890130573694068
174,0,1.0,0.6666666666666666,1.0,1.0,1.0,1.0,1.0,2.7484322e-05,0.32755583413064326,0.017991830871889058,0.9397306151772803,0.9859363729567544,0.9890130573694068
175,0,1.0,0.7666666666666667,1.0,1.0,1.0,1.0,1.0,6.8185696e-10,0.31441161040280036,0.017971985546864976,0.8844881843282184,0.9859363729567544,0.9890130573694068
176,1,1.0,0.9666666666666667,1.0,1.0,1.0,1.0,1.0,0.836523,0.9305933471875426,0.8922765966708749,0.14249221425707415,0.9859363729567544,0.9890130573694068
177,1,0.0,1.0,1.0,1.0,0.0,0.0,1.0,0.013876398,0.99999999999997,0.9894481647196254,0.26475130161980964,0.9859363729567544,0.9890130573694068
178,1,0.0,1.0,1.0,1.0,0.0,0.0,1.0,2.5227207e-09,0.99999999999997,0.9894344109020484,0.7017395020523571,0.9859363729567544,0.9890130573694068
179,1,1.0,1.0,1.0,1.0,1.0,1.0,1.0,1.0,0.99999999999997,0.9894762867511925,0.9357009258881801,0.9859363729567544,0.9890130573694068
180,1,1.0,1.0,1.0,1.0,1.0,1.0,1.0,0.98872364,0.9999999999997685,0.9894665578236788,0.21357414380545237,0.9859363729567544,0.9890130573694068
181,1,1.0,1.0,1.0,1.0,1.0,1.0,1.0,0.99759775,0.99999999999997,0.9894276637975346,0.7257954102089368,0.9859363729567544,0.9890130573694068
182,1,0.0,1.0,1.0,1.0,0.0,0.0,1.0,1.421677e-15,0.99999999999997,0.9894324226749067,0.1,0.9859363729567544,0.9890130573694068
183,1,1.0,1.0,1.0,1.0,1.0,1.0,1.0,1.0,0.99999999999997,0.9894488738829353,0.9443170559207965,0.9859363729567544,0.9890130573694068
184,1,1.0,1.0,1.0,1.0,1.0,1.0,1.0,1.0,0.99999999999997,0.9894214712389068,0.9726129041020711,0.9859363729567544,0.9890130573694068
185,1,1.0,1.0,1.0,1.0,1.0,1.0,1.0,0.9995827,0.99999999999997,0.9894368382219043,0.9973560396425522,0.9859363729567544,0.9890130573694068
186,1,0.0,1.0,1.0,1.0,0.0,0.0,1.0,0.48922864,0.99999999999997,0.9894723267482602,0.30395916309256726,0.9859363729567544,0.9890130573694068
187,1,1.0,1.0,1.0,1.0,1.0,1.0,1.0,0.9999944,0.99999999999997,0.9894313940325203,0.9533936930669863,0.9859363729567544,0.9890130573694068
188,1,1.0,1.0,1.0,1.0,1.0,1.0,1.0,1.0,0.99999999999997,0.9894191593116325,0.7426037373333249,0.9859363729567544,0.9890130573694068
189,1,0.0,1.0,1.0,1.0,0.0,0.0,1.0,1.4533386e-07,0.99999999999997,0.9894692197663197,0.12108087252116514,0.9859363729567544,0.9890130573694068
190,1,1.0,1.0,1.0,1.0,1.0,1.0,1.0,1.0,0.99999999999997,0.9894488353532294,0.9220078579861262,0.9859363729567544,0.9890130573694068
191,1,1.0,1.0,1.0,1.0,1.0,1.0,1.0,1.0,0.99999999999997,0.9894030868844156,0.9916966862777288,0.9859363729567544,0.9890130573694068
192,1,1.0,1.0,1.0,1.0,1.0,1.0,1.0,0.9999393,0.99999999999997,0.9894659127334176,0.9954231066714642,0.9859363729567544,0.9890130573694068
193,1,0.0,1.0,1.0,1.0,0.0,0.0,1.0,0.3491314,0.99999999999997,0.9894542149469774,0.9469327561834919,0.9859363729567544,0.9890130573694068
194,1,1.0,1.0,1.0,1.0,1.0,1.0,1.0,1.0,0.99999999999997,0.9894348619765064,0.8548356126276887,0.9859363729567544,0.9890130573694068
195,1,1.0,1.0,1.0,1.0,1.0,1.0,1.0,0.9989151,0.99999999999997,0.989444110330376,0.21584119514094818,0.9859363729567544,0.9890130573694068
196,1,1.0,1.0,1.0,1.0,1.0,1.0,1.0,1.0,0.99999999999997,0.9894444811388322,0.1,0.9859363729567544,0.9890130573694068
197,1,0.0,1.0,1.0,1.0,0.0,0.0,1.0,0.00012700475,0.99999999999997,0.9894133452639716,0.727873051951816,0.9859363729567544,0.9890130573694068
198,1,1.0,1.0,1.0,1.0,1.0,1.0,1.0,1.0,0.9999999999999631,0.9894529789459806,0.856473170140208,0.9859363729567544,0.9890130573694068
199,1,1.0,1.0,1.0,1.0,1.0,1.0,1.0,0.99999785,0.99999999999997,0.9894487545852502,0.9300857372754807,0.9859363729567544,0.9890130573694068
200,1,1.0,1.0,1.0,1.0,1.0,1.0,1.0,1.0,0.99999999999997,0.9894626879728357,0.9195239914129493,0.9859363729567544,0.9890130573694068
201,1,1.0,1.0,1.0,1.0,1.0,1.0,1.0,0.99999595,0.99999999999997,0.9894397485604667,0.9081102027755578,0.9859363729567544,0.9890130573694068
202,1,1.0,1.0,1.0,1.0,1.0,1.0,1.0,1.0,0.99999999999997,0.9894316652473175,0.9549767930208938,0.9859363729567544,0.9890130573694068
203,1,1.0,1.0,1.0,1.0,1.0,1.0,1.0,1.0,0.99999999999997,0.9894635604411409,0.5777210258819228,0.9859363729567544,0.9890130573694068
204,1,1.0,1.0,1.0,1.0,1.0,1.0,1.0,0.961505,0.99999999999997,0.9894388616941199,0.30062988162286436,0.9859363729567544,0.9890130573694068
205,1,1.0,1.0,1.0,1.0,1.0,0.0,1.0,0.5584503,0.99999999999997,0.9894261564022677,0.4715992309365008,0.9859363729567544,0.9890130573694068
206,1,1.0,1.0,1.0,1.0,1.0,1.0,1.0,0.9871157,0.99999999999997,0.9894192581966526,0.15730476064378493,0.9859363729567544,0.9890130573694068
207,1,0.0,1.0,1.0,1.0,0.0,0.0,1.0,1.048115e-15,0.99999999999997,0.9894317369368737,0.1,0.9859363729567544,0.9890130573694068
208,1,1.0,1.0,1.0,1.0,1.0,1.0,1.0,0.99997663,0.99999999999997,0.9894042841013758,0.21242714093767884,0.9859363729567544,0.9890130573694068
209,1,1.0,1.0,1.0,1.0,1.0,1.0,1.0,1.0,0.99999999999997,0.98943943441822,0.9533166508928888,0.9859363729567544,0.9890130573694068
210,1,1.0,1.0,1.0,1.0,1.0,1.0,1.0,1.0,0.99999999999997,0.9894692019751176,0.855790660946303,0.9859363729567544,0.9890130573694068
211,1,0.0,0.9666666666666667,1.0,1.0,0.0,0.0,1.0,0.00185463,0.9859817659214568,0.9408769297784974,0.38568181937700163,0.9859363729567544,0.9890130573694068
212,0,1.0,0.7,1.0,1.0,1.0,1.0,1.0,8.226679e-10,0.3424366543056847,0.01799239164269682,0.6488631090261607,0.9859363729567544,0.9890130573694068
213,0,1.0,0.7166666666666667,1.0,1.0,1.0,1.0,1.0,3.778764e-05,0.33443735766888366,0.01801026086331976,0.6059806970350445,0.9859363729567544,0.9890130573694068
214,0,1.0,0.8666666666666667,1.0,1.0,1.0,1.0,1.0,7.1555206e-11,0.2689786674511667,0.01798993892151762,0.9983479005748218,0.9859363729567544,0.9890130573694068
215,0,1.0,0.8,1.0,1.0,1.0,1.0,1.0,1.48033e-08,0.281359923861714,0.017990310808238954,0.46137882858366813,0.9859363729567544,0.9890130573694068
216,0,1.0,0.75,1.0,1.0,1.0,1.0,1.0,1.7258608e-06,0.2911042443506871,0.018000492103404184,0.7334218147379561,0.9859363729567544,0.9890130573694068
217,0,1.0,0.8333333333333334,1.0,1.0,1.0,1.0,1.0,1.3634991e-06,0.27847057048840385,0.018004201209014935,0.7821244953956773,0.9859363729567544,0.9890130573694068
218,0,1.0,0.7333333333333333,1.0,1.0,1.0,1.0,1.0,2.2568148e-13,0.3045994711867582,0.018003134547090124,0.29964464862260937,0.9859363729567544,0.9890130573694068
219,0,1.0,0.8166666666666667,1.0,1.0,1.0,1.0,1.0,0.016298562,0.2797804138085442,0.017984264305513416,0.5819534900497908,0.9859363729567544,0.9890130573694068
220,0,1.0,0.8333333333333334,1.0,1.0,1.0,1.0,1.0,1.7986378e-09,0.25371966032713567,0.017967198408321613,0.7107316997293109,0.9859363729567544,0.9890130573694068
221,0,1.0,0.7166666666666667,1.0,1.0,1.0,1.0,1.0,9.6327385e-05,0.35590769553758533,0.017995711929946763,0.4013742748024144,0.9859363729567544,0.9890130573694068
222,0,1.0,0.8166666666666667,1.0,1.0,1.0,1.0,1.0,1.2704078e-15,0.2857713472320499,0.01798971328982577,0.1,0.9859363729567544,0.9890130573694068
223,0,1.0,0.75,1.0,1.0,1.0,1.0,1.0,0.0023253385,0.3025779131580893,0.017955730850093377,0.38847735511072023,0.9859363729567544,0.9890130573694068
224,0,1.0,0.7666666666666667,1.0,1.0,1.0,1.0,1.0,1.2952968e-06,0.26778470442273616,0.0180161794578364,0.3849866427581571,0.9859363729567544,0.9890130573694068
225,0,1.0,0.7166666666666667,1.0,1.0,1.0,1.0,1.0,1.2940136e-13,0.32768691006596407,0.01801098187540164,0.1,0.9859363729567544,0.9890130573694068
226,0,1.0,0.8,1.0,1.0,1.0,1.0,1.0,6.0605767e-06,0.2819687059003122,0.01800501404318176,0.45834507924740425,0.9859363729567544,0.9890130573694068
227,0,1.0,0.8,1.0,1.0,1.0,1.0,1.0,3.7647706e-12,0.31372843829856334,0.01803316759761882,0.6626630155289214,0.9859363729567544,0.9890130573694068
228,0,1.0,0.7833333333333333,1.0,1.0,1.0,1.0,1.0,0.021320948,0.3485332036549947,0.017972664932499327,0.27413995397482904,0.9859363729567544,0.9890130573694068
229,0,1.0,0.7833333333333333,1.0,1.0,1.0,1.0,1.0,3.226068e-06,0.322267822858627,0.018021895536655567,0.9150848727097284,0.9859363729567544,0.9890130573694068
230,0,1.0,0.8166666666666667,1.0,1.0,1.0,1.0,1.0,0.00093780155,0.31726485948240885,0.01795271485355127,0.3257694123994965,0.9859363729567544,0.9890130573694068
231,0,1.0,0.7666666666666667,1.0,1.0,1.0,1.0,1.0,3.813864e-06,0.2978073936246968,0.018039816699357135,0.8552191291460735,0.9859363729567544,0.9890130573694068
232,0,1.0,0.8,1.0,1.0,1.0,1.0,1.0,8.204287e-10,0.2486091244500939,0.018019497810107067,0.5593734688345465,0.9859363729567544,0.9890130573694068
233,0,1.0,0.85,1.0,1.0,1.0,1.0,1.0,3.3555633e-10,0.26518877451620887,0.018009255483948487,0.8873241622093911,0.9859363729567544,0.9890130573694068
234,1,0.0,0.9,1.0,0.0,0.0,0.0,1.0,0.013876398,0.6341814135460759,0.4885038034481147,0.26475130161980964,0.9859363729567544,0.9890130573694068
235,1,0.0,1.0,1.0,1.0,0.0,0.0,1.0,0.008087729,0.9999999996828124,0.9588976121228956,0.10378500016936604,0.9859363729567544,0.9890130573694068
236,1,1.0,1.0,1.0,1.0,1.0,1.0,1.0,0.9999999,0.999999999993081,0.958992732262695,0.9801973857244767,0.9859363729567544,0.9890130573694068
237,1,0.0,1.0,1.0,1.0,0.0,0.0,1.0,5.1733977e-08,0.9999999999997292,0.9588866772118909,0.1,0.9859363729567544,0.9890130573694068
238,1,1.0,1.0,1.0,1.0,1.0,1.0,1.0,1.0,0.9999999999993943,0.9589058485860176,0.9530782233156165,0.9859363729567544,0.9890130573694068
239,1,1.0,1.0,1.0,1.0,1.0,1.0,1.0,1.0,0.9999999999917276,0.9588456935159465,0.9106662258955163,0.9859363729567544,0.9890130573694068
240,1,1.0,1.0,1.0,1.0,1.0,1.0,1.0,1.0,0.9999999999928679,0.9588424802752085,0.4219363570919056,0.9859363729567544,0.9890130573694068
241,1,1.0,1.0,1.0,1.0,1.0,1.0,1.0,0.9998765,0.9999999997520151,0.9588906788871719,0.8199408205521619,0.9859363729567544,0.9890130573694068
242,1,1.0,1.0,1.0,1.0,1.0,1.0,1.0,0.9999075,0.999999999975721,0.9588037616719042,0.23187256427684283,0.9859363729567544,0.9890130573694068
243,1,1.0,1.0,1.0,1.0,1.0,1.0,1.0,1.0,0.9999999998125443,0.9589197695718065,0.8879183076321016,0.9859363729567544,0.9890130573694068
244,1,1.0,1.0,1.0,1.0,1.0,1.0,1.0,0.999918,0.9999999995576961,0.9587809457558684,0.1,0.9859363729567544,0.9890130573694068
245,1,1.0,1.0,1.0,1.0,1.0,1.0,1.0,0.9999933,0.9999999998451323,0.9589594703111252,0.9504592667381131,0.9859363729567544,0.9890130573694068
246,1,0.0,1.0,1.0,1.0,0.0,0.0,1.0,0.018616956,0.9999999998728383,0.9589810030021398,0.1,0.9859363729567544,0.9890130573694068
247,1,1.0,1.0,1.0,1.0,1.0,1.0,1.0,1.0,0.9999999994369883,0.9589926472122043,0.5472020695902652,0.9859363729567544,0.9890130573694068
248,1,1.0,1.0,1.0,1.0,1.0,1.0,1.0,0.9999951,0.999999999253372,0.9588633855461931,0.17595841643437962,0.9859363729567544,0.9890130573694068
249,1,1.0,1.0,1.0,1.0,1.0,1.0,1.0,1.0,0.9999999996670592,0.9589267800547374,0.9675728042549555,0.9859363729567544,0.9890130573694068
250,1,0.0,1.0,1.0,1.0,0.0,0.0,1.0,0.013472446,0.9999999984208915,0.9588610210728206,0.1380443524995785,0.9859363729567544,0.9890130573694068
251,1,1.0,1.0,1.0,1.0,1.0,1.0,1.0,0.99883944,0.9999999971600958,0.9589011146799218,0.5633716283365674,0.9859363729567544,0.9890130573694068
252,1,0.0,1.0,1.0,1.0,0.0,0.0,1.0,0.458126,0.9999999983080401,0.9589172497807862,0.23947420737499897,0.9859363729567544,0.9890130573694068
253,1,1.0,1.0,1.0,1.0,1.0,1.0,1.0,1.0,0.9999999975806685,0.9589178808828128,0.9358452577411701,0.9859363729567544,0.9890130573694068
254,1,1.0,1.0,1.0,1.0,1.0,1.0,1.0,1.0,0.9999998511786273,0.9588992895816535,0.9941703714736772,0.9859363729567544,0.9890130573694068
255,1,1.0,1.0,1.0,1.0,1.0,1.0,1.0,0.99999917,0.9999998249209299,0.9590007394989962,0.9925016649172462,0.9859363729567544,0.9890130573694068
256,1,1.0,1.0,1.0,1.0,1.0,1.0,1.0,0.9999883,0.9999999852041117,0.9589311726351252,0.17646908161424146,0.9859363729567544,0.9890130573694068
257,1,1.0,1.0,1.0,1.0,1.0,1.0,1.0,1.0,0.9999999981349695,0.9589859594877034,0.7342895566477227,0.9859363729567544,0.9890130573694068
258,1,0.0,1.0,1.0,1.0,0.0,0.0,1.0,0.004891158,0.9999999954509108,0.9588495564620189,0.6348163569486506,0.9859363729567544,0.9890130573694068
259,1,0.0,1.0,1.0,1.0,0.0,0.0,1.0,4.688884e-06,0.9999999709836136,0.9588880573858364,0.1,0.9859363729567544,0.9890130573694068
260,1,1.0,1.0,1.0,1.0,1.0,1.0,1.0,0.9999999,0.9999996564148937,0.9588853436129199,0.9801973857244767,0.9859363729567544,0.9890130573694068
261,1,0.0,1.0,1.0,1.0,0.0,0.0,1.0,0.08781779,0.9999998880462747,0.9589027499790216,0.11775277893279085,0.9859363729567544,0.9890130573694068
262,1,1.0,1.0,1.0,1.0,1.0,1.0,1.0,1.0,0.999999282501692,0.9588729745723439,0.9070260233651917,0.9859363729567544,0.9890130573694068
263,1,0.0,1.0,1.0,1.0,0.0,0.0,1.0,5.08791e-08,0.999884050508351,0.9589821530637789,0.14090394898782765,0.9859363729567544,0.9890130573694068
264,1,0.0,1.0,1.0,1.0,0.0,0.0,1.0,4.877126e-12,0.9999991559312018,0.9589373651773003,0.1,0.9859363729567544,0.9890130573694068
265,1,1.0,1.0,1.0,1.0,1.0,1.0,1.0,1.0,0.9999996929461178,0.95896373147373,0.8879183076321016,0.9859363729567544,0.9890130573694068
266,1,1.0,1.0,1.0,1.0,1.0,1.0,1.0,0.9999896,0.999999986111415,0.9589270747543275,0.9634440983790273,0.9859363729567544,0.9890130573694068
267,1,1.0,1.0,1.0,1.0,1.0,1.0,1.0,0.9999999,0.9999999899871393,0.9588735269494075,0.9053214323484358,0.9859363729567544,0.9890130573694068
268,1,0.0,1.0,1.0,1.0,0.0,0.0,1.0,0.42409033,0.9999996737809111,0.9589655364360337,0.8506302582605849,0.9859363729567544,0.9890130573694068
269,1,1.0,1.0,1.0,1.0,1.0,1.0,1.0,0.99962425,0.999999346284842,0.9588627488410506,0.41521275564549165,0.9859363729567544,0.9890130573694068
270,1,1.0,1.0,1.0,1.0,1.0,1.0,1.0,0.99938583,0.9998942119847988,0.958926055940956,0.9257775594635477,0.9859363729567544,0.9890130573694068
271,1,0.0,1.0,1.0,1.0,0.0,0.0,1.0,0.0066812015,0.9999999564922013,0.9589530340815267,0.5869261842791996,0.9859363729567544,0.9890130573694068
272,1,1.0,1.0,1.0,1.0,1.0,1.0,1.0,0.9999751,0.999999908747128,0.958909153173143,0.32622397816103305,0.9859363729567544,0.9890130573694068
273,1,1.0,1.0,1.0,1.0,1.0,1.0,1.0,0.9990233,0.9999999846320221,0.9588691651207925,0.6319004187058633,0.9859363729567544,0.9890130573694068
274,1,1.0,1.0,1.0,1.0,1.0,1.0,1.0,0.9948567,0.999999995113385,0.9590271529620364,0.1894791924097743,0.9859363729567544,0.9890130573694068
275,1,1.0,1.0,1.0,1.0,1.0,1.0,1.0,1.0,0.9999999524583785,0.9589602732259067,0.35259775831057294,0.9859363729567544,0.9890130573694068
276,1,1.0,1.0,1.0,1.0,1.0,1.0,1.0,1.0,0.9999999855753149,0.9588654671164619,0.7600278647528214,0.9859363729567544,0.9890130573694068
277,1,1.0,1.0,1.0,1.0,1.0,1.0,1.0,1.0,0.9999998765375236,0.9590153865222274,0.966830895448277,0.9859363729567544,0.9890130573694068
278,1,1.0,1.0,1.0,1.0,1.0,1.0,1.0,1.0,0.9999999254240628,0.95887949126478,0.9874590252065659,0.9859363729567544,0.9890130573694068
279,1,1.0,1.0,1.0,1.0,1.0,1.0,1.0,1.0,0.9999999428434829,0.958858424907683,0.9213250551949715,0.9859363729567544,0.9890130573694068
280,1,1.0,1.0,1.0,1.0,1.0,1.0,1.0,0.9999933,0.9999997521536558,0.9587699040309859,0.9504592667381131,0.9859363729567544,0.9890130573694068
281,1,1.0,1.0,1.0,1.0,1.0,1.0,1.0,0.99978656,0.999999576405891,0.9589938226213753,0.977957952223614,0.9859363729567544,0.9890130573694068
282,1,1.0,1.0,1.0,1.0,1.0,0.0,1.0,0.6221816,0.9999999913965695,0.9588594353162083,0.22878561753558377,0.9859363729567544,0.9890130573694068
283,1,1.0,1.0,1.0,1.0,1.0,1.0,1.0,1.0,0.9999999690820018,0.9589190466086575,0.9573255200962936,0.9859363729567544,0.9890130573694068
284,1,0.0,1.0,1.0,1.0,0.0,0.0,1.0,9.82822e-06,0.9999999987883681,0.9588515027859773,0.1003838954544549,0.9859363729567544,0.9890130573694068
285,1,1.0,1.0,1.0,1.0,1.0,1.0,1.0,1.0,0.9999999998085602,0.9588640068413038,0.9195239914129493,0.9859363729567544,0.9890130573694068
286,1,0.0,1.0,1.0,1.0,0.0,0.0,1.0,1.8440869e-07,0.9999999962721036,0.9589031751100487,0.5865724890880728,0.9859363729567544,0.9890130573694068
287,1,1.0,1.0,1.0,1.0,1.0,1.0,1.0,1.0,0.9999999999265782,0.959040935690208,0.7331541676205773,0.9859363729567544,0.9890130573694068
288,1,0.0,0.8666666666666667,1.0,1.0,0.0,0.0,1.0,0.00086219277,0.9999999998101884,0.8333781879162431,0.1,0.9859363729567544,0.9890130573694068
289,0,1.0,0.1,1.0,1.0,0.0,0.0,1.0,1.1460329e-12,0.8719658634658659,0.01799952610403032,0.1,0.9859363729567544,0.9890130573694068
290,0,1.0,0.65,1.0,1.0,1.0,1.0,1.0,1.7258608e-06,0.3954905438592782,0.018027993223493244,0.7334218147379561,0.9859363729567544,0.9890130573694068
291,0,0.0,0.8,1.0,1.0,0.0,0.0,1.0,0.9770205,0.29670651536151293,0.0179791801524581,0.4868960919446668,0.9859363729567544,0.9890130573694068
292,0,1.0,0.75,1.0,1.0,1.0,1.0,1.0,5.016874e-05,0.34915077978769893,0.01798782980408544,0.5922995210573916,0.9859363729567544,0.9890130573694068
293,0,1.0,0.8333333333333334,1.0,1.0,1.0,1.0,1.0,1.7133832e-14,0.2736367088700989,0.01800512615650647,0.1,0.9859363729567544,0.9890130573694068
294,0,1.0,0.8333333333333334,1.0,1.0,1.0,1.0,1.0,9.172585e-11,0.2633259289688841,0.017968160503311407,0.6323972650687671,0.9859363729567544,0.9890130573694068
295,0,1.0,0.6666666666666666,1.0,1.0,1.0,1.0,1.0,0.0004469301,0.3639202195015335,0.01795734108455648,0.33701683409839084,0.9859363729567544,0.9890130573694068
296,0,1.0,0.8,1.0,1.0,1.0,1.0,1.0,0.00041857635,0.27777965352507383,0.017993442445031538,0.21067405256036442,0.9859363729567544,0.9890130573694068
297,0,1.0,0.7,1.0,1.0,1.0,1.0,1.0,1.3957638e-13,0.3503806067627278,0.01797687752187504,0.1,0.9859363729567544,0.9890130573694068
298,0,1.0,0.6833333333333333,1.0,1.0,1.0,1.0,1.0,1.5232426e-07,0.328288548885336,0.017948342542683373,0.3088624423857473,0.9859363729567544,0.9890130573694068
299,0,1.0,0.6333333333333333,1.0,1.0,1.0,1.0,1.0,0.00013495635,0.3776169325264861,0.017963767118547122,0.4817989518950088,0.9859363729567544,0.9890130573694068
300,0,1.0,0.7833333333333333,1.0,1.0,1.0,1.0,1.0,1.5733084e-18,0.2676203880750425,0.017982361020787464,0.21867171207152672,0.9859363729567544,0.9890130573694068
301,0,1.0,0.8,1.0,1.0,1.0,1.0,1.0,0.000108053464,0.3014247130863733,0.017988296239076305,0.3117111650033674,0.9859363729567544,0.9890130573694068
302,0,1.0,0.7833333333333333,1.0,1.0,1.0,1.0,1.0,5.4369895e-07,0.3221691642065387,0.017981200700936274,0.6007528886600109,0.9859363729567544,0.9890130573694068
303,0,1.0,0.8666666666666667,1.0,1.0,1.0,1.0,1.0,0.0023591153,0.2654685810468476,0.01795300907815205,0.7768474773908984,0.9859363729567544,0.9890130573694068
304,0,1.0,0.8,1.0,1.0,1.0,1.0,1.0,1.5879484e-14,0.2584609603008494,0.01799330838237401,0.1,0.9859363729567544,0.9890130573694068
305,0,0.0,0.7833333333333333,1.0,1.0,0.0,0.0,1.0,0.66243154,0.3165905443292948,0.018016917163362397,0.3410329918314984,0.9859363729567544,0.9890130573694068
306,0,1.0,0.7666666666666667,1.0,1.0,1.0,1.0,1.0,2.0553487e-19,0.3309922402151357,0.01800508148339019,0.1404339359193425,0.9859363729567544,0.9890130573694068
307,0,1.0,0.8666666666666667,1.0,1.0,1.0,1.0,1.0,6.5455735e-13,0.2531843856407718,0.017906579357505288,0.9981573612676194,0.9859363729567544,0.9890130573694068
308,0,1.0,0.7666666666666667,1.0,1.0,1.0,1.0,1.0,9.952571e-06,0.2965320786220781,0.018001569361000787,0.6639584930472434,0.9859363729567544,0.9890130573694068
309,0,1.0,0.8333333333333334,1.0,1.0,1.0,1.0,1.0,4.635644e-08,0.29127224334387886,0.017976031947412364,0.9207916290402045,0.9859363729567544,0.9890130573694068
310,0,1.0,0.8,1.0,1.0,1.0,1.0,1.0,7.520231e-07,0.26915207742285596,0.017963470148345075,0.8257094907412159,0.9859363729567544,0.9890130573694068
311,0,1.0,0.8166666666666667,1.0,1.0,1.0,1.0,1.0,1.415326e-06,0.26238714861629564,0.01799803975136687,0.1343116605430126,0.9859363729567544,0.9890130573694068
312,0,1.0,0.7833333333333333,1.0,1.0,1.0,1.0,1.0,4.5701498e-05,0.3002855953950801,0.017974905828928474,0.4959032494547771,0.9859363729567544,0.9890130573694068
313,0,1.0,0.8166666666666667,1.0,1.0,1.0,1.0,1.0,0.0011557995,0.29173293314841275,0.01800059700632829,0.7632827925535658,0.9859363729567544,0.9890130573694068
314,0,1.0,0.7666666666666667,1.0,1.0,1.0,1.0,1.0,0.0050817872,0.33918398665238314,0.0179865675377897,0.530765628395457,0.9859363729567544,0.9890130573694068
315,0,1.0,0.8,1.0,1.0,1.0,1.0,1.0,7.3384316e-09,0.2474046528798896,0.01802032930568633,0.5350391492400983,0.9859363729567544,0.9890130573694068
316,0,1.0,0.7833333333333333,1.0,1.0,1.0,1.0,1.0,0.000115696486,0.2964897263575096,0.01802560096700727,0.4460416405087717,0.9859363729567544,0.9890130573694068
317,0,1.0,0.7166666666666667,1.0,1.0,0.0,0.0,1.0,0.32389188,0.3261319704890224,0.017937454614698485,0.5062960643564569,0.9859363729567544,0.9890130573694068
318,0,1.0,0.8666666666666667,1.0,1.0,0.0,0.0,1.0,1.9784902e-07,0.46105287106199816,0.2521346079766842,0.36076648085237945,0.9859363729567544,0.9890130573694068
319,1,0.0,1.0,1.0,1.0,0.0,0.0,1.0,0.0671752,0.99999999999997,0.9545307889094778,0.21195968584678135,0.9859363729567544,0.9890130573694068
320,1,1.0,1.0,1.0,1.0,1.0,1.0,1.0,0.8693325,0.99999999999997,0.9546404522230202,0.1030946028680714,0.9859363729567544,0.9890130573694068
321,1,0.0,1.0,1.0,1.0,0.0,0.0,1.0,1.8572707e-19,0.99999999999997,0.9545668648782913,0.1,0.9859363729567544,0.9890130573694068
322,1,1.0,1.0,1.0,1.0,1.0,1.0,1.0,1.0,0.99999999999997,0.9545489817019235,0.8879183076321016,0.9859363729567544,0.9890130573694068
323,1,0.0,1.0,1.0,1.0,0.0,0.0,1.0,0.00015276353,0.99999999999997,0.9544896420076153,0.48713695255563666,0.9859363729567544,0.9890130573694068
324,1,1.0,1.0,1.0,1.0,1.0,1.0,1.0,1.0,0.99999999999997,0.9546082572034273,0.9753512958733244,0.9859363729567544,0.9890130573694068
325,1,0.0,1.0,1.0,1.0,0.0,0.0,1.0,4.2355598e-08,0.99999999999997,0.9544783223068383,0.1,0.9859363729567544,0.9890130573694068
326,1,1.0,1.0,1.0,1.0,1.0,1.0,1.0,1.0,0.99999999999997,0.9546163392231126,0.7466034304968518,0.9859363729567544,0.9890130573694068
327,0,1.0,0.4666666666666667,1.0,1.0,0.0,0.0,0.0,1.13119916e-10,0.985748423103064,0.4550286392234458,0.17020826521087878,0.9859363729567544,0.9890130573694068
328,1,1.0,0.9166666666666666,1.0,1.0,1.0,1.0,1.0,1.0,0.9949230253634845,0.8814244639087221,0.35259775831057294,0.9859363729567544,0.9890130573694068
329,1,1.0,1.0,1.0,1.0,1.0,1.0,1.0,1.0,0.9999999999995814,0.9598705992278471,0.5045540606014867,0.9859363729567544,0.9890130573694068
330,1,1.0,1.0,1.0,1.0,1.0,1.0,1.0,0.9999279,0.999999999999959,0.959937545602174,0.5415720054416687,0.9859363729567544,0.9890130573694068
331,1,1.0,1.0,1.0,1.0,1.0,1.0,1.0,0.958468,0.9999999999999559,0.9598430394982064,0.13254528295156479,0.9859363729567544,0.9890130573694068
332,1,1.0,1.0,1.0,1.0,1.0,1.0,1.0,1.0,0.99999999999997,0.9598903077199481,0.36372396486182157,0.9859363729567544,0.9890130573694068
333,1,1.0,1.0,1.0,1.0,1.0,1.0,1.0,1.0,0.999999999999925,0.9598290646550951,0.9597591478274841,0.9859363729567544,0.9890130573694068
334,1,0.0,1.0,1.0,1.0,0.0,0.0,1.0,1.8257907e-14,0.9999999999998941,0.959926809494774,0.1,0.9859363729567544,0.9890130573694068
335,1,1.0,1.0,1.0,1.0,1.0,1.0,1.0,0.98872364,0.9999999999999567,0.9597446132621733,0.21357414380545237,0.9859363729567544,0.9890130573694068
336,1,1.0,1.0,1.0,1.0,1.0,1.0,1.0,0.9999821,0.99999999999997,0.959825301481232,0.3852828418934244,0.9859363729567544,0.9890130573694068
337,1,1.0,1.0,1.0,1.0,1.0,1.0,1.0,0.9999279,0.99999999999997,0.9598636445814888,0.5415720054416687,0.9859363729567544,0.9890130573694068
338,1,1.0,1.0,1.0,1.0,1.0,1.0,1.0,0.9327488,0.9999999999999695,0.9598048532433918,0.1942631524553322,0.9859363729567544,0.9890130573694068
339,1,0.0,1.0,1.0,1.0,0.0,0.0,1.0,0.002473277,0.9999999999999677,0.959890426052222,0.24449597281565444,0.9859363729567544,0.9890130573694068
340,1,0.0,1.0,1.0,1.0,0.0,0.0,1.0,0.029453402,0.9999999999999699,0.9598077870726656,0.15568730533669647,0.9859363729567544,0.9890130573694068
341,1,1.0,1.0,1.0,1.0,1.0,1.0,1.0,1.0,0.9999999999999687,0.959859553782622,0.9949284418559003,0.9859363729567544,0.9890130573694068
342,1,1.0,1.0,1.0,1.0,1.0,1.0,1.0,1.0,0.99999999999997,0.9598870617604405,0.21069117809158744,0.9859363729567544,0.9890130573694068
343,1,1.0,1.0,1.0,1.0,1.0,1.0,1.0,0.99989605,0.9999999999998744,0.9598466419464221,0.10761177926671764,0.9859363729567544,0.9890130573694068
344,1,0.0,1.0,1.0,1.0,0.0,0.0,1.0,0.3970947,0.9999999999999685,0.9598638241764716,0.2733217828766845,0.9859363729567544,0.9890130573694068
345,0,1.0,0.45,1.0,1.0,0.0,0.0,1.0,1.247679e-05,0.5913316753588257,0.09648169186960012,0.7296067005718879,0.9859363729567544,0.9890130573694068
346,0,1.0,0.6333333333333333,1.0,1.0,1.0,1.0,1.0,1.30943815e-11,0.3984376311148454,0.01797406245917954,0.24005162222771725,0.9859363729567544,0.9890130573694068
347,0,1.0,0.7,1.0,1.0,1.0,1.0,1.0,0.018113801,0.3705247761369756,0.017939681522128288,0.5887966410520301,0.9859363729567544,0.9890130573694068
348,0,1.0,0.85,1.0,1.0,1.0,1.0,1.0,8.582503e-10,0.2734985612614651,0.018001501344180663,0.1,0.9859363729567544,0.9890130573694068
349,0,1.0,0.75,1.0,1.0,1.0,1.0,1.0,5.75654e-05,0.3715286832624822,0.017992313665440043,0.4589922634380053,0.9859363729567544,0.9890130573694068
350,0,1.0,0.8166666666666667,1.0,1.0,1.0,1.0,1.0,0.011890767,0.2958124150764212,0.017963037656027577,0.4765255658916317,0.9859363729567544,0.9890130573694068
351,0,1.0,0.8166666666666667,1.0,1.0,1.0,1.0,1.0,0.0147019,0.3016499638344617,0.017996571646074953,0.1,0.9859363729567544,0.9890130573694068
352,0,1.0,0.7666666666666667,1.0,1.0,1.0,1.0,1.0,3.114342e-13,0.32785903122493515,0.017961832772151503,0.925942339002596,0.9859363729567544,0.9890130573694068
353,0,1.0,0.7333333333333333,1.0,1.0,1.0,1.0,1.0,4.4119344e-09,0.3509859558132888,0.01794699394492964,0.4056585607878658,0.9859363729567544,0.9890130573694068
354,0,1.0,0.8166666666666667,1.0,1.0,1.0,1.0,1.0,1.2866852e-08,0.297451097944843,0.017951997570425073,0.7020383266310988,0.9859363729567544,0.9890130573694068
355,0,1.0,0.7833333333333333,1.0,1.0,1.0,1.0,1.0,3.2485738e-13,0.31860533215871867,0.018008146964360705,0.4787185928571433,0.9859363729567544,0.9890130573694068
356,0,1.0,0.75,1.0,1.0,1.0,1.0,1.0,0.0001114667,0.2913591891800069,0.017978333512152767,0.39158360260763053,0.9859363729567544,0.9890130573694068
357,0,1.0,0.7333333333333333,1.0,1.0,0.0,0.0,1.0,0.21274896,0.30536063030904076,0.01800129883282611,0.8321817704795554,0.9859363729567544,0.9890130573694068
358,0,1.0,0.7333333333333333,1.0,1.0,1.0,1.0,1.0,6.9482473e-07,0.30891295011099407,0.018030870960315852,0.24404988823786672,0.9859363729567544,0.9890130573694068
359,0,1.0,0.6666666666666666,1.0,1.0,1.0,1.0,1.0,3.1949657e-13,0.36858667072725415,0.017968872360083574,0.1,0.9859363729567544,0.9890130573694068
360,0,1.0,0.9,1.0,1.0,0.0,0.0,1.0,0.2667443,0.22822834673635053,0.01795968754267041,0.5944428703969097,0.9859363729567544,0.9890130573694068
361,0,1.0,0.7333333333333333,1.0,1.0,1.0,1.0,1.0,0.035262357,0.3328971790226826,0.017979058326628657,0.2942610844747303,0.9859363729567544,0.9890130573694068
362,0,1.0,0.7333333333333333,1.0,1.0,0.0,0.0,1.0,0.17198387,0.3440547300679752,0.01797571915038357,0.6184355399567282,0.9859363729567544,0.9890130573694068
363,0,1.0,0.8833333333333333,1.0,1.0,1.0,1.0,1.0,8.692611e-06,0.2324982972623008,0.01803842748675608,0.5763553307641152,0.9859363729567544,0.9890130573694068
364,0,1.0,0.8166666666666667,1.0,1.0,1.0,1.0,1.0,1.8645537e-12,0.227956329355998,0.017971700734179683,0.2500515813178396,0.9859363729567544,0.9890130573694068
365,0,1.0,0.7,1.0,1.0,1.0,1.0,1.0,0.00028423002,0.34120287225999907,0.017943897514283564,0.603272091288685,0.9859363729567544,0.9890130573694068
366,0,1.0,0.7166666666666667,1.0,1.0,1.0,1.0,1.0,0.033788208,0.3347664942894731,0.018050907134150022,0.6166685503270155,0.9859363729567544,0.9890130573694068
367,0,0.0,0.7833333333333333,1.0,1.0,0.0,0.0,1.0,0.9906641,0.30625409680715315,0.01795563462919036,0.9940228398292555,0.9859363729567544,0.9890130573694068
368,0,1.0,0.8,1.0,1.0,1.0,1.0,1.0,2.9976393e-13,0.27967127749125065,0.01796407523172134,0.9997603558322449,0.9859363729567544,0.9890130573694068
369,0,1.0,0.8166666666666667,1.0,1.0,1.0,1.0,1.0,8.8788164e-11,0.2666028583034736,0.017999566162080524,0.8254941005214019,0.9859363729567544,0.9890130573694068
370,0,1.0,0.8,1.0,1.0,1.0,1.0,1.0,0.05074334,0.2728957714127311,0.01797266135830438,0.22939784301468022,0.9859363729567544,0.9890130573694068
371,0,1.0,0.7833333333333333,1.0,1.0,1.0,1.0,1.0,3.783921e-06,0.3096266574279964,0.018028984999292636,0.9471858063913096,0.9859363729567544,0.9890130573694068
372,0,1.0,0.7666666666666667,1.0,1.0,1.0,1.0,1.0,2.0390452e-09,0.31182837262280927,0.017973175644006543,0.7520925545518008,0.9859363729567544,0.9890130573694068
373,0,1.0,0.7,1.0,1.0,1.0,1.0,1.0,2.985549e-09,0.3371145629066922,0.01800195774089873,0.800986505551221,0.9859363729567544,0.9890130573694068
374,0,1.0,0.8,1.0,1.0,1.0,1.0,1.0,2.3725595e-05,0.28203163742803633,0.017951768570312502,0.6498250224964531,0.9859363729567544,0.9890130573694068
375,0,1.0,0.8166666666666667,1.0,1.0,1.0,1.0,1.0,5.2907545e-10,0.30392792139440267,0.017990789946837806,0.8682931199286288,0.9859363729567544,0.9890130573694068
376,0,1.0,0.8333333333333334,1.0,1.0,1.0,1.0,1.0,0.0390779,0.2446618920580733,0.017953372800831553,0.8669252488375461,0.9859363729567544,0.9890130573694068
377,0,1.0,0.7333333333333333,1.0,1.0,1.0,1.0,1.0,1.6231495e-13,0.32029531290084184,0.017949329143101777,0.9998165512264252,0.9859363729567544,0.9890130573694068
378,0,1.0,0.8,1.0,1.0,1.0,1.0,1.0,1.080388e-07,0.2737665160379151,0.01796124737247294,0.6588669120242416,0.9859363729567544,0.9890130573694068
379,0,1.0,0.8166666666666667,1.0,1.0,1.0,1.0,1.0,0.029257063,0.29047774680339705,0.017981450624796447,0.6499876818218233,0.9859363729567544,0.9890130573694068
380,1,0.0,0.95,1.0,1.0,0.0,0.0,1.0,6.185682e-06,0.7529102048014532,0.6302303280438718,0.1806984177523801,0.9859363729567544,0.9890130573694068
381,1,1.0,1.0,1.0,1.0,1.0,1.0,1.0,1.0,0.999999999989514,0.9599784898436563,0.9592459720128048,0.9859363729567544,0.9890130573694068
382,1,1.0,1.0,1.0,1.0,1.0,1.0,1.0,1.0,0.9999999999849415,0.9599557146653321,0.7863544334233451,0.9859363729567544,0.9890130573694068
383,1,1.0,1.0,1.0,1.0,1.0,1.0,1.0,1.0,0.9999999999976991,0.9600164855467652,0.7426037373333249,0.9859363729567544,0.9890130573694068
384,1,1.0,1.0,1.0,1.0,1.0,1.0,1.0,0.99963605,0.9999999999943116,0.9600272547119703,0.9635762775045404,0.9859363729567544,0.9890130573694068
385,1,1.0,1.0,1.0,1.0,1.0,1.0,1.0,0.99978405,0.9999999997878937,0.9600304063729114,0.4905415595199729,0.9859363729567544,0.9890130573694068
386,1,0.0,1.0,1.0,1.0,0.0,0.0,1.0,1.3410914e-15,0.9999999991529687,0.9600264251285201,0.1,0.9859363729567544,0.9890130573694068
387,1,1.0,1.0,1.0,1.0,1.0,1.0,1.0,0.8736734,0.9999999438678885,0.9600253287155504,0.1779084922983052,0.9859363729567544,0.9890130573694068
388,1,0.0,1.0,1.0,1.0,0.0,0.0,1.0,1.8693529e-13,0.9999998452024615,0.9598783902662623,0.1,0.9859363729567544,0.9890130573694068
389,1,0.0,1.0,1.0,1.0,0.0,0.0,1.0,1.9478125e-06,0.9999999946055755,0.9599167011566758,0.6156398781479044,0.9859363729567544,0.9890130573694068
390,1,1.0,1.0,1.0,1.0,1.0,1.0,1.0,0.9999995,0.9999999947583965,0.9598999755488165,0.8981003350632393,0.9859363729567544,0.9890130573694068
391,1,1.0,1.0,1.0,1.0,0.0,0.0,1.0,0.5584503,0.9999999996482284,0.9598980765685277,0.4715992309365008,0.9859363729567544,0.9890130573694068
392,1,1.0,1.0,1.0,1.0,1.0,1.0,1.0,0.999998,0.9999999986276545,0.9599363339813751,0.8019341778635344,0.9859363729567544,0.9890130573694068
393,1,0.0,1.0,1.0,1.0,0.0,0.0,1.0,0.0003057393,0.9999999951021779,0.959882663466577,0.11429712143452582,0.9859363729567544,0.9890130573694068
394,1,1.0,1.0,1.0,1.0,1.0,1.0,1.0,0.99343103,0.9999109078152919,0.9599905839624687,0.781446129778931,0.9859363729567544,0.9890130573694068
395,1,1.0,1.0,1.0,1.0,1.0,1.0,1.0,1.0,0.999999775864038,0.959935529290494,0.8610554893434815,0.9859363729567544,0.9890130573694068
396,1,1.0,1.0,1.0,1.0,1.0,1.0,1.0,0.95106345,0.9999999356153322,0.9599101074845292,0.3101899788112599,0.9859363729567544,0.9890130573694068
397,1,0.0,1.0,1.0,1.0,0.0,0.0,1.0,0.023090921,0.9999998835908684,0.9599764849164761,0.10308289897743018,0.9859363729567544,0.9890130573694068
398,1,1.0,1.0,1.0,1.0,1.0,1.0,1.0,1.0,0.9999997021289793,0.9598878440715934,0.8711252646986147,0.9859363729567544,0.9890130573694068
399,1,1.0,1.0,1.0,1.0,1.0,1.0,1.0,0.9004552,0.9998980286668968,0.9599273772159566,0.13462462607323733,0.9859363729567544,0.9890130573694068
400,1,1.0,1.0,1.0,1.0,1.0,1.0,1.0,0.99752337,0.9999997375378853,0.9598535153642659,0.16284030407277267,0.9859363729567544,0.9890130573694068
401,1,1.0,1.0,1.0,1.0,1.0,1.0,1.0,0.7817242,0.9991970113955532,0.9600145340915802,0.9072462809628445,0.9859363729567544,0.9890130573694068
402,1,1.0,1.0,1.0,1.0,1.0,1.0,1.0,1.0,0.9986425550249762,0.9598874325782406,0.6014936674175813,0.9859363729567544,0.9890130573694068
403,1,1.0,1.0,1.0,1.0,1.0,1.0,1.0,0.999918,0.9999446884758252,0.9599397627425608,0.1,0.9859363729567544,0.9890130573694068
404,1,0.0,1.0,1.0,1.0,0.0,0.0,1.0,0.13629387,0.9985233855120523,0.9599388816251796,0.15439750400110286,0.9859363729567544,0.9890130573694068
405,1,1.0,0.9,1.0,1.0,1.0,1.0,1.0,0.99883944,0.9882984514584342,0.8888073189600764,0.5633716283365674,0.9859363729567544,0.9890130573694068
406,1,1.0,1.0,1.0,1.0,1.0,1.0,1.0,0.996851,0.9999999931013288,0.9753674905932823,0.21085373068681304,0.9859363729567544,0.9890130573694068
407,1,1.0,1.0,1.0,1.0,1.0,1.0,1.0,0.9999025,0.9999999836912578,0.9754265783101715,0.9347296828864192,0.9859363729567544,0.9890130573694068
408,1,0.0,1.0,1.0,1.0,0.0,0.0,1.0,3.0266167e-10,0.9999997598065345,0.9753712193767173,0.1,0.9859363729567544,0.9890130573694068
409,1,1.0,1.0,1.0,1.0,1.0,1.0,1.0,0.9999999,0.9999999958853285,0.9752896268617053,0.7721653056359495,0.9859363729567544,0.9890130573694068
410,1,1.0,1.0,1.0,1.0,1.0,1.0,1.0,0.9999443,0.9999999930860481,0.9753888784830662,0.12746446929133737,0.9859363729567544,0.9890130573694068
411,1,0.0,1.0,1.0,1.0,0.0,0.0,1.0,1.70494e-10,0.999999995160769,0.9753456882902155,0.2725498910290351,0.9859363729567544,0.9890130573694068
412,1,0.0,1.0,1.0,1.0,0.0,0.0,1.0,0.013339142,0.9999999761412888,0.9753953102726656,0.14861860717272699,0.9859363729567544,0.9890130573694068
413,0,1.0,0.26666666666666666,1.0,1.0,0.0,0.0,0.0,1.671136e-12,0.8982717663242658,0.21708727487038665,0.21885820888370036,0.9859363729567544,0.9890130573694068
414,0,1.0,0.7,1.0,1.0,1.0,1.0,1.0,7.363881e-20,0.3926366222740088,0.017996908922517343,0.1,0.9859363729567544,0.9890130573694068
415,0,1.0,0.7333333333333333,1.0,1.0,1.0,1.0,1.0,0.00031435734,0.29726059434439617,0.0179930412968252,0.7113794801759885,0.9859363729567544,0.9890130573694068
416,0,1.0,0.7666666666666667,1.0,1.0,1.0,1.0,1.0,0.0002428343,0.32262261059875014,0.01802392509069532,0.1,0.9859363729567544,0.9890130573694068
417,0,1.0,0.8,1.0,1.0,1.0,1.0,1.0,4.2473938e-20,0.2888837238069024,0.018006771431160758,0.1,0.9859363729567544,0.9890130573694068
418,0,1.0,0.8,1.0,1.0,1.0,1.0,1.0,0.0009376353,0.27203414682284816,0.01793317489862355,0.3606925320124103,0.9859363729567544,0.9890130573694068
419,0,1.0,0.7666666666666667,1.0,1.0,1.0,1.0,1.0,0.02121802,0.2838798937828981,0.017932255266623495,0.10031197733958087,0.9859363729567544,0.9890130573694068
420,0,1.0,0.7166666666666667,1.0,1.0,1.0,1.0,1.0,0.00037374237,0.36013879416533484,0.017989232275957844,0.6244417801321835,0.9859363729567544,0.9890130573694068
421,0,1.0,0.7666666666666667,1.0,1.0,1.0,1.0,1.0,5.6553223e-08,0.2911012853403417,0.018014751226734734,0.9397076202614896,0.9859363729567544,0.9890130573694068
422,0,1.0,0.7333333333333333,1.0,1.0,1.0,1.0,1.0,6.9408037e-07,0.3140989302242937,0.017962463811310215,0.6316067382129331,0.9859363729567544,0.9890130573694068
423,0,1.0,0.8166666666666667,1.0,1.0,1.0,1.0,1.0,3.443162e-06,0.2953444806368016,0.018042242827942697,0.8865531715125863,0.9859363729567544,0.9890130573694068
424,0,1.0,0.65,1.0,1.0,1.0,1.0,1.0,1.1559305e-14,0.38590013353947455,0.018014581184179482,0.9994629645323314,0.9859363729567544,0.9890130573694068
425,0,1.0,0.5166666666666667,1.0,1.0,0.0,1.0,1.0,4.2560593e-18,0.5336444136112928,0.01798242822626106,0.12181697005266502,0.9859363729567544,0.9890130573694068
426,0,1.0,0.7,1.0,1.0,1.0,1.0,1.0,2.3113188e-11,0.3243164410819109,0.017969551617249578,0.5508038408452627,0.9859363729567544,0.9890130573694068
427,0,1.0,0.85,1.0,1.0,1.0,1.0,1.0,2.8700355e-05,0.2627922216336407,0.017988556450537836,0.797616499580544,0.9859363729567544,0.9890130573694068
428,0,1.0,0.7833333333333333,1.0,1.0,1.0,1.0,1.0,5.123054e-07,0.3271284152334386,0.018003092453418128,0.4991127682100741,0.9859363729567544,0.9890130573694068
429,0,1.0,0.8333333333333334,1.0,1.0,1.0,1.0,1.0,3.6023154e-10,0.3151007898554026,0.01802675901185502,0.4231242797194202,0.9859363729567544,0.9890130573694068
430,0,1.0,0.9,1.0,1.0,1.0,1.0,1.0,0.0002471763,0.2386762003133184,0.018021498942562112,0.24754576604544343,0.9859363729567544,0.9890130573694068
431,0,1.0,0.8333333333333334,1.0,1.0,1.0,1.0,1.0,1.3536976e-14,0.28512239278061874,0.018041467507950458,0.1,0.9859363729567544,0.9890130573694068
432,0,1.0,0.8,1.0,1.0,1.0,1.0,1.0,1.546037e-09,0.2934610520916162,0.017941983047400425,0.7063784558746482,0.9859363729567544,0.9890130573694068
433,0,0.0,0.7333333333333333,1.0,1.0,0.0,0.0,1.0,0.9676542,0.30342192685052544,0.018008317231870737,0.8625295113660405,0.9859363729567544,0.9890130573694068
434,0,1.0,0.7833333333333333,1.0,1.0,1.0,1.0,1.0,0.0010788944,0.2965191745941345,0.017968306399581,0.8017290542753387,0.9859363729567544,0.9890130573694068
435,0,0.0,0.75,1.0,1.0,0.0,0.0,1.0,0.8339369,0.3157740477748959,0.017963052326020964,0.35780349540702405,0.9859363729567544,0.9890130573694068
436,0,1.0,0.8333333333333334,1.0,1.0,1.0,1.0,1.0,7.897356e-08,0.2805534716199098,0.017988700117252034,0.8562741877823105,0.9859363729567544,0.9890130573694068
437,0,1.0,0.8333333333333334,1.0,1.0,1.0,1.0,1.0,0.0074004917,0.2281595909036164,0.018041814463855343,0.6580549111040032,0.9859363729567544,0.9890130573694068
438,0,1.0,0.8166666666666667,1.0,1.0,1.0,1.0,1.0,1.5879484e-14,0.27644725183802515,0.01797742015986107,0.1,0.9859363729567544,0.9890130573694068
439,0,1.0,0.7833333333333333,1.0,1.0,1.0,1.0,1.0,1.4370972e-05,0.29230092794540796,0.017997586277199273,0.9641784659930986,0.9859363729567544,0.9890130573694068
440,0,1.0,0.8166666666666667,1.0,1.0,1.0,1.0,1.0,3.4938215e-14,0.24765082922157097,0.01797398449013345,0.8204751204278191,0.9859363729567544,0.9890130573694068
441,0,1.0,0.85,1.0,1.0,1.0,1.0,1.0,4.9199745e-05,0.25801038948961275,0.01797059083715176,0.3322151859491294,0.9859363729567544,0.9890130573694068
442,0,1.0,0.8333333333333334,1.0,1.0,1.0,1.0,1.0,1.08160166e-20,0.25068984714445797,0.01801107089192998,0.1,0.9859363729567544,0.9890130573694068
443,0,1.0,0.8,1.0,1.0,1.0,1.0,1.0,2.3926758e-10,0.2776825014783367,0.017964265153822642,0.39581061851439925,0.9859363729567544,0.9890130573694068
444,0,1.0,0.75,1.0,1.0,1.0,1.0,1.0,1.2704078e-15,0.3406055039121552,0.018007073455464942,0.1,0.9859363729567544,0.9890130573694068
445,0,1.0,0.8,1.0,1.0,1.0,1.0,1.0,0.0014651776,0.27507158421564487,0.018002066830790718,0.6747349089764512,0.9859363729567544,0.9890130573694068
446,0,1.0,0.85,1.0,1.0,1.0,1.0,1.0,0.16582121,0.2866069990037677,0.01800303212360492,0.2321395795002492,0.9859363729567544,0.9890130573694068
447,0,1.0,0.75,1.0,1.0,1.0,1.0,1.0,1.8086932e-06,0.30682345126489513,0.017984144788800012,0.49525120618304974,0.9859363729567544,0.9890130573694068
448,0,1.0,0.8166666666666667,1.0,1.0,1.0,1.0,1.0,0.02121802,0.314380816216473,0.017985937121303815,0.10031197733958087,0.9859363729567544,0.9890130573694068
449,0,1.0,0.7833333333333333,1.0,1.0,1.0,1.0,1.0,1.1247832e-18,0.2936525956278703,0.01798689853108047,0.1,0.9859363729567544,0.9890130573694068
450,0,0.0,0.8,1.0,1.0,0.0,0.0,1.0,0.6898159,0.2760949139889693,0.018034223624845455,0.1294942904518499,0.9859363729567544,0.9890130573694068
451,0,1.0,0.8333333333333334,1.0,1.0,1.0,1.0,1.0,2.0062232e-09,0.23305274032112208,0.01798770751157453,0.9962034491202854,0.9859363729567544,0.9890130573694068
452,0,1.0,0.8166666666666667,1.0,1.0,1.0,1.0,1.0,8.398887e-12,0.2567764509279519,0.01795001627142998,0.9999603070853073,0.9859363729567544,0.9890130573694068
453,0,1.0,0.85,1.0,1.0,1.0,1.0,1.0,1.12115845e-08,0.2781802051670628,0.017986834398234338,0.37370356550063955,0.9859363729567544,0.9890130573694068
454,0,1.0,0.8166666666666667,1.0,1.0,1.0,1.0,1.0,1.5025245e-07,0.2841840392094636,0.017963774107893144,0.2650975530709265,0.9859363729567544,0.9890130573694068
455,0,1.0,0.8,1.0,1.0,1.0,1.0,1.0,2.019832e-15,0.29269036100734314,0.01795725659560078,0.9921147341637685,0.9859363729567544,0.9890130573694068
456,0,1.0,0.7833333333333333,1.0,1.0,1.0,1.0,1.0,7.4789445e-05,0.28693530523608207,0.01803136886082146,0.6697565256247712,0.9859363729567544,0.9890130573694068
457,0,1.0,0.8,1.0,1.0,1.0,1.0,1.0,3.1302877e-11,0.28737654587922684,0.0179450214526566,0.36647951504055476,0.9859363729567544,0.9890130573694068
458,0,1.0,0.8333333333333334,1.0,1.0,1.0,1.0,1.0,1.9784902e-07,0.25264118582875805,0.018008695142410117,0.36076648085237945,0.9859363729567544,0.9890130573694068
459,0,1.0,0.8333333333333334,1.0,1.0,1.0,1.0,1.0,4.7985638e-09,0.301734734911662,0.017978089181044273,0.8788747620255478,0.9859363729567544,0.9890130573694068
460,0,1.0,0.7833333333333333,1.0,1.0,1.0,1.0,1.0,0.00012382999,0.29384442324614735,0.017940006218432874,0.2664753843184605,0.9859363729567544,0.9890130573694068
461,0,1.0,0.7666666666666667,1.0,1.0,1.0,1.0,1.0,3.0659206e-19,0.3218537993560802,0.018018681736626074,0.11528939702839386,0.9859363729567544,0.9890130573694068
462,0,1.0,0.7166666666666667,1.0,1.0,1.0,1.0,1.0,2.5027208e-13,0.30308771333516665,0.017984257558972934,0.1,0.9859363729567544,0.9890130573694068
463,0,1.0,0.8,1.0,1.0,1.0,1.0,1.0,5.6351766e-08,0.29133575415949164,0.017991084508967078,0.6433680841921926,0.9859363729567544,0.9890130573694068
464,1,1.0,0.9666666666666667,1.0,1.0,0.0,0.0,1.0,0.99932516,0.7155031409260232,0.6229577591528624,0.2734834442813867,0.9859363729567544,0.9890130573694068
465,0,1.0,0.9333333333333333,1.0,1.0,0.0,0.0,1.0,1.2528586e-05,0.6100734693777997,0.46763566589349315,0.28098188493816817,0.9859363729567544,0.9890130573694068
466,0,1.0,0.7333333333333333,1.0,1.0,1.0,1.0,1.0,2.2467772e-17,0.33684216424823943,0.017973734040732915,0.1,0.9859363729567544,0.9890130573694068
467,0,1.0,0.85,1.0,1.0,1.0,1.0,1.0,9.710514e-06,0.22637581903186785,0.017982890058223355,0.4106097611789264,0.9859363729567544,0.9890130573694068
468,0,1.0,0.7166666666666667,1.0,1.0,1.0,1.0,1.0,0.057219494,0.3306449385322743,0.018009412503182755,0.26303523207951246,0.9859363729567544,0.9890130573694068
469,0,1.0,0.9,1.0,1.0,1.0,1.0,1.0,0.00016213112,0.24073154638319985,0.017989621158694593,0.32734522744830574,0.9859363729567544,0.9890130573694068
470,0,1.0,0.75,1.0,1.0,1.0,1.0,1.0,1.1561135e-06,0.2853555758721048,0.017966106525438112,0.35294637658498473,0.9859363729567544,0.9890130573694068
471,1,0.0,1.0,1.0,1.0,0.0,0.0,1.0,1.8572707e-19,0.984679600407123,0.9450606666411245,0.1,0.9859363729567544,0.9890130573694068
472,1,0.0,1.0,1.0,1.0,0.0,0.0,1.0,0.0671752,0.999999999876948,0.9608933404534526,0.21195968584678135,0.9859363729567544,0.9890130573694068
473,1,1.0,1.0,1.0,1.0,1.0,1.0,1.0,1.0,0.9999999999927677,0.960766683097018,0.7466034304968518,0.9859363729567544,0.9890130573694068
474,1,1.0,1.0,1.0,1.0,1.0,1.0,1.0,1.0,0.999999999993219,0.9609446367663581,0.5153295330100781,0.9859363729567544,0.9890130573694068
475,1,1.0,1.0,1.0,1.0,1.0,1.0,1.0,0.99999976,0.9999999999920589,0.9608577731026411,0.6806953408150269,0.9859363729567544,0.9890130573694068
476,1,1.0,1.0,1.0,1.0,1.0,1.0,1.0,1.0,0.9999999987372767,0.9608175557633739,0.28789149320907753,0.9859363729567544,0.9890130573694068
477,1,1.0,1.0,1.0,1.0,1.0,1.0,1.0,0.9999999,0.999999999924074,0.9608210597944337,0.9842002216144067,0.9859363729567544,0.9890130573694068
478,1,1.0,1.0,1.0,1.0,1.0,1.0,1.0,1.0,0.9999999999966259,0.9608241038887121,0.9005129385215418,0.9859363729567544,0.9890130573694068
479,1,0.0,1.0,1.0,1.0,0.0,0.0,1.0,0.040499464,0.9999999999991565,0.9608942723634857,0.13064201507932677,0.9859363729567544,0.9890130573694068
480,1,1.0,1.0,1.0,1.0,1.0,1.0,1.0,0.9998708,0.9999999999999524,0.9608834138047772,0.9171636957063363,0.9859363729567544,0.9890130573694068
481,1,0.0,1.0,1.0,1.0,0.0,0.0,1.0,2.7958729e-16,0.9999999999999638,0.9608787653165906,0.1,0.9859363729567544,0.9890130573694068
482,1,1.0,1.0,1.0,1.0,1.0,1.0,1.0,0.7621763,0.9999999999999593,0.9609298293903713,0.23319125229981866,0.9859363729567544,0.9890130573694068
483,1,1.0,1.0,1.0,1.0,1.0,1.0,1.0,0.9996667,0.999999999999937,0.9609014399179537,0.35104433999709433,0.9859363729567544,0.9890130573694068
484,1,1.0,1.0,1.0,1.0,1.0,1.0,1.0,0.9997634,0.9999999999999412,0.9608114870887527,0.26485083309720386,0.9859363729567544,0.9890130573694068
485,1,1.0,1.0,1.0,1.0,1.0,1.0,1.0,0.99995196,0.9999999999999567,0.9608562894832614,0.6859875304676649,0.9859363729567544,0.9890130573694068
486,1,0.0,1.0,1.0,1.0,0.0,0.0,1.0,1.8693529e-13,0.9999999999997276,0.9608999101191279,0.1,0.9859363729567544,0.9890130573694068
487,1,1.0,1.0,1.0,1.0,1.0,1.0,1.0,1.0,0.9999999999993822,0.9609375351263109,0.9808590787416169,0.9859363729567544,0.9890130573694068
488,1,0.0,1.0,1.0,1.0,0.0,0.0,1.0,3.3877063e-09,0.9999999999999115,0.9609551254857883,0.1,0.9859363729567544,0.9890130573694068
489,1,1.0,1.0,1.0,1.0,1.0,1.0,1.0,1.0,0.9999999999999507,0.96088094633722,0.9949284418559003,0.9859363729567544,0.9890130573694068
490,1,1.0,1.0,1.0,1.0,1.0,1.0,1.0,0.9987723,0.9999999999999697,0.9608882496440799,0.995815762541467,0.9859363729567544,0.9890130573694068
491,1,1.0,1.0,1.0,1.0,1.0,1.0,1.0,1.0,0.9999999999999691,0.9607627640557077,0.8519601842701501,0.9859363729567544,0.9890130573694068
492,1,1.0,1.0,1.0,1.0,1.0,1.0,1.0,1.0,0.99999999999997,0.9608557891804063,0.9859490120388669,0.9859363729567544,0.9890130573694068
493,1,1.0,1.0,1.0,1.0,1.0,1.0,1.0,0.99999976,0.99999999999997,0.9608510174242053,0.9487152212064502,0.9859363729567544,0.9890130573694068
494,1,1.0,1.0,1.0,1.0,1.0,1.0,1.0,0.9999883,0.99999999999997,0.9607924975199751,0.17646908161424146,0.9859363729567544,0.9890130573694068
495,1,1.0,1.0,1.0,1.0,1.0,1.0,1.0,1.0,0.99999999999997,0.9609726638334554,0.9957147445723786,0.9859363729567544,0.9890130573694068
496,1,1.0,1.0,1.0,1.0,1.0,1.0,1.0,1.0,0.99999999999997,0.9608591100969581,0.9213250551949715,0.9859363729567544,0.9890130573694068
497,1,0.0,1.0,1.0,1.0,0.0,0.0,1.0,4.401801e-15,0.9999999999999661,0.9608199718536452,0.1,0.9859363729567544,0.9890130573694068
498,1,0.0,1.0,1.0,1.0,0.0,0.0,1.0,3.22913e-11,0.999999999999964,0.9608452094391164,0.1,0.9859363729567544,0.9890130573694068
499,1,1.0,1.0,1.0,1.0,1.0,1.0,1.0,1.0,0.99999999999997,0.9609117773148016,0.4958904358598257,0.9859363729567544,0.9890130573694068
500,1,1.0,1.0,1.0,1.0,1.0,1.0,1.0,0.99999964,0.99999999999997,0.9607992636820735,0.23454062554138108,0.9859363729567544,0.9890130573694068
501,1,1.0,1.0,1.0,1.0,1.0,1.0,1.0,1.0,0.99999999999997,0.9607590248844375,0.9965394394856801,0.9859363729567544,0.9890130573694068
502,1,1.0,1.0,1.0,1.0,1.0,1.0,1.0,1.0,0.99999999999997,0.9608490446499466,0.9572629921487055,0.9859363729567544,0.9890130573694068
503,1,0.0,1.0,1.0,1.0,0.0,0.0,1.0,1.8142469e-08,0.99999999999997,0.9608800934995012,0.1,0.9859363729567544,0.9890130573694068
504,1,1.0,1.0,1.0,1.0,1.0,1.0,1.0,1.0,0.99999999999997,0.9608760889615128,0.6521037556234522,0.9859363729567544,0.9890130573694068
505,1,1.0,1.0,1.0,1.0,1.0,1.0,1.0,1.0,0.99999999999997,0.960734058543292,0.8879183076321016,0.9859363729567544,0.9890130573694068
506,1,1.0,1.0,1.0,1.0,1.0,1.0,1.0,0.9999987,0.99999999999997,0.9610777502850706,0.9898822395019363,0.9859363729567544,0.9890130573694068
507,1,1.0,1.0,1.0,1.0,1.0,1.0,1.0,0.9999999,0.99999999999997,0.960846787008592,0.7643919991321226,0.9859363729567544,0.9890130573694068
508,1,0.0,1.0,1.0,1.0,0.0,0.0,1.0,0.020937636,0.9999999999999676,0.9608512148783919,0.1,0.9859363729567544,0.9890130573694068
509,1,0.0,1.0,1.0,1.0,0.0,0.0,1.0,0.3970947,0.99999999999997,0.960939721239576,0.2733217828766845,0.9859363729567544,0.9890130573694068
510,1,1.0,1.0,1.0,1.0,1.0,1.0,1.0,0.88235825,0.99999999999997,0.9608506495154605,0.1298136421773005,0.9859363729567544,0.9890130573694068
511,1,0.0,1.0,1.0,1.0,0.0,0.0,1.0,1.421677e-15,0.99999999999997,0.9608984383145482,0.1,0.9859363729567544,0.9890130573694068
512,1,1.0,1.0,1.0,1.0,1.0,1.0,1.0,1.0,0.99999999999997,0.9608931207973019,0.9106662258955163,0.9859363729567544,0.9890130573694068
513,1,0.0,1.0,1.0,1.0,0.0,0.0,1.0,5.2143713e-07,0.99999999999997,0.9608692014448486,0.3109953816060252,0.9859363729567544,0.9890130573694068
514,1,1.0,1.0,1.0,1.0,1.0,1.0,1.0,0.9810579,0.99999999999997,0.9609081192850316,0.11400813319352046,0.9859363729567544,0.9890130573694068
515,1,0.0,1.0,1.0,1.0,0.0,0.0,1.0,3.4094927e-13,0.99999999999997,0.9607985078506408,0.1,0.9859363729567544,0.9890130573694068
516,1,1.0,1.0,1.0,1.0,1.0,1.0,1.0,1.0,0.99999999999997,0.9609113148396791,0.8662003556937657,0.9859363729567544,0.9890130573694068
517,1,1.0,1.0,1.0,1.0,1.0,1.0,1.0,0.9999999,0.99999999999997,0.960871860281326,0.4858205561686478,0.9859363729567544,0.9890130573694068
518,1,1.0,1.0,1.0,1.0,1.0,1.0,1.0,0.6970017,0.99999999999997,0.9609311250479059,0.10162651340071192,0.9859363729567544,0.9890130573694068
519,1,1.0,1.0,1.0,1.0,1.0,1.0,1.0,0.99343103,0.99999999999997,0.9608251084616504,0.781446129778931,0.9859363729567544,0.9890130573694068
520,1,1.0,1.0,1.0,1.0,1.0,1.0,1.0,1.0,0.99999999999997,0.9608143813487825,0.9607737372369645,0.9859363729567544,0.9890130573694068
521,1,1.0,1.0,1.0,1.0,1.0,1.0,1.0,0.87642187,0.99999999999997,0.9609541319696862,0.24894352712293485,0.9859363729567544,0.9890130573694068
522,1,1.0,1.0,1.0,1.0,1.0,1.0,1.0,0.9999852,0.99999999999997,0.9608829351324096,0.6018075337056683,0.9859363729567544,0.9890130573694068
523,1,1.0,1.0,1.0,1.0,1.0,1.0,1.0,0.99999976,0.99999999999997,0.9608591569944912,0.9114763336539669,0.9859363729567544,0.9890130573694068
524,1,1.0,1.0,1.0,1.0,1.0,1.0,1.0,0.99980766,0.99999999999997,0.9609074901999612,0.1100261417131699,0.9859363729567544,0.9890130573694068
525,1,0.0,1.0,1.0,1.0,0.0,0.0,1.0,6.776271e-08,0.99999999999997,0.9608681298706968,0.15259937078906033,0.9859363729567544,0.9890130573694068
526,1,1.0,1.0,1.0,1.0,1.0,0.0,1.0,0.59422535,0.99999999999997,0.960835889857697,0.6011006266887433,0.9859363729567544,0.9890130573694068
527,1,1.0,1.0,1.0,1.0,1.0,1.0,1.0,1.0,0.99999999999997,0.9609403095505934,0.9957147445723786,0.9859363729567544,0.9890130573694068
528,1,1.0,1.0,1.0,1.0,1.0,1.0,1.0,0.99982244,0.99999999999997,0.9608563386930847,0.16151165171803333,0.9859363729567544,0.9890130573694068
529,1,1.0,1.0,1.0,1.0,1.0,1.0,1.0,1.0,0.99999999999997,0.9607584655266197,0.45008255426547994,0.9859363729567544,0.9890130573694068
530,1,1.0,1.0,1.0,1.0,1.0,1.0,1.0,0.9992822,0.99999999999997,0.9609238348152259,0.5637290392166695,0.9859363729567544,0.9890130573694068
531,1,1.0,1.0,1.0,1.0,1.0,1.0,1.0,0.9955278,0.99999999999997,0.9609367094983179,0.1,0.9859363729567544,0.9890130573694068
532,1,1.0,1.0,1.0,1.0,1.0,1.0,1.0,0.9999995,0.99999999999997,0.9608828753515193,0.31609277885101617,0.9859363729567544,0.9890130573694068
533,1,1.0,1.0,1.0,1.0,1.0,1.0,1.0,0.96988624,0.99999999999997,0.960876349247876,0.4260363067482271,0.9859363729567544,0.9890130573694068
534,1,0.0,1.0,1.0,1.0,0.0,0.0,1.0,0.02637201,0.99999999999997,0.9608488392587888,0.4620746605131826,0.9859363729567544,0.9890130573694068
535,1,0.0,1.0,1.0,1.0,0.0,0.0,1.0,4.6280322e-14,0.99999999999997,0.9608225115531345,0.1,0.9859363729567544,0.9890130573694068
536,1,1.0,1.0,1.0,1.0,1.0,1.0,1.0,0.9999075,0.99999999999997,0.9608547702841309,0.23187256427684283,0.9859363729567544,0.9890130573694068
537,1,1.0,1.0,1.0,1.0,1.0,1.0,1.0,1.0,0.99999999999997,0.9609473477723356,0.8131689660833742,0.9859363729567544,0.9890130573694068
538,1,1.0,1.0,1.0,1.0,1.0,1.0,1.0,1.0,0.99999999999997,0.960830137164434,0.8705910793470969,0.9859363729567544,0.9890130573694068
539,1,1.0,1.0,1.0,1.0,1.0,1.0,1.0,0.9999076,0.99999999999997,0.9608398362213115,0.6402486413530317,0.9859363729567544,0.9890130573694068
540,1,0.0,1.0,1.0,1.0,0.0,0.0,1.0,1.1051124e-11,0.99999999999997,0.9608050564318104,0.26983300438662294,0.9859363729567544,0.9890130573694068
541,1,1.0,1.0,1.0,1.0,1.0,1.0,1.0,0.9999999,0.99999999999997,0.9608752658340496,0.9905486487804385,0.9859363729567544,0.9890130573694068
542,1,0.0,1.0,1.0,1.0,0.0,0.0,1.0,1.8257907e-14,0.99999999999997,0.9609421238351996,0.1,0.9859363729567544,0.9890130573694068
543,1,1.0,1.0,1.0,1.0,1.0,1.0,1.0,0.9998363,0.99999999999997,0.9609448131900337,0.14248557469023648,0.9859363729567544,0.9890130573694068
544,1,0.0,1.0,1.0,1.0,0.0,0.0,1.0,0.08755896,0.99999999999997,0.9609524026392012,0.21584759621405603,0.9859363729567544,0.9890130573694068
545,1,1.0,1.0,1.0,1.0,1.0,1.0,1.0,0.99999917,0.99999999999997,0.9608795942485977,0.891474815113001,0.9859363729567544,0.9890130573694068
546,1,0.0,1.0,1.0,1.0,0.0,0.0,1.0,9.38001e-11,0.99999999999997,0.9608810381603807,0.35689134948490503,0.9859363729567544,0.9890130573694068
547,1,1.0,1.0,1.0,1.0,1.0,1.0,1.0,0.9999988,0.99999999999997,0.9608812125061782,0.3021424802126031,0.9859363729567544,0.9890130573694068
548,1,1.0,1.0,1.0,1.0,1.0,1.0,1.0,1.0,0.99999999999997,0.9609402698275047,0.855790660946303,0.9859363729567544,0.9890130573694068
549,1,1.0,1.0,1.0,1.0,1.0,1.0,1.0,0.99999905,0.99999999999997,0.9607809768836341,0.854116738787622,0.9859363729567544,0.9890130573694068
550,1,0.0,1.0,1.0,1.0,0.0,0.0,1.0,1.9566854e-10,0.99999999999997,0.9609266895334027,0.1,0.9859363729567544,0.9890130573694068
551,1,1.0,1.0,1.0,1.0,1.0,1.0,1.0,1.0,0.99999999999997,0.9608428770428645,0.8879183076321016,0.9859363729567544,0.9890130573694068
552,1,0.0,1.0,1.0,1.0,0.0,0.0,1.0,0.02637201,0.99999999999997,0.9608950986738308,0.4620746605131826,0.9859363729567544,0.9890130573694068
553,1,1.0,1.0,1.0,1.0,1.0,1.0,1.0,1.0,0.99999999999997,0.9609344479595737,0.17807097536857733,0.9859363729567544,0.9890130573694068
554,1,1.0,1.0,1.0,1.0,1.0,1.0,1.0,0.9999907,0.99999999999997,0.9609264645233037,0.7805729064586122,0.9859363729567544,0.9890130573694068
555,1,0.0,1.0,1.0,1.0,0.0,0.0,1.0,0.000106230436,0.99999999999997,0.9608900564626333,0.2958278601458007,0.9859363729567544,0.9890130573694068
556,1,1.0,1.0,1.0,1.0,1.0,1.0,1.0,0.9364952,0.99999999999997,0.9608561926400202,0.5327262052260499,0.9859363729567544,0.9890130573694068
557,1,1.0,1.0,1.0,1.0,1.0,1.0,1.0,0.86205244,0.99999999999997,0.9609023763527186,0.3376381825423346,0.9859363729567544,0.9890130573694068
558,1,1.0,1.0,1.0,1.0,1.0,1.0,1.0,0.9999956,0.99999999999997,0.9609432487001419,0.13514466972130176,0.9859363729567544,0.9890130573694068
559,1,1.0,1.0,1.0,1.0,1.0,1.0,1.0,1.0,0.99999999999997,0.9607975939981368,0.855790660946303,0.9859363729567544,0.9890130573694068
560,1,1.0,1.0,1.0,1.0,1.0,1.0,1.0,0.99994373,0.99999999999997,0.9608916946146056,0.9481821301937451,0.9859363729567544,0.9890130573694068
561,1,0.0,1.0,1.0,1.0,0.0,0.0,1.0,0.04825154,0.99999999999997,0.9609295372720503,0.12134596872986951,0.9859363729567544,0.9890130573694068
562,1,1.0,1.0,1.0,1.0,1.0,1.0,1.0,0.9998864,0.99999999999997,0.9609775058695936,0.22189975673105145,0.9859363729567544,0.9890130573694068
563,1,0.0,1.0,1.0,1.0,0.0,0.0,1.0,5.7191412e-18,0.99999999999997,0.9608637488439123,0.1,0.9859363729567544,0.9890130573694068
564,1,1.0,1.0,1.0,1.0,1.0,1.0,1.0,1.0,0.99999999999997,0.9608252306253902,0.9036053712721216,0.9859363729567544,0.9890130573694068
565,1,1.0,1.0,1.0,1.0,1.0,1.0,1.0,0.99999964,0.99999999999997,0.9608198816238496,0.8143051240872944,0.9859363729567544,0.9890130573694068
566,1,1.0,1.0,1.0,1.0,1.0,1.0,1.0,1.0,0.99999999999997,0.9608623812878423,0.9874590252065659,0.9859363729567544,0.9890130573694068
567,1,1.0,1.0,1.0,1.0,1.0,1.0,1.0,1.0,0.99999999999997,0.9607727673827906,0.9920424062396028,0.9859363729567544,0.9890130573694068
568,1,1.0,1.0,1.0,1.0,1.0,1.0,1.0,1.0,0.99999999999997,0.9608918728288803,0.659662308632584,0.9859363729567544,0.9890130573694068
569,1,1.0,1.0,1.0,1.0,1.0,1.0,1.0,1.0,0.99999999999997,0.9608048423054424,0.980981496355519,0.9859363729567544,0.9890130573694068
570,1,1.0,1.0,1.0,1.0,1.0,1.0,1.0,0.9999751,0.99999999999997,0.9608445728188985,0.32622397816103305,0.9859363729567544,0.9890130573694068
571,1,0.0,1.0,1.0,1.0,0.0,0.0,1.0,1.6173022e-21,0.99999999999997,0.9607886774127936,0.1,0.9859363729567544,0.9890130573694068
572,1,1.0,1.0,1.0,1.0,1.0,1.0,1.0,0.99999976,0.99999999999997,0.960911144956778,0.9839436654733351,0.9859363729567544,0.9890130573694068
573,1,1.0,1.0,1.0,1.0,1.0,1.0,1.0,0.99836713,0.99999999999997,0.960925248056287,0.17164548624776935,0.9859363729567544,0.9890130573694068
574,1,1.0,1.0,1.0,1.0,1.0,1.0,1.0,0.999554,0.99999999999997,0.9608972128673864,0.9894586186200907,0.9859363729567544,0.9890130573694068
575,1,1.0,1.0,1.0,1.0,1.0,1.0,1.0,1.0,0.99999999999997,0.9607871856838234,0.31201514215323717,0.9859363729567544,0.9890130573694068
576,1,1.0,1.0,1.0,1.0,1.0,1.0,1.0,0.9871085,0.99999999999997,0.9608433009946376,0.6336024974270319,0.9859363729567544,0.9890130573694068
577,1,1.0,1.0,1.0,1.0,1.0,1.0,1.0,1.0,0.99999999999997,0.9608065886013774,0.36539212439277224,0.9859363729567544,0.9890130573694068
578,1,1.0,1.0,1.0,1.0,1.0,1.0,1.0,0.9998765,0.99999999999997,0.9608357997944227,0.8199408205521619,0.9859363729567544,0.9890130573694068
579,1,1.0,1.0,1.0,1.0,1.0,1.0,1.0,1.0,0.99999999999997,0.9607719146316275,0.9557300745277211,0.9859363729567544,0.9890130573694068
580,1,1.0,1.0,1.0,1.0,1.0,1.0,1.0,1.0,0.99999999999997,0.9609399181457255,0.9843977022606,0.9859363729567544,0.9890130573694068
581,1,1.0,1.0,1.0,1.0,1.0,1.0,1.0,1.0,0.99999999999997,0.9609959685211339,0.7466034304968518,0.9859363729567544,0.9890130573694068
582,1,1.0,1.0,1.0,1.0,1.0,1.0,1.0,0.99999964,0.99999999999997,0.9608413811154738,0.9100203707577611,0.9859363729567544,0.9890130573694068
583,1,1.0,1.0,1.0,1.0,1.0,1.0,1.0,0.9999999,0.99999999999997,0.9609613483573547,0.9859033337031674,0.9859363729567544,0.9890130573694068
584,1,0.0,1.0,1.0,1.0,0.0,0.0,1.0,0.00026717517,0.99999999999997,0.9608843701911223,0.1,0.9859363729567544,0.9890130573694068
585,0,1.0,0.2,1.0,1.0,0.0,0.0,0.0,6.9044404e-06,0.9999999998645541,0.2065317926270495,0.5417114830458232,0.9859363729567544,0.9890130573694068
586,0,1.0,0.03333333333333333,1.0,1.0,0.0,0.0,1.0,2.2511301e-06,0.9239977992817107,0.017974682994876034,0.40378650647407177,0.9859363729567544,0.9890130573694068
587,0,1.0,0.4666666666666667,1.0,1.0,0.0,1.0,1.0,5.831094e-11,0.4872251630169952,0.017978590202890825,0.8910931072315785,0.9859363729567544,0.9890130573694068
588,0,1.0,0.75,1.0,1.0,1.0,1.0,1.0,4.2473938e-20,0.2843146194110035,0.01798125580947911,0.1,0.9859363729567544,0.9890130573694068
589,0,1.0,0.8333333333333334,1.0,1.0,1.0,1.0,1.0,4.1702015e-09,0.24644762137979018,0.017943909901785977,0.286935860454851,0.9859363729567544,0.9890130573694068
590,0,1.0,0.7166666666666667,1.0,1.0,0.0,0.0,1.0,0.15593317,0.3509239320380854,0.017975022324489488,0.3359388318400925,0.9859363729567544,0.9890130573694068
591,0,1.0,0.9,1.0,1.0,1.0,1.0,1.0,0.0074393568,0.2561651392110049,0.018010206782386375,0.15144054937293894,0.9859363729567544,0.9890130573694068
592,0,1.0,0.6166666666666667,1.0,1.0,1.0,1.0,1.0,0.01165851,0.4272206315724137,0.01803235221829033,0.3518750825811101,0.9859363729567544,0.9890130573694068
593,0,1.0,0.75,1.0,1.0,1.0,1.0,1.0,5.8211735e-06,0.32317131889567013,0.0179786871590148,0.8141045264779132,0.9859363729567544,0.9890130573694068
594,0,1.0,0.7333333333333333,1.0,1.0,1.0,1.0,1.0,1.2186829e-12,0.3074153267343039,0.017964859350987284,0.7756522987646572,0.9859363729567544,0.9890130573694068
595,0,1.0,0.7833333333333333,1.0,1.0,1.0,1.0,1.0,6.038794e-19,0.3089109995369514,0.018000289781874904,0.1,0.9859363729567544,0.9890130573694068
596,0,1.0,0.7666666666666667,1.0,1.0,1.0,1.0,1.0,5.641871e-10,0.29407198916914273,0.01798614644993908,0.6082500049525993,0.9859363729567544,0.9890130573694068
597,0,1.0,0.8166666666666667,1.0,1.0,1.0,1.0,1.0,2.601314e-11,0.2847753755310646,0.018010124279101074,0.13624272333017856,0.9859363729567544,0.9890130573694068
598,0,1.0,0.7666666666666667,1.0,1.0,1.0,1.0,1.0,4.3373433e-08,0.3001001920668498,0.018027546345676024,0.2477861917250374,0.9859363729567544,0.9890130573694068
599,0,1.0,0.8166666666666667,1.0,1.0,1.0,1.0,1.0,3.316639e-06,0.2836033331796911,0.017986053421429483,0.9866140977212835,0.9859363729567544,0.9890130573694068
600,0,1.0,0.8166666666666667,1.0,1.0,1.0,1.0,1.0,1.0809935e-12,0.2741040907973175,0.017995695076088707,0.22096045760810035,0.9859363729567544,0.9890130573694068
601,0,1.0,0.8333333333333334,1.0,1.0,1.0,1.0,1.0,0.00079176924,0.2702359788072881,0.017990592634680606,0.43601452485972275,0.9859363729567544,0.9890130573694068
602,0,1.0,0.7166666666666667,1.0,1.0,1.0,1.0,1.0,1.5809869e-16,0.35126348656083656,0.017958881953328155,0.14735498995147434,0.9859363729567544,0.9890130573694068
603,0,1.0,0.65,1.0,1.0,1.0,1.0,1.0,1.7268832e-11,0.3745869720088846,0.0180021086081507,0.1,0.9859363729567544,0.9890130573694068
604,0,1.0,0.7166666666666667,1.0,1.0,1.0,1.0,1.0,0.0002428343,0.30823246917574004,0.01798670015718729,0.1,0.9859363729567544,0.9890130573694068
605,0,1.0,0.7166666666666667,1.0,1.0,1.0,1.0,1.0,0.0007276883,0.3702156078192491,0.0179887040670076,0.30862736627191845,0.9859363729567544,0.9890130573694068
606,1,1.0,0.95,1.0,1.0,1.0,1.0,1.0,1.0,0.8499963660536952,0.759590411855666,0.9945367085218405,0.9859363729567544,0.9890130573694068
607,1,1.0,1.0,1.0,1.0,1.0,1.0,1.0,0.9971705,0.99999999999997,0.9646330027000736,0.20490423665318128,0.9859363729567544,0.9890130573694068
608,1,1.0,1.0,1.0,1.0,1.0,1.0,1.0,1.0,0.99999999999997,0.9647261240729992,0.9702668753635512,0.9859363729567544,0.9890130573694068
609,1,0.0,1.0,1.0,1.0,0.0,0.0,1.0,7.768263e-08,0.99999999999997,0.9647365813768858,0.1,0.9859363729567544,0.9890130573694068
610,1,1.0,1.0,1.0,1.0,1.0,1.0,1.0,1.0,0.99999999999997,0.9646011681318011,0.9703776475392989,0.9859363729567544,0.9890130573694068
611,1,1.0,1.0,1.0,1.0,1.0,1.0,1.0,0.9999758,0.99999999999997,0.9646534875335493,0.32887486218670203,0.9859363729567544,0.9890130573694068
612,1,1.0,1.0,1.0,1.0,1.0,1.0,1.0,0.88235825,0.99999999999997,0.9645984287652282,0.1298136421773005,0.9859363729567544,0.9890130573694068
613,0,1.0,0.25,1.0,1.0,0.0,0.0,1.0,4.1690505e-08,0.7114736713276232,0.01799790068437685,0.9433451050417196,0.9859363729567544,0.9890130573694068
614,0,1.0,0.5166666666666667,1.0,1.0,1.0,1.0,1.0,1.8590839e-13,0.45227053058547273,0.017953150521953367,0.1,0.9859363729567544,0.9890130573694068
615,0,1.0,0.7166666666666667,1.0,1.0,1.0,1.0,1.0,9.6327385e-05,0.31440419401623376,0.018001377707886717,0.4013742748024144,0.9859363729567544,0.9890130573694068
616,0,1.0,0.8833333333333333,1.0,1.0,1.0,1.0,1.0,1.3964183e-05,0.2356116503420211,0.017995957621110958,0.6884120201352906,0.9859363729567544,0.9890130573694068
617,0,1.0,0.85,1.0,1.0,1.0,1.0,1.0,5.4134016e-05,0.25584802132174816,0.01797190823393395,0.6037451998998768,0.9859363729567544,0.9890130573694068
618,0,1.0,0.85,1.0,1.0,1.0,1.0,1.0,1.162531e-05,0.27621604660290255,0.01803267812573569,0.29584070263687223,0.9859363729567544,0.9890130573694068
619,0,1.0,0.7833333333333333,1.0,1.0,1.0,1.0,1.0,3.1949657e-13,0.3268304706340048,0.01800183365142759,0.1,0.9859363729567544,0.9890130573694068
620,1,1.0,0.95,1.0,1.0,1.0,1.0,1.0,1.0,0.9664021070884046,0.8968785015038206,0.9916966862777288,0.9859363729567544,0.9890130573694068
621,1,1.0,1.0,1.0,1.0,1.0,1.0,1.0,1.0,0.99999999999997,0.9767886462812835,0.7617977051802466,0.9859363729567544,0.9890130573694068
622,1,1.0,1.0,1.0,1.0,1.0,1.0,1.0,0.9971705,0.99999999999997,0.9768305530569775,0.20490423665318128,0.9859363729567544,0.9890130573694068
623,1,1.0,1.0,1.0,1.0,1.0,1.0,1.0,1.0,0.99999999999997,0.9768221291035813,0.9948906169327167,0.9859363729567544,0.9890130573694068
624,1,1.0,1.0,1.0,1.0,1.0,1.0,1.0,1.0,0.99999999999997,0.9767865755606572,0.9752145921860885,0.9859363729567544,0.9890130573694068
625,1,1.0,1.0,1.0,1.0,1.0,1.0,1.0,1.0,0.99999999999997,0.9768184929990393,0.9265181194444304,0.9859363729567544,0.9890130573694068
626,1,1.0,1.0,1.0,1.0,1.0,1.0,1.0,1.0,0.9999999999999678,0.9767940908762017,0.997450365417376,0.9859363729567544,0.9890130573694068
627,1,0.0,1.0,1.0,1.0,0.0,0.0,1.0,0.32312196,0.99999999999997,0.9767744212516328,0.10899536157071968,0.9859363729567544,0.9890130573694068
628,1,0.0,1.0,1.0,1.0,0.0,0.0,1.0,0.00012700475,0.99999999999997,0.97677543270723,0.727873051951816,0.9859363729567544,0.9890130573694068
629,1,1.0,1.0,1.0,1.0,1.0,1.0,1.0,0.99602485,0.99999999999997,0.9767587512484739,0.18827932437272146,0.9859363729567544,0.9890130573694068
630,1,1.0,1.0,1.0,1.0,1.0,1.0,1.0,0.94664294,0.99999999999997,0.9767524058769729,0.1943101315038208,0.9859363729567544,0.9890130573694068
631,1,0.0,1.0,1.0,1.0,0.0,0.0,1.0,3.22913e-11,0.999999999999968,0.9767532076908139,0.1,0.9859363729567544,0.9890130573694068
632,1,0.0,1.0,1.0,1.0,0.0,0.0,1.0,0.08781779,0.99999999999997,0.9767600076942676,0.11775277893279085,0.9859363729567544,0.9890130573694068
633,1,1.0,1.0,1.0,1.0,1.0,1.0,1.0,0.999918,0.99999999999997,0.97678524752826,0.1,0.9859363729567544,0.9890130573694068
634,1,1.0,1.0,1.0,1.0,1.0,1.0,1.0,1.0,0.99999999999997,0.9767820529997423,0.8479859346325901,0.9859363729567544,0.9890130573694068
635,1,1.0,1.0,1.0,1.0,1.0,1.0,1.0,0.9999684,0.99999999999997,0.9767851816659582,0.6393200410396528,0.9859363729567544,0.9890130573694068
636,1,1.0,1.0,1.0,1.0,1.0,1.0,1.0,0.99999964,0.99999999999997,0.9767806672831745,0.19819513184636203,0.9859363729567544,0.9890130573694068
637,1,0.0,1.0,1.0,1.0,0.0,0.0,1.0,0.0003057393,0.99999999999997,0.9767162319592442,0.11429712143452582,0.9859363729567544,0.9890130573694068
638,1,1.0,1.0,1.0,1.0,1.0,1.0,1.0,0.9999075,0.99999999999997,0.9768060583679041,0.23187256427684283,0.9859363729567544,0.9890130573694068
639,1,1.0,1.0,1.0,1.0,1.0,1.0,1.0,1.0,0.99999999999997,0.976855546528334,0.9688739797542819,0.9859363729567544,0.9890130573694068
640,1,0.0,1.0,1.0,1.0,0.0,0.0,1.0,5.6090716e-06,0.99999999999997,0.9767700471026199,0.1,0.9859363729567544,0.9890130573694068
641,1,1.0,1.0,1.0,1.0,1.0,1.0,1.0,0.9999995,0.99999999999997,0.9767842038566823,0.48184823404958593,0.9859363729567544,0.9890130573694068
642,1,1.0,1.0,1.0,1.0,1.0,1.0,1.0,1.0,0.99999999999997,0.9768168689745244,0.875041551973936,0.9859363729567544,0.9890130573694068
643,1,1.0,1.0,1.0,1.0,1.0,1.0,1.0,0.9948866,0.99999999999997,0.9767269313705601,0.3976530250742608,0.9859363729567544,0.9890130573694068
644,1,1.0,1.0,1.0,1.0,1.0,1.0,1.0,0.9990852,0.99999999999997,0.9768500342215227,0.3871811307588768,0.9859363729567544,0.9890130573694068
645,1,1.0,1.0,1.0,1.0,1.0,1.0,1.0,0.98872364,0.99999999999997,0.9767862099740792,0.21357414380545237,0.9859363729567544,0.9890130573694068
646,0,1.0,0.8,1.0,1.0,0.0,0.0,1.0,1.061935e-08,0.5929649040956273,0.32157335951218624,0.9971919440926079,0.9859363729567544,0.9890130573694068
647,0,1.0,0.75,1.0,1.0,1.0,1.0,1.0,0.033788208,0.319384865327286,0.017994001787775417,0.6166685503270155,0.9859363729567544,0.9890130573694068
648,0,1.0,0.7833333333333333,1.0,1.0,1.0,1.0,1.0,0.007324029,0.30518844158372116,0.018055532246988512,0.9381818365414674,0.9859363729567544,0.9890130573694068
649,0,1.0,0.75,1.0,1.0,1.0,1.0,1.0,0.00020303477,0.31020995722829947,0.017994988621565396,0.4283747786873094,0.9859363729567544,0.9890130573694068
650,0,1.0,0.7333333333333333,1.0,1.0,1.0,1.0,1.0,0.08010939,0.34516748332350305,0.01801129397286245,0.9978074432231208,0.9859363729567544,0.9890130573694068
651,0,1.0,0.75,1.0,1.0,1.0,1.0,1.0,6.570268e-12,0.305567650832506,0.017996269675469797,0.1,0.9859363729567544,0.9890130573694068
652,0,1.0,0.8,1.0,1.0,1.0,1.0,1.0,1.0133754e-07,0.3046424830182611,0.017940086038913262,0.4094169073077397,0.9859363729567544,0.9890130573694068
653,0,1.0,0.7333333333333333,1.0,1.0,1.0,1.0,1.0,6.2015715e-05,0.35108769429251246,0.01796937486316581,0.5469328214431313,0.9859363729567544,0.9890130573694068
654,0,1.0,0.7666666666666667,1.0,1.0,1.0,1.0,1.0,0.00028423002,0.3051871592923788,0.018015538914181305,0.603272091288685,0.9859363729567544,0.9890130573694068
655,0,1.0,0.8333333333333334,1.0,1.0,1.0,1.0,1.0,0.006892219,0.29267205357737663,0.01799353383187846,0.9935739914534121,0.9859363729567544,0.9890130573694068
656,0,1.0,0.7166666666666667,1.0,1.0,1.0,1.0,1.0,1.5775165e-09,0.32390276464581647,0.01798626736022265,0.22205100244317086,0.9859363729567544,0.9890130573694068
657,0,1.0,0.75,1.0,1.0,1.0,1.0,1.0,1.9376933e-09,0.34317453397144226,0.017967035163167742,0.6516046593418245,0.9859363729567544,0.9890130573694068
658,0,1.0,0.7833333333333333,1.0,1.0,1.0,1.0,1.0,0.0041882056,0.2994981869884182,0.01796540956790248,0.9970782346903732,0.9859363729567544,0.9890130573694068
659,0,1.0,0.8166666666666667,1.0,1.0,1.0,1.0,1.0,1.1770527e-07,0.268018331927612,0.018007180439835832,0.6830084200904849,0.9859363729567544,0.9890130573694068
660,0,1.0,0.8,1.0,1.0,1.0,1.0,1.0,1.9784005e-12,0.29515299153728713,0.017977920113375224,0.27090278798568895,0.9859363729567544,0.9890130573694068
661,0,1.0,0.75,1.0,1.0,1.0,1.0,1.0,7.589716e-05,0.31523462289302956,0.017971010022084805,0.9278315395284804,0.9859363729567544,0.9890130573694068
662,0,1.0,0.7333333333333333,1.0,1.0,1.0,1.0,1.0,0.0006306286,0.3083552587523347,0.018032573579193155,0.9916734897575029,0.9859363729567544,0.9890130573694068
663,0,1.0,0.8,1.0,1.0,1.0,1.0,1.0,2.0492066e-06,0.31117549204586387,0.01800315252802596,0.46694898147086805,0.9859363729567544,0.9890130573694068
664,0,1.0,0.7666666666666667,1.0,1.0,1.0,1.0,1.0,2.2941556e-10,0.3069214522366267,0.017984949195627924,0.5516941800225424,0.9859363729567544,0.9890130573694068
665,0,1.0,0.8666666666666667,1.0,1.0,1.0,1.0,1.0,2.1450404e-12,0.2654169963209022,0.01799374554600121,0.1,0.9859363729567544,0.9890130573694068
666,0,1.0,0.8333333333333334,1.0,1.0,1.0,1.0,1.0,0.021968203,0.25883123788367884,0.01800434282770028,0.28482863222431676,0.9859363729567544,0.9890130573694068
667,0,1.0,0.75,1.0,1.0,1.0,1.0,1.0,2.2895016e-05,0.3091208159248697,0.01800376949728847,0.6453776372439833,0.9859363729567544,0.9890130573694068
668,0,1.0,0.7833333333333333,1.0,1.0,0.0,0.0,1.0,9.6327385e-05,0.5287018375366812,0.31060881432395265,0.4013742748024144,0.9859363729567544,0.9890130573694068
669,1,1.0,1.0,1.0,1.0,1.0,1.0,1.0,1.0,0.9999999999993617,0.9421820549052022,0.8692393834623902,0.9859363729567544,0.9890130573694068
670,1,1.0,1.0,1.0,1.0,1.0,1.0,1.0,0.9999964,0.9999999999998745,0.9422553919540451,0.9868603632406332,0.9859363729567544,0.9890130573694068
671,1,0.0,1.0,1.0,1.0,0.0,0.0,1.0,1.685985e-08,0.9999999999999695,0.9422372475242334,0.23734118460306347,0.9859363729567544,0.9890130573694068
672,1,1.0,1.0,1.0,1.0,1.0,1.0,1.0,1.0,0.9999999999945482,0.9422653899206034,0.9533166508928888,0.9859363729567544,0.9890130573694068
673,1,1.0,1.0,1.0,1.0,1.0,1.0,1.0,0.99760675,0.9999999999999496,0.9420868759389673,0.4199323826140361,0.9859363729567544,0.9890130573694068
674,1,1.0,1.0,1.0,1.0,1.0,1.0,1.0,1.0,0.9999999999995874,0.9421903150964454,0.9716539553546176,0.9859363729567544,0.9890130573694068
675,1,1.0,1.0,1.0,1.0,1.0,1.0,1.0,1.0,0.9999999999999692,0.9422050678852851,0.7466034304968518,0.9859363729567544,0.9890130573694068
676,1,1.0,1.0,1.0,1.0,1.0,1.0,1.0,1.0,0.9999999999999674,0.9422289259559198,0.9648886175136271,0.9859363729567544,0.9890130573694068
677,1,0.0,1.0,1.0,1.0,0.0,0.0,1.0,2.9558665e-11,0.99999999999997,0.9423085588414769,0.1,0.9859363729567544,0.9890130573694068
678,1,1.0,1.0,1.0,1.0,1.0,1.0,1.0,1.0,0.9999999999999538,0.9423470332953114,0.4267502258453284,0.9859363729567544,0.9890130573694068
679,1,1.0,1.0,1.0,1.0,1.0,1.0,1.0,1.0,0.999999999999901,0.9422318662629382,0.5045540606014867,0.9859363729567544,0.9890130573694068
680,1,1.0,1.0,1.0,1.0,1.0,1.0,1.0,0.999998,0.9999999999995645,0.9420217409579557,0.3715272597879636,0.9859363729567544,0.9890130573694068
681,1,1.0,1.0,1.0,1.0,1.0,1.0,1.0,1.0,0.9999999999971302,0.9423038842522538,0.9948906169327167,0.9859363729567544,0.9890130573694068
682,1,0.0,1.0,1.0,1.0,0.0,0.0,1.0,0.068968415,0.999999999847568,0.9421447562897722,0.22574730925990588,0.9859363729567544,0.9890130573694068
683,1,0.0,1.0,1.0,1.0,0.0,0.0,1.0,2.1245523e-11,0.9999999999999619,0.9421459338497633,0.1,0.9859363729567544,0.9890130573694068
684,1,0.0,1.0,1.0,1.0,0.0,0.0,1.0,0.002782728,0.9999999999997953,0.9423823710682321,0.14875896045012252,0.9859363729567544,0.9890130573694068
685,1,1.0,1.0,1.0,1.0,1.0,1.0,1.0,0.87642187,0.9999999784257371,0.9422610469567113,0.24894352712293485,0.9859363729567544,0.9890130573694068
686,1,0.0,1.0,1.0,1.0,0.0,0.0,1.0,0.015351778,0.9999999999867081,0.9422195945005669,0.1,0.9859363729567544,0.9890130573694068
687,1,1.0,1.0,1.0,1.0,1.0,1.0,1.0,0.99999964,0.9999999999995347,0.9422474202235607,0.8870685746471371,0.9859363729567544,0.9890130573694068
688,1,1.0,1.0,1.0,1.0,1.0,1.0,1.0,0.9999995,0.9999999999884004,0.9421760234667951,0.8981003350632393,0.9859363729567544,0.9890130573694068
689,1,0.0,1.0,1.0,1.0,0.0,0.0,1.0,1.3410914e-15,0.9999999996357408,0.9421725954277781,0.1,0.9859363729567544,0.9890130573694068
690,1,1.0,1.0,1.0,1.0,1.0,1.0,1.0,0.99896383,0.9999999997798205,0.9420274272359261,0.3755257490102074,0.9859363729567544,0.9890130573694068
691,1,1.0,1.0,1.0,1.0,1.0,1.0,1.0,1.0,0.9999999999992533,0.9422542385733073,0.966830895448277,0.9859363729567544,0.9890130573694068
692,1,1.0,1.0,1.0,1.0,1.0,1.0,1.0,0.9999999,0.9999999999385859,0.9421508550962876,0.8795372593776664,0.9859363729567544,0.9890130573694068
693,1,1.0,1.0,1.0,1.0,1.0,1.0,1.0,0.9999999,0.999999999995017,0.9422930027961829,0.6236663866323502,0.9859363729567544,0.9890130573694068
694,0,1.0,0.3,1.0,1.0,0.0,0.0,1.0,1.931273e-05,0.8665542100731171,0.23358363335472757,0.5320809253454172,0.9859363729567544,0.9890130573694068
695,1,1.0,0.9,1.0,1.0,1.0,1.0,1.0,0.9999771,0.9532529925025037,0.8426635619381926,0.18940372851369763,0.9859363729567544,0.9890130573694068
696,1,1.0,1.0,1.0,1.0,1.0,1.0,1.0,1.0,0.9999999999999597,0.9695838263367061,0.7898510662464483,0.9859363729567544,0.9890130573694068
697,1,1.0,1.0,1.0,1.0,1.0,1.0,1.0,0.9999995,0.9999999999999164,0.9694028699154715,0.31609277885101617,0.9859363729567544,0.9890130573694068
698,1,0.0,1.0,1.0,1.0,0.0,0.0,1.0,0.0001766486,0.9999999999999506,0.9695232982931352,0.7994173521102472,0.9859363729567544,0.9890130573694068
699,1,1.0,1.0,1.0,1.0,1.0,0.0,1.0,0.64248765,0.9999999999998939,0.9694272127169559,0.10852573178069964,0.9859363729567544,0.9890130573694068
700,1,1.0,1.0,1.0,1.0,1.0,1.0,1.0,0.99997675,0.9999999999999446,0.9693906294986733,0.19903105408564986,0.9859363729567544,0.9890130573694068
701,1,1.0,1.0,1.0,1.0,1.0,1.0,1.0,1.0,0.9999999999841702,0.9693795153561987,0.1442554932191652,0.9859363729567544,0.9890130573694068
702,1,1.0,1.0,1.0,1.0,1.0,1.0,1.0,0.6970017,0.9999999999929521,0.9695669080645944,0.10162651340071192,0.9859363729567544,0.9890130573694068
703,1,1.0,1.0,1.0,1.0,1.0,1.0,1.0,0.99989605,0.999999999998651,0.9694904065439114,0.10761177926671764,0.9859363729567544,0.9890130573694068
704,1,1.0,1.0,1.0,1.0,1.0,1.0,1.0,1.0,0.999999999996274,0.9694823466237457,0.9386244524448757,0.9859363729567544,0.9890130573694068
705,1,0.0,1.0,1.0,1.0,0.0,0.0,1.0,0.057408407,0.9999999999968592,0.9694938082279945,0.1369216489182528,0.9859363729567544,0.9890130573694068
706,1,1.0,1.0,1.0,1.0,1.0,1.0,1.0,1.0,0.9999999999996618,0.9694855603592185,0.6521037556234522,0.9859363729567544,0.9890130573694068
707,1,1.0,1.0,1.0,1.0,1.0,1.0,1.0,0.9999964,0.999999999999785,0.969420238192672,0.9868603632406332,0.9859363729567544,0.9890130573694068
708,1,1.0,1.0,1.0,1.0,1.0,1.0,1.0,0.9871157,0.9999999999617858,0.9695237131481824,0.15730476064378493,0.9859363729567544,0.9890130573694068
709,1,0.0,1.0,1.0,1.0,0.0,0.0,1.0,0.0003906171,0.9999999999874817,0.9694584812827888,0.39029355765244683,0.9859363729567544,0.9890130573694068
710,1,1.0,1.0,1.0,1.0,1.0,1.0,1.0,1.0,0.9999999999998864,0.9694249650945044,0.8879183076321016,0.9859363729567544,0.9890130573694068
711,1,1.0,1.0,1.0,1.0,1.0,1.0,1.0,0.99997663,0.9999999996564909,0.9694435532605972,0.21242714093767884,0.9859363729567544,0.9890130573694068
712,1,1.0,1.0,1.0,1.0,1.0,1.0,1.0,1.0,0.9999999999843076,0.9695460999374986,0.9726129041020711,0.9859363729567544,0.9890130573694068
713,1,1.0,1.0,1.0,1.0,1.0,1.0,1.0,0.9999999,0.9999999999985111,0.9695158681337783,0.9869115521370168,0.9859363729567544,0.9890130573694068
714,1,1.0,1.0,1.0,1.0,1.0,1.0,1.0,1.0,0.9999999999782645,0.9694178395078317,0.8610554893434815,0.9859363729567544,0.9890130573694068
715,1,0.0,1.0,1.0,1.0,0.0,0.0,1.0,1.3403438e-05,0.9999999999995431,0.9695186917857901,0.13652290923108515,0.9859363729567544,0.9890130573694068
716,1,0.0,1.0,1.0,1.0,0.0,0.0,1.0,0.024070563,0.9999999999991139,0.9695009405932816,0.1,0.9859363729567544,0.9890130573694068
717,1,1.0,1.0,1.0,1.0,1.0,1.0,1.0,0.999998,0.9999999998682683,0.9694562411000269,0.3715272597879636,0.9859363729567544,0.9890130573694068
718,1,0.0,1.0,1.0,1.0,0.0,0.0,1.0,0.0024473674,0.9999999998516191,0.96948015644864,0.16484318227539646,0.9859363729567544,0.9890130573694068
719,1,0.0,1.0,1.0,1.0,0.0,0.0,1.0,3.3051311e-12,0.9999999999976666,0.9694530796232133,0.1,0.9859363729567544,0.9890130573694068
720,1,0.0,1.0,1.0,1.0,0.0,0.0,1.0,5.8491983e-10,0.9999999999495982,0.9695303351869416,0.10299255232909993,0.9859363729567544,0.9890130573694068
721,1,1.0,1.0,1.0,1.0,1.0,1.0,1.0,1.0,0.99999999999573,0.9694768180918063,0.4182416382415483,0.9859363729567544,0.9890130573694068
722,1,1.0,1.0,1.0,1.0,1.0,1.0,1.0,0.9997172,0.9999999999705548,0.9694662428200197,0.1770030319685826,0.9859363729567544,0.9890130573694068
723,1,0.0,1.0,1.0,1.0,0.0,0.0,1.0,9.05367e-06,0.9999999999194646,0.9694304367422565,0.1,0.9859363729567544,0.9890130573694068
724,1,1.0,1.0,1.0,1.0,1.0,1.0,1.0,0.86205244,0.9999999999839297,0.969445538994044,0.3376381825423346,0.9859363729567544,0.9890130573694068
725,1,0.0,1.0,1.0,1.0,0.0,0.0,1.0,0.15983263,0.9999999999961151,0.9695484196589467,0.3670989914770418,0.9859363729567544,0.9890130573694068
726,1,1.0,1.0,1.0,1.0,1.0,1.0,1.0,0.9999995,0.9999999999015999,0.9695048465121634,0.6489883201016136,0.9859363729567544,0.9890130573694068
727,1,1.0,1.0,1.0,1.0,1.0,1.0,1.0,0.99999976,0.9999999999921284,0.9694530313760693,0.9973198962007379,0.9859363729567544,0.9890130573694068
728,1,1.0,1.0,1.0,1.0,1.0,1.0,1.0,0.998871,0.9999999999993869,0.9694311253392072,0.32346607219723317,0.9859363729567544,0.9890130573694068
729,1,1.0,1.0,1.0,1.0,1.0,1.0,1.0,1.0,0.9999999932594851,0.969495392758233,0.9022665694151205,0.9859363729567544,0.9890130573694068
730,1,1.0,1.0,1.0,1.0,1.0,1.0,1.0,0.99990416,0.9999999999986585,0.9694420254703977,0.686071005107211,0.9859363729567544,0.9890130573694068
731,1,1.0,1.0,1.0,1.0,1.0,1.0,1.0,0.99999976,0.999999999987972,0.9694482138137219,0.6345667281920946,0.9859363729567544,0.9890130573694068
732,1,1.0,1.0,1.0,1.0,1.0,1.0,1.0,1.0,0.9999999999858259,0.969524303087072,0.9965394394856801,0.9859363729567544,0.9890130573694068
733,1,0.0,1.0,1.0,1.0,0.0,0.0,1.0,0.42409033,0.9999999992365688,0.9695443068353631,0.8506302582605849,0.9859363729567544,0.9890130573694068
734,1,0.0,1.0,1.0,1.0,0.0,0.0,1.0,7.768263e-08,0.9999999999972429,0.969442637544086,0.1,0.9859363729567544,0.9890130573694068
735,1,1.0,1.0,1.0,1.0,1.0,1.0,1.0,1.0,0.9999999991481003,0.9693865139942972,0.9587349533741815,0.9859363729567544,0.9890130573694068
736,1,1.0,1.0,1.0,1.0,1.0,1.0,1.0,0.9999125,0.9999999999046413,0.9694557664051872,0.1,0.9859363729567544,0.9890130573694068
737,1,1.0,1.0,1.0,1.0,1.0,1.0,1.0,0.9778593,0.9999999999788097,0.9694662519768656,0.793732628666531,0.9859363729567544,0.9890130573694068
738,1,1.0,1.0,1.0,1.0,1.0,1.0,1.0,0.9999994,0.9999999995820278,0.969493584358236,0.829490294552617,0.9859363729567544,0.9890130573694068
739,1,1.0,1.0,1.0,1.0,1.0,1.0,1.0,0.99998295,0.9999999999556781,0.9695277126419853,0.1,0.9859363729567544,0.9890130573694068
740,1,0.0,1.0,1.0,1.0,0.0,0.0,1.0,0.0081642335,0.9999999972119598,0.9694606230001158,0.1990861086712247,0.9859363729567544,0.9890130573694068
741,1,1.0,1.0,1.0,1.0,1.0,1.0,1.0,0.99999976,0.9999999990239349,0.9694939919307094,0.9114763336539669,0.9859363729567544,0.9890130573694068
742,1,1.0,1.0,1.0,1.0,1.0,1.0,1.0,0.7647277,0.999999998832725,0.9694749421580001,0.7016069058946616,0.9859363729567544,0.9890130573694068
743,1,1.0,1.0,1.0,1.0,1.0,1.0,1.0,0.9999958,0.9999999996494605,0.9693698262475083,0.40815984067074684,0.9859363729567544,0.9890130573694068
744,1,0.0,1.0,1.0,1.0,0.0,0.0,1.0,0.00015098462,0.9999999991145486,0.9693932893070606,0.13851080309324984,0.9859363729567544,0.9890130573694068
745,1,1.0,1.0,1.0,1.0,1.0,1.0,1.0,0.9999758,0.9999999980985014,0.9695390909380758,0.32887486218670203,0.9859363729567544,0.9890130573694068
746,1,0.0,1.0,1.0,1.0,0.0,0.0,1.0,5.5041833e-09,0.9999999998466456,0.9695089763935214,0.1,0.9859363729567544,0.9890130573694068
747,1,1.0,1.0,1.0,1.0,1.0,1.0,1.0,0.99998355,0.9999999995991602,0.9694494106821899,0.2482421628276129,0.9859363729567544,0.9890130573694068
748,1,1.0,1.0,1.0,1.0,1.0,1.0,1.0,1.0,0.9999999939924656,0.9695437170338581,0.7605945897205119,0.9859363729567544,0.9890130573694068
749,1,1.0,1.0,1.0,1.0,1.0,1.0,1.0,0.9998865,0.9999999992405991,0.9695055087063849,0.20392690260600524,0.9859363729567544,0.9890130573694068
750,1,1.0,1.0,1.0,1.0,1.0,1.0,1.0,1.0,0.9999999999635637,0.9695227348569538,0.25278164102041095,0.9859363729567544,0.9890130573694068
751,1,0.0,1.0,1.0,1.0,0.0,0.0,1.0,0.036256477,0.9999999998839949,0.9694603390252732,0.1,0.9859363729567544,0.9890130573694068
752,1,1.0,1.0,1.0,1.0,1.0,1.0,1.0,1.0,0.999999999962798,0.96942699217386,0.2682014535953945,0.9859363729567544,0.9890130573694068
753,1,1.0,1.0,1.0,1.0,1.0,1.0,1.0,0.9999968,0.9999999998881967,0.9695085755413951,0.9298491246904113,0.9859363729567544,0.9890130573694068
754,1,1.0,1.0,1.0,1.0,1.0,1.0,1.0,1.0,0.9999999999659267,0.969469141309011,0.4182416382415483,0.9859363729567544,0.9890130573694068
755,1,1.0,1.0,1.0,1.0,1.0,1.0,1.0,0.9999907,0.9999999986469295,0.9694549774297668,0.7805729064586122,0.9859363729567544,0.9890130573694068
756,1,1.0,1.0,1.0,1.0,1.0,1.0,1.0,1.0,0.9999999999858064,0.9695020834159267,0.7335208111722262,0.9859363729567544,0.9890130573694068
757,1,1.0,1.0,1.0,1.0,1.0,1.0,1.0,0.99999964,0.9999999999977838,0.9694315818933464,0.6215356107019647,0.9859363729567544,0.9890130573694068
758,1,0.0,1.0,1.0,1.0,0.0,0.0,1.0,0.013472446,0.9999999999740339,0.9695221108100879,0.1380443524995785,0.9859363729567544,0.9890130573694068
759,1,1.0,1.0,1.0,1.0,1.0,1.0,1.0,0.99337316,0.9999999999598222,0.9695205692774324,0.11078087391429597,0.9859363729567544,0.9890130573694068
760,1,1.0,1.0,1.0,1.0,1.0,1.0,1.0,0.99946886,0.9999999999277616,0.9695053539175729,0.22416174988240392,0.9859363729567544,0.9890130573694068
761,1,0.0,1.0,1.0,1.0,0.0,0.0,1.0,1.3733183e-08,0.9999999999916065,0.9694121806172834,0.1,0.9859363729567544,0.9890130573694068
762,1,1.0,1.0,1.0,1.0,1.0,1.0,1.0,0.9938735,0.9999999999961293,0.9694781244757056,0.2698623910253965,0.9859363729567544,0.9890130573694068
763,1,1.0,1.0,1.0,1.0,1.0,1.0,1.0,1.0,0.9999999999583463,0.9694436274573601,0.8970913029483474,0.9859363729567544,0.9890130573694068
764,1,1.0,1.0,1.0,1.0,1.0,1.0,1.0,1.0,0.9999999999784792,0.969421402988891,0.9195239914129493,0.9859363729567544,0.9890130573694068
765,1,0.0,1.0,1.0,1.0,0.0,0.0,1.0,0.4072059,0.9999999999962361,0.9694673602629035,0.23690510833282474,0.9859363729567544,0.9890130573694068
766,1,1.0,1.0,1.0,1.0,1.0,1.0,1.0,0.99999595,0.9999999943434872,0.9694719198410348,0.9081102027755578,0.9859363729567544,0.9890130573694068
767,1,1.0,1.0,1.0,1.0,1.0,1.0,1.0,1.0,0.9999999999918605,0.9693946901042524,0.9658062106080287,0.9859363729567544,0.9890130573694068
768,1,0.0,1.0,1.0,1.0,0.0,0.0,1.0,1.3909243e-13,0.9999999999856465,0.9694437417967645,0.1,0.9859363729567544,0.9890130573694068
769,1,1.0,1.0,1.0,1.0,1.0,1.0,1.0,0.94664294,0.9999999999989456,0.9694845257153651,0.1943101315038208,0.9859363729567544,0.9890130573694068
770,1,1.0,1.0,1.0,1.0,1.0,0.0,1.0,0.64248765,0.999999999885192,0.9694101565330864,0.10852573178069964,0.9859363729567544,0.9890130573694068
771,1,1.0,1.0,1.0,1.0,1.0,1.0,1.0,0.99999976,0.9999999999915395,0.969470001753517,0.38234768527546065,0.9859363729567544,0.9890130573694068
772,1,1.0,1.0,1.0,1.0,1.0,1.0,1.0,1.0,0.999999999458449,0.9694152637107022,0.8519601842701501,0.9859363729567544,0.9890130573694068
773,1,1.0,1.0,1.0,1.0,1.0,1.0,1.0,1.0,0.9999999999991326,0.9694944684779744,0.9794649984549085,0.9859363729567544,0.9890130573694068
774,1,1.0,1.0,1.0,1.0,1.0,1.0,1.0,0.8736734,0.999999999999272,0.9693997066590581,0.1779084922983052,0.9859363729567544,0.9890130573694068
775,1,1.0,1.0,1.0,1.0,1.0,1.0,1.0,1.0,0.9999999999998782,0.9694860362941119,0.7342895566477227,0.9859363729567544,0.9890130573694068
776,1,1.0,1.0,1.0,1.0,1.0,1.0,1.0,1.0,0.999999999976332,0.9695429952035898,0.9953797463413718,0.9859363729567544,0.9890130573694068
777,1,1.0,1.0,1.0,1.0,1.0,1.0,1.0,0.99602485,0.9999999999997993,0.9695740191515376,0.18827932437272146,0.9859363729567544,0.9890130573694068
778,1,0.0,1.0,1.0,1.0,0.0,0.0,1.0,1.4485577e-13,0.9999999999187739,0.9693948649747341,0.1,0.9859363729567544,0.9890130573694068
779,1,0.0,1.0,1.0,1.0,0.0,0.0,1.0,1.797158e-11,0.9999999999981897,0.9693795628294961,0.27593857167431207,0.9859363729567544,0.9890130573694068
780,1,1.0,1.0,1.0,1.0,1.0,1.0,1.0,1.0,0.9999999999979471,0.9694507583115298,0.7335208111722262,0.9859363729567544,0.9890130573694068
781,1,1.0,1.0,1.0,1.0,1.0,1.0,1.0,1.0,0.9999999999826684,0.9694368253567686,0.9385261886750678,0.9859363729567544,0.9890130573694068
782,1,1.0,1.0,1.0,1.0,1.0,1.0,1.0,1.0,0.9999999999987843,0.96943030051406,0.5051069593453675,0.9859363729567544,0.9890130573694068
783,1,1.0,1.0,1.0,1.0,1.0,1.0,1.0,0.87642187,0.9999999996258572,0.9694244620981382,0.24894352712293485,0.9859363729567544,0.9890130573694068
784,1,0.0,1.0,1.0,1.0,0.0,0.0,1.0,0.35153407,0.9999999999999614,0.9694362239971355,0.12360600647327727,0.9859363729567544,0.9890130573694068
785,1,0.0,1.0,1.0,1.0,0.0,0.0,1.0,0.0006470121,0.9999999999999538,0.969471471262149,0.1,0.9859363729567544,0.9890130573694068
786,1,1.0,1.0,1.0,1.0,1.0,1.0,1.0,1.0,0.9999999999999538,0.9694945685056793,0.9794649984549085,0.9859363729567544,0.9890130573694068
787,1,1.0,1.0,1.0,1.0,1.0,1.0,1.0,0.999972,0.99999999999997,0.9693898462191761,0.7758375674590424,0.9859363729567544,0.9890130573694068
788,1,1.0,1.0,1.0,1.0,1.0,1.0,1.0,1.0,0.9999999999999152,0.9694568945192557,0.324469740933186,0.9859363729567544,0.9890130573694068
789,1,0.0,1.0,1.0,1.0,0.0,0.0,1.0,9.718019e-10,0.9999999999999695,0.9695524596351036,0.1,0.9859363729567544,0.9890130573694068
790,1,1.0,1.0,1.0,1.0,1.0,1.0,1.0,1.0,0.9999999999999118,0.9694385961177524,0.8562122016969277,0.9859363729567544,0.9890130573694068
791,1,1.0,1.0,1.0,1.0,1.0,0.0,1.0,0.62983805,0.9999999999999668,0.9694457920408582,0.8267721458865431,0.9859363729567544,0.9890130573694068
792,1,0.0,1.0,1.0,1.0,0.0,0.0,1.0,0.35153407,0.9999999999999699,0.9694785765276734,0.12360600647327727,0.9859363729567544,0.9890130573694068
793,1,0.0,1.0,1.0,1.0,0.0,0.0,1.0,3.233125e-10,0.99999999999997,0.969440713240937,0.1,0.9859363729567544,0.9890130573694068
794,1,0.0,1.0,1.0,1.0,0.0,0.0,1.0,1.6072774e-13,0.99999999999997,0.9694843967526051,0.1,0.9859363729567544,0.9890130573694068
795,1,1.0,1.0,1.0,1.0,1.0,1.0,1.0,0.7817242,0.99999999999997,0.9694086034710919,0.9072462809628445,0.9859363729567544,0.9890130573694068
796,1,1.0,1.0,1.0,1.0,1.0,1.0,1.0,1.0,0.9999999999999687,0.9695039556089345,0.9850767895329371,0.9859363729567544,0.9890130573694068
797,1,1.0,1.0,1.0,1.0,1.0,1.0,1.0,0.7400898,0.99999999999997,0.9694513879355475,0.41674236585636715,0.9859363729567544,0.9890130573694068
798,1,1.0,1.0,1.0,1.0,1.0,1.0,1.0,1.0,0.99999999999997,0.969519831278587,0.980981496355519,0.9859363729567544,0.9890130573694068
799,1,0.0,1.0,1.0,1.0,0.0,0.0,1.0,0.36220494,0.999999999999969,0.969492509944201,0.38188483687218966,0.9859363729567544,0.9890130573694068
800,1,1.0,1.0,1.0,1.0,1.0,1.0,1.0,1.0,0.9999999999999647,0.9694677697256304,0.9815116773502562,0.9859363729567544,0.9890130573694068
801,1,1.0,1.0,1.0,1.0,1.0,1.0,1.0,1.0,0.9999999999999497,0.9694453050708105,0.856473170140208,0.9859363729567544,0.9890130573694068
802,1,1.0,1.0,1.0,1.0,1.0,1.0,1.0,1.0,0.9999999999999633,0.9694700991815701,0.9195239914129493,0.9859363729567544,0.9890130573694068
803,1,0.0,1.0,1.0,1.0,0.0,0.0,1.0,2.2223917e-07,0.9999999999999094,0.9694423166861259,0.1,0.9859363729567544,0.9890130573694068
804,1,1.0,1.0,1.0,1.0,1.0,1.0,1.0,0.9997733,0.9999999999999022,0.9694942931340244,0.8628970993267494,0.9859363729567544,0.9890130573694068
805,1,1.0,1.0,1.0,1.0,1.0,1.0,1.0,0.9996822,0.9999999999999664,0.9694085878263377,0.5057865691845055,0.9859363729567544,0.9890130573694068
806,1,0.0,1.0,1.0,1.0,0.0,0.0,1.0,4.688884e-06,0.99999999999982,0.9695176610378773,0.1,0.9859363729567544,0.9890130573694068
807,1,0.0,1.0,1.0,1.0,0.0,0.0,1.0,1.9566854e-10,0.9999999999999682,0.9695172196305809,0.1,0.9859363729567544,0.9890130573694068
808,1,0.0,1.0,1.0,1.0,0.0,0.0,1.0,0.07451417,0.9999999999958948,0.969468565260753,0.8060252783453502,0.9859363729567544,0.9890130573694068
809,1,0.0,1.0,1.0,1.0,0.0,0.0,1.0,1.9478125e-06,0.999999999999949,0.9695420811959227,0.6156398781479044,0.9859363729567544,0.9890130573694068
810,1,1.0,1.0,1.0,1.0,1.0,1.0,1.0,1.0,0.99999999999997,0.9694068701058709,0.7426037373333249,0.9859363729567544,0.9890130573694068
811,1,0.0,1.0,1.0,1.0,0.0,0.0,1.0,0.068968415,0.999999999999969,0.9695043314016615,0.22574730925990588,0.9859363729567544,0.9890130573694068
812,1,0.0,0.8666666666666667,1.0,1.0,0.0,0.0,1.0,1.1088913e-12,0.96884163970775,0.8266444380095668,0.1,0.9859363729567544,0.9890130573694068
813,0,1.0,0.5333333333333333,1.0,1.0,0.0,1.0,1.0,1.2741223e-06,0.5193628007140635,0.01792889643130336,0.31427473152507723,0.9859363729567544,0.9890130573694068
814,0,1.0,0.9,1.0,1.0,0.0,0.0,1.0,2.0884262e-10,0.5167828212070031,0.31446366513841967,0.30804031792546194,0.9859363729567544,0.9890130573694068
815,1,1.0,1.0,1.0,1.0,1.0,1.0,1.0,1.0,0.99999999999997,0.9540927825845407,0.9533166508928888,0.9859363729567544,0.9890130573694068
816,1,1.0,1.0,1.0,1.0,1.0,1.0,1.0,1.0,0.9999999999999687,0.9542052394628852,0.4267502258453284,0.9859363729567544,0.9890130573694068
817,1,1.0,1.0,1.0,1.0,1.0,1.0,1.0,0.99988496,0.9999999999999694,0.954032608307864,0.9622011931629668,0.9859363729567544,0.9890130573694068
818,1,0.0,1.0,1.0,1.0,0.0,0.0,1.0,4.401801e-15,0.99999999999997,0.9542451887552998,0.1,0.9859363729567544,0.9890130573694068
819,1,0.0,1.0,1.0,1.0,0.0,0.0,1.0,0.3970947,0.99999999999997,0.9540584195650194,0.2733217828766845,0.9859363729567544,0.9890130573694068
820,1,1.0,1.0,1.0,1.0,1.0,1.0,1.0,0.9999987,0.99999999999997,0.9542274562584733,0.9724374421153074,0.9859363729567544,0.9890130573694068
821,1,0.0,1.0,1.0,1.0,0.0,0.0,1.0,0.25642607,0.99999999999997,0.9541711761104344,0.7446615866478703,0.9859363729567544,0.9890130573694068
822,1,0.0,1.0,1.0,1.0,0.0,0.0,1.0,5.5041833e-09,0.99999999999997,0.9540408186143805,0.1,0.9859363729567544,0.9890130573694068
823,1,1.0,1.0,1.0,1.0,1.0,1.0,1.0,0.9999999,0.99999999999997,0.9541322769687327,0.8795372593776664,0.9859363729567544,0.9890130573694068
824,1,1.0,1.0,1.0,1.0,1.0,1.0,1.0,1.0,0.99999999999997,0.9541932941940231,0.9964856988953309,0.9859363729567544,0.9890130573694068
825,1,1.0,0.7833333333333333,1.0,1.0,1.0,1.0,1.0,1.0,0.9976332166393443,0.7727550266432447,0.9732337534111175,0.9859363729567544,0.9890130573694068
826,1,0.0,0.7833333333333333,1.0,1.0,0.0,0.0,1.0,5.8608466e-06,0.9954757921209669,0.7494931943120329,0.2599971595092155,0.9859363729567544,0.9890130573694068
827,1,1.0,1.0,1.0,1.0,1.0,1.0,1.0,0.9996222,0.99999999999997,0.9518894133828845,0.9324869824282369,0.9859363729567544,0.9890130573694068
828,1,0.0,1.0,1.0,1.0,0.0,0.0,1.0,9.82822e-06,0.99999999999997,0.9518304255189391,0.1003838954544549,0.9859363729567544,0.9890130573694068
829,1,1.0,1.0,1.0,1.0,1.0,1.0,1.0,0.9999895,0.99999999999997,0.9518535370601046,0.991320830552049,0.9859363729567544,0.9890130573694068
830,1,0.0,1.0,1.0,1.0,0.0,0.0,1.0,9.82822e-06,0.9999999999999699,0.9517415758588788,0.1003838954544549,0.9859363729567544,0.9890130573694068
831,1,0.0,1.0,1.0,1.0,0.0,0.0,1.0,0.14409849,0.9999999999999621,0.9519030727270313,0.1,0.9859363729567544,0.9890130573694068
832,1,1.0,1.0,1.0,1.0,1.0,1.0,1.0,1.0,0.9999999999998324,0.9518728305117709,0.87045581279883,0.9859363729567544,0.9890130573694068
833,1,1.0,1.0,1.0,1.0,1.0,1.0,1.0,1.0,0.99999999999997,0.9519681177502926,0.9916966862777288,0.9859363729567544,0.9890130573694068
834,1,1.0,1.0,1.0,1.0,1.0,1.0,1.0,0.999092,0.9999999999999414,0.9517653874525169,0.14108245061996905,0.9859363729567544,0.9890130573694068
835,1,1.0,1.0,1.0,1.0,1.0,1.0,1.0,1.0,0.99999999999997,0.9519267061780489,0.659662308632584,0.9859363729567544,0.9890130573694068
836,1,1.0,1.0,1.0,1.0,1.0,1.0,1.0,1.0,0.99999999999997,0.951872247493789,0.9587349533741815,0.9859363729567544,0.9890130573694068
837,1,1.0,1.0,1.0,1.0,1.0,1.0,1.0,0.9995827,0.99999999999997,0.9518584564799556,0.9973560396425522,0.9859363729567544,0.9890130573694068
838,1,1.0,1.0,1.0,1.0,1.0,1.0,1.0,1.0,0.999999999999969,0.9519026028291855,0.8788993034114874,0.9859363729567544,0.9890130573694068
839,1,0.0,1.0,1.0,1.0,0.0,0.0,1.0,1.3410914e-15,0.9999999999992422,0.951912924805054,0.1,0.9859363729567544,0.9890130573694068
840,1,0.0,1.0,1.0,1.0,0.0,0.0,1.0,3.2827323e-09,0.9999999999995652,0.9519075052882241,0.1,0.9859363729567544,0.9890130573694068
841,1,0.0,1.0,1.0,1.0,0.0,0.0,1.0,3.0266167e-10,0.9999999999956993,0.9519031228241978,0.1,0.9859363729567544,0.9890130573694068
842,1,1.0,1.0,1.0,1.0,1.0,1.0,1.0,1.0,0.9999999999944726,0.9518404539057184,0.1,0.9859363729567544,0.9890130573694068
843,1,1.0,1.0,1.0,1.0,1.0,1.0,1.0,0.9971705,0.9999999999998354,0.9517958438757398,0.20490423665318128,0.9859363729567544,0.9890130573694068
844,1,0.0,1.0,1.0,1.0,0.0,0.0,1.0,2.3267104e-08,0.9999999999999697,0.9517932309979465,0.1,0.9859363729567544,0.9890130573694068
845,1,1.0,1.0,1.0,1.0,1.0,1.0,1.0,0.9999999,0.9999999999999485,0.9519503242537336,0.9869115521370168,0.9859363729567544,0.9890130573694068
846,1,1.0,1.0,1.0,1.0,1.0,1.0,1.0,0.9970893,0.999999999999967,0.9518629124730366,0.25746383193236816,0.9859363729567544,0.9890130573694068
847,1,1.0,1.0,1.0,1.0,1.0,1.0,1.0,0.9948866,0.9999999999999695,0.9518405775901134,0.3976530250742608,0.9859363729567544,0.9890130573694068
848,1,0.0,1.0,1.0,1.0,0.0,0.0,1.0,3.3051311e-12,0.9999999999999609,0.951777551358277,0.1,0.9859363729567544,0.9890130573694068
849,1,1.0,1.0,1.0,1.0,1.0,1.0,1.0,0.9999075,0.999999999999954,0.9518355301919441,0.23187256427684283,0.9859363729567544,0.9890130573694068
850,1,1.0,1.0,1.0,1.0,1.0,1.0,1.0,1.0,0.99999999999997,0.9518944031424402,0.5563036772911174,0.9859363729567544,0.9890130573694068
851,1,1.0,1.0,1.0,1.0,1.0,1.0,1.0,0.9999443,0.99999999999997,0.9519667667297098,0.12746446929133737,0.9859363729567544,0.9890130573694068
852,1,1.0,1.0,1.0,1.0,1.0,1.0,1.0,0.99999857,0.99999999999997,0.9518998807261646,0.4422890523980754,0.9859363729567544,0.9890130573694068
853,1,0.0,1.0,1.0,1.0,0.0,0.0,1.0,0.07451417,0.99999999999997,0.9519648838649848,0.8060252783453502,0.9859363729567544,0.9890130573694068
854,1,1.0,1.0,1.0,1.0,1.0,1.0,1.0,0.99999976,0.99999999999997,0.9517525895485598,0.6345667281920946,0.9859363729567544,0.9890130573694068
855,1,1.0,1.0,1.0,1.0,1.0,1.0,1.0,1.0,0.99999999999997,0.9517743893075158,0.9220078579861262,0.9859363729567544,0.9890130573694068
856,1,0.0,1.0,1.0,1.0,0.0,0.0,1.0,0.0004184108,0.999999999999969,0.9519282686952452,0.23466765181219684,0.9859363729567544,0.9890130573694068
857,1,1.0,1.0,1.0,1.0,1.0,1.0,1.0,0.99999714,0.99999999999997,0.9517498013471265,0.1515444419493013,0.9859363729567544,0.9890130573694068
858,1,0.0,1.0,1.0,1.0,0.0,0.0,1.0,0.0029098105,0.99999999999997,0.9518315766310957,0.1281403686997113,0.9859363729567544,0.9890130573694068
859,1,0.0,1.0,1.0,1.0,0.0,0.0,1.0,9.718019e-10,0.99999999999997,0.9520045219423123,0.1,0.9859363729567544,0.9890130573694068
860,1,0.0,1.0,1.0,1.0,0.0,0.0,1.0,0.0003057393,0.99999999999997,0.9519487992941028,0.11429712143452582,0.9859363729567544,0.9890130573694068
861,1,0.0,1.0,1.0,1.0,0.0,0.0,1.0,0.25682324,0.99999999999997,0.9517451827311844,0.16960940153250634,0.9859363729567544,0.9890130573694068
862,1,0.0,1.0,1.0,1.0,0.0,0.0,1.0,4.1377902e-08,0.99999999999997,0.951926113093368,0.22157820241595014,0.9859363729567544,0.9890130573694068
863,1,1.0,1.0,1.0,1.0,1.0,1.0,1.0,1.0,0.99999999999997,0.9518677486005827,0.7898510662464483,0.9859363729567544,0.9890130573694068
864,1,1.0,1.0,1.0,1.0,1.0,1.0,1.0,0.9997392,0.99999999999997,0.9519921093780056,0.20024211308705334,0.9859363729567544,0.9890130573694068
865,1,1.0,1.0,1.0,1.0,1.0,1.0,1.0,0.999998,0.99999999999997,0.9520229986547882,0.8019341778635344,0.9859363729567544,0.9890130573694068
866,1,1.0,1.0,1.0,1.0,1.0,1.0,1.0,0.9984048,0.99999999999997,0.9519070058740493,0.42173316397704474,0.9859363729567544,0.9890130573694068
867,1,1.0,1.0,1.0,1.0,1.0,1.0,1.0,0.996851,0.99999999999997,0.9518227785549669,0.21085373068681304,0.9859363729567544,0.9890130573694068
868,1,1.0,1.0,1.0,1.0,1.0,1.0,1.0,1.0,0.99999999999997,0.9517724208409056,0.7408851222515064,0.9859363729567544,0.9890130573694068
869,1,1.0,1.0,1.0,1.0,1.0,1.0,1.0,1.0,0.99999999999997,0.951909938031793,0.9629175195537952,0.9859363729567544,0.9890130573694068
870,1,1.0,1.0,1.0,1.0,1.0,1.0,1.0,0.8932082,0.99999999999997,0.9519243329575722,0.10015950318476434,0.9859363729567544,0.9890130573694068
871,1,1.0,1.0,1.0,1.0,1.0,1.0,1.0,1.0,0.99999999999997,0.9519719797568791,0.7516586051911581,0.9859363729567544,0.9890130573694068
872,1,0.0,1.0,1.0,1.0,0.0,0.0,1.0,3.6918276e-08,0.99999999999997,0.9518104990759878,0.4096681335033886,0.9859363729567544,0.9890130573694068
873,1,1.0,1.0,1.0,1.0,1.0,1.0,1.0,0.9896073,0.99999999999997,0.9518110032744563,0.18496782535239917,0.9859363729567544,0.9890130573694068
874,1,1.0,1.0,1.0,1.0,1.0,1.0,1.0,0.99999905,0.99999999999997,0.9519822674324568,0.6552260946294374,0.9859363729567544,0.9890130573694068
875,1,1.0,1.0,1.0,1.0,1.0,1.0,1.0,0.99999917,0.99999999999997,0.9518967047707119,0.9925016649172462,0.9859363729567544,0.9890130573694068
876,1,1.0,1.0,1.0,1.0,1.0,1.0,1.0,0.99343103,0.99999999999997,0.9518228286710976,0.781446129778931,0.9859363729567544,0.9890130573694068
877,1,1.0,1.0,1.0,1.0,1.0,1.0,1.0,1.0,0.99999999999997,0.9519795740520941,0.7466034304968518,0.9859363729567544,0.9890130573694068
878,1,0.0,1.0,1.0,1.0,0.0,0.0,1.0,3.9058336e-06,0.99999999999997,0.9517948586240227,0.4887950179946895,0.9859363729567544,0.9890130573694068
879,1,1.0,1.0,1.0,1.0,1.0,1.0,1.0,0.99190384,0.99999999999997,0.9518344371799343,0.7576371746564398,0.9859363729567544,0.9890130573694068
880,1,1.0,0.7833333333333333,1.0,1.0,1.0,1.0,1.0,1.0,0.9914477544578287,0.7495215212152098,0.9658062106080287,0.9859363729567544,0.9890130573694068
881,0,1.0,0.36666666666666664,1.0,1.0,0.0,0.0,1.0,1.8469508e-09,0.6005113748021301,0.018013415689332225,0.1,0.9859363729567544,0.9890130573694068
882,0,1.0,0.7333333333333333,1.0,1.0,1.0,1.0,1.0,0.0005417125,0.3096644941608709,0.01798171649814356,0.5262236396289184,0.9859363729567544,0.9890130573694068
883,0,1.0,0.75,1.0,1.0,1.0,1.0,1.0,2.720611e-11,0.3316117447171232,0.017983658498660772,0.9995806010728354,0.9859363729567544,0.9890130573694068
884,0,0.0,0.8,1.0,1.0,0.0,0.0,1.0,0.69049734,0.2950305916419708,0.018009317722144626,0.32366092423124054,0.9859363729567544,0.9890130573694068
885,0,1.0,0.8333333333333334,1.0,1.0,1.0,1.0,1.0,4.9199745e-05,0.28064430906166016,0.01799261001957962,0.3322151859491294,0.9859363729567544,0.9890130573694068
886,0,1.0,0.75,1.0,1.0,1.0,1.0,1.0,4.693644e-06,0.30552715107608897,0.017992332707074017,0.2941146933297258,0.9859363729567544,0.9890130573694068
887,0,1.0,0.8166666666666667,1.0,1.0,1.0,1.0,1.0,4.1269452e-08,0.28773890311587574,0.01798072218779035,0.8393890408591013,0.9859363729567544,0.9890130573694068
888,0,1.0,0.85,1.0,1.0,1.0,1.0,1.0,1.7406449e-09,0.27638428882218097,0.017991452499099038,0.9838191339578173,0.9859363729567544,0.9890130573694068
889,0,1.0,0.7666666666666667,1.0,1.0,1.0,1.0,1.0,0.00016018294,0.30012389528076017,0.017972060534621585,0.9962440950748255,0.9859363729567544,0.9890130573694068
890,0,0.0,0.7333333333333333,1.0,1.0,0.0,0.0,1.0,0.69049734,0.3510619688301239,0.01801570502543544,0.32366092423124054,0.9859363729567544,0.9890130573694068
891,0,1.0,0.8166666666666667,1.0,1.0,1.0,1.0,1.0,6.8185696e-10,0.2790543297445319,0.017963151263704447,0.8844881843282184,0.9859363729567544,0.9890130573694068
892,0,1.0,0.75,1.0,1.0,1.0,1.0,1.0,0.0008201954,0.2966909785328921,0.01796555050180992,0.27611217404237254,0.9859363729567544,0.9890130573694068
893,0,1.0,0.85,1.0,1.0,1.0,1.0,1.0,1.2569387e-06,0.2172107729148261,0.01800941408418645,0.5906563412929802,0.9859363729567544,0.9890130573694068
894,0,1.0,0.7166666666666667,1.0,1.0,1.0,1.0,1.0,6.6079207e-07,0.3200277707768284,0.01798724837033432,0.3092558312487487,0.9859363729567544,0.9890130573694068
895,0,1.0,0.8666666666666667,1.0,1.0,1.0,1.0,1.0,6.293641e-06,0.2511930792709768,0.017971070748912635,0.8168118639243936,0.9859363729567544,0.9890130573694068
896,0,1.0,0.9166666666666666,1.0,1.0,0.0,0.0,1.0,1.7133832e-14,0.5438330986989462,0.38962727806121583,0.1,0.9859363729567544,0.9890130573694068
897,1,1.0,1.0,1.0,1.0,1.0,1.0,1.0,0.99999976,0.99999999999997,0.9875303128058784,0.3057487389982499,0.9859363729567544,0.9890130573694068
898,1,1.0,1.0,1.0,1.0,1.0,1.0,1.0,0.9871085,0.99999999999997,0.9875117129184647,0.6336024974270319,0.9859363729567544,0.9890130573694068
899,1,1.0,1.0,1.0,1.0,1.0,1.0,1.0,0.9996822,0.99999999999997,0.987511811152037,0.5057865691845055,0.9859363729567544,0.9890130573694068
900,1,1.0,1.0,1.0,1.0,1.0,1.0,1.0,1.0,0.99999999999997,0.9875184626676685,0.8951122581453572,0.9859363729567544,0.9890130573694068
901,1,0.0,1.0,1.0,1.0,0.0,0.0,1.0,9.38001e-11,0.99999999999997,0.9875445343285761,0.35689134948490503,0.9859363729567544,0.9890130573694068
902,1,0.0,1.0,1.0,1.0,0.0,0.0,1.0,1.797158e-11,0.99999999999997,0.9875528648009702,0.27593857167431207,0.9859363729567544,0.9890130573694068
903,1,0.0,1.0,1.0,1.0,0.0,0.0,1.0,1.8142469e-08,0.99999999999997,0.9875644999210016,0.1,0.9859363729567544,0.9890130573694068
904,1,1.0,1.0,1.0,1.0,1.0,1.0,1.0,1.0,0.99999999999997,0.9874974995004512,0.4267502258453284,0.9859363729567544,0.9890130573694068
905,0,1.0,0.5166666666666667,1.0,1.0,0.0,0.0,1.0,1.0355342e-12,0.6982303640913539,0.26037230316844356,0.2499748066427335,0.9859363729567544,0.9890130573694068
906,1,1.0,1.0,1.0,1.0,1.0,1.0,1.0,1.0,0.9773398299249144,0.9239238969636325,0.9572629921487055,0.9859363729567544,0.9890130573694068
907,1,1.0,1.0,1.0,1.0,1.0,1.0,1.0,0.9491684,0.9999999999999424,0.9552848107116909,0.25523531097960994,0.9859363729567544,0.9890130573694068
908,1,0.0,1.0,1.0,1.0,0.0,0.0,1.0,3.344522e-10,0.9999999999983019,0.9552818869761425,0.16953796513629257,0.9859363729567544,0.9890130573694068
909,1,1.0,1.0,1.0,1.0,1.0,1.0,1.0,0.98682785,0.9999999999999623,0.9553728764675137,0.1423031061774227,0.9859363729567544,0.9890130573694068
910,1,1.0,1.0,1.0,1.0,1.0,1.0,1.0,0.9999995,0.9999999999999314,0.9553907950381875,0.6489883201016136,0.9859363729567544,0.9890130573694068
911,1,0.0,1.0,1.0,1.0,0.0,0.0,1.0,0.04825154,0.9999999999999472,0.9552852275794942,0.12134596872986951,0.9859363729567544,0.9890130573694068
912,1,1.0,1.0,1.0,1.0,1.0,1.0,1.0,0.9999852,0.9999999999997639,0.9552368196456656,0.6018075337056683,0.9859363729567544,0.9890130573694068
913,1,1.0,1.0,1.0,1.0,1.0,1.0,1.0,0.8386565,0.9999999999999061,0.9553026760101608,0.12989260380094145,0.9859363729567544,0.9890130573694068
914,1,1.0,1.0,1.0,1.0,1.0,1.0,1.0,0.9999963,0.9999999999999571,0.9553487104575213,0.6267572860273429,0.9859363729567544,0.9890130573694068
915,1,0.0,1.0,1.0,1.0,0.0,0.0,1.0,0.013339142,0.9999999999999694,0.9552934645965566,0.14861860717272699,0.9859363729567544,0.9890130573694068
916,1,1.0,1.0,1.0,1.0,1.0,1.0,1.0,0.99999404,0.9999999999965608,0.9553097203560503,0.39642542481143034,0.9859363729567544,0.9890130573694068
917,1,1.0,1.0,1.0,1.0,1.0,1.0,1.0,0.99971277,0.9999999999999699,0.9553331971948561,0.9384258487980175,0.9859363729567544,0.9890130573694068
918,1,0.0,1.0,1.0,1.0,0.0,0.0,1.0,4.039453e-10,0.9999999999999676,0.9553618562029574,0.23504315055728822,0.9859363729567544,0.9890130573694068
919,1,1.0,1.0,1.0,1.0,1.0,1.0,1.0,1.0,0.9999999999999304,0.9552966181783146,0.9022665694151205,0.9859363729567544,0.9890130573694068
920,1,1.0,1.0,1.0,1.0,1.0,1.0,1.0,1.0,0.9999999999999695,0.955216252023466,0.8662003556937657,0.9859363729567544,0.9890130573694068
921,1,0.0,1.0,1.0,1.0,0.0,0.0,1.0,4.8680813e-13,0.9999999999999614,0.9553071144106824,0.1,0.9859363729567544,0.9890130573694068
922,1,1.0,1.0,1.0,1.0,1.0,1.0,1.0,1.0,0.9999999999999107,0.9553258077400392,0.17807097536857733,0.9859363729567544,0.9890130573694068
923,1,1.0,1.0,1.0,1.0,1.0,1.0,1.0,1.0,0.99999999999997,0.9553387802015045,0.7600278647528214,0.9859363729567544,0.9890130573694068
924,1,1.0,1.0,1.0,1.0,1.0,1.0,1.0,1.0,0.99999999999997,0.955361775534951,0.4958904358598257,0.9859363729567544,0.9890130573694068
925,1,1.0,1.0,1.0,1.0,0.0,0.0,1.0,0.514872,0.99999999999997,0.9552037482536363,0.1697731909346941,0.9859363729567544,0.9890130573694068
926,1,1.0,1.0,1.0,1.0,1.0,1.0,1.0,0.9999075,0.99999999999997,0.9553641870015691,0.23187256427684283,0.9859363729567544,0.9890130573694068
927,0,1.0,0.48333333333333334,1.0,1.0,0.0,0.0,1.0,1.3278632e-08,0.7582161616270543,0.2835851419502393,0.720521436714016,0.9859363729567544,0.9890130573694068
928,0,1.0,0.6166666666666667,1.0,1.0,1.0,1.0,1.0,0.0011993204,0.4464868311114162,0.018005672061321792,0.47163532192883156,0.9859363729567544,0.9890130573694068
929,1,1.0,1.0,1.0,1.0,1.0,1.0,1.0,1.0,0.9999999999999687,0.9898629665031099,0.9808131072563134,0.9859363729567544,0.9890130573694068
930,1,1.0,1.0,1.0,1.0,1.0,1.0,1.0,0.99988496,0.99999999999997,0.9899143849483917,0.9622011931629668,0.9859363729567544,0.9890130573694068
931,1,0.0,1.0,1.0,1.0,0.0,0.0,1.0,1.2180659e-05,0.99999999999997,0.9899017134755359,0.1,0.9859363729567544,0.9890130573694068
932,1,0.0,1.0,1.0,1.0,0.0,0.0,1.0,0.00015098462,0.99999999999997,0.9899230905024918,0.13851080309324984,0.9859363729567544,0.9890130573694068
933,1,1.0,1.0,1.0,1.0,1.0,1.0,1.0,0.9887215,0.99999999999997,0.9898898216152815,0.5096592394213145,0.9859363729567544,0.9890130573694068
934,1,1.0,1.0,1.0,1.0,1.0,1.0,1.0,0.9998708,0.99999999999997,0.9899097497921238,0.9171636957063363,0.9859363729567544,0.9890130573694068
935,1,1.0,1.0,1.0,1.0,1.0,1.0,1.0,0.9810579,0.99999999999997,0.9899029592351418,0.11400813319352046,0.9859363729567544,0.9890130573694068
936,1,1.0,1.0,1.0,1.0,1.0,1.0,1.0,0.99999917,0.9999999999999504,0.9899156321002597,0.1925793588306167,0.9859363729567544,0.9890130573694068
937,1,0.0,1.0,1.0,1.0,0.0,0.0,1.0,1.6697414e-11,0.99999999999997,0.9899068449563321,0.1,0.9859363729567544,0.9890130573694068
938,1,1.0,1.0,1.0,1.0,1.0,1.0,1.0,1.0,0.99999999999997,0.9899140647804507,0.7610156444741744,0.9859363729567544,0.9890130573694068
939,1,0.0,1.0,1.0,1.0,0.0,0.0,1.0,5.997959e-09,0.9999999999999561,0.989880884044232,0.1,0.9859363729567544,0.9890130573694068
940,1,1.0,1.0,1.0,1.0,1.0,1.0,1.0,1.0,0.99999999999997,0.9898960354165172,0.9592459720128048,0.9859363729567544,0.9890130573694068
941,1,0.0,1.0,1.0,1.0,0.0,0.0,1.0,1.3403438e-05,0.99999999999997,0.9898719409330711,0.13652290923108515,0.9859363729567544,0.9890130573694068
942,1,0.0,1.0,1.0,1.0,0.0,0.0,1.0,3.9058336e-06,0.99999999999997,0.9898961031697923,0.4887950179946895,0.9859363729567544,0.9890130573694068
943,1,1.0,1.0,1.0,1.0,1.0,1.0,1.0,0.99997675,0.99999999999997,0.9898885580511647,0.19903105408564986,0.9859363729567544,0.9890130573694068
944,1,1.0,1.0,1.0,1.0,1.0,1.0,1.0,0.99999976,0.99999999999997,0.989878551669411,0.2360349144067804,0.9859363729567544,0.9890130573694068
945,1,0.0,1.0,1.0,1.0,0.0,0.0,1.0,1.4485577e-13,0.99999999999997,0.9899042596729587,0.1,0.9859363729567544,0.9890130573694068
946,1,1.0,1.0,1.0,1.0,1.0,1.0,1.0,0.8365565,0.99999999999997,0.9899284094760634,0.17808688950374102,0.9859363729567544,0.9890130573694068
947,1,1.0,1.0,1.0,1.0,1.0,1.0,1.0,0.99996984,0.99999999999997,0.9898936760348586,0.15706284118987018,0.9859363729567544,0.9890130573694068
948,1,1.0,1.0,1.0,1.0,1.0,1.0,1.0,0.9999995,0.99999999999997,0.9898939731161648,0.8981003350632393,0.9859363729567544,0.9890130573694068
949,1,0.0,1.0,1.0,1.0,0.0,0.0,1.0,1.70494e-10,0.99999999999997,0.989911493010864,0.2725498910290351,0.9859363729567544,0.9890130573694068
950,1,1.0,1.0,1.0,1.0,1.0,1.0,1.0,1.0,0.99999999999997,0.9899213125536973,0.9891537061661906,0.9859363729567544,0.9890130573694068
951,1,1.0,1.0,1.0,1.0,1.0,1.0,1.0,0.9999703,0.99999999999997,0.9899018518111029,0.13630983221320886,0.9859363729567544,0.9890130573694068
952,1,1.0,1.0,1.0,1.0,1.0,1.0,1.0,0.9997172,0.99999999999997,0.9899016805524717,0.1770030319685826,0.9859363729567544,0.9890130573694068
953,1,1.0,1.0,1.0,1.0,1.0,1.0,1.0,1.0,0.99999999999997,0.9899120077129916,0.9580048109976181,0.9859363729567544,0.9890130573694068
954,1,1.0,1.0,1.0,1.0,1.0,1.0,1.0,1.0,0.99999999999997,0.9898970077908621,0.9213250551949715,0.9859363729567544,0.9890130573694068
955,1,1.0,1.0,1.0,1.0,1.0,1.0,1.0,0.9999393,0.9999999999999688,0.989913165251141,0.9954231066714642,0.9859363729567544,0.9890130573694068
956,1,1.0,1.0,1.0,1.0,1.0,1.0,1.0,0.9999999,0.99999999999997,0.9899350557067,0.3460920406932576,0.9859363729567544,0.9890130573694068
957,1,1.0,1.0,1.0,1.0,1.0,1.0,1.0,0.9908941,0.99999999999997,0.9898986574554716,0.1448332707106699,0.9859363729567544,0.9890130573694068
958,1,0.0,1.0,1.0,1.0,0.0,0.0,1.0,0.4072059,0.99999999999997,0.9898742277379361,0.23690510833282474,0.9859363729567544,0.9890130573694068
959,1,1.0,1.0,1.0,1.0,1.0,1.0,1.0,0.999087,0.9999999999999699,0.9898970226581184,0.6769351626892786,0.9859363729567544,0.9890130573694068
960,1,1.0,1.0,1.0,1.0,1.0,1.0,1.0,0.999998,0.9999999999999685,0.9898838741930345,0.8019341778635344,0.9859363729567544,0.9890130573694068
961,1,1.0,1.0,1.0,1.0,1.0,1.0,1.0,0.999554,0.99999999999997,0.989896886782027,0.9894586186200907,0.9859363729567544,0.9890130573694068
962,1,1.0,1.0,1.0,1.0,1.0,1.0,1.0,0.99998295,0.99999999999997,0.9898946400737985,0.1,0.9859363729567544,0.9890130573694068
963,1,1.0,1.0,1.0,1.0,1.0,1.0,1.0,0.9999541,0.99999999999997,0.9898815831672206,0.3989818229685059,0.9859363729567544,0.9890130573694068
964,1,1.0,1.0,1.0,1.0,1.0,1.0,1.0,0.999998,0.9999999999999674,0.989918703846102,0.8019341778635344,0.9859363729567544,0.9890130573694068
965,1,0.0,1.0,1.0,1.0,0.0,0.0,1.0,1.8572707e-19,0.99999999999997,0.9899253871738785,0.1,0.9859363729567544,0.9890130573694068
966,1,0.0,1.0,1.0,1.0,0.0,0.0,1.0,0.020937636,0.9999999999999661,0.9899000699586179,0.1,0.9859363729567544,0.9890130573694068
967,1,1.0,1.0,1.0,1.0,1.0,1.0,1.0,1.0,0.99999999999997,0.9898894050543148,0.8610554893434815,0.9859363729567544,0.9890130573694068
968,1,0.0,0.7666666666666667,1.0,1.0,0.0,0.0,1.0,0.023383148,0.9988523574561928,0.7594187609888178,0.1858962316430338,0.9859363729567544,0.9890130573694068
969,1,0.0,1.0,1.0,1.0,0.0,0.0,1.0,1.6072774e-13,0.99999999999997,0.9144986356027487,0.1,0.9859363729567544,0.9890130573694068
970,1,1.0,1.0,1.0,1.0,1.0,1.0,1.0,1.0,0.99999999999997,0.9143492609190863,0.8402963665974585,0.9859363729567544,0.9890130573694068
971,1,0.0,1.0,1.0,1.0,0.0,0.0,1.0,0.29819658,0.99999999999997,0.9143957486079352,0.20204220841820467,0.9859363729567544,0.9890130573694068
972,1,1.0,1.0,1.0,1.0,1.0,1.0,1.0,1.0,0.99999999999997,0.9142548007374914,0.9839578465989843,0.9859363729567544,0.9890130573694068
973,1,1.0,1.0,1.0,1.0,1.0,1.0,1.0,0.94664294,0.99999999999997,0.9144857321201859,0.1943101315038208,0.9859363729567544,0.9890130573694068
974,1,1.0,1.0,1.0,1.0,1.0,1.0,1.0,0.9999987,0.99999999999997,0.9142825566486182,0.9898822395019363,0.9859363729567544,0.9890130573694068
975,1,1.0,1.0,1.0,1.0,1.0,1.0,1.0,1.0,0.99999999999997,0.914510447061157,0.9920424062396028,0.9859363729567544,0.9890130573694068
976,1,0.0,1.0,1.0,1.0,0.0,0.0,1.0,4.8642113e-09,0.99999999999997,0.9145054470959468,0.1,0.9859363729567544,0.9890130573694068
977,1,1.0,1.0,1.0,1.0,1.0,1.0,1.0,0.9999949,0.99999999999997,0.9141476833793775,0.9919996376440813,0.9859363729567544,0.9890130573694068
978,1,1.0,1.0,1.0,1.0,1.0,1.0,1.0,0.9999993,0.99999999999997,0.9142623804748069,0.1,0.9859363729567544,0.9890130573694068
979,1,0.0,1.0,1.0,1.0,0.0,0.0,1.0,1.685985e-08,0.99999999999997,0.9142782675934659,0.23734118460306347,0.9859363729567544,0.9890130573694068
980,1,1.0,1.0,1.0,1.0,1.0,1.0,1.0,1.0,0.99999999999997,0.9142611790636026,0.8519601842701501,0.9859363729567544,0.9890130573694068
981,1,0.0,1.0,1.0,1.0,0.0,0.0,1.0,0.008417474,0.99999999999997,0.9143922118194682,0.1254811445552468,0.9859363729567544,0.9890130573694068
982,1,0.0,1.0,1.0,1.0,0.0,0.0,1.0,9.533145e-10,0.99999999999997,0.9144877473006642,0.1,0.9859363729567544,0.9890130573694068
983,1,1.0,1.0,1.0,1.0,1.0,1.0,1.0,1.0,0.99999999999997,0.9143869269547118,0.4604221292950417,0.9859363729567544,0.9890130573694068
984,1,1.0,1.0,1.0,1.0,1.0,1.0,1.0,0.9999968,0.99999999999997,0.914408976948358,0.9298491246904113,0.9859363729567544,0.9890130573694068
985,1,1.0,1.0,1.0,1.0,1.0,1.0,1.0,0.99999976,0.99999999999997,0.9145150186653345,0.9114763336539669,0.9859363729567544,0.9890130573694068
986,1,0.0,1.0,1.0,1.0,0.0,0.0,1.0,9.019544e-16,0.99999999999997,0.914361686697769,0.1,0.9859363729567544,0.9890130573694068
987,1,1.0,1.0,1.0,1.0,1.0,1.0,1.0,0.99978656,0.99999999999997,0.9143440332717713,0.977957952223614,0.9859363729567544,0.9890130573694068
988,1,1.0,1.0,1.0,1.0,1.0,1.0,1.0,0.99998736,0.99999999999997,0.9146373528607477,0.6514062411203296,0.9859363729567544,0.9890130573694068
989,1,1.0,1.0,1.0,1.0,1.0,1.0,1.0,0.9999684,0.99999999999997,0.9142340634908649,0.6393200410396528,0.9859363729567544,0.9890130573694068
990,1,0.0,1.0,1.0,1.0,0.0,0.0,1.0,0.4006288,0.99999999999997,0.9146712326198191,0.1,0.9859363729567544,0.9890130573694068
991,1,0.0,1.0,1.0,1.0,0.0,0.0,1.0,9.533145e-10,0.99999999999997,0.9143928662523565,0.1,0.9859363729567544,0.9890130573694068
992,1,1.0,1.0,1.0,1.0,1.0,1.0,1.0,0.9992331,0.9999999999999603,0.914432802266719,0.9925254356471738,0.9859363729567544,0.9890130573694068
993,1,1.0,1.0,1.0,1.0,1.0,0.0,1.0,0.6221816,0.99999999999997,0.9143336933913614,0.22878561753558377,0.9859363729567544,0.9890130573694068
994,1,1.0,1.0,1.0,1.0,1.0,1.0,1.0,1.0,0.99999999999997,0.914198990071425,0.7516586051911581,0.9859363729567544,0.9890130573694068
995,1,1.0,1.0,1.0,1.0,1.0,1.0,1.0,1.0,0.99999999999997,0.9145330266062017,0.9794649984549085,0.9859363729567544,0.9890130573694068
996,1,1.0,1.0,1.0,1.0,1.0,1.0,1.0,1.0,0.99999999999997,0.9142961105353442,0.7617977051802466,0.9859363729567544,0.9890130573694068
997,1,1.0,1.0,1.0,1.0,1.0,1.0,1.0,1.0,0.99999999999997,0.9144002010127862,0.9733558464827156,0.9859363729567544,0.9890130573694068
998,1,0.0,1.0,1.0,1.0,0.0,0.0,1.0,3.3051311e-12,0.99999999999997,0.9143290083986546,0.1,0.9859363729567544,0.9890130573694068
999,1,1.0,1.0,1.0,1.0,1.0,1.0,1.0,0.99922144,0.99999999999997,0.9143443868974839,0.12590884808452532,0.9859363729567544,0.9890130573694068
1000,1,1.0,1.0,1.0,1.0,1.0,1.0,1.0,1.0,0.99999999999997,0.9142483182463096,0.9713297326589602,0.9859363729567544,0.9890130573694068
1001,1,1.0,1.0,1.0,1.0,1.0,1.0,1.0,0.9999968,0.99999999999997,0.914274192890728,0.9298491246904113,0.9859363729567544,0.9890130573694068
1002,1,1.0,1.0,1.0,1.0,1.0,1.0,1.0,0.9989151,0.99999999999997,0.9145064700575347,0.21584119514094818,0.9859363729567544,0.9890130573694068
1003,1,1.0,1.0,1.0,1.0,1.0,1.0,1.0,0.9999025,0.99999999999997,0.914343153484065,0.9347296828864192,0.9859363729567544,0.9890130573694068
1004,1,1.0,1.0,1.0,1.0,1.0,1.0,1.0,1.0,0.99999999999997,0.914271243291075,0.8692393834623902,0.9859363729567544,0.9890130573694068
1005,1,1.0,1.0,1.0,1.0,1.0,1.0,1.0,1.0,0.99999999999997,0.914173740335233,0.9443170559207965,0.9859363729567544,0.9890130573694068
1006,1,1.0,1.0,1.0,1.0,1.0,1.0,1.0,1.0,0.99999999999997,0.91406282534038,0.8479859346325901,0.9859363729567544,0.9890130573694068
1007,1,1.0,1.0,1.0,1.0,1.0,1.0,1.0,0.836523,0.99999999999997,0.9141650948278345,0.14249221425707415,0.9859363729567544,0.9890130573694068
