win_idx,label,acc_v,acc_m,acc_u,acc_mv,acc_ds_eq,acc_ds_static,acc_ours,P_v,P_m,P_u,w_v,w_m,w_u
0,0,1.0,0.0,1.0,1.0,0.0,0.0,1.0,1.3183351e-14,0.9491237032322993,0.01796581024630993,0.19036576181169357,0.9525741268224334,0.9890130573694068
1,0,1.0,0.0,1.0,1.0,0.0,0.0,1.0,6.5264057e-06,0.9994313568720329,0.01797666210374031,0.25899484655910254,0.9525741268224334,0.9890130573694068
2,0,1.0,0.0,1.0,1.0,0.0,0.0,1.0,0.013915532,0.9985700523199668,0.018021843260644963,0.12636026383714605,0.9525741268224334,0.9890130573694068
3,0,1.0,0.0,1.0,1.0,0.0,0.0,1.0,1.1254101e-10,0.996629918721098,0.01798866471891475,0.13396954590969648,0.9525741268224334,0.9890130573694068
4,0,1.0,0.0,1.0,1.0,0.0,0.0,1.0,3.9245108e-07,0.9970464905544281,0.018015516021363472,0.1715336842224797,0.9525741268224334,0.9890130573694068
5,0,1.0,0.0,1.0,1.0,0.0,0.0,1.0,2.0928706e-08,0.9949779519981071,0.017929582248290835,0.2138032281339085,0.9525741268224334,0.9890130573694068
6,0,1.0,0.0,1.0,1.0,0.0,0.0,1.0,4.8204635e-07,0.9982611356857155,0.01797589314929137,0.26764537066177024,0.9525741268224334,0.9890130573694068
7,0,1.0,0.0,1.0,1.0,0.0,0.0,1.0,1.0450789e-11,0.99587627500826,0.017976414180048923,0.150916888689795,0.9525741268224334,0.9890130573694068
8,0,1.0,0.0,1.0,1.0,0.0,0.0,1.0,4.096026e-05,0.9956720533375074,0.018040347930449722,0.35220018520369095,0.9525741268224334,0.9890130573694068
9,0,1.0,0.0,1.0,1.0,0.0,0.0,1.0,2.390369e-09,0.9955277982697908,0.018035062236046787,0.995177265162012,0.9525741268224334,0.9890130573694068
10,0,1.0,0.0,1.0,1.0,0.0,0.0,1.0,7.001913e-09,0.99851815479504,0.018002537180086587,0.2965720307467939,0.9525741268224334,0.9890130573694068
11,0,0.0,0.0,1.0,0.0,0.0,0.0,1.0,1.0,0.9971189830491709,0.017965658001507977,0.1,0.9525741268224334,0.9890130573694068
12,0,1.0,0.0,1.0,1.0,0.0,0.0,1.0,9.9833065e-05,0.9978661851192229,0.018032617990943692,0.22109301246092009,0.9525741268224334,0.9890130573694068
13,0,1.0,0.0,1.0,1.0,0.0,0.0,1.0,2.3252744e-06,0.9962923601860249,0.01799875179037157,0.1333904242016301,0.9525741268224334,0.9890130573694068
14,0,1.0,0.0,1.0,1.0,0.0,0.0,1.0,0.0032946875,0.9958825661155147,0.017974814836850306,0.1701125453379932,0.9525741268224334,0.9890130573694068
15,0,0.0,0.0,1.0,0.0,0.0,0.0,1.0,1.0,0.9963267888257223,0.01801382210612951,0.1,0.9525741268224334,0.9890130573694068
16,0,1.0,0.0,1.0,1.0,0.0,0.0,1.0,0.30148548,0.9969547617571753,0.017976081978576582,0.2834258393885648,0.9525741268224334,0.9890130573694068
17,0,1.0,0.0,1.0,1.0,0.0,0.0,1.0,1.6150618e-09,0.9967770989794169,0.018050453422401844,0.15675360789784248,0.9525741268224334,0.9890130573694068
18,0,1.0,0.0,1.0,1.0,0.0,0.0,1.0,0.11715195,0.9950104350043714,0.017989501681287236,0.1,0.9525741268224334,0.9890130573694068
19,0,1.0,0.0,1.0,1.0,0.0,0.0,1.0,3.1935905e-08,0.9950027278693221,0.0179426520287906,0.35969960813053287,0.9525741268224334,0.9890130573694068
20,0,1.0,0.0,1.0,1.0,0.0,0.0,1.0,6.9585525e-07,0.997299581214102,0.018001607893823487,0.2526004973023015,0.9525741268224334,0.9890130573694068
21,0,0.0,0.0,1.0,0.0,0.0,0.0,1.0,1.0,0.9971476951053309,0.017950620306108635,0.1,0.9525741268224334,0.9890130573694068
22,0,1.0,0.0,1.0,1.0,0.0,0.0,1.0,0.0063146846,0.9962635081402856,0.01797609995735555,0.12925661420844997,0.9525741268224334,0.9890130573694068
23,0,1.0,0.0,1.0,1.0,0.0,0.0,1.0,1.2066521e-10,0.9961769131159347,0.017972174257153428,0.939788595961827,0.9525741268224334,0.9890130573694068
24,0,1.0,0.0,1.0,1.0,0.0,0.0,1.0,1.1729469e-07,0.9975349702504299,0.017993033516351252,0.259175239892368,0.9525741268224334,0.9890130573694068
25,0,1.0,0.0,1.0,1.0,0.0,0.0,1.0,0.025413955,0.9970924919606915,0.017955195540073094,0.21481111933112196,0.9525741268224334,0.9890130573694068
26,0,1.0,0.0,1.0,1.0,0.0,0.0,1.0,1.0367063e-08,0.9970472641173436,0.017960979518848827,0.4439136511718502,0.9525741268224334,0.9890130573694068
27,0,0.0,0.0,1.0,0.0,0.0,0.0,1.0,1.0,0.9953925586248128,0.017996462823980826,0.1,0.9525741268224334,0.9890130573694068
28,0,1.0,0.0,1.0,1.0,0.0,0.0,1.0,1.0367063e-08,0.9981639812241553,0.017969735508870325,0.4439136511718502,0.9525741268224334,0.9890130573694068
29,0,1.0,0.0,1.0,1.0,0.0,0.0,1.0,3.037502e-09,0.9895661275530758,0.01801240975508408,0.1,0.9525741268224334,0.9890130573694068
30,0,1.0,0.0,1.0,1.0,0.0,0.0,1.0,7.071255e-14,0.9973139142370138,0.01800991234460332,0.9986096562476681,0.9525741268224334,0.9890130573694068
31,0,1.0,0.0,1.0,1.0,0.0,0.0,1.0,0.011465534,0.9964494486265586,0.017966763074679773,0.1,0.9525741268224334,0.9890130573694068
32,0,1.0,0.0,1.0,1.0,0.0,0.0,1.0,1.3671706e-09,0.9959640465123099,0.018016146006862712,0.1,0.9525741268224334,0.9890130573694068
33,0,0.0,0.0,1.0,0.0,0.0,0.0,1.0,1.0,0.9969893949281127,0.017990884154933058,0.1,0.9525741268224334,0.9890130573694068
34,0,1.0,0.0,1.0,1.0,0.0,0.0,1.0,2.5957105e-17,0.9979538159268421,0.017974663825352385,0.1,0.9525741268224334,0.9890130573694068
35,0,1.0,0.23333333333333334,1.0,1.0,0.0,0.0,0.0,1.5748764e-17,0.9989461422240286,0.23767818630133536,0.1,0.9525741268224334,0.9890130573694068
36,1,0.0,1.0,1.0,1.0,0.0,0.0,1.0,0.0011557593,0.999416649543223,0.9596801175189583,0.1,0.9525741268224334,0.9890130573694068
37,1,1.0,1.0,1.0,1.0,1.0,1.0,1.0,0.9999919,0.9995023551824028,0.959611654636955,0.7409934440856922,0.9525741268224334,0.9890130573694068
38,1,0.0,1.0,1.0,1.0,0.0,0.0,1.0,1.6123146e-11,0.9998210734238061,0.9596048392820792,0.1,0.9525741268224334,0.9890130573694068
39,1,0.0,1.0,1.0,1.0,0.0,0.0,1.0,1.3677275e-11,0.9974115812192906,0.9597128525365203,0.1,0.9525741268224334,0.9890130573694068
40,1,0.0,1.0,1.0,1.0,0.0,0.0,1.0,5.405236e-08,0.9996398903963105,0.9596010679280431,0.9222013807325976,0.9525741268224334,0.9890130573694068
41,1,0.0,1.0,1.0,1.0,0.0,0.0,1.0,4.77657e-11,0.9981855151443905,0.9596027173377063,0.1,0.9525741268224334,0.9890130573694068
42,1,0.0,1.0,1.0,1.0,0.0,0.0,1.0,2.433099e-05,0.9993192190747732,0.9597628210573069,0.19235006285810632,0.9525741268224334,0.9890130573694068
43,1,0.0,1.0,1.0,1.0,0.0,0.0,1.0,0.0903155,0.9988273993294219,0.959785176011783,0.3700030530472775,0.9525741268224334,0.9890130573694068
44,1,1.0,1.0,1.0,1.0,1.0,1.0,1.0,0.9991642,0.9997163150532802,0.9596845224337446,0.913108161940057,0.9525741268224334,0.9890130573694068
45,1,0.0,1.0,1.0,1.0,0.0,0.0,1.0,2.4410857e-11,0.9990126053724727,0.9596557027935354,0.17255688823687645,0.9525741268224334,0.9890130573694068
46,1,1.0,1.0,1.0,1.0,1.0,1.0,1.0,0.97199553,0.998594270676012,0.9596582647835231,0.38262189062097346,0.9525741268224334,0.9890130573694068
47,1,1.0,1.0,1.0,1.0,1.0,1.0,1.0,1.0,0.9997353214076197,0.9597097468652259,0.9356203240308668,0.9525741268224334,0.9890130573694068
48,1,0.0,1.0,1.0,1.0,0.0,0.0,1.0,1.7821687e-08,0.9995101294768981,0.9597268368874027,0.48217265978625407,0.9525741268224334,0.9890130573694068
49,1,0.0,1.0,1.0,1.0,0.0,0.0,1.0,0.00014888577,0.9982005051564219,0.9597166781895542,0.821126197328325,0.9525741268224334,0.9890130573694068
50,1,1.0,1.0,1.0,1.0,1.0,1.0,1.0,0.9999558,0.9993278080656041,0.9596351064347963,0.1356424254939486,0.9525741268224334,0.9890130573694068
51,1,0.0,1.0,1.0,1.0,0.0,0.0,1.0,1.7592843e-15,0.9992773617176155,0.959677758298056,0.1,0.9525741268224334,0.9890130573694068
52,1,1.0,1.0,1.0,1.0,1.0,1.0,1.0,0.99870193,0.9961307309097142,0.9597301293661668,0.21042055580707136,0.9525741268224334,0.9890130573694068
53,1,1.0,1.0,1.0,1.0,1.0,1.0,1.0,1.0,0.9981906886171141,0.9597655709356114,0.9728477728544321,0.9525741268224334,0.9890130573694068
54,1,0.0,1.0,1.0,1.0,0.0,0.0,1.0,2.9160705e-05,0.9941946360810994,0.9597682696625363,0.1,0.9525741268224334,0.9890130573694068
55,1,1.0,1.0,1.0,1.0,1.0,1.0,1.0,0.9999999,0.9984292575615807,0.9596536500728513,0.9251645927175,0.9525741268224334,0.9890130573694068
56,1,0.0,1.0,1.0,1.0,0.0,0.0,1.0,9.594866e-12,0.9996490157899397,0.9596444304628879,0.17822310433545366,0.9525741268224334,0.9890130573694068
57,1,1.0,1.0,1.0,1.0,1.0,1.0,1.0,0.9996308,0.996958977749468,0.9596775283486426,0.908976512044179,0.9525741268224334,0.9890130573694068
58,1,0.0,1.0,1.0,1.0,0.0,0.0,1.0,0.010477611,0.9994430666368994,0.9597095689544556,0.10008600845579162,0.9525741268224334,0.9890130573694068
59,1,0.0,1.0,1.0,1.0,0.0,0.0,1.0,0.005354708,0.9994514341592505,0.9596917661137779,0.7456080200857192,0.9525741268224334,0.9890130573694068
60,1,0.0,1.0,1.0,1.0,0.0,0.0,1.0,1.9163646e-05,0.9984983641847882,0.9596288228934955,0.7021116741553022,0.9525741268224334,0.9890130573694068
61,1,0.0,1.0,1.0,1.0,0.0,0.0,1.0,5.705567e-10,0.9995674219981259,0.9597369616180986,0.4121549179379842,0.9525741268224334,0.9890130573694068
62,1,1.0,1.0,1.0,1.0,1.0,1.0,1.0,1.0,0.9988485228664314,0.9595794129616323,0.1,0.9525741268224334,0.9890130573694068
63,1,1.0,1.0,1.0,1.0,1.0,1.0,1.0,0.9985343,0.9989308382567545,0.9596092555150638,0.9394338509809449,0.9525741268224334,0.9890130573694068
64,1,0.0,1.0,1.0,1.0,0.0,0.0,1.0,1.6945405e-09,0.9983027646235895,0.9596417533904813,0.1,0.9525741268224334,0.9890130573694068
65,1,1.0,1.0,1.0,1.0,1.0,1.0,1.0,1.0,0.998809401697695,0.9595272766695901,0.8187906195090563,0.9525741268224334,0.9890130573694068
66,1,1.0,1.0,1.0,1.0,1.0,1.0,1.0,1.0,0.9975227192700812,0.9595843867764434,0.11306788961428904,0.9525741268224334,0.9890130573694068
67,1,0.0,1.0,1.0,1.0,0.0,0.0,1.0,2.8599612e-07,0.9988297512126753,0.9597203037675874,0.11479363442127533,0.9525741268224334,0.9890130573694068
68,1,0.0,1.0,1.0,1.0,0.0,0.0,1.0,1.9457537e-15,0.9987023823681216,0.9597550731060003,0.170654626355783,0.9525741268224334,0.9890130573694068
69,1,1.0,1.0,1.0,1.0,1.0,1.0,1.0,0.9989323,0.9992063028339738,0.9596546610816006,0.9906457162419323,0.9525741268224334,0.9890130573694068
70,1,0.0,1.0,1.0,1.0,0.0,0.0,1.0,1.344385e-15,0.9997636683184983,0.9595879994176061,0.1,0.9525741268224334,0.9890130573694068
71,1,1.0,1.0,1.0,1.0,1.0,1.0,1.0,0.82196635,0.9995457750354794,0.9596183225820484,0.8741654418041908,0.9525741268224334,0.9890130573694068
72,1,1.0,1.0,1.0,1.0,1.0,1.0,1.0,0.9416486,0.9998685506890024,0.959693028215159,0.8512166173764165,0.9525741268224334,0.9890130573694068
73,1,1.0,1.0,1.0,1.0,1.0,1.0,1.0,1.0,0.999716705778426,0.9597204685658062,0.9861323896702582,0.9525741268224334,0.9890130573694068
74,1,0.0,1.0,1.0,1.0,0.0,0.0,1.0,5.0133657e-09,0.9997293802741624,0.9594839205160742,0.1,0.9525741268224334,0.9890130573694068
75,1,1.0,1.0,1.0,1.0,1.0,1.0,1.0,0.9973852,0.9976216268418445,0.959689246940622,0.9504279247805282,0.9525741268224334,0.9890130573694068
76,1,0.0,1.0,1.0,1.0,0.0,0.0,1.0,6.9595615e-08,0.99929770020372,0.9596588257725712,0.1,0.9525741268224334,0.9890130573694068
77,1,1.0,1.0,1.0,1.0,1.0,1.0,1.0,0.9397574,0.9964826428805635,0.9595835743422306,0.1379905277285295,0.9525741268224334,0.9890130573694068
78,1,0.0,1.0,1.0,1.0,0.0,0.0,1.0,3.1067052e-10,0.999678581866965,0.9596688579447726,0.13944035755249948,0.9525741268224334,0.9890130573694068
79,1,0.0,1.0,1.0,1.0,0.0,0.0,1.0,6.1944094e-10,0.9983118453459124,0.9596450112952564,0.5453821919772069,0.9525741268224334,0.9890130573694068
80,1,0.0,1.0,1.0,1.0,0.0,0.0,1.0,9.8037e-09,0.9995416609475221,0.9597321786884528,0.44818213339569946,0.9525741268224334,0.9890130573694068
81,1,0.0,1.0,1.0,1.0,0.0,0.0,1.0,1.0650898e-05,0.9966188239898764,0.9596776931322529,0.1,0.9525741268224334,0.9890130573694068
82,1,0.0,1.0,1.0,1.0,0.0,0.0,1.0,0.036008526,0.9999450362967088,0.9596616891013249,0.20856947024670078,0.9525741268224334,0.9890130573694068
83,1,1.0,1.0,1.0,1.0,1.0,1.0,1.0,0.99575883,0.9994363341905188,0.9596952734522752,0.9386769670266207,0.9525741268224334,0.9890130573694068
84,1,1.0,1.0,1.0,1.0,1.0,1.0,1.0,0.83444583,0.9996728155280858,0.9596479647764659,0.5060146762292803,0.9525741268224334,0.9890130573694068
85,1,0.0,1.0,1.0,1.0,0.0,0.0,1.0,1.4351018e-09,0.9986130246549351,0.9595748280532704,0.1,0.9525741268224334,0.9890130573694068
86,1,0.0,1.0,1.0,1.0,0.0,0.0,1.0,1.872586e-13,0.9997453704103151,0.9596807601024703,0.1,0.9525741268224334,0.9890130573694068
87,1,1.0,1.0,1.0,1.0,1.0,1.0,1.0,0.9998098,0.9960493277844696,0.9596554730676384,0.10009460411911421,0.9525741268224334,0.9890130573694068
88,1,1.0,1.0,1.0,1.0,1.0,1.0,1.0,0.99739444,0.9994718165359914,0.9596879574592384,0.46163247861562867,0.9525741268224334,0.9890130573694068
89,1,1.0,1.0,1.0,1.0,1.0,1.0,1.0,1.0,0.9990082476981221,0.9596358952230717,0.949393910032531,0.9525741268224334,0.9890130573694068
90,1,1.0,1.0,1.0,1.0,1.0,1.0,1.0,0.99954563,0.999705904345688,0.9596515782323582,0.9864103640245755,0.9525741268224334,0.9890130573694068
91,1,1.0,1.0,1.0,1.0,1.0,1.0,1.0,0.9998807,0.9997744095624447,0.9596114125883223,0.7319678447813935,0.9525741268224334,0.9890130573694068
92,1,0.0,1.0,1.0,1.0,0.0,0.0,1.0,1.1427893e-06,0.9994005514430331,0.9596880476919798,0.1,0.9525741268224334,0.9890130573694068
93,1,1.0,1.0,1.0,1.0,1.0,1.0,1.0,0.9919701,0.9972854496626915,0.9596826778183128,0.49031921215399654,0.9525741268224334,0.9890130573694068
94,1,1.0,1.0,1.0,1.0,1.0,1.0,1.0,0.99987614,0.9998042088606546,0.9597159580590577,0.14333952092513635,0.9525741268224334,0.9890130573694068
95,1,0.0,1.0,1.0,1.0,0.0,0.0,1.0,1.428899e-07,0.9984898570941081,0.9596858032080147,0.4370747985003241,0.9525741268224334,0.9890130573694068
96,1,1.0,1.0,1.0,1.0,1.0,1.0,1.0,1.0,0.9969617521797596,0.9597349726105201,0.1,0.9525741268224334,0.9890130573694068
97,1,1.0,1.0,1.0,1.0,1.0,1.0,1.0,0.9996406,0.9998440055512418,0.9596279961725432,0.9970152945541723,0.9525741268224334,0.9890130573694068
98,1,1.0,1.0,1.0,1.0,1.0,1.0,1.0,0.99999106,0.9998420488035831,0.9596753335706959,0.9982187203967682,0.9525741268224334,0.9890130573694068
99,1,0.0,1.0,1.0,1.0,0.0,0.0,1.0,3.891085e-08,0.9996500839051005,0.959700489485651,0.1,0.9525741268224334,0.9890130573694068
100,1,1.0,1.0,1.0,1.0,1.0,1.0,1.0,0.99999964,0.9967153944917931,0.9597003008836623,0.8721413553077497,0.9525741268224334,0.9890130573694068
101,1,0.0,1.0,1.0,1.0,0.0,0.0,1.0,1.5681051e-10,0.9985475288271709,0.9596453689316513,0.3227397685939727,0.9525741268224334,0.9890130573694068
102,1,0.0,1.0,1.0,1.0,0.0,0.0,1.0,0.35575992,0.9995549863173335,0.9597085754350679,0.1468544647526606,0.9525741268224334,0.9890130573694068
103,1,0.0,1.0,1.0,1.0,0.0,0.0,1.0,3.1230636e-06,0.9996537346255816,0.959785594314213,0.1,0.9525741268224334,0.9890130573694068
104,1,0.0,1.0,1.0,1.0,0.0,0.0,1.0,5.752187e-08,0.9994294464629774,0.9596116164904899,0.1,0.9525741268224334,0.9890130573694068
105,1,1.0,1.0,1.0,1.0,1.0,1.0,1.0,0.99999964,0.9997519461381243,0.9596956487889668,0.3041217751866982,0.9525741268224334,0.9890130573694068
106,1,0.0,0.9166666666666666,1.0,1.0,0.0,0.0,1.0,3.7811324e-10,0.9630976185035801,0.8834167944123794,0.1,0.9525741268224334,0.9890130573694068
107,1,0.0,1.0,1.0,1.0,0.0,0.0,1.0,0.013527204,0.8707702753626392,0.9676425632551384,0.11142204983825776,0.9525741268224334,0.9890130573694068
108,1,1.0,1.0,1.0,1.0,1.0,1.0,1.0,1.0,0.8937174055743549,0.967668299019607,0.1,0.9525741268224334,0.9890130573694068
109,1,0.0,1.0,1.0,1.0,0.0,0.0,1.0,4.9572096e-12,0.8813934940139367,0.9676037729110637,0.1,0.9525741268224334,0.9890130573694068
110,1,0.0,1.0,1.0,1.0,0.0,0.0,1.0,5.1813588e-11,0.8610699138357175,0.9675503712993909,0.1,0.9525741268224334,0.9890130573694068
111,1,1.0,1.0,1.0,1.0,1.0,1.0,1.0,0.8071752,0.8615856380883861,0.967595702128697,0.5269710827431741,0.9525741268224334,0.9890130573694068
112,1,0.0,1.0,1.0,1.0,0.0,0.0,1.0,2.4916094e-09,0.8673236356221986,0.9676147364093686,0.7515705950669936,0.9525741268224334,0.9890130573694068
113,1,1.0,1.0,1.0,1.0,1.0,1.0,1.0,1.0,0.8384442144818881,0.9675376386504075,0.9984496742814624,0.9525741268224334,0.9890130573694068
114,1,0.0,1.0,1.0,1.0,0.0,0.0,1.0,8.566691e-13,0.8688987441750182,0.967566058473998,0.1,0.9525741268224334,0.9890130573694068
115,1,1.0,1.0,1.0,1.0,1.0,1.0,1.0,0.9998807,0.86910148149476,0.9675873268567277,0.7319678447813935,0.9525741268224334,0.9890130573694068
116,1,0.0,1.0,1.0,1.0,0.0,0.0,1.0,5.8595557e-08,0.8500702233859254,0.9676585524765359,0.1,0.9525741268224334,0.9890130573694068
117,1,1.0,1.0,1.0,1.0,1.0,1.0,1.0,0.9999999,0.8572137141615581,0.9676025783987833,0.8606626549048493,0.9525741268224334,0.9890130573694068
118,1,0.0,1.0,1.0,1.0,0.0,0.0,1.0,1.3084904e-17,0.8576018078011439,0.9676363000770933,0.1318265831417468,0.9525741268224334,0.9890130573694068
119,1,1.0,1.0,1.0,1.0,1.0,1.0,1.0,0.9998355,0.8497911547583956,0.9675747769277474,0.7859858858069558,0.9525741268224334,0.9890130573694068
120,1,0.0,1.0,1.0,1.0,0.0,0.0,1.0,3.432189e-11,0.8748731219928658,0.9676126063305176,0.1794632617830649,0.9525741268224334,0.9890130573694068
121,1,1.0,1.0,1.0,1.0,0.0,0.0,1.0,0.5439962,0.8736023514372574,0.9676621514712777,0.4961560650099221,0.9525741268224334,0.9890130573694068
122,1,1.0,1.0,1.0,1.0,1.0,1.0,1.0,0.9999994,0.8586757088165353,0.9674997475994928,0.5603162643491135,0.9525741268224334,0.9890130573694068
123,1,0.0,1.0,1.0,1.0,0.0,0.0,1.0,2.0240666e-05,0.8449251574460044,0.9676893729165426,0.1,0.9525741268224334,0.9890130573694068
124,1,1.0,1.0,1.0,1.0,1.0,1.0,1.0,0.9999999,0.8637625117098994,0.9675454327523719,0.9914668215386332,0.9525741268224334,0.9890130573694068
125,1,1.0,1.0,1.0,1.0,1.0,1.0,1.0,0.82649493,0.8552978968926549,0.9676002756067751,0.409736980526997,0.9525741268224334,0.9890130573694068
126,1,1.0,1.0,1.0,1.0,1.0,1.0,1.0,0.9999995,0.8563186547048229,0.9676820909157349,0.9987173782265591,0.9525741268224334,0.9890130573694068
127,1,0.0,1.0,1.0,1.0,0.0,0.0,1.0,4.0897285e-07,0.8660882372708394,0.9677045729444553,0.19741678199124593,0.9525741268224334,0.9890130573694068
128,1,1.0,1.0,1.0,1.0,1.0,1.0,1.0,0.99999464,0.8821063500090908,0.9675534117957204,0.7452731636253004,0.9525741268224334,0.9890130573694068
129,1,0.0,0.75,1.0,1.0,0.0,0.0,1.0,3.422206e-08,0.8933458210948552,0.7459394757768987,0.1,0.9525741268224334,0.9890130573694068
130,0,1.0,0.0,1.0,1.0,0.0,0.0,1.0,2.4518684e-08,0.9975937677481973,0.01793631678427927,0.9979954162958384,0.9525741268224334,0.9890130573694068
131,0,1.0,0.0,1.0,1.0,0.0,0.0,1.0,1.9613627e-11,0.9968733737976234,0.01801839887346379,0.46186574432585953,0.9525741268224334,0.9890130573694068
132,0,0.0,0.0,1.0,0.0,0.0,0.0,1.0,1.0,0.9960828766117944,0.017988005710971398,0.1,0.9525741268224334,0.9890130573694068
133,0,0.0,0.0,1.0,0.0,0.0,0.0,1.0,0.99984,0.9971993752386883,0.018003886588738652,0.1,0.9525741268224334,0.9890130573694068
134,0,1.0,0.0,1.0,1.0,0.0,0.0,1.0,2.9424184e-05,0.9973566499202708,0.01795508138179436,0.23447584966108156,0.9525741268224334,0.9890130573694068
135,0,1.0,0.0,1.0,1.0,0.0,0.0,1.0,8.239457e-06,0.9961299771360764,0.017983897615716646,0.113246921066268,0.9525741268224334,0.9890130573694068
136,0,1.0,0.0,1.0,1.0,0.0,0.0,1.0,3.116739e-08,0.9963881465729537,0.018014676448281513,0.6722838373626808,0.9525741268224334,0.9890130573694068
137,0,1.0,0.0,1.0,1.0,0.0,0.0,1.0,2.6440914e-09,0.9964612190725685,0.017997427390582674,0.3032415875244668,0.9525741268224334,0.9890130573694068
138,0,1.0,0.0,1.0,1.0,0.0,0.0,1.0,1.1795284e-09,0.9962820535652904,0.017962492276307206,0.1855378417418514,0.9525741268224334,0.9890130573694068
139,0,1.0,0.0,1.0,1.0,0.0,0.0,1.0,2.9993974e-08,0.9973024715634597,0.01801364832134753,0.5668985639274546,0.9525741268224334,0.9890130573694068
140,0,1.0,0.0,1.0,1.0,0.0,0.0,1.0,6.019132e-11,0.9979170078935823,0.01800437072108209,0.1,0.9525741268224334,0.9890130573694068
141,0,1.0,0.0,1.0,1.0,0.0,0.0,1.0,2.845307e-12,0.995172831400369,0.017987990797304933,0.16055315804605444,0.9525741268224334,0.9890130573694068
142,0,1.0,0.0,1.0,1.0,0.0,0.0,1.0,2.1005093e-07,0.9964530508085819,0.017921873156802992,0.10296087235770135,0.9525741268224334,0.9890130573694068
143,0,1.0,0.0,1.0,1.0,0.0,0.0,1.0,4.2910526e-14,0.9955827003838835,0.018001391707386807,0.21578655369900243,0.9525741268224334,0.9890130573694068
144,0,1.0,0.0,1.0,1.0,0.0,0.0,1.0,0.001489311,0.9961814232916176,0.01798940962756645,0.20083612609220966,0.9525741268224334,0.9890130573694068
145,0,1.0,0.0,1.0,1.0,0.0,0.0,1.0,0.019769598,0.9954891373158744,0.017960064633999857,0.1,0.9525741268224334,0.9890130573694068
146,0,1.0,0.0,1.0,1.0,0.0,0.0,1.0,1.2857481e-05,0.9974247327960641,0.01797459883096318,0.1649534487122853,0.9525741268224334,0.9890130573694068
147,0,1.0,0.0,1.0,1.0,0.0,0.0,1.0,7.1416197e-13,0.9977465427780693,0.01804579760137822,0.1,0.9525741268224334,0.9890130573694068
148,0,0.0,0.0,1.0,0.0,0.0,0.0,1.0,0.77124,0.994901432782868,0.017908966675444546,0.2771446136442982,0.9525741268224334,0.9890130573694068
149,0,1.0,0.0,1.0,1.0,0.0,0.0,1.0,5.2691587e-07,0.9954440930897407,0.017989994854823225,0.2612508240844081,0.9525741268224334,0.9890130573694068
150,0,1.0,0.0,1.0,1.0,0.0,0.0,1.0,0.0005408721,0.9973280611827867,0.017993157389406357,0.22902095271253084,0.9525741268224334,0.9890130573694068
151,0,0.0,0.0,1.0,0.0,0.0,0.0,1.0,1.0,0.9956209819990678,0.01799207085991886,0.1,0.9525741268224334,0.9890130573694068
152,0,1.0,0.0,1.0,1.0,0.0,0.0,1.0,0.3560623,0.9964120211814416,0.018034669679290873,0.49514085699680754,0.9525741268224334,0.9890130573694068
153,0,1.0,0.0,1.0,1.0,0.0,0.0,1.0,7.099291e-08,0.9956923251971446,0.01800873174704936,0.9403157919147233,0.9525741268224334,0.9890130573694068
154,0,1.0,0.0,1.0,1.0,0.0,0.0,1.0,9.756793e-11,0.9973989888807204,0.01799481824459442,0.1687616815094207,0.9525741268224334,0.9890130573694068
155,0,0.0,0.0,1.0,0.0,0.0,0.0,1.0,1.0,0.9962653060541309,0.01798710209083005,0.1,0.9525741268224334,0.9890130573694068
156,0,1.0,0.0,1.0,1.0,0.0,0.0,1.0,0.31717932,0.9963503526900317,0.018000406042815616,0.5663644947670546,0.9525741268224334,0.9890130573694068
157,0,1.0,0.0,1.0,1.0,0.0,0.0,1.0,0.005538318,0.9953033443364566,0.017994719032378134,0.3049616920809967,0.9525741268224334,0.9890130573694068
158,0,1.0,0.0,1.0,1.0,0.0,0.0,1.0,1.9677056e-05,0.9967588649034412,0.017993560189648365,0.31070325001130294,0.9525741268224334,0.9890130573694068
159,0,0.0,0.0,1.0,0.0,0.0,0.0,1.0,1.0,0.9968234747595108,0.018016045825227124,0.1,0.9525741268224334,0.9890130573694068
160,0,1.0,0.0,1.0,1.0,0.0,0.0,1.0,6.6741177e-06,0.9977454702381277,0.0179715369373649,0.5110258085147379,0.9525741268224334,0.9890130573694068
161,0,1.0,0.016666666666666666,1.0,1.0,0.0,0.0,1.0,0.010685917,0.9800685202439569,0.017982035060573606,0.15869202438916638,0.9525741268224334,0.9890130573694068
162,0,1.0,0.0,1.0,1.0,0.0,0.0,1.0,0.025413955,0.9959586170154304,0.01794806309975215,0.21481111933112196,0.9525741268224334,0.9890130573694068
163,0,0.0,0.0,1.0,0.0,0.0,0.0,1.0,1.0,0.994531576503533,0.017967342950016174,0.1,0.9525741268224334,0.9890130573694068
164,0,1.0,0.0,1.0,1.0,0.0,0.0,1.0,2.4191156e-11,0.9968467615969102,0.018016290773511124,0.1411982093066618,0.9525741268224334,0.9890130573694068
165,0,1.0,0.0,1.0,1.0,0.0,0.0,1.0,0.012000379,0.9951738230883111,0.017977455409164164,0.8850641412855695,0.9525741268224334,0.9890130573694068
166,0,1.0,0.0,1.0,1.0,0.0,0.0,1.0,5.9672317e-07,0.9971809962503814,0.018007532062289115,0.9563261681036088,0.9525741268224334,0.9890130573694068
167,0,0.0,0.0,1.0,0.0,0.0,0.0,1.0,1.0,0.9976835615479388,0.018013986734029274,0.1,0.9525741268224334,0.9890130573694068
168,0,1.0,0.0,1.0,1.0,0.0,0.0,1.0,1.6561204e-09,0.9980560081016002,0.01796534994024473,0.1939083555933597,0.9525741268224334,0.9890130573694068
169,0,1.0,0.0,1.0,1.0,0.0,0.0,1.0,0.00020303593,0.9979181440784585,0.017922441792664525,0.4631086592443503,0.9525741268224334,0.9890130573694068
170,0,0.0,0.0,1.0,0.0,0.0,0.0,0.0,0.9641585,0.9955969834645706,0.018035019785565775,0.9675189744635899,0.9525741268224334,0.9890130573694068
171,0,1.0,0.0,1.0,1.0,0.0,0.0,1.0,2.4900055e-07,0.9968150590200068,0.01798370202287314,0.1,0.9525741268224334,0.9890130573694068
172,0,1.0,0.0,1.0,1.0,0.0,0.0,1.0,1.2857481e-05,0.9970743777788205,0.017969570393193284,0.1649534487122853,0.9525741268224334,0.9890130573694068
173,0,1.0,0.0,1.0,1.0,0.0,0.0,1.0,1.2666024e-18,0.9950449907976165,0.018034045463644465,0.1,0.9525741268224334,0.9890130573694068
174,0,1.0,0.0,1.0,1.0,0.0,0.0,1.0,0.00024551712,0.9976058442615978,0.017991830871889058,0.7038506999359201,0.9525741268224334,0.9890130573694068
175,0,1.0,0.0,1.0,1.0,0.0,0.0,1.0,1.0364013e-09,0.9967102834239141,0.017971985546864976,0.4945294450902513,0.9525741268224334,0.9890130573694068
176,1,0.0,0.9,1.0,1.0,0.0,0.0,1.0,5.204526e-11,0.9831772620599445,0.8922765966708749,0.1,0.9525741268224334,0.9890130573694068
177,1,0.0,1.0,1.0,1.0,0.0,0.0,1.0,9.594866e-12,0.9874482994499041,0.9894481647196254,0.17822310433545366,0.9525741268224334,0.9890130573694068
178,1,0.0,1.0,1.0,1.0,0.0,0.0,1.0,8.093612e-09,0.9843915218320566,0.9894344109020484,0.46469080177445,0.9525741268224334,0.9890130573694068
179,1,1.0,1.0,1.0,1.0,1.0,1.0,1.0,0.98628485,0.9793539882095728,0.9894762867511925,0.8444470745529867,0.9525741268224334,0.9890130573694068
180,1,0.0,1.0,1.0,1.0,0.0,0.0,1.0,0.010477611,0.958974971023866,0.9894665578236788,0.10008600845579162,0.9525741268224334,0.9890130573694068
181,1,0.0,1.0,1.0,1.0,0.0,0.0,1.0,2.305164e-11,0.9848622536899846,0.9894276637975346,0.5238857768443553,0.9525741268224334,0.9890130573694068
182,1,1.0,1.0,1.0,1.0,1.0,1.0,1.0,1.0,0.9828998397373463,0.9894324226749067,0.1,0.9525741268224334,0.9890130573694068
183,1,1.0,1.0,1.0,1.0,1.0,1.0,1.0,0.9999995,0.972114953996447,0.9894488738829353,0.868975024732962,0.9525741268224334,0.9890130573694068
184,1,0.0,1.0,1.0,1.0,0.0,0.0,1.0,2.401343e-11,0.9899519429713447,0.9894214712389068,0.9362429562398304,0.9525741268224334,0.9890130573694068
185,1,1.0,1.0,1.0,1.0,1.0,1.0,1.0,0.9960802,0.9836218141891322,0.9894368382219043,0.9923262633807145,0.9525741268224334,0.9890130573694068
186,1,0.0,1.0,1.0,1.0,0.0,0.0,1.0,5.53396e-14,0.9919688114546336,0.9894723267482602,0.1581352060307558,0.9525741268224334,0.9890130573694068
187,1,1.0,1.0,1.0,1.0,1.0,1.0,1.0,0.9999975,0.9852064342388956,0.9894313940325203,0.8647634877201449,0.9525741268224334,0.9890130573694068
188,1,1.0,1.0,1.0,1.0,1.0,1.0,1.0,0.83444583,0.991553943915296,0.9894191593116325,0.5060146762292803,0.9525741268224334,0.9890130573694068
189,1,0.0,1.0,1.0,1.0,0.0,0.0,1.0,3.422206e-08,0.9807749678135596,0.9894692197663197,0.1,0.9525741268224334,0.9890130573694068
190,1,1.0,1.0,1.0,1.0,1.0,1.0,1.0,1.0,0.9882592409220138,0.9894488353532294,0.8187906195090563,0.9525741268224334,0.9890130573694068
191,1,1.0,1.0,1.0,1.0,1.0,1.0,1.0,0.99999964,0.9928897282751851,0.9894030868844156,0.9763606598937711,0.9525741268224334,0.9890130573694068
192,1,1.0,1.0,1.0,1.0,1.0,1.0,1.0,0.9977889,0.9982175016186278,0.9894659127334176,0.9892753308985678,0.9525741268224334,0.9890130573694068
193,1,0.0,1.0,1.0,1.0,0.0,0.0,1.0,4.2773216e-08,0.9979416608370333,0.9894542149469774,0.8705996789757516,0.9525741268224334,0.9890130573694068
194,1,0.0,1.0,1.0,1.0,0.0,0.0,1.0,4.6120715e-11,0.9971975718062679,0.9894348619765064,0.739905518673755,0.9525741268224334,0.9890130573694068
195,1,0.0,1.0,1.0,1.0,0.0,0.0,1.0,1.0709074e-07,0.9937261056170174,0.989444110330376,0.12173750055962747,0.9525741268224334,0.9890130573694068
196,1,1.0,1.0,1.0,1.0,1.0,1.0,1.0,1.0,0.9925447417769105,0.9894444811388322,0.1,0.9525741268224334,0.9890130573694068
197,1,0.0,1.0,1.0,1.0,0.0,0.0,1.0,0.17280328,0.9983589696460439,0.9894133452639716,0.5632210217318497,0.9525741268224334,0.9890130573694068
198,1,1.0,1.0,1.0,1.0,1.0,1.0,1.0,1.0,0.9893713979202052,0.9894529789459806,0.6473402645886904,0.9525741268224334,0.9890130573694068
199,1,0.0,1.0,1.0,1.0,0.0,0.0,1.0,0.0028023792,0.9954746418138684,0.9894487545852502,0.8360925152241017,0.9525741268224334,0.9890130573694068
200,1,1.0,1.0,1.0,1.0,1.0,1.0,1.0,1.0,0.9929034899683629,0.9894626879728357,0.819760921939253,0.9525741268224334,0.9890130573694068
201,1,0.0,1.0,1.0,1.0,0.0,0.0,1.0,2.5122958e-07,0.9946196425598653,0.9894397485604667,0.8332946195550268,0.9525741268224334,0.9890130573694068
202,1,1.0,1.0,1.0,1.0,1.0,1.0,1.0,0.99999905,0.9993510239710705,0.9894316652473175,0.906081512076419,0.9525741268224334,0.9890130573694068
203,1,1.0,1.0,1.0,1.0,1.0,1.0,1.0,0.83388245,0.9900756859259743,0.9894635604411409,0.38712344597857634,0.9525741268224334,0.9890130573694068
204,1,0.0,1.0,1.0,1.0,0.0,0.0,1.0,0.0055251033,0.9949325902648434,0.9894388616941199,0.14532918952552398,0.9525741268224334,0.9890130573694068
205,1,0.0,1.0,1.0,1.0,0.0,0.0,1.0,4.8441545e-10,0.9842285508559178,0.9894261564022677,0.2735041011634704,0.9525741268224334,0.9890130573694068
206,1,0.0,1.0,1.0,1.0,0.0,0.0,1.0,9.077439e-10,0.9968017924028612,0.9894192581966526,0.1,0.9525741268224334,0.9890130573694068
207,1,1.0,1.0,1.0,1.0,1.0,1.0,1.0,1.0,0.9942862698764778,0.9894317369368737,0.1,0.9525741268224334,0.9890130573694068
208,1,0.0,1.0,1.0,1.0,0.0,0.0,1.0,6.34791e-11,0.9948314825184421,0.9894042841013758,0.11671998960545331,0.9525741268224334,0.9890130573694068
209,1,1.0,1.0,1.0,1.0,1.0,1.0,1.0,1.0,0.9945519607413484,0.98943943441822,0.8679703492750582,0.9525741268224334,0.9890130573694068
210,1,0.0,1.0,1.0,1.0,0.0,0.0,1.0,8.0111226e-05,0.9970946555731648,0.9894692019751176,0.709966342673797,0.9525741268224334,0.9890130573694068
211,1,0.0,0.95,1.0,1.0,0.0,0.0,1.0,6.090554e-09,0.9909567604252116,0.9408769297784974,0.22333954391117372,0.9525741268224334,0.9890130573694068
212,0,1.0,0.0,1.0,1.0,0.0,0.0,1.0,1.6268915e-08,0.9980800638930701,0.01799239164269682,0.2683149321765602,0.9525741268224334,0.9890130573694068
213,0,1.0,0.0,1.0,1.0,0.0,0.0,1.0,0.11875873,0.9963246421483601,0.01801026086331976,0.2567997953750754,0.9525741268224334,0.9890130573694068
214,0,1.0,0.0,1.0,1.0,0.0,0.0,1.0,3.0767118e-11,0.9955455158696903,0.01798993892151762,0.9933257807469382,0.9525741268224334,0.9890130573694068
215,0,1.0,0.0,1.0,1.0,0.0,0.0,1.0,4.5380357e-09,0.9953243346422854,0.017990310808238954,0.17676342276270782,0.9525741268224334,0.9890130573694068
216,0,1.0,0.0,1.0,1.0,0.0,0.0,1.0,2.2236604e-06,0.9954433150980033,0.018000492103404184,0.4105813131277468,0.9525741268224334,0.9890130573694068
217,0,1.0,0.0,1.0,1.0,0.0,0.0,1.0,4.618087e-06,0.9968742601265301,0.018004201209014935,0.42533543436049875,0.9525741268224334,0.9890130573694068
218,0,1.0,0.0,1.0,1.0,0.0,0.0,1.0,1.451321e-16,0.997002896835183,0.018003134547090124,0.10974672857353576,0.9525741268224334,0.9890130573694068
219,0,1.0,0.0,1.0,1.0,0.0,0.0,1.0,0.001489311,0.9954243582504166,0.017984264305513416,0.20083612609220966,0.9525741268224334,0.9890130573694068
220,0,1.0,0.0,1.0,1.0,0.0,0.0,1.0,4.6574634e-08,0.9967080884248856,0.017967198408321613,0.3806385393891066,0.9525741268224334,0.9890130573694068
221,0,1.0,0.0,1.0,1.0,0.0,0.0,1.0,2.3365092e-18,0.9974332750826047,0.017995711929946763,0.13138567684162722,0.9525741268224334,0.9890130573694068
222,0,1.0,0.0,1.0,1.0,0.0,0.0,1.0,8.101953e-09,0.9955642288158769,0.01798971328982577,0.1,0.9525741268224334,0.9890130573694068
223,0,1.0,0.0,1.0,1.0,0.0,0.0,1.0,6.805936e-05,0.9981414162413336,0.017955730850093377,0.14084807681279948,0.9525741268224334,0.9890130573694068
224,0,1.0,0.0,1.0,1.0,0.0,0.0,1.0,1.0450789e-11,0.9966096074516763,0.0180161794578364,0.150916888689795,0.9525741268224334,0.9890130573694068
225,0,0.0,0.0,1.0,0.0,0.0,0.0,1.0,0.9999995,0.9964881457778222,0.01801098187540164,0.1,0.9525741268224334,0.9890130573694068
226,0,1.0,0.0,1.0,1.0,0.0,0.0,1.0,2.2085901e-08,0.9952038385294153,0.01800501404318176,0.16747299170102858,0.9525741268224334,0.9890130573694068
227,0,1.0,0.0,1.0,1.0,0.0,0.0,1.0,4.081588e-12,0.9963096505985883,0.01803316759761882,0.2449245011211378,0.9525741268224334,0.9890130573694068
228,0,1.0,0.0,1.0,1.0,0.0,0.0,1.0,0.13903722,0.9963734999931934,0.017972664932499327,0.1132203609057553,0.9525741268224334,0.9890130573694068
229,0,1.0,0.0,1.0,1.0,0.0,0.0,1.0,1.8998245e-08,0.9974391345464894,0.018021895536655567,0.5675796233263002,0.9525741268224334,0.9890130573694068
230,0,1.0,0.0,1.0,1.0,0.0,0.0,1.0,6.006038e-10,0.997102809691396,0.01795271485355127,0.12161314838035914,0.9525741268224334,0.9890130573694068
231,0,1.0,0.0,1.0,1.0,0.0,0.0,1.0,6.508686e-05,0.9958859169219237,0.018039816699357135,0.5113672477511219,0.9525741268224334,0.9890130573694068
232,0,1.0,0.0,1.0,1.0,0.0,0.0,1.0,1.8828739e-07,0.9948740417488533,0.018019497810107067,0.1875805449144594,0.9525741268224334,0.9890130573694068
233,0,1.0,0.0,1.0,1.0,0.0,0.0,1.0,9.811897e-08,0.996395890818883,0.018009255483948487,0.5098478272484344,0.9525741268224334,0.9890130573694068
234,1,0.0,0.5,1.0,0.0,0.0,0.0,1.0,9.594866e-12,0.9980914398962614,0.4885038034481147,0.17822310433545366,0.9525741268224334,0.9890130573694068
235,1,0.0,1.0,1.0,1.0,0.0,0.0,1.0,1.10975194e-13,0.9991714675774899,0.9588976121228956,0.1,0.9525741268224334,0.9890130573694068
236,1,1.0,1.0,1.0,1.0,1.0,1.0,1.0,0.9999999,0.999863463013776,0.958992732262695,0.9511438661535454,0.9525741268224334,0.9890130573694068
237,1,1.0,1.0,1.0,1.0,1.0,1.0,1.0,1.0,0.9980478890937511,0.9588866772118909,0.1,0.9525741268224334,0.9890130573694068
238,1,1.0,1.0,1.0,1.0,1.0,1.0,1.0,0.984248,0.9988499876916849,0.9589058485860176,0.871211321218672,0.9525741268224334,0.9890130573694068
239,1,0.0,1.0,1.0,1.0,0.0,0.0,1.0,0.41501233,0.9973369304612373,0.9588456935159465,0.7913244907164054,0.9525741268224334,0.9890130573694068
240,1,1.0,1.0,1.0,1.0,1.0,1.0,1.0,0.9999976,0.9998012875094341,0.9588424802752085,0.2232042761765069,0.9525741268224334,0.9890130573694068
241,1,0.0,1.0,1.0,1.0,0.0,0.0,1.0,1.2386192e-05,0.9981480819511835,0.9588906788871719,0.6778786621386507,0.9525741268224334,0.9890130573694068
242,1,0.0,1.0,1.0,1.0,0.0,0.0,1.0,3.2762675e-11,0.9996133906589212,0.9588037616719042,0.10722147998855316,0.9525741268224334,0.9890130573694068
243,1,1.0,1.0,1.0,1.0,1.0,1.0,1.0,0.99999464,0.9989746238938496,0.9589197695718065,0.7452731636253004,0.9525741268224334,0.9890130573694068
244,1,0.0,1.0,1.0,1.0,0.0,0.0,1.0,3.7393194e-10,0.9990659953835569,0.9587809457558684,0.1,0.9525741268224334,0.9890130573694068
245,1,1.0,1.0,1.0,1.0,1.0,1.0,1.0,0.82196635,0.9997841232261142,0.9589594703111252,0.8741654418041908,0.9525741268224334,0.9890130573694068
246,1,1.0,1.0,1.0,1.0,1.0,1.0,1.0,0.9999999,0.998550073464314,0.9589810030021398,0.1,0.9525741268224334,0.9890130573694068
247,1,1.0,1.0,1.0,1.0,1.0,1.0,1.0,0.99999106,0.9979283635784426,0.9589926472122043,0.27659136754716057,0.9525741268224334,0.9890130573694068
248,1,0.0,1.0,1.0,1.0,0.0,0.0,1.0,0.0007433416,0.9996047067278866,0.9588633855461931,0.1,0.9525741268224334,0.9890130573694068
249,1,1.0,1.0,1.0,1.0,1.0,1.0,1.0,0.99880683,0.9993024302187156,0.9589267800547374,0.9337383687516174,0.9525741268224334,0.9890130573694068
250,1,0.0,1.0,1.0,1.0,0.0,0.0,1.0,1.960133e-14,0.9993010155829744,0.9588610210728206,0.1,0.9525741268224334,0.9890130573694068
251,1,0.0,1.0,1.0,1.0,0.0,0.0,1.0,0.26660284,0.99913127130643,0.9589011146799218,0.2787400408622918,0.9525741268224334,0.9890130573694068
252,1,0.0,1.0,1.0,1.0,0.0,0.0,1.0,3.8641756e-05,0.998238282157596,0.9589172497807862,0.13286671978555487,0.9525741268224334,0.9890130573694068
253,1,1.0,1.0,1.0,1.0,1.0,1.0,1.0,0.99999845,0.9993216959400542,0.9589178808828128,0.7905347247173655,0.9525741268224334,0.9890130573694068
254,1,1.0,1.0,1.0,1.0,1.0,1.0,1.0,1.0,0.998945339822437,0.9588992895816535,0.9856093048388005,0.9525741268224334,0.9890130573694068
255,1,1.0,1.0,1.0,1.0,1.0,1.0,1.0,1.0,0.9995991065349,0.9590007394989962,0.9796939322360261,0.9525741268224334,0.9890130573694068
256,1,0.0,1.0,1.0,1.0,0.0,0.0,1.0,1.3673382e-08,0.9996858396360161,0.9589311726351252,0.1,0.9525741268224334,0.9890130573694068
257,1,0.0,1.0,1.0,1.0,0.0,0.0,1.0,0.28305858,0.9987546729097364,0.9589859594877034,0.5380817961275053,0.9525741268224334,0.9890130573694068
258,1,0.0,1.0,1.0,1.0,0.0,0.0,1.0,0.043581177,0.9988552383098849,0.9588495564620189,0.42022063526306674,0.9525741268224334,0.9890130573694068
259,1,0.0,1.0,1.0,1.0,0.0,0.0,1.0,3.5053915e-06,0.9996583959201639,0.9588880573858364,0.1,0.9525741268224334,0.9890130573694068
260,1,1.0,1.0,1.0,1.0,1.0,1.0,1.0,0.9999999,0.9997796228403328,0.9588853436129199,0.9511438661535454,0.9525741268224334,0.9890130573694068
261,1,0.0,1.0,1.0,1.0,0.0,0.0,1.0,5.570875e-15,0.9983214668204913,0.9589027499790216,0.1,0.9525741268224334,0.9890130573694068
262,1,0.0,1.0,1.0,1.0,0.0,0.0,1.0,6.525492e-09,0.9997443830180576,0.9588729745723439,0.7714979500110763,0.9525741268224334,0.9890130573694068
263,1,0.0,1.0,1.0,1.0,0.0,0.0,1.0,8.7343096e-08,0.9999152720959885,0.9589821530637789,0.1,0.9525741268224334,0.9890130573694068
264,1,1.0,1.0,1.0,1.0,1.0,1.0,1.0,0.99999964,0.9992252949067849,0.9589373651773003,0.1,0.9525741268224334,0.9890130573694068
265,1,1.0,1.0,1.0,1.0,1.0,1.0,1.0,0.99999464,0.9993594759130964,0.95896373147373,0.7452731636253004,0.9525741268224334,0.9890130573694068
266,1,1.0,1.0,1.0,1.0,1.0,1.0,1.0,1.0,0.9993241876069523,0.9589270747543275,0.9025777041269085,0.9525741268224334,0.9890130573694068
267,1,1.0,1.0,1.0,1.0,1.0,1.0,1.0,0.9999893,0.9995071681486799,0.9588735269494075,0.7679763762611995,0.9525741268224334,0.9890130573694068
268,1,1.0,1.0,1.0,1.0,1.0,1.0,1.0,0.99992144,0.9992576863014262,0.9589655364360337,0.7561570062066275,0.9525741268224334,0.9890130573694068
269,1,0.0,1.0,1.0,1.0,0.0,0.0,1.0,0.036008526,0.9988935985419582,0.9588627488410506,0.20856947024670078,0.9525741268224334,0.9890130573694068
270,1,0.0,1.0,1.0,1.0,0.0,0.0,1.0,3.2443302e-06,0.9988161734907691,0.958926055940956,0.8493893729788877,0.9525741268224334,0.9890130573694068
271,1,0.0,1.0,1.0,1.0,0.0,0.0,1.0,5.705567e-10,0.9986674062092661,0.9589530340815267,0.4121549179379842,0.9525741268224334,0.9890130573694068
272,1,0.0,1.0,1.0,1.0,0.0,0.0,1.0,6.471099e-11,0.9995838511950776,0.958909153173143,0.17142988908569942,0.9525741268224334,0.9890130573694068
273,1,0.0,1.0,1.0,1.0,0.0,0.0,1.0,9.8037e-09,0.9999992957479067,0.9588691651207925,0.44818213339569946,0.9525741268224334,0.9890130573694068
274,1,0.0,1.0,1.0,1.0,0.0,0.0,1.0,6.460237e-14,0.9996418479297653,0.9590271529620364,0.10971264796620904,0.9525741268224334,0.9890130573694068
275,1,1.0,1.0,1.0,1.0,1.0,1.0,1.0,1.0,0.9998029371628014,0.9589602732259067,0.17100334601025305,0.9525741268224334,0.9890130573694068
276,1,1.0,1.0,1.0,1.0,1.0,1.0,1.0,1.0,0.9981209884764154,0.9588654671164619,0.513689541498057,0.9525741268224334,0.9890130573694068
277,1,1.0,1.0,1.0,1.0,1.0,1.0,1.0,1.0,0.9994255206346371,0.9590153865222274,0.9098891969688246,0.9525741268224334,0.9890130573694068
278,1,1.0,1.0,1.0,1.0,1.0,1.0,1.0,1.0,0.9986189778320521,0.95887949126478,0.9709552300891859,0.9525741268224334,0.9890130573694068
279,1,0.0,1.0,1.0,1.0,0.0,0.0,1.0,1.02605595e-08,0.9997609746706823,0.958858424907683,0.8449898795682121,0.9525741268224334,0.9890130573694068
280,1,1.0,1.0,1.0,1.0,1.0,1.0,1.0,0.82196635,0.9992695221493205,0.9587699040309859,0.8741654418041908,0.9525741268224334,0.9890130573694068
281,1,1.0,1.0,1.0,1.0,1.0,1.0,1.0,0.9899588,0.9987916803082815,0.9589938226213753,0.9367930013213408,0.9525741268224334,0.9890130573694068
282,1,0.0,1.0,1.0,1.0,0.0,0.0,1.0,0.013527204,0.9999571507935165,0.9588594353162083,0.11142204983825776,0.9525741268224334,0.9890130573694068
283,1,1.0,1.0,1.0,1.0,1.0,1.0,1.0,0.9999999,0.9997966020823389,0.9589190466086575,0.8606626549048493,0.9525741268224334,0.9890130573694068
284,1,0.0,1.0,1.0,1.0,0.0,0.0,1.0,5.899759e-12,0.9991885638740187,0.9588515027859773,0.1,0.9525741268224334,0.9890130573694068
285,1,1.0,1.0,1.0,1.0,1.0,1.0,1.0,1.0,0.9993566617762312,0.9588640068413038,0.819760921939253,0.9525741268224334,0.9890130573694068
286,1,0.0,1.0,1.0,1.0,0.0,0.0,1.0,1.0806179e-09,0.995664917261928,0.9589031751100487,0.3571737458936664,0.9525741268224334,0.9890130573694068
287,1,1.0,1.0,1.0,1.0,0.0,0.0,1.0,0.5439962,0.998639985415296,0.959040935690208,0.4961560650099221,0.9525741268224334,0.9890130573694068
288,1,1.0,0.8666666666666667,1.0,1.0,1.0,1.0,1.0,1.0,0.9995555251570171,0.8333781879162431,0.1,0.9525741268224334,0.9890130573694068
289,0,0.0,0.0,1.0,0.0,0.0,0.0,1.0,1.0,0.9991491115981476,0.01799952610403032,0.1,0.9525741268224334,0.9890130573694068
290,0,1.0,0.0,1.0,1.0,0.0,0.0,1.0,2.2236604e-06,0.9961740740022214,0.018027993223493244,0.4105813131277468,0.9525741268224334,0.9890130573694068
291,0,0.0,0.0,1.0,0.0,0.0,0.0,1.0,0.9995328,0.996408922589298,0.0179791801524581,0.21542220134747783,0.9525741268224334,0.9890130573694068
292,0,1.0,0.0,1.0,1.0,0.0,0.0,1.0,7.187523e-06,0.9979586353622237,0.01798782980408544,0.20689717542701486,0.9525741268224334,0.9890130573694068
293,0,0.0,0.0,1.0,0.0,0.0,0.0,1.0,1.0,0.9964129032059311,0.01800512615650647,0.1,0.9525741268224334,0.9890130573694068
294,0,1.0,0.0,1.0,1.0,0.0,0.0,1.0,7.4578274e-11,0.9970507114376407,0.017968160503311407,0.3065634191751696,0.9525741268224334,0.9890130573694068
295,0,1.0,0.0,1.0,1.0,0.0,0.0,1.0,5.832543e-06,0.9971206967899707,0.01795734108455648,0.13596380383686973,0.9525741268224334,0.9890130573694068
296,0,1.0,0.0,1.0,1.0,0.0,0.0,1.0,3.037502e-09,0.9988546076009813,0.017993442445031538,0.1,0.9525741268224334,0.9890130573694068
297,0,1.0,0.0,1.0,1.0,0.0,0.0,1.0,9.654399e-08,0.9970290786355732,0.01797687752187504,0.1,0.9525741268224334,0.9890130573694068
298,0,1.0,0.0,1.0,1.0,0.0,0.0,1.0,2.3088788e-14,0.997064008892917,0.017948342542683373,0.10781746698798,0.9525741268224334,0.9890130573694068
299,0,0.0,0.0,1.0,0.0,0.0,0.0,1.0,0.93813497,0.9980373413977601,0.017963767118547122,0.16163393897482517,0.9525741268224334,0.9890130573694068
300,0,1.0,0.0,1.0,1.0,0.0,0.0,1.0,7.167338e-18,0.9957961253300247,0.017982361020787464,0.1,0.9525741268224334,0.9890130573694068
301,0,1.0,0.0,1.0,1.0,0.0,0.0,1.0,0.0069871573,0.9973300472044535,0.017988296239076305,0.11896405466708115,0.9525741268224334,0.9890130573694068
302,0,1.0,0.0,1.0,1.0,0.0,0.0,1.0,4.0901227e-07,0.9977662805470907,0.017981200700936274,0.24811155026749385,0.9525741268224334,0.9890130573694068
303,0,1.0,0.0,1.0,1.0,0.0,0.0,1.0,0.00018356933,0.9960126282456383,0.01795300907815205,0.39369066730288405,0.9525741268224334,0.9890130573694068
304,0,0.0,0.0,1.0,0.0,0.0,0.0,1.0,1.0,0.9958897712587316,0.01799330838237401,0.1,0.9525741268224334,0.9890130573694068
305,0,1.0,0.0,1.0,1.0,0.0,0.0,1.0,0.006732571,0.9965381134296444,0.018016917163362397,0.1290343591185756,0.9525741268224334,0.9890130573694068
306,0,1.0,0.0,1.0,1.0,0.0,0.0,1.0,2.3585368e-12,0.9961185092658859,0.01800508148339019,0.1,0.9525741268224334,0.9890130573694068
307,0,1.0,0.0,1.0,1.0,0.0,0.0,1.0,9.6943016e-14,0.9964701944805036,0.017906579357505288,0.9931472544855745,0.9525741268224334,0.9890130573694068
308,0,1.0,0.0,1.0,1.0,0.0,0.0,1.0,2.9690364e-08,0.9982350303605415,0.018001569361000787,0.272012605363357,0.9525741268224334,0.9890130573694068
309,0,1.0,0.0,1.0,1.0,0.0,0.0,1.0,0.0001285051,0.9959345505721094,0.017976031947412364,0.6748913228065615,0.9525741268224334,0.9890130573694068
310,0,1.0,0.0,1.0,1.0,0.0,0.0,1.0,2.4959616e-06,0.9947554305598801,0.017963470148345075,0.4049169786436076,0.9525741268224334,0.9890130573694068
311,0,1.0,0.0,1.0,1.0,0.0,0.0,1.0,2.0540371e-14,0.9971548300896319,0.01799803975136687,0.1,0.9525741268224334,0.9890130573694068
312,0,1.0,0.0,1.0,1.0,0.0,0.0,1.0,3.5104023e-07,0.996396900867537,0.017974905828928474,0.1826126264473682,0.9525741268224334,0.9890130573694068
313,0,1.0,0.0,1.0,1.0,0.0,0.0,1.0,0.0061957547,0.996836063229992,0.01800059700632829,0.3544184634242344,0.9525741268224334,0.9890130573694068
314,0,1.0,0.0,1.0,1.0,0.0,0.0,1.0,0.00026771755,0.9962748825457333,0.0179865675377897,0.22043929589419842,0.9525741268224334,0.9890130573694068
315,0,1.0,0.0,1.0,1.0,0.0,0.0,1.0,5.438867e-12,0.9962749622643139,0.01802032930568633,0.20147766920364504,0.9525741268224334,0.9890130573694068
316,0,1.0,0.0,1.0,1.0,0.0,0.0,1.0,0.0023153354,0.9957204844676647,0.01802560096700727,0.14889617916424755,0.9525741268224334,0.9890130573694068
317,0,1.0,0.0,1.0,1.0,0.0,0.0,1.0,0.05461464,0.9961588085276468,0.017937454614698485,0.19832173086222968,0.9525741268224334,0.9890130573694068
318,0,1.0,0.25,1.0,1.0,0.0,0.0,0.0,5.493339e-09,0.9967690219947147,0.2521346079766842,0.13338673907923426,0.9525741268224334,0.9890130573694068
319,1,0.0,1.0,1.0,1.0,0.0,0.0,1.0,0.00027865672,0.9940526924294115,0.9545307889094778,0.1,0.9525741268224334,0.9890130573694068
320,1,0.0,1.0,1.0,1.0,0.0,0.0,1.0,2.5264934e-11,0.9905135550316349,0.9546404522230202,0.1,0.9525741268224334,0.9890130573694068
321,1,1.0,1.0,1.0,1.0,1.0,1.0,1.0,1.0,0.976915755785537,0.9545668648782913,0.1,0.9525741268224334,0.9890130573694068
322,1,1.0,1.0,1.0,1.0,1.0,1.0,1.0,0.99999464,0.9846691843848903,0.9545489817019235,0.7452731636253004,0.9525741268224334,0.9890130573694068
323,1,0.0,1.0,1.0,1.0,0.0,0.0,1.0,1.3717377e-07,0.9915277960384181,0.9544896420076153,0.3357932155254515,0.9525741268224334,0.9890130573694068
324,1,1.0,1.0,1.0,1.0,1.0,1.0,1.0,0.9999875,0.9790862484511588,0.9546082572034273,0.9263631343479233,0.9525741268224334,0.9890130573694068
325,1,0.0,1.0,1.0,1.0,0.0,0.0,1.0,6.9808856e-16,0.9776238627509733,0.9544783223068383,0.1,0.9525741268224334,0.9890130573694068
326,1,1.0,1.0,1.0,1.0,1.0,1.0,1.0,0.9999957,0.988281908218196,0.9546163392231126,0.47143310515717574,0.9525741268224334,0.9890130573694068
327,0,1.0,0.4666666666666667,1.0,1.0,0.0,0.0,0.0,5.566115e-07,0.9955114037434739,0.4550286392234458,0.1,0.9525741268224334,0.9890130573694068
328,1,1.0,0.9166666666666666,1.0,1.0,1.0,1.0,1.0,1.0,0.9628949305009488,0.8814244639087221,0.17100334601025305,0.9525741268224334,0.9890130573694068
329,1,0.0,1.0,1.0,1.0,0.0,0.0,1.0,0.051407326,0.9576339541956723,0.9598705992278471,0.23631842440194498,0.9525741268224334,0.9890130573694068
330,1,1.0,1.0,1.0,1.0,1.0,1.0,1.0,0.87827057,0.9478227377826722,0.959937545602174,0.29523804866587994,0.9525741268224334,0.9890130573694068
331,1,0.0,1.0,1.0,1.0,0.0,0.0,1.0,2.959787e-15,0.9391131118553415,0.9598430394982064,0.1,0.9525741268224334,0.9890130573694068
332,1,1.0,1.0,1.0,1.0,1.0,1.0,1.0,0.99998283,0.9363540110807455,0.9598903077199481,0.21137650810424358,0.9525741268224334,0.9890130573694068
333,1,0.0,1.0,1.0,1.0,0.0,0.0,1.0,6.7747954e-09,0.9589872549396233,0.9598290646550951,0.9018193319442438,0.9525741268224334,0.9890130573694068
334,1,0.0,1.0,1.0,1.0,0.0,0.0,1.0,0.019385561,0.9311452289015458,0.959926809494774,0.1,0.9525741268224334,0.9890130573694068
335,1,0.0,1.0,1.0,1.0,0.0,0.0,1.0,0.010477611,0.9657098815524995,0.9597446132621733,0.10008600845579162,0.9525741268224334,0.9890130573694068
336,1,0.0,1.0,1.0,1.0,0.0,0.0,1.0,2.2910655e-05,0.9563067108218491,0.959825301481232,0.1659686059015936,0.9525741268224334,0.9890130573694068
337,1,1.0,1.0,1.0,1.0,1.0,1.0,1.0,0.87827057,0.9708466497124846,0.9598636445814888,0.29523804866587994,0.9525741268224334,0.9890130573694068
338,1,0.0,1.0,1.0,1.0,0.0,0.0,1.0,2.9160705e-05,0.9757584310891626,0.9598048532433918,0.1,0.9525741268224334,0.9890130573694068
339,1,0.0,1.0,1.0,1.0,0.0,0.0,1.0,2.1553613e-10,0.9866718998639733,0.959890426052222,0.14101771900608315,0.9525741268224334,0.9890130573694068
340,1,0.0,1.0,1.0,1.0,0.0,0.0,1.0,1.4351018e-09,0.9689249804597327,0.9598077870726656,0.1,0.9525741268224334,0.9890130573694068
341,1,1.0,1.0,1.0,1.0,1.0,1.0,1.0,1.0,0.921803877309195,0.959859553782622,0.9856532815770707,0.9525741268224334,0.9890130573694068
342,1,0.0,1.0,1.0,1.0,0.0,0.0,1.0,4.900623e-09,0.9455200952919618,0.9598870617604405,0.1,0.9525741268224334,0.9890130573694068
343,1,0.0,1.0,1.0,1.0,0.0,0.0,1.0,1.5238856e-10,0.9497899921892634,0.9598466419464221,0.1,0.9525741268224334,0.9890130573694068
344,1,0.0,1.0,1.0,1.0,0.0,0.0,1.0,2.451942e-09,0.939591616952161,0.9598638241764716,0.1298599764353217,0.9525741268224334,0.9890130573694068
345,0,1.0,0.08333333333333333,1.0,1.0,0.0,0.0,0.0,8.613169e-10,0.991799567916296,0.09648169186960012,0.3883222714619123,0.9525741268224334,0.9890130573694068
346,0,1.0,0.0,1.0,1.0,0.0,0.0,1.0,5.146722e-13,0.9964901024040199,0.01797406245917954,0.1,0.9525741268224334,0.9890130573694068
347,0,1.0,0.0,1.0,1.0,0.0,0.0,1.0,3.2687158e-06,0.9952808453566725,0.017939681522128288,0.23155008882979064,0.9525741268224334,0.9890130573694068
348,0,0.0,0.0,1.0,0.0,0.0,0.0,1.0,0.98789585,0.9955924159406775,0.018001501344180663,0.1,0.9525741268224334,0.9890130573694068
349,0,1.0,0.0,1.0,1.0,0.0,0.0,1.0,7.3312025e-12,0.9967570285653087,0.017992313665440043,0.16401442496860616,0.9525741268224334,0.9890130573694068
350,0,1.0,0.0,1.0,1.0,0.0,0.0,1.0,1.8441529e-12,0.9966097711701625,0.017963037656027577,0.15702225093188882,0.9525741268224334,0.9890130573694068
351,0,1.0,0.0,1.0,1.0,0.0,0.0,1.0,1.5302685e-12,0.9970041003144511,0.017996571646074953,0.1,0.9525741268224334,0.9890130573694068
352,0,1.0,0.0,1.0,1.0,0.0,0.0,1.0,3.8039992e-13,0.9964946675744754,0.017961832772151503,0.6136416292544432,0.9525741268224334,0.9890130573694068
353,0,1.0,0.0,1.0,1.0,0.0,0.0,1.0,4.075011e-06,0.998148866500087,0.01794699394492964,0.13380532920151314,0.9525741268224334,0.9890130573694068
354,0,1.0,0.0,1.0,1.0,0.0,0.0,1.0,2.05354e-06,0.9970251994969507,0.017951997570425073,0.27335035508653094,0.9525741268224334,0.9890130573694068
355,0,1.0,0.0,1.0,1.0,0.0,0.0,1.0,9.756793e-11,0.9954254892929446,0.018008146964360705,0.1687616815094207,0.9525741268224334,0.9890130573694068
356,0,1.0,0.0,1.0,1.0,0.0,0.0,1.0,4.3185963e-08,0.9962246318661838,0.017978333512152767,0.1528078768045594,0.9525741268224334,0.9890130573694068
357,0,1.0,0.0,1.0,1.0,0.0,0.0,1.0,0.027386282,0.9986869252591576,0.01800129883282611,0.4616189514304941,0.9525741268224334,0.9890130573694068
358,0,1.0,0.0,1.0,1.0,0.0,0.0,1.0,1.9574639e-08,0.9968471343082939,0.018030870960315852,0.1,0.9525741268224334,0.9890130573694068
359,0,0.0,0.0,1.0,0.0,0.0,0.0,1.0,0.9999721,0.9982657128919458,0.017968872360083574,0.1,0.9525741268224334,0.9890130573694068
360,0,1.0,0.0,1.0,1.0,0.0,0.0,1.0,0.35420656,0.9969413975672573,0.01795968754267041,0.250608435030686,0.9525741268224334,0.9890130573694068
361,0,1.0,0.0,1.0,1.0,0.0,0.0,1.0,0.0033307374,0.9951710311418875,0.017979058326628657,0.11072649288054781,0.9525741268224334,0.9890130573694068
362,0,1.0,0.0,1.0,1.0,0.0,0.0,1.0,0.36951706,0.9968699122087615,0.01797571915038357,0.25426982684223126,0.9525741268224334,0.9890130573694068
363,0,1.0,0.0,1.0,1.0,0.0,0.0,1.0,0.00044938808,0.9963782535014906,0.01803842748675608,0.22090942739449185,0.9525741268224334,0.9890130573694068
364,0,1.0,0.0,1.0,1.0,0.0,0.0,1.0,1.2259355e-16,0.9965259723121541,0.017971700734179683,0.1,0.9525741268224334,0.9890130573694068
365,0,1.0,0.0,1.0,1.0,0.0,0.0,1.0,1.7598128e-06,0.9972415238097386,0.017943897514283564,0.23320743291068485,0.9525741268224334,0.9890130573694068
366,0,1.0,0.0,1.0,1.0,0.0,0.0,1.0,4.5269557e-05,0.9983327117630334,0.018050907134150022,0.2739112098635186,0.9525741268224334,0.9890130573694068
367,0,1.0,0.0,1.0,1.0,0.0,0.0,1.0,0.057294466,0.9978676379136314,0.01795563462919036,0.9732720344081978,0.9525741268224334,0.9890130573694068
368,0,1.0,0.0,1.0,1.0,0.0,0.0,1.0,2.4421358e-09,0.9962462547663473,0.01796407523172134,0.9990696420423293,0.9525741268224334,0.9890130573694068
369,0,1.0,0.0,1.0,1.0,0.0,0.0,1.0,1.954181e-12,0.9967142418503432,0.017999566162080524,0.3979570536580008,0.9525741268224334,0.9890130573694068
370,0,1.0,0.0,1.0,1.0,0.0,0.0,1.0,9.959032e-05,0.9979195646491907,0.01797266135830438,0.1,0.9525741268224334,0.9890130573694068
371,0,1.0,0.0,1.0,1.0,0.0,0.0,1.0,1.0577241e-06,0.9968895521875385,0.018028984999292636,0.7298045654573858,0.9525741268224334,0.9890130573694068
372,0,1.0,0.0,1.0,1.0,0.0,0.0,1.0,7.491455e-12,0.9943810085080618,0.017973175644006543,0.33130307563114386,0.9525741268224334,0.9890130573694068
373,0,1.0,0.0,1.0,1.0,0.0,0.0,1.0,3.5752947e-08,0.9961408224533327,0.01800195774089873,0.3776489953224282,0.9525741268224334,0.9890130573694068
374,0,1.0,0.0,1.0,1.0,0.0,0.0,1.0,2.1880276e-06,0.9959158237042967,0.017951768570312502,0.24316542443136935,0.9525741268224334,0.9890130573694068
375,0,1.0,0.0,1.0,1.0,0.0,0.0,1.0,3.6106425e-07,0.9967433887764802,0.017990789946837806,0.5657090304339913,0.9525741268224334,0.9890130573694068
376,0,1.0,0.0,1.0,1.0,0.0,0.0,1.0,0.31717932,0.9969418576060441,0.017953372800831553,0.5663644947670546,0.9525741268224334,0.9890130573694068
377,0,1.0,0.0,1.0,1.0,0.0,0.0,1.0,3.9037875e-09,0.9967573180425086,0.017949329143101777,0.9992821007550348,0.9525741268224334,0.9890130573694068
378,0,1.0,0.0,1.0,1.0,0.0,0.0,1.0,0.00096696627,0.9969000113851585,0.01796124737247294,0.24259374295192765,0.9525741268224334,0.9890130573694068
379,0,1.0,0.0,1.0,1.0,0.0,0.0,1.0,0.09623007,0.996972429531688,0.017981450624796447,0.2669833103636928,0.9525741268224334,0.9890130573694068
380,1,0.0,0.65,1.0,1.0,0.0,0.0,1.0,1.4647966e-10,0.9972178329188888,0.6302303280438718,0.10569759715089425,0.9525741268224334,0.9890130573694068
381,1,1.0,1.0,1.0,1.0,1.0,1.0,1.0,0.99999213,0.9996063860186779,0.9599784898436563,0.9086617698191285,0.9525741268224334,0.9890130573694068
382,1,1.0,1.0,1.0,1.0,1.0,1.0,1.0,1.0,0.9991799293254099,0.9599557146653321,0.5992888007205438,0.9525741268224334,0.9890130573694068
383,1,1.0,1.0,1.0,1.0,1.0,1.0,1.0,0.83444583,0.9987367750321899,0.9600164855467652,0.5060146762292803,0.9525741268224334,0.9890130573694068
384,1,1.0,1.0,1.0,1.0,1.0,1.0,1.0,0.999861,0.9995878800348994,0.9600272547119703,0.9141599290089406,0.9525741268224334,0.9890130573694068
385,1,0.0,1.0,1.0,1.0,0.0,0.0,1.0,2.6034174e-08,0.9997211205498164,0.9600304063729114,0.2929295135047478,0.9525741268224334,0.9890130573694068
386,1,1.0,1.0,1.0,1.0,1.0,1.0,1.0,1.0,0.9992072887511017,0.9600264251285201,0.1,0.9525741268224334,0.9890130573694068
387,1,0.0,1.0,1.0,1.0,0.0,0.0,1.0,7.360962e-12,0.999219306007957,0.9600253287155504,0.10533018463101393,0.9525741268224334,0.9890130573694068
388,1,1.0,1.0,1.0,1.0,1.0,1.0,1.0,1.0,0.9989450578069115,0.9598783902662623,0.1,0.9525741268224334,0.9890130573694068
389,1,0.0,1.0,1.0,1.0,0.0,0.0,1.0,1.9146812e-08,0.9987789169206349,0.9599167011566758,0.44022198350069836,0.9525741268224334,0.9890130573694068
390,1,0.0,1.0,1.0,1.0,0.0,0.0,1.0,7.728316e-08,0.9992202829917327,0.9598999755488165,0.7322228243630095,0.9525741268224334,0.9890130573694068
391,1,0.0,1.0,1.0,1.0,0.0,0.0,1.0,4.8441545e-10,0.9998756713633,0.9598980765685277,0.2735041011634704,0.9525741268224334,0.9890130573694068
392,1,0.0,1.0,1.0,1.0,0.0,0.0,1.0,0.00039370428,0.9998607650846553,0.9599363339813751,0.6374785898708896,0.9525741268224334,0.9890130573694068
393,1,0.0,1.0,1.0,1.0,0.0,0.0,1.0,2.6154332e-11,0.9996467791016946,0.959882663466577,0.1,0.9525741268224334,0.9890130573694068
394,1,0.0,1.0,1.0,1.0,0.0,0.0,1.0,1.5429673e-06,0.9999449347635931,0.9599905839624687,0.5788721893629614,0.9525741268224334,0.9890130573694068
395,1,0.0,1.0,1.0,1.0,0.0,0.0,1.0,9.474074e-05,0.99941631831568,0.959935529290494,0.736946150671004,0.9525741268224334,0.9890130573694068
396,1,0.0,1.0,1.0,1.0,0.0,0.0,1.0,4.3070553e-08,0.9987939106909608,0.9599101074845292,0.18842745580291728,0.9525741268224334,0.9890130573694068
397,1,0.0,1.0,1.0,1.0,0.0,0.0,1.0,2.9266439e-15,0.9994016376368058,0.9599764849164761,0.1,0.9525741268224334,0.9890130573694068
398,1,0.0,1.0,1.0,1.0,0.0,0.0,1.0,1.7532214e-11,0.9993007087021119,0.9598878440715934,0.7492118925690797,0.9525741268224334,0.9890130573694068
399,1,0.0,1.0,1.0,1.0,0.0,0.0,1.0,1.0652853e-10,0.9990582127220369,0.9599273772159566,0.1,0.9525741268224334,0.9890130573694068
400,1,0.0,1.0,1.0,1.0,0.0,0.0,1.0,7.896714e-18,0.9996745776887602,0.9598535153642659,0.10633020413471442,0.9525741268224334,0.9890130573694068
401,1,0.0,1.0,1.0,1.0,0.0,0.0,1.0,0.005354708,0.997500830475284,0.9600145340915802,0.7456080200857192,0.9525741268224334,0.9890130573694068
402,1,1.0,1.0,1.0,1.0,1.0,1.0,1.0,0.99996626,0.9993906099255425,0.9598874325782406,0.35808972851750964,0.9525741268224334,0.9890130573694068
403,1,0.0,1.0,1.0,1.0,0.0,0.0,1.0,3.7393194e-10,0.99817122673215,0.9599397627425608,0.1,0.9525741268224334,0.9890130573694068
404,1,0.0,1.0,1.0,1.0,0.0,0.0,1.0,4.160393e-15,0.9987104928253284,0.9599388816251796,0.1,0.9525741268224334,0.9890130573694068
405,1,0.0,0.9,1.0,1.0,0.0,0.0,1.0,0.26660284,0.9439092244225397,0.8888073189600764,0.2787400408622918,0.9525741268224334,0.9890130573694068
406,1,0.0,1.0,1.0,1.0,0.0,0.0,1.0,6.2978796e-09,0.8840133264861804,0.9753674905932823,0.10960301321431964,0.9525741268224334,0.9890130573694068
407,1,1.0,1.0,1.0,1.0,1.0,1.0,1.0,0.9511587,0.8783833110594288,0.9754265783101715,0.8016973306775083,0.9525741268224334,0.9890130573694068
408,1,1.0,1.0,1.0,1.0,1.0,1.0,1.0,1.0,0.8887112433112296,0.9753712193767173,0.1,0.9525741268224334,0.9890130573694068
409,1,0.0,1.0,1.0,1.0,0.0,0.0,1.0,0.04537883,0.891193753354369,0.9752896268617053,0.5739723375084432,0.9525741268224334,0.9890130573694068
410,1,0.0,1.0,1.0,1.0,0.0,0.0,1.0,4.77657e-11,0.8886327462033411,0.9753888784830662,0.1,0.9525741268224334,0.9890130573694068
411,1,1.0,1.0,1.0,1.0,1.0,1.0,1.0,1.0,0.893955604029117,0.9753456882902155,0.16336723947543177,0.9525741268224334,0.9890130573694068
412,1,0.0,1.0,1.0,1.0,0.0,0.0,1.0,3.316801e-16,0.9091949484876184,0.9753953102726656,0.1,0.9525741268224334,0.9890130573694068
413,0,1.0,0.21666666666666667,1.0,1.0,0.0,0.0,0.0,6.6403666e-12,0.96535333117336,0.21708727487038665,0.1,0.9525741268224334,0.9890130573694068
414,0,0.0,0.0,1.0,0.0,0.0,0.0,1.0,0.99999714,0.9979447164219428,0.017996908922517343,0.1,0.9525741268224334,0.9890130573694068
415,0,1.0,0.0,1.0,1.0,0.0,0.0,1.0,1.9677056e-05,0.9969637009540249,0.0179930412968252,0.31070325001130294,0.9525741268224334,0.9890130573694068
416,0,0.0,0.0,1.0,0.0,0.0,0.0,1.0,1.0,0.9971902791581211,0.01802392509069532,0.1,0.9525741268224334,0.9890130573694068
417,0,1.0,0.0,1.0,1.0,0.0,0.0,1.0,1.3257885e-07,0.9936831143736845,0.018006771431160758,0.1,0.9525741268224334,0.9890130573694068
418,0,0.0,0.0,1.0,0.0,0.0,0.0,1.0,0.5482847,0.9976694485756296,0.01793317489862355,0.1328345727315487,0.9525741268224334,0.9890130573694068
419,0,1.0,0.0,1.0,1.0,0.0,0.0,1.0,7.994033e-11,0.9953353924592726,0.017932255266623495,0.1,0.9525741268224334,0.9890130573694068
420,0,1.0,0.0,1.0,1.0,0.0,0.0,1.0,0.0057600173,0.9947601641428362,0.017989232275957844,0.25649604459835657,0.9525741268224334,0.9890130573694068
421,0,1.0,0.0,1.0,1.0,0.0,0.0,1.0,8.3806094e-07,0.9962759587818993,0.018014751226734734,0.6627081870297776,0.9525741268224334,0.9890130573694068
422,0,1.0,0.0,1.0,1.0,0.0,0.0,1.0,0.002681743,0.9964589084527596,0.017962463811310215,0.2620116218582305,0.9525741268224334,0.9890130573694068
423,0,1.0,0.0,1.0,1.0,0.0,0.0,1.0,0.000110126,0.9963752858128718,0.018042242827942697,0.574491970751621,0.9525741268224334,0.9890130573694068
424,0,1.0,0.0,1.0,1.0,0.0,0.0,1.0,2.0719053e-10,0.9982751621129939,0.018014581184179482,0.9971751135085393,0.9525741268224334,0.9890130573694068
425,0,1.0,0.0,1.0,1.0,0.0,0.0,1.0,3.3012145e-22,0.997568481294688,0.01798242822626106,0.1,0.9525741268224334,0.9890130573694068
426,0,1.0,0.0,1.0,1.0,0.0,0.0,1.0,1.3183351e-14,0.9972105210798687,0.017969551617249578,0.19036576181169357,0.9525741268224334,0.9890130573694068
427,0,1.0,0.0,1.0,1.0,0.0,0.0,1.0,0.01991724,0.9904748809370397,0.017988556450537836,0.3830839166392295,0.9525741268224334,0.9890130573694068
428,0,1.0,0.0,1.0,1.0,0.0,0.0,1.0,9.744863e-09,0.9956062166571581,0.018003092453418128,0.1764708812290923,0.9525741268224334,0.9890130573694068
429,0,1.0,0.0,1.0,1.0,0.0,0.0,1.0,1.560287e-08,0.9976750123555926,0.01802675901185502,0.17154832607533427,0.9525741268224334,0.9890130573694068
430,0,1.0,0.0,1.0,1.0,0.0,0.0,1.0,0.03133091,0.9955252879956105,0.018021498942562112,0.1,0.9525741268224334,0.9890130573694068
431,0,0.0,0.0,1.0,0.0,0.0,0.0,1.0,1.0,0.9967968605773196,0.018041467507950458,0.1,0.9525741268224334,0.9890130573694068
432,0,1.0,0.0,1.0,1.0,0.0,0.0,1.0,0.0014427829,0.9961684911455105,0.017941983047400425,0.29322530640310285,0.9525741268224334,0.9890130573694068
433,0,1.0,0.0,1.0,1.0,0.0,0.0,1.0,0.10339617,0.9972445916512442,0.018008317231870737,0.4986736495244084,0.9525741268224334,0.9890130573694068
434,0,1.0,0.0,1.0,1.0,0.0,0.0,1.0,0.00088266394,0.9958630232195224,0.017968306399581,0.41548385290552076,0.9525741268224334,0.9890130573694068
435,0,1.0,0.0,1.0,1.0,0.0,0.0,1.0,0.03613695,0.9950589272327591,0.017963052326020964,0.12457241774784875,0.9525741268224334,0.9890130573694068
436,0,1.0,0.0,1.0,1.0,0.0,0.0,1.0,1.0367063e-08,0.9963146789478522,0.017988700117252034,0.4439136511718502,0.9525741268224334,0.9890130573694068
437,0,1.0,0.0,1.0,1.0,0.0,0.0,1.0,0.00033633146,0.9960721626960651,0.018041814463855343,0.26580767914113074,0.9525741268224334,0.9890130573694068
438,0,0.0,0.0,1.0,0.0,0.0,0.0,1.0,1.0,0.9961304325823611,0.01797742015986107,0.1,0.9525741268224334,0.9890130573694068
439,0,1.0,0.0,1.0,1.0,0.0,0.0,1.0,4.985283e-05,0.9960952467879801,0.017997586277199273,0.7855885723072531,0.9525741268224334,0.9890130573694068
440,0,1.0,0.0,1.0,1.0,0.0,0.0,1.0,8.225421e-06,0.9979121308513438,0.01797398449013345,0.3931918851945396,0.9525741268224334,0.9890130573694068
441,0,1.0,0.0,1.0,1.0,0.0,0.0,1.0,1.297325e-13,0.9962326719562676,0.01797059083715176,0.1311519718225145,0.9525741268224334,0.9890130573694068
442,0,1.0,0.0,1.0,1.0,0.0,0.0,1.0,3.5321022e-17,0.9962402806702166,0.01801107089192998,0.1,0.9525741268224334,0.9890130573694068
443,0,1.0,0.0,1.0,1.0,0.0,0.0,1.0,1.7142136e-10,0.9969062566202563,0.017964265153822642,0.17263680960071776,0.9525741268224334,0.9890130573694068
444,0,1.0,0.0,1.0,1.0,0.0,0.0,1.0,8.101953e-09,0.9963948975500945,0.018007073455464942,0.1,0.9525741268224334,0.9890130573694068
445,0,1.0,0.0,1.0,1.0,0.0,0.0,1.0,4.2570508e-05,0.9957863939003856,0.018002066830790718,0.2868639271727691,0.9525741268224334,0.9890130573694068
446,0,1.0,0.0,1.0,1.0,0.0,0.0,1.0,1.586677e-10,0.9951169935831584,0.01800303212360492,0.1,0.9525741268224334,0.9890130573694068
447,0,1.0,0.0,1.0,1.0,0.0,0.0,1.0,5.9997794e-05,0.9972561703459746,0.017984144788800012,0.20151549941160418,0.9525741268224334,0.9890130573694068
448,0,1.0,0.0,1.0,1.0,0.0,0.0,1.0,7.994033e-11,0.9967270769241572,0.017985937121303815,0.1,0.9525741268224334,0.9890130573694068
449,0,0.0,0.0,1.0,0.0,0.0,0.0,1.0,1.0,0.9958037783695315,0.01798689853108047,0.1,0.9525741268224334,0.9890130573694068
450,0,1.0,0.0,1.0,1.0,0.0,0.0,1.0,2.4900055e-07,0.993715176045301,0.018034223624845455,0.1,0.9525741268224334,0.9890130573694068
451,0,1.0,0.0,1.0,1.0,0.0,0.0,1.0,6.45188e-09,0.9949674054920049,0.01798770751157453,0.9810567264548397,0.9525741268224334,0.9890130573694068
452,0,1.0,0.0,1.0,1.0,0.0,0.0,1.0,5.0966875e-09,0.9972318928902204,0.01795001627142998,0.999916895890452,0.9525741268224334,0.9890130573694068
453,0,1.0,0.0,1.0,1.0,0.0,0.0,1.0,1.8038135e-11,0.995612181678801,0.017986834398234338,0.15848131307044527,0.9525741268224334,0.9890130573694068
454,0,1.0,0.0,1.0,1.0,0.0,0.0,1.0,0.0018474285,0.9976627769754832,0.017963774107893144,0.11222409572427772,0.9525741268224334,0.9890130573694068
455,0,1.0,0.0,1.0,1.0,0.0,0.0,1.0,1.7658465e-15,0.9955074780119251,0.01795725659560078,0.9581016502567115,0.9525741268224334,0.9890130573694068
456,0,1.0,0.0,1.0,1.0,0.0,0.0,1.0,6.002219e-07,0.9962225114894303,0.01803136886082146,0.2811447548441214,0.9525741268224334,0.9890130573694068
457,0,1.0,0.0,1.0,1.0,0.0,0.0,1.0,9.686773e-19,0.9972763898456731,0.0179450214526566,0.12136030360656595,0.9525741268224334,0.9890130573694068
458,0,1.0,0.0,1.0,1.0,0.0,0.0,1.0,5.493339e-09,0.9965441570122023,0.018008695142410117,0.13338673907923426,0.9525741268224334,0.9890130573694068
459,0,1.0,0.0,1.0,1.0,0.0,0.0,1.0,1.7085282e-09,0.9965737378356608,0.017978089181044273,0.5830150664503309,0.9525741268224334,0.9890130573694068
460,0,1.0,0.0,1.0,1.0,0.0,0.0,1.0,7.0317895e-19,0.9971104291499955,0.017940006218432874,0.1,0.9525741268224334,0.9890130573694068
461,0,1.0,0.0,1.0,1.0,0.0,0.0,1.0,0.0037979197,0.9983358426221552,0.018018681736626074,0.1,0.9525741268224334,0.9890130573694068
462,0,0.0,0.0,1.0,0.0,0.0,0.0,1.0,0.67221737,0.9970920268556475,0.017984257558972934,0.1,0.9525741268224334,0.9890130573694068
463,0,1.0,0.0,1.0,1.0,0.0,0.0,1.0,2.8489502e-09,0.9967175054015648,0.017991084508967078,0.22974004475294243,0.9525741268224334,0.9890130573694068
464,1,0.0,0.65,1.0,1.0,0.0,0.0,1.0,5.2872418e-11,0.9968877550105163,0.6229577591528624,0.13887739455650955,0.9525741268224334,0.9890130573694068
465,0,1.0,0.48333333333333334,1.0,1.0,0.0,0.0,0.0,0.42073953,0.99899811189042,0.46763566589349315,0.10888468413886858,0.9525741268224334,0.9890130573694068
466,0,0.0,0.0,1.0,0.0,0.0,0.0,1.0,0.99999964,0.9973620667750799,0.017973734040732915,0.1,0.9525741268224334,0.9890130573694068
467,0,1.0,0.0,1.0,1.0,0.0,0.0,1.0,0.0019694525,0.9945135243202016,0.017982890058223355,0.13505887770600603,0.9525741268224334,0.9890130573694068
468,0,1.0,0.0,1.0,1.0,0.0,0.0,1.0,0.022382392,0.9942628994780949,0.018009412503182755,0.10137735886807582,0.9525741268224334,0.9890130573694068
469,0,1.0,0.0,1.0,1.0,0.0,0.0,1.0,2.1553474e-07,0.9957668502654148,0.017989621158694593,0.11834779641852569,0.9525741268224334,0.9890130573694068
470,0,1.0,0.0,1.0,1.0,0.0,0.0,1.0,2.3148094e-14,0.9975873080615734,0.017966106525438112,0.1279285858655017,0.9525741268224334,0.9890130573694068
471,1,1.0,0.9833333333333333,1.0,1.0,1.0,1.0,1.0,1.0,0.9989850018979731,0.9450606666411245,0.1,0.9525741268224334,0.9890130573694068
472,1,0.0,1.0,1.0,1.0,0.0,0.0,1.0,0.00027865672,0.999055237751671,0.9608933404534526,0.1,0.9525741268224334,0.9890130573694068
473,1,1.0,1.0,1.0,1.0,1.0,1.0,1.0,0.9999957,0.9992418953096239,0.960766683097018,0.47143310515717574,0.9525741268224334,0.9890130573694068
474,1,1.0,1.0,1.0,1.0,1.0,1.0,1.0,0.99999964,0.9986975246441467,0.9609446367663581,0.3041217751866982,0.9525741268224334,0.9890130573694068
475,1,1.0,1.0,1.0,1.0,1.0,1.0,1.0,0.999845,0.9987612658890955,0.9608577731026411,0.45057235579393434,0.9525741268224334,0.9890130573694068
476,1,1.0,1.0,1.0,1.0,1.0,1.0,1.0,0.9999558,0.9999345972351418,0.9608175557633739,0.1356424254939486,0.9525741268224334,0.9890130573694068
477,1,1.0,1.0,1.0,1.0,1.0,1.0,1.0,0.9973852,0.9993949507545009,0.9608210597944337,0.9504279247805282,0.9525741268224334,0.9890130573694068
478,1,1.0,1.0,1.0,1.0,1.0,1.0,1.0,0.96953905,0.9986708591295819,0.9608241038887121,0.8069657165936495,0.9525741268224334,0.9890130573694068
479,1,0.0,1.0,1.0,1.0,0.0,0.0,1.0,3.0716076e-13,0.9997290343982379,0.9608942723634857,0.1,0.9525741268224334,0.9890130573694068
480,1,0.0,1.0,1.0,1.0,0.0,0.0,1.0,0.00014888577,0.9996290424267048,0.9608834138047772,0.821126197328325,0.9525741268224334,0.9890130573694068
481,1,1.0,1.0,1.0,1.0,1.0,1.0,1.0,1.0,0.9994023988378636,0.9608787653165906,0.1,0.9525741268224334,0.9890130573694068
482,1,0.0,1.0,1.0,1.0,0.0,0.0,1.0,6.055137e-05,0.9996879724467976,0.9609298293903713,0.11604790840536279,0.9525741268224334,0.9890130573694068
483,1,0.0,1.0,1.0,1.0,0.0,0.0,1.0,8.525052e-05,0.9984446386967285,0.9609014399179537,0.16727356109688768,0.9525741268224334,0.9890130573694068
484,1,1.0,1.0,1.0,1.0,1.0,1.0,1.0,1.0,0.9998620590598649,0.9608114870887527,0.15632441780296405,0.9525741268224334,0.9890130573694068
485,1,0.0,1.0,1.0,1.0,0.0,0.0,1.0,0.0005069835,0.9997306852478801,0.9608562894832614,0.4971042226112622,0.9525741268224334,0.9890130573694068
486,1,1.0,1.0,1.0,1.0,1.0,1.0,1.0,1.0,0.9999997923125259,0.9608999101191279,0.1,0.9525741268224334,0.9890130573694068
487,1,1.0,1.0,1.0,1.0,1.0,1.0,1.0,1.0,0.9998398632936149,0.9609375351263109,0.9576294018990874,0.9525741268224334,0.9890130573694068
488,1,1.0,1.0,1.0,1.0,1.0,1.0,1.0,1.0,0.9988522451259675,0.9609551254857883,0.1,0.9525741268224334,0.9890130573694068
489,1,1.0,1.0,1.0,1.0,1.0,1.0,1.0,1.0,0.9987056548749139,0.96088094633722,0.9856532815770707,0.9525741268224334,0.9890130573694068
490,1,1.0,1.0,1.0,1.0,1.0,1.0,1.0,0.99954563,0.9969111575642493,0.9608882496440799,0.9864103640245755,0.9525741268224334,0.9890130573694068
491,1,0.0,1.0,1.0,1.0,0.0,0.0,1.0,6.51649e-08,0.9991459754795005,0.9607627640557077,0.6953230193556001,0.9525741268224334,0.9890130573694068
492,1,1.0,1.0,1.0,1.0,1.0,1.0,1.0,0.9999957,0.9960364172441845,0.9608557891804063,0.954318377590072,0.9525741268224334,0.9890130573694068
493,1,1.0,1.0,1.0,1.0,1.0,1.0,1.0,0.9998153,0.9974550125037608,0.9608510174242053,0.8533808444516179,0.9525741268224334,0.9890130573694068
494,1,0.0,1.0,1.0,1.0,0.0,0.0,1.0,1.3673382e-08,0.9920882926829161,0.9607924975199751,0.1,0.9525741268224334,0.9890130573694068
495,1,1.0,1.0,1.0,1.0,1.0,1.0,1.0,1.0,0.9996516137562792,0.9609726638334554,0.9880072087651545,0.9525741268224334,0.9890130573694068
496,1,0.0,1.0,1.0,1.0,0.0,0.0,1.0,1.02605595e-08,0.9945338926467745,0.9608591100969581,0.8449898795682121,0.9525741268224334,0.9890130573694068
497,1,1.0,1.0,1.0,1.0,1.0,1.0,1.0,1.0,0.9972311918246027,0.9608199718536452,0.1,0.9525741268224334,0.9890130573694068
498,1,1.0,1.0,1.0,1.0,1.0,1.0,1.0,1.0,0.996475179541107,0.9608452094391164,0.1,0.9525741268224334,0.9890130573694068
499,1,1.0,1.0,1.0,1.0,1.0,1.0,1.0,0.97937727,0.9903178788195711,0.9609117773148016,0.2592875149667235,0.9525741268224334,0.9890130573694068
500,1,0.0,1.0,1.0,1.0,0.0,0.0,1.0,7.2891744e-06,0.9802251844694686,0.9607992636820735,0.13130237849715615,0.9525741268224334,0.9890130573694068
501,1,1.0,1.0,1.0,1.0,1.0,1.0,1.0,1.0,0.9679640638816474,0.9607590248844375,0.9891844965313584,0.9525741268224334,0.9890130573694068
502,1,1.0,1.0,1.0,1.0,1.0,1.0,1.0,1.0,0.950095140840036,0.9608490446499466,0.8950893076990338,0.9525741268224334,0.9890130573694068
503,1,1.0,1.0,1.0,1.0,1.0,1.0,1.0,1.0,0.9629956877936507,0.9608800934995012,0.1,0.9525741268224334,0.9890130573694068
504,1,0.0,1.0,1.0,1.0,0.0,0.0,1.0,1.0145123e-15,0.9653400426920443,0.9608760889615128,0.4788519700906597,0.9525741268224334,0.9890130573694068
505,1,1.0,1.0,1.0,1.0,1.0,1.0,1.0,0.99999464,0.9671167781666826,0.960734058543292,0.7452731636253004,0.9525741268224334,0.9890130573694068
506,1,1.0,1.0,1.0,1.0,1.0,1.0,1.0,0.91324127,0.9552287153255418,0.9610777502850706,0.9749796532056192,0.9525741268224334,0.9890130573694068
507,1,1.0,1.0,1.0,1.0,1.0,1.0,1.0,0.95956486,0.9625004194905559,0.960846787008592,0.558641103419813,0.9525741268224334,0.9890130573694068
508,1,0.0,1.0,1.0,1.0,0.0,0.0,1.0,0.0094903335,0.9612661618325843,0.9608512148783919,0.1,0.9525741268224334,0.9890130573694068
509,1,0.0,1.0,1.0,1.0,0.0,0.0,1.0,2.451942e-09,0.9674421915539104,0.960939721239576,0.1298599764353217,0.9525741268224334,0.9890130573694068
510,1,0.0,1.0,1.0,1.0,0.0,0.0,1.0,5.0637855e-11,0.9822262589128166,0.9608506495154605,0.1,0.9525741268224334,0.9890130573694068
511,1,1.0,1.0,1.0,1.0,1.0,1.0,1.0,1.0,0.9820025218285088,0.9608984383145482,0.1,0.9525741268224334,0.9890130573694068
512,1,0.0,1.0,1.0,1.0,0.0,0.0,1.0,0.41501233,0.9824495578114302,0.9608931207973019,0.7913244907164054,0.9525741268224334,0.9890130573694068
513,1,0.0,1.0,1.0,1.0,0.0,0.0,1.0,3.432189e-11,0.9914646546843902,0.9608692014448486,0.1794632617830649,0.9525741268224334,0.9890130573694068
514,1,0.0,1.0,1.0,1.0,0.0,0.0,1.0,5.4776206e-10,0.9788530596614445,0.9609081192850316,0.1,0.9525741268224334,0.9890130573694068
515,1,1.0,1.0,1.0,1.0,1.0,1.0,1.0,1.0,0.9572577220117879,0.9607985078506408,0.1,0.9525741268224334,0.9890130573694068
516,1,1.0,1.0,1.0,1.0,1.0,1.0,1.0,0.9981918,0.9729909279163097,0.9609113148396791,0.7285304584232442,0.9525741268224334,0.9890130573694068
517,1,1.0,1.0,1.0,1.0,1.0,1.0,1.0,0.98316795,0.9579774830906375,0.960871860281326,0.2947941124378403,0.9525741268224334,0.9890130573694068
518,1,0.0,1.0,1.0,1.0,0.0,0.0,1.0,1.872586e-13,0.9542758808514066,0.9609311250479059,0.1,0.9525741268224334,0.9890130573694068
519,1,0.0,1.0,1.0,1.0,0.0,0.0,1.0,1.5429673e-06,0.9412342226796054,0.9608251084616504,0.5788721893629614,0.9525741268224334,0.9890130573694068
520,1,1.0,1.0,1.0,1.0,1.0,1.0,1.0,1.0,0.9340655026846547,0.9608143813487825,0.8977002573149578,0.9525741268224334,0.9890130573694068
521,1,0.0,1.0,1.0,1.0,0.0,0.0,1.0,2.0790456e-11,0.9630357448320489,0.9609541319696862,0.1144916396797138,0.9525741268224334,0.9890130573694068
522,1,0.0,1.0,1.0,1.0,0.0,0.0,1.0,3.666873e-07,0.9218670771094842,0.9608829351324096,0.42319075445591686,0.9525741268224334,0.9890130573694068
523,1,1.0,1.0,1.0,1.0,1.0,1.0,1.0,0.9971922,0.8835972030233904,0.9608591569944912,0.7890698367507994,0.9525741268224334,0.9890130573694068
524,1,0.0,1.0,1.0,1.0,0.0,0.0,1.0,7.3894867e-13,0.8896290753950962,0.9609074901999612,0.1,0.9525741268224334,0.9890130573694068
525,1,0.0,1.0,1.0,1.0,0.0,0.0,1.0,1.473588e-07,0.895915398027796,0.9608681298706968,0.1,0.9525741268224334,0.9890130573694068
526,1,0.0,1.0,1.0,1.0,0.0,0.0,1.0,0.0026781224,0.9404487472372112,0.960835889857697,0.33996335427737745,0.9525741268224334,0.9890130573694068
527,1,1.0,1.0,1.0,1.0,1.0,1.0,1.0,1.0,0.9494795736913975,0.9609403095505934,0.9880072087651545,0.9525741268224334,0.9890130573694068
528,1,0.0,1.0,1.0,1.0,0.0,0.0,1.0,4.6897002e-14,0.9312306604055574,0.9608563386930847,0.1,0.9525741268224334,0.9890130573694068
529,1,0.0,1.0,1.0,1.0,0.0,0.0,1.0,0.0012625662,0.9432161701310988,0.9607584655266197,0.2587335940173495,0.9525741268224334,0.9890130573694068
530,1,0.0,1.0,1.0,1.0,0.0,0.0,1.0,2.7698763e-07,0.9513254845431429,0.9609238348152259,0.3249940311877153,0.9525741268224334,0.9890130573694068
531,1,0.0,1.0,1.0,1.0,0.0,0.0,1.0,8.6489084e-14,0.9300273083188935,0.9609367094983179,0.1,0.9525741268224334,0.9890130573694068
532,1,0.0,1.0,1.0,1.0,0.0,0.0,1.0,5.400503e-09,0.9032748761256626,0.9608828753515193,0.1658154332103128,0.9525741268224334,0.9890130573694068
533,1,0.0,1.0,1.0,1.0,0.0,0.0,1.0,1.4076873e-10,0.9023032754296326,0.960876349247876,0.2764712648771785,0.9525741268224334,0.9890130573694068
534,1,0.0,1.0,1.0,1.0,0.0,0.0,1.0,5.5010446e-06,0.8882246465369129,0.9608488392587888,0.2603736641028306,0.9525741268224334,0.9890130573694068
535,1,1.0,1.0,1.0,1.0,1.0,1.0,1.0,1.0,0.905301008113316,0.9608225115531345,0.1,0.9525741268224334,0.9890130573694068
536,1,0.0,1.0,1.0,1.0,0.0,0.0,1.0,3.2762675e-11,0.9157548985161502,0.9608547702841309,0.10722147998855316,0.9525741268224334,0.9890130573694068
537,1,1.0,1.0,1.0,1.0,1.0,1.0,1.0,1.0,0.9046551670280872,0.9609473477723356,0.6185252649884465,0.9525741268224334,0.9890130573694068
538,1,0.0,1.0,1.0,1.0,0.0,0.0,1.0,5.4776333e-13,0.8980373359598808,0.960830137164434,0.7493468493159882,0.9525741268224334,0.9890130573694068
539,1,1.0,1.0,1.0,1.0,1.0,1.0,1.0,0.97199553,0.8870559832659451,0.9608398362213115,0.38262189062097346,0.9525741268224334,0.9890130573694068
540,1,0.0,1.0,1.0,1.0,0.0,0.0,1.0,1.1478744e-13,0.8866842561388762,0.9608050564318104,0.1554548423176019,0.9525741268224334,0.9890130573694068
541,1,0.0,1.0,1.0,1.0,0.0,0.0,1.0,6.3648895e-06,0.8469042803592232,0.9608752658340496,0.9784611124314346,0.9525741268224334,0.9890130573694068
542,1,0.0,1.0,1.0,1.0,0.0,0.0,1.0,0.019385561,0.9119676933629858,0.9609421238351996,0.1,0.9525741268224334,0.9890130573694068
543,1,0.0,1.0,1.0,1.0,0.0,0.0,1.0,0.0003731642,0.8701486718653665,0.9609448131900337,0.1,0.9525741268224334,0.9890130573694068
544,1,0.0,1.0,1.0,1.0,0.0,0.0,1.0,6.920427e-10,0.8589380682313748,0.9609524026392012,0.1166736045912133,0.9525741268224334,0.9890130573694068
545,1,0.0,1.0,1.0,1.0,0.0,0.0,1.0,0.287126,0.873484789343616,0.9608795942485977,0.7233866117042462,0.9525741268224334,0.9890130573694068
546,1,0.0,1.0,1.0,1.0,0.0,0.0,1.0,1.6477555e-12,0.8734235978838749,0.9608810381603807,0.20647906368086677,0.9525741268224334,0.9890130573694068
547,1,0.0,1.0,1.0,1.0,0.0,0.0,1.0,2.4410857e-11,0.8814558963065324,0.9608812125061782,0.17255688823687645,0.9525741268224334,0.9890130573694068
548,1,0.0,1.0,1.0,1.0,0.0,0.0,1.0,8.0111226e-05,0.8660294454030808,0.9609402698275047,0.709966342673797,0.9525741268224334,0.9890130573694068
549,1,1.0,1.0,1.0,1.0,1.0,1.0,1.0,0.9999957,0.8935717629250952,0.9607809768836341,0.6171802800981678,0.9525741268224334,0.9890130573694068
550,1,0.0,1.0,1.0,1.0,0.0,0.0,1.0,1.3220366e-14,0.8778425306103756,0.9609266895334027,0.1,0.9525741268224334,0.9890130573694068
551,1,1.0,1.0,1.0,1.0,1.0,1.0,1.0,0.99999464,0.8728469532732679,0.9608428770428645,0.7452731636253004,0.9525741268224334,0.9890130573694068
552,1,0.0,1.0,1.0,1.0,0.0,0.0,1.0,5.5010446e-06,0.881533388910785,0.9608950986738308,0.2603736641028306,0.9525741268224334,0.9890130573694068
553,1,0.0,1.0,1.0,1.0,0.0,0.0,1.0,4.8167655e-13,0.8724474456839525,0.9609344479595737,0.1,0.9525741268224334,0.9890130573694068
554,1,0.0,1.0,1.0,1.0,0.0,0.0,1.0,1.4423168e-08,0.8896127129175392,0.9609264645233037,0.6214528278699998,0.9525741268224334,0.9890130573694068
555,1,0.0,1.0,1.0,1.0,0.0,0.0,1.0,6.46696e-09,0.8634716022271444,0.9608900564626333,0.18490679983797367,0.9525741268224334,0.9890130573694068
556,1,0.0,1.0,1.0,1.0,0.0,0.0,1.0,1.750935e-08,0.8686106027180401,0.9608561926400202,0.35930009994628964,0.9525741268224334,0.9890130573694068
557,1,0.0,1.0,1.0,1.0,0.0,0.0,1.0,2.433099e-05,0.8653191471506043,0.9609023763527186,0.19235006285810632,0.9525741268224334,0.9890130573694068
558,1,0.0,1.0,1.0,1.0,0.0,0.0,1.0,2.5066958e-13,0.8689359950136741,0.9609432487001419,0.1,0.9525741268224334,0.9890130573694068
559,1,0.0,1.0,1.0,1.0,0.0,0.0,1.0,8.0111226e-05,0.8650842349370876,0.9607975939981368,0.709966342673797,0.9525741268224334,0.9890130573694068
560,1,0.0,1.0,1.0,1.0,0.0,0.0,1.0,0.00095500465,0.8699679970657753,0.9608916946146056,0.8848182762827808,0.9525741268224334,0.9890130573694068
561,1,0.0,1.0,1.0,1.0,0.0,0.0,1.0,6.067994e-15,0.861380870295252,0.9609295372720503,0.1,0.9525741268224334,0.9890130573694068
562,1,0.0,1.0,1.0,1.0,0.0,0.0,1.0,2.2855863e-14,0.8614569883824136,0.9609775058695936,0.12069672503070854,0.9525741268224334,0.9890130573694068
563,1,1.0,1.0,1.0,1.0,1.0,1.0,1.0,1.0,0.8637743445313231,0.9608637488439123,0.1,0.9525741268224334,0.9890130573694068
564,1,1.0,1.0,1.0,1.0,1.0,1.0,1.0,0.9999999,0.8705101391475666,0.9608252306253902,0.7805330504616163,0.9525741268224334,0.9890130573694068
565,1,1.0,1.0,1.0,1.0,1.0,1.0,1.0,0.999796,0.8600359180303664,0.9608198816238496,0.5900453466365779,0.9525741268224334,0.9890130573694068
566,1,1.0,1.0,1.0,1.0,1.0,1.0,1.0,1.0,0.852112481429538,0.9608623812878423,0.9709552300891859,0.9525741268224334,0.9890130573694068
567,1,1.0,1.0,1.0,1.0,1.0,1.0,1.0,0.9999999,0.8621861465535995,0.9607727673827906,0.9789147076523018,0.9525741268224334,0.9890130573694068
568,1,1.0,1.0,1.0,1.0,1.0,1.0,1.0,0.9965874,0.8543621772667197,0.9608918728288803,0.45600269375561553,0.9525741268224334,0.9890130573694068
569,1,1.0,1.0,1.0,1.0,1.0,1.0,1.0,1.0,0.8741603734139752,0.9608048423054424,0.9497832481628843,0.9525741268224334,0.9890130573694068
570,1,0.0,1.0,1.0,1.0,0.0,0.0,1.0,6.471099e-11,0.8556476400671789,0.9608445728188985,0.17142988908569942,0.9525741268224334,0.9890130573694068
571,1,1.0,1.0,1.0,1.0,1.0,1.0,1.0,1.0,0.8648317531684219,0.9607886774127936,0.1,0.9525741268224334,0.9890130573694068
572,1,1.0,1.0,1.0,1.0,1.0,1.0,1.0,0.9997372,0.8757070087665892,0.960911144956778,0.9585553913069828,0.9525741268224334,0.9890130573694068
573,1,0.0,1.0,1.0,1.0,0.0,0.0,1.0,8.2743827e-07,0.9037426319074485,0.960925248056287,0.1,0.9525741268224334,0.9890130573694068
574,1,0.0,1.0,1.0,1.0,0.0,0.0,1.0,0.0045938985,0.8846446053089836,0.9608972128673864,0.9723431648074705,0.9525741268224334,0.9890130573694068
575,1,1.0,1.0,1.0,1.0,1.0,1.0,1.0,0.9994011,0.8730397609045715,0.9607871856838234,0.1858890956707001,0.9525741268224334,0.9890130573694068
576,1,0.0,1.0,1.0,1.0,0.0,0.0,1.0,5.590786e-06,0.8540026778714833,0.9608433009946376,0.44006499374115504,0.9525741268224334,0.9890130573694068
577,1,0.0,1.0,1.0,1.0,0.0,0.0,1.0,0.1453965,0.9088525658478862,0.9608065886013774,0.2139134881537777,0.9525741268224334,0.9890130573694068
578,1,0.0,1.0,1.0,1.0,0.0,0.0,1.0,1.2386192e-05,0.9060118834607468,0.9608357997944227,0.6778786621386507,0.9525741268224334,0.9890130573694068
579,1,1.0,1.0,1.0,1.0,1.0,1.0,1.0,0.9868001,0.8748033338187826,0.9607719146316275,0.8895976332551616,0.9525741268224334,0.9890130573694068
580,1,1.0,1.0,1.0,1.0,1.0,1.0,1.0,1.0,0.8846821295244324,0.9609399181457255,0.9605055702248276,0.9525741268224334,0.9890130573694068
581,1,1.0,1.0,1.0,1.0,1.0,1.0,1.0,0.9999957,0.8881995253479319,0.9609959685211339,0.47143310515717574,0.9525741268224334,0.9890130573694068
582,1,0.0,1.0,1.0,1.0,0.0,0.0,1.0,0.0034582238,0.877400074198755,0.9608413811154738,0.8188972873400979,0.9525741268224334,0.9890130573694068
583,1,0.0,1.0,1.0,1.0,0.0,0.0,1.0,1.3262716e-11,0.8649394881224439,0.9609613483573547,0.9667850416990702,0.9525741268224334,0.9890130573694068
584,1,0.0,1.0,1.0,1.0,0.0,0.0,1.0,3.3653774e-13,0.8749259127946343,0.9608843701911223,0.1,0.9525741268224334,0.9890130573694068
585,0,1.0,0.2,1.0,1.0,0.0,0.0,0.0,7.735723e-11,0.9243581073503591,0.2065317926270495,0.20565446301889645,0.9525741268224334,0.9890130573694068
586,0,1.0,0.0,1.0,1.0,0.0,0.0,1.0,2.1344863e-06,0.9995136189432744,0.017974682994876034,0.13942390830649906,0.9525741268224334,0.9890130573694068
587,0,1.0,0.0,1.0,1.0,0.0,0.0,1.0,2.9993974e-08,0.9980725618153946,0.017978590202890825,0.5668985639274546,0.9525741268224334,0.9890130573694068
588,0,1.0,0.0,1.0,1.0,0.0,0.0,1.0,1.3257885e-07,0.9968273363164754,0.01798125580947911,0.1,0.9525741268224334,0.9890130573694068
589,0,1.0,0.0,1.0,1.0,0.0,0.0,1.0,2.2611683e-19,0.9972634565844284,0.017943909901785977,0.1000888797989951,0.9525741268224334,0.9890130573694068
590,0,0.0,0.0,1.0,0.0,0.0,0.0,1.0,0.85482097,0.9948029861111302,0.017975022324489488,0.13737111056940363,0.9525741268224334,0.9890130573694068
591,0,1.0,0.0,1.0,1.0,0.0,0.0,1.0,1.519566e-07,0.994677567202594,0.018010206782386375,0.1,0.9525741268224334,0.9890130573694068
592,0,1.0,0.0,1.0,1.0,0.0,0.0,1.0,0.0063146846,0.9986430422132682,0.01803235221829033,0.12925661420844997,0.9525741268224334,0.9890130573694068
593,0,1.0,0.0,1.0,1.0,0.0,0.0,1.0,2.4209148e-08,0.9978427821237597,0.0179786871590148,0.42818819720923645,0.9525741268224334,0.9890130573694068
594,0,1.0,0.0,1.0,1.0,0.0,0.0,1.0,1.6455272e-10,0.9968874123270391,0.017964859350987284,0.3384153545899748,0.9525741268224334,0.9890130573694068
595,0,1.0,0.0,1.0,1.0,0.0,0.0,1.0,6.4760716e-05,0.9974413474115875,0.018000289781874904,0.1,0.9525741268224334,0.9890130573694068
596,0,1.0,0.0,1.0,1.0,0.0,0.0,1.0,4.7344142e-06,0.9966681517683035,0.01798614644993908,0.21367043791844875,0.9525741268224334,0.9890130573694068
597,0,1.0,0.0,1.0,1.0,0.0,0.0,1.0,2.5957105e-17,0.9959303361032892,0.018010124279101074,0.1,0.9525741268224334,0.9890130573694068
598,0,1.0,0.0,1.0,1.0,0.0,0.0,1.0,3.5615625e-14,0.9965621306116739,0.018027546345676024,0.1,0.9525741268224334,0.9890130573694068
599,0,1.0,0.0,1.0,1.0,0.0,0.0,1.0,2.2069114e-06,0.9950239675758888,0.017986053421429483,0.930498490825296,0.9525741268224334,0.9890130573694068
600,0,1.0,0.0,1.0,1.0,0.0,0.0,1.0,1.1763239e-10,0.9968782778590708,0.017995695076088707,0.1,0.9525741268224334,0.9890130573694068
601,0,0.0,0.0,1.0,0.0,0.0,0.0,1.0,0.8774382,0.9960007212081468,0.017990592634680606,0.1432677073161149,0.9525741268224334,0.9890130573694068
602,0,1.0,0.0,1.0,1.0,0.0,0.0,1.0,1.4013541e-18,0.9978574602456102,0.017958881953328155,0.1,0.9525741268224334,0.9890130573694068
603,0,0.0,0.0,1.0,0.0,0.0,0.0,1.0,1.0,0.9977607505696116,0.0180021086081507,0.1,0.9525741268224334,0.9890130573694068
604,0,0.0,0.0,1.0,0.0,0.0,0.0,1.0,1.0,0.9978468296160794,0.01798670015718729,0.1,0.9525741268224334,0.9890130573694068
605,0,1.0,0.0,1.0,1.0,0.0,0.0,1.0,7.676646e-07,0.9966369451376048,0.0179887040670076,0.12198234926238713,0.9525741268224334,0.9890130573694068
606,1,1.0,0.7833333333333333,1.0,1.0,1.0,1.0,1.0,1.0,0.9982318311361758,0.759590411855666,0.9861323896702582,0.9525741268224334,0.9890130573694068
607,1,0.0,1.0,1.0,1.0,0.0,0.0,1.0,3.5989454e-09,0.9993249913072924,0.9646330027000736,0.12435302879078312,0.9525741268224334,0.9890130573694068
608,1,1.0,1.0,1.0,1.0,1.0,1.0,1.0,0.99999976,0.9976033044538891,0.9647261240729992,0.9183519828133944,0.9525741268224334,0.9890130573694068
609,1,1.0,1.0,1.0,1.0,1.0,1.0,1.0,0.9999995,0.9957205254568943,0.9647365813768858,0.1,0.9525741268224334,0.9890130573694068
610,1,1.0,1.0,1.0,1.0,1.0,1.0,1.0,0.99981505,0.9960188394029995,0.9646011681318011,0.937981933486251,0.9525741268224334,0.9890130573694068
611,1,1.0,1.0,1.0,1.0,1.0,1.0,1.0,0.7558121,0.9992348888545022,0.9646534875335493,0.1391727361336896,0.9525741268224334,0.9890130573694068
612,1,0.0,1.0,1.0,1.0,0.0,0.0,1.0,5.0637855e-11,0.997906098898796,0.9645984287652282,0.1,0.9525741268224334,0.9890130573694068
613,0,1.0,0.0,1.0,1.0,0.0,0.0,1.0,0.0013346558,0.9986298339439672,0.01799790068437685,0.7037720947649604,0.9525741268224334,0.9890130573694068
614,0,0.0,0.0,1.0,0.0,0.0,0.0,1.0,1.0,0.9979137392325517,0.017953150521953367,0.1,0.9525741268224334,0.9890130573694068
615,0,1.0,0.0,1.0,1.0,0.0,0.0,1.0,2.3365092e-18,0.9969024158197887,0.018001377707886717,0.13138567684162722,0.9525741268224334,0.9890130573694068
616,0,1.0,0.0,1.0,1.0,0.0,0.0,1.0,9.238295e-06,0.9967435198279789,0.017995957621110958,0.30604711223698766,0.9525741268224334,0.9890130573694068
617,0,1.0,0.0,1.0,1.0,0.0,0.0,1.0,9.937462e-07,0.996893980282806,0.01797190823393395,0.2665504816590253,0.9525741268224334,0.9890130573694068
618,0,1.0,0.0,1.0,1.0,0.0,0.0,1.0,8.9718205e-10,0.996640043147508,0.01803267812573569,0.10858670876929867,0.9525741268224334,0.9890130573694068
619,0,0.0,0.0,1.0,0.0,0.0,0.0,1.0,0.9999721,0.9966195706689552,0.01800183365142759,0.1,0.9525741268224334,0.9890130573694068
620,1,1.0,0.9166666666666666,1.0,1.0,1.0,1.0,1.0,0.99999964,0.9941000349055733,0.8968785015038206,0.9763606598937711,0.9525741268224334,0.9890130573694068
621,1,0.0,1.0,1.0,1.0,0.0,0.0,1.0,2.1523305e-09,0.9909706486996241,0.9767886462812835,0.6044847737219966,0.9525741268224334,0.9890130573694068
622,1,0.0,1.0,1.0,1.0,0.0,0.0,1.0,3.5989454e-09,0.9749984592046345,0.9768305530569775,0.12435302879078312,0.9525741268224334,0.9890130573694068
623,1,1.0,1.0,1.0,1.0,1.0,1.0,1.0,1.0,0.983646321078279,0.9768221291035813,0.9865798033966762,0.9525741268224334,0.9890130573694068
624,1,1.0,1.0,1.0,1.0,1.0,1.0,1.0,0.98256093,0.9687672567188971,0.9767865755606572,0.9482174289030093,0.9525741268224334,0.9890130573694068
625,1,1.0,1.0,1.0,1.0,1.0,1.0,1.0,0.9999157,0.9779944994287562,0.9768184929990393,0.8391832183214823,0.9525741268224334,0.9890130573694068
626,1,1.0,1.0,1.0,1.0,1.0,1.0,1.0,1.0,0.9475411314356313,0.9767940908762017,0.9913770481094794,0.9525741268224334,0.9890130573694068
627,1,0.0,1.0,1.0,1.0,0.0,0.0,1.0,2.8194596e-14,0.968381248251973,0.9767744212516328,0.1,0.9525741268224334,0.9890130573694068
628,1,0.0,1.0,1.0,1.0,0.0,0.0,1.0,0.17280328,0.9215880480013285,0.97677543270723,0.5632210217318497,0.9525741268224334,0.9890130573694068
629,1,1.0,1.0,1.0,1.0,1.0,1.0,1.0,0.9998098,0.9492219334148729,0.9767587512484739,0.10009460411911421,0.9525741268224334,0.9890130573694068
630,1,0.0,1.0,1.0,1.0,0.0,0.0,1.0,3.8079668e-11,0.955824268017131,0.9767524058769729,0.1,0.9525741268224334,0.9890130573694068
631,1,1.0,1.0,1.0,1.0,1.0,1.0,1.0,1.0,0.9465005451016744,0.9767532076908139,0.1,0.9525741268224334,0.9890130573694068
632,1,0.0,1.0,1.0,1.0,0.0,0.0,1.0,5.570875e-15,0.9526079074812287,0.9767600076942676,0.1,0.9525741268224334,0.9890130573694068
633,1,0.0,1.0,1.0,1.0,0.0,0.0,1.0,3.7393194e-10,0.9284780042797239,0.97678524752826,0.1,0.9525741268224334,0.9890130573694068
634,1,0.0,1.0,1.0,1.0,0.0,0.0,1.0,1.2238595e-11,0.964699030587994,0.9767820529997423,0.700980509553111,0.9525741268224334,0.9890130573694068
635,1,0.0,1.0,1.0,1.0,0.0,0.0,1.0,5.417099e-14,0.948125211470487,0.9767851816659582,0.4607463836202379,0.9525741268224334,0.9890130573694068
636,1,0.0,1.0,1.0,1.0,0.0,0.0,1.0,1.6945405e-09,0.9857483600501702,0.9767806672831745,0.1,0.9525741268224334,0.9890130573694068
637,1,0.0,1.0,1.0,1.0,0.0,0.0,1.0,2.6154332e-11,0.9911664813812856,0.9767162319592442,0.1,0.9525741268224334,0.9890130573694068
638,1,0.0,1.0,1.0,1.0,0.0,0.0,1.0,3.2762675e-11,0.9857331870575337,0.9768060583679041,0.10722147998855316,0.9525741268224334,0.9890130573694068
639,1,1.0,1.0,1.0,1.0,1.0,1.0,1.0,1.0,0.9688791338735107,0.976855546528334,0.9009236339972584,0.9525741268224334,0.9890130573694068
640,1,1.0,1.0,1.0,1.0,1.0,1.0,1.0,1.0,0.9813669528841932,0.9767700471026199,0.1,0.9525741268224334,0.9890130573694068
641,1,1.0,1.0,1.0,1.0,1.0,1.0,1.0,0.9989807,0.9880399410128494,0.9767842038566823,0.2557920325048793,0.9525741268224334,0.9890130573694068
642,1,1.0,1.0,1.0,1.0,1.0,1.0,1.0,0.9999987,0.9907356405100012,0.9768168689745244,0.7178480959923612,0.9525741268224334,0.9890130573694068
643,1,0.0,1.0,1.0,1.0,0.0,0.0,1.0,0.00015071694,0.9924792650300563,0.9767269313705601,0.22115362648643605,0.9525741268224334,0.9890130573694068
644,1,0.0,1.0,1.0,1.0,0.0,0.0,1.0,0.0048000505,0.992113777794955,0.9768500342215227,0.1899728570872919,0.9525741268224334,0.9890130573694068
645,1,0.0,1.0,1.0,1.0,0.0,0.0,1.0,0.010477611,0.9969692609832355,0.9767862099740792,0.10008600845579162,0.9525741268224334,0.9890130573694068
646,0,1.0,0.31666666666666665,1.0,1.0,0.0,0.0,1.0,2.5629866e-08,0.9975834051840422,0.32157335951218624,0.987357424014901,0.9525741268224334,0.9890130573694068
647,0,1.0,0.0,1.0,1.0,0.0,0.0,1.0,4.5269557e-05,0.9972201124492618,0.017994001787775417,0.2739112098635186,0.9525741268224334,0.9890130573694068
648,0,1.0,0.0,1.0,1.0,0.0,0.0,1.0,0.03085471,0.9961480227325786,0.018055532246988512,0.6459531105913773,0.9525741268224334,0.9890130573694068
649,0,1.0,0.0,1.0,1.0,0.0,0.0,1.0,0.0014886977,0.9959363046152262,0.017994988621565396,0.15693251363698474,0.9525741268224334,0.9890130573694068
650,0,1.0,0.0,1.0,1.0,0.0,0.0,1.0,0.006424915,0.9959395640441254,0.01801129397286245,0.9876882325512516,0.9525741268224334,0.9890130573694068
651,0,0.0,0.0,1.0,0.0,0.0,0.0,1.0,1.0,0.996398829220089,0.017996269675469797,0.1,0.9525741268224334,0.9890130573694068
652,0,1.0,0.0,1.0,1.0,0.0,0.0,1.0,0.0069182874,0.9978936975645496,0.017940086038913262,0.1665022582702235,0.9525741268224334,0.9890130573694068
653,0,1.0,0.0,1.0,1.0,0.0,0.0,1.0,0.00090354413,0.9978310589898111,0.01796937486316581,0.20898089745136073,0.9525741268224334,0.9890130573694068
654,0,1.0,0.0,1.0,1.0,0.0,0.0,1.0,1.7598128e-06,0.9965507127793549,0.018015538914181305,0.23320743291068485,0.9525741268224334,0.9890130573694068
655,0,0.0,0.0,1.0,0.0,0.0,0.0,0.0,0.95384663,0.997177862482929,0.01799353383187846,0.9561821714980946,0.9525741268224334,0.9890130573694068
656,0,1.0,0.0,1.0,1.0,0.0,0.0,1.0,7.218625e-17,0.995981127216714,0.01798626736022265,0.1,0.9525741268224334,0.9890130573694068
657,0,1.0,0.0,1.0,1.0,0.0,0.0,1.0,2.2615344e-08,0.9947982494529212,0.017967035163167742,0.26176127260757137,0.9525741268224334,0.9890130573694068
658,0,1.0,0.0,1.0,1.0,0.0,0.0,1.0,0.0026572784,0.9972957421172386,0.01796540956790248,0.9885892338164819,0.9525741268224334,0.9890130573694068
659,0,1.0,0.0,1.0,1.0,0.0,0.0,1.0,4.300271e-07,0.9953858768192576,0.018007180439835832,0.2591546294005736,0.9525741268224334,0.9890130573694068
660,0,1.0,0.0,1.0,1.0,0.0,0.0,1.0,3.7195962e-09,0.9950406607636345,0.017977920113375224,0.1040122440667034,0.9525741268224334,0.9890130573694068
661,0,1.0,0.0,1.0,1.0,0.0,0.0,1.0,0.0053645098,0.9966424160961244,0.017971010022084805,0.6175660316113434,0.9525741268224334,0.9890130573694068
662,0,1.0,0.0,1.0,1.0,0.0,0.0,1.0,0.00044521462,0.9954074708600461,0.018032573579193155,0.9543538847597197,0.9525741268224334,0.9890130573694068
663,0,1.0,0.0,1.0,1.0,0.0,0.0,1.0,9.616952e-05,0.9984355571084544,0.01800315252802596,0.16305834861586596,0.9525741268224334,0.9890130573694068
664,0,1.0,0.0,1.0,1.0,0.0,0.0,1.0,1.8463817e-07,0.996354610190907,0.017984949195627924,0.19964280754420272,0.9525741268224334,0.9890130573694068
665,0,1.0,0.0,1.0,1.0,0.0,0.0,1.0,2.4106293e-09,0.9963957552235583,0.01799374554600121,0.1,0.9525741268224334,0.9890130573694068
666,0,1.0,0.0,1.0,1.0,0.0,0.0,1.0,0.015454214,0.9944861431624258,0.01800434282770028,0.10343921516989245,0.9525741268224334,0.9890130573694068
667,0,1.0,0.0,1.0,1.0,0.0,0.0,1.0,1.9916397e-09,0.9953860567782864,0.01800376949728847,0.2738231836175773,0.9525741268224334,0.9890130573694068
668,0,1.0,0.31666666666666665,1.0,1.0,0.0,0.0,0.0,2.3365092e-18,0.951771116533833,0.31060881432395265,0.13138567684162722,0.9525741268224334,0.9890130573694068
669,1,1.0,1.0,1.0,1.0,1.0,1.0,1.0,1.0,0.9091710919827729,0.9421820549052022,0.7092602017863188,0.9525741268224334,0.9890130573694068
670,1,1.0,1.0,1.0,1.0,1.0,1.0,1.0,0.9975279,0.9346787341202967,0.9422553919540451,0.9636702441295729,0.9525741268224334,0.9890130573694068
671,1,0.0,1.0,1.0,1.0,0.0,0.0,1.0,1.5649189e-15,0.8950378111771773,0.9422372475242334,0.16265467470925998,0.9525741268224334,0.9890130573694068
672,1,1.0,1.0,1.0,1.0,1.0,1.0,1.0,1.0,0.9239747168444122,0.9422653899206034,0.8679703492750582,0.9525741268224334,0.9890130573694068
673,1,0.0,1.0,1.0,1.0,0.0,0.0,1.0,2.7637154e-13,0.9507130250251715,0.9420868759389673,0.24873358239126697,0.9525741268224334,0.9890130573694068
674,1,1.0,1.0,1.0,1.0,1.0,1.0,1.0,0.9997013,0.9487291915725939,0.9421903150964454,0.9438350645817665,0.9525741268224334,0.9890130573694068
675,1,1.0,1.0,1.0,1.0,1.0,1.0,1.0,0.9999957,0.958107943368999,0.9422050678852851,0.47143310515717574,0.9525741268224334,0.9890130573694068
676,1,1.0,1.0,1.0,1.0,1.0,1.0,1.0,0.9996308,0.9186015022182215,0.9422289259559198,0.908976512044179,0.9525741268224334,0.9890130573694068
677,1,1.0,1.0,1.0,1.0,1.0,1.0,1.0,1.0,0.9335070655364801,0.9423085588414769,0.1,0.9525741268224334,0.9890130573694068
678,1,0.0,1.0,1.0,1.0,0.0,0.0,1.0,4.0695167e-07,0.9015416045502408,0.9423470332953114,0.20241588034209188,0.9525741268224334,0.9890130573694068
679,1,0.0,1.0,1.0,1.0,0.0,0.0,1.0,0.051407326,0.9197216608272175,0.9422318662629382,0.23631842440194498,0.9525741268224334,0.9890130573694068
680,1,0.0,1.0,1.0,1.0,0.0,0.0,1.0,3.4191646e-05,0.9010205966595638,0.9420217409579557,0.18125972990617878,0.9525741268224334,0.9890130573694068
681,1,1.0,1.0,1.0,1.0,1.0,1.0,1.0,1.0,0.8935165884681714,0.9423038842522538,0.9865798033966762,0.9525741268224334,0.9890130573694068
682,1,0.0,1.0,1.0,1.0,0.0,0.0,1.0,9.457397e-08,0.9042198132195848,0.9421447562897722,0.10804624084045146,0.9525741268224334,0.9890130573694068
683,1,1.0,1.0,1.0,1.0,1.0,1.0,1.0,1.0,0.9205210311304256,0.9421459338497633,0.1,0.9525741268224334,0.9890130573694068
684,1,0.0,1.0,1.0,1.0,0.0,0.0,1.0,0.0399712,0.8987645233766196,0.9423823710682321,0.1,0.9525741268224334,0.9890130573694068
685,1,0.0,1.0,1.0,1.0,0.0,0.0,1.0,2.0790456e-11,0.8972712414280587,0.9422610469567113,0.1144916396797138,0.9525741268224334,0.9890130573694068
686,1,0.0,1.0,1.0,1.0,0.0,0.0,1.0,1.3677275e-11,0.8961313549753837,0.9422195945005669,0.1,0.9525741268224334,0.9890130573694068
687,1,1.0,1.0,1.0,1.0,0.0,0.0,1.0,0.5978834,0.9174495196686672,0.9422474202235607,0.7457313555766785,0.9525741268224334,0.9890130573694068
688,1,0.0,1.0,1.0,1.0,0.0,0.0,1.0,7.728316e-08,0.895075117679879,0.9421760234667951,0.7322228243630095,0.9525741268224334,0.9890130573694068
689,1,1.0,1.0,1.0,1.0,1.0,1.0,1.0,1.0,0.876873093293815,0.9421725954277781,0.1,0.9525741268224334,0.9890130573694068
690,1,0.0,1.0,1.0,1.0,0.0,0.0,1.0,6.770419e-06,0.8730885978724806,0.9420274272359261,0.16639634430500255,0.9525741268224334,0.9890130573694068
691,1,1.0,1.0,1.0,1.0,1.0,1.0,1.0,1.0,0.9048088362709378,0.9422542385733073,0.9098891969688246,0.9525741268224334,0.9890130573694068
692,1,0.0,1.0,1.0,1.0,0.0,0.0,1.0,0.020366993,0.8893010591417695,0.9421508550962876,0.75415605773316,0.9525741268224334,0.9890130573694068
693,1,0.0,1.0,1.0,1.0,0.0,0.0,1.0,1.428899e-07,0.8944166623458311,0.9422930027961829,0.4370747985003241,0.9525741268224334,0.9890130573694068
694,0,1.0,0.23333333333333334,1.0,1.0,0.0,0.0,0.0,1.1329822e-07,0.9619212191958467,0.23358363335472757,0.18208637748076878,0.9525741268224334,0.9890130573694068
695,1,0.0,0.8833333333333333,1.0,1.0,0.0,0.0,1.0,2.0744329e-13,0.8973466167940205,0.8426635619381926,0.11330880722882337,0.9525741268224334,0.9890130573694068
696,1,0.0,1.0,1.0,1.0,0.0,0.0,1.0,5.593504e-10,0.9013817770458469,0.9695838263367061,0.5892012530885242,0.9525741268224334,0.9890130573694068
697,1,0.0,1.0,1.0,1.0,0.0,0.0,1.0,5.400503e-09,0.9169446640146405,0.9694028699154715,0.1658154332103128,0.9525741268224334,0.9890130573694068
698,1,0.0,1.0,1.0,1.0,0.0,0.0,1.0,2.6098494e-09,0.9286341019498396,0.9695232982931352,0.6546854454424338,0.9525741268224334,0.9890130573694068
699,1,0.0,1.0,1.0,1.0,0.0,0.0,1.0,4.6081404e-15,0.8968377883267381,0.9694272127169559,0.1,0.9525741268224334,0.9890130573694068
700,1,0.0,1.0,1.0,1.0,0.0,0.0,1.0,5.2601434e-11,0.9193371910483751,0.9693906294986733,0.1,0.9525741268224334,0.9890130573694068
701,1,0.0,1.0,1.0,1.0,0.0,0.0,1.0,3.1230636e-06,0.9312561948676177,0.9693795153561987,0.1,0.9525741268224334,0.9890130573694068
702,1,0.0,1.0,1.0,1.0,0.0,0.0,1.0,1.872586e-13,0.9082073365728562,0.9695669080645944,0.1,0.9525741268224334,0.9890130573694068
703,1,0.0,1.0,1.0,1.0,0.0,0.0,1.0,1.5238856e-10,0.9172943723322471,0.9694904065439114,0.1,0.9525741268224334,0.9890130573694068
704,1,1.0,1.0,1.0,1.0,1.0,1.0,1.0,1.0,0.912639276587609,0.9694823466237457,0.8465891819750407,0.9525741268224334,0.9890130573694068
705,1,0.0,1.0,1.0,1.0,0.0,0.0,1.0,3.6835627e-05,0.9126509964615538,0.9694938082279945,0.1,0.9525741268224334,0.9890130573694068
706,1,0.0,1.0,1.0,1.0,0.0,0.0,1.0,1.0145123e-15,0.8952708818524552,0.9694855603592185,0.4788519700906597,0.9525741268224334,0.9890130573694068
707,1,1.0,1.0,1.0,1.0,1.0,1.0,1.0,0.9975279,0.9318624795366263,0.969420238192672,0.9636702441295729,0.9525741268224334,0.9890130573694068
708,1,0.0,1.0,1.0,1.0,0.0,0.0,1.0,9.077439e-10,0.938908865578272,0.9695237131481824,0.1,0.9525741268224334,0.9890130573694068
709,1,0.0,1.0,1.0,1.0,0.0,0.0,1.0,5.5476207e-08,0.9198982846275713,0.9694584812827888,0.2521531573041492,0.9525741268224334,0.9890130573694068
710,1,1.0,1.0,1.0,1.0,1.0,1.0,1.0,0.99999464,0.909629936070451,0.9694249650945044,0.7452731636253004,0.9525741268224334,0.9890130573694068
711,1,0.0,1.0,1.0,1.0,0.0,0.0,1.0,6.34791e-11,0.8986706634830515,0.9694435532605972,0.11671998960545331,0.9525741268224334,0.9890130573694068
712,1,0.0,1.0,1.0,1.0,0.0,0.0,1.0,2.401343e-11,0.8619165404465102,0.9695460999374986,0.9362429562398304,0.9525741268224334,0.9890130573694068
713,1,1.0,1.0,1.0,1.0,1.0,1.0,1.0,0.99982893,0.9208656260817414,0.9695158681337783,0.9671073797140419,0.9525741268224334,0.9890130573694068
714,1,0.0,1.0,1.0,1.0,0.0,0.0,1.0,9.474074e-05,0.916063070527571,0.9694178395078317,0.736946150671004,0.9525741268224334,0.9890130573694068
715,1,0.0,1.0,1.0,1.0,0.0,0.0,1.0,7.227268e-12,0.9198360241986681,0.9695186917857901,0.1,0.9525741268224334,0.9890130573694068
716,1,1.0,1.0,1.0,1.0,1.0,1.0,1.0,1.0,0.937483415819158,0.9695009405932816,0.1,0.9525741268224334,0.9890130573694068
717,1,0.0,1.0,1.0,1.0,0.0,0.0,1.0,3.4191646e-05,0.9172743452561287,0.9694562411000269,0.18125972990617878,0.9525741268224334,0.9890130573694068
718,1,0.0,1.0,1.0,1.0,0.0,0.0,1.0,1.344385e-15,0.9061827086893935,0.96948015644864,0.1,0.9525741268224334,0.9890130573694068
719,1,1.0,1.0,1.0,1.0,1.0,1.0,1.0,0.9999944,0.9274235912962819,0.9694530796232133,0.1,0.9525741268224334,0.9890130573694068
720,1,0.0,1.0,1.0,1.0,0.0,0.0,1.0,6.5509033e-14,0.926194305464003,0.9695303351869416,0.1,0.9525741268224334,0.9890130573694068
721,1,0.0,1.0,1.0,1.0,0.0,0.0,1.0,1.6383229e-08,0.9326747877637465,0.9694768180918063,0.2707630612698607,0.9525741268224334,0.9890130573694068
722,1,0.0,1.0,1.0,1.0,0.0,0.0,1.0,5.958634e-07,0.9074512305541131,0.9694662428200197,0.10736450167836581,0.9525741268224334,0.9890130573694068
723,1,0.0,1.0,1.0,1.0,0.0,0.0,1.0,0.23561037,0.9149303286899945,0.9694304367422565,0.1,0.9525741268224334,0.9890130573694068
724,1,0.0,1.0,1.0,1.0,0.0,0.0,1.0,2.433099e-05,0.87732385115739,0.969445538994044,0.19235006285810632,0.9525741268224334,0.9890130573694068
725,1,0.0,1.0,1.0,1.0,0.0,0.0,1.0,9.560294e-14,0.9004773141765832,0.9695484196589467,0.23815822994527708,0.9525741268224334,0.9890130573694068
726,1,0.0,1.0,1.0,1.0,0.0,0.0,1.0,2.5750171e-11,0.892259604581299,0.9695048465121634,0.4745245344510426,0.9525741268224334,0.9890130573694068
727,1,1.0,1.0,1.0,1.0,1.0,1.0,1.0,0.9999999,0.8882372152686977,0.9694530313760693,0.9928949038433946,0.9525741268224334,0.9890130573694068
728,1,0.0,1.0,1.0,1.0,0.0,0.0,1.0,0.0060837124,0.8991250038598485,0.9694311253392072,0.16753012114268362,0.9525741268224334,0.9890130573694068
729,1,1.0,1.0,1.0,1.0,1.0,1.0,1.0,0.98516244,0.9117333711794771,0.969495392758233,0.7823196640672091,0.9525741268224334,0.9890130573694068
730,1,0.0,1.0,1.0,1.0,0.0,0.0,1.0,2.9489264e-09,0.9145764338810481,0.9694420254703977,0.4053659913700962,0.9525741268224334,0.9890130573694068
731,1,0.0,1.0,1.0,1.0,0.0,0.0,1.0,0.00028501585,0.8978045693085073,0.9694482138137219,0.3822433259716983,0.9525741268224334,0.9890130573694068
732,1,1.0,1.0,1.0,1.0,1.0,1.0,1.0,1.0,0.9053140747388078,0.969524303087072,0.9891844965313584,0.9525741268224334,0.9890130573694068
733,1,1.0,1.0,1.0,1.0,1.0,1.0,1.0,0.99992144,0.9031716440313021,0.9695443068353631,0.7561570062066275,0.9525741268224334,0.9890130573694068
734,1,1.0,1.0,1.0,1.0,1.0,1.0,1.0,0.9999995,0.904086065784731,0.969442637544086,0.1,0.9525741268224334,0.9890130573694068
735,1,1.0,1.0,1.0,1.0,1.0,1.0,1.0,1.0,0.8785036144868729,0.9693865139942972,0.9141926514757671,0.9525741268224334,0.9890130573694068
736,1,0.0,1.0,1.0,1.0,0.0,0.0,1.0,9.0781695e-13,0.9067586755776775,0.9694557664051872,0.1,0.9525741268224334,0.9890130573694068
737,1,0.0,1.0,1.0,1.0,0.0,0.0,1.0,0.0042147115,0.9286098219460092,0.9694662519768656,0.6605541450221274,0.9525741268224334,0.9890130573694068
738,1,0.0,1.0,1.0,1.0,0.0,0.0,1.0,1.9163646e-05,0.9167849344953065,0.969493584358236,0.7021116741553022,0.9525741268224334,0.9890130573694068
739,1,1.0,1.0,1.0,1.0,1.0,1.0,1.0,1.0,0.8920683188201134,0.9695277126419853,0.1,0.9525741268224334,0.9890130573694068
740,1,0.0,1.0,1.0,1.0,0.0,0.0,1.0,1.7833247e-12,0.8924972260804471,0.9694606230001158,0.12654112047961338,0.9525741268224334,0.9890130573694068
741,1,1.0,1.0,1.0,1.0,1.0,1.0,1.0,0.9971922,0.9019901168167618,0.9694939919307094,0.7890698367507994,0.9525741268224334,0.9890130573694068
742,1,0.0,1.0,1.0,1.0,0.0,0.0,1.0,9.249751e-10,0.8756873756674393,0.9694749421580001,0.5187348924518552,0.9525741268224334,0.9890130573694068
743,1,0.0,1.0,1.0,1.0,0.0,0.0,1.0,0.008672209,0.8857805845051987,0.9693698262475083,0.18042862124442893,0.9525741268224334,0.9890130573694068
744,1,0.0,1.0,1.0,1.0,0.0,0.0,1.0,7.342313e-12,0.8701000383050507,0.9693932893070606,0.1,0.9525741268224334,0.9890130573694068
745,1,1.0,1.0,1.0,1.0,1.0,1.0,1.0,0.7558121,0.8859107933210261,0.9695390909380758,0.1391727361336896,0.9525741268224334,0.9890130573694068
746,1,1.0,1.0,1.0,1.0,1.0,1.0,1.0,0.9999975,0.8671503406009345,0.9695089763935214,0.1,0.9525741268224334,0.9890130573694068
747,1,0.0,1.0,1.0,1.0,0.0,0.0,1.0,0.131551,0.8810335216542418,0.9694494106821899,0.12240976378544623,0.9525741268224334,0.9890130573694068
748,1,1.0,1.0,1.0,1.0,1.0,1.0,1.0,0.9985782,0.8547127735284549,0.9695437170338581,0.5494651913523175,0.9525741268224334,0.9890130573694068
749,1,0.0,1.0,1.0,1.0,0.0,0.0,1.0,3.081773e-12,0.8884182676637619,0.9695055087063849,0.10799853580037411,0.9525741268224334,0.9890130573694068
750,1,0.0,1.0,1.0,1.0,0.0,0.0,1.0,0.00017144317,0.885187260591129,0.9695227348569538,0.12461047690951173,0.9525741268224334,0.9890130573694068
751,1,0.0,1.0,1.0,1.0,0.0,0.0,1.0,1.8455985e-13,0.8587851059869689,0.9694603390252732,0.1,0.9525741268224334,0.9890130573694068
752,1,0.0,1.0,1.0,1.0,0.0,0.0,1.0,0.0032012677,0.8880616251476445,0.96942699217386,0.13937077434702316,0.9525741268224334,0.9890130573694068
753,1,1.0,1.0,1.0,1.0,1.0,1.0,1.0,0.75712246,0.9000151992246102,0.9695085755413951,0.7696480164241145,0.9525741268224334,0.9890130573694068
754,1,0.0,1.0,1.0,1.0,0.0,0.0,1.0,1.6383229e-08,0.8869852650162952,0.969469141309011,0.2707630612698607,0.9525741268224334,0.9890130573694068
755,1,0.0,1.0,1.0,1.0,0.0,0.0,1.0,1.4423168e-08,0.9066451165025599,0.9694549774297668,0.6214528278699998,0.9525741268224334,0.9890130573694068
756,1,1.0,1.0,1.0,1.0,1.0,1.0,1.0,0.99999857,0.907614402098994,0.9695020834159267,0.5209363014957369,0.9525741268224334,0.9890130573694068
757,1,0.0,1.0,1.0,1.0,0.0,0.0,1.0,0.27647054,0.892365287992687,0.9694315818933464,0.4206061789004337,0.9525741268224334,0.9890130573694068
758,1,0.0,1.0,1.0,1.0,0.0,0.0,1.0,1.960133e-14,0.9283961722046971,0.9695221108100879,0.1,0.9525741268224334,0.9890130573694068
759,1,0.0,1.0,1.0,1.0,0.0,0.0,1.0,1.02474865e-17,0.9067604852199534,0.9695205692774324,0.1,0.9525741268224334,0.9890130573694068
760,1,0.0,1.0,1.0,1.0,0.0,0.0,1.0,0.06911888,0.9021886599392775,0.9695053539175729,0.10761048602473347,0.9525741268224334,0.9890130573694068
761,1,1.0,1.0,1.0,1.0,1.0,1.0,1.0,1.0,0.8843186304311377,0.9694121806172834,0.1,0.9525741268224334,0.9890130573694068
762,1,0.0,1.0,1.0,1.0,0.0,0.0,1.0,3.0919688e-05,0.9034829617397812,0.9694781244757056,0.12878428887981896,0.9525741268224334,0.9890130573694068
763,1,1.0,1.0,1.0,1.0,1.0,1.0,1.0,0.9999988,0.9069104884653669,0.9694436274573601,0.7737258720561965,0.9525741268224334,0.9890130573694068
764,1,1.0,1.0,1.0,1.0,1.0,1.0,1.0,1.0,0.8996909347326641,0.969421402988891,0.819760921939253,0.9525741268224334,0.9890130573694068
765,1,0.0,1.0,1.0,1.0,0.0,0.0,1.0,2.8646227e-06,0.9254816109101301,0.9694673602629035,0.12026363467149806,0.9525741268224334,0.9890130573694068
766,1,0.0,1.0,1.0,1.0,0.0,0.0,1.0,2.5122958e-07,0.8892239258858884,0.9694719198410348,0.8332946195550268,0.9525741268224334,0.9890130573694068
767,1,0.0,1.0,1.0,1.0,0.0,0.0,1.0,1.7734313e-07,0.9198350914456684,0.9693946901042524,0.923696945974114,0.9525741268224334,0.9890130573694068
768,1,1.0,1.0,1.0,1.0,1.0,1.0,1.0,1.0,0.9241934517049845,0.9694437417967645,0.1,0.9525741268224334,0.9890130573694068
769,1,0.0,1.0,1.0,1.0,0.0,0.0,1.0,3.8079668e-11,0.925208988263792,0.9694845257153651,0.1,0.9525741268224334,0.9890130573694068
770,1,0.0,1.0,1.0,1.0,0.0,0.0,1.0,4.6081404e-15,0.9008329712348445,0.9694101565330864,0.1,0.9525741268224334,0.9890130573694068
771,1,0.0,1.0,1.0,1.0,0.0,0.0,1.0,0.0062072165,0.8958508831011662,0.969470001753517,0.19069454496413388,0.9525741268224334,0.9890130573694068
772,1,0.0,1.0,1.0,1.0,0.0,0.0,1.0,6.51649e-08,0.951431887830262,0.9694152637107022,0.6953230193556001,0.9525741268224334,0.9890130573694068
773,1,1.0,1.0,1.0,1.0,1.0,1.0,1.0,0.9999908,0.930696556929348,0.9694944684779744,0.9423732774473915,0.9525741268224334,0.9890130573694068
774,1,0.0,1.0,1.0,1.0,0.0,0.0,1.0,7.360962e-12,0.9559949759044609,0.9693997066590581,0.10533018463101393,0.9525741268224334,0.9890130573694068
775,1,0.0,1.0,1.0,1.0,0.0,0.0,1.0,0.28305858,0.8844519273308395,0.9694860362941119,0.5380817961275053,0.9525741268224334,0.9890130573694068
776,1,1.0,1.0,1.0,1.0,1.0,1.0,1.0,1.0,0.9331268933338567,0.9695429952035898,0.9835260943423194,0.9525741268224334,0.9890130573694068
777,1,1.0,1.0,1.0,1.0,1.0,1.0,1.0,0.9998098,0.9206137348964988,0.9695740191515376,0.10009460411911421,0.9525741268224334,0.9890130573694068
778,1,1.0,1.0,1.0,1.0,1.0,1.0,1.0,1.0,0.9459921912288639,0.9693948649747341,0.1,0.9525741268224334,0.9890130573694068
779,1,0.0,1.0,1.0,1.0,0.0,0.0,1.0,1.1084707e-08,0.916732086896775,0.9693795628294961,0.15644719763959103,0.9525741268224334,0.9890130573694068
780,1,1.0,1.0,1.0,1.0,1.0,1.0,1.0,0.99999857,0.9480836428300157,0.9694507583115298,0.5209363014957369,0.9525741268224334,0.9890130573694068
781,1,1.0,1.0,1.0,1.0,1.0,1.0,1.0,0.9964567,0.9268684369313607,0.9694368253567686,0.8526709818956109,0.9525741268224334,0.9890130573694068
782,1,0.0,1.0,1.0,1.0,0.0,0.0,1.0,1.1927774e-08,0.8983161065485277,0.96943030051406,0.27102290102328547,0.9525741268224334,0.9890130573694068
783,1,0.0,1.0,1.0,1.0,0.0,0.0,1.0,2.0790456e-11,0.937107098328321,0.9694244620981382,0.1144916396797138,0.9525741268224334,0.9890130573694068
784,1,0.0,1.0,1.0,1.0,0.0,0.0,1.0,4.0075898e-10,0.9639695512243119,0.9694362239971355,0.1,0.9525741268224334,0.9890130573694068
785,1,0.0,1.0,1.0,1.0,0.0,0.0,1.0,8.447432e-13,0.9713739454566385,0.969471471262149,0.1,0.9525741268224334,0.9890130573694068
786,1,1.0,1.0,1.0,1.0,1.0,1.0,1.0,0.9999908,0.9674961444762633,0.9694945685056793,0.9423732774473915,0.9525741268224334,0.9890130573694068
787,1,1.0,1.0,1.0,1.0,1.0,1.0,1.0,0.99995756,0.9740562601595338,0.9693898462191761,0.6078954425218522,0.9525741268224334,0.9890130573694068
788,1,0.0,1.0,1.0,1.0,0.0,0.0,1.0,0.42953166,0.9699466025986289,0.9694568945192557,0.1409391945683772,0.9525741268224334,0.9890130573694068
789,1,0.0,1.0,1.0,1.0,0.0,0.0,1.0,4.88837e-11,0.9498540314072748,0.9695524596351036,0.1,0.9525741268224334,0.9890130573694068
790,1,0.0,1.0,1.0,1.0,0.0,0.0,1.0,0.010865045,0.9472999888605033,0.9694385961177524,0.7021169504617562,0.9525741268224334,0.9890130573694068
791,1,0.0,1.0,1.0,1.0,0.0,0.0,1.0,6.7697977e-07,0.9616586586730447,0.9694457920408582,0.5978185854154577,0.9525741268224334,0.9890130573694068
792,1,0.0,1.0,1.0,1.0,0.0,0.0,1.0,4.0075898e-10,0.9729050105858043,0.9694785765276734,0.1,0.9525741268224334,0.9890130573694068
793,1,1.0,1.0,1.0,1.0,1.0,1.0,1.0,1.0,0.9800772540746004,0.969440713240937,0.1,0.9525741268224334,0.9890130573694068
794,1,0.0,1.0,1.0,1.0,0.0,0.0,1.0,6.0884416e-16,0.9567019630473957,0.9694843967526051,0.1,0.9525741268224334,0.9890130573694068
795,1,0.0,1.0,1.0,1.0,0.0,0.0,1.0,0.005354708,0.9645944299784719,0.9694086034710919,0.7456080200857192,0.9525741268224334,0.9890130573694068
796,1,1.0,1.0,1.0,1.0,1.0,1.0,1.0,1.0,0.9580838120068322,0.9695039556089345,0.9317087034880136,0.9525741268224334,0.9890130573694068
797,1,1.0,1.0,1.0,1.0,1.0,1.0,1.0,0.99870193,0.952369813551963,0.9694513879355475,0.21042055580707136,0.9525741268224334,0.9890130573694068
798,1,1.0,1.0,1.0,1.0,1.0,1.0,1.0,1.0,0.952210416138519,0.969519831278587,0.9497832481628843,0.9525741268224334,0.9890130573694068
799,1,0.0,1.0,1.0,1.0,0.0,0.0,1.0,1.44104e-13,0.9391282561708668,0.969492509944201,0.25648924679813667,0.9525741268224334,0.9890130573694068
800,1,1.0,1.0,1.0,1.0,1.0,1.0,1.0,0.9999995,0.9313977669555628,0.9694677697256304,0.944938672225087,0.9525741268224334,0.9890130573694068
801,1,1.0,1.0,1.0,1.0,1.0,1.0,1.0,1.0,0.9271837147038102,0.9694453050708105,0.6473402645886904,0.9525741268224334,0.9890130573694068
802,1,1.0,1.0,1.0,1.0,1.0,1.0,1.0,1.0,0.9162363705094333,0.9694700991815701,0.819760921939253,0.9525741268224334,0.9890130573694068
803,1,1.0,1.0,1.0,1.0,1.0,1.0,1.0,0.9999995,0.9331106809820254,0.9694423166861259,0.1,0.9525741268224334,0.9890130573694068
804,1,1.0,1.0,1.0,1.0,1.0,1.0,1.0,0.98597383,0.9047959493080888,0.9694942931340244,0.7300175906127658,0.9525741268224334,0.9890130573694068
805,1,1.0,1.0,1.0,1.0,0.0,0.0,1.0,0.5618013,0.9207730485397416,0.9694085878263377,0.3053582626774316,0.9525741268224334,0.9890130573694068
806,1,0.0,1.0,1.0,1.0,0.0,0.0,1.0,3.5053915e-06,0.9106286494467727,0.9695176610378773,0.1,0.9525741268224334,0.9890130573694068
807,1,0.0,1.0,1.0,1.0,0.0,0.0,1.0,1.3220366e-14,0.901762289480234,0.9695172196305809,0.1,0.9525741268224334,0.9890130573694068
808,1,0.0,1.0,1.0,1.0,0.0,0.0,1.0,8.081566e-07,0.9014252934351579,0.969468565260753,0.671894677002034,0.9525741268224334,0.9890130573694068
809,1,0.0,1.0,1.0,1.0,0.0,0.0,1.0,1.9146812e-08,0.9036071771030609,0.9695420811959227,0.44022198350069836,0.9525741268224334,0.9890130573694068
810,1,1.0,1.0,1.0,1.0,1.0,1.0,1.0,0.83444583,0.8973597426672413,0.9694068701058709,0.5060146762292803,0.9525741268224334,0.9890130573694068
811,1,0.0,1.0,1.0,1.0,0.0,0.0,1.0,9.457397e-08,0.9190050932392428,0.9695043314016615,0.10804624084045146,0.9525741268224334,0.9890130573694068
812,1,1.0,0.8333333333333334,1.0,1.0,1.0,1.0,1.0,1.0,0.9017780107091661,0.8266444380095668,0.1,0.9525741268224334,0.9890130573694068
813,0,1.0,0.0,1.0,1.0,0.0,0.0,1.0,2.7850117e-05,0.9985802409720584,0.01792889643130336,0.11508181968857602,0.9525741268224334,0.9890130573694068
814,0,1.0,0.31666666666666665,1.0,1.0,0.0,0.0,0.0,2.4372748e-15,0.9969413666899231,0.31446366513841967,0.11317083245026005,0.9525741268224334,0.9890130573694068
815,1,1.0,1.0,1.0,1.0,1.0,1.0,1.0,1.0,0.999344813222747,0.9540927825845407,0.8679703492750582,0.9525741268224334,0.9890130573694068
816,1,0.0,1.0,1.0,1.0,0.0,0.0,1.0,4.0695167e-07,0.9995776484801034,0.9542052394628852,0.20241588034209188,0.9525741268224334,0.9890130573694068
817,1,1.0,1.0,1.0,1.0,1.0,1.0,1.0,0.94289017,0.9987843076443604,0.954032608307864,0.8970997143679128,0.9525741268224334,0.9890130573694068
818,1,1.0,1.0,1.0,1.0,1.0,1.0,1.0,1.0,0.9997068512458707,0.9542451887552998,0.1,0.9525741268224334,0.9890130573694068
819,1,0.0,1.0,1.0,1.0,0.0,0.0,1.0,2.451942e-09,0.9991366086028877,0.9540584195650194,0.1298599764353217,0.9525741268224334,0.9890130573694068
820,1,1.0,1.0,1.0,1.0,1.0,1.0,1.0,0.9999522,0.9997737649707168,0.9542274562584733,0.9291522504738796,0.9525741268224334,0.9890130573694068
821,1,0.0,1.0,1.0,1.0,0.0,0.0,1.0,0.47109964,0.999712805872269,0.9541711761104344,0.5527201305680107,0.9525741268224334,0.9890130573694068
822,1,1.0,1.0,1.0,1.0,1.0,1.0,1.0,0.9999975,0.9998035019807779,0.9540408186143805,0.1,0.9525741268224334,0.9890130573694068
823,1,0.0,1.0,1.0,1.0,0.0,0.0,1.0,0.020366993,0.9984429981739461,0.9541322769687327,0.75415605773316,0.9525741268224334,0.9890130573694068
824,1,1.0,1.0,1.0,1.0,1.0,1.0,1.0,1.0,0.9994390039500153,0.9541932941940231,0.9914430764210661,0.9525741268224334,0.9890130573694068
825,1,1.0,0.7833333333333333,1.0,1.0,1.0,1.0,1.0,1.0,0.9794620943390319,0.7727550266432447,0.9258400661568965,0.9525741268224334,0.9890130573694068
826,1,0.0,0.7833333333333333,1.0,1.0,0.0,0.0,1.0,8.013307e-09,0.9993556566751519,0.7494931943120329,0.148588779174625,0.9525741268224334,0.9890130573694068
827,1,0.0,1.0,1.0,1.0,0.0,0.0,1.0,4.5656656e-11,0.9999379470269403,0.9518894133828845,0.860776941974334,0.9525741268224334,0.9890130573694068
828,1,0.0,1.0,1.0,1.0,0.0,0.0,1.0,5.899759e-12,0.9992069349500878,0.9518304255189391,0.1,0.9525741268224334,0.9890130573694068
829,1,1.0,1.0,1.0,1.0,1.0,1.0,1.0,0.9986291,0.9994137307661412,0.9518535370601046,0.9812379187110102,0.9525741268224334,0.9890130573694068
830,1,0.0,1.0,1.0,1.0,0.0,0.0,1.0,5.899759e-12,0.9994135886967416,0.9517415758588788,0.1,0.9525741268224334,0.9890130573694068
831,1,1.0,1.0,1.0,1.0,1.0,1.0,1.0,1.0,0.9971604517364034,0.9519030727270313,0.1,0.9525741268224334,0.9890130573694068
832,1,1.0,1.0,1.0,1.0,1.0,1.0,1.0,0.89681226,0.9992584942276808,0.9518728305117709,0.7587270422500755,0.9525741268224334,0.9890130573694068
833,1,1.0,1.0,1.0,1.0,1.0,1.0,1.0,0.99999964,0.9997117174280563,0.9519681177502926,0.9763606598937711,0.9525741268224334,0.9890130573694068
834,1,0.0,1.0,1.0,1.0,0.0,0.0,1.0,1.7876354e-09,0.9988740494244972,0.9517653874525169,0.1,0.9525741268224334,0.9890130573694068
835,1,1.0,1.0,1.0,1.0,1.0,1.0,1.0,0.9965874,0.9995092615097032,0.9519267061780489,0.45600269375561553,0.9525741268224334,0.9890130573694068
836,1,1.0,1.0,1.0,1.0,1.0,1.0,1.0,1.0,0.9982149099839402,0.951872247493789,0.9141926514757671,0.9525741268224334,0.9890130573694068
837,1,1.0,1.0,1.0,1.0,1.0,1.0,1.0,0.9960802,0.9979095054800513,0.9518584564799556,0.9923262633807145,0.9525741268224334,0.9890130573694068
838,1,0.0,1.0,1.0,1.0,0.0,0.0,1.0,1.6989992e-14,0.999523971604318,0.9519026028291855,0.7902066540094779,0.9525741268224334,0.9890130573694068
839,1,1.0,1.0,1.0,1.0,1.0,1.0,1.0,1.0,0.9995219308456746,0.951912924805054,0.1,0.9525741268224334,0.9890130573694068
840,1,1.0,1.0,1.0,1.0,1.0,1.0,1.0,1.0,0.9995034237644227,0.9519075052882241,0.1,0.9525741268224334,0.9890130573694068
841,1,1.0,1.0,1.0,1.0,1.0,1.0,1.0,1.0,0.9976951172845802,0.9519031228241978,0.1,0.9525741268224334,0.9890130573694068
842,1,1.0,1.0,1.0,1.0,1.0,1.0,1.0,1.0,0.9920000503853046,0.9518404539057184,0.1,0.9525741268224334,0.9890130573694068
843,1,0.0,1.0,1.0,1.0,0.0,0.0,1.0,3.5989454e-09,0.9978339421308979,0.9517958438757398,0.12435302879078312,0.9525741268224334,0.9890130573694068
844,1,1.0,1.0,1.0,1.0,1.0,1.0,1.0,1.0,0.9961982278839769,0.9517932309979465,0.1,0.9525741268224334,0.9890130573694068
845,1,1.0,1.0,1.0,1.0,1.0,1.0,1.0,0.99982893,0.9984287882013234,0.9519503242537336,0.9671073797140419,0.9525741268224334,0.9890130573694068
846,1,0.0,1.0,1.0,1.0,0.0,0.0,1.0,1.8043624e-09,0.9979969885575406,0.9518629124730366,0.14195828247777748,0.9525741268224334,0.9890130573694068
847,1,0.0,1.0,1.0,1.0,0.0,0.0,1.0,0.00015071694,0.9932492974396309,0.9518405775901134,0.22115362648643605,0.9525741268224334,0.9890130573694068
848,1,1.0,1.0,1.0,1.0,1.0,1.0,1.0,0.9999944,0.9984581647107358,0.951777551358277,0.1,0.9525741268224334,0.9890130573694068
849,1,0.0,1.0,1.0,1.0,0.0,0.0,1.0,3.2762675e-11,0.9931316648432226,0.9518355301919441,0.10722147998855316,0.9525741268224334,0.9890130573694068
850,1,1.0,1.0,1.0,1.0,1.0,1.0,1.0,0.9999932,0.9916402555300137,0.9518944031424402,0.30600063652272935,0.9525741268224334,0.9890130573694068
851,1,0.0,1.0,1.0,1.0,0.0,0.0,1.0,4.77657e-11,0.9989587663500887,0.9519667667297098,0.1,0.9525741268224334,0.9890130573694068
852,1,1.0,1.0,1.0,1.0,1.0,1.0,1.0,0.9994276,0.9988827300331233,0.9518998807261646,0.26617460879385435,0.9525741268224334,0.9890130573694068
853,1,0.0,1.0,1.0,1.0,0.0,0.0,1.0,8.081566e-07,0.9997260421857239,0.9519648838649848,0.671894677002034,0.9525741268224334,0.9890130573694068
854,1,0.0,1.0,1.0,1.0,0.0,0.0,1.0,0.00028501585,0.9991292946772283,0.9517525895485598,0.3822433259716983,0.9525741268224334,0.9890130573694068
855,1,1.0,1.0,1.0,1.0,1.0,1.0,1.0,1.0,0.9991264594455751,0.9517743893075158,0.8187906195090563,0.9525741268224334,0.9890130573694068
856,1,1.0,1.0,1.0,1.0,1.0,1.0,1.0,0.99987614,0.9998383169782722,0.9519282686952452,0.14333952092513635,0.9525741268224334,0.9890130573694068
857,1,0.0,1.0,1.0,1.0,0.0,0.0,1.0,0.0011639955,0.9996908883573213,0.9517498013471265,0.1,0.9525741268224334,0.9890130573694068
858,1,0.0,1.0,1.0,1.0,0.0,0.0,1.0,0.34126693,0.9995383080206646,0.9518315766310957,0.1,0.9525741268224334,0.9890130573694068
859,1,0.0,1.0,1.0,1.0,0.0,0.0,1.0,4.88837e-11,0.9996606454247282,0.9520045219423123,0.1,0.9525741268224334,0.9890130573694068
860,1,0.0,1.0,1.0,1.0,0.0,0.0,1.0,2.6154332e-11,0.9991512767935783,0.9519487992941028,0.1,0.9525741268224334,0.9890130573694068
861,1,0.0,1.0,1.0,1.0,0.0,0.0,1.0,1.1560595e-12,0.9993504032245468,0.9517451827311844,0.10171343051570002,0.9525741268224334,0.9890130573694068
862,1,0.0,1.0,1.0,1.0,0.0,0.0,1.0,1.1434115e-05,0.9998008057900148,0.951926113093368,0.12289700510419874,0.9525741268224334,0.9890130573694068
863,1,0.0,1.0,1.0,1.0,0.0,0.0,1.0,5.593504e-10,0.9999125586445506,0.9518677486005827,0.5892012530885242,0.9525741268224334,0.9890130573694068
864,1,0.0,1.0,1.0,1.0,0.0,0.0,1.0,1.222722e-09,0.9989494219815575,0.9519921093780056,0.1,0.9525741268224334,0.9890130573694068
865,1,0.0,1.0,1.0,1.0,0.0,0.0,1.0,0.00039370428,0.9984299038391578,0.9520229986547882,0.6374785898708896,0.9525741268224334,0.9890130573694068
866,1,0.0,1.0,1.0,1.0,0.0,0.0,1.0,1.9593037e-06,0.9987902068987009,0.9519070058740493,0.27998557395777207,0.9525741268224334,0.9890130573694068
867,1,0.0,1.0,1.0,1.0,0.0,0.0,1.0,6.2978796e-09,0.9996930172675865,0.9518227785549669,0.10960301321431964,0.9525741268224334,0.9890130573694068
868,1,1.0,1.0,1.0,1.0,1.0,1.0,1.0,0.9999994,0.9994613234592823,0.9517724208409056,0.5603162643491135,0.9525741268224334,0.9890130573694068
869,1,1.0,1.0,1.0,1.0,1.0,1.0,1.0,0.9996117,0.9999997747677579,0.951909938031793,0.9083544712916488,0.9525741268224334,0.9890130573694068
870,1,0.0,1.0,1.0,1.0,0.0,0.0,1.0,0.00012626166,0.9992392471576161,0.9519243329575722,0.1,0.9525741268224334,0.9890130573694068
871,1,0.0,1.0,1.0,1.0,0.0,0.0,1.0,1.989907e-05,0.9993382013709166,0.9519719797568791,0.551269141944264,0.9525741268224334,0.9890130573694068
872,1,1.0,1.0,1.0,1.0,1.0,1.0,1.0,0.9740762,0.9994935114900303,0.9518104990759878,0.2396954191244191,0.9525741268224334,0.9890130573694068
873,1,0.0,1.0,1.0,1.0,0.0,0.0,1.0,0.02935826,0.9999515861655712,0.9518110032744563,0.1,0.9525741268224334,0.9890130573694068
874,1,0.0,1.0,1.0,1.0,0.0,0.0,1.0,0.0003822336,0.9996125896632664,0.9519822674324568,0.5027237292266112,0.9525741268224334,0.9890130573694068
875,1,1.0,1.0,1.0,1.0,1.0,1.0,1.0,1.0,0.9965398137184776,0.9518967047707119,0.9796939322360261,0.9525741268224334,0.9890130573694068
876,1,0.0,1.0,1.0,1.0,0.0,0.0,1.0,1.5429673e-06,0.9997221665003604,0.9518228286710976,0.5788721893629614,0.9525741268224334,0.9890130573694068
877,1,1.0,1.0,1.0,1.0,1.0,1.0,1.0,0.9999957,0.9989237699965976,0.9519795740520941,0.47143310515717574,0.9525741268224334,0.9890130573694068
878,1,0.0,1.0,1.0,1.0,0.0,0.0,1.0,1.0082893e-11,0.9995814966687887,0.9517948586240227,0.3085212558270388,0.9525741268224334,0.9890130573694068
879,1,0.0,1.0,1.0,1.0,0.0,0.0,1.0,0.0025231997,0.9987622736447308,0.9518344371799343,0.5863917506975508,0.9525741268224334,0.9890130573694068
880,1,0.0,0.7833333333333333,1.0,1.0,0.0,0.0,1.0,1.7734313e-07,0.999499703203297,0.7495215212152098,0.923696945974114,0.9525741268224334,0.9890130573694068
881,0,1.0,0.0,1.0,1.0,0.0,0.0,1.0,3.353724e-08,0.9993889035364539,0.018013415689332225,0.1,0.9525741268224334,0.9890130573694068
882,0,1.0,0.0,1.0,1.0,0.0,0.0,1.0,0.008680548,0.997880640157739,0.01798171649814356,0.23591402718930543,0.9525741268224334,0.9890130573694068
883,0,1.0,0.0,1.0,1.0,0.0,0.0,1.0,2.4518684e-08,0.9972381288065731,0.017983658498660772,0.9979954162958384,0.9525741268224334,0.9890130573694068
884,0,1.0,0.0,1.0,1.0,0.0,0.0,1.0,3.1439271e-09,0.9963367778763774,0.018009317722144626,0.11719430456435445,0.9525741268224334,0.9890130573694068
885,0,1.0,0.0,1.0,1.0,0.0,0.0,1.0,1.297325e-13,0.9962861473527554,0.01799261001957962,0.1311519718225145,0.9525741268224334,0.9890130573694068
886,0,1.0,0.0,1.0,1.0,0.0,0.0,1.0,9.225929e-05,0.9972297793605812,0.017992332707074017,0.11561796117204028,0.9525741268224334,0.9890130573694068
887,0,1.0,0.0,1.0,1.0,0.0,0.0,1.0,6.2020084e-11,0.9968390817087527,0.01798072218779035,0.4149772892577933,0.9525741268224334,0.9890130573694068
888,0,1.0,0.0,1.0,1.0,0.0,0.0,1.0,0.0015170181,0.9958761666396466,0.017991452499099038,0.8855583970276063,0.9525741268224334,0.9890130573694068
889,0,1.0,0.0,1.0,1.0,0.0,0.0,1.0,0.06544695,0.998001487654868,0.017972060534621585,0.980103926697409,0.9525741268224334,0.9890130573694068
890,0,1.0,0.0,1.0,1.0,0.0,0.0,1.0,3.1439271e-09,0.9969022374485893,0.01801570502543544,0.11719430456435445,0.9525741268224334,0.9890130573694068
891,0,1.0,0.0,1.0,1.0,0.0,0.0,1.0,1.0364013e-09,0.9961659830674753,0.017963151263704447,0.4945294450902513,0.9525741268224334,0.9890130573694068
892,0,1.0,0.0,1.0,1.0,0.0,0.0,1.0,2.0406924e-05,0.9969482619433637,0.01796555050180992,0.10725228949021454,0.9525741268224334,0.9890130573694068
893,0,1.0,0.0,1.0,1.0,0.0,0.0,1.0,3.5843627e-07,0.9954661268964282,0.01800941408418645,0.2391664415520064,0.9525741268224334,0.9890130573694068
894,0,1.0,0.0,1.0,1.0,0.0,0.0,1.0,8.1410835e-16,0.9972491633434934,0.01798724837033432,0.10584468567575259,0.9525741268224334,0.9890130573694068
895,0,1.0,0.0,1.0,1.0,0.0,0.0,1.0,3.157402e-08,0.9966132838686576,0.017971070748912635,0.5193352341498825,0.9525741268224334,0.9890130573694068
896,0,0.0,0.38333333333333336,1.0,0.0,0.0,0.0,0.0,1.0,0.9979705361292477,0.38962727806121583,0.1,0.9525741268224334,0.9890130573694068
897,1,1.0,1.0,1.0,1.0,1.0,0.0,1.0,0.550831,0.9987885033140015,0.9875303128058784,0.12088922789249722,0.9525741268224334,0.9890130573694068
898,1,0.0,1.0,1.0,1.0,0.0,0.0,1.0,5.590786e-06,0.9950230062307888,0.9875117129184647,0.44006499374115504,0.9525741268224334,0.9890130573694068
899,1,1.0,1.0,1.0,1.0,1.0,0.0,1.0,0.5618013,0.9971640682141681,0.987511811152037,0.3053582626774316,0.9525741268224334,0.9890130573694068
900,1,0.0,1.0,1.0,1.0,0.0,0.0,1.0,0.0054697962,0.9975659442091691,0.9875184626676685,0.7785700948001012,0.9525741268224334,0.9890130573694068
901,1,0.0,1.0,1.0,1.0,0.0,0.0,1.0,1.6477555e-12,0.9965640011672153,0.9875445343285761,0.20647906368086677,0.9525741268224334,0.9890130573694068
902,1,0.0,1.0,1.0,1.0,0.0,0.0,1.0,1.1084707e-08,0.9968638949264788,0.9875528648009702,0.15644719763959103,0.9525741268224334,0.9890130573694068
903,1,1.0,1.0,1.0,1.0,1.0,1.0,1.0,1.0,0.9789569286903187,0.9875644999210016,0.1,0.9525741268224334,0.9890130573694068
904,1,0.0,1.0,1.0,1.0,0.0,0.0,1.0,4.0695167e-07,0.976164446773628,0.9874974995004512,0.20241588034209188,0.9525741268224334,0.9890130573694068
905,0,1.0,0.25,1.0,1.0,0.0,0.0,0.0,2.1005093e-07,0.9944892944950969,0.26037230316844356,0.10296087235770135,0.9525741268224334,0.9890130573694068
906,1,1.0,0.95,1.0,1.0,1.0,1.0,1.0,1.0,0.9030283822574078,0.9239238969636325,0.8950893076990338,0.9525741268224334,0.9890130573694068
907,1,0.0,1.0,1.0,1.0,0.0,0.0,1.0,3.532884e-06,0.9124475385291919,0.9552848107116909,0.1317212793084713,0.9525741268224334,0.9890130573694068
908,1,0.0,1.0,1.0,1.0,0.0,0.0,1.0,1.7868263e-14,0.9102817543100815,0.9552818869761425,0.109418967891856,0.9525741268224334,0.9890130573694068
909,1,0.0,1.0,1.0,1.0,0.0,0.0,1.0,5.8595557e-08,0.9162978232310863,0.9553728764675137,0.1,0.9525741268224334,0.9890130573694068
910,1,0.0,1.0,1.0,1.0,0.0,0.0,1.0,2.5750171e-11,0.9118572338092678,0.9553907950381875,0.4745245344510426,0.9525741268224334,0.9890130573694068
911,1,0.0,1.0,1.0,1.0,0.0,0.0,1.0,6.067994e-15,0.9186243917578488,0.9552852275794942,0.1,0.9525741268224334,0.9890130573694068
912,1,0.0,1.0,1.0,1.0,0.0,0.0,1.0,3.666873e-07,0.9176214569786273,0.9552368196456656,0.42319075445591686,0.9525741268224334,0.9890130573694068
913,1,0.0,1.0,1.0,1.0,0.0,0.0,1.0,8.566691e-13,0.9094762687482959,0.9553026760101608,0.1,0.9525741268224334,0.9890130573694068
914,1,0.0,1.0,1.0,1.0,0.0,0.0,1.0,0.03141834,0.8762681816308328,0.9553487104575213,0.38109838412325797,0.9525741268224334,0.9890130573694068
915,1,0.0,1.0,1.0,1.0,0.0,0.0,1.0,3.316801e-16,0.8737344865753989,0.9552934645965566,0.1,0.9525741268224334,0.9890130573694068
916,1,0.0,1.0,1.0,1.0,0.0,0.0,1.0,0.00025522607,0.9194557143698009,0.9553097203560503,0.176900308073858,0.9525741268224334,0.9890130573694068
917,1,1.0,1.0,1.0,1.0,1.0,1.0,1.0,0.9994605,0.9019802353716125,0.9553331971948561,0.8195881252651036,0.9525741268224334,0.9890130573694068
918,1,0.0,1.0,1.0,1.0,0.0,0.0,1.0,1.0188549e-05,0.9252253666903815,0.9553618562029574,0.12162114194560572,0.9525741268224334,0.9890130573694068
919,1,1.0,1.0,1.0,1.0,1.0,1.0,1.0,0.98516244,0.904375381712797,0.9552966181783146,0.7823196640672091,0.9525741268224334,0.9890130573694068
920,1,1.0,1.0,1.0,1.0,1.0,1.0,1.0,0.9981918,0.8665957980928533,0.955216252023466,0.7285304584232442,0.9525741268224334,0.9890130573694068
921,1,1.0,1.0,1.0,1.0,1.0,1.0,1.0,1.0,0.8979710059589444,0.9553071144106824,0.1,0.9525741268224334,0.9890130573694068
922,1,0.0,1.0,1.0,1.0,0.0,0.0,1.0,4.8167655e-13,0.9274808746952459,0.9553258077400392,0.1,0.9525741268224334,0.9890130573694068
923,1,1.0,1.0,1.0,1.0,1.0,1.0,1.0,1.0,0.9240611906526817,0.9553387802015045,0.513689541498057,0.9525741268224334,0.9890130573694068
924,1,1.0,1.0,1.0,1.0,1.0,1.0,1.0,0.97937727,0.95369829974675,0.955361775534951,0.2592875149667235,0.9525741268224334,0.9890130573694068
925,1,0.0,1.0,1.0,1.0,0.0,0.0,1.0,2.1719355e-09,0.9094064076113769,0.9552037482536363,0.1,0.9525741268224334,0.9890130573694068
926,1,0.0,1.0,1.0,1.0,0.0,0.0,1.0,3.2762675e-11,0.9329692692024604,0.9553641870015691,0.10722147998855316,0.9525741268224334,0.9890130573694068
927,0,1.0,0.2833333333333333,1.0,1.0,0.0,0.0,0.0,0.003716876,0.9795078634750488,0.2835851419502393,0.2826669658034909,0.9525741268224334,0.9890130573694068
928,0,1.0,0.0,1.0,1.0,0.0,0.0,1.0,0.20903605,0.995808965501272,0.018005672061321792,0.17698174086800453,0.9525741268224334,0.9890130573694068
929,1,1.0,1.0,1.0,1.0,1.0,1.0,1.0,0.9999995,0.977686037366784,0.9898629665031099,0.9548377739803534,0.9525741268224334,0.9890130573694068
930,1,1.0,1.0,1.0,1.0,1.0,1.0,1.0,0.94289017,0.9729482519237911,0.9899143849483917,0.8970997143679128,0.9525741268224334,0.9890130573694068
931,1,0.0,1.0,1.0,1.0,0.0,0.0,1.0,3.5862753e-09,0.9537564362376527,0.9899017134755359,0.1,0.9525741268224334,0.9890130573694068
932,1,0.0,1.0,1.0,1.0,0.0,0.0,1.0,7.342313e-12,0.9819723084388063,0.9899230905024918,0.1,0.9525741268224334,0.9890130573694068
933,1,0.0,1.0,1.0,1.0,0.0,0.0,1.0,1.0364259e-07,0.9751339860407265,0.9898898216152815,0.29228801924828185,0.9525741268224334,0.9890130573694068
934,1,0.0,1.0,1.0,1.0,0.0,0.0,1.0,0.00014888577,0.9688596102058182,0.9899097497921238,0.821126197328325,0.9525741268224334,0.9890130573694068
935,1,0.0,1.0,1.0,1.0,0.0,0.0,1.0,5.4776206e-10,0.9499101891941703,0.9899029592351418,0.1,0.9525741268224334,0.9890130573694068
936,1,0.0,1.0,1.0,1.0,0.0,0.0,1.0,0.011441048,0.968023887029329,0.9899156321002597,0.1,0.9525741268224334,0.9890130573694068
937,1,1.0,1.0,1.0,1.0,1.0,1.0,1.0,1.0,0.9728559313186833,0.9899068449563321,0.1,0.9525741268224334,0.9890130573694068
938,1,1.0,1.0,1.0,1.0,1.0,1.0,1.0,0.99995244,0.9492389049766771,0.9899140647804507,0.5564606549820253,0.9525741268224334,0.9890130573694068
939,1,1.0,1.0,1.0,1.0,1.0,1.0,1.0,1.0,0.9623114882884624,0.989880884044232,0.1,0.9525741268224334,0.9890130573694068
940,1,1.0,1.0,1.0,1.0,1.0,1.0,1.0,0.99999213,0.968180510363514,0.9898960354165172,0.9086617698191285,0.9525741268224334,0.9890130573694068
941,1,0.0,1.0,1.0,1.0,0.0,0.0,1.0,7.227268e-12,0.9661831124744051,0.9898719409330711,0.1,0.9525741268224334,0.9890130573694068
942,1,0.0,1.0,1.0,1.0,0.0,0.0,1.0,1.0082893e-11,0.9714485859408881,0.9898961031697923,0.3085212558270388,0.9525741268224334,0.9890130573694068
943,1,0.0,1.0,1.0,1.0,0.0,0.0,1.0,5.2601434e-11,0.9649714849112626,0.9898885580511647,0.1,0.9525741268224334,0.9890130573694068
944,1,0.0,1.0,1.0,1.0,0.0,0.0,1.0,9.646549e-10,0.9601370212743168,0.989878551669411,0.11786017411062616,0.9525741268224334,0.9890130573694068
945,1,1.0,1.0,1.0,1.0,1.0,1.0,1.0,1.0,0.9606754564413114,0.9899042596729587,0.1,0.9525741268224334,0.9890130573694068
946,1,0.0,1.0,1.0,1.0,0.0,0.0,1.0,1.0502198e-08,0.9677252976652686,0.9899284094760634,0.10132309640258198,0.9525741268224334,0.9890130573694068
947,1,0.0,1.0,1.0,1.0,0.0,0.0,1.0,3.2212574e-10,0.949510422043576,0.9898936760348586,0.1,0.9525741268224334,0.9890130573694068
948,1,0.0,1.0,1.0,1.0,0.0,0.0,1.0,7.728316e-08,0.9599971379603353,0.9898939731161648,0.7322228243630095,0.9525741268224334,0.9890130573694068
949,1,1.0,1.0,1.0,1.0,1.0,1.0,1.0,1.0,0.9534365816788407,0.989911493010864,0.16336723947543177,0.9525741268224334,0.9890130573694068
950,1,1.0,1.0,1.0,1.0,1.0,1.0,1.0,1.0,0.9705054008168503,0.9899213125536973,0.9647713656849725,0.9525741268224334,0.9890130573694068
951,1,0.0,1.0,1.0,1.0,0.0,0.0,1.0,5.1813588e-11,0.9475301158226828,0.9899018518111029,0.1,0.9525741268224334,0.9890130573694068
952,1,0.0,1.0,1.0,1.0,0.0,0.0,1.0,5.958634e-07,0.9496514967944574,0.9899016805524717,0.10736450167836581,0.9525741268224334,0.9890130573694068
953,1,1.0,1.0,1.0,1.0,1.0,1.0,1.0,0.9999994,0.9560241015589733,0.9899120077129916,0.9049620050169207,0.9525741268224334,0.9890130573694068
954,1,0.0,1.0,1.0,1.0,0.0,0.0,1.0,1.02605595e-08,0.9469370821411406,0.9898970077908621,0.8449898795682121,0.9525741268224334,0.9890130573694068
955,1,1.0,1.0,1.0,1.0,1.0,1.0,1.0,0.9977889,0.9463114218123967,0.989913165251141,0.9892753308985678,0.9525741268224334,0.9890130573694068
956,1,0.0,1.0,1.0,1.0,0.0,0.0,1.0,3.4992022e-06,0.9567452920017098,0.9899350557067,0.14569589348710546,0.9525741268224334,0.9890130573694068
957,1,0.0,1.0,1.0,1.0,0.0,0.0,1.0,2.0240666e-05,0.967870098048932,0.9898986574554716,0.1,0.9525741268224334,0.9890130573694068
958,1,0.0,1.0,1.0,1.0,0.0,0.0,1.0,2.8646227e-06,0.9648184836462128,0.9898742277379361,0.12026363467149806,0.9525741268224334,0.9890130573694068
959,1,0.0,1.0,1.0,1.0,0.0,0.0,1.0,8.972707e-07,0.9516430282514011,0.9898970226581184,0.454126126460324,0.9525741268224334,0.9890130573694068
960,1,0.0,1.0,1.0,1.0,0.0,0.0,1.0,0.00039370428,0.9561473671555,0.9898838741930345,0.6374785898708896,0.9525741268224334,0.9890130573694068
961,1,0.0,1.0,1.0,1.0,0.0,0.0,1.0,0.0045938985,0.9474912056730379,0.989896886782027,0.9723431648074705,0.9525741268224334,0.9890130573694068
962,1,1.0,1.0,1.0,1.0,1.0,1.0,1.0,1.0,0.956455645273761,0.9898946400737985,0.1,0.9525741268224334,0.9890130573694068
963,1,0.0,1.0,1.0,1.0,0.0,0.0,1.0,9.760011e-05,0.9659984300933072,0.9898815831672206,0.24049734995116775,0.9525741268224334,0.9890130573694068
964,1,0.0,1.0,1.0,1.0,0.0,0.0,1.0,0.00039370428,0.9493139550013251,0.989918703846102,0.6374785898708896,0.9525741268224334,0.9890130573694068
965,1,1.0,1.0,1.0,1.0,1.0,1.0,1.0,1.0,0.9475982494710684,0.9899253871738785,0.1,0.9525741268224334,0.9890130573694068
966,1,0.0,1.0,1.0,1.0,0.0,0.0,1.0,0.0094903335,0.9485261225009775,0.9899000699586179,0.1,0.9525741268224334,0.9890130573694068
967,1,0.0,1.0,1.0,1.0,0.0,0.0,1.0,9.474074e-05,0.9537465646642295,0.9898894050543148,0.736946150671004,0.9525741268224334,0.9890130573694068
968,1,0.0,0.7666666666666667,1.0,1.0,0.0,0.0,1.0,4.3130083e-15,0.9608574132261817,0.7594187609888178,0.1014573427661012,0.9525741268224334,0.9890130573694068
969,1,0.0,1.0,1.0,1.0,0.0,0.0,1.0,6.0884416e-16,0.9979040700640593,0.9144986356027487,0.1,0.9525741268224334,0.9890130573694068
970,1,0.0,1.0,1.0,1.0,0.0,0.0,1.0,4.602287e-09,0.9951317084498004,0.9143492609190863,0.7086718405482586,0.9525741268224334,0.9890130573694068
971,1,0.0,1.0,1.0,1.0,0.0,0.0,1.0,1.0319423e-07,0.9994224375754787,0.9143957486079352,0.10887164534431243,0.9525741268224334,0.9890130573694068
972,1,1.0,1.0,1.0,1.0,1.0,1.0,1.0,1.0,0.9996607231624035,0.9142548007374914,0.936526394314618,0.9525741268224334,0.9890130573694068
973,1,0.0,1.0,1.0,1.0,0.0,0.0,1.0,3.8079668e-11,0.9974102144015298,0.9144857321201859,0.1,0.9525741268224334,0.9890130573694068
974,1,1.0,1.0,1.0,1.0,1.0,1.0,1.0,0.91324127,0.9992990212179966,0.9142825566486182,0.9749796532056192,0.9525741268224334,0.9890130573694068
975,1,1.0,1.0,1.0,1.0,1.0,1.0,1.0,0.9999999,0.9984211488297273,0.914510447061157,0.9789147076523018,0.9525741268224334,0.9890130573694068
976,1,1.0,1.0,1.0,1.0,1.0,1.0,1.0,1.0,0.9979396643408195,0.9145054470959468,0.1,0.9525741268224334,0.9890130573694068
977,1,1.0,1.0,1.0,1.0,1.0,1.0,1.0,0.9999958,0.99713234287142,0.9141476833793775,0.9774944708773715,0.9525741268224334,0.9890130573694068
978,1,1.0,1.0,1.0,1.0,1.0,1.0,1.0,1.0,0.9964141494743051,0.9142623804748069,0.1,0.9525741268224334,0.9890130573694068
979,1,0.0,1.0,1.0,1.0,0.0,0.0,1.0,1.5649189e-15,0.9955410255458585,0.9142782675934659,0.16265467470925998,0.9525741268224334,0.9890130573694068
980,1,0.0,1.0,1.0,1.0,0.0,0.0,1.0,6.51649e-08,0.9996099453721953,0.9142611790636026,0.6953230193556001,0.9525741268224334,0.9890130573694068
981,1,0.0,1.0,1.0,1.0,0.0,0.0,1.0,2.3248705e-11,0.9972960565999942,0.9143922118194682,0.1,0.9525741268224334,0.9890130573694068
982,1,0.0,1.0,1.0,1.0,0.0,0.0,1.0,1.2922914e-10,0.9987032735006489,0.9144877473006642,0.1,0.9525741268224334,0.9890130573694068
983,1,0.0,1.0,1.0,1.0,0.0,0.0,1.0,2.0708669e-07,0.9981904488871344,0.9143869269547118,0.26610695778911114,0.9525741268224334,0.9890130573694068
984,1,1.0,1.0,1.0,1.0,1.0,1.0,1.0,0.75712246,0.9957696076587779,0.914408976948358,0.7696480164241145,0.9525741268224334,0.9890130573694068
985,1,1.0,1.0,1.0,1.0,1.0,1.0,1.0,0.9971922,0.9965773418744147,0.9145150186653345,0.7890698367507994,0.9525741268224334,0.9890130573694068
986,1,1.0,1.0,1.0,1.0,1.0,1.0,1.0,1.0,0.9991320866246011,0.914361686697769,0.1,0.9525741268224334,0.9890130573694068
987,1,1.0,1.0,1.0,1.0,1.0,1.0,1.0,0.9899588,0.994455304121496,0.9143440332717713,0.9367930013213408,0.9525741268224334,0.9890130573694068
988,1,1.0,1.0,1.0,1.0,1.0,1.0,1.0,0.82649493,0.9967337290009209,0.9146373528607477,0.409736980526997,0.9525741268224334,0.9890130573694068
989,1,0.0,1.0,1.0,1.0,0.0,0.0,1.0,5.417099e-14,0.999617051231508,0.9142340634908649,0.4607463836202379,0.9525741268224334,0.9890130573694068
990,1,1.0,1.0,1.0,1.0,1.0,1.0,1.0,1.0,0.9990818489566132,0.9146712326198191,0.1,0.9525741268224334,0.9890130573694068
991,1,0.0,1.0,1.0,1.0,0.0,0.0,1.0,1.2922914e-10,0.9978946905219759,0.9143928662523565,0.1,0.9525741268224334,0.9890130573694068
992,1,1.0,1.0,1.0,1.0,1.0,1.0,1.0,0.99998415,0.997427963931473,0.914432802266719,0.9781299272378974,0.9525741268224334,0.9890130573694068
993,1,0.0,1.0,1.0,1.0,0.0,0.0,1.0,0.013527204,0.9959190786255055,0.9143336933913614,0.11142204983825776,0.9525741268224334,0.9890130573694068
994,1,0.0,1.0,1.0,1.0,0.0,0.0,1.0,1.989907e-05,0.9974268715129502,0.914198990071425,0.551269141944264,0.9525741268224334,0.9890130573694068
995,1,1.0,1.0,1.0,1.0,1.0,1.0,1.0,0.9999908,0.9902067850026183,0.9145330266062017,0.9423732774473915,0.9525741268224334,0.9890130573694068
996,1,0.0,1.0,1.0,1.0,0.0,0.0,1.0,2.1523305e-09,0.9992536290572016,0.9142961105353442,0.6044847737219966,0.9525741268224334,0.9890130573694068
997,1,1.0,1.0,1.0,1.0,1.0,1.0,1.0,0.9999999,0.995525262046516,0.9144002010127862,0.9262640364179036,0.9525741268224334,0.9890130573694068
998,1,1.0,1.0,1.0,1.0,1.0,1.0,1.0,0.9999944,0.9945690415418299,0.9143290083986546,0.1,0.9525741268224334,0.9890130573694068
999,1,0.0,1.0,1.0,1.0,0.0,0.0,1.0,4.412218e-10,0.9910694923849067,0.9143443868974839,0.1,0.9525741268224334,0.9890130573694068
1000,1,0.0,1.0,1.0,1.0,0.0,0.0,1.0,0.0001236009,0.9952497171006734,0.9142483182463096,0.9366616839617817,0.9525741268224334,0.9890130573694068
1001,1,1.0,1.0,1.0,1.0,1.0,1.0,1.0,0.75712246,0.9905585974021525,0.914274192890728,0.7696480164241145,0.9525741268224334,0.9890130573694068
1002,1,0.0,1.0,1.0,1.0,0.0,0.0,1.0,1.0709074e-07,0.9952747146393107,0.9145064700575347,0.12173750055962747,0.9525741268224334,0.9890130573694068
1003,1,1.0,1.0,1.0,1.0,1.0,1.0,1.0,0.9511587,0.9917402094997371,0.914343153484065,0.8016973306775083,0.9525741268224334,0.9890130573694068
1004,1,1.0,1.0,1.0,1.0,1.0,1.0,1.0,1.0,0.985027229505007,0.914271243291075,0.7092602017863188,0.9525741268224334,0.9890130573694068
1005,1,1.0,1.0,1.0,1.0,1.0,1.0,1.0,0.9999995,0.9906518135327822,0.914173740335233,0.868975024732962,0.9525741268224334,0.9890130573694068
1006,1,0.0,1.0,1.0,1.0,0.0,0.0,1.0,1.2238595e-11,0.9888166805623572,0.91406282534038,0.700980509553111,0.9525741268224334,0.9890130573694068
1007,1,0.0,1.0,1.0,1.0,0.0,0.0,1.0,5.204526e-11,0.9901110646567144,0.9141650948278345,0.1,0.9525741268224334,0.9890130573694068
