win_idx,label,acc_v,acc_m,acc_u,acc_mv,acc_ds_eq,acc_ds_static,acc_ours,P_v,P_m,P_u,w_v,w_m,w_u
0,0,1.0,0.23333333333333334,0.7833333333333333,1.0,0.0,0.0,1.0,2.2862873e-11,0.7878961846852433,0.18777002147965094,0.9981243980711986,0.9933071490757153,0.3775406687981454
1,0,1.0,0.9833333333333333,0.6666666666666666,1.0,1.0,1.0,1.0,6.63057e-08,0.035367013783437505,0.290790107035823,0.9989697674119054,0.9933071490757153,0.3775406687981454
2,0,1.0,1.0,0.6833333333333333,1.0,1.0,1.0,1.0,0.101996884,0.004719706910062729,0.251767897801306,0.9949203724076301,0.9933071490757153,0.3775406687981454
3,0,1.0,1.0,0.6833333333333333,1.0,1.0,1.0,1.0,5.204584e-07,0.004612165708208353,0.2734556669358142,0.995089026466219,0.9933071490757153,0.3775406687981454
4,0,1.0,1.0,0.8333333333333334,1.0,1.0,1.0,1.0,1.002682e-14,0.0045542885767497435,0.16109986302651608,0.997773604373335,0.9933071490757153,0.3775406687981454
5,0,1.0,1.0,0.65,1.0,1.0,1.0,1.0,1.9297019e-08,0.003695811026060552,0.2803249762397645,0.9976896137688731,0.9933071490757153,0.3775406687981454
6,0,1.0,1.0,0.7166666666666667,1.0,1.0,1.0,1.0,9.443865e-11,0.0037970190064474437,0.24461493247607902,0.9990053344884574,0.9933071490757153,0.3775406687981454
7,0,1.0,1.0,0.75,1.0,1.0,1.0,1.0,1.2128203e-07,0.0031662609035168344,0.22155395711186232,0.9938498234649357,0.9933071490757153,0.3775406687981454
8,0,1.0,1.0,0.8,1.0,1.0,1.0,1.0,6.0320206e-13,0.004386874245238746,0.1820657746017867,0.9992228857414609,0.9933071490757153,0.3775406687981454
9,0,1.0,1.0,0.7833333333333333,1.0,1.0,1.0,1.0,4.3131754e-10,0.004350806987939293,0.1911722632707384,0.9999629775814081,0.9933071490757153,0.3775406687981454
10,0,1.0,1.0,0.75,1.0,1.0,1.0,1.0,2.9420555e-09,0.004143599695087625,0.21271063683093142,0.9975517672615839,0.9933071490757153,0.3775406687981454
11,0,1.0,1.0,0.7333333333333333,1.0,1.0,1.0,1.0,1.0130706e-10,0.0038777394466485296,0.22948065220147112,0.9210911024844174,0.9933071490757153,0.3775406687981454
12,0,1.0,1.0,0.5666666666666667,1.0,1.0,1.0,1.0,5.0328166e-12,0.005559818463019864,0.34284071999690435,0.9971366053115113,0.9933071490757153,0.3775406687981454
13,0,1.0,1.0,0.6833333333333333,1.0,1.0,1.0,1.0,1.5228636e-06,0.004587645310140684,0.25525849450643184,0.9944773913507834,0.9933071490757153,0.3775406687981454
14,0,1.0,1.0,0.7,1.0,1.0,1.0,1.0,0.00046512013,0.0035587262832824785,0.2568351369244199,0.9962567110645182,0.9933071490757153,0.3775406687981454
15,0,1.0,1.0,0.65,1.0,1.0,1.0,1.0,2.4379879e-05,0.003683404338309502,0.29624412574566183,0.863349830276401,0.9933071490757153,0.3775406687981454
16,0,0.0,1.0,0.7,1.0,0.0,0.0,1.0,0.9470502,0.004527459719566306,0.2513597410318143,0.9969701184351536,0.9933071490757153,0.3775406687981454
17,0,1.0,1.0,0.7,1.0,1.0,1.0,1.0,1.5845124e-09,0.005317208837802629,0.241061985099793,0.9977643406632561,0.9933071490757153,0.3775406687981454
18,0,1.0,1.0,0.6666666666666666,1.0,1.0,1.0,1.0,7.123883e-12,0.004275384524833965,0.26837789144429064,0.9384416007177884,0.9933071490757153,0.3775406687981454
19,0,1.0,1.0,0.7,1.0,1.0,1.0,1.0,8.930678e-13,0.004792546216794704,0.26034533631109186,0.9992624191965659,0.9933071490757153,0.3775406687981454
20,0,1.0,1.0,0.6,1.0,1.0,1.0,1.0,3.0287807e-11,0.0037156334676545252,0.32867810112822415,0.9987269915114377,0.9933071490757153,0.3775406687981454
21,0,1.0,1.0,0.75,1.0,1.0,1.0,1.0,2.17858e-11,0.004238399032865433,0.21258699142153176,0.6124602581392218,0.9933071490757153,0.3775406687981454
22,0,1.0,1.0,0.7666666666666667,1.0,1.0,1.0,1.0,0.0009685895,0.00462733838901316,0.1988672899829536,0.9940552882031537,0.9933071490757153,0.3775406687981454
23,0,1.0,1.0,0.6833333333333333,1.0,1.0,1.0,1.0,8.056608e-11,0.003956636577288015,0.2578299164803369,0.9998727171931,0.9933071490757153,0.3775406687981454
24,0,1.0,1.0,0.7166666666666667,1.0,1.0,1.0,1.0,5.209144e-11,0.00624456416492448,0.24718278440038216,0.9989851702585082,0.9933071490757153,0.3775406687981454
25,0,1.0,1.0,0.7,1.0,1.0,1.0,1.0,0.0007418377,0.003801762341356785,0.2526570034794508,0.9979096703880043,0.9933071490757153,0.3775406687981454
26,0,1.0,1.0,0.6833333333333333,1.0,1.0,1.0,1.0,1.4350312e-12,0.003022077392567504,0.2565033687604108,0.9995000491186564,0.9933071490757153,0.3775406687981454
27,0,1.0,1.0,0.5833333333333334,1.0,1.0,1.0,1.0,7.574262e-14,0.004495823150894665,0.3276506605821312,0.8686148210154644,0.9933071490757153,0.3775406687981454
28,0,1.0,1.0,0.75,1.0,1.0,1.0,1.0,1.4350312e-12,0.0034054609136613028,0.2087089072013386,0.9995000491186564,0.9933071490757153,0.3775406687981454
29,0,1.0,1.0,0.6833333333333333,1.0,1.0,1.0,1.0,7.380884e-08,0.005016077050615685,0.2601692237983935,0.9886473111650002,0.9933071490757153,0.3775406687981454
30,0,1.0,1.0,0.7666666666666667,1.0,1.0,1.0,1.0,3.1385766e-13,0.004970343617898266,0.21565250828702057,0.9999645322527106,0.9933071490757153,0.3775406687981454
31,0,1.0,1.0,0.7166666666666667,1.0,1.0,1.0,1.0,0.000121736295,0.005849705946223607,0.2503036763420007,0.9417203491157764,0.9933071490757153,0.3775406687981454
32,0,1.0,1.0,0.6333333333333333,1.0,1.0,1.0,1.0,5.4541138e-06,0.00511377182482062,0.2885904924136215,0.9561866473815563,0.9933071490757153,0.3775406687981454
33,0,1.0,1.0,0.75,1.0,1.0,1.0,1.0,2.5808145e-05,0.004585759936027801,0.20864335463498435,0.8402784878844853,0.9933071490757153,0.3775406687981454
34,0,1.0,1.0,0.5833333333333334,1.0,1.0,1.0,1.0,7.100475e-07,0.005168783676159275,0.3386192983089256,0.9787355161457602,0.9933071490757153,0.3775406687981454
35,0,1.0,1.0,0.8,1.0,0.0,1.0,1.0,1.0330953e-13,0.2370299467495294,0.3206202089605708,0.9944626925641986,0.9933071490757153,0.3775406687981454
36,1,1.0,1.0,0.6833333333333333,1.0,1.0,1.0,1.0,1.0,0.99999999999997,0.6245068907057063,0.9409100867230761,0.9933071490757153,0.3775406687981454
37,1,1.0,1.0,0.7333333333333333,1.0,1.0,1.0,1.0,1.0,0.99999999999997,0.6775598695207468,0.9981522710939138,0.9933071490757153,0.3775406687981454
38,1,1.0,1.0,0.6833333333333333,1.0,1.0,1.0,1.0,1.0,0.99999999999997,0.6627604646391971,0.8974429012862986,0.9933071490757153,0.3775406687981454
39,1,1.0,1.0,0.65,1.0,1.0,1.0,1.0,1.0,0.99999999999997,0.618228277778395,0.9072925059983022,0.9933071490757153,0.3775406687981454
40,1,1.0,1.0,0.7333333333333333,1.0,1.0,1.0,1.0,0.99999845,0.99999999999997,0.7031542192902701,0.9990832502990729,0.9933071490757153,0.3775406687981454
41,1,1.0,1.0,0.7166666666666667,1.0,1.0,1.0,1.0,1.0,0.99999999999997,0.6630456022102628,0.9503783446684738,0.9933071490757153,0.3775406687981454
42,1,1.0,1.0,0.6333333333333333,1.0,1.0,1.0,1.0,0.99956864,0.99999999999997,0.609701411465952,0.9800274578894133,0.9933071490757153,0.3775406687981454
43,1,1.0,1.0,0.7833333333333333,1.0,1.0,1.0,1.0,0.9866621,0.99999999999997,0.7345950770901003,0.996356961904783,0.9933071490757153,0.3775406687981454
44,1,1.0,1.0,0.7,1.0,1.0,1.0,1.0,0.9344753,0.99999999999997,0.6698310334667908,0.9994521146853734,0.9933071490757153,0.3775406687981454
45,1,1.0,1.0,0.8333333333333334,1.0,1.0,1.0,1.0,1.0,0.99999999999997,0.765997214023511,0.9762129978175753,0.9933071490757153,0.3775406687981454
46,1,1.0,1.0,0.6833333333333333,1.0,1.0,1.0,1.0,1.0,0.99999999999997,0.6403449588653818,0.9944629846456164,0.9933071490757153,0.3775406687981454
47,1,1.0,1.0,0.65,1.0,1.0,1.0,1.0,1.0,0.99999999999997,0.643700545753808,0.9993932485049729,0.9933071490757153,0.3775406687981454
48,1,1.0,1.0,0.7833333333333333,1.0,1.0,1.0,1.0,1.0,0.99999999999997,0.739084428470855,0.9906087408078527,0.9933071490757153,0.3775406687981454
49,1,1.0,1.0,0.65,1.0,1.0,1.0,1.0,0.9999989,0.99999999999997,0.6291141423758451,0.9981671179996457,0.9933071490757153,0.3775406687981454
50,1,1.0,1.0,0.7333333333333333,1.0,1.0,1.0,1.0,1.0,0.99999999999997,0.6949971400692407,0.9832106537164823,0.9933071490757153,0.3775406687981454
51,1,1.0,1.0,0.7333333333333333,1.0,1.0,1.0,1.0,0.9999999,0.99999999999997,0.7060062854589908,0.8652812347798913,0.9933071490757153,0.3775406687981454
52,1,1.0,1.0,0.6833333333333333,1.0,1.0,1.0,1.0,0.99996686,0.99999999999997,0.64533685934445,0.9848579002532036,0.9933071490757153,0.3775406687981454
53,1,1.0,1.0,0.8166666666666667,1.0,1.0,1.0,1.0,1.0,0.99999999999997,0.7738750554198661,0.9997872816964565,0.9933071490757153,0.3775406687981454
54,1,1.0,1.0,0.75,1.0,1.0,1.0,1.0,0.9993352,0.99999999999997,0.7142157712740431,0.9748739174979452,0.9933071490757153,0.3775406687981454
55,1,1.0,1.0,0.6,1.0,1.0,1.0,1.0,1.0,0.99999999999997,0.5844641728532962,0.9995018187786445,0.9933071490757153,0.3775406687981454
56,1,1.0,1.0,0.6833333333333333,1.0,1.0,1.0,1.0,1.0,0.99999999999997,0.6517064995083491,0.9171058313760776,0.9933071490757153,0.3775406687981454
57,1,1.0,1.0,0.7166666666666667,1.0,1.0,1.0,1.0,0.99996245,0.99999999999997,0.665623821173173,0.9993071863799787,0.9933071490757153,0.3775406687981454
58,1,1.0,1.0,0.7166666666666667,1.0,1.0,1.0,1.0,0.9999869,0.99999999999997,0.6886992362225913,0.9747160573614366,0.9933071490757153,0.3775406687981454
59,1,1.0,1.0,0.75,1.0,1.0,1.0,1.0,0.99924254,0.99999999999997,0.70375620122622,0.9985192374703561,0.9933071490757153,0.3775406687981454
60,1,1.0,1.0,0.6833333333333333,1.0,1.0,1.0,1.0,0.9999994,0.99999999999997,0.6288523567308403,0.9965733045388574,0.9933071490757153,0.3775406687981454
61,1,1.0,1.0,0.75,1.0,1.0,1.0,1.0,1.0,0.99999999999997,0.6810645341020768,0.9846660731489878,0.9933071490757153,0.3775406687981454
62,1,1.0,1.0,0.6666666666666666,1.0,1.0,1.0,1.0,1.0,0.99999999999997,0.6559899741594465,0.4836659450397039,0.9933071490757153,0.3775406687981454
63,1,1.0,1.0,0.8,1.0,1.0,1.0,1.0,0.9999317,0.99999999999997,0.74166000684486,0.9991593409317873,0.9933071490757153,0.3775406687981454
64,1,1.0,1.0,0.6833333333333333,1.0,1.0,1.0,1.0,0.9999982,0.99999999999997,0.6591032865369851,0.9761928213169195,0.9933071490757153,0.3775406687981454
65,1,1.0,1.0,0.7833333333333333,1.0,1.0,1.0,1.0,1.0,0.99999999999997,0.7082030464919433,0.9980476927783568,0.9933071490757153,0.3775406687981454
66,1,1.0,1.0,0.7166666666666667,1.0,1.0,1.0,1.0,0.9999945,0.99999999999997,0.6868573557654565,0.7287134079460807,0.9933071490757153,0.3775406687981454
67,1,1.0,1.0,0.75,1.0,1.0,1.0,1.0,0.9999995,0.99999999999997,0.6794706117238207,0.9616551689529641,0.9933071490757153,0.3775406687981454
68,1,1.0,1.0,0.75,1.0,1.0,1.0,1.0,0.99999976,0.99999999999997,0.6845964935901051,0.9115710946153217,0.9933071490757153,0.3775406687981454
69,1,1.0,1.0,0.8166666666666667,1.0,1.0,1.0,1.0,0.9951102,0.99999999999997,0.7690447011079767,0.9998639121269547,0.9933071490757153,0.3775406687981454
70,1,1.0,1.0,0.6666666666666666,1.0,1.0,1.0,1.0,1.0,0.99999999999997,0.6381174936944569,0.9368355682767364,0.9933071490757153,0.3775406687981454
71,1,1.0,1.0,0.6,1.0,1.0,1.0,1.0,0.99999106,0.99999999999997,0.5846116831136183,0.9989421512251961,0.9933071490757153,0.3775406687981454
72,1,1.0,1.0,0.75,1.0,1.0,1.0,1.0,1.0,0.99999999999997,0.6882278314993957,0.9987856151845251,0.9933071490757153,0.3775406687981454
73,1,1.0,1.0,0.7666666666666667,1.0,1.0,1.0,1.0,1.0,0.99999999999997,0.7147684819341826,0.9997803300375719,0.9933071490757153,0.3775406687981454
74,1,1.0,1.0,0.75,1.0,1.0,1.0,1.0,1.0,0.99999999999997,0.6984177838840894,0.9601301543289079,0.9933071490757153,0.3775406687981454
75,1,1.0,1.0,0.7,1.0,1.0,1.0,1.0,1.0,0.99999999999997,0.6476517856264121,0.9995621995095887,0.9933071490757153,0.3775406687981454
76,1,1.0,1.0,0.75,1.0,1.0,1.0,1.0,1.0,0.99999999999997,0.7085383874762641,0.9754186845194424,0.9933071490757153,0.3775406687981454
77,1,1.0,1.0,0.6666666666666666,1.0,1.0,1.0,1.0,0.99999774,0.99999999999997,0.649259281842591,0.9477928356614579,0.9933071490757153,0.3775406687981454
78,1,1.0,1.0,0.7166666666666667,1.0,1.0,1.0,1.0,0.99978083,0.99999999999997,0.6566711045074916,0.9828918036425334,0.9933071490757153,0.3775406687981454
79,1,1.0,1.0,0.8166666666666667,1.0,1.0,1.0,1.0,1.0,0.99999999999997,0.7537316051618685,0.9929601146612378,0.9933071490757153,0.3775406687981454
80,1,1.0,1.0,0.8166666666666667,1.0,1.0,1.0,1.0,1.0,0.99999999999997,0.7501985697205078,0.9906978050092029,0.9933071490757153,0.3775406687981454
81,1,1.0,1.0,0.7166666666666667,1.0,1.0,1.0,1.0,0.99999976,0.99999999999997,0.6826983869518302,0.9703631330630295,0.9933071490757153,0.3775406687981454
82,1,1.0,1.0,0.6666666666666666,1.0,1.0,1.0,1.0,1.0,0.99999999999997,0.638518541999909,0.984560492979323,0.9933071490757153,0.3775406687981454
83,1,1.0,1.0,0.7166666666666667,1.0,1.0,1.0,1.0,1.0,0.99999999999997,0.669860404490039,0.999600625903462,0.9933071490757153,0.3775406687981454
84,1,1.0,1.0,0.7833333333333333,1.0,1.0,1.0,1.0,0.9999993,0.99999999999997,0.7169384418819996,0.9968474743923036,0.9933071490757153,0.3775406687981454
85,1,1.0,1.0,0.7,1.0,1.0,1.0,1.0,0.9997571,0.99999999999997,0.6488205960322697,0.9276566667466671,0.9933071490757153,0.3775406687981454
86,1,1.0,1.0,0.6166666666666667,1.0,1.0,1.0,1.0,1.0,0.99999999999997,0.6010734305801617,0.875600586281366,0.9933071490757153,0.3775406687981454
87,1,1.0,1.0,0.6666666666666666,1.0,1.0,1.0,1.0,1.0,0.99999999999997,0.6382377969529985,0.953540421649482,0.9933071490757153,0.3775406687981454
88,1,1.0,1.0,0.7,1.0,1.0,1.0,1.0,1.0,0.99999999999997,0.6572563789906081,0.9969257462309553,0.9933071490757153,0.3775406687981454
89,1,1.0,1.0,0.7166666666666667,1.0,1.0,1.0,1.0,1.0,0.99999999999997,0.6559811877864447,0.9996242969765596,0.9933071490757153,0.3775406687981454
90,1,1.0,1.0,0.6833333333333333,1.0,1.0,1.0,1.0,0.98029023,0.99999999999997,0.6274049806830532,0.999864722282681,0.9933071490757153,0.3775406687981454
91,1,1.0,1.0,0.6,1.0,1.0,1.0,1.0,0.99999964,0.99999999999997,0.592956616101924,0.9979356050469235,0.9933071490757153,0.3775406687981454
92,1,1.0,1.0,0.7333333333333333,1.0,1.0,1.0,1.0,0.99999976,0.99999999999997,0.6721420446625594,0.9678897580837077,0.9933071490757153,0.3775406687981454
93,1,1.0,1.0,0.8,1.0,1.0,1.0,1.0,1.0,0.99999999999997,0.7446492432329903,0.9947963100242637,0.9933071490757153,0.3775406687981454
94,1,1.0,1.0,0.75,1.0,1.0,1.0,1.0,0.99909043,0.99999999999997,0.7208642786372758,0.9267641762667997,0.9933071490757153,0.3775406687981454
95,1,1.0,1.0,0.7,1.0,1.0,1.0,1.0,1.0,0.99999999999997,0.6487139036776531,0.9915251274907846,0.9933071490757153,0.3775406687981454
96,1,1.0,1.0,0.7166666666666667,1.0,1.0,1.0,1.0,1.0,0.99999999999997,0.6710991135158617,0.7411985141936639,0.9933071490757153,0.3775406687981454
97,1,1.0,1.0,0.8,1.0,1.0,1.0,1.0,1.0,0.99999999999997,0.7252182067364653,0.9999164058215615,0.9933071490757153,0.3775406687981454
98,1,1.0,1.0,0.7833333333333333,1.0,1.0,1.0,1.0,0.9999995,0.99999999999997,0.7169452339210574,0.9999389138708394,0.9933071490757153,0.3775406687981454
99,1,1.0,1.0,0.8666666666666667,1.0,1.0,1.0,1.0,0.99846715,0.99999999999997,0.7930997345980555,0.9563257710675098,0.9933071490757153,0.3775406687981454
100,1,1.0,1.0,0.7333333333333333,1.0,1.0,1.0,1.0,1.0,0.99999999999997,0.7119058925895757,0.999202832985173,0.9933071490757153,0.3775406687981454
101,1,1.0,1.0,0.7,1.0,1.0,1.0,1.0,1.0,0.99999999999997,0.644156924020576,0.9889897313430621,0.9933071490757153,0.3775406687981454
102,1,1.0,1.0,0.65,1.0,1.0,1.0,1.0,1.0,0.99999999999997,0.5992002372253685,0.9656694825543433,0.9933071490757153,0.3775406687981454
103,1,1.0,1.0,0.8166666666666667,1.0,1.0,1.0,1.0,1.0,0.99999999999997,0.7636548224388063,0.9716732917171034,0.9933071490757153,0.3775406687981454
104,1,1.0,1.0,0.6833333333333333,1.0,1.0,1.0,1.0,1.0,0.99999999999997,0.6469476528633087,0.963983334901068,0.9933071490757153,0.3775406687981454
105,1,1.0,1.0,0.6666666666666666,1.0,1.0,1.0,1.0,1.0,0.99999999999997,0.6368597619019913,0.993185255462296,0.9933071490757153,0.3775406687981454
106,1,1.0,0.9833333333333333,0.7333333333333333,1.0,1.0,1.0,1.0,0.99999917,0.9441684233159624,0.6958107948641072,0.9228025361256935,0.9933071490757153,0.3775406687981454
107,1,1.0,1.0,0.7166666666666667,1.0,1.0,1.0,1.0,0.9999999,0.99999999999997,0.6801003552413428,0.966659758110352,0.9933071490757153,0.3775406687981454
108,1,1.0,1.0,0.7,1.0,1.0,1.0,1.0,0.99942786,0.99999999999997,0.6718508553518592,0.7877955703325484,0.9933071490757153,0.3775406687981454
109,1,1.0,1.0,0.7333333333333333,1.0,1.0,1.0,1.0,1.0,0.99999999999997,0.7124155396246666,0.9754404107408607,0.9933071490757153,0.3775406687981454
110,1,1.0,1.0,0.7666666666666667,1.0,1.0,1.0,1.0,0.99592495,0.99999999999997,0.7298986074118596,0.9558494990785062,0.9933071490757153,0.3775406687981454
111,1,1.0,1.0,0.8166666666666667,1.0,1.0,1.0,1.0,0.99950445,0.99999999999997,0.725667015434652,0.9977927047320769,0.9933071490757153,0.3775406687981454
112,1,1.0,1.0,0.6833333333333333,1.0,1.0,1.0,1.0,1.0,0.99999999999997,0.6523612130066453,0.9976547150661391,0.9933071490757153,0.3775406687981454
113,1,1.0,1.0,0.7833333333333333,1.0,1.0,1.0,1.0,1.0,0.99999999999997,0.7033032403964641,0.999928678261195,0.9933071490757153,0.3775406687981454
114,1,1.0,1.0,0.8,1.0,1.0,1.0,1.0,1.0,0.99999999999997,0.7414452682724554,0.9443634466745817,0.9933071490757153,0.3775406687981454
115,1,1.0,1.0,0.75,1.0,1.0,1.0,1.0,0.99999964,0.99999999999997,0.6955166477179885,0.9979356050469235,0.9933071490757153,0.3775406687981454
116,1,1.0,1.0,0.7166666666666667,1.0,1.0,1.0,1.0,1.0,0.99999999999997,0.6695616528702484,0.9475763399486578,0.9933071490757153,0.3775406687981454
117,1,1.0,1.0,0.7333333333333333,1.0,1.0,1.0,1.0,1.0,0.99999999999997,0.664484585463701,0.9994110274828056,0.9933071490757153,0.3775406687981454
118,1,1.0,1.0,0.6166666666666667,1.0,1.0,1.0,1.0,1.0,0.99999999999997,0.5768342458616366,0.8850734091184727,0.9933071490757153,0.3775406687981454
119,1,1.0,1.0,0.75,1.0,1.0,1.0,1.0,1.0,0.99999999999997,0.6873348964482371,0.9985117554357643,0.9933071490757153,0.3775406687981454
120,1,1.0,1.0,0.7333333333333333,1.0,1.0,1.0,1.0,0.9989341,0.99999999999997,0.687719222923349,0.9603515077435356,0.9933071490757153,0.3775406687981454
121,1,1.0,1.0,0.6333333333333333,1.0,1.0,1.0,1.0,0.9999999,0.99999999999997,0.5973450847671503,0.9957479829237773,0.9933071490757153,0.3775406687981454
122,1,1.0,1.0,0.7666666666666667,1.0,1.0,1.0,1.0,1.0,0.99999999999997,0.711647020819827,0.9951480158457396,0.9933071490757153,0.3775406687981454
123,1,1.0,1.0,0.7666666666666667,1.0,1.0,1.0,1.0,0.99999976,0.99999999999997,0.7183164939656667,0.9331994255903383,0.9933071490757153,0.3775406687981454
124,1,1.0,1.0,0.8166666666666667,1.0,1.0,1.0,1.0,1.0,0.99999999999997,0.7388924745294987,0.9997811453437497,0.9933071490757153,0.3775406687981454
125,1,1.0,1.0,0.7666666666666667,1.0,1.0,1.0,1.0,0.99999964,0.99999999999997,0.6998485065196739,0.9941832740151826,0.9933071490757153,0.3775406687981454
126,1,1.0,1.0,0.6333333333333333,1.0,1.0,1.0,1.0,1.0,0.99999999999997,0.6141289393032247,0.9999360260415421,0.9933071490757153,0.3775406687981454
127,1,1.0,1.0,0.7666666666666667,1.0,1.0,1.0,1.0,1.0,0.99999999999997,0.7127093115126875,0.9603330174197002,0.9933071490757153,0.3775406687981454
128,1,1.0,1.0,0.7166666666666667,1.0,1.0,1.0,1.0,1.0,0.99999999999997,0.6819870889539502,0.9982457461874501,0.9933071490757153,0.3775406687981454
129,1,1.0,0.8166666666666667,0.65,1.0,0.0,1.0,1.0,1.0,0.9260542719118997,0.5123795594579332,0.9487468089478669,0.9933071490757153,0.3775406687981454
130,0,1.0,0.9333333333333333,0.7833333333333333,1.0,1.0,1.0,1.0,4.050611e-13,0.13175668271749447,0.19177852414510846,0.9999738674658801,0.9933071490757153,0.3775406687981454
131,0,1.0,1.0,0.7,1.0,1.0,1.0,1.0,2.6567138e-13,0.0072804911908257155,0.2509033813893037,0.9994991133216428,0.9933071490757153,0.3775406687981454
132,0,1.0,1.0,0.85,1.0,1.0,1.0,1.0,1.3793542e-11,0.005576692059074892,0.13755722178763474,0.8499248324913039,0.9933071490757153,0.3775406687981454
133,0,1.0,1.0,0.7166666666666667,1.0,1.0,1.0,1.0,5.774127e-07,0.004119378581400216,0.24982498887494095,0.7392579426704788,0.9933071490757153,0.3775406687981454
134,0,1.0,1.0,0.7166666666666667,1.0,1.0,1.0,1.0,1.2289132e-09,0.003233856204842003,0.24252641725566043,0.9988158786655417,0.9933071490757153,0.3775406687981454
135,0,1.0,1.0,0.7,1.0,1.0,1.0,1.0,3.1021405e-05,0.003588451618740135,0.2457000014874293,0.992244658712494,0.9933071490757153,0.3775406687981454
136,0,1.0,1.0,0.7,1.0,1.0,1.0,1.0,8.0980866e-10,0.004515561011121822,0.2548683609048598,0.9993301334590823,0.9933071490757153,0.3775406687981454
137,0,1.0,1.0,0.75,1.0,1.0,1.0,1.0,6.630535e-15,0.0033237520695187832,0.2076800489308056,0.9991791073955166,0.9933071490757153,0.3775406687981454
138,0,1.0,1.0,0.7333333333333333,1.0,1.0,1.0,1.0,5.268885e-09,0.003632320140290944,0.21992807853632998,0.9982910769361257,0.9933071490757153,0.3775406687981454
139,0,1.0,1.0,0.6666666666666666,1.0,1.0,1.0,1.0,2.8691318e-13,0.004336175490120304,0.28067115392585174,0.9994399434270754,0.9933071490757153,0.3775406687981454
140,0,1.0,1.0,0.6333333333333333,1.0,1.0,1.0,1.0,0.00064226025,0.0029936172617960667,0.2952746287372781,0.9870152396532511,0.9933071490757153,0.3775406687981454
141,0,1.0,1.0,0.7166666666666667,1.0,1.0,1.0,1.0,9.4489917e-07,0.0032681162612385995,0.23413886788032834,0.9963815096452862,0.9933071490757153,0.3775406687981454
142,0,1.0,1.0,0.7333333333333333,1.0,1.0,1.0,1.0,6.5322037e-13,0.003647566782458762,0.21898303045909406,0.9890808243106946,0.9933071490757153,0.3775406687981454
143,0,1.0,1.0,0.6833333333333333,1.0,1.0,1.0,1.0,1.9147617e-08,0.005641997655478125,0.25239377502089516,0.9973191904244734,0.9933071490757153,0.3775406687981454
144,0,1.0,1.0,0.7166666666666667,1.0,1.0,1.0,1.0,5.0837592e-05,0.004072210915914667,0.22924161995915235,0.9984385426576589,0.9933071490757153,0.3775406687981454
145,0,1.0,1.0,0.6833333333333333,1.0,1.0,1.0,1.0,4.784603e-15,0.005098849523916443,0.27802658508857364,0.9143710327642477,0.9933071490757153,0.3775406687981454
146,0,1.0,1.0,0.75,1.0,1.0,1.0,1.0,9.515115e-12,0.003806472890441559,0.22506132368524728,0.9973373582263169,0.9933071490757153,0.3775406687981454
147,0,1.0,1.0,0.6,1.0,1.0,1.0,1.0,0.016915737,0.00569290846289955,0.3281589229482215,0.9758933953255655,0.9933071490757153,0.3775406687981454
148,0,1.0,1.0,0.7666666666666667,1.0,1.0,1.0,1.0,9.94372e-06,0.003681149165141956,0.21052728746311564,0.998877520952323,0.9933071490757153,0.3775406687981454
149,0,1.0,1.0,0.65,1.0,1.0,1.0,1.0,4.5217034e-14,0.004115956719080279,0.2829497187651134,0.997224489022312,0.9933071490757153,0.3775406687981454
150,0,1.0,1.0,0.6666666666666666,1.0,1.0,1.0,1.0,2.8237964e-11,0.0043483531262764,0.2769863043467757,0.9987014944203892,0.9933071490757153,0.3775406687981454
151,0,1.0,1.0,0.6666666666666666,1.0,1.0,1.0,1.0,0.16844767,0.005239408061206661,0.2768205072073707,0.9520628237659403,0.9933071490757153,0.3775406687981454
152,0,1.0,1.0,0.75,1.0,1.0,1.0,1.0,0.0012759393,0.006097493362484043,0.2105940514241361,0.999319881900865,0.9933071490757153,0.3775406687981454
153,0,1.0,1.0,0.75,1.0,1.0,1.0,1.0,5.5916747e-12,0.005382218874428653,0.21953546214648886,0.9999113816733988,0.9933071490757153,0.3775406687981454
154,0,1.0,1.0,0.7333333333333333,1.0,1.0,1.0,1.0,3.5195757e-12,0.0032753149012373158,0.22987967721012653,0.9975957472701144,0.9933071490757153,0.3775406687981454
155,0,1.0,1.0,0.7333333333333333,1.0,1.0,1.0,1.0,1.5368566e-11,0.0038254234579972596,0.22875851051397583,0.8699291426676556,0.9933071490757153,0.3775406687981454
156,0,1.0,1.0,0.6833333333333333,1.0,0.0,0.0,1.0,0.37659,0.004663080214950345,0.2612568950360022,0.9988807379930776,0.9933071490757153,0.3775406687981454
157,0,1.0,1.0,0.8166666666666667,1.0,1.0,1.0,1.0,0.0006862862,0.004450367267616343,0.18176738652023391,0.9986341265297964,0.9933071490757153,0.3775406687981454
158,0,1.0,1.0,0.7,1.0,1.0,1.0,1.0,2.5177649e-06,0.005097897307317326,0.25196177426930205,0.9985912499119581,0.9933071490757153,0.3775406687981454
159,0,1.0,1.0,0.7333333333333333,1.0,1.0,1.0,1.0,1.9998965e-09,0.004416216408754065,0.22647712623059482,0.9352307642550253,0.9933071490757153,0.3775406687981454
160,0,1.0,1.0,0.6,1.0,1.0,1.0,1.0,9.43027e-12,0.005509120743720563,0.32332069344262243,0.9993141221603339,0.9933071490757153,0.3775406687981454
161,0,1.0,1.0,0.75,1.0,1.0,1.0,1.0,0.00013616924,0.004301990598800719,0.22106170299182015,0.9965751714933145,0.9933071490757153,0.3775406687981454
162,0,1.0,1.0,0.7833333333333333,1.0,1.0,1.0,1.0,0.0007418377,0.0037612572360285327,0.18960045612016194,0.9979096703880043,0.9933071490757153,0.3775406687981454
163,0,1.0,1.0,0.6,1.0,1.0,1.0,1.0,2.9293648e-18,0.004153173276539805,0.31097774706755604,0.668633499333044,0.9933071490757153,0.3775406687981454
164,0,1.0,1.0,0.75,1.0,1.0,1.0,1.0,2.4823036e-08,0.004242435646214418,0.21658642810390313,0.9963290747042799,0.9933071490757153,0.3775406687981454
165,0,0.0,1.0,0.8333333333333334,1.0,0.0,0.0,1.0,0.97912997,0.003675453957426648,0.1691088534959584,0.9998045088193734,0.9933071490757153,0.3775406687981454
166,0,1.0,1.0,0.7333333333333333,1.0,1.0,1.0,1.0,1.2561942e-11,0.0037955566401801388,0.22781766432300915,0.9999084199867683,0.9933071490757153,0.3775406687981454
167,0,1.0,1.0,0.6666666666666666,1.0,1.0,1.0,1.0,1.5565705e-09,0.003568809998604816,0.28140961395807756,0.8844975245441904,0.9933071490757153,0.3775406687981454
168,0,1.0,1.0,0.7666666666666667,1.0,1.0,1.0,1.0,4.784352e-13,0.0034956438184599536,0.21498048536377912,0.9984631733179636,0.9933071490757153,0.3775406687981454
169,0,1.0,1.0,0.7333333333333333,1.0,1.0,1.0,1.0,0.0031911237,0.004653876798567746,0.22932373660986458,0.9991284526583184,0.9933071490757153,0.3775406687981454
170,0,1.0,1.0,0.6833333333333333,1.0,1.0,1.0,1.0,0.0006641193,0.004425487286546833,0.26067843150247777,0.9998699378951041,0.9933071490757153,0.3775406687981454
171,0,1.0,1.0,0.7,1.0,1.0,1.0,1.0,2.7918673e-05,0.003695677185747779,0.2502209566893278,0.9573858508439491,0.9933071490757153,0.3775406687981454
172,0,1.0,1.0,0.6166666666666667,1.0,1.0,1.0,1.0,9.515115e-12,0.003821428523234777,0.29326551000673523,0.9973373582263169,0.9933071490757153,0.3775406687981454
173,0,1.0,1.0,0.6833333333333333,1.0,1.0,1.0,1.0,0.00031074145,0.0041089627969560834,0.26234170682581615,0.960972043234266,0.9933071490757153,0.3775406687981454
174,0,1.0,1.0,0.65,1.0,1.0,1.0,1.0,2.2928418e-07,0.004164092802813602,0.30046241483138453,0.9996198764446078,0.9933071490757153,0.3775406687981454
175,0,1.0,1.0,0.7666666666666667,1.0,1.0,1.0,1.0,4.3170695e-17,0.0044899408080870855,0.20317330105487783,0.9995796105850737,0.9933071490757153,0.3775406687981454
176,1,1.0,1.0,0.7,1.0,1.0,1.0,1.0,0.9999987,0.9001727745340986,0.6619929049959571,0.9293554773292119,0.9933071490757153,0.3775406687981454
177,1,1.0,1.0,0.7,1.0,1.0,1.0,1.0,1.0,0.99999999999997,0.6680921610933951,0.9171058313760776,0.9933071490757153,0.3775406687981454
178,1,1.0,1.0,0.6833333333333333,1.0,1.0,1.0,1.0,1.0,0.99999999999997,0.6448002693645066,0.9940818748120316,0.9933071490757153,0.3775406687981454
179,1,1.0,1.0,0.7166666666666667,1.0,1.0,1.0,1.0,1.0,0.99999999999997,0.6691660650579888,0.998890403927713,0.9933071490757153,0.3775406687981454
180,1,1.0,1.0,0.7333333333333333,1.0,1.0,1.0,1.0,0.9999869,0.99999999999997,0.6978207194611034,0.9747160573614366,0.9933071490757153,0.3775406687981454
181,1,1.0,1.0,0.8166666666666667,1.0,1.0,1.0,1.0,0.99999976,0.99999999999997,0.7877959969298332,0.9929735373418466,0.9933071490757153,0.3775406687981454
182,1,1.0,1.0,0.75,1.0,1.0,1.0,1.0,0.9999981,0.99999999999997,0.7144261656533165,0.7108218047522769,0.9933071490757153,0.3775406687981454
183,1,1.0,1.0,0.7,1.0,1.0,1.0,1.0,1.0,0.99999999999997,0.6564426085551546,0.9989623870422916,0.9933071490757153,0.3775406687981454
184,1,1.0,1.0,0.8,1.0,1.0,1.0,1.0,0.99999475,0.99999999999997,0.7608114925147397,0.9992269546581408,0.9933071490757153,0.3775406687981454
185,1,1.0,1.0,0.7,1.0,0.0,0.0,1.0,0.642584,0.99999999999997,0.6491269674985846,0.9998852817449227,0.9933071490757153,0.3775406687981454
186,1,1.0,1.0,0.6666666666666666,1.0,1.0,1.0,1.0,1.0,0.99999999999997,0.6660017720540864,0.971166159596237,0.9933071490757153,0.3775406687981454
187,1,1.0,1.0,0.7166666666666667,1.0,1.0,1.0,1.0,1.0,0.99999999999997,0.7047735573226525,0.9993338303467438,0.9933071490757153,0.3775406687981454
188,1,1.0,1.0,0.6666666666666666,1.0,1.0,1.0,1.0,0.9999993,0.99999999999997,0.6556458249314527,0.9968474743923036,0.9933071490757153,0.3775406687981454
189,1,1.0,1.0,0.6333333333333333,1.0,1.0,1.0,1.0,1.0,0.99999999999997,0.6091534829778412,0.9487468089478669,0.9933071490757153,0.3775406687981454
190,1,1.0,1.0,0.7666666666666667,1.0,1.0,1.0,1.0,1.0,0.99999999999997,0.726948059439044,0.9980476927783568,0.9933071490757153,0.3775406687981454
191,1,1.0,1.0,0.8166666666666667,1.0,1.0,1.0,1.0,0.9999976,0.99999999999997,0.7810888637902401,0.9997428013212655,0.9933071490757153,0.3775406687981454
192,1,1.0,1.0,0.7333333333333333,1.0,1.0,1.0,1.0,0.9999999,0.99999999999997,0.7106841195953755,0.9997413079897652,0.9933071490757153,0.3775406687981454
193,1,1.0,1.0,0.7166666666666667,1.0,1.0,1.0,1.0,0.9909061,0.99999999999997,0.6894409417615949,0.9989980071378569,0.9933071490757153,0.3775406687981454
194,1,1.0,1.0,0.8166666666666667,1.0,1.0,1.0,1.0,1.0,0.99999999999997,0.7559427616806179,0.9966008837952709,0.9933071490757153,0.3775406687981454
195,1,1.0,1.0,0.7333333333333333,1.0,1.0,1.0,1.0,0.9998857,0.99999999999997,0.6829088334001939,0.9692247077662743,0.9933071490757153,0.3775406687981454
196,1,1.0,1.0,0.7666666666666667,1.0,1.0,1.0,1.0,0.99999845,0.99999999999997,0.7211182009798132,0.5195717636233617,0.9933071490757153,0.3775406687981454
197,1,1.0,1.0,0.7,1.0,1.0,1.0,1.0,0.9993013,0.99999999999997,0.6727679259839141,0.9912138629047057,0.9933071490757153,0.3775406687981454
198,1,1.0,1.0,0.7166666666666667,1.0,1.0,1.0,1.0,1.0,0.99999999999997,0.6992342793821489,0.9985578647082707,0.9933071490757153,0.3775406687981454
199,1,1.0,1.0,0.75,1.0,1.0,1.0,1.0,1.0,0.99999999999997,0.7026181151496685,0.9984353243348273,0.9933071490757153,0.3775406687981454
200,1,1.0,1.0,0.75,1.0,1.0,1.0,1.0,1.0,0.99999999999997,0.7228824014191961,0.998599409514803,0.9933071490757153,0.3775406687981454
201,1,1.0,1.0,0.7,1.0,1.0,1.0,1.0,1.0,0.99999999999997,0.6541041468326961,0.9968664517822112,0.9933071490757153,0.3775406687981454
202,1,1.0,1.0,0.7333333333333333,1.0,1.0,1.0,1.0,1.0,0.99999999999997,0.703276558692744,0.9987920602955351,0.9933071490757153,0.3775406687981454
203,1,1.0,1.0,0.5833333333333334,1.0,1.0,1.0,1.0,1.0,0.99999999999997,0.586363826937066,0.9909717609961073,0.9933071490757153,0.3775406687981454
204,1,1.0,1.0,0.6666666666666666,1.0,1.0,1.0,1.0,0.94998187,0.99999999999997,0.6538826961628199,0.9776177002934631,0.9933071490757153,0.3775406687981454
205,1,1.0,1.0,0.7333333333333333,1.0,1.0,1.0,1.0,1.0,0.99999999999997,0.6986405437472599,0.9830470668189278,0.9933071490757153,0.3775406687981454
206,1,1.0,1.0,0.6833333333333333,1.0,1.0,1.0,1.0,1.0,0.99999999999997,0.6576331804871083,0.9297516384348616,0.9933071490757153,0.3775406687981454
207,1,1.0,1.0,0.8166666666666667,1.0,1.0,1.0,1.0,1.0,0.99999999999997,0.7540882562849955,0.5901043565318504,0.9933071490757153,0.3775406687981454
208,1,1.0,1.0,0.7666666666666667,1.0,1.0,1.0,1.0,1.0,0.99999999999997,0.7208673736359118,0.9553544289531872,0.9933071490757153,0.3775406687981454
209,1,1.0,1.0,0.75,1.0,1.0,1.0,1.0,1.0,0.99999999999997,0.702224394364641,0.9993075318279533,0.9933071490757153,0.3775406687981454
210,1,1.0,1.0,0.7166666666666667,1.0,1.0,1.0,1.0,1.0,0.99999999999997,0.6724809688816371,0.997173786055667,0.9933071490757153,0.3775406687981454
211,1,1.0,0.9833333333333333,0.6666666666666666,1.0,0.0,1.0,1.0,0.85659516,0.9702050742238527,0.6170470728048577,0.9817572460242391,0.9933071490757153,0.3775406687981454
212,0,1.0,1.0,0.75,1.0,1.0,1.0,1.0,7.163513e-10,0.01012239322049815,0.2189030134815648,0.9985609462823445,0.9933071490757153,0.3775406687981454
213,0,1.0,1.0,0.7166666666666667,1.0,1.0,1.0,1.0,0.0055280486,0.008738869448454097,0.23675012874860782,0.9982297915357343,0.9933071490757153,0.3775406687981454
214,0,1.0,1.0,0.65,1.0,1.0,1.0,1.0,8.560347e-11,0.004438530170472047,0.29051744790642764,0.9999322350094166,0.9933071490757153,0.3775406687981454
215,0,1.0,1.0,0.7,1.0,1.0,1.0,1.0,7.42085e-11,0.0034367747466990364,0.2517530310212716,0.9958929584115345,0.9933071490757153,0.3775406687981454
216,0,1.0,1.0,0.6666666666666666,1.0,1.0,1.0,1.0,1.0258411e-07,0.004640506372145632,0.2782833240445569,0.9970533000786896,0.9933071490757153,0.3775406687981454
217,0,1.0,1.0,0.7666666666666667,1.0,1.0,1.0,1.0,0.0009367843,0.004131868487056472,0.20453683246553797,0.9986765102495536,0.9933071490757153,0.3775406687981454
218,0,1.0,1.0,0.7,1.0,1.0,1.0,1.0,1.1276287e-08,0.004186803056137551,0.26198371130117776,0.9932938432728678,0.9933071490757153,0.3775406687981454
219,0,1.0,1.0,0.7,1.0,1.0,1.0,1.0,5.0837592e-05,0.0034353377625570506,0.25972920639910385,0.9984385426576589,0.9933071490757153,0.3775406687981454
220,0,1.0,1.0,0.7,1.0,1.0,1.0,1.0,3.569089e-11,0.003140206455573199,0.25989038755615035,0.9976438190080371,0.9933071490757153,0.3775406687981454
221,0,1.0,1.0,0.8333333333333334,1.0,1.0,1.0,1.0,1.8047841e-11,0.004281812237747338,0.15693969504543315,0.9970289773666676,0.9933071490757153,0.3775406687981454
222,0,1.0,1.0,0.7333333333333333,1.0,1.0,1.0,1.0,3.268695e-08,0.004151451103695881,0.22394100198538636,0.9522030438304865,0.9933071490757153,0.3775406687981454
223,0,1.0,1.0,0.7166666666666667,1.0,1.0,1.0,1.0,1.2416042e-05,0.005224381661209434,0.2388942541555095,0.9950772644993215,0.9933071490757153,0.3775406687981454
224,0,1.0,1.0,0.7166666666666667,1.0,1.0,1.0,1.0,1.2128203e-07,0.0034623452427358942,0.24101755142306736,0.9938498234649357,0.9933071490757153,0.3775406687981454
225,0,1.0,1.0,0.6333333333333333,1.0,1.0,1.0,1.0,6.601669e-13,0.004134013148240574,0.3037206600353956,0.8920083556219052,0.9933071490757153,0.3775406687981454
226,0,1.0,1.0,0.7,1.0,1.0,1.0,1.0,5.93047e-08,0.0034937967558541327,0.25898526106301323,0.9969522150498246,0.9933071490757153,0.3775406687981454
227,0,1.0,1.0,0.7833333333333333,1.0,1.0,1.0,1.0,1.34702715e-17,0.0032324985658929322,0.18732613631557066,0.9988362638804057,0.9933071490757153,0.3775406687981454
228,0,1.0,1.0,0.8666666666666667,1.0,1.0,1.0,1.0,8.972034e-12,0.004870810620969918,0.13162006494663306,0.9884362380431572,0.9933071490757153,0.3775406687981454
229,0,1.0,1.0,0.7,1.0,1.0,1.0,1.0,1.8834342e-11,0.006393493894712071,0.24983211156630217,0.9996635211255064,0.9933071490757153,0.3775406687981454
230,0,1.0,1.0,0.8333333333333334,1.0,1.0,1.0,1.0,1.0862976e-07,0.00715947418104162,0.1754929921643966,0.9935181734954961,0.9933071490757153,0.3775406687981454
231,0,1.0,1.0,0.6833333333333333,1.0,1.0,1.0,1.0,1.0851504e-11,0.004168284512989996,0.26947603314521285,0.9992147424472545,0.9933071490757153,0.3775406687981454
232,0,1.0,1.0,0.75,1.0,1.0,1.0,1.0,2.108006e-12,0.0034717002110932196,0.21963604424216335,0.9983889404453765,0.9933071490757153,0.3775406687981454
233,0,1.0,1.0,0.7833333333333333,1.0,1.0,1.0,1.0,1.0165376e-13,0.0040820019736919335,0.19574359353791093,0.9995516438075235,0.9933071490757153,0.3775406687981454
234,1,1.0,0.9833333333333333,0.6333333333333333,1.0,0.0,0.0,1.0,1.0,0.5184676310221852,0.4710265381482642,0.9171058313760776,0.9933071490757153,0.3775406687981454
235,1,1.0,1.0,0.6166666666666667,1.0,1.0,1.0,1.0,0.9999999,0.99999999999997,0.5924909458278009,0.9084862890809267,0.9933071490757153,0.3775406687981454
236,1,1.0,1.0,0.6666666666666666,1.0,1.0,1.0,1.0,1.0,0.99999999999997,0.6530025155189827,0.9994834206802832,0.9933071490757153,0.3775406687981454
237,1,1.0,1.0,0.8333333333333334,1.0,1.0,1.0,1.0,0.99991333,0.99999999999997,0.759713471656307,0.8393939255839389,0.9933071490757153,0.3775406687981454
238,1,1.0,1.0,0.6833333333333333,1.0,1.0,1.0,1.0,1.0,0.99999999999997,0.6610365890766988,0.9991079571042251,0.9933071490757153,0.3775406687981454
239,1,1.0,1.0,0.75,1.0,1.0,1.0,1.0,1.0,0.99999999999997,0.7019734252084798,0.9984813614304807,0.9933071490757153,0.3775406687981454
240,1,1.0,1.0,0.8,1.0,1.0,1.0,1.0,0.9999999,0.99999999999997,0.7628490196274341,0.9914744526171666,0.9933071490757153,0.3775406687981454
241,1,1.0,1.0,0.8666666666666667,1.0,1.0,1.0,1.0,0.9999602,0.99999999999997,0.7892367825381794,0.9960379116227772,0.9933071490757153,0.3775406687981454
242,1,1.0,1.0,0.7166666666666667,1.0,1.0,1.0,1.0,0.99999964,0.99999999999997,0.6552296674136513,0.9755829287641155,0.9933071490757153,0.3775406687981454
243,1,1.0,1.0,0.75,1.0,1.0,1.0,1.0,1.0,0.99999999999997,0.7191822111976247,0.9982457461874501,0.9933071490757153,0.3775406687981454
244,1,1.0,1.0,0.6333333333333333,1.0,1.0,1.0,1.0,1.0,0.99999999999997,0.6036913286130454,0.9345542719332387,0.9933071490757153,0.3775406687981454
245,1,1.0,1.0,0.7333333333333333,1.0,1.0,1.0,1.0,0.99999106,0.99999999999997,0.6706909716691906,0.9989421512251961,0.9933071490757153,0.3775406687981454
246,1,1.0,1.0,0.6,1.0,1.0,1.0,1.0,1.0,0.99999999999997,0.5863695314538749,0.5466134916662526,0.9933071490757153,0.3775406687981454
247,1,1.0,1.0,0.65,1.0,1.0,1.0,1.0,1.0,0.99999999999997,0.6361419815815041,0.9947851984725514,0.9933071490757153,0.3775406687981454
248,1,1.0,1.0,0.7333333333333333,1.0,1.0,1.0,1.0,1.0,0.99999999999997,0.7053498125655951,0.9618600256194876,0.9933071490757153,0.3775406687981454
249,1,1.0,1.0,0.7166666666666667,1.0,1.0,1.0,1.0,1.0,0.99999999999997,0.6847602936423965,0.9989937828018298,0.9933071490757153,0.3775406687981454
250,1,1.0,1.0,0.7,1.0,1.0,1.0,1.0,0.95389265,0.99999999999997,0.6917791279695819,0.9511334193575761,0.9933071490757153,0.3775406687981454
251,1,1.0,1.0,0.6666666666666666,1.0,1.0,1.0,1.0,1.0,0.99999999999997,0.6545378330246188,0.9944290580531371,0.9933071490757153,0.3775406687981454
252,1,1.0,1.0,0.7166666666666667,1.0,1.0,1.0,1.0,0.9999902,0.99999999999997,0.6826932345280599,0.9578681363204652,0.9933071490757153,0.3775406687981454
253,1,1.0,1.0,0.75,1.0,1.0,1.0,1.0,1.0,0.99999999999997,0.719662698264543,0.999194102436068,0.9933071490757153,0.3775406687981454
254,1,1.0,1.0,0.7833333333333333,1.0,1.0,1.0,1.0,1.0,0.99999999999997,0.7559151227118056,0.9997253622412869,0.9933071490757153,0.3775406687981454
255,1,1.0,1.0,0.6666666666666666,1.0,1.0,1.0,1.0,0.99454486,0.99999999999997,0.6496324194664964,0.9997480724521922,0.9933071490757153,0.3775406687981454
256,1,1.0,1.0,0.6833333333333333,1.0,1.0,1.0,1.0,1.0,0.99999999999997,0.644519827947029,0.9679310901720676,0.9933071490757153,0.3775406687981454
257,1,1.0,1.0,0.8166666666666667,1.0,1.0,1.0,1.0,1.0,0.99999999999997,0.7753019867252368,0.9953335183259194,0.9933071490757153,0.3775406687981454
258,1,1.0,1.0,0.65,1.0,1.0,1.0,1.0,0.9996414,0.99999999999997,0.6306018623667276,0.9920386398102135,0.9933071490757153,0.3775406687981454
259,1,1.0,1.0,0.8,1.0,1.0,1.0,1.0,0.9998722,0.99999999999997,0.7637357492094957,0.8600751005582272,0.9933071490757153,0.3775406687981454
260,1,1.0,1.0,0.65,1.0,1.0,1.0,1.0,1.0,0.99999999999997,0.6097000291022889,0.9994834206802832,0.9933071490757153,0.3775406687981454
261,1,1.0,1.0,0.7333333333333333,1.0,1.0,1.0,1.0,1.0,0.99999999999997,0.68851191203176,0.9297786559752929,0.9933071490757153,0.3775406687981454
262,1,1.0,1.0,0.75,1.0,1.0,1.0,1.0,1.0,0.99999999999997,0.7064043537884233,0.997978840729392,0.9933071490757153,0.3775406687981454
263,1,1.0,1.0,0.6833333333333333,1.0,1.0,1.0,1.0,1.0,0.99999999999997,0.6713688086479674,0.9257418455663027,0.9933071490757153,0.3775406687981454
264,1,1.0,1.0,0.6166666666666667,1.0,1.0,1.0,1.0,1.0,0.99999999999997,0.6102028445809798,0.7966613487241977,0.9933071490757153,0.3775406687981454
265,1,1.0,1.0,0.8,1.0,1.0,1.0,1.0,1.0,0.99999999999997,0.7711045104826977,0.9982457461874501,0.9933071490757153,0.3775406687981454
266,1,1.0,1.0,0.7666666666666667,1.0,1.0,1.0,1.0,1.0,0.99999999999997,0.7263101810709697,0.9993035162362859,0.9933071490757153,0.3775406687981454
267,1,1.0,1.0,0.7333333333333333,1.0,1.0,1.0,1.0,1.0,0.99999999999997,0.725757972237647,0.9985337371222517,0.9933071490757153,0.3775406687981454
268,1,1.0,1.0,0.75,1.0,1.0,1.0,1.0,0.99955505,0.99999999999997,0.7136217025244184,0.9942653234546648,0.9933071490757153,0.3775406687981454
269,1,1.0,1.0,0.7,1.0,1.0,1.0,1.0,1.0,0.99999999999997,0.6737826338895428,0.984560492979323,0.9933071490757153,0.3775406687981454
270,1,1.0,1.0,0.6333333333333333,1.0,1.0,1.0,1.0,0.9999969,0.99999999999997,0.6245377463787833,0.9978105983588726,0.9933071490757153,0.3775406687981454
271,1,1.0,1.0,0.7,1.0,1.0,1.0,1.0,1.0,0.99999999999997,0.6458371646913412,0.9846660731489878,0.9933071490757153,0.3775406687981454
272,1,1.0,1.0,0.7666666666666667,1.0,1.0,1.0,1.0,1.0,0.99999999999997,0.7467932786329213,0.9826271149828205,0.9933071490757153,0.3775406687981454
273,1,1.0,1.0,0.8166666666666667,1.0,1.0,1.0,1.0,1.0,0.99999999999997,0.7836746572762353,0.9906978050092029,0.9933071490757153,0.3775406687981454
274,1,1.0,1.0,0.8,1.0,1.0,1.0,1.0,1.0,0.99999999999997,0.7657978299272062,0.9458641055920962,0.9933071490757153,0.3775406687981454
275,1,1.0,1.0,0.7666666666666667,1.0,1.0,1.0,1.0,1.0,0.99999999999997,0.7276777303206701,0.9905723158815847,0.9933071490757153,0.3775406687981454
276,1,1.0,1.0,0.7666666666666667,1.0,1.0,1.0,1.0,1.0,0.99999999999997,0.7089623957243518,0.9969542583411319,0.9933071490757153,0.3775406687981454
277,1,1.0,1.0,0.6833333333333333,1.0,1.0,1.0,1.0,1.0,0.99999999999997,0.6650240118332588,0.9992979134407941,0.9933071490757153,0.3775406687981454
278,1,1.0,1.0,0.8,1.0,1.0,1.0,1.0,1.0,0.99999999999997,0.7513977091380478,0.9995567552873014,0.9933071490757153,0.3775406687981454
279,1,1.0,1.0,0.7333333333333333,1.0,1.0,1.0,1.0,1.0,0.99999999999997,0.7030155338073302,0.9981883038982182,0.9933071490757153,0.3775406687981454
280,1,1.0,1.0,0.7,1.0,1.0,1.0,1.0,0.99999106,0.99999999999997,0.6567342771903654,0.9989421512251961,0.9933071490757153,0.3775406687981454
281,1,1.0,1.0,0.6166666666666667,1.0,0.0,0.0,1.0,0.80314577,0.99999999999997,0.6194653697830036,0.999449674780253,0.9933071490757153,0.3775406687981454
282,1,1.0,1.0,0.6666666666666666,1.0,1.0,1.0,1.0,0.9999999,0.99999999999997,0.6332430138528247,0.966659758110352,0.9933071490757153,0.3775406687981454
283,1,1.0,1.0,0.7,1.0,1.0,1.0,1.0,1.0,0.99999999999997,0.662221410233023,0.9994110274828056,0.9933071490757153,0.3775406687981454
284,1,1.0,1.0,0.6,1.0,1.0,1.0,1.0,0.9999999,0.99999999999997,0.5857315600763184,0.852413884025049,0.9933071490757153,0.3775406687981454
285,1,1.0,1.0,0.75,1.0,1.0,1.0,1.0,1.0,0.99999999999997,0.7097820745878644,0.998599409514803,0.9933071490757153,0.3775406687981454
286,1,1.0,1.0,0.8166666666666667,1.0,1.0,1.0,1.0,0.99992836,0.99999999999997,0.7710646022582134,0.9898997206910567,0.9933071490757153,0.3775406687981454
287,1,1.0,1.0,0.7833333333333333,1.0,1.0,1.0,1.0,0.9999999,0.99999999999997,0.7199006821351372,0.9957479829237773,0.9933071490757153,0.3775406687981454
288,1,1.0,1.0,0.7166666666666667,1.0,0.0,1.0,1.0,0.9766892,0.8853930400572992,0.5959705876973941,0.6465686622001037,0.9933071490757153,0.3775406687981454
289,0,1.0,1.0,0.75,1.0,1.0,1.0,1.0,2.4379879e-05,0.05635046717924727,0.21339637319796698,0.863349830276401,0.9933071490757153,0.3775406687981454
290,0,1.0,1.0,0.6833333333333333,1.0,1.0,1.0,1.0,1.0258411e-07,0.005792125361260953,0.2569157925716435,0.9970533000786896,0.9933071490757153,0.3775406687981454
291,0,1.0,1.0,0.75,1.0,1.0,1.0,1.0,2.4301016e-06,0.004152441982402794,0.2268307847936743,0.9961463599465963,0.9933071490757153,0.3775406687981454
292,0,1.0,1.0,0.6833333333333333,1.0,1.0,1.0,1.0,1.3295123e-09,0.004042678416659232,0.2714797958650276,0.9985441466156771,0.9933071490757153,0.3775406687981454
293,0,1.0,1.0,0.7333333333333333,1.0,1.0,1.0,1.0,4.8821308e-17,0.003543267204232194,0.23054760029844937,0.9593399269717451,0.9933071490757153,0.3775406687981454
294,0,1.0,1.0,0.7333333333333333,1.0,1.0,1.0,1.0,1.1035179e-07,0.002745930581124383,0.2171100007433068,0.9969731339330915,0.9933071490757153,0.3775406687981454
295,0,1.0,1.0,0.65,1.0,1.0,1.0,1.0,2.8999166e-05,0.0051176345952254655,0.2889610692003857,0.9920490995502376,0.9933071490757153,0.3775406687981454
296,0,1.0,1.0,0.7166666666666667,1.0,1.0,1.0,1.0,7.380884e-08,0.003656258024881496,0.2372916771576338,0.9886473111650002,0.9933071490757153,0.3775406687981454
297,0,1.0,1.0,0.7833333333333333,1.0,1.0,1.0,1.0,4.8255037e-12,0.0037324099354689795,0.18387553596517905,0.9318476742126298,0.9933071490757153,0.3775406687981454
298,0,1.0,1.0,0.8166666666666667,1.0,1.0,1.0,1.0,1.0543424e-08,0.0040279455547294046,0.16876095278338996,0.9949934226251576,0.9933071490757153,0.3775406687981454
299,0,1.0,1.0,0.7,1.0,1.0,1.0,1.0,5.5378496e-05,0.004235005807270714,0.24623959200474357,0.9976376667735086,0.9933071490757153,0.3775406687981454
300,0,1.0,1.0,0.7833333333333333,1.0,1.0,1.0,1.0,3.0679123e-17,0.0057518426860280495,0.19422082482914013,0.9919398476932637,0.9933071490757153,0.3775406687981454
301,0,1.0,1.0,0.7666666666666667,1.0,1.0,1.0,1.0,4.0856668e-07,0.00400488896689492,0.2141909832488048,0.9928535386723693,0.9933071490757153,0.3775406687981454
302,0,1.0,1.0,0.7,1.0,1.0,1.0,1.0,0.00013813167,0.0052055670564482345,0.25117409205490426,0.9974326733342453,0.9933071490757153,0.3775406687981454
303,0,1.0,1.0,0.8,1.0,1.0,1.0,1.0,1.4307537e-05,0.003751360998733083,0.1771656195461981,0.9987111929265794,0.9933071490757153,0.3775406687981454
304,0,1.0,1.0,0.8,1.0,1.0,1.0,1.0,6.227813e-15,0.005274054267992626,0.1808619168163648,0.9133346829817629,0.9933071490757153,0.3775406687981454
305,0,1.0,1.0,0.7833333333333333,1.0,0.0,0.0,1.0,0.42593375,0.0037132053926543103,0.2003493484518871,0.9931210314821951,0.9933071490757153,0.3775406687981454
306,0,1.0,1.0,0.6666666666666666,1.0,1.0,1.0,1.0,8.909496e-13,0.003869392763624801,0.2716800789710246,0.981252978949953,0.9933071490757153,0.3775406687981454
307,0,1.0,1.0,0.8333333333333334,1.0,1.0,1.0,1.0,4.085231e-13,0.004168824610193259,0.16369725031844115,0.9999223932578034,0.9933071490757153,0.3775406687981454
308,0,1.0,1.0,0.7166666666666667,1.0,1.0,1.0,1.0,4.2328e-06,0.004504131495718633,0.24193581664600694,0.9984334133844369,0.9933071490757153,0.3775406687981454
309,0,1.0,1.0,0.7833333333333333,1.0,1.0,1.0,1.0,1.0513475e-13,0.004839961222295397,0.19784207590553665,0.9994640128271319,0.9933071490757153,0.3775406687981454
310,0,1.0,1.0,0.7833333333333333,1.0,1.0,1.0,1.0,5.383976e-09,0.0034349201166772115,0.18944915644943894,0.9993759658298081,0.9933071490757153,0.3775406687981454
311,0,1.0,1.0,0.6833333333333333,1.0,1.0,1.0,1.0,1.9670467e-06,0.0041993089972611215,0.26328251620733795,0.9759356123180939,0.9933071490757153,0.3775406687981454
312,0,1.0,1.0,0.75,1.0,1.0,1.0,1.0,9.888502e-06,0.0036423059741284907,0.22652574659323552,0.9973507258790368,0.9933071490757153,0.3775406687981454
313,0,1.0,1.0,0.7333333333333333,1.0,1.0,1.0,1.0,3.831189e-05,0.004863812612345265,0.23230343856542884,0.9990041158210491,0.9933071490757153,0.3775406687981454
314,0,1.0,1.0,0.7833333333333333,1.0,1.0,1.0,1.0,3.068946e-11,0.003795680347626394,0.19343122719647945,0.9967164665155642,0.9933071490757153,0.3775406687981454
315,0,1.0,1.0,0.6333333333333333,1.0,1.0,1.0,1.0,1.4317875e-10,0.004067183940251135,0.292709860473883,0.9971805814612413,0.9933071490757153,0.3775406687981454
316,0,1.0,1.0,0.8166666666666667,1.0,1.0,1.0,1.0,3.1965326e-09,0.004375251322940521,0.1660791771337648,0.9973941917935559,0.9933071490757153,0.3775406687981454
317,0,1.0,1.0,0.7166666666666667,1.0,1.0,1.0,1.0,0.01272344,0.003322980871105003,0.24671181088357166,0.9967243756540695,0.9933071490757153,0.3775406687981454
318,0,1.0,1.0,0.8166666666666667,1.0,0.0,1.0,1.0,0.0001164528,0.2524686856021788,0.3441300750298506,0.9948489871503855,0.9933071490757153,0.3775406687981454
319,1,1.0,1.0,0.7833333333333333,1.0,1.0,1.0,1.0,0.923362,0.9999999995643237,0.7290627493162557,0.9826494727234164,0.9933071490757153,0.3775406687981454
320,1,1.0,1.0,0.6833333333333333,1.0,1.0,1.0,1.0,0.99999917,0.9999999998844589,0.6523895906093947,0.9102417861427361,0.9933071490757153,0.3775406687981454
321,1,0.0,1.0,0.7666666666666667,1.0,0.0,0.0,1.0,0.2371935,0.9999999996756621,0.6929203718070229,0.7946938322306907,0.9933071490757153,0.3775406687981454
322,1,1.0,1.0,0.7833333333333333,1.0,1.0,1.0,1.0,1.0,0.9999999999910619,0.7440058935755868,0.9982457461874501,0.9933071490757153,0.3775406687981454
323,1,1.0,1.0,0.8166666666666667,1.0,1.0,1.0,1.0,0.9999999,0.9999999999877017,0.7560037553957367,0.9826766124646865,0.9933071490757153,0.3775406687981454
324,1,1.0,1.0,0.6333333333333333,1.0,1.0,1.0,1.0,1.0,0.9999999996782897,0.5941057820276734,0.9992963958303197,0.9933071490757153,0.3775406687981454
325,1,1.0,1.0,0.6333333333333333,1.0,1.0,1.0,1.0,1.0,0.9999999999923307,0.5928726845281787,0.872706173862437,0.9933071490757153,0.3775406687981454
326,1,1.0,1.0,0.7166666666666667,1.0,1.0,1.0,1.0,1.0,0.9999999999544191,0.6595788264039214,0.9975318705174454,0.9933071490757153,0.3775406687981454
327,0,1.0,1.0,0.7666666666666667,1.0,0.0,0.0,1.0,6.289429e-09,0.46942495127755807,0.40939666590423207,0.9792063134488156,0.9933071490757153,0.3775406687981454
328,1,1.0,1.0,0.7166666666666667,1.0,1.0,1.0,1.0,1.0,0.9171761929733981,0.6155698799702324,0.9905723158815847,0.9933071490757153,0.3775406687981454
329,1,1.0,1.0,0.7166666666666667,1.0,1.0,1.0,1.0,1.0,0.99999999999997,0.6386007553444167,0.9954269587635926,0.9933071490757153,0.3775406687981454
330,1,1.0,1.0,0.7333333333333333,1.0,1.0,1.0,1.0,0.9999349,0.99999999999997,0.6445371451378065,0.9934926994305548,0.9933071490757153,0.3775406687981454
331,1,1.0,1.0,0.7833333333333333,1.0,1.0,1.0,1.0,1.0,0.99999999999997,0.7023993247091741,0.9216035218540595,0.9933071490757153,0.3775406687981454
332,1,1.0,1.0,0.7,1.0,1.0,1.0,1.0,1.0,0.99999999999997,0.6422721618914621,0.9840058403226386,0.9933071490757153,0.3775406687981454
333,1,1.0,1.0,0.7333333333333333,1.0,1.0,1.0,1.0,1.0,0.99999999999997,0.6692039307821852,0.9989735944255377,0.9933071490757153,0.3775406687981454
334,1,1.0,1.0,0.7666666666666667,1.0,1.0,1.0,1.0,0.9999999,0.99999999999997,0.6922928509780594,0.7471575579130543,0.9933071490757153,0.3775406687981454
335,1,1.0,1.0,0.8333333333333334,1.0,1.0,1.0,1.0,0.9999869,0.99999999999997,0.7080918325661585,0.9747160573614366,0.9933071490757153,0.3775406687981454
336,1,1.0,1.0,0.7166666666666667,1.0,1.0,1.0,1.0,0.9999727,0.99999999999997,0.6287111832789434,0.990371339829106,0.9933071490757153,0.3775406687981454
337,1,1.0,1.0,0.65,1.0,1.0,1.0,1.0,0.9999349,0.99999999999997,0.6241881875782144,0.9934926994305548,0.9933071490757153,0.3775406687981454
338,1,1.0,1.0,0.75,1.0,1.0,1.0,1.0,0.9993352,0.99999999999997,0.6762477067761974,0.9748739174979452,0.9933071490757153,0.3775406687981454
339,1,1.0,1.0,0.6,1.0,1.0,1.0,1.0,0.9999988,0.99999999999997,0.5595364509790494,0.9541924479326098,0.9933071490757153,0.3775406687981454
340,1,1.0,1.0,0.7666666666666667,1.0,1.0,1.0,1.0,0.9997571,0.99999999999997,0.6902769276531459,0.9276566667466671,0.9933071490757153,0.3775406687981454
341,1,1.0,1.0,0.6666666666666666,1.0,1.0,1.0,1.0,0.99999976,0.99999999999997,0.5892008314972492,0.9998133235196397,0.9933071490757153,0.3775406687981454
342,1,1.0,1.0,0.6833333333333333,1.0,1.0,1.0,1.0,1.0,0.99999999999997,0.622511983612173,0.981556432567986,0.9933071490757153,0.3775406687981454
343,1,1.0,1.0,0.7833333333333333,1.0,1.0,1.0,1.0,1.0,0.99999999999997,0.6907082772575546,0.9288603225091662,0.9933071490757153,0.3775406687981454
344,1,1.0,1.0,0.7666666666666667,1.0,1.0,1.0,1.0,0.999998,0.99999999999997,0.6601351249581436,0.9827241642341763,0.9933071490757153,0.3775406687981454
345,0,1.0,0.9833333333333333,0.6833333333333333,1.0,1.0,1.0,1.0,0.0010618677,0.1677089472380942,0.2657016326974871,0.9969770061105049,0.9933071490757153,0.3775406687981454
346,0,1.0,1.0,0.6833333333333333,1.0,1.0,1.0,1.0,3.855725e-09,0.006614859994639536,0.26806514221808425,0.9903104314858254,0.9933071490757153,0.3775406687981454
347,0,1.0,1.0,0.8,1.0,1.0,1.0,1.0,4.9658223e-07,0.0037186080633348838,0.16892407513741103,0.9977733990204705,0.9933071490757153,0.3775406687981454
348,0,1.0,1.0,0.8,1.0,1.0,1.0,1.0,2.0944259e-10,0.004438792528902122,0.19002336445055382,0.8332067976139917,0.9933071490757153,0.3775406687981454
349,0,1.0,1.0,0.7333333333333333,1.0,1.0,1.0,1.0,3.3853186e-07,0.004021271364082304,0.23067141554562362,0.9966218172355377,0.9933071490757153,0.3775406687981454
350,0,1.0,1.0,0.7166666666666667,1.0,1.0,1.0,1.0,2.3548158e-07,0.004682020475913696,0.2533236161204993,0.9978165990734699,0.9933071490757153,0.3775406687981454
351,0,1.0,1.0,0.8333333333333334,1.0,1.0,1.0,1.0,3.196685e-09,0.005974117700205709,0.15817748449312358,0.9270813694195108,0.9933071490757153,0.3775406687981454
352,0,1.0,1.0,0.65,1.0,1.0,1.0,1.0,1.1097868e-15,0.005128804666587644,0.28615973543245465,0.9996586649502539,0.9933071490757153,0.3775406687981454
353,0,1.0,1.0,0.7833333333333333,1.0,1.0,1.0,1.0,1.4687729e-09,0.0038328060710842438,0.19641357429267525,0.9969881377123424,0.9933071490757153,0.3775406687981454
354,0,1.0,1.0,0.7833333333333333,1.0,1.0,1.0,1.0,3.085406e-13,0.004363234908436116,0.19372303564407026,0.9989911372246688,0.9933071490757153,0.3775406687981454
355,0,1.0,1.0,0.7166666666666667,1.0,1.0,1.0,1.0,3.5195757e-12,0.0036098051003719245,0.24414659285224852,0.9975957472701144,0.9933071490757153,0.3775406687981454
356,0,1.0,1.0,0.7833333333333333,1.0,1.0,1.0,1.0,3.138573e-07,0.004213722030162988,0.17960541198669241,0.9937130408880853,0.9933071490757153,0.3775406687981454
357,0,1.0,1.0,0.7333333333333333,1.0,1.0,1.0,1.0,2.9151191e-05,0.004301045146639143,0.22688013215598007,0.9990708838449314,0.9933071490757153,0.3775406687981454
358,0,1.0,1.0,0.6833333333333333,1.0,1.0,1.0,1.0,0.00033703377,0.003922328177003096,0.2641814617761249,0.9905013243873065,0.9933071490757153,0.3775406687981454
359,0,1.0,1.0,0.7666666666666667,1.0,1.0,1.0,1.0,4.0963247e-10,0.004300380213607544,0.20145911358342208,0.8684726600743855,0.9933071490757153,0.3775406687981454
360,0,1.0,1.0,0.85,1.0,1.0,1.0,1.0,0.24527542,0.004722948398377555,0.1549035191396354,0.9979863748500524,0.9933071490757153,0.3775406687981454
361,0,1.0,1.0,0.7166666666666667,1.0,1.0,1.0,1.0,0.09122608,0.006931565877624258,0.23347437539483976,0.9924404130970857,0.9933071490757153,0.3775406687981454
362,0,1.0,1.0,0.7333333333333333,1.0,1.0,1.0,1.0,0.00047547824,0.004975978222040306,0.21928467789057188,0.9977339102976552,0.9933071490757153,0.3775406687981454
363,0,1.0,1.0,0.7833333333333333,1.0,1.0,1.0,1.0,2.3204262e-08,0.004166795703081618,0.19735517037873812,0.9978039400938223,0.9933071490757153,0.3775406687981454
364,0,1.0,1.0,0.6333333333333333,1.0,1.0,1.0,1.0,4.6237356e-10,0.0032130037541074183,0.2883418840485482,0.9935331540937254,0.9933071490757153,0.3775406687981454
365,0,1.0,1.0,0.6166666666666667,1.0,1.0,1.0,1.0,0.00011751432,0.005374900085277939,0.3118080093798422,0.998012803103385,0.9933071490757153,0.3775406687981454
366,0,1.0,1.0,0.6833333333333333,1.0,1.0,1.0,1.0,0.001928028,0.0038855936597025475,0.2657751504046621,0.9975986946513583,0.9933071490757153,0.3775406687981454
367,0,1.0,1.0,0.6666666666666666,1.0,1.0,1.0,1.0,0.032937296,0.005888622335426825,0.2703441515627614,0.9998526839536236,0.9933071490757153,0.3775406687981454
368,0,1.0,1.0,0.7166666666666667,1.0,1.0,1.0,1.0,8.8561434e-13,0.003935841231315249,0.24015710904609197,0.9999781112706614,0.9933071490757153,0.3775406687981454
369,0,1.0,1.0,0.8166666666666667,1.0,1.0,1.0,1.0,1.9807396e-14,0.004252677917348731,0.15763400102953423,0.9994087147492192,0.9933071490757153,0.3775406687981454
370,0,1.0,1.0,0.7,1.0,1.0,1.0,1.0,0.096913636,0.005230872218473017,0.24081394121522529,0.989894714351425,0.9933071490757153,0.3775406687981454
371,0,1.0,1.0,0.7,1.0,1.0,1.0,1.0,1.2570186e-07,0.003494363310091686,0.24594184886394743,0.9996466658028242,0.9933071490757153,0.3775406687981454
372,0,1.0,1.0,0.8666666666666667,1.0,1.0,1.0,1.0,5.525025e-11,0.003731928035191222,0.14452090687602176,0.9989143395729794,0.9933071490757153,0.3775406687981454
373,0,1.0,1.0,0.6666666666666666,1.0,1.0,1.0,1.0,9.944789e-11,0.00524410850397553,0.29036462913565536,0.9992058975510171,0.9933071490757153,0.3775406687981454
374,0,1.0,1.0,0.65,1.0,1.0,1.0,1.0,7.284352e-09,0.005381253203584638,0.2794701859010035,0.9987508395018768,0.9933071490757153,0.3775406687981454
375,0,1.0,1.0,0.7333333333333333,1.0,1.0,1.0,1.0,4.6428923e-11,0.0033351354564390766,0.23612923579031886,0.9991303797955724,0.9933071490757153,0.3775406687981454
376,0,1.0,1.0,0.7333333333333333,1.0,0.0,0.0,1.0,0.37659,0.003915122909276339,0.22274803686657005,0.9988807379930776,0.9933071490757153,0.3775406687981454
377,0,1.0,1.0,0.7333333333333333,1.0,1.0,1.0,1.0,2.901998e-22,0.003961968853558667,0.23447309325542068,0.9999812808719262,0.9933071490757153,0.3775406687981454
378,0,1.0,1.0,0.7333333333333333,1.0,1.0,1.0,1.0,5.4661296e-14,0.003106025508279054,0.22299924427963488,0.9988443618380373,0.9933071490757153,0.3775406687981454
379,0,1.0,1.0,0.7833333333333333,1.0,1.0,1.0,1.0,4.3558226e-05,0.005819812141712138,0.1970890643842587,0.9982774650137634,0.9933071490757153,0.3775406687981454
380,1,1.0,1.0,0.7,1.0,0.0,0.0,1.0,0.99999964,0.6522518204948298,0.5082701810499821,0.9496261891118785,0.9933071490757153,0.3775406687981454
381,1,1.0,1.0,0.7333333333333333,1.0,1.0,1.0,1.0,1.0,0.9999999998643753,0.7161771070484603,0.9989839903766677,0.9933071490757153,0.3775406687981454
382,1,1.0,1.0,0.6833333333333333,1.0,1.0,1.0,1.0,1.0,0.9999999999987571,0.6791279258725729,0.9967337359341227,0.9933071490757153,0.3775406687981454
383,1,1.0,1.0,0.7166666666666667,1.0,1.0,1.0,1.0,0.9999993,0.9999999999999193,0.7183335520387557,0.9968474743923036,0.9933071490757153,0.3775406687981454
384,1,1.0,1.0,0.8,1.0,1.0,1.0,1.0,0.99992156,0.9999999999998113,0.7676326788965889,0.9991567569816014,0.9933071490757153,0.3775406687981454
385,1,1.0,1.0,0.7166666666666667,1.0,1.0,1.0,1.0,1.0,0.99999999999997,0.7086124184914416,0.988057215910219,0.9933071490757153,0.3775406687981454
386,1,1.0,1.0,0.6333333333333333,1.0,1.0,1.0,1.0,1.0,0.9999999999999699,0.6304044969474193,0.7783637834582099,0.9933071490757153,0.3775406687981454
387,1,1.0,1.0,0.8,1.0,1.0,1.0,1.0,1.0,0.99999999999997,0.7952498814069904,0.9442088087453052,0.9933071490757153,0.3775406687981454
388,1,1.0,1.0,0.75,1.0,1.0,1.0,1.0,1.0,0.999999999999964,0.7427559391569266,0.5845262444692684,0.9933071490757153,0.3775406687981454
389,1,1.0,1.0,0.6166666666666667,1.0,1.0,1.0,1.0,1.0,0.999999999999925,0.6280376812607874,0.9849401474637541,0.9933071490757153,0.3775406687981454
390,1,1.0,1.0,0.7333333333333333,1.0,1.0,1.0,1.0,0.9999999,0.9999999999998386,0.7313585512413857,0.99809579642152,0.9933071490757153,0.3775406687981454
391,1,1.0,1.0,0.7833333333333333,1.0,1.0,1.0,1.0,1.0,0.9999999999989567,0.7509143208208371,0.9830470668189278,0.9933071490757153,0.3775406687981454
392,1,1.0,1.0,0.7166666666666667,1.0,1.0,1.0,1.0,1.0,0.999999999999527,0.7158537478084905,0.9954328690064986,0.9933071490757153,0.3775406687981454
393,1,1.0,1.0,0.7,1.0,1.0,1.0,1.0,1.0,0.9999999999999666,0.6986703595955407,0.884208301577366,0.9933071490757153,0.3775406687981454
394,1,1.0,1.0,0.6666666666666666,1.0,1.0,1.0,1.0,1.0,0.99999999999997,0.6670981038255643,0.995705972815073,0.9933071490757153,0.3775406687981454
395,1,1.0,1.0,0.8,1.0,1.0,1.0,1.0,1.0,0.99999999999997,0.7739097286210377,0.9964337157632774,0.9933071490757153,0.3775406687981454
396,1,1.0,1.0,0.8,1.0,1.0,1.0,1.0,1.0,0.99999999999997,0.7925525609883461,0.9652220106261205,0.9933071490757153,0.3775406687981454
397,1,1.0,1.0,0.6666666666666666,1.0,1.0,1.0,1.0,1.0,0.99999999999997,0.652498356856878,0.8529754877758552,0.9933071490757153,0.3775406687981454
398,1,1.0,1.0,0.7166666666666667,1.0,1.0,1.0,1.0,1.0,0.99999999999997,0.722701678178531,0.9974721539597273,0.9933071490757153,0.3775406687981454
399,1,1.0,1.0,0.65,1.0,1.0,1.0,1.0,0.9999999,0.99999999999997,0.6393091370833542,0.9579709488562166,0.9933071490757153,0.3775406687981454
400,1,1.0,1.0,0.7833333333333333,1.0,1.0,1.0,1.0,1.0,0.99999999999997,0.7715344411211741,0.9298605208520094,0.9933071490757153,0.3775406687981454
401,1,1.0,1.0,0.6833333333333333,1.0,1.0,1.0,1.0,0.99924254,0.99999999999997,0.6877323219460608,0.9985192374703561,0.9933071490757153,0.3775406687981454
402,1,1.0,1.0,0.6666666666666666,1.0,1.0,1.0,1.0,1.0,0.99999999999997,0.6586659111331267,0.9941707942346706,0.9933071490757153,0.3775406687981454
403,1,1.0,1.0,0.7,1.0,1.0,1.0,1.0,1.0,0.99999999999997,0.7033023863546827,0.9345542719332387,0.9933071490757153,0.3775406687981454
404,1,1.0,1.0,0.7333333333333333,1.0,1.0,1.0,1.0,1.0,0.99999999999997,0.7193742558595402,0.943181879648438,0.9933071490757153,0.3775406687981454
405,1,1.0,1.0,0.75,1.0,1.0,1.0,1.0,1.0,0.9300381066877305,0.6632485332619876,0.9944290580531371,0.9933071490757153,0.3775406687981454
406,1,1.0,1.0,0.7333333333333333,1.0,1.0,1.0,1.0,0.9999428,0.99999999999997,0.7432360611414403,0.9635043086147345,0.9933071490757153,0.3775406687981454
407,1,1.0,1.0,0.7666666666666667,1.0,1.0,1.0,1.0,0.9999999,0.99999999999997,0.7676687912306526,0.9989009328289613,0.9933071490757153,0.3775406687981454
408,1,1.0,1.0,0.6833333333333333,1.0,1.0,1.0,1.0,0.99999964,0.99999999999997,0.700304887655938,0.5532423975531677,0.9933071490757153,0.3775406687981454
409,1,1.0,1.0,0.7666666666666667,1.0,1.0,1.0,1.0,1.0,0.99999999999997,0.7564933998005368,0.9961883674697057,0.9933071490757153,0.3775406687981454
410,1,1.0,1.0,0.7333333333333333,1.0,1.0,1.0,1.0,1.0,0.99999999999997,0.7432148179366117,0.9503783446684738,0.9933071490757153,0.3775406687981454
411,1,1.0,1.0,0.8166666666666667,1.0,1.0,1.0,1.0,1.0,0.99999999999997,0.8074896104572341,0.9558620081271904,0.9933071490757153,0.3775406687981454
412,1,1.0,1.0,0.8333333333333334,1.0,1.0,1.0,1.0,1.0,0.99999999999997,0.8301685024807264,0.9074013470719665,0.9933071490757153,0.3775406687981454
413,0,1.0,0.9833333333333333,0.7833333333333333,1.0,0.0,1.0,1.0,2.5509136e-10,0.2248695681419546,0.3015326850806296,0.9910057766762222,0.9933071490757153,0.3775406687981454
414,0,1.0,1.0,0.7333333333333333,1.0,1.0,1.0,1.0,5.9656127e-13,0.004654069024194096,0.23032720829039705,0.9437431533043366,0.9933071490757153,0.3775406687981454
415,0,1.0,1.0,0.7,1.0,1.0,1.0,1.0,2.5177649e-06,0.004193993295743389,0.2514098117219803,0.9985912499119581,0.9933071490757153,0.3775406687981454
416,0,1.0,1.0,0.7166666666666667,1.0,1.0,1.0,1.0,3.2335362e-15,0.004687469747937245,0.2282664945369176,0.7195825432031142,0.9933071490757153,0.3775406687981454
417,0,1.0,1.0,0.75,1.0,1.0,1.0,1.0,1.4360986e-09,0.003783829761083214,0.21368870546107688,0.9422837578708942,0.9933071490757153,0.3775406687981454
418,0,0.0,1.0,0.6666666666666666,1.0,0.0,0.0,1.0,0.55502546,0.004723809838306164,0.26711222694125386,0.9946368571132507,0.9933071490757153,0.3775406687981454
419,0,1.0,1.0,0.75,1.0,1.0,1.0,1.0,3.6301152e-08,0.005158219558982902,0.2153486194861926,0.9424302595483413,0.9933071490757153,0.3775406687981454
420,0,1.0,1.0,0.7833333333333333,1.0,1.0,1.0,1.0,0.00020804726,0.003426304706647903,0.18952937338889927,0.998210308010379,0.9933071490757153,0.3775406687981454
421,0,1.0,1.0,0.7666666666666667,1.0,1.0,1.0,1.0,2.0425522e-13,0.003686711174101814,0.21783088911932086,0.9997014326406021,0.9933071490757153,0.3775406687981454
422,0,1.0,1.0,0.7,1.0,1.0,1.0,1.0,3.0698664e-06,0.003956955714224504,0.2565638949166159,0.997937206137918,0.9933071490757153,0.3775406687981454
423,0,1.0,1.0,0.7166666666666667,1.0,1.0,1.0,1.0,5.485361e-09,0.0028064051332670117,0.22487480706010401,0.9993503165052193,0.9933071490757153,0.3775406687981454
424,0,1.0,1.0,0.8,1.0,1.0,1.0,1.0,8.3994045e-18,0.0037537675406766912,0.1789526290046784,0.9999719654257632,0.9933071490757153,0.3775406687981454
425,0,1.0,1.0,0.75,1.0,1.0,1.0,1.0,1.9635571e-10,0.004371603836178396,0.22252219261718112,0.9703263100300736,0.9933071490757153,0.3775406687981454
426,0,1.0,1.0,0.6666666666666666,1.0,1.0,1.0,1.0,2.2862873e-11,0.0047561721400967176,0.27542600329420946,0.9981243980711986,0.9933071490757153,0.3775406687981454
427,0,1.0,1.0,0.75,1.0,1.0,1.0,1.0,1.0409393e-14,0.0028946928922842,0.212510535774102,0.9991572321546921,0.9933071490757153,0.3775406687981454
428,0,1.0,1.0,0.65,1.0,1.0,1.0,1.0,5.922049e-08,0.003763547781914307,0.2804935406997658,0.9973889178735765,0.9933071490757153,0.3775406687981454
429,0,1.0,1.0,0.7333333333333333,1.0,1.0,1.0,1.0,1.06342976e-10,0.003442767045974254,0.23231233081182784,0.9944616136471149,0.9933071490757153,0.3775406687981454
430,0,1.0,1.0,0.7166666666666667,1.0,1.0,1.0,1.0,2.6561738e-06,0.0038111528514554274,0.24140199481854038,0.9902182741672196,0.9933071490757153,0.3775406687981454
431,0,1.0,1.0,0.75,1.0,1.0,1.0,1.0,2.5229213e-14,0.004174319042361948,0.2182298666493069,0.9002653880630448,0.9933071490757153,0.3775406687981454
432,0,1.0,1.0,0.65,1.0,1.0,1.0,1.0,8.4948235e-09,0.004254335227855887,0.2773049912029355,0.9987934981940624,0.9933071490757153,0.3775406687981454
433,0,1.0,1.0,0.8166666666666667,1.0,1.0,1.0,1.0,0.00046293685,0.004819718155356489,0.17181350748257293,0.9993599696440956,0.9933071490757153,0.3775406687981454
434,0,1.0,1.0,0.6666666666666666,1.0,1.0,1.0,1.0,0.00021716973,0.004286304539003378,0.27744134296660045,0.998998045625662,0.9933071490757153,0.3775406687981454
435,0,1.0,1.0,0.7833333333333333,1.0,1.0,1.0,1.0,0.033517797,0.003907424710294624,0.1957179897478284,0.995642209375246,0.9933071490757153,0.3775406687981454
436,0,1.0,1.0,0.6833333333333333,1.0,1.0,1.0,1.0,1.4350312e-12,0.00470817929962053,0.2599273301426135,0.9995000491186564,0.9933071490757153,0.3775406687981454
437,0,1.0,1.0,0.6833333333333333,1.0,1.0,1.0,1.0,4.7526902e-07,0.0029744284185233166,0.25343873139474626,0.9984527624379841,0.9933071490757153,0.3775406687981454
438,0,1.0,1.0,0.6666666666666666,1.0,1.0,1.0,1.0,6.227813e-15,0.0038814156720899597,0.2745446977529527,0.9133346829817629,0.9933071490757153,0.3775406687981454
439,0,1.0,1.0,0.7166666666666667,1.0,1.0,1.0,1.0,1.7823998e-08,0.004150951320470941,0.2291811467003033,0.999758336924347,0.9933071490757153,0.3775406687981454
440,0,1.0,1.0,0.7166666666666667,1.0,1.0,1.0,1.0,1.075086e-12,0.003643656773503417,0.23763388585314757,0.9993666082816527,0.9933071490757153,0.3775406687981454
441,0,1.0,1.0,0.7666666666666667,1.0,1.0,1.0,1.0,0.24716257,0.003411404039514363,0.21183777392864567,0.9928439216578921,0.9933071490757153,0.3775406687981454
442,0,1.0,1.0,0.7833333333333333,1.0,1.0,1.0,1.0,1.1908706e-11,0.004882833601004344,0.19053643749579086,0.9474408112036444,0.9933071490757153,0.3775406687981454
443,0,1.0,1.0,0.7333333333333333,1.0,1.0,1.0,1.0,2.0692324e-13,0.005269879176418715,0.24163922044283767,0.9921022026441253,0.9933071490757153,0.3775406687981454
444,0,1.0,1.0,0.7333333333333333,1.0,1.0,1.0,1.0,3.268695e-08,0.005161402729197341,0.21684471964251628,0.9522030438304865,0.9933071490757153,0.3775406687981454
445,0,1.0,1.0,0.7333333333333333,1.0,1.0,1.0,1.0,1.5621916e-05,0.00451947162937614,0.2220832444546907,0.9983332442881409,0.9933071490757153,0.3775406687981454
446,0,1.0,1.0,0.7666666666666667,1.0,1.0,1.0,1.0,0.06558391,0.0037256602035709106,0.19311545751040782,0.990073533540212,0.9933071490757153,0.3775406687981454
447,0,1.0,1.0,0.7333333333333333,1.0,1.0,1.0,1.0,2.475194e-11,0.004779315942881644,0.23431610620963353,0.996254267068034,0.9933071490757153,0.3775406687981454
448,0,1.0,1.0,0.65,1.0,1.0,1.0,1.0,3.6301152e-08,0.003404391727639212,0.2975923733591638,0.9424302595483413,0.9933071490757153,0.3775406687981454
449,0,1.0,1.0,0.8166666666666667,1.0,1.0,1.0,1.0,4.7615655e-13,0.004062486541992251,0.17506682840266707,0.9494406645269254,0.9933071490757153,0.3775406687981454
450,0,1.0,1.0,0.8,1.0,1.0,1.0,1.0,2.7918673e-05,0.004024003238080903,0.1770154199145642,0.9573858508439491,0.9933071490757153,0.3775406687981454
451,0,1.0,1.0,0.6833333333333333,1.0,1.0,1.0,1.0,1.5235688e-10,0.00435195522580108,0.26783791130559925,0.999908341946712,0.9933071490757153,0.3775406687981454
452,0,1.0,1.0,0.8166666666666667,1.0,1.0,1.0,1.0,7.483814e-12,0.0036291235932938547,0.16331443685255487,0.9999886459307127,0.9933071490757153,0.3775406687981454
453,0,1.0,1.0,0.65,1.0,1.0,1.0,1.0,6.0328983e-07,0.003633117165831771,0.29404607012788214,0.9919468359896784,0.9933071490757153,0.3775406687981454
454,0,1.0,1.0,0.5833333333333334,1.0,1.0,1.0,1.0,1.8890495e-08,0.0037018246644794483,0.3435651378471478,0.9882221301204265,0.9933071490757153,0.3775406687981454
455,0,1.0,1.0,0.6833333333333333,1.0,1.0,1.0,1.0,1.04138466e-13,0.00700089375798855,0.2577011096579183,0.9998615472282074,0.9933071490757153,0.3775406687981454
456,0,1.0,1.0,0.75,1.0,1.0,1.0,1.0,6.207127e-09,0.0038197628184637048,0.21281764686205656,0.9983979043863443,0.9933071490757153,0.3775406687981454
457,0,1.0,1.0,0.7166666666666667,1.0,1.0,1.0,1.0,6.289164e-13,0.0033101574930948846,0.23433800824005244,0.9965475791931406,0.9933071490757153,0.3775406687981454
458,0,1.0,1.0,0.6833333333333333,1.0,1.0,1.0,1.0,0.0001164528,0.005085914898509573,0.26070439179957744,0.9948489871503855,0.9933071490757153,0.3775406687981454
459,0,1.0,1.0,0.7333333333333333,1.0,1.0,1.0,1.0,8.343044e-10,0.003941121815711903,0.21623687078400067,0.999167235714994,0.9933071490757153,0.3775406687981454
460,0,1.0,1.0,0.6833333333333333,1.0,1.0,1.0,1.0,2.8358274e-11,0.005591146409830069,0.26346762869644597,0.9937636155053198,0.9933071490757153,0.3775406687981454
461,0,1.0,1.0,0.6833333333333333,1.0,1.0,1.0,1.0,5.380775e-12,0.003871972026610676,0.26652594843114746,0.9677303015945528,0.9933071490757153,0.3775406687981454
462,0,1.0,1.0,0.7,1.0,1.0,1.0,1.0,1.8939956e-12,0.00483751147085972,0.26164803888784094,0.951673602275095,0.9933071490757153,0.3775406687981454
463,0,1.0,1.0,0.7833333333333333,1.0,1.0,1.0,1.0,2.7712568e-14,0.004643389358047924,0.18427679284991608,0.9988162952629879,0.9933071490757153,0.3775406687981454
464,1,1.0,1.0,0.7666666666666667,1.0,0.0,0.0,1.0,0.9981353,0.6436577728164645,0.5752592871623554,0.9805517176845443,0.9933071490757153,0.3775406687981454
465,0,1.0,0.9833333333333333,0.6833333333333333,1.0,0.0,0.0,1.0,1.2769852e-05,0.47341963650895325,0.4533668485756535,0.991126415221072,0.9933071490757153,0.3775406687981454
466,0,1.0,1.0,0.6333333333333333,1.0,1.0,1.0,1.0,3.4769976e-13,0.0035635150497953043,0.3161181944668802,0.8426572352672214,0.9933071490757153,0.3775406687981454
467,0,1.0,1.0,0.7666666666666667,1.0,1.0,1.0,1.0,9.50011e-10,0.00521396344662509,0.20343593142668098,0.9970151797005063,0.9933071490757153,0.3775406687981454
468,0,1.0,1.0,0.7333333333333333,1.0,1.0,1.0,1.0,2.580622e-06,0.0033096172145027636,0.2253652696620428,0.9918415510347515,0.9933071490757153,0.3775406687981454
469,0,1.0,1.0,0.85,1.0,1.0,1.0,1.0,0.17463042,0.0042205844802908725,0.14799610932556675,0.994339735728087,0.9933071490757153,0.3775406687981454
470,0,1.0,1.0,0.7166666666666667,1.0,1.0,1.0,1.0,4.7685397e-08,0.005045914247016685,0.24218567737533253,0.9945557246021917,0.9933071490757153,0.3775406687981454
471,1,0.0,1.0,0.7833333333333333,1.0,0.0,0.0,1.0,0.2371935,0.9704135258071119,0.7402798154184062,0.7946938322306907,0.9933071490757153,0.3775406687981454
472,1,1.0,1.0,0.75,1.0,1.0,1.0,1.0,0.923362,0.9943363423849028,0.6830389109527594,0.9826494727234164,0.9933071490757153,0.3775406687981454
473,1,1.0,1.0,0.8166666666666667,1.0,1.0,1.0,1.0,1.0,0.9934801577888442,0.7591348227559668,0.9975318705174454,0.9933071490757153,0.3775406687981454
474,1,1.0,1.0,0.6666666666666666,1.0,1.0,1.0,1.0,1.0,0.9928385281563954,0.6241242283970189,0.993185255462296,0.9933071490757153,0.3775406687981454
475,1,1.0,1.0,0.7333333333333333,1.0,1.0,1.0,1.0,1.0,0.992132030464627,0.6372086989193396,0.9949821581880332,0.9933071490757153,0.3775406687981454
476,1,1.0,1.0,0.7166666666666667,1.0,1.0,1.0,1.0,1.0,0.9919165637045583,0.6490259996486855,0.9832106537164823,0.9933071490757153,0.3775406687981454
477,1,1.0,1.0,0.6166666666666667,1.0,1.0,1.0,1.0,1.0,0.9913754665972395,0.5857727499124145,0.9995621995095887,0.9933071490757153,0.3775406687981454
478,1,1.0,1.0,0.65,1.0,1.0,1.0,1.0,1.0,0.9910267874548083,0.6216693133778265,0.9974577456488538,0.9933071490757153,0.3775406687981454
479,1,1.0,1.0,0.6833333333333333,1.0,1.0,1.0,1.0,1.0,0.9912234058571483,0.6093599473310014,0.9324533088603709,0.9933071490757153,0.3775406687981454
480,1,1.0,1.0,0.6166666666666667,1.0,1.0,1.0,1.0,0.9999989,0.9911450945463515,0.5889753347588933,0.9981671179996457,0.9933071490757153,0.3775406687981454
481,1,1.0,1.0,0.7166666666666667,1.0,1.0,1.0,1.0,0.95600516,0.9918766318228234,0.6729637951253128,0.6634061535129593,0.9933071490757153,0.3775406687981454
482,1,1.0,1.0,0.7166666666666667,1.0,1.0,1.0,1.0,1.0,0.9923435769387177,0.6618967796713819,0.9705707731371274,0.9933071490757153,0.3775406687981454
483,1,1.0,1.0,0.7333333333333333,1.0,1.0,1.0,1.0,1.0,0.991869884522307,0.6784392741322627,0.988243021970549,0.9933071490757153,0.3775406687981454
484,1,1.0,1.0,0.7,1.0,1.0,1.0,1.0,1.0,0.9908735330241458,0.6117490711504446,0.9639275543191664,0.9933071490757153,0.3775406687981454
485,1,1.0,1.0,0.8,1.0,1.0,1.0,1.0,0.9999974,0.9902563241909881,0.699264785801702,0.9941427637548189,0.9933071490757153,0.3775406687981454
486,1,1.0,1.0,0.7666666666666667,1.0,1.0,1.0,1.0,1.0,0.9910353955227114,0.7102748627657814,0.5845262444692684,0.9933071490757153,0.3775406687981454
487,1,1.0,1.0,0.7,1.0,1.0,1.0,1.0,1.0,0.9910383497068072,0.6324989250204507,0.9993923356654477,0.9933071490757153,0.3775406687981454
488,1,1.0,1.0,0.8,1.0,1.0,1.0,1.0,1.0,0.9912660263778322,0.7250626246035617,0.8072482763468041,0.9933071490757153,0.3775406687981454
489,1,1.0,1.0,0.75,1.0,1.0,1.0,1.0,0.99999976,0.9911490204813747,0.6895197617163784,0.9998133235196397,0.9933071490757153,0.3775406687981454
490,1,1.0,1.0,0.7166666666666667,1.0,1.0,1.0,1.0,0.98029023,0.9920136413881196,0.6625498803159026,0.999864722282681,0.9933071490757153,0.3775406687981454
491,1,1.0,1.0,0.8166666666666667,1.0,1.0,1.0,1.0,1.0,0.9914447957281042,0.7392469558970405,0.9968911334926136,0.9933071490757153,0.3775406687981454
492,1,1.0,1.0,0.7,1.0,1.0,1.0,1.0,1.0,0.9908937499915389,0.6472661078722659,0.9997152191114753,0.9933071490757153,0.3775406687981454
493,1,1.0,1.0,0.7833333333333333,1.0,1.0,1.0,1.0,0.999995,0.9912882396802937,0.7004548811777399,0.9993036409926831,0.9933071490757153,0.3775406687981454
494,1,1.0,1.0,0.7166666666666667,1.0,1.0,1.0,1.0,1.0,0.9915597855505838,0.63527450057804,0.9679310901720676,0.9933071490757153,0.3775406687981454
495,1,1.0,1.0,0.6333333333333333,1.0,1.0,1.0,1.0,1.0,0.9918542519133174,0.5845103555305271,0.9998034681138462,0.9933071490757153,0.3775406687981454
496,1,1.0,1.0,0.75,1.0,1.0,1.0,1.0,1.0,0.9910681909564063,0.6976116734216545,0.9981883038982182,0.9933071490757153,0.3775406687981454
497,1,1.0,1.0,0.75,1.0,1.0,1.0,1.0,1.0,0.9898612123979216,0.6885683375758741,0.6180199338147758,0.9933071490757153,0.3775406687981454
498,1,1.0,1.0,0.7333333333333333,1.0,1.0,1.0,1.0,0.9991246,0.9890029515797013,0.6551725511827319,0.5705662232765984,0.9933071490757153,0.3775406687981454
499,1,1.0,1.0,0.7166666666666667,1.0,1.0,1.0,1.0,1.0,0.9885186264853206,0.6560304456527356,0.9938736283982835,0.9933071490757153,0.3775406687981454
500,1,1.0,1.0,0.7666666666666667,1.0,1.0,1.0,1.0,1.0,0.9882602741178962,0.6554130468471963,0.966803264709846,0.9933071490757153,0.3775406687981454
501,1,1.0,1.0,0.6833333333333333,1.0,1.0,1.0,1.0,0.99999785,0.9874992912471747,0.640797709196914,0.9998641474360097,0.9933071490757153,0.3775406687981454
502,1,1.0,1.0,0.6666666666666666,1.0,1.0,1.0,1.0,1.0,0.9872992144371692,0.6207168127354544,0.9991952088664012,0.9933071490757153,0.3775406687981454
503,1,1.0,1.0,0.6833333333333333,1.0,1.0,1.0,1.0,0.9999994,0.9870099081151231,0.6461837823279807,0.5399796203406995,0.9933071490757153,0.3775406687981454
504,1,1.0,1.0,0.7333333333333333,1.0,1.0,1.0,1.0,0.9999995,0.9869542414758362,0.6829451450550855,0.9901461504579078,0.9933071490757153,0.3775406687981454
505,1,1.0,1.0,0.75,1.0,1.0,1.0,1.0,1.0,0.986843454027938,0.6824953021408486,0.9982457461874501,0.9933071490757153,0.3775406687981454
506,1,1.0,1.0,0.6833333333333333,1.0,1.0,1.0,1.0,1.0,0.9868701634004889,0.6387767943724142,0.9996403155866256,0.9933071490757153,0.3775406687981454
507,1,1.0,1.0,0.8166666666666667,1.0,1.0,1.0,1.0,1.0,0.9866896656313047,0.7003644134543985,0.9963620925503588,0.9933071490757153,0.3775406687981454
508,1,1.0,1.0,0.65,1.0,1.0,1.0,1.0,1.0,0.9867510161212073,0.6184977190875786,0.8715696181672996,0.9933071490757153,0.3775406687981454
509,1,1.0,1.0,0.7833333333333333,1.0,1.0,1.0,1.0,0.999998,0.9866065092008393,0.7191115873311157,0.9827241642341763,0.9933071490757153,0.3775406687981454
510,1,1.0,1.0,0.7833333333333333,1.0,1.0,1.0,1.0,1.0,0.9865944613287646,0.7235068562372323,0.9287942111642424,0.9933071490757153,0.3775406687981454
511,1,1.0,1.0,0.7333333333333333,1.0,1.0,1.0,1.0,0.9999981,0.986548196432946,0.664895709621753,0.7108218047522769,0.9933071490757153,0.3775406687981454
512,1,1.0,1.0,0.7666666666666667,1.0,1.0,1.0,1.0,1.0,0.9863132931992526,0.7159738110840023,0.9984813614304807,0.9933071490757153,0.3775406687981454
513,1,1.0,1.0,0.7333333333333333,1.0,1.0,1.0,1.0,0.9989341,0.9863047095623909,0.6444201927208872,0.9603515077435356,0.9933071490757153,0.3775406687981454
514,1,1.0,1.0,0.75,1.0,1.0,1.0,1.0,0.99999714,0.9862836540720367,0.6512527513536157,0.9316086858026174,0.9933071490757153,0.3775406687981454
515,1,1.0,1.0,0.75,1.0,1.0,1.0,1.0,1.0,0.9862825718433865,0.6847317558134549,0.5631580296325531,0.9933071490757153,0.3775406687981454
516,1,1.0,1.0,0.7833333333333333,1.0,1.0,1.0,1.0,1.0,0.9861867366517757,0.7061188561609861,0.9972086901972916,0.9933071490757153,0.3775406687981454
517,1,1.0,1.0,0.6166666666666667,1.0,1.0,1.0,1.0,1.0,0.9862829571237257,0.5793618501289771,0.9900447409271893,0.9933071490757153,0.3775406687981454
518,1,1.0,1.0,0.8,1.0,1.0,1.0,1.0,1.0,0.9861167728446362,0.6953905168675657,0.875600586281366,0.9933071490757153,0.3775406687981454
519,1,1.0,1.0,0.8,1.0,1.0,1.0,1.0,1.0,0.9862027319562977,0.7406306602717126,0.995705972815073,0.9933071490757153,0.3775406687981454
520,1,1.0,1.0,0.6833333333333333,1.0,1.0,1.0,1.0,1.0,0.9861701810692322,0.6175840951574734,0.999294981750817,0.9933071490757153,0.3775406687981454
521,1,1.0,1.0,0.7166666666666667,1.0,1.0,1.0,1.0,0.99995625,0.986282501537637,0.6362817121217661,0.9767727587170463,0.9933071490757153,0.3775406687981454
522,1,1.0,1.0,0.7333333333333333,1.0,1.0,1.0,1.0,1.0,0.9862358518890377,0.6615703578994029,0.9914913073591773,0.9933071490757153,0.3775406687981454
523,1,1.0,1.0,0.7166666666666667,1.0,1.0,1.0,1.0,0.9999585,0.9862601001633544,0.6431527952172594,0.9983469135392308,0.9933071490757153,0.3775406687981454
524,1,1.0,1.0,0.85,1.0,1.0,1.0,1.0,1.0,0.986223644054861,0.717963504896466,0.9262386502084241,0.9933071490757153,0.3775406687981454
525,1,1.0,1.0,0.7,1.0,1.0,1.0,1.0,1.0,0.9861961235486508,0.6292426857429896,0.9554944505268729,0.9933071490757153,0.3775406687981454
526,1,1.0,1.0,0.6833333333333333,1.0,1.0,1.0,1.0,0.9981451,0.9860729531593737,0.616330941253226,0.9927734060049203,0.9933071490757153,0.3775406687981454
527,1,1.0,1.0,0.6833333333333333,1.0,1.0,1.0,1.0,1.0,0.9861872331502597,0.6212747434480074,0.9998034681138462,0.9933071490757153,0.3775406687981454
528,1,1.0,1.0,0.7666666666666667,1.0,1.0,1.0,1.0,1.0,0.9862462127890727,0.6856278837893749,0.9600060291474057,0.9933071490757153,0.3775406687981454
529,1,1.0,1.0,0.7166666666666667,1.0,1.0,1.0,1.0,1.0,0.986240155751148,0.6623836464240396,0.9855134906874035,0.9933071490757153,0.3775406687981454
530,1,1.0,1.0,0.7666666666666667,1.0,1.0,1.0,1.0,1.0,0.9862458238136627,0.6956663110707618,0.9904944893815404,0.9933071490757153,0.3775406687981454
531,1,1.0,1.0,0.6833333333333333,1.0,1.0,1.0,1.0,0.9999889,0.986140474540331,0.6280280699515944,0.9183386426600785,0.9933071490757153,0.3775406687981454
532,1,1.0,1.0,0.8166666666666667,1.0,1.0,1.0,1.0,1.0,0.9861554027528451,0.7269705978132761,0.9848075749966261,0.9933071490757153,0.3775406687981454
533,1,1.0,1.0,0.7833333333333333,1.0,1.0,1.0,1.0,0.99992573,0.9862542903244192,0.7112149142894482,0.9846133399849264,0.9933071490757153,0.3775406687981454
534,1,1.0,1.0,0.7333333333333333,1.0,1.0,1.0,1.0,0.9999999,0.9862893503059349,0.6411261451342093,0.990107007903733,0.9933071490757153,0.3775406687981454
535,1,1.0,1.0,0.65,1.0,1.0,1.0,1.0,1.0,0.9862203807787894,0.5832058378898825,0.6984923634769793,0.9933071490757153,0.3775406687981454
536,1,1.0,1.0,0.7333333333333333,1.0,1.0,1.0,1.0,0.99999964,0.9862756500093413,0.6750242520616874,0.9755829287641155,0.9933071490757153,0.3775406687981454
537,1,1.0,1.0,0.7166666666666667,1.0,1.0,1.0,1.0,1.0,0.9862127574246029,0.685172230020532,0.9978026624290602,0.9933071490757153,0.3775406687981454
538,1,1.0,1.0,0.6833333333333333,1.0,1.0,1.0,1.0,1.0,0.9861933409866261,0.6375277233792889,0.9974369194670678,0.9933071490757153,0.3775406687981454
539,1,1.0,1.0,0.7166666666666667,1.0,1.0,1.0,1.0,1.0,0.9863201069345853,0.6678059989463218,0.9944629846456164,0.9933071490757153,0.3775406687981454
540,1,1.0,1.0,0.7666666666666667,1.0,1.0,1.0,1.0,1.0,0.9861468997017203,0.7055501995557233,0.9499472282946773,0.9933071490757153,0.3775406687981454
541,1,1.0,1.0,0.6333333333333333,1.0,1.0,1.0,1.0,1.0,0.9862270475793836,0.5842958141532127,0.9995972062072678,0.9933071490757153,0.3775406687981454
542,1,1.0,1.0,0.7333333333333333,1.0,1.0,1.0,1.0,0.9999999,0.9861650369862152,0.6891937050698748,0.7471575579130543,0.9933071490757153,0.3775406687981454
543,1,1.0,1.0,0.65,1.0,1.0,1.0,1.0,1.0,0.9862477821027615,0.6076452059585095,0.9490949107048228,0.9933071490757153,0.3775406687981454
544,1,1.0,1.0,0.7333333333333333,1.0,1.0,1.0,1.0,0.9999999,0.9863233945208247,0.6758980803503469,0.9521327277643543,0.9933071490757153,0.3775406687981454
545,1,1.0,1.0,0.7666666666666667,1.0,1.0,1.0,1.0,1.0,0.9863454716602927,0.7037813972472059,0.9984566819464655,0.9933071490757153,0.3775406687981454
546,1,1.0,1.0,0.6833333333333333,1.0,1.0,1.0,1.0,0.9999583,0.9863892129751585,0.6335606252356992,0.9743710436115257,0.9933071490757153,0.3775406687981454
547,1,1.0,1.0,0.7833333333333333,1.0,1.0,1.0,1.0,1.0,0.9864344559645042,0.6854717887894541,0.9762129978175753,0.9933071490757153,0.3775406687981454
548,1,1.0,1.0,0.7166666666666667,1.0,1.0,1.0,1.0,1.0,0.9864387075368499,0.653497166715356,0.997173786055667,0.9933071490757153,0.3775406687981454
549,1,1.0,1.0,0.6833333333333333,1.0,1.0,1.0,1.0,0.99998546,0.9865094229347667,0.6418538034695005,0.9979684512636778,0.9933071490757153,0.3775406687981454
550,1,1.0,1.0,0.6833333333333333,1.0,1.0,1.0,1.0,1.0,0.9866079688464148,0.6206726575417248,0.89132174362642,0.9933071490757153,0.3775406687981454
551,1,1.0,1.0,0.75,1.0,1.0,1.0,1.0,1.0,0.986404150794722,0.6695486792230592,0.9982457461874501,0.9933071490757153,0.3775406687981454
552,1,1.0,1.0,0.5666666666666667,1.0,0.0,1.0,1.0,0.9999999,0.9864942507580133,0.5277959050967637,0.990107007903733,0.9933071490757153,0.3775406687981454
553,1,1.0,1.0,0.7166666666666667,1.0,1.0,1.0,1.0,0.9999981,0.9864541949809145,0.6671027524653719,0.9657870074881826,0.9933071490757153,0.3775406687981454
554,1,1.0,1.0,0.6833333333333333,1.0,1.0,1.0,1.0,1.0,0.986626658119638,0.6354999312779442,0.9945311123996511,0.9933071490757153,0.3775406687981454
555,1,1.0,1.0,0.75,1.0,1.0,1.0,1.0,1.0,0.9870626513167778,0.6529520435330899,0.9500007573512524,0.9933071490757153,0.3775406687981454
556,1,1.0,1.0,0.9,1.0,1.0,1.0,1.0,1.0,0.9872304328441215,0.7965162609593003,0.9822507179352163,0.9933071490757153,0.3775406687981454
557,1,1.0,1.0,0.6,1.0,1.0,1.0,1.0,0.99956864,0.9873160225574016,0.5699942156908625,0.9800274578894133,0.9933071490757153,0.3775406687981454
558,1,1.0,1.0,0.7166666666666667,1.0,1.0,1.0,1.0,1.0,0.987347824357507,0.6539813333661141,0.9452288950802206,0.9933071490757153,0.3775406687981454
559,1,1.0,1.0,0.8,1.0,1.0,1.0,1.0,1.0,0.987419924943353,0.7267357004665435,0.997173786055667,0.9933071490757153,0.3775406687981454
560,1,1.0,1.0,0.7833333333333333,1.0,1.0,1.0,1.0,0.99996936,0.9869846252810746,0.712445862271041,0.9988683802649845,0.9933071490757153,0.3775406687981454
561,1,1.0,1.0,0.7666666666666667,1.0,1.0,1.0,1.0,0.99997294,0.9868994934432485,0.696174035956467,0.9356420825804335,0.9933071490757153,0.3775406687981454
562,1,1.0,1.0,0.65,1.0,1.0,1.0,1.0,1.0,0.9867254225945208,0.6063507306851647,0.9666770074785324,0.9933071490757153,0.3775406687981454
563,1,1.0,1.0,0.6833333333333333,1.0,1.0,1.0,1.0,1.0,0.9864950207151721,0.6584384589048569,0.5527794331959262,0.9933071490757153,0.3775406687981454
564,1,1.0,1.0,0.8333333333333334,1.0,1.0,1.0,1.0,1.0,0.9865445738484271,0.765883809969002,0.9986122792954104,0.9933071490757153,0.3775406687981454
565,1,1.0,1.0,0.7833333333333333,1.0,1.0,1.0,1.0,0.9919665,0.9864921056910095,0.7250257991454894,0.9980073587863795,0.9933071490757153,0.3775406687981454
566,1,1.0,1.0,0.7166666666666667,1.0,1.0,1.0,1.0,1.0,0.9865501959935765,0.6610601854461513,0.9995567552873014,0.9933071490757153,0.3775406687981454
567,1,1.0,1.0,0.65,1.0,1.0,1.0,1.0,1.0,0.9862941774611641,0.6165430338728974,0.9997487656180595,0.9933071490757153,0.3775406687981454
568,1,1.0,1.0,0.65,1.0,1.0,1.0,1.0,1.0,0.9863449118054136,0.5918707045405825,0.9939013767244443,0.9933071490757153,0.3775406687981454
569,1,1.0,1.0,0.7166666666666667,1.0,1.0,1.0,1.0,1.0,0.986464522806816,0.6550350191063561,0.9994534991285807,0.9933071490757153,0.3775406687981454
570,1,1.0,1.0,0.6833333333333333,1.0,1.0,1.0,1.0,1.0,0.9866674373335916,0.6284774604332,0.9826271149828205,0.9933071490757153,0.3775406687981454
571,1,1.0,1.0,0.7333333333333333,1.0,1.0,1.0,1.0,0.9932065,0.9866621208614564,0.6506142634167529,0.7370941409933004,0.9933071490757153,0.3775406687981454
572,1,1.0,1.0,0.8,1.0,1.0,1.0,1.0,0.99999666,0.9864507012720815,0.705492942624749,0.999452029996397,0.9933071490757153,0.3775406687981454
573,1,1.0,1.0,0.7666666666666667,1.0,1.0,1.0,1.0,0.9820988,0.9862980029921756,0.6593014356670918,0.9755342859537505,0.9933071490757153,0.3775406687981454
574,1,1.0,1.0,0.7166666666666667,1.0,1.0,1.0,1.0,0.99993825,0.9862356081798448,0.6485063346858282,0.9996093175663895,0.9933071490757153,0.3775406687981454
575,1,1.0,1.0,0.6833333333333333,1.0,1.0,1.0,1.0,1.0,0.9863933136278623,0.5876040420375099,0.9776280474608222,0.9933071490757153,0.3775406687981454
576,1,1.0,1.0,0.6666666666666666,1.0,1.0,1.0,1.0,1.0,0.9864589020005461,0.6210510416254045,0.9893606989638254,0.9933071490757153,0.3775406687981454
577,1,1.0,1.0,0.7,1.0,1.0,1.0,1.0,0.9999999,0.9863934256421095,0.667457540486127,0.9801257435239146,0.9933071490757153,0.3775406687981454
578,1,1.0,1.0,0.75,1.0,1.0,1.0,1.0,0.9999602,0.9864703538868592,0.6653832337755384,0.9960379116227772,0.9933071490757153,0.3775406687981454
579,1,1.0,1.0,0.6166666666666667,1.0,1.0,1.0,1.0,1.0,0.9865633196487625,0.5863405070568304,0.999127205117121,0.9933071490757153,0.3775406687981454
580,1,1.0,1.0,0.7666666666666667,1.0,1.0,1.0,1.0,1.0,0.9864629509301938,0.6855070448549714,0.999494462415416,0.9933071490757153,0.3775406687981454
581,1,1.0,1.0,0.7833333333333333,1.0,1.0,1.0,1.0,1.0,0.9866253624291236,0.6980724429667563,0.9975318705174454,0.9933071490757153,0.3775406687981454
582,1,1.0,1.0,0.6833333333333333,1.0,1.0,1.0,1.0,1.0,0.9863942468173464,0.6101323794261528,0.9976129341968325,0.9933071490757153,0.3775406687981454
583,1,1.0,1.0,0.6833333333333333,1.0,1.0,1.0,1.0,1.0,0.9863285225007363,0.639445334665797,0.9994816439050238,0.9933071490757153,0.3775406687981454
584,1,1.0,1.0,0.7333333333333333,1.0,1.0,1.0,1.0,1.0,0.9864738235131411,0.6755181058092998,0.8244449446062205,0.9933071490757153,0.3775406687981454
585,0,1.0,0.23333333333333334,0.7333333333333333,1.0,0.0,0.0,1.0,7.0682546e-07,0.9559556114120084,0.3326551641939883,0.997303613359084,0.9933071490757153,0.3775406687981454
586,0,1.0,0.8666666666666667,0.8333333333333334,1.0,1.0,1.0,1.0,1.49261e-07,0.1875270430979975,0.15437620227114598,0.9965497048351973,0.9933071490757153,0.3775406687981454
587,0,1.0,1.0,0.75,1.0,1.0,1.0,1.0,2.8691318e-13,0.016584264251580796,0.21054277632293308,0.9994399434270754,0.9933071490757153,0.3775406687981454
588,0,1.0,1.0,0.75,1.0,1.0,1.0,1.0,1.4360986e-09,0.003843425533697891,0.2170195990544827,0.9422837578708942,0.9933071490757153,0.3775406687981454
589,0,1.0,1.0,0.6666666666666666,1.0,1.0,1.0,1.0,9.042186e-14,0.004004464101141334,0.27837135081040393,0.9948760964513659,0.9933071490757153,0.3775406687981454
590,0,1.0,1.0,0.7,1.0,1.0,1.0,1.0,3.5713534e-09,0.006089631517171854,0.24119488884511522,0.9922714005033167,0.9933071490757153,0.3775406687981454
591,0,1.0,1.0,0.8333333333333334,1.0,1.0,1.0,1.0,0.011468478,0.0046383906582837,0.1486343616059389,0.9802658264640227,0.9933071490757153,0.3775406687981454
592,0,1.0,1.0,0.6833333333333333,1.0,1.0,1.0,1.0,0.0009685895,0.0036558184356508816,0.24884307440242054,0.9940552882031537,0.9933071490757153,0.3775406687981454
593,0,1.0,1.0,0.7166666666666667,1.0,1.0,1.0,1.0,1.2483182e-09,0.005172425636090789,0.26983391587711836,0.9990419080595078,0.9933071490757153,0.3775406687981454
594,0,1.0,1.0,0.6666666666666666,1.0,1.0,1.0,1.0,3.413408e-14,0.004567059960243859,0.2744248649913577,0.9992567387715061,0.9933071490757153,0.3775406687981454
595,0,1.0,1.0,0.7833333333333333,1.0,1.0,1.0,1.0,2.3518e-06,0.006335915617940938,0.19137655765586978,0.9322994333674488,0.9933071490757153,0.3775406687981454
596,0,1.0,1.0,0.7,1.0,1.0,1.0,1.0,1.458509e-15,0.004196392447333304,0.25578559324309386,0.9986209217298081,0.9933071490757153,0.3775406687981454
597,0,1.0,1.0,0.7666666666666667,1.0,1.0,1.0,1.0,7.100475e-07,0.004497054786898366,0.2002686554733242,0.9787355161457602,0.9933071490757153,0.3775406687981454
598,0,1.0,1.0,0.7666666666666667,1.0,1.0,1.0,1.0,1.7297139e-12,0.004400737158990646,0.21822465811680994,0.9929430764630545,0.9933071490757153,0.3775406687981454
599,0,1.0,1.0,0.6833333333333333,1.0,1.0,1.0,1.0,1.4226966e-08,0.004255810148884944,0.2733293135208407,0.9998212579518387,0.9933071490757153,0.3775406687981454
600,0,1.0,1.0,0.6833333333333333,1.0,1.0,1.0,1.0,3.6651143e-06,0.0038585340107554224,0.25963205583456594,0.9885903021126833,0.9933071490757153,0.3775406687981454
601,0,1.0,1.0,0.7166666666666667,1.0,1.0,1.0,1.0,2.1598137e-06,0.004510973899590213,0.23857456672821203,0.9972958530424092,0.9933071490757153,0.3775406687981454
602,0,1.0,1.0,0.7833333333333333,1.0,1.0,1.0,1.0,6.217808e-11,0.007504627714446553,0.192157720631181,0.9823276173775158,0.9933071490757153,0.3775406687981454
603,0,1.0,1.0,0.7,1.0,1.0,1.0,1.0,1.1777522e-13,0.003350485360338554,0.2515879608397176,0.8922058767584568,0.9933071490757153,0.3775406687981454
604,0,1.0,1.0,0.8333333333333334,1.0,1.0,1.0,1.0,3.2335362e-15,0.005770404061947935,0.16114956272494274,0.7195825432031142,0.9933071490757153,0.3775406687981454
605,0,1.0,1.0,0.6666666666666666,1.0,1.0,1.0,1.0,0.0013155938,0.0052338307179442736,0.26661729427572267,0.9926902695965325,0.9933071490757153,0.3775406687981454
606,1,1.0,1.0,0.6,1.0,0.0,1.0,1.0,1.0,0.7845894062281261,0.5548103585598858,0.9997803300375719,0.9933071490757153,0.3775406687981454
607,1,1.0,1.0,0.7,1.0,1.0,1.0,1.0,1.0,0.99999999999997,0.7156208911312997,0.9420372454368549,0.9933071490757153,0.3775406687981454
608,1,1.0,1.0,0.8333333333333334,1.0,1.0,1.0,1.0,1.0,0.99999999999997,0.831208325245853,0.9992998185451856,0.9933071490757153,0.3775406687981454
609,1,1.0,1.0,0.7666666666666667,1.0,1.0,1.0,1.0,0.99999964,0.99999999999997,0.762497374686516,0.614864268738593,0.9933071490757153,0.3775406687981454
610,1,1.0,1.0,0.7166666666666667,1.0,1.0,1.0,1.0,1.0,0.99999999999997,0.724898880398512,0.9990199960776082,0.9933071490757153,0.3775406687981454
611,1,1.0,1.0,0.7666666666666667,1.0,1.0,1.0,1.0,0.9964586,0.99999999999997,0.7650859894055777,0.9915073481917241,0.9933071490757153,0.3775406687981454
612,1,1.0,1.0,0.75,1.0,1.0,1.0,1.0,1.0,0.9999999999999588,0.7497356967742823,0.9287942111642424,0.9933071490757153,0.3775406687981454
613,0,1.0,1.0,0.7166666666666667,1.0,1.0,1.0,1.0,7.7522316e-07,0.008905299288017112,0.2338333820255593,0.9996364373445367,0.9933071490757153,0.3775406687981454
614,0,1.0,1.0,0.65,1.0,1.0,1.0,1.0,4.6004242e-10,0.004358821607832417,0.2928044001425933,0.9369117059713367,0.9933071490757153,0.3775406687981454
615,0,1.0,1.0,0.6666666666666666,1.0,1.0,1.0,1.0,1.8047841e-11,0.005710246993605316,0.2662880930446572,0.9970289773666676,0.9933071490757153,0.3775406687981454
616,0,1.0,1.0,0.7166666666666667,1.0,1.0,1.0,1.0,7.192462e-08,0.005346281662619829,0.23081342335308688,0.9983078923350568,0.9933071490757153,0.3775406687981454
617,0,1.0,1.0,0.7166666666666667,1.0,1.0,1.0,1.0,1.1843487e-08,0.005681291703064222,0.24498256342673583,0.9971144430939773,0.9933071490757153,0.3775406687981454
618,0,1.0,1.0,0.7833333333333333,1.0,1.0,1.0,1.0,1.3037531e-08,0.0034204755121863546,0.20362642542609002,0.9933021958230617,0.9933071490757153,0.3775406687981454
619,0,1.0,1.0,0.7666666666666667,1.0,1.0,1.0,1.0,4.0963247e-10,0.0043296638746471,0.19818979810228396,0.8684726600743855,0.9933071490757153,0.3775406687981454
620,1,1.0,0.9833333333333333,0.7333333333333333,1.0,1.0,1.0,1.0,0.9999976,0.9335176553975745,0.7091211312417139,0.9997428013212655,0.9933071490757153,0.3775406687981454
621,1,1.0,1.0,0.7,1.0,1.0,1.0,1.0,1.0,0.99999999999997,0.6760577945933809,0.9951118454806464,0.9933071490757153,0.3775406687981454
622,1,1.0,1.0,0.85,1.0,1.0,1.0,1.0,1.0,0.99999999999997,0.7995002906147956,0.9420372454368549,0.9933071490757153,0.3775406687981454
623,1,1.0,1.0,0.8166666666666667,1.0,1.0,1.0,1.0,1.0,0.99999999999997,0.7795118073544447,0.9997825515363279,0.9933071490757153,0.3775406687981454
624,1,1.0,1.0,0.7666666666666667,1.0,1.0,1.0,1.0,1.0,0.99999999999997,0.7480181604163891,0.9991870490817953,0.9933071490757153,0.3775406687981454
625,1,1.0,1.0,0.6666666666666666,1.0,1.0,1.0,1.0,1.0,0.99999999999997,0.6555199305988894,0.9982410547609468,0.9933071490757153,0.3775406687981454
626,1,1.0,1.0,0.7166666666666667,1.0,1.0,1.0,1.0,1.0,0.99999999999997,0.6792901441813615,0.9998966843937418,0.9933071490757153,0.3775406687981454
627,1,1.0,1.0,0.6666666666666666,1.0,1.0,1.0,1.0,1.0,0.99999999999997,0.6523220619008538,0.8737344042281255,0.9933071490757153,0.3775406687981454
628,1,1.0,1.0,0.75,1.0,1.0,1.0,1.0,0.9993013,0.99999999999997,0.7122403326139072,0.9912138629047057,0.9933071490757153,0.3775406687981454
629,1,1.0,1.0,0.75,1.0,1.0,1.0,1.0,1.0,0.99999999999997,0.7218750259317819,0.953540421649482,0.9933071490757153,0.3775406687981454
630,1,1.0,1.0,0.6833333333333333,1.0,1.0,1.0,1.0,0.99981683,0.99999999999997,0.6641032133868751,0.9718834432625131,0.9933071490757153,0.3775406687981454
631,1,1.0,1.0,0.65,1.0,1.0,1.0,1.0,0.9991246,0.99999999999997,0.6160001411036045,0.5705662232765984,0.9933071490757153,0.3775406687981454
632,1,1.0,1.0,0.7666666666666667,1.0,1.0,1.0,1.0,1.0,0.99999999999997,0.7209934122831769,0.9297786559752929,0.9933071490757153,0.3775406687981454
633,1,1.0,1.0,0.6833333333333333,1.0,1.0,1.0,1.0,1.0,0.99999999999997,0.6836081433503949,0.9345542719332387,0.9933071490757153,0.3775406687981454
634,1,1.0,1.0,0.7666666666666667,1.0,1.0,1.0,1.0,1.0,0.99999999999997,0.7323677045814211,0.9965971201429977,0.9933071490757153,0.3775406687981454
635,1,1.0,1.0,0.6833333333333333,1.0,1.0,1.0,1.0,1.0,0.99999999999997,0.6636759138672861,0.9868352315495382,0.9933071490757153,0.3775406687981454
636,1,1.0,1.0,0.7166666666666667,1.0,1.0,1.0,1.0,0.9999982,0.99999999999997,0.677998283023506,0.9761928213169195,0.9933071490757153,0.3775406687981454
637,1,1.0,1.0,0.7,1.0,1.0,1.0,1.0,1.0,0.99999999999997,0.674076526344155,0.884208301577366,0.9933071490757153,0.3775406687981454
638,1,1.0,1.0,0.7833333333333333,1.0,1.0,1.0,1.0,0.99999964,0.99999999999997,0.7426692916760126,0.9755829287641155,0.9933071490757153,0.3775406687981454
639,1,1.0,1.0,0.7166666666666667,1.0,1.0,1.0,1.0,1.0,0.99999999999997,0.6828383434774495,0.9994726163981947,0.9933071490757153,0.3775406687981454
640,1,1.0,1.0,0.7166666666666667,1.0,1.0,1.0,1.0,0.99999917,0.99999999999997,0.6843313626140107,0.7741676991931379,0.9933071490757153,0.3775406687981454
641,1,1.0,1.0,0.7666666666666667,1.0,1.0,1.0,1.0,1.0,0.99999999999997,0.7274756616399415,0.990979025484609,0.9933071490757153,0.3775406687981454
642,1,1.0,1.0,0.7666666666666667,1.0,1.0,1.0,1.0,1.0,0.99999999999997,0.7480424282309542,0.9983238958307725,0.9933071490757153,0.3775406687981454
643,1,1.0,1.0,0.8166666666666667,1.0,1.0,1.0,1.0,0.99924636,0.99999999999997,0.7774464383632822,0.9856276424356207,0.9933071490757153,0.3775406687981454
644,1,1.0,1.0,0.6833333333333333,1.0,1.0,1.0,1.0,1.0,0.99999999999997,0.6432786180074287,0.9883210488349458,0.9933071490757153,0.3775406687981454
645,1,1.0,1.0,0.6166666666666667,1.0,1.0,1.0,1.0,0.9999869,0.99999999999997,0.590953954156546,0.9747160573614366,0.9933071490757153,0.3775406687981454
646,0,1.0,0.9833333333333333,0.7666666666666667,1.0,0.0,0.0,1.0,1.0916987e-10,0.3409316862895025,0.33375877604342213,0.9999150405502033,0.9933071490757153,0.3775406687981454
647,0,1.0,1.0,0.7166666666666667,1.0,1.0,1.0,1.0,0.001928028,0.005765442393608627,0.23589822973085126,0.9975986946513583,0.9933071490757153,0.3775406687981454
648,0,1.0,1.0,0.8,1.0,1.0,1.0,1.0,3.6395262e-10,0.0042467021995808004,0.1976411906888306,0.9997196488033402,0.9933071490757153,0.3775406687981454
649,0,1.0,1.0,0.65,1.0,1.0,1.0,1.0,0.00096530706,0.004162442227646753,0.2958525423910674,0.9962582487951773,0.9933071490757153,0.3775406687981454
650,0,1.0,1.0,0.8,1.0,1.0,1.0,1.0,0.0005050147,0.004295294726266544,0.18174272457355453,0.9999391110151016,0.9933071490757153,0.3775406687981454
651,0,1.0,1.0,0.6166666666666667,1.0,1.0,1.0,1.0,9.2810396e-08,0.004108718643181531,0.31555638163987537,0.9130612385513861,0.9933071490757153,0.3775406687981454
652,0,1.0,1.0,0.8166666666666667,1.0,1.0,1.0,1.0,3.6759896e-08,0.004157406550627952,0.15435495421212458,0.994266592638601,0.9933071490757153,0.3775406687981454
653,0,1.0,1.0,0.7333333333333333,1.0,1.0,1.0,1.0,0.0006434593,0.003851247442883929,0.22603459574856893,0.9972959989423791,0.9933071490757153,0.3775406687981454
654,0,1.0,1.0,0.6666666666666666,1.0,1.0,1.0,1.0,0.00011751432,0.0047390220915849235,0.2763429115918227,0.998012803103385,0.9933071490757153,0.3775406687981454
655,0,1.0,1.0,0.7,1.0,0.0,0.0,1.0,0.24851744,0.004923992296285589,0.24870864761618686,0.9999069330593284,0.9933071490757153,0.3775406687981454
656,0,1.0,1.0,0.65,1.0,1.0,1.0,1.0,3.3409805e-07,0.004506796130658867,0.28617474316807073,0.9895651618190037,0.9933071490757153,0.3775406687981454
657,0,1.0,1.0,0.7,1.0,1.0,1.0,1.0,2.0897035e-08,0.005457773503502526,0.2561851986640685,0.9983204715591528,0.9933071490757153,0.3775406687981454
658,0,1.0,1.0,0.8,1.0,1.0,1.0,1.0,2.1074973e-06,0.0038637508860411653,0.1791616157951277,0.999890324671743,0.9933071490757153,0.3775406687981454
659,0,1.0,1.0,0.6666666666666666,1.0,1.0,1.0,1.0,9.946235e-10,0.0039287286606321,0.2762905288579291,0.9989497510268208,0.9933071490757153,0.3775406687981454
660,0,1.0,1.0,0.8,1.0,1.0,1.0,1.0,1.9372341e-10,0.004424359947276362,0.18494611065711095,0.9920424850772689,0.9933071490757153,0.3775406687981454
661,0,1.0,1.0,0.8,1.0,1.0,1.0,1.0,4.845689e-10,0.003236650906106886,0.19052657712557422,0.9996904004834208,0.9933071490757153,0.3775406687981454
662,0,1.0,1.0,0.8,1.0,1.0,1.0,1.0,8.3144636e-07,0.002899734127817486,0.18937172974061411,0.9998718681273165,0.9933071490757153,0.3775406687981454
663,0,1.0,1.0,0.6333333333333333,1.0,1.0,1.0,1.0,1.6236643e-12,0.0036582099907148664,0.2923247400799451,0.9975018879800017,0.9933071490757153,0.3775406687981454
664,0,1.0,1.0,0.8,1.0,1.0,1.0,1.0,2.971982e-16,0.0056164065453475605,0.18233051279699958,0.9978079286180982,0.9933071490757153,0.3775406687981454
665,0,1.0,1.0,0.8166666666666667,1.0,1.0,1.0,1.0,9.27264e-07,0.003481529029214226,0.16427397575106173,0.9435921560466073,0.9933071490757153,0.3775406687981454
666,0,1.0,1.0,0.75,1.0,1.0,1.0,1.0,8.194517e-09,0.005431135984042729,0.21845622383259786,0.9940852886987795,0.9933071490757153,0.3775406687981454
667,0,1.0,1.0,0.7333333333333333,1.0,1.0,1.0,1.0,1.4888596e-07,0.004319977351515295,0.21708106721118034,0.9978158205287613,0.9933071490757153,0.3775406687981454
668,0,1.0,0.9833333333333333,0.7,1.0,0.0,0.0,1.0,1.8047841e-11,0.33221762151081363,0.37096891684444055,0.9970289773666676,0.9933071490757153,0.3775406687981454
669,1,1.0,1.0,0.75,1.0,1.0,1.0,1.0,1.0,0.9999999999947505,0.7262117928566059,0.9976477622314479,0.9933071490757153,0.3775406687981454
670,1,1.0,1.0,0.6833333333333333,1.0,1.0,1.0,1.0,1.0,0.9999999999985992,0.6654787903284497,0.9996641762849585,0.9933071490757153,0.3775406687981454
671,1,1.0,1.0,0.6666666666666666,1.0,1.0,1.0,1.0,0.9831955,0.9999999999948219,0.6496048450229785,0.9369625062182566,0.9933071490757153,0.3775406687981454
672,1,1.0,1.0,0.7833333333333333,1.0,1.0,1.0,1.0,1.0,0.9999999999668238,0.7410283324168139,0.9993075318279533,0.9933071490757153,0.3775406687981454
673,1,1.0,1.0,0.75,1.0,1.0,1.0,1.0,1.0,0.9999999999514304,0.718718921489858,0.9828984854531242,0.9933071490757153,0.3775406687981454
674,1,1.0,1.0,0.7166666666666667,1.0,1.0,1.0,1.0,1.0,0.9999999999734558,0.7100182371313886,0.9990453727779722,0.9933071490757153,0.3775406687981454
675,1,1.0,1.0,0.6833333333333333,1.0,1.0,1.0,1.0,1.0,0.999999999902548,0.6517262274004341,0.9975318705174454,0.9933071490757153,0.3775406687981454
676,1,1.0,1.0,0.85,1.0,1.0,1.0,1.0,0.99996245,0.9999999998640914,0.7874693794074746,0.9993071863799787,0.9933071490757153,0.3775406687981454
677,1,1.0,1.0,0.7,1.0,1.0,1.0,1.0,0.99999976,0.9999999996660426,0.6799601695986228,0.6607696272911444,0.9933071490757153,0.3775406687981454
678,1,1.0,1.0,0.75,1.0,1.0,1.0,1.0,1.0,0.9999999908631968,0.7236109116051526,0.9911357466633574,0.9933071490757153,0.3775406687981454
679,1,1.0,1.0,0.75,1.0,1.0,1.0,1.0,1.0,0.9999998250132109,0.7427546479306871,0.9954269587635926,0.9933071490757153,0.3775406687981454
680,1,1.0,1.0,0.7166666666666667,1.0,1.0,1.0,1.0,0.99999964,0.999999943955687,0.6933467659636585,0.9878198933287393,0.9933071490757153,0.3775406687981454
681,1,1.0,1.0,0.8333333333333334,1.0,1.0,1.0,1.0,1.0,0.999999645946247,0.8051606996854175,0.9997825515363279,0.9933071490757153,0.3775406687981454
682,1,1.0,1.0,0.65,1.0,1.0,1.0,1.0,0.9999994,0.9999995593282557,0.6197617135519952,0.9715152635107532,0.9933071490757153,0.3775406687981454
683,1,1.0,1.0,0.7,1.0,1.0,1.0,1.0,1.0,0.9999421353252077,0.6645498540116926,0.7798383440557941,0.9933071490757153,0.3775406687981454
684,1,1.0,1.0,0.6166666666666667,1.0,1.0,1.0,1.0,0.9999572,0.9971854306057071,0.6054611859244482,0.9539714790148767,0.9933071490757153,0.3775406687981454
685,1,1.0,1.0,0.7166666666666667,1.0,1.0,1.0,1.0,0.99995625,0.9936136519121291,0.6644977591928689,0.9767727587170463,0.9933071490757153,0.3775406687981454
686,1,1.0,1.0,0.8166666666666667,1.0,1.0,1.0,1.0,1.0,0.9936917642669744,0.7626231329223514,0.9072925059983022,0.9933071490757153,0.3775406687981454
687,1,1.0,1.0,0.65,1.0,1.0,1.0,1.0,0.99999964,0.986389581057081,0.636643246274432,0.9983588256674,0.9933071490757153,0.3775406687981454
688,1,1.0,0.9833333333333333,0.7166666666666667,1.0,1.0,1.0,1.0,0.9999999,0.9334814701634873,0.6846689309711994,0.99809579642152,0.9933071490757153,0.3775406687981454
689,1,1.0,1.0,0.7,1.0,1.0,1.0,1.0,1.0,0.9675183893678578,0.6703233084213239,0.7783637834582099,0.9933071490757153,0.3775406687981454
690,1,1.0,1.0,0.65,1.0,1.0,1.0,1.0,0.9985656,0.981106630948055,0.6265774420935095,0.9892076131010374,0.9933071490757153,0.3775406687981454
691,1,1.0,1.0,0.75,1.0,1.0,1.0,1.0,1.0,0.9781052476983063,0.6945691878142121,0.9992979134407941,0.9933071490757153,0.3775406687981454
692,1,1.0,1.0,0.7666666666666667,1.0,1.0,1.0,1.0,1.0,0.9905887767836287,0.7409899260230665,0.9978133764845403,0.9933071490757153,0.3775406687981454
693,1,1.0,1.0,0.6666666666666666,1.0,1.0,1.0,1.0,1.0,0.9724672297692837,0.6200364926317318,0.9915251274907846,0.9933071490757153,0.3775406687981454
694,0,1.0,0.8666666666666667,0.65,1.0,0.0,0.0,1.0,3.5806344e-10,0.4258813909514226,0.3628194146396868,0.9980428953988277,0.9933071490757153,0.3775406687981454
695,1,1.0,1.0,0.6666666666666666,1.0,0.0,1.0,1.0,1.0,0.8525696860559707,0.5824074322733889,0.9504686284734896,0.9933071490757153,0.3775406687981454
696,1,1.0,1.0,0.6833333333333333,1.0,1.0,1.0,1.0,1.0,0.9799365170914649,0.677996995582176,0.9968394154821897,0.9933071490757153,0.3775406687981454
697,1,1.0,1.0,0.6166666666666667,1.0,1.0,1.0,1.0,1.0,0.9898263412469804,0.5912408019011604,0.9848075749966261,0.9933071490757153,0.3775406687981454
698,1,1.0,1.0,0.75,1.0,1.0,1.0,1.0,1.0,0.9838027482096133,0.7202480121739799,0.9919357673365928,0.9933071490757153,0.3775406687981454
699,1,1.0,1.0,0.6166666666666667,1.0,1.0,1.0,1.0,1.0,0.989053674487907,0.6162282916832045,0.9004883758947761,0.9933071490757153,0.3775406687981454
700,1,1.0,1.0,0.75,1.0,1.0,1.0,1.0,0.9999865,0.9695776383695979,0.7129120976898833,0.9806669539185048,0.9933071490757153,0.3775406687981454
701,1,1.0,0.9833333333333333,0.7,1.0,1.0,1.0,1.0,1.0,0.9031206917238095,0.692037825858628,0.9716732917171034,0.9933071490757153,0.3775406687981454
702,1,1.0,0.7666666666666667,0.7666666666666667,1.0,0.0,1.0,1.0,1.0,0.678436839423955,0.7376512382377481,0.875600586281366,0.9933071490757153,0.3775406687981454
703,1,1.0,0.3333333333333333,0.8,1.0,0.0,0.0,1.0,1.0,0.4218148082595431,0.7577017575398401,0.9288603225091662,0.9933071490757153,0.3775406687981454
704,1,1.0,0.4166666666666667,0.7833333333333333,1.0,0.0,0.0,1.0,1.0,0.46946189413244943,0.7624917457716388,0.9989097190647269,0.9933071490757153,0.3775406687981454
705,1,1.0,0.3333333333333333,0.7833333333333333,1.0,0.0,0.0,1.0,0.62927026,0.4329024773610056,0.7437631816559277,0.8988959948312817,0.9933071490757153,0.3775406687981454
706,1,1.0,0.2,0.75,1.0,0.0,0.0,1.0,0.9999995,0.30918042192593803,0.7240812473550104,0.9901461504579078,0.9933071490757153,0.3775406687981454
707,1,1.0,0.25,0.6333333333333333,1.0,0.0,0.0,1.0,1.0,0.35078467757618564,0.6217581931613233,0.9996641762849585,0.9933071490757153,0.3775406687981454
708,1,1.0,0.26666666666666666,0.6666666666666666,1.0,0.0,0.0,1.0,1.0,0.3751054510816721,0.6405980691910755,0.9297516384348616,0.9933071490757153,0.3775406687981454
709,1,1.0,0.13333333333333333,0.6333333333333333,1.0,0.0,0.0,0.0,0.62414175,0.28715910600604294,0.612314101870367,0.9817992500503306,0.9933071490757153,0.3775406687981454
710,1,1.0,0.08333333333333333,0.7166666666666667,1.0,0.0,0.0,1.0,1.0,0.20596953153116565,0.6902141404489981,0.9982457461874501,0.9933071490757153,0.3775406687981454
711,1,1.0,0.05,0.6166666666666667,1.0,0.0,0.0,1.0,1.0,0.17686039928371053,0.5880561216285364,0.9553544289531872,0.9933071490757153,0.3775406687981454
712,1,1.0,0.06666666666666667,0.7666666666666667,1.0,0.0,0.0,1.0,0.99999475,0.21421766280584942,0.7310108730586478,0.9992269546581408,0.9933071490757153,0.3775406687981454
713,1,1.0,0.11666666666666667,0.7333333333333333,1.0,0.0,0.0,1.0,0.9999945,0.25057850491696737,0.70784547098427,0.9996065473638286,0.9933071490757153,0.3775406687981454
714,1,1.0,0.08333333333333333,0.7,1.0,0.0,0.0,1.0,1.0,0.22264474189657832,0.6980250311105465,0.9964337157632774,0.9933071490757153,0.3775406687981454
715,1,1.0,0.4666666666666667,0.5666666666666667,1.0,0.0,0.0,1.0,0.99999964,0.4298125687839511,0.5749531763269707,0.8853707458530701,0.9933071490757153,0.3775406687981454
716,1,1.0,0.45,0.5666666666666667,1.0,0.0,0.0,1.0,0.9999994,0.4815828517543369,0.5645209825139407,0.4760773225560131,0.9933071490757153,0.3775406687981454
717,1,1.0,0.4166666666666667,0.75,1.0,0.0,0.0,1.0,0.99999964,0.4658498606956346,0.7016100088720646,0.9878198933287393,0.9933071490757153,0.3775406687981454
718,1,1.0,0.6666666666666666,0.5333333333333333,1.0,0.0,0.0,1.0,1.0,0.6277288752697279,0.5387540082887369,0.9368355682767364,0.9933071490757153,0.3775406687981454
719,1,1.0,0.9333333333333333,0.75,1.0,1.0,1.0,1.0,1.0,0.8454901097773023,0.7128302274002508,0.8115226939651581,0.9933071490757153,0.3775406687981454
720,1,1.0,1.0,0.7666666666666667,1.0,1.0,1.0,1.0,1.0,0.9573859394569589,0.7333387990719474,0.9042779816815727,0.9933071490757153,0.3775406687981454
721,1,1.0,1.0,0.6333333333333333,1.0,1.0,1.0,1.0,1.0,0.9907394770991467,0.6380167561881515,0.9807790849911555,0.9933071490757153,0.3775406687981454
722,1,1.0,1.0,0.7666666666666667,1.0,1.0,1.0,1.0,1.0,0.9932066673215787,0.7207470514208811,0.9450090289798143,0.9933071490757153,0.3775406687981454
723,1,1.0,1.0,0.7,1.0,1.0,1.0,1.0,0.9999999,0.9930274540995266,0.6655804101081941,0.8584255841961285,0.9933071490757153,0.3775406687981454
724,1,1.0,1.0,0.75,1.0,1.0,1.0,1.0,0.99956864,0.9802299047908419,0.7405079219423442,0.9800274578894133,0.9933071490757153,0.3775406687981454
725,1,1.0,1.0,0.7666666666666667,1.0,1.0,1.0,1.0,1.0,0.9771907445041607,0.7350271032502653,0.9761906194330263,0.9933071490757153,0.3775406687981454
726,1,1.0,1.0,0.65,1.0,1.0,1.0,1.0,1.0,0.98309883610953,0.6424539180490775,0.990742028185826,0.9933071490757153,0.3775406687981454
727,1,1.0,1.0,0.7,1.0,1.0,1.0,1.0,0.9999994,0.9910745660968184,0.6845902861198968,0.9998714169608842,0.9933071490757153,0.3775406687981454
728,1,1.0,1.0,0.6166666666666667,1.0,1.0,1.0,1.0,0.99942577,0.9945585698971479,0.5804261449242133,0.9768733786396868,0.9933071490757153,0.3775406687981454
729,1,1.0,1.0,0.65,1.0,1.0,1.0,1.0,1.0,0.9947173334484124,0.6301803434970906,0.9982886670344153,0.9933071490757153,0.3775406687981454
730,1,1.0,1.0,0.7333333333333333,1.0,1.0,1.0,1.0,1.0,0.9958184478909887,0.7059624887471314,0.9957155654461465,0.9933071490757153,0.3775406687981454
731,1,1.0,1.0,0.6833333333333333,1.0,1.0,1.0,1.0,0.9999995,0.9941157282044742,0.6711107106304274,0.9949319332992937,0.9933071490757153,0.3775406687981454
732,1,1.0,1.0,0.85,1.0,1.0,1.0,1.0,0.99999785,0.9958236538817148,0.8012719742165696,0.9998641474360097,0.9933071490757153,0.3775406687981454
733,1,1.0,1.0,0.6666666666666666,1.0,1.0,1.0,1.0,0.99955505,0.9981527402848835,0.6409919940743705,0.9942653234546648,0.9933071490757153,0.3775406687981454
734,1,1.0,1.0,0.8166666666666667,1.0,1.0,1.0,1.0,0.99999964,0.9958611850830811,0.7689468746290282,0.614864268738593,0.9933071490757153,0.3775406687981454
735,1,1.0,1.0,0.7333333333333333,1.0,1.0,1.0,1.0,1.0,0.9980836195092029,0.7170968495005817,0.9988181848705252,0.9933071490757153,0.3775406687981454
736,1,1.0,1.0,0.7,1.0,1.0,1.0,1.0,1.0,0.996620512271422,0.6631835904961395,0.9052489979223155,0.9933071490757153,0.3775406687981454
737,1,1.0,1.0,0.7,1.0,1.0,1.0,1.0,1.0,0.9922372497927098,0.6602882885613587,0.9934786839158066,0.9933071490757153,0.3775406687981454
738,1,1.0,1.0,0.8333333333333334,1.0,1.0,1.0,1.0,0.9999994,0.9786999723636934,0.769940023399268,0.9965733045388574,0.9933071490757153,0.3775406687981454
739,1,1.0,1.0,0.65,1.0,1.0,1.0,1.0,1.0,0.9535603808258849,0.6280910269037937,0.5442448356969801,0.9933071490757153,0.3775406687981454
740,1,1.0,1.0,0.85,1.0,1.0,1.0,1.0,1.0,0.9868091879694733,0.8026341408007552,0.9028611395902505,0.9933071490757153,0.3775406687981454
741,1,1.0,1.0,0.65,1.0,1.0,1.0,1.0,0.9999585,0.9961811419906124,0.6306810080344551,0.9983469135392308,0.9933071490757153,0.3775406687981454
742,1,1.0,1.0,0.7,1.0,1.0,1.0,1.0,0.9999726,0.9956892485563598,0.6807820535679313,0.9916233555396038,0.9933071490757153,0.3775406687981454
743,1,1.0,1.0,0.7166666666666667,1.0,1.0,1.0,1.0,1.0,0.9992312000731313,0.7068117086052624,0.9898069196996704,0.9933071490757153,0.3775406687981454
744,1,1.0,1.0,0.75,1.0,1.0,1.0,1.0,0.99999845,0.9991344352932761,0.7298355462897236,0.9402087202483198,0.9933071490757153,0.3775406687981454
745,1,1.0,1.0,0.7833333333333333,1.0,1.0,1.0,1.0,0.9964586,0.9988301146230083,0.7437637418170149,0.9915073481917241,0.9933071490757153,0.3775406687981454
746,1,1.0,1.0,0.7166666666666667,1.0,1.0,1.0,1.0,1.0,0.9999467732738937,0.6823778705600128,0.8343638027218278,0.9933071490757153,0.3775406687981454
747,1,1.0,1.0,0.7166666666666667,1.0,1.0,1.0,1.0,0.99999964,0.9999999318753374,0.6742599214187425,0.9797232053679574,0.9933071490757153,0.3775406687981454
748,1,1.0,1.0,0.6333333333333333,1.0,1.0,1.0,1.0,1.0,0.999999946905042,0.6271689811209011,0.9947257486912933,0.9933071490757153,0.3775406687981454
749,1,1.0,1.0,0.8166666666666667,1.0,1.0,1.0,1.0,1.0,0.9999999482458792,0.7884280037839206,0.9708606748355607,0.9933071490757153,0.3775406687981454
750,1,1.0,1.0,0.65,1.0,1.0,1.0,1.0,1.0,0.9999999193540952,0.6299380478002543,0.9810407131437395,0.9933071490757153,0.3775406687981454
751,1,1.0,1.0,0.6666666666666666,1.0,1.0,1.0,1.0,1.0,0.9998187738167535,0.6404198993980704,0.777883614251681,0.9933071490757153,0.3775406687981454
752,1,1.0,1.0,0.75,1.0,1.0,1.0,1.0,1.0,0.9993181745326383,0.7186826487952788,0.9779578587365787,0.9933071490757153,0.3775406687981454
753,1,1.0,1.0,0.7833333333333333,1.0,1.0,1.0,1.0,0.9999999,0.9996561468482498,0.74154925831548,0.9992660901265609,0.9933071490757153,0.3775406687981454
754,1,1.0,1.0,0.7166666666666667,1.0,1.0,1.0,1.0,1.0,0.9998833528262232,0.7001365844548858,0.9807790849911555,0.9933071490757153,0.3775406687981454
755,1,1.0,1.0,0.7166666666666667,1.0,1.0,1.0,1.0,1.0,0.9971357863296431,0.691378603020216,0.9945311123996511,0.9933071490757153,0.3775406687981454
756,1,1.0,1.0,0.75,1.0,1.0,1.0,1.0,1.0,0.9975183210904408,0.708867093971134,0.9959723248127641,0.9933071490757153,0.3775406687981454
757,1,1.0,1.0,0.7166666666666667,1.0,1.0,1.0,1.0,1.0,0.9983909658569894,0.6940101261178578,0.9933259729516258,0.9933071490757153,0.3775406687981454
758,1,1.0,1.0,0.7333333333333333,1.0,1.0,1.0,1.0,0.95389265,0.9955814387559069,0.7025135546654996,0.9511334193575761,0.9933071490757153,0.3775406687981454
759,1,1.0,1.0,0.7666666666666667,1.0,1.0,1.0,1.0,1.0,0.9853455926157719,0.7385157786760039,0.9152593670984285,0.9933071490757153,0.3775406687981454
760,1,1.0,1.0,0.7,1.0,1.0,1.0,1.0,0.9999995,0.9915197729238011,0.67111544372531,0.9728454402313627,0.9933071490757153,0.3775406687981454
761,1,0.0,1.0,0.75,1.0,0.0,0.0,1.0,0.118427955,0.9508238027576886,0.692547594063343,0.7940229334779203,0.9933071490757153,0.3775406687981454
762,1,1.0,1.0,0.6833333333333333,1.0,1.0,1.0,1.0,0.9999988,0.9673365071842698,0.6685997614613058,0.980829147223609,0.9933071490757153,0.3775406687981454
763,1,1.0,1.0,0.65,1.0,1.0,1.0,1.0,1.0,0.9556117601236863,0.6414235217469787,0.9985225863445687,0.9933071490757153,0.3775406687981454
764,1,1.0,1.0,0.6333333333333333,1.0,0.0,1.0,1.0,1.0,0.8662411246941414,0.6222575597607777,0.998599409514803,0.9933071490757153,0.3775406687981454
765,1,1.0,1.0,0.8,1.0,1.0,1.0,1.0,0.9999099,0.9485437248223563,0.765588182860402,0.9720665014035661,0.9933071490757153,0.3775406687981454
766,1,1.0,1.0,0.6,1.0,1.0,1.0,1.0,1.0,0.9754435728777673,0.5940186548371671,0.9968664517822112,0.9933071490757153,0.3775406687981454
767,1,1.0,1.0,0.75,1.0,1.0,1.0,1.0,0.99999213,0.9952844963587669,0.708096862992667,0.9990257050392215,0.9933071490757153,0.3775406687981454
768,1,1.0,1.0,0.6833333333333333,1.0,1.0,1.0,1.0,1.0,0.9985259409472605,0.6418685383358728,0.5561065307185673,0.9933071490757153,0.3775406687981454
769,1,1.0,1.0,0.75,1.0,1.0,1.0,1.0,0.99981683,0.9970497468400047,0.712150998563117,0.9718834432625131,0.9933071490757153,0.3775406687981454
770,1,1.0,1.0,0.6833333333333333,1.0,1.0,1.0,1.0,1.0,0.9959827022341542,0.6753775338952742,0.9004883758947761,0.9933071490757153,0.3775406687981454
771,1,1.0,1.0,0.6666666666666666,1.0,1.0,1.0,1.0,1.0,0.9985871354377072,0.6244127089178961,0.9886611534789715,0.9933071490757153,0.3775406687981454
772,1,1.0,1.0,0.7666666666666667,1.0,1.0,1.0,1.0,1.0,0.9991628670585931,0.7505188818512271,0.9968911334926136,0.9933071490757153,0.3775406687981454
773,1,1.0,1.0,0.7166666666666667,1.0,1.0,1.0,1.0,1.0,0.9992830307600837,0.6708896886195268,0.9995709982075783,0.9933071490757153,0.3775406687981454
774,1,1.0,1.0,0.7333333333333333,1.0,1.0,1.0,1.0,1.0,0.9979003072296789,0.7092311007621764,0.9442088087453052,0.9933071490757153,0.3775406687981454
775,1,1.0,1.0,0.7333333333333333,1.0,1.0,1.0,1.0,1.0,0.9945940188430333,0.7053332320649616,0.9953335183259194,0.9933071490757153,0.3775406687981454
776,1,1.0,1.0,0.7333333333333333,1.0,1.0,1.0,1.0,1.0,0.9982106744994469,0.7091416671358479,0.999850104293133,0.9933071490757153,0.3775406687981454
777,1,1.0,1.0,0.7,1.0,1.0,1.0,1.0,1.0,0.9957035901813353,0.6813176439585259,0.953540421649482,0.9933071490757153,0.3775406687981454
778,1,1.0,1.0,0.7333333333333333,1.0,0.0,0.0,1.0,0.7532616,0.9875638707905772,0.7039548847377003,0.7082152780171436,0.9933071490757153,0.3775406687981454
779,1,1.0,1.0,0.65,1.0,1.0,1.0,1.0,1.0,0.9872603420192221,0.624590284231233,0.9703647262473075,0.9933071490757153,0.3775406687981454
780,1,1.0,0.9833333333333333,0.6166666666666667,1.0,1.0,1.0,1.0,1.0,0.9642665959721272,0.5995786391150504,0.9959723248127641,0.9933071490757153,0.3775406687981454
781,1,1.0,1.0,0.6,1.0,1.0,1.0,1.0,1.0,0.9556199355347366,0.6087391656449083,0.9987513354456483,0.9933071490757153,0.3775406687981454
782,1,1.0,1.0,0.7166666666666667,1.0,1.0,1.0,1.0,1.0,0.9615548980969313,0.7010685424175661,0.9916640801484449,0.9933071490757153,0.3775406687981454
783,1,1.0,1.0,0.6666666666666666,1.0,1.0,1.0,1.0,0.99995625,0.9396905435392249,0.6582206158125451,0.9767727587170463,0.9933071490757153,0.3775406687981454
784,1,1.0,1.0,0.7666666666666667,1.0,1.0,1.0,1.0,0.9997688,0.963118159736706,0.7501489102314561,0.9389052360885237,0.9933071490757153,0.3775406687981454
785,1,1.0,1.0,0.65,1.0,1.0,1.0,1.0,1.0,0.9668770964633064,0.6348548518280356,0.8894206904339861,0.9933071490757153,0.3775406687981454
786,1,1.0,1.0,0.6333333333333333,1.0,1.0,1.0,1.0,1.0,0.9743320496570841,0.6196721191113091,0.9995709982075783,0.9933071490757153,0.3775406687981454
787,1,1.0,1.0,0.7166666666666667,1.0,1.0,1.0,1.0,1.0,0.977614928550347,0.6943001371876263,0.9922262959205852,0.9933071490757153,0.3775406687981454
788,1,1.0,0.9833333333333333,0.75,1.0,1.0,1.0,1.0,1.0,0.9326185428612045,0.7241673462443426,0.9889619477713655,0.9933071490757153,0.3775406687981454
789,1,1.0,1.0,0.7166666666666667,1.0,1.0,1.0,1.0,0.9999474,0.985891351545631,0.691240458284707,0.8703637490889292,0.9933071490757153,0.3775406687981454
790,1,1.0,1.0,0.7333333333333333,1.0,1.0,1.0,1.0,1.0,0.9804587846752414,0.72279428231957,0.9975377304543713,0.9933071490757153,0.3775406687981454
791,1,1.0,1.0,0.7666666666666667,1.0,1.0,1.0,1.0,0.994052,0.939574258581739,0.7501290251689465,0.9974407219656263,0.9933071490757153,0.3775406687981454
792,1,1.0,1.0,0.8166666666666667,1.0,1.0,1.0,1.0,0.9997688,0.9811788662926486,0.7832363558582306,0.9389052360885237,0.9933071490757153,0.3775406687981454
793,1,1.0,1.0,0.8,1.0,1.0,1.0,1.0,1.0,0.9970701376501743,0.7605396424902062,0.6982152611046035,0.9933071490757153,0.3775406687981454
794,1,1.0,1.0,0.75,1.0,1.0,1.0,1.0,1.0,0.9991650719784544,0.7105511489416401,0.8253673484226914,0.9933071490757153,0.3775406687981454
795,1,1.0,1.0,0.8,1.0,1.0,1.0,1.0,0.99924254,0.9983139057504681,0.7828415982688189,0.9985192374703561,0.9933071490757153,0.3775406687981454
796,1,1.0,1.0,0.8,1.0,1.0,1.0,1.0,1.0,0.9934015502585748,0.7615205925343418,0.9997786133656323,0.9933071490757153,0.3775406687981454
797,1,1.0,1.0,0.6666666666666666,1.0,1.0,1.0,1.0,0.99996686,0.9912755337063686,0.638934715854635,0.9848579002532036,0.9933071490757153,0.3775406687981454
798,1,1.0,0.9833333333333333,0.6833333333333333,1.0,1.0,1.0,1.0,1.0,0.934414250686052,0.6559718610640534,0.9994534991285807,0.9933071490757153,0.3775406687981454
799,1,1.0,0.9833333333333333,0.8166666666666667,1.0,1.0,1.0,1.0,1.0,0.8991417544950397,0.7616814330546686,0.9589504447476522,0.9933071490757153,0.3775406687981454
800,1,1.0,0.8833333333333333,0.7833333333333333,1.0,1.0,1.0,1.0,1.0,0.774604863079223,0.7578631168680536,0.99947129670321,0.9933071490757153,0.3775406687981454
801,1,1.0,0.35,0.7166666666666667,1.0,0.0,0.0,1.0,1.0,0.3967921158620537,0.6723318558288666,0.9985578647082707,0.9933071490757153,0.3775406687981454
802,1,1.0,0.05,0.7333333333333333,1.0,0.0,0.0,1.0,1.0,0.21292533155017948,0.7117179201596306,0.998599409514803,0.9933071490757153,0.3775406687981454
803,1,0.0,0.15,0.8,0.0,0.0,0.0,0.0,0.0012539076,0.25344888091445866,0.7442636097659605,0.7717042860040915,0.9933071490757153,0.3775406687981454
804,1,1.0,0.05,0.7333333333333333,1.0,0.0,0.0,1.0,0.9999999,0.15916781482616452,0.6874284065328463,0.9969011700302671,0.9933071490757153,0.3775406687981454
805,1,1.0,0.05,0.6833333333333333,1.0,0.0,0.0,1.0,1.0,0.14253482226592326,0.6542897580053192,0.9834107582807888,0.9933071490757153,0.3775406687981454
806,1,1.0,0.13333333333333333,0.7333333333333333,1.0,0.0,0.0,1.0,0.9998722,0.28115031822792697,0.7106662462030767,0.8600751005582272,0.9933071490757153,0.3775406687981454
807,1,1.0,0.4666666666666667,0.5333333333333333,1.0,0.0,0.0,1.0,1.0,0.43803335582090036,0.5325941346152187,0.89132174362642,0.9933071490757153,0.3775406687981454
808,1,1.0,0.35,0.7166666666666667,1.0,0.0,0.0,1.0,0.99999654,0.42319917950203895,0.6967330143366606,0.9951867161137676,0.9933071490757153,0.3775406687981454
809,1,1.0,0.36666666666666664,0.65,1.0,0.0,0.0,1.0,1.0,0.43521527830093754,0.6438668884872564,0.9849401474637541,0.9933071490757153,0.3775406687981454
810,1,1.0,0.6666666666666666,0.7333333333333333,1.0,0.0,0.0,1.0,0.9999993,0.6071217113865828,0.6968761570580946,0.9968474743923036,0.9933071490757153,0.3775406687981454
811,1,1.0,0.5833333333333334,0.75,1.0,0.0,0.0,1.0,0.9999994,0.5455673655383353,0.7106553007009616,0.9715152635107532,0.9933071490757153,0.3775406687981454
812,1,1.0,0.7166666666666667,0.7333333333333333,1.0,0.0,0.0,1.0,0.84459525,0.7672285557211433,0.6361469830734723,0.7900879934083906,0.9933071490757153,0.3775406687981454
813,0,1.0,0.16666666666666666,0.7833333333333333,1.0,0.0,0.0,1.0,5.9024354e-09,0.8381474135306585,0.1962081649385488,0.9937303750222526,0.9933071490757153,0.3775406687981454
814,0,1.0,0.9833333333333333,0.8333333333333334,1.0,0.0,0.0,1.0,6.510694e-10,0.3892826073259974,0.4070129669058812,0.9937324282736427,0.9933071490757153,0.3775406687981454
815,1,1.0,1.0,0.8166666666666667,1.0,1.0,1.0,1.0,1.0,0.9999984635463737,0.7302040015708056,0.9993075318279533,0.9933071490757153,0.3775406687981454
816,1,1.0,1.0,0.7666666666666667,1.0,1.0,1.0,1.0,1.0,0.9979443055009565,0.7020590465728372,0.9911357466633574,0.9933071490757153,0.3775406687981454
817,1,1.0,1.0,0.6666666666666666,1.0,1.0,1.0,1.0,1.0,0.9805500395556472,0.6234110363927893,0.9991065816063807,0.9933071490757153,0.3775406687981454
818,1,1.0,1.0,0.65,1.0,1.0,1.0,1.0,1.0,0.9560856941933544,0.6252737090350564,0.6180199338147758,0.9933071490757153,0.3775406687981454
819,1,1.0,1.0,0.7333333333333333,1.0,1.0,1.0,1.0,0.999998,0.9900588084322912,0.6754088707841247,0.9827241642341763,0.9933071490757153,0.3775406687981454
820,1,1.0,1.0,0.7,1.0,1.0,1.0,1.0,0.9999999,0.9782447785239833,0.6453258046979339,0.999448420024223,0.9933071490757153,0.3775406687981454
821,1,1.0,1.0,0.7333333333333333,1.0,1.0,1.0,1.0,1.0,0.9685618988176706,0.6789953463194535,0.994922028021858,0.9933071490757153,0.3775406687981454
822,1,1.0,1.0,0.7,1.0,1.0,1.0,1.0,1.0,0.9721392727127446,0.6534115601332661,0.8343638027218278,0.9933071490757153,0.3775406687981454
823,1,1.0,1.0,0.7666666666666667,1.0,1.0,1.0,1.0,1.0,0.9494985097435726,0.6939707218837127,0.9978133764845403,0.9933071490757153,0.3775406687981454
824,1,1.0,1.0,0.7666666666666667,1.0,1.0,1.0,1.0,1.0,0.9524437727511416,0.7077831324815238,0.9998261361087354,0.9933071490757153,0.3775406687981454
825,1,1.0,0.9666666666666667,0.7666666666666667,1.0,0.0,1.0,1.0,1.0,0.7912839356038456,0.6394697401247632,0.9993486359433033,0.9933071490757153,0.3775406687981454
826,1,1.0,1.0,0.7333333333333333,1.0,0.0,1.0,1.0,1.0,0.7856665026600562,0.6178836549499568,0.9488285726062481,0.9933071490757153,0.3775406687981454
827,1,1.0,1.0,0.7333333333333333,1.0,1.0,1.0,1.0,1.0,0.99999999999997,0.7006981807894251,0.9979521728029752,0.9933071490757153,0.3775406687981454
828,1,1.0,1.0,0.8,1.0,1.0,1.0,1.0,0.9999999,0.99999999999997,0.7661840105653676,0.852413884025049,0.9933071490757153,0.3775406687981454
829,1,1.0,1.0,0.6666666666666666,1.0,1.0,1.0,1.0,1.0,0.99999999999997,0.6721520200121842,0.9995728893995548,0.9933071490757153,0.3775406687981454
830,1,1.0,1.0,0.7833333333333333,1.0,1.0,1.0,1.0,0.9999999,0.99999999999997,0.746677755579869,0.852413884025049,0.9933071490757153,0.3775406687981454
831,1,1.0,1.0,0.7333333333333333,1.0,1.0,1.0,1.0,0.9999646,0.99999999999997,0.7075836077113915,0.8071260423747069,0.9933071490757153,0.3775406687981454
832,1,1.0,1.0,0.7333333333333333,1.0,1.0,1.0,1.0,1.0,0.99999999999997,0.7064559348521365,0.9973764903928362,0.9933071490757153,0.3775406687981454
833,1,1.0,1.0,0.6833333333333333,1.0,1.0,1.0,1.0,0.9999976,0.99999999999997,0.6734200836798269,0.9997428013212655,0.9933071490757153,0.3775406687981454
834,1,1.0,1.0,0.6833333333333333,1.0,1.0,1.0,1.0,1.0,0.99999999999997,0.6712339977865438,0.960878499878482,0.9933071490757153,0.3775406687981454
835,1,1.0,1.0,0.7333333333333333,1.0,1.0,1.0,1.0,1.0,0.99999999999997,0.7134866702725305,0.9939013767244443,0.9933071490757153,0.3775406687981454
836,1,1.0,1.0,0.7666666666666667,1.0,1.0,1.0,1.0,1.0,0.99999999999997,0.7180771922457326,0.9988181848705252,0.9933071490757153,0.3775406687981454
837,1,1.0,1.0,0.75,1.0,0.0,0.0,1.0,0.642584,0.99999999999997,0.7076386573040679,0.9998852817449227,0.9933071490757153,0.3775406687981454
838,1,1.0,1.0,0.7,1.0,1.0,1.0,1.0,1.0,0.99999999999997,0.6772573836891417,0.9963420132546233,0.9933071490757153,0.3775406687981454
839,1,1.0,1.0,0.6333333333333333,1.0,1.0,1.0,1.0,1.0,0.99999999999997,0.6323926243834664,0.7783637834582099,0.9933071490757153,0.3775406687981454
840,1,1.0,1.0,0.7666666666666667,1.0,1.0,1.0,1.0,0.99990666,0.99999999999997,0.7232247891419835,0.7866891267407105,0.9933071490757153,0.3775406687981454
841,1,1.0,1.0,0.7333333333333333,1.0,1.0,1.0,1.0,0.99999964,0.99999999999997,0.6921177684462325,0.5532423975531677,0.9933071490757153,0.3775406687981454
842,1,1.0,1.0,0.7333333333333333,1.0,1.0,1.0,1.0,0.99999917,0.99999999999997,0.6887841983979754,0.4416199599916231,0.9933071490757153,0.3775406687981454
843,1,1.0,1.0,0.7666666666666667,1.0,1.0,1.0,1.0,1.0,0.99999999999997,0.7317661649487587,0.9420372454368549,0.9933071490757153,0.3775406687981454
844,1,1.0,1.0,0.7,1.0,1.0,1.0,1.0,1.0,0.99999999999997,0.6516814914670044,0.7387567492043924,0.9933071490757153,0.3775406687981454
845,1,1.0,1.0,0.6333333333333333,1.0,1.0,1.0,1.0,0.9999945,0.99999999999997,0.6219997312369571,0.9996065473638286,0.9933071490757153,0.3775406687981454
846,1,1.0,1.0,0.7333333333333333,1.0,1.0,1.0,1.0,0.9998148,0.99999999999997,0.6938770813181282,0.9565407929458163,0.9933071490757153,0.3775406687981454
847,1,1.0,1.0,0.7166666666666667,1.0,1.0,1.0,1.0,0.99924636,0.99999999999997,0.6983723903488043,0.9856276424356207,0.9933071490757153,0.3775406687981454
848,1,1.0,1.0,0.65,1.0,1.0,1.0,1.0,1.0,0.99999999999997,0.6338931344951487,0.8115226939651581,0.9933071490757153,0.3775406687981454
849,1,1.0,1.0,0.7,1.0,1.0,1.0,1.0,0.99999964,0.99999999999997,0.650612937305337,0.9755829287641155,0.9933071490757153,0.3775406687981454
850,1,1.0,1.0,0.7666666666666667,1.0,1.0,1.0,1.0,1.0,0.99999999999997,0.715325045702268,0.9943239185061638,0.9933071490757153,0.3775406687981454
851,1,1.0,1.0,0.7,1.0,1.0,1.0,1.0,1.0,0.99999999999997,0.6729301229418214,0.9503783446684738,0.9933071490757153,0.3775406687981454
852,1,1.0,1.0,0.8333333333333334,1.0,1.0,1.0,1.0,1.0,0.99999999999997,0.7764907788386314,0.9869898212994083,0.9933071490757153,0.3775406687981454
853,1,1.0,1.0,0.8333333333333334,1.0,1.0,1.0,1.0,0.99999654,0.99999999999997,0.7642444987309048,0.9951867161137676,0.9933071490757153,0.3775406687981454
854,1,1.0,1.0,0.65,1.0,1.0,1.0,1.0,0.9999995,0.99999999999997,0.6302265512849682,0.9949319332992937,0.9933071490757153,0.3775406687981454
855,1,1.0,1.0,0.75,1.0,1.0,1.0,1.0,1.0,0.99999999999997,0.7072292797490444,0.9980476927783568,0.9933071490757153,0.3775406687981454
856,1,1.0,1.0,0.7666666666666667,1.0,1.0,1.0,1.0,0.99909043,0.99999999999997,0.7353203866622007,0.9267641762667997,0.9933071490757153,0.3775406687981454
857,1,1.0,1.0,0.6833333333333333,1.0,1.0,1.0,1.0,1.0,0.99999999999997,0.6615020057338936,0.971740291806849,0.9933071490757153,0.3775406687981454
858,1,0.0,1.0,0.7,1.0,0.0,0.0,1.0,0.20783812,0.99999999999997,0.6728418649290134,0.8885901450321682,0.9933071490757153,0.3775406687981454
859,1,1.0,1.0,0.6333333333333333,1.0,1.0,1.0,1.0,0.9999474,0.99999999999997,0.5931907579594171,0.8703637490889292,0.9933071490757153,0.3775406687981454
860,1,1.0,1.0,0.7666666666666667,1.0,1.0,1.0,1.0,1.0,0.99999999999997,0.7097294260933826,0.884208301577366,0.9933071490757153,0.3775406687981454
861,1,1.0,1.0,0.6666666666666666,1.0,1.0,1.0,1.0,1.0,0.99999999999997,0.6444591472190742,0.9301409614548177,0.9933071490757153,0.3775406687981454
862,1,1.0,1.0,0.7833333333333333,1.0,1.0,1.0,1.0,1.0,0.99999999999997,0.7312679645798977,0.9566587225470251,0.9933071490757153,0.3775406687981454
863,1,1.0,1.0,0.7,1.0,1.0,1.0,1.0,1.0,0.99999999999997,0.6789240192093532,0.9968394154821897,0.9933071490757153,0.3775406687981454
864,1,1.0,1.0,0.8166666666666667,1.0,1.0,1.0,1.0,0.99999964,0.99999999999997,0.7570774752178528,0.975478069297065,0.9933071490757153,0.3775406687981454
865,1,1.0,1.0,0.65,1.0,1.0,1.0,1.0,1.0,0.99999999999997,0.6468719033365854,0.9954328690064986,0.9933071490757153,0.3775406687981454
866,1,1.0,1.0,0.7333333333333333,1.0,1.0,1.0,1.0,0.9453398,0.99999999999997,0.7070624946899233,0.9823268531928321,0.9933071490757153,0.3775406687981454
867,1,1.0,1.0,0.6,1.0,1.0,1.0,1.0,0.9999428,0.99999999999997,0.5856677299366816,0.9635043086147345,0.9933071490757153,0.3775406687981454
868,1,1.0,1.0,0.7666666666666667,1.0,1.0,1.0,1.0,1.0,0.99999999999997,0.7196116355333135,0.9951480158457396,0.9933071490757153,0.3775406687981454
869,1,1.0,1.0,0.7333333333333333,1.0,1.0,1.0,1.0,1.0,0.99999999999997,0.6747048042381892,0.999008556451352,0.9933071490757153,0.3775406687981454
870,1,1.0,1.0,0.7333333333333333,1.0,1.0,1.0,1.0,1.0,0.99999999999997,0.6896276771379141,0.8858185212335951,0.9933071490757153,0.3775406687981454
871,1,1.0,1.0,0.75,1.0,1.0,1.0,1.0,1.0,0.99999999999997,0.7220756582591137,0.9952124579518058,0.9933071490757153,0.3775406687981454
872,1,1.0,1.0,0.8,1.0,1.0,1.0,1.0,1.0,0.99999999999997,0.7592469574516738,0.971217112825317,0.9933071490757153,0.3775406687981454
873,1,1.0,1.0,0.7666666666666667,1.0,1.0,1.0,1.0,1.0,0.99999999999997,0.7119389146719625,0.9696980906426843,0.9933071490757153,0.3775406687981454
874,1,1.0,1.0,0.6333333333333333,1.0,1.0,1.0,1.0,1.0,0.99999999999997,0.6284870732748294,0.9902327354675645,0.9933071490757153,0.3775406687981454
875,1,1.0,1.0,0.6166666666666667,1.0,1.0,1.0,1.0,0.99454486,0.99999999999997,0.591936047618306,0.9997480724521922,0.9933071490757153,0.3775406687981454
876,1,1.0,1.0,0.7666666666666667,1.0,1.0,1.0,1.0,1.0,0.99999999999997,0.7261604898450693,0.995705972815073,0.9933071490757153,0.3775406687981454
877,1,1.0,1.0,0.7666666666666667,1.0,1.0,1.0,1.0,1.0,0.99999999999997,0.720809805352712,0.9975318705174454,0.9933071490757153,0.3775406687981454
878,1,1.0,1.0,0.75,1.0,1.0,1.0,1.0,1.0,0.99999999999997,0.7247545613060691,0.9771750040561795,0.9933071490757153,0.3775406687981454
879,1,1.0,1.0,0.7333333333333333,1.0,1.0,1.0,1.0,0.99975055,0.99999999999997,0.6992184584939297,0.9945150666885579,0.9933071490757153,0.3775406687981454
880,1,1.0,0.7833333333333333,0.8,1.0,1.0,1.0,1.0,0.99999213,0.9971947032822069,0.5987581784579757,0.9990257050392215,0.9933071490757153,0.3775406687981454
881,0,1.0,0.7333333333333333,0.7333333333333333,1.0,0.0,1.0,1.0,6.2887744e-11,0.30978814913803937,0.22365280501849577,0.947529615912967,0.9933071490757153,0.3775406687981454
882,0,1.0,1.0,0.6833333333333333,1.0,1.0,1.0,1.0,5.9445018e-08,0.00911855239642586,0.2456160295432383,0.9966155355659853,0.9933071490757153,0.3775406687981454
883,0,1.0,1.0,0.7333333333333333,1.0,1.0,1.0,1.0,4.050611e-13,0.004509100938975367,0.23601999075418473,0.9999738674658801,0.9933071490757153,0.3775406687981454
884,0,1.0,1.0,0.6666666666666666,1.0,1.0,1.0,1.0,0.010724382,0.004641826950804586,0.2765279607539695,0.9947831447725967,0.9933071490757153,0.3775406687981454
885,0,1.0,1.0,0.65,1.0,0.0,0.0,1.0,0.24716257,0.00434551321181336,0.2969783466730534,0.9928439216578921,0.9933071490757153,0.3775406687981454
886,0,1.0,1.0,0.8166666666666667,1.0,1.0,1.0,1.0,2.8969594e-11,0.005158030463041799,0.16377711091407007,0.9923473639240717,0.9933071490757153,0.3775406687981454
887,0,1.0,1.0,0.7666666666666667,1.0,1.0,1.0,1.0,3.8669832e-14,0.005564032190391335,0.22027726237703155,0.9994551070751386,0.9933071490757153,0.3775406687981454
888,0,1.0,1.0,0.7666666666666667,1.0,1.0,1.0,1.0,5.148301e-10,0.004616575333534246,0.21188146516632173,0.9998547016008598,0.9933071490757153,0.3775406687981454
889,0,1.0,1.0,0.6333333333333333,1.0,1.0,1.0,1.0,2.2455274e-06,0.003929427415458994,0.2990102708507639,0.9999169352888644,0.9933071490757153,0.3775406687981454
890,0,1.0,1.0,0.75,1.0,1.0,1.0,1.0,0.010724382,0.005182807999367338,0.21491268181686504,0.9947831447725967,0.9933071490757153,0.3775406687981454
891,0,1.0,1.0,0.7666666666666667,1.0,1.0,1.0,1.0,4.3170695e-17,0.0046538299025903436,0.2138131029972568,0.9995796105850737,0.9933071490757153,0.3775406687981454
892,0,1.0,1.0,0.7333333333333333,1.0,1.0,1.0,1.0,0.0014032612,0.005929132910606132,0.21997965209203055,0.9902873667769994,0.9933071490757153,0.3775406687981454
893,0,1.0,1.0,0.7666666666666667,1.0,1.0,1.0,1.0,0.0057401382,0.005543864377095869,0.20560800782097768,0.9975786345663956,0.9933071490757153,0.3775406687981454
894,0,1.0,1.0,0.7333333333333333,1.0,1.0,1.0,1.0,1.5315681e-08,0.004192192011381978,0.2251487564145981,0.9953324891808154,0.9933071490757153,0.3775406687981454
895,0,1.0,1.0,0.5833333333333334,1.0,1.0,1.0,1.0,7.0933897e-12,0.004230376735074564,0.3420008342937101,0.9988938997631418,0.9933071490757153,0.3775406687981454
896,0,1.0,1.0,0.75,1.0,0.0,0.0,1.0,4.8821308e-17,0.38619060332190996,0.41652885700920944,0.9593399269717451,0.9933071490757153,0.3775406687981454
897,1,1.0,1.0,0.7833333333333333,1.0,1.0,1.0,1.0,1.0,0.99999999999997,0.7817390175864666,0.9923029666005819,0.9933071490757153,0.3775406687981454
898,1,1.0,1.0,0.7666666666666667,1.0,1.0,1.0,1.0,1.0,0.99999999999997,0.7518742714344048,0.9893606989638254,0.9933071490757153,0.3775406687981454
899,1,1.0,1.0,0.7333333333333333,1.0,1.0,1.0,1.0,1.0,0.99999999999997,0.7265704303912093,0.9834107582807888,0.9933071490757153,0.3775406687981454
900,1,1.0,1.0,0.7333333333333333,1.0,1.0,1.0,1.0,1.0,0.99999999999997,0.7139034414710995,0.9981332924480197,0.9933071490757153,0.3775406687981454
901,1,1.0,1.0,0.48333333333333334,1.0,0.0,1.0,1.0,0.9999583,0.99999999999997,0.5150924618219762,0.9743710436115257,0.9933071490757153,0.3775406687981454
902,1,1.0,1.0,0.7333333333333333,1.0,1.0,1.0,1.0,1.0,0.99999999999997,0.7347106005383516,0.9703647262473075,0.9933071490757153,0.3775406687981454
903,1,1.0,1.0,0.6833333333333333,1.0,1.0,1.0,1.0,0.9999994,0.99999999999997,0.6847374633563121,0.5399796203406995,0.9933071490757153,0.3775406687981454
904,1,1.0,1.0,0.7333333333333333,1.0,1.0,1.0,1.0,1.0,0.99999999999997,0.726822249145996,0.9911357466633574,0.9933071490757153,0.3775406687981454
905,0,1.0,0.9833333333333333,0.7666666666666667,1.0,0.0,0.0,1.0,6.5322037e-13,0.306419793665739,0.3477247878782777,0.9890808243106946,0.9933071490757153,0.3775406687981454
906,1,1.0,1.0,0.75,1.0,1.0,1.0,1.0,1.0,0.9668103913671812,0.7269524092501263,0.9991952088664012,0.9933071490757153,0.3775406687981454
907,1,1.0,1.0,0.6833333333333333,1.0,1.0,1.0,1.0,0.9999604,0.99999999999997,0.6818470888513765,0.9791430034305112,0.9933071490757153,0.3775406687981454
908,1,1.0,1.0,0.7333333333333333,1.0,1.0,1.0,1.0,0.9999999,0.99999999999997,0.7189802217103866,0.8978241258894561,0.9933071490757153,0.3775406687981454
909,1,1.0,1.0,0.7333333333333333,1.0,1.0,1.0,1.0,1.0,0.99999999999997,0.743565936685225,0.9475763399486578,0.9933071490757153,0.3775406687981454
910,1,1.0,1.0,0.65,1.0,1.0,1.0,1.0,1.0,0.99999999999997,0.646222573426602,0.990742028185826,0.9933071490757153,0.3775406687981454
911,1,1.0,1.0,0.6833333333333333,1.0,1.0,1.0,1.0,0.99997294,0.99999999999997,0.683140979378564,0.9356420825804335,0.9933071490757153,0.3775406687981454
912,1,1.0,1.0,0.6166666666666667,1.0,1.0,1.0,1.0,1.0,0.99999999999997,0.6271569159059637,0.9914913073591773,0.9933071490757153,0.3775406687981454
913,1,1.0,1.0,0.6666666666666666,1.0,1.0,1.0,1.0,1.0,0.99999999999997,0.6669627589471926,0.9443634466745817,0.9933071490757153,0.3775406687981454
914,1,1.0,1.0,0.8,1.0,1.0,1.0,1.0,1.0,0.99999999999997,0.7782810833858277,0.9936234988155211,0.9933071490757153,0.3775406687981454
915,1,1.0,1.0,0.6833333333333333,1.0,1.0,1.0,1.0,1.0,0.99999999999997,0.6894368498290775,0.9074013470719665,0.9933071490757153,0.3775406687981454
916,1,1.0,1.0,0.65,1.0,1.0,1.0,1.0,1.0,0.99999999999997,0.6508412606714418,0.9891274050056654,0.9933071490757153,0.3775406687981454
917,1,1.0,1.0,0.65,1.0,1.0,1.0,1.0,1.0,0.99999999999997,0.659249173035341,0.9987195194109512,0.9933071490757153,0.3775406687981454
918,1,1.0,1.0,0.7333333333333333,1.0,1.0,1.0,1.0,0.99999774,0.99999999999997,0.722780125069035,0.9679323430729347,0.9933071490757153,0.3775406687981454
919,1,1.0,1.0,0.7833333333333333,1.0,1.0,1.0,1.0,1.0,0.99999999999997,0.7640090471659438,0.9982886670344153,0.9933071490757153,0.3775406687981454
920,1,1.0,1.0,0.75,1.0,1.0,1.0,1.0,1.0,0.99999999999997,0.734395525191214,0.9972086901972916,0.9933071490757153,0.3775406687981454
921,1,1.0,1.0,0.75,1.0,1.0,1.0,1.0,1.0,0.99999999999997,0.733820224419913,0.702048842944432,0.9933071490757153,0.3775406687981454
922,1,1.0,1.0,0.65,1.0,1.0,1.0,1.0,0.9999981,0.99999999999997,0.6448229174785233,0.9657870074881826,0.9933071490757153,0.3775406687981454
923,1,1.0,1.0,0.65,1.0,1.0,1.0,1.0,1.0,0.99999999999997,0.6487191736597461,0.9969542583411319,0.9933071490757153,0.3775406687981454
924,1,1.0,1.0,0.65,1.0,1.0,1.0,1.0,1.0,0.99999999999997,0.6370449268740405,0.9938736283982835,0.9933071490757153,0.3775406687981454
925,1,1.0,1.0,0.7833333333333333,1.0,1.0,1.0,1.0,0.9999721,0.99999999999997,0.758192378911455,0.9657025148112126,0.9933071490757153,0.3775406687981454
926,1,1.0,1.0,0.6666666666666666,1.0,1.0,1.0,1.0,0.99999964,0.99999999999997,0.6712352775672648,0.9755829287641155,0.9933071490757153,0.3775406687981454
927,0,1.0,0.9666666666666667,0.7333333333333333,1.0,0.0,0.0,1.0,2.648847e-12,0.3522939856144135,0.39510674706960647,0.9990814932699816,0.9933071490757153,0.3775406687981454
928,0,1.0,1.0,0.75,1.0,1.0,1.0,1.0,4.6067694e-06,0.008887612867056586,0.22886245857467752,0.9962442069690413,0.9933071490757153,0.3775406687981454
929,1,1.0,1.0,0.6666666666666666,1.0,1.0,1.0,1.0,1.0,0.9998190250288087,0.6607328382960281,0.9993886879251982,0.9933071490757153,0.3775406687981454
930,1,1.0,1.0,0.8333333333333334,1.0,1.0,1.0,1.0,1.0,0.9999999999680157,0.8007030163087109,0.9991065816063807,0.9933071490757153,0.3775406687981454
931,1,1.0,1.0,0.65,1.0,1.0,1.0,1.0,1.0,0.9999999998084218,0.6380495102814852,0.8322826740386946,0.9933071490757153,0.3775406687981454
932,1,1.0,1.0,0.7166666666666667,1.0,1.0,1.0,1.0,0.99999845,0.9999999993070752,0.6829469079680114,0.9402087202483198,0.9933071490757153,0.3775406687981454
933,1,1.0,1.0,0.7333333333333333,1.0,1.0,1.0,1.0,1.0,0.9999999970151937,0.7170938845870908,0.989946272724573,0.9933071490757153,0.3775406687981454
934,1,1.0,1.0,0.7666666666666667,1.0,1.0,1.0,1.0,0.9999989,0.999999999993131,0.7468805634354694,0.9981671179996457,0.9933071490757153,0.3775406687981454
935,1,1.0,1.0,0.6166666666666667,1.0,1.0,1.0,1.0,0.99999714,0.9999999999997123,0.6044750357696125,0.9316086858026174,0.9933071490757153,0.3775406687981454
936,1,1.0,1.0,0.7833333333333333,1.0,1.0,1.0,1.0,1.0,0.9999999999954754,0.7572851520570184,0.9768122754955454,0.9933071490757153,0.3775406687981454
937,1,1.0,1.0,0.6833333333333333,1.0,1.0,1.0,1.0,1.0,0.9999999999815934,0.6733237996108716,0.7135158882154171,0.9933071490757153,0.3775406687981454
938,1,1.0,1.0,0.7333333333333333,1.0,1.0,1.0,1.0,1.0,0.9999999999037608,0.7159308999954755,0.9959614558250095,0.9933071490757153,0.3775406687981454
939,1,1.0,1.0,0.7666666666666667,1.0,1.0,1.0,1.0,0.99999976,0.9999999997712836,0.7560559750729234,0.8071877541901133,0.9933071490757153,0.3775406687981454
940,1,1.0,1.0,0.65,1.0,1.0,1.0,1.0,1.0,0.9999999999419033,0.6556962235924957,0.9989839903766677,0.9933071490757153,0.3775406687981454
941,1,1.0,1.0,0.75,1.0,1.0,1.0,1.0,0.99999964,0.999999999948271,0.7248800551138974,0.8853707458530701,0.9933071490757153,0.3775406687981454
942,1,1.0,1.0,0.7166666666666667,1.0,1.0,1.0,1.0,1.0,0.9999999999730759,0.7065332945532319,0.9771750040561795,0.9933071490757153,0.3775406687981454
943,1,1.0,1.0,0.7666666666666667,1.0,1.0,1.0,1.0,0.9999865,0.9999999999950222,0.7355763882360812,0.9806669539185048,0.9933071490757153,0.3775406687981454
944,1,1.0,1.0,0.65,1.0,1.0,1.0,1.0,0.99999535,0.9999999998649383,0.6588844159261356,0.9783166158342678,0.9933071490757153,0.3775406687981454
945,1,1.0,1.0,0.6666666666666666,1.0,0.0,0.0,1.0,0.7532616,0.9999999999429289,0.6675995045235786,0.7082152780171436,0.9933071490757153,0.3775406687981454
946,1,1.0,1.0,0.8,1.0,1.0,1.0,1.0,1.0,0.9999999998948448,0.7693708734932142,0.9357819365267562,0.9933071490757153,0.3775406687981454
947,1,1.0,1.0,0.7,1.0,1.0,1.0,1.0,0.9999993,0.9999999986606827,0.6731051537552987,0.9702638853892602,0.9933071490757153,0.3775406687981454
948,1,1.0,1.0,0.7833333333333333,1.0,1.0,1.0,1.0,0.9999999,0.9999999995120226,0.7766944582133619,0.99809579642152,0.9933071490757153,0.3775406687981454
949,1,1.0,1.0,0.7666666666666667,1.0,1.0,1.0,1.0,1.0,0.9999999998891322,0.7251820079288565,0.9558620081271904,0.9933071490757153,0.3775406687981454
950,1,1.0,1.0,0.7333333333333333,1.0,1.0,1.0,1.0,1.0,0.9999999998806444,0.7086934626235255,0.9997774673834056,0.9933071490757153,0.3775406687981454
951,1,1.0,1.0,0.6,1.0,1.0,1.0,1.0,0.99592495,0.9999999982202995,0.6143657216548467,0.9558494990785062,0.9933071490757153,0.3775406687981454
952,1,1.0,1.0,0.7333333333333333,1.0,1.0,1.0,1.0,1.0,0.999999928964811,0.7037396907012076,0.9450090289798143,0.9933071490757153,0.3775406687981454
953,1,1.0,1.0,0.7833333333333333,1.0,1.0,1.0,1.0,1.0,0.9999999782062484,0.77507754994076,0.9990732886227345,0.9933071490757153,0.3775406687981454
954,1,1.0,1.0,0.7,1.0,1.0,1.0,1.0,1.0,0.9999999799624708,0.6970550790109916,0.9981883038982182,0.9933071490757153,0.3775406687981454
955,1,1.0,1.0,0.7833333333333333,1.0,1.0,1.0,1.0,0.9999999,0.999999976128156,0.773007244552957,0.9997413079897652,0.9933071490757153,0.3775406687981454
956,1,1.0,1.0,0.6333333333333333,1.0,1.0,1.0,1.0,1.0,0.9999999937429751,0.6176415969362754,0.9916446018030883,0.9933071490757153,0.3775406687981454
957,1,1.0,1.0,0.7666666666666667,1.0,1.0,1.0,1.0,0.99999976,0.9999999945154435,0.7545756246206927,0.9331994255903383,0.9933071490757153,0.3775406687981454
958,1,1.0,1.0,0.8333333333333334,1.0,1.0,1.0,1.0,0.9999099,0.999999986720434,0.7981126025260638,0.9720665014035661,0.9933071490757153,0.3775406687981454
959,1,1.0,1.0,0.6833333333333333,1.0,1.0,1.0,1.0,0.8872051,0.9999999894446919,0.6701343054733584,0.9929785421215213,0.9933071490757153,0.3775406687981454
960,1,1.0,1.0,0.7166666666666667,1.0,1.0,1.0,1.0,1.0,0.9999998085544219,0.7135311524067768,0.9954328690064986,0.9933071490757153,0.3775406687981454
961,1,1.0,1.0,0.7666666666666667,1.0,1.0,1.0,1.0,0.99993825,0.9998235172633895,0.7496217670113868,0.9996093175663895,0.9933071490757153,0.3775406687981454
962,1,1.0,1.0,0.75,1.0,1.0,1.0,1.0,1.0,0.9999993496386198,0.7265148923334875,0.5442448356969801,0.9933071490757153,0.3775406687981454
963,1,1.0,1.0,0.7333333333333333,1.0,1.0,1.0,1.0,1.0,0.9998661526275068,0.7247467575188046,0.9728222253088654,0.9933071490757153,0.3775406687981454
964,1,1.0,1.0,0.7666666666666667,1.0,1.0,1.0,1.0,1.0,0.9999982791113841,0.7323609941881671,0.9954328690064986,0.9933071490757153,0.3775406687981454
965,1,0.0,1.0,0.7833333333333333,1.0,0.0,0.0,1.0,0.2371935,0.9985972562083935,0.7528486127230334,0.7946938322306907,0.9933071490757153,0.3775406687981454
966,1,1.0,1.0,0.7666666666666667,1.0,1.0,1.0,1.0,1.0,0.9989745773993403,0.7545783400264096,0.8715696181672996,0.9933071490757153,0.3775406687981454
967,1,1.0,1.0,0.6666666666666666,1.0,1.0,1.0,1.0,1.0,0.998862646609361,0.6412866452559887,0.9964337157632774,0.9933071490757153,0.3775406687981454
968,1,1.0,0.9666666666666667,0.6666666666666666,1.0,0.0,1.0,1.0,0.9999995,0.8081914530996588,0.5215089886417987,0.9350976926068192,0.9933071490757153,0.3775406687981454
969,1,1.0,1.0,0.6166666666666667,1.0,1.0,1.0,1.0,1.0,0.9999999999839065,0.6186884750343677,0.8253673484226914,0.9933071490757153,0.3775406687981454
970,1,1.0,1.0,0.7333333333333333,1.0,1.0,1.0,1.0,1.0,0.999999999990089,0.7069687534841683,0.9963211810908195,0.9933071490757153,0.3775406687981454
971,1,1.0,1.0,0.75,1.0,1.0,1.0,1.0,0.9999999,0.9999999999400611,0.7271889117211364,0.9659800730219696,0.9933071490757153,0.3775406687981454
972,1,1.0,1.0,0.7833333333333333,1.0,1.0,1.0,1.0,1.0,0.9999999997287339,0.7455819938497151,0.9997712390785425,0.9933071490757153,0.3775406687981454
973,1,1.0,1.0,0.75,1.0,1.0,1.0,1.0,0.99981683,0.9999999993809322,0.6951308432745176,0.9718834432625131,0.9933071490757153,0.3775406687981454
974,1,1.0,1.0,0.7166666666666667,1.0,1.0,1.0,1.0,1.0,0.9999999996872383,0.682676923451216,0.9996403155866256,0.9933071490757153,0.3775406687981454
975,1,1.0,1.0,0.7666666666666667,1.0,1.0,1.0,1.0,1.0,0.9999999999949135,0.7453013009254701,0.9997487656180595,0.9933071490757153,0.3775406687981454
976,1,1.0,1.0,0.8333333333333334,1.0,1.0,1.0,1.0,1.0,0.9999999999966516,0.8009813410001899,0.8122575743093396,0.9933071490757153,0.3775406687981454
977,1,1.0,1.0,0.6833333333333333,1.0,1.0,1.0,1.0,0.99731064,0.9999999999974896,0.6765312924459707,0.9997332676747728,0.9933071490757153,0.3775406687981454
978,1,1.0,1.0,0.8333333333333334,1.0,1.0,1.0,1.0,1.0,0.9999999999982697,0.781072914108799,0.5843540844009023,0.9933071490757153,0.3775406687981454
979,1,1.0,1.0,0.75,1.0,1.0,1.0,1.0,0.9831955,0.9999999999964216,0.7165998723053482,0.9369625062182566,0.9933071490757153,0.3775406687981454
980,1,1.0,1.0,0.7666666666666667,1.0,1.0,1.0,1.0,1.0,0.9999999999898509,0.7414256368869048,0.9968911334926136,0.9933071490757153,0.3775406687981454
981,1,1.0,1.0,0.8166666666666667,1.0,1.0,1.0,1.0,0.99998283,0.9999999999873735,0.7660728857781071,0.9441498069494911,0.9933071490757153,0.3775406687981454
982,1,1.0,1.0,0.75,1.0,1.0,1.0,1.0,0.9998981,0.9999999999929599,0.7473104389154703,0.8535510714306891,0.9933071490757153,0.3775406687981454
983,1,1.0,1.0,0.6833333333333333,1.0,1.0,1.0,1.0,1.0,0.9999999999946806,0.6746565590133505,0.9846830053757968,0.9933071490757153,0.3775406687981454
984,1,1.0,1.0,0.8333333333333334,1.0,1.0,1.0,1.0,0.9999999,0.9999999999991845,0.7880214183386847,0.9992660901265609,0.9933071490757153,0.3775406687981454
985,1,1.0,1.0,0.8333333333333334,1.0,1.0,1.0,1.0,0.9999585,0.9999999999938577,0.8036049074198671,0.9983469135392308,0.9933071490757153,0.3775406687981454
986,1,1.0,1.0,0.6333333333333333,1.0,1.0,1.0,1.0,0.99965036,0.9999999999993356,0.6284269217314528,0.7738459617482861,0.9933071490757153,0.3775406687981454
987,1,1.0,1.0,0.6,1.0,0.0,0.0,1.0,0.80314577,0.9999999999991859,0.5880951435019461,0.999449674780253,0.9933071490757153,0.3775406687981454
988,1,1.0,1.0,0.6833333333333333,1.0,1.0,1.0,1.0,0.99999964,0.999999999999354,0.661260775984164,0.9941832740151826,0.9933071490757153,0.3775406687981454
989,1,1.0,1.0,0.75,1.0,1.0,1.0,1.0,1.0,0.9999999999999165,0.7283226823369885,0.9868352315495382,0.9933071490757153,0.3775406687981454
990,1,0.0,1.0,0.7666666666666667,1.0,0.0,0.0,1.0,0.3961969,0.9999999999997474,0.734552026988611,0.7282887219549145,0.9933071490757153,0.3775406687981454
991,1,1.0,1.0,0.7666666666666667,1.0,1.0,1.0,1.0,0.9998981,0.9999999999890601,0.7429318836879756,0.8535510714306891,0.9933071490757153,0.3775406687981454
992,1,1.0,1.0,0.7833333333333333,1.0,1.0,1.0,1.0,1.0,0.9999999999720198,0.7253911871438539,0.999738682885842,0.9933071490757153,0.3775406687981454
993,1,1.0,1.0,0.8666666666666667,1.0,1.0,1.0,1.0,0.9999999,0.9999999999948076,0.8054560758003474,0.966659758110352,0.9933071490757153,0.3775406687981454
994,1,1.0,1.0,0.8,1.0,1.0,1.0,1.0,1.0,0.99999999999939,0.7358575076012974,0.9952124579518058,0.9933071490757153,0.3775406687981454
995,1,1.0,1.0,0.8166666666666667,1.0,1.0,1.0,1.0,1.0,0.9999999997203882,0.7857851315475938,0.9995709982075783,0.9933071490757153,0.3775406687981454
996,1,1.0,1.0,0.7,1.0,1.0,1.0,1.0,1.0,0.999999999241222,0.6840793160369887,0.9951118454806464,0.9933071490757153,0.3775406687981454
997,1,1.0,1.0,0.8166666666666667,1.0,1.0,1.0,1.0,1.0,0.9999999994950713,0.7894103156478826,0.9995350296760525,0.9933071490757153,0.3775406687981454
998,1,1.0,1.0,0.8,1.0,1.0,1.0,1.0,1.0,0.9999999991232049,0.7719680144739749,0.8115226939651581,0.9933071490757153,0.3775406687981454
999,1,1.0,1.0,0.7666666666666667,1.0,1.0,1.0,1.0,1.0,0.9999999929729649,0.7516808440441014,0.9394059938535574,0.9933071490757153,0.3775406687981454
1000,1,1.0,1.0,0.75,1.0,1.0,1.0,1.0,1.0,0.9999999849313786,0.6943597063915178,0.9989975649039395,0.9933071490757153,0.3775406687981454
1001,1,1.0,1.0,0.7833333333333333,1.0,1.0,1.0,1.0,0.9999999,0.9999999997055345,0.7227505555764477,0.9992660901265609,0.9933071490757153,0.3775406687981454
1002,1,1.0,1.0,0.75,1.0,1.0,1.0,1.0,0.9998857,0.9999999999426786,0.7379103047608969,0.9692247077662743,0.9933071490757153,0.3775406687981454
1003,1,1.0,1.0,0.7333333333333333,1.0,1.0,1.0,1.0,0.9999999,0.9999999999924231,0.715313493138497,0.9989009328289613,0.9933071490757153,0.3775406687981454
1004,1,1.0,1.0,0.6,1.0,1.0,1.0,1.0,1.0,0.999999999999671,0.5767723944096285,0.9976477622314479,0.9933071490757153,0.3775406687981454
1005,1,1.0,1.0,0.55,1.0,1.0,1.0,1.0,1.0,0.9999999999933383,0.5434772880573635,0.9989623870422916,0.9933071490757153,0.3775406687981454
1006,1,1.0,1.0,0.7333333333333333,1.0,1.0,1.0,1.0,1.0,0.9999999999914707,0.713075377952029,0.9965971201429977,0.9933071490757153,0.3775406687981454
1007,1,1.0,1.0,0.7833333333333333,1.0,1.0,1.0,1.0,0.9999987,0.9999999999970886,0.7344028859390129,0.9293554773292119,0.9933071490757153,0.3775406687981454
