win_idx,label,acc_v,acc_m,acc_u,acc_mv,acc_ds_eq,acc_ds_static,acc_ours,P_v,P_m,P_u,w_v,w_m,w_u
0,0,1.0,0.0,1.0,1.0,0.0,0.0,1.0,4.369472e-18,0.8208125667518297,0.01796581024630993,0.1,0.9241418199787566,0.9890130573694068
1,0,1.0,0.0,1.0,1.0,0.0,0.0,1.0,4.225009e-06,0.954586960686916,0.01797666210374031,0.12108155502768798,0.9241418199787566,0.9890130573694068
2,0,1.0,0.0,1.0,1.0,0.0,0.0,1.0,1.9787129e-07,0.9504151716791251,0.018021843260644963,0.1,0.9241418199787566,0.9890130573694068
3,0,1.0,0.0,1.0,1.0,0.0,0.0,1.0,2.1735937e-16,0.9453515793549122,0.01798866471891475,0.1,0.9241418199787566,0.9890130573694068
4,0,1.0,0.0,1.0,1.0,0.0,0.0,1.0,3.2179432e-09,0.9490986424694016,0.018015516021363472,0.1,0.9241418199787566,0.9890130573694068
5,0,1.0,0.0,1.0,1.0,0.0,0.0,1.0,0.00026292077,0.9425023361197823,0.017929582248290835,0.11095806203175838,0.9241418199787566,0.9890130573694068
6,0,1.0,0.0,1.0,1.0,0.0,0.0,1.0,1.4375208e-13,0.9399263369121748,0.01797589314929137,0.12643276580665375,0.9241418199787566,0.9890130573694068
7,0,1.0,0.0,1.0,1.0,0.0,0.0,1.0,6.9198036e-11,0.9413402192609356,0.017976414180048923,0.1,0.9241418199787566,0.9890130573694068
8,0,1.0,0.0,1.0,1.0,0.0,0.0,1.0,0.00075956027,0.9393258252581108,0.018040347930449722,0.16302615022299138,0.9241418199787566,0.9890130573694068
9,0,1.0,0.0,1.0,1.0,0.0,0.0,1.0,6.9040036e-09,0.943083778993013,0.018035062236046787,0.9814297899247243,0.9241418199787566,0.9890130573694068
10,0,1.0,0.0,1.0,1.0,0.0,0.0,1.0,3.806226e-10,0.9551277270491111,0.018002537180086587,0.16417297117126511,0.9241418199787566,0.9890130573694068
11,0,0.0,0.0,1.0,0.0,0.0,0.0,1.0,0.8785332,0.956656059046189,0.017965658001507977,0.1,0.9241418199787566,0.9890130573694068
12,0,1.0,0.0,1.0,1.0,0.0,0.0,1.0,1.06249e-06,0.9478735617553381,0.018032617990943692,0.12202402350275059,0.9241418199787566,0.9890130573694068
13,0,1.0,0.0,1.0,1.0,0.0,0.0,1.0,6.6554045e-12,0.9447409867238628,0.01799875179037157,0.1,0.9241418199787566,0.9890130573694068
14,0,1.0,0.0,1.0,1.0,0.0,0.0,1.0,0.36458537,0.9502019985640877,0.017974814836850306,0.1,0.9241418199787566,0.9890130573694068
15,0,0.0,0.0,1.0,0.0,0.0,0.0,1.0,1.0,0.9346598485920035,0.01801382210612951,0.1,0.9241418199787566,0.9890130573694068
16,0,1.0,0.0,1.0,1.0,0.0,0.0,1.0,5.2204513e-08,0.9473563316944807,0.017976081978576582,0.1851770143523444,0.9241418199787566,0.9890130573694068
17,0,1.0,0.0,1.0,1.0,0.0,0.0,1.0,1.7295144e-14,0.9517084937419951,0.018050453422401844,0.1,0.9241418199787566,0.9890130573694068
18,0,0.0,0.0,1.0,0.0,0.0,0.0,1.0,1.0,0.9484717233401384,0.017989501681287236,0.1,0.9241418199787566,0.9890130573694068
19,0,1.0,0.0,1.0,1.0,0.0,0.0,1.0,1.4011255e-06,0.9521371423524995,0.0179426520287906,0.1648372741498598,0.9241418199787566,0.9890130573694068
20,0,1.0,0.0,1.0,1.0,0.0,0.0,1.0,1.2258878e-06,0.949870075001307,0.018001607893823487,0.1288585850518347,0.9241418199787566,0.9890130573694068
21,0,0.0,0.0,1.0,0.0,0.0,0.0,1.0,1.0,0.9555358029908513,0.017950620306108635,0.1,0.9241418199787566,0.9890130573694068
22,0,1.0,0.0,1.0,1.0,0.0,0.0,1.0,1.2781277e-10,0.9478247809698204,0.01797609995735555,0.1,0.9241418199787566,0.9890130573694068
23,0,1.0,0.0,1.0,1.0,0.0,0.0,1.0,1.2638565e-10,0.9426921765290063,0.017972174257153428,0.7955370965685267,0.9241418199787566,0.9890130573694068
24,0,1.0,0.0,1.0,1.0,0.0,0.0,1.0,9.024263e-15,0.9418294397566457,0.017993033516351252,0.12210967941325686,0.9241418199787566,0.9890130573694068
25,0,1.0,0.0,1.0,1.0,0.0,0.0,1.0,9.964219e-05,0.9447464957714115,0.017955195540073094,0.1176235499890799,0.9241418199787566,0.9890130573694068
26,0,1.0,0.0,1.0,1.0,0.0,0.0,1.0,3.1381532e-08,0.9370933417706229,0.017960979518848827,0.20606579952190393,0.9241418199787566,0.9890130573694068
27,0,0.0,0.0,1.0,0.0,0.0,0.0,1.0,1.0,0.9488713411793082,0.017996462823980826,0.1,0.9241418199787566,0.9890130573694068
28,0,1.0,0.0,1.0,1.0,0.0,0.0,1.0,3.1381532e-08,0.9548814893146951,0.017969735508870325,0.20606579952190393,0.9241418199787566,0.9890130573694068
29,0,1.0,0.0,1.0,1.0,0.0,0.0,1.0,1.4439049e-12,0.9438555056993839,0.01801240975508408,0.1,0.9241418199787566,0.9890130573694068
30,0,1.0,0.0,1.0,1.0,0.0,0.0,1.0,1.6060753e-14,0.9366779360506148,0.01800991234460332,0.9964302876409481,0.9241418199787566,0.9890130573694068
31,0,0.0,0.0,1.0,0.0,0.0,0.0,1.0,1.0,0.9430078311964135,0.017966763074679773,0.1,0.9241418199787566,0.9890130573694068
32,0,1.0,0.0,1.0,1.0,0.0,0.0,1.0,1.6838607e-12,0.9503830274673459,0.018016146006862712,0.1,0.9241418199787566,0.9890130573694068
33,0,0.0,0.0,1.0,0.0,0.0,0.0,1.0,1.0,0.9454904825254158,0.017990884154933058,0.1,0.9241418199787566,0.9890130573694068
34,0,1.0,0.0,1.0,1.0,0.0,0.0,1.0,0.00830575,0.9466836515755432,0.017974663825352385,0.1,0.9241418199787566,0.9890130573694068
35,0,1.0,0.23333333333333334,1.0,1.0,0.0,0.0,0.0,8.338594e-09,0.9485530916844381,0.23767818630133536,0.1,0.9241418199787566,0.9890130573694068
36,1,0.0,1.0,1.0,1.0,0.0,0.0,1.0,5.9340568e-08,0.961782753149307,0.9596801175189583,0.1,0.9241418199787566,0.9890130573694068
37,1,0.0,1.0,1.0,1.0,0.0,0.0,1.0,3.0639267e-08,0.9766457423941246,0.959611654636955,0.6370293413458904,0.9241418199787566,0.9890130573694068
38,1,1.0,1.0,1.0,1.0,1.0,1.0,1.0,1.0,0.9792553907614074,0.9596048392820792,0.1,0.9241418199787566,0.9890130573694068
39,1,1.0,1.0,1.0,1.0,1.0,1.0,1.0,0.8213272,0.9605098985504238,0.9597128525365203,0.1,0.9241418199787566,0.9890130573694068
40,1,0.0,1.0,1.0,1.0,0.0,0.0,1.0,2.873477e-06,0.9626276215350345,0.9596010679280431,0.8720859258632008,0.9241418199787566,0.9890130573694068
41,1,1.0,1.0,1.0,1.0,1.0,1.0,1.0,0.99989045,0.9578734914940026,0.9596027173377063,0.1,0.9241418199787566,0.9890130573694068
42,1,0.0,1.0,1.0,1.0,0.0,0.0,1.0,3.230897e-08,0.9514267520704354,0.9597628210573069,0.14687959800477457,0.9241418199787566,0.9890130573694068
43,1,0.0,1.0,1.0,1.0,0.0,0.0,1.0,7.528523e-09,0.9602905757182896,0.959785176011783,0.24689126581260845,0.9241418199787566,0.9890130573694068
44,1,1.0,1.0,1.0,1.0,1.0,1.0,1.0,0.99911696,0.9815000881043575,0.9596845224337446,0.8553624741857746,0.9241418199787566,0.9890130573694068
45,1,1.0,1.0,1.0,1.0,1.0,1.0,1.0,1.0,0.9616691093828965,0.9596557027935354,0.13272319281553976,0.9241418199787566,0.9890130573694068
46,1,0.0,1.0,1.0,1.0,0.0,0.0,1.0,0.006793519,0.9730240400528742,0.9596582647835231,0.26161687610704615,0.9241418199787566,0.9890130573694068
47,1,0.0,1.0,1.0,1.0,0.0,0.0,1.0,0.01286571,0.9729534663448596,0.9597097468652259,0.896344776590459,0.9241418199787566,0.9890130573694068
48,1,0.0,1.0,1.0,1.0,0.0,0.0,1.0,4.896183e-10,0.9685664335991376,0.9597268368874027,0.3628995294673477,0.9241418199787566,0.9890130573694068
49,1,1.0,1.0,1.0,1.0,1.0,1.0,1.0,1.0,0.9609486754155229,0.9597166781895542,0.7407778874599071,0.9241418199787566,0.9890130573694068
50,1,0.0,0.9833333333333333,1.0,1.0,0.0,0.0,1.0,1.4660006e-07,0.9646681535646239,0.9596351064347963,0.1,0.9241418199787566,0.9890130573694068
51,1,1.0,1.0,1.0,1.0,1.0,1.0,1.0,0.99938524,0.9557163261539826,0.959677758298056,0.1,0.9241418199787566,0.9890130573694068
52,1,1.0,1.0,1.0,1.0,1.0,1.0,1.0,0.9896577,0.9426761989716013,0.9597301293661668,0.13719918585696675,0.9241418199787566,0.9890130573694068
53,1,1.0,1.0,1.0,1.0,1.0,1.0,1.0,0.9999999,0.9366550020095847,0.9597655709356114,0.9386596254596093,0.9241418199787566,0.9890130573694068
54,1,0.0,1.0,1.0,1.0,0.0,0.0,1.0,6.0801104e-12,0.940681583680838,0.9597682696625363,0.1,0.9241418199787566,0.9890130573694068
55,1,0.0,1.0,1.0,1.0,0.0,0.0,1.0,0.12930582,0.9608197964662988,0.9596536500728513,0.8683253371038182,0.9241418199787566,0.9890130573694068
56,1,0.0,1.0,1.0,1.0,0.0,0.0,1.0,0.00012533608,0.9727050955317694,0.9596444304628879,0.14068413173519798,0.9241418199787566,0.9890130573694068
57,1,1.0,1.0,1.0,1.0,1.0,1.0,1.0,0.92149323,0.9651091033348861,0.9596775283486426,0.8507090419651245,0.9241418199787566,0.9890130573694068
58,1,0.0,1.0,1.0,1.0,0.0,0.0,1.0,0.00019870662,0.974434688866913,0.9597095689544556,0.1,0.9241418199787566,0.9890130573694068
59,1,0.0,1.0,1.0,1.0,0.0,0.0,1.0,0.00028482953,0.9700319633614461,0.9596917661137779,0.5838224684924042,0.9241418199787566,0.9890130573694068
60,1,0.0,1.0,1.0,1.0,0.0,0.0,1.0,2.3847706e-14,0.9603804324693651,0.9596288228934955,0.6282284988566733,0.9241418199787566,0.9890130573694068
61,1,0.0,1.0,1.0,1.0,0.0,0.0,1.0,4.916288e-12,0.9687234047775038,0.9597369616180986,0.32555878045990955,0.9241418199787566,0.9890130573694068
62,1,1.0,1.0,1.0,1.0,1.0,1.0,1.0,1.0,0.9536809683176934,0.9595794129616323,0.1,0.9241418199787566,0.9890130573694068
63,1,0.0,1.0,1.0,1.0,0.0,0.0,1.0,4.5786666e-07,0.965085218678856,0.9596092555150638,0.9111349893564891,0.9241418199787566,0.9890130573694068
64,1,0.0,0.9833333333333333,1.0,1.0,0.0,0.0,1.0,1.1494504e-08,0.9504635391562449,0.9596417533904813,0.1,0.9241418199787566,0.9890130573694068
65,1,1.0,1.0,1.0,1.0,1.0,1.0,1.0,0.9999987,0.9580160346151133,0.9595272766695901,0.70857106014035,0.9241418199787566,0.9890130573694068
66,1,1.0,1.0,1.0,1.0,1.0,1.0,1.0,1.0,0.9625028656678009,0.9595843867764434,0.1,0.9241418199787566,0.9890130573694068
67,1,0.0,1.0,1.0,1.0,0.0,0.0,1.0,1.4909737e-07,0.9536155755542151,0.9597203037675874,0.1,0.9241418199787566,0.9890130573694068
68,1,0.0,1.0,1.0,1.0,0.0,0.0,1.0,8.827305e-13,0.9881848869090294,0.9597550731060003,0.1384834219737628,0.9241418199787566,0.9890130573694068
69,1,1.0,1.0,1.0,1.0,1.0,1.0,1.0,0.99974936,0.9718166745094543,0.9596546610816006,0.9822834925594284,0.9241418199787566,0.9890130573694068
70,1,1.0,1.0,1.0,1.0,1.0,1.0,1.0,1.0,0.9642924291533469,0.9595879994176061,0.1,0.9241418199787566,0.9890130573694068
71,1,1.0,1.0,1.0,1.0,1.0,1.0,1.0,0.9999957,0.9745252975601981,0.9596183225820484,0.7938490934694913,0.9241418199787566,0.9890130573694068
72,1,0.0,1.0,1.0,1.0,0.0,0.0,1.0,0.121375054,0.9530441863981259,0.959693028215159,0.7767015228221517,0.9241418199787566,0.9890130573694068
73,1,1.0,0.9833333333333333,1.0,1.0,1.0,1.0,1.0,0.99998236,0.9695892699171995,0.9597204685658062,0.9752071117606878,0.9241418199787566,0.9890130573694068
74,1,0.0,1.0,1.0,1.0,0.0,0.0,1.0,4.7325284e-13,0.9652920114714151,0.9594839205160742,0.1,0.9241418199787566,0.9890130573694068
75,1,1.0,0.9833333333333333,1.0,1.0,1.0,1.0,1.0,0.997969,0.956984542076109,0.959689246940622,0.8962030574406595,0.9241418199787566,0.9890130573694068
76,1,0.0,1.0,1.0,1.0,0.0,0.0,1.0,6.64965e-07,0.9577799527125525,0.9596588257725712,0.1,0.9241418199787566,0.9890130573694068
77,1,0.0,1.0,1.0,1.0,0.0,0.0,1.0,6.903975e-17,0.9625935292095583,0.9595835743422306,0.10534397065813064,0.9241418199787566,0.9890130573694068
78,1,0.0,1.0,1.0,1.0,0.0,0.0,1.0,1.0440764e-15,0.9587795043487221,0.9596688579447726,0.1,0.9241418199787566,0.9890130573694068
79,1,0.0,1.0,1.0,1.0,0.0,0.0,1.0,0.0006554357,0.9489370153295558,0.9596450112952564,0.4324717983070515,0.9241418199787566,0.9890130573694068
80,1,0.0,1.0,1.0,1.0,0.0,0.0,1.0,1.626917e-11,0.957507616559726,0.9597321786884528,0.35002761240539326,0.9241418199787566,0.9890130573694068
81,1,0.0,1.0,1.0,1.0,0.0,0.0,1.0,9.584243e-15,0.9602764574198489,0.9596776931322529,0.1,0.9241418199787566,0.9890130573694068
82,1,0.0,1.0,1.0,1.0,0.0,0.0,1.0,0.004977551,0.9653173729965043,0.9596616891013249,0.13218328789096145,0.9241418199787566,0.9890130573694068
83,1,1.0,1.0,1.0,1.0,0.0,0.0,1.0,0.587891,0.9730226671455664,0.9596952734522752,0.8802943887766038,0.9241418199787566,0.9890130573694068
84,1,0.0,1.0,1.0,1.0,0.0,0.0,1.0,0.00014464057,0.9701829448048251,0.9596479647764659,0.3774878016542412,0.9241418199787566,0.9890130573694068
85,1,0.0,1.0,1.0,1.0,0.0,0.0,1.0,2.3385887e-09,0.9671107898905166,0.9595748280532704,0.1,0.9241418199787566,0.9890130573694068
86,1,1.0,1.0,1.0,1.0,1.0,1.0,1.0,0.99998415,0.97679676074741,0.9596807601024703,0.1,0.9241418199787566,0.9890130573694068
87,1,0.0,0.9833333333333333,1.0,1.0,0.0,0.0,1.0,2.080946e-11,0.9633276518181735,0.9596554730676384,0.1,0.9241418199787566,0.9890130573694068
88,1,0.0,1.0,1.0,1.0,0.0,0.0,1.0,1.7589659e-07,0.9675717822643232,0.9596879574592384,0.33028928613799224,0.9241418199787566,0.9890130573694068
89,1,1.0,1.0,1.0,1.0,1.0,1.0,1.0,0.9999982,0.9586133422591006,0.9596358952230717,0.9069225601827038,0.9241418199787566,0.9890130573694068
90,1,1.0,1.0,1.0,1.0,1.0,1.0,1.0,0.9983181,0.9592838087116033,0.9596515782323582,0.9707828171134891,0.9241418199787566,0.9890130573694068
91,1,0.0,1.0,1.0,1.0,0.0,0.0,1.0,7.365245e-08,0.97201870561247,0.9596114125883223,0.6190586539604002,0.9241418199787566,0.9890130573694068
92,1,0.0,1.0,1.0,1.0,0.0,0.0,1.0,7.9868485e-09,0.961682899923131,0.9596880476919798,0.1,0.9241418199787566,0.9890130573694068
93,1,0.0,1.0,1.0,1.0,0.0,0.0,1.0,3.183304e-10,0.9548242759861393,0.9596826778183128,0.38802990859702413,0.9241418199787566,0.9890130573694068
94,1,1.0,1.0,1.0,1.0,1.0,1.0,1.0,1.0,0.9488544862767238,0.9597159580590577,0.1062059658774437,0.9241418199787566,0.9890130573694068
95,1,0.0,1.0,1.0,1.0,0.0,0.0,1.0,7.3306736e-11,0.9661883607410412,0.9596858032080147,0.3499042502942639,0.9241418199787566,0.9890130573694068
96,1,1.0,1.0,1.0,1.0,1.0,1.0,1.0,1.0,0.9629680888276834,0.9597349726105201,0.1,0.9241418199787566,0.9890130573694068
97,1,1.0,1.0,1.0,1.0,1.0,1.0,1.0,0.99884254,0.9633272647587503,0.9596279961725432,0.9938806118883607,0.9241418199787566,0.9890130573694068
98,1,1.0,1.0,1.0,1.0,1.0,1.0,1.0,0.999933,0.9788587752145985,0.9596753335706959,0.9964602997239586,0.9241418199787566,0.9890130573694068
99,1,1.0,1.0,1.0,1.0,1.0,1.0,1.0,1.0,0.9703355017345138,0.959700489485651,0.1,0.9241418199787566,0.9890130573694068
100,1,0.0,1.0,1.0,1.0,0.0,0.0,1.0,0.41430637,0.9696365859273642,0.9597003008836623,0.7734370486936408,0.9241418199787566,0.9890130573694068
101,1,1.0,1.0,1.0,1.0,1.0,1.0,1.0,0.9999995,0.9684187021832085,0.9596453689316513,0.21558997337753136,0.9241418199787566,0.9890130573694068
102,1,1.0,1.0,1.0,1.0,1.0,0.0,1.0,0.6798059,0.9716457742563624,0.9597085754350679,0.10112870921248643,0.9241418199787566,0.9890130573694068
103,1,0.0,1.0,1.0,1.0,0.0,0.0,1.0,3.776717e-12,0.9621680980906416,0.959785594314213,0.1,0.9241418199787566,0.9890130573694068
104,1,1.0,1.0,1.0,1.0,1.0,1.0,1.0,0.82427037,0.9594712603210364,0.9596116164904899,0.1,0.9241418199787566,0.9890130573694068
105,1,1.0,1.0,1.0,1.0,1.0,1.0,1.0,0.99999976,0.9602253939725192,0.9596956487889668,0.22619584657084071,0.9241418199787566,0.9890130573694068
106,1,1.0,0.9166666666666666,1.0,1.0,1.0,1.0,1.0,0.9999988,0.9132163194266758,0.8834167944123794,0.1,0.9241418199787566,0.9890130573694068
107,1,0.0,1.0,1.0,1.0,0.0,0.0,1.0,8.585229e-08,0.7865127510933135,0.9676425632551384,0.1,0.9241418199787566,0.9890130573694068
108,1,1.0,1.0,1.0,1.0,1.0,1.0,1.0,1.0,0.8077757539550756,0.967668299019607,0.1,0.9241418199787566,0.9890130573694068
109,1,0.0,1.0,1.0,1.0,0.0,0.0,1.0,5.1896987e-14,0.7943582333432982,0.9676037729110637,0.1,0.9241418199787566,0.9890130573694068
110,1,0.0,1.0,1.0,1.0,0.0,0.0,1.0,4.600056e-07,0.7895814546478044,0.9675503712993909,0.1,0.9241418199787566,0.9890130573694068
111,1,0.0,1.0,1.0,1.0,0.0,0.0,1.0,0.15275784,0.7882110733917023,0.967595702128697,0.37741812567114974,0.9241418199787566,0.9890130573694068
112,1,0.0,1.0,1.0,1.0,0.0,0.0,1.0,2.0963072e-11,0.7999545437980673,0.9676147364093686,0.6586560121767733,0.9241418199787566,0.9890130573694068
113,1,1.0,1.0,1.0,1.0,1.0,1.0,1.0,1.0,0.7928541065249833,0.9675376386504075,0.9972838690292272,0.9241418199787566,0.9890130573694068
114,1,1.0,1.0,1.0,1.0,1.0,1.0,1.0,1.0,0.7982432155826024,0.967566058473998,0.1,0.9241418199787566,0.9890130573694068
115,1,0.0,1.0,1.0,1.0,0.0,0.0,1.0,7.365245e-08,0.8015465531458744,0.9675873268567277,0.6190586539604002,0.9241418199787566,0.9890130573694068
116,1,0.0,1.0,1.0,1.0,0.0,0.0,1.0,4.5347708e-14,0.7817198889357315,0.9676585524765359,0.1,0.9241418199787566,0.9890130573694068
117,1,1.0,1.0,1.0,1.0,1.0,1.0,1.0,0.9996051,0.7943297850684022,0.9676025783987833,0.7404756864715066,0.9241418199787566,0.9890130573694068
118,1,0.0,1.0,1.0,1.0,0.0,0.0,1.0,0.00016607458,0.7762495384741642,0.9676363000770933,0.10897452175293892,0.9241418199787566,0.9890130573694068
119,1,0.0,1.0,1.0,1.0,0.0,0.0,1.0,4.8329255e-13,0.8006325850692843,0.9675747769277474,0.6459478954598229,0.9241418199787566,0.9890130573694068
120,1,0.0,1.0,1.0,1.0,0.0,0.0,1.0,9.360248e-10,0.7852800904353036,0.9676126063305176,0.12828649870464298,0.9241418199787566,0.9890130573694068
121,1,0.0,1.0,1.0,1.0,0.0,0.0,1.0,0.05427607,0.7861673895211699,0.9676621514712777,0.3581244120883103,0.9241418199787566,0.9890130573694068
122,1,0.0,1.0,1.0,1.0,0.0,0.0,1.0,9.091868e-11,0.7908050317656403,0.9674997475994928,0.46348893463840346,0.9241418199787566,0.9890130573694068
123,1,1.0,1.0,1.0,1.0,1.0,1.0,1.0,1.0,0.7834847335134548,0.9676893729165426,0.1,0.9241418199787566,0.9890130573694068
124,1,0.0,1.0,1.0,1.0,0.0,0.0,1.0,5.329174e-05,0.8038409544295181,0.9675454327523719,0.9856399512166836,0.9241418199787566,0.9890130573694068
125,1,0.0,1.0,1.0,1.0,0.0,0.0,1.0,0.009783096,0.7794456146957429,0.9676002756067751,0.28674373110407064,0.9241418199787566,0.9890130573694068
126,1,1.0,1.0,1.0,1.0,1.0,1.0,1.0,0.9996445,0.790781084534124,0.9676820909157349,0.9977215793905935,0.9241418199787566,0.9890130573694068
127,1,0.0,1.0,1.0,1.0,0.0,0.0,1.0,2.88961e-14,0.7980386842405965,0.9677045729444553,0.14973584812119456,0.9241418199787566,0.9890130573694068
128,1,0.0,1.0,1.0,1.0,0.0,0.0,1.0,3.840362e-06,0.7945294464422766,0.9675534117957204,0.6317652028593006,0.9241418199787566,0.9890130573694068
129,1,1.0,0.75,1.0,1.0,1.0,1.0,1.0,1.0,0.8268514134646219,0.7459394757768987,0.1,0.9241418199787566,0.9890130573694068
130,0,1.0,0.0,1.0,1.0,0.0,0.0,1.0,1.1853148e-10,0.9453944318802509,0.01793631678427927,0.9926605612086117,0.9241418199787566,0.9890130573694068
131,0,1.0,0.0,1.0,1.0,0.0,0.0,1.0,5.2946167e-08,0.9476723339335357,0.01801839887346379,0.21602810305916384,0.9241418199787566,0.9890130573694068
132,0,0.0,0.0,1.0,0.0,0.0,0.0,1.0,1.0,0.9453885190165915,0.017988005710971398,0.1,0.9241418199787566,0.9890130573694068
133,0,0.0,0.0,1.0,0.0,0.0,0.0,1.0,1.0,0.9418490337080256,0.018003886588738652,0.1,0.9241418199787566,0.9890130573694068
134,0,1.0,0.0,1.0,1.0,0.0,0.0,1.0,8.857986e-09,0.954844735237796,0.01795508138179436,0.11233715798438666,0.9241418199787566,0.9890130573694068
135,0,1.0,0.0,1.0,1.0,0.0,0.0,1.0,1.4951036e-14,0.9393351108932084,0.017983897615716646,0.1,0.9241418199787566,0.9890130573694068
136,0,1.0,0.0,1.0,1.0,0.0,0.0,1.0,2.2344882e-05,0.9475415680559085,0.018014676448281513,0.42598584482421253,0.9241418199787566,0.9890130573694068
137,0,1.0,0.0,1.0,1.0,0.0,0.0,1.0,6.56914e-07,0.9367641439959937,0.017997427390582674,0.13979598024504444,0.9241418199787566,0.9890130573694068
138,0,1.0,0.0,1.0,1.0,0.0,0.0,1.0,4.2265487e-14,0.9482139279823242,0.017962492276307206,0.1,0.9241418199787566,0.9890130573694068
139,0,1.0,0.0,1.0,1.0,0.0,0.0,1.0,5.483344e-07,0.9460639522156814,0.01801364832134753,0.30737209700935664,0.9241418199787566,0.9890130573694068
140,0,1.0,0.0,1.0,1.0,0.0,0.0,1.0,7.8385534e-17,0.942668871283796,0.01800437072108209,0.1,0.9241418199787566,0.9890130573694068
141,0,1.0,0.0,1.0,1.0,0.0,0.0,1.0,1.2211697e-13,0.9485806364785054,0.017987990797304933,0.1,0.9241418199787566,0.9890130573694068
142,0,1.0,0.0,1.0,1.0,0.0,0.0,1.0,4.6678863e-08,0.941655918925024,0.017921873156802992,0.1,0.9241418199787566,0.9890130573694068
143,0,1.0,0.0,1.0,1.0,0.0,0.0,1.0,2.5148394e-11,0.9467026272834141,0.018001391707386807,0.11342337447772805,0.9241418199787566,0.9890130573694068
144,0,1.0,0.0,1.0,1.0,0.0,0.0,1.0,3.9854017e-13,0.947759541125857,0.01798940962756645,0.1,0.9241418199787566,0.9890130573694068
145,0,0.0,0.0,1.0,0.0,0.0,0.0,1.0,1.0,0.9428252445898581,0.017960064633999857,0.1,0.9241418199787566,0.9890130573694068
146,0,1.0,0.0,1.0,1.0,0.0,0.0,1.0,3.2163967e-09,0.960893229690254,0.01797459883096318,0.1,0.9241418199787566,0.9890130573694068
147,0,1.0,0.0,1.0,1.0,0.0,0.0,1.0,6.8269137e-13,0.9507258513986204,0.01804579760137822,0.1,0.9241418199787566,0.9890130573694068
148,0,1.0,0.0,1.0,1.0,0.0,0.0,1.0,0.00032233386,0.9408544893407972,0.017908966675444546,0.13306954318064862,0.9241418199787566,0.9890130573694068
149,0,1.0,0.0,1.0,1.0,0.0,0.0,1.0,3.4075797e-14,0.9469250385973517,0.017989994854823225,0.1415225130735161,0.9241418199787566,0.9890130573694068
150,0,1.0,0.0,1.0,1.0,0.0,0.0,1.0,6.8827394e-10,0.9439362782990643,0.017993157389406357,0.11176157537989553,0.9241418199787566,0.9890130573694068
151,0,0.0,0.0,1.0,0.0,0.0,0.0,1.0,1.0,0.9485241859890435,0.01799207085991886,0.1,0.9241418199787566,0.9890130573694068
152,0,1.0,0.0,1.0,1.0,0.0,0.0,1.0,0.07379591,0.9406916003090473,0.018034669679290873,0.2589158774774591,0.9241418199787566,0.9890130573694068
153,0,1.0,0.0,1.0,1.0,0.0,0.0,1.0,4.204189e-06,0.9485720832777674,0.01800873174704936,0.7761626191589497,0.9241418199787566,0.9890130573694068
154,0,1.0,0.0,1.0,1.0,0.0,0.0,1.0,9.266671e-17,0.956794391024564,0.01799481824459442,0.1,0.9241418199787566,0.9890130573694068
155,0,0.0,0.0,1.0,0.0,0.0,0.0,1.0,1.0,0.9488683578320943,0.01798710209083005,0.1,0.9241418199787566,0.9890130573694068
156,0,1.0,0.0,1.0,1.0,0.0,0.0,1.0,0.046787843,0.9454275621636885,0.018000406042815616,0.3320731180980318,0.9241418199787566,0.9890130573694068
157,0,1.0,0.0,1.0,1.0,0.0,0.0,1.0,0.0014354372,0.9521396283278889,0.017994719032378134,0.15889647820359645,0.9241418199787566,0.9890130573694068
158,0,1.0,0.0,1.0,1.0,0.0,0.0,1.0,1.9165864e-14,0.9633021276406404,0.017993560189648365,0.15223517547155893,0.9241418199787566,0.9890130573694068
159,0,0.0,0.0,1.0,0.0,0.0,0.0,1.0,0.9999995,0.9421478814200516,0.018016045825227124,0.1,0.9241418199787566,0.9890130573694068
160,0,1.0,0.0,1.0,1.0,0.0,0.0,1.0,0.00014781604,0.9580324929591529,0.0179715369373649,0.26889430565095573,0.9241418199787566,0.9890130573694068
161,0,1.0,0.0,1.0,1.0,0.0,0.0,1.0,1.790825e-05,0.9442948937382971,0.017982035060573606,0.1,0.9241418199787566,0.9890130573694068
162,0,1.0,0.0,1.0,1.0,0.0,0.0,1.0,9.964219e-05,0.9447212401199856,0.01794806309975215,0.1176235499890799,0.9241418199787566,0.9890130573694068
163,0,0.0,0.0,1.0,0.0,0.0,0.0,1.0,1.0,0.937374702307761,0.017967342950016174,0.1,0.9241418199787566,0.9890130573694068
164,0,1.0,0.0,1.0,1.0,0.0,0.0,1.0,2.6247962e-09,0.9508696746896096,0.018016290773511124,0.1,0.9241418199787566,0.9890130573694068
165,0,1.0,0.0,1.0,1.0,0.0,0.0,1.0,7.2744137e-12,0.9340354413954575,0.017977455409164164,0.6642791465208612,0.9241418199787566,0.9890130573694068
166,0,1.0,0.0,1.0,1.0,0.0,0.0,1.0,1.522026e-05,0.9519178947326299,0.018007532062289115,0.8391572192963853,0.9241418199787566,0.9890130573694068
167,0,0.0,0.0,1.0,0.0,0.0,0.0,1.0,1.0,0.943891700306584,0.018013986734029274,0.1,0.9241418199787566,0.9890130573694068
168,0,1.0,0.0,1.0,1.0,0.0,0.0,1.0,2.8941896e-13,0.9557464203540679,0.01796534994024473,0.1,0.9241418199787566,0.9890130573694068
169,0,1.0,0.0,1.0,1.0,0.0,0.0,1.0,1.192768e-06,0.9535568669512494,0.017922441792664525,0.23175113665043434,0.9241418199787566,0.9890130573694068
170,0,0.0,0.0,1.0,0.0,0.0,0.0,0.0,0.9589399,0.9511820684973167,0.018035019785565775,0.9005329637520343,0.9241418199787566,0.9890130573694068
171,0,0.0,0.0,1.0,0.0,0.0,0.0,1.0,1.0,0.9524528826757989,0.01798370202287314,0.1,0.9241418199787566,0.9890130573694068
172,0,1.0,0.0,1.0,1.0,0.0,0.0,1.0,3.2163967e-09,0.9508323228414662,0.017969570393193284,0.1,0.9241418199787566,0.9890130573694068
173,0,0.0,0.0,1.0,0.0,0.0,0.0,1.0,1.0,0.9489823297763663,0.018034045463644465,0.1,0.9241418199787566,0.9890130573694068
174,0,1.0,0.0,1.0,1.0,0.0,0.0,1.0,2.0779464e-05,0.9548058426782601,0.017991830871889058,0.41980864135595775,0.9241418199787566,0.9890130573694068
175,0,1.0,0.0,1.0,1.0,0.0,0.0,1.0,7.755671e-14,0.9444257819224366,0.017971985546864976,0.22976193444870832,0.9241418199787566,0.9890130573694068
176,1,0.0,0.8833333333333333,1.0,1.0,0.0,0.0,1.0,1.2696539e-12,0.880950871043814,0.8922765966708749,0.1,0.9241418199787566,0.9890130573694068
177,1,0.0,1.0,1.0,1.0,0.0,0.0,1.0,0.00012533608,0.8722298379490211,0.9894481647196254,0.14068413173519798,0.9241418199787566,0.9890130573694068
178,1,0.0,1.0,1.0,1.0,0.0,0.0,1.0,2.6638877e-10,0.915654889084685,0.9894344109020484,0.32727834871315137,0.9241418199787566,0.9890130573694068
179,1,0.0,0.9833333333333333,1.0,1.0,0.0,0.0,1.0,1.4194046e-10,0.8418517864279877,0.9894762867511925,0.7614262338433866,0.9241418199787566,0.9890130573694068
180,1,0.0,0.9833333333333333,1.0,1.0,0.0,0.0,1.0,0.00019870662,0.8319082831822616,0.9894665578236788,0.1,0.9241418199787566,0.9890130573694068
181,1,0.0,1.0,1.0,1.0,0.0,0.0,1.0,0.00020857202,0.8805998099470638,0.9894276637975346,0.3911086132413282,0.9241418199787566,0.9890130573694068
182,1,1.0,1.0,1.0,1.0,1.0,1.0,1.0,1.0,0.8670262699256504,0.9894324226749067,0.1,0.9241418199787566,0.9890130573694068
183,1,0.0,1.0,1.0,1.0,0.0,0.0,1.0,1.9190539e-08,0.9106378706004307,0.9894488738829353,0.8020246102058955,0.9241418199787566,0.9890130573694068
184,1,0.0,1.0,1.0,1.0,0.0,0.0,1.0,1.2497426e-07,0.938383460802536,0.9894214712389068,0.8981305893145278,0.9241418199787566,0.9890130573694068
185,1,1.0,0.9833333333333333,1.0,1.0,1.0,1.0,1.0,0.80759865,0.9228832300554166,0.9894368382219043,0.9846644768810454,0.9241418199787566,0.9890130573694068
186,1,0.0,0.9666666666666667,1.0,1.0,0.0,0.0,1.0,1.9574629e-09,0.923878380323346,0.9894723267482602,0.1069033722093683,0.9241418199787566,0.9890130573694068
187,1,1.0,0.9833333333333333,1.0,1.0,1.0,1.0,1.0,0.9950742,0.8939633263560391,0.9894313940325203,0.7701181260686659,0.9241418199787566,0.9890130573694068
188,1,0.0,1.0,1.0,1.0,0.0,0.0,1.0,0.00014464057,0.9272574849516197,0.9894191593116325,0.3774878016542412,0.9241418199787566,0.9890130573694068
189,1,1.0,1.0,1.0,1.0,1.0,1.0,1.0,1.0,0.9308417672379281,0.9894692197663197,0.1,0.9241418199787566,0.9890130573694068
190,1,1.0,1.0,1.0,1.0,1.0,1.0,1.0,0.9999987,0.9129602231834729,0.9894488353532294,0.70857106014035,0.9241418199787566,0.9890130573694068
191,1,1.0,1.0,1.0,1.0,1.0,1.0,1.0,0.9999995,0.9265375801931205,0.9894030868844156,0.9543935640057484,0.9241418199787566,0.9890130573694068
192,1,0.0,1.0,1.0,1.0,0.0,0.0,1.0,1.0118096e-10,0.9249485255223816,0.9894659127334176,0.9807893877434707,0.9241418199787566,0.9890130573694068
193,1,0.0,1.0,1.0,1.0,0.0,0.0,1.0,4.896534e-15,0.91572613648661,0.9894542149469774,0.7982356552117613,0.9241418199787566,0.9890130573694068
194,1,0.0,1.0,1.0,1.0,0.0,0.0,1.0,1.7090042e-09,0.9435068647251043,0.9894348619765064,0.6640887088283598,0.9241418199787566,0.9890130573694068
195,1,0.0,1.0,1.0,1.0,0.0,0.0,1.0,6.405748e-17,0.9472186414738523,0.989444110330376,0.1,0.9241418199787566,0.9890130573694068
196,1,1.0,1.0,1.0,1.0,1.0,1.0,1.0,1.0,0.9619849079617888,0.9894444811388322,0.1,0.9241418199787566,0.9890130573694068
197,1,0.0,1.0,1.0,1.0,0.0,0.0,1.0,0.028854199,0.9563371822187982,0.9894133452639716,0.4604774306434486,0.9241418199787566,0.9890130573694068
198,1,0.0,1.0,1.0,1.0,0.0,0.0,1.0,0.050667703,0.9276815453761547,0.9894529789459806,0.4941433079735945,0.9241418199787566,0.9890130573694068
199,1,0.0,1.0,1.0,1.0,0.0,0.0,1.0,7.3691213e-09,0.9363785028508128,0.9894487545852502,0.7487606277954152,0.9241418199787566,0.9890130573694068
200,1,0.0,0.9666666666666667,1.0,1.0,0.0,0.0,1.0,3.514893e-12,0.90339877929179,0.9894626879728357,0.7413950409887349,0.9241418199787566,0.9890130573694068
201,1,0.0,1.0,1.0,1.0,0.0,0.0,1.0,0.0068283454,0.9234988869933495,0.9894397485604667,0.7730204949446815,0.9241418199787566,0.9890130573694068
202,1,0.0,1.0,1.0,1.0,0.0,0.0,1.0,6.0656707e-06,0.9615354067568658,0.9894316652473175,0.8639743247270875,0.9241418199787566,0.9890130573694068
203,1,0.0,1.0,1.0,1.0,0.0,0.0,1.0,1.3132313e-09,0.9243459304633266,0.9894635604411409,0.3063159548497136,0.9241418199787566,0.9890130573694068
204,1,0.0,1.0,1.0,1.0,0.0,0.0,1.0,5.9022107e-09,0.9186378179413803,0.9894388616941199,0.1,0.9241418199787566,0.9890130573694068
205,1,0.0,0.9666666666666667,1.0,1.0,0.0,0.0,1.0,3.36028e-12,0.9290876651414339,0.9894261564022677,0.18730644842852046,0.9241418199787566,0.9890130573694068
206,1,0.0,1.0,1.0,1.0,0.0,0.0,1.0,1.4360957e-13,0.9304477260338009,0.9894192581966526,0.1,0.9241418199787566,0.9890130573694068
207,1,1.0,1.0,1.0,1.0,1.0,1.0,1.0,1.0,0.9299477695599581,0.9894317369368737,0.1,0.9241418199787566,0.9890130573694068
208,1,0.0,1.0,1.0,1.0,0.0,0.0,1.0,8.927696e-17,0.9379005460517308,0.9894042841013758,0.1,0.9241418199787566,0.9890130573694068
209,1,1.0,1.0,1.0,1.0,1.0,1.0,1.0,0.99999845,0.9344303118222513,0.98943943441822,0.7778294595177866,0.9241418199787566,0.9890130573694068
210,1,0.0,1.0,1.0,1.0,0.0,0.0,1.0,8.3550195e-10,0.9047005096311651,0.9894692019751176,0.6065071794677009,0.9241418199787566,0.9890130573694068
211,1,0.0,0.95,1.0,1.0,0.0,0.0,1.0,9.899904e-10,0.9086910344490567,0.9408769297784974,0.16654320258240435,0.9241418199787566,0.9890130573694068
212,0,1.0,0.0,1.0,1.0,0.0,0.0,1.0,3.003795e-11,0.9511826287634304,0.01799239164269682,0.1444592215373598,0.9241418199787566,0.9890130573694068
213,0,1.0,0.0,1.0,1.0,0.0,0.0,1.0,3.649806e-05,0.9498105755047134,0.01801026086331976,0.14980567295044028,0.9241418199787566,0.9890130573694068
214,0,1.0,0.0,1.0,1.0,0.0,0.0,1.0,1.5870024e-12,0.9481810321331052,0.01798993892151762,0.9808969758892847,0.9241418199787566,0.9890130573694068
215,0,1.0,0.0,1.0,1.0,0.0,0.0,1.0,4.5506796e-10,0.9399261101559997,0.017990310808238954,0.1,0.9241418199787566,0.9890130573694068
216,0,1.0,0.0,1.0,1.0,0.0,0.0,1.0,8.994901e-10,0.9397967367258484,0.018000492103404184,0.23922007785216023,0.9241418199787566,0.9890130573694068
217,0,1.0,0.0,1.0,1.0,0.0,0.0,1.0,9.382457e-12,0.9373900922587516,0.018004201209014935,0.23606070418459213,0.9241418199787566,0.9890130573694068
218,0,1.0,0.0,1.0,1.0,0.0,0.0,1.0,2.0459245e-05,0.9514737950339487,0.018003134547090124,0.1,0.9241418199787566,0.9890130573694068
219,0,1.0,0.0,1.0,1.0,0.0,0.0,1.0,3.9854017e-13,0.9437395237809085,0.017984264305513416,0.1,0.9241418199787566,0.9890130573694068
220,0,1.0,0.0,1.0,1.0,0.0,0.0,1.0,1.6889002e-09,0.946532207189509,0.017967198408321613,0.225357372873822,0.9241418199787566,0.9890130573694068
221,0,1.0,0.0,1.0,1.0,0.0,0.0,1.0,3.3621103e-14,0.9507821154775135,0.017995711929946763,0.1,0.9241418199787566,0.9890130573694068
222,0,0.0,0.0,1.0,0.0,0.0,0.0,1.0,1.0,0.9419630890244809,0.01798971328982577,0.1,0.9241418199787566,0.9890130573694068
223,0,1.0,0.0,1.0,1.0,0.0,0.0,1.0,1.8107045e-05,0.9614184832487322,0.017955730850093377,0.1,0.9241418199787566,0.9890130573694068
224,0,1.0,0.0,1.0,1.0,0.0,0.0,1.0,6.9198036e-11,0.9582717861145047,0.0180161794578364,0.1,0.9241418199787566,0.9890130573694068
225,0,0.0,0.0,1.0,0.0,0.0,0.0,1.0,1.0,0.9265477766156152,0.01801098187540164,0.1,0.9241418199787566,0.9890130573694068
226,0,1.0,0.0,1.0,1.0,0.0,0.0,1.0,2.7973976e-09,0.9437864366191023,0.01800501404318176,0.1,0.9241418199787566,0.9890130573694068
227,0,1.0,0.0,1.0,1.0,0.0,0.0,1.0,2.8743485e-19,0.9430100756326997,0.01803316759761882,0.11636513925267529,0.9241418199787566,0.9890130573694068
228,0,1.0,0.0,1.0,1.0,0.0,0.0,1.0,7.9720553e-07,0.9409823946431319,0.017972664932499327,0.1,0.9241418199787566,0.9890130573694068
229,0,1.0,0.0,1.0,1.0,0.0,0.0,1.0,1.0034718e-07,0.9464287181900682,0.018021895536655567,0.27152947801482336,0.9241418199787566,0.9890130573694068
230,0,1.0,0.0,1.0,1.0,0.0,0.0,1.0,2.6570253e-15,0.9367373581857099,0.01795271485355127,0.1,0.9241418199787566,0.9890130573694068
231,0,1.0,0.0,1.0,1.0,0.0,0.0,1.0,2.0652494e-06,0.9373393793050543,0.018039816699357135,0.27787659373328394,0.9241418199787566,0.9890130573694068
232,0,1.0,0.0,1.0,1.0,0.0,0.0,1.0,7.8076286e-19,0.9464188893204142,0.018019497810107067,0.1,0.9241418199787566,0.9890130573694068
233,0,1.0,0.0,1.0,1.0,0.0,0.0,1.0,3.3305234e-10,0.9408400385647945,0.018009255483948487,0.24188315212205583,0.9241418199787566,0.9890130573694068
234,1,0.0,0.5,1.0,0.0,0.0,0.0,1.0,0.00012533608,0.9508562007708755,0.4885038034481147,0.14068413173519798,0.9241418199787566,0.9890130573694068
235,1,1.0,1.0,1.0,1.0,1.0,1.0,1.0,1.0,0.9628711133268276,0.9588976121228956,0.1,0.9241418199787566,0.9890130573694068
236,1,1.0,1.0,1.0,1.0,1.0,1.0,1.0,0.77692366,0.9635160316714279,0.958992732262695,0.919849092848885,0.9241418199787566,0.9890130573694068
237,1,1.0,1.0,1.0,1.0,1.0,1.0,1.0,1.0,0.9442848109495814,0.9588866772118909,0.1,0.9241418199787566,0.9890130573694068
238,1,0.0,0.9833333333333333,1.0,1.0,0.0,0.0,1.0,2.5894717e-08,0.9481831876653668,0.9589058485860176,0.779503405483016,0.9241418199787566,0.9890130573694068
239,1,0.0,1.0,1.0,1.0,0.0,0.0,1.0,0.0012332617,0.9530881341913939,0.9588456935159465,0.6898225977817238,0.9241418199787566,0.9890130573694068
240,1,1.0,1.0,1.0,1.0,1.0,1.0,1.0,0.998884,0.9540061722265437,0.9588424802752085,0.16205524798602602,0.9241418199787566,0.9890130573694068
241,1,0.0,1.0,1.0,1.0,0.0,0.0,1.0,0.0004164498,0.9555007063366173,0.9588906788871719,0.590884782601832,0.9241418199787566,0.9890130573694068
242,1,0.0,1.0,1.0,1.0,0.0,0.0,1.0,2.811166e-16,0.9771236000894595,0.9588037616719042,0.1,0.9241418199787566,0.9890130573694068
243,1,0.0,1.0,1.0,1.0,0.0,0.0,1.0,3.840362e-06,0.950126386537107,0.9589197695718065,0.6317652028593006,0.9241418199787566,0.9890130573694068
244,1,1.0,1.0,1.0,1.0,1.0,1.0,1.0,1.0,0.9613266231986315,0.9587809457558684,0.1,0.9241418199787566,0.9890130573694068
245,1,1.0,1.0,1.0,1.0,1.0,1.0,1.0,0.9999957,0.9607422753620027,0.9589594703111252,0.7938490934694913,0.9241418199787566,0.9890130573694068
246,1,1.0,1.0,1.0,1.0,1.0,1.0,1.0,1.0,0.9521375281556668,0.9589810030021398,0.1,0.9241418199787566,0.9890130573694068
247,1,0.0,0.9833333333333333,1.0,1.0,0.0,0.0,1.0,0.014621516,0.9594741922637259,0.9589926472122043,0.17626986557000499,0.9241418199787566,0.9890130573694068
248,1,0.0,1.0,1.0,1.0,0.0,0.0,1.0,1.8931249e-16,0.957405441192588,0.9588633855461931,0.1,0.9241418199787566,0.9890130573694068
249,1,0.0,1.0,1.0,1.0,0.0,0.0,1.0,2.7392961e-13,0.9386451179580053,0.9589267800547374,0.9037472505315182,0.9241418199787566,0.9890130573694068
250,1,0.0,1.0,1.0,1.0,0.0,0.0,1.0,5.6712456e-15,0.9596248286539993,0.9588610210728206,0.1,0.9241418199787566,0.9890130573694068
251,1,0.0,1.0,1.0,1.0,0.0,0.0,1.0,2.050001e-07,0.9536556880838883,0.9589011146799218,0.17217784523219345,0.9241418199787566,0.9890130573694068
252,1,0.0,1.0,1.0,1.0,0.0,0.0,1.0,1.6994937e-08,0.9576409270745692,0.9589172497807862,0.1,0.9241418199787566,0.9890130573694068
253,1,0.0,1.0,1.0,1.0,0.0,0.0,1.0,4.302496e-06,0.9482320463141327,0.9589178808828128,0.6208247854595976,0.9241418199787566,0.9890130573694068
254,1,0.0,1.0,1.0,1.0,0.0,0.0,1.0,0.090703994,0.946045174165816,0.9588992895816535,0.9738056899706842,0.9241418199787566,0.9890130573694068
255,1,1.0,1.0,1.0,1.0,1.0,1.0,1.0,0.99998593,0.9695193016541358,0.9590007394989962,0.9624274463669101,0.9241418199787566,0.9890130573694068
256,1,0.0,1.0,1.0,1.0,0.0,0.0,1.0,4.7434607e-14,0.9511067388859167,0.9589311726351252,0.1,0.9241418199787566,0.9890130573694068
257,1,1.0,1.0,1.0,1.0,1.0,1.0,1.0,0.99999595,0.9710059409110149,0.9589859594877034,0.4275511105404048,0.9241418199787566,0.9890130573694068
258,1,0.0,1.0,1.0,1.0,0.0,0.0,1.0,3.8647286e-05,0.9506171073300096,0.9588495564620189,0.3122044431401989,0.9241418199787566,0.9890130573694068
259,1,1.0,1.0,1.0,1.0,1.0,1.0,1.0,1.0,0.9590751633676932,0.9588880573858364,0.1,0.9241418199787566,0.9890130573694068
260,1,1.0,1.0,1.0,1.0,1.0,1.0,1.0,0.77692366,0.9359007513492634,0.9588853436129199,0.919849092848885,0.9241418199787566,0.9890130573694068
261,1,1.0,1.0,1.0,1.0,1.0,1.0,1.0,1.0,0.9661085879596649,0.9589027499790216,0.1,0.9241418199787566,0.9890130573694068
262,1,0.0,1.0,1.0,1.0,0.0,0.0,1.0,9.723659e-13,0.9613943281770815,0.9588729745723439,0.6431522878804435,0.9241418199787566,0.9890130573694068
263,1,0.0,1.0,1.0,1.0,0.0,0.0,1.0,5.916742e-12,0.9494977511063603,0.9589821530637789,0.1,0.9241418199787566,0.9890130573694068
264,1,1.0,1.0,1.0,1.0,1.0,1.0,1.0,1.0,0.9492675285496767,0.9589373651773003,0.1,0.9241418199787566,0.9890130573694068
265,1,0.0,1.0,1.0,1.0,0.0,0.0,1.0,3.840362e-06,0.9333986132261339,0.95896373147373,0.6317652028593006,0.9241418199787566,0.9890130573694068
266,1,0.0,1.0,1.0,1.0,0.0,0.0,1.0,4.878838e-16,0.9520296623998633,0.9589270747543275,0.835616476525483,0.9241418199787566,0.9890130573694068
267,1,0.0,1.0,1.0,1.0,0.0,0.0,1.0,9.545399e-12,0.9513357011080203,0.9588735269494075,0.649551183433216,0.9241418199787566,0.9890130573694068
268,1,0.0,1.0,1.0,1.0,0.0,0.0,1.0,0.0,0.956001392449919,0.9589655364360337,0.6883247185521709,0.9241418199787566,0.9890130573694068
269,1,0.0,1.0,1.0,1.0,0.0,0.0,1.0,0.004977551,0.963572187859943,0.9588627488410506,0.13218328789096145,0.9241418199787566,0.9890130573694068
270,1,1.0,1.0,1.0,1.0,1.0,1.0,1.0,1.0,0.9565450061807894,0.958926055940956,0.7783728439141929,0.9241418199787566,0.9890130573694068
271,1,0.0,1.0,1.0,1.0,0.0,0.0,1.0,4.916288e-12,0.9771366368711653,0.9589530340815267,0.32555878045990955,0.9241418199787566,0.9890130573694068
272,1,0.0,1.0,1.0,1.0,0.0,0.0,1.0,0.0014469182,0.9661329481239171,0.958909153173143,0.12413377998722812,0.9241418199787566,0.9890130573694068
273,1,0.0,1.0,1.0,1.0,0.0,0.0,1.0,1.626917e-11,0.9693686541228049,0.9588691651207925,0.35002761240539326,0.9241418199787566,0.9890130573694068
274,1,0.0,1.0,1.0,1.0,0.0,0.0,1.0,1.3175116e-06,0.9733947606310814,0.9590271529620364,0.1,0.9241418199787566,0.9890130573694068
275,1,1.0,1.0,1.0,1.0,1.0,1.0,1.0,0.9975248,0.9697562522586879,0.9589602732259067,0.12155090171104864,0.9241418199787566,0.9890130573694068
276,1,1.0,1.0,1.0,1.0,1.0,0.0,1.0,0.6848114,0.9672069570822853,0.9588654671164619,0.37262898122552257,0.9241418199787566,0.9890130573694068
277,1,1.0,1.0,1.0,1.0,1.0,1.0,1.0,1.0,0.945694191068714,0.9590153865222274,0.8468440243316867,0.9241418199787566,0.9890130573694068
278,1,0.0,1.0,1.0,1.0,0.0,0.0,1.0,2.4893172e-06,0.9513217521353863,0.95887949126478,0.9529529016861927,0.9241418199787566,0.9890130573694068
279,1,1.0,1.0,1.0,1.0,1.0,1.0,1.0,1.0,0.9658912716472285,0.958858424907683,0.7889761832861449,0.9241418199787566,0.9890130573694068
280,1,1.0,1.0,1.0,1.0,1.0,1.0,1.0,0.9999957,0.9684787580889904,0.9587699040309859,0.7938490934694913,0.9241418199787566,0.9890130573694068
281,1,1.0,1.0,1.0,1.0,1.0,1.0,1.0,1.0,0.95015582574515,0.9589938226213753,0.8776174646911953,0.9241418199787566,0.9890130573694068
282,1,0.0,1.0,1.0,1.0,0.0,0.0,1.0,8.585229e-08,0.9628429116784801,0.9588594353162083,0.1,0.9241418199787566,0.9890130573694068
283,1,1.0,1.0,1.0,1.0,1.0,1.0,1.0,0.9996051,0.9636331030737091,0.9589190466086575,0.7404756864715066,0.9241418199787566,0.9890130573694068
284,1,0.0,1.0,1.0,1.0,0.0,0.0,1.0,1.8085542e-05,0.9540462231251311,0.9588515027859773,0.1,0.9241418199787566,0.9890130573694068
285,1,0.0,1.0,1.0,1.0,0.0,0.0,1.0,3.514893e-12,0.9554976627521063,0.9588640068413038,0.7413950409887349,0.9241418199787566,0.9890130573694068
286,1,0.0,1.0,1.0,1.0,0.0,0.0,1.0,2.8232403e-12,0.9538557991790454,0.9589031751100487,0.2445334428491643,0.9241418199787566,0.9890130573694068
287,1,0.0,0.9833333333333333,1.0,1.0,0.0,0.0,1.0,0.05427607,0.9439602774227018,0.959040935690208,0.3581244120883103,0.9241418199787566,0.9890130573694068
288,1,1.0,0.8666666666666667,1.0,1.0,1.0,1.0,1.0,1.0,0.9448679940236921,0.8333781879162431,0.1,0.9241418199787566,0.9890130573694068
289,0,0.0,0.0,1.0,0.0,0.0,0.0,1.0,1.0,0.9575412430491131,0.01799952610403032,0.1,0.9241418199787566,0.9890130573694068
290,0,1.0,0.0,1.0,1.0,0.0,0.0,1.0,8.994901e-10,0.9357328733400799,0.018027993223493244,0.23922007785216023,0.9241418199787566,0.9890130573694068
291,0,1.0,0.0,1.0,1.0,0.0,0.0,1.0,0.0029125784,0.9492555416132327,0.0179791801524581,0.1367443473146248,0.9241418199787566,0.9890130573694068
292,0,1.0,0.0,1.0,1.0,0.0,0.0,1.0,3.0897704e-09,0.947551925130815,0.01798782980408544,0.10327682978612808,0.9241418199787566,0.9890130573694068
293,0,0.0,0.0,1.0,0.0,0.0,0.0,1.0,1.0,0.941592995736541,0.01800512615650647,0.1,0.9241418199787566,0.9890130573694068
294,0,1.0,0.0,1.0,1.0,0.0,0.0,1.0,5.7315077e-09,0.9414639145049081,0.017968160503311407,0.17888049181873206,0.9241418199787566,0.9890130573694068
295,0,1.0,0.0,1.0,1.0,0.0,0.0,1.0,1.5186437e-12,0.9517362404945657,0.01795734108455648,0.1,0.9241418199787566,0.9890130573694068
296,0,1.0,0.0,1.0,1.0,0.0,0.0,1.0,1.4439049e-12,0.9493080738672005,0.017993442445031538,0.1,0.9241418199787566,0.9890130573694068
297,0,0.0,0.0,1.0,0.0,0.0,0.0,1.0,0.98641264,0.9436577830570577,0.01797687752187504,0.1,0.9241418199787566,0.9890130573694068
298,0,1.0,0.0,1.0,1.0,0.0,0.0,1.0,1.4484891e-16,0.9426857052255913,0.017948342542683373,0.1,0.9241418199787566,0.9890130573694068
299,0,1.0,0.0,1.0,1.0,0.0,0.0,1.0,1.1910482e-18,0.9354849401663222,0.017963767118547122,0.1,0.9241418199787566,0.9890130573694068
300,0,1.0,0.0,1.0,1.0,0.0,0.0,1.0,1.8789573e-10,0.9429112010511501,0.017982361020787464,0.1,0.9241418199787566,0.9890130573694068
301,0,1.0,0.0,1.0,1.0,0.0,0.0,1.0,7.844821e-13,0.9395226048768415,0.017988296239076305,0.1,0.9241418199787566,0.9890130573694068
302,0,1.0,0.0,1.0,1.0,0.0,0.0,1.0,3.3363926e-07,0.9492314154906025,0.017981200700936274,0.12952810828389932,0.9241418199787566,0.9890130573694068
303,0,1.0,0.0,1.0,1.0,0.0,0.0,1.0,3.656177e-05,0.943147693243139,0.01795300907815205,0.19819513184636203,0.9241418199787566,0.9890130573694068
304,0,0.0,0.0,1.0,0.0,0.0,0.0,1.0,1.0,0.9479630355457658,0.01799330838237401,0.1,0.9241418199787566,0.9890130573694068
305,0,1.0,0.0,1.0,1.0,0.0,0.0,1.0,8.442098e-10,0.9330102614832396,0.018016917163362397,0.1,0.9241418199787566,0.9890130573694068
306,0,0.0,0.0,1.0,0.0,0.0,0.0,1.0,1.0,0.9189786779913959,0.01800508148339019,0.1,0.9241418199787566,0.9890130573694068
307,0,1.0,0.0,1.0,1.0,0.0,0.0,1.0,1.5903225e-13,0.947133339348152,0.017906579357505288,0.9817993199062862,0.9241418199787566,0.9890130573694068
308,0,1.0,0.0,1.0,1.0,0.0,0.0,1.0,0.02664776,0.9530217269243464,0.018001569361000787,0.1363008850929916,0.9241418199787566,0.9890130573694068
309,0,1.0,0.0,1.0,1.0,0.0,0.0,1.0,0.00014022237,0.9412430918477952,0.017976031947412364,0.42145467644352413,0.9241418199787566,0.9890130573694068
310,0,1.0,0.0,1.0,1.0,0.0,0.0,1.0,1.9088476e-07,0.9408677938463664,0.017963470148345075,0.18869898192063364,0.9241418199787566,0.9890130573694068
311,0,0.0,0.0,1.0,0.0,0.0,0.0,1.0,1.0,0.9509367530901535,0.01799803975136687,0.1,0.9241418199787566,0.9890130573694068
312,0,1.0,0.0,1.0,1.0,0.0,0.0,1.0,1.068935e-13,0.9455310869354003,0.017974905828928474,0.1019082038262499,0.9241418199787566,0.9890130573694068
313,0,0.0,0.0,1.0,0.0,0.0,0.0,1.0,0.66825634,0.9425059238588956,0.01800059700632829,0.1725809379327949,0.9241418199787566,0.9890130573694068
314,0,1.0,0.0,1.0,1.0,0.0,0.0,1.0,9.149812e-08,0.9383066573184979,0.0179865675377897,0.1257637007837426,0.9241418199787566,0.9890130573694068
315,0,1.0,0.0,1.0,1.0,0.0,0.0,1.0,7.2238184e-13,0.9373046328409409,0.01802032930568633,0.10622827703295382,0.9241418199787566,0.9890130573694068
316,0,1.0,0.0,1.0,1.0,0.0,0.0,1.0,3.213545e-13,0.9363818877310496,0.01802560096700727,0.1,0.9241418199787566,0.9890130573694068
317,0,1.0,0.0,1.0,1.0,0.0,0.0,1.0,8.415838e-06,0.9469436446938566,0.017937454614698485,0.11012491098739134,0.9241418199787566,0.9890130573694068
318,0,1.0,0.25,1.0,1.0,0.0,0.0,0.0,2.3347029e-16,0.9429102100452088,0.2521346079766842,0.1,0.9241418199787566,0.9890130573694068
319,1,0.0,1.0,1.0,1.0,0.0,0.0,1.0,5.4954312e-14,0.9259911271074921,0.9545307889094778,0.1,0.9241418199787566,0.9890130573694068
320,1,1.0,0.9666666666666667,1.0,1.0,1.0,1.0,1.0,0.99868053,0.9336305050565906,0.9546404522230202,0.1,0.9241418199787566,0.9890130573694068
321,1,1.0,0.9833333333333333,1.0,1.0,1.0,1.0,1.0,1.0,0.9006029993326234,0.9545668648782913,0.1,0.9241418199787566,0.9890130573694068
322,1,0.0,0.9833333333333333,1.0,1.0,0.0,0.0,1.0,3.840362e-06,0.8931707899303126,0.9545489817019235,0.6317652028593006,0.9241418199787566,0.9890130573694068
323,1,0.0,1.0,1.0,1.0,0.0,0.0,1.0,1.0436685e-07,0.8747540222027566,0.9544896420076153,0.27302081940047723,0.9241418199787566,0.9890130573694068
324,1,0.0,1.0,1.0,1.0,0.0,0.0,1.0,1.818033e-08,0.8853366729618897,0.9546082572034273,0.8542180915609522,0.9241418199787566,0.9890130573694068
325,1,1.0,1.0,1.0,1.0,1.0,1.0,1.0,1.0,0.9429733282282515,0.9544783223068383,0.1,0.9241418199787566,0.9890130573694068
326,1,1.0,1.0,1.0,1.0,1.0,1.0,1.0,0.98507,0.891129447258557,0.9546163392231126,0.324042636297855,0.9241418199787566,0.9890130573694068
327,0,1.0,0.4666666666666667,1.0,1.0,0.0,0.0,0.0,1.5009048e-06,0.9307294025573377,0.4550286392234458,0.1,0.9241418199787566,0.9890130573694068
328,1,1.0,0.9,1.0,1.0,1.0,1.0,1.0,0.9975248,0.8765249304080334,0.8814244639087221,0.12155090171104864,0.9241418199787566,0.9890130573694068
329,1,0.0,1.0,1.0,1.0,0.0,0.0,1.0,3.8723534e-12,0.835882099739904,0.9598705992278471,0.1505501321698274,0.9241418199787566,0.9890130573694068
330,1,1.0,1.0,1.0,1.0,0.0,0.0,1.0,0.66890717,0.8322275735844562,0.959937545602174,0.20303845967868323,0.9241418199787566,0.9890130573694068
331,1,0.0,1.0,1.0,1.0,0.0,0.0,1.0,2.175593e-16,0.819910876551226,0.9598430394982064,0.1,0.9241418199787566,0.9890130573694068
332,1,0.0,1.0,1.0,1.0,0.0,0.0,1.0,1.4401916e-16,0.8315783449457004,0.9598903077199481,0.16458964470009305,0.9241418199787566,0.9890130573694068
333,1,0.0,1.0,1.0,1.0,0.0,0.0,1.0,1.1748479e-11,0.8335117432970345,0.9598290646550951,0.840765446225381,0.9241418199787566,0.9890130573694068
334,1,1.0,0.9833333333333333,1.0,1.0,1.0,1.0,1.0,1.0,0.8142961673293738,0.959926809494774,0.1,0.9241418199787566,0.9890130573694068
335,1,0.0,0.9833333333333333,1.0,1.0,0.0,0.0,1.0,0.00019870662,0.836813789968411,0.9597446132621733,0.1,0.9241418199787566,0.9890130573694068
336,1,0.0,1.0,1.0,1.0,0.0,0.0,1.0,7.861566e-05,0.8697700744986944,0.959825301481232,0.10181475392247369,0.9241418199787566,0.9890130573694068
337,1,1.0,1.0,1.0,1.0,0.0,0.0,1.0,0.66890717,0.845135818465865,0.9598636445814888,0.20303845967868323,0.9241418199787566,0.9890130573694068
338,1,0.0,1.0,1.0,1.0,0.0,0.0,1.0,6.0801104e-12,0.8258723509273707,0.9598048532433918,0.1,0.9241418199787566,0.9890130573694068
339,1,0.0,1.0,1.0,1.0,0.0,0.0,1.0,1.235383e-13,0.8308926153455232,0.959890426052222,0.10405309309199964,0.9241418199787566,0.9890130573694068
340,1,0.0,0.9833333333333333,1.0,1.0,0.0,0.0,1.0,2.3385887e-09,0.8616716306950069,0.9598077870726656,0.1,0.9241418199787566,0.9890130573694068
341,1,1.0,0.9833333333333333,1.0,1.0,1.0,1.0,1.0,0.99999845,0.8128786115972809,0.959859553782622,0.9721292838970395,0.9241418199787566,0.9890130573694068
342,1,0.0,1.0,1.0,1.0,0.0,0.0,1.0,3.1641536e-12,0.8336620386530387,0.9598870617604405,0.1,0.9241418199787566,0.9890130573694068
343,1,1.0,1.0,1.0,1.0,1.0,1.0,1.0,1.0,0.8082583497221819,0.9598466419464221,0.1,0.9241418199787566,0.9890130573694068
344,1,0.0,1.0,1.0,1.0,0.0,0.0,1.0,4.4214055e-08,0.8474723072280652,0.9598638241764716,0.1,0.9241418199787566,0.9890130573694068
345,0,1.0,0.06666666666666667,1.0,1.0,0.0,0.0,1.0,5.1591265e-09,0.9364506064735528,0.09648169186960012,0.2101004882285532,0.9241418199787566,0.9890130573694068
346,0,1.0,0.0,1.0,1.0,0.0,0.0,1.0,0.00050447683,0.9532599767746672,0.01797406245917954,0.1,0.9241418199787566,0.9890130573694068
347,0,1.0,0.0,1.0,1.0,0.0,0.0,1.0,1.769208e-11,0.944859395073372,0.017939681522128288,0.12003928800274356,0.9241418199787566,0.9890130573694068
348,0,0.0,0.0,1.0,0.0,0.0,0.0,1.0,1.0,0.94793842421207,0.018001501344180663,0.1,0.9241418199787566,0.9890130573694068
349,0,1.0,0.0,1.0,1.0,0.0,0.0,1.0,3.9999982e-14,0.9384216349166545,0.017992313665440043,0.1,0.9241418199787566,0.9890130573694068
350,0,1.0,0.0,1.0,1.0,0.0,0.0,1.0,1.1457557e-19,0.9463372168633927,0.017963037656027577,0.1,0.9241418199787566,0.9890130573694068
351,0,1.0,0.0,1.0,1.0,0.0,0.0,1.0,2.4948665e-07,0.9429404255420849,0.017996571646074953,0.1,0.9241418199787566,0.9890130573694068
352,0,1.0,0.0,1.0,1.0,0.0,0.0,1.0,4.8446447e-10,0.9456496250474246,0.017961832772151503,0.3094475518838875,0.9241418199787566,0.9890130573694068
353,0,1.0,0.0,1.0,1.0,0.0,0.0,1.0,8.329966e-12,0.9503887700502774,0.01794699394492964,0.1,0.9241418199787566,0.9890130573694068
354,0,1.0,0.0,1.0,1.0,0.0,0.0,1.0,0.00047099256,0.9499180234195079,0.017951997570425073,0.12844346847240612,0.9241418199787566,0.9890130573694068
355,0,1.0,0.0,1.0,1.0,0.0,0.0,1.0,9.266671e-17,0.951696812665738,0.018008146964360705,0.1,0.9241418199787566,0.9890130573694068
356,0,1.0,0.0,1.0,1.0,0.0,0.0,1.0,4.184904e-16,0.9394700851852357,0.017978333512152767,0.1,0.9241418199787566,0.9890130573694068
357,0,1.0,0.0,1.0,1.0,0.0,0.0,1.0,0.00010723232,0.9565040384510858,0.01800129883282611,0.23416018086974752,0.9241418199787566,0.9890130573694068
358,0,1.0,0.0,1.0,1.0,0.0,0.0,1.0,1.8260095e-11,0.963176170987529,0.018030870960315852,0.1,0.9241418199787566,0.9890130573694068
359,0,0.0,0.0,1.0,0.0,0.0,0.0,1.0,1.0,0.9406798425619941,0.017968872360083574,0.1,0.9241418199787566,0.9890130573694068
360,0,1.0,0.0,1.0,1.0,0.0,0.0,1.0,2.4989934e-06,0.9490540781471267,0.01795968754267041,0.14475742737731515,0.9241418199787566,0.9890130573694068
361,0,1.0,0.0,1.0,1.0,0.0,0.0,1.0,3.3160774e-10,0.948841337136231,0.017979058326628657,0.1,0.9241418199787566,0.9890130573694068
362,0,1.0,0.0,1.0,1.0,0.0,0.0,1.0,0.008861387,0.9367314486480908,0.01797571915038357,0.1311328898277903,0.9241418199787566,0.9890130573694068
363,0,1.0,0.0,1.0,1.0,0.0,0.0,1.0,1.94234e-06,0.9343387249045073,0.01803842748675608,0.11492746628741732,0.9241418199787566,0.9890130573694068
364,0,1.0,0.0,1.0,1.0,0.0,0.0,1.0,2.6214401e-08,0.9443521810801537,0.017971700734179683,0.1,0.9241418199787566,0.9890130573694068
365,0,1.0,0.0,1.0,1.0,0.0,0.0,1.0,4.53451e-11,0.9358969999709874,0.017943897514283564,0.11794772512510768,0.9241418199787566,0.9890130573694068
366,0,1.0,0.0,1.0,1.0,0.0,0.0,1.0,3.321793e-05,0.9417200512816578,0.018050907134150022,0.15198956612196576,0.9241418199787566,0.9890130573694068
367,0,1.0,0.0,1.0,1.0,0.0,0.0,1.0,0.028056754,0.9393992066240464,0.01795563462919036,0.9236773796210033,0.9241418199787566,0.9890130573694068
368,0,1.0,0.0,1.0,1.0,0.0,0.0,1.0,1.29353e-09,0.9544704042324365,0.01796407523172134,0.9970560690924846,0.9241418199787566,0.9890130573694068
369,0,1.0,0.0,1.0,1.0,0.0,0.0,1.0,1.8680799e-10,0.950834295346944,0.017999566162080524,0.18418422349960734,0.9241418199787566,0.9890130573694068
370,0,1.0,0.0,1.0,1.0,0.0,0.0,1.0,1.5847663e-09,0.9457726138285705,0.01797266135830438,0.1,0.9241418199787566,0.9890130573694068
371,0,1.0,0.0,1.0,1.0,0.0,0.0,1.0,2.6469988e-05,0.9477314842042486,0.018028984999292636,0.44615504168014414,0.9241418199787566,0.9890130573694068
372,0,1.0,0.0,1.0,1.0,0.0,0.0,1.0,1.7012108e-10,0.9383189839945313,0.017973175644006543,0.1552293400978649,0.9241418199787566,0.9890130573694068
373,0,1.0,0.0,1.0,1.0,0.0,0.0,1.0,6.250228e-09,0.95151676085054,0.01800195774089873,0.17466082208700026,0.9241418199787566,0.9890130573694068
374,0,1.0,0.0,1.0,1.0,0.0,0.0,1.0,9.436687e-06,0.9576469138482278,0.017951768570312502,0.11920292202211753,0.9241418199787566,0.9890130573694068
375,0,1.0,0.0,1.0,1.0,0.0,0.0,1.0,1.1582765e-06,0.9439014613241987,0.017990789946837806,0.337571447366305,0.9241418199787566,0.9890130573694068
376,0,1.0,0.0,1.0,1.0,0.0,0.0,1.0,0.046787843,0.9518831017516167,0.017953372800831553,0.3320731180980318,0.9241418199787566,0.9890130573694068
377,0,1.0,0.0,1.0,1.0,0.0,0.0,1.0,8.417694e-09,0.9426690775276348,0.017949329143101777,0.9976537580793915,0.9241418199787566,0.9890130573694068
378,0,1.0,0.0,1.0,1.0,0.0,0.0,1.0,2.7599826e-06,0.940302253788832,0.01796124737247294,0.1158394527266307,0.9241418199787566,0.9890130573694068
379,0,1.0,0.0,1.0,1.0,0.0,0.0,1.0,6.261715e-05,0.9519754689311658,0.017981450624796447,0.13512466821417077,0.9241418199787566,0.9890130573694068
380,1,1.0,0.65,1.0,1.0,1.0,1.0,1.0,1.0,0.9565344649790217,0.6302303280438718,0.1,0.9241418199787566,0.9890130573694068
381,1,1.0,1.0,1.0,1.0,1.0,1.0,1.0,0.99973065,0.9675137245884421,0.9599784898436563,0.8602764600998449,0.9241418199787566,0.9890130573694068
382,1,1.0,1.0,1.0,1.0,1.0,1.0,1.0,0.9897507,0.9577821818238161,0.9599557146653321,0.4878047765617484,0.9241418199787566,0.9890130573694068
383,1,0.0,1.0,1.0,1.0,0.0,0.0,1.0,0.00014464057,0.9550276868094111,0.9600164855467652,0.3774878016542412,0.9241418199787566,0.9890130573694068
384,1,0.0,1.0,1.0,1.0,0.0,0.0,1.0,1.4052053e-07,0.9606977179266722,0.9600272547119703,0.8644410451434927,0.9241418199787566,0.9890130573694068
385,1,0.0,1.0,1.0,1.0,0.0,0.0,1.0,3.342744e-09,0.974292290104098,0.9600304063729114,0.20857508840502886,0.9241418199787566,0.9890130573694068
386,1,1.0,1.0,1.0,1.0,1.0,1.0,1.0,1.0,0.9630327674100047,0.9600264251285201,0.1,0.9241418199787566,0.9890130573694068
387,1,0.0,1.0,1.0,1.0,0.0,0.0,1.0,1.1946949e-15,0.9706765313715284,0.9600253287155504,0.1,0.9241418199787566,0.9890130573694068
388,1,1.0,1.0,1.0,1.0,1.0,1.0,1.0,1.0,0.9758363975418737,0.9598783902662623,0.1,0.9241418199787566,0.9890130573694068
389,1,0.0,1.0,1.0,1.0,0.0,0.0,1.0,0.0001885544,0.9631430106948654,0.9599167011566758,0.3491146799836036,0.9241418199787566,0.9890130573694068
390,1,0.0,1.0,1.0,1.0,0.0,0.0,1.0,5.1107565e-07,0.9611726050957331,0.9598999755488165,0.5712917227020675,0.9241418199787566,0.9890130573694068
391,1,0.0,1.0,1.0,1.0,0.0,0.0,1.0,3.36028e-12,0.9685653946931488,0.9598980765685277,0.18730644842852046,0.9241418199787566,0.9890130573694068
392,1,0.0,1.0,1.0,1.0,0.0,0.0,1.0,3.3281513e-12,0.9787066888347399,0.9599363339813751,0.5344072860696724,0.9241418199787566,0.9890130573694068
393,1,1.0,1.0,1.0,1.0,1.0,1.0,1.0,0.9999994,0.9726224648587439,0.959882663466577,0.1,0.9241418199787566,0.9890130573694068
394,1,0.0,1.0,1.0,1.0,0.0,0.0,1.0,3.4646317e-09,0.9724737301987948,0.9599905839624687,0.45133043810596835,0.9241418199787566,0.9890130573694068
395,1,0.0,1.0,1.0,1.0,0.0,0.0,1.0,3.70639e-08,0.9838986449045978,0.959935529290494,0.6467797377532412,0.9241418199787566,0.9890130573694068
396,1,0.0,1.0,1.0,1.0,0.0,0.0,1.0,1.4739668e-10,0.9757500319721522,0.9599101074845292,0.1429817788257641,0.9241418199787566,0.9890130573694068
397,1,0.0,1.0,1.0,1.0,0.0,0.0,1.0,1.2648662e-05,0.9489879313585304,0.9599764849164761,0.1,0.9241418199787566,0.9890130573694068
398,1,0.0,1.0,1.0,1.0,0.0,0.0,1.0,3.9534105e-11,0.9600420002886416,0.9598878440715934,0.6654444279776909,0.9241418199787566,0.9890130573694068
399,1,0.0,1.0,1.0,1.0,0.0,0.0,1.0,3.49554e-06,0.96342341273248,0.9599273772159566,0.1,0.9241418199787566,0.9890130573694068
400,1,0.0,1.0,1.0,1.0,0.0,0.0,1.0,2.3690844e-14,0.9604615703087916,0.9598535153642659,0.1,0.9241418199787566,0.9890130573694068
401,1,0.0,1.0,1.0,1.0,0.0,0.0,1.0,0.00028482953,0.9730639582250595,0.9600145340915802,0.5838224684924042,0.9241418199787566,0.9890130573694068
402,1,1.0,1.0,1.0,1.0,1.0,1.0,1.0,0.99547535,0.9641184202053615,0.9598874325782406,0.25664903506898123,0.9241418199787566,0.9890130573694068
403,1,1.0,1.0,1.0,1.0,1.0,1.0,1.0,1.0,0.9726660256305723,0.9599397627425608,0.1,0.9241418199787566,0.9890130573694068
404,1,0.0,0.9833333333333333,1.0,1.0,0.0,0.0,1.0,6.53036e-13,0.9576366159942672,0.9599388816251796,0.1,0.9241418199787566,0.9890130573694068
405,1,0.0,0.9166666666666666,1.0,1.0,0.0,0.0,1.0,2.050001e-07,0.8568074126658146,0.8888073189600764,0.17217784523219345,0.9241418199787566,0.9890130573694068
406,1,0.0,1.0,1.0,1.0,0.0,0.0,1.0,8.0141465e-13,0.7741203058087567,0.9753674905932823,0.1,0.9241418199787566,0.9890130573694068
407,1,0.0,1.0,1.0,1.0,0.0,0.0,1.0,7.677022e-05,0.7796206518604342,0.9754265783101715,0.645228045796177,0.9241418199787566,0.9890130573694068
408,1,1.0,1.0,1.0,1.0,1.0,1.0,1.0,1.0,0.7654032067638005,0.9753712193767173,0.1,0.9241418199787566,0.9890130573694068
409,1,0.0,1.0,1.0,1.0,0.0,0.0,1.0,1.822269e-07,0.762383878289785,0.9752896268617053,0.45639528653277506,0.9241418199787566,0.9890130573694068
410,1,1.0,1.0,1.0,1.0,1.0,1.0,1.0,0.99989045,0.7781742710846598,0.9753888784830662,0.1,0.9241418199787566,0.9890130573694068
411,1,1.0,1.0,1.0,1.0,1.0,1.0,1.0,1.0,0.7862109569335466,0.9753456882902155,0.1243564415435938,0.9241418199787566,0.9890130573694068
412,1,0.0,1.0,1.0,1.0,0.0,0.0,1.0,2.0064488e-13,0.773276435164144,0.9753953102726656,0.1,0.9241418199787566,0.9890130573694068
413,0,1.0,0.21666666666666667,1.0,1.0,0.0,0.0,0.0,2.2113894e-15,0.9253017479475206,0.21708727487038665,0.1,0.9241418199787566,0.9890130573694068
414,0,0.0,0.0,1.0,0.0,0.0,0.0,1.0,1.0,0.9562478573279324,0.017996908922517343,0.1,0.9241418199787566,0.9890130573694068
415,0,1.0,0.0,1.0,1.0,0.0,0.0,1.0,1.9165864e-14,0.9492090392718754,0.0179930412968252,0.15223517547155893,0.9241418199787566,0.9890130573694068
416,0,0.0,0.0,1.0,0.0,0.0,0.0,1.0,1.0,0.9437282698647256,0.01802392509069532,0.1,0.9241418199787566,0.9890130573694068
417,0,0.0,0.0,1.0,0.0,0.0,0.0,1.0,1.0,0.9263229863763957,0.018006771431160758,0.1,0.9241418199787566,0.9890130573694068
418,0,1.0,0.0,1.0,1.0,0.0,0.0,1.0,4.625156e-07,0.9551869066145021,0.01793317489862355,0.1,0.9241418199787566,0.9890130573694068
419,0,0.0,0.0,1.0,0.0,0.0,0.0,1.0,0.99999774,0.9537384388861755,0.017932255266623495,0.1,0.9241418199787566,0.9890130573694068
420,0,1.0,0.0,1.0,1.0,0.0,0.0,1.0,2.5408499e-05,0.9352608324818724,0.017989232275957844,0.13716589468147913,0.9241418199787566,0.9890130573694068
421,0,1.0,0.0,1.0,1.0,0.0,0.0,1.0,1.0982285e-05,0.9547835754144207,0.018014751226734734,0.3516529729321247,0.9241418199787566,0.9890130573694068
422,0,1.0,0.0,1.0,1.0,0.0,0.0,1.0,6.8777166e-09,0.9463323825833009,0.017962463811310215,0.13512775371339805,0.9241418199787566,0.9890130573694068
423,0,1.0,0.0,1.0,1.0,0.0,0.0,1.0,7.74857e-05,0.9537631035279666,0.018042242827942697,0.3213267448593778,0.9241418199787566,0.9890130573694068
424,0,1.0,0.0,1.0,1.0,0.0,0.0,1.0,8.325761e-11,0.9526420289599943,0.018014581184179482,0.9889315083109859,0.9241418199787566,0.9890130573694068
425,0,1.0,0.0,1.0,1.0,0.0,0.0,1.0,6.5231865e-07,0.9368295123395958,0.01798242822626106,0.1,0.9241418199787566,0.9890130573694068
426,0,1.0,0.0,1.0,1.0,0.0,0.0,1.0,4.369472e-18,0.9454034533164232,0.017969551617249578,0.1,0.9241418199787566,0.9890130573694068
427,0,1.0,0.0,1.0,1.0,0.0,0.0,1.0,1.2847793e-06,0.9329787246010673,0.017988556450537836,0.18191828664991969,0.9241418199787566,0.9890130573694068
428,0,1.0,0.0,1.0,1.0,0.0,0.0,1.0,3.34123e-11,0.9334278340590866,0.018003092453418128,0.1,0.9241418199787566,0.9890130573694068
429,0,1.0,0.0,1.0,1.0,0.0,0.0,1.0,0.05861916,0.9571144508548914,0.01802675901185502,0.10263737172501279,0.9241418199787566,0.9890130573694068
430,0,1.0,0.0,1.0,1.0,0.0,0.0,1.0,4.149868e-15,0.9462809516153253,0.018021498942562112,0.1,0.9241418199787566,0.9890130573694068
431,0,0.0,0.0,1.0,0.0,0.0,0.0,1.0,1.0,0.9457355827707079,0.018041467507950458,0.1,0.9241418199787566,0.9890130573694068
432,0,1.0,0.0,1.0,1.0,0.0,0.0,1.0,2.0193288e-06,0.9393133471509019,0.017941983047400425,0.14018143516025847,0.9241418199787566,0.9890130573694068
433,0,1.0,0.0,1.0,1.0,0.0,0.0,1.0,0.042744152,0.9498006447495103,0.018008317231870737,0.25421772105269025,0.9241418199787566,0.9890130573694068
434,0,1.0,0.0,1.0,1.0,0.0,0.0,1.0,0.00020452622,0.941888263740876,0.017968306399581,0.20850856656245284,0.9241418199787566,0.9890130573694068
435,0,1.0,0.0,1.0,1.0,0.0,0.0,1.0,8.762699e-07,0.9396327990901167,0.017963052326020964,0.1,0.9241418199787566,0.9890130573694068
436,0,1.0,0.0,1.0,1.0,0.0,0.0,1.0,3.1381532e-08,0.9391466973004482,0.017988700117252034,0.20606579952190393,0.9241418199787566,0.9890130573694068
437,0,1.0,0.0,1.0,1.0,0.0,0.0,1.0,4.5068055e-06,0.9383909283058433,0.018041814463855343,0.1324919700457881,0.9241418199787566,0.9890130573694068
438,0,0.0,0.0,1.0,0.0,0.0,0.0,1.0,1.0,0.9331997002887794,0.01797742015986107,0.1,0.9241418199787566,0.9890130573694068
439,0,1.0,0.0,1.0,1.0,0.0,0.0,1.0,2.9302962e-06,0.9473745445399218,0.017997586277199273,0.4999705411010899,0.9241418199787566,0.9890130573694068
440,0,1.0,0.0,1.0,1.0,0.0,0.0,1.0,1.6923171e-18,0.9460451848280969,0.01797398449013345,0.17965497286164114,0.9241418199787566,0.9890130573694068
441,0,1.0,0.0,1.0,1.0,0.0,0.0,1.0,1.2669507e-10,0.9501111947368763,0.01797059083715176,0.1,0.9241418199787566,0.9890130573694068
442,0,0.0,0.0,1.0,0.0,0.0,0.0,1.0,1.0,0.9409298842658902,0.01801107089192998,0.1,0.9241418199787566,0.9890130573694068
443,0,1.0,0.0,1.0,1.0,0.0,0.0,1.0,1.5506053e-05,0.9291646959590406,0.017964265153822642,0.1087137346953303,0.9241418199787566,0.9890130573694068
444,0,0.0,0.0,1.0,0.0,0.0,0.0,1.0,1.0,0.9371360153300267,0.018007073455464942,0.1,0.9241418199787566,0.9890130573694068
445,0,1.0,0.0,1.0,1.0,0.0,0.0,1.0,1.2119724e-08,0.9462571827868277,0.018002066830790718,0.14296347533031362,0.9241418199787566,0.9890130573694068
446,0,1.0,0.0,1.0,1.0,0.0,0.0,1.0,0.05746305,0.9428968075998972,0.01800303212360492,0.1,0.9241418199787566,0.9890130573694068
447,0,1.0,0.0,1.0,1.0,0.0,0.0,1.0,3.1684252e-11,0.9532792755447692,0.017984144788800012,0.1163806080596375,0.9241418199787566,0.9890130573694068
448,0,0.0,0.0,1.0,0.0,0.0,0.0,1.0,0.99999774,0.9349466958851208,0.017985937121303815,0.1,0.9241418199787566,0.9890130573694068
449,0,0.0,0.0,1.0,0.0,0.0,0.0,1.0,1.0,0.9538481764599783,0.01798689853108047,0.1,0.9241418199787566,0.9890130573694068
450,0,0.0,0.0,1.0,0.0,0.0,0.0,1.0,1.0,0.9500563155945319,0.018034223624845455,0.1,0.9241418199787566,0.9890130573694068
451,0,1.0,0.0,1.0,1.0,0.0,0.0,1.0,1.1095923e-07,0.9516401210117176,0.01798770751157453,0.9404493718114844,0.9241418199787566,0.9890130573694068
452,0,1.0,0.0,1.0,1.0,0.0,0.0,1.0,1.9905679e-06,0.9574223276572589,0.01795001627142998,0.9998399803958055,0.9241418199787566,0.9890130573694068
453,0,1.0,0.0,1.0,1.0,0.0,0.0,1.0,1.1286378e-08,0.9381628552236592,0.017986834398234338,0.1,0.9241418199787566,0.9890130573694068
454,0,1.0,0.0,1.0,1.0,0.0,0.0,1.0,5.2559513e-05,0.9551994578207037,0.017963774107893144,0.1,0.9241418199787566,0.9890130573694068
455,0,1.0,0.0,1.0,1.0,0.0,0.0,1.0,8.78497e-15,0.9404897794103694,0.01795725659560078,0.8712219295156981,0.9241418199787566,0.9890130573694068
456,0,1.0,0.0,1.0,1.0,0.0,0.0,1.0,2.7030941e-05,0.944914193833469,0.01803136886082146,0.14160645223795276,0.9241418199787566,0.9890130573694068
457,0,1.0,0.0,1.0,1.0,0.0,0.0,1.0,7.1404986e-14,0.9382304876174891,0.0179450214526566,0.1,0.9241418199787566,0.9890130573694068
458,0,1.0,0.0,1.0,1.0,0.0,0.0,1.0,2.3347029e-16,0.9486311372969886,0.018008695142410117,0.1,0.9241418199787566,0.9890130573694068
459,0,1.0,0.0,1.0,1.0,0.0,0.0,1.0,8.1185e-14,0.9381922222793668,0.017978089181044273,0.3468643572900517,0.9241418199787566,0.9890130573694068
460,0,1.0,0.0,1.0,1.0,0.0,0.0,1.0,1.0567219e-12,0.9487827281187944,0.017940006218432874,0.1,0.9241418199787566,0.9890130573694068
461,0,0.0,0.0,1.0,0.0,0.0,0.0,1.0,1.0,0.9583557409950695,0.018018681736626074,0.1,0.9241418199787566,0.9890130573694068
462,0,0.0,0.0,1.0,0.0,0.0,0.0,1.0,1.0,0.941409384261576,0.017984257558972934,0.1,0.9241418199787566,0.9890130573694068
463,0,1.0,0.0,1.0,1.0,0.0,0.0,1.0,7.153975e-12,0.9421541815279976,0.017991084508967078,0.10999023545134798,0.9241418199787566,0.9890130573694068
464,1,0.0,0.65,1.0,1.0,0.0,0.0,1.0,4.1460211e-16,0.9580948089718686,0.6229577591528624,0.1,0.9241418199787566,0.9890130573694068
465,0,1.0,0.48333333333333334,1.0,1.0,0.0,0.0,0.0,1.9765993e-14,0.9486313114142124,0.46763566589349315,0.1,0.9241418199787566,0.9890130573694068
466,0,0.0,0.0,1.0,0.0,0.0,0.0,1.0,1.0,0.9465070638633085,0.017973734040732915,0.1,0.9241418199787566,0.9890130573694068
467,0,1.0,0.0,1.0,1.0,0.0,0.0,1.0,1.1045954e-16,0.9524070094278699,0.017982890058223355,0.1,0.9241418199787566,0.9890130573694068
468,0,1.0,0.0,1.0,1.0,0.0,0.0,1.0,8.359618e-08,0.9361268862484337,0.018009412503182755,0.1,0.9241418199787566,0.9890130573694068
469,0,1.0,0.0,1.0,1.0,0.0,0.0,1.0,2.0567871e-16,0.9513517075827396,0.017989621158694593,0.1,0.9241418199787566,0.9890130573694068
470,0,1.0,0.0,1.0,1.0,0.0,0.0,1.0,3.2660975e-11,0.9464844682512209,0.017966106525438112,0.1,0.9241418199787566,0.9890130573694068
471,1,1.0,0.9833333333333333,1.0,1.0,1.0,1.0,1.0,1.0,0.9566649957504471,0.9450606666411245,0.1,0.9241418199787566,0.9890130573694068
472,1,0.0,1.0,1.0,1.0,0.0,0.0,1.0,5.4954312e-14,0.964302430184204,0.9608933404534526,0.1,0.9241418199787566,0.9890130573694068
473,1,1.0,1.0,1.0,1.0,1.0,1.0,1.0,0.98507,0.9584053308222439,0.960766683097018,0.324042636297855,0.9241418199787566,0.9890130573694068
474,1,1.0,1.0,1.0,1.0,1.0,1.0,1.0,0.99999976,0.9508942333602136,0.9609446367663581,0.22619584657084071,0.9241418199787566,0.9890130573694068
475,1,0.0,1.0,1.0,1.0,0.0,0.0,1.0,2.081453e-06,0.9749423708278911,0.9608577731026411,0.3311015399527364,0.9241418199787566,0.9890130573694068
476,1,0.0,1.0,1.0,1.0,0.0,0.0,1.0,1.4660006e-07,0.9789132546076614,0.9608175557633739,0.1,0.9241418199787566,0.9890130573694068
477,1,1.0,1.0,1.0,1.0,1.0,1.0,1.0,0.997969,0.9749837601578215,0.9608210597944337,0.8962030574406595,0.9241418199787566,0.9890130573694068
478,1,1.0,1.0,1.0,1.0,1.0,1.0,1.0,1.0,0.9760296879948757,0.9608241038887121,0.731145352059899,0.9241418199787566,0.9890130573694068
479,1,1.0,1.0,1.0,1.0,1.0,1.0,1.0,1.0,0.982285642960004,0.9608942723634857,0.1,0.9241418199787566,0.9890130573694068
480,1,1.0,1.0,1.0,1.0,1.0,1.0,1.0,1.0,0.9830934868236707,0.9608834138047772,0.7407778874599071,0.9241418199787566,0.9890130573694068
481,1,1.0,1.0,1.0,1.0,1.0,1.0,1.0,1.0,0.9650399712072469,0.9608787653165906,0.1,0.9241418199787566,0.9890130573694068
482,1,0.0,1.0,1.0,1.0,0.0,0.0,1.0,0.30468807,0.9623082836331281,0.9609298293903713,0.1,0.9241418199787566,0.9890130573694068
483,1,0.0,1.0,1.0,1.0,0.0,0.0,1.0,0.00011863516,0.9701199737558762,0.9609014399179537,0.1151324662799,0.9241418199787566,0.9890130573694068
484,1,0.0,1.0,1.0,1.0,0.0,0.0,1.0,0.018845676,0.9728774154804605,0.9608114870887527,0.12095481849568562,0.9241418199787566,0.9890130573694068
485,1,0.0,1.0,1.0,1.0,0.0,0.0,1.0,1.1998566e-05,0.9636635609519426,0.9608562894832614,0.4029571962645238,0.9241418199787566,0.9890130573694068
486,1,1.0,0.9833333333333333,1.0,1.0,1.0,1.0,1.0,1.0,0.9641916583389633,0.9608999101191279,0.1,0.9241418199787566,0.9890130573694068
487,1,1.0,1.0,1.0,1.0,1.0,1.0,1.0,0.99996495,0.9787615425831486,0.9609375351263109,0.9351765325815481,0.9241418199787566,0.9890130573694068
488,1,1.0,1.0,1.0,1.0,1.0,1.0,1.0,1.0,0.9649614954409019,0.9609551254857883,0.1,0.9241418199787566,0.9890130573694068
489,1,1.0,1.0,1.0,1.0,1.0,1.0,1.0,0.99999845,0.9447191547648421,0.96088094633722,0.9721292838970395,0.9241418199787566,0.9890130573694068
490,1,1.0,0.9833333333333333,1.0,1.0,1.0,1.0,1.0,0.9983181,0.9305895611547477,0.9608882496440799,0.9707828171134891,0.9241418199787566,0.9890130573694068
491,1,0.0,1.0,1.0,1.0,0.0,0.0,1.0,7.3690104e-16,0.9468554593019641,0.9607627640557077,0.5790521342129233,0.9241418199787566,0.9890130573694068
492,1,1.0,1.0,1.0,1.0,1.0,1.0,1.0,0.9999968,0.9370837530087652,0.9608557891804063,0.9100792253066973,0.9241418199787566,0.9890130573694068
493,1,0.0,1.0,1.0,1.0,0.0,0.0,1.0,0.07975031,0.923245189375482,0.9608510174242053,0.7573912101184928,0.9241418199787566,0.9890130573694068
494,1,0.0,0.9833333333333333,1.0,1.0,0.0,0.0,1.0,4.7434607e-14,0.8887184817715534,0.9607924975199751,0.1,0.9241418199787566,0.9890130573694068
495,1,1.0,1.0,1.0,1.0,1.0,1.0,1.0,1.0,0.953061616138156,0.9609726638334554,0.9756040026643457,0.9241418199787566,0.9890130573694068
496,1,1.0,1.0,1.0,1.0,1.0,1.0,1.0,1.0,0.9107936539037628,0.9608591100969581,0.7889761832861449,0.9241418199787566,0.9890130573694068
497,1,1.0,1.0,1.0,1.0,1.0,1.0,1.0,1.0,0.9452140888741318,0.9608199718536452,0.1,0.9241418199787566,0.9890130573694068
498,1,1.0,0.9833333333333333,1.0,1.0,1.0,1.0,1.0,1.0,0.8465606727548978,0.9608452094391164,0.1,0.9241418199787566,0.9890130573694068
499,1,0.0,1.0,1.0,1.0,0.0,0.0,1.0,0.00015217486,0.883579325423313,0.9609117773148016,0.18202014834980346,0.9241418199787566,0.9890130573694068
500,1,0.0,1.0,1.0,1.0,0.0,0.0,1.0,2.944189e-16,0.8077858605130274,0.9607992636820735,0.10092366350422192,0.9241418199787566,0.9890130573694068
501,1,1.0,1.0,1.0,1.0,1.0,1.0,1.0,0.9999999,0.8067966895933452,0.9607590248844375,0.9765249148802915,0.9241418199787566,0.9890130573694068
502,1,1.0,1.0,1.0,1.0,1.0,1.0,1.0,0.9992142,0.7687137041684455,0.9608490446499466,0.8354969356677833,0.9241418199787566,0.9890130573694068
503,1,1.0,1.0,1.0,1.0,1.0,1.0,1.0,1.0,0.7692514165521447,0.9608800934995012,0.1,0.9241418199787566,0.9890130573694068
504,1,0.0,1.0,1.0,1.0,0.0,0.0,1.0,2.4673246e-13,0.7923195499355359,0.9608760889615128,0.38416970262619604,0.9241418199787566,0.9890130573694068
505,1,0.0,1.0,1.0,1.0,0.0,0.0,1.0,3.840362e-06,0.7523267370563567,0.960734058543292,0.6317652028593006,0.9241418199787566,0.9890130573694068
506,1,1.0,1.0,1.0,1.0,0.0,0.0,1.0,0.5595614,0.8119730966526661,0.9610777502850706,0.9560163605103844,0.9241418199787566,0.9890130573694068
507,1,0.0,1.0,1.0,1.0,0.0,0.0,1.0,3.044645e-11,0.7963008780773654,0.960846787008592,0.4344343870871229,0.9241418199787566,0.9890130573694068
508,1,1.0,1.0,1.0,1.0,1.0,1.0,1.0,1.0,0.7763009419004785,0.9608512148783919,0.1,0.9241418199787566,0.9890130573694068
509,1,0.0,1.0,1.0,1.0,0.0,0.0,1.0,4.4214055e-08,0.7901643856686891,0.960939721239576,0.1,0.9241418199787566,0.9890130573694068
510,1,1.0,1.0,1.0,1.0,0.0,0.0,1.0,0.65296984,0.7872306703711975,0.9608506495154605,0.1,0.9241418199787566,0.9890130573694068
511,1,1.0,1.0,1.0,1.0,1.0,1.0,1.0,1.0,0.8007295907494244,0.9608984383145482,0.1,0.9241418199787566,0.9890130573694068
512,1,0.0,1.0,1.0,1.0,0.0,0.0,1.0,0.0012332617,0.8459522602550286,0.9608931207973019,0.6898225977817238,0.9241418199787566,0.9890130573694068
513,1,0.0,1.0,1.0,1.0,0.0,0.0,1.0,9.360248e-10,0.8703727378442082,0.9608692014448486,0.12828649870464298,0.9241418199787566,0.9890130573694068
514,1,0.0,1.0,1.0,1.0,0.0,0.0,1.0,2.2506323e-14,0.8125494916791919,0.9609081192850316,0.1,0.9241418199787566,0.9890130573694068
515,1,1.0,1.0,1.0,1.0,1.0,1.0,1.0,1.0,0.8111403757398088,0.9607985078506408,0.1,0.9241418199787566,0.9890130573694068
516,1,0.0,1.0,1.0,1.0,0.0,0.0,1.0,3.4885183e-05,0.7802323304988816,0.9609113148396791,0.6207411272606799,0.9241418199787566,0.9890130573694068
517,1,0.0,1.0,1.0,1.0,0.0,0.0,1.0,5.2281377e-14,0.7602726452051994,0.960871860281326,0.22200626320203645,0.9241418199787566,0.9890130573694068
518,1,1.0,1.0,1.0,1.0,1.0,1.0,1.0,0.99998415,0.7969605030939113,0.9609311250479059,0.1,0.9241418199787566,0.9890130573694068
519,1,0.0,1.0,1.0,1.0,0.0,0.0,1.0,3.4646317e-09,0.7534683917028203,0.9608251084616504,0.45133043810596835,0.9241418199787566,0.9890130573694068
520,1,1.0,1.0,1.0,1.0,1.0,1.0,1.0,0.9931378,0.7716848793378459,0.9608143813487825,0.8343319200211963,0.9241418199787566,0.9890130573694068
521,1,0.0,1.0,1.0,1.0,0.0,0.0,1.0,1.79217e-08,0.7690791412557098,0.9609541319696862,0.1,0.9241418199787566,0.9890130573694068
522,1,0.0,1.0,1.0,1.0,0.0,0.0,1.0,5.9336966e-11,0.7853717928525863,0.9608829351324096,0.3439507877670763,0.9241418199787566,0.9890130573694068
523,1,0.0,1.0,1.0,1.0,0.0,0.0,1.0,6.357297e-12,0.7886035034932409,0.9608591569944912,0.6811823911246582,0.9241418199787566,0.9890130573694068
524,1,0.0,1.0,1.0,1.0,0.0,0.0,1.0,4.5617637e-12,0.7825742419757037,0.9609074901999612,0.1,0.9241418199787566,0.9890130573694068
525,1,0.0,1.0,1.0,1.0,0.0,0.0,1.0,7.813687e-09,0.7761133803857585,0.9608681298706968,0.1,0.9241418199787566,0.9890130573694068
526,1,0.0,1.0,1.0,1.0,0.0,0.0,1.0,6.1252474e-09,0.7847347862086422,0.960835889857697,0.2232074600786887,0.9241418199787566,0.9890130573694068
527,1,1.0,1.0,1.0,1.0,1.0,1.0,1.0,1.0,0.7539707829491142,0.9609403095505934,0.9756040026643457,0.9241418199787566,0.9890130573694068
528,1,0.0,1.0,1.0,1.0,0.0,0.0,1.0,4.0036524e-15,0.781552204533387,0.9608563386930847,0.1,0.9241418199787566,0.9890130573694068
529,1,0.0,1.0,1.0,1.0,0.0,0.0,1.0,7.598014e-12,0.7748212611526976,0.9607584655266197,0.18996333608602817,0.9241418199787566,0.9890130573694068
530,1,1.0,1.0,1.0,1.0,1.0,1.0,1.0,0.99927324,0.806053841994369,0.9609238348152259,0.2133387963835763,0.9241418199787566,0.9890130573694068
531,1,1.0,1.0,1.0,1.0,1.0,1.0,1.0,1.0,0.7895420616024342,0.9609367094983179,0.1,0.9241418199787566,0.9890130573694068
532,1,0.0,1.0,1.0,1.0,0.0,0.0,1.0,2.0132975e-11,0.778332485907199,0.9608828753515193,0.12284754424094253,0.9241418199787566,0.9890130573694068
533,1,0.0,1.0,1.0,1.0,0.0,0.0,1.0,2.4777953e-12,0.7880814365691065,0.960876349247876,0.2237380722330618,0.9241418199787566,0.9890130573694068
534,1,0.0,1.0,1.0,1.0,0.0,0.0,1.0,1.9540812e-11,0.7891504944062384,0.9608488392587888,0.1870234270268502,0.9241418199787566,0.9890130573694068
535,1,1.0,1.0,1.0,1.0,1.0,1.0,1.0,1.0,0.7824756585285538,0.9608225115531345,0.1,0.9241418199787566,0.9890130573694068
536,1,0.0,1.0,1.0,1.0,0.0,0.0,1.0,2.811166e-16,0.7724825340082053,0.9608547702841309,0.1,0.9241418199787566,0.9890130573694068
537,1,0.0,1.0,1.0,1.0,0.0,0.0,1.0,5.846282e-07,0.7713566659548318,0.9609473477723356,0.5050429584563206,0.9241418199787566,0.9890130573694068
538,1,0.0,1.0,1.0,1.0,0.0,0.0,1.0,2.6666553e-12,0.7895553347605531,0.960830137164434,0.6667395828122215,0.9241418199787566,0.9890130573694068
539,1,0.0,1.0,1.0,1.0,0.0,0.0,1.0,0.006793519,0.7784055492902446,0.9608398362213115,0.26161687610704615,0.9241418199787566,0.9890130573694068
540,1,0.0,1.0,1.0,1.0,0.0,0.0,1.0,1.4191794e-07,0.7901494026286949,0.9608050564318104,0.11280925503680465,0.9241418199787566,0.9890130573694068
541,1,0.0,1.0,1.0,1.0,0.0,0.0,1.0,0.000119043216,0.7925352513256969,0.9608752658340496,0.964436013519031,0.9241418199787566,0.9890130573694068
542,1,1.0,1.0,1.0,1.0,1.0,1.0,1.0,1.0,0.7815789990471421,0.9609421238351996,0.1,0.9241418199787566,0.9890130573694068
543,1,0.0,1.0,1.0,1.0,0.0,0.0,1.0,6.292005e-14,0.7755924884939868,0.9609448131900337,0.1,0.9241418199787566,0.9890130573694068
544,1,1.0,1.0,1.0,1.0,1.0,1.0,1.0,1.0,0.795755806559167,0.9609524026392012,0.1,0.9241418199787566,0.9890130573694068
545,1,0.0,1.0,1.0,1.0,0.0,0.0,1.0,6.8219486e-11,0.8044884595300338,0.9608795942485977,0.5746242307671653,0.9241418199787566,0.9890130573694068
546,1,0.0,1.0,1.0,1.0,0.0,0.0,1.0,8.982136e-12,0.7936231224038904,0.9608810381603807,0.14698660277878603,0.9241418199787566,0.9890130573694068
547,1,1.0,1.0,1.0,1.0,1.0,1.0,1.0,1.0,0.8005540992355342,0.9608812125061782,0.13272319281553976,0.9241418199787566,0.9890130573694068
548,1,0.0,1.0,1.0,1.0,0.0,0.0,1.0,8.3550195e-10,0.8037867100072547,0.9609402698275047,0.6065071794677009,0.9241418199787566,0.9890130573694068
549,1,1.0,1.0,1.0,1.0,1.0,1.0,1.0,0.9999994,0.7978204029473022,0.9607809768836341,0.4221064256325746,0.9241418199787566,0.9890130573694068
550,1,1.0,1.0,1.0,1.0,1.0,1.0,1.0,1.0,0.8045839264674854,0.9609266895334027,0.1,0.9241418199787566,0.9890130573694068
551,1,0.0,1.0,1.0,1.0,0.0,0.0,1.0,3.840362e-06,0.818689412694171,0.9608428770428645,0.6317652028593006,0.9241418199787566,0.9890130573694068
552,1,0.0,1.0,1.0,1.0,0.0,0.0,1.0,1.9540812e-11,0.8205135851808317,0.9608950986738308,0.1870234270268502,0.9241418199787566,0.9890130573694068
553,1,0.0,1.0,1.0,1.0,0.0,0.0,1.0,2.4882833e-14,0.8288398984346144,0.9609344479595737,0.1,0.9241418199787566,0.9890130573694068
554,1,0.0,1.0,1.0,1.0,0.0,0.0,1.0,1.9849462e-09,0.8167634460291361,0.9609264645233037,0.5211842507661001,0.9241418199787566,0.9890130573694068
555,1,0.0,1.0,1.0,1.0,0.0,0.0,1.0,4.3207146e-15,0.7911496763111584,0.9608900564626333,0.14138963012693634,0.9241418199787566,0.9890130573694068
556,1,0.0,1.0,1.0,1.0,0.0,0.0,1.0,2.9563316e-07,0.8170687204249051,0.9608561926400202,0.2750819693645111,0.9241418199787566,0.9890130573694068
557,1,0.0,1.0,1.0,1.0,0.0,0.0,1.0,3.230897e-08,0.8207888586066949,0.9609023763527186,0.14687959800477457,0.9241418199787566,0.9890130573694068
558,1,1.0,1.0,1.0,1.0,1.0,1.0,1.0,1.0,0.8135524494554626,0.9609432487001419,0.1,0.9241418199787566,0.9890130573694068
559,1,0.0,1.0,1.0,1.0,0.0,0.0,1.0,8.3550195e-10,0.8231120413950129,0.9607975939981368,0.6065071794677009,0.9241418199787566,0.9890130573694068
560,1,0.0,1.0,1.0,1.0,0.0,0.0,1.0,0.46872085,0.8323845571739867,0.9608916946146056,0.8280682296677033,0.9241418199787566,0.9890130573694068
561,1,1.0,1.0,1.0,1.0,1.0,1.0,1.0,1.0,0.8265799165572411,0.9609295372720503,0.1,0.9241418199787566,0.9890130573694068
562,1,0.0,1.0,1.0,1.0,0.0,0.0,1.0,2.2687429e-14,0.82359467639479,0.9609775058695936,0.1,0.9241418199787566,0.9890130573694068
563,1,1.0,1.0,1.0,1.0,1.0,1.0,1.0,1.0,0.8246318057639982,0.9608637488439123,0.1,0.9241418199787566,0.9890130573694068
564,1,1.0,1.0,1.0,1.0,1.0,1.0,1.0,0.99999166,0.8173907869280749,0.9608252306253902,0.688207363918803,0.9241418199787566,0.9890130573694068
565,1,0.0,1.0,1.0,1.0,0.0,0.0,1.0,0.0014303413,0.8219691099412149,0.9608198816238496,0.45885893685045276,0.9241418199787566,0.9890130573694068
566,1,0.0,1.0,1.0,1.0,0.0,0.0,1.0,2.4893172e-06,0.8166018813860968,0.9608623812878423,0.9529529016861927,0.9241418199787566,0.9890130573694068
567,1,1.0,1.0,1.0,1.0,1.0,1.0,1.0,0.99998105,0.8231995748940812,0.9607727673827906,0.9630504339953014,0.9241418199787566,0.9890130573694068
568,1,0.0,1.0,1.0,1.0,0.0,0.0,1.0,6.519312e-12,0.8153884100318141,0.9608918728288803,0.3519864040251938,0.9241418199787566,0.9890130573694068
569,1,1.0,1.0,1.0,1.0,1.0,1.0,1.0,0.9999999,0.8129187877645346,0.9608048423054424,0.9128682426807642,0.9241418199787566,0.9890130573694068
570,1,0.0,1.0,1.0,1.0,0.0,0.0,1.0,0.0014469182,0.8308189004964587,0.9608445728188985,0.12413377998722812,0.9241418199787566,0.9890130573694068
571,1,1.0,1.0,1.0,1.0,1.0,1.0,1.0,1.0,0.8241574194795515,0.9607886774127936,0.1,0.9241418199787566,0.9890130573694068
572,1,0.0,1.0,1.0,1.0,0.0,0.0,1.0,0.014749131,0.8077776228269957,0.960911144956778,0.9234960838156662,0.9241418199787566,0.9890130573694068
573,1,0.0,1.0,1.0,1.0,0.0,0.0,1.0,1.3259125e-11,0.7952916270773227,0.960925248056287,0.1,0.9241418199787566,0.9890130573694068
574,1,0.0,1.0,1.0,1.0,0.0,0.0,1.0,2.6604332e-07,0.8074302442414845,0.9608972128673864,0.949309425995624,0.9241418199787566,0.9890130573694068
575,1,0.0,1.0,1.0,1.0,0.0,0.0,1.0,9.629277e-16,0.8003642799000575,0.9607871856838234,0.14874776561461628,0.9241418199787566,0.9890130573694068
576,1,0.0,1.0,1.0,1.0,0.0,0.0,1.0,9.8900986e-05,0.7928993480332133,0.9608433009946376,0.337435825865614,0.9241418199787566,0.9890130573694068
577,1,0.0,1.0,1.0,1.0,0.0,0.0,1.0,2.5316815e-09,0.7783148619947658,0.9608065886013774,0.15750246403652501,0.9241418199787566,0.9890130573694068
578,1,0.0,1.0,1.0,1.0,0.0,0.0,1.0,0.0004164498,0.7936956923786772,0.9608357997944227,0.590884782601832,0.9241418199787566,0.9890130573694068
579,1,0.0,1.0,1.0,1.0,0.0,0.0,1.0,0.0018140111,0.8000783949178669,0.9607719146316275,0.8254665404658429,0.9241418199787566,0.9890130573694068
580,1,0.0,1.0,1.0,1.0,0.0,0.0,1.0,0.17497294,0.8024275666090319,0.9609399181457255,0.9295042989451887,0.9241418199787566,0.9890130573694068
581,1,1.0,1.0,1.0,1.0,1.0,1.0,1.0,0.98507,0.8057077377170191,0.9609959685211339,0.324042636297855,0.9241418199787566,0.9890130573694068
582,1,0.0,1.0,1.0,1.0,0.0,0.0,1.0,1.0623161e-15,0.8078041309967439,0.9608413811154738,0.744030886541971,0.9241418199787566,0.9890130573694068
583,1,0.0,1.0,1.0,1.0,0.0,0.0,1.0,0.45731452,0.7988363934893762,0.9609613483573547,0.9437661087661757,0.9241418199787566,0.9890130573694068
584,1,1.0,1.0,1.0,1.0,1.0,1.0,1.0,1.0,0.8006489149521808,0.9608843701911223,0.1,0.9241418199787566,0.9890130573694068
585,0,1.0,0.2,1.0,1.0,0.0,0.0,1.0,1.6916162e-15,0.7977129704549137,0.2065317926270495,0.10860605491480646,0.9241418199787566,0.9890130573694068
586,0,1.0,0.0,1.0,1.0,0.0,0.0,1.0,2.9067576e-10,0.952435948200823,0.017974682994876034,0.1,0.9241418199787566,0.9890130573694068
587,0,1.0,0.0,1.0,1.0,0.0,0.0,1.0,5.483344e-07,0.9342910914737995,0.017978590202890825,0.30737209700935664,0.9241418199787566,0.9890130573694068
588,0,0.0,0.0,1.0,0.0,0.0,0.0,1.0,1.0,0.9449790274257613,0.01798125580947911,0.1,0.9241418199787566,0.9890130573694068
589,0,1.0,0.0,1.0,1.0,0.0,0.0,1.0,3.813163e-15,0.9514652600053499,0.017943909901785977,0.1,0.9241418199787566,0.9890130573694068
590,0,1.0,0.0,1.0,1.0,0.0,0.0,1.0,0.0022918568,0.9364727105444788,0.017975022324489488,0.1,0.9241418199787566,0.9890130573694068
591,0,1.0,0.0,1.0,1.0,0.0,0.0,1.0,1.4861304e-06,0.9496276695747312,0.018010206782386375,0.1,0.9241418199787566,0.9890130573694068
592,0,1.0,0.0,1.0,1.0,0.0,0.0,1.0,1.2781277e-10,0.9507145550678697,0.01803235221829033,0.1,0.9241418199787566,0.9890130573694068
593,0,1.0,0.0,1.0,1.0,0.0,0.0,1.0,3.4888095e-09,0.9568432757251786,0.0179786871590148,0.21279955792865302,0.9241418199787566,0.9890130573694068
594,0,1.0,0.0,1.0,1.0,0.0,0.0,1.0,3.1227335e-10,0.9432650056677616,0.017964859350987284,0.15740558858247408,0.9241418199787566,0.9890130573694068
595,0,0.0,0.0,1.0,0.0,0.0,0.0,1.0,1.0,0.9499315206978162,0.018000289781874904,0.1,0.9241418199787566,0.9890130573694068
596,0,1.0,0.0,1.0,1.0,0.0,0.0,1.0,1.9611855e-16,0.9528433801239566,0.01798614644993908,0.1049460058666675,0.9241418199787566,0.9890130573694068
597,0,1.0,0.0,1.0,1.0,0.0,0.0,1.0,0.00830575,0.9397242612888372,0.018010124279101074,0.1,0.9241418199787566,0.9890130573694068
598,0,1.0,0.0,1.0,1.0,0.0,0.0,1.0,6.980067e-14,0.9398468462173633,0.018027546345676024,0.1,0.9241418199787566,0.9890130573694068
599,0,1.0,0.0,1.0,1.0,0.0,0.0,1.0,0.0006248516,0.9473997818675461,0.017986053421429483,0.8048884835670068,0.9241418199787566,0.9890130573694068
600,0,0.0,0.0,1.0,0.0,0.0,0.0,1.0,0.98210216,0.9507721726701954,0.017995695076088707,0.1,0.9241418199787566,0.9890130573694068
601,0,1.0,0.0,1.0,1.0,0.0,0.0,1.0,7.698655e-16,0.9355655244646092,0.017990592634680606,0.1,0.9241418199787566,0.9890130573694068
602,0,1.0,0.0,1.0,1.0,0.0,0.0,1.0,5.2662126e-06,0.9449935738832865,0.017958881953328155,0.1,0.9241418199787566,0.9890130573694068
603,0,0.0,0.0,1.0,0.0,0.0,0.0,1.0,1.0,0.9529789887330841,0.0180021086081507,0.1,0.9241418199787566,0.9890130573694068
604,0,0.0,0.0,1.0,0.0,0.0,0.0,1.0,1.0,0.9545851277770304,0.01798670015718729,0.1,0.9241418199787566,0.9890130573694068
605,0,1.0,0.0,1.0,1.0,0.0,0.0,1.0,2.4578872e-10,0.9502410376845826,0.0179887040670076,0.1,0.9241418199787566,0.9890130573694068
606,1,1.0,0.7833333333333333,1.0,1.0,1.0,1.0,1.0,0.99998236,0.9625451476729291,0.759590411855666,0.9752071117606878,0.9241418199787566,0.9890130573694068
607,1,0.0,1.0,1.0,1.0,0.0,0.0,1.0,0.44272417,0.9763973195736627,0.9646330027000736,0.1,0.9241418199787566,0.9890130573694068
608,1,0.0,1.0,1.0,1.0,0.0,0.0,1.0,6.4825086e-05,0.9204977294992172,0.9647261240729992,0.855966271352943,0.9241418199787566,0.9890130573694068
609,1,1.0,0.9833333333333333,1.0,1.0,1.0,1.0,1.0,1.0,0.933887404281948,0.9647365813768858,0.1,0.9241418199787566,0.9890130573694068
610,1,0.0,1.0,1.0,1.0,0.0,0.0,1.0,3.7350834e-11,0.9287216547799856,0.9646011681318011,0.9080095869129271,0.9241418199787566,0.9890130573694068
611,1,0.0,1.0,1.0,1.0,0.0,0.0,1.0,9.7923694e-05,0.9448103568907542,0.9646534875335493,0.1,0.9241418199787566,0.9890130573694068
612,1,1.0,1.0,1.0,1.0,1.0,0.0,1.0,0.65296984,0.9419077299658262,0.9645984287652282,0.1,0.9241418199787566,0.9890130573694068
613,0,1.0,0.0,1.0,1.0,0.0,0.0,1.0,2.8506993e-06,0.9632336662849731,0.01799790068437685,0.4048930570622059,0.9241418199787566,0.9890130573694068
614,0,0.0,0.0,1.0,0.0,0.0,0.0,1.0,1.0,0.9464168511968777,0.017953150521953367,0.1,0.9241418199787566,0.9890130573694068
615,0,1.0,0.0,1.0,1.0,0.0,0.0,1.0,3.3621103e-14,0.9535832499641452,0.018001377707886717,0.1,0.9241418199787566,0.9890130573694068
616,0,1.0,0.0,1.0,1.0,0.0,0.0,1.0,1.4499724e-10,0.9556053618368026,0.017995957621110958,0.15610795827847376,0.9241418199787566,0.9890130573694068
617,0,1.0,0.0,1.0,1.0,0.0,0.0,1.0,3.2554247e-11,0.9419833677270418,0.01797190823393395,0.14803267712651505,0.9241418199787566,0.9890130573694068
618,0,1.0,0.0,1.0,1.0,0.0,0.0,1.0,6.7758107e-18,0.9418893344744262,0.01803267812573569,0.1,0.9241418199787566,0.9890130573694068
619,0,0.0,0.0,1.0,0.0,0.0,0.0,1.0,1.0,0.9484792816003996,0.01800183365142759,0.1,0.9241418199787566,0.9890130573694068
620,1,1.0,0.9166666666666666,1.0,1.0,1.0,1.0,1.0,0.9999995,0.9393736573312571,0.8968785015038206,0.9543935640057484,0.9241418199787566,0.9890130573694068
621,1,0.0,0.9833333333333333,1.0,1.0,0.0,0.0,1.0,2.3297612e-12,0.9144526613234305,0.9767886462812835,0.5151385549408819,0.9241418199787566,0.9890130573694068
622,1,0.0,1.0,1.0,1.0,0.0,0.0,1.0,0.44272417,0.8651364936370333,0.9768305530569775,0.1,0.9241418199787566,0.9890130573694068
623,1,1.0,0.9833333333333333,1.0,1.0,1.0,1.0,1.0,0.99973375,0.8979600274064737,0.9768221291035813,0.9754349353675821,0.9241418199787566,0.9890130573694068
624,1,0.0,0.9833333333333333,1.0,1.0,0.0,0.0,1.0,2.9719258e-06,0.8716101849165903,0.9767865755606572,0.9229044181656803,0.9241418199787566,0.9890130573694068
625,1,1.0,1.0,1.0,1.0,1.0,1.0,1.0,0.99999976,0.8695141326362482,0.9768184929990393,0.7629317599740933,0.9241418199787566,0.9890130573694068
626,1,1.0,1.0,1.0,1.0,1.0,1.0,1.0,0.9999988,0.8576991356646375,0.9767940908762017,0.9804835489091076,0.9241418199787566,0.9890130573694068
627,1,0.0,1.0,1.0,1.0,0.0,0.0,1.0,1.1110662e-07,0.8398372242643511,0.9767744212516328,0.1,0.9241418199787566,0.9890130573694068
628,1,0.0,1.0,1.0,1.0,0.0,0.0,1.0,0.028854199,0.7940585745141069,0.97677543270723,0.4604774306434486,0.9241418199787566,0.9890130573694068
629,1,0.0,1.0,1.0,1.0,0.0,0.0,1.0,2.080946e-11,0.7839187329876355,0.9767587512484739,0.1,0.9241418199787566,0.9890130573694068
630,1,0.0,1.0,1.0,1.0,0.0,0.0,1.0,7.0804913e-09,0.7978726362079264,0.9767524058769729,0.1,0.9241418199787566,0.9890130573694068
631,1,1.0,0.9666666666666667,1.0,1.0,1.0,1.0,1.0,1.0,0.7994744164020016,0.9767532076908139,0.1,0.9241418199787566,0.9890130573694068
632,1,1.0,1.0,1.0,1.0,1.0,1.0,1.0,1.0,0.824006213749559,0.9767600076942676,0.1,0.9241418199787566,0.9890130573694068
633,1,1.0,1.0,1.0,1.0,1.0,1.0,1.0,1.0,0.7620029641427905,0.97678524752826,0.1,0.9241418199787566,0.9890130573694068
634,1,0.0,1.0,1.0,1.0,0.0,0.0,1.0,6.000699e-11,0.8241483901571562,0.9767820529997423,0.5851673698058351,0.9241418199787566,0.9890130573694068
635,1,0.0,1.0,1.0,1.0,0.0,0.0,1.0,8.3681576e-11,0.8265948754378502,0.9767851816659582,0.3571232224571511,0.9241418199787566,0.9890130573694068
636,1,0.0,1.0,1.0,1.0,0.0,0.0,1.0,1.1494504e-08,0.9098010049772494,0.9767806672831745,0.1,0.9241418199787566,0.9890130573694068
637,1,1.0,0.9833333333333333,1.0,1.0,1.0,1.0,1.0,0.9999994,0.8905930926539394,0.9767162319592442,0.1,0.9241418199787566,0.9890130573694068
638,1,0.0,0.9833333333333333,1.0,1.0,0.0,0.0,1.0,2.811166e-16,0.9025985712667658,0.9768060583679041,0.1,0.9241418199787566,0.9890130573694068
639,1,1.0,1.0,1.0,1.0,1.0,1.0,1.0,0.99998975,0.8954472340998382,0.976855546528334,0.8154425871202323,0.9241418199787566,0.9890130573694068
640,1,1.0,0.9833333333333333,1.0,1.0,1.0,1.0,1.0,1.0,0.9165760898306782,0.9767700471026199,0.1,0.9241418199787566,0.9890130573694068
641,1,1.0,1.0,1.0,1.0,1.0,1.0,1.0,0.8519912,0.88184243281897,0.9767842038566823,0.17517804616115412,0.9241418199787566,0.9890130573694068
642,1,0.0,1.0,1.0,1.0,0.0,0.0,1.0,5.8568534e-15,0.9120340696136715,0.9768168689745244,0.6050279010133279,0.9241418199787566,0.9890130573694068
643,1,0.0,1.0,1.0,1.0,0.0,0.0,1.0,4.065406e-11,0.9151774816191166,0.9767269313705601,0.16052599453103045,0.9241418199787566,0.9890130573694068
644,1,0.0,1.0,1.0,1.0,0.0,0.0,1.0,1.1968522e-05,0.9146461828766216,0.9768500342215227,0.1284302102258027,0.9241418199787566,0.9890130573694068
645,1,0.0,1.0,1.0,1.0,0.0,0.0,1.0,0.00019870662,0.9472684405358146,0.9767862099740792,0.1,0.9241418199787566,0.9890130573694068
646,0,1.0,0.31666666666666665,1.0,1.0,0.0,0.0,1.0,5.0954554e-08,0.9498511932880148,0.32157335951218624,0.9619959227651769,0.9241418199787566,0.9890130573694068
647,0,1.0,0.0,1.0,1.0,0.0,0.0,1.0,3.321793e-05,0.9527287191109421,0.017994001787775417,0.15198956612196576,0.9241418199787566,0.9890130573694068
648,0,1.0,0.0,1.0,1.0,0.0,0.0,1.0,0.0037985314,0.9404581856193119,0.018055532246988512,0.3313571508580297,0.9241418199787566,0.9890130573694068
649,0,1.0,0.0,1.0,1.0,0.0,0.0,1.0,3.6373206e-06,0.95394893276389,0.017994988621565396,0.1,0.9241418199787566,0.9890130573694068
650,0,1.0,0.0,1.0,1.0,0.0,0.0,1.0,0.046383858,0.9487519091656996,0.01801129397286245,0.9546911419152515,0.9241418199787566,0.9890130573694068
651,0,0.0,0.0,1.0,0.0,0.0,0.0,1.0,0.9983657,0.9441183416002882,0.017996269675469797,0.1,0.9241418199787566,0.9890130573694068
652,0,1.0,0.0,1.0,1.0,0.0,0.0,1.0,7.6063916e-13,0.9441073245558296,0.017940086038913262,0.1018720838183681,0.9241418199787566,0.9890130573694068
653,0,1.0,0.0,1.0,1.0,0.0,0.0,1.0,6.07223e-05,0.9514275945274201,0.01796937486316581,0.11039030425985971,0.9241418199787566,0.9890130573694068
654,0,1.0,0.0,1.0,1.0,0.0,0.0,1.0,4.53451e-11,0.9494719711514311,0.018015538914181305,0.11794772512510768,0.9241418199787566,0.9890130573694068
655,0,0.0,0.0,1.0,0.0,0.0,0.0,1.0,0.99917394,0.9435488777617297,0.01799353383187846,0.839896441570438,0.9241418199787566,0.9890130573694068
656,0,1.0,0.0,1.0,1.0,0.0,0.0,1.0,0.0006059085,0.9431841494890407,0.01798626736022265,0.1,0.9241418199787566,0.9890130573694068
657,0,1.0,0.0,1.0,1.0,0.0,0.0,1.0,2.2709554e-10,0.9403869843714227,0.017967035163167742,0.12989458272722154,0.9241418199787566,0.9890130573694068
658,0,1.0,0.0,1.0,1.0,0.0,0.0,1.0,0.0061770338,0.9533847477195325,0.01796540956790248,0.9687371705227712,0.9241418199787566,0.9890130573694068
659,0,1.0,0.0,1.0,1.0,0.0,0.0,1.0,1.3242531e-13,0.9366083380438688,0.018007180439835832,0.123878981710511,0.9241418199787566,0.9890130573694068
660,0,1.0,0.0,1.0,1.0,0.0,0.0,1.0,3.6844164e-10,0.9458213939502839,0.017977920113375224,0.1,0.9241418199787566,0.9890130573694068
661,0,1.0,0.0,1.0,1.0,0.0,0.0,1.0,0.026688963,0.9455862192534968,0.017971010022084805,0.31757894081393423,0.9241418199787566,0.9890130573694068
662,0,1.0,0.0,1.0,1.0,0.0,0.0,1.0,6.380821e-05,0.947798126708705,0.018032573579193155,0.8601413041840325,0.9241418199787566,0.9890130573694068
663,0,1.0,0.0,1.0,1.0,0.0,0.0,1.0,3.257574e-11,0.9441457672373424,0.01800315252802596,0.1,0.9241418199787566,0.9890130573694068
664,0,1.0,0.0,1.0,1.0,0.0,0.0,1.0,8.946347e-09,0.9435553893023637,0.017984949195627924,0.10307034711699753,0.9241418199787566,0.9890130573694068
665,0,0.0,0.0,1.0,0.0,0.0,0.0,1.0,1.0,0.9310537433531909,0.01799374554600121,0.1,0.9241418199787566,0.9890130573694068
666,0,1.0,0.0,1.0,1.0,0.0,0.0,1.0,1.3710605e-06,0.939976002609225,0.01800434282770028,0.1,0.9241418199787566,0.9890130573694068
667,0,1.0,0.0,1.0,1.0,0.0,0.0,1.0,1.6105282e-08,0.9465781547768974,0.01800376949728847,0.13901712869731772,0.9241418199787566,0.9890130573694068
668,0,1.0,0.3333333333333333,1.0,1.0,0.0,0.0,0.0,3.3621103e-14,0.8824438010061245,0.31060881432395265,0.1,0.9241418199787566,0.9890130573694068
669,1,1.0,1.0,1.0,1.0,1.0,1.0,1.0,0.9999989,0.7493630765482389,0.9421820549052022,0.5734132958214404,0.9241418199787566,0.9890130573694068
670,1,1.0,1.0,1.0,1.0,1.0,1.0,1.0,0.99642015,0.7748042235382222,0.9422553919540451,0.9340001286101893,0.9241418199787566,0.9890130573694068
671,1,0.0,1.0,1.0,1.0,0.0,0.0,1.0,2.24116e-11,0.7840287307641691,0.9422372475242334,0.13462401203508145,0.9241418199787566,0.9890130573694068
672,1,1.0,1.0,1.0,1.0,1.0,1.0,1.0,0.99999845,0.8071906030728361,0.9422653899206034,0.7778294595177866,0.9241418199787566,0.9890130573694068
673,1,0.0,1.0,1.0,1.0,0.0,0.0,1.0,0.028320229,0.7879660640771835,0.9420868759389673,0.18138168261470167,0.9241418199787566,0.9890130573694068
674,1,0.0,1.0,1.0,1.0,0.0,0.0,1.0,0.00018460615,0.7865476164725258,0.9421903150964454,0.9187476067003332,0.9241418199787566,0.9890130573694068
675,1,1.0,1.0,1.0,1.0,1.0,1.0,1.0,0.98507,0.8044517528755377,0.9422050678852851,0.324042636297855,0.9241418199787566,0.9890130573694068
676,1,1.0,1.0,1.0,1.0,1.0,1.0,1.0,0.92149323,0.8217798065970701,0.9422289259559198,0.8507090419651245,0.9241418199787566,0.9890130573694068
677,1,1.0,1.0,1.0,1.0,1.0,1.0,1.0,1.0,0.8004713983676,0.9423085588414769,0.1,0.9241418199787566,0.9890130573694068
678,1,0.0,1.0,1.0,1.0,0.0,0.0,1.0,9.737843e-08,0.7772671368430719,0.9423470332953114,0.12973111634727025,0.9241418199787566,0.9890130573694068
679,1,0.0,1.0,1.0,1.0,0.0,0.0,1.0,3.8723534e-12,0.8302776229344351,0.9422318662629382,0.1505501321698274,0.9241418199787566,0.9890130573694068
680,1,0.0,1.0,1.0,1.0,0.0,0.0,1.0,2.1602575e-07,0.7495650131391102,0.9420217409579557,0.11832097150691956,0.9241418199787566,0.9890130573694068
681,1,1.0,1.0,1.0,1.0,1.0,1.0,1.0,0.99973375,0.7690931427220964,0.9423038842522538,0.9754349353675821,0.9241418199787566,0.9890130573694068
682,1,0.0,1.0,1.0,1.0,0.0,0.0,1.0,1.2829404e-12,0.7760810428224728,0.9421447562897722,0.1,0.9241418199787566,0.9890130573694068
683,1,1.0,1.0,1.0,1.0,1.0,1.0,1.0,1.0,0.79548527499004,0.9421459338497633,0.1,0.9241418199787566,0.9890130573694068
684,1,0.0,1.0,1.0,1.0,0.0,0.0,1.0,3.836671e-14,0.7780829619490006,0.9423823710682321,0.1,0.9241418199787566,0.9890130573694068
685,1,0.0,1.0,1.0,1.0,0.0,0.0,1.0,1.79217e-08,0.7547292404848293,0.9422610469567113,0.1,0.9241418199787566,0.9890130573694068
686,1,1.0,1.0,1.0,1.0,1.0,1.0,1.0,0.8213272,0.7826768239021743,0.9422195945005669,0.1,0.9241418199787566,0.9890130573694068
687,1,0.0,1.0,1.0,1.0,0.0,0.0,1.0,0.087134786,0.7808142624437112,0.9422474202235607,0.6379667561674215,0.9241418199787566,0.9890130573694068
688,1,0.0,1.0,1.0,1.0,0.0,0.0,1.0,5.1107565e-07,0.7530740586497309,0.9421760234667951,0.5712917227020675,0.9241418199787566,0.9890130573694068
689,1,1.0,1.0,1.0,1.0,1.0,1.0,1.0,1.0,0.760912776123887,0.9421725954277781,0.1,0.9241418199787566,0.9890130573694068
690,1,0.0,1.0,1.0,1.0,0.0,0.0,1.0,5.0429165e-08,0.7839219109145552,0.9420274272359261,0.10651178167243322,0.9241418199787566,0.9890130573694068
691,1,1.0,1.0,1.0,1.0,1.0,1.0,1.0,1.0,0.7949284445643453,0.9422542385733073,0.8468440243316867,0.9241418199787566,0.9890130573694068
692,1,1.0,1.0,1.0,1.0,1.0,1.0,1.0,0.88837576,0.7709930073412379,0.9421508550962876,0.6652448589027978,0.9241418199787566,0.9890130573694068
693,1,0.0,1.0,1.0,1.0,0.0,0.0,1.0,7.3306736e-11,0.7741816466624483,0.9422930027961829,0.3499042502942639,0.9241418199787566,0.9890130573694068
694,0,1.0,0.23333333333333334,1.0,1.0,0.0,0.0,0.0,2.2057947e-08,0.9056164725939128,0.23358363335472757,0.1,0.9241418199787566,0.9890130573694068
695,1,0.0,0.8833333333333333,1.0,1.0,0.0,0.0,1.0,4.2395518e-16,0.8190921963887287,0.8426635619381926,0.1,0.9241418199787566,0.9890130573694068
696,1,0.0,1.0,1.0,1.0,0.0,0.0,1.0,0.30579394,0.8069143883810249,0.9695838263367061,0.4636607162794092,0.9241418199787566,0.9890130573694068
697,1,0.0,1.0,1.0,1.0,0.0,0.0,1.0,2.0132975e-11,0.7956497639279672,0.9694028699154715,0.12284754424094253,0.9241418199787566,0.9890130573694068
698,1,0.0,1.0,1.0,1.0,0.0,0.0,1.0,2.3074344e-06,0.8015282675214459,0.9695232982931352,0.5480086807577086,0.9241418199787566,0.9890130573694068
699,1,0.0,1.0,1.0,1.0,0.0,0.0,1.0,9.155223e-08,0.799890935873073,0.9694272127169559,0.1,0.9241418199787566,0.9890130573694068
700,1,0.0,1.0,1.0,1.0,0.0,0.0,1.0,1.6444722e-11,0.7842650267084437,0.9693906294986733,0.1,0.9241418199787566,0.9890130573694068
701,1,0.0,1.0,1.0,1.0,0.0,0.0,1.0,3.776717e-12,0.8122749293080418,0.9693795153561987,0.1,0.9241418199787566,0.9890130573694068
702,1,1.0,1.0,1.0,1.0,1.0,1.0,1.0,0.99998415,0.7770720440748804,0.9695669080645944,0.1,0.9241418199787566,0.9890130573694068
703,1,1.0,1.0,1.0,1.0,1.0,1.0,1.0,1.0,0.8039551773296423,0.9694904065439114,0.1,0.9241418199787566,0.9890130573694068
704,1,0.0,1.0,1.0,1.0,0.0,0.0,1.0,1.6150075e-06,0.7841517698726761,0.9694823466237457,0.7605540302867481,0.9241418199787566,0.9890130573694068
705,1,1.0,1.0,1.0,1.0,1.0,1.0,1.0,1.0,0.7658391017475346,0.9694938082279945,0.1,0.9241418199787566,0.9890130573694068
706,1,0.0,1.0,1.0,1.0,0.0,0.0,1.0,2.4673246e-13,0.8374342163092121,0.9694855603592185,0.38416970262619604,0.9241418199787566,0.9890130573694068
707,1,1.0,1.0,1.0,1.0,1.0,1.0,1.0,0.99642015,0.8325761871690627,0.969420238192672,0.9340001286101893,0.9241418199787566,0.9890130573694068
708,1,0.0,1.0,1.0,1.0,0.0,0.0,1.0,1.4360957e-13,0.7908652387281768,0.9695237131481824,0.1,0.9241418199787566,0.9890130573694068
709,1,0.0,1.0,1.0,1.0,0.0,0.0,1.0,6.519668e-17,0.7704653883650876,0.9694584812827888,0.20534676886523173,0.9241418199787566,0.9890130573694068
710,1,0.0,1.0,1.0,1.0,0.0,0.0,1.0,3.840362e-06,0.7783164077490584,0.9694249650945044,0.6317652028593006,0.9241418199787566,0.9890130573694068
711,1,0.0,1.0,1.0,1.0,0.0,0.0,1.0,8.927696e-17,0.7932057694203725,0.9694435532605972,0.1,0.9241418199787566,0.9890130573694068
712,1,0.0,1.0,1.0,1.0,0.0,0.0,1.0,1.2497426e-07,0.7571014001116995,0.9695460999374986,0.8981305893145278,0.9241418199787566,0.9890130573694068
713,1,0.0,1.0,1.0,1.0,0.0,0.0,1.0,0.0002598114,0.774879794470911,0.9695158681337783,0.9442348758236045,0.9241418199787566,0.9890130573694068
714,1,0.0,1.0,1.0,1.0,0.0,0.0,1.0,3.70639e-08,0.7801538669969516,0.9694178395078317,0.6467797377532412,0.9241418199787566,0.9890130573694068
715,1,1.0,1.0,1.0,1.0,1.0,1.0,1.0,1.0,0.7853827499474256,0.9695186917857901,0.1,0.9241418199787566,0.9890130573694068
716,1,1.0,1.0,1.0,1.0,1.0,1.0,1.0,1.0,0.795211289695504,0.9695009405932816,0.1,0.9241418199787566,0.9890130573694068
717,1,0.0,1.0,1.0,1.0,0.0,0.0,1.0,2.1602575e-07,0.7788961035228781,0.9694562411000269,0.11832097150691956,0.9241418199787566,0.9890130573694068
718,1,1.0,1.0,1.0,1.0,1.0,1.0,1.0,1.0,0.8012364090353257,0.96948015644864,0.1,0.9241418199787566,0.9890130573694068
719,1,1.0,1.0,1.0,1.0,1.0,1.0,1.0,1.0,0.7546325182042072,0.9694530796232133,0.1,0.9241418199787566,0.9890130573694068
720,1,1.0,1.0,1.0,1.0,1.0,1.0,1.0,1.0,0.8253769487641709,0.9695303351869416,0.1,0.9241418199787566,0.9890130573694068
721,1,0.0,1.0,1.0,1.0,0.0,0.0,1.0,0.00045141415,0.7929478701281164,0.9694768180918063,0.21505896948568692,0.9241418199787566,0.9890130573694068
722,1,0.0,1.0,1.0,1.0,0.0,0.0,1.0,1.1062965e-13,0.7848265363338391,0.9694662428200197,0.1,0.9241418199787566,0.9890130573694068
723,1,1.0,1.0,1.0,1.0,1.0,1.0,1.0,0.9999975,0.7510838011963766,0.9694304367422565,0.1,0.9241418199787566,0.9890130573694068
724,1,0.0,1.0,1.0,1.0,0.0,0.0,1.0,3.230897e-08,0.8013822618521799,0.969445538994044,0.14687959800477457,0.9241418199787566,0.9890130573694068
725,1,0.0,1.0,1.0,1.0,0.0,0.0,1.0,1.1213339e-08,0.7645323721418478,0.9695484196589467,0.1897514617941217,0.9241418199787566,0.9890130573694068
726,1,0.0,1.0,1.0,1.0,0.0,0.0,1.0,0.016939558,0.7927165518194138,0.9695048465121634,0.3820411387050763,0.9241418199787566,0.9890130573694068
727,1,1.0,1.0,1.0,1.0,1.0,1.0,1.0,0.99999964,0.7924539766394941,0.9694530313760693,0.9864560217921723,0.9241418199787566,0.9890130573694068
728,1,0.0,1.0,1.0,1.0,0.0,0.0,1.0,5.541048e-10,0.7466256233809869,0.9694311253392072,0.11402131487072764,0.9241418199787566,0.9890130573694068
729,1,0.0,1.0,1.0,1.0,0.0,0.0,1.0,5.198289e-07,0.8193341252350659,0.969495392758233,0.6875152995621636,0.9241418199787566,0.9890130573694068
730,1,0.0,1.0,1.0,1.0,0.0,0.0,1.0,1.921697e-06,0.7688757911658747,0.9694420254703977,0.2657777470337291,0.9241418199787566,0.9890130573694068
731,1,0.0,1.0,1.0,1.0,0.0,0.0,1.0,2.84496e-12,0.7887521882366736,0.9694482138137219,0.2599393180868851,0.9241418199787566,0.9890130573694068
732,1,1.0,1.0,1.0,1.0,1.0,1.0,1.0,0.9999999,0.7632482952287588,0.969524303087072,0.9765249148802915,0.9241418199787566,0.9890130573694068
733,1,0.0,1.0,1.0,1.0,0.0,0.0,1.0,0.0,0.7704039338864767,0.9695443068353631,0.6883247185521709,0.9241418199787566,0.9890130573694068
734,1,1.0,1.0,1.0,1.0,1.0,1.0,1.0,1.0,0.795999646415181,0.969442637544086,0.1,0.9241418199787566,0.9890130573694068
735,1,0.0,1.0,1.0,1.0,0.0,0.0,1.0,0.00020636128,0.8088433845797707,0.9693865139942972,0.8727805174086218,0.9241418199787566,0.9890130573694068
736,1,1.0,1.0,1.0,1.0,1.0,1.0,1.0,1.0,0.7745615300794684,0.9694557664051872,0.1,0.9241418199787566,0.9890130573694068
737,1,0.0,1.0,1.0,1.0,0.0,0.0,1.0,0.00010412492,0.7938305640561477,0.9694662519768656,0.5727741426031904,0.9241418199787566,0.9890130573694068
738,1,0.0,1.0,1.0,1.0,0.0,0.0,1.0,2.3847706e-14,0.7948932429293155,0.969493584358236,0.6282284988566733,0.9241418199787566,0.9890130573694068
739,1,1.0,1.0,1.0,1.0,1.0,1.0,1.0,1.0,0.7850163808237755,0.9695277126419853,0.1,0.9241418199787566,0.9890130573694068
740,1,0.0,1.0,1.0,1.0,0.0,0.0,1.0,2.0295226e-06,0.7780746311703394,0.9694606230001158,0.1,0.9241418199787566,0.9890130573694068
741,1,0.0,1.0,1.0,1.0,0.0,0.0,1.0,6.357297e-12,0.7731864928597307,0.9694939919307094,0.6811823911246582,0.9241418199787566,0.9890130573694068
742,1,0.0,1.0,1.0,1.0,0.0,0.0,1.0,1.9137773e-14,0.7722959874737824,0.9694749421580001,0.4032498169636875,0.9241418199787566,0.9890130573694068
743,1,0.0,1.0,1.0,1.0,0.0,0.0,1.0,3.854668e-08,0.7869715439247795,0.9693698262475083,0.10995906746195007,0.9241418199787566,0.9890130573694068
744,1,0.0,1.0,1.0,1.0,0.0,0.0,1.0,2.9535688e-10,0.780459800505648,0.9693932893070606,0.1,0.9241418199787566,0.9890130573694068
745,1,0.0,1.0,1.0,1.0,0.0,0.0,1.0,9.7923694e-05,0.7816279103983914,0.9695390909380758,0.1,0.9241418199787566,0.9890130573694068
746,1,1.0,1.0,1.0,1.0,1.0,1.0,1.0,1.0,0.7685342261863464,0.9695089763935214,0.1,0.9241418199787566,0.9890130573694068
747,1,0.0,1.0,1.0,1.0,0.0,0.0,1.0,6.1668437e-15,0.7806221608583674,0.9694494106821899,0.1,0.9241418199787566,0.9890130573694068
748,1,0.0,1.0,1.0,1.0,0.0,0.0,1.0,2.1405153e-09,0.7821300380922848,0.9695437170338581,0.40509875738748863,0.9241418199787566,0.9890130573694068
749,1,0.0,1.0,1.0,1.0,0.0,0.0,1.0,1.0887614e-12,0.772997271574642,0.9695055087063849,0.1,0.9241418199787566,0.9890130573694068
750,1,0.0,1.0,1.0,1.0,0.0,0.0,1.0,6.893203e-07,0.7836053129929798,0.9695227348569538,0.1,0.9241418199787566,0.9890130573694068
751,1,1.0,1.0,1.0,1.0,1.0,1.0,1.0,1.0,0.793442732014728,0.9694603390252732,0.1,0.9241418199787566,0.9890130573694068
752,1,0.0,1.0,1.0,1.0,0.0,0.0,1.0,4.0014836e-08,0.7965792623960243,0.96942699217386,0.10216410966741511,0.9241418199787566,0.9890130573694068
753,1,0.0,1.0,1.0,1.0,0.0,0.0,1.0,0.004972752,0.7823906368957483,0.9695085755413951,0.6021374349884128,0.9241418199787566,0.9890130573694068
754,1,0.0,1.0,1.0,1.0,0.0,0.0,1.0,0.00045141415,0.7873160950914291,0.969469141309011,0.21505896948568692,0.9241418199787566,0.9890130573694068
755,1,0.0,1.0,1.0,1.0,0.0,0.0,1.0,1.9849462e-09,0.7856455171880092,0.9694549774297668,0.5211842507661001,0.9241418199787566,0.9890130573694068
756,1,0.0,1.0,1.0,1.0,0.0,0.0,1.0,5.532108e-12,0.7912764768851672,0.9695020834159267,0.41030648144140464,0.9241418199787566,0.9890130573694068
757,1,0.0,1.0,1.0,1.0,0.0,0.0,1.0,4.9506523e-12,0.7820929153683788,0.9694315818933464,0.33007613440186456,0.9241418199787566,0.9890130573694068
758,1,0.0,1.0,1.0,1.0,0.0,0.0,1.0,5.6712456e-15,0.7578764271250499,0.9695221108100879,0.1,0.9241418199787566,0.9890130573694068
759,1,1.0,1.0,1.0,1.0,1.0,1.0,1.0,0.9998436,0.7774492278920376,0.9695205692774324,0.1,0.9241418199787566,0.9890130573694068
760,1,0.0,1.0,1.0,1.0,0.0,0.0,1.0,3.7550326e-08,0.7958722480472129,0.9695053539175729,0.1,0.9241418199787566,0.9890130573694068
761,1,1.0,1.0,1.0,1.0,1.0,1.0,1.0,1.0,0.7642533609908333,0.9694121806172834,0.1,0.9241418199787566,0.9890130573694068
762,1,0.0,1.0,1.0,1.0,0.0,0.0,1.0,5.9671413e-07,0.7756348452782026,0.9694781244757056,0.1,0.9241418199787566,0.9890130573694068
763,1,0.0,1.0,1.0,1.0,0.0,0.0,1.0,0.08884461,0.8154843394324479,0.9694436274573601,0.6847986811509831,0.9241418199787566,0.9890130573694068
764,1,0.0,1.0,1.0,1.0,0.0,0.0,1.0,3.514893e-12,0.7641870420036722,0.969421402988891,0.7413950409887349,0.9241418199787566,0.9890130573694068
765,1,0.0,1.0,1.0,1.0,0.0,0.0,1.0,3.3457946e-12,0.811437515585274,0.9694673602629035,0.1,0.9241418199787566,0.9890130573694068
766,1,0.0,1.0,1.0,1.0,0.0,0.0,1.0,0.0068283454,0.7737966191852937,0.9694719198410348,0.7730204949446815,0.9241418199787566,0.9890130573694068
767,1,0.0,1.0,1.0,1.0,0.0,0.0,1.0,1.8663489e-10,0.7886107168953728,0.9693946901042524,0.8811490594041455,0.9241418199787566,0.9890130573694068
768,1,1.0,1.0,1.0,1.0,1.0,1.0,1.0,1.0,0.7937376009220922,0.9694437417967645,0.1,0.9241418199787566,0.9890130573694068
769,1,0.0,1.0,1.0,1.0,0.0,0.0,1.0,7.0804913e-09,0.797049464727033,0.9694845257153651,0.1,0.9241418199787566,0.9890130573694068
770,1,0.0,1.0,1.0,1.0,0.0,0.0,1.0,9.155223e-08,0.7969768927223281,0.9694101565330864,0.1,0.9241418199787566,0.9890130573694068
771,1,0.0,1.0,1.0,1.0,0.0,0.0,1.0,3.6102016e-08,0.8173290020335913,0.969470001753517,0.1301902329315835,0.9241418199787566,0.9890130573694068
772,1,0.0,1.0,1.0,1.0,0.0,0.0,1.0,7.3690104e-16,0.7954925603096287,0.9694152637107022,0.5790521342129233,0.9241418199787566,0.9890130573694068
773,1,1.0,1.0,1.0,1.0,1.0,1.0,1.0,0.99954283,0.826874575846332,0.9694944684779744,0.8987097973120445,0.9241418199787566,0.9890130573694068
774,1,0.0,1.0,1.0,1.0,0.0,0.0,1.0,1.1946949e-15,0.8157479775747888,0.9693997066590581,0.1,0.9241418199787566,0.9890130573694068
775,1,1.0,1.0,1.0,1.0,1.0,1.0,1.0,0.99999595,0.8019082943231324,0.9694860362941119,0.4275511105404048,0.9241418199787566,0.9890130573694068
776,1,1.0,1.0,1.0,1.0,1.0,1.0,1.0,1.0,0.8482437927457174,0.9695429952035898,0.961303276607997,0.9241418199787566,0.9890130573694068
777,1,0.0,1.0,1.0,1.0,0.0,0.0,1.0,2.080946e-11,0.8221448268029447,0.9695740191515376,0.1,0.9241418199787566,0.9890130573694068
778,1,1.0,1.0,1.0,1.0,1.0,1.0,1.0,1.0,0.7842748829164493,0.9693948649747341,0.1,0.9241418199787566,0.9890130573694068
779,1,1.0,1.0,1.0,1.0,1.0,1.0,1.0,1.0,0.8121435629071788,0.9693795628294961,0.11971542707826582,0.9241418199787566,0.9890130573694068
780,1,0.0,1.0,1.0,1.0,0.0,0.0,1.0,5.532108e-12,0.8417172597845975,0.9694507583115298,0.41030648144140464,0.9241418199787566,0.9890130573694068
781,1,1.0,1.0,1.0,1.0,1.0,1.0,1.0,0.9999006,0.8201588649222185,0.9694368253567686,0.7720672566791154,0.9241418199787566,0.9890130573694068
782,1,1.0,0.9833333333333333,1.0,1.0,1.0,1.0,1.0,0.99204576,0.8029761651501073,0.96943030051406,0.180980112764467,0.9241418199787566,0.9890130573694068
783,1,0.0,1.0,1.0,1.0,0.0,0.0,1.0,1.79217e-08,0.8381620290872989,0.9694244620981382,0.1,0.9241418199787566,0.9890130573694068
784,1,0.0,0.9833333333333333,1.0,1.0,0.0,0.0,1.0,9.7019774e-18,0.8373222361658449,0.9694362239971355,0.1,0.9241418199787566,0.9890130573694068
785,1,1.0,1.0,1.0,1.0,1.0,1.0,1.0,0.999701,0.8723061687544817,0.969471471262149,0.1,0.9241418199787566,0.9890130573694068
786,1,1.0,1.0,1.0,1.0,1.0,1.0,1.0,0.99954283,0.8478264154340489,0.9694945685056793,0.8987097973120445,0.9241418199787566,0.9890130573694068
787,1,0.0,0.9833333333333333,1.0,1.0,0.0,0.0,1.0,1.15555485e-08,0.8647537297658695,0.9693898462191761,0.4860360574355053,0.9241418199787566,0.9890130573694068
788,1,0.0,0.9833333333333333,1.0,1.0,0.0,0.0,1.0,5.4571845e-09,0.8397240249102069,0.9694568945192557,0.1,0.9241418199787566,0.9890130573694068
789,1,1.0,1.0,1.0,1.0,1.0,1.0,1.0,1.0,0.8720289276957681,0.9695524596351036,0.1,0.9241418199787566,0.9890130573694068
790,1,0.0,1.0,1.0,1.0,0.0,0.0,1.0,1.843009e-06,0.8624964614351526,0.9694385961177524,0.5943253261805799,0.9241418199787566,0.9890130573694068
791,1,1.0,1.0,1.0,1.0,1.0,1.0,1.0,0.9834067,0.830574053938821,0.9694457920408582,0.4331735771963294,0.9241418199787566,0.9890130573694068
792,1,0.0,1.0,1.0,1.0,0.0,0.0,1.0,9.7019774e-18,0.8779726400541431,0.9694785765276734,0.1,0.9241418199787566,0.9890130573694068
793,1,1.0,0.9833333333333333,1.0,1.0,1.0,1.0,1.0,1.0,0.8942268258625979,0.969440713240937,0.1,0.9241418199787566,0.9890130573694068
794,1,1.0,1.0,1.0,1.0,1.0,1.0,1.0,1.0,0.8815955874766594,0.9694843967526051,0.1,0.9241418199787566,0.9890130573694068
795,1,0.0,1.0,1.0,1.0,0.0,0.0,1.0,0.00028482953,0.8400740611642176,0.9694086034710919,0.5838224684924042,0.9241418199787566,0.9890130573694068
796,1,1.0,1.0,1.0,1.0,1.0,1.0,1.0,1.0,0.8330457269626023,0.9695039556089345,0.8256051652672061,0.9241418199787566,0.9890130573694068
797,1,1.0,1.0,1.0,1.0,1.0,1.0,1.0,0.9896577,0.796960835579972,0.9694513879355475,0.13719918585696675,0.9241418199787566,0.9890130573694068
798,1,1.0,1.0,1.0,1.0,1.0,1.0,1.0,0.9999999,0.8221004992190183,0.969519831278587,0.9128682426807642,0.9241418199787566,0.9890130573694068
799,1,0.0,1.0,1.0,1.0,0.0,0.0,1.0,1.4025665e-09,0.833175240322401,0.969492509944201,0.2010694509219842,0.9241418199787566,0.9890130573694068
800,1,1.0,1.0,1.0,1.0,1.0,1.0,1.0,0.99101055,0.7728227972291002,0.9694677697256304,0.8935776113745761,0.9241418199787566,0.9890130573694068
801,1,0.0,1.0,1.0,1.0,0.0,0.0,1.0,0.050667703,0.8155465935712477,0.9694453050708105,0.4941433079735945,0.9241418199787566,0.9890130573694068
802,1,0.0,1.0,1.0,1.0,0.0,0.0,1.0,3.514893e-12,0.7718674795533362,0.9694700991815701,0.7413950409887349,0.9241418199787566,0.9890130573694068
803,1,1.0,1.0,1.0,1.0,1.0,1.0,1.0,1.0,0.7884058671049036,0.9694423166861259,0.1,0.9241418199787566,0.9890130573694068
804,1,0.0,1.0,1.0,1.0,0.0,0.0,1.0,2.5943733e-10,0.7929676526806891,0.9694942931340244,0.6363786900710323,0.9241418199787566,0.9890130573694068
805,1,0.0,1.0,1.0,1.0,0.0,0.0,1.0,0.2535525,0.7901798755778163,0.9694085878263377,0.2126038094480108,0.9241418199787566,0.9890130573694068
806,1,1.0,1.0,1.0,1.0,1.0,1.0,1.0,1.0,0.7668820363944945,0.9695176610378773,0.1,0.9241418199787566,0.9890130573694068
807,1,1.0,1.0,1.0,1.0,1.0,1.0,1.0,1.0,0.7657907768830936,0.9695172196305809,0.1,0.9241418199787566,0.9890130573694068
808,1,1.0,1.0,1.0,1.0,1.0,1.0,1.0,1.0,0.786100526444842,0.969468565260753,0.5906209585147536,0.9241418199787566,0.9890130573694068
809,1,0.0,1.0,1.0,1.0,0.0,0.0,1.0,0.0001885544,0.791010001276591,0.9695420811959227,0.3491146799836036,0.9241418199787566,0.9890130573694068
810,1,0.0,1.0,1.0,1.0,0.0,0.0,1.0,0.00014464057,0.8019501203251049,0.9694068701058709,0.3774878016542412,0.9241418199787566,0.9890130573694068
811,1,0.0,1.0,1.0,1.0,0.0,0.0,1.0,1.2829404e-12,0.7781954166289995,0.9695043314016615,0.1,0.9241418199787566,0.9890130573694068
812,1,1.0,0.85,1.0,1.0,1.0,1.0,1.0,0.9999987,0.8105378193535423,0.8266444380095668,0.1,0.9241418199787566,0.9890130573694068
813,0,1.0,0.0,1.0,1.0,0.0,0.0,1.0,1.7958722e-12,0.9558321168022508,0.01792889643130336,0.1,0.9241418199787566,0.9890130573694068
814,0,1.0,0.31666666666666665,1.0,1.0,0.0,0.0,0.0,2.7653758e-17,0.9545731486160235,0.31446366513841967,0.1,0.9241418199787566,0.9890130573694068
815,1,1.0,1.0,1.0,1.0,1.0,1.0,1.0,0.99999845,0.9738713506930482,0.9540927825845407,0.7778294595177866,0.9241418199787566,0.9890130573694068
816,1,0.0,1.0,1.0,1.0,0.0,0.0,1.0,9.737843e-08,0.9562545306174124,0.9542052394628852,0.12973111634727025,0.9241418199787566,0.9890130573694068
817,1,1.0,1.0,1.0,1.0,1.0,1.0,1.0,0.9999951,0.9708220674420885,0.954032608307864,0.8207058228013006,0.9241418199787566,0.9890130573694068
818,1,1.0,1.0,1.0,1.0,1.0,1.0,1.0,1.0,0.964767096599159,0.9542451887552998,0.1,0.9241418199787566,0.9890130573694068
819,1,0.0,1.0,1.0,1.0,0.0,0.0,1.0,4.4214055e-08,0.9594746654589801,0.9540584195650194,0.1,0.9241418199787566,0.9890130573694068
820,1,1.0,1.0,1.0,1.0,1.0,1.0,1.0,0.9955023,0.9719579563199133,0.9542274562584733,0.8839959886078315,0.9241418199787566,0.9890130573694068
821,1,1.0,1.0,1.0,1.0,1.0,1.0,1.0,1.0,0.9669950842288079,0.9541711761104344,0.43693752877356123,0.9241418199787566,0.9890130573694068
822,1,1.0,1.0,1.0,1.0,1.0,1.0,1.0,1.0,0.9564737568705185,0.9540408186143805,0.1,0.9241418199787566,0.9890130573694068
823,1,1.0,1.0,1.0,1.0,1.0,1.0,1.0,0.88837576,0.944934897840911,0.9541322769687327,0.6652448589027978,0.9241418199787566,0.9890130573694068
824,1,1.0,1.0,1.0,1.0,1.0,0.0,1.0,0.6068383,0.9730615969310393,0.9541932941940231,0.9848993005984478,0.9241418199787566,0.9890130573694068
825,1,0.0,0.7833333333333333,1.0,1.0,0.0,0.0,1.0,1.0575291e-05,0.909247104060654,0.7727550266432447,0.867493602168238,0.9241418199787566,0.9890130573694068
826,1,0.0,0.7833333333333333,1.0,1.0,0.0,0.0,1.0,4.2308588e-09,0.9604553862824724,0.7494931943120329,0.10716149017772279,0.9241418199787566,0.9890130573694068
827,1,0.0,1.0,1.0,1.0,0.0,0.0,1.0,5.788233e-11,0.9605345080343334,0.9518894133828845,0.7940367219013758,0.9241418199787566,0.9890130573694068
828,1,0.0,1.0,1.0,1.0,0.0,0.0,1.0,1.8085542e-05,0.9715892870205302,0.9518304255189391,0.1,0.9241418199787566,0.9890130573694068
829,1,0.0,1.0,1.0,1.0,0.0,0.0,1.0,0.037149694,0.9584954635134069,0.9518535370601046,0.9701907244228388,0.9241418199787566,0.9890130573694068
830,1,0.0,1.0,1.0,1.0,0.0,0.0,1.0,1.8085542e-05,0.9495315935810954,0.9517415758588788,0.1,0.9241418199787566,0.9890130573694068
831,1,1.0,1.0,1.0,1.0,1.0,1.0,1.0,1.0,0.955708193331282,0.9519030727270313,0.1,0.9241418199787566,0.9890130573694068
832,1,0.0,1.0,1.0,1.0,0.0,0.0,1.0,0.007033065,0.9693923300750507,0.9518728305117709,0.6820974805149437,0.9241418199787566,0.9890130573694068
833,1,1.0,1.0,1.0,1.0,1.0,1.0,1.0,0.9999995,0.9541270701419666,0.9519681177502926,0.9543935640057484,0.9241418199787566,0.9890130573694068
834,1,0.0,1.0,1.0,1.0,0.0,0.0,1.0,3.3637345e-13,0.9644705964189874,0.9517653874525169,0.1,0.9241418199787566,0.9890130573694068
835,1,0.0,1.0,1.0,1.0,0.0,0.0,1.0,6.519312e-12,0.9606453935664951,0.9519267061780489,0.3519864040251938,0.9241418199787566,0.9890130573694068
836,1,0.0,1.0,1.0,1.0,0.0,0.0,1.0,0.00020636128,0.9627057075176739,0.951872247493789,0.8727805174086218,0.9241418199787566,0.9890130573694068
837,1,1.0,1.0,1.0,1.0,1.0,1.0,1.0,0.80759865,0.9321648416182046,0.9518584564799556,0.9846644768810454,0.9241418199787566,0.9890130573694068
838,1,1.0,1.0,1.0,1.0,1.0,1.0,1.0,1.0,0.9590606379450417,0.9519026028291855,0.729748158730286,0.9241418199787566,0.9890130573694068
839,1,1.0,1.0,1.0,1.0,1.0,1.0,1.0,1.0,0.9484934060048879,0.951912924805054,0.1,0.9241418199787566,0.9890130573694068
840,1,1.0,1.0,1.0,1.0,1.0,1.0,1.0,1.0,0.9221541262546313,0.9519075052882241,0.1,0.9241418199787566,0.9890130573694068
841,1,1.0,0.9833333333333333,1.0,1.0,1.0,1.0,1.0,1.0,0.8953568011240489,0.9519031228241978,0.1,0.9241418199787566,0.9890130573694068
842,1,1.0,1.0,1.0,1.0,1.0,1.0,1.0,1.0,0.9043412697181928,0.9518404539057184,0.1,0.9241418199787566,0.9890130573694068
843,1,0.0,1.0,1.0,1.0,0.0,0.0,1.0,0.44272417,0.9211412629780475,0.9517958438757398,0.1,0.9241418199787566,0.9890130573694068
844,1,1.0,1.0,1.0,1.0,1.0,1.0,1.0,1.0,0.9098206242605688,0.9517932309979465,0.1,0.9241418199787566,0.9890130573694068
845,1,0.0,0.9833333333333333,1.0,1.0,0.0,0.0,1.0,0.0002598114,0.8921033951754044,0.9519503242537336,0.9442348758236045,0.9241418199787566,0.9890130573694068
846,1,0.0,1.0,1.0,1.0,0.0,0.0,1.0,4.076224e-06,0.867859504908957,0.9518629124730366,0.10143855761121284,0.9241418199787566,0.9890130573694068
847,1,0.0,1.0,1.0,1.0,0.0,0.0,1.0,4.065406e-11,0.8733793906722646,0.9518405775901134,0.16052599453103045,0.9241418199787566,0.9890130573694068
848,1,1.0,1.0,1.0,1.0,1.0,1.0,1.0,1.0,0.900913452891297,0.951777551358277,0.1,0.9241418199787566,0.9890130573694068
849,1,0.0,0.9833333333333333,1.0,1.0,0.0,0.0,1.0,2.811166e-16,0.891027248923624,0.9518355301919441,0.1,0.9241418199787566,0.9890130573694068
850,1,1.0,1.0,1.0,1.0,1.0,1.0,1.0,0.9993193,0.8618655376355167,0.9518944031424402,0.21053570545722208,0.9241418199787566,0.9890130573694068
851,1,1.0,0.9833333333333333,1.0,1.0,1.0,1.0,1.0,0.99989045,0.9045651734981656,0.9519667667297098,0.1,0.9241418199787566,0.9890130573694068
852,1,0.0,0.95,1.0,1.0,0.0,0.0,1.0,1.0854832e-06,0.9289970827850311,0.9518998807261646,0.20551905967855721,0.9241418199787566,0.9890130573694068
853,1,1.0,1.0,1.0,1.0,1.0,1.0,1.0,1.0,0.9530314626780435,0.9519648838649848,0.5906209585147536,0.9241418199787566,0.9890130573694068
854,1,0.0,1.0,1.0,1.0,0.0,0.0,1.0,2.84496e-12,0.9653491326275775,0.9517525895485598,0.2599393180868851,0.9241418199787566,0.9890130573694068
855,1,1.0,1.0,1.0,1.0,1.0,1.0,1.0,0.9999987,0.9647012718255105,0.9517743893075158,0.70857106014035,0.9241418199787566,0.9890130573694068
856,1,1.0,1.0,1.0,1.0,1.0,1.0,1.0,1.0,0.9867450134314997,0.9519282686952452,0.1062059658774437,0.9241418199787566,0.9890130573694068
857,1,0.0,1.0,1.0,1.0,0.0,0.0,1.0,5.8967515e-17,0.9646074242939192,0.9517498013471265,0.1,0.9241418199787566,0.9890130573694068
858,1,1.0,1.0,1.0,1.0,1.0,1.0,1.0,1.0,0.9617473022665154,0.9518315766310957,0.1,0.9241418199787566,0.9890130573694068
859,1,1.0,1.0,1.0,1.0,1.0,1.0,1.0,1.0,0.9684103222403598,0.9520045219423123,0.1,0.9241418199787566,0.9890130573694068
860,1,1.0,1.0,1.0,1.0,1.0,1.0,1.0,0.9999994,0.9807741156972618,0.9519487992941028,0.1,0.9241418199787566,0.9890130573694068
861,1,0.0,1.0,1.0,1.0,0.0,0.0,1.0,1.8034616e-12,0.9738703845434493,0.9517451827311844,0.1,0.9241418199787566,0.9890130573694068
862,1,0.0,1.0,1.0,1.0,0.0,0.0,1.0,1.3123679e-12,0.9665167597963996,0.951926113093368,0.1,0.9241418199787566,0.9890130573694068
863,1,0.0,1.0,1.0,1.0,0.0,0.0,1.0,0.30579394,0.9638164024845589,0.9518677486005827,0.4636607162794092,0.9241418199787566,0.9890130573694068
864,1,1.0,1.0,1.0,1.0,1.0,1.0,1.0,0.9999999,0.9560783991584059,0.9519921093780056,0.1,0.9241418199787566,0.9890130573694068
865,1,0.0,0.9833333333333333,1.0,1.0,0.0,0.0,1.0,3.3281513e-12,0.9615826113954484,0.9520229986547882,0.5344072860696724,0.9241418199787566,0.9890130573694068
866,1,0.0,1.0,1.0,1.0,0.0,0.0,1.0,2.1434978e-09,0.9325349843181371,0.9519070058740493,0.23004518713432193,0.9241418199787566,0.9890130573694068
867,1,0.0,1.0,1.0,1.0,0.0,0.0,1.0,8.0141465e-13,0.9604650662988592,0.9518227785549669,0.1,0.9241418199787566,0.9890130573694068
868,1,0.0,1.0,1.0,1.0,0.0,0.0,1.0,9.091868e-11,0.9504599837653396,0.9517724208409056,0.46348893463840346,0.9241418199787566,0.9890130573694068
869,1,0.0,1.0,1.0,1.0,0.0,0.0,1.0,0.000691138,0.9670723088758033,0.951909938031793,0.849616651265239,0.9241418199787566,0.9890130573694068
870,1,1.0,1.0,1.0,1.0,1.0,1.0,1.0,0.9963845,0.9665013768725494,0.9519243329575722,0.1,0.9241418199787566,0.9890130573694068
871,1,0.0,1.0,1.0,1.0,0.0,0.0,1.0,0.025171284,0.9791568868006765,0.9519719797568791,0.4278872093370563,0.9241418199787566,0.9890130573694068
872,1,1.0,1.0,1.0,1.0,1.0,1.0,1.0,0.8067097,0.938302704727189,0.9518104990759878,0.16842854156784093,0.9241418199787566,0.9890130573694068
873,1,0.0,1.0,1.0,1.0,0.0,0.0,1.0,2.0854886e-10,0.9055912889049631,0.9518110032744563,0.1,0.9241418199787566,0.9890130573694068
874,1,0.0,1.0,1.0,1.0,0.0,0.0,1.0,1.1548639e-14,0.9365858064790283,0.9519822674324568,0.4316117881250914,0.9241418199787566,0.9890130573694068
875,1,1.0,1.0,1.0,1.0,1.0,1.0,1.0,0.99998593,0.9508059097649162,0.9518967047707119,0.9624274463669101,0.9241418199787566,0.9890130573694068
876,1,0.0,0.9833333333333333,1.0,1.0,0.0,0.0,1.0,3.4646317e-09,0.9605584190206554,0.9518228286710976,0.45133043810596835,0.9241418199787566,0.9890130573694068
877,1,1.0,0.9833333333333333,1.0,1.0,1.0,1.0,1.0,0.98507,0.9499916884436365,0.9519795740520941,0.324042636297855,0.9241418199787566,0.9890130573694068
878,1,0.0,1.0,1.0,1.0,0.0,0.0,1.0,7.491084e-12,0.9771243781833527,0.9517948586240227,0.22472372742653302,0.9241418199787566,0.9890130573694068
879,1,0.0,1.0,1.0,1.0,0.0,0.0,1.0,1.2056715e-11,0.9664784441795727,0.9518344371799343,0.47671315689745564,0.9241418199787566,0.9890130573694068
880,1,0.0,0.7833333333333333,1.0,1.0,0.0,0.0,1.0,1.8663489e-10,0.968055074204151,0.7495215212152098,0.8811490594041455,0.9241418199787566,0.9890130573694068
881,0,1.0,0.0,1.0,1.0,0.0,0.0,1.0,7.7408785e-10,0.9672863642762012,0.018013415689332225,0.1,0.9241418199787566,0.9890130573694068
882,0,1.0,0.0,1.0,1.0,0.0,0.0,1.0,0.030115457,0.9528713221890696,0.01798171649814356,0.14731426588479732,0.9241418199787566,0.9890130573694068
883,0,1.0,0.0,1.0,1.0,0.0,0.0,1.0,1.1853148e-10,0.9416035072896717,0.017983658498660772,0.9926605612086117,0.9241418199787566,0.9890130573694068
884,0,1.0,0.0,1.0,1.0,0.0,0.0,1.0,9.1107274e-17,0.940871480894189,0.018009317722144626,0.1,0.9241418199787566,0.9890130573694068
885,0,1.0,0.0,1.0,1.0,0.0,0.0,1.0,1.2669507e-10,0.9481640831398627,0.01799261001957962,0.1,0.9241418199787566,0.9890130573694068
886,0,1.0,0.0,1.0,1.0,0.0,0.0,1.0,0.0007853995,0.9575855791089302,0.017992332707074017,0.1,0.9241418199787566,0.9890130573694068
887,0,1.0,0.0,1.0,1.0,0.0,0.0,1.0,2.731542e-10,0.9412960497590792,0.01798072218779035,0.19045614882800443,0.9241418199787566,0.9890130573694068
888,0,1.0,0.0,1.0,1.0,0.0,0.0,1.0,0.018136138,0.9317253578071295,0.017991452499099038,0.6514560573510716,0.9241418199787566,0.9890130573694068
889,0,1.0,0.0,1.0,1.0,0.0,0.0,1.0,0.042478204,0.9472812468102728,0.017972060534621585,0.9350339653817884,0.9241418199787566,0.9890130573694068
890,0,1.0,0.0,1.0,1.0,0.0,0.0,1.0,9.1107274e-17,0.9450382803151058,0.01801570502543544,0.1,0.9241418199787566,0.9890130573694068
891,0,1.0,0.0,1.0,1.0,0.0,0.0,1.0,7.755671e-14,0.9380738466926392,0.017963151263704447,0.22976193444870832,0.9241418199787566,0.9890130573694068
892,0,1.0,0.0,1.0,1.0,0.0,0.0,1.0,1.2247849e-10,0.9409645445704027,0.01796555050180992,0.1,0.9241418199787566,0.9890130573694068
893,0,1.0,0.0,1.0,1.0,0.0,0.0,1.0,6.1353335e-06,0.9436959218541102,0.01800941408418645,0.12597063506770542,0.9241418199787566,0.9890130573694068
894,0,1.0,0.0,1.0,1.0,0.0,0.0,1.0,5.11351e-14,0.9481539078723997,0.01798724837033432,0.1,0.9241418199787566,0.9890130573694068
895,0,1.0,0.0,1.0,1.0,0.0,0.0,1.0,3.77345e-11,0.9549044802575863,0.017971070748912635,0.342441610730404,0.9241418199787566,0.9890130573694068
896,0,0.0,0.38333333333333336,1.0,0.0,0.0,0.0,0.0,1.0,0.9557071838791534,0.38962727806121583,0.1,0.9241418199787566,0.9890130573694068
897,1,0.0,1.0,1.0,1.0,0.0,0.0,1.0,1.4151591e-12,0.9515219527788895,0.9875303128058784,0.1,0.9241418199787566,0.9890130573694068
898,1,0.0,1.0,1.0,1.0,0.0,0.0,1.0,9.8900986e-05,0.951503864449709,0.9875117129184647,0.337435825865614,0.9241418199787566,0.9890130573694068
899,1,0.0,1.0,1.0,1.0,0.0,0.0,1.0,0.2535525,0.9435387106925494,0.987511811152037,0.2126038094480108,0.9241418199787566,0.9890130573694068
900,1,0.0,1.0,1.0,1.0,0.0,0.0,1.0,2.002111e-12,0.9226531704084656,0.9875184626676685,0.6919596411317387,0.9241418199787566,0.9890130573694068
901,1,0.0,1.0,1.0,1.0,0.0,0.0,1.0,8.982136e-12,0.9105942083295164,0.9875445343285761,0.14698660277878603,0.9241418199787566,0.9890130573694068
902,1,1.0,1.0,1.0,1.0,1.0,1.0,1.0,1.0,0.9104797318208555,0.9875528648009702,0.11971542707826582,0.9241418199787566,0.9890130573694068
903,1,1.0,1.0,1.0,1.0,1.0,1.0,1.0,1.0,0.8579687000974742,0.9875644999210016,0.1,0.9241418199787566,0.9890130573694068
904,1,0.0,0.9833333333333333,1.0,1.0,0.0,0.0,1.0,9.737843e-08,0.8746049278939984,0.9874974995004512,0.12973111634727025,0.9241418199787566,0.9890130573694068
905,0,1.0,0.23333333333333334,1.0,1.0,0.0,0.0,0.0,4.6678863e-08,0.9323596027330984,0.26037230316844356,0.1,0.9241418199787566,0.9890130573694068
906,1,1.0,0.95,1.0,1.0,1.0,1.0,1.0,0.9992142,0.7680976929838502,0.9239238969636325,0.8354969356677833,0.9241418199787566,0.9890130573694068
907,1,1.0,1.0,1.0,1.0,1.0,1.0,1.0,1.0,0.781179459872,0.9552848107116909,0.1,0.9241418199787566,0.9890130573694068
908,1,1.0,1.0,1.0,1.0,1.0,1.0,1.0,0.9998324,0.7591764525875321,0.9552818869761425,0.1,0.9241418199787566,0.9890130573694068
909,1,0.0,1.0,1.0,1.0,0.0,0.0,1.0,4.5347708e-14,0.7952374419871582,0.9553728764675137,0.1,0.9241418199787566,0.9890130573694068
910,1,0.0,1.0,1.0,1.0,0.0,0.0,1.0,0.016939558,0.7914373599789998,0.9553907950381875,0.3820411387050763,0.9241418199787566,0.9890130573694068
911,1,1.0,1.0,1.0,1.0,1.0,1.0,1.0,1.0,0.7971172184400768,0.9552852275794942,0.1,0.9241418199787566,0.9890130573694068
912,1,0.0,1.0,1.0,1.0,0.0,0.0,1.0,5.9336966e-11,0.7871338909286762,0.9552368196456656,0.3439507877670763,0.9241418199787566,0.9890130573694068
913,1,1.0,1.0,1.0,1.0,1.0,1.0,1.0,1.0,0.7586405722632946,0.9553026760101608,0.1,0.9241418199787566,0.9890130573694068
914,1,0.0,1.0,1.0,1.0,0.0,0.0,1.0,0.00018385607,0.7592750054731935,0.9553487104575213,0.2646971774903764,0.9241418199787566,0.9890130573694068
915,1,0.0,1.0,1.0,1.0,0.0,0.0,1.0,2.0064488e-13,0.781747220641822,0.9552934645965566,0.1,0.9241418199787566,0.9890130573694068
916,1,1.0,1.0,1.0,1.0,1.0,1.0,1.0,0.99960405,0.7882887534718966,0.9553097203560503,0.11024684447843595,0.9241418199787566,0.9890130573694068
917,1,0.0,1.0,1.0,1.0,0.0,0.0,1.0,0.0002651274,0.815864668870202,0.9553331971948561,0.6801924644146682,0.9241418199787566,0.9890130573694068
918,1,0.0,1.0,1.0,1.0,0.0,0.0,1.0,2.2654403e-13,0.790860308470677,0.9553618562029574,0.1,0.9241418199787566,0.9890130573694068
919,1,0.0,1.0,1.0,1.0,0.0,0.0,1.0,5.198289e-07,0.7729301217218254,0.9552966181783146,0.6875152995621636,0.9241418199787566,0.9890130573694068
920,1,0.0,1.0,1.0,1.0,0.0,0.0,1.0,3.4885183e-05,0.7606304651013797,0.955216252023466,0.6207411272606799,0.9241418199787566,0.9890130573694068
921,1,1.0,1.0,1.0,1.0,1.0,1.0,1.0,1.0,0.8044744204407023,0.9553071144106824,0.1,0.9241418199787566,0.9890130573694068
922,1,0.0,1.0,1.0,1.0,0.0,0.0,1.0,2.4882833e-14,0.7843146569176083,0.9553258077400392,0.1,0.9241418199787566,0.9890130573694068
923,1,1.0,1.0,1.0,1.0,0.0,0.0,1.0,0.6848114,0.790335960962682,0.9553387802015045,0.37262898122552257,0.9241418199787566,0.9890130573694068
924,1,0.0,1.0,1.0,1.0,0.0,0.0,1.0,0.00015217486,0.8028241699801987,0.955361775534951,0.18202014834980346,0.9241418199787566,0.9890130573694068
925,1,0.0,1.0,1.0,1.0,0.0,0.0,1.0,1.5370809e-09,0.8043253798044915,0.9552037482536363,0.1,0.9241418199787566,0.9890130573694068
926,1,0.0,1.0,1.0,1.0,0.0,0.0,1.0,2.811166e-16,0.7681243345478201,0.9553641870015691,0.1,0.9241418199787566,0.9890130573694068
927,0,1.0,0.3,1.0,1.0,0.0,0.0,0.0,1.0624601e-07,0.8956977065281566,0.2835851419502393,0.1304815900514981,0.9241418199787566,0.9890130573694068
928,0,1.0,0.0,1.0,1.0,0.0,0.0,1.0,1.8670095e-05,0.9469791101102749,0.018005672061321792,0.1,0.9241418199787566,0.9890130573694068
929,1,0.0,1.0,1.0,1.0,0.0,0.0,1.0,4.522581e-06,0.866348763907339,0.9898629665031099,0.9261478012480143,0.9241418199787566,0.9890130573694068
930,1,1.0,0.9666666666666667,1.0,1.0,1.0,1.0,1.0,0.9999951,0.8705576892764859,0.9899143849483917,0.8207058228013006,0.9241418199787566,0.9890130573694068
931,1,1.0,0.9833333333333333,1.0,1.0,1.0,1.0,1.0,1.0,0.8619166013958908,0.9899017134755359,0.1,0.9241418199787566,0.9890130573694068
932,1,0.0,1.0,1.0,1.0,0.0,0.0,1.0,2.9535688e-10,0.8926309662369342,0.9899230905024918,0.1,0.9241418199787566,0.9890130573694068
933,1,0.0,1.0,1.0,1.0,0.0,0.0,1.0,0.004492475,0.8690815149013118,0.9898898216152815,0.20147300375256016,0.9241418199787566,0.9890130573694068
934,1,1.0,1.0,1.0,1.0,1.0,1.0,1.0,1.0,0.883119469447808,0.9899097497921238,0.7407778874599071,0.9241418199787566,0.9890130573694068
935,1,0.0,0.9666666666666667,1.0,1.0,0.0,0.0,1.0,2.2506323e-14,0.8318108146596827,0.9899029592351418,0.1,0.9241418199787566,0.9890130573694068
936,1,0.0,1.0,1.0,1.0,0.0,0.0,1.0,1.0484895e-10,0.8776616161751337,0.9899156321002597,0.1,0.9241418199787566,0.9890130573694068
937,1,1.0,1.0,1.0,1.0,1.0,1.0,1.0,1.0,0.8683418304272662,0.9899068449563321,0.1,0.9241418199787566,0.9890130573694068
938,1,0.0,0.9833333333333333,1.0,1.0,0.0,0.0,1.0,2.2356362e-06,0.8244137544308024,0.9899140647804507,0.427270335243285,0.9241418199787566,0.9890130573694068
939,1,1.0,1.0,1.0,1.0,1.0,1.0,1.0,0.99999976,0.8396612014692988,0.989880884044232,0.1,0.9241418199787566,0.9890130573694068
940,1,1.0,1.0,1.0,1.0,1.0,1.0,1.0,0.99973065,0.8189160704549393,0.9898960354165172,0.8602764600998449,0.9241418199787566,0.9890130573694068
941,1,1.0,1.0,1.0,1.0,1.0,1.0,1.0,1.0,0.8038407213361861,0.9898719409330711,0.1,0.9241418199787566,0.9890130573694068
942,1,0.0,1.0,1.0,1.0,0.0,0.0,1.0,7.491084e-12,0.8476538898453313,0.9898961031697923,0.22472372742653302,0.9241418199787566,0.9890130573694068
943,1,0.0,1.0,1.0,1.0,0.0,0.0,1.0,1.6444722e-11,0.8672396644761768,0.9898885580511647,0.1,0.9241418199787566,0.9890130573694068
944,1,0.0,1.0,1.0,1.0,0.0,0.0,1.0,0.0005191888,0.8183672727011712,0.989878551669411,0.1,0.9241418199787566,0.9890130573694068
945,1,1.0,0.9833333333333333,1.0,1.0,1.0,1.0,1.0,1.0,0.8542162931169603,0.9899042596729587,0.1,0.9241418199787566,0.9890130573694068
946,1,0.0,1.0,1.0,1.0,0.0,0.0,1.0,3.6452694e-15,0.8476341956164304,0.9899284094760634,0.1,0.9241418199787566,0.9890130573694068
947,1,0.0,0.9833333333333333,1.0,1.0,0.0,0.0,1.0,8.3921066e-17,0.8614620086145821,0.9898936760348586,0.1,0.9241418199787566,0.9890130573694068
948,1,0.0,1.0,1.0,1.0,0.0,0.0,1.0,5.1107565e-07,0.8532254549195926,0.9898939731161648,0.5712917227020675,0.9241418199787566,0.9890130573694068
949,1,1.0,1.0,1.0,1.0,1.0,1.0,1.0,1.0,0.842540141461751,0.989911493010864,0.1243564415435938,0.9241418199787566,0.9890130573694068
950,1,1.0,1.0,1.0,1.0,1.0,1.0,1.0,1.0,0.8396775205898604,0.9899213125536973,0.9308889653074486,0.9241418199787566,0.9890130573694068
951,1,0.0,1.0,1.0,1.0,0.0,0.0,1.0,4.600056e-07,0.8267441425166052,0.9899018518111029,0.1,0.9241418199787566,0.9890130573694068
952,1,0.0,1.0,1.0,1.0,0.0,0.0,1.0,1.1062965e-13,0.8515465811574665,0.9899016805524717,0.1,0.9241418199787566,0.9890130573694068
953,1,0.0,1.0,1.0,1.0,0.0,0.0,1.0,7.1194944e-07,0.7829891759904609,0.9899120077129916,0.8570668301895004,0.9241418199787566,0.9890130573694068
954,1,1.0,1.0,1.0,1.0,1.0,1.0,1.0,1.0,0.7885764339771733,0.9898970077908621,0.7889761832861449,0.9241418199787566,0.9890130573694068
955,1,0.0,0.9666666666666667,1.0,1.0,0.0,0.0,1.0,1.0118096e-10,0.8406087031765179,0.989913165251141,0.9807893877434707,0.9241418199787566,0.9890130573694068
956,1,1.0,1.0,1.0,1.0,1.0,1.0,1.0,0.9853839,0.8528940525351287,0.9899350557067,0.1,0.9241418199787566,0.9890130573694068
957,1,1.0,1.0,1.0,1.0,1.0,1.0,1.0,1.0,0.8062641893731838,0.9898986574554716,0.1,0.9241418199787566,0.9890130573694068
958,1,0.0,1.0,1.0,1.0,0.0,0.0,1.0,3.3457946e-12,0.8333157699745105,0.9898742277379361,0.1,0.9241418199787566,0.9890130573694068
959,1,0.0,1.0,1.0,1.0,0.0,0.0,1.0,6.262815e-05,0.8533589620035232,0.9898970226581184,0.33039667787198557,0.9241418199787566,0.9890130573694068
960,1,0.0,1.0,1.0,1.0,0.0,0.0,1.0,3.3281513e-12,0.8676541208317422,0.9898838741930345,0.5344072860696724,0.9241418199787566,0.9890130573694068
961,1,0.0,0.9833333333333333,1.0,1.0,0.0,0.0,1.0,2.6604332e-07,0.8266060967884904,0.989896886782027,0.949309425995624,0.9241418199787566,0.9890130573694068
962,1,1.0,1.0,1.0,1.0,1.0,1.0,1.0,1.0,0.8492071468777915,0.9898946400737985,0.1,0.9241418199787566,0.9890130573694068
963,1,0.0,1.0,1.0,1.0,0.0,0.0,1.0,0.00036923063,0.8208628371228847,0.9898815831672206,0.1725918769906835,0.9241418199787566,0.9890130573694068
964,1,0.0,1.0,1.0,1.0,0.0,0.0,1.0,3.3281513e-12,0.8257445851853504,0.989918703846102,0.5344072860696724,0.9241418199787566,0.9890130573694068
965,1,1.0,1.0,1.0,1.0,1.0,1.0,1.0,1.0,0.8822140313921445,0.9899253871738785,0.1,0.9241418199787566,0.9890130573694068
966,1,1.0,1.0,1.0,1.0,1.0,1.0,1.0,1.0,0.8158601565208454,0.9899000699586179,0.1,0.9241418199787566,0.9890130573694068
967,1,0.0,1.0,1.0,1.0,0.0,0.0,1.0,3.70639e-08,0.8141004326898108,0.9898894050543148,0.6467797377532412,0.9241418199787566,0.9890130573694068
968,1,1.0,0.7666666666666667,1.0,1.0,1.0,1.0,1.0,1.0,0.8626490404419929,0.7594187609888178,0.1,0.9241418199787566,0.9890130573694068
969,1,1.0,1.0,1.0,1.0,1.0,1.0,1.0,1.0,0.9683366344045471,0.9144986356027487,0.1,0.9241418199787566,0.9890130573694068
970,1,0.0,1.0,1.0,1.0,0.0,0.0,1.0,1.93323e-13,0.9772480395499681,0.9143492609190863,0.6224047869735447,0.9241418199787566,0.9890130573694068
971,1,0.0,1.0,1.0,1.0,0.0,0.0,1.0,1.2153363e-11,0.941434397094973,0.9143957486079352,0.1,0.9241418199787566,0.9890130573694068
972,1,1.0,1.0,1.0,1.0,1.0,1.0,1.0,1.0,0.9683545246791354,0.9142548007374914,0.863231369558724,0.9241418199787566,0.9890130573694068
973,1,0.0,1.0,1.0,1.0,0.0,0.0,1.0,7.0804913e-09,0.9600609027914824,0.9144857321201859,0.1,0.9241418199787566,0.9890130573694068
974,1,1.0,1.0,1.0,1.0,0.0,0.0,1.0,0.5595614,0.9590286657754629,0.9142825566486182,0.9560163605103844,0.9241418199787566,0.9890130573694068
975,1,1.0,1.0,1.0,1.0,1.0,1.0,1.0,0.99998105,0.9585673005946705,0.914510447061157,0.9630504339953014,0.9241418199787566,0.9890130573694068
976,1,1.0,1.0,1.0,1.0,1.0,1.0,1.0,1.0,0.9702662456570007,0.9145054470959468,0.1,0.9241418199787566,0.9890130573694068
977,1,0.0,1.0,1.0,1.0,0.0,0.0,1.0,8.838126e-06,0.9630897912864474,0.9141476833793775,0.9565973274861221,0.9241418199787566,0.9890130573694068
978,1,1.0,1.0,1.0,1.0,1.0,1.0,1.0,1.0,0.9676323326079023,0.9142623804748069,0.1,0.9241418199787566,0.9890130573694068
979,1,0.0,1.0,1.0,1.0,0.0,0.0,1.0,2.24116e-11,0.9573317981527393,0.9142782675934659,0.13462401203508145,0.9241418199787566,0.9890130573694068
980,1,0.0,1.0,1.0,1.0,0.0,0.0,1.0,7.3690104e-16,0.9633422309751302,0.9142611790636026,0.5790521342129233,0.9241418199787566,0.9890130573694068
981,1,1.0,1.0,1.0,1.0,1.0,1.0,1.0,1.0,0.9591614294221763,0.9143922118194682,0.1,0.9241418199787566,0.9890130573694068
982,1,1.0,1.0,1.0,1.0,1.0,1.0,1.0,1.0,0.9576564875438236,0.9144877473006642,0.1,0.9241418199787566,0.9890130573694068
983,1,0.0,1.0,1.0,1.0,0.0,0.0,1.0,0.00011098223,0.9466065705292428,0.9143869269547118,0.1819214749279417,0.9241418199787566,0.9890130573694068
984,1,0.0,0.9833333333333333,1.0,1.0,0.0,0.0,1.0,0.004972752,0.9414360054406987,0.914408976948358,0.6021374349884128,0.9241418199787566,0.9890130573694068
985,1,0.0,1.0,1.0,1.0,0.0,0.0,1.0,6.357297e-12,0.9447639185877378,0.9145150186653345,0.6811823911246582,0.9241418199787566,0.9890130573694068
986,1,1.0,1.0,1.0,1.0,1.0,1.0,1.0,1.0,0.9554613459004244,0.914361686697769,0.1,0.9241418199787566,0.9890130573694068
987,1,1.0,1.0,1.0,1.0,1.0,1.0,1.0,1.0,0.9546000518321578,0.9143440332717713,0.8776174646911953,0.9241418199787566,0.9890130573694068
988,1,0.0,0.95,1.0,1.0,0.0,0.0,1.0,0.009783096,0.9097349290731251,0.9146373528607477,0.28674373110407064,0.9241418199787566,0.9890130573694068
989,1,0.0,1.0,1.0,1.0,0.0,0.0,1.0,8.3681576e-11,0.9414569651528912,0.9142340634908649,0.3571232224571511,0.9241418199787566,0.9890130573694068
990,1,1.0,1.0,1.0,1.0,1.0,1.0,1.0,1.0,0.9501713455729212,0.9146712326198191,0.1,0.9241418199787566,0.9890130573694068
991,1,1.0,1.0,1.0,1.0,1.0,1.0,1.0,1.0,0.9764331368501121,0.9143928662523565,0.1,0.9241418199787566,0.9890130573694068
992,1,1.0,1.0,1.0,1.0,1.0,1.0,1.0,0.9942193,0.9661420637639858,0.914432802266719,0.9552688149392023,0.9241418199787566,0.9890130573694068
993,1,0.0,1.0,1.0,1.0,0.0,0.0,1.0,8.585229e-08,0.9429500109944229,0.9143336933913614,0.1,0.9241418199787566,0.9890130573694068
994,1,0.0,0.9833333333333333,1.0,1.0,0.0,0.0,1.0,0.025171284,0.9418885491655102,0.914198990071425,0.4278872093370563,0.9241418199787566,0.9890130573694068
995,1,1.0,1.0,1.0,1.0,1.0,1.0,1.0,0.99954283,0.9266556785468012,0.9145330266062017,0.8987097973120445,0.9241418199787566,0.9890130573694068
996,1,0.0,1.0,1.0,1.0,0.0,0.0,1.0,2.3297612e-12,0.9241918106926227,0.9142961105353442,0.5151385549408819,0.9241418199787566,0.9890130573694068
997,1,1.0,1.0,1.0,1.0,1.0,1.0,1.0,0.99999845,0.9539492036200432,0.9144002010127862,0.877167065805637,0.9241418199787566,0.9890130573694068
998,1,1.0,1.0,1.0,1.0,1.0,1.0,1.0,1.0,0.9618326652579523,0.9143290083986546,0.1,0.9241418199787566,0.9890130573694068
999,1,0.0,1.0,1.0,1.0,0.0,0.0,1.0,6.209088e-14,0.9171195380714997,0.9143443868974839,0.1,0.9241418199787566,0.9890130573694068
1000,1,0.0,0.9833333333333333,1.0,1.0,0.0,0.0,1.0,1.6182624e-09,0.9244749677720552,0.9142483182463096,0.9000540346932292,0.9241418199787566,0.9890130573694068
1001,1,0.0,1.0,1.0,1.0,0.0,0.0,1.0,0.004972752,0.9413070408565496,0.914274192890728,0.6021374349884128,0.9241418199787566,0.9890130573694068
1002,1,0.0,1.0,1.0,1.0,0.0,0.0,1.0,6.405748e-17,0.9443601893184013,0.9145064700575347,0.1,0.9241418199787566,0.9890130573694068
1003,1,0.0,1.0,1.0,1.0,0.0,0.0,1.0,7.677022e-05,0.9386243480625577,0.914343153484065,0.645228045796177,0.9241418199787566,0.9890130573694068
1004,1,1.0,1.0,1.0,1.0,1.0,1.0,1.0,0.9999989,0.9649680623389135,0.914271243291075,0.5734132958214404,0.9241418199787566,0.9890130573694068
1005,1,0.0,1.0,1.0,1.0,0.0,0.0,1.0,1.9190539e-08,0.9363688144883425,0.914173740335233,0.8020246102058955,0.9241418199787566,0.9890130573694068
1006,1,0.0,1.0,1.0,1.0,0.0,0.0,1.0,6.000699e-11,0.9470521167148235,0.91406282534038,0.5851673698058351,0.9241418199787566,0.9890130573694068
1007,1,0.0,0.9833333333333333,1.0,1.0,0.0,0.0,1.0,1.2696539e-12,0.9294248823659892,0.9141650948278345,0.1,0.9241418199787566,0.9890130573694068
