win_idx,label,acc_v,acc_m,acc_u,acc_mv,acc_ds_eq,acc_ds_static,acc_ours,P_v,P_m,P_u,w_v,w_m,w_u
0,0,1.0,0.0,1.0,1.0,0.0,0.0,0.0,2.3113188e-11,0.9996429157499613,0.019550817327823038,0.5508038408452627,0.9859363729567544,0.8807970779778823
1,0,1.0,0.08333333333333333,1.0,1.0,0.0,0.0,1.0,0.017211445,0.8797149515973455,0.01945511532595335,0.6887214926512577,0.9859363729567544,0.8807970779778823
2,0,1.0,0.5333333333333333,1.0,1.0,0.0,0.0,1.0,0.07077655,0.49304127916727764,0.019491270707150413,0.34818717052971254,0.9859363729567544,0.8807970779778823
3,0,1.0,0.7333333333333333,0.9833333333333333,1.0,1.0,1.0,1.0,3.3720992e-06,0.33227553137802585,0.030425903583526717,0.3678430339890275,0.9859363729567544,0.8807970779778823
4,0,1.0,0.85,1.0,1.0,1.0,1.0,1.0,1.9898287e-09,0.2842133248310035,0.024208736261556375,0.4916628149796306,0.9859363729567544,0.8807970779778823
5,0,1.0,0.7666666666666667,1.0,1.0,1.0,1.0,1.0,1.3999605e-07,0.30564644646862915,0.02228477822088335,0.5649010159634233,0.9859363729567544,0.8807970779778823
6,0,1.0,0.8666666666666667,1.0,1.0,1.0,1.0,1.0,0.0005340704,0.2681946696223289,0.019664456924843584,0.6972398516285525,0.9859363729567544,0.8807970779778823
7,0,1.0,0.6166666666666667,1.0,1.0,1.0,1.0,1.0,1.2952968e-06,0.4084313729845778,0.019481381713073495,0.3849866427581571,0.9859363729567544,0.8807970779778823
8,0,1.0,0.9,0.9833333333333333,1.0,1.0,1.0,1.0,1.4416149e-06,0.21061540926732325,0.031574221089504965,0.7839844315273204,0.9859363729567544,0.8807970779778823
9,0,1.0,0.8833333333333333,1.0,1.0,1.0,1.0,1.0,5.7331068e-08,0.2596381652963873,0.019461745967505998,0.9991092738514524,0.9859363729567544,0.8807970779778823
10,0,1.0,0.6833333333333333,1.0,1.0,1.0,1.0,1.0,4.1523485e-06,0.3309155601672267,0.022220630817991822,0.6446845973388201,0.9859363729567544,0.8807970779778823
11,0,1.0,0.6166666666666667,1.0,1.0,1.0,1.0,1.0,9.252368e-09,0.3763189981292466,0.022136182813467097,0.1,0.9859363729567544,0.8807970779778823
12,0,1.0,0.7166666666666667,1.0,1.0,1.0,1.0,1.0,4.470122e-06,0.3485142687334741,0.021789126153576133,0.547471060681408,0.9859363729567544,0.8807970779778823
13,0,1.0,0.7333333333333333,1.0,1.0,1.0,1.0,1.0,1.550645e-08,0.2956009144652093,0.019491267211499623,0.36740111215190985,0.9859363729567544,0.8807970779778823
14,0,0.0,0.7333333333333333,0.9833333333333333,1.0,0.0,0.0,1.0,0.8570389,0.3063192550648216,0.030165139199889352,0.454158484455654,0.9859363729567544,0.8807970779778823
15,0,1.0,0.8,0.9666666666666667,1.0,1.0,1.0,1.0,1.1460329e-12,0.2681742899187261,0.042691480794179365,0.1,0.9859363729567544,0.8807970779778823
16,0,0.0,0.75,1.0,1.0,0.0,0.0,1.0,0.5843747,0.28392511522375347,0.019358775072002225,0.5806144576179795,0.9859363729567544,0.8807970779778823
17,0,1.0,0.8666666666666667,0.9833333333333333,1.0,1.0,1.0,1.0,0.00018349984,0.2708084845059934,0.031267439675123236,0.4730319837345803,0.9859363729567544,0.8807970779778823
18,0,1.0,0.8833333333333333,1.0,1.0,1.0,1.0,1.0,2.7722949e-24,0.2677384436447925,0.019509634255008106,0.1,0.9859363729567544,0.8807970779778823
19,0,1.0,0.8,1.0,1.0,1.0,1.0,1.0,1.8785358e-16,0.2850115631249533,0.019485300939007702,0.7928986293262459,0.9859363729567544,0.8807970779778823
20,0,1.0,0.75,0.9666666666666667,1.0,1.0,1.0,1.0,1.5745817e-10,0.3023494939779834,0.0427103588261604,0.6522351397991744,0.9859363729567544,0.8807970779778823
21,0,1.0,0.75,1.0,1.0,0.0,0.0,1.0,0.28808177,0.30239459666628293,0.024430396297403963,0.1,0.9859363729567544,0.8807970779778823
22,0,1.0,0.6833333333333333,1.0,1.0,1.0,1.0,1.0,0.01165851,0.3516182239624456,0.019674885468167938,0.3518750825811101,0.9859363729567544,0.8807970779778823
23,0,1.0,0.6,0.9833333333333333,1.0,1.0,1.0,1.0,2.4557574e-12,0.43500456727889997,0.030381930282931624,0.990732969851249,0.9859363729567544,0.8807970779778823
24,0,1.0,0.7166666666666667,1.0,1.0,1.0,1.0,1.0,1.5601433e-09,0.3388543933501026,0.019499407078530477,0.6882192184900471,0.9859363729567544,0.8807970779778823
25,0,0.0,0.6833333333333333,1.0,1.0,0.0,0.0,1.0,0.8440679,0.3548640508841794,0.01948470218362681,0.558416845077203,0.9859363729567544,0.8807970779778823
26,0,1.0,0.7666666666666667,0.9833333333333333,1.0,1.0,1.0,1.0,7.897356e-08,0.31214938428902056,0.0334217607214034,0.8562741877823105,0.9859363729567544,0.8807970779778823
27,0,1.0,0.65,1.0,1.0,1.0,1.0,1.0,6.700966e-16,0.37267696032534126,0.01971208880909981,0.1,0.9859363729567544,0.8807970779778823
28,0,1.0,0.7166666666666667,0.9666666666666667,1.0,1.0,1.0,1.0,7.897356e-08,0.32254131842415834,0.04555086926339207,0.8562741877823105,0.9859363729567544,0.8807970779778823
29,0,1.0,0.8833333333333333,0.9833333333333333,1.0,1.0,1.0,1.0,0.00041857635,0.24658173753363885,0.030224442493130842,0.21067405256036442,0.9859363729567544,0.8807970779778823
30,0,1.0,0.7666666666666667,1.0,1.0,1.0,1.0,1.0,6.338369e-17,0.2854490776636685,0.01973782146783013,0.9995724728089643,0.9859363729567544,0.8807970779778823
31,0,1.0,0.75,1.0,1.0,1.0,1.0,1.0,1.66778e-08,0.3247743519706425,0.019592390278276042,0.1,0.9859363729567544,0.8807970779778823
32,0,1.0,0.8666666666666667,1.0,1.0,1.0,1.0,1.0,0.049168583,0.23544392079686688,0.019438293707619705,0.11786903947151654,0.9859363729567544,0.8807970779778823
33,0,1.0,0.8,1.0,1.0,1.0,1.0,1.0,1.2015001e-15,0.29931247306240766,0.019626024546701586,0.1,0.9859363729567544,0.8807970779778823
34,0,1.0,0.85,0.9666666666666667,1.0,1.0,1.0,1.0,2.601314e-11,0.24178374587874257,0.041138321543669185,0.13624272333017856,0.9859363729567544,0.8807970779778823
35,0,1.0,0.8833333333333333,0.95,1.0,0.0,0.0,1.0,1.0986173e-13,0.4470297795546274,0.22141881858220777,0.27605559030944316,0.9859363729567544,0.8807970779778823
36,1,1.0,1.0,1.0,1.0,1.0,1.0,1.0,0.71187156,0.99999999999997,0.961116621192435,0.1553044434325077,0.9859363729567544,0.8807970779778823
37,1,1.0,1.0,1.0,1.0,1.0,1.0,1.0,0.9999999,0.99999999999997,0.9501166571188212,0.8838381689117344,0.9859363729567544,0.8807970779778823
38,1,0.0,1.0,1.0,1.0,0.0,0.0,1.0,1.511587e-08,0.99999999999997,0.9612541044646332,0.10848605137400197,0.9859363729567544,0.8807970779778823
39,1,0.0,1.0,0.9333333333333333,1.0,0.0,0.0,1.0,0.015351778,0.9999999999999664,0.8974387428073459,0.1,0.9859363729567544,0.8807970779778823
40,1,1.0,1.0,1.0,1.0,1.0,1.0,1.0,1.0,0.99999999999997,0.9552254565512295,0.9681271088537297,0.9859363729567544,0.8807970779778823
41,1,1.0,1.0,0.9666666666666667,1.0,1.0,1.0,1.0,0.9999443,0.99999999999997,0.9267416867302034,0.12746446929133737,0.9859363729567544,0.8807970779778823
42,1,1.0,1.0,0.9833333333333333,1.0,1.0,1.0,1.0,0.86205244,0.99999999999997,0.9461263331147014,0.3376381825423346,0.9859363729567544,0.8807970779778823
43,1,1.0,1.0,1.0,1.0,1.0,1.0,1.0,0.99394715,0.9999999999999397,0.9610888253917564,0.6517316042572915,0.9859363729567544,0.8807970779778823
44,1,1.0,1.0,1.0,1.0,1.0,1.0,1.0,0.99577254,0.99999999999997,0.960795126726287,0.967978510721893,0.9859363729567544,0.8807970779778823
45,1,1.0,1.0,0.9833333333333333,1.0,1.0,1.0,1.0,0.9999988,0.99999999999997,0.9467849365978535,0.3021424802126031,0.9859363729567544,0.8807970779778823
46,1,1.0,1.0,0.9833333333333333,1.0,1.0,1.0,1.0,0.9999076,0.99999999999997,0.9456912102891663,0.6402486413530317,0.9859363729567544,0.8807970779778823
47,1,1.0,1.0,1.0,1.0,1.0,1.0,1.0,1.0,0.99999999999997,0.9556455201581914,0.973701380931077,0.9859363729567544,0.8807970779778823
48,1,1.0,1.0,1.0,1.0,1.0,1.0,1.0,0.9999907,0.9999999999999697,0.9612752110114308,0.6812631768627311,0.9859363729567544,0.8807970779778823
49,1,1.0,1.0,0.9666666666666667,1.0,1.0,1.0,1.0,0.9998708,0.99999999999997,0.9268205197558648,0.9171636957063363,0.9859363729567544,0.8807970779778823
50,1,1.0,1.0,1.0,1.0,1.0,1.0,1.0,1.0,0.9999999999999668,0.9607899207882716,0.28789149320907753,0.9859363729567544,0.8807970779778823
51,1,0.0,1.0,1.0,1.0,0.0,0.0,1.0,6.56229e-08,0.9999999999999635,0.9385974982595477,0.10946661450129415,0.9859363729567544,0.8807970779778823
52,1,1.0,1.0,1.0,1.0,1.0,1.0,1.0,0.7400898,0.99999999999997,0.9552753201291406,0.41674236585636715,0.9859363729567544,0.8807970779778823
53,1,1.0,1.0,0.9833333333333333,1.0,1.0,1.0,1.0,1.0,0.99999999999997,0.9469239506146444,0.9920934280056112,0.9859363729567544,0.8807970779778823
54,1,1.0,1.0,0.9833333333333333,1.0,1.0,1.0,1.0,0.9327488,0.99999999999997,0.9468777076291468,0.1942631524553322,0.9859363729567544,0.8807970779778823
55,1,1.0,1.0,1.0,1.0,1.0,1.0,1.0,1.0,0.9999999999999678,0.9609588509729987,0.9738999461658987,0.9859363729567544,0.8807970779778823
56,1,0.0,1.0,0.9833333333333333,1.0,0.0,0.0,1.0,0.013876398,0.99999999999997,0.9409050800290086,0.26475130161980964,0.9859363729567544,0.8807970779778823
57,1,1.0,1.0,0.9666666666666667,1.0,1.0,1.0,1.0,1.0,0.99999999999997,0.9324999582321593,0.9648886175136271,0.9859363729567544,0.8807970779778823
58,1,1.0,1.0,0.9833333333333333,1.0,1.0,1.0,1.0,0.98872364,0.99999999999997,0.9470474149727983,0.21357414380545237,0.9859363729567544,0.8807970779778823
59,1,1.0,1.0,1.0,1.0,1.0,1.0,1.0,0.7817242,0.9999999999999674,0.9607245507973531,0.9072462809628445,0.9859363729567544,0.8807970779778823
60,1,1.0,1.0,1.0,1.0,1.0,1.0,1.0,0.9999994,0.9999999999999699,0.9499757840490867,0.829490294552617,0.9859363729567544,0.8807970779778823
61,1,0.0,1.0,1.0,1.0,0.0,0.0,1.0,0.0066812015,0.9999999999999697,0.95551061376486,0.5869261842791996,0.9859363729567544,0.8807970779778823
62,1,0.0,1.0,0.9666666666666667,1.0,0.0,0.0,1.0,0.00012562756,0.9999999999999699,0.9319190421086798,0.1,0.9859363729567544,0.8807970779778823
63,1,1.0,1.0,1.0,1.0,1.0,1.0,1.0,0.9296755,0.9999999999999614,0.9606417537904284,0.9710838986236592,0.9859363729567544,0.8807970779778823
64,1,1.0,1.0,0.9666666666666667,1.0,1.0,1.0,1.0,0.99999964,0.99999999999997,0.9324667418759957,0.19819513184636203,0.9859363729567544,0.8807970779778823
65,1,1.0,1.0,1.0,1.0,1.0,1.0,1.0,1.0,0.999999999999865,0.9610792131340623,0.9220078579861262,0.9859363729567544,0.8807970779778823
66,1,0.0,1.0,1.0,1.0,0.0,0.0,1.0,8.282427e-07,0.9999999999895091,0.961111389793294,0.14222053581572847,0.9859363729567544,0.8807970779778823
67,1,1.0,1.0,1.0,1.0,1.0,1.0,1.0,0.96589345,0.9999999999989713,0.960947252110492,0.2193308466397248,0.9859363729567544,0.8807970779778823
68,1,0.0,1.0,1.0,1.0,0.0,0.0,1.0,0.033638906,0.999999999999869,0.9609930104668986,0.2471523298993796,0.9859363729567544,0.8807970779778823
69,1,1.0,1.0,0.95,1.0,1.0,1.0,1.0,0.99625635,0.9999999999997476,0.9124551840590117,0.9966435136589296,0.9859363729567544,0.8807970779778823
70,1,0.0,1.0,0.9833333333333333,1.0,0.0,0.0,1.0,0.0024473674,0.9999999999999091,0.9409962617393248,0.16484318227539646,0.9859363729567544,0.8807970779778823
71,1,1.0,1.0,1.0,1.0,1.0,1.0,1.0,0.9999933,0.999999999999968,0.9611035689098378,0.9504592667381131,0.9859363729567544,0.8807970779778823
72,1,1.0,1.0,1.0,1.0,1.0,1.0,1.0,1.0,0.9999999999999681,0.9558388089053977,0.9362379287018224,0.9859363729567544,0.8807970779778823
73,1,1.0,1.0,1.0,1.0,1.0,1.0,1.0,1.0,0.9999999999999676,0.9612945672437189,0.9945367085218405,0.9859363729567544,0.8807970779778823
74,1,1.0,1.0,1.0,1.0,1.0,1.0,1.0,0.99894875,0.999999999999954,0.9609879269339398,0.1561881105089366,0.9859363729567544,0.8807970779778823
75,1,1.0,1.0,1.0,1.0,1.0,1.0,1.0,0.9999999,0.9999999999999691,0.9609369188224328,0.9842002216144067,0.9859363729567544,0.8807970779778823
76,1,1.0,1.0,0.9833333333333333,1.0,1.0,1.0,1.0,0.99999774,0.9999999999999564,0.9466877312349175,0.202255541285115,0.9859363729567544,0.8807970779778823
77,1,0.0,1.0,1.0,1.0,0.0,0.0,1.0,0.0018185611,0.9999999999999678,0.9612696427689329,0.2329042203047659,0.9859363729567544,0.8807970779778823
78,1,0.0,1.0,1.0,1.0,0.0,0.0,1.0,0.14978017,0.9999999965519225,0.9612434716092221,0.3054991466268482,0.9859363729567544,0.8807970779778823
79,1,1.0,1.0,1.0,1.0,1.0,1.0,1.0,0.99984074,0.999999999999969,0.96134972576188,0.7252782333946274,0.9859363729567544,0.8807970779778823
80,1,1.0,1.0,1.0,1.0,1.0,1.0,1.0,0.9990233,0.99999999999997,0.9555021647778397,0.6319004187058633,0.9859363729567544,0.8807970779778823
81,1,1.0,1.0,0.9833333333333333,1.0,1.0,1.0,1.0,0.99916196,0.99999999999997,0.946956826002197,0.1682408635476951,0.9859363729567544,0.8807970779778823
82,1,1.0,1.0,0.9666666666666667,1.0,1.0,1.0,1.0,0.99962425,0.99999999999997,0.9268793741797406,0.41521275564549165,0.9859363729567544,0.8807970779778823
83,1,1.0,1.0,1.0,1.0,1.0,1.0,1.0,1.0,0.9999999999835121,0.9557018736938372,0.9808944486873896,0.9859363729567544,0.8807970779778823
84,1,1.0,1.0,0.9833333333333333,1.0,1.0,1.0,1.0,1.0,0.9999999999999131,0.9410631514508734,0.7426037373333249,0.9859363729567544,0.8807970779778823
85,1,0.0,1.0,1.0,1.0,0.0,0.0,1.0,0.029453402,0.9999999999478829,0.9608186350540973,0.15568730533669647,0.9859363729567544,0.8807970779778823
86,1,1.0,1.0,1.0,1.0,1.0,1.0,1.0,0.6970017,0.999999999999969,0.9556896162663924,0.10162651340071192,0.9859363729567544,0.8807970779778823
87,1,1.0,1.0,1.0,1.0,1.0,1.0,1.0,0.99602485,0.9999999999999517,0.9552909189135228,0.18827932437272146,0.9859363729567544,0.8807970779778823
88,1,1.0,1.0,0.9666666666666667,1.0,1.0,1.0,1.0,0.9999994,0.9999999999999509,0.9271271896878464,0.7205023167507645,0.9859363729567544,0.8807970779778823
89,1,1.0,1.0,1.0,1.0,1.0,1.0,1.0,1.0,0.9999999999999631,0.9612324907677142,0.9827024396452833,0.9859363729567544,0.8807970779778823
90,1,1.0,1.0,0.9833333333333333,1.0,1.0,1.0,1.0,0.9987723,0.9999999999999676,0.9469253193340201,0.995815762541467,0.9859363729567544,0.8807970779778823
91,1,1.0,1.0,1.0,1.0,1.0,1.0,1.0,0.9999995,0.9999999999998102,0.9612891862279926,0.8756154174731611,0.9859363729567544,0.8807970779778823
92,1,1.0,1.0,0.9833333333333333,1.0,1.0,1.0,1.0,0.9999999,0.9999999999977895,0.9456487435153498,0.16077130236249393,0.9859363729567544,0.8807970779778823
93,1,1.0,1.0,1.0,1.0,1.0,1.0,1.0,1.0,0.9999999999999626,0.9609950677736309,0.6966141494816437,0.9859363729567544,0.8807970779778823
94,1,0.0,1.0,1.0,1.0,0.0,0.0,1.0,0.0004184108,0.9999999999999318,0.9609858291260376,0.23466765181219684,0.9859363729567544,0.8807970779778823
95,1,1.0,1.0,0.9666666666666667,1.0,1.0,1.0,1.0,0.9999999,0.9999999999983026,0.926702321009832,0.6236663866323502,0.9859363729567544,0.8807970779778823
96,1,0.0,1.0,1.0,1.0,0.0,0.0,1.0,4.202047e-11,0.9999999999827466,0.960845846684532,0.1,0.9859363729567544,0.8807970779778823
97,1,1.0,1.0,1.0,1.0,1.0,1.0,1.0,0.9997893,0.9999999999920283,0.9610148572685646,0.9989148678978335,0.9859363729567544,0.8807970779778823
98,1,1.0,1.0,0.9666666666666667,1.0,1.0,1.0,1.0,0.99999714,0.9999999999848154,0.93190211081669,0.9992929524252423,0.9859363729567544,0.8807970779778823
99,1,1.0,1.0,1.0,1.0,1.0,1.0,1.0,0.9998604,0.9999999999638944,0.9608199545374968,0.12636005798666647,0.9859363729567544,0.8807970779778823
100,1,1.0,1.0,0.9666666666666667,1.0,1.0,1.0,1.0,1.0,0.9999999999994365,0.9326597031215095,0.9568638582528629,0.9859363729567544,0.8807970779778823
101,1,1.0,1.0,0.9833333333333333,1.0,1.0,1.0,1.0,1.0,0.9999999999952516,0.946813162521714,0.5496327165916293,0.9859363729567544,0.8807970779778823
102,1,1.0,1.0,0.9833333333333333,1.0,1.0,1.0,1.0,0.71442086,0.999999999992358,0.9464637333281193,0.2783684881969406,0.9859363729567544,0.8807970779778823
103,1,1.0,1.0,1.0,1.0,1.0,1.0,1.0,1.0,0.9999999999811824,0.955679846159359,0.1442554932191652,0.9859363729567544,0.8807970779778823
104,1,1.0,1.0,1.0,1.0,1.0,1.0,1.0,0.99990046,0.9999999998104079,0.9610704012709904,0.14045552217628623,0.9859363729567544,0.8807970779778823
105,1,1.0,1.0,1.0,1.0,1.0,1.0,1.0,1.0,0.9999999943942388,0.9610984955229989,0.5153295330100781,0.9859363729567544,0.8807970779778823
106,1,0.0,0.9166666666666666,0.9666666666666667,1.0,0.0,0.0,1.0,0.19627094,0.9999999884800684,0.8906902767716197,0.10119096444439206,0.9859363729567544,0.8807970779778823
107,1,1.0,1.0,1.0,1.0,1.0,0.0,1.0,0.6221816,0.99999999999997,0.9940563965749682,0.22878561753558377,0.9859363729567544,0.8807970779778823
108,1,0.0,1.0,1.0,1.0,0.0,0.0,1.0,4.7548635e-11,0.99999999999997,0.9940558555497481,0.1,0.9859363729567544,0.8807970779778823
109,1,1.0,1.0,1.0,1.0,1.0,1.0,1.0,0.9009523,0.99999999999997,0.9940820336741097,0.17402215682731953,0.9859363729567544,0.8807970779778823
110,1,1.0,1.0,1.0,1.0,1.0,1.0,1.0,0.9999703,0.99999999999997,0.9855176341356094,0.13630983221320886,0.9859363729567544,0.8807970779778823
111,1,1.0,1.0,0.9833333333333333,1.0,1.0,1.0,1.0,0.971315,0.99999999999997,0.9789598829494676,0.7849507421831171,0.9859363729567544,0.8807970779778823
112,1,1.0,1.0,0.9833333333333333,1.0,1.0,1.0,1.0,1.0,0.99999999999997,0.9786286864070629,0.8784705424480276,0.9859363729567544,0.8807970779778823
113,1,1.0,1.0,1.0,1.0,1.0,1.0,1.0,1.0,0.99999999999997,0.9940491371368535,0.9992888013263823,0.9859363729567544,0.8807970779778823
114,1,1.0,1.0,1.0,1.0,1.0,1.0,1.0,0.8386565,0.99999999999997,0.9940759212713547,0.12989260380094145,0.9859363729567544,0.8807970779778823
115,1,1.0,1.0,1.0,1.0,1.0,1.0,1.0,0.9999995,0.99999999999997,0.9940574309137434,0.8756154174731611,0.9859363729567544,0.8807970779778823
116,1,1.0,1.0,0.9833333333333333,1.0,1.0,1.0,1.0,0.98682785,0.99999999999997,0.9785593318805896,0.1423031061774227,0.9859363729567544,0.8807970779778823
117,1,1.0,1.0,1.0,1.0,1.0,1.0,1.0,1.0,0.99999999999997,0.994044556998605,0.9573255200962936,0.9859363729567544,0.8807970779778823
118,1,0.0,1.0,0.95,1.0,0.0,0.0,1.0,2.8752157e-11,0.99999999999997,0.9479780049281019,0.19064880557792444,0.9859363729567544,0.8807970779778823
119,1,1.0,1.0,1.0,1.0,1.0,1.0,1.0,1.0,0.99999999999997,0.9909675234489346,0.9196175832437509,0.9859363729567544,0.8807970779778823
120,1,0.0,1.0,0.9666666666666667,1.0,0.0,0.0,1.0,5.2143713e-07,0.99999999999997,0.9640642773316679,0.3109953816060252,0.9859363729567544,0.8807970779778823
121,1,1.0,1.0,1.0,1.0,1.0,1.0,1.0,1.0,0.99999999999997,0.9909829101541341,0.7331541676205773,0.9859363729567544,0.8807970779778823
122,1,1.0,1.0,1.0,1.0,1.0,1.0,1.0,1.0,0.99999999999997,0.9909270170704922,0.7408851222515064,0.9859363729567544,0.8807970779778823
123,1,1.0,1.0,0.9833333333333333,1.0,1.0,1.0,1.0,0.9908941,0.9999999999999477,0.9791634496353366,0.1448332707106699,0.9859363729567544,0.8807970779778823
124,1,1.0,1.0,0.9833333333333333,1.0,1.0,1.0,1.0,1.0,0.99999999999997,0.9788811776752259,0.9962155936503875,0.9859363729567544,0.8807970779778823
125,1,1.0,1.0,1.0,1.0,1.0,1.0,1.0,0.99998736,0.9999999999999621,0.9910353453569879,0.6514062411203296,0.9859363729567544,0.8807970779778823
126,1,1.0,1.0,1.0,1.0,1.0,1.0,1.0,1.0,0.99999999999997,0.9882909718562133,0.9994148813246665,0.9859363729567544,0.8807970779778823
127,1,0.0,1.0,1.0,1.0,0.0,0.0,1.0,0.00064438104,0.99999999999997,0.9910584908184826,0.3253321580145229,0.9859363729567544,0.8807970779778823
128,1,1.0,1.0,1.0,1.0,1.0,1.0,1.0,1.0,0.99999999999997,0.9940546303236393,0.8879183076321016,0.9859363729567544,0.8807970779778823
129,1,0.0,0.7666666666666667,0.9833333333333333,1.0,0.0,0.0,1.0,1.4533386e-07,0.99999999999997,0.7480294136811275,0.12108087252116514,0.9859363729567544,0.8807970779778823
130,0,1.0,0.0,0.9666666666666667,1.0,0.0,0.0,1.0,2.720611e-11,0.9790642967218272,0.04130169948550856,0.9995806010728354,0.9859363729567544,0.8807970779778823
131,0,1.0,0.13333333333333333,0.9833333333333333,1.0,0.0,0.0,1.0,4.660711e-10,0.7531841526237467,0.03429816574996771,0.8639047017599346,0.9859363729567544,0.8807970779778823
132,0,1.0,0.55,1.0,1.0,0.0,1.0,1.0,1.6500316e-13,0.49925636097376563,0.0194048375446059,0.1,0.9859363729567544,0.8807970779778823
133,0,1.0,0.7833333333333333,0.9666666666666667,1.0,1.0,1.0,1.0,3.8550463e-10,0.3001184781944203,0.04309573871632661,0.1,0.9859363729567544,0.8807970779778823
134,0,1.0,0.85,0.9833333333333333,1.0,1.0,1.0,1.0,0.0020911896,0.23355890932018097,0.03008340556404236,0.648221453472931,0.9859363729567544,0.8807970779778823
135,0,1.0,0.7833333333333333,0.9833333333333333,1.0,1.0,1.0,1.0,1.7201692e-05,0.2850253357519171,0.03220788190127139,0.30116533677653956,0.9859363729567544,0.8807970779778823
136,0,1.0,0.7,1.0,1.0,1.0,1.0,1.0,4.4118372e-11,0.3196791037110028,0.022134623784534325,0.9143227252863834,0.9859363729567544,0.8807970779778823
137,0,1.0,0.8333333333333334,0.9666666666666667,1.0,1.0,1.0,1.0,1.9646604e-08,0.2749817345698966,0.04321099413900368,0.7448922795980507,0.9859363729567544,0.8807970779778823
138,0,1.0,0.8333333333333334,1.0,1.0,1.0,1.0,1.0,8.267238e-08,0.2848202946394727,0.022274127763145735,0.5538885054262787,0.9859363729567544,0.8807970779778823
139,0,1.0,0.75,1.0,1.0,1.0,1.0,1.0,5.831094e-11,0.3011610643137387,0.021910905893305063,0.8910931072315785,0.9859363729567544,0.8807970779778823
140,0,1.0,0.6833333333333333,1.0,1.0,1.0,1.0,1.0,0.0043289815,0.3430601723995897,0.01943901570898967,0.21726985342738578,0.9859363729567544,0.8807970779778823
141,0,1.0,0.7666666666666667,1.0,1.0,1.0,1.0,1.0,1.5844362e-05,0.30452978255216245,0.019550345380347747,0.4478362074018653,0.9859363729567544,0.8807970779778823
142,0,1.0,0.7333333333333333,1.0,1.0,1.0,1.0,1.0,1.0355342e-12,0.33694830374324614,0.019640370143582716,0.2499748066427335,0.9859363729567544,0.8807970779778823
143,0,1.0,0.7333333333333333,1.0,1.0,1.0,1.0,1.0,4.8228958e-05,0.34099055645676135,0.019507216088204195,0.5565763561380969,0.9859363729567544,0.8807970779778823
144,0,1.0,0.6666666666666666,1.0,1.0,1.0,1.0,1.0,0.016298562,0.3387531717784916,0.01962448926199002,0.5819534900497908,0.9859363729567544,0.8807970779778823
145,0,1.0,0.7666666666666667,1.0,1.0,1.0,1.0,1.0,3.3666e-19,0.2931644528838357,0.019700081491082155,0.1,0.9859363729567544,0.8807970779778823
146,0,1.0,0.8333333333333334,0.9833333333333333,1.0,1.0,1.0,1.0,7.2776443e-06,0.30041859417648287,0.03269902004487816,0.46330446303950984,0.9859363729567544,0.8807970779778823
147,0,0.0,0.6833333333333333,1.0,1.0,0.0,0.0,1.0,0.99442506,0.3412796166268964,0.01962408913239778,0.1574125423167248,0.9859363729567544,0.8807970779778823
148,0,1.0,0.85,0.9666666666666667,1.0,1.0,1.0,1.0,0.0018194554,0.24151009487916214,0.04248059354629711,0.6957094572770847,0.9859363729567544,0.8807970779778823
149,0,1.0,0.9,0.9833333333333333,1.0,1.0,1.0,1.0,1.3834929e-08,0.2306497840476091,0.03328951512838981,0.6055256442980415,0.9859363729567544,0.8807970779778823
150,0,1.0,0.7166666666666667,1.0,1.0,1.0,1.0,1.0,8.513639e-09,0.3238738583156697,0.022119113200000432,0.6325919439247499,0.9859363729567544,0.8807970779778823
151,0,1.0,0.6666666666666666,1.0,1.0,1.0,1.0,1.0,2.937958e-19,0.3722002853528215,0.019497760741380675,0.1,0.9859363729567544,0.8807970779778823
152,0,1.0,0.7333333333333333,1.0,1.0,1.0,1.0,1.0,0.013509481,0.35057585083670373,0.019465801010747096,0.8568247547274007,0.9859363729567544,0.8807970779778823
153,0,1.0,0.7833333333333333,1.0,1.0,1.0,1.0,1.0,1.460841e-09,0.3141225036742368,0.01958671198017399,0.9923468685010688,0.9859363729567544,0.8807970779778823
154,0,1.0,0.7166666666666667,0.9833333333333333,1.0,1.0,1.0,1.0,3.2485738e-13,0.35557102813452934,0.032356953473553864,0.4787185928571433,0.9859363729567544,0.8807970779778823
155,0,1.0,0.8833333333333333,0.9833333333333333,1.0,1.0,1.0,1.0,5.5164423e-15,0.2576312913894056,0.034050466578682076,0.1,0.9859363729567544,0.8807970779778823
156,0,1.0,0.8333333333333334,0.9666666666666667,1.0,1.0,1.0,1.0,0.0390779,0.2838378392727791,0.04288853711853898,0.8669252488375461,0.9859363729567544,0.8807970779778823
157,0,1.0,0.8833333333333333,1.0,1.0,1.0,1.0,1.0,0.0060254866,0.26342804482337506,0.022191057191381126,0.6957246331956898,0.9859363729567544,0.8807970779778823
158,0,1.0,0.85,0.95,1.0,1.0,1.0,1.0,0.00031435734,0.2862477016025219,0.05194021025737469,0.7113794801759885,0.9859363729567544,0.8807970779778823
159,0,1.0,0.85,1.0,1.0,1.0,1.0,1.0,6.11975e-07,0.2662736446790424,0.024361216574401233,0.1,0.9859363729567544,0.8807970779778823
160,0,1.0,0.8166666666666667,1.0,1.0,1.0,1.0,1.0,3.8954885e-12,0.28258735825097986,0.019712002249955618,0.8631632868036357,0.9859363729567544,0.8807970779778823
161,0,1.0,0.75,1.0,1.0,0.0,0.0,1.0,0.16361837,0.31305164046254613,0.02457052043949359,0.44360660770566573,0.9859363729567544,0.8807970779778823
162,0,0.0,0.8,0.9833333333333333,1.0,0.0,0.0,1.0,0.8440679,0.2935318372420292,0.032087416667893304,0.558416845077203,0.9859363729567544,0.8807970779778823
163,0,1.0,0.85,0.9833333333333333,1.0,1.0,1.0,1.0,0.11078715,0.28445741713726336,0.031008056688136422,0.1,0.9859363729567544,0.8807970779778823
164,0,1.0,0.85,1.0,1.0,1.0,1.0,1.0,1.3129836e-06,0.27174246149757664,0.026766140953452467,0.4047152221538953,0.9859363729567544,0.8807970779778823
165,0,1.0,0.8166666666666667,1.0,1.0,1.0,1.0,1.0,0.066602536,0.29255617115692717,0.01950054093102508,0.9817282049275142,0.9859363729567544,0.8807970779778823
166,0,1.0,0.6833333333333333,1.0,1.0,1.0,1.0,1.0,0.0003476385,0.41621568102281564,0.02202966138373863,0.9936376477326303,0.9859363729567544,0.8807970779778823
167,0,1.0,0.7666666666666667,1.0,1.0,1.0,1.0,1.0,1.0692812e-14,0.2920147416801078,0.01952620320182085,0.1,0.9859363729567544,0.8807970779778823
168,0,1.0,0.85,1.0,1.0,1.0,1.0,1.0,3.6163837e-07,0.2473538528460983,0.019537259639180078,0.5705248063790929,0.9859363729567544,0.8807970779778823
169,0,1.0,0.7,1.0,1.0,1.0,1.0,1.0,6.977717e-07,0.359383379178388,0.02230137804864422,0.8384499145517476,0.9859363729567544,0.8807970779778823
170,0,0.0,0.75,0.9833333333333333,1.0,0.0,0.0,1.0,0.5506522,0.34048907418426627,0.031425078027017,0.9935646920769414,0.9859363729567544,0.8807970779778823
171,0,0.0,0.7166666666666667,1.0,1.0,0.0,0.0,1.0,0.6898159,0.37770333440252907,0.022002159977315455,0.1294942904518499,0.9859363729567544,0.8807970779778823
172,0,1.0,0.8,1.0,1.0,1.0,1.0,1.0,7.2776443e-06,0.3069960783462745,0.01939764725163517,0.46330446303950984,0.9859363729567544,0.8807970779778823
173,0,1.0,0.6666666666666666,1.0,1.0,1.0,1.0,1.0,6.492412e-06,0.39265427501213246,0.01955903731913981,0.12575598482892544,0.9859363729567544,0.8807970779778823
174,0,1.0,0.8333333333333334,0.9833333333333333,1.0,1.0,1.0,1.0,2.7484322e-05,0.28842406303489376,0.0329342804902633,0.9397306151772803,0.9859363729567544,0.8807970779778823
175,0,1.0,0.85,1.0,1.0,1.0,1.0,1.0,6.8185696e-10,0.270311927483072,0.01948012506977469,0.8844881843282184,0.9859363729567544,0.8807970779778823
176,1,1.0,0.9833333333333333,0.9666666666666667,1.0,1.0,1.0,1.0,0.836523,0.9280635563172699,0.8603529166979594,0.14249221425707415,0.9859363729567544,0.8807970779778823
177,1,0.0,1.0,1.0,1.0,0.0,0.0,1.0,0.013876398,0.99999999999997,0.9911118014789528,0.26475130161980964,0.9859363729567544,0.8807970779778823
178,1,0.0,1.0,0.95,1.0,0.0,0.0,1.0,2.5227207e-09,0.99999999999997,0.9462083714189017,0.7017395020523571,0.9859363729567544,0.8807970779778823
179,1,1.0,1.0,1.0,1.0,1.0,1.0,1.0,1.0,0.99999999999997,0.9911002932824883,0.9357009258881801,0.9859363729567544,0.8807970779778823
180,1,1.0,1.0,1.0,1.0,1.0,1.0,1.0,0.98872364,0.99999999999997,0.9910840045133009,0.21357414380545237,0.9859363729567544,0.8807970779778823
181,1,1.0,1.0,1.0,1.0,1.0,1.0,1.0,0.99759775,0.99999999999997,0.9911088904873187,0.7257954102089368,0.9859363729567544,0.8807970779778823
182,1,0.0,1.0,0.9666666666666667,1.0,0.0,0.0,1.0,1.421677e-15,0.99999999999997,0.9579267107340236,0.1,0.9859363729567544,0.8807970779778823
183,1,1.0,1.0,1.0,1.0,1.0,1.0,1.0,1.0,0.99999999999997,0.9876689239507711,0.9443170559207965,0.9859363729567544,0.8807970779778823
184,1,1.0,1.0,0.9833333333333333,1.0,1.0,1.0,1.0,1.0,0.9999999999999699,0.9758218835621436,0.9726129041020711,0.9859363729567544,0.8807970779778823
185,1,1.0,1.0,1.0,1.0,1.0,1.0,1.0,0.9995827,0.99999999999997,0.9910225260144957,0.9973560396425522,0.9859363729567544,0.8807970779778823
186,1,0.0,1.0,1.0,1.0,0.0,0.0,1.0,0.48922864,0.99999999999997,0.9844098131419551,0.30395916309256726,0.9859363729567544,0.8807970779778823
187,1,1.0,1.0,1.0,1.0,1.0,1.0,1.0,0.9999944,0.99999999999997,0.9909916744869016,0.9533936930669863,0.9859363729567544,0.8807970779778823
188,1,1.0,1.0,1.0,1.0,1.0,1.0,1.0,1.0,0.99999999999997,0.9874859941679023,0.7426037373333249,0.9859363729567544,0.8807970779778823
189,1,0.0,1.0,0.9833333333333333,1.0,0.0,0.0,1.0,1.4533386e-07,0.99999999999997,0.9758149741162208,0.12108087252116514,0.9859363729567544,0.8807970779778823
190,1,1.0,1.0,0.9833333333333333,1.0,1.0,1.0,1.0,1.0,0.99999999999997,0.9764091411282697,0.9220078579861262,0.9859363729567544,0.8807970779778823
191,1,1.0,1.0,1.0,1.0,1.0,1.0,1.0,1.0,0.99999999999997,0.9872440120811313,0.9916966862777288,0.9859363729567544,0.8807970779778823
192,1,1.0,1.0,0.9833333333333333,1.0,1.0,1.0,1.0,0.9999393,0.99999999999997,0.9760656215539047,0.9954231066714642,0.9859363729567544,0.8807970779778823
193,1,0.0,1.0,1.0,1.0,0.0,0.0,1.0,0.3491314,0.99999999999997,0.9910628958360082,0.9469327561834919,0.9859363729567544,0.8807970779778823
194,1,1.0,1.0,1.0,1.0,1.0,1.0,1.0,1.0,0.9999999999999676,0.9910548455274923,0.8548356126276887,0.9859363729567544,0.8807970779778823
195,1,1.0,1.0,1.0,1.0,1.0,1.0,1.0,0.9989151,0.999999999999968,0.9910476335009382,0.21584119514094818,0.9859363729567544,0.8807970779778823
196,1,1.0,1.0,1.0,1.0,1.0,1.0,1.0,1.0,0.9999999999999695,0.9910426261932263,0.1,0.9859363729567544,0.8807970779778823
197,1,0.0,1.0,0.9833333333333333,1.0,0.0,0.0,1.0,0.00012700475,0.9999999999999384,0.9725779075010893,0.727873051951816,0.9859363729567544,0.8807970779778823
198,1,1.0,1.0,1.0,1.0,1.0,1.0,1.0,1.0,0.9999999999996216,0.9910409610901397,0.856473170140208,0.9859363729567544,0.8807970779778823
199,1,1.0,1.0,1.0,1.0,1.0,1.0,1.0,0.99999785,0.99999999999976,0.9875417537921621,0.9300857372754807,0.9859363729567544,0.8807970779778823
200,1,1.0,1.0,1.0,1.0,1.0,1.0,1.0,1.0,0.9999999999997742,0.991032922803038,0.9195239914129493,0.9859363729567544,0.8807970779778823
201,1,1.0,1.0,1.0,1.0,1.0,1.0,1.0,0.99999595,0.999999999999829,0.991033767766469,0.9081102027755578,0.9859363729567544,0.8807970779778823
202,1,1.0,1.0,0.9666666666666667,1.0,1.0,1.0,1.0,1.0,0.999999999999592,0.9611818170392588,0.9549767930208938,0.9859363729567544,0.8807970779778823
203,1,1.0,1.0,0.9833333333333333,1.0,1.0,1.0,1.0,1.0,0.999999999998557,0.9765058224101736,0.5777210258819228,0.9859363729567544,0.8807970779778823
204,1,1.0,1.0,1.0,1.0,1.0,1.0,1.0,0.961505,0.9999999999965645,0.987516060974669,0.30062988162286436,0.9859363729567544,0.8807970779778823
205,1,1.0,1.0,1.0,1.0,1.0,0.0,1.0,0.5584503,0.9999999999980488,0.9910556787294654,0.4715992309365008,0.9859363729567544,0.8807970779778823
206,1,1.0,1.0,0.9833333333333333,1.0,1.0,1.0,1.0,0.9871157,0.9999999999988618,0.976033318896297,0.15730476064378493,0.9859363729567544,0.8807970779778823
207,1,0.0,1.0,0.9833333333333333,1.0,0.0,0.0,1.0,1.048115e-15,0.9999999999996516,0.9762047030656427,0.1,0.9859363729567544,0.8807970779778823
208,1,1.0,1.0,1.0,1.0,1.0,1.0,1.0,0.99997663,0.9999999999994027,0.9874528392172223,0.21242714093767884,0.9859363729567544,0.8807970779778823
209,1,1.0,1.0,0.9833333333333333,1.0,1.0,1.0,1.0,1.0,0.9999999999994176,0.9755664906392899,0.9533166508928888,0.9859363729567544,0.8807970779778823
210,1,1.0,1.0,0.9833333333333333,1.0,1.0,1.0,1.0,1.0,0.9999999999999225,0.97268138273104,0.855790660946303,0.9859363729567544,0.8807970779778823
211,1,0.0,0.9666666666666667,0.9833333333333333,1.0,0.0,0.0,1.0,0.00185463,0.9822225207577774,0.9288230921321484,0.38568181937700163,0.9859363729567544,0.8807970779778823
212,0,1.0,0.6666666666666666,1.0,1.0,1.0,1.0,1.0,8.226679e-10,0.387224455760893,0.027334392850791207,0.6488631090261607,0.9859363729567544,0.8807970779778823
213,0,1.0,0.8333333333333334,1.0,1.0,1.0,1.0,1.0,3.778764e-05,0.2598053827429297,0.019444723979712985,0.6059806970350445,0.9859363729567544,0.8807970779778823
214,0,1.0,0.7833333333333333,1.0,1.0,1.0,1.0,1.0,7.1555206e-11,0.28492696571983284,0.019464463764145155,0.9983479005748218,0.9859363729567544,0.8807970779778823
215,0,1.0,0.85,1.0,1.0,1.0,1.0,1.0,1.48033e-08,0.275187552181212,0.0195801411074868,0.46137882858366813,0.9859363729567544,0.8807970779778823
216,0,1.0,0.8666666666666667,0.9833333333333333,1.0,1.0,1.0,1.0,1.7258608e-06,0.2770136668025723,0.03052642940012982,0.7334218147379561,0.9859363729567544,0.8807970779778823
217,0,1.0,0.75,1.0,1.0,1.0,1.0,1.0,1.3634991e-06,0.3086895243926136,0.01950529219625496,0.7821244953956773,0.9859363729567544,0.8807970779778823
218,0,1.0,0.8166666666666667,1.0,1.0,1.0,1.0,1.0,2.2568148e-13,0.28949020409489623,0.021761363216282786,0.29964464862260937,0.9859363729567544,0.8807970779778823
219,0,1.0,0.8333333333333334,0.9833333333333333,1.0,1.0,1.0,1.0,0.016298562,0.25901492980544405,0.03040816322738872,0.5819534900497908,0.9859363729567544,0.8807970779778823
220,0,1.0,0.7333333333333333,0.9833333333333333,1.0,1.0,1.0,1.0,1.7986378e-09,0.3447382046550321,0.035792595357664374,0.7107316997293109,0.9859363729567544,0.8807970779778823
221,0,1.0,0.8166666666666667,0.9833333333333333,1.0,1.0,1.0,1.0,9.6327385e-05,0.2652465830966536,0.03237307967776206,0.4013742748024144,0.9859363729567544,0.8807970779778823
222,0,1.0,0.7833333333333333,1.0,1.0,1.0,1.0,1.0,1.2704078e-15,0.3046952619682247,0.019320548738402995,0.1,0.9859363729567544,0.8807970779778823
223,0,1.0,0.8,1.0,1.0,1.0,1.0,1.0,0.0023253385,0.30152622657377803,0.02473214306814753,0.38847735511072023,0.9859363729567544,0.8807970779778823
224,0,1.0,0.7833333333333333,1.0,1.0,1.0,1.0,1.0,1.2952968e-06,0.3258694335700084,0.019698007997014617,0.3849866427581571,0.9859363729567544,0.8807970779778823
225,0,1.0,0.8833333333333333,0.9833333333333333,1.0,1.0,1.0,1.0,1.2940136e-13,0.24414766223671813,0.03136493601583604,0.1,0.9859363729567544,0.8807970779778823
226,0,1.0,0.8166666666666667,0.9666666666666667,1.0,1.0,1.0,1.0,6.0605767e-06,0.276453041048812,0.047919405446383366,0.45834507924740425,0.9859363729567544,0.8807970779778823
227,0,1.0,0.7833333333333333,1.0,1.0,1.0,1.0,1.0,3.7647706e-12,0.30391130856943926,0.024342758428816058,0.6626630155289214,0.9859363729567544,0.8807970779778823
228,0,1.0,0.8666666666666667,0.95,1.0,1.0,1.0,1.0,0.021320948,0.22385525463335867,0.05217538821540348,0.27413995397482904,0.9859363729567544,0.8807970779778823
229,0,1.0,0.8333333333333334,0.9833333333333333,1.0,1.0,1.0,1.0,3.226068e-06,0.2981980300098772,0.03387211623044277,0.9150848727097284,0.9859363729567544,0.8807970779778823
230,0,1.0,0.7,1.0,1.0,1.0,1.0,1.0,0.00093780155,0.3163396577641059,0.022077174449048297,0.3257694123994965,0.9859363729567544,0.8807970779778823
231,0,1.0,0.85,1.0,1.0,1.0,1.0,1.0,3.813864e-06,0.25172474301836567,0.024137471766450234,0.8552191291460735,0.9859363729567544,0.8807970779778823
232,0,1.0,0.75,1.0,1.0,1.0,1.0,1.0,8.204287e-10,0.30767968415092534,0.021845598032096215,0.5593734688345465,0.9859363729567544,0.8807970779778823
233,0,1.0,0.8333333333333334,0.9833333333333333,1.0,1.0,1.0,1.0,3.3555633e-10,0.2827639199813395,0.033004702741484225,0.8873241622093911,0.9859363729567544,0.8807970779778823
234,1,0.0,0.85,0.9666666666666667,0.0,0.0,0.0,1.0,0.013876398,0.671646591797146,0.49756449928056706,0.26475130161980964,0.9859363729567544,0.8807970779778823
235,1,0.0,1.0,1.0,1.0,0.0,0.0,1.0,0.008087729,0.9999999999956494,0.9765347576231147,0.10378500016936604,0.9859363729567544,0.8807970779778823
236,1,1.0,1.0,0.9833333333333333,1.0,1.0,1.0,1.0,0.9999999,0.9999999999962073,0.9613979824799137,0.9801973857244767,0.9859363729567544,0.8807970779778823
237,1,0.0,1.0,1.0,1.0,0.0,0.0,1.0,5.1733977e-08,0.9999999999982102,0.966556582314275,0.1,0.9859363729567544,0.8807970779778823
238,1,1.0,1.0,1.0,1.0,1.0,1.0,1.0,1.0,0.9999999999999526,0.9713101300925068,0.9530782233156165,0.9859363729567544,0.8807970779778823
239,1,1.0,1.0,1.0,1.0,1.0,1.0,1.0,1.0,0.9999999999999292,0.9715833187440158,0.9106662258955163,0.9859363729567544,0.8807970779778823
240,1,1.0,1.0,0.9666666666666667,1.0,1.0,1.0,1.0,1.0,0.9999999999995832,0.9476788848551524,0.4219363570919056,0.9859363729567544,0.8807970779778823
241,1,1.0,1.0,0.95,1.0,1.0,1.0,1.0,0.9998765,0.99999999999994,0.9276857038044782,0.8199408205521619,0.9859363729567544,0.8807970779778823
242,1,1.0,1.0,1.0,1.0,1.0,1.0,1.0,0.9999075,0.999999999999893,0.9713391405300935,0.23187256427684283,0.9859363729567544,0.8807970779778823
243,1,1.0,1.0,1.0,1.0,1.0,1.0,1.0,1.0,0.9999999999991989,0.9764052899016292,0.8879183076321016,0.9859363729567544,0.8807970779778823
244,1,1.0,1.0,1.0,1.0,1.0,1.0,1.0,0.999918,0.9999999999999681,0.9763248009779153,0.1,0.9859363729567544,0.8807970779778823
245,1,1.0,1.0,1.0,1.0,1.0,1.0,1.0,0.9999933,0.99999999999997,0.9762163357427575,0.9504592667381131,0.9859363729567544,0.8807970779778823
246,1,0.0,1.0,1.0,1.0,0.0,0.0,1.0,0.018616956,0.9999999999999674,0.9760761436147862,0.1,0.9859363729567544,0.8807970779778823
247,1,1.0,1.0,1.0,1.0,1.0,1.0,1.0,1.0,0.9999999999999273,0.9763699120236304,0.5472020695902652,0.9859363729567544,0.8807970779778823
248,1,1.0,1.0,1.0,1.0,1.0,1.0,1.0,0.9999951,0.9999999999998023,0.9762761053227288,0.17595841643437962,0.9859363729567544,0.8807970779778823
249,1,1.0,1.0,1.0,1.0,1.0,1.0,1.0,1.0,0.9999999999997338,0.9714594163892902,0.9675728042549555,0.9859363729567544,0.8807970779778823
250,1,0.0,1.0,1.0,1.0,0.0,0.0,1.0,0.013472446,0.9999999999993421,0.956848316370674,0.1380443524995785,0.9859363729567544,0.8807970779778823
251,1,1.0,1.0,1.0,1.0,1.0,1.0,1.0,0.99883944,0.9999999999893948,0.9763152658147164,0.5633716283365674,0.9859363729567544,0.8807970779778823
252,1,0.0,1.0,1.0,1.0,0.0,0.0,1.0,0.458126,0.9999999999907325,0.966026828959162,0.23947420737499897,0.9859363729567544,0.8807970779778823
253,1,1.0,1.0,1.0,1.0,1.0,1.0,1.0,1.0,0.9999999999942069,0.9709238818498581,0.9358452577411701,0.9859363729567544,0.8807970779778823
254,1,1.0,1.0,1.0,1.0,1.0,1.0,1.0,1.0,0.999999999999513,0.9762285618524713,0.9941703714736772,0.9859363729567544,0.8807970779778823
255,1,1.0,1.0,0.9833333333333333,1.0,1.0,1.0,1.0,0.99999917,0.9999999999988746,0.9517236465836553,0.9925016649172462,0.9859363729567544,0.8807970779778823
256,1,1.0,1.0,0.9833333333333333,1.0,1.0,1.0,1.0,0.9999883,0.9999999999996987,0.9563176757637748,0.17646908161424146,0.9859363729567544,0.8807970779778823
257,1,1.0,1.0,0.9833333333333333,1.0,1.0,1.0,1.0,1.0,0.9999999999996824,0.9569220260567383,0.7342895566477227,0.9859363729567544,0.8807970779778823
258,1,0.0,1.0,0.9833333333333333,1.0,0.0,0.0,1.0,0.004891158,0.9999999999999386,0.9617809811477822,0.6348163569486506,0.9859363729567544,0.8807970779778823
259,1,0.0,1.0,0.9833333333333333,1.0,0.0,0.0,1.0,4.688884e-06,0.9999999999994442,0.9614759119346531,0.1,0.9859363729567544,0.8807970779778823
260,1,1.0,1.0,1.0,1.0,1.0,1.0,1.0,0.9999999,0.9999999999999277,0.9715841625386455,0.9801973857244767,0.9859363729567544,0.8807970779778823
261,1,0.0,1.0,0.9666666666666667,1.0,0.0,0.0,1.0,0.08781779,0.999999999999969,0.947485812896585,0.11775277893279085,0.9859363729567544,0.8807970779778823
262,1,1.0,1.0,1.0,1.0,1.0,1.0,1.0,1.0,0.9999999999999699,0.9762039021661372,0.9070260233651917,0.9859363729567544,0.8807970779778823
263,1,0.0,1.0,1.0,1.0,0.0,0.0,1.0,5.08791e-08,0.99999999999997,0.9763958154385188,0.14090394898782765,0.9859363729567544,0.8807970779778823
264,1,0.0,1.0,0.9833333333333333,1.0,0.0,0.0,1.0,4.877126e-12,0.99999999999997,0.9612365920662537,0.1,0.9859363729567544,0.8807970779778823
265,1,1.0,1.0,1.0,1.0,1.0,1.0,1.0,1.0,0.99999999999997,0.9713677560337125,0.8879183076321016,0.9859363729567544,0.8807970779778823
266,1,1.0,1.0,1.0,1.0,1.0,1.0,1.0,0.9999896,0.99999999999997,0.971323721927058,0.9634440983790273,0.9859363729567544,0.8807970779778823
267,1,1.0,1.0,1.0,1.0,1.0,1.0,1.0,0.9999999,0.99999999999997,0.9711982045952766,0.9053214323484358,0.9859363729567544,0.8807970779778823
268,1,0.0,1.0,1.0,1.0,0.0,0.0,1.0,0.42409033,0.99999999999997,0.9762754210328185,0.8506302582605849,0.9859363729567544,0.8807970779778823
269,1,1.0,1.0,0.9833333333333333,1.0,1.0,1.0,1.0,0.99962425,0.99999999999997,0.961911697112265,0.41521275564549165,0.9859363729567544,0.8807970779778823
270,1,1.0,1.0,0.9833333333333333,1.0,1.0,1.0,1.0,0.99938583,0.99999999999997,0.9618315798107424,0.9257775594635477,0.9859363729567544,0.8807970779778823
271,1,0.0,1.0,0.9833333333333333,1.0,0.0,0.0,1.0,0.0066812015,0.99999999999997,0.9615436722986097,0.5869261842791996,0.9859363729567544,0.8807970779778823
272,1,1.0,1.0,1.0,1.0,1.0,1.0,1.0,0.9999751,0.99999999999997,0.9620652517418158,0.32622397816103305,0.9859363729567544,0.8807970779778823
273,1,1.0,1.0,1.0,1.0,1.0,1.0,1.0,0.9990233,0.99999999999997,0.9763943377304874,0.6319004187058633,0.9859363729567544,0.8807970779778823
274,1,1.0,1.0,0.9833333333333333,1.0,1.0,1.0,1.0,0.9948567,0.99999999999997,0.9569249678787547,0.1894791924097743,0.9859363729567544,0.8807970779778823
275,1,1.0,1.0,0.9833333333333333,1.0,1.0,1.0,1.0,1.0,0.99999999999997,0.9616260049778412,0.35259775831057294,0.9859363729567544,0.8807970779778823
276,1,1.0,1.0,1.0,1.0,1.0,1.0,1.0,1.0,0.99999999999997,0.9763166565875563,0.7600278647528214,0.9859363729567544,0.8807970779778823
277,1,1.0,1.0,1.0,1.0,1.0,1.0,1.0,1.0,0.99999999999997,0.9763214316152605,0.966830895448277,0.9859363729567544,0.8807970779778823
278,1,1.0,1.0,0.9833333333333333,1.0,1.0,1.0,1.0,1.0,0.99999999999997,0.9617989300164979,0.9874590252065659,0.9859363729567544,0.8807970779778823
279,1,1.0,1.0,0.9833333333333333,1.0,1.0,1.0,1.0,1.0,0.99999999999997,0.9563093363207656,0.9213250551949715,0.9859363729567544,0.8807970779778823
280,1,1.0,1.0,1.0,1.0,1.0,1.0,1.0,0.9999933,0.99999999999997,0.9762546392106487,0.9504592667381131,0.9859363729567544,0.8807970779778823
281,1,1.0,1.0,1.0,1.0,1.0,1.0,1.0,0.99978656,0.99999999999997,0.9761727254425127,0.977957952223614,0.9859363729567544,0.8807970779778823
282,1,1.0,1.0,1.0,1.0,1.0,0.0,1.0,0.6221816,0.99999999999997,0.9762633996827783,0.22878561753558377,0.9859363729567544,0.8807970779778823
283,1,1.0,1.0,1.0,1.0,1.0,1.0,1.0,1.0,0.99999999999997,0.9762310816831173,0.9573255200962936,0.9859363729567544,0.8807970779778823
284,1,0.0,1.0,0.95,1.0,0.0,0.0,1.0,9.82822e-06,0.99999999999997,0.9322612729885285,0.1003838954544549,0.9859363729567544,0.8807970779778823
285,1,1.0,1.0,1.0,1.0,1.0,1.0,1.0,1.0,0.99999999999997,0.9763707979004415,0.9195239914129493,0.9859363729567544,0.8807970779778823
286,1,0.0,1.0,0.9833333333333333,1.0,0.0,0.0,1.0,1.8440869e-07,0.99999999999997,0.9615178216546816,0.5865724890880728,0.9859363729567544,0.8807970779778823
287,1,1.0,1.0,0.9666666666666667,1.0,1.0,1.0,1.0,1.0,0.99999999999997,0.9473271135437299,0.7331541676205773,0.9859363729567544,0.8807970779778823
288,1,0.0,0.8833333333333333,1.0,1.0,0.0,0.0,1.0,0.00086219277,0.9774704758864069,0.8411593710453824,0.1,0.9859363729567544,0.8807970779778823
289,0,1.0,0.48333333333333334,1.0,1.0,0.0,1.0,1.0,1.1460329e-12,0.5012133104455466,0.019619573871233704,0.1,0.9859363729567544,0.8807970779778823
290,0,1.0,0.7833333333333333,1.0,1.0,1.0,1.0,1.0,1.7258608e-06,0.30245754698823735,0.021836668470286348,0.7334218147379561,0.9859363729567544,0.8807970779778823
291,0,0.0,0.7833333333333333,0.9833333333333333,1.0,0.0,0.0,1.0,0.9770205,0.3081042773599739,0.034630982964608065,0.4868960919446668,0.9859363729567544,0.8807970779778823
292,0,1.0,0.85,1.0,1.0,1.0,1.0,1.0,5.016874e-05,0.27159913889049125,0.0195071938688652,0.5922995210573916,0.9859363729567544,0.8807970779778823
293,0,1.0,0.8333333333333334,1.0,1.0,1.0,1.0,1.0,1.7133832e-14,0.2692427959447659,0.01949180850924518,0.1,0.9859363729567544,0.8807970779778823
294,0,1.0,0.8666666666666667,0.9833333333333333,1.0,1.0,1.0,1.0,9.172585e-11,0.23848284915924778,0.030233492376181743,0.6323972650687671,0.9859363729567544,0.8807970779778823
295,0,1.0,0.7833333333333333,1.0,1.0,1.0,1.0,1.0,0.0004469301,0.3074560618129304,0.019445902310904713,0.33701683409839084,0.9859363729567544,0.8807970779778823
296,0,1.0,0.8166666666666667,1.0,1.0,1.0,1.0,1.0,0.00041857635,0.27952577367914644,0.01958989370873727,0.21067405256036442,0.9859363729567544,0.8807970779778823
297,0,1.0,0.8166666666666667,0.9666666666666667,1.0,1.0,1.0,1.0,1.3957638e-13,0.2944713663750261,0.045368646499013864,0.1,0.9859363729567544,0.8807970779778823
298,0,1.0,0.7166666666666667,0.9833333333333333,1.0,1.0,1.0,1.0,1.5232426e-07,0.35407455135124777,0.03332646126261714,0.3088624423857473,0.9859363729567544,0.8807970779778823
299,0,1.0,0.9333333333333333,1.0,1.0,1.0,1.0,1.0,0.00013495635,0.23995016570584538,0.019610146634282313,0.4817989518950088,0.9859363729567544,0.8807970779778823
300,0,1.0,0.85,1.0,1.0,1.0,1.0,1.0,1.5733084e-18,0.26268925224252737,0.019500031788158297,0.21867171207152672,0.9859363729567544,0.8807970779778823
301,0,1.0,0.8333333333333334,1.0,1.0,1.0,1.0,1.0,0.000108053464,0.277953705281992,0.021708345365152443,0.3117111650033674,0.9859363729567544,0.8807970779778823
302,0,1.0,0.8666666666666667,1.0,1.0,1.0,1.0,1.0,5.4369895e-07,0.27596709579199563,0.022128710208845773,0.6007528886600109,0.9859363729567544,0.8807970779778823
303,0,1.0,0.8666666666666667,1.0,1.0,1.0,1.0,1.0,0.0023591153,0.2631529218784621,0.019530440384679004,0.7768474773908984,0.9859363729567544,0.8807970779778823
304,0,1.0,0.85,1.0,1.0,1.0,1.0,1.0,1.5879484e-14,0.2565455326881389,0.019402757762809936,0.1,0.9859363729567544,0.8807970779778823
305,0,0.0,0.7666666666666667,0.9833333333333333,1.0,0.0,0.0,1.0,0.66243154,0.30622237892064186,0.03410425806877176,0.3410329918314984,0.9859363729567544,0.8807970779778823
306,0,1.0,0.7833333333333333,1.0,1.0,1.0,1.0,1.0,2.0553487e-19,0.2956751001236224,0.021817847786791685,0.1404339359193425,0.9859363729567544,0.8807970779778823
307,0,1.0,0.9,1.0,1.0,1.0,1.0,1.0,6.5455735e-13,0.22621843410886117,0.021911466426727196,0.9981573612676194,0.9859363729567544,0.8807970779778823
308,0,1.0,0.6166666666666667,1.0,1.0,1.0,1.0,1.0,9.952571e-06,0.4106825340296061,0.01937274244269648,0.6639584930472434,0.9859363729567544,0.8807970779778823
309,0,1.0,0.7833333333333333,1.0,1.0,1.0,1.0,1.0,4.635644e-08,0.31135376566418616,0.019511820271370488,0.9207916290402045,0.9859363729567544,0.8807970779778823
310,0,1.0,0.8,1.0,1.0,1.0,1.0,1.0,7.520231e-07,0.34106414206564944,0.021920011849967037,0.8257094907412159,0.9859363729567544,0.8807970779778823
311,0,1.0,0.7666666666666667,0.9833333333333333,1.0,1.0,1.0,1.0,1.415326e-06,0.2746377613272664,0.03084405158131585,0.1343116605430126,0.9859363729567544,0.8807970779778823
312,0,1.0,0.7166666666666667,1.0,1.0,1.0,1.0,1.0,4.5701498e-05,0.3163173733837045,0.0196011061907898,0.4959032494547771,0.9859363729567544,0.8807970779778823
313,0,1.0,0.8833333333333333,1.0,1.0,1.0,1.0,1.0,0.0011557995,0.2210217642751417,0.021808839332586285,0.7632827925535658,0.9859363729567544,0.8807970779778823
314,0,1.0,0.7333333333333333,0.9833333333333333,1.0,1.0,1.0,1.0,0.0050817872,0.31707383018368424,0.032749929701103346,0.530765628395457,0.9859363729567544,0.8807970779778823
315,0,1.0,0.9,0.9666666666666667,1.0,1.0,1.0,1.0,7.3384316e-09,0.23739599190915625,0.04440728672299201,0.5350391492400983,0.9859363729567544,0.8807970779778823
316,0,1.0,0.75,1.0,1.0,1.0,1.0,1.0,0.000115696486,0.31170036531792367,0.021803182929534533,0.4460416405087717,0.9859363729567544,0.8807970779778823
317,0,1.0,0.8833333333333333,1.0,1.0,0.0,0.0,1.0,0.32389188,0.24383157423999785,0.019530113676590414,0.5062960643564569,0.9859363729567544,0.8807970779778823
318,0,1.0,0.8166666666666667,0.9833333333333333,1.0,0.0,0.0,1.0,1.9784902e-07,0.4675082794651164,0.2716473547733072,0.36076648085237945,0.9859363729567544,0.8807970779778823
319,1,0.0,1.0,0.9833333333333333,1.0,0.0,0.0,1.0,0.0671752,0.99999999999997,0.9710459591142049,0.21195968584678135,0.9859363729567544,0.8807970779778823
320,1,1.0,1.0,1.0,1.0,1.0,1.0,1.0,0.8693325,0.99999999999997,0.9825470700760711,0.1030946028680714,0.9859363729567544,0.8807970779778823
321,1,0.0,1.0,0.9833333333333333,1.0,0.0,0.0,1.0,1.8572707e-19,0.99999999999997,0.9718753761305831,0.1,0.9859363729567544,0.8807970779778823
322,1,1.0,1.0,1.0,1.0,1.0,1.0,1.0,1.0,0.99999999999997,0.9821527433592383,0.8879183076321016,0.9859363729567544,0.8807970779778823
323,1,0.0,1.0,0.9833333333333333,1.0,0.0,0.0,1.0,0.00015276353,0.99999999999997,0.9717201491372633,0.48713695255563666,0.9859363729567544,0.8807970779778823
324,1,1.0,1.0,0.9833333333333333,1.0,1.0,1.0,1.0,1.0,0.99999999999997,0.9675462951275479,0.9753512958733244,0.9859363729567544,0.8807970779778823
325,1,0.0,1.0,0.9833333333333333,1.0,0.0,0.0,1.0,4.2355598e-08,0.99999999999997,0.9712170620340442,0.1,0.9859363729567544,0.8807970779778823
326,1,1.0,1.0,0.9833333333333333,1.0,1.0,1.0,1.0,1.0,0.99999999999997,0.9630923487987849,0.7466034304968518,0.9859363729567544,0.8807970779778823
327,0,1.0,0.5333333333333333,0.9833333333333333,1.0,0.0,0.0,0.0,1.13119916e-10,0.8894859100500535,0.4554066847190843,0.17020826521087878,0.9859363729567544,0.8807970779778823
328,1,1.0,0.9666666666666667,0.9833333333333333,1.0,1.0,1.0,1.0,1.0,0.9513318001163446,0.8762895592677157,0.35259775831057294,0.9859363729567544,0.8807970779778823
329,1,1.0,1.0,1.0,1.0,1.0,1.0,1.0,1.0,0.999999999999701,0.9645399204820287,0.5045540606014867,0.9859363729567544,0.8807970779778823
330,1,1.0,1.0,0.9833333333333333,1.0,1.0,1.0,1.0,0.9999279,0.9999999999999677,0.9500361352053298,0.5415720054416687,0.9859363729567544,0.8807970779778823
331,1,1.0,1.0,0.9833333333333333,1.0,1.0,1.0,1.0,0.958468,0.9999999999999408,0.9503141226582411,0.13254528295156479,0.9859363729567544,0.8807970779778823
332,1,1.0,1.0,0.9666666666666667,1.0,1.0,1.0,1.0,1.0,0.9999999999999605,0.930525807587998,0.36372396486182157,0.9859363729567544,0.8807970779778823
333,1,1.0,1.0,0.9833333333333333,1.0,1.0,1.0,1.0,1.0,0.9999999999999556,0.9436372906158313,0.9597591478274841,0.9859363729567544,0.8807970779778823
334,1,0.0,1.0,1.0,1.0,0.0,0.0,1.0,1.8257907e-14,0.99999999999997,0.9585878754892224,0.1,0.9859363729567544,0.8807970779778823
335,1,1.0,1.0,0.9666666666666667,1.0,1.0,1.0,1.0,0.98872364,0.99999999999997,0.9356183183908613,0.21357414380545237,0.9859363729567544,0.8807970779778823
336,1,1.0,1.0,1.0,1.0,1.0,1.0,1.0,0.9999821,0.9999999999999699,0.9648567848893076,0.3852828418934244,0.9859363729567544,0.8807970779778823
337,1,1.0,1.0,1.0,1.0,1.0,1.0,1.0,0.9999279,0.999999999999966,0.9639675623385056,0.5415720054416687,0.9859363729567544,0.8807970779778823
338,1,1.0,1.0,1.0,1.0,1.0,1.0,1.0,0.9327488,0.9999999999999699,0.9645748236231753,0.1942631524553322,0.9859363729567544,0.8807970779778823
339,1,0.0,1.0,1.0,1.0,0.0,0.0,1.0,0.002473277,0.9999999999999666,0.9645509183771692,0.24449597281565444,0.9859363729567544,0.8807970779778823
340,1,0.0,1.0,0.9833333333333333,1.0,0.0,0.0,1.0,0.029453402,0.9999999999999392,0.9497457372078252,0.15568730533669647,0.9859363729567544,0.8807970779778823
341,1,1.0,1.0,0.9833333333333333,1.0,1.0,1.0,1.0,1.0,0.99999999999997,0.9443016899752049,0.9949284418559003,0.9859363729567544,0.8807970779778823
342,1,1.0,1.0,0.9833333333333333,1.0,1.0,1.0,1.0,1.0,0.9999999999999548,0.9336274346072259,0.21069117809158744,0.9859363729567544,0.8807970779778823
343,1,1.0,1.0,1.0,1.0,1.0,1.0,1.0,0.99989605,0.9999999999999556,0.9533420119322892,0.10761177926671764,0.9859363729567544,0.8807970779778823
344,1,0.0,1.0,0.9833333333333333,1.0,0.0,0.0,1.0,0.3970947,0.9999999999997063,0.9395708572400665,0.2733217828766845,0.9859363729567544,0.8807970779778823
345,0,1.0,0.36666666666666664,0.9833333333333333,1.0,0.0,0.0,1.0,1.247679e-05,0.648822454493203,0.11002383649857043,0.7296067005718879,0.9859363729567544,0.8807970779778823
346,0,1.0,0.7333333333333333,0.9666666666666667,1.0,1.0,1.0,1.0,1.30943815e-11,0.3180998182182872,0.041484305604753864,0.24005162222771725,0.9859363729567544,0.8807970779778823
347,0,1.0,0.7833333333333333,0.9833333333333333,1.0,1.0,1.0,1.0,0.018113801,0.2564120892057645,0.03442525679689469,0.5887966410520301,0.9859363729567544,0.8807970779778823
348,0,1.0,0.7666666666666667,1.0,1.0,1.0,1.0,1.0,8.582503e-10,0.28124115938192057,0.01953351344633267,0.1,0.9859363729567544,0.8807970779778823
349,0,1.0,0.8166666666666667,1.0,1.0,1.0,1.0,1.0,5.75654e-05,0.2728480364984416,0.019512655448632118,0.4589922634380053,0.9859363729567544,0.8807970779778823
350,0,1.0,0.7333333333333333,1.0,1.0,1.0,1.0,1.0,0.011890767,0.3397047808069773,0.01957936686400248,0.4765255658916317,0.9859363729567544,0.8807970779778823
351,0,1.0,0.8,0.9833333333333333,1.0,1.0,1.0,1.0,0.0147019,0.28454557621032256,0.031682978185281624,0.1,0.9859363729567544,0.8807970779778823
352,0,1.0,0.8666666666666667,0.9833333333333333,1.0,1.0,1.0,1.0,3.114342e-13,0.2338549037413278,0.030356324599803593,0.925942339002596,0.9859363729567544,0.8807970779778823
353,0,1.0,0.8,0.9833333333333333,1.0,1.0,1.0,1.0,4.4119344e-09,0.27971883153582994,0.0326347827232156,0.4056585607878658,0.9859363729567544,0.8807970779778823
354,0,1.0,0.85,0.9833333333333333,1.0,1.0,1.0,1.0,1.2866852e-08,0.2567661394071496,0.03228191990493855,0.7020383266310988,0.9859363729567544,0.8807970779778823
355,0,1.0,0.8166666666666667,0.9833333333333333,1.0,1.0,1.0,1.0,3.2485738e-13,0.32286408303756975,0.030440318281142756,0.4787185928571433,0.9859363729567544,0.8807970779778823
356,0,1.0,0.7833333333333333,1.0,1.0,1.0,1.0,1.0,0.0001114667,0.28942983828212726,0.02190382944190821,0.39158360260763053,0.9859363729567544,0.8807970779778823
357,0,1.0,0.7,0.9833333333333333,1.0,0.0,0.0,1.0,0.21274896,0.322500980377292,0.03204451051931095,0.8321817704795554,0.9859363729567544,0.8807970779778823
358,0,1.0,0.85,1.0,1.0,1.0,1.0,1.0,6.9482473e-07,0.25162671803559405,0.01949320663884211,0.24404988823786672,0.9859363729567544,0.8807970779778823
359,0,1.0,0.75,1.0,1.0,1.0,1.0,1.0,3.1949657e-13,0.3132910468733356,0.019319417464022423,0.1,0.9859363729567544,0.8807970779778823
360,0,1.0,0.9,0.9833333333333333,1.0,0.0,0.0,1.0,0.2667443,0.2542154739767904,0.030097398240584158,0.5944428703969097,0.9859363729567544,0.8807970779778823
361,0,1.0,0.7333333333333333,1.0,1.0,1.0,1.0,1.0,0.035262357,0.32357280517454695,0.01959621975300244,0.2942610844747303,0.9859363729567544,0.8807970779778823
362,0,1.0,0.7666666666666667,0.9833333333333333,1.0,0.0,0.0,1.0,0.17198387,0.2986129265292254,0.02947141798287884,0.6184355399567282,0.9859363729567544,0.8807970779778823
363,0,1.0,0.7833333333333333,0.9833333333333333,1.0,1.0,1.0,1.0,8.692611e-06,0.30977531395612684,0.029965170000169048,0.5763553307641152,0.9859363729567544,0.8807970779778823
364,0,1.0,0.8333333333333334,1.0,1.0,1.0,1.0,1.0,1.8645537e-12,0.235006042155013,0.022053885744596782,0.2500515813178396,0.9859363729567544,0.8807970779778823
365,0,1.0,0.75,1.0,1.0,1.0,1.0,1.0,0.00028423002,0.35623960536416277,0.019550816062763713,0.603272091288685,0.9859363729567544,0.8807970779778823
366,0,1.0,0.7666666666666667,1.0,1.0,1.0,1.0,1.0,0.033788208,0.3010861698584425,0.01960507533272289,0.6166685503270155,0.9859363729567544,0.8807970779778823
367,0,0.0,0.85,0.9833333333333333,1.0,0.0,0.0,1.0,0.9906641,0.2943265641981642,0.03188167330408828,0.9940228398292555,0.9859363729567544,0.8807970779778823
368,0,1.0,0.8333333333333334,1.0,1.0,1.0,1.0,1.0,2.9976393e-13,0.2549688887341023,0.019565419690199547,0.9997603558322449,0.9859363729567544,0.8807970779778823
369,0,1.0,0.85,1.0,1.0,1.0,1.0,1.0,8.8788164e-11,0.2750693733338005,0.02189930795631577,0.8254941005214019,0.9859363729567544,0.8807970779778823
370,0,1.0,0.8,1.0,1.0,1.0,1.0,1.0,0.05074334,0.3012461327711236,0.0220526474055287,0.22939784301468022,0.9859363729567544,0.8807970779778823
371,0,1.0,0.8,0.9833333333333333,1.0,1.0,1.0,1.0,3.783921e-06,0.3176916104974233,0.03217341788671211,0.9471858063913096,0.9859363729567544,0.8807970779778823
372,0,1.0,0.7166666666666667,1.0,1.0,1.0,1.0,1.0,2.0390452e-09,0.3772235544127119,0.019524049188211122,0.7520925545518008,0.9859363729567544,0.8807970779778823
373,0,1.0,0.8666666666666667,1.0,1.0,1.0,1.0,1.0,2.985549e-09,0.24692133288119347,0.019506261533295943,0.800986505551221,0.9859363729567544,0.8807970779778823
374,0,1.0,0.8333333333333334,1.0,1.0,1.0,1.0,1.0,2.3725595e-05,0.2545351657992504,0.01953933659973097,0.6498250224964531,0.9859363729567544,0.8807970779778823
375,0,1.0,0.7666666666666667,0.9833333333333333,1.0,1.0,1.0,1.0,5.2907545e-10,0.30910853968488894,0.033664542340807006,0.8682931199286288,0.9859363729567544,0.8807970779778823
376,0,1.0,0.75,1.0,1.0,1.0,1.0,1.0,0.0390779,0.3081592722063987,0.019408993591585013,0.8669252488375461,0.9859363729567544,0.8807970779778823
377,0,1.0,0.7833333333333333,0.9833333333333333,1.0,1.0,1.0,1.0,1.6231495e-13,0.31415081793859334,0.03271061195171792,0.9998165512264252,0.9859363729567544,0.8807970779778823
378,0,1.0,0.7833333333333333,0.9833333333333333,1.0,1.0,1.0,1.0,1.080388e-07,0.26913289774672344,0.030807324922224603,0.6588669120242416,0.9859363729567544,0.8807970779778823
379,0,1.0,0.6833333333333333,1.0,1.0,1.0,1.0,1.0,0.029257063,0.3678864967011027,0.022159292734440696,0.6499876818218233,0.9859363729567544,0.8807970779778823
380,1,0.0,0.8833333333333333,1.0,1.0,0.0,0.0,1.0,6.185682e-06,0.7692996898173909,0.6333481218747685,0.1806984177523801,0.9859363729567544,0.8807970779778823
381,1,1.0,1.0,0.9666666666666667,1.0,1.0,1.0,1.0,1.0,0.9999999999999682,0.9297939748997864,0.9592459720128048,0.9859363729567544,0.8807970779778823
382,1,1.0,1.0,1.0,1.0,1.0,1.0,1.0,1.0,0.9999999999999678,0.9638222772920363,0.7863544334233451,0.9859363729567544,0.8807970779778823
383,1,1.0,1.0,0.9833333333333333,1.0,1.0,1.0,1.0,1.0,0.999999999999753,0.9489068061435671,0.7426037373333249,0.9859363729567544,0.8807970779778823
384,1,1.0,1.0,0.9833333333333333,1.0,1.0,1.0,1.0,0.99963605,0.999999999903037,0.9489795005458108,0.9635762775045404,0.9859363729567544,0.8807970779778823
385,1,1.0,1.0,0.9666666666666667,1.0,1.0,1.0,1.0,0.99978405,0.9999999999114461,0.9346278166834522,0.4905415595199729,0.9859363729567544,0.8807970779778823
386,1,0.0,1.0,1.0,1.0,0.0,0.0,1.0,1.3410914e-15,0.9999999988361099,0.9638523268824087,0.1,0.9859363729567544,0.8807970779778823
387,1,1.0,1.0,1.0,1.0,1.0,1.0,1.0,0.8736734,0.9999999998152168,0.9581309901442904,0.1779084922983052,0.9859363729567544,0.8807970779778823
388,1,0.0,1.0,1.0,1.0,0.0,0.0,1.0,1.8693529e-13,0.9999999999805148,0.9636742502101415,0.1,0.9859363729567544,0.8807970779778823
389,1,0.0,1.0,0.9833333333333333,1.0,0.0,0.0,1.0,1.9478125e-06,0.9999999999735584,0.9492000322017609,0.6156398781479044,0.9859363729567544,0.8807970779778823
390,1,1.0,1.0,0.9833333333333333,1.0,1.0,1.0,1.0,0.9999995,0.9999999999942741,0.9491935642546635,0.8981003350632393,0.9859363729567544,0.8807970779778823
391,1,1.0,1.0,0.9833333333333333,1.0,0.0,0.0,1.0,0.5584503,0.999999999971374,0.9434750883523321,0.4715992309365008,0.9859363729567544,0.8807970779778823
392,1,1.0,1.0,1.0,1.0,1.0,1.0,1.0,0.999998,0.9999999999949265,0.9636541228825937,0.8019341778635344,0.9859363729567544,0.8807970779778823
393,1,0.0,1.0,1.0,1.0,0.0,0.0,1.0,0.0003057393,0.999999999997683,0.9633546861189896,0.11429712143452582,0.9859363729567544,0.8807970779778823
394,1,1.0,1.0,0.9833333333333333,1.0,1.0,1.0,1.0,0.99343103,0.9999999999996848,0.9494424196359604,0.781446129778931,0.9859363729567544,0.8807970779778823
395,1,1.0,1.0,0.9833333333333333,1.0,1.0,1.0,1.0,1.0,0.999999999999875,0.9488445993878565,0.8610554893434815,0.9859363729567544,0.8807970779778823
396,1,1.0,1.0,0.9666666666666667,1.0,1.0,1.0,1.0,0.95106345,0.99999999999997,0.9297681735115934,0.3101899788112599,0.9859363729567544,0.8807970779778823
397,1,0.0,1.0,1.0,1.0,0.0,0.0,1.0,0.023090921,0.9999999999999664,0.9636672304284839,0.10308289897743018,0.9859363729567544,0.8807970779778823
398,1,1.0,1.0,0.9833333333333333,1.0,1.0,1.0,1.0,1.0,0.99999999999997,0.9489794819212155,0.8711252646986147,0.9859363729567544,0.8807970779778823
399,1,1.0,1.0,0.9833333333333333,1.0,1.0,1.0,1.0,0.9004552,0.9999999999999659,0.9495382554447893,0.13462462607323733,0.9859363729567544,0.8807970779778823
400,1,1.0,1.0,1.0,1.0,1.0,1.0,1.0,0.99752337,0.9999999999999687,0.9528380159966797,0.16284030407277267,0.9859363729567544,0.8807970779778823
401,1,1.0,1.0,0.9666666666666667,1.0,1.0,1.0,1.0,0.7817242,0.9999999999999695,0.9350601050631011,0.9072462809628445,0.9859363729567544,0.8807970779778823
402,1,1.0,1.0,0.9833333333333333,1.0,1.0,1.0,1.0,1.0,0.9999999999999696,0.9494440899124015,0.6014936674175813,0.9859363729567544,0.8807970779778823
403,1,1.0,1.0,0.9833333333333333,1.0,1.0,1.0,1.0,0.999918,0.9999999999999695,0.9494034446879925,0.1,0.9859363729567544,0.8807970779778823
404,1,0.0,1.0,0.9333333333333333,1.0,0.0,0.0,1.0,0.13629387,0.99999999999997,0.9069279521810814,0.15439750400110286,0.9859363729567544,0.8807970779778823
405,1,1.0,0.9166666666666666,0.9833333333333333,1.0,1.0,1.0,1.0,0.99883944,0.9885749722455515,0.864016708073578,0.5633716283365674,0.9859363729567544,0.8807970779778823
406,1,1.0,1.0,1.0,1.0,1.0,1.0,1.0,0.996851,0.99999999999997,0.9517799841901855,0.21085373068681304,0.9859363729567544,0.8807970779778823
407,1,1.0,1.0,0.9833333333333333,1.0,1.0,1.0,1.0,0.9999025,0.99999999999997,0.9432656329145478,0.9347296828864192,0.9859363729567544,0.8807970779778823
408,1,0.0,1.0,0.9833333333333333,1.0,0.0,0.0,1.0,3.0266167e-10,0.99999999999997,0.9490913431574051,0.1,0.9859363729567544,0.8807970779778823
409,1,1.0,1.0,1.0,1.0,1.0,1.0,1.0,0.9999999,0.9999999999999695,0.957589568099015,0.7721653056359495,0.9859363729567544,0.8807970779778823
410,1,1.0,1.0,0.9666666666666667,1.0,1.0,1.0,1.0,0.9999443,0.999999999999969,0.9237391152892761,0.12746446929133737,0.9859363729567544,0.8807970779778823
411,1,0.0,1.0,0.9833333333333333,1.0,0.0,0.0,1.0,1.70494e-10,0.99999999999997,0.9319193467055211,0.2725498910290351,0.9859363729567544,0.8807970779778823
412,1,0.0,1.0,1.0,1.0,0.0,0.0,1.0,0.013339142,0.99999999999997,0.96304670867909,0.14861860717272699,0.9859363729567544,0.8807970779778823
413,0,1.0,0.21666666666666667,1.0,1.0,0.0,0.0,0.0,1.671136e-12,0.9468116752647252,0.20903514618733945,0.21885820888370036,0.9859363729567544,0.8807970779778823
414,0,1.0,0.4166666666666667,0.9833333333333333,1.0,0.0,0.0,1.0,7.363881e-20,0.5685619834179844,0.032040902636773415,0.1,0.9859363729567544,0.8807970779778823
415,0,1.0,0.7166666666666667,0.9833333333333333,1.0,1.0,1.0,1.0,0.00031435734,0.32713256014725073,0.031166862027763774,0.7113794801759885,0.9859363729567544,0.8807970779778823
416,0,1.0,0.7833333333333333,0.9833333333333333,1.0,1.0,1.0,1.0,0.0002428343,0.29051148381360226,0.030631832091265594,0.1,0.9859363729567544,0.8807970779778823
417,0,1.0,0.8,1.0,1.0,1.0,1.0,1.0,4.2473938e-20,0.3009023813137313,0.02218216154494582,0.1,0.9859363729567544,0.8807970779778823
418,0,1.0,0.8166666666666667,1.0,1.0,1.0,1.0,1.0,0.0009376353,0.2535259039922702,0.02212936227027167,0.3606925320124103,0.9859363729567544,0.8807970779778823
419,0,1.0,0.7333333333333333,1.0,1.0,1.0,1.0,1.0,0.02121802,0.3352190036668591,0.01967610322676945,0.10031197733958087,0.9859363729567544,0.8807970779778823
420,0,1.0,0.7166666666666667,1.0,1.0,1.0,1.0,1.0,0.00037374237,0.3227644357440328,0.019731095581376378,0.6244417801321835,0.9859363729567544,0.8807970779778823
421,0,1.0,0.8333333333333334,1.0,1.0,1.0,1.0,1.0,5.6553223e-08,0.25253647394984874,0.019489608856657663,0.9397076202614896,0.9859363729567544,0.8807970779778823
422,0,1.0,0.8,1.0,1.0,1.0,1.0,1.0,6.9408037e-07,0.2657639288493997,0.021978042712192128,0.6316067382129331,0.9859363729567544,0.8807970779778823
423,0,1.0,0.7333333333333333,0.9833333333333333,1.0,1.0,1.0,1.0,3.443162e-06,0.30727104632022745,0.03122172079492519,0.8865531715125863,0.9859363729567544,0.8807970779778823
424,0,1.0,0.95,1.0,1.0,1.0,1.0,1.0,1.1559305e-14,0.22850005729942516,0.022187745196383796,0.9994629645323314,0.9859363729567544,0.8807970779778823
425,0,1.0,0.8166666666666667,0.9666666666666667,1.0,1.0,1.0,1.0,4.2560593e-18,0.26870987994041945,0.046760588502031616,0.12181697005266502,0.9859363729567544,0.8807970779778823
426,0,1.0,0.7666666666666667,0.9833333333333333,1.0,1.0,1.0,1.0,2.3113188e-11,0.32441416355997504,0.0301862493187469,0.5508038408452627,0.9859363729567544,0.8807970779778823
427,0,1.0,0.8166666666666667,1.0,1.0,1.0,1.0,1.0,2.8700355e-05,0.3077413018259362,0.01939868030532497,0.797616499580544,0.9859363729567544,0.8807970779778823
428,0,1.0,0.8666666666666667,1.0,1.0,1.0,1.0,1.0,5.123054e-07,0.28251848914291244,0.01959039399372473,0.4991127682100741,0.9859363729567544,0.8807970779778823
429,0,1.0,0.7333333333333333,0.9666666666666667,1.0,1.0,1.0,1.0,3.6023154e-10,0.33812878157112214,0.04471876729040776,0.4231242797194202,0.9859363729567544,0.8807970779778823
430,0,1.0,0.7166666666666667,0.9833333333333333,1.0,1.0,1.0,1.0,0.0002471763,0.3278392965459383,0.03185910574390551,0.24754576604544343,0.9859363729567544,0.8807970779778823
431,0,1.0,0.7166666666666667,1.0,1.0,1.0,1.0,1.0,1.3536976e-14,0.34031741324250875,0.019409611383865846,0.1,0.9859363729567544,0.8807970779778823
432,0,1.0,0.7166666666666667,1.0,1.0,1.0,1.0,1.0,1.546037e-09,0.3384783557800416,0.02227648549948969,0.7063784558746482,0.9859363729567544,0.8807970779778823
433,0,0.0,0.85,1.0,1.0,0.0,0.0,1.0,0.9676542,0.28007300326940776,0.019502528335572235,0.8625295113660405,0.9859363729567544,0.8807970779778823
434,0,1.0,0.7833333333333333,1.0,1.0,1.0,1.0,1.0,0.0010788944,0.27900700616739427,0.02448068269746431,0.8017290542753387,0.9859363729567544,0.8807970779778823
435,0,0.0,0.8833333333333333,0.9833333333333333,1.0,0.0,0.0,1.0,0.8339369,0.24051293035607738,0.03396716022266109,0.35780349540702405,0.9859363729567544,0.8807970779778823
436,0,1.0,0.8,0.9833333333333333,1.0,1.0,1.0,1.0,7.897356e-08,0.29814325318886,0.029483032885927976,0.8562741877823105,0.9859363729567544,0.8807970779778823
437,0,1.0,0.8166666666666667,1.0,1.0,1.0,1.0,1.0,0.0074004917,0.2979409665197208,0.019561605652221602,0.6580549111040032,0.9859363729567544,0.8807970779778823
438,0,1.0,0.8166666666666667,1.0,1.0,1.0,1.0,1.0,1.5879484e-14,0.2763506289253609,0.019576174588789144,0.1,0.9859363729567544,0.8807970779778823
439,0,1.0,0.75,0.9833333333333333,1.0,1.0,1.0,1.0,1.4370972e-05,0.31073113971274774,0.03296007905914468,0.9641784659930986,0.9859363729567544,0.8807970779778823
440,0,1.0,0.7833333333333333,0.9833333333333333,1.0,1.0,1.0,1.0,3.4938215e-14,0.27305107901994213,0.030162920689265533,0.8204751204278191,0.9859363729567544,0.8807970779778823
441,0,1.0,0.8333333333333334,1.0,1.0,1.0,1.0,1.0,4.9199745e-05,0.285022451440709,0.019422259736637235,0.3322151859491294,0.9859363729567544,0.8807970779778823
442,0,1.0,0.7666666666666667,1.0,1.0,1.0,1.0,1.0,1.08160166e-20,0.3286904451200026,0.02223026802110049,0.1,0.9859363729567544,0.8807970779778823
443,0,1.0,0.8166666666666667,0.9333333333333333,1.0,1.0,1.0,1.0,2.3926758e-10,0.3105210412995388,0.06485539147507459,0.39581061851439925,0.9859363729567544,0.8807970779778823
444,0,1.0,0.7833333333333333,1.0,1.0,1.0,1.0,1.0,1.2704078e-15,0.29847925805421915,0.019450359153938283,0.1,0.9859363729567544,0.8807970779778823
445,0,1.0,0.7333333333333333,1.0,1.0,1.0,1.0,1.0,0.0014651776,0.3360940133718745,0.0194906269718013,0.6747349089764512,0.9859363729567544,0.8807970779778823
446,0,1.0,0.7333333333333333,0.9833333333333333,1.0,0.0,0.0,1.0,0.16582121,0.34534581912039963,0.03121746126228351,0.2321395795002492,0.9859363729567544,0.8807970779778823
447,0,1.0,0.7833333333333333,1.0,1.0,1.0,1.0,1.0,1.8086932e-06,0.31255092964615666,0.01967018385506978,0.49525120618304974,0.9859363729567544,0.8807970779778823
448,0,1.0,0.6666666666666666,0.9833333333333333,1.0,1.0,1.0,1.0,0.02121802,0.3551929402290368,0.03169889392514948,0.10031197733958087,0.9859363729567544,0.8807970779778823
449,0,1.0,0.9,1.0,1.0,1.0,1.0,1.0,1.1247832e-18,0.2553696407356435,0.019576184208018186,0.1,0.9859363729567544,0.8807970779778823
450,0,0.0,0.8166666666666667,0.9833333333333333,1.0,0.0,0.0,1.0,0.6898159,0.2524309755808255,0.029977578431414968,0.1294942904518499,0.9859363729567544,0.8807970779778823
451,0,1.0,0.8,0.9833333333333333,1.0,1.0,1.0,1.0,2.0062232e-09,0.2874031905481269,0.030841765144055254,0.9962034491202854,0.9859363729567544,0.8807970779778823
452,0,1.0,0.75,1.0,1.0,1.0,1.0,1.0,8.398887e-12,0.29761156777479786,0.019347509720519584,0.9999603070853073,0.9859363729567544,0.8807970779778823
453,0,1.0,0.8333333333333334,1.0,1.0,1.0,1.0,1.0,1.12115845e-08,0.2607594847401526,0.01939976882599245,0.37370356550063955,0.9859363729567544,0.8807970779778823
454,0,1.0,0.8166666666666667,1.0,1.0,1.0,1.0,1.0,1.5025245e-07,0.26411762341285955,0.02272379607755115,0.2650975530709265,0.9859363729567544,0.8807970779778823
455,0,1.0,0.9,0.9833333333333333,1.0,1.0,1.0,1.0,2.019832e-15,0.22035777981661786,0.0338514338405379,0.9921147341637685,0.9859363729567544,0.8807970779778823
456,0,1.0,0.75,1.0,1.0,1.0,1.0,1.0,7.4789445e-05,0.3324520314530671,0.019470352085369947,0.6697565256247712,0.9859363729567544,0.8807970779778823
457,0,1.0,0.8,1.0,1.0,1.0,1.0,1.0,3.1302877e-11,0.2695663648341082,0.022043246580001032,0.36647951504055476,0.9859363729567544,0.8807970779778823
458,0,1.0,0.8333333333333334,0.9666666666666667,1.0,1.0,1.0,1.0,1.9784902e-07,0.25805882692922094,0.04053598246049874,0.36076648085237945,0.9859363729567544,0.8807970779778823
459,0,1.0,0.8666666666666667,1.0,1.0,1.0,1.0,1.0,4.7985638e-09,0.2567609951071342,0.019391768243867246,0.8788747620255478,0.9859363729567544,0.8807970779778823
460,0,1.0,0.8166666666666667,0.9833333333333333,1.0,1.0,1.0,1.0,0.00012382999,0.24574591578093288,0.0327003971204109,0.2664753843184605,0.9859363729567544,0.8807970779778823
461,0,1.0,0.8666666666666667,0.9833333333333333,1.0,1.0,1.0,1.0,3.0659206e-19,0.2711012627524159,0.02936021343471843,0.11528939702839386,0.9859363729567544,0.8807970779778823
462,0,1.0,0.8166666666666667,0.9833333333333333,1.0,1.0,1.0,1.0,2.5027208e-13,0.2767788385966699,0.031310164610858456,0.1,0.9859363729567544,0.8807970779778823
463,0,1.0,0.85,1.0,1.0,1.0,1.0,1.0,5.6351766e-08,0.25861546293235743,0.01941494166389592,0.6433680841921926,0.9859363729567544,0.8807970779778823
464,1,1.0,1.0,1.0,1.0,0.0,0.0,1.0,0.99932516,0.7007738284195413,0.6026753553853421,0.2734834442813867,0.9859363729567544,0.8807970779778823
465,0,1.0,0.9333333333333333,0.95,1.0,0.0,0.0,1.0,1.2528586e-05,0.6147112696738634,0.4539379360263834,0.28098188493816817,0.9859363729567544,0.8807970779778823
466,0,1.0,0.7833333333333333,1.0,1.0,1.0,1.0,1.0,2.2467772e-17,0.32988615266048193,0.01936215936130481,0.1,0.9859363729567544,0.8807970779778823
467,0,1.0,0.8166666666666667,1.0,1.0,1.0,1.0,1.0,9.710514e-06,0.25357462084948457,0.01969242830215278,0.4106097611789264,0.9859363729567544,0.8807970779778823
468,0,1.0,0.7333333333333333,0.9666666666666667,1.0,1.0,1.0,1.0,0.057219494,0.31161879500869827,0.04308247235576842,0.26303523207951246,0.9859363729567544,0.8807970779778823
469,0,1.0,0.75,1.0,1.0,1.0,1.0,1.0,0.00016213112,0.33495180410204,0.02434544572425573,0.32734522744830574,0.9859363729567544,0.8807970779778823
470,0,1.0,0.8333333333333334,0.9833333333333333,1.0,1.0,1.0,1.0,1.1561135e-06,0.25687236277029457,0.03489750851489675,0.35294637658498473,0.9859363729567544,0.8807970779778823
471,1,0.0,0.9833333333333333,0.9833333333333333,1.0,0.0,0.0,1.0,1.8572707e-19,0.9983549185528976,0.9267407531191476,0.1,0.9859363729567544,0.8807970779778823
472,1,0.0,1.0,0.9833333333333333,1.0,0.0,0.0,1.0,0.0671752,0.999999984968407,0.9366725654058357,0.21195968584678135,0.9859363729567544,0.8807970779778823
473,1,1.0,1.0,1.0,1.0,1.0,1.0,1.0,1.0,0.9999999980365751,0.9567707346167978,0.7466034304968518,0.9859363729567544,0.8807970779778823
474,1,1.0,1.0,1.0,1.0,1.0,1.0,1.0,1.0,0.9999999980380149,0.9569433185487688,0.5153295330100781,0.9859363729567544,0.8807970779778823
475,1,1.0,1.0,0.9833333333333333,1.0,1.0,1.0,1.0,0.99999976,0.9999999947638982,0.9310206880685071,0.6806953408150269,0.9859363729567544,0.8807970779778823
476,1,1.0,1.0,1.0,1.0,1.0,1.0,1.0,1.0,0.9999999665035154,0.9514117001708293,0.28789149320907753,0.9859363729567544,0.8807970779778823
477,1,1.0,1.0,0.9666666666666667,1.0,1.0,1.0,1.0,0.9999999,0.9999999563131933,0.9273311761200769,0.9842002216144067,0.9859363729567544,0.8807970779778823
478,1,1.0,1.0,1.0,1.0,1.0,1.0,1.0,1.0,0.99999998700638,0.9569541303661776,0.9005129385215418,0.9859363729567544,0.8807970779778823
479,1,0.0,1.0,1.0,1.0,0.0,0.0,1.0,0.040499464,0.9999999939749274,0.9567970801236251,0.13064201507932677,0.9859363729567544,0.8807970779778823
480,1,1.0,1.0,0.9833333333333333,1.0,1.0,1.0,1.0,0.9998708,0.9999999560116642,0.9367685173175864,0.9171636957063363,0.9859363729567544,0.8807970779778823
481,1,0.0,1.0,1.0,1.0,0.0,0.0,1.0,2.7958729e-16,0.9999999777051031,0.9506690129208376,0.1,0.9859363729567544,0.8807970779778823
482,1,1.0,1.0,0.9833333333333333,1.0,1.0,1.0,1.0,0.7621763,0.9999999997284225,0.9425716372731898,0.23319125229981866,0.9859363729567544,0.8807970779778823
483,1,1.0,1.0,1.0,1.0,1.0,1.0,1.0,0.9996667,0.9999999981964511,0.9511351826530835,0.35104433999709433,0.9859363729567544,0.8807970779778823
484,1,1.0,1.0,1.0,1.0,1.0,1.0,1.0,0.9997634,0.9999999889287664,0.9512294173743764,0.26485083309720386,0.9859363729567544,0.8807970779778823
485,1,1.0,1.0,0.9833333333333333,1.0,1.0,1.0,1.0,0.99995196,0.99999999923739,0.9420921729393462,0.6859875304676649,0.9859363729567544,0.8807970779778823
486,1,0.0,1.0,0.9833333333333333,1.0,0.0,0.0,1.0,1.8693529e-13,0.9999999987739994,0.9362014675491959,0.1,0.9859363729567544,0.8807970779778823
487,1,1.0,1.0,1.0,1.0,1.0,1.0,1.0,1.0,0.9999999965954038,0.9569539424811416,0.9808590787416169,0.9859363729567544,0.8807970779778823
488,1,0.0,1.0,1.0,1.0,0.0,0.0,1.0,3.3877063e-09,0.9999999968963356,0.956893810795614,0.1,0.9859363729567544,0.8807970779778823
489,1,1.0,1.0,1.0,1.0,1.0,1.0,1.0,1.0,0.9999999967321015,0.9568016357929406,0.9949284418559003,0.9859363729567544,0.8807970779778823
490,1,1.0,1.0,1.0,1.0,1.0,1.0,1.0,0.9987723,0.9999999966283094,0.9568889359276124,0.995815762541467,0.9859363729567544,0.8807970779778823
491,1,1.0,1.0,0.9833333333333333,1.0,1.0,1.0,1.0,1.0,0.9999999999607859,0.9428031803341762,0.8519601842701501,0.9859363729567544,0.8807970779778823
492,1,1.0,1.0,1.0,1.0,1.0,1.0,1.0,1.0,0.9999999999937984,0.9570075606043245,0.9859490120388669,0.9859363729567544,0.8807970779778823
493,1,1.0,1.0,1.0,1.0,1.0,1.0,1.0,0.99999976,0.9999999999998825,0.9571445179255388,0.9487152212064502,0.9859363729567544,0.8807970779778823
494,1,1.0,1.0,1.0,1.0,1.0,1.0,1.0,0.9999883,0.9999999999999697,0.9454199909266,0.17646908161424146,0.9859363729567544,0.8807970779778823
495,1,1.0,1.0,0.9833333333333333,1.0,1.0,1.0,1.0,1.0,0.99999999999997,0.9429400497415759,0.9957147445723786,0.9859363729567544,0.8807970779778823
496,1,1.0,1.0,0.9833333333333333,1.0,1.0,1.0,1.0,1.0,0.99999999999997,0.9425360462381682,0.9213250551949715,0.9859363729567544,0.8807970779778823
497,1,0.0,1.0,1.0,1.0,0.0,0.0,1.0,4.401801e-15,0.9999999999999699,0.956565090813495,0.1,0.9859363729567544,0.8807970779778823
498,1,0.0,1.0,1.0,1.0,0.0,0.0,1.0,3.22913e-11,0.9999999999999666,0.9569031244594123,0.1,0.9859363729567544,0.8807970779778823
499,1,1.0,1.0,1.0,1.0,1.0,1.0,1.0,1.0,0.99999999999997,0.9460137851158392,0.4958904358598257,0.9859363729567544,0.8807970779778823
500,1,1.0,1.0,1.0,1.0,1.0,1.0,1.0,0.99999964,0.99999999999997,0.9567309407496658,0.23454062554138108,0.9859363729567544,0.8807970779778823
501,1,1.0,1.0,1.0,1.0,1.0,1.0,1.0,1.0,0.99999999999997,0.9569580828655869,0.9965394394856801,0.9859363729567544,0.8807970779778823
502,1,1.0,1.0,1.0,1.0,1.0,1.0,1.0,1.0,0.99999999999997,0.9516500540730622,0.9572629921487055,0.9859363729567544,0.8807970779778823
503,1,0.0,1.0,0.9833333333333333,1.0,0.0,0.0,1.0,1.8142469e-08,0.9999999999999699,0.9369232127248569,0.1,0.9859363729567544,0.8807970779778823
504,1,1.0,1.0,0.9833333333333333,1.0,1.0,1.0,1.0,1.0,0.999999999998339,0.9429500229857367,0.6521037556234522,0.9859363729567544,0.8807970779778823
505,1,1.0,1.0,0.9833333333333333,1.0,1.0,1.0,1.0,1.0,0.99999999999997,0.9421715504489854,0.8879183076321016,0.9859363729567544,0.8807970779778823
506,1,1.0,1.0,0.9666666666666667,1.0,1.0,1.0,1.0,0.9999987,0.99999999999997,0.9219205095828358,0.9898822395019363,0.9859363729567544,0.8807970779778823
507,1,1.0,1.0,1.0,1.0,1.0,1.0,1.0,0.9999999,0.99999999999997,0.9566088581565653,0.7643919991321226,0.9859363729567544,0.8807970779778823
508,1,0.0,1.0,1.0,1.0,0.0,0.0,1.0,0.020937636,0.99999999999997,0.9508821310415757,0.1,0.9859363729567544,0.8807970779778823
509,1,0.0,1.0,1.0,1.0,0.0,0.0,1.0,0.3970947,0.99999999999997,0.9567762838723987,0.2733217828766845,0.9859363729567544,0.8807970779778823
510,1,1.0,1.0,1.0,1.0,1.0,1.0,1.0,0.88235825,0.9999999999999699,0.9570399223328809,0.1298136421773005,0.9859363729567544,0.8807970779778823
511,1,0.0,1.0,0.9666666666666667,1.0,0.0,0.0,1.0,1.421677e-15,0.9999999999995769,0.9226287526067231,0.1,0.9859363729567544,0.8807970779778823
512,1,1.0,1.0,1.0,1.0,1.0,1.0,1.0,1.0,0.9999999999996729,0.9569283847289131,0.9106662258955163,0.9859363729567544,0.8807970779778823
513,1,0.0,1.0,1.0,1.0,0.0,0.0,1.0,5.2143713e-07,0.9999999999996653,0.9513309443183522,0.3109953816060252,0.9859363729567544,0.8807970779778823
514,1,1.0,1.0,0.9666666666666667,1.0,1.0,1.0,1.0,0.9810579,0.9999999999991669,0.9286062024557238,0.11400813319352046,0.9859363729567544,0.8807970779778823
515,1,0.0,1.0,0.9833333333333333,1.0,0.0,0.0,1.0,3.4094927e-13,0.9999999999836641,0.9424178864019945,0.1,0.9859363729567544,0.8807970779778823
516,1,1.0,1.0,0.9833333333333333,1.0,1.0,1.0,1.0,1.0,0.9999999999955534,0.9372138067832824,0.8662003556937657,0.9859363729567544,0.8807970779778823
517,1,1.0,1.0,1.0,1.0,1.0,1.0,1.0,0.9999999,0.9999999999930259,0.9571415179119472,0.4858205561686478,0.9859363729567544,0.8807970779778823
518,1,1.0,1.0,0.9833333333333333,1.0,1.0,1.0,1.0,0.6970017,0.9999999999999662,0.9426683396131739,0.10162651340071192,0.9859363729567544,0.8807970779778823
519,1,1.0,1.0,1.0,1.0,1.0,1.0,1.0,0.99343103,0.999999999999968,0.9510149296083141,0.781446129778931,0.9859363729567544,0.8807970779778823
520,1,1.0,1.0,1.0,1.0,1.0,1.0,1.0,1.0,0.99999999999997,0.9569308509220102,0.9607737372369645,0.9859363729567544,0.8807970779778823
521,1,1.0,1.0,1.0,1.0,1.0,1.0,1.0,0.87642187,0.99999999999997,0.9452483560964229,0.24894352712293485,0.9859363729567544,0.8807970779778823
522,1,1.0,1.0,0.95,1.0,1.0,1.0,1.0,0.9999852,0.99999999999997,0.9141649924373692,0.6018075337056683,0.9859363729567544,0.8807970779778823
523,1,1.0,1.0,0.95,1.0,1.0,1.0,1.0,0.99999976,0.99999999999997,0.9136885624005853,0.9114763336539669,0.9859363729567544,0.8807970779778823
524,1,1.0,1.0,0.9833333333333333,1.0,1.0,1.0,1.0,0.99980766,0.99999999999997,0.9429677444017798,0.1100261417131699,0.9859363729567544,0.8807970779778823
525,1,0.0,1.0,1.0,1.0,0.0,0.0,1.0,6.776271e-08,0.9999999999999675,0.9507900973152604,0.15259937078906033,0.9859363729567544,0.8807970779778823
526,1,1.0,1.0,0.9666666666666667,1.0,0.0,0.0,1.0,0.59422535,0.99999999999997,0.9288238064000052,0.6011006266887433,0.9859363729567544,0.8807970779778823
527,1,1.0,1.0,0.9833333333333333,1.0,1.0,1.0,1.0,1.0,0.99999999999997,0.9425739671526797,0.9957147445723786,0.9859363729567544,0.8807970779778823
528,1,1.0,1.0,0.9666666666666667,1.0,1.0,1.0,1.0,0.99982244,0.99999999999997,0.922823756381581,0.16151165171803333,0.9859363729567544,0.8807970779778823
529,1,1.0,1.0,0.9833333333333333,1.0,1.0,1.0,1.0,1.0,0.9999999999999686,0.9369960659196609,0.45008255426547994,0.9859363729567544,0.8807970779778823
530,1,1.0,1.0,0.9666666666666667,1.0,1.0,1.0,1.0,0.9992822,0.9999999999997511,0.928679346133234,0.5637290392166695,0.9859363729567544,0.8807970779778823
531,1,1.0,1.0,0.9833333333333333,1.0,1.0,1.0,1.0,0.9955278,0.9999999999991853,0.9366184401031827,0.1,0.9859363729567544,0.8807970779778823
532,1,1.0,1.0,0.9666666666666667,1.0,1.0,1.0,1.0,0.9999995,0.999999999999009,0.9281488820668022,0.31609277885101617,0.9859363729567544,0.8807970779778823
533,1,1.0,1.0,0.9666666666666667,1.0,1.0,1.0,1.0,0.96988624,0.9999999999963158,0.9224639564716376,0.4260363067482271,0.9859363729567544,0.8807970779778823
534,1,0.0,1.0,1.0,1.0,0.0,0.0,1.0,0.02637201,0.9999999999976917,0.9567515264090685,0.4620746605131826,0.9859363729567544,0.8807970779778823
535,1,0.0,1.0,1.0,1.0,0.0,0.0,1.0,4.6280322e-14,0.9999999999949194,0.9571429453706674,0.1,0.9859363729567544,0.8807970779778823
536,1,1.0,1.0,1.0,1.0,1.0,1.0,1.0,0.9999075,0.9999999999999492,0.9566423749537261,0.23187256427684283,0.9859363729567544,0.8807970779778823
537,1,1.0,1.0,0.9833333333333333,1.0,1.0,1.0,1.0,1.0,0.9999999999999237,0.9418874957054114,0.8131689660833742,0.9859363729567544,0.8807970779778823
538,1,1.0,1.0,0.95,1.0,1.0,1.0,1.0,1.0,0.99999999999997,0.913910390272372,0.8705910793470969,0.9859363729567544,0.8807970779778823
539,1,1.0,1.0,0.9833333333333333,1.0,1.0,1.0,1.0,0.9999076,0.9999999999999678,0.9427117005349568,0.6402486413530317,0.9859363729567544,0.8807970779778823
540,1,0.0,1.0,1.0,1.0,0.0,0.0,1.0,1.1051124e-11,0.9999999999999576,0.950862544381505,0.26983300438662294,0.9859363729567544,0.8807970779778823
541,1,1.0,1.0,1.0,1.0,1.0,1.0,1.0,0.9999999,0.99999999999997,0.9566436333937686,0.9905486487804385,0.9859363729567544,0.8807970779778823
542,1,0.0,1.0,0.9333333333333333,1.0,0.0,0.0,1.0,1.8257907e-14,0.99999999999997,0.9001606300337983,0.1,0.9859363729567544,0.8807970779778823
543,1,1.0,1.0,1.0,1.0,1.0,1.0,1.0,0.9998363,0.99999999999997,0.9567558705881545,0.14248557469023648,0.9859363729567544,0.8807970779778823
544,1,0.0,1.0,1.0,1.0,0.0,0.0,1.0,0.08755896,0.99999999999997,0.9512475127023698,0.21584759621405603,0.9859363729567544,0.8807970779778823
545,1,1.0,1.0,0.9833333333333333,1.0,1.0,1.0,1.0,0.99999917,0.99999999999997,0.9364524856460227,0.891474815113001,0.9859363729567544,0.8807970779778823
546,1,0.0,1.0,1.0,1.0,0.0,0.0,1.0,9.38001e-11,0.99999999999997,0.9568575958391866,0.35689134948490503,0.9859363729567544,0.8807970779778823
547,1,1.0,1.0,1.0,1.0,1.0,1.0,1.0,0.9999988,0.99999999999997,0.9568280358995722,0.3021424802126031,0.9859363729567544,0.8807970779778823
548,1,1.0,1.0,1.0,1.0,1.0,1.0,1.0,1.0,0.99999999999997,0.95682399702714,0.855790660946303,0.9859363729567544,0.8807970779778823
549,1,1.0,1.0,0.9833333333333333,1.0,1.0,1.0,1.0,0.99999905,0.9999999999999661,0.9425892410283702,0.854116738787622,0.9859363729567544,0.8807970779778823
550,1,0.0,1.0,1.0,1.0,0.0,0.0,1.0,1.9566854e-10,0.9999999999999039,0.9507437942436144,0.1,0.9859363729567544,0.8807970779778823
551,1,1.0,1.0,0.9833333333333333,1.0,1.0,1.0,1.0,1.0,0.9999999999974898,0.9428546168858205,0.8879183076321016,0.9859363729567544,0.8807970779778823
552,1,0.0,1.0,0.9666666666666667,1.0,0.0,0.0,1.0,0.02637201,0.9999999999980741,0.9280041219274964,0.4620746605131826,0.9859363729567544,0.8807970779778823
553,1,1.0,1.0,0.9833333333333333,1.0,1.0,1.0,1.0,1.0,0.9999999999991968,0.9366279411220275,0.17807097536857733,0.9859363729567544,0.8807970779778823
554,1,1.0,1.0,1.0,1.0,1.0,1.0,1.0,0.9999907,0.9999999999999424,0.9571215758137815,0.7805729064586122,0.9859363729567544,0.8807970779778823
555,1,0.0,1.0,1.0,1.0,0.0,0.0,1.0,0.000106230436,0.9999999999999659,0.9568562470618708,0.2958278601458007,0.9859363729567544,0.8807970779778823
556,1,1.0,1.0,0.9833333333333333,1.0,1.0,1.0,1.0,0.9364952,0.9999999999999656,0.9368235691516131,0.5327262052260499,0.9859363729567544,0.8807970779778823
557,1,1.0,1.0,1.0,1.0,1.0,1.0,1.0,0.86205244,0.9999999999999649,0.9568653279046153,0.3376381825423346,0.9859363729567544,0.8807970779778823
558,1,1.0,1.0,1.0,1.0,1.0,1.0,1.0,0.9999956,0.99999999999997,0.9513760216212688,0.13514466972130176,0.9859363729567544,0.8807970779778823
559,1,1.0,1.0,1.0,1.0,1.0,1.0,1.0,1.0,0.99999999999997,0.9568716576651489,0.855790660946303,0.9859363729567544,0.8807970779778823
560,1,1.0,1.0,1.0,1.0,1.0,1.0,1.0,0.99994373,0.99999999999997,0.9509088331172902,0.9481821301937451,0.9859363729567544,0.8807970779778823
561,1,0.0,1.0,1.0,1.0,0.0,0.0,1.0,0.04825154,0.99999999999997,0.9514848279271647,0.12134596872986951,0.9859363729567544,0.8807970779778823
562,1,1.0,1.0,0.9833333333333333,1.0,1.0,1.0,1.0,0.9998864,0.9999999999999556,0.9426110586792826,0.22189975673105145,0.9859363729567544,0.8807970779778823
563,1,0.0,1.0,0.9833333333333333,1.0,0.0,0.0,1.0,5.7191412e-18,0.9999999999982837,0.9426140452994839,0.1,0.9859363729567544,0.8807970779778823
564,1,1.0,1.0,1.0,1.0,1.0,1.0,1.0,1.0,0.9999999999999154,0.9510061006775302,0.9036053712721216,0.9859363729567544,0.8807970779778823
565,1,1.0,1.0,0.9833333333333333,1.0,1.0,1.0,1.0,0.99999964,0.999999999999934,0.9426409079038341,0.8143051240872944,0.9859363729567544,0.8807970779778823
566,1,1.0,1.0,0.9833333333333333,1.0,1.0,1.0,1.0,1.0,0.999999999999943,0.9373383045260951,0.9874590252065659,0.9859363729567544,0.8807970779778823
567,1,1.0,1.0,0.9833333333333333,1.0,1.0,1.0,1.0,1.0,0.99999999999995,0.9373656954563429,0.9920424062396028,0.9859363729567544,0.8807970779778823
568,1,1.0,1.0,0.9666666666666667,1.0,1.0,1.0,1.0,1.0,0.9999999999999697,0.9289421496290398,0.659662308632584,0.9859363729567544,0.8807970779778823
569,1,1.0,1.0,1.0,1.0,1.0,1.0,1.0,1.0,0.9999999999999472,0.9512330856725834,0.980981496355519,0.9859363729567544,0.8807970779778823
570,1,1.0,1.0,1.0,1.0,1.0,1.0,1.0,0.9999751,0.99999999999997,0.9565316519357855,0.32622397816103305,0.9859363729567544,0.8807970779778823
571,1,0.0,1.0,1.0,1.0,0.0,0.0,1.0,1.6173022e-21,0.9999999999998526,0.9568405183397212,0.1,0.9859363729567544,0.8807970779778823
572,1,1.0,1.0,0.95,1.0,1.0,1.0,1.0,0.99999976,0.9999999999987162,0.9079475523036135,0.9839436654733351,0.9859363729567544,0.8807970779778823
573,1,1.0,1.0,1.0,1.0,1.0,1.0,1.0,0.99836713,0.9999999999996149,0.9458568107088993,0.17164548624776935,0.9859363729567544,0.8807970779778823
574,1,1.0,1.0,0.9666666666666667,1.0,1.0,1.0,1.0,0.999554,0.9999999999997109,0.9226519574429991,0.9894586186200907,0.9859363729567544,0.8807970779778823
575,1,1.0,1.0,0.9666666666666667,1.0,1.0,1.0,1.0,1.0,0.9999999999999688,0.9223189552586948,0.31201514215323717,0.9859363729567544,0.8807970779778823
576,1,1.0,1.0,1.0,1.0,1.0,1.0,1.0,0.9871085,0.9999999999998922,0.9564476851333522,0.6336024974270319,0.9859363729567544,0.8807970779778823
577,1,1.0,1.0,1.0,1.0,1.0,1.0,1.0,1.0,0.9999999999996325,0.9567996452301387,0.36539212439277224,0.9859363729567544,0.8807970779778823
578,1,1.0,1.0,0.9666666666666667,1.0,1.0,1.0,1.0,0.9998765,0.9999999999998577,0.9285788793665366,0.8199408205521619,0.9859363729567544,0.8807970779778823
579,1,1.0,1.0,0.9833333333333333,1.0,1.0,1.0,1.0,1.0,0.9999999999999617,0.9372305054106439,0.9557300745277211,0.9859363729567544,0.8807970779778823
580,1,1.0,1.0,1.0,1.0,1.0,1.0,1.0,1.0,0.9999999999999674,0.9569372670311275,0.9843977022606,0.9859363729567544,0.8807970779778823
581,1,1.0,1.0,0.9666666666666667,1.0,1.0,1.0,1.0,1.0,0.9999999999999697,0.9223582497622574,0.7466034304968518,0.9859363729567544,0.8807970779778823
582,1,1.0,1.0,1.0,1.0,1.0,1.0,1.0,0.99999964,0.99999999999997,0.9569474885454511,0.9100203707577611,0.9859363729567544,0.8807970779778823
583,1,1.0,1.0,1.0,1.0,1.0,1.0,1.0,0.9999999,0.9999999999999668,0.9568344892261137,0.9859033337031674,0.9859363729567544,0.8807970779778823
584,1,0.0,1.0,1.0,1.0,0.0,0.0,1.0,0.00026717517,0.9999999999999348,0.9569007573459872,0.1,0.9859363729567544,0.8807970779778823
585,0,1.0,0.23333333333333334,1.0,1.0,0.0,0.0,0.0,6.9044404e-06,0.9237074315971341,0.20688531406398644,0.5417114830458232,0.9859363729567544,0.8807970779778823
586,0,1.0,0.48333333333333334,1.0,1.0,0.0,1.0,1.0,2.2511301e-06,0.4969055929202508,0.019587100758550514,0.40378650647407177,0.9859363729567544,0.8807970779778823
587,0,1.0,0.7666666666666667,0.9666666666666667,1.0,1.0,1.0,1.0,5.831094e-11,0.3216631660899936,0.04226733747526557,0.8910931072315785,0.9859363729567544,0.8807970779778823
588,0,1.0,0.7833333333333333,0.9666666666666667,1.0,1.0,1.0,1.0,4.2473938e-20,0.2933573900681033,0.04751854416532402,0.1,0.9859363729567544,0.8807970779778823
589,0,1.0,0.6833333333333333,1.0,1.0,1.0,1.0,1.0,4.1702015e-09,0.3518973430282263,0.01963557490654293,0.286935860454851,0.9859363729567544,0.8807970779778823
590,0,1.0,0.7833333333333333,0.9833333333333333,1.0,0.0,1.0,1.0,0.15593317,0.30035694817456776,0.03106054722024459,0.3359388318400925,0.9859363729567544,0.8807970779778823
591,0,1.0,0.7333333333333333,0.9833333333333333,1.0,1.0,1.0,1.0,0.0074393568,0.3310175586723637,0.03285934887231671,0.15144054937293894,0.9859363729567544,0.8807970779778823
592,0,1.0,0.7833333333333333,1.0,1.0,1.0,1.0,1.0,0.01165851,0.3069645296945053,0.019525742110223544,0.3518750825811101,0.9859363729567544,0.8807970779778823
593,0,1.0,0.7333333333333333,1.0,1.0,1.0,1.0,1.0,5.8211735e-06,0.3229753403598053,0.01948941352160186,0.8141045264779132,0.9859363729567544,0.8807970779778823
594,0,1.0,0.7666666666666667,0.9833333333333333,1.0,1.0,1.0,1.0,1.2186829e-12,0.28242044130794397,0.03208728627881173,0.7756522987646572,0.9859363729567544,0.8807970779778823
595,0,1.0,0.8833333333333333,1.0,1.0,1.0,1.0,1.0,6.038794e-19,0.2588305561478856,0.019439250085133527,0.1,0.9859363729567544,0.8807970779778823
596,0,1.0,0.85,1.0,1.0,1.0,1.0,1.0,5.641871e-10,0.2767702931404905,0.021963419334431515,0.6082500049525993,0.9859363729567544,0.8807970779778823
597,0,1.0,0.7833333333333333,1.0,1.0,1.0,1.0,1.0,2.601314e-11,0.28527280348877065,0.019655526827674085,0.13624272333017856,0.9859363729567544,0.8807970779778823
598,0,1.0,0.7833333333333333,1.0,1.0,1.0,1.0,1.0,4.3373433e-08,0.28564936505721067,0.021838556843079678,0.2477861917250374,0.9859363729567544,0.8807970779778823
599,0,1.0,0.7833333333333333,1.0,1.0,1.0,1.0,1.0,3.316639e-06,0.29558274993455147,0.02206856169530587,0.9866140977212835,0.9859363729567544,0.8807970779778823
600,0,1.0,0.9166666666666666,1.0,1.0,1.0,1.0,1.0,1.0809935e-12,0.21099707204929222,0.022073176630214877,0.22096045760810035,0.9859363729567544,0.8807970779778823
601,0,1.0,0.8166666666666667,1.0,1.0,1.0,1.0,1.0,0.00079176924,0.2516730776417149,0.021868507325221446,0.43601452485972275,0.9859363729567544,0.8807970779778823
602,0,1.0,0.7666666666666667,1.0,1.0,1.0,1.0,1.0,1.5809869e-16,0.29447899103247654,0.019399156034763373,0.14735498995147434,0.9859363729567544,0.8807970779778823
603,0,1.0,0.7666666666666667,1.0,1.0,1.0,1.0,1.0,1.7268832e-11,0.33101499388444355,0.019503654439882168,0.1,0.9859363729567544,0.8807970779778823
604,0,1.0,0.8666666666666667,0.9833333333333333,1.0,1.0,1.0,1.0,0.0002428343,0.2348355451008308,0.034176257775479196,0.1,0.9859363729567544,0.8807970779778823
605,0,1.0,0.8,0.9833333333333333,1.0,1.0,1.0,1.0,0.0007276883,0.2747241530102852,0.029789485816552105,0.30862736627191845,0.9859363729567544,0.8807970779778823
606,1,1.0,0.95,1.0,1.0,1.0,1.0,1.0,1.0,0.8358567187624468,0.7765662665669933,0.9945367085218405,0.9859363729567544,0.8807970779778823
607,1,1.0,1.0,0.9666666666666667,1.0,1.0,1.0,1.0,0.9971705,0.99999999999997,0.9522141554785439,0.20490423665318128,0.9859363729567544,0.8807970779778823
608,1,1.0,1.0,1.0,1.0,1.0,1.0,1.0,1.0,0.99999999999997,0.9861178304120963,0.9702668753635512,0.9859363729567544,0.8807970779778823
609,1,0.0,1.0,1.0,1.0,0.0,0.0,1.0,7.768263e-08,0.99999999999997,0.9861591139564945,0.1,0.9859363729567544,0.8807970779778823
610,1,1.0,1.0,1.0,1.0,1.0,1.0,1.0,1.0,0.99999999999997,0.9860291974219725,0.9703776475392989,0.9859363729567544,0.8807970779778823
611,1,1.0,1.0,0.9833333333333333,1.0,1.0,1.0,1.0,0.9999758,0.99999999999997,0.9714757076453835,0.32887486218670203,0.9859363729567544,0.8807970779778823
612,1,1.0,1.0,1.0,1.0,1.0,1.0,1.0,0.88235825,0.9999999999999699,0.9835797106442198,0.1298136421773005,0.9859363729567544,0.8807970779778823
613,0,1.0,0.5166666666666667,1.0,1.0,0.0,1.0,1.0,4.1690505e-08,0.4729683486912534,0.02189830649106478,0.9433451050417196,0.9859363729567544,0.8807970779778823
614,0,1.0,0.8666666666666667,0.9666666666666667,1.0,1.0,1.0,1.0,1.8590839e-13,0.27359794042734564,0.04499167176831724,0.1,0.9859363729567544,0.8807970779778823
615,0,1.0,0.8166666666666667,1.0,1.0,1.0,1.0,1.0,9.6327385e-05,0.2856521606859318,0.02181473097021802,0.4013742748024144,0.9859363729567544,0.8807970779778823
616,0,1.0,0.8666666666666667,0.9833333333333333,1.0,1.0,1.0,1.0,1.3964183e-05,0.265076157023523,0.03518699100703928,0.6884120201352906,0.9859363729567544,0.8807970779778823
617,0,1.0,0.6833333333333333,1.0,1.0,1.0,1.0,1.0,5.4134016e-05,0.3671513689624432,0.02191770719646805,0.6037451998998768,0.9859363729567544,0.8807970779778823
618,0,1.0,0.7666666666666667,1.0,1.0,1.0,1.0,1.0,1.162531e-05,0.3071139844868383,0.022269727465490347,0.29584070263687223,0.9859363729567544,0.8807970779778823
619,0,1.0,0.7666666666666667,0.9833333333333333,1.0,1.0,1.0,1.0,3.1949657e-13,0.3066314747284354,0.033347329866775986,0.1,0.9859363729567544,0.8807970779778823
620,1,1.0,0.9833333333333333,0.9833333333333333,1.0,1.0,1.0,1.0,1.0,0.9447752564393468,0.9094555951345833,0.9916966862777288,0.9859363729567544,0.8807970779778823
621,1,1.0,1.0,1.0,1.0,1.0,1.0,1.0,1.0,0.99999999999997,0.9854084036098673,0.7617977051802466,0.9859363729567544,0.8807970779778823
622,1,1.0,1.0,0.9833333333333333,1.0,1.0,1.0,1.0,0.9971705,0.99999999999997,0.9659813353217032,0.20490423665318128,0.9859363729567544,0.8807970779778823
623,1,1.0,1.0,1.0,1.0,1.0,1.0,1.0,1.0,0.99999999999997,0.9853366773540484,0.9948906169327167,0.9859363729567544,0.8807970779778823
624,1,1.0,1.0,0.9666666666666667,1.0,1.0,1.0,1.0,1.0,0.99999999999997,0.9517942444580686,0.9752145921860885,0.9859363729567544,0.8807970779778823
625,1,1.0,1.0,0.9833333333333333,1.0,1.0,1.0,1.0,1.0,0.99999999999997,0.9704914048828017,0.9265181194444304,0.9859363729567544,0.8807970779778823
626,1,1.0,1.0,0.9833333333333333,1.0,1.0,1.0,1.0,1.0,0.99999999999997,0.9700828500849771,0.997450365417376,0.9859363729567544,0.8807970779778823
627,1,0.0,1.0,0.9833333333333333,1.0,0.0,0.0,1.0,0.32312196,0.99999999999997,0.9663889864891081,0.10899536157071968,0.9859363729567544,0.8807970779778823
628,1,0.0,1.0,1.0,1.0,0.0,0.0,1.0,0.00012700475,0.99999999999997,0.981150004023699,0.727873051951816,0.9859363729567544,0.8807970779778823
629,1,1.0,1.0,1.0,1.0,1.0,1.0,1.0,0.99602485,0.99999999999997,0.9809165320366049,0.18827932437272146,0.9859363729567544,0.8807970779778823
630,1,1.0,1.0,0.9833333333333333,1.0,1.0,1.0,1.0,0.94664294,0.99999999999997,0.9663178785429103,0.1943101315038208,0.9859363729567544,0.8807970779778823
631,1,0.0,1.0,0.9833333333333333,1.0,0.0,0.0,1.0,3.22913e-11,0.99999999999997,0.9705777479379336,0.1,0.9859363729567544,0.8807970779778823
632,1,0.0,1.0,0.9833333333333333,1.0,0.0,0.0,1.0,0.08781779,0.99999999999997,0.958769131676789,0.11775277893279085,0.9859363729567544,0.8807970779778823
633,1,1.0,1.0,0.9833333333333333,1.0,1.0,1.0,1.0,0.999918,0.99999999999997,0.9706806869466728,0.1,0.9859363729567544,0.8807970779778823
634,1,1.0,1.0,1.0,1.0,1.0,1.0,1.0,1.0,0.99999999999997,0.9853207236613334,0.8479859346325901,0.9859363729567544,0.8807970779778823
635,1,1.0,1.0,0.9833333333333333,1.0,1.0,1.0,1.0,0.9999684,0.99999999999997,0.97050100572866,0.6393200410396528,0.9859363729567544,0.8807970779778823
636,1,1.0,1.0,1.0,1.0,1.0,1.0,1.0,0.99999964,0.99999999999997,0.9853746992293686,0.19819513184636203,0.9859363729567544,0.8807970779778823
637,1,0.0,1.0,0.9833333333333333,1.0,0.0,0.0,1.0,0.0003057393,0.99999999999997,0.9707052503525185,0.11429712143452582,0.9859363729567544,0.8807970779778823
638,1,1.0,1.0,1.0,1.0,1.0,1.0,1.0,0.9999075,0.99999999999997,0.9852574149491574,0.23187256427684283,0.9859363729567544,0.8807970779778823
639,1,1.0,1.0,0.9833333333333333,1.0,1.0,1.0,1.0,1.0,0.99999999999997,0.9704086577403799,0.9688739797542819,0.9859363729567544,0.8807970779778823
640,1,0.0,1.0,0.9666666666666667,1.0,0.0,0.0,1.0,5.6090716e-06,0.99999999999997,0.9523527644002827,0.1,0.9859363729567544,0.8807970779778823
641,1,1.0,1.0,1.0,1.0,1.0,1.0,1.0,0.9999995,0.99999999999997,0.9814366908845416,0.48184823404958593,0.9859363729567544,0.8807970779778823
642,1,1.0,1.0,0.9833333333333333,1.0,1.0,1.0,1.0,1.0,0.99999999999997,0.9709912032027342,0.875041551973936,0.9859363729567544,0.8807970779778823
643,1,1.0,1.0,1.0,1.0,1.0,1.0,1.0,0.9948866,0.999999999999969,0.9811553418739841,0.3976530250742608,0.9859363729567544,0.8807970779778823
644,1,1.0,1.0,1.0,1.0,1.0,1.0,1.0,0.9990852,0.99999999999997,0.9855433424371259,0.3871811307588768,0.9859363729567544,0.8807970779778823
645,1,1.0,1.0,1.0,1.0,1.0,1.0,1.0,0.98872364,0.99999999999997,0.9853305350518775,0.21357414380545237,0.9859363729567544,0.8807970779778823
646,0,1.0,0.6833333333333333,0.9666666666666667,1.0,0.0,0.0,1.0,1.061935e-08,0.6112907515098925,0.3463569979621365,0.9971919440926079,0.9859363729567544,0.8807970779778823
647,0,1.0,0.8333333333333334,0.9833333333333333,1.0,1.0,1.0,1.0,0.033788208,0.24795121520787763,0.03303410685842125,0.6166685503270155,0.9859363729567544,0.8807970779778823
648,0,1.0,0.75,0.9833333333333333,1.0,1.0,1.0,1.0,0.007324029,0.3314018330225477,0.03109855424074386,0.9381818365414674,0.9859363729567544,0.8807970779778823
649,0,1.0,0.8833333333333333,1.0,1.0,1.0,1.0,1.0,0.00020303477,0.23702798182783633,0.019462809118593702,0.4283747786873094,0.9859363729567544,0.8807970779778823
650,0,1.0,0.7833333333333333,1.0,1.0,1.0,1.0,1.0,0.08010939,0.2564370995373494,0.0220091111929614,0.9978074432231208,0.9859363729567544,0.8807970779778823
651,0,1.0,0.8166666666666667,1.0,1.0,1.0,1.0,1.0,6.570268e-12,0.28819064053087884,0.01963108085213032,0.1,0.9859363729567544,0.8807970779778823
652,0,1.0,0.7333333333333333,1.0,1.0,1.0,1.0,1.0,1.0133754e-07,0.32477181726217863,0.019642782311881404,0.4094169073077397,0.9859363729567544,0.8807970779778823
653,0,1.0,0.85,1.0,1.0,1.0,1.0,1.0,6.2015715e-05,0.27624087621572235,0.02179256701279284,0.5469328214431313,0.9859363729567544,0.8807970779778823
654,0,1.0,0.9166666666666666,1.0,1.0,1.0,1.0,1.0,0.00028423002,0.21598974770926943,0.022107440078362597,0.603272091288685,0.9859363729567544,0.8807970779778823
655,0,1.0,0.7666666666666667,1.0,1.0,1.0,1.0,1.0,0.006892219,0.319574088405938,0.0218001021241288,0.9935739914534121,0.9859363729567544,0.8807970779778823
656,0,1.0,0.85,1.0,1.0,1.0,1.0,1.0,1.5775165e-09,0.25801455365678627,0.019605638328663525,0.22205100244317086,0.9859363729567544,0.8807970779778823
657,0,1.0,0.7666666666666667,0.9833333333333333,1.0,1.0,1.0,1.0,1.9376933e-09,0.2855986246854126,0.03058486407194058,0.6516046593418245,0.9859363729567544,0.8807970779778823
658,0,1.0,0.75,1.0,1.0,1.0,1.0,1.0,0.0041882056,0.3360847533546475,0.019520342829792637,0.9970782346903732,0.9859363729567544,0.8807970779778823
659,0,1.0,0.8166666666666667,0.9833333333333333,1.0,1.0,1.0,1.0,1.1770527e-07,0.28730523990738455,0.0327127089317505,0.6830084200904849,0.9859363729567544,0.8807970779778823
660,0,1.0,0.8333333333333334,1.0,1.0,1.0,1.0,1.0,1.9784005e-12,0.2706392904965432,0.02188658536621769,0.27090278798568895,0.9859363729567544,0.8807970779778823
661,0,1.0,0.7333333333333333,1.0,1.0,1.0,1.0,1.0,7.589716e-05,0.30509032700407807,0.019639393651712682,0.9278315395284804,0.9859363729567544,0.8807970779778823
662,0,1.0,0.7333333333333333,1.0,1.0,1.0,1.0,1.0,0.0006306286,0.34052285081180533,0.025104531076275638,0.9916734897575029,0.9859363729567544,0.8807970779778823
663,0,1.0,0.7333333333333333,1.0,1.0,1.0,1.0,1.0,2.0492066e-06,0.35994692258247846,0.01976301543155185,0.46694898147086805,0.9859363729567544,0.8807970779778823
664,0,1.0,0.7333333333333333,1.0,1.0,1.0,1.0,1.0,2.2941556e-10,0.33478612557852305,0.019441385036760205,0.5516941800225424,0.9859363729567544,0.8807970779778823
665,0,1.0,0.7833333333333333,1.0,1.0,1.0,1.0,1.0,2.1450404e-12,0.29895623881875394,0.019622003411602744,0.1,0.9859363729567544,0.8807970779778823
666,0,1.0,0.7,1.0,1.0,1.0,1.0,1.0,0.021968203,0.3575383656763318,0.022064025949609545,0.28482863222431676,0.9859363729567544,0.8807970779778823
667,0,1.0,0.8166666666666667,0.95,1.0,1.0,1.0,1.0,2.2895016e-05,0.3143668600949291,0.055806483972599116,0.6453776372439833,0.9859363729567544,0.8807970779778823
668,0,1.0,0.8666666666666667,0.9666666666666667,1.0,0.0,0.0,1.0,9.6327385e-05,0.5080997072513471,0.29535540647790637,0.4013742748024144,0.9859363729567544,0.8807970779778823
669,1,1.0,1.0,1.0,1.0,1.0,1.0,1.0,1.0,0.9999999999996585,0.9672318772268598,0.8692393834623902,0.9859363729567544,0.8807970779778823
670,1,1.0,1.0,0.9833333333333333,1.0,1.0,1.0,1.0,0.9999964,0.9999999999996251,0.9525760389131708,0.9868603632406332,0.9859363729567544,0.8807970779778823
671,1,0.0,1.0,0.9666666666666667,1.0,0.0,0.0,1.0,1.685985e-08,0.9999999999236562,0.9381757590326311,0.23734118460306347,0.9859363729567544,0.8807970779778823
672,1,1.0,1.0,0.9833333333333333,1.0,1.0,1.0,1.0,1.0,0.9999999999999504,0.9521533404995963,0.9533166508928888,0.9859363729567544,0.8807970779778823
673,1,1.0,1.0,0.9833333333333333,1.0,1.0,1.0,1.0,0.99760675,0.9999999999999403,0.9524891274707848,0.4199323826140361,0.9859363729567544,0.8807970779778823
674,1,1.0,1.0,0.9833333333333333,1.0,1.0,1.0,1.0,1.0,0.99999999999997,0.95203981325942,0.9716539553546176,0.9859363729567544,0.8807970779778823
675,1,1.0,1.0,0.9666666666666667,1.0,1.0,1.0,1.0,1.0,0.9999999999992911,0.9382108869872099,0.7466034304968518,0.9859363729567544,0.8807970779778823
676,1,1.0,1.0,0.9666666666666667,1.0,1.0,1.0,1.0,1.0,0.9999999999999687,0.9374812849241458,0.9648886175136271,0.9859363729567544,0.8807970779778823
677,1,0.0,1.0,0.9833333333333333,1.0,0.0,0.0,1.0,2.9558665e-11,0.9999999999995555,0.9524864918768146,0.1,0.9859363729567544,0.8807970779778823
678,1,1.0,1.0,1.0,1.0,1.0,1.0,1.0,1.0,0.9999999999999635,0.9672720454811999,0.4267502258453284,0.9859363729567544,0.8807970779778823
679,1,1.0,1.0,1.0,1.0,1.0,1.0,1.0,1.0,0.9999999999999694,0.9671999250480199,0.5045540606014867,0.9859363729567544,0.8807970779778823
680,1,1.0,1.0,1.0,1.0,1.0,1.0,1.0,0.999998,0.9999999999999559,0.967303094774993,0.3715272597879636,0.9859363729567544,0.8807970779778823
681,1,1.0,1.0,1.0,1.0,1.0,1.0,1.0,1.0,0.9999999999999406,0.961836639071958,0.9948906169327167,0.9859363729567544,0.8807970779778823
682,1,0.0,1.0,1.0,1.0,0.0,0.0,1.0,0.068968415,0.9999999999999664,0.9671050424556817,0.22574730925990588,0.9859363729567544,0.8807970779778823
683,1,0.0,1.0,1.0,1.0,0.0,0.0,1.0,2.1245523e-11,0.9999999999873241,0.9672317283397428,0.1,0.9859363729567544,0.8807970779778823
684,1,0.0,1.0,1.0,1.0,0.0,0.0,1.0,0.002782728,0.9999999998210124,0.9673681504291304,0.14875896045012252,0.9859363729567544,0.8807970779778823
685,1,1.0,1.0,1.0,1.0,1.0,1.0,1.0,0.87642187,0.9999999995497383,0.9670082694039782,0.24894352712293485,0.9859363729567544,0.8807970779778823
686,1,0.0,1.0,1.0,1.0,0.0,0.0,1.0,0.015351778,0.9999999999978979,0.9670358591740859,0.1,0.9859363729567544,0.8807970779778823
687,1,1.0,1.0,1.0,1.0,1.0,1.0,1.0,0.99999964,0.9999999999994754,0.9668193087847636,0.8870685746471371,0.9859363729567544,0.8807970779778823
688,1,1.0,1.0,1.0,1.0,1.0,1.0,1.0,0.9999995,0.9999999999926139,0.9614232996101484,0.8981003350632393,0.9859363729567544,0.8807970779778823
689,1,0.0,1.0,0.9833333333333333,1.0,0.0,0.0,1.0,1.3410914e-15,0.9999999999999051,0.952219384582947,0.1,0.9859363729567544,0.8807970779778823
690,1,1.0,1.0,1.0,1.0,1.0,1.0,1.0,0.99896383,0.9999999999999454,0.9670035550048507,0.3755257490102074,0.9859363729567544,0.8807970779778823
691,1,1.0,1.0,1.0,1.0,1.0,1.0,1.0,1.0,0.9999999999999586,0.9615912828577187,0.966830895448277,0.9859363729567544,0.8807970779778823
692,1,1.0,1.0,1.0,1.0,1.0,1.0,1.0,0.9999999,0.9999999999999275,0.9668889400316548,0.8795372593776664,0.9859363729567544,0.8807970779778823
693,1,1.0,1.0,1.0,1.0,1.0,1.0,1.0,0.9999999,0.9999999999997186,0.9670870176055889,0.6236663866323502,0.9859363729567544,0.8807970779778823
694,0,1.0,0.5166666666666667,0.9833333333333333,1.0,0.0,0.0,1.0,1.931273e-05,0.6904677983392564,0.22592780143640712,0.5320809253454172,0.9859363729567544,0.8807970779778823
695,1,1.0,0.9333333333333333,0.9833333333333333,1.0,1.0,1.0,1.0,0.9999771,0.9336668685600376,0.8407081244951896,0.18940372851369763,0.9859363729567544,0.8807970779778823
696,1,1.0,1.0,1.0,1.0,1.0,1.0,1.0,1.0,0.99999999999997,0.957805250744672,0.7898510662464483,0.9859363729567544,0.8807970779778823
697,1,1.0,1.0,1.0,1.0,1.0,1.0,1.0,0.9999995,0.99999999999997,0.9580599268258824,0.31609277885101617,0.9859363729567544,0.8807970779778823
698,1,0.0,1.0,1.0,1.0,0.0,0.0,1.0,0.0001766486,0.99999999999997,0.9402660121084252,0.7994173521102472,0.9859363729567544,0.8807970779778823
699,1,1.0,1.0,1.0,1.0,1.0,0.0,1.0,0.64248765,0.99999999999997,0.9578611441820158,0.10852573178069964,0.9859363729567544,0.8807970779778823
700,1,1.0,1.0,0.9833333333333333,1.0,1.0,1.0,1.0,0.99997675,0.99999999999997,0.9382144334759092,0.19903105408564986,0.9859363729567544,0.8807970779778823
701,1,1.0,1.0,0.9833333333333333,1.0,1.0,1.0,1.0,1.0,0.99999999999997,0.9438736605582154,0.1442554932191652,0.9859363729567544,0.8807970779778823
702,1,1.0,1.0,0.9833333333333333,1.0,1.0,1.0,1.0,0.6970017,0.99999999999997,0.9438725018350824,0.10162651340071192,0.9859363729567544,0.8807970779778823
703,1,1.0,1.0,1.0,1.0,1.0,1.0,1.0,0.99989605,0.99999999999997,0.9520363609245371,0.10761177926671764,0.9859363729567544,0.8807970779778823
704,1,1.0,1.0,0.9833333333333333,1.0,1.0,1.0,1.0,1.0,0.99999999999997,0.9439934069871121,0.9386244524448757,0.9859363729567544,0.8807970779778823
705,1,0.0,1.0,0.9666666666666667,1.0,0.0,0.0,1.0,0.057408407,0.99999999999997,0.9290910936043137,0.1369216489182528,0.9859363729567544,0.8807970779778823
706,1,1.0,1.0,1.0,1.0,1.0,1.0,1.0,1.0,0.99999999999997,0.957715767804705,0.6521037556234522,0.9859363729567544,0.8807970779778823
707,1,1.0,1.0,0.9833333333333333,1.0,1.0,1.0,1.0,0.9999964,0.99999999999997,0.943926646197621,0.9868603632406332,0.9859363729567544,0.8807970779778823
708,1,1.0,1.0,1.0,1.0,1.0,1.0,1.0,0.9871157,0.99999999999997,0.9582512144177393,0.15730476064378493,0.9859363729567544,0.8807970779778823
709,1,0.0,1.0,0.9833333333333333,1.0,0.0,0.0,1.0,0.0003906171,0.99999999999997,0.9325636375753021,0.39029355765244683,0.9859363729567544,0.8807970779778823
710,1,1.0,1.0,1.0,1.0,1.0,1.0,1.0,1.0,0.99999999999997,0.9511620443274607,0.8879183076321016,0.9859363729567544,0.8807970779778823
711,1,1.0,1.0,1.0,1.0,1.0,1.0,1.0,0.99997663,0.99999999999997,0.9581203167240148,0.21242714093767884,0.9859363729567544,0.8807970779778823
712,1,1.0,1.0,1.0,1.0,1.0,1.0,1.0,1.0,0.99999999999997,0.9577880802093705,0.9726129041020711,0.9859363729567544,0.8807970779778823
713,1,1.0,1.0,1.0,1.0,1.0,1.0,1.0,0.9999999,0.99999999999997,0.9581474748190956,0.9869115521370168,0.9859363729567544,0.8807970779778823
714,1,1.0,1.0,1.0,1.0,1.0,1.0,1.0,1.0,0.99999999999997,0.9521860336988397,0.8610554893434815,0.9859363729567544,0.8807970779778823
715,1,0.0,1.0,1.0,1.0,0.0,0.0,1.0,1.3403438e-05,0.99999999999997,0.9577175565378468,0.13652290923108515,0.9859363729567544,0.8807970779778823
716,1,0.0,1.0,0.9833333333333333,1.0,0.0,0.0,1.0,0.024070563,0.99999999999997,0.9437883818012563,0.1,0.9859363729567544,0.8807970779778823
717,1,1.0,1.0,1.0,1.0,1.0,1.0,1.0,0.999998,0.99999999999997,0.9575743558685043,0.3715272597879636,0.9859363729567544,0.8807970779778823
718,1,0.0,1.0,0.9833333333333333,1.0,0.0,0.0,1.0,0.0024473674,0.99999999999997,0.9443375470479065,0.16484318227539646,0.9859363729567544,0.8807970779778823
719,1,0.0,1.0,1.0,1.0,0.0,0.0,1.0,3.3051311e-12,0.99999999999997,0.9580462853128566,0.1,0.9859363729567544,0.8807970779778823
720,1,0.0,1.0,0.9833333333333333,1.0,0.0,0.0,1.0,5.8491983e-10,0.99999999999997,0.9431444687591972,0.10299255232909993,0.9859363729567544,0.8807970779778823
721,1,1.0,1.0,0.9833333333333333,1.0,1.0,1.0,1.0,1.0,0.99999999999997,0.9434180978824072,0.4182416382415483,0.9859363729567544,0.8807970779778823
722,1,1.0,1.0,1.0,1.0,1.0,1.0,1.0,0.9997172,0.99999999999997,0.9579693072998816,0.1770030319685826,0.9859363729567544,0.8807970779778823
723,1,0.0,1.0,1.0,1.0,0.0,0.0,1.0,9.05367e-06,0.99999999999997,0.9581186653663211,0.1,0.9859363729567544,0.8807970779778823
724,1,1.0,1.0,0.9666666666666667,1.0,1.0,1.0,1.0,0.86205244,0.99999999999997,0.9292844518641624,0.3376381825423346,0.9859363729567544,0.8807970779778823
725,1,0.0,1.0,0.9833333333333333,1.0,0.0,0.0,1.0,0.15983263,0.99999999999997,0.9383927463210718,0.3670989914770418,0.9859363729567544,0.8807970779778823
726,1,1.0,1.0,1.0,1.0,1.0,1.0,1.0,0.9999995,0.99999999999997,0.9578270881446351,0.6489883201016136,0.9859363729567544,0.8807970779778823
727,1,1.0,1.0,1.0,1.0,1.0,1.0,1.0,0.99999976,0.99999999999997,0.9577142931911607,0.9973198962007379,0.9859363729567544,0.8807970779778823
728,1,1.0,1.0,0.9833333333333333,1.0,1.0,1.0,1.0,0.998871,0.99999999999997,0.9433862403404801,0.32346607219723317,0.9859363729567544,0.8807970779778823
729,1,1.0,1.0,0.9833333333333333,1.0,1.0,1.0,1.0,1.0,0.99999999999997,0.9437786506726501,0.9022665694151205,0.9859363729567544,0.8807970779778823
730,1,1.0,1.0,1.0,1.0,1.0,1.0,1.0,0.99990416,0.99999999999997,0.9518775670668431,0.686071005107211,0.9859363729567544,0.8807970779778823
731,1,1.0,1.0,1.0,1.0,1.0,1.0,1.0,0.99999976,0.99999999999997,0.952248244452486,0.6345667281920946,0.9859363729567544,0.8807970779778823
732,1,1.0,1.0,0.9833333333333333,1.0,1.0,1.0,1.0,1.0,0.99999999999997,0.9377357543734955,0.9965394394856801,0.9859363729567544,0.8807970779778823
733,1,0.0,1.0,1.0,1.0,0.0,0.0,1.0,0.42409033,0.99999999999997,0.9520327181258695,0.8506302582605849,0.9859363729567544,0.8807970779778823
734,1,0.0,1.0,1.0,1.0,0.0,0.0,1.0,7.768263e-08,0.99999999999997,0.9579874507883128,0.1,0.9859363729567544,0.8807970779778823
735,1,1.0,1.0,1.0,1.0,1.0,1.0,1.0,1.0,0.99999999999997,0.9577042088021354,0.9587349533741815,0.9859363729567544,0.8807970779778823
736,1,1.0,1.0,1.0,1.0,1.0,1.0,1.0,0.9999125,0.99999999999997,0.9523653593240364,0.1,0.9859363729567544,0.8807970779778823
737,1,1.0,1.0,0.9833333333333333,1.0,1.0,1.0,1.0,0.9778593,0.99999999999997,0.9432410596842149,0.793732628666531,0.9859363729567544,0.8807970779778823
738,1,1.0,1.0,1.0,1.0,1.0,1.0,1.0,0.9999994,0.9999999999999666,0.9579692716875186,0.829490294552617,0.9859363729567544,0.8807970779778823
739,1,1.0,1.0,1.0,1.0,1.0,1.0,1.0,0.99998295,0.99999999999997,0.9580729627719068,0.1,0.9859363729567544,0.8807970779778823
740,1,0.0,1.0,0.9833333333333333,1.0,0.0,0.0,1.0,0.0081642335,0.99999999999997,0.93777743351675,0.1990861086712247,0.9859363729567544,0.8807970779778823
741,1,1.0,1.0,1.0,1.0,1.0,1.0,1.0,0.99999976,0.99999999999997,0.9578856075809804,0.9114763336539669,0.9859363729567544,0.8807970779778823
742,1,1.0,1.0,1.0,1.0,1.0,1.0,1.0,0.7647277,0.99999999999997,0.9582222249602821,0.7016069058946616,0.9859363729567544,0.8807970779778823
743,1,1.0,1.0,0.9833333333333333,1.0,1.0,1.0,1.0,0.9999958,0.99999999999997,0.9436596498616306,0.40815984067074684,0.9859363729567544,0.8807970779778823
744,1,0.0,1.0,1.0,1.0,0.0,0.0,1.0,0.00015098462,0.99999999999997,0.9575749562378444,0.13851080309324984,0.9859363729567544,0.8807970779778823
745,1,1.0,1.0,0.9833333333333333,1.0,1.0,1.0,1.0,0.9999758,0.99999999999997,0.9436118076315958,0.32887486218670203,0.9859363729567544,0.8807970779778823
746,1,0.0,1.0,1.0,1.0,0.0,0.0,1.0,5.5041833e-09,0.99999999999997,0.9525472140154726,0.1,0.9859363729567544,0.8807970779778823
747,1,1.0,1.0,0.9833333333333333,1.0,1.0,1.0,1.0,0.99998355,0.99999999999997,0.9437539221487229,0.2482421628276129,0.9859363729567544,0.8807970779778823
748,1,1.0,1.0,1.0,1.0,1.0,1.0,1.0,1.0,0.9999999999999699,0.9523999504264665,0.7605945897205119,0.9859363729567544,0.8807970779778823
749,1,1.0,1.0,0.9666666666666667,1.0,1.0,1.0,1.0,0.9998865,0.99999999999997,0.9178148124452482,0.20392690260600524,0.9859363729567544,0.8807970779778823
750,1,1.0,1.0,1.0,1.0,1.0,1.0,1.0,1.0,0.99999999999997,0.9580110860079177,0.25278164102041095,0.9859363729567544,0.8807970779778823
751,1,0.0,1.0,0.9833333333333333,1.0,0.0,0.0,1.0,0.036256477,0.99999999999997,0.9433567302115882,0.1,0.9859363729567544,0.8807970779778823
752,1,1.0,1.0,1.0,1.0,1.0,1.0,1.0,1.0,0.99999999999997,0.9521389183372325,0.2682014535953945,0.9859363729567544,0.8807970779778823
753,1,1.0,1.0,1.0,1.0,1.0,1.0,1.0,0.9999968,0.9999999999999645,0.9579247286791167,0.9298491246904113,0.9859363729567544,0.8807970779778823
754,1,1.0,1.0,0.9833333333333333,1.0,1.0,1.0,1.0,1.0,0.9999999999999623,0.9433946333988111,0.4182416382415483,0.9859363729567544,0.8807970779778823
755,1,1.0,1.0,0.9666666666666667,1.0,1.0,1.0,1.0,0.9999907,0.9999999999999492,0.9290886032177628,0.7805729064586122,0.9859363729567544,0.8807970779778823
756,1,1.0,1.0,1.0,1.0,1.0,1.0,1.0,1.0,0.99999999999997,0.9577403827092942,0.7335208111722262,0.9859363729567544,0.8807970779778823
757,1,1.0,1.0,1.0,1.0,1.0,1.0,1.0,0.99999964,0.99999999999997,0.9521307069823551,0.6215356107019647,0.9859363729567544,0.8807970779778823
758,1,0.0,1.0,1.0,1.0,0.0,0.0,1.0,0.013472446,0.99999999999997,0.9577734366271069,0.1380443524995785,0.9859363729567544,0.8807970779778823
759,1,1.0,1.0,1.0,1.0,1.0,1.0,1.0,0.99337316,0.99999999999997,0.9521569277386076,0.11078087391429597,0.9859363729567544,0.8807970779778823
760,1,1.0,1.0,0.9666666666666667,1.0,1.0,1.0,1.0,0.99946886,0.99999999999997,0.9230032245324631,0.22416174988240392,0.9859363729567544,0.8807970779778823
761,1,0.0,1.0,1.0,1.0,0.0,0.0,1.0,1.3733183e-08,0.99999999999997,0.9581921471535038,0.1,0.9859363729567544,0.8807970779778823
762,1,1.0,1.0,1.0,1.0,1.0,1.0,1.0,0.9938735,0.99999999999997,0.9582953193573351,0.2698623910253965,0.9859363729567544,0.8807970779778823
763,1,1.0,1.0,0.9833333333333333,1.0,1.0,1.0,1.0,1.0,0.9999999999999697,0.9435691997877727,0.8970913029483474,0.9859363729567544,0.8807970779778823
764,1,1.0,1.0,1.0,1.0,1.0,1.0,1.0,1.0,0.999999999999953,0.9412727581063572,0.9195239914129493,0.9859363729567544,0.8807970779778823
765,1,0.0,1.0,0.9666666666666667,1.0,0.0,0.0,1.0,0.4072059,0.9999999999999699,0.9295728733404689,0.23690510833282474,0.9859363729567544,0.8807970779778823
766,1,1.0,1.0,1.0,1.0,1.0,1.0,1.0,0.99999595,0.99999999999997,0.9578364299181534,0.9081102027755578,0.9859363729567544,0.8807970779778823
767,1,1.0,1.0,0.9833333333333333,1.0,1.0,1.0,1.0,1.0,0.99999999999997,0.9435574580183478,0.9658062106080287,0.9859363729567544,0.8807970779778823
768,1,0.0,1.0,0.9833333333333333,1.0,0.0,0.0,1.0,1.3909243e-13,0.99999999999997,0.9382962450976539,0.1,0.9859363729567544,0.8807970779778823
769,1,1.0,1.0,0.9833333333333333,1.0,1.0,1.0,1.0,0.94664294,0.99999999999997,0.9435647771052817,0.1943101315038208,0.9859363729567544,0.8807970779778823
770,1,1.0,1.0,0.9833333333333333,1.0,1.0,0.0,1.0,0.64248765,0.99999999999997,0.9382509702166043,0.10852573178069964,0.9859363729567544,0.8807970779778823
771,1,1.0,1.0,1.0,1.0,1.0,1.0,1.0,0.99999976,0.99999999999997,0.9578901747232088,0.38234768527546065,0.9859363729567544,0.8807970779778823
772,1,1.0,1.0,1.0,1.0,1.0,1.0,1.0,1.0,0.99999999999997,0.9520500566476799,0.8519601842701501,0.9859363729567544,0.8807970779778823
773,1,1.0,1.0,0.9833333333333333,1.0,1.0,1.0,1.0,1.0,0.99999999999997,0.9433510368108698,0.9794649984549085,0.9859363729567544,0.8807970779778823
774,1,1.0,1.0,0.9666666666666667,1.0,1.0,1.0,1.0,0.8736734,0.99999999999997,0.9230122385392339,0.1779084922983052,0.9859363729567544,0.8807970779778823
775,1,1.0,1.0,1.0,1.0,1.0,1.0,1.0,1.0,0.99999999999997,0.957842811549803,0.7342895566477227,0.9859363729567544,0.8807970779778823
776,1,1.0,1.0,0.9833333333333333,1.0,1.0,1.0,1.0,1.0,0.99999999999997,0.9431694894701877,0.9953797463413718,0.9859363729567544,0.8807970779778823
777,1,1.0,1.0,1.0,1.0,1.0,1.0,1.0,0.99602485,0.99999999999997,0.9578121896257278,0.18827932437272146,0.9859363729567544,0.8807970779778823
778,1,0.0,1.0,0.9833333333333333,1.0,0.0,0.0,1.0,1.4485577e-13,0.9999999999999386,0.9435887691584876,0.1,0.9859363729567544,0.8807970779778823
779,1,0.0,1.0,1.0,1.0,0.0,0.0,1.0,1.797158e-11,0.9999999999998667,0.9579428196203276,0.27593857167431207,0.9859363729567544,0.8807970779778823
780,1,1.0,1.0,0.9666666666666667,1.0,1.0,1.0,1.0,1.0,0.9999999999998964,0.9289820159721848,0.7335208111722262,0.9859363729567544,0.8807970779778823
781,1,1.0,1.0,1.0,1.0,1.0,1.0,1.0,1.0,0.9999999999999606,0.9581455312810166,0.9385261886750678,0.9859363729567544,0.8807970779778823
782,1,1.0,1.0,0.9833333333333333,1.0,1.0,1.0,1.0,1.0,0.9999999999999616,0.937733564381148,0.5051069593453675,0.9859363729567544,0.8807970779778823
783,1,1.0,1.0,0.9833333333333333,1.0,1.0,1.0,1.0,0.87642187,0.9999999999999355,0.9382628703828553,0.24894352712293485,0.9859363729567544,0.8807970779778823
784,1,0.0,1.0,1.0,1.0,0.0,0.0,1.0,0.35153407,0.9999999999187745,0.9523386168174123,0.12360600647327727,0.9859363729567544,0.8807970779778823
785,1,0.0,1.0,0.9833333333333333,1.0,0.0,0.0,1.0,0.0006470121,0.9999999536142724,0.9434969113783337,0.1,0.9859363729567544,0.8807970779778823
786,1,1.0,1.0,0.9833333333333333,1.0,1.0,1.0,1.0,1.0,0.9998954288682648,0.9376427619741564,0.9794649984549085,0.9859363729567544,0.8807970779778823
787,1,1.0,1.0,1.0,1.0,1.0,1.0,1.0,0.999972,0.9994739151270281,0.958185591665832,0.7758375674590424,0.9859363729567544,0.8807970779778823
788,1,1.0,1.0,0.9833333333333333,1.0,1.0,1.0,1.0,1.0,0.9969315002811162,0.9435524399639117,0.324469740933186,0.9859363729567544,0.8807970779778823
789,1,0.0,1.0,1.0,1.0,0.0,0.0,1.0,9.718019e-10,0.9948257014515279,0.9577729010095694,0.1,0.9859363729567544,0.8807970779778823
790,1,1.0,1.0,1.0,1.0,1.0,1.0,1.0,1.0,0.9895504113724897,0.9580209497650632,0.8562122016969277,0.9859363729567544,0.8807970779778823
791,1,1.0,1.0,0.9833333333333333,1.0,1.0,0.0,1.0,0.62983805,0.9748987918623228,0.9381717871806764,0.8267721458865431,0.9859363729567544,0.8807970779778823
792,1,0.0,1.0,1.0,1.0,0.0,0.0,1.0,0.35153407,0.9775394236564825,0.957965585941838,0.12360600647327727,0.9859363729567544,0.8807970779778823
793,1,0.0,1.0,1.0,1.0,0.0,0.0,1.0,3.233125e-10,0.9866279556625226,0.946360886721766,0.1,0.9859363729567544,0.8807970779778823
794,1,0.0,1.0,1.0,1.0,0.0,0.0,1.0,1.6072774e-13,0.9862132217689688,0.9576905547395643,0.1,0.9859363729567544,0.8807970779778823
795,1,1.0,1.0,1.0,1.0,1.0,1.0,1.0,0.7817242,0.9756865585684623,0.9578688675870202,0.9072462809628445,0.9859363729567544,0.8807970779778823
796,1,1.0,1.0,0.9666666666666667,1.0,1.0,1.0,1.0,1.0,0.9735038497066275,0.9241502936511891,0.9850767895329371,0.9859363729567544,0.8807970779778823
797,1,1.0,1.0,1.0,1.0,1.0,1.0,1.0,0.7400898,0.9603589530265627,0.9581668057239433,0.41674236585636715,0.9859363729567544,0.8807970779778823
798,1,1.0,0.9833333333333333,1.0,1.0,1.0,1.0,1.0,1.0,0.9445740479962458,0.9579078467765073,0.980981496355519,0.9859363729567544,0.8807970779778823
799,1,0.0,1.0,0.9833333333333333,1.0,0.0,0.0,1.0,0.36220494,0.980807064576473,0.9321517321907307,0.38188483687218966,0.9859363729567544,0.8807970779778823
800,1,1.0,1.0,0.9666666666666667,1.0,1.0,1.0,1.0,1.0,0.9804166028688854,0.9291821404932284,0.9815116773502562,0.9859363729567544,0.8807970779778823
801,1,1.0,1.0,1.0,1.0,1.0,1.0,1.0,1.0,0.9649138552406163,0.957762542160926,0.856473170140208,0.9859363729567544,0.8807970779778823
802,1,1.0,1.0,1.0,1.0,1.0,1.0,1.0,1.0,0.9713307373586713,0.9578289607340787,0.9195239914129493,0.9859363729567544,0.8807970779778823
803,1,0.0,1.0,0.9666666666666667,1.0,0.0,0.0,1.0,2.2223917e-07,0.9698647696940625,0.9297370890111488,0.1,0.9859363729567544,0.8807970779778823
804,1,1.0,1.0,1.0,1.0,1.0,1.0,1.0,0.9997733,0.9738211803045187,0.9579613249042084,0.8628970993267494,0.9859363729567544,0.8807970779778823
805,1,1.0,1.0,0.9833333333333333,1.0,1.0,1.0,1.0,0.9996822,0.974544025669147,0.9376536252319657,0.5057865691845055,0.9859363729567544,0.8807970779778823
806,1,0.0,0.9666666666666667,0.9833333333333333,1.0,0.0,0.0,1.0,4.688884e-06,0.9442370152242403,0.9436393224015768,0.1,0.9859363729567544,0.8807970779778823
807,1,0.0,1.0,1.0,1.0,0.0,0.0,1.0,1.9566854e-10,0.9772801398296654,0.9579232291146583,0.1,0.9859363729567544,0.8807970779778823
808,1,0.0,1.0,1.0,1.0,0.0,0.0,1.0,0.07451417,0.9490062747086504,0.9579049172844126,0.8060252783453502,0.9859363729567544,0.8807970779778823
809,1,0.0,1.0,1.0,1.0,0.0,0.0,1.0,1.9478125e-06,0.9719272848081799,0.9578799536171482,0.6156398781479044,0.9859363729567544,0.8807970779778823
810,1,1.0,1.0,0.9833333333333333,1.0,1.0,1.0,1.0,1.0,0.9865546097033003,0.9430546667277452,0.7426037373333249,0.9859363729567544,0.8807970779778823
811,1,0.0,1.0,0.9833333333333333,1.0,0.0,0.0,1.0,0.068968415,0.963679935277785,0.9434345217712063,0.22574730925990588,0.9859363729567544,0.8807970779778823
812,1,0.0,0.85,0.9833333333333333,1.0,0.0,0.0,1.0,1.1088913e-12,0.9863318575760801,0.8258408796915533,0.1,0.9859363729567544,0.8807970779778823
813,0,1.0,0.03333333333333333,1.0,1.0,0.0,0.0,1.0,1.2741223e-06,0.9105041192330828,0.019609407589086716,0.31427473152507723,0.9859363729567544,0.8807970779778823
814,0,1.0,0.7666666666666667,0.9833333333333333,1.0,0.0,0.0,1.0,2.0884262e-10,0.5875285862485994,0.3279424867796696,0.30804031792546194,0.9859363729567544,0.8807970779778823
815,1,1.0,1.0,0.9833333333333333,1.0,1.0,1.0,1.0,1.0,0.9999999999999216,0.9434038118475296,0.9533166508928888,0.9859363729567544,0.8807970779778823
816,1,1.0,1.0,0.9833333333333333,1.0,1.0,1.0,1.0,1.0,0.9999999999999519,0.9378137597274833,0.4267502258453284,0.9859363729567544,0.8807970779778823
817,1,1.0,1.0,0.95,1.0,1.0,1.0,1.0,0.99988496,0.9999999999999645,0.9156573439164929,0.9622011931629668,0.9859363729567544,0.8807970779778823
818,1,0.0,1.0,0.9666666666666667,1.0,0.0,0.0,1.0,4.401801e-15,0.9999999999999668,0.9301226349250766,0.1,0.9859363729567544,0.8807970779778823
819,1,0.0,1.0,0.9666666666666667,1.0,0.0,0.0,1.0,0.3970947,0.9999999999999699,0.9298483810822078,0.2733217828766845,0.9859363729567544,0.8807970779778823
820,1,1.0,1.0,0.9833333333333333,1.0,1.0,1.0,1.0,0.9999987,0.9999999999999679,0.9439294133196802,0.9724374421153074,0.9859363729567544,0.8807970779778823
821,1,0.0,1.0,0.9666666666666667,1.0,0.0,0.0,1.0,0.25642607,0.9999999999999685,0.9295232215465802,0.7446615866478703,0.9859363729567544,0.8807970779778823
822,1,0.0,1.0,1.0,1.0,0.0,0.0,1.0,5.5041833e-09,0.9999999999999674,0.9524807081293701,0.1,0.9859363729567544,0.8807970779778823
823,1,1.0,1.0,0.9833333333333333,1.0,1.0,1.0,1.0,0.9999999,0.9999999999999573,0.9437849975530993,0.8795372593776664,0.9859363729567544,0.8807970779778823
824,1,1.0,1.0,1.0,1.0,1.0,1.0,1.0,1.0,0.9999999999999567,0.9471399807928443,0.9964856988953309,0.9859363729567544,0.8807970779778823
825,1,1.0,0.7833333333333333,0.9833333333333333,1.0,1.0,1.0,1.0,1.0,0.9947961964647861,0.7863450981873773,0.9732337534111175,0.9859363729567544,0.8807970779778823
826,1,0.0,0.7833333333333333,1.0,1.0,0.0,0.0,1.0,5.8608466e-06,0.990794889781663,0.77645104959767,0.2599971595092155,0.9859363729567544,0.8807970779778823
827,1,1.0,1.0,0.9666666666666667,1.0,1.0,1.0,1.0,0.9996222,0.99999999999997,0.9528254709559967,0.9324869824282369,0.9859363729567544,0.8807970779778823
828,1,0.0,1.0,0.9833333333333333,1.0,0.0,0.0,1.0,9.82822e-06,0.99999999999997,0.9714401558275673,0.1003838954544549,0.9859363729567544,0.8807970779778823
829,1,1.0,1.0,1.0,1.0,1.0,1.0,1.0,0.9999895,0.99999999999997,0.9813204786351195,0.991320830552049,0.9859363729567544,0.8807970779778823
830,1,0.0,1.0,1.0,1.0,0.0,0.0,1.0,9.82822e-06,0.99999999999997,0.9858635002550689,0.1003838954544549,0.9859363729567544,0.8807970779778823
831,1,0.0,1.0,0.9666666666666667,1.0,0.0,0.0,1.0,0.14409849,0.99999999999997,0.956603366146071,0.1,0.9859363729567544,0.8807970779778823
832,1,1.0,1.0,1.0,1.0,1.0,1.0,1.0,1.0,0.99999999999997,0.9738084552838715,0.87045581279883,0.9859363729567544,0.8807970779778823
833,1,1.0,1.0,0.9666666666666667,1.0,1.0,1.0,1.0,1.0,0.99999999999997,0.9561183590671105,0.9916966862777288,0.9859363729567544,0.8807970779778823
834,1,1.0,1.0,0.9666666666666667,1.0,1.0,1.0,1.0,0.999092,0.99999999999997,0.9563633115397436,0.14108245061996905,0.9859363729567544,0.8807970779778823
835,1,1.0,1.0,1.0,1.0,1.0,1.0,1.0,1.0,0.99999999999997,0.9817484441886074,0.659662308632584,0.9859363729567544,0.8807970779778823
836,1,1.0,1.0,0.9666666666666667,1.0,1.0,1.0,1.0,1.0,0.99999999999997,0.9526265296679506,0.9587349533741815,0.9859363729567544,0.8807970779778823
837,1,1.0,1.0,1.0,1.0,1.0,1.0,1.0,0.9995827,0.99999999999997,0.9858558952458745,0.9973560396425522,0.9859363729567544,0.8807970779778823
838,1,1.0,1.0,0.9833333333333333,1.0,1.0,1.0,1.0,1.0,0.99999999999997,0.9711527394343944,0.8788993034114874,0.9859363729567544,0.8807970779778823
839,1,0.0,1.0,1.0,1.0,0.0,0.0,1.0,1.3410914e-15,0.99999999999997,0.9775396398964252,0.1,0.9859363729567544,0.8807970779778823
840,1,0.0,1.0,0.9833333333333333,1.0,0.0,0.0,1.0,3.2827323e-09,0.99999999999997,0.9713455320296319,0.1,0.9859363729567544,0.8807970779778823
841,1,0.0,1.0,0.9833333333333333,1.0,0.0,0.0,1.0,3.0266167e-10,0.99999999999997,0.9713129170515714,0.1,0.9859363729567544,0.8807970779778823
842,1,1.0,1.0,1.0,1.0,1.0,1.0,1.0,1.0,0.99999999999997,0.9859064501969608,0.1,0.9859363729567544,0.8807970779778823
843,1,1.0,1.0,0.9833333333333333,1.0,1.0,1.0,1.0,0.9971705,0.99999999999997,0.9711287096547062,0.20490423665318128,0.9859363729567544,0.8807970779778823
844,1,0.0,1.0,0.9833333333333333,1.0,0.0,0.0,1.0,2.3267104e-08,0.99999999999997,0.9708451581328875,0.1,0.9859363729567544,0.8807970779778823
845,1,1.0,1.0,1.0,1.0,1.0,1.0,1.0,0.9999999,0.99999999999997,0.9858871120647178,0.9869115521370168,0.9859363729567544,0.8807970779778823
846,1,1.0,1.0,0.9666666666666667,1.0,1.0,1.0,1.0,0.9970893,0.99999999999997,0.9480920414737709,0.25746383193236816,0.9859363729567544,0.8807970779778823
847,1,1.0,1.0,1.0,1.0,1.0,1.0,1.0,0.9948866,0.99999999999997,0.9858827466547655,0.3976530250742608,0.9859363729567544,0.8807970779778823
848,1,0.0,1.0,1.0,1.0,0.0,0.0,1.0,3.3051311e-12,0.99999999999997,0.9858659747583952,0.1,0.9859363729567544,0.8807970779778823
849,1,1.0,1.0,1.0,1.0,1.0,1.0,1.0,0.9999075,0.99999999999997,0.9859775493963021,0.23187256427684283,0.9859363729567544,0.8807970779778823
850,1,1.0,1.0,1.0,1.0,1.0,1.0,1.0,1.0,0.99999999999997,0.9819433950862998,0.5563036772911174,0.9859363729567544,0.8807970779778823
851,1,1.0,1.0,0.9833333333333333,1.0,1.0,1.0,1.0,0.9999443,0.99999999999997,0.967650822986899,0.12746446929133737,0.9859363729567544,0.8807970779778823
852,1,1.0,1.0,0.95,1.0,1.0,1.0,1.0,0.99999857,0.99999999999997,0.9372049617496984,0.4422890523980754,0.9859363729567544,0.8807970779778823
853,1,0.0,1.0,0.9666666666666667,1.0,0.0,0.0,1.0,0.07451417,0.99999999999997,0.9514818368451825,0.8060252783453502,0.9859363729567544,0.8807970779778823
854,1,1.0,1.0,0.9833333333333333,1.0,1.0,1.0,1.0,0.99999976,0.99999999999997,0.9708369811409575,0.6345667281920946,0.9859363729567544,0.8807970779778823
855,1,1.0,1.0,1.0,1.0,1.0,1.0,1.0,1.0,0.99999999999997,0.9817767449646776,0.9220078579861262,0.9859363729567544,0.8807970779778823
856,1,0.0,1.0,0.9833333333333333,1.0,0.0,0.0,1.0,0.0004184108,0.99999999999997,0.9709777474252131,0.23466765181219684,0.9859363729567544,0.8807970779778823
857,1,1.0,1.0,0.9833333333333333,1.0,1.0,1.0,1.0,0.99999714,0.99999999999997,0.9713137735654229,0.1515444419493013,0.9859363729567544,0.8807970779778823
858,1,0.0,1.0,0.9833333333333333,1.0,0.0,0.0,1.0,0.0029098105,0.99999999999997,0.9709714694325965,0.1281403686997113,0.9859363729567544,0.8807970779778823
859,1,0.0,1.0,1.0,1.0,0.0,0.0,1.0,9.718019e-10,0.9999999999999699,0.98591338664349,0.1,0.9859363729567544,0.8807970779778823
860,1,0.0,1.0,0.9833333333333333,1.0,0.0,0.0,1.0,0.0003057393,0.9999999999999685,0.9671082849553246,0.11429712143452582,0.9859363729567544,0.8807970779778823
861,1,0.0,1.0,1.0,1.0,0.0,0.0,1.0,0.25682324,0.9999999999999696,0.9817747625546343,0.16960940153250634,0.9859363729567544,0.8807970779778823
862,1,0.0,1.0,1.0,1.0,0.0,0.0,1.0,4.1377902e-08,0.9999999999999699,0.9859731060649176,0.22157820241595014,0.9859363729567544,0.8807970779778823
863,1,1.0,1.0,1.0,1.0,1.0,1.0,1.0,1.0,0.99999999999997,0.9816192371463325,0.7898510662464483,0.9859363729567544,0.8807970779778823
864,1,1.0,1.0,1.0,1.0,1.0,1.0,1.0,0.9997392,0.9999999999999653,0.9858728131442723,0.20024211308705334,0.9859363729567544,0.8807970779778823
865,1,1.0,1.0,0.9833333333333333,1.0,1.0,1.0,1.0,0.999998,0.9999999999999561,0.9713169713217679,0.8019341778635344,0.9859363729567544,0.8807970779778823
866,1,1.0,1.0,0.9833333333333333,1.0,1.0,1.0,1.0,0.9984048,0.999999999999964,0.9706879038055849,0.42173316397704474,0.9859363729567544,0.8807970779778823
867,1,1.0,1.0,1.0,1.0,1.0,1.0,1.0,0.996851,0.9999999999999697,0.9771988045496266,0.21085373068681304,0.9859363729567544,0.8807970779778823
868,1,1.0,1.0,0.9666666666666667,1.0,1.0,1.0,1.0,1.0,0.99999999999997,0.9560751539213596,0.7408851222515064,0.9859363729567544,0.8807970779778823
869,1,1.0,1.0,1.0,1.0,1.0,1.0,1.0,1.0,0.99999999999997,0.9859092192095109,0.9629175195537952,0.9859363729567544,0.8807970779778823
870,1,1.0,1.0,1.0,1.0,1.0,1.0,1.0,0.8932082,0.99999999999997,0.9859495197953608,0.10015950318476434,0.9859363729567544,0.8807970779778823
871,1,1.0,1.0,0.9833333333333333,1.0,1.0,1.0,1.0,1.0,0.9999999999999515,0.971239450204665,0.7516586051911581,0.9859363729567544,0.8807970779778823
872,1,0.0,1.0,0.9833333333333333,1.0,0.0,0.0,1.0,3.6918276e-08,0.9999999999999697,0.9672325655980791,0.4096681335033886,0.9859363729567544,0.8807970779778823
873,1,1.0,1.0,1.0,1.0,1.0,1.0,1.0,0.9896073,0.9999999999999692,0.9858702634705087,0.18496782535239917,0.9859363729567544,0.8807970779778823
874,1,1.0,1.0,1.0,1.0,1.0,1.0,1.0,0.99999905,0.99999999999997,0.9818862356501296,0.6552260946294374,0.9859363729567544,0.8807970779778823
875,1,1.0,1.0,1.0,1.0,1.0,1.0,1.0,0.99999917,0.9999999999999695,0.9815511844815442,0.9925016649172462,0.9859363729567544,0.8807970779778823
876,1,1.0,1.0,0.9833333333333333,1.0,1.0,1.0,1.0,0.99343103,0.99999999999997,0.9673575257598149,0.781446129778931,0.9859363729567544,0.8807970779778823
877,1,1.0,1.0,1.0,1.0,1.0,1.0,1.0,1.0,0.99999999999997,0.9816288369532946,0.7466034304968518,0.9859363729567544,0.8807970779778823
878,1,0.0,1.0,0.9833333333333333,1.0,0.0,0.0,1.0,3.9058336e-06,0.99999999999997,0.9711123649709825,0.4887950179946895,0.9859363729567544,0.8807970779778823
879,1,1.0,1.0,1.0,1.0,1.0,1.0,1.0,0.99190384,0.99999999999997,0.9858698050067651,0.7576371746564398,0.9859363729567544,0.8807970779778823
880,1,1.0,0.7833333333333333,0.9833333333333333,1.0,1.0,1.0,1.0,1.0,0.9999999998564796,0.7616529640277362,0.9658062106080287,0.9859363729567544,0.8807970779778823
881,0,1.0,0.016666666666666666,1.0,1.0,0.0,0.0,0.0,1.8469508e-09,0.9581613938331183,0.02438750076356773,0.1,0.9859363729567544,0.8807970779778823
882,0,1.0,0.4166666666666667,1.0,1.0,0.0,0.0,1.0,0.0005417125,0.5810958126296041,0.022047750395869432,0.5262236396289184,0.9859363729567544,0.8807970779778823
883,0,1.0,0.65,1.0,1.0,1.0,1.0,1.0,2.720611e-11,0.33488332916161434,0.019412820141476144,0.9995806010728354,0.9859363729567544,0.8807970779778823
884,0,0.0,0.7166666666666667,0.9833333333333333,1.0,0.0,0.0,1.0,0.69049734,0.34143538241850024,0.031452094007661587,0.32366092423124054,0.9859363729567544,0.8807970779778823
885,0,1.0,0.8666666666666667,0.9666666666666667,1.0,1.0,1.0,1.0,4.9199745e-05,0.262942210293018,0.0455979504103877,0.3322151859491294,0.9859363729567544,0.8807970779778823
886,0,1.0,0.8,1.0,1.0,1.0,1.0,1.0,4.693644e-06,0.29303624324952676,0.019454141578807118,0.2941146933297258,0.9859363729567544,0.8807970779778823
887,0,1.0,0.85,0.9666666666666667,1.0,1.0,1.0,1.0,4.1269452e-08,0.24568080008591844,0.04474303208060841,0.8393890408591013,0.9859363729567544,0.8807970779778823
888,0,1.0,0.8166666666666667,0.9666666666666667,1.0,1.0,1.0,1.0,1.7406449e-09,0.25263685177873735,0.0410797653948641,0.9838191339578173,0.9859363729567544,0.8807970779778823
889,0,1.0,0.75,0.9833333333333333,1.0,1.0,1.0,1.0,0.00016018294,0.3168053765596255,0.03240752257167929,0.9962440950748255,0.9859363729567544,0.8807970779778823
890,0,0.0,0.6166666666666667,0.9833333333333333,1.0,0.0,0.0,1.0,0.69049734,0.3742982767250051,0.03159917086902671,0.32366092423124054,0.9859363729567544,0.8807970779778823
891,0,1.0,0.7666666666666667,1.0,1.0,1.0,1.0,1.0,6.8185696e-10,0.3200994840816215,0.019655769341555072,0.8844881843282184,0.9859363729567544,0.8807970779778823
892,0,1.0,0.8333333333333334,0.9833333333333333,1.0,1.0,1.0,1.0,0.0008201954,0.26432458342992443,0.030126122276847824,0.27611217404237254,0.9859363729567544,0.8807970779778823
893,0,1.0,0.7333333333333333,1.0,1.0,1.0,1.0,1.0,1.2569387e-06,0.3112455440915847,0.019440534271665862,0.5906563412929802,0.9859363729567544,0.8807970779778823
894,0,1.0,0.75,1.0,1.0,1.0,1.0,1.0,6.6079207e-07,0.3133096518046046,0.01953466988267941,0.3092558312487487,0.9859363729567544,0.8807970779778823
895,0,1.0,0.8666666666666667,0.9666666666666667,1.0,1.0,1.0,1.0,6.293641e-06,0.27529312233569647,0.04108608236434625,0.8168118639243936,0.9859363729567544,0.8807970779778823
896,0,1.0,0.8833333333333333,0.9833333333333333,1.0,0.0,0.0,1.0,1.7133832e-14,0.5322834056187441,0.3922699771647167,0.1,0.9859363729567544,0.8807970779778823
897,1,1.0,1.0,1.0,1.0,1.0,1.0,1.0,0.99999976,0.99999999999997,0.9593218669323722,0.3057487389982499,0.9859363729567544,0.8807970779778823
898,1,1.0,1.0,1.0,1.0,1.0,1.0,1.0,0.9871085,0.99999999999997,0.9647262238065454,0.6336024974270319,0.9859363729567544,0.8807970779778823
899,1,1.0,1.0,0.9833333333333333,1.0,1.0,1.0,1.0,0.9996822,0.99999999999997,0.950897674048407,0.5057865691845055,0.9859363729567544,0.8807970779778823
900,1,1.0,1.0,0.9833333333333333,1.0,1.0,1.0,1.0,1.0,0.99999999999997,0.9449428519554329,0.8951122581453572,0.9859363729567544,0.8807970779778823
901,1,0.0,1.0,0.95,1.0,0.0,0.0,1.0,9.38001e-11,0.99999999999997,0.9217938335581528,0.35689134948490503,0.9859363729567544,0.8807970779778823
902,1,0.0,1.0,0.9833333333333333,1.0,0.0,0.0,1.0,1.797158e-11,0.99999999999997,0.9451547517460738,0.27593857167431207,0.9859363729567544,0.8807970779778823
903,1,0.0,1.0,1.0,1.0,0.0,0.0,1.0,1.8142469e-08,0.99999999999997,0.9649186334292789,0.1,0.9859363729567544,0.8807970779778823
904,1,1.0,1.0,1.0,1.0,1.0,1.0,1.0,1.0,0.99999999999997,0.9648490939309471,0.4267502258453284,0.9859363729567544,0.8807970779778823
905,0,1.0,0.6666666666666666,1.0,1.0,0.0,0.0,1.0,1.0355342e-12,0.6023237961053179,0.2584546719349745,0.2499748066427335,0.9859363729567544,0.8807970779778823
906,1,1.0,0.9833333333333333,0.9833333333333333,1.0,1.0,1.0,1.0,1.0,0.9822133914525862,0.9103877648115152,0.9572629921487055,0.9859363729567544,0.8807970779778823
907,1,1.0,1.0,1.0,1.0,1.0,1.0,1.0,0.9491684,0.9999999999443577,0.9496762363976511,0.25523531097960994,0.9859363729567544,0.8807970779778823
908,1,0.0,1.0,0.9833333333333333,1.0,0.0,0.0,1.0,3.344522e-10,0.999999999969959,0.92376899368791,0.16953796513629257,0.9859363729567544,0.8807970779778823
909,1,1.0,1.0,0.9833333333333333,1.0,1.0,1.0,1.0,0.98682785,0.9999999999695005,0.9414697265281068,0.1423031061774227,0.9859363729567544,0.8807970779778823
910,1,1.0,1.0,0.9833333333333333,1.0,1.0,1.0,1.0,0.9999995,0.9999999984768916,0.9296234638035449,0.6489883201016136,0.9859363729567544,0.8807970779778823
911,1,0.0,1.0,1.0,1.0,0.0,0.0,1.0,0.04825154,0.9999999991916717,0.9555695232261471,0.12134596872986951,0.9859363729567544,0.8807970779778823
912,1,1.0,1.0,1.0,1.0,1.0,1.0,1.0,0.9999852,0.9999999012062685,0.9559506608414825,0.6018075337056683,0.9859363729567544,0.8807970779778823
913,1,1.0,1.0,1.0,1.0,1.0,1.0,1.0,0.8386565,0.9999998478422774,0.9558666042894642,0.12989260380094145,0.9859363729567544,0.8807970779778823
914,1,1.0,1.0,1.0,1.0,1.0,1.0,1.0,0.9999963,0.9999999977998474,0.9496277180563324,0.6267572860273429,0.9859363729567544,0.8807970779778823
915,1,0.0,1.0,0.9833333333333333,1.0,0.0,0.0,1.0,0.013339142,0.9999999982925819,0.935750619659687,0.14861860717272699,0.9859363729567544,0.8807970779778823
916,1,1.0,1.0,1.0,1.0,1.0,1.0,1.0,0.99999404,0.9999999994592069,0.9556632447576711,0.39642542481143034,0.9859363729567544,0.8807970779778823
917,1,1.0,1.0,0.9833333333333333,1.0,1.0,1.0,1.0,0.99971277,0.9999999988779215,0.9416319312210821,0.9384258487980175,0.9859363729567544,0.8807970779778823
918,1,0.0,1.0,1.0,1.0,0.0,0.0,1.0,4.039453e-10,0.9999999987286005,0.9555799984435562,0.23504315055728822,0.9859363729567544,0.8807970779778823
919,1,1.0,1.0,0.9833333333333333,1.0,1.0,1.0,1.0,1.0,0.999999975542996,0.9351169984435302,0.9022665694151205,0.9859363729567544,0.8807970779778823
920,1,1.0,1.0,1.0,1.0,1.0,1.0,1.0,1.0,0.9999999694228235,0.9559458279807875,0.8662003556937657,0.9859363729567544,0.8807970779778823
921,1,0.0,1.0,0.9833333333333333,1.0,0.0,0.0,1.0,4.8680813e-13,0.9999997551786578,0.935816778420207,0.1,0.9859363729567544,0.8807970779778823
922,1,1.0,1.0,0.9833333333333333,1.0,1.0,1.0,1.0,1.0,0.9999504651054636,0.9351881989798716,0.17807097536857733,0.9859363729567544,0.8807970779778823
923,1,1.0,1.0,1.0,1.0,1.0,1.0,1.0,1.0,0.9999996978282416,0.9556378737565018,0.7600278647528214,0.9859363729567544,0.8807970779778823
924,1,1.0,1.0,0.9666666666666667,1.0,1.0,1.0,1.0,1.0,0.9999996530625865,0.9218022272136978,0.4958904358598257,0.9859363729567544,0.8807970779778823
925,1,1.0,1.0,1.0,1.0,0.0,0.0,1.0,0.514872,0.9998135579638103,0.9557049432141198,0.1697731909346941,0.9859363729567544,0.8807970779778823
926,1,1.0,1.0,1.0,1.0,1.0,1.0,1.0,0.9999075,0.9997577160830458,0.9438369118071417,0.23187256427684283,0.9859363729567544,0.8807970779778823
927,0,1.0,0.6666666666666666,0.9666666666666667,1.0,0.0,0.0,1.0,1.3278632e-08,0.6582619321027675,0.31185100136959787,0.720521436714016,0.9859363729567544,0.8807970779778823
928,0,1.0,0.7166666666666667,1.0,1.0,1.0,1.0,1.0,0.0011993204,0.3392930900157295,0.019552258097720532,0.47163532192883156,0.9859363729567544,0.8807970779778823
929,1,1.0,1.0,1.0,1.0,1.0,1.0,1.0,1.0,0.9999999999288174,0.9296676161294746,0.9808131072563134,0.9859363729567544,0.8807970779778823
930,1,1.0,1.0,1.0,1.0,1.0,1.0,1.0,0.99988496,0.99999999999997,0.923449113976607,0.9622011931629668,0.9859363729567544,0.8807970779778823
931,1,0.0,1.0,0.9833333333333333,1.0,0.0,0.0,1.0,1.2180659e-05,0.99999999999997,0.9035630745673723,0.1,0.9859363729567544,0.8807970779778823
932,1,0.0,1.0,1.0,1.0,0.0,0.0,1.0,0.00015098462,0.99999999999997,0.9299652609758964,0.13851080309324984,0.9859363729567544,0.8807970779778823
933,1,1.0,1.0,0.9666666666666667,1.0,1.0,1.0,1.0,0.9887215,0.99999999999997,0.9023371177928803,0.5096592394213145,0.9859363729567544,0.8807970779778823
934,1,1.0,1.0,0.9833333333333333,1.0,1.0,1.0,1.0,0.9998708,0.99999999999997,0.9159425059180003,0.9171636957063363,0.9859363729567544,0.8807970779778823
935,1,1.0,1.0,1.0,1.0,1.0,1.0,1.0,0.9810579,0.99999999999997,0.9301100635493494,0.11400813319352046,0.9859363729567544,0.8807970779778823
936,1,1.0,1.0,0.9833333333333333,1.0,1.0,1.0,1.0,0.99999917,0.99999999999997,0.9161950354644554,0.1925793588306167,0.9859363729567544,0.8807970779778823
937,1,0.0,1.0,0.9666666666666667,1.0,0.0,0.0,1.0,1.6697414e-11,0.99999999999997,0.9024047263930363,0.1,0.9859363729567544,0.8807970779778823
938,1,1.0,1.0,1.0,1.0,1.0,1.0,1.0,1.0,0.99999999999997,0.9168288800397164,0.7610156444741744,0.9859363729567544,0.8807970779778823
939,1,0.0,1.0,0.9833333333333333,1.0,0.0,0.0,1.0,5.997959e-09,0.99999999999997,0.910374049389152,0.1,0.9859363729567544,0.8807970779778823
940,1,1.0,1.0,1.0,1.0,1.0,1.0,1.0,1.0,0.99999999999997,0.9171831570882557,0.9592459720128048,0.9859363729567544,0.8807970779778823
941,1,0.0,1.0,0.9833333333333333,1.0,0.0,0.0,1.0,1.3403438e-05,0.99999999999997,0.9093806100388641,0.13652290923108515,0.9859363729567544,0.8807970779778823
942,1,0.0,1.0,1.0,1.0,0.0,0.0,1.0,3.9058336e-06,0.99999999999997,0.9234058760062039,0.4887950179946895,0.9859363729567544,0.8807970779778823
943,1,1.0,1.0,0.9833333333333333,1.0,1.0,1.0,1.0,0.99997675,0.99999999999997,0.9151605679237227,0.19903105408564986,0.9859363729567544,0.8807970779778823
944,1,1.0,1.0,1.0,1.0,1.0,1.0,1.0,0.99999976,0.99999999999997,0.9296096090344578,0.2360349144067804,0.9859363729567544,0.8807970779778823
945,1,0.0,1.0,0.9833333333333333,1.0,0.0,0.0,1.0,1.4485577e-13,0.99999999999997,0.9163820575775224,0.1,0.9859363729567544,0.8807970779778823
946,1,1.0,1.0,1.0,1.0,1.0,1.0,1.0,0.8365565,0.99999999999997,0.9293002097734798,0.17808688950374102,0.9859363729567544,0.8807970779778823
947,1,1.0,1.0,1.0,1.0,1.0,1.0,1.0,0.99996984,0.99999999999997,0.9301687280820367,0.15706284118987018,0.9859363729567544,0.8807970779778823
948,1,1.0,1.0,1.0,1.0,1.0,1.0,1.0,0.9999995,0.99999999999997,0.923627085687937,0.8981003350632393,0.9859363729567544,0.8807970779778823
949,1,0.0,1.0,0.95,1.0,0.0,0.0,1.0,1.70494e-10,0.99999999999997,0.8876928912347252,0.2725498910290351,0.9859363729567544,0.8807970779778823
950,1,1.0,1.0,1.0,1.0,1.0,1.0,1.0,1.0,0.99999999999997,0.9230416009173534,0.9891537061661906,0.9859363729567544,0.8807970779778823
951,1,1.0,1.0,0.95,1.0,1.0,1.0,1.0,0.9999703,0.99999999999997,0.8822787650174921,0.13630983221320886,0.9859363729567544,0.8807970779778823
952,1,1.0,1.0,1.0,1.0,1.0,1.0,1.0,0.9997172,0.99999999999997,0.9165113004372064,0.1770030319685826,0.9859363729567544,0.8807970779778823
953,1,1.0,1.0,0.9833333333333333,1.0,1.0,1.0,1.0,1.0,0.99999999999997,0.9097406864200452,0.9580048109976181,0.9859363729567544,0.8807970779778823
954,1,1.0,1.0,1.0,1.0,1.0,1.0,1.0,1.0,0.99999999999997,0.923474056348986,0.9213250551949715,0.9859363729567544,0.8807970779778823
955,1,1.0,1.0,1.0,1.0,1.0,1.0,1.0,0.9999393,0.99999999999997,0.9297201726457389,0.9954231066714642,0.9859363729567544,0.8807970779778823
956,1,1.0,1.0,1.0,1.0,1.0,1.0,1.0,0.9999999,0.99999999999997,0.9297317745990983,0.3460920406932576,0.9859363729567544,0.8807970779778823
957,1,1.0,1.0,1.0,1.0,1.0,1.0,1.0,0.9908941,0.99999999999997,0.9302315745447785,0.1448332707106699,0.9859363729567544,0.8807970779778823
958,1,0.0,1.0,0.9833333333333333,1.0,0.0,0.0,1.0,0.4072059,0.99999999999997,0.9165133253905761,0.23690510833282474,0.9859363729567544,0.8807970779778823
959,1,1.0,1.0,1.0,1.0,1.0,1.0,1.0,0.999087,0.99999999999997,0.9298692880392188,0.6769351626892786,0.9859363729567544,0.8807970779778823
960,1,1.0,1.0,1.0,1.0,1.0,1.0,1.0,0.999998,0.99999999999997,0.9238209700043593,0.8019341778635344,0.9859363729567544,0.8807970779778823
961,1,1.0,1.0,1.0,1.0,1.0,1.0,1.0,0.999554,0.99999999999997,0.9303790779462563,0.9894586186200907,0.9859363729567544,0.8807970779778823
962,1,1.0,1.0,1.0,1.0,1.0,1.0,1.0,0.99998295,0.99999999999997,0.9299198975432053,0.1,0.9859363729567544,0.8807970779778823
963,1,1.0,1.0,0.9833333333333333,1.0,1.0,1.0,1.0,0.9999541,0.99999999999997,0.9164313681657273,0.3989818229685059,0.9859363729567544,0.8807970779778823
964,1,1.0,1.0,0.9666666666666667,1.0,1.0,1.0,1.0,0.999998,0.99999999999997,0.901346461005154,0.8019341778635344,0.9859363729567544,0.8807970779778823
965,1,0.0,1.0,0.9833333333333333,1.0,0.0,0.0,1.0,1.8572707e-19,0.99999999999997,0.915877320244054,0.1,0.9859363729567544,0.8807970779778823
966,1,0.0,1.0,1.0,1.0,0.0,0.0,1.0,0.020937636,0.99999999999997,0.9296386895350461,0.1,0.9859363729567544,0.8807970779778823
967,1,1.0,1.0,0.9833333333333333,1.0,1.0,1.0,1.0,1.0,0.99999999999997,0.9162401147726905,0.8610554893434815,0.9859363729567544,0.8807970779778823
968,1,0.0,0.7666666666666667,0.9833333333333333,1.0,0.0,0.0,1.0,0.023383148,0.99999999999997,0.734736849197107,0.1858962316430338,0.9859363729567544,0.8807970779778823
969,1,0.0,1.0,1.0,1.0,0.0,0.0,1.0,1.6072774e-13,0.99999999999997,0.9605979953043213,0.1,0.9859363729567544,0.8807970779778823
970,1,1.0,1.0,0.9833333333333333,1.0,1.0,1.0,1.0,1.0,0.99999999999997,0.9461315344056516,0.8402963665974585,0.9859363729567544,0.8807970779778823
971,1,0.0,1.0,1.0,1.0,0.0,0.0,1.0,0.29819658,0.99999999999997,0.9604785635141,0.20204220841820467,0.9859363729567544,0.8807970779778823
972,1,1.0,1.0,1.0,1.0,1.0,1.0,1.0,1.0,0.99999999999997,0.9607782941248868,0.9839578465989843,0.9859363729567544,0.8807970779778823
973,1,1.0,1.0,0.9833333333333333,1.0,1.0,1.0,1.0,0.94664294,0.99999999999997,0.9459299221188282,0.1943101315038208,0.9859363729567544,0.8807970779778823
974,1,1.0,1.0,1.0,1.0,1.0,1.0,1.0,0.9999987,0.99999999999997,0.9549430945777482,0.9898822395019363,0.9859363729567544,0.8807970779778823
975,1,1.0,1.0,0.9833333333333333,1.0,1.0,1.0,1.0,1.0,0.99999999999997,0.9463853080285407,0.9920424062396028,0.9859363729567544,0.8807970779778823
976,1,0.0,1.0,0.9833333333333333,1.0,0.0,0.0,1.0,4.8642113e-09,0.99999999999997,0.9398713757786954,0.1,0.9859363729567544,0.8807970779778823
977,1,1.0,1.0,1.0,1.0,1.0,1.0,1.0,0.9999949,0.99999999999997,0.9602944584641971,0.9919996376440813,0.9859363729567544,0.8807970779778823
978,1,1.0,1.0,1.0,1.0,1.0,1.0,1.0,0.9999993,0.99999999999997,0.9604289731817632,0.1,0.9859363729567544,0.8807970779778823
979,1,0.0,1.0,0.95,1.0,0.0,0.0,1.0,1.685985e-08,0.99999999999997,0.9169161292555966,0.23734118460306347,0.9859363729567544,0.8807970779778823
980,1,1.0,1.0,1.0,1.0,1.0,1.0,1.0,1.0,0.99999999999997,0.9549269167659955,0.8519601842701501,0.9859363729567544,0.8807970779778823
981,1,0.0,1.0,0.95,1.0,0.0,0.0,1.0,0.008417474,0.99999999999997,0.89529151573729,0.1254811445552468,0.9859363729567544,0.8807970779778823
982,1,0.0,1.0,1.0,1.0,0.0,0.0,1.0,9.533145e-10,0.99999999999997,0.9605941071545981,0.1,0.9859363729567544,0.8807970779778823
983,1,1.0,1.0,1.0,1.0,1.0,1.0,1.0,1.0,0.99999999999997,0.9547793924758137,0.4604221292950417,0.9859363729567544,0.8807970779778823
984,1,1.0,1.0,1.0,1.0,1.0,1.0,1.0,0.9999968,0.99999999999997,0.9601931561643055,0.9298491246904113,0.9859363729567544,0.8807970779778823
985,1,1.0,1.0,0.9666666666666667,1.0,1.0,1.0,1.0,0.99999976,0.99999999999997,0.925133810109412,0.9114763336539669,0.9859363729567544,0.8807970779778823
986,1,0.0,1.0,1.0,1.0,0.0,0.0,1.0,9.019544e-16,0.99999999999997,0.9602695578243448,0.1,0.9859363729567544,0.8807970779778823
987,1,1.0,1.0,0.9833333333333333,1.0,1.0,1.0,1.0,0.99978656,0.99999999999997,0.9400866542179975,0.977957952223614,0.9859363729567544,0.8807970779778823
988,1,1.0,1.0,1.0,1.0,1.0,1.0,1.0,0.99998736,0.99999999999997,0.9600877387358613,0.6514062411203296,0.9859363729567544,0.8807970779778823
989,1,1.0,1.0,0.9833333333333333,1.0,1.0,1.0,1.0,0.9999684,0.99999999999997,0.9455928112035057,0.6393200410396528,0.9859363729567544,0.8807970779778823
990,1,0.0,1.0,1.0,1.0,0.0,0.0,1.0,0.4006288,0.99999999999997,0.9607114567655638,0.1,0.9859363729567544,0.8807970779778823
991,1,0.0,1.0,1.0,1.0,0.0,0.0,1.0,9.533145e-10,0.99999999999997,0.960720456610738,0.1,0.9859363729567544,0.8807970779778823
992,1,1.0,1.0,1.0,1.0,1.0,1.0,1.0,0.9992331,0.99999999999997,0.9606036321302185,0.9925254356471738,0.9859363729567544,0.8807970779778823
993,1,1.0,1.0,0.9833333333333333,1.0,1.0,0.0,1.0,0.6221816,0.99999999999997,0.9411140572652709,0.22878561753558377,0.9859363729567544,0.8807970779778823
994,1,1.0,1.0,0.9833333333333333,1.0,1.0,1.0,1.0,1.0,0.99999999999997,0.9461192475858824,0.7516586051911581,0.9859363729567544,0.8807970779778823
995,1,1.0,1.0,1.0,1.0,1.0,1.0,1.0,1.0,0.99999999999997,0.9605569448488254,0.9794649984549085,0.9859363729567544,0.8807970779778823
996,1,1.0,1.0,0.9833333333333333,1.0,1.0,1.0,1.0,1.0,0.99999999999997,0.940330473281317,0.7617977051802466,0.9859363729567544,0.8807970779778823
997,1,1.0,1.0,1.0,1.0,1.0,1.0,1.0,1.0,0.99999999999997,0.9605516752116243,0.9733558464827156,0.9859363729567544,0.8807970779778823
998,1,0.0,1.0,0.9666666666666667,1.0,0.0,0.0,1.0,3.3051311e-12,0.99999999999997,0.9322705148165065,0.1,0.9859363729567544,0.8807970779778823
999,1,1.0,1.0,0.9666666666666667,1.0,1.0,1.0,1.0,0.99922144,0.99999999999997,0.9205684094779815,0.12590884808452532,0.9859363729567544,0.8807970779778823
1000,1,1.0,1.0,1.0,1.0,1.0,1.0,1.0,1.0,0.99999999999997,0.9497667994033753,0.9713297326589602,0.9859363729567544,0.8807970779778823
1001,1,1.0,1.0,1.0,1.0,1.0,1.0,1.0,0.9999968,0.99999999999997,0.9441492297704975,0.9298491246904113,0.9859363729567544,0.8807970779778823
1002,1,1.0,1.0,1.0,1.0,1.0,1.0,1.0,0.9989151,0.99999999999997,0.9607157754121822,0.21584119514094818,0.9859363729567544,0.8807970779778823
1003,1,1.0,1.0,1.0,1.0,1.0,1.0,1.0,0.9999025,0.99999999999997,0.9606596614384676,0.9347296828864192,0.9859363729567544,0.8807970779778823
1004,1,1.0,1.0,1.0,1.0,1.0,1.0,1.0,1.0,0.99999999999997,0.9549553946061383,0.8692393834623902,0.9859363729567544,0.8807970779778823
1005,1,1.0,1.0,1.0,1.0,1.0,1.0,1.0,1.0,0.99999999999997,0.9552399545809374,0.9443170559207965,0.9859363729567544,0.8807970779778823
1006,1,1.0,1.0,0.9833333333333333,1.0,1.0,1.0,1.0,1.0,0.99999999999997,0.9465299253875291,0.8479859346325901,0.9859363729567544,0.8807970779778823
1007,1,1.0,1.0,0.9833333333333333,1.0,1.0,1.0,1.0,0.836523,0.99999999999997,0.9455356202590519,0.14249221425707415,0.9859363729567544,0.8807970779778823
