win_idx,label,acc_v,acc_m,acc_u,acc_mv,acc_ds_eq,acc_ds_static,acc_ours,P_v,P_m,P_u,w_v,w_m,w_u
0,0,1.0,0.0,1.0,1.0,0.0,0.0,1.0,2.2862873e-11,0.9889653479060233,0.017959888471902226,0.9981243980711986,0.9933071490757153,0.9890130573694068
1,0,1.0,0.8333333333333334,1.0,1.0,1.0,1.0,1.0,6.63057e-08,0.2098283534233599,0.018006972447954527,0.9989697674119054,0.9933071490757153,0.9890130573694068
2,0,1.0,1.0,1.0,1.0,1.0,1.0,1.0,0.101996884,0.007704747256073351,0.017940393694755506,0.9949203724076301,0.9933071490757153,0.9890130573694068
3,0,1.0,1.0,1.0,1.0,1.0,1.0,1.0,5.204584e-07,0.005388307709487355,0.017959786365954702,0.995089026466219,0.9933071490757153,0.9890130573694068
4,0,1.0,1.0,1.0,1.0,1.0,1.0,1.0,1.002682e-14,0.004543019018837097,0.017985619856516293,0.997773604373335,0.9933071490757153,0.9890130573694068
5,0,1.0,1.0,1.0,1.0,1.0,1.0,1.0,1.9297019e-08,0.0036820208186231157,0.018014582222379408,0.9976896137688731,0.9933071490757153,0.9890130573694068
6,0,1.0,1.0,1.0,1.0,1.0,1.0,1.0,9.443865e-11,0.003787374365071217,0.018053433637474713,0.9990053344884574,0.9933071490757153,0.9890130573694068
7,0,1.0,1.0,1.0,1.0,1.0,1.0,1.0,1.2128203e-07,0.0031699108169841376,0.0179586733318731,0.9938498234649357,0.9933071490757153,0.9890130573694068
8,0,1.0,1.0,1.0,1.0,1.0,1.0,1.0,6.0320206e-13,0.004389507810799205,0.017993795048093127,0.9992228857414609,0.9933071490757153,0.9890130573694068
9,0,1.0,1.0,1.0,1.0,1.0,1.0,1.0,4.3131754e-10,0.00435139702506743,0.01795517560323687,0.9999629775814081,0.9933071490757153,0.9890130573694068
10,0,1.0,1.0,1.0,1.0,1.0,1.0,1.0,2.9420555e-09,0.004144033478752535,0.01794498794200229,0.9975517672615839,0.9933071490757153,0.9890130573694068
11,0,1.0,1.0,1.0,1.0,1.0,1.0,1.0,1.0130706e-10,0.0038777425453113195,0.017962196382155318,0.9210911024844174,0.9933071490757153,0.9890130573694068
12,0,1.0,1.0,1.0,1.0,1.0,1.0,1.0,5.0328166e-12,0.005559784397859963,0.018002532270847863,0.9971366053115113,0.9933071490757153,0.9890130573694068
13,0,1.0,1.0,1.0,1.0,1.0,1.0,1.0,1.5228636e-06,0.0045876122718588935,0.01802995982129373,0.9944773913507834,0.9933071490757153,0.9890130573694068
14,0,1.0,1.0,1.0,1.0,1.0,1.0,1.0,0.00046512013,0.00355872333520006,0.017965729659591447,0.9962567110645182,0.9933071490757153,0.9890130573694068
15,0,1.0,1.0,1.0,1.0,1.0,1.0,1.0,2.4379879e-05,0.003683403153273347,0.01802267492101084,0.863349830276401,0.9933071490757153,0.9890130573694068
16,0,0.0,1.0,1.0,1.0,0.0,0.0,1.0,0.9470502,0.004527460252451195,0.017979156147699946,0.9969701184351536,0.9933071490757153,0.9890130573694068
17,0,1.0,1.0,1.0,1.0,1.0,1.0,1.0,1.5845124e-09,0.0053172095780742255,0.01794713332734705,0.9977643406632561,0.9933071490757153,0.9890130573694068
18,0,1.0,1.0,1.0,1.0,1.0,1.0,1.0,7.123883e-12,0.004275384534259453,0.018020652751714227,0.9384416007177884,0.9933071490757153,0.9890130573694068
19,0,1.0,1.0,1.0,1.0,1.0,1.0,1.0,8.930678e-13,0.004792546263648641,0.018035600697984756,0.9992624191965659,0.9933071490757153,0.9890130573694068
20,0,1.0,1.0,1.0,1.0,1.0,1.0,1.0,3.0287807e-11,0.0037156334610014144,0.018041774276041752,0.9987269915114377,0.9933071490757153,0.9890130573694068
21,0,1.0,1.0,1.0,1.0,1.0,1.0,1.0,2.17858e-11,0.004238399030322656,0.018033517943042674,0.6124602581392218,0.9933071490757153,0.9890130573694068
22,0,1.0,1.0,1.0,1.0,1.0,1.0,1.0,0.0009685895,0.004627338392936143,0.017998025997780456,0.9940552882031537,0.9933071490757153,0.9890130573694068
23,0,1.0,1.0,1.0,1.0,1.0,1.0,1.0,8.056608e-11,0.0039566365776698515,0.01801746829629717,0.9998727171931,0.9933071490757153,0.9890130573694068
24,0,1.0,1.0,1.0,1.0,1.0,1.0,1.0,5.209144e-11,0.006244564165577947,0.017949123618830134,0.9989851702585082,0.9933071490757153,0.9890130573694068
25,0,1.0,1.0,1.0,1.0,1.0,1.0,1.0,0.0007418377,0.003801762341467568,0.01798100091337946,0.9979096703880043,0.9933071490757153,0.9890130573694068
26,0,1.0,1.0,1.0,1.0,1.0,1.0,1.0,1.4350312e-12,0.003022077392580608,0.01797743796278111,0.9995000491186564,0.9933071490757153,0.9890130573694068
27,0,1.0,1.0,1.0,1.0,1.0,1.0,1.0,7.574262e-14,0.004495823150879623,0.017987925360256833,0.8686148210154644,0.9933071490757153,0.9890130573694068
28,0,1.0,1.0,1.0,1.0,1.0,1.0,1.0,1.4350312e-12,0.0034054609136594514,0.017996648596217964,0.9995000491186564,0.9933071490757153,0.9890130573694068
29,0,1.0,1.0,1.0,1.0,1.0,1.0,1.0,7.380884e-08,0.005016077050614262,0.018003250925636167,0.9886473111650002,0.9933071490757153,0.9890130573694068
30,0,1.0,1.0,1.0,1.0,1.0,1.0,1.0,3.1385766e-13,0.004970343617896563,0.017974489756944354,0.9999645322527106,0.9933071490757153,0.9890130573694068
31,0,1.0,1.0,1.0,1.0,1.0,1.0,1.0,0.000121736295,0.005849705946224032,0.01798682475330389,0.9417203491157764,0.9933071490757153,0.9890130573694068
32,0,1.0,1.0,1.0,1.0,1.0,1.0,1.0,5.4541138e-06,0.00511377182482057,0.017971849497304036,0.9561866473815563,0.9933071490757153,0.9890130573694068
33,0,1.0,1.0,1.0,1.0,1.0,1.0,1.0,2.5808145e-05,0.004585759936027697,0.017958628679086975,0.8402784878844853,0.9933071490757153,0.9890130573694068
34,0,1.0,1.0,1.0,1.0,1.0,1.0,1.0,7.100475e-07,0.005168783676159401,0.01796751836906972,0.9787355161457602,0.9933071490757153,0.9890130573694068
35,0,1.0,1.0,1.0,1.0,1.0,1.0,1.0,1.0330953e-13,0.23702994674952935,0.23662989129621864,0.9944626925641986,0.9933071490757153,0.9890130573694068
36,1,1.0,1.0,1.0,1.0,1.0,1.0,1.0,1.0,0.99999999999997,0.9553450520753098,0.9409100867230761,0.9933071490757153,0.9890130573694068
37,1,1.0,1.0,1.0,1.0,1.0,1.0,1.0,1.0,0.99999999999997,0.9553299827804603,0.9981522710939138,0.9933071490757153,0.9890130573694068
38,1,1.0,1.0,1.0,1.0,1.0,1.0,1.0,1.0,0.99999999999997,0.955471321209922,0.8974429012862986,0.9933071490757153,0.9890130573694068
39,1,1.0,1.0,1.0,1.0,1.0,1.0,1.0,1.0,0.99999999999997,0.9552398053442073,0.9072925059983022,0.9933071490757153,0.9890130573694068
40,1,1.0,1.0,1.0,1.0,1.0,1.0,1.0,0.99999845,0.99999999999997,0.9553159479558603,0.9990832502990729,0.9933071490757153,0.9890130573694068
41,1,1.0,1.0,1.0,1.0,1.0,1.0,1.0,1.0,0.99999999999997,0.9552463479734791,0.9503783446684738,0.9933071490757153,0.9890130573694068
42,1,1.0,1.0,1.0,1.0,1.0,1.0,1.0,0.99956864,0.99999999999997,0.9554394753162961,0.9800274578894133,0.9933071490757153,0.9890130573694068
43,1,1.0,1.0,1.0,1.0,1.0,1.0,1.0,0.9866621,0.99999999999997,0.9553413481639857,0.996356961904783,0.9933071490757153,0.9890130573694068
44,1,1.0,1.0,1.0,1.0,1.0,1.0,1.0,0.9344753,0.99999999999997,0.9551963651652418,0.9994521146853734,0.9933071490757153,0.9890130573694068
45,1,1.0,1.0,1.0,1.0,1.0,1.0,1.0,1.0,0.99999999999997,0.9553557755295358,0.9762129978175753,0.9933071490757153,0.9890130573694068
46,1,1.0,1.0,1.0,1.0,1.0,1.0,1.0,1.0,0.99999999999997,0.9553603035416908,0.9944629846456164,0.9933071490757153,0.9890130573694068
47,1,1.0,1.0,1.0,1.0,1.0,1.0,1.0,1.0,0.99999999999997,0.9553471973582501,0.9993932485049729,0.9933071490757153,0.9890130573694068
48,1,1.0,1.0,1.0,1.0,1.0,1.0,1.0,1.0,0.99999999999997,0.9554319474203792,0.9906087408078527,0.9933071490757153,0.9890130573694068
49,1,1.0,1.0,1.0,1.0,1.0,1.0,1.0,0.9999989,0.99999999999997,0.9553523313184419,0.9981671179996457,0.9933071490757153,0.9890130573694068
50,1,1.0,1.0,1.0,1.0,1.0,1.0,1.0,1.0,0.99999999999997,0.9553989666236877,0.9832106537164823,0.9933071490757153,0.9890130573694068
51,1,1.0,1.0,1.0,1.0,1.0,1.0,1.0,0.9999999,0.99999999999997,0.9553781106249747,0.8652812347798913,0.9933071490757153,0.9890130573694068
52,1,1.0,1.0,1.0,1.0,1.0,1.0,1.0,0.99996686,0.99999999999997,0.955322976535265,0.9848579002532036,0.9933071490757153,0.9890130573694068
53,1,1.0,1.0,1.0,1.0,1.0,1.0,1.0,1.0,0.99999999999997,0.9555335533155647,0.9997872816964565,0.9933071490757153,0.9890130573694068
54,1,1.0,1.0,1.0,1.0,1.0,1.0,1.0,0.9993352,0.99999999999997,0.9552908297383943,0.9748739174979452,0.9933071490757153,0.9890130573694068
55,1,1.0,1.0,1.0,1.0,1.0,1.0,1.0,1.0,0.99999999999997,0.9554037121469553,0.9995018187786445,0.9933071490757153,0.9890130573694068
56,1,1.0,1.0,1.0,1.0,1.0,1.0,1.0,1.0,0.99999999999997,0.9554782830616407,0.9171058313760776,0.9933071490757153,0.9890130573694068
57,1,1.0,1.0,1.0,1.0,1.0,1.0,1.0,0.99996245,0.99999999999997,0.9553740187020653,0.9993071863799787,0.9933071490757153,0.9890130573694068
58,1,1.0,1.0,1.0,1.0,1.0,1.0,1.0,0.9999869,0.99999999999997,0.9553666336947224,0.9747160573614366,0.9933071490757153,0.9890130573694068
59,1,1.0,1.0,1.0,1.0,1.0,1.0,1.0,0.99924254,0.99999999999997,0.9552320465789595,0.9985192374703561,0.9933071490757153,0.9890130573694068
60,1,1.0,1.0,1.0,1.0,1.0,1.0,1.0,0.9999994,0.99999999999997,0.9553960596255495,0.9965733045388574,0.9933071490757153,0.9890130573694068
61,1,1.0,1.0,1.0,1.0,1.0,1.0,1.0,1.0,0.99999999999997,0.9552971891162689,0.9846660731489878,0.9933071490757153,0.9890130573694068
62,1,1.0,1.0,1.0,1.0,1.0,1.0,1.0,1.0,0.99999999999997,0.9554401888275094,0.4836659450397039,0.9933071490757153,0.9890130573694068
63,1,1.0,1.0,1.0,1.0,1.0,1.0,1.0,0.9999317,0.99999999999997,0.9553578269339531,0.9991593409317873,0.9933071490757153,0.9890130573694068
64,1,1.0,1.0,1.0,1.0,1.0,1.0,1.0,0.9999982,0.99999999999997,0.9551690740329509,0.9761928213169195,0.9933071490757153,0.9890130573694068
65,1,1.0,1.0,1.0,1.0,1.0,1.0,1.0,1.0,0.99999999999997,0.9553074105900589,0.9980476927783568,0.9933071490757153,0.9890130573694068
66,1,1.0,1.0,1.0,1.0,1.0,1.0,1.0,0.9999945,0.99999999999997,0.9554183438890614,0.7287134079460807,0.9933071490757153,0.9890130573694068
67,1,1.0,1.0,1.0,1.0,1.0,1.0,1.0,0.9999995,0.99999999999997,0.9552951286732081,0.9616551689529641,0.9933071490757153,0.9890130573694068
68,1,1.0,1.0,1.0,1.0,1.0,1.0,1.0,0.99999976,0.99999999999997,0.9552982591825612,0.9115710946153217,0.9933071490757153,0.9890130573694068
69,1,1.0,1.0,1.0,1.0,1.0,1.0,1.0,0.9951102,0.99999999999997,0.9553344913015797,0.9998639121269547,0.9933071490757153,0.9890130573694068
70,1,1.0,1.0,1.0,1.0,1.0,1.0,1.0,1.0,0.99999999999997,0.9553752585524312,0.9368355682767364,0.9933071490757153,0.9890130573694068
71,1,1.0,1.0,1.0,1.0,1.0,1.0,1.0,0.99999106,0.99999999999997,0.9553756524569319,0.9989421512251961,0.9933071490757153,0.9890130573694068
72,1,1.0,1.0,1.0,1.0,1.0,1.0,1.0,1.0,0.99999999999997,0.9554276916271128,0.9987856151845251,0.9933071490757153,0.9890130573694068
73,1,1.0,1.0,1.0,1.0,1.0,1.0,1.0,1.0,0.99999999999997,0.9552748697910544,0.9997803300375719,0.9933071490757153,0.9890130573694068
74,1,1.0,1.0,1.0,1.0,1.0,1.0,1.0,1.0,0.99999999999997,0.9552360399612996,0.9601301543289079,0.9933071490757153,0.9890130573694068
75,1,1.0,1.0,1.0,1.0,1.0,1.0,1.0,1.0,0.99999999999997,0.9552130081366766,0.9995621995095887,0.9933071490757153,0.9890130573694068
76,1,1.0,1.0,1.0,1.0,1.0,1.0,1.0,1.0,0.99999999999997,0.9553249722057221,0.9754186845194424,0.9933071490757153,0.9890130573694068
77,1,1.0,1.0,1.0,1.0,1.0,1.0,1.0,0.99999774,0.99999999999997,0.9553547804863955,0.9477928356614579,0.9933071490757153,0.9890130573694068
78,1,1.0,1.0,1.0,1.0,1.0,1.0,1.0,0.99978083,0.99999999999997,0.9554379109729741,0.9828918036425334,0.9933071490757153,0.9890130573694068
79,1,1.0,1.0,1.0,1.0,1.0,1.0,1.0,1.0,0.99999999999997,0.9553095756755494,0.9929601146612378,0.9933071490757153,0.9890130573694068
80,1,1.0,1.0,1.0,1.0,1.0,1.0,1.0,1.0,0.99999999999997,0.9553664512411439,0.9906978050092029,0.9933071490757153,0.9890130573694068
81,1,1.0,1.0,1.0,1.0,1.0,1.0,1.0,0.99999976,0.99999999999997,0.955317210774838,0.9703631330630295,0.9933071490757153,0.9890130573694068
82,1,1.0,1.0,1.0,1.0,1.0,1.0,1.0,1.0,0.99999999999997,0.9552278479035667,0.984560492979323,0.9933071490757153,0.9890130573694068
83,1,1.0,1.0,1.0,1.0,1.0,1.0,1.0,1.0,0.99999999999997,0.9552216357068986,0.999600625903462,0.9933071490757153,0.9890130573694068
84,1,1.0,1.0,1.0,1.0,1.0,1.0,1.0,0.9999993,0.99999999999997,0.9553171132963748,0.9968474743923036,0.9933071490757153,0.9890130573694068
85,1,1.0,1.0,1.0,1.0,1.0,1.0,1.0,0.9997571,0.99999999999997,0.9552009599471395,0.9276566667466671,0.9933071490757153,0.9890130573694068
86,1,1.0,1.0,1.0,1.0,1.0,1.0,1.0,1.0,0.99999999999997,0.9553758304846578,0.875600586281366,0.9933071490757153,0.9890130573694068
87,1,1.0,1.0,1.0,1.0,1.0,1.0,1.0,1.0,0.99999999999997,0.9553090394324862,0.953540421649482,0.9933071490757153,0.9890130573694068
88,1,1.0,1.0,1.0,1.0,1.0,1.0,1.0,1.0,0.99999999999997,0.9554402858195227,0.9969257462309553,0.9933071490757153,0.9890130573694068
89,1,1.0,1.0,1.0,1.0,1.0,1.0,1.0,1.0,0.99999999999997,0.9553174296695474,0.9996242969765596,0.9933071490757153,0.9890130573694068
90,1,1.0,1.0,1.0,1.0,1.0,1.0,1.0,0.98029023,0.99999999999997,0.955382011509496,0.999864722282681,0.9933071490757153,0.9890130573694068
91,1,1.0,1.0,1.0,1.0,1.0,1.0,1.0,0.99999964,0.99999999999997,0.9554079785388508,0.9979356050469235,0.9933071490757153,0.9890130573694068
92,1,1.0,1.0,1.0,1.0,1.0,1.0,1.0,0.99999976,0.99999999999997,0.9553274408632398,0.9678897580837077,0.9933071490757153,0.9890130573694068
93,1,1.0,1.0,1.0,1.0,1.0,1.0,1.0,1.0,0.99999999999997,0.9552731384699394,0.9947963100242637,0.9933071490757153,0.9890130573694068
94,1,1.0,1.0,1.0,1.0,1.0,1.0,1.0,0.99909043,0.99999999999997,0.9553997429262204,0.9267641762667997,0.9933071490757153,0.9890130573694068
95,1,1.0,1.0,1.0,1.0,1.0,1.0,1.0,1.0,0.99999999999997,0.9553261904965665,0.9915251274907846,0.9933071490757153,0.9890130573694068
96,1,1.0,1.0,1.0,1.0,1.0,1.0,1.0,1.0,0.99999999999997,0.9555269684905227,0.7411985141936639,0.9933071490757153,0.9890130573694068
97,1,1.0,1.0,1.0,1.0,1.0,1.0,1.0,1.0,0.99999999999997,0.9553813572751488,0.9999164058215615,0.9933071490757153,0.9890130573694068
98,1,1.0,1.0,1.0,1.0,1.0,1.0,1.0,0.9999995,0.99999999999997,0.9554468794591813,0.9999389138708394,0.9933071490757153,0.9890130573694068
99,1,1.0,1.0,1.0,1.0,1.0,1.0,1.0,0.99846715,0.99999999999997,0.955331427846542,0.9563257710675098,0.9933071490757153,0.9890130573694068
100,1,1.0,1.0,1.0,1.0,1.0,1.0,1.0,1.0,0.99999999999997,0.9553797674967125,0.999202832985173,0.9933071490757153,0.9890130573694068
101,1,1.0,1.0,1.0,1.0,1.0,1.0,1.0,1.0,0.99999999999997,0.9555963396839329,0.9889897313430621,0.9933071490757153,0.9890130573694068
102,1,1.0,1.0,1.0,1.0,1.0,1.0,1.0,1.0,0.99999999999997,0.9553469238093577,0.9656694825543433,0.9933071490757153,0.9890130573694068
103,1,1.0,1.0,1.0,1.0,1.0,1.0,1.0,1.0,0.99999999999997,0.955430988767743,0.9716732917171034,0.9933071490757153,0.9890130573694068
104,1,1.0,1.0,1.0,1.0,1.0,1.0,1.0,1.0,0.99999999999997,0.9552219116844874,0.963983334901068,0.9933071490757153,0.9890130573694068
105,1,1.0,1.0,1.0,1.0,1.0,1.0,1.0,1.0,0.99999999999997,0.9553635208071223,0.993185255462296,0.9933071490757153,0.9890130573694068
106,1,1.0,0.9833333333333333,1.0,1.0,1.0,1.0,1.0,0.99999917,0.9441684233159624,0.8768448875450463,0.9228025361256935,0.9933071490757153,0.9890130573694068
107,1,1.0,1.0,1.0,1.0,1.0,1.0,1.0,0.9999999,0.99999999999997,0.9543099665955073,0.966659758110352,0.9933071490757153,0.9890130573694068
108,1,1.0,1.0,1.0,1.0,1.0,1.0,1.0,0.99942786,0.99999999999997,0.9545095122773426,0.7877955703325484,0.9933071490757153,0.9890130573694068
109,1,1.0,1.0,1.0,1.0,1.0,1.0,1.0,1.0,0.99999999999997,0.9544408428078923,0.9754404107408607,0.9933071490757153,0.9890130573694068
110,1,1.0,1.0,1.0,1.0,1.0,1.0,1.0,0.99592495,0.99999999999997,0.9544240658755682,0.9558494990785062,0.9933071490757153,0.9890130573694068
111,1,1.0,1.0,1.0,1.0,1.0,1.0,1.0,0.99950445,0.99999999999997,0.9544581494509525,0.9977927047320769,0.9933071490757153,0.9890130573694068
112,1,1.0,1.0,1.0,1.0,1.0,1.0,1.0,1.0,0.99999999999997,0.9542931146917263,0.9976547150661391,0.9933071490757153,0.9890130573694068
113,1,1.0,1.0,1.0,1.0,1.0,1.0,1.0,1.0,0.99999999999997,0.954463327480945,0.999928678261195,0.9933071490757153,0.9890130573694068
114,1,1.0,1.0,1.0,1.0,1.0,1.0,1.0,1.0,0.99999999999997,0.9543841394744949,0.9443634466745817,0.9933071490757153,0.9890130573694068
115,1,1.0,1.0,1.0,1.0,1.0,1.0,1.0,0.99999964,0.99999999999997,0.9543883907276651,0.9979356050469235,0.9933071490757153,0.9890130573694068
116,1,1.0,1.0,1.0,1.0,1.0,1.0,1.0,1.0,0.99999999999997,0.9545640455581204,0.9475763399486578,0.9933071490757153,0.9890130573694068
117,1,1.0,1.0,1.0,1.0,1.0,1.0,1.0,1.0,0.99999999999997,0.9544011313533521,0.9994110274828056,0.9933071490757153,0.9890130573694068
118,1,1.0,1.0,1.0,1.0,1.0,1.0,1.0,1.0,0.99999999999997,0.9543921466186747,0.8850734091184727,0.9933071490757153,0.9890130573694068
119,1,1.0,1.0,1.0,1.0,1.0,1.0,1.0,1.0,0.99999999999997,0.9544689196992818,0.9985117554357643,0.9933071490757153,0.9890130573694068
120,1,1.0,1.0,1.0,1.0,1.0,1.0,1.0,0.9989341,0.99999999999997,0.954379452659354,0.9603515077435356,0.9933071490757153,0.9890130573694068
121,1,1.0,1.0,1.0,1.0,1.0,1.0,1.0,0.9999999,0.99999999999997,0.9544359928386255,0.9957479829237773,0.9933071490757153,0.9890130573694068
122,1,1.0,1.0,1.0,1.0,1.0,1.0,1.0,1.0,0.99999999999997,0.9544698228507649,0.9951480158457396,0.9933071490757153,0.9890130573694068
123,1,1.0,1.0,1.0,1.0,1.0,1.0,1.0,0.99999976,0.99999999999997,0.9544774685383091,0.9331994255903383,0.9933071490757153,0.9890130573694068
124,1,1.0,1.0,1.0,1.0,1.0,1.0,1.0,1.0,0.99999999999997,0.9544579759492228,0.9997811453437497,0.9933071490757153,0.9890130573694068
125,1,1.0,1.0,1.0,1.0,1.0,1.0,1.0,0.99999964,0.99999999999997,0.9543497356328492,0.9941832740151826,0.9933071490757153,0.9890130573694068
126,1,1.0,1.0,1.0,1.0,1.0,1.0,1.0,1.0,0.99999999999997,0.9544081053337387,0.9999360260415421,0.9933071490757153,0.9890130573694068
127,1,1.0,1.0,1.0,1.0,1.0,1.0,1.0,1.0,0.99999999999997,0.9543654504516074,0.9603330174197002,0.9933071490757153,0.9890130573694068
128,1,1.0,1.0,1.0,1.0,1.0,1.0,1.0,1.0,0.99999999999997,0.9542795127086525,0.9982457461874501,0.9933071490757153,0.9890130573694068
129,1,1.0,0.8166666666666667,1.0,1.0,1.0,1.0,1.0,1.0,0.9260542719118999,0.7359151964245095,0.9487468089478669,0.9933071490757153,0.9890130573694068
130,0,1.0,0.9333333333333333,1.0,1.0,1.0,1.0,1.0,4.050611e-13,0.13175668271749516,0.017971729412934675,0.9999738674658801,0.9933071490757153,0.9890130573694068
131,0,1.0,1.0,1.0,1.0,1.0,1.0,1.0,2.6567138e-13,0.0072804911908257155,0.01800930339085754,0.9994991133216428,0.9933071490757153,0.9890130573694068
132,0,1.0,1.0,1.0,1.0,1.0,1.0,1.0,1.3793542e-11,0.005576692059074892,0.017985868280789095,0.8499248324913039,0.9933071490757153,0.9890130573694068
133,0,1.0,1.0,1.0,1.0,1.0,1.0,1.0,5.774127e-07,0.004119378581400216,0.017981392890211743,0.7392579426704788,0.9933071490757153,0.9890130573694068
134,0,1.0,1.0,1.0,1.0,1.0,1.0,1.0,1.2289132e-09,0.003233856204842003,0.017920746398341552,0.9988158786655417,0.9933071490757153,0.9890130573694068
135,0,1.0,1.0,1.0,1.0,1.0,1.0,1.0,3.1021405e-05,0.003588451618740135,0.017973289666038044,0.992244658712494,0.9933071490757153,0.9890130573694068
136,0,1.0,1.0,1.0,1.0,1.0,1.0,1.0,8.0980866e-10,0.004515561011121822,0.018004606131835393,0.9993301334590823,0.9933071490757153,0.9890130573694068
137,0,1.0,1.0,1.0,1.0,1.0,1.0,1.0,6.630535e-15,0.0033237520695187832,0.018035476416619265,0.9991791073955166,0.9933071490757153,0.9890130573694068
138,0,1.0,1.0,1.0,1.0,1.0,1.0,1.0,5.268885e-09,0.003632320140290944,0.017986478425498588,0.9982910769361257,0.9933071490757153,0.9890130573694068
139,0,1.0,1.0,1.0,1.0,1.0,1.0,1.0,2.8691318e-13,0.004336175490120304,0.01800625015392142,0.9994399434270754,0.9933071490757153,0.9890130573694068
140,0,1.0,1.0,1.0,1.0,1.0,1.0,1.0,0.00064226025,0.0029936172617960667,0.018019508169488677,0.9870152396532511,0.9933071490757153,0.9890130573694068
141,0,1.0,1.0,1.0,1.0,1.0,1.0,1.0,9.4489917e-07,0.0032681162612385995,0.017967159879050607,0.9963815096452862,0.9933071490757153,0.9890130573694068
142,0,1.0,1.0,1.0,1.0,1.0,1.0,1.0,6.5322037e-13,0.003647566782458762,0.018012500178033686,0.9890808243106946,0.9933071490757153,0.9890130573694068
143,0,1.0,1.0,1.0,1.0,1.0,1.0,1.0,1.9147617e-08,0.005641997655478125,0.018014629248428757,0.9973191904244734,0.9933071490757153,0.9890130573694068
144,0,1.0,1.0,1.0,1.0,1.0,1.0,1.0,5.0837592e-05,0.004072210915914667,0.017995937986848804,0.9984385426576589,0.9933071490757153,0.9890130573694068
145,0,1.0,1.0,1.0,1.0,1.0,1.0,1.0,4.784603e-15,0.005098849523916443,0.018037702346757188,0.9143710327642477,0.9933071490757153,0.9890130573694068
146,0,1.0,1.0,1.0,1.0,1.0,1.0,1.0,9.515115e-12,0.003806472890441559,0.017985736665441624,0.9973373582263169,0.9933071490757153,0.9890130573694068
147,0,1.0,1.0,1.0,1.0,1.0,1.0,1.0,0.016915737,0.00569290846289955,0.0179876894935786,0.9758933953255655,0.9933071490757153,0.9890130573694068
148,0,1.0,1.0,1.0,1.0,1.0,1.0,1.0,9.94372e-06,0.003681149165141956,0.017951560639501155,0.998877520952323,0.9933071490757153,0.9890130573694068
149,0,1.0,1.0,1.0,1.0,1.0,1.0,1.0,4.5217034e-14,0.004115956719080279,0.017962139576160045,0.997224489022312,0.9933071490757153,0.9890130573694068
150,0,1.0,1.0,1.0,1.0,1.0,1.0,1.0,2.8237964e-11,0.0043483531262764,0.017957549897515173,0.9987014944203892,0.9933071490757153,0.9890130573694068
151,0,1.0,1.0,1.0,1.0,1.0,1.0,1.0,0.16844767,0.005239408061206661,0.01798282083729207,0.9520628237659403,0.9933071490757153,0.9890130573694068
152,0,1.0,1.0,1.0,1.0,1.0,1.0,1.0,0.0012759393,0.006097493362484043,0.018042424550714555,0.999319881900865,0.9933071490757153,0.9890130573694068
153,0,1.0,1.0,1.0,1.0,1.0,1.0,1.0,5.5916747e-12,0.005382218874428653,0.017993141006229306,0.9999113816733988,0.9933071490757153,0.9890130573694068
154,0,1.0,1.0,1.0,1.0,1.0,1.0,1.0,3.5195757e-12,0.0032753149012373158,0.018015860060776507,0.9975957472701144,0.9933071490757153,0.9890130573694068
155,0,1.0,1.0,1.0,1.0,1.0,1.0,1.0,1.5368566e-11,0.0038254234579972596,0.017992711650205294,0.8699291426676556,0.9933071490757153,0.9890130573694068
156,0,1.0,1.0,1.0,1.0,1.0,0.0,1.0,0.37659,0.004663080214950345,0.017969521662184438,0.9988807379930776,0.9933071490757153,0.9890130573694068
157,0,1.0,1.0,1.0,1.0,1.0,1.0,1.0,0.0006862862,0.004450367267616343,0.018013602972139466,0.9986341265297964,0.9933071490757153,0.9890130573694068
158,0,1.0,1.0,1.0,1.0,1.0,1.0,1.0,2.5177649e-06,0.005097897307317326,0.017990305026277673,0.9985912499119581,0.9933071490757153,0.9890130573694068
159,0,1.0,1.0,1.0,1.0,1.0,1.0,1.0,1.9998965e-09,0.004416216408754065,0.017994842926715153,0.9352307642550253,0.9933071490757153,0.9890130573694068
160,0,1.0,1.0,1.0,1.0,1.0,1.0,1.0,9.43027e-12,0.005509120743720563,0.017951064998590165,0.9993141221603339,0.9933071490757153,0.9890130573694068
161,0,1.0,1.0,1.0,1.0,1.0,1.0,1.0,0.00013616924,0.004301990598800719,0.01795884492916663,0.9965751714933145,0.9933071490757153,0.9890130573694068
162,0,1.0,1.0,1.0,1.0,1.0,1.0,1.0,0.0007418377,0.0037612572360285327,0.018035887957602494,0.9979096703880043,0.9933071490757153,0.9890130573694068
163,0,1.0,1.0,1.0,1.0,1.0,1.0,1.0,2.9293648e-18,0.004153173276539805,0.018016068137780953,0.668633499333044,0.9933071490757153,0.9890130573694068
164,0,1.0,1.0,1.0,1.0,1.0,1.0,1.0,2.4823036e-08,0.004242435646214418,0.018030395933815016,0.9963290747042799,0.9933071490757153,0.9890130573694068
165,0,0.0,1.0,1.0,1.0,0.0,0.0,1.0,0.97912997,0.003675453957426648,0.018018712732844836,0.9998045088193734,0.9933071490757153,0.9890130573694068
166,0,1.0,1.0,1.0,1.0,1.0,1.0,1.0,1.2561942e-11,0.0037955566401801388,0.018014787654914363,0.9999084199867683,0.9933071490757153,0.9890130573694068
167,0,1.0,1.0,1.0,1.0,1.0,1.0,1.0,1.5565705e-09,0.003568809998604816,0.018036534208535866,0.8844975245441904,0.9933071490757153,0.9890130573694068
168,0,1.0,1.0,1.0,1.0,1.0,1.0,1.0,4.784352e-13,0.0034956438184599536,0.01797357173797457,0.9984631733179636,0.9933071490757153,0.9890130573694068
169,0,1.0,1.0,1.0,1.0,1.0,1.0,1.0,0.0031911237,0.004653876798567746,0.01795976269061152,0.9991284526583184,0.9933071490757153,0.9890130573694068
170,0,1.0,1.0,1.0,1.0,1.0,1.0,1.0,0.0006641193,0.004425487286546833,0.017943476232433402,0.9998699378951041,0.9933071490757153,0.9890130573694068
171,0,1.0,1.0,1.0,1.0,1.0,1.0,1.0,2.7918673e-05,0.003695677185747779,0.017975210214796276,0.9573858508439491,0.9933071490757153,0.9890130573694068
172,0,1.0,1.0,1.0,1.0,1.0,1.0,1.0,9.515115e-12,0.003821428523234777,0.017977346008063323,0.9973373582263169,0.9933071490757153,0.9890130573694068
173,0,1.0,1.0,1.0,1.0,1.0,1.0,1.0,0.00031074145,0.0041089627969560834,0.018018159332435744,0.960972043234266,0.9933071490757153,0.9890130573694068
174,0,1.0,1.0,1.0,1.0,1.0,1.0,1.0,2.2928418e-07,0.004164092802813602,0.01796312257373073,0.9996198764446078,0.9933071490757153,0.9890130573694068
175,0,1.0,1.0,1.0,1.0,1.0,1.0,1.0,4.3170695e-17,0.0044899408080870855,0.01793882764604251,0.9995796105850737,0.9933071490757153,0.9890130573694068
176,1,1.0,1.0,1.0,1.0,1.0,1.0,1.0,0.9999987,0.9001727745340986,0.8737385326584957,0.9293554773292119,0.9933071490757153,0.9890130573694068
177,1,1.0,1.0,1.0,1.0,1.0,1.0,1.0,1.0,0.99999999999997,0.9687274855294966,0.9171058313760776,0.9933071490757153,0.9890130573694068
178,1,1.0,1.0,1.0,1.0,1.0,1.0,1.0,1.0,0.99999999999997,0.9687163830469895,0.9940818748120316,0.9933071490757153,0.9890130573694068
179,1,1.0,1.0,1.0,1.0,1.0,1.0,1.0,1.0,0.99999999999997,0.9687794453821206,0.998890403927713,0.9933071490757153,0.9890130573694068
180,1,1.0,1.0,1.0,1.0,1.0,1.0,1.0,0.9999869,0.99999999999997,0.9687876759527422,0.9747160573614366,0.9933071490757153,0.9890130573694068
181,1,1.0,1.0,1.0,1.0,1.0,1.0,1.0,0.99999976,0.99999999999997,0.9687722648124301,0.9929735373418466,0.9933071490757153,0.9890130573694068
182,1,1.0,1.0,1.0,1.0,1.0,1.0,1.0,0.9999981,0.99999999999997,0.9687378762547643,0.7108218047522769,0.9933071490757153,0.9890130573694068
183,1,1.0,1.0,1.0,1.0,1.0,1.0,1.0,1.0,0.99999999999997,0.9687522645481776,0.9989623870422916,0.9933071490757153,0.9890130573694068
184,1,1.0,1.0,1.0,1.0,1.0,1.0,1.0,0.99999475,0.99999999999997,0.9687004069307567,0.9992269546581408,0.9933071490757153,0.9890130573694068
185,1,1.0,1.0,1.0,1.0,1.0,0.0,1.0,0.642584,0.99999999999997,0.9687548398653736,0.9998852817449227,0.9933071490757153,0.9890130573694068
186,1,1.0,1.0,1.0,1.0,1.0,1.0,1.0,1.0,0.99999999999997,0.9687550988905199,0.971166159596237,0.9933071490757153,0.9890130573694068
187,1,1.0,1.0,1.0,1.0,1.0,1.0,1.0,1.0,0.99999999999997,0.9687599786866398,0.9993338303467438,0.9933071490757153,0.9890130573694068
188,1,1.0,1.0,1.0,1.0,1.0,1.0,1.0,0.9999993,0.99999999999997,0.9686497993026443,0.9968474743923036,0.9933071490757153,0.9890130573694068
189,1,1.0,1.0,1.0,1.0,1.0,1.0,1.0,1.0,0.99999999999997,0.9688326850978051,0.9487468089478669,0.9933071490757153,0.9890130573694068
190,1,1.0,1.0,1.0,1.0,1.0,1.0,1.0,1.0,0.99999999999997,0.9687247139252015,0.9980476927783568,0.9933071490757153,0.9890130573694068
191,1,1.0,1.0,1.0,1.0,1.0,1.0,1.0,0.9999976,0.99999999999997,0.9686979740029026,0.9997428013212655,0.9933071490757153,0.9890130573694068
192,1,1.0,1.0,1.0,1.0,1.0,1.0,1.0,0.9999999,0.99999999999997,0.9687506329660092,0.9997413079897652,0.9933071490757153,0.9890130573694068
193,1,1.0,1.0,1.0,1.0,1.0,1.0,1.0,0.9909061,0.99999999999997,0.9687624210764667,0.9989980071378569,0.9933071490757153,0.9890130573694068
194,1,1.0,1.0,1.0,1.0,1.0,1.0,1.0,1.0,0.99999999999997,0.968713065935711,0.9966008837952709,0.9933071490757153,0.9890130573694068
195,1,1.0,1.0,1.0,1.0,1.0,1.0,1.0,0.9998857,0.99999999999997,0.9687075025964021,0.9692247077662743,0.9933071490757153,0.9890130573694068
196,1,1.0,1.0,1.0,1.0,1.0,1.0,1.0,0.99999845,0.99999999999997,0.9687638164579236,0.5195717636233617,0.9933071490757153,0.9890130573694068
197,1,1.0,1.0,1.0,1.0,1.0,1.0,1.0,0.9993013,0.99999999999997,0.9687134107742212,0.9912138629047057,0.9933071490757153,0.9890130573694068
198,1,1.0,1.0,1.0,1.0,1.0,1.0,1.0,1.0,0.99999999999997,0.9688401852794292,0.9985578647082707,0.9933071490757153,0.9890130573694068
199,1,1.0,1.0,1.0,1.0,1.0,1.0,1.0,1.0,0.99999999999997,0.9687709459024385,0.9984353243348273,0.9933071490757153,0.9890130573694068
200,1,1.0,1.0,1.0,1.0,1.0,1.0,1.0,1.0,0.99999999999997,0.9687145972887016,0.998599409514803,0.9933071490757153,0.9890130573694068
201,1,1.0,1.0,1.0,1.0,1.0,1.0,1.0,1.0,0.99999999999997,0.9687674580273258,0.9968664517822112,0.9933071490757153,0.9890130573694068
202,1,1.0,1.0,1.0,1.0,1.0,1.0,1.0,1.0,0.99999999999997,0.9687266237557954,0.9987920602955351,0.9933071490757153,0.9890130573694068
203,1,1.0,1.0,1.0,1.0,1.0,1.0,1.0,1.0,0.99999999999997,0.9687249735588512,0.9909717609961073,0.9933071490757153,0.9890130573694068
204,1,1.0,1.0,1.0,1.0,1.0,1.0,1.0,0.94998187,0.99999999999997,0.9687498921589476,0.9776177002934631,0.9933071490757153,0.9890130573694068
205,1,1.0,1.0,1.0,1.0,1.0,1.0,1.0,1.0,0.99999999999997,0.9686897556113052,0.9830470668189278,0.9933071490757153,0.9890130573694068
206,1,1.0,1.0,1.0,1.0,1.0,1.0,1.0,1.0,0.99999999999997,0.9687837331086218,0.9297516384348616,0.9933071490757153,0.9890130573694068
207,1,1.0,1.0,1.0,1.0,1.0,1.0,1.0,1.0,0.99999999999997,0.9687630681519338,0.5901043565318504,0.9933071490757153,0.9890130573694068
208,1,1.0,1.0,1.0,1.0,1.0,1.0,1.0,1.0,0.99999999999997,0.9687300778279072,0.9553544289531872,0.9933071490757153,0.9890130573694068
209,1,1.0,1.0,1.0,1.0,1.0,1.0,1.0,1.0,0.99999999999997,0.9687427314898761,0.9993075318279533,0.9933071490757153,0.9890130573694068
210,1,1.0,1.0,1.0,1.0,1.0,1.0,1.0,1.0,0.99999999999997,0.9687765471744156,0.997173786055667,0.9933071490757153,0.9890130573694068
211,1,1.0,0.9833333333333333,1.0,1.0,1.0,1.0,1.0,0.85659516,0.9702050742238527,0.921230002219037,0.9817572460242391,0.9933071490757153,0.9890130573694068
212,0,1.0,1.0,1.0,1.0,1.0,1.0,1.0,7.163513e-10,0.01012239322049815,0.017981590744012965,0.9985609462823445,0.9933071490757153,0.9890130573694068
213,0,1.0,1.0,1.0,1.0,1.0,1.0,1.0,0.0055280486,0.008738869448454097,0.018002248852486934,0.9982297915357343,0.9933071490757153,0.9890130573694068
214,0,1.0,1.0,1.0,1.0,1.0,1.0,1.0,8.560347e-11,0.004438530170472047,0.01799121093064796,0.9999322350094166,0.9933071490757153,0.9890130573694068
215,0,1.0,1.0,1.0,1.0,1.0,1.0,1.0,7.42085e-11,0.0034367747466990364,0.01796041793065658,0.9958929584115345,0.9933071490757153,0.9890130573694068
216,0,1.0,1.0,1.0,1.0,1.0,1.0,1.0,1.0258411e-07,0.004640506372145632,0.01800687825725843,0.9970533000786896,0.9933071490757153,0.9890130573694068
217,0,1.0,1.0,1.0,1.0,1.0,1.0,1.0,0.0009367843,0.004131868487056472,0.01799359109283998,0.9986765102495536,0.9933071490757153,0.9890130573694068
218,0,1.0,1.0,1.0,1.0,1.0,1.0,1.0,1.1276287e-08,0.004186803056137551,0.01793546148583954,0.9932938432728678,0.9933071490757153,0.9890130573694068
219,0,1.0,1.0,1.0,1.0,1.0,1.0,1.0,5.0837592e-05,0.0034353377625570506,0.017981006846190424,0.9984385426576589,0.9933071490757153,0.9890130573694068
220,0,1.0,1.0,1.0,1.0,1.0,1.0,1.0,3.569089e-11,0.003140206455573199,0.018029107670836306,0.9976438190080371,0.9933071490757153,0.9890130573694068
221,0,1.0,1.0,1.0,1.0,1.0,1.0,1.0,1.8047841e-11,0.004281812237747338,0.017984893042367927,0.9970289773666676,0.9933071490757153,0.9890130573694068
222,0,1.0,1.0,1.0,1.0,1.0,1.0,1.0,3.268695e-08,0.004151451103695881,0.017977935272126617,0.9522030438304865,0.9933071490757153,0.9890130573694068
223,0,1.0,1.0,1.0,1.0,1.0,1.0,1.0,1.2416042e-05,0.005224381661209434,0.017957585314566996,0.9950772644993215,0.9933071490757153,0.9890130573694068
224,0,1.0,1.0,1.0,1.0,1.0,1.0,1.0,1.2128203e-07,0.0034623452427358942,0.01800203660772119,0.9938498234649357,0.9933071490757153,0.9890130573694068
225,0,1.0,1.0,1.0,1.0,1.0,1.0,1.0,6.601669e-13,0.004134013148240574,0.017990460544535517,0.8920083556219052,0.9933071490757153,0.9890130573694068
226,0,1.0,1.0,1.0,1.0,1.0,1.0,1.0,5.93047e-08,0.0034937967558541327,0.018009113468241963,0.9969522150498246,0.9933071490757153,0.9890130573694068
227,0,1.0,1.0,1.0,1.0,1.0,1.0,1.0,1.34702715e-17,0.0032324985658929322,0.018023572299808784,0.9988362638804057,0.9933071490757153,0.9890130573694068
228,0,1.0,1.0,1.0,1.0,1.0,1.0,1.0,8.972034e-12,0.004870810620969918,0.017988876504529835,0.9884362380431572,0.9933071490757153,0.9890130573694068
229,0,1.0,1.0,1.0,1.0,1.0,1.0,1.0,1.8834342e-11,0.006393493894712071,0.01795203785337803,0.9996635211255064,0.9933071490757153,0.9890130573694068
230,0,1.0,1.0,1.0,1.0,1.0,1.0,1.0,1.0862976e-07,0.00715947418104162,0.017899504739565857,0.9935181734954961,0.9933071490757153,0.9890130573694068
231,0,1.0,1.0,1.0,1.0,1.0,1.0,1.0,1.0851504e-11,0.004168284512989996,0.017956381113926285,0.9992147424472545,0.9933071490757153,0.9890130573694068
232,0,1.0,1.0,1.0,1.0,1.0,1.0,1.0,2.108006e-12,0.0034717002110932196,0.01800632598485052,0.9983889404453765,0.9933071490757153,0.9890130573694068
233,0,1.0,1.0,1.0,1.0,1.0,1.0,1.0,1.0165376e-13,0.0040820019736919335,0.01799434694124073,0.9995516438075235,0.9933071490757153,0.9890130573694068
234,1,1.0,0.9833333333333333,1.0,1.0,0.0,0.0,1.0,1.0,0.5184676310221852,0.49360077413481934,0.9171058313760776,0.9933071490757153,0.9890130573694068
235,1,1.0,1.0,1.0,1.0,1.0,1.0,1.0,0.9999999,0.99999999999997,0.968973241630159,0.9084862890809267,0.9933071490757153,0.9890130573694068
236,1,1.0,1.0,1.0,1.0,1.0,1.0,1.0,1.0,0.99999999999997,0.9689523768146419,0.9994834206802832,0.9933071490757153,0.9890130573694068
237,1,1.0,1.0,1.0,1.0,1.0,1.0,1.0,0.99991333,0.99999999999997,0.9689260239605128,0.8393939255839389,0.9933071490757153,0.9890130573694068
238,1,1.0,1.0,1.0,1.0,1.0,1.0,1.0,1.0,0.99999999999997,0.9690029124076199,0.9991079571042251,0.9933071490757153,0.9890130573694068
239,1,1.0,1.0,1.0,1.0,1.0,1.0,1.0,1.0,0.99999999999997,0.9690104051159982,0.9984813614304807,0.9933071490757153,0.9890130573694068
240,1,1.0,1.0,1.0,1.0,1.0,1.0,1.0,0.9999999,0.99999999999997,0.9689341902594927,0.9914744526171666,0.9933071490757153,0.9890130573694068
241,1,1.0,1.0,1.0,1.0,1.0,1.0,1.0,0.9999602,0.99999999999997,0.9689508436030673,0.9960379116227772,0.9933071490757153,0.9890130573694068
242,1,1.0,1.0,1.0,1.0,1.0,1.0,1.0,0.99999964,0.99999999999997,0.9689461741708386,0.9755829287641155,0.9933071490757153,0.9890130573694068
243,1,1.0,1.0,1.0,1.0,1.0,1.0,1.0,1.0,0.99999999999997,0.9689627549857007,0.9982457461874501,0.9933071490757153,0.9890130573694068
244,1,1.0,1.0,1.0,1.0,1.0,1.0,1.0,1.0,0.99999999999997,0.9689698074507374,0.9345542719332387,0.9933071490757153,0.9890130573694068
245,1,1.0,1.0,1.0,1.0,1.0,1.0,1.0,0.99999106,0.99999999999997,0.9689789767395811,0.9989421512251961,0.9933071490757153,0.9890130573694068
246,1,1.0,1.0,1.0,1.0,1.0,1.0,1.0,1.0,0.99999999999997,0.9690295089719839,0.5466134916662526,0.9933071490757153,0.9890130573694068
247,1,1.0,1.0,1.0,1.0,1.0,1.0,1.0,1.0,0.99999999999997,0.9689776482603306,0.9947851984725514,0.9933071490757153,0.9890130573694068
248,1,1.0,1.0,1.0,1.0,1.0,1.0,1.0,1.0,0.99999999999997,0.9690291783901482,0.9618600256194876,0.9933071490757153,0.9890130573694068
249,1,1.0,1.0,1.0,1.0,1.0,1.0,1.0,1.0,0.99999999999997,0.9689248820334607,0.9989937828018298,0.9933071490757153,0.9890130573694068
250,1,1.0,1.0,1.0,1.0,1.0,1.0,1.0,0.95389265,0.99999999999997,0.969030769688852,0.9511334193575761,0.9933071490757153,0.9890130573694068
251,1,1.0,1.0,1.0,1.0,1.0,1.0,1.0,1.0,0.99999999999997,0.9689188569519119,0.9944290580531371,0.9933071490757153,0.9890130573694068
252,1,1.0,1.0,1.0,1.0,1.0,1.0,1.0,0.9999902,0.99999999999997,0.9689368837662943,0.9578681363204652,0.9933071490757153,0.9890130573694068
253,1,1.0,1.0,1.0,1.0,1.0,1.0,1.0,1.0,0.99999999999997,0.9690226266151042,0.999194102436068,0.9933071490757153,0.9890130573694068
254,1,1.0,1.0,1.0,1.0,1.0,1.0,1.0,1.0,0.99999999999997,0.9690004914185607,0.9997253622412869,0.9933071490757153,0.9890130573694068
255,1,1.0,1.0,1.0,1.0,1.0,1.0,1.0,0.99454486,0.99999999999997,0.9689452196476407,0.9997480724521922,0.9933071490757153,0.9890130573694068
256,1,1.0,1.0,1.0,1.0,1.0,1.0,1.0,1.0,0.99999999999997,0.9690937076393062,0.9679310901720676,0.9933071490757153,0.9890130573694068
257,1,1.0,1.0,1.0,1.0,1.0,1.0,1.0,1.0,0.99999999999997,0.9689803926584112,0.9953335183259194,0.9933071490757153,0.9890130573694068
258,1,1.0,1.0,1.0,1.0,1.0,1.0,1.0,0.9996414,0.99999999999997,0.9689918320363075,0.9920386398102135,0.9933071490757153,0.9890130573694068
259,1,1.0,1.0,1.0,1.0,1.0,1.0,1.0,0.9998722,0.99999999999997,0.9689764314806214,0.8600751005582272,0.9933071490757153,0.9890130573694068
260,1,1.0,1.0,1.0,1.0,1.0,1.0,1.0,1.0,0.99999999999997,0.9690375756060717,0.9994834206802832,0.9933071490757153,0.9890130573694068
261,1,1.0,1.0,1.0,1.0,1.0,1.0,1.0,1.0,0.99999999999997,0.9690626217596011,0.9297786559752929,0.9933071490757153,0.9890130573694068
262,1,1.0,1.0,1.0,1.0,1.0,1.0,1.0,1.0,0.99999999999997,0.9690421164422587,0.997978840729392,0.9933071490757153,0.9890130573694068
263,1,1.0,1.0,1.0,1.0,1.0,1.0,1.0,1.0,0.99999999999997,0.9689299832296575,0.9257418455663027,0.9933071490757153,0.9890130573694068
264,1,1.0,1.0,1.0,1.0,1.0,1.0,1.0,1.0,0.99999999999997,0.9689611669065915,0.7966613487241977,0.9933071490757153,0.9890130573694068
265,1,1.0,1.0,1.0,1.0,1.0,1.0,1.0,1.0,0.99999999999997,0.9690200181862765,0.9982457461874501,0.9933071490757153,0.9890130573694068
266,1,1.0,1.0,1.0,1.0,1.0,1.0,1.0,1.0,0.99999999999997,0.9690483958986162,0.9993035162362859,0.9933071490757153,0.9890130573694068
267,1,1.0,1.0,1.0,1.0,1.0,1.0,1.0,1.0,0.99999999999997,0.9690504632887608,0.9985337371222517,0.9933071490757153,0.9890130573694068
268,1,1.0,1.0,1.0,1.0,1.0,1.0,1.0,0.99955505,0.99999999999997,0.9689465492039524,0.9942653234546648,0.9933071490757153,0.9890130573694068
269,1,1.0,1.0,1.0,1.0,1.0,1.0,1.0,1.0,0.99999999999997,0.969042012038484,0.984560492979323,0.9933071490757153,0.9890130573694068
270,1,1.0,1.0,1.0,1.0,1.0,1.0,1.0,0.9999969,0.99999999999997,0.9689818299125634,0.9978105983588726,0.9933071490757153,0.9890130573694068
271,1,1.0,1.0,1.0,1.0,1.0,1.0,1.0,1.0,0.99999999999997,0.9690550895251542,0.9846660731489878,0.9933071490757153,0.9890130573694068
272,1,1.0,1.0,1.0,1.0,1.0,1.0,1.0,1.0,0.99999999999997,0.9690139993393846,0.9826271149828205,0.9933071490757153,0.9890130573694068
273,1,1.0,1.0,1.0,1.0,1.0,1.0,1.0,1.0,0.99999999999997,0.9690005687986194,0.9906978050092029,0.9933071490757153,0.9890130573694068
274,1,1.0,1.0,1.0,1.0,1.0,1.0,1.0,1.0,0.99999999999997,0.9689849155769567,0.9458641055920962,0.9933071490757153,0.9890130573694068
275,1,1.0,1.0,1.0,1.0,1.0,1.0,1.0,1.0,0.99999999999997,0.9690225312059427,0.9905723158815847,0.9933071490757153,0.9890130573694068
276,1,1.0,1.0,1.0,1.0,1.0,1.0,1.0,1.0,0.99999999999997,0.9690046173565245,0.9969542583411319,0.9933071490757153,0.9890130573694068
277,1,1.0,1.0,1.0,1.0,1.0,1.0,1.0,1.0,0.99999999999997,0.9690558134444376,0.9992979134407941,0.9933071490757153,0.9890130573694068
278,1,1.0,1.0,1.0,1.0,1.0,1.0,1.0,1.0,0.99999999999997,0.9690226612069914,0.9995567552873014,0.9933071490757153,0.9890130573694068
279,1,1.0,1.0,1.0,1.0,1.0,1.0,1.0,1.0,0.99999999999997,0.9690537435846195,0.9981883038982182,0.9933071490757153,0.9890130573694068
280,1,1.0,1.0,1.0,1.0,1.0,1.0,1.0,0.99999106,0.99999999999997,0.9689235197537351,0.9989421512251961,0.9933071490757153,0.9890130573694068
281,1,1.0,1.0,1.0,1.0,1.0,1.0,1.0,0.80314577,0.99999999999997,0.9690133298688206,0.999449674780253,0.9933071490757153,0.9890130573694068
282,1,1.0,1.0,1.0,1.0,1.0,1.0,1.0,0.9999999,0.99999999999997,0.9689960755214447,0.966659758110352,0.9933071490757153,0.9890130573694068
283,1,1.0,1.0,1.0,1.0,1.0,1.0,1.0,1.0,0.99999999999997,0.9688961818389857,0.9994110274828056,0.9933071490757153,0.9890130573694068
284,1,1.0,1.0,1.0,1.0,1.0,1.0,1.0,0.9999999,0.99999999999997,0.9690020195312078,0.852413884025049,0.9933071490757153,0.9890130573694068
285,1,1.0,1.0,1.0,1.0,1.0,1.0,1.0,1.0,0.99999999999997,0.9690739548624414,0.998599409514803,0.9933071490757153,0.9890130573694068
286,1,1.0,1.0,1.0,1.0,1.0,1.0,1.0,0.99992836,0.99999999999997,0.9690055714973822,0.9898997206910567,0.9933071490757153,0.9890130573694068
287,1,1.0,1.0,1.0,1.0,1.0,1.0,1.0,0.9999999,0.99999999999997,0.9690370082727536,0.9957479829237773,0.9933071490757153,0.9890130573694068
288,1,1.0,1.0,1.0,1.0,1.0,1.0,1.0,0.9766892,0.8853930400572992,0.8421086239916423,0.6465686622001037,0.9933071490757153,0.9890130573694068
289,0,1.0,1.0,1.0,1.0,1.0,1.0,1.0,2.4379879e-05,0.05635046717924727,0.017965810700993123,0.863349830276401,0.9933071490757153,0.9890130573694068
290,0,1.0,1.0,1.0,1.0,1.0,1.0,1.0,1.0258411e-07,0.005792125361260953,0.017996834115890193,0.9970533000786896,0.9933071490757153,0.9890130573694068
291,0,1.0,1.0,1.0,1.0,1.0,1.0,1.0,2.4301016e-06,0.004152441982402794,0.017988364762122896,0.9961463599465963,0.9933071490757153,0.9890130573694068
292,0,1.0,1.0,1.0,1.0,1.0,1.0,1.0,1.3295123e-09,0.004042678416659232,0.018027946754040725,0.9985441466156771,0.9933071490757153,0.9890130573694068
293,0,1.0,1.0,1.0,1.0,1.0,1.0,1.0,4.8821308e-17,0.003543267204232194,0.017994110889484063,0.9593399269717451,0.9933071490757153,0.9890130573694068
294,0,1.0,1.0,1.0,1.0,1.0,1.0,1.0,1.1035179e-07,0.002745930581124383,0.017969418791011646,0.9969731339330915,0.9933071490757153,0.9890130573694068
295,0,1.0,1.0,1.0,1.0,1.0,1.0,1.0,2.8999166e-05,0.0051176345952254655,0.017972695078741722,0.9920490995502376,0.9933071490757153,0.9890130573694068
296,0,1.0,1.0,1.0,1.0,1.0,1.0,1.0,7.380884e-08,0.003656258024881496,0.018011815518522323,0.9886473111650002,0.9933071490757153,0.9890130573694068
297,0,1.0,1.0,1.0,1.0,1.0,1.0,1.0,4.8255037e-12,0.0037324099354689795,0.017964951815274858,0.9318476742126298,0.9933071490757153,0.9890130573694068
298,0,1.0,1.0,1.0,1.0,1.0,1.0,1.0,1.0543424e-08,0.0040279455547294046,0.017938926684239232,0.9949934226251576,0.9933071490757153,0.9890130573694068
299,0,1.0,1.0,1.0,1.0,1.0,1.0,1.0,5.5378496e-05,0.004235005807270714,0.017922882886725538,0.9976376667735086,0.9933071490757153,0.9890130573694068
300,0,1.0,1.0,1.0,1.0,1.0,1.0,1.0,3.0679123e-17,0.0057518426860280495,0.0179906627655679,0.9919398476932637,0.9933071490757153,0.9890130573694068
301,0,1.0,1.0,1.0,1.0,1.0,1.0,1.0,4.0856668e-07,0.00400488896689492,0.01795408814366069,0.9928535386723693,0.9933071490757153,0.9890130573694068
302,0,1.0,1.0,1.0,1.0,1.0,1.0,1.0,0.00013813167,0.0052055670564482345,0.01793612138892667,0.9974326733342453,0.9933071490757153,0.9890130573694068
303,0,1.0,1.0,1.0,1.0,1.0,1.0,1.0,1.4307537e-05,0.003751360998733083,0.018000718057130584,0.9987111929265794,0.9933071490757153,0.9890130573694068
304,0,1.0,1.0,1.0,1.0,1.0,1.0,1.0,6.227813e-15,0.005274054267992626,0.018018845191682654,0.9133346829817629,0.9933071490757153,0.9890130573694068
305,0,1.0,1.0,1.0,1.0,1.0,0.0,1.0,0.42593375,0.0037132053926543103,0.017968591015451753,0.9931210314821951,0.9933071490757153,0.9890130573694068
306,0,1.0,1.0,1.0,1.0,1.0,1.0,1.0,8.909496e-13,0.003869392763624801,0.017998401226198557,0.981252978949953,0.9933071490757153,0.9890130573694068
307,0,1.0,1.0,1.0,1.0,1.0,1.0,1.0,4.085231e-13,0.004168824610193259,0.017981084393916325,0.9999223932578034,0.9933071490757153,0.9890130573694068
308,0,1.0,1.0,1.0,1.0,1.0,1.0,1.0,4.2328e-06,0.004504131495718633,0.01797642988184229,0.9984334133844369,0.9933071490757153,0.9890130573694068
309,0,1.0,1.0,1.0,1.0,1.0,1.0,1.0,1.0513475e-13,0.004839961222295397,0.01795393658723261,0.9994640128271319,0.9933071490757153,0.9890130573694068
310,0,1.0,1.0,1.0,1.0,1.0,1.0,1.0,5.383976e-09,0.0034349201166772115,0.017959285318602827,0.9993759658298081,0.9933071490757153,0.9890130573694068
311,0,1.0,1.0,1.0,1.0,1.0,1.0,1.0,1.9670467e-06,0.0041993089972611215,0.017949183811159803,0.9759356123180939,0.9933071490757153,0.9890130573694068
312,0,1.0,1.0,1.0,1.0,1.0,1.0,1.0,9.888502e-06,0.0036423059741284907,0.018033176575614908,0.9973507258790368,0.9933071490757153,0.9890130573694068
313,0,1.0,1.0,1.0,1.0,1.0,1.0,1.0,3.831189e-05,0.004863812612345265,0.018059712329553054,0.9990041158210491,0.9933071490757153,0.9890130573694068
314,0,1.0,1.0,1.0,1.0,1.0,1.0,1.0,3.068946e-11,0.003795680347626394,0.0180164426680298,0.9967164665155642,0.9933071490757153,0.9890130573694068
315,0,1.0,1.0,1.0,1.0,1.0,1.0,1.0,1.4317875e-10,0.004067183940251135,0.01798731310640777,0.9971805814612413,0.9933071490757153,0.9890130573694068
316,0,1.0,1.0,1.0,1.0,1.0,1.0,1.0,3.1965326e-09,0.004375251322940521,0.017952961382472658,0.9973941917935559,0.9933071490757153,0.9890130573694068
317,0,1.0,1.0,1.0,1.0,1.0,1.0,1.0,0.01272344,0.003322980871105003,0.017992001036922962,0.9967243756540695,0.9933071490757153,0.9890130573694068
318,0,1.0,1.0,1.0,1.0,0.0,1.0,1.0,0.0001164528,0.2524686856021788,0.25181705604662974,0.9948489871503855,0.9933071490757153,0.9890130573694068
319,1,1.0,1.0,1.0,1.0,1.0,1.0,1.0,0.923362,0.9999999995643237,0.9531851789915705,0.9826494727234164,0.9933071490757153,0.9890130573694068
320,1,1.0,1.0,1.0,1.0,1.0,1.0,1.0,0.99999917,0.9999999998844589,0.9530960572159832,0.9102417861427361,0.9933071490757153,0.9890130573694068
321,1,0.0,1.0,1.0,1.0,0.0,0.0,1.0,0.2371935,0.9999999996756621,0.9531175859971185,0.7946938322306907,0.9933071490757153,0.9890130573694068
322,1,1.0,1.0,1.0,1.0,1.0,1.0,1.0,1.0,0.9999999999910619,0.9530580703127047,0.9982457461874501,0.9933071490757153,0.9890130573694068
323,1,1.0,1.0,1.0,1.0,1.0,1.0,1.0,0.9999999,0.9999999999877017,0.9532237205261629,0.9826766124646865,0.9933071490757153,0.9890130573694068
324,1,1.0,1.0,1.0,1.0,1.0,1.0,1.0,1.0,0.9999999996782897,0.9531936631483889,0.9992963958303197,0.9933071490757153,0.9890130573694068
325,1,1.0,1.0,1.0,1.0,1.0,1.0,1.0,1.0,0.9999999999923307,0.953083030616136,0.872706173862437,0.9933071490757153,0.9890130573694068
326,1,1.0,1.0,1.0,1.0,1.0,1.0,1.0,1.0,0.9999999999544191,0.9530587335039841,0.9975318705174454,0.9933071490757153,0.9890130573694068
327,0,1.0,1.0,1.0,1.0,0.0,0.0,1.0,6.289429e-09,0.46942495127755807,0.4544655005147379,0.9792063134488156,0.9933071490757153,0.9890130573694068
328,1,1.0,1.0,1.0,1.0,1.0,1.0,1.0,1.0,0.9171761929733981,0.8433176674410213,0.9905723158815847,0.9933071490757153,0.9890130573694068
329,1,1.0,1.0,1.0,1.0,1.0,1.0,1.0,1.0,0.99999999999997,0.9186568511744504,0.9954269587635926,0.9933071490757153,0.9890130573694068
330,1,1.0,1.0,1.0,1.0,1.0,1.0,1.0,0.9999349,0.99999999999997,0.9183607549290712,0.9934926994305548,0.9933071490757153,0.9890130573694068
331,1,1.0,1.0,1.0,1.0,1.0,1.0,1.0,1.0,0.99999999999997,0.9183661318662765,0.9216035218540595,0.9933071490757153,0.9890130573694068
332,1,1.0,1.0,1.0,1.0,1.0,1.0,1.0,1.0,0.99999999999997,0.9184128830571553,0.9840058403226386,0.9933071490757153,0.9890130573694068
333,1,1.0,1.0,1.0,1.0,1.0,1.0,1.0,1.0,0.99999999999997,0.9184817780487722,0.9989735944255377,0.9933071490757153,0.9890130573694068
334,1,1.0,1.0,1.0,1.0,1.0,1.0,1.0,0.9999999,0.99999999999997,0.9185269970426526,0.7471575579130543,0.9933071490757153,0.9890130573694068
335,1,1.0,1.0,1.0,1.0,1.0,1.0,1.0,0.9999869,0.99999999999997,0.9184178247925823,0.9747160573614366,0.9933071490757153,0.9890130573694068
336,1,1.0,1.0,1.0,1.0,1.0,1.0,1.0,0.9999727,0.99999999999997,0.9183270021750602,0.990371339829106,0.9933071490757153,0.9890130573694068
337,1,1.0,1.0,1.0,1.0,1.0,1.0,1.0,0.9999349,0.99999999999997,0.918319001145415,0.9934926994305548,0.9933071490757153,0.9890130573694068
338,1,1.0,1.0,1.0,1.0,1.0,1.0,1.0,0.9993352,0.99999999999997,0.9184297241624356,0.9748739174979452,0.9933071490757153,0.9890130573694068
339,1,1.0,1.0,1.0,1.0,1.0,1.0,1.0,0.9999988,0.99999999999997,0.9183866721732908,0.9541924479326098,0.9933071490757153,0.9890130573694068
340,1,1.0,1.0,1.0,1.0,1.0,1.0,1.0,0.9997571,0.99999999999997,0.9183529784996428,0.9276566667466671,0.9933071490757153,0.9890130573694068
341,1,1.0,1.0,1.0,1.0,1.0,1.0,1.0,0.99999976,0.99999999999997,0.9184446526743278,0.9998133235196397,0.9933071490757153,0.9890130573694068
342,1,1.0,1.0,1.0,1.0,1.0,1.0,1.0,1.0,0.99999999999997,0.9182810621115725,0.981556432567986,0.9933071490757153,0.9890130573694068
343,1,1.0,1.0,1.0,1.0,1.0,1.0,1.0,1.0,0.99999999999997,0.9182206196347656,0.9288603225091662,0.9933071490757153,0.9890130573694068
344,1,1.0,1.0,1.0,1.0,1.0,1.0,1.0,0.999998,0.99999999999997,0.9182935990193105,0.9827241642341763,0.9933071490757153,0.9890130573694068
345,0,1.0,0.9833333333333333,1.0,1.0,1.0,1.0,1.0,0.0010618677,0.1677089472380942,0.09296451826545808,0.9969770061105049,0.9933071490757153,0.9890130573694068
346,0,1.0,1.0,1.0,1.0,1.0,1.0,1.0,3.855725e-09,0.006614859994639536,0.018008522569204214,0.9903104314858254,0.9933071490757153,0.9890130573694068
347,0,1.0,1.0,1.0,1.0,1.0,1.0,1.0,4.9658223e-07,0.0037186080633348838,0.018020050528574853,0.9977733990204705,0.9933071490757153,0.9890130573694068
348,0,1.0,1.0,1.0,1.0,1.0,1.0,1.0,2.0944259e-10,0.004438792528902122,0.017946852214411366,0.8332067976139917,0.9933071490757153,0.9890130573694068
349,0,1.0,1.0,1.0,1.0,1.0,1.0,1.0,3.3853186e-07,0.004021271364082304,0.01798766125093911,0.9966218172355377,0.9933071490757153,0.9890130573694068
350,0,1.0,1.0,1.0,1.0,1.0,1.0,1.0,2.3548158e-07,0.004682020475913696,0.01796512128988761,0.9978165990734699,0.9933071490757153,0.9890130573694068
351,0,1.0,1.0,1.0,1.0,1.0,1.0,1.0,3.196685e-09,0.005974117700205709,0.017965048484702758,0.9270813694195108,0.9933071490757153,0.9890130573694068
352,0,1.0,1.0,1.0,1.0,1.0,1.0,1.0,1.1097868e-15,0.005128804666587644,0.018037528692791634,0.9996586649502539,0.9933071490757153,0.9890130573694068
353,0,1.0,1.0,1.0,1.0,1.0,1.0,1.0,1.4687729e-09,0.0038328060710842438,0.0180199406827277,0.9969881377123424,0.9933071490757153,0.9890130573694068
354,0,1.0,1.0,1.0,1.0,1.0,1.0,1.0,3.085406e-13,0.004363234908436116,0.018009086993094826,0.9989911372246688,0.9933071490757153,0.9890130573694068
355,0,1.0,1.0,1.0,1.0,1.0,1.0,1.0,3.5195757e-12,0.0036098051003719245,0.018023392638117555,0.9975957472701144,0.9933071490757153,0.9890130573694068
356,0,1.0,1.0,1.0,1.0,1.0,1.0,1.0,3.138573e-07,0.004213722030162988,0.017962198944080122,0.9937130408880853,0.9933071490757153,0.9890130573694068
357,0,1.0,1.0,1.0,1.0,1.0,1.0,1.0,2.9151191e-05,0.004301045146639143,0.017983415629176606,0.9990708838449314,0.9933071490757153,0.9890130573694068
358,0,1.0,1.0,1.0,1.0,1.0,1.0,1.0,0.00033703377,0.003922328177003096,0.018019339174039296,0.9905013243873065,0.9933071490757153,0.9890130573694068
359,0,1.0,1.0,1.0,1.0,1.0,1.0,1.0,4.0963247e-10,0.004300380213607544,0.01794067770163402,0.8684726600743855,0.9933071490757153,0.9890130573694068
360,0,1.0,1.0,1.0,1.0,1.0,1.0,1.0,0.24527542,0.004722948398377555,0.017993416680760866,0.9979863748500524,0.9933071490757153,0.9890130573694068
361,0,1.0,1.0,1.0,1.0,1.0,1.0,1.0,0.09122608,0.006931565877624258,0.0179880747042424,0.9924404130970857,0.9933071490757153,0.9890130573694068
362,0,1.0,1.0,1.0,1.0,1.0,1.0,1.0,0.00047547824,0.004975978222040306,0.017944637934153147,0.9977339102976552,0.9933071490757153,0.9890130573694068
363,0,1.0,1.0,1.0,1.0,1.0,1.0,1.0,2.3204262e-08,0.004166795703081618,0.018035593955027466,0.9978039400938223,0.9933071490757153,0.9890130573694068
364,0,1.0,1.0,1.0,1.0,1.0,1.0,1.0,4.6237356e-10,0.0032130037541074183,0.01797642365847094,0.9935331540937254,0.9933071490757153,0.9890130573694068
365,0,1.0,1.0,1.0,1.0,1.0,1.0,1.0,0.00011751432,0.005374900085277939,0.017977349357301893,0.998012803103385,0.9933071490757153,0.9890130573694068
366,0,1.0,1.0,1.0,1.0,1.0,1.0,1.0,0.001928028,0.0038855936597025475,0.018023267813589497,0.9975986946513583,0.9933071490757153,0.9890130573694068
367,0,1.0,1.0,1.0,1.0,1.0,1.0,1.0,0.032937296,0.005888622335426825,0.01795338031379164,0.9998526839536236,0.9933071490757153,0.9890130573694068
368,0,1.0,1.0,1.0,1.0,1.0,1.0,1.0,8.8561434e-13,0.003935841231315249,0.01797832613215591,0.9999781112706614,0.9933071490757153,0.9890130573694068
369,0,1.0,1.0,1.0,1.0,1.0,1.0,1.0,1.9807396e-14,0.004252677917348731,0.01799631752813861,0.9994087147492192,0.9933071490757153,0.9890130573694068
370,0,1.0,1.0,1.0,1.0,1.0,1.0,1.0,0.096913636,0.005230872218473017,0.017956003846490223,0.989894714351425,0.9933071490757153,0.9890130573694068
371,0,1.0,1.0,1.0,1.0,1.0,1.0,1.0,1.2570186e-07,0.003494363310091686,0.017999616212704402,0.9996466658028242,0.9933071490757153,0.9890130573694068
372,0,1.0,1.0,1.0,1.0,1.0,1.0,1.0,5.525025e-11,0.003731928035191222,0.017960119098283468,0.9989143395729794,0.9933071490757153,0.9890130573694068
373,0,1.0,1.0,1.0,1.0,1.0,1.0,1.0,9.944789e-11,0.00524410850397553,0.01794068647226642,0.9992058975510171,0.9933071490757153,0.9890130573694068
374,0,1.0,1.0,1.0,1.0,1.0,1.0,1.0,7.284352e-09,0.005381253203584638,0.017953666363594377,0.9987508395018768,0.9933071490757153,0.9890130573694068
375,0,1.0,1.0,1.0,1.0,1.0,1.0,1.0,4.6428923e-11,0.0033351354564390766,0.01798464857540283,0.9991303797955724,0.9933071490757153,0.9890130573694068
376,0,1.0,1.0,1.0,1.0,1.0,0.0,1.0,0.37659,0.003915122909276339,0.018023557203744135,0.9988807379930776,0.9933071490757153,0.9890130573694068
377,0,1.0,1.0,1.0,1.0,1.0,1.0,1.0,2.901998e-22,0.003961968853558667,0.017926006562800547,0.9999812808719262,0.9933071490757153,0.9890130573694068
378,0,1.0,1.0,1.0,1.0,1.0,1.0,1.0,5.4661296e-14,0.003106025508279054,0.017945087299632692,0.9988443618380373,0.9933071490757153,0.9890130573694068
379,0,1.0,1.0,1.0,1.0,1.0,1.0,1.0,4.3558226e-05,0.005819812141712138,0.01797906322807349,0.9982774650137634,0.9933071490757153,0.9890130573694068
380,1,1.0,1.0,1.0,1.0,0.0,0.0,1.0,0.99999964,0.6522518204948298,0.647846045024713,0.9496261891118785,0.9933071490757153,0.9890130573694068
381,1,1.0,1.0,1.0,1.0,1.0,1.0,1.0,1.0,0.9999999998643753,0.9869936781923728,0.9989839903766677,0.9933071490757153,0.9890130573694068
382,1,1.0,1.0,1.0,1.0,1.0,1.0,1.0,1.0,0.9999999999987571,0.9869800281031968,0.9967337359341227,0.9933071490757153,0.9890130573694068
383,1,1.0,1.0,1.0,1.0,1.0,1.0,1.0,0.9999993,0.9999999999999193,0.9869889168736883,0.9968474743923036,0.9933071490757153,0.9890130573694068
384,1,1.0,1.0,1.0,1.0,1.0,1.0,1.0,0.99992156,0.9999999999998113,0.9870119933072254,0.9991567569816014,0.9933071490757153,0.9890130573694068
385,1,1.0,1.0,1.0,1.0,1.0,1.0,1.0,1.0,0.99999999999997,0.9869861789521963,0.988057215910219,0.9933071490757153,0.9890130573694068
386,1,1.0,1.0,1.0,1.0,1.0,1.0,1.0,1.0,0.9999999999999699,0.9869629784114662,0.7783637834582099,0.9933071490757153,0.9890130573694068
387,1,1.0,1.0,1.0,1.0,1.0,1.0,1.0,1.0,0.99999999999997,0.9870064069228914,0.9442088087453052,0.9933071490757153,0.9890130573694068
388,1,1.0,1.0,1.0,1.0,1.0,1.0,1.0,1.0,0.999999999999964,0.9870000747719826,0.5845262444692684,0.9933071490757153,0.9890130573694068
389,1,1.0,1.0,1.0,1.0,1.0,1.0,1.0,1.0,0.999999999999925,0.987000879841468,0.9849401474637541,0.9933071490757153,0.9890130573694068
390,1,1.0,1.0,1.0,1.0,1.0,1.0,1.0,0.9999999,0.9999999999998386,0.9869797577263936,0.99809579642152,0.9933071490757153,0.9890130573694068
391,1,1.0,1.0,1.0,1.0,1.0,1.0,1.0,1.0,0.9999999999989567,0.986966105274918,0.9830470668189278,0.9933071490757153,0.9890130573694068
392,1,1.0,1.0,1.0,1.0,1.0,1.0,1.0,1.0,0.999999999999527,0.9869460049044569,0.9954328690064986,0.9933071490757153,0.9890130573694068
393,1,1.0,1.0,1.0,1.0,1.0,1.0,1.0,1.0,0.9999999999999666,0.986969621224049,0.884208301577366,0.9933071490757153,0.9890130573694068
394,1,1.0,1.0,1.0,1.0,1.0,1.0,1.0,1.0,0.99999999999997,0.9869762657834743,0.995705972815073,0.9933071490757153,0.9890130573694068
395,1,1.0,1.0,1.0,1.0,1.0,1.0,1.0,1.0,0.99999999999997,0.9869973585339086,0.9964337157632774,0.9933071490757153,0.9890130573694068
396,1,1.0,1.0,1.0,1.0,1.0,1.0,1.0,1.0,0.99999999999997,0.9869746538625088,0.9652220106261205,0.9933071490757153,0.9890130573694068
397,1,1.0,1.0,1.0,1.0,1.0,1.0,1.0,1.0,0.99999999999997,0.9869497522843844,0.8529754877758552,0.9933071490757153,0.9890130573694068
398,1,1.0,1.0,1.0,1.0,1.0,1.0,1.0,1.0,0.99999999999997,0.9870025252283661,0.9974721539597273,0.9933071490757153,0.9890130573694068
399,1,1.0,1.0,1.0,1.0,1.0,1.0,1.0,0.9999999,0.99999999999997,0.9869607743541485,0.9579709488562166,0.9933071490757153,0.9890130573694068
400,1,1.0,1.0,1.0,1.0,1.0,1.0,1.0,1.0,0.99999999999997,0.9869843218513321,0.9298605208520094,0.9933071490757153,0.9890130573694068
401,1,1.0,1.0,1.0,1.0,1.0,1.0,1.0,0.99924254,0.99999999999997,0.9869731810143691,0.9985192374703561,0.9933071490757153,0.9890130573694068
402,1,1.0,1.0,1.0,1.0,1.0,1.0,1.0,1.0,0.99999999999997,0.986992366472739,0.9941707942346706,0.9933071490757153,0.9890130573694068
403,1,1.0,1.0,1.0,1.0,1.0,1.0,1.0,1.0,0.99999999999997,0.9869717352252128,0.9345542719332387,0.9933071490757153,0.9890130573694068
404,1,1.0,1.0,1.0,1.0,1.0,1.0,1.0,1.0,0.99999999999997,0.9869581864127155,0.943181879648438,0.9933071490757153,0.9890130573694068
405,1,1.0,1.0,1.0,1.0,1.0,1.0,1.0,1.0,0.9300381066877305,0.9106062717026161,0.9944290580531371,0.9933071490757153,0.9890130573694068
406,1,1.0,1.0,1.0,1.0,1.0,1.0,1.0,0.9999428,0.99999999999997,0.9961063174706822,0.9635043086147345,0.9933071490757153,0.9890130573694068
407,1,1.0,1.0,1.0,1.0,1.0,1.0,1.0,0.9999999,0.99999999999997,0.9961236630665904,0.9989009328289613,0.9933071490757153,0.9890130573694068
408,1,1.0,1.0,1.0,1.0,1.0,1.0,1.0,0.99999964,0.99999999999997,0.9961085147309666,0.5532423975531677,0.9933071490757153,0.9890130573694068
409,1,1.0,1.0,1.0,1.0,1.0,1.0,1.0,1.0,0.99999999999997,0.9961073280896665,0.9961883674697057,0.9933071490757153,0.9890130573694068
410,1,1.0,1.0,1.0,1.0,1.0,1.0,1.0,1.0,0.99999999999997,0.9961174806239569,0.9503783446684738,0.9933071490757153,0.9890130573694068
411,1,1.0,1.0,1.0,1.0,1.0,1.0,1.0,1.0,0.99999999999997,0.9961170464189014,0.9558620081271904,0.9933071490757153,0.9890130573694068
412,1,1.0,1.0,1.0,1.0,1.0,1.0,1.0,1.0,0.99999999999997,0.9961036477903831,0.9074013470719665,0.9933071490757153,0.9890130573694068
413,0,1.0,0.9833333333333333,0.9833333333333333,1.0,1.0,1.0,1.0,2.5509136e-10,0.2248695681419546,0.22465479087482634,0.9910057766762222,0.9933071490757153,0.9890130573694068
414,0,1.0,1.0,1.0,1.0,1.0,1.0,1.0,5.9656127e-13,0.004654069024194096,0.01800272460319434,0.9437431533043366,0.9933071490757153,0.9890130573694068
415,0,1.0,1.0,1.0,1.0,1.0,1.0,1.0,2.5177649e-06,0.004193993295743389,0.018001465260942835,0.9985912499119581,0.9933071490757153,0.9890130573694068
416,0,1.0,1.0,1.0,1.0,1.0,1.0,1.0,3.2335362e-15,0.004687469747937245,0.018006798390465786,0.7195825432031142,0.9933071490757153,0.9890130573694068
417,0,1.0,1.0,1.0,1.0,1.0,1.0,1.0,1.4360986e-09,0.003783829761083214,0.01799729940865424,0.9422837578708942,0.9933071490757153,0.9890130573694068
418,0,0.0,1.0,1.0,1.0,0.0,0.0,1.0,0.55502546,0.004723809838306164,0.017991252742848733,0.9946368571132507,0.9933071490757153,0.9890130573694068
419,0,1.0,1.0,1.0,1.0,1.0,1.0,1.0,3.6301152e-08,0.005158219558982902,0.017987365774460015,0.9424302595483413,0.9933071490757153,0.9890130573694068
420,0,1.0,1.0,1.0,1.0,1.0,1.0,1.0,0.00020804726,0.003426304706647903,0.017978989508473264,0.998210308010379,0.9933071490757153,0.9890130573694068
421,0,1.0,1.0,1.0,1.0,1.0,1.0,1.0,2.0425522e-13,0.003686711174101814,0.01797926391833528,0.9997014326406021,0.9933071490757153,0.9890130573694068
422,0,1.0,1.0,1.0,1.0,1.0,1.0,1.0,3.0698664e-06,0.003956955714224504,0.018017932125603358,0.997937206137918,0.9933071490757153,0.9890130573694068
423,0,1.0,1.0,1.0,1.0,1.0,1.0,1.0,5.485361e-09,0.0028064051332670117,0.018007430880690806,0.9993503165052193,0.9933071490757153,0.9890130573694068
424,0,1.0,1.0,1.0,1.0,1.0,1.0,1.0,8.3994045e-18,0.0037537675406766912,0.017981330691120137,0.9999719654257632,0.9933071490757153,0.9890130573694068
425,0,1.0,1.0,1.0,1.0,1.0,1.0,1.0,1.9635571e-10,0.004371603836178396,0.017956130099335506,0.9703263100300736,0.9933071490757153,0.9890130573694068
426,0,1.0,1.0,1.0,1.0,1.0,1.0,1.0,2.2862873e-11,0.0047561721400967176,0.017995083514855584,0.9981243980711986,0.9933071490757153,0.9890130573694068
427,0,1.0,1.0,1.0,1.0,1.0,1.0,1.0,1.0409393e-14,0.0028946928922842,0.01802980966758782,0.9991572321546921,0.9933071490757153,0.9890130573694068
428,0,1.0,1.0,1.0,1.0,1.0,1.0,1.0,5.922049e-08,0.003763547781914307,0.01801830450308015,0.9973889178735765,0.9933071490757153,0.9890130573694068
429,0,1.0,1.0,1.0,1.0,1.0,1.0,1.0,1.06342976e-10,0.003442767045974254,0.017973986745817308,0.9944616136471149,0.9933071490757153,0.9890130573694068
430,0,1.0,1.0,1.0,1.0,1.0,1.0,1.0,2.6561738e-06,0.0038111528514554274,0.017906348202369044,0.9902182741672196,0.9933071490757153,0.9890130573694068
431,0,1.0,1.0,1.0,1.0,1.0,1.0,1.0,2.5229213e-14,0.004174319042361948,0.017963575633693458,0.9002653880630448,0.9933071490757153,0.9890130573694068
432,0,1.0,1.0,1.0,1.0,1.0,1.0,1.0,8.4948235e-09,0.004254335227855887,0.018023248911121514,0.9987934981940624,0.9933071490757153,0.9890130573694068
433,0,1.0,1.0,1.0,1.0,1.0,1.0,1.0,0.00046293685,0.004819718155356489,0.01801369481349261,0.9993599696440956,0.9933071490757153,0.9890130573694068
434,0,1.0,1.0,1.0,1.0,1.0,1.0,1.0,0.00021716973,0.004286304539003378,0.017929483372039843,0.998998045625662,0.9933071490757153,0.9890130573694068
435,0,1.0,1.0,1.0,1.0,1.0,1.0,1.0,0.033517797,0.003907424710294624,0.017981505318145248,0.995642209375246,0.9933071490757153,0.9890130573694068
436,0,1.0,1.0,1.0,1.0,1.0,1.0,1.0,1.4350312e-12,0.00470817929962053,0.01792288455309491,0.9995000491186564,0.9933071490757153,0.9890130573694068
437,0,1.0,1.0,1.0,1.0,1.0,1.0,1.0,4.7526902e-07,0.0029744284185233166,0.01798348336910901,0.9984527624379841,0.9933071490757153,0.9890130573694068
438,0,1.0,1.0,1.0,1.0,1.0,1.0,1.0,6.227813e-15,0.0038814156720899597,0.01795762673848319,0.9133346829817629,0.9933071490757153,0.9890130573694068
439,0,1.0,1.0,1.0,1.0,1.0,1.0,1.0,1.7823998e-08,0.004150951320470941,0.018022909033667735,0.999758336924347,0.9933071490757153,0.9890130573694068
440,0,1.0,1.0,1.0,1.0,1.0,1.0,1.0,1.075086e-12,0.003643656773503417,0.017995772247091656,0.9993666082816527,0.9933071490757153,0.9890130573694068
441,0,1.0,1.0,1.0,1.0,1.0,1.0,1.0,0.24716257,0.003411404039514363,0.01798142911389625,0.9928439216578921,0.9933071490757153,0.9890130573694068
442,0,1.0,1.0,1.0,1.0,1.0,1.0,1.0,1.1908706e-11,0.004882833601004344,0.017978295416262127,0.9474408112036444,0.9933071490757153,0.9890130573694068
443,0,1.0,1.0,1.0,1.0,1.0,1.0,1.0,2.0692324e-13,0.005269879176418715,0.01796867400868786,0.9921022026441253,0.9933071490757153,0.9890130573694068
444,0,1.0,1.0,1.0,1.0,1.0,1.0,1.0,3.268695e-08,0.005161402729197341,0.017965559190316407,0.9522030438304865,0.9933071490757153,0.9890130573694068
445,0,1.0,1.0,1.0,1.0,1.0,1.0,1.0,1.5621916e-05,0.00451947162937614,0.018005064366863832,0.9983332442881409,0.9933071490757153,0.9890130573694068
446,0,1.0,1.0,1.0,1.0,1.0,1.0,1.0,0.06558391,0.0037256602035709106,0.017996572822034207,0.990073533540212,0.9933071490757153,0.9890130573694068
447,0,1.0,1.0,1.0,1.0,1.0,1.0,1.0,2.475194e-11,0.004779315942881644,0.01794954262629209,0.996254267068034,0.9933071490757153,0.9890130573694068
448,0,1.0,1.0,1.0,1.0,1.0,1.0,1.0,3.6301152e-08,0.003404391727639212,0.018071183322451688,0.9424302595483413,0.9933071490757153,0.9890130573694068
449,0,1.0,1.0,1.0,1.0,1.0,1.0,1.0,4.7615655e-13,0.004062486541992251,0.017971765778152113,0.9494406645269254,0.9933071490757153,0.9890130573694068
450,0,1.0,1.0,1.0,1.0,1.0,1.0,1.0,2.7918673e-05,0.004024003238080903,0.017962883093875105,0.9573858508439491,0.9933071490757153,0.9890130573694068
451,0,1.0,1.0,1.0,1.0,1.0,1.0,1.0,1.5235688e-10,0.00435195522580108,0.01797332855541138,0.999908341946712,0.9933071490757153,0.9890130573694068
452,0,1.0,1.0,1.0,1.0,1.0,1.0,1.0,7.483814e-12,0.0036291235932938547,0.017998246723887588,0.9999886459307127,0.9933071490757153,0.9890130573694068
453,0,1.0,1.0,1.0,1.0,1.0,1.0,1.0,6.0328983e-07,0.003633117165831771,0.017973397694049296,0.9919468359896784,0.9933071490757153,0.9890130573694068
454,0,1.0,1.0,1.0,1.0,1.0,1.0,1.0,1.8890495e-08,0.0037018246644794483,0.01801771690703229,0.9882221301204265,0.9933071490757153,0.9890130573694068
455,0,1.0,1.0,1.0,1.0,1.0,1.0,1.0,1.04138466e-13,0.00700089375798855,0.01798363248116904,0.9998615472282074,0.9933071490757153,0.9890130573694068
456,0,1.0,1.0,1.0,1.0,1.0,1.0,1.0,6.207127e-09,0.0038197628184637048,0.0179521283828454,0.9983979043863443,0.9933071490757153,0.9890130573694068
457,0,1.0,1.0,1.0,1.0,1.0,1.0,1.0,6.289164e-13,0.0033101574930948846,0.017985837171392537,0.9965475791931406,0.9933071490757153,0.9890130573694068
458,0,1.0,1.0,1.0,1.0,1.0,1.0,1.0,0.0001164528,0.005085914898509573,0.017969582905991963,0.9948489871503855,0.9933071490757153,0.9890130573694068
459,0,1.0,1.0,1.0,1.0,1.0,1.0,1.0,8.343044e-10,0.003941121815711903,0.017992207017357414,0.999167235714994,0.9933071490757153,0.9890130573694068
460,0,1.0,1.0,1.0,1.0,1.0,1.0,1.0,2.8358274e-11,0.005591146409830069,0.01795094479597741,0.9937636155053198,0.9933071490757153,0.9890130573694068
461,0,1.0,1.0,1.0,1.0,1.0,1.0,1.0,5.380775e-12,0.003871972026610676,0.017959749377445152,0.9677303015945528,0.9933071490757153,0.9890130573694068
462,0,1.0,1.0,1.0,1.0,1.0,1.0,1.0,1.8939956e-12,0.00483751147085972,0.018011930725431523,0.951673602275095,0.9933071490757153,0.9890130573694068
463,0,1.0,1.0,1.0,1.0,1.0,1.0,1.0,2.7712568e-14,0.004643389358047924,0.017975014701905125,0.9988162952629879,0.9933071490757153,0.9890130573694068
464,1,1.0,1.0,1.0,1.0,0.0,0.0,1.0,0.9981353,0.6436577728164645,0.6476563745692583,0.9805517176845443,0.9933071490757153,0.9890130573694068
465,0,1.0,0.9833333333333333,1.0,1.0,0.0,0.0,1.0,1.2769852e-05,0.47341963650895325,0.4861974453270067,0.991126415221072,0.9933071490757153,0.9890130573694068
466,0,1.0,1.0,1.0,1.0,1.0,1.0,1.0,3.4769976e-13,0.0035635150497953043,0.017968423578212954,0.8426572352672214,0.9933071490757153,0.9890130573694068
467,0,1.0,1.0,1.0,1.0,1.0,1.0,1.0,9.50011e-10,0.00521396344662509,0.017946568532511288,0.9970151797005063,0.9933071490757153,0.9890130573694068
468,0,1.0,1.0,1.0,1.0,1.0,1.0,1.0,2.580622e-06,0.0033096172145027636,0.01797178298947456,0.9918415510347515,0.9933071490757153,0.9890130573694068
469,0,1.0,1.0,1.0,1.0,1.0,1.0,1.0,0.17463042,0.0042205844802908725,0.017983103358217557,0.994339735728087,0.9933071490757153,0.9890130573694068
470,0,1.0,1.0,1.0,1.0,1.0,1.0,1.0,4.7685397e-08,0.005045914247016685,0.018006488422205317,0.9945557246021917,0.9933071490757153,0.9890130573694068
471,1,0.0,1.0,1.0,1.0,0.0,0.0,1.0,0.2371935,0.9704135258071119,0.9176098382285122,0.7946938322306907,0.9933071490757153,0.9890130573694068
472,1,1.0,1.0,1.0,1.0,1.0,1.0,1.0,0.923362,0.9943363423849028,0.9331685422541347,0.9826494727234164,0.9933071490757153,0.9890130573694068
473,1,1.0,1.0,1.0,1.0,1.0,1.0,1.0,1.0,0.9934801577888442,0.9330964326693058,0.9975318705174454,0.9933071490757153,0.9890130573694068
474,1,1.0,1.0,1.0,1.0,1.0,1.0,1.0,1.0,0.9928385281563954,0.9330568533835367,0.993185255462296,0.9933071490757153,0.9890130573694068
475,1,1.0,1.0,1.0,1.0,1.0,1.0,1.0,1.0,0.992132030464627,0.9330043882785192,0.9949821581880332,0.9933071490757153,0.9890130573694068
476,1,1.0,1.0,1.0,1.0,1.0,1.0,1.0,1.0,0.9919165637045583,0.9331031996475581,0.9832106537164823,0.9933071490757153,0.9890130573694068
477,1,1.0,1.0,1.0,1.0,1.0,1.0,1.0,1.0,0.9913754665972395,0.933090040223367,0.9995621995095887,0.9933071490757153,0.9890130573694068
478,1,1.0,1.0,1.0,1.0,1.0,1.0,1.0,1.0,0.9910267874548083,0.9328945874258499,0.9974577456488538,0.9933071490757153,0.9890130573694068
479,1,1.0,1.0,1.0,1.0,1.0,1.0,1.0,1.0,0.9912234058571483,0.9329998319368259,0.9324533088603709,0.9933071490757153,0.9890130573694068
480,1,1.0,1.0,1.0,1.0,1.0,1.0,1.0,0.9999989,0.9911450945463515,0.933124058224204,0.9981671179996457,0.9933071490757153,0.9890130573694068
481,1,1.0,1.0,1.0,1.0,1.0,1.0,1.0,0.95600516,0.9918766318228234,0.9330457053779415,0.6634061535129593,0.9933071490757153,0.9890130573694068
482,1,1.0,1.0,1.0,1.0,1.0,1.0,1.0,1.0,0.9923435769387177,0.9330427395408738,0.9705707731371274,0.9933071490757153,0.9890130573694068
483,1,1.0,1.0,1.0,1.0,1.0,1.0,1.0,1.0,0.991869884522307,0.9331614296468672,0.988243021970549,0.9933071490757153,0.9890130573694068
484,1,1.0,1.0,1.0,1.0,1.0,1.0,1.0,1.0,0.9908735330241458,0.9328110202448008,0.9639275543191664,0.9933071490757153,0.9890130573694068
485,1,1.0,1.0,1.0,1.0,1.0,1.0,1.0,0.9999974,0.9902563241909881,0.9331012165622815,0.9941427637548189,0.9933071490757153,0.9890130573694068
486,1,1.0,1.0,1.0,1.0,1.0,1.0,1.0,1.0,0.9910353955227114,0.933304786252529,0.5845262444692684,0.9933071490757153,0.9890130573694068
487,1,1.0,1.0,1.0,1.0,1.0,1.0,1.0,1.0,0.9910383497068072,0.9328815288718039,0.9993923356654477,0.9933071490757153,0.9890130573694068
488,1,1.0,1.0,1.0,1.0,1.0,1.0,1.0,1.0,0.9912660263778322,0.933093172443917,0.8072482763468041,0.9933071490757153,0.9890130573694068
489,1,1.0,1.0,1.0,1.0,1.0,1.0,1.0,0.99999976,0.9911490204813747,0.9329567089805882,0.9998133235196397,0.9933071490757153,0.9890130573694068
490,1,1.0,1.0,1.0,1.0,1.0,1.0,1.0,0.98029023,0.9920136413881196,0.9330184708319347,0.999864722282681,0.9933071490757153,0.9890130573694068
491,1,1.0,1.0,1.0,1.0,1.0,1.0,1.0,1.0,0.9914447957281042,0.9329946209737081,0.9968911334926136,0.9933071490757153,0.9890130573694068
492,1,1.0,1.0,1.0,1.0,1.0,1.0,1.0,1.0,0.9908937499915389,0.9331408298623031,0.9997152191114753,0.9933071490757153,0.9890130573694068
493,1,1.0,1.0,1.0,1.0,1.0,1.0,1.0,0.999995,0.9912882396802937,0.9330656998126974,0.9993036409926831,0.9933071490757153,0.9890130573694068
494,1,1.0,1.0,1.0,1.0,1.0,1.0,1.0,1.0,0.9915597855505838,0.9329379285824033,0.9679310901720676,0.9933071490757153,0.9890130573694068
495,1,1.0,1.0,1.0,1.0,1.0,1.0,1.0,1.0,0.9918542519133174,0.9330732763002385,0.9998034681138462,0.9933071490757153,0.9890130573694068
496,1,1.0,1.0,1.0,1.0,1.0,1.0,1.0,1.0,0.9910681909564063,0.9332264943797175,0.9981883038982182,0.9933071490757153,0.9890130573694068
497,1,1.0,1.0,1.0,1.0,1.0,1.0,1.0,1.0,0.9898612123979216,0.933133279071862,0.6180199338147758,0.9933071490757153,0.9890130573694068
498,1,1.0,1.0,1.0,1.0,1.0,1.0,1.0,0.9991246,0.9890029515797013,0.9330574889921357,0.5705662232765984,0.9933071490757153,0.9890130573694068
499,1,1.0,1.0,1.0,1.0,1.0,1.0,1.0,1.0,0.9885186264853206,0.933017593701752,0.9938736283982835,0.9933071490757153,0.9890130573694068
500,1,1.0,1.0,1.0,1.0,1.0,1.0,1.0,1.0,0.9882602741178962,0.9330174456982888,0.966803264709846,0.9933071490757153,0.9890130573694068
501,1,1.0,1.0,1.0,1.0,1.0,1.0,1.0,0.99999785,0.9874992912471747,0.933090028198834,0.9998641474360097,0.9933071490757153,0.9890130573694068
502,1,1.0,1.0,1.0,1.0,1.0,1.0,1.0,1.0,0.9872992144371692,0.9331613032118656,0.9991952088664012,0.9933071490757153,0.9890130573694068
503,1,1.0,1.0,1.0,1.0,1.0,1.0,1.0,0.9999994,0.9870099081151231,0.9330465551227577,0.5399796203406995,0.9933071490757153,0.9890130573694068
504,1,1.0,1.0,1.0,1.0,1.0,1.0,1.0,0.9999995,0.9869542414758362,0.9330283580757794,0.9901461504579078,0.9933071490757153,0.9890130573694068
505,1,1.0,1.0,1.0,1.0,1.0,1.0,1.0,1.0,0.986843454027938,0.9330725808992985,0.9982457461874501,0.9933071490757153,0.9890130573694068
506,1,1.0,1.0,1.0,1.0,1.0,1.0,1.0,1.0,0.9868701634004889,0.932961030357733,0.9996403155866256,0.9933071490757153,0.9890130573694068
507,1,1.0,1.0,1.0,1.0,1.0,1.0,1.0,1.0,0.9866896656313047,0.9331131816334991,0.9963620925503588,0.9933071490757153,0.9890130573694068
508,1,1.0,1.0,1.0,1.0,1.0,1.0,1.0,1.0,0.9867510161212073,0.9331146931156372,0.8715696181672996,0.9933071490757153,0.9890130573694068
509,1,1.0,1.0,1.0,1.0,1.0,1.0,1.0,0.999998,0.9866065092008393,0.9328877542130516,0.9827241642341763,0.9933071490757153,0.9890130573694068
510,1,1.0,1.0,1.0,1.0,1.0,1.0,1.0,1.0,0.9865944613287646,0.9330304096343558,0.9287942111642424,0.9933071490757153,0.9890130573694068
511,1,1.0,1.0,1.0,1.0,1.0,1.0,1.0,0.9999981,0.986548196432946,0.9332144863854411,0.7108218047522769,0.9933071490757153,0.9890130573694068
512,1,1.0,1.0,1.0,1.0,1.0,1.0,1.0,1.0,0.9863132931992526,0.9330828529747545,0.9984813614304807,0.9933071490757153,0.9890130573694068
513,1,1.0,1.0,1.0,1.0,1.0,1.0,1.0,0.9989341,0.9863047095623909,0.9331139807694037,0.9603515077435356,0.9933071490757153,0.9890130573694068
514,1,1.0,1.0,1.0,1.0,1.0,1.0,1.0,0.99999714,0.9862836540720367,0.933057091759791,0.9316086858026174,0.9933071490757153,0.9890130573694068
515,1,1.0,1.0,1.0,1.0,1.0,1.0,1.0,1.0,0.9862825718433865,0.9329650244469977,0.5631580296325531,0.9933071490757153,0.9890130573694068
516,1,1.0,1.0,1.0,1.0,1.0,1.0,1.0,1.0,0.9861867366517757,0.933074807477056,0.9972086901972916,0.9933071490757153,0.9890130573694068
517,1,1.0,1.0,1.0,1.0,1.0,1.0,1.0,1.0,0.9862829571237257,0.9329953536133583,0.9900447409271893,0.9933071490757153,0.9890130573694068
518,1,1.0,1.0,1.0,1.0,1.0,1.0,1.0,1.0,0.9861167728446362,0.9330515682438463,0.875600586281366,0.9933071490757153,0.9890130573694068
519,1,1.0,1.0,1.0,1.0,1.0,1.0,1.0,1.0,0.9862027319562977,0.9330399098599768,0.995705972815073,0.9933071490757153,0.9890130573694068
520,1,1.0,1.0,1.0,1.0,1.0,1.0,1.0,1.0,0.9861701810692322,0.9329620612390214,0.999294981750817,0.9933071490757153,0.9890130573694068
521,1,1.0,1.0,1.0,1.0,1.0,1.0,1.0,0.99995625,0.986282501537637,0.932916465742402,0.9767727587170463,0.9933071490757153,0.9890130573694068
522,1,1.0,1.0,1.0,1.0,1.0,1.0,1.0,1.0,0.9862358518890377,0.9329844992097804,0.9914913073591773,0.9933071490757153,0.9890130573694068
523,1,1.0,1.0,1.0,1.0,1.0,1.0,1.0,0.9999585,0.9862601001633544,0.9328814834712861,0.9983469135392308,0.9933071490757153,0.9890130573694068
524,1,1.0,1.0,1.0,1.0,1.0,1.0,1.0,1.0,0.986223644054861,0.932985603061247,0.9262386502084241,0.9933071490757153,0.9890130573694068
525,1,1.0,1.0,1.0,1.0,1.0,1.0,1.0,1.0,0.9861961235486508,0.9329617423992471,0.9554944505268729,0.9933071490757153,0.9890130573694068
526,1,1.0,1.0,1.0,1.0,1.0,1.0,1.0,0.9981451,0.9860729531593737,0.9330673667992512,0.9927734060049203,0.9933071490757153,0.9890130573694068
527,1,1.0,1.0,1.0,1.0,1.0,1.0,1.0,1.0,0.9861872331502597,0.9330151878236921,0.9998034681138462,0.9933071490757153,0.9890130573694068
528,1,1.0,1.0,1.0,1.0,1.0,1.0,1.0,1.0,0.9862462127890727,0.9331228410228476,0.9600060291474057,0.9933071490757153,0.9890130573694068
529,1,1.0,1.0,1.0,1.0,1.0,1.0,1.0,1.0,0.986240155751148,0.9330619569927474,0.9855134906874035,0.9933071490757153,0.9890130573694068
530,1,1.0,1.0,1.0,1.0,1.0,1.0,1.0,1.0,0.9862458238136627,0.9330717140510578,0.9904944893815404,0.9933071490757153,0.9890130573694068
531,1,1.0,1.0,1.0,1.0,1.0,1.0,1.0,0.9999889,0.986140474540331,0.9330666983292842,0.9183386426600785,0.9933071490757153,0.9890130573694068
532,1,1.0,1.0,1.0,1.0,1.0,1.0,1.0,1.0,0.9861554027528451,0.9330770821119037,0.9848075749966261,0.9933071490757153,0.9890130573694068
533,1,1.0,1.0,1.0,1.0,1.0,1.0,1.0,0.99992573,0.9862542903244192,0.9330798828570265,0.9846133399849264,0.9933071490757153,0.9890130573694068
534,1,1.0,1.0,1.0,1.0,1.0,1.0,1.0,0.9999999,0.9862893503059349,0.9327848624962798,0.990107007903733,0.9933071490757153,0.9890130573694068
535,1,1.0,1.0,1.0,1.0,1.0,1.0,1.0,1.0,0.9862203807787894,0.9330249386703068,0.6984923634769793,0.9933071490757153,0.9890130573694068
536,1,1.0,1.0,1.0,1.0,1.0,1.0,1.0,0.99999964,0.9862756500093413,0.933073407588003,0.9755829287641155,0.9933071490757153,0.9890130573694068
537,1,1.0,1.0,1.0,1.0,1.0,1.0,1.0,1.0,0.9862127574246029,0.9328846184815269,0.9978026624290602,0.9933071490757153,0.9890130573694068
538,1,1.0,1.0,1.0,1.0,1.0,1.0,1.0,1.0,0.9861933409866261,0.933189345061446,0.9974369194670678,0.9933071490757153,0.9890130573694068
539,1,1.0,1.0,1.0,1.0,1.0,1.0,1.0,1.0,0.9863201069345853,0.9330063531112172,0.9944629846456164,0.9933071490757153,0.9890130573694068
540,1,1.0,1.0,1.0,1.0,1.0,1.0,1.0,1.0,0.9861468997017203,0.9329809563717331,0.9499472282946773,0.9933071490757153,0.9890130573694068
541,1,1.0,1.0,1.0,1.0,1.0,1.0,1.0,1.0,0.9862270475793836,0.933003222442212,0.9995972062072678,0.9933071490757153,0.9890130573694068
542,1,1.0,1.0,1.0,1.0,1.0,1.0,1.0,0.9999999,0.9861650369862152,0.9331638612985926,0.7471575579130543,0.9933071490757153,0.9890130573694068
543,1,1.0,1.0,1.0,1.0,1.0,1.0,1.0,1.0,0.9862477821027615,0.9330353165410329,0.9490949107048228,0.9933071490757153,0.9890130573694068
544,1,1.0,1.0,1.0,1.0,1.0,1.0,1.0,0.9999999,0.9863233945208247,0.9331413059667396,0.9521327277643543,0.9933071490757153,0.9890130573694068
545,1,1.0,1.0,1.0,1.0,1.0,1.0,1.0,1.0,0.9863454716602927,0.933103606071203,0.9984566819464655,0.9933071490757153,0.9890130573694068
546,1,1.0,1.0,1.0,1.0,1.0,1.0,1.0,0.9999583,0.9863892129751585,0.9328620489411747,0.9743710436115257,0.9933071490757153,0.9890130573694068
547,1,1.0,1.0,1.0,1.0,1.0,1.0,1.0,1.0,0.9864344559645042,0.9330911088936111,0.9762129978175753,0.9933071490757153,0.9890130573694068
548,1,1.0,1.0,1.0,1.0,1.0,1.0,1.0,1.0,0.9864387075368499,0.933187781897899,0.997173786055667,0.9933071490757153,0.9890130573694068
549,1,1.0,1.0,1.0,1.0,1.0,1.0,1.0,0.99998546,0.9865094229347667,0.9330369403238497,0.9979684512636778,0.9933071490757153,0.9890130573694068
550,1,1.0,1.0,1.0,1.0,1.0,1.0,1.0,1.0,0.9866079688464148,0.9330011283997889,0.89132174362642,0.9933071490757153,0.9890130573694068
551,1,1.0,1.0,1.0,1.0,1.0,1.0,1.0,1.0,0.986404150794722,0.9329691720529837,0.9982457461874501,0.9933071490757153,0.9890130573694068
552,1,1.0,1.0,1.0,1.0,1.0,1.0,1.0,0.9999999,0.9864942507580133,0.9330713471321109,0.990107007903733,0.9933071490757153,0.9890130573694068
553,1,1.0,1.0,1.0,1.0,1.0,1.0,1.0,0.9999981,0.9864541949809145,0.9329891011024251,0.9657870074881826,0.9933071490757153,0.9890130573694068
554,1,1.0,1.0,1.0,1.0,1.0,1.0,1.0,1.0,0.986626658119638,0.9330132404271002,0.9945311123996511,0.9933071490757153,0.9890130573694068
555,1,1.0,1.0,1.0,1.0,1.0,1.0,1.0,1.0,0.9870626513167778,0.9330537678566742,0.9500007573512524,0.9933071490757153,0.9890130573694068
556,1,1.0,1.0,1.0,1.0,1.0,1.0,1.0,1.0,0.9872304328441215,0.932961544529146,0.9822507179352163,0.9933071490757153,0.9890130573694068
557,1,1.0,1.0,1.0,1.0,1.0,1.0,1.0,0.99956864,0.9873160225574016,0.9328825473519496,0.9800274578894133,0.9933071490757153,0.9890130573694068
558,1,1.0,1.0,1.0,1.0,1.0,1.0,1.0,1.0,0.987347824357507,0.9330105169473627,0.9452288950802206,0.9933071490757153,0.9890130573694068
559,1,1.0,1.0,1.0,1.0,1.0,1.0,1.0,1.0,0.987419924943353,0.9330513175079527,0.997173786055667,0.9933071490757153,0.9890130573694068
560,1,1.0,1.0,1.0,1.0,1.0,1.0,1.0,0.99996936,0.9869846252810746,0.9329387109939049,0.9988683802649845,0.9933071490757153,0.9890130573694068
561,1,1.0,1.0,1.0,1.0,1.0,1.0,1.0,0.99997294,0.9868994934432485,0.9329912797359319,0.9356420825804335,0.9933071490757153,0.9890130573694068
562,1,1.0,1.0,1.0,1.0,1.0,1.0,1.0,1.0,0.9867254225945208,0.9329854727794141,0.9666770074785324,0.9933071490757153,0.9890130573694068
563,1,1.0,1.0,1.0,1.0,1.0,1.0,1.0,1.0,0.9864950207151721,0.9329445823139064,0.5527794331959262,0.9933071490757153,0.9890130573694068
564,1,1.0,1.0,1.0,1.0,1.0,1.0,1.0,1.0,0.9865445738484271,0.9330449671089867,0.9986122792954104,0.9933071490757153,0.9890130573694068
565,1,1.0,1.0,1.0,1.0,1.0,1.0,1.0,0.9919665,0.9864921056910095,0.9330292413285726,0.9980073587863795,0.9933071490757153,0.9890130573694068
566,1,1.0,1.0,1.0,1.0,1.0,1.0,1.0,1.0,0.9865501959935765,0.9332454432661131,0.9995567552873014,0.9933071490757153,0.9890130573694068
567,1,1.0,1.0,1.0,1.0,1.0,1.0,1.0,1.0,0.9862941774611641,0.933012964946981,0.9997487656180595,0.9933071490757153,0.9890130573694068
568,1,1.0,1.0,1.0,1.0,1.0,1.0,1.0,1.0,0.9863449118054136,0.9330264066813538,0.9939013767244443,0.9933071490757153,0.9890130573694068
569,1,1.0,1.0,1.0,1.0,1.0,1.0,1.0,1.0,0.986464522806816,0.933193372841087,0.9994534991285807,0.9933071490757153,0.9890130573694068
570,1,1.0,1.0,1.0,1.0,1.0,1.0,1.0,1.0,0.9866674373335916,0.93312491750795,0.9826271149828205,0.9933071490757153,0.9890130573694068
571,1,1.0,1.0,1.0,1.0,1.0,1.0,1.0,0.9932065,0.9866621208614564,0.9329296775812937,0.7370941409933004,0.9933071490757153,0.9890130573694068
572,1,1.0,1.0,1.0,1.0,1.0,1.0,1.0,0.99999666,0.9864507012720815,0.9330420555839493,0.999452029996397,0.9933071490757153,0.9890130573694068
573,1,1.0,1.0,1.0,1.0,1.0,1.0,1.0,0.9820988,0.9862980029921756,0.9330175792038314,0.9755342859537505,0.9933071490757153,0.9890130573694068
574,1,1.0,1.0,1.0,1.0,1.0,1.0,1.0,0.99993825,0.9862356081798448,0.9329084420605561,0.9996093175663895,0.9933071490757153,0.9890130573694068
575,1,1.0,1.0,1.0,1.0,1.0,1.0,1.0,1.0,0.9863933136278623,0.9329530391512323,0.9776280474608222,0.9933071490757153,0.9890130573694068
576,1,1.0,1.0,1.0,1.0,1.0,1.0,1.0,1.0,0.9864589020005461,0.9330915658799113,0.9893606989638254,0.9933071490757153,0.9890130573694068
577,1,1.0,1.0,1.0,1.0,1.0,1.0,1.0,0.9999999,0.9863934256421095,0.9331344585915795,0.9801257435239146,0.9933071490757153,0.9890130573694068
578,1,1.0,1.0,1.0,1.0,1.0,1.0,1.0,0.9999602,0.9864703538868592,0.9328832372343514,0.9960379116227772,0.9933071490757153,0.9890130573694068
579,1,1.0,1.0,1.0,1.0,1.0,1.0,1.0,1.0,0.9865633196487625,0.9329767200381852,0.999127205117121,0.9933071490757153,0.9890130573694068
580,1,1.0,1.0,1.0,1.0,1.0,1.0,1.0,1.0,0.9864629509301938,0.9329909552606097,0.999494462415416,0.9933071490757153,0.9890130573694068
581,1,1.0,1.0,1.0,1.0,1.0,1.0,1.0,1.0,0.9866253624291236,0.9330784808806687,0.9975318705174454,0.9933071490757153,0.9890130573694068
582,1,1.0,1.0,1.0,1.0,1.0,1.0,1.0,1.0,0.9863942468173464,0.9331327895674345,0.9976129341968325,0.9933071490757153,0.9890130573694068
583,1,1.0,1.0,1.0,1.0,1.0,1.0,1.0,1.0,0.9863285225007363,0.9329202894859885,0.9994816439050238,0.9933071490757153,0.9890130573694068
584,1,1.0,1.0,1.0,1.0,1.0,1.0,1.0,1.0,0.9864738235131411,0.9330012907095147,0.8244449446062205,0.9933071490757153,0.9890130573694068
585,0,1.0,0.23333333333333334,1.0,1.0,0.0,0.0,1.0,7.0682546e-07,0.9559556114120084,0.2010676115143797,0.997303613359084,0.9933071490757153,0.9890130573694068
586,0,1.0,0.8666666666666667,1.0,1.0,1.0,1.0,1.0,1.49261e-07,0.1875270430979975,0.01794239547828424,0.9965497048351973,0.9933071490757153,0.9890130573694068
587,0,1.0,1.0,1.0,1.0,1.0,1.0,1.0,2.8691318e-13,0.016584264251580796,0.01796168669963781,0.9994399434270754,0.9933071490757153,0.9890130573694068
588,0,1.0,1.0,1.0,1.0,1.0,1.0,1.0,1.4360986e-09,0.003843425533697891,0.017987589675304685,0.9422837578708942,0.9933071490757153,0.9890130573694068
589,0,1.0,1.0,1.0,1.0,1.0,1.0,1.0,9.042186e-14,0.004004464101141334,0.017949577617789956,0.9948760964513659,0.9933071490757153,0.9890130573694068
590,0,1.0,1.0,1.0,1.0,1.0,1.0,1.0,3.5713534e-09,0.006089631517171854,0.01801227144392376,0.9922714005033167,0.9933071490757153,0.9890130573694068
591,0,1.0,1.0,1.0,1.0,1.0,1.0,1.0,0.011468478,0.0046383906582837,0.01794852368098567,0.9802658264640227,0.9933071490757153,0.9890130573694068
592,0,1.0,1.0,1.0,1.0,1.0,1.0,1.0,0.0009685895,0.0036558184356508816,0.0179960340897817,0.9940552882031537,0.9933071490757153,0.9890130573694068
593,0,1.0,1.0,1.0,1.0,1.0,1.0,1.0,1.2483182e-09,0.005172425636090789,0.018007516008789602,0.9990419080595078,0.9933071490757153,0.9890130573694068
594,0,1.0,1.0,1.0,1.0,1.0,1.0,1.0,3.413408e-14,0.004567059960243859,0.018000315889786334,0.9992567387715061,0.9933071490757153,0.9890130573694068
595,0,1.0,1.0,1.0,1.0,1.0,1.0,1.0,2.3518e-06,0.006335915617940938,0.017999392168923243,0.9322994333674488,0.9933071490757153,0.9890130573694068
596,0,1.0,1.0,1.0,1.0,1.0,1.0,1.0,1.458509e-15,0.004196392447333304,0.017935611634502694,0.9986209217298081,0.9933071490757153,0.9890130573694068
597,0,1.0,1.0,1.0,1.0,1.0,1.0,1.0,7.100475e-07,0.004497054786898366,0.018030857769869978,0.9787355161457602,0.9933071490757153,0.9890130573694068
598,0,1.0,1.0,1.0,1.0,1.0,1.0,1.0,1.7297139e-12,0.004400737158990646,0.017909998358750782,0.9929430764630545,0.9933071490757153,0.9890130573694068
599,0,1.0,1.0,1.0,1.0,1.0,1.0,1.0,1.4226966e-08,0.004255810148884944,0.01797613204555676,0.9998212579518387,0.9933071490757153,0.9890130573694068
600,0,1.0,1.0,1.0,1.0,1.0,1.0,1.0,3.6651143e-06,0.0038585340107554224,0.01800466469052777,0.9885903021126833,0.9933071490757153,0.9890130573694068
601,0,1.0,1.0,1.0,1.0,1.0,1.0,1.0,2.1598137e-06,0.004510973899590213,0.017963149267416687,0.9972958530424092,0.9933071490757153,0.9890130573694068
602,0,1.0,1.0,1.0,1.0,1.0,1.0,1.0,6.217808e-11,0.007504627714446553,0.017972982010444522,0.9823276173775158,0.9933071490757153,0.9890130573694068
603,0,1.0,1.0,1.0,1.0,1.0,1.0,1.0,1.1777522e-13,0.003350485360338554,0.017992187800673035,0.8922058767584568,0.9933071490757153,0.9890130573694068
604,0,1.0,1.0,1.0,1.0,1.0,1.0,1.0,3.2335362e-15,0.005770404061947935,0.01798334546467629,0.7195825432031142,0.9933071490757153,0.9890130573694068
605,0,1.0,1.0,1.0,1.0,1.0,1.0,1.0,0.0013155938,0.0052338307179442736,0.018021718062845086,0.9926902695965325,0.9933071490757153,0.9890130573694068
606,1,1.0,1.0,1.0,1.0,1.0,1.0,1.0,1.0,0.7845894062281261,0.7847524687448522,0.9997803300375719,0.9933071490757153,0.9890130573694068
607,1,1.0,1.0,1.0,1.0,1.0,1.0,1.0,1.0,0.99999999999997,0.9968343911986874,0.9420372454368549,0.9933071490757153,0.9890130573694068
608,1,1.0,1.0,1.0,1.0,1.0,1.0,1.0,1.0,0.99999999999997,0.9968234678323331,0.9992998185451856,0.9933071490757153,0.9890130573694068
609,1,1.0,1.0,1.0,1.0,1.0,1.0,1.0,0.99999964,0.99999999999997,0.9968402396243061,0.614864268738593,0.9933071490757153,0.9890130573694068
610,1,1.0,1.0,1.0,1.0,1.0,1.0,1.0,1.0,0.99999999999997,0.9968328470184485,0.9990199960776082,0.9933071490757153,0.9890130573694068
611,1,1.0,1.0,1.0,1.0,1.0,1.0,1.0,0.9964586,0.99999999999997,0.9968382997021394,0.9915073481917241,0.9933071490757153,0.9890130573694068
612,1,1.0,1.0,1.0,1.0,1.0,1.0,1.0,1.0,0.9999999999999588,0.9968308200576886,0.9287942111642424,0.9933071490757153,0.9890130573694068
613,0,1.0,1.0,1.0,1.0,1.0,1.0,1.0,7.7522316e-07,0.008905299288017112,0.01796304938212543,0.9996364373445367,0.9933071490757153,0.9890130573694068
614,0,1.0,1.0,1.0,1.0,1.0,1.0,1.0,4.6004242e-10,0.004358821607832417,0.01794983100141764,0.9369117059713367,0.9933071490757153,0.9890130573694068
615,0,1.0,1.0,1.0,1.0,1.0,1.0,1.0,1.8047841e-11,0.005710246993605316,0.018040283230813317,0.9970289773666676,0.9933071490757153,0.9890130573694068
616,0,1.0,1.0,1.0,1.0,1.0,1.0,1.0,7.192462e-08,0.005346281662619829,0.01799974417972066,0.9983078923350568,0.9933071490757153,0.9890130573694068
617,0,1.0,1.0,1.0,1.0,1.0,1.0,1.0,1.1843487e-08,0.005681291703064222,0.01793466017401706,0.9971144430939773,0.9933071490757153,0.9890130573694068
618,0,1.0,1.0,1.0,1.0,1.0,1.0,1.0,1.3037531e-08,0.0034204755121863546,0.017976246645719292,0.9933021958230617,0.9933071490757153,0.9890130573694068
619,0,1.0,1.0,1.0,1.0,1.0,1.0,1.0,4.0963247e-10,0.0043296638746471,0.01794731308437141,0.8684726600743855,0.9933071490757153,0.9890130573694068
620,1,1.0,0.9833333333333333,1.0,1.0,1.0,1.0,1.0,0.9999976,0.9335176553975745,0.8899328939329688,0.9997428013212655,0.9933071490757153,0.9890130573694068
621,1,1.0,1.0,1.0,1.0,1.0,1.0,1.0,1.0,0.99999999999997,0.9690772254915455,0.9951118454806464,0.9933071490757153,0.9890130573694068
622,1,1.0,1.0,1.0,1.0,1.0,1.0,1.0,1.0,0.99999999999997,0.9690675089840626,0.9420372454368549,0.9933071490757153,0.9890130573694068
623,1,1.0,1.0,1.0,1.0,1.0,1.0,1.0,1.0,0.99999999999997,0.9690812706491551,0.9997825515363279,0.9933071490757153,0.9890130573694068
624,1,1.0,1.0,1.0,1.0,1.0,1.0,1.0,1.0,0.99999999999997,0.9691565467366144,0.9991870490817953,0.9933071490757153,0.9890130573694068
625,1,1.0,1.0,1.0,1.0,1.0,1.0,1.0,1.0,0.99999999999997,0.969085154361871,0.9982410547609468,0.9933071490757153,0.9890130573694068
626,1,1.0,1.0,1.0,1.0,1.0,1.0,1.0,1.0,0.99999999999997,0.9691092375836389,0.9998966843937418,0.9933071490757153,0.9890130573694068
627,1,1.0,1.0,1.0,1.0,1.0,1.0,1.0,1.0,0.99999999999997,0.9690157859479775,0.8737344042281255,0.9933071490757153,0.9890130573694068
628,1,1.0,1.0,1.0,1.0,1.0,1.0,1.0,0.9993013,0.99999999999997,0.9690740618123398,0.9912138629047057,0.9933071490757153,0.9890130573694068
629,1,1.0,1.0,1.0,1.0,1.0,1.0,1.0,1.0,0.99999999999997,0.9690902136623016,0.953540421649482,0.9933071490757153,0.9890130573694068
630,1,1.0,1.0,1.0,1.0,1.0,1.0,1.0,0.99981683,0.99999999999997,0.9690899227783399,0.9718834432625131,0.9933071490757153,0.9890130573694068
631,1,1.0,1.0,1.0,1.0,1.0,1.0,1.0,0.9991246,0.99999999999997,0.9691329274697901,0.5705662232765984,0.9933071490757153,0.9890130573694068
632,1,1.0,1.0,1.0,1.0,1.0,1.0,1.0,1.0,0.99999999999997,0.9690148120051716,0.9297786559752929,0.9933071490757153,0.9890130573694068
633,1,1.0,1.0,1.0,1.0,1.0,1.0,1.0,1.0,0.99999999999997,0.9691618042062179,0.9345542719332387,0.9933071490757153,0.9890130573694068
634,1,1.0,1.0,1.0,1.0,1.0,1.0,1.0,1.0,0.99999999999997,0.9690626838351399,0.9965971201429977,0.9933071490757153,0.9890130573694068
635,1,1.0,1.0,1.0,1.0,1.0,1.0,1.0,1.0,0.99999999999997,0.9691441761084879,0.9868352315495382,0.9933071490757153,0.9890130573694068
636,1,1.0,1.0,1.0,1.0,1.0,1.0,1.0,0.9999982,0.99999999999997,0.9690481790435262,0.9761928213169195,0.9933071490757153,0.9890130573694068
637,1,1.0,1.0,1.0,1.0,1.0,1.0,1.0,1.0,0.99999999999997,0.9690464843640013,0.884208301577366,0.9933071490757153,0.9890130573694068
638,1,1.0,1.0,1.0,1.0,1.0,1.0,1.0,0.99999964,0.99999999999997,0.9690814523861876,0.9755829287641155,0.9933071490757153,0.9890130573694068
639,1,1.0,1.0,1.0,1.0,1.0,1.0,1.0,1.0,0.99999999999997,0.9691158083743239,0.9994726163981947,0.9933071490757153,0.9890130573694068
640,1,1.0,1.0,1.0,1.0,1.0,1.0,1.0,0.99999917,0.99999999999997,0.9690654873000146,0.7741676991931379,0.9933071490757153,0.9890130573694068
641,1,1.0,1.0,1.0,1.0,1.0,1.0,1.0,1.0,0.99999999999997,0.969123076366916,0.990979025484609,0.9933071490757153,0.9890130573694068
642,1,1.0,1.0,1.0,1.0,1.0,1.0,1.0,1.0,0.99999999999997,0.9690807728455347,0.9983238958307725,0.9933071490757153,0.9890130573694068
643,1,1.0,1.0,1.0,1.0,1.0,1.0,1.0,0.99924636,0.99999999999997,0.9691355559385424,0.9856276424356207,0.9933071490757153,0.9890130573694068
644,1,1.0,1.0,1.0,1.0,1.0,1.0,1.0,1.0,0.99999999999997,0.9690678328294832,0.9883210488349458,0.9933071490757153,0.9890130573694068
645,1,1.0,1.0,1.0,1.0,1.0,1.0,1.0,0.9999869,0.99999999999997,0.9690707045197318,0.9747160573614366,0.9933071490757153,0.9890130573694068
646,0,1.0,0.9833333333333333,1.0,1.0,0.0,0.0,1.0,1.0916987e-10,0.3409316862895025,0.31913605156895497,0.9999150405502033,0.9933071490757153,0.9890130573694068
647,0,1.0,1.0,1.0,1.0,1.0,1.0,1.0,0.001928028,0.005765442393608627,0.01797117802685211,0.9975986946513583,0.9933071490757153,0.9890130573694068
648,0,1.0,1.0,1.0,1.0,1.0,1.0,1.0,3.6395262e-10,0.0042467021995808004,0.01805388125423207,0.9997196488033402,0.9933071490757153,0.9890130573694068
649,0,1.0,1.0,1.0,1.0,1.0,1.0,1.0,0.00096530706,0.004162442227646753,0.017969743354283765,0.9962582487951773,0.9933071490757153,0.9890130573694068
650,0,1.0,1.0,1.0,1.0,1.0,1.0,1.0,0.0005050147,0.004295294726266544,0.017981898525699584,0.9999391110151016,0.9933071490757153,0.9890130573694068
651,0,1.0,1.0,1.0,1.0,1.0,1.0,1.0,9.2810396e-08,0.004108718643181531,0.01796236877442679,0.9130612385513861,0.9933071490757153,0.9890130573694068
652,0,1.0,1.0,1.0,1.0,1.0,1.0,1.0,3.6759896e-08,0.004157406550627952,0.017971358991334885,0.994266592638601,0.9933071490757153,0.9890130573694068
653,0,1.0,1.0,1.0,1.0,1.0,1.0,1.0,0.0006434593,0.003851247442883929,0.017919406444610052,0.9972959989423791,0.9933071490757153,0.9890130573694068
654,0,1.0,1.0,1.0,1.0,1.0,1.0,1.0,0.00011751432,0.0047390220915849235,0.017971753929417113,0.998012803103385,0.9933071490757153,0.9890130573694068
655,0,1.0,1.0,1.0,1.0,1.0,1.0,1.0,0.24851744,0.004923992296285589,0.01802001555053644,0.9999069330593284,0.9933071490757153,0.9890130573694068
656,0,1.0,1.0,1.0,1.0,1.0,1.0,1.0,3.3409805e-07,0.004506796130658867,0.017991603574659246,0.9895651618190037,0.9933071490757153,0.9890130573694068
657,0,1.0,1.0,1.0,1.0,1.0,1.0,1.0,2.0897035e-08,0.005457773503502526,0.017954657528921916,0.9983204715591528,0.9933071490757153,0.9890130573694068
658,0,1.0,1.0,1.0,1.0,1.0,1.0,1.0,2.1074973e-06,0.0038637508860411653,0.017977902352410258,0.999890324671743,0.9933071490757153,0.9890130573694068
659,0,1.0,1.0,1.0,1.0,1.0,1.0,1.0,9.946235e-10,0.0039287286606321,0.017992845085657596,0.9989497510268208,0.9933071490757153,0.9890130573694068
660,0,1.0,1.0,1.0,1.0,1.0,1.0,1.0,1.9372341e-10,0.004424359947276362,0.018048714890875242,0.9920424850772689,0.9933071490757153,0.9890130573694068
661,0,1.0,1.0,1.0,1.0,1.0,1.0,1.0,4.845689e-10,0.003236650906106886,0.01799275550583914,0.9996904004834208,0.9933071490757153,0.9890130573694068
662,0,1.0,1.0,1.0,1.0,1.0,1.0,1.0,8.3144636e-07,0.002899734127817486,0.017996131284482627,0.9998718681273165,0.9933071490757153,0.9890130573694068
663,0,1.0,1.0,1.0,1.0,1.0,1.0,1.0,1.6236643e-12,0.0036582099907148664,0.017970410783656406,0.9975018879800017,0.9933071490757153,0.9890130573694068
664,0,1.0,1.0,1.0,1.0,1.0,1.0,1.0,2.971982e-16,0.0056164065453475605,0.017936533223784863,0.9978079286180982,0.9933071490757153,0.9890130573694068
665,0,1.0,1.0,1.0,1.0,1.0,1.0,1.0,9.27264e-07,0.003481529029214226,0.01802445239095905,0.9435921560466073,0.9933071490757153,0.9890130573694068
666,0,1.0,1.0,1.0,1.0,1.0,1.0,1.0,8.194517e-09,0.005431135984042729,0.018000040529141687,0.9940852886987795,0.9933071490757153,0.9890130573694068
667,0,1.0,1.0,1.0,1.0,1.0,1.0,1.0,1.4888596e-07,0.004319977351515295,0.018021122857212447,0.9978158205287613,0.9933071490757153,0.9890130573694068
668,0,1.0,0.9833333333333333,1.0,1.0,0.0,0.0,1.0,1.8047841e-11,0.33221762151081363,0.3197030333406816,0.9970289773666676,0.9933071490757153,0.9890130573694068
669,1,1.0,1.0,1.0,1.0,1.0,1.0,1.0,1.0,0.9999999999947505,0.9706604930468463,0.9976477622314479,0.9933071490757153,0.9890130573694068
670,1,1.0,1.0,1.0,1.0,1.0,1.0,1.0,1.0,0.9999999999985992,0.9706836442473125,0.9996641762849585,0.9933071490757153,0.9890130573694068
671,1,1.0,1.0,1.0,1.0,1.0,1.0,1.0,0.9831955,0.9999999999948219,0.9706988787468541,0.9369625062182566,0.9933071490757153,0.9890130573694068
672,1,1.0,1.0,1.0,1.0,1.0,1.0,1.0,1.0,0.9999999999668238,0.9706504699557763,0.9993075318279533,0.9933071490757153,0.9890130573694068
673,1,1.0,1.0,1.0,1.0,1.0,1.0,1.0,1.0,0.9999999999514304,0.9706903934771293,0.9828984854531242,0.9933071490757153,0.9890130573694068
674,1,1.0,1.0,1.0,1.0,1.0,1.0,1.0,1.0,0.9999999999734558,0.9706752882911213,0.9990453727779722,0.9933071490757153,0.9890130573694068
675,1,1.0,1.0,1.0,1.0,1.0,1.0,1.0,1.0,0.999999999902548,0.9707114606401436,0.9975318705174454,0.9933071490757153,0.9890130573694068
676,1,1.0,1.0,1.0,1.0,1.0,1.0,1.0,0.99996245,0.9999999998640914,0.9706138283339584,0.9993071863799787,0.9933071490757153,0.9890130573694068
677,1,1.0,1.0,1.0,1.0,1.0,1.0,1.0,0.99999976,0.9999999996660426,0.9706741890140673,0.6607696272911444,0.9933071490757153,0.9890130573694068
678,1,1.0,1.0,1.0,1.0,1.0,1.0,1.0,1.0,0.9999999908631968,0.9706721885914492,0.9911357466633574,0.9933071490757153,0.9890130573694068
679,1,1.0,1.0,1.0,1.0,1.0,1.0,1.0,1.0,0.9999998250132109,0.9706452202128539,0.9954269587635926,0.9933071490757153,0.9890130573694068
680,1,1.0,1.0,1.0,1.0,1.0,1.0,1.0,0.99999964,0.999999943955687,0.9706656276857434,0.9878198933287393,0.9933071490757153,0.9890130573694068
681,1,1.0,1.0,1.0,1.0,1.0,1.0,1.0,1.0,0.999999645946247,0.9707468804996258,0.9997825515363279,0.9933071490757153,0.9890130573694068
682,1,1.0,1.0,1.0,1.0,1.0,1.0,1.0,0.9999994,0.9999995593282557,0.9707199981592698,0.9715152635107532,0.9933071490757153,0.9890130573694068
683,1,1.0,1.0,1.0,1.0,1.0,1.0,1.0,1.0,0.9999421353252077,0.9706866416897947,0.7798383440557941,0.9933071490757153,0.9890130573694068
684,1,1.0,1.0,1.0,1.0,1.0,1.0,1.0,0.9999572,0.9971854306057071,0.9706766885119695,0.9539714790148767,0.9933071490757153,0.9890130573694068
685,1,1.0,1.0,1.0,1.0,1.0,1.0,1.0,0.99995625,0.9936136519121291,0.9706401474241575,0.9767727587170463,0.9933071490757153,0.9890130573694068
686,1,1.0,1.0,1.0,1.0,1.0,1.0,1.0,1.0,0.9936917642669744,0.9706223332871879,0.9072925059983022,0.9933071490757153,0.9890130573694068
687,1,1.0,1.0,1.0,1.0,1.0,1.0,1.0,0.99999964,0.986389581057081,0.9706774847825681,0.9983588256674,0.9933071490757153,0.9890130573694068
688,1,1.0,0.9833333333333333,1.0,1.0,1.0,1.0,1.0,0.9999999,0.9334814701634873,0.9706561766160119,0.99809579642152,0.9933071490757153,0.9890130573694068
689,1,1.0,1.0,1.0,1.0,1.0,1.0,1.0,1.0,0.9675183893678578,0.9706036009673422,0.7783637834582099,0.9933071490757153,0.9890130573694068
690,1,1.0,1.0,1.0,1.0,1.0,1.0,1.0,0.9985656,0.981106630948055,0.9706874111041188,0.9892076131010374,0.9933071490757153,0.9890130573694068
691,1,1.0,1.0,1.0,1.0,1.0,1.0,1.0,1.0,0.9781052476983063,0.9706001126660048,0.9992979134407941,0.9933071490757153,0.9890130573694068
692,1,1.0,1.0,1.0,1.0,1.0,1.0,1.0,1.0,0.9905887767836287,0.9706808648553538,0.9978133764845403,0.9933071490757153,0.9890130573694068
693,1,1.0,1.0,1.0,1.0,1.0,1.0,1.0,1.0,0.9724672297692837,0.9707479356225629,0.9915251274907846,0.9933071490757153,0.9890130573694068
694,0,1.0,0.8666666666666667,1.0,1.0,0.0,0.0,1.0,3.5806344e-10,0.4258813909514226,0.24028542023565744,0.9980428953988277,0.9933071490757153,0.9890130573694068
695,1,1.0,1.0,1.0,1.0,1.0,1.0,1.0,1.0,0.8525696860559707,0.8432015878605236,0.9504686284734896,0.9933071490757153,0.9890130573694068
696,1,1.0,1.0,1.0,1.0,1.0,1.0,1.0,1.0,0.9799365170914649,0.9700968107832098,0.9968394154821897,0.9933071490757153,0.9890130573694068
697,1,1.0,1.0,1.0,1.0,1.0,1.0,1.0,1.0,0.9898263412469804,0.9701052099735958,0.9848075749966261,0.9933071490757153,0.9890130573694068
698,1,1.0,1.0,1.0,1.0,1.0,1.0,1.0,1.0,0.9838027482096133,0.9700333260170964,0.9919357673365928,0.9933071490757153,0.9890130573694068
699,1,1.0,1.0,1.0,1.0,1.0,1.0,1.0,1.0,0.989053674487907,0.9700551981949641,0.9004883758947761,0.9933071490757153,0.9890130573694068
700,1,1.0,1.0,1.0,1.0,1.0,1.0,1.0,0.9999865,0.9695776383695979,0.9701184939414799,0.9806669539185048,0.9933071490757153,0.9890130573694068
701,1,1.0,0.9833333333333333,1.0,1.0,1.0,1.0,1.0,1.0,0.9031206917238095,0.9700629274740913,0.9716732917171034,0.9933071490757153,0.9890130573694068
702,1,1.0,0.7666666666666667,1.0,1.0,1.0,1.0,1.0,1.0,0.678436839423955,0.9701078616678793,0.875600586281366,0.9933071490757153,0.9890130573694068
703,1,1.0,0.3333333333333333,1.0,1.0,0.0,0.0,1.0,1.0,0.4218148082595431,0.9700393296877107,0.9288603225091662,0.9933071490757153,0.9890130573694068
704,1,1.0,0.4166666666666667,1.0,1.0,0.0,1.0,1.0,1.0,0.46946189413244943,0.9700268644377942,0.9989097190647269,0.9933071490757153,0.9890130573694068
705,1,1.0,0.3333333333333333,1.0,1.0,0.0,0.0,1.0,0.62927026,0.4329024773610056,0.9701244223561247,0.8988959948312817,0.9933071490757153,0.9890130573694068
706,1,1.0,0.2,1.0,1.0,0.0,0.0,1.0,0.9999995,0.30918042192593803,0.9701089089500282,0.9901461504579078,0.9933071490757153,0.9890130573694068
707,1,1.0,0.25,1.0,1.0,0.0,0.0,1.0,1.0,0.35078467757618564,0.9700319588538,0.9996641762849585,0.9933071490757153,0.9890130573694068
708,1,1.0,0.26666666666666666,1.0,1.0,0.0,0.0,1.0,1.0,0.3751054510816721,0.9701116378728863,0.9297516384348616,0.9933071490757153,0.9890130573694068
709,1,1.0,0.13333333333333333,1.0,1.0,0.0,0.0,1.0,0.62414175,0.28715910600604294,0.9700374250452838,0.9817992500503306,0.9933071490757153,0.9890130573694068
710,1,1.0,0.08333333333333333,1.0,1.0,0.0,0.0,1.0,1.0,0.20596953153116565,0.9701445314939103,0.9982457461874501,0.9933071490757153,0.9890130573694068
711,1,1.0,0.05,1.0,1.0,0.0,0.0,1.0,1.0,0.17686039928371053,0.970134485235558,0.9553544289531872,0.9933071490757153,0.9890130573694068
712,1,1.0,0.06666666666666667,1.0,1.0,0.0,0.0,1.0,0.99999475,0.21421766280584942,0.9701135594273356,0.9992269546581408,0.9933071490757153,0.9890130573694068
713,1,1.0,0.11666666666666667,1.0,1.0,0.0,0.0,1.0,0.9999945,0.25057850491696737,0.9701173030214119,0.9996065473638286,0.9933071490757153,0.9890130573694068
714,1,1.0,0.08333333333333333,1.0,1.0,0.0,0.0,1.0,1.0,0.22264474189657832,0.9700718535574427,0.9964337157632774,0.9933071490757153,0.9890130573694068
715,1,1.0,0.4666666666666667,1.0,1.0,0.0,0.0,1.0,0.99999964,0.4298125687839511,0.9701124139908396,0.8853707458530701,0.9933071490757153,0.9890130573694068
716,1,1.0,0.45,1.0,1.0,0.0,1.0,1.0,0.9999994,0.4815828517543369,0.9700476935247205,0.4760773225560131,0.9933071490757153,0.9890130573694068
717,1,1.0,0.4166666666666667,1.0,1.0,0.0,1.0,1.0,0.99999964,0.4658498606956346,0.9700055381139152,0.9878198933287393,0.9933071490757153,0.9890130573694068
718,1,1.0,0.6666666666666666,1.0,1.0,1.0,1.0,1.0,1.0,0.6277288752697279,0.9700934758745136,0.9368355682767364,0.9933071490757153,0.9890130573694068
719,1,1.0,0.9333333333333333,1.0,1.0,1.0,1.0,1.0,1.0,0.8454901097773023,0.9700427653332159,0.8115226939651581,0.9933071490757153,0.9890130573694068
720,1,1.0,1.0,1.0,1.0,1.0,1.0,1.0,1.0,0.9573859394569589,0.9701010127263464,0.9042779816815727,0.9933071490757153,0.9890130573694068
721,1,1.0,1.0,1.0,1.0,1.0,1.0,1.0,1.0,0.9907394770991467,0.9701125699802658,0.9807790849911555,0.9933071490757153,0.9890130573694068
722,1,1.0,1.0,1.0,1.0,1.0,1.0,1.0,1.0,0.9932066673215787,0.9700565993079041,0.9450090289798143,0.9933071490757153,0.9890130573694068
723,1,1.0,1.0,1.0,1.0,1.0,1.0,1.0,0.9999999,0.9930274540995266,0.9699914713315823,0.8584255841961285,0.9933071490757153,0.9890130573694068
724,1,1.0,1.0,1.0,1.0,1.0,1.0,1.0,0.99956864,0.9802299047908419,0.9701491587803895,0.9800274578894133,0.9933071490757153,0.9890130573694068
725,1,1.0,1.0,1.0,1.0,1.0,1.0,1.0,1.0,0.9771907445041607,0.9700591399934752,0.9761906194330263,0.9933071490757153,0.9890130573694068
726,1,1.0,1.0,1.0,1.0,1.0,1.0,1.0,1.0,0.98309883610953,0.9700997623922265,0.990742028185826,0.9933071490757153,0.9890130573694068
727,1,1.0,1.0,1.0,1.0,1.0,1.0,1.0,0.9999994,0.9910745660968184,0.970178710093543,0.9998714169608842,0.9933071490757153,0.9890130573694068
728,1,1.0,1.0,1.0,1.0,1.0,1.0,1.0,0.99942577,0.9945585698971479,0.9700357715855633,0.9768733786396868,0.9933071490757153,0.9890130573694068
729,1,1.0,1.0,1.0,1.0,1.0,1.0,1.0,1.0,0.9947173334484124,0.9701361331443573,0.9982886670344153,0.9933071490757153,0.9890130573694068
730,1,1.0,1.0,1.0,1.0,1.0,1.0,1.0,1.0,0.9958184478909887,0.970160691081873,0.9957155654461465,0.9933071490757153,0.9890130573694068
731,1,1.0,1.0,1.0,1.0,1.0,1.0,1.0,0.9999995,0.9941157282044742,0.9700833925144169,0.9949319332992937,0.9933071490757153,0.9890130573694068
732,1,1.0,1.0,1.0,1.0,1.0,1.0,1.0,0.99999785,0.9958236538817148,0.9701149644162002,0.9998641474360097,0.9933071490757153,0.9890130573694068
733,1,1.0,1.0,1.0,1.0,1.0,1.0,1.0,0.99955505,0.9981527402848835,0.9700769269708573,0.9942653234546648,0.9933071490757153,0.9890130573694068
734,1,1.0,1.0,1.0,1.0,1.0,1.0,1.0,0.99999964,0.9958611850830811,0.9701236940926321,0.614864268738593,0.9933071490757153,0.9890130573694068
735,1,1.0,1.0,1.0,1.0,1.0,1.0,1.0,1.0,0.9980836195092029,0.9701319481177026,0.9988181848705252,0.9933071490757153,0.9890130573694068
736,1,1.0,1.0,1.0,1.0,1.0,1.0,1.0,1.0,0.996620512271422,0.9700343449519615,0.9052489979223155,0.9933071490757153,0.9890130573694068
737,1,1.0,1.0,1.0,1.0,1.0,1.0,1.0,1.0,0.9922372497927098,0.9701764827386969,0.9934786839158066,0.9933071490757153,0.9890130573694068
738,1,1.0,1.0,1.0,1.0,1.0,1.0,1.0,0.9999994,0.9786999723636934,0.9700860060170541,0.9965733045388574,0.9933071490757153,0.9890130573694068
739,1,1.0,1.0,1.0,1.0,1.0,1.0,1.0,1.0,0.9535603808258849,0.9699957928683834,0.5442448356969801,0.9933071490757153,0.9890130573694068
740,1,1.0,1.0,1.0,1.0,1.0,1.0,1.0,1.0,0.9868091879694733,0.970096299057076,0.9028611395902505,0.9933071490757153,0.9890130573694068
741,1,1.0,1.0,1.0,1.0,1.0,1.0,1.0,0.9999585,0.9961811419906124,0.9700715377938208,0.9983469135392308,0.9933071490757153,0.9890130573694068
742,1,1.0,1.0,1.0,1.0,1.0,1.0,1.0,0.9999726,0.9956892485563598,0.9700085258768997,0.9916233555396038,0.9933071490757153,0.9890130573694068
743,1,1.0,1.0,1.0,1.0,1.0,1.0,1.0,1.0,0.9992312000731313,0.970128832287588,0.9898069196996704,0.9933071490757153,0.9890130573694068
744,1,1.0,1.0,1.0,1.0,1.0,1.0,1.0,0.99999845,0.9991344352932761,0.9700243874242728,0.9402087202483198,0.9933071490757153,0.9890130573694068
745,1,1.0,1.0,1.0,1.0,1.0,1.0,1.0,0.9964586,0.9988301146230083,0.9701271038270785,0.9915073481917241,0.9933071490757153,0.9890130573694068
746,1,1.0,1.0,1.0,1.0,1.0,1.0,1.0,1.0,0.9999467732738937,0.970240317111575,0.8343638027218278,0.9933071490757153,0.9890130573694068
747,1,1.0,1.0,1.0,1.0,1.0,1.0,1.0,0.99999964,0.9999999318753374,0.9700693004561494,0.9797232053679574,0.9933071490757153,0.9890130573694068
748,1,1.0,1.0,1.0,1.0,1.0,1.0,1.0,1.0,0.999999946905042,0.9701623817155698,0.9947257486912933,0.9933071490757153,0.9890130573694068
749,1,1.0,1.0,1.0,1.0,1.0,1.0,1.0,1.0,0.9999999482458792,0.9700518735187421,0.9708606748355607,0.9933071490757153,0.9890130573694068
750,1,1.0,1.0,1.0,1.0,1.0,1.0,1.0,1.0,0.9999999193540952,0.9700534607321581,0.9810407131437395,0.9933071490757153,0.9890130573694068
751,1,1.0,1.0,1.0,1.0,1.0,1.0,1.0,1.0,0.9998187738167535,0.9701538764205111,0.777883614251681,0.9933071490757153,0.9890130573694068
752,1,1.0,1.0,1.0,1.0,1.0,1.0,1.0,1.0,0.9993181745326383,0.9701984780986506,0.9779578587365787,0.9933071490757153,0.9890130573694068
753,1,1.0,1.0,1.0,1.0,1.0,1.0,1.0,0.9999999,0.9996561468482498,0.970079480472301,0.9992660901265609,0.9933071490757153,0.9890130573694068
754,1,1.0,1.0,1.0,1.0,1.0,1.0,1.0,1.0,0.9998833528262232,0.9701386080320983,0.9807790849911555,0.9933071490757153,0.9890130573694068
755,1,1.0,1.0,1.0,1.0,1.0,1.0,1.0,1.0,0.9971357863296431,0.9701065878473503,0.9945311123996511,0.9933071490757153,0.9890130573694068
756,1,1.0,1.0,1.0,1.0,1.0,1.0,1.0,1.0,0.9975183210904408,0.9700721992817506,0.9959723248127641,0.9933071490757153,0.9890130573694068
757,1,1.0,1.0,1.0,1.0,1.0,1.0,1.0,1.0,0.9983909658569894,0.9700751036158308,0.9933259729516258,0.9933071490757153,0.9890130573694068
758,1,1.0,1.0,1.0,1.0,1.0,1.0,1.0,0.95389265,0.9955814387559069,0.9701601391404423,0.9511334193575761,0.9933071490757153,0.9890130573694068
759,1,1.0,1.0,1.0,1.0,1.0,1.0,1.0,1.0,0.9853455926157719,0.9701726044294682,0.9152593670984285,0.9933071490757153,0.9890130573694068
760,1,1.0,1.0,1.0,1.0,1.0,1.0,1.0,0.9999995,0.9915197729238011,0.9700945645466789,0.9728454402313627,0.9933071490757153,0.9890130573694068
761,1,0.0,1.0,1.0,1.0,0.0,0.0,1.0,0.118427955,0.9508238027576886,0.9700709276027796,0.7940229334779203,0.9933071490757153,0.9890130573694068
762,1,1.0,1.0,1.0,1.0,1.0,1.0,1.0,0.9999988,0.9673365071842698,0.970138378391277,0.980829147223609,0.9933071490757153,0.9890130573694068
763,1,1.0,1.0,1.0,1.0,1.0,1.0,1.0,1.0,0.9556117601236863,0.9700527710070775,0.9985225863445687,0.9933071490757153,0.9890130573694068
764,1,1.0,1.0,1.0,1.0,1.0,1.0,1.0,1.0,0.8662411246941414,0.9700406195972896,0.998599409514803,0.9933071490757153,0.9890130573694068
765,1,1.0,1.0,1.0,1.0,1.0,1.0,1.0,0.9999099,0.9485437248223563,0.9700175921993186,0.9720665014035661,0.9933071490757153,0.9890130573694068
766,1,1.0,1.0,1.0,1.0,1.0,1.0,1.0,1.0,0.9754435728777673,0.970125578325815,0.9968664517822112,0.9933071490757153,0.9890130573694068
767,1,1.0,1.0,1.0,1.0,1.0,1.0,1.0,0.99999213,0.9952844963587669,0.9701179195016831,0.9990257050392215,0.9933071490757153,0.9890130573694068
768,1,1.0,1.0,1.0,1.0,1.0,1.0,1.0,1.0,0.9985259409472605,0.9701482973245337,0.5561065307185673,0.9933071490757153,0.9890130573694068
769,1,1.0,1.0,1.0,1.0,1.0,1.0,1.0,0.99981683,0.9970497468400047,0.9700674339430454,0.9718834432625131,0.9933071490757153,0.9890130573694068
770,1,1.0,1.0,1.0,1.0,1.0,1.0,1.0,1.0,0.9959827022341542,0.9700882652066248,0.9004883758947761,0.9933071490757153,0.9890130573694068
771,1,1.0,1.0,1.0,1.0,1.0,1.0,1.0,1.0,0.9985871354377072,0.9700062259427771,0.9886611534789715,0.9933071490757153,0.9890130573694068
772,1,1.0,1.0,1.0,1.0,1.0,1.0,1.0,1.0,0.9991628670585931,0.9701452702415143,0.9968911334926136,0.9933071490757153,0.9890130573694068
773,1,1.0,1.0,1.0,1.0,1.0,1.0,1.0,1.0,0.9992830307600837,0.9701141891359453,0.9995709982075783,0.9933071490757153,0.9890130573694068
774,1,1.0,1.0,1.0,1.0,1.0,1.0,1.0,1.0,0.9979003072296789,0.970137192043961,0.9442088087453052,0.9933071490757153,0.9890130573694068
775,1,1.0,1.0,1.0,1.0,1.0,1.0,1.0,1.0,0.9945940188430333,0.9701090965117397,0.9953335183259194,0.9933071490757153,0.9890130573694068
776,1,1.0,1.0,1.0,1.0,1.0,1.0,1.0,1.0,0.9982106744994469,0.9701010726771457,0.999850104293133,0.9933071490757153,0.9890130573694068
777,1,1.0,1.0,1.0,1.0,1.0,1.0,1.0,1.0,0.9957035901813353,0.9701445108277249,0.953540421649482,0.9933071490757153,0.9890130573694068
778,1,1.0,1.0,1.0,1.0,1.0,1.0,1.0,0.7532616,0.9875638707905772,0.9700374591560134,0.7082152780171436,0.9933071490757153,0.9890130573694068
779,1,1.0,1.0,1.0,1.0,1.0,1.0,1.0,1.0,0.9872603420192221,0.9701617625851318,0.9703647262473075,0.9933071490757153,0.9890130573694068
780,1,1.0,0.9833333333333333,1.0,1.0,1.0,1.0,1.0,1.0,0.9642665959721272,0.9700207080496177,0.9959723248127641,0.9933071490757153,0.9890130573694068
781,1,1.0,1.0,1.0,1.0,1.0,1.0,1.0,1.0,0.9556199355347366,0.9700794140718937,0.9987513354456483,0.9933071490757153,0.9890130573694068
782,1,1.0,1.0,1.0,1.0,1.0,1.0,1.0,1.0,0.9615548980969313,0.9699955341049419,0.9916640801484449,0.9933071490757153,0.9890130573694068
783,1,1.0,1.0,1.0,1.0,1.0,1.0,1.0,0.99995625,0.9396905435392249,0.9700867319553017,0.9767727587170463,0.9933071490757153,0.9890130573694068
784,1,1.0,1.0,1.0,1.0,1.0,1.0,1.0,0.9997688,0.963118159736706,0.9700874669349925,0.9389052360885237,0.9933071490757153,0.9890130573694068
785,1,1.0,1.0,1.0,1.0,1.0,1.0,1.0,1.0,0.9668770964633064,0.9701266011003596,0.8894206904339861,0.9933071490757153,0.9890130573694068
786,1,1.0,1.0,1.0,1.0,1.0,1.0,1.0,1.0,0.9743320496570841,0.970141220196521,0.9995709982075783,0.9933071490757153,0.9890130573694068
787,1,1.0,1.0,1.0,1.0,1.0,1.0,1.0,1.0,0.977614928550347,0.9700259030437972,0.9922262959205852,0.9933071490757153,0.9890130573694068
788,1,1.0,0.9833333333333333,1.0,1.0,1.0,1.0,1.0,1.0,0.9326185428612045,0.9701202246007036,0.9889619477713655,0.9933071490757153,0.9890130573694068
789,1,1.0,1.0,1.0,1.0,1.0,1.0,1.0,0.9999474,0.985891351545631,0.9700936177018851,0.8703637490889292,0.9933071490757153,0.9890130573694068
790,1,1.0,1.0,1.0,1.0,1.0,1.0,1.0,1.0,0.9804587846752414,0.9700842595348977,0.9975377304543713,0.9933071490757153,0.9890130573694068
791,1,1.0,1.0,1.0,1.0,1.0,1.0,1.0,0.994052,0.939574258581739,0.9701164296636756,0.9974407219656263,0.9933071490757153,0.9890130573694068
792,1,1.0,1.0,1.0,1.0,1.0,1.0,1.0,0.9997688,0.9811788662926486,0.970072533653931,0.9389052360885237,0.9933071490757153,0.9890130573694068
793,1,1.0,1.0,1.0,1.0,1.0,1.0,1.0,1.0,0.9970701376501743,0.9700438037102812,0.6982152611046035,0.9933071490757153,0.9890130573694068
794,1,1.0,1.0,1.0,1.0,1.0,1.0,1.0,1.0,0.9991650719784544,0.9701307697449967,0.8253673484226914,0.9933071490757153,0.9890130573694068
795,1,1.0,1.0,1.0,1.0,1.0,1.0,1.0,0.99924254,0.9983139057504681,0.970083389952477,0.9985192374703561,0.9933071490757153,0.9890130573694068
796,1,1.0,1.0,1.0,1.0,1.0,1.0,1.0,1.0,0.9934015502585748,0.9700952607338191,0.9997786133656323,0.9933071490757153,0.9890130573694068
797,1,1.0,1.0,1.0,1.0,1.0,1.0,1.0,0.99996686,0.9912755337063686,0.9700948458601153,0.9848579002532036,0.9933071490757153,0.9890130573694068
798,1,1.0,0.9833333333333333,1.0,1.0,1.0,1.0,1.0,1.0,0.934414250686052,0.9700778128650147,0.9994534991285807,0.9933071490757153,0.9890130573694068
799,1,1.0,0.9833333333333333,1.0,1.0,1.0,1.0,1.0,1.0,0.8991417544950397,0.9699960757134911,0.9589504447476522,0.9933071490757153,0.9890130573694068
800,1,1.0,0.8833333333333333,1.0,1.0,1.0,1.0,1.0,1.0,0.774604863079223,0.9700820872787822,0.99947129670321,0.9933071490757153,0.9890130573694068
801,1,1.0,0.35,1.0,1.0,0.0,0.0,1.0,1.0,0.3967921158620537,0.9701571735940605,0.9985578647082707,0.9933071490757153,0.9890130573694068
802,1,1.0,0.05,1.0,1.0,0.0,0.0,1.0,1.0,0.21292533155017948,0.9700702277967067,0.998599409514803,0.9933071490757153,0.9890130573694068
803,1,0.0,0.15,1.0,0.0,0.0,0.0,1.0,0.0012539076,0.25344888091445866,0.9700640493551574,0.7717042860040915,0.9933071490757153,0.9890130573694068
804,1,1.0,0.05,1.0,1.0,0.0,0.0,1.0,0.9999999,0.15916781482616452,0.9700775030828381,0.9969011700302671,0.9933071490757153,0.9890130573694068
805,1,1.0,0.05,1.0,1.0,0.0,0.0,1.0,1.0,0.14253482226592326,0.9701071155534009,0.9834107582807888,0.9933071490757153,0.9890130573694068
806,1,1.0,0.13333333333333333,1.0,1.0,0.0,0.0,1.0,0.9998722,0.28115031822792697,0.9700556056434857,0.8600751005582272,0.9933071490757153,0.9890130573694068
807,1,1.0,0.4666666666666667,1.0,1.0,0.0,0.0,1.0,1.0,0.43803335582090036,0.9700418365373967,0.89132174362642,0.9933071490757153,0.9890130573694068
808,1,1.0,0.35,1.0,1.0,0.0,0.0,1.0,0.99999654,0.42319917950203895,0.9700520921380986,0.9951867161137676,0.9933071490757153,0.9890130573694068
809,1,1.0,0.36666666666666664,1.0,1.0,0.0,0.0,1.0,1.0,0.43521527830093754,0.9700179043530617,0.9849401474637541,0.9933071490757153,0.9890130573694068
810,1,1.0,0.6666666666666666,1.0,1.0,1.0,1.0,1.0,0.9999993,0.6071217113865828,0.9700200557221239,0.9968474743923036,0.9933071490757153,0.9890130573694068
811,1,1.0,0.5833333333333334,1.0,1.0,0.0,1.0,1.0,0.9999994,0.5455673655383353,0.9700844905285126,0.9715152635107532,0.9933071490757153,0.9890130573694068
812,1,1.0,0.7166666666666667,1.0,1.0,0.0,0.0,1.0,0.84459525,0.7672285557211433,0.8271744194637203,0.7900879934083906,0.9933071490757153,0.9890130573694068
813,0,1.0,0.16666666666666666,1.0,1.0,0.0,0.0,1.0,5.9024354e-09,0.8381474135306585,0.017994112478359685,0.9937303750222526,0.9933071490757153,0.9890130573694068
814,0,1.0,0.9833333333333333,1.0,1.0,0.0,0.0,1.0,6.510694e-10,0.3892826073259974,0.3113893872609824,0.9937324282736427,0.9933071490757153,0.9890130573694068
815,1,1.0,1.0,1.0,1.0,1.0,1.0,1.0,1.0,0.9999984635463737,0.9445322554947216,0.9993075318279533,0.9933071490757153,0.9890130573694068
816,1,1.0,1.0,1.0,1.0,1.0,1.0,1.0,1.0,0.9979443055009565,0.9445328922463113,0.9911357466633574,0.9933071490757153,0.9890130573694068
817,1,1.0,1.0,1.0,1.0,1.0,1.0,1.0,1.0,0.9805500395556472,0.944712379132664,0.9991065816063807,0.9933071490757153,0.9890130573694068
818,1,1.0,1.0,1.0,1.0,1.0,1.0,1.0,1.0,0.9560856941933544,0.9446651936713014,0.6180199338147758,0.9933071490757153,0.9890130573694068
819,1,1.0,1.0,1.0,1.0,1.0,1.0,1.0,0.999998,0.9900588084322912,0.9446587579318648,0.9827241642341763,0.9933071490757153,0.9890130573694068
820,1,1.0,1.0,1.0,1.0,1.0,1.0,1.0,0.9999999,0.9782447785239833,0.944505767647862,0.999448420024223,0.9933071490757153,0.9890130573694068
821,1,1.0,1.0,1.0,1.0,1.0,1.0,1.0,1.0,0.9685618988176706,0.9446047668239324,0.994922028021858,0.9933071490757153,0.9890130573694068
822,1,1.0,1.0,1.0,1.0,1.0,1.0,1.0,1.0,0.9721392727127446,0.9444092150064444,0.8343638027218278,0.9933071490757153,0.9890130573694068
823,1,1.0,1.0,1.0,1.0,1.0,1.0,1.0,1.0,0.9494985097435726,0.944594618980834,0.9978133764845403,0.9933071490757153,0.9890130573694068
824,1,1.0,1.0,1.0,1.0,1.0,1.0,1.0,1.0,0.9524437727511416,0.9445370072140533,0.9998261361087354,0.9933071490757153,0.9890130573694068
825,1,1.0,0.9666666666666667,1.0,1.0,1.0,1.0,1.0,1.0,0.7912839356038456,0.7669541999373636,0.9993486359433033,0.9933071490757153,0.9890130573694068
826,1,1.0,1.0,1.0,1.0,1.0,1.0,1.0,1.0,0.7856665026600562,0.7626053267033035,0.9488285726062481,0.9933071490757153,0.9890130573694068
827,1,1.0,1.0,1.0,1.0,1.0,1.0,1.0,1.0,0.99999999999997,0.9685473973392872,0.9979521728029752,0.9933071490757153,0.9890130573694068
828,1,1.0,1.0,1.0,1.0,1.0,1.0,1.0,0.9999999,0.99999999999997,0.9685192530237342,0.852413884025049,0.9933071490757153,0.9890130573694068
829,1,1.0,1.0,1.0,1.0,1.0,1.0,1.0,1.0,0.99999999999997,0.9684823756283255,0.9995728893995548,0.9933071490757153,0.9890130573694068
830,1,1.0,1.0,1.0,1.0,1.0,1.0,1.0,0.9999999,0.99999999999997,0.9684223903123879,0.852413884025049,0.9933071490757153,0.9890130573694068
831,1,1.0,1.0,1.0,1.0,1.0,1.0,1.0,0.9999646,0.99999999999997,0.9685044082532925,0.8071260423747069,0.9933071490757153,0.9890130573694068
832,1,1.0,1.0,1.0,1.0,1.0,1.0,1.0,1.0,0.99999999999997,0.9684324416765119,0.9973764903928362,0.9933071490757153,0.9890130573694068
833,1,1.0,1.0,1.0,1.0,1.0,1.0,1.0,0.9999976,0.99999999999997,0.9684398182999523,0.9997428013212655,0.9933071490757153,0.9890130573694068
834,1,1.0,1.0,1.0,1.0,1.0,1.0,1.0,1.0,0.99999999999997,0.968477787998312,0.960878499878482,0.9933071490757153,0.9890130573694068
835,1,1.0,1.0,1.0,1.0,1.0,1.0,1.0,1.0,0.99999999999997,0.9685095278769277,0.9939013767244443,0.9933071490757153,0.9890130573694068
836,1,1.0,1.0,1.0,1.0,1.0,1.0,1.0,1.0,0.99999999999997,0.9685266762169216,0.9988181848705252,0.9933071490757153,0.9890130573694068
837,1,1.0,1.0,1.0,1.0,1.0,0.0,1.0,0.642584,0.99999999999997,0.9684675970360589,0.9998852817449227,0.9933071490757153,0.9890130573694068
838,1,1.0,1.0,1.0,1.0,1.0,1.0,1.0,1.0,0.99999999999997,0.9685509349833816,0.9963420132546233,0.9933071490757153,0.9890130573694068
839,1,1.0,1.0,1.0,1.0,1.0,1.0,1.0,1.0,0.99999999999997,0.968512515113195,0.7783637834582099,0.9933071490757153,0.9890130573694068
840,1,1.0,1.0,1.0,1.0,1.0,1.0,1.0,0.99990666,0.99999999999997,0.9684490885854895,0.7866891267407105,0.9933071490757153,0.9890130573694068
841,1,1.0,1.0,1.0,1.0,1.0,1.0,1.0,0.99999964,0.99999999999997,0.9685395282149205,0.5532423975531677,0.9933071490757153,0.9890130573694068
842,1,1.0,1.0,1.0,1.0,1.0,1.0,1.0,0.99999917,0.99999999999997,0.9684138762945058,0.4416199599916231,0.9933071490757153,0.9890130573694068
843,1,1.0,1.0,1.0,1.0,1.0,1.0,1.0,1.0,0.99999999999997,0.9683381903084931,0.9420372454368549,0.9933071490757153,0.9890130573694068
844,1,1.0,1.0,1.0,1.0,1.0,1.0,1.0,1.0,0.99999999999997,0.9684575724271739,0.7387567492043924,0.9933071490757153,0.9890130573694068
845,1,1.0,1.0,1.0,1.0,1.0,1.0,1.0,0.9999945,0.99999999999997,0.9685358652874545,0.9996065473638286,0.9933071490757153,0.9890130573694068
846,1,1.0,1.0,1.0,1.0,1.0,1.0,1.0,0.9998148,0.99999999999997,0.9685538277868783,0.9565407929458163,0.9933071490757153,0.9890130573694068
847,1,1.0,1.0,1.0,1.0,1.0,1.0,1.0,0.99924636,0.99999999999997,0.9684863898686338,0.9856276424356207,0.9933071490757153,0.9890130573694068
848,1,1.0,1.0,1.0,1.0,1.0,1.0,1.0,1.0,0.99999999999997,0.968548711850865,0.8115226939651581,0.9933071490757153,0.9890130573694068
849,1,1.0,1.0,1.0,1.0,1.0,1.0,1.0,0.99999964,0.99999999999997,0.9684943035265461,0.9755829287641155,0.9933071490757153,0.9890130573694068
850,1,1.0,1.0,1.0,1.0,1.0,1.0,1.0,1.0,0.99999999999997,0.9683838091589821,0.9943239185061638,0.9933071490757153,0.9890130573694068
851,1,1.0,1.0,1.0,1.0,1.0,1.0,1.0,1.0,0.99999999999997,0.9685520524376449,0.9503783446684738,0.9933071490757153,0.9890130573694068
852,1,1.0,1.0,1.0,1.0,1.0,1.0,1.0,1.0,0.99999999999997,0.968477444131643,0.9869898212994083,0.9933071490757153,0.9890130573694068
853,1,1.0,1.0,1.0,1.0,1.0,1.0,1.0,0.99999654,0.99999999999997,0.9685352261463424,0.9951867161137676,0.9933071490757153,0.9890130573694068
854,1,1.0,1.0,1.0,1.0,1.0,1.0,1.0,0.9999995,0.99999999999997,0.9684695367888728,0.9949319332992937,0.9933071490757153,0.9890130573694068
855,1,1.0,1.0,1.0,1.0,1.0,1.0,1.0,1.0,0.99999999999997,0.9685083834903213,0.9980476927783568,0.9933071490757153,0.9890130573694068
856,1,1.0,1.0,1.0,1.0,1.0,1.0,1.0,0.99909043,0.99999999999997,0.9684287941049731,0.9267641762667997,0.9933071490757153,0.9890130573694068
857,1,1.0,1.0,1.0,1.0,1.0,1.0,1.0,1.0,0.99999999999997,0.9684452410169351,0.971740291806849,0.9933071490757153,0.9890130573694068
858,1,0.0,1.0,1.0,1.0,0.0,0.0,1.0,0.20783812,0.99999999999997,0.9685550432546306,0.8885901450321682,0.9933071490757153,0.9890130573694068
859,1,1.0,1.0,1.0,1.0,1.0,1.0,1.0,0.9999474,0.99999999999997,0.9684849509317832,0.8703637490889292,0.9933071490757153,0.9890130573694068
860,1,1.0,1.0,1.0,1.0,1.0,1.0,1.0,1.0,0.99999999999997,0.9684773929730042,0.884208301577366,0.9933071490757153,0.9890130573694068
861,1,1.0,1.0,1.0,1.0,1.0,1.0,1.0,1.0,0.99999999999997,0.9684453504571748,0.9301409614548177,0.9933071490757153,0.9890130573694068
862,1,1.0,1.0,1.0,1.0,1.0,1.0,1.0,1.0,0.99999999999997,0.9685380851142731,0.9566587225470251,0.9933071490757153,0.9890130573694068
863,1,1.0,1.0,1.0,1.0,1.0,1.0,1.0,1.0,0.99999999999997,0.9685011447837509,0.9968394154821897,0.9933071490757153,0.9890130573694068
864,1,1.0,1.0,1.0,1.0,1.0,1.0,1.0,0.99999964,0.99999999999997,0.9685250574158125,0.975478069297065,0.9933071490757153,0.9890130573694068
865,1,1.0,1.0,1.0,1.0,1.0,1.0,1.0,1.0,0.99999999999997,0.9684266666046744,0.9954328690064986,0.9933071490757153,0.9890130573694068
866,1,1.0,1.0,1.0,1.0,1.0,1.0,1.0,0.9453398,0.99999999999997,0.9684494934180835,0.9823268531928321,0.9933071490757153,0.9890130573694068
867,1,1.0,1.0,1.0,1.0,1.0,1.0,1.0,0.9999428,0.99999999999997,0.9684654504074149,0.9635043086147345,0.9933071490757153,0.9890130573694068
868,1,1.0,1.0,1.0,1.0,1.0,1.0,1.0,1.0,0.99999999999997,0.9685699463746438,0.9951480158457396,0.9933071490757153,0.9890130573694068
869,1,1.0,1.0,1.0,1.0,1.0,1.0,1.0,1.0,0.99999999999997,0.9684244490167148,0.999008556451352,0.9933071490757153,0.9890130573694068
870,1,1.0,1.0,1.0,1.0,1.0,1.0,1.0,1.0,0.99999999999997,0.9685948819472571,0.8858185212335951,0.9933071490757153,0.9890130573694068
871,1,1.0,1.0,1.0,1.0,1.0,1.0,1.0,1.0,0.99999999999997,0.9684643743487928,0.9952124579518058,0.9933071490757153,0.9890130573694068
872,1,1.0,1.0,1.0,1.0,1.0,1.0,1.0,1.0,0.99999999999997,0.9685355603904583,0.971217112825317,0.9933071490757153,0.9890130573694068
873,1,1.0,1.0,1.0,1.0,1.0,1.0,1.0,1.0,0.99999999999997,0.9684375196184946,0.9696980906426843,0.9933071490757153,0.9890130573694068
874,1,1.0,1.0,1.0,1.0,1.0,1.0,1.0,1.0,0.99999999999997,0.9685108077364468,0.9902327354675645,0.9933071490757153,0.9890130573694068
875,1,1.0,1.0,1.0,1.0,1.0,1.0,1.0,0.99454486,0.99999999999997,0.9684912672842787,0.9997480724521922,0.9933071490757153,0.9890130573694068
876,1,1.0,1.0,1.0,1.0,1.0,1.0,1.0,1.0,0.99999999999997,0.968470400189176,0.995705972815073,0.9933071490757153,0.9890130573694068
877,1,1.0,1.0,1.0,1.0,1.0,1.0,1.0,1.0,0.99999999999997,0.9684503974011024,0.9975318705174454,0.9933071490757153,0.9890130573694068
878,1,1.0,1.0,1.0,1.0,1.0,1.0,1.0,1.0,0.99999999999997,0.9684876885395224,0.9771750040561795,0.9933071490757153,0.9890130573694068
879,1,1.0,1.0,1.0,1.0,1.0,1.0,1.0,0.99975055,0.99999999999997,0.968554904262188,0.9945150666885579,0.9933071490757153,0.9890130573694068
880,1,1.0,0.7833333333333333,1.0,1.0,1.0,1.0,1.0,0.99999213,0.9971947032822069,0.7625802181659626,0.9990257050392215,0.9933071490757153,0.9890130573694068
881,0,1.0,0.7333333333333333,1.0,1.0,1.0,1.0,1.0,6.2887744e-11,0.30978814913803937,0.017996999619299146,0.947529615912967,0.9933071490757153,0.9890130573694068
882,0,1.0,1.0,1.0,1.0,1.0,1.0,1.0,5.9445018e-08,0.00911855239642586,0.018017721108718035,0.9966155355659853,0.9933071490757153,0.9890130573694068
883,0,1.0,1.0,1.0,1.0,1.0,1.0,1.0,4.050611e-13,0.004509100938975367,0.017968025238186143,0.9999738674658801,0.9933071490757153,0.9890130573694068
884,0,1.0,1.0,1.0,1.0,1.0,1.0,1.0,0.010724382,0.004641826950804586,0.01797139751996814,0.9947831447725967,0.9933071490757153,0.9890130573694068
885,0,1.0,1.0,1.0,1.0,1.0,1.0,1.0,0.24716257,0.00434551321181336,0.01797536415415072,0.9928439216578921,0.9933071490757153,0.9890130573694068
886,0,1.0,1.0,1.0,1.0,1.0,1.0,1.0,2.8969594e-11,0.005158030463041799,0.017993878273299926,0.9923473639240717,0.9933071490757153,0.9890130573694068
887,0,1.0,1.0,1.0,1.0,1.0,1.0,1.0,3.8669832e-14,0.005564032190391335,0.018018979034528315,0.9994551070751386,0.9933071490757153,0.9890130573694068
888,0,1.0,1.0,1.0,1.0,1.0,1.0,1.0,5.148301e-10,0.004616575333534246,0.018014330612244372,0.9998547016008598,0.9933071490757153,0.9890130573694068
889,0,1.0,1.0,1.0,1.0,1.0,1.0,1.0,2.2455274e-06,0.003929427415458994,0.017982036741401735,0.9999169352888644,0.9933071490757153,0.9890130573694068
890,0,1.0,1.0,1.0,1.0,1.0,1.0,1.0,0.010724382,0.005182807999367338,0.018008844690185034,0.9947831447725967,0.9933071490757153,0.9890130573694068
891,0,1.0,1.0,1.0,1.0,1.0,1.0,1.0,4.3170695e-17,0.0046538299025903436,0.017970247358422547,0.9995796105850737,0.9933071490757153,0.9890130573694068
892,0,1.0,1.0,1.0,1.0,1.0,1.0,1.0,0.0014032612,0.005929132910606132,0.018008648104355592,0.9902873667769994,0.9933071490757153,0.9890130573694068
893,0,1.0,1.0,1.0,1.0,1.0,1.0,1.0,0.0057401382,0.005543864377095869,0.0180083331945476,0.9975786345663956,0.9933071490757153,0.9890130573694068
894,0,1.0,1.0,1.0,1.0,1.0,1.0,1.0,1.5315681e-08,0.004192192011381978,0.018027055317638572,0.9953324891808154,0.9933071490757153,0.9890130573694068
895,0,1.0,1.0,1.0,1.0,1.0,1.0,1.0,7.0933897e-12,0.004230376735074564,0.017979108178846386,0.9988938997631418,0.9933071490757153,0.9890130573694068
896,0,1.0,1.0,1.0,1.0,0.0,0.0,1.0,4.8821308e-17,0.38619060332190996,0.3910205460165482,0.9593399269717451,0.9933071490757153,0.9890130573694068
897,1,1.0,1.0,1.0,1.0,1.0,1.0,1.0,1.0,0.99999999999997,0.9911448125708161,0.9923029666005819,0.9933071490757153,0.9890130573694068
898,1,1.0,1.0,1.0,1.0,1.0,1.0,1.0,1.0,0.99999999999997,0.991122352762085,0.9893606989638254,0.9933071490757153,0.9890130573694068
899,1,1.0,1.0,1.0,1.0,1.0,1.0,1.0,1.0,0.99999999999997,0.9911464395748774,0.9834107582807888,0.9933071490757153,0.9890130573694068
900,1,1.0,1.0,1.0,1.0,1.0,1.0,1.0,1.0,0.99999999999997,0.9911197767689958,0.9981332924480197,0.9933071490757153,0.9890130573694068
901,1,1.0,1.0,1.0,1.0,1.0,1.0,1.0,0.9999583,0.99999999999997,0.991119868111033,0.9743710436115257,0.9933071490757153,0.9890130573694068
902,1,1.0,1.0,1.0,1.0,1.0,1.0,1.0,1.0,0.99999999999997,0.9911201337001686,0.9703647262473075,0.9933071490757153,0.9890130573694068
903,1,1.0,1.0,1.0,1.0,1.0,1.0,1.0,0.9999994,0.99999999999997,0.9911247951983724,0.5399796203406995,0.9933071490757153,0.9890130573694068
904,1,1.0,1.0,1.0,1.0,1.0,1.0,1.0,1.0,0.99999999999997,0.9911184185209849,0.9911357466633574,0.9933071490757153,0.9890130573694068
905,0,1.0,0.9833333333333333,1.0,1.0,0.0,1.0,1.0,6.5322037e-13,0.306419793665739,0.26126057219102344,0.9890808243106946,0.9933071490757153,0.9890130573694068
906,1,1.0,1.0,1.0,1.0,1.0,1.0,1.0,1.0,0.9668103913671812,0.9569424036072106,0.9991952088664012,0.9933071490757153,0.9890130573694068
907,1,1.0,1.0,1.0,1.0,1.0,1.0,1.0,0.9999604,0.99999999999997,0.9893218628061846,0.9791430034305112,0.9933071490757153,0.9890130573694068
908,1,1.0,1.0,1.0,1.0,1.0,1.0,1.0,0.9999999,0.99999999999997,0.9893753976631514,0.8978241258894561,0.9933071490757153,0.9890130573694068
909,1,1.0,1.0,1.0,1.0,1.0,1.0,1.0,1.0,0.99999999999997,0.9893402584904685,0.9475763399486578,0.9933071490757153,0.9890130573694068
910,1,1.0,1.0,1.0,1.0,1.0,1.0,1.0,1.0,0.99999999999997,0.9893553406129061,0.990742028185826,0.9933071490757153,0.9890130573694068
911,1,1.0,1.0,1.0,1.0,1.0,1.0,1.0,0.99997294,0.99999999999997,0.9893391475227439,0.9356420825804335,0.9933071490757153,0.9890130573694068
912,1,1.0,1.0,1.0,1.0,1.0,1.0,1.0,1.0,0.99999999999997,0.9893745069975296,0.9914913073591773,0.9933071490757153,0.9890130573694068
913,1,1.0,1.0,1.0,1.0,1.0,1.0,1.0,1.0,0.99999999999997,0.9893415244988305,0.9443634466745817,0.9933071490757153,0.9890130573694068
914,1,1.0,1.0,1.0,1.0,1.0,1.0,1.0,1.0,0.99999999999997,0.9893492170736775,0.9936234988155211,0.9933071490757153,0.9890130573694068
915,1,1.0,1.0,1.0,1.0,1.0,1.0,1.0,1.0,0.99999999999997,0.9893763495482552,0.9074013470719665,0.9933071490757153,0.9890130573694068
916,1,1.0,1.0,1.0,1.0,1.0,1.0,1.0,1.0,0.99999999999997,0.989349209878449,0.9891274050056654,0.9933071490757153,0.9890130573694068
917,1,1.0,1.0,1.0,1.0,1.0,1.0,1.0,1.0,0.99999999999997,0.989329151803999,0.9987195194109512,0.9933071490757153,0.9890130573694068
918,1,1.0,1.0,1.0,1.0,1.0,1.0,1.0,0.99999774,0.99999999999997,0.9893349374747656,0.9679323430729347,0.9933071490757153,0.9890130573694068
919,1,1.0,1.0,1.0,1.0,1.0,1.0,1.0,1.0,0.99999999999997,0.9893315128165822,0.9982886670344153,0.9933071490757153,0.9890130573694068
920,1,1.0,1.0,1.0,1.0,1.0,1.0,1.0,1.0,0.99999999999997,0.9893358463218107,0.9972086901972916,0.9933071490757153,0.9890130573694068
921,1,1.0,1.0,1.0,1.0,1.0,1.0,1.0,1.0,0.99999999999997,0.9893173871816645,0.702048842944432,0.9933071490757153,0.9890130573694068
922,1,1.0,1.0,1.0,1.0,1.0,1.0,1.0,0.9999981,0.99999999999997,0.9893338437561771,0.9657870074881826,0.9933071490757153,0.9890130573694068
923,1,1.0,1.0,1.0,1.0,1.0,1.0,1.0,1.0,0.99999999999997,0.9893633102873065,0.9969542583411319,0.9933071490757153,0.9890130573694068
924,1,1.0,1.0,1.0,1.0,1.0,1.0,1.0,1.0,0.99999999999997,0.989377660739954,0.9938736283982835,0.9933071490757153,0.9890130573694068
925,1,1.0,1.0,1.0,1.0,1.0,1.0,1.0,0.9999721,0.99999999999997,0.9893870120080536,0.9657025148112126,0.9933071490757153,0.9890130573694068
926,1,1.0,1.0,1.0,1.0,1.0,1.0,1.0,0.99999964,0.99999999999997,0.9893648136260939,0.9755829287641155,0.9933071490757153,0.9890130573694068
927,0,1.0,0.9666666666666667,1.0,1.0,0.0,0.0,1.0,2.648847e-12,0.3522939856144135,0.29323109467686437,0.9990814932699816,0.9933071490757153,0.9890130573694068
928,0,1.0,1.0,1.0,1.0,1.0,1.0,1.0,4.6067694e-06,0.008887612867056586,0.017958495213628016,0.9962442069690413,0.9933071490757153,0.9890130573694068
929,1,1.0,1.0,1.0,1.0,1.0,1.0,1.0,1.0,0.9998190250288087,0.9852513476606987,0.9993886879251982,0.9933071490757153,0.9890130573694068
930,1,1.0,1.0,1.0,1.0,1.0,1.0,1.0,1.0,0.9999999999680157,0.9853032893754768,0.9991065816063807,0.9933071490757153,0.9890130573694068
931,1,1.0,1.0,1.0,1.0,1.0,1.0,1.0,1.0,0.9999999998084218,0.9852700268294363,0.8322826740386946,0.9933071490757153,0.9890130573694068
932,1,1.0,1.0,1.0,1.0,1.0,1.0,1.0,0.99999845,0.9999999993070752,0.9852964976187687,0.9402087202483198,0.9933071490757153,0.9890130573694068
933,1,1.0,1.0,1.0,1.0,1.0,1.0,1.0,1.0,0.9999999970151937,0.9852620886489799,0.989946272724573,0.9933071490757153,0.9890130573694068
934,1,1.0,1.0,1.0,1.0,1.0,1.0,1.0,0.9999989,0.999999999993131,0.9852926665074064,0.9981671179996457,0.9933071490757153,0.9890130573694068
935,1,1.0,1.0,1.0,1.0,1.0,1.0,1.0,0.99999714,0.9999999999997123,0.9852927082641626,0.9316086858026174,0.9933071490757153,0.9890130573694068
936,1,1.0,1.0,1.0,1.0,1.0,1.0,1.0,1.0,0.9999999999954754,0.9852716602418388,0.9768122754955454,0.9933071490757153,0.9890130573694068
937,1,1.0,1.0,1.0,1.0,1.0,1.0,1.0,1.0,0.9999999999815934,0.9852669459313055,0.7135158882154171,0.9933071490757153,0.9890130573694068
938,1,1.0,1.0,1.0,1.0,1.0,1.0,1.0,1.0,0.9999999999037608,0.985322689557927,0.9959614558250095,0.9933071490757153,0.9890130573694068
939,1,1.0,1.0,1.0,1.0,1.0,1.0,1.0,0.99999976,0.9999999997712836,0.9853197667621408,0.8071877541901133,0.9933071490757153,0.9890130573694068
940,1,1.0,1.0,1.0,1.0,1.0,1.0,1.0,1.0,0.9999999999419033,0.9853021021720578,0.9989839903766677,0.9933071490757153,0.9890130573694068
941,1,1.0,1.0,1.0,1.0,1.0,1.0,1.0,0.99999964,0.999999999948271,0.9852682465523211,0.8853707458530701,0.9933071490757153,0.9890130573694068
942,1,1.0,1.0,1.0,1.0,1.0,1.0,1.0,1.0,0.9999999999730759,0.9853202058380286,0.9771750040561795,0.9933071490757153,0.9890130573694068
943,1,1.0,1.0,1.0,1.0,1.0,1.0,1.0,0.9999865,0.9999999999950222,0.9852508228850861,0.9806669539185048,0.9933071490757153,0.9890130573694068
944,1,1.0,1.0,1.0,1.0,1.0,1.0,1.0,0.99999535,0.9999999998649383,0.9852674420937374,0.9783166158342678,0.9933071490757153,0.9890130573694068
945,1,1.0,1.0,1.0,1.0,1.0,1.0,1.0,0.7532616,0.9999999999429289,0.9852961865259332,0.7082152780171436,0.9933071490757153,0.9890130573694068
946,1,1.0,1.0,1.0,1.0,1.0,1.0,1.0,1.0,0.9999999998948448,0.985283326273483,0.9357819365267562,0.9933071490757153,0.9890130573694068
947,1,1.0,1.0,1.0,1.0,1.0,1.0,1.0,0.9999993,0.9999999986606827,0.9852384593447688,0.9702638853892602,0.9933071490757153,0.9890130573694068
948,1,1.0,1.0,1.0,1.0,1.0,1.0,1.0,0.9999999,0.9999999995120226,0.9853113796317594,0.99809579642152,0.9933071490757153,0.9890130573694068
949,1,1.0,1.0,1.0,1.0,1.0,1.0,1.0,1.0,0.9999999998891322,0.9852444903361463,0.9558620081271904,0.9933071490757153,0.9890130573694068
950,1,1.0,1.0,1.0,1.0,1.0,1.0,1.0,1.0,0.9999999998806444,0.9852843704949023,0.9997774673834056,0.9933071490757153,0.9890130573694068
951,1,1.0,1.0,1.0,1.0,1.0,1.0,1.0,0.99592495,0.9999999982202995,0.9852997630352159,0.9558494990785062,0.9933071490757153,0.9890130573694068
952,1,1.0,1.0,1.0,1.0,1.0,1.0,1.0,1.0,0.999999928964811,0.9852814456008671,0.9450090289798143,0.9933071490757153,0.9890130573694068
953,1,1.0,1.0,1.0,1.0,1.0,1.0,1.0,1.0,0.9999999782062484,0.9853146335770091,0.9990732886227345,0.9933071490757153,0.9890130573694068
954,1,1.0,1.0,1.0,1.0,1.0,1.0,1.0,1.0,0.9999999799624708,0.9853004450617928,0.9981883038982182,0.9933071490757153,0.9890130573694068
955,1,1.0,1.0,1.0,1.0,1.0,1.0,1.0,0.9999999,0.999999976128156,0.9852896332890614,0.9997413079897652,0.9933071490757153,0.9890130573694068
956,1,1.0,1.0,1.0,1.0,1.0,1.0,1.0,1.0,0.9999999937429751,0.9852390404803376,0.9916446018030883,0.9933071490757153,0.9890130573694068
957,1,1.0,1.0,1.0,1.0,1.0,1.0,1.0,0.99999976,0.9999999945154435,0.9852607948576692,0.9331994255903383,0.9933071490757153,0.9890130573694068
958,1,1.0,1.0,1.0,1.0,1.0,1.0,1.0,0.9999099,0.999999986720434,0.985292931596552,0.9720665014035661,0.9933071490757153,0.9890130573694068
959,1,1.0,1.0,1.0,1.0,1.0,1.0,1.0,0.8872051,0.9999999894446919,0.9852767898408938,0.9929785421215213,0.9933071490757153,0.9890130573694068
960,1,1.0,1.0,1.0,1.0,1.0,1.0,1.0,1.0,0.9999998085544219,0.9853390662480422,0.9954328690064986,0.9933071490757153,0.9890130573694068
961,1,1.0,1.0,1.0,1.0,1.0,1.0,1.0,0.99993825,0.9998235172633895,0.9852682102999689,0.9996093175663895,0.9933071490757153,0.9890130573694068
962,1,1.0,1.0,1.0,1.0,1.0,1.0,1.0,1.0,0.9999993496386198,0.9852975859843274,0.5442448356969801,0.9933071490757153,0.9890130573694068
963,1,1.0,1.0,1.0,1.0,1.0,1.0,1.0,1.0,0.9998661526275068,0.9852662881392072,0.9728222253088654,0.9933071490757153,0.9890130573694068
964,1,1.0,1.0,1.0,1.0,1.0,1.0,1.0,1.0,0.9999982791113841,0.9852928463277245,0.9954328690064986,0.9933071490757153,0.9890130573694068
965,1,0.0,1.0,1.0,1.0,0.0,0.0,1.0,0.2371935,0.9985972562083935,0.9852869935896398,0.7946938322306907,0.9933071490757153,0.9890130573694068
966,1,1.0,1.0,1.0,1.0,1.0,1.0,1.0,1.0,0.9989745773993403,0.9853086215054462,0.8715696181672996,0.9933071490757153,0.9890130573694068
967,1,1.0,1.0,1.0,1.0,1.0,1.0,1.0,1.0,0.998862646609361,0.9852887005420116,0.9964337157632774,0.9933071490757153,0.9890130573694068
968,1,1.0,0.9666666666666667,1.0,1.0,1.0,1.0,1.0,0.9999995,0.8081914530996588,0.7591501346553378,0.9350976926068192,0.9933071490757153,0.9890130573694068
969,1,1.0,1.0,1.0,1.0,1.0,1.0,1.0,1.0,0.9999999999839065,0.9762282546442109,0.8253673484226914,0.9933071490757153,0.9890130573694068
970,1,1.0,1.0,1.0,1.0,1.0,1.0,1.0,1.0,0.999999999990089,0.9762115992388372,0.9963211810908195,0.9933071490757153,0.9890130573694068
971,1,1.0,1.0,1.0,1.0,1.0,1.0,1.0,0.9999999,0.9999999999400611,0.9762391642536055,0.9659800730219696,0.9933071490757153,0.9890130573694068
972,1,1.0,1.0,1.0,1.0,1.0,1.0,1.0,1.0,0.9999999997287339,0.9762254723095264,0.9997712390785425,0.9933071490757153,0.9890130573694068
973,1,1.0,1.0,1.0,1.0,1.0,1.0,1.0,0.99981683,0.9999999993809322,0.9762563806260968,0.9718834432625131,0.9933071490757153,0.9890130573694068
974,1,1.0,1.0,1.0,1.0,1.0,1.0,1.0,1.0,0.9999999996872383,0.9761816745687636,0.9996403155866256,0.9933071490757153,0.9890130573694068
975,1,1.0,1.0,1.0,1.0,1.0,1.0,1.0,1.0,0.9999999999949135,0.9762247476773918,0.9997487656180595,0.9933071490757153,0.9890130573694068
976,1,1.0,1.0,1.0,1.0,1.0,1.0,1.0,1.0,0.9999999999966516,0.9761861793507667,0.8122575743093396,0.9933071490757153,0.9890130573694068
977,1,1.0,1.0,1.0,1.0,1.0,1.0,1.0,0.99731064,0.9999999999974896,0.9761723911603275,0.9997332676747728,0.9933071490757153,0.9890130573694068
978,1,1.0,1.0,1.0,1.0,1.0,1.0,1.0,1.0,0.9999999999982697,0.9762367893284732,0.5843540844009023,0.9933071490757153,0.9890130573694068
979,1,1.0,1.0,1.0,1.0,1.0,1.0,1.0,0.9831955,0.9999999999964216,0.9762356243621605,0.9369625062182566,0.9933071490757153,0.9890130573694068
980,1,1.0,1.0,1.0,1.0,1.0,1.0,1.0,1.0,0.9999999999898509,0.9762423551388347,0.9968911334926136,0.9933071490757153,0.9890130573694068
981,1,1.0,1.0,1.0,1.0,1.0,1.0,1.0,0.99998283,0.9999999999873735,0.9761994864080777,0.9441498069494911,0.9933071490757153,0.9890130573694068
982,1,1.0,1.0,1.0,1.0,1.0,1.0,1.0,0.9998981,0.9999999999929599,0.9761510536844228,0.8535510714306891,0.9933071490757153,0.9890130573694068
983,1,1.0,1.0,1.0,1.0,1.0,1.0,1.0,1.0,0.9999999999946806,0.9761945022299466,0.9846830053757968,0.9933071490757153,0.9890130573694068
984,1,1.0,1.0,1.0,1.0,1.0,1.0,1.0,0.9999999,0.9999999999991845,0.9762135232999327,0.9992660901265609,0.9933071490757153,0.9890130573694068
985,1,1.0,1.0,1.0,1.0,1.0,1.0,1.0,0.9999585,0.9999999999938577,0.9761842030067565,0.9983469135392308,0.9933071490757153,0.9890130573694068
986,1,1.0,1.0,1.0,1.0,1.0,1.0,1.0,0.99965036,0.9999999999993356,0.9761881469857248,0.7738459617482861,0.9933071490757153,0.9890130573694068
987,1,1.0,1.0,1.0,1.0,1.0,1.0,1.0,0.80314577,0.9999999999991859,0.9762075057366847,0.999449674780253,0.9933071490757153,0.9890130573694068
988,1,1.0,1.0,1.0,1.0,1.0,1.0,1.0,0.99999964,0.999999999999354,0.9762596375344461,0.9941832740151826,0.9933071490757153,0.9890130573694068
989,1,1.0,1.0,1.0,1.0,1.0,1.0,1.0,1.0,0.9999999999999165,0.9762486993852796,0.9868352315495382,0.9933071490757153,0.9890130573694068
990,1,0.0,1.0,1.0,1.0,0.0,0.0,1.0,0.3961969,0.9999999999997474,0.9762583266685974,0.7282887219549145,0.9933071490757153,0.9890130573694068
991,1,1.0,1.0,1.0,1.0,1.0,1.0,1.0,0.9998981,0.9999999999890601,0.9762580776099414,0.8535510714306891,0.9933071490757153,0.9890130573694068
992,1,1.0,1.0,1.0,1.0,1.0,1.0,1.0,1.0,0.9999999999720198,0.9762456117565989,0.999738682885842,0.9933071490757153,0.9890130573694068
993,1,1.0,1.0,1.0,1.0,1.0,1.0,1.0,0.9999999,0.9999999999948076,0.9762768180426123,0.966659758110352,0.9933071490757153,0.9890130573694068
994,1,1.0,1.0,1.0,1.0,1.0,1.0,1.0,1.0,0.99999999999939,0.9762272653145412,0.9952124579518058,0.9933071490757153,0.9890130573694068
995,1,1.0,1.0,1.0,1.0,1.0,1.0,1.0,1.0,0.9999999997203882,0.9762199546794305,0.9995709982075783,0.9933071490757153,0.9890130573694068
996,1,1.0,1.0,1.0,1.0,1.0,1.0,1.0,1.0,0.999999999241222,0.9761998745464044,0.9951118454806464,0.9933071490757153,0.9890130573694068
997,1,1.0,1.0,1.0,1.0,1.0,1.0,1.0,1.0,0.9999999994950713,0.9761521467802953,0.9995350296760525,0.9933071490757153,0.9890130573694068
998,1,1.0,1.0,1.0,1.0,1.0,1.0,1.0,1.0,0.9999999991232049,0.9762259631157322,0.8115226939651581,0.9933071490757153,0.9890130573694068
999,1,1.0,1.0,1.0,1.0,1.0,1.0,1.0,1.0,0.9999999929729649,0.9761789144497772,0.9394059938535574,0.9933071490757153,0.9890130573694068
1000,1,1.0,1.0,1.0,1.0,1.0,1.0,1.0,1.0,0.9999999849313786,0.976182421544465,0.9989975649039395,0.9933071490757153,0.9890130573694068
1001,1,1.0,1.0,1.0,1.0,1.0,1.0,1.0,0.9999999,0.9999999997055345,0.9761740410903512,0.9992660901265609,0.9933071490757153,0.9890130573694068
1002,1,1.0,1.0,1.0,1.0,1.0,1.0,1.0,0.9998857,0.9999999999426786,0.9762436664873027,0.9692247077662743,0.9933071490757153,0.9890130573694068
1003,1,1.0,1.0,1.0,1.0,1.0,1.0,1.0,0.9999999,0.9999999999924231,0.9762487546630179,0.9989009328289613,0.9933071490757153,0.9890130573694068
1004,1,1.0,1.0,1.0,1.0,1.0,1.0,1.0,1.0,0.999999999999671,0.97620877504018,0.9976477622314479,0.9933071490757153,0.9890130573694068
1005,1,1.0,1.0,1.0,1.0,1.0,1.0,1.0,1.0,0.9999999999933383,0.9762102364873377,0.9989623870422916,0.9933071490757153,0.9890130573694068
1006,1,1.0,1.0,1.0,1.0,1.0,1.0,1.0,1.0,0.9999999999914707,0.9762408148764478,0.9965971201429977,0.9933071490757153,0.9890130573694068
1007,1,1.0,1.0,1.0,1.0,1.0,1.0,1.0,0.9999987,0.9999999999970886,0.9762331348847287,0.9293554773292119,0.9933071490757153,0.9890130573694068
