win_idx,label,acc_v,acc_m,acc_u,acc_mv,acc_ds_eq,acc_ds_static,acc_ours,P_v,P_m,P_u,w_v,w_m,w_u
0,0,1.0,0.06666666666666667,1.0,1.0,0.0,0.0,1.0,2.2862873e-11,0.8802433133049768,0.01796581024630993,0.9981243980711986,0.9933071490757153,0.9890130573694068
1,0,1.0,0.9833333333333333,1.0,1.0,1.0,1.0,1.0,6.63057e-08,0.05376183038056248,0.01797666210374031,0.9989697674119054,0.9933071490757153,0.9890130573694068
2,0,1.0,1.0,1.0,1.0,1.0,1.0,1.0,0.101996884,0.009321944161061036,0.018021843260644963,0.9949203724076301,0.9933071490757153,0.9890130573694068
3,0,1.0,1.0,1.0,1.0,1.0,1.0,1.0,5.204584e-07,0.0035745117635569003,0.01798866471891475,0.995089026466219,0.9933071490757153,0.9890130573694068
4,0,1.0,1.0,1.0,1.0,1.0,1.0,1.0,1.002682e-14,0.0043528399558205874,0.018015516021363472,0.997773604373335,0.9933071490757153,0.9890130573694068
5,0,1.0,1.0,1.0,1.0,1.0,1.0,1.0,1.9297019e-08,0.004901982303134389,0.017929582248290835,0.9976896137688731,0.9933071490757153,0.9890130573694068
6,0,1.0,1.0,1.0,1.0,1.0,1.0,1.0,9.443865e-11,0.0035837032788054485,0.01797589314929137,0.9990053344884574,0.9933071490757153,0.9890130573694068
7,0,1.0,1.0,1.0,1.0,1.0,1.0,1.0,1.2128203e-07,0.0039167121356441835,0.017976414180048923,0.9938498234649357,0.9933071490757153,0.9890130573694068
8,0,1.0,1.0,1.0,1.0,1.0,1.0,1.0,6.0320206e-13,0.0032362827420120816,0.018040347930449722,0.9992228857414609,0.9933071490757153,0.9890130573694068
9,0,1.0,1.0,1.0,1.0,1.0,1.0,1.0,4.3131754e-10,0.0035071998571320527,0.018035062236046787,0.9999629775814081,0.9933071490757153,0.9890130573694068
10,0,1.0,1.0,1.0,1.0,1.0,1.0,1.0,2.9420555e-09,0.003379673477796964,0.018002537180086587,0.9975517672615839,0.9933071490757153,0.9890130573694068
11,0,1.0,1.0,1.0,1.0,1.0,1.0,1.0,1.0130706e-10,0.003652613455753676,0.017965658001507977,0.9210911024844174,0.9933071490757153,0.9890130573694068
12,0,1.0,1.0,1.0,1.0,1.0,1.0,1.0,5.0328166e-12,0.004083028008341349,0.018032617990943692,0.9971366053115113,0.9933071490757153,0.9890130573694068
13,0,1.0,1.0,1.0,1.0,1.0,1.0,1.0,1.5228636e-06,0.004218143065826489,0.01799875179037157,0.9944773913507834,0.9933071490757153,0.9890130573694068
14,0,1.0,1.0,1.0,1.0,1.0,1.0,1.0,0.00046512013,0.004687838693472907,0.017974814836850306,0.9962567110645182,0.9933071490757153,0.9890130573694068
15,0,1.0,1.0,1.0,1.0,1.0,1.0,1.0,2.4379879e-05,0.0036175726754520314,0.01801382210612951,0.863349830276401,0.9933071490757153,0.9890130573694068
16,0,0.0,1.0,1.0,1.0,0.0,0.0,1.0,0.9470502,0.005742252682417844,0.017976081978576582,0.9969701184351536,0.9933071490757153,0.9890130573694068
17,0,1.0,1.0,1.0,1.0,1.0,1.0,1.0,1.5845124e-09,0.003953520691124214,0.018050453422401844,0.9977643406632561,0.9933071490757153,0.9890130573694068
18,0,1.0,1.0,1.0,1.0,1.0,1.0,1.0,7.123883e-12,0.00446091717127292,0.017989501681287236,0.9384416007177884,0.9933071490757153,0.9890130573694068
19,0,1.0,1.0,1.0,1.0,1.0,1.0,1.0,8.930678e-13,0.003324343806683121,0.0179426520287906,0.9992624191965659,0.9933071490757153,0.9890130573694068
20,0,1.0,1.0,1.0,1.0,1.0,1.0,1.0,3.0287807e-11,0.004443049229185645,0.018001607893823487,0.9987269915114377,0.9933071490757153,0.9890130573694068
21,0,1.0,1.0,1.0,1.0,1.0,1.0,1.0,2.17858e-11,0.004571697151962715,0.017950620306108635,0.6124602581392218,0.9933071490757153,0.9890130573694068
22,0,1.0,1.0,1.0,1.0,1.0,1.0,1.0,0.0009685895,0.004276286150898546,0.01797609995735555,0.9940552882031537,0.9933071490757153,0.9890130573694068
23,0,1.0,1.0,1.0,1.0,1.0,1.0,1.0,8.056608e-11,0.004362353888946358,0.017972174257153428,0.9998727171931,0.9933071490757153,0.9890130573694068
24,0,1.0,1.0,1.0,1.0,1.0,1.0,1.0,5.209144e-11,0.004868163443293248,0.017993033516351252,0.9989851702585082,0.9933071490757153,0.9890130573694068
25,0,1.0,1.0,1.0,1.0,1.0,1.0,1.0,0.0007418377,0.00396801469606594,0.017955195540073094,0.9979096703880043,0.9933071490757153,0.9890130573694068
26,0,1.0,1.0,1.0,1.0,1.0,1.0,1.0,1.4350312e-12,0.004488028713998887,0.017960979518848827,0.9995000491186564,0.9933071490757153,0.9890130573694068
27,0,1.0,1.0,1.0,1.0,1.0,1.0,1.0,7.574262e-14,0.0042257050986331994,0.017996462823980826,0.8686148210154644,0.9933071490757153,0.9890130573694068
28,0,1.0,1.0,1.0,1.0,1.0,1.0,1.0,1.4350312e-12,0.0045367106937771315,0.017969735508870325,0.9995000491186564,0.9933071490757153,0.9890130573694068
29,0,1.0,1.0,1.0,1.0,1.0,1.0,1.0,7.380884e-08,0.005580416039597635,0.01801240975508408,0.9886473111650002,0.9933071490757153,0.9890130573694068
30,0,1.0,1.0,1.0,1.0,1.0,1.0,1.0,3.1385766e-13,0.004042089113341557,0.01800991234460332,0.9999645322527106,0.9933071490757153,0.9890130573694068
31,0,1.0,1.0,1.0,1.0,1.0,1.0,1.0,0.000121736295,0.005120193210995303,0.017966763074679773,0.9417203491157764,0.9933071490757153,0.9890130573694068
32,0,1.0,1.0,1.0,1.0,1.0,1.0,1.0,5.4541138e-06,0.004655722815833001,0.018016146006862712,0.9561866473815563,0.9933071490757153,0.9890130573694068
33,0,1.0,1.0,1.0,1.0,1.0,1.0,1.0,2.5808145e-05,0.0044860982382824485,0.017990884154933058,0.8402784878844853,0.9933071490757153,0.9890130573694068
34,0,1.0,1.0,1.0,1.0,1.0,1.0,1.0,7.100475e-07,0.0032321899413285484,0.017974663825352385,0.9787355161457602,0.9933071490757153,0.9890130573694068
35,0,1.0,1.0,1.0,1.0,1.0,1.0,1.0,1.0330953e-13,0.23635281250212234,0.23767818630133536,0.9944626925641986,0.9933071490757153,0.9890130573694068
36,1,1.0,1.0,1.0,1.0,1.0,1.0,1.0,1.0,0.99999999999997,0.9596801175189583,0.9409100867230761,0.9933071490757153,0.9890130573694068
37,1,1.0,1.0,1.0,1.0,1.0,1.0,1.0,1.0,0.99999999999997,0.959611654636955,0.9981522710939138,0.9933071490757153,0.9890130573694068
38,1,1.0,1.0,1.0,1.0,1.0,1.0,1.0,1.0,0.99999999999997,0.9596048392820792,0.8974429012862986,0.9933071490757153,0.9890130573694068
39,1,1.0,1.0,1.0,1.0,1.0,1.0,1.0,1.0,0.99999999999997,0.9597128525365203,0.9072925059983022,0.9933071490757153,0.9890130573694068
40,1,1.0,1.0,1.0,1.0,1.0,1.0,1.0,0.99999845,0.99999999999997,0.9596010679280431,0.9990832502990729,0.9933071490757153,0.9890130573694068
41,1,1.0,1.0,1.0,1.0,1.0,1.0,1.0,1.0,0.99999999999997,0.9596027173377063,0.9503783446684738,0.9933071490757153,0.9890130573694068
42,1,1.0,1.0,1.0,1.0,1.0,1.0,1.0,0.99956864,0.99999999999997,0.9597628210573069,0.9800274578894133,0.9933071490757153,0.9890130573694068
43,1,1.0,1.0,1.0,1.0,1.0,1.0,1.0,0.9866621,0.99999999999997,0.959785176011783,0.996356961904783,0.9933071490757153,0.9890130573694068
44,1,1.0,1.0,1.0,1.0,1.0,1.0,1.0,0.9344753,0.99999999999997,0.9596845224337446,0.9994521146853734,0.9933071490757153,0.9890130573694068
45,1,1.0,1.0,1.0,1.0,1.0,1.0,1.0,1.0,0.99999999999997,0.9596557027935354,0.9762129978175753,0.9933071490757153,0.9890130573694068
46,1,1.0,1.0,1.0,1.0,1.0,1.0,1.0,1.0,0.99999999999997,0.9596582647835231,0.9944629846456164,0.9933071490757153,0.9890130573694068
47,1,1.0,1.0,1.0,1.0,1.0,1.0,1.0,1.0,0.99999999999997,0.9597097468652259,0.9993932485049729,0.9933071490757153,0.9890130573694068
48,1,1.0,1.0,1.0,1.0,1.0,1.0,1.0,1.0,0.99999999999997,0.9597268368874027,0.9906087408078527,0.9933071490757153,0.9890130573694068
49,1,1.0,1.0,1.0,1.0,1.0,1.0,1.0,0.9999989,0.99999999999997,0.9597166781895542,0.9981671179996457,0.9933071490757153,0.9890130573694068
50,1,1.0,1.0,1.0,1.0,1.0,1.0,1.0,1.0,0.99999999999997,0.9596351064347963,0.9832106537164823,0.9933071490757153,0.9890130573694068
51,1,1.0,1.0,1.0,1.0,1.0,1.0,1.0,0.9999999,0.99999999999997,0.959677758298056,0.8652812347798913,0.9933071490757153,0.9890130573694068
52,1,1.0,1.0,1.0,1.0,1.0,1.0,1.0,0.99996686,0.99999999999997,0.9597301293661668,0.9848579002532036,0.9933071490757153,0.9890130573694068
53,1,1.0,1.0,1.0,1.0,1.0,1.0,1.0,1.0,0.99999999999997,0.9597655709356114,0.9997872816964565,0.9933071490757153,0.9890130573694068
54,1,1.0,1.0,1.0,1.0,1.0,1.0,1.0,0.9993352,0.99999999999997,0.9597682696625363,0.9748739174979452,0.9933071490757153,0.9890130573694068
55,1,1.0,1.0,1.0,1.0,1.0,1.0,1.0,1.0,0.99999999999997,0.9596536500728513,0.9995018187786445,0.9933071490757153,0.9890130573694068
56,1,1.0,1.0,1.0,1.0,1.0,1.0,1.0,1.0,0.99999999999997,0.9596444304628879,0.9171058313760776,0.9933071490757153,0.9890130573694068
57,1,1.0,1.0,1.0,1.0,1.0,1.0,1.0,0.99996245,0.99999999999997,0.9596775283486426,0.9993071863799787,0.9933071490757153,0.9890130573694068
58,1,1.0,1.0,1.0,1.0,1.0,1.0,1.0,0.9999869,0.99999999999997,0.9597095689544556,0.9747160573614366,0.9933071490757153,0.9890130573694068
59,1,1.0,1.0,1.0,1.0,1.0,1.0,1.0,0.99924254,0.99999999999997,0.9596917661137779,0.9985192374703561,0.9933071490757153,0.9890130573694068
60,1,1.0,1.0,1.0,1.0,1.0,1.0,1.0,0.9999994,0.99999999999997,0.9596288228934955,0.9965733045388574,0.9933071490757153,0.9890130573694068
61,1,1.0,1.0,1.0,1.0,1.0,1.0,1.0,1.0,0.99999999999997,0.9597369616180986,0.9846660731489878,0.9933071490757153,0.9890130573694068
62,1,1.0,1.0,1.0,1.0,1.0,1.0,1.0,1.0,0.99999999999997,0.9595794129616323,0.4836659450397039,0.9933071490757153,0.9890130573694068
63,1,1.0,1.0,1.0,1.0,1.0,1.0,1.0,0.9999317,0.99999999999997,0.9596092555150638,0.9991593409317873,0.9933071490757153,0.9890130573694068
64,1,1.0,1.0,1.0,1.0,1.0,1.0,1.0,0.9999982,0.99999999999997,0.9596417533904813,0.9761928213169195,0.9933071490757153,0.9890130573694068
65,1,1.0,1.0,1.0,1.0,1.0,1.0,1.0,1.0,0.99999999999997,0.9595272766695901,0.9980476927783568,0.9933071490757153,0.9890130573694068
66,1,1.0,1.0,1.0,1.0,1.0,1.0,1.0,0.9999945,0.99999999999997,0.9595843867764434,0.7287134079460807,0.9933071490757153,0.9890130573694068
67,1,1.0,1.0,1.0,1.0,1.0,1.0,1.0,0.9999995,0.99999999999997,0.9597203037675874,0.9616551689529641,0.9933071490757153,0.9890130573694068
68,1,1.0,1.0,1.0,1.0,1.0,1.0,1.0,0.99999976,0.99999999999997,0.9597550731060003,0.9115710946153217,0.9933071490757153,0.9890130573694068
69,1,1.0,1.0,1.0,1.0,1.0,1.0,1.0,0.9951102,0.99999999999997,0.9596546610816006,0.9998639121269547,0.9933071490757153,0.9890130573694068
70,1,1.0,1.0,1.0,1.0,1.0,1.0,1.0,1.0,0.99999999999997,0.9595879994176061,0.9368355682767364,0.9933071490757153,0.9890130573694068
71,1,1.0,1.0,1.0,1.0,1.0,1.0,1.0,0.99999106,0.99999999999997,0.9596183225820484,0.9989421512251961,0.9933071490757153,0.9890130573694068
72,1,1.0,1.0,1.0,1.0,1.0,1.0,1.0,1.0,0.99999999999997,0.959693028215159,0.9987856151845251,0.9933071490757153,0.9890130573694068
73,1,1.0,1.0,1.0,1.0,1.0,1.0,1.0,1.0,0.99999999999997,0.9597204685658062,0.9997803300375719,0.9933071490757153,0.9890130573694068
74,1,1.0,1.0,1.0,1.0,1.0,1.0,1.0,1.0,0.99999999999997,0.9594839205160742,0.9601301543289079,0.9933071490757153,0.9890130573694068
75,1,1.0,1.0,1.0,1.0,1.0,1.0,1.0,1.0,0.99999999999997,0.959689246940622,0.9995621995095887,0.9933071490757153,0.9890130573694068
76,1,1.0,1.0,1.0,1.0,1.0,1.0,1.0,1.0,0.99999999999997,0.9596588257725712,0.9754186845194424,0.9933071490757153,0.9890130573694068
77,1,1.0,1.0,1.0,1.0,1.0,1.0,1.0,0.99999774,0.99999999999997,0.9595835743422306,0.9477928356614579,0.9933071490757153,0.9890130573694068
78,1,1.0,1.0,1.0,1.0,1.0,1.0,1.0,0.99978083,0.99999999999997,0.9596688579447726,0.9828918036425334,0.9933071490757153,0.9890130573694068
79,1,1.0,1.0,1.0,1.0,1.0,1.0,1.0,1.0,0.99999999999997,0.9596450112952564,0.9929601146612378,0.9933071490757153,0.9890130573694068
80,1,1.0,1.0,1.0,1.0,1.0,1.0,1.0,1.0,0.99999999999997,0.9597321786884528,0.9906978050092029,0.9933071490757153,0.9890130573694068
81,1,1.0,1.0,1.0,1.0,1.0,1.0,1.0,0.99999976,0.99999999999997,0.9596776931322529,0.9703631330630295,0.9933071490757153,0.9890130573694068
82,1,1.0,1.0,1.0,1.0,1.0,1.0,1.0,1.0,0.99999999999997,0.9596616891013249,0.984560492979323,0.9933071490757153,0.9890130573694068
83,1,1.0,1.0,1.0,1.0,1.0,1.0,1.0,1.0,0.99999999999997,0.9596952734522752,0.999600625903462,0.9933071490757153,0.9890130573694068
84,1,1.0,1.0,1.0,1.0,1.0,1.0,1.0,0.9999993,0.99999999999997,0.9596479647764659,0.9968474743923036,0.9933071490757153,0.9890130573694068
85,1,1.0,1.0,1.0,1.0,1.0,1.0,1.0,0.9997571,0.99999999999997,0.9595748280532704,0.9276566667466671,0.9933071490757153,0.9890130573694068
86,1,1.0,1.0,1.0,1.0,1.0,1.0,1.0,1.0,0.99999999999997,0.9596807601024703,0.875600586281366,0.9933071490757153,0.9890130573694068
87,1,1.0,1.0,1.0,1.0,1.0,1.0,1.0,1.0,0.99999999999997,0.9596554730676384,0.953540421649482,0.9933071490757153,0.9890130573694068
88,1,1.0,1.0,1.0,1.0,1.0,1.0,1.0,1.0,0.99999999999997,0.9596879574592384,0.9969257462309553,0.9933071490757153,0.9890130573694068
89,1,1.0,1.0,1.0,1.0,1.0,1.0,1.0,1.0,0.99999999999997,0.9596358952230717,0.9996242969765596,0.9933071490757153,0.9890130573694068
90,1,1.0,1.0,1.0,1.0,1.0,1.0,1.0,0.98029023,0.99999999999997,0.9596515782323582,0.999864722282681,0.9933071490757153,0.9890130573694068
91,1,1.0,1.0,1.0,1.0,1.0,1.0,1.0,0.99999964,0.99999999999997,0.9596114125883223,0.9979356050469235,0.9933071490757153,0.9890130573694068
92,1,1.0,1.0,1.0,1.0,1.0,1.0,1.0,0.99999976,0.99999999999997,0.9596880476919798,0.9678897580837077,0.9933071490757153,0.9890130573694068
93,1,1.0,1.0,1.0,1.0,1.0,1.0,1.0,1.0,0.99999999999997,0.9596826778183128,0.9947963100242637,0.9933071490757153,0.9890130573694068
94,1,1.0,1.0,1.0,1.0,1.0,1.0,1.0,0.99909043,0.99999999999997,0.9597159580590577,0.9267641762667997,0.9933071490757153,0.9890130573694068
95,1,1.0,1.0,1.0,1.0,1.0,1.0,1.0,1.0,0.99999999999997,0.9596858032080147,0.9915251274907846,0.9933071490757153,0.9890130573694068
96,1,1.0,1.0,1.0,1.0,1.0,1.0,1.0,1.0,0.99999999999997,0.9597349726105201,0.7411985141936639,0.9933071490757153,0.9890130573694068
97,1,1.0,1.0,1.0,1.0,1.0,1.0,1.0,1.0,0.99999999999997,0.9596279961725432,0.9999164058215615,0.9933071490757153,0.9890130573694068
98,1,1.0,1.0,1.0,1.0,1.0,1.0,1.0,0.9999995,0.99999999999997,0.9596753335706959,0.9999389138708394,0.9933071490757153,0.9890130573694068
99,1,1.0,1.0,1.0,1.0,1.0,1.0,1.0,0.99846715,0.99999999999997,0.959700489485651,0.9563257710675098,0.9933071490757153,0.9890130573694068
100,1,1.0,1.0,1.0,1.0,1.0,1.0,1.0,1.0,0.99999999999997,0.9597003008836623,0.999202832985173,0.9933071490757153,0.9890130573694068
101,1,1.0,1.0,1.0,1.0,1.0,1.0,1.0,1.0,0.99999999999997,0.9596453689316513,0.9889897313430621,0.9933071490757153,0.9890130573694068
102,1,1.0,1.0,1.0,1.0,1.0,1.0,1.0,1.0,0.99999999999997,0.9597085754350679,0.9656694825543433,0.9933071490757153,0.9890130573694068
103,1,1.0,1.0,1.0,1.0,1.0,1.0,1.0,1.0,0.99999999999997,0.959785594314213,0.9716732917171034,0.9933071490757153,0.9890130573694068
104,1,1.0,1.0,1.0,1.0,1.0,1.0,1.0,1.0,0.99999999999997,0.9596116164904899,0.963983334901068,0.9933071490757153,0.9890130573694068
105,1,1.0,1.0,1.0,1.0,1.0,1.0,1.0,1.0,0.99999999999997,0.9596956487889668,0.993185255462296,0.9933071490757153,0.9890130573694068
106,1,1.0,0.95,1.0,1.0,1.0,1.0,1.0,0.99999917,0.9693316555085996,0.8834167944123794,0.9228025361256935,0.9933071490757153,0.9890130573694068
107,1,1.0,1.0,1.0,1.0,1.0,1.0,1.0,0.9999999,0.9989499109348439,0.9676425632551384,0.966659758110352,0.9933071490757153,0.9890130573694068
108,1,1.0,1.0,1.0,1.0,1.0,1.0,1.0,0.99942786,0.9997184481690989,0.967668299019607,0.7877955703325484,0.9933071490757153,0.9890130573694068
109,1,1.0,1.0,1.0,1.0,1.0,1.0,1.0,1.0,0.9999918412190347,0.9676037729110637,0.9754404107408607,0.9933071490757153,0.9890130573694068
110,1,1.0,1.0,1.0,1.0,1.0,1.0,1.0,0.99592495,0.9999921124563833,0.9675503712993909,0.9558494990785062,0.9933071490757153,0.9890130573694068
111,1,1.0,1.0,1.0,1.0,1.0,1.0,1.0,0.99950445,0.9999921308610842,0.967595702128697,0.9977927047320769,0.9933071490757153,0.9890130573694068
112,1,1.0,1.0,1.0,1.0,1.0,1.0,1.0,1.0,0.9999927786824442,0.9676147364093686,0.9976547150661391,0.9933071490757153,0.9890130573694068
113,1,1.0,1.0,1.0,1.0,1.0,1.0,1.0,1.0,0.9999473881106844,0.9675376386504075,0.999928678261195,0.9933071490757153,0.9890130573694068
114,1,1.0,1.0,1.0,1.0,1.0,1.0,1.0,1.0,0.9999947962389272,0.967566058473998,0.9443634466745817,0.9933071490757153,0.9890130573694068
115,1,1.0,1.0,1.0,1.0,1.0,1.0,1.0,0.99999964,0.9999950286879867,0.9675873268567277,0.9979356050469235,0.9933071490757153,0.9890130573694068
116,1,1.0,1.0,1.0,1.0,1.0,1.0,1.0,1.0,0.9999956410775755,0.9676585524765359,0.9475763399486578,0.9933071490757153,0.9890130573694068
117,1,1.0,1.0,1.0,1.0,1.0,1.0,1.0,1.0,0.9999961312645932,0.9676025783987833,0.9994110274828056,0.9933071490757153,0.9890130573694068
118,1,1.0,1.0,1.0,1.0,1.0,1.0,1.0,1.0,0.9999969588427378,0.9676363000770933,0.8850734091184727,0.9933071490757153,0.9890130573694068
119,1,1.0,1.0,1.0,1.0,1.0,1.0,1.0,1.0,0.999938595790785,0.9675747769277474,0.9985117554357643,0.9933071490757153,0.9890130573694068
120,1,1.0,1.0,1.0,1.0,1.0,1.0,1.0,0.9989341,0.9999977493664283,0.9676126063305176,0.9603515077435356,0.9933071490757153,0.9890130573694068
121,1,1.0,1.0,1.0,1.0,1.0,1.0,1.0,0.9999999,0.9999973038609935,0.9676621514712777,0.9957479829237773,0.9933071490757153,0.9890130573694068
122,1,1.0,1.0,1.0,1.0,1.0,1.0,1.0,1.0,0.9999964022316739,0.9674997475994928,0.9951480158457396,0.9933071490757153,0.9890130573694068
123,1,1.0,1.0,1.0,1.0,1.0,1.0,1.0,0.99999976,0.999995143991724,0.9676893729165426,0.9331994255903383,0.9933071490757153,0.9890130573694068
124,1,1.0,1.0,1.0,1.0,1.0,1.0,1.0,1.0,0.999898173234143,0.9675454327523719,0.9997811453437497,0.9933071490757153,0.9890130573694068
125,1,1.0,1.0,1.0,1.0,1.0,1.0,1.0,0.99999964,0.9999936585231821,0.9676002756067751,0.9941832740151826,0.9933071490757153,0.9890130573694068
126,1,1.0,1.0,1.0,1.0,1.0,1.0,1.0,1.0,0.9999917815703068,0.9676820909157349,0.9999360260415421,0.9933071490757153,0.9890130573694068
127,1,1.0,1.0,1.0,1.0,1.0,1.0,1.0,1.0,0.9999924365744915,0.9677045729444553,0.9603330174197002,0.9933071490757153,0.9890130573694068
128,1,1.0,1.0,1.0,1.0,1.0,1.0,1.0,1.0,0.9999478300291949,0.9675534117957204,0.9982457461874501,0.9933071490757153,0.9890130573694068
129,1,1.0,0.75,1.0,1.0,1.0,1.0,1.0,1.0,0.9677652679420841,0.7459394757768987,0.9487468089478669,0.9933071490757153,0.9890130573694068
130,0,1.0,0.8,1.0,1.0,1.0,1.0,1.0,4.050611e-13,0.22541194636561118,0.01793631678427927,0.9999738674658801,0.9933071490757153,0.9890130573694068
131,0,1.0,1.0,1.0,1.0,1.0,1.0,1.0,2.6567138e-13,0.006855419491852493,0.01801839887346379,0.9994991133216428,0.9933071490757153,0.9890130573694068
132,0,1.0,1.0,1.0,1.0,1.0,1.0,1.0,1.3793542e-11,0.0050121304032976115,0.017988005710971398,0.8499248324913039,0.9933071490757153,0.9890130573694068
133,0,1.0,1.0,1.0,1.0,1.0,1.0,1.0,5.774127e-07,0.0034965043090087774,0.018003886588738652,0.7392579426704788,0.9933071490757153,0.9890130573694068
134,0,1.0,1.0,1.0,1.0,1.0,1.0,1.0,1.2289132e-09,0.004811647361851065,0.01795508138179436,0.9988158786655417,0.9933071490757153,0.9890130573694068
135,0,1.0,1.0,1.0,1.0,1.0,1.0,1.0,3.1021405e-05,0.003132461158813117,0.017983897615716646,0.992244658712494,0.9933071490757153,0.9890130573694068
136,0,1.0,1.0,1.0,1.0,1.0,1.0,1.0,8.0980866e-10,0.004736709386497286,0.018014676448281513,0.9993301334590823,0.9933071490757153,0.9890130573694068
137,0,1.0,1.0,1.0,1.0,1.0,1.0,1.0,6.630535e-15,0.006286036335711768,0.017997427390582674,0.9991791073955166,0.9933071490757153,0.9890130573694068
138,0,1.0,1.0,1.0,1.0,1.0,1.0,1.0,5.268885e-09,0.004987149041619798,0.017962492276307206,0.9982910769361257,0.9933071490757153,0.9890130573694068
139,0,1.0,1.0,1.0,1.0,1.0,1.0,1.0,2.8691318e-13,0.004296249655126248,0.01801364832134753,0.9994399434270754,0.9933071490757153,0.9890130573694068
140,0,1.0,1.0,1.0,1.0,1.0,1.0,1.0,0.00064226025,0.0035197823152672923,0.01800437072108209,0.9870152396532511,0.9933071490757153,0.9890130573694068
141,0,1.0,1.0,1.0,1.0,1.0,1.0,1.0,9.4489917e-07,0.00497834329455113,0.017987990797304933,0.9963815096452862,0.9933071490757153,0.9890130573694068
142,0,1.0,1.0,1.0,1.0,1.0,1.0,1.0,6.5322037e-13,0.004093551574537693,0.017921873156802992,0.9890808243106946,0.9933071490757153,0.9890130573694068
143,0,1.0,1.0,1.0,1.0,1.0,1.0,1.0,1.9147617e-08,0.004821014613523486,0.018001391707386807,0.9973191904244734,0.9933071490757153,0.9890130573694068
144,0,1.0,1.0,1.0,1.0,1.0,1.0,1.0,5.0837592e-05,0.004504231791962066,0.01798940962756645,0.9984385426576589,0.9933071490757153,0.9890130573694068
145,0,1.0,1.0,1.0,1.0,1.0,1.0,1.0,4.784603e-15,0.0042103304630287785,0.017960064633999857,0.9143710327642477,0.9933071490757153,0.9890130573694068
146,0,1.0,1.0,1.0,1.0,1.0,1.0,1.0,9.515115e-12,0.004682411952816262,0.01797459883096318,0.9973373582263169,0.9933071490757153,0.9890130573694068
147,0,1.0,1.0,1.0,1.0,1.0,1.0,1.0,0.016915737,0.004557562193203643,0.01804579760137822,0.9758933953255655,0.9933071490757153,0.9890130573694068
148,0,1.0,1.0,1.0,1.0,1.0,1.0,1.0,9.94372e-06,0.004584038904559118,0.017908966675444546,0.998877520952323,0.9933071490757153,0.9890130573694068
149,0,1.0,1.0,1.0,1.0,1.0,1.0,1.0,4.5217034e-14,0.004017403474061815,0.017989994854823225,0.997224489022312,0.9933071490757153,0.9890130573694068
150,0,1.0,1.0,1.0,1.0,1.0,1.0,1.0,2.8237964e-11,0.003814137930017685,0.017993157389406357,0.9987014944203892,0.9933071490757153,0.9890130573694068
151,0,1.0,1.0,1.0,1.0,1.0,1.0,1.0,0.16844767,0.003826564417602645,0.01799207085991886,0.9520628237659403,0.9933071490757153,0.9890130573694068
152,0,1.0,1.0,1.0,1.0,1.0,1.0,1.0,0.0012759393,0.003948578098299676,0.018034669679290873,0.999319881900865,0.9933071490757153,0.9890130573694068
153,0,1.0,1.0,1.0,1.0,1.0,1.0,1.0,5.5916747e-12,0.0038778429245631364,0.01800873174704936,0.9999113816733988,0.9933071490757153,0.9890130573694068
154,0,1.0,1.0,1.0,1.0,1.0,1.0,1.0,3.5195757e-12,0.0034262267042279373,0.01799481824459442,0.9975957472701144,0.9933071490757153,0.9890130573694068
155,0,1.0,1.0,1.0,1.0,1.0,1.0,1.0,1.5368566e-11,0.004285139697234221,0.01798710209083005,0.8699291426676556,0.9933071490757153,0.9890130573694068
156,0,1.0,1.0,1.0,1.0,1.0,0.0,1.0,0.37659,0.004288022544189937,0.018000406042815616,0.9988807379930776,0.9933071490757153,0.9890130573694068
157,0,1.0,1.0,1.0,1.0,1.0,1.0,1.0,0.0006862862,0.003748837617042161,0.017994719032378134,0.9986341265297964,0.9933071490757153,0.9890130573694068
158,0,1.0,1.0,1.0,1.0,1.0,1.0,1.0,2.5177649e-06,0.004060431325339232,0.017993560189648365,0.9985912499119581,0.9933071490757153,0.9890130573694068
159,0,1.0,1.0,1.0,1.0,1.0,1.0,1.0,1.9998965e-09,0.006031019558982925,0.018016045825227124,0.9352307642550253,0.9933071490757153,0.9890130573694068
160,0,1.0,1.0,1.0,1.0,1.0,1.0,1.0,9.43027e-12,0.004537252075527718,0.0179715369373649,0.9993141221603339,0.9933071490757153,0.9890130573694068
161,0,1.0,1.0,1.0,1.0,1.0,1.0,1.0,0.00013616924,0.003734810678415276,0.017982035060573606,0.9965751714933145,0.9933071490757153,0.9890130573694068
162,0,1.0,1.0,1.0,1.0,1.0,1.0,1.0,0.0007418377,0.003043616786502112,0.01794806309975215,0.9979096703880043,0.9933071490757153,0.9890130573694068
163,0,1.0,1.0,1.0,1.0,1.0,1.0,1.0,2.9293648e-18,0.003694348457948566,0.017967342950016174,0.668633499333044,0.9933071490757153,0.9890130573694068
164,0,1.0,1.0,1.0,1.0,1.0,1.0,1.0,2.4823036e-08,0.004057144272317495,0.018016290773511124,0.9963290747042799,0.9933071490757153,0.9890130573694068
165,0,0.0,1.0,1.0,1.0,0.0,0.0,1.0,0.97912997,0.00358562040173035,0.017977455409164164,0.9998045088193734,0.9933071490757153,0.9890130573694068
166,0,1.0,1.0,1.0,1.0,1.0,1.0,1.0,1.2561942e-11,0.0046079449423181715,0.018007532062289115,0.9999084199867683,0.9933071490757153,0.9890130573694068
167,0,1.0,1.0,1.0,1.0,1.0,1.0,1.0,1.5565705e-09,0.004095608392222088,0.018013986734029274,0.8844975245441904,0.9933071490757153,0.9890130573694068
168,0,1.0,1.0,1.0,1.0,1.0,1.0,1.0,4.784352e-13,0.004099030761921046,0.01796534994024473,0.9984631733179636,0.9933071490757153,0.9890130573694068
169,0,1.0,1.0,1.0,1.0,1.0,1.0,1.0,0.0031911237,0.0042394343337701585,0.017922441792664525,0.9991284526583184,0.9933071490757153,0.9890130573694068
170,0,1.0,1.0,1.0,1.0,1.0,1.0,1.0,0.0006641193,0.003844409842083178,0.018035019785565775,0.9998699378951041,0.9933071490757153,0.9890130573694068
171,0,1.0,1.0,1.0,1.0,1.0,1.0,1.0,2.7918673e-05,0.004300798809031868,0.01798370202287314,0.9573858508439491,0.9933071490757153,0.9890130573694068
172,0,1.0,1.0,1.0,1.0,1.0,1.0,1.0,9.515115e-12,0.0038937663742220465,0.017969570393193284,0.9973373582263169,0.9933071490757153,0.9890130573694068
173,0,1.0,1.0,1.0,1.0,1.0,1.0,1.0,0.00031074145,0.004422128758418269,0.018034045463644465,0.960972043234266,0.9933071490757153,0.9890130573694068
174,0,1.0,1.0,1.0,1.0,1.0,1.0,1.0,2.2928418e-07,0.0063937064311111085,0.017991830871889058,0.9996198764446078,0.9933071490757153,0.9890130573694068
175,0,1.0,1.0,1.0,1.0,1.0,1.0,1.0,4.3170695e-17,0.004231872887758246,0.017971985546864976,0.9995796105850737,0.9933071490757153,0.9890130573694068
176,1,1.0,1.0,1.0,1.0,1.0,1.0,1.0,0.9999987,0.9005063025569108,0.8922765966708749,0.9293554773292119,0.9933071490757153,0.9890130573694068
177,1,1.0,1.0,1.0,1.0,1.0,1.0,1.0,1.0,0.99999999999997,0.9894481647196254,0.9171058313760776,0.9933071490757153,0.9890130573694068
178,1,1.0,1.0,1.0,1.0,1.0,1.0,1.0,1.0,0.99999999999997,0.9894344109020484,0.9940818748120316,0.9933071490757153,0.9890130573694068
179,1,1.0,1.0,1.0,1.0,1.0,1.0,1.0,1.0,0.99999999999997,0.9894762867511925,0.998890403927713,0.9933071490757153,0.9890130573694068
180,1,1.0,1.0,1.0,1.0,1.0,1.0,1.0,0.9999869,0.99999999999997,0.9894665578236788,0.9747160573614366,0.9933071490757153,0.9890130573694068
181,1,1.0,1.0,1.0,1.0,1.0,1.0,1.0,0.99999976,0.99999999999997,0.9894276637975346,0.9929735373418466,0.9933071490757153,0.9890130573694068
182,1,1.0,1.0,1.0,1.0,1.0,1.0,1.0,0.9999981,0.99999999999997,0.9894324226749067,0.7108218047522769,0.9933071490757153,0.9890130573694068
183,1,1.0,1.0,1.0,1.0,1.0,1.0,1.0,1.0,0.99999999999997,0.9894488738829353,0.9989623870422916,0.9933071490757153,0.9890130573694068
184,1,1.0,1.0,1.0,1.0,1.0,1.0,1.0,0.99999475,0.99999999999997,0.9894214712389068,0.9992269546581408,0.9933071490757153,0.9890130573694068
185,1,1.0,1.0,1.0,1.0,1.0,0.0,1.0,0.642584,0.99999999999997,0.9894368382219043,0.9998852817449227,0.9933071490757153,0.9890130573694068
186,1,1.0,1.0,1.0,1.0,1.0,1.0,1.0,1.0,0.99999999999997,0.9894723267482602,0.971166159596237,0.9933071490757153,0.9890130573694068
187,1,1.0,1.0,1.0,1.0,1.0,1.0,1.0,1.0,0.99999999999997,0.9894313940325203,0.9993338303467438,0.9933071490757153,0.9890130573694068
188,1,1.0,1.0,1.0,1.0,1.0,1.0,1.0,0.9999993,0.99999999999997,0.9894191593116325,0.9968474743923036,0.9933071490757153,0.9890130573694068
189,1,1.0,1.0,1.0,1.0,1.0,1.0,1.0,1.0,0.99999999999997,0.9894692197663197,0.9487468089478669,0.9933071490757153,0.9890130573694068
190,1,1.0,1.0,1.0,1.0,1.0,1.0,1.0,1.0,0.99999999999997,0.9894488353532294,0.9980476927783568,0.9933071490757153,0.9890130573694068
191,1,1.0,1.0,1.0,1.0,1.0,1.0,1.0,0.9999976,0.99999999999997,0.9894030868844156,0.9997428013212655,0.9933071490757153,0.9890130573694068
192,1,1.0,1.0,1.0,1.0,1.0,1.0,1.0,0.9999999,0.99999999999997,0.9894659127334176,0.9997413079897652,0.9933071490757153,0.9890130573694068
193,1,1.0,1.0,1.0,1.0,1.0,1.0,1.0,0.9909061,0.99999999999997,0.9894542149469774,0.9989980071378569,0.9933071490757153,0.9890130573694068
194,1,1.0,1.0,1.0,1.0,1.0,1.0,1.0,1.0,0.99999999999997,0.9894348619765064,0.9966008837952709,0.9933071490757153,0.9890130573694068
195,1,1.0,1.0,1.0,1.0,1.0,1.0,1.0,0.9998857,0.99999999999997,0.989444110330376,0.9692247077662743,0.9933071490757153,0.9890130573694068
196,1,1.0,1.0,1.0,1.0,1.0,1.0,1.0,0.99999845,0.99999999999997,0.9894444811388322,0.5195717636233617,0.9933071490757153,0.9890130573694068
197,1,1.0,1.0,1.0,1.0,1.0,1.0,1.0,0.9993013,0.99999999999997,0.9894133452639716,0.9912138629047057,0.9933071490757153,0.9890130573694068
198,1,1.0,1.0,1.0,1.0,1.0,1.0,1.0,1.0,0.99999999999997,0.9894529789459806,0.9985578647082707,0.9933071490757153,0.9890130573694068
199,1,1.0,1.0,1.0,1.0,1.0,1.0,1.0,1.0,0.99999999999997,0.9894487545852502,0.9984353243348273,0.9933071490757153,0.9890130573694068
200,1,1.0,1.0,1.0,1.0,1.0,1.0,1.0,1.0,0.99999999999997,0.9894626879728357,0.998599409514803,0.9933071490757153,0.9890130573694068
201,1,1.0,1.0,1.0,1.0,1.0,1.0,1.0,1.0,0.99999999999997,0.9894397485604667,0.9968664517822112,0.9933071490757153,0.9890130573694068
202,1,1.0,1.0,1.0,1.0,1.0,1.0,1.0,1.0,0.99999999999997,0.9894316652473175,0.9987920602955351,0.9933071490757153,0.9890130573694068
203,1,1.0,1.0,1.0,1.0,1.0,1.0,1.0,1.0,0.99999999999997,0.9894635604411409,0.9909717609961073,0.9933071490757153,0.9890130573694068
204,1,1.0,1.0,1.0,1.0,1.0,1.0,1.0,0.94998187,0.99999999999997,0.9894388616941199,0.9776177002934631,0.9933071490757153,0.9890130573694068
205,1,1.0,1.0,1.0,1.0,1.0,1.0,1.0,1.0,0.99999999999997,0.9894261564022677,0.9830470668189278,0.9933071490757153,0.9890130573694068
206,1,1.0,1.0,1.0,1.0,1.0,1.0,1.0,1.0,0.99999999999997,0.9894192581966526,0.9297516384348616,0.9933071490757153,0.9890130573694068
207,1,1.0,1.0,1.0,1.0,1.0,1.0,1.0,1.0,0.99999999999997,0.9894317369368737,0.5901043565318504,0.9933071490757153,0.9890130573694068
208,1,1.0,1.0,1.0,1.0,1.0,1.0,1.0,1.0,0.99999999999997,0.9894042841013758,0.9553544289531872,0.9933071490757153,0.9890130573694068
209,1,1.0,1.0,1.0,1.0,1.0,1.0,1.0,1.0,0.99999999999997,0.98943943441822,0.9993075318279533,0.9933071490757153,0.9890130573694068
210,1,1.0,1.0,1.0,1.0,1.0,1.0,1.0,1.0,0.99999999999997,0.9894692019751176,0.997173786055667,0.9933071490757153,0.9890130573694068
211,1,1.0,0.9833333333333333,1.0,1.0,1.0,1.0,1.0,0.85659516,0.9685803442085665,0.9408769297784974,0.9817572460242391,0.9933071490757153,0.9890130573694068
212,0,1.0,1.0,1.0,1.0,1.0,1.0,1.0,7.163513e-10,0.01696866554228088,0.01799239164269682,0.9985609462823445,0.9933071490757153,0.9890130573694068
213,0,1.0,1.0,1.0,1.0,1.0,1.0,1.0,0.0055280486,0.004676776716995289,0.01801026086331976,0.9982297915357343,0.9933071490757153,0.9890130573694068
214,0,1.0,1.0,1.0,1.0,1.0,1.0,1.0,8.560347e-11,0.0050963539117831755,0.01798993892151762,0.9999322350094166,0.9933071490757153,0.9890130573694068
215,0,1.0,1.0,1.0,1.0,1.0,1.0,1.0,7.42085e-11,0.003236559495276715,0.017990310808238954,0.9958929584115345,0.9933071490757153,0.9890130573694068
216,0,1.0,1.0,1.0,1.0,1.0,1.0,1.0,1.0258411e-07,0.0034755989613470743,0.018000492103404184,0.9970533000786896,0.9933071490757153,0.9890130573694068
217,0,1.0,1.0,1.0,1.0,1.0,1.0,1.0,0.0009367843,0.004052518370703125,0.018004201209014935,0.9986765102495536,0.9933071490757153,0.9890130573694068
218,0,1.0,1.0,1.0,1.0,1.0,1.0,1.0,1.1276287e-08,0.0035632219220488306,0.018003134547090124,0.9932938432728678,0.9933071490757153,0.9890130573694068
219,0,1.0,1.0,1.0,1.0,1.0,1.0,1.0,5.0837592e-05,0.0032312954804049904,0.017984264305513416,0.9984385426576589,0.9933071490757153,0.9890130573694068
220,0,1.0,1.0,1.0,1.0,1.0,1.0,1.0,3.569089e-11,0.003823741395370625,0.017967198408321613,0.9976438190080371,0.9933071490757153,0.9890130573694068
221,0,1.0,1.0,1.0,1.0,1.0,1.0,1.0,1.8047841e-11,0.003924931726400757,0.017995711929946763,0.9970289773666676,0.9933071490757153,0.9890130573694068
222,0,1.0,1.0,1.0,1.0,1.0,1.0,1.0,3.268695e-08,0.003373687597672026,0.01798971328982577,0.9522030438304865,0.9933071490757153,0.9890130573694068
223,0,1.0,1.0,1.0,1.0,1.0,1.0,1.0,1.2416042e-05,0.004162917083331687,0.017955730850093377,0.9950772644993215,0.9933071490757153,0.9890130573694068
224,0,1.0,1.0,1.0,1.0,1.0,1.0,1.0,1.2128203e-07,0.0036841998565347225,0.0180161794578364,0.9938498234649357,0.9933071490757153,0.9890130573694068
225,0,1.0,1.0,1.0,1.0,1.0,1.0,1.0,6.601669e-13,0.004647024269505917,0.01801098187540164,0.8920083556219052,0.9933071490757153,0.9890130573694068
226,0,1.0,1.0,1.0,1.0,1.0,1.0,1.0,5.93047e-08,0.0036460556550050875,0.01800501404318176,0.9969522150498246,0.9933071490757153,0.9890130573694068
227,0,1.0,1.0,1.0,1.0,1.0,1.0,1.0,1.34702715e-17,0.004626644756455804,0.01803316759761882,0.9988362638804057,0.9933071490757153,0.9890130573694068
228,0,1.0,1.0,1.0,1.0,1.0,1.0,1.0,8.972034e-12,0.006245071516958593,0.017972664932499327,0.9884362380431572,0.9933071490757153,0.9890130573694068
229,0,1.0,1.0,1.0,1.0,1.0,1.0,1.0,1.8834342e-11,0.004336555159727698,0.018021895536655567,0.9996635211255064,0.9933071490757153,0.9890130573694068
230,0,1.0,1.0,1.0,1.0,1.0,1.0,1.0,1.0862976e-07,0.0037358284610972455,0.01795271485355127,0.9935181734954961,0.9933071490757153,0.9890130573694068
231,0,1.0,1.0,1.0,1.0,1.0,1.0,1.0,1.0851504e-11,0.004972772989591818,0.018039816699357135,0.9992147424472545,0.9933071490757153,0.9890130573694068
232,0,1.0,1.0,1.0,1.0,1.0,1.0,1.0,2.108006e-12,0.004762871232493915,0.018019497810107067,0.9983889404453765,0.9933071490757153,0.9890130573694068
233,0,1.0,1.0,1.0,1.0,1.0,1.0,1.0,1.0165376e-13,0.003508559566243698,0.018009255483948487,0.9995516438075235,0.9933071490757153,0.9890130573694068
234,1,1.0,1.0,1.0,1.0,0.0,0.0,1.0,1.0,0.5023488383905677,0.4885038034481147,0.9171058313760776,0.9933071490757153,0.9890130573694068
235,1,1.0,1.0,1.0,1.0,1.0,1.0,1.0,0.9999999,0.9999999773900207,0.9588976121228956,0.9084862890809267,0.9933071490757153,0.9890130573694068
236,1,1.0,1.0,1.0,1.0,1.0,1.0,1.0,1.0,0.9999999951668942,0.958992732262695,0.9994834206802832,0.9933071490757153,0.9890130573694068
237,1,1.0,1.0,1.0,1.0,1.0,1.0,1.0,0.99991333,0.9999999906979551,0.9588866772118909,0.8393939255839389,0.9933071490757153,0.9890130573694068
238,1,1.0,1.0,1.0,1.0,1.0,1.0,1.0,1.0,0.999999986425525,0.9589058485860176,0.9991079571042251,0.9933071490757153,0.9890130573694068
239,1,1.0,1.0,1.0,1.0,1.0,1.0,1.0,1.0,0.9999999790002158,0.9588456935159465,0.9984813614304807,0.9933071490757153,0.9890130573694068
240,1,1.0,1.0,1.0,1.0,1.0,1.0,1.0,0.9999999,0.9999999924704033,0.9588424802752085,0.9914744526171666,0.9933071490757153,0.9890130573694068
241,1,1.0,1.0,1.0,1.0,1.0,1.0,1.0,0.9999602,0.9999999698480705,0.9588906788871719,0.9960379116227772,0.9933071490757153,0.9890130573694068
242,1,1.0,1.0,1.0,1.0,1.0,1.0,1.0,0.99999964,0.9999999909296136,0.9588037616719042,0.9755829287641155,0.9933071490757153,0.9890130573694068
243,1,1.0,1.0,1.0,1.0,1.0,1.0,1.0,1.0,0.9999999432076196,0.9589197695718065,0.9982457461874501,0.9933071490757153,0.9890130573694068
244,1,1.0,1.0,1.0,1.0,1.0,1.0,1.0,1.0,0.9999999905678809,0.9587809457558684,0.9345542719332387,0.9933071490757153,0.9890130573694068
245,1,1.0,1.0,1.0,1.0,1.0,1.0,1.0,0.99999106,0.9999999698648673,0.9589594703111252,0.9989421512251961,0.9933071490757153,0.9890130573694068
246,1,1.0,1.0,1.0,1.0,1.0,1.0,1.0,1.0,0.9999999112113394,0.9589810030021398,0.5466134916662526,0.9933071490757153,0.9890130573694068
247,1,1.0,1.0,1.0,1.0,1.0,1.0,1.0,1.0,0.9998557443460936,0.9589926472122043,0.9947851984725514,0.9933071490757153,0.9890130573694068
248,1,1.0,1.0,1.0,1.0,1.0,1.0,1.0,1.0,0.9992190742125501,0.9588633855461931,0.9618600256194876,0.9933071490757153,0.9890130573694068
249,1,1.0,1.0,1.0,1.0,1.0,1.0,1.0,1.0,0.9995752973264724,0.9589267800547374,0.9989937828018298,0.9933071490757153,0.9890130573694068
250,1,1.0,1.0,1.0,1.0,1.0,1.0,1.0,0.95389265,0.9999998980293624,0.9588610210728206,0.9511334193575761,0.9933071490757153,0.9890130573694068
251,1,1.0,1.0,1.0,1.0,1.0,1.0,1.0,1.0,0.9999999299624461,0.9589011146799218,0.9944290580531371,0.9933071490757153,0.9890130573694068
252,1,1.0,1.0,1.0,1.0,1.0,1.0,1.0,0.9999902,0.9999999498212067,0.9589172497807862,0.9578681363204652,0.9933071490757153,0.9890130573694068
253,1,1.0,1.0,1.0,1.0,1.0,1.0,1.0,1.0,0.9999998650481705,0.9589178808828128,0.999194102436068,0.9933071490757153,0.9890130573694068
254,1,1.0,1.0,1.0,1.0,1.0,1.0,1.0,1.0,0.999999660141255,0.9588992895816535,0.9997253622412869,0.9933071490757153,0.9890130573694068
255,1,1.0,1.0,1.0,1.0,1.0,1.0,1.0,0.99454486,0.9999481066196108,0.9590007394989962,0.9997480724521922,0.9933071490757153,0.9890130573694068
256,1,1.0,1.0,1.0,1.0,1.0,1.0,1.0,1.0,0.9999997883274513,0.9589311726351252,0.9679310901720676,0.9933071490757153,0.9890130573694068
257,1,1.0,1.0,1.0,1.0,1.0,1.0,1.0,1.0,0.9999999490341854,0.9589859594877034,0.9953335183259194,0.9933071490757153,0.9890130573694068
258,1,1.0,1.0,1.0,1.0,1.0,1.0,1.0,0.9996414,0.9999991224151071,0.9588495564620189,0.9920386398102135,0.9933071490757153,0.9890130573694068
259,1,1.0,1.0,1.0,1.0,1.0,1.0,1.0,0.9998722,0.9999369461486859,0.9588880573858364,0.8600751005582272,0.9933071490757153,0.9890130573694068
260,1,1.0,1.0,1.0,1.0,1.0,1.0,1.0,1.0,0.9999993636497349,0.9588853436129199,0.9994834206802832,0.9933071490757153,0.9890130573694068
261,1,1.0,1.0,1.0,1.0,1.0,1.0,1.0,1.0,0.9999994129078841,0.9589027499790216,0.9297786559752929,0.9933071490757153,0.9890130573694068
262,1,1.0,1.0,1.0,1.0,1.0,1.0,1.0,1.0,0.9992311026087796,0.9588729745723439,0.997978840729392,0.9933071490757153,0.9890130573694068
263,1,1.0,1.0,1.0,1.0,1.0,1.0,1.0,1.0,0.9980664408205218,0.9589821530637789,0.9257418455663027,0.9933071490757153,0.9890130573694068
264,1,1.0,1.0,1.0,1.0,1.0,1.0,1.0,1.0,0.9973319972383495,0.9589373651773003,0.7966613487241977,0.9933071490757153,0.9890130573694068
265,1,1.0,1.0,1.0,1.0,1.0,1.0,1.0,1.0,0.998868907659821,0.95896373147373,0.9982457461874501,0.9933071490757153,0.9890130573694068
266,1,1.0,1.0,1.0,1.0,1.0,1.0,1.0,1.0,0.9999995573274799,0.9589270747543275,0.9993035162362859,0.9933071490757153,0.9890130573694068
267,1,1.0,1.0,1.0,1.0,1.0,1.0,1.0,1.0,0.999999163382506,0.9588735269494075,0.9985337371222517,0.9933071490757153,0.9890130573694068
268,1,1.0,1.0,1.0,1.0,1.0,1.0,1.0,0.99955505,0.9986197500684479,0.9589655364360337,0.9942653234546648,0.9933071490757153,0.9890130573694068
269,1,1.0,1.0,1.0,1.0,1.0,1.0,1.0,1.0,0.9988914767453257,0.9588627488410506,0.984560492979323,0.9933071490757153,0.9890130573694068
270,1,1.0,1.0,1.0,1.0,1.0,1.0,1.0,0.9999969,0.9991043245275464,0.958926055940956,0.9978105983588726,0.9933071490757153,0.9890130573694068
271,1,1.0,1.0,1.0,1.0,1.0,1.0,1.0,1.0,0.9986935152884515,0.9589530340815267,0.9846660731489878,0.9933071490757153,0.9890130573694068
272,1,1.0,1.0,1.0,1.0,1.0,1.0,1.0,1.0,0.9990817163763835,0.958909153173143,0.9826271149828205,0.9933071490757153,0.9890130573694068
273,1,1.0,1.0,1.0,1.0,1.0,1.0,1.0,1.0,0.999343988650568,0.9588691651207925,0.9906978050092029,0.9933071490757153,0.9890130573694068
274,1,1.0,1.0,1.0,1.0,1.0,1.0,1.0,1.0,0.9997851821753895,0.9590271529620364,0.9458641055920962,0.9933071490757153,0.9890130573694068
275,1,1.0,1.0,1.0,1.0,1.0,1.0,1.0,1.0,0.9998417963548206,0.9589602732259067,0.9905723158815847,0.9933071490757153,0.9890130573694068
276,1,1.0,1.0,1.0,1.0,1.0,1.0,1.0,1.0,0.9998344320538268,0.9588654671164619,0.9969542583411319,0.9933071490757153,0.9890130573694068
277,1,1.0,1.0,1.0,1.0,1.0,1.0,1.0,1.0,0.9991525391816587,0.9590153865222274,0.9992979134407941,0.9933071490757153,0.9890130573694068
278,1,1.0,1.0,1.0,1.0,1.0,1.0,1.0,1.0,0.9996211403452274,0.95887949126478,0.9995567552873014,0.9933071490757153,0.9890130573694068
279,1,1.0,1.0,1.0,1.0,1.0,1.0,1.0,1.0,0.9994717790974155,0.958858424907683,0.9981883038982182,0.9933071490757153,0.9890130573694068
280,1,1.0,1.0,1.0,1.0,1.0,1.0,1.0,0.99999106,0.9941208312904756,0.9587699040309859,0.9989421512251961,0.9933071490757153,0.9890130573694068
281,1,1.0,1.0,1.0,1.0,1.0,1.0,1.0,0.80314577,0.992486424869874,0.9589938226213753,0.999449674780253,0.9933071490757153,0.9890130573694068
282,1,1.0,1.0,1.0,1.0,1.0,1.0,1.0,0.9999999,0.9963753969743886,0.9588594353162083,0.966659758110352,0.9933071490757153,0.9890130573694068
283,1,1.0,1.0,1.0,1.0,1.0,1.0,1.0,1.0,0.9993793525496163,0.9589190466086575,0.9994110274828056,0.9933071490757153,0.9890130573694068
284,1,1.0,1.0,1.0,1.0,1.0,1.0,1.0,0.9999999,0.9994881099532665,0.9588515027859773,0.852413884025049,0.9933071490757153,0.9890130573694068
285,1,1.0,1.0,1.0,1.0,1.0,1.0,1.0,1.0,0.9985596260863404,0.9588640068413038,0.998599409514803,0.9933071490757153,0.9890130573694068
286,1,1.0,1.0,1.0,1.0,1.0,1.0,1.0,0.99992836,0.9987521746372655,0.9589031751100487,0.9898997206910567,0.9933071490757153,0.9890130573694068
287,1,1.0,1.0,1.0,1.0,1.0,1.0,1.0,0.9999999,0.9998310497501509,0.959040935690208,0.9957479829237773,0.9933071490757153,0.9890130573694068
288,1,1.0,0.8666666666666667,1.0,1.0,1.0,1.0,1.0,0.9766892,0.9762414914324412,0.8333781879162431,0.6465686622001037,0.9933071490757153,0.9890130573694068
289,0,1.0,0.8,1.0,1.0,1.0,1.0,1.0,2.4379879e-05,0.24459774017045294,0.01799952610403032,0.863349830276401,0.9933071490757153,0.9890130573694068
290,0,1.0,1.0,1.0,1.0,1.0,1.0,1.0,1.0258411e-07,0.008601716489251243,0.018027993223493244,0.9970533000786896,0.9933071490757153,0.9890130573694068
291,0,1.0,1.0,1.0,1.0,1.0,1.0,1.0,2.4301016e-06,0.004245275546508451,0.0179791801524581,0.9961463599465963,0.9933071490757153,0.9890130573694068
292,0,1.0,1.0,1.0,1.0,1.0,1.0,1.0,1.3295123e-09,0.004555597069896809,0.01798782980408544,0.9985441466156771,0.9933071490757153,0.9890130573694068
293,0,1.0,1.0,1.0,1.0,1.0,1.0,1.0,4.8821308e-17,0.0036309436109828717,0.01800512615650647,0.9593399269717451,0.9933071490757153,0.9890130573694068
294,0,1.0,1.0,1.0,1.0,1.0,1.0,1.0,1.1035179e-07,0.0048425029781192334,0.017968160503311407,0.9969731339330915,0.9933071490757153,0.9890130573694068
295,0,1.0,1.0,1.0,1.0,1.0,1.0,1.0,2.8999166e-05,0.004460788946632077,0.01795734108455648,0.9920490995502376,0.9933071490757153,0.9890130573694068
296,0,1.0,1.0,1.0,1.0,1.0,1.0,1.0,7.380884e-08,0.003959741833101099,0.017993442445031538,0.9886473111650002,0.9933071490757153,0.9890130573694068
297,0,1.0,1.0,1.0,1.0,1.0,1.0,1.0,4.8255037e-12,0.003733746931897135,0.01797687752187504,0.9318476742126298,0.9933071490757153,0.9890130573694068
298,0,1.0,1.0,1.0,1.0,1.0,1.0,1.0,1.0543424e-08,0.0038472086996875635,0.017948342542683373,0.9949934226251576,0.9933071490757153,0.9890130573694068
299,0,1.0,1.0,1.0,1.0,1.0,1.0,1.0,5.5378496e-05,0.004198702577779,0.017963767118547122,0.9976376667735086,0.9933071490757153,0.9890130573694068
300,0,1.0,1.0,1.0,1.0,1.0,1.0,1.0,3.0679123e-17,0.004563824290169588,0.017982361020787464,0.9919398476932637,0.9933071490757153,0.9890130573694068
301,0,1.0,1.0,1.0,1.0,1.0,1.0,1.0,4.0856668e-07,0.0038359194879215614,0.017988296239076305,0.9928535386723693,0.9933071490757153,0.9890130573694068
302,0,1.0,1.0,1.0,1.0,1.0,1.0,1.0,0.00013813167,0.005255658130370041,0.017981200700936274,0.9974326733342453,0.9933071490757153,0.9890130573694068
303,0,1.0,1.0,1.0,1.0,1.0,1.0,1.0,1.4307537e-05,0.004576023332508885,0.01795300907815205,0.9987111929265794,0.9933071490757153,0.9890130573694068
304,0,1.0,1.0,1.0,1.0,1.0,1.0,1.0,6.227813e-15,0.004257318266904915,0.01799330838237401,0.9133346829817629,0.9933071490757153,0.9890130573694068
305,0,1.0,1.0,1.0,1.0,1.0,0.0,1.0,0.42593375,0.003553371212119951,0.018016917163362397,0.9931210314821951,0.9933071490757153,0.9890130573694068
306,0,1.0,1.0,1.0,1.0,1.0,1.0,1.0,8.909496e-13,0.005113538610039375,0.01800508148339019,0.981252978949953,0.9933071490757153,0.9890130573694068
307,0,1.0,1.0,1.0,1.0,1.0,1.0,1.0,4.085231e-13,0.004155866827423969,0.017906579357505288,0.9999223932578034,0.9933071490757153,0.9890130573694068
308,0,1.0,1.0,1.0,1.0,1.0,1.0,1.0,4.2328e-06,0.005440512371718698,0.018001569361000787,0.9984334133844369,0.9933071490757153,0.9890130573694068
309,0,1.0,1.0,1.0,1.0,1.0,1.0,1.0,1.0513475e-13,0.004142352732917078,0.017976031947412364,0.9994640128271319,0.9933071490757153,0.9890130573694068
310,0,1.0,1.0,1.0,1.0,1.0,1.0,1.0,5.383976e-09,0.0035281741410716234,0.017963470148345075,0.9993759658298081,0.9933071490757153,0.9890130573694068
311,0,1.0,1.0,1.0,1.0,1.0,1.0,1.0,1.9670467e-06,0.005846120916822558,0.01799803975136687,0.9759356123180939,0.9933071490757153,0.9890130573694068
312,0,1.0,1.0,1.0,1.0,1.0,1.0,1.0,9.888502e-06,0.004122483839665387,0.017974905828928474,0.9973507258790368,0.9933071490757153,0.9890130573694068
313,0,1.0,1.0,1.0,1.0,1.0,1.0,1.0,3.831189e-05,0.004032605636582994,0.01800059700632829,0.9990041158210491,0.9933071490757153,0.9890130573694068
314,0,1.0,1.0,1.0,1.0,1.0,1.0,1.0,3.068946e-11,0.0035932555974888414,0.0179865675377897,0.9967164665155642,0.9933071490757153,0.9890130573694068
315,0,1.0,1.0,1.0,1.0,1.0,1.0,1.0,1.4317875e-10,0.0035499953083350175,0.01802032930568633,0.9971805814612413,0.9933071490757153,0.9890130573694068
316,0,1.0,1.0,1.0,1.0,1.0,1.0,1.0,3.1965326e-09,0.005363933588051325,0.01802560096700727,0.9973941917935559,0.9933071490757153,0.9890130573694068
317,0,1.0,1.0,1.0,1.0,1.0,1.0,1.0,0.01272344,0.004099275245633231,0.017937454614698485,0.9967243756540695,0.9933071490757153,0.9890130573694068
318,0,1.0,1.0,1.0,1.0,0.0,1.0,1.0,0.0001164528,0.25506017855472674,0.2521346079766842,0.9948489871503855,0.9933071490757153,0.9890130573694068
319,1,1.0,1.0,1.0,1.0,1.0,1.0,1.0,0.923362,0.99999999999997,0.9545307889094778,0.9826494727234164,0.9933071490757153,0.9890130573694068
320,1,1.0,1.0,1.0,1.0,1.0,1.0,1.0,0.99999917,0.99999999999997,0.9546404522230202,0.9102417861427361,0.9933071490757153,0.9890130573694068
321,1,0.0,1.0,1.0,1.0,0.0,0.0,1.0,0.2371935,0.99999999999997,0.9545668648782913,0.7946938322306907,0.9933071490757153,0.9890130573694068
322,1,1.0,1.0,1.0,1.0,1.0,1.0,1.0,1.0,0.99999999999997,0.9545489817019235,0.9982457461874501,0.9933071490757153,0.9890130573694068
323,1,1.0,1.0,1.0,1.0,1.0,1.0,1.0,0.9999999,0.99999999999997,0.9544896420076153,0.9826766124646865,0.9933071490757153,0.9890130573694068
324,1,1.0,1.0,1.0,1.0,1.0,1.0,1.0,1.0,0.99999999999997,0.9546082572034273,0.9992963958303197,0.9933071490757153,0.9890130573694068
325,1,1.0,1.0,1.0,1.0,1.0,1.0,1.0,1.0,0.99999999999997,0.9544783223068383,0.872706173862437,0.9933071490757153,0.9890130573694068
326,1,1.0,1.0,1.0,1.0,1.0,1.0,1.0,1.0,0.99999999999997,0.9546163392231126,0.9975318705174454,0.9933071490757153,0.9890130573694068
327,0,1.0,0.95,1.0,1.0,0.0,0.0,1.0,6.289429e-09,0.571152895863833,0.4550286392234458,0.9792063134488156,0.9933071490757153,0.9890130573694068
328,1,1.0,1.0,1.0,1.0,1.0,1.0,1.0,1.0,0.9188406780310495,0.8814244639087221,0.9905723158815847,0.9933071490757153,0.9890130573694068
329,1,1.0,1.0,1.0,1.0,1.0,1.0,1.0,1.0,0.99999999999997,0.9598705992278471,0.9954269587635926,0.9933071490757153,0.9890130573694068
330,1,1.0,1.0,1.0,1.0,1.0,1.0,1.0,0.9999349,0.99999999999997,0.959937545602174,0.9934926994305548,0.9933071490757153,0.9890130573694068
331,1,1.0,1.0,1.0,1.0,1.0,1.0,1.0,1.0,0.99999999999997,0.9598430394982064,0.9216035218540595,0.9933071490757153,0.9890130573694068
332,1,1.0,1.0,1.0,1.0,1.0,1.0,1.0,1.0,0.99999999999997,0.9598903077199481,0.9840058403226386,0.9933071490757153,0.9890130573694068
333,1,1.0,1.0,1.0,1.0,1.0,1.0,1.0,1.0,0.99999999999997,0.9598290646550951,0.9989735944255377,0.9933071490757153,0.9890130573694068
334,1,1.0,1.0,1.0,1.0,1.0,1.0,1.0,0.9999999,0.99999999999997,0.959926809494774,0.7471575579130543,0.9933071490757153,0.9890130573694068
335,1,1.0,1.0,1.0,1.0,1.0,1.0,1.0,0.9999869,0.99999999999997,0.9597446132621733,0.9747160573614366,0.9933071490757153,0.9890130573694068
336,1,1.0,1.0,1.0,1.0,1.0,1.0,1.0,0.9999727,0.99999999999997,0.959825301481232,0.990371339829106,0.9933071490757153,0.9890130573694068
337,1,1.0,1.0,1.0,1.0,1.0,1.0,1.0,0.9999349,0.99999999999997,0.9598636445814888,0.9934926994305548,0.9933071490757153,0.9890130573694068
338,1,1.0,1.0,1.0,1.0,1.0,1.0,1.0,0.9993352,0.99999999999997,0.9598048532433918,0.9748739174979452,0.9933071490757153,0.9890130573694068
339,1,1.0,1.0,1.0,1.0,1.0,1.0,1.0,0.9999988,0.99999999999997,0.959890426052222,0.9541924479326098,0.9933071490757153,0.9890130573694068
340,1,1.0,1.0,1.0,1.0,1.0,1.0,1.0,0.9997571,0.99999999999997,0.9598077870726656,0.9276566667466671,0.9933071490757153,0.9890130573694068
341,1,1.0,1.0,1.0,1.0,1.0,1.0,1.0,0.99999976,0.99999999999997,0.959859553782622,0.9998133235196397,0.9933071490757153,0.9890130573694068
342,1,1.0,1.0,1.0,1.0,1.0,1.0,1.0,1.0,0.99999999999997,0.9598870617604405,0.981556432567986,0.9933071490757153,0.9890130573694068
343,1,1.0,1.0,1.0,1.0,1.0,1.0,1.0,1.0,0.99999999999997,0.9598466419464221,0.9288603225091662,0.9933071490757153,0.9890130573694068
344,1,1.0,1.0,1.0,1.0,1.0,1.0,1.0,0.999998,0.99999999999997,0.9598638241764716,0.9827241642341763,0.9933071490757153,0.9890130573694068
345,0,1.0,0.95,1.0,1.0,1.0,1.0,1.0,0.0010618677,0.1847574511138838,0.09648169186960012,0.9969770061105049,0.9933071490757153,0.9890130573694068
346,0,1.0,1.0,1.0,1.0,1.0,1.0,1.0,3.855725e-09,0.007934798960991928,0.01797406245917954,0.9903104314858254,0.9933071490757153,0.9890130573694068
347,0,1.0,1.0,1.0,1.0,1.0,1.0,1.0,4.9658223e-07,0.0064908718305290635,0.017939681522128288,0.9977733990204705,0.9933071490757153,0.9890130573694068
348,0,1.0,1.0,1.0,1.0,1.0,1.0,1.0,2.0944259e-10,0.003557364401831075,0.018001501344180663,0.8332067976139917,0.9933071490757153,0.9890130573694068
349,0,1.0,1.0,1.0,1.0,1.0,1.0,1.0,3.3853186e-07,0.004300278607464834,0.017992313665440043,0.9966218172355377,0.9933071490757153,0.9890130573694068
350,0,1.0,1.0,1.0,1.0,1.0,1.0,1.0,2.3548158e-07,0.003588556721806455,0.017963037656027577,0.9978165990734699,0.9933071490757153,0.9890130573694068
351,0,1.0,1.0,1.0,1.0,1.0,1.0,1.0,3.196685e-09,0.004771236089734472,0.017996571646074953,0.9270813694195108,0.9933071490757153,0.9890130573694068
352,0,1.0,1.0,1.0,1.0,1.0,1.0,1.0,1.1097868e-15,0.0032741831522594984,0.017961832772151503,0.9996586649502539,0.9933071490757153,0.9890130573694068
353,0,1.0,1.0,1.0,1.0,1.0,1.0,1.0,1.4687729e-09,0.004480669123937106,0.01794699394492964,0.9969881377123424,0.9933071490757153,0.9890130573694068
354,0,1.0,1.0,1.0,1.0,1.0,1.0,1.0,3.085406e-13,0.003420632819598512,0.017951997570425073,0.9989911372246688,0.9933071490757153,0.9890130573694068
355,0,1.0,1.0,1.0,1.0,1.0,1.0,1.0,3.5195757e-12,0.004822337921256224,0.018008146964360705,0.9975957472701144,0.9933071490757153,0.9890130573694068
356,0,1.0,1.0,1.0,1.0,1.0,1.0,1.0,3.138573e-07,0.0043869586252164965,0.017978333512152767,0.9937130408880853,0.9933071490757153,0.9890130573694068
357,0,1.0,1.0,1.0,1.0,1.0,1.0,1.0,2.9151191e-05,0.004523138020944621,0.01800129883282611,0.9990708838449314,0.9933071490757153,0.9890130573694068
358,0,1.0,1.0,1.0,1.0,1.0,1.0,1.0,0.00033703377,0.004863860043010848,0.018030870960315852,0.9905013243873065,0.9933071490757153,0.9890130573694068
359,0,1.0,1.0,1.0,1.0,1.0,1.0,1.0,4.0963247e-10,0.004968514120636808,0.017968872360083574,0.8684726600743855,0.9933071490757153,0.9890130573694068
360,0,1.0,1.0,1.0,1.0,1.0,1.0,1.0,0.24527542,0.0034880357203284956,0.01795968754267041,0.9979863748500524,0.9933071490757153,0.9890130573694068
361,0,1.0,1.0,1.0,1.0,1.0,1.0,1.0,0.09122608,0.003958004900574442,0.017979058326628657,0.9924404130970857,0.9933071490757153,0.9890130573694068
362,0,1.0,1.0,1.0,1.0,1.0,1.0,1.0,0.00047547824,0.0031232165424149084,0.01797571915038357,0.9977339102976552,0.9933071490757153,0.9890130573694068
363,0,1.0,1.0,1.0,1.0,1.0,1.0,1.0,2.3204262e-08,0.0041461681207650035,0.01803842748675608,0.9978039400938223,0.9933071490757153,0.9890130573694068
364,0,1.0,1.0,1.0,1.0,1.0,1.0,1.0,4.6237356e-10,0.0036573775728008973,0.017971700734179683,0.9935331540937254,0.9933071490757153,0.9890130573694068
365,0,1.0,1.0,1.0,1.0,1.0,1.0,1.0,0.00011751432,0.005518931182797482,0.017943897514283564,0.998012803103385,0.9933071490757153,0.9890130573694068
366,0,1.0,1.0,1.0,1.0,1.0,1.0,1.0,0.001928028,0.004446163736780918,0.018050907134150022,0.9975986946513583,0.9933071490757153,0.9890130573694068
367,0,1.0,1.0,1.0,1.0,1.0,1.0,1.0,0.032937296,0.003977232532228306,0.01795563462919036,0.9998526839536236,0.9933071490757153,0.9890130573694068
368,0,1.0,1.0,1.0,1.0,1.0,1.0,1.0,8.8561434e-13,0.0034312702164907573,0.01796407523172134,0.9999781112706614,0.9933071490757153,0.9890130573694068
369,0,1.0,1.0,1.0,1.0,1.0,1.0,1.0,1.9807396e-14,0.0032532201612747694,0.017999566162080524,0.9994087147492192,0.9933071490757153,0.9890130573694068
370,0,1.0,1.0,1.0,1.0,1.0,1.0,1.0,0.096913636,0.003513116734045371,0.01797266135830438,0.989894714351425,0.9933071490757153,0.9890130573694068
371,0,1.0,1.0,1.0,1.0,1.0,1.0,1.0,1.2570186e-07,0.0054062480085719285,0.018028984999292636,0.9996466658028242,0.9933071490757153,0.9890130573694068
372,0,1.0,1.0,1.0,1.0,1.0,1.0,1.0,5.525025e-11,0.004638433158175459,0.017973175644006543,0.9989143395729794,0.9933071490757153,0.9890130573694068
373,0,1.0,1.0,1.0,1.0,1.0,1.0,1.0,9.944789e-11,0.004298909732319129,0.01800195774089873,0.9992058975510171,0.9933071490757153,0.9890130573694068
374,0,1.0,1.0,1.0,1.0,1.0,1.0,1.0,7.284352e-09,0.0038687984809557072,0.017951768570312502,0.9987508395018768,0.9933071490757153,0.9890130573694068
375,0,1.0,1.0,1.0,1.0,1.0,1.0,1.0,4.6428923e-11,0.0036023649288483184,0.017990789946837806,0.9991303797955724,0.9933071490757153,0.9890130573694068
376,0,1.0,1.0,1.0,1.0,1.0,0.0,1.0,0.37659,0.003638175108516259,0.017953372800831553,0.9988807379930776,0.9933071490757153,0.9890130573694068
377,0,1.0,1.0,1.0,1.0,1.0,1.0,1.0,2.901998e-22,0.004042945691066837,0.017949329143101777,0.9999812808719262,0.9933071490757153,0.9890130573694068
378,0,1.0,1.0,1.0,1.0,1.0,1.0,1.0,5.4661296e-14,0.003348901724309085,0.01796124737247294,0.9988443618380373,0.9933071490757153,0.9890130573694068
379,0,1.0,1.0,1.0,1.0,1.0,1.0,1.0,4.3558226e-05,0.004262336031341015,0.017981450624796447,0.9982774650137634,0.9933071490757153,0.9890130573694068
380,1,1.0,1.0,1.0,1.0,0.0,0.0,1.0,0.99999964,0.6513449259042741,0.6302303280438718,0.9496261891118785,0.9933071490757153,0.9890130573694068
381,1,1.0,1.0,1.0,1.0,1.0,1.0,1.0,1.0,0.9999999996682066,0.9599784898436563,0.9989839903766677,0.9933071490757153,0.9890130573694068
382,1,1.0,1.0,1.0,1.0,1.0,1.0,1.0,1.0,0.999999999938549,0.9599557146653321,0.9967337359341227,0.9933071490757153,0.9890130573694068
383,1,1.0,1.0,1.0,1.0,1.0,1.0,1.0,0.9999993,0.9999999999674641,0.9600164855467652,0.9968474743923036,0.9933071490757153,0.9890130573694068
384,1,1.0,1.0,1.0,1.0,1.0,1.0,1.0,0.99992156,0.9999999999589242,0.9600272547119703,0.9991567569816014,0.9933071490757153,0.9890130573694068
385,1,1.0,1.0,1.0,1.0,1.0,1.0,1.0,1.0,0.9999999998226595,0.9600304063729114,0.988057215910219,0.9933071490757153,0.9890130573694068
386,1,1.0,1.0,1.0,1.0,1.0,1.0,1.0,1.0,0.9999999986287249,0.9600264251285201,0.7783637834582099,0.9933071490757153,0.9890130573694068
387,1,1.0,1.0,1.0,1.0,1.0,1.0,1.0,1.0,0.9999999972377095,0.9600253287155504,0.9442088087453052,0.9933071490757153,0.9890130573694068
388,1,1.0,1.0,1.0,1.0,1.0,1.0,1.0,1.0,0.9999999825762647,0.9598783902662623,0.5845262444692684,0.9933071490757153,0.9890130573694068
389,1,1.0,1.0,1.0,1.0,1.0,1.0,1.0,1.0,0.9999999985250001,0.9599167011566758,0.9849401474637541,0.9933071490757153,0.9890130573694068
390,1,1.0,1.0,1.0,1.0,1.0,1.0,1.0,0.9999999,0.9999999993334066,0.9598999755488165,0.99809579642152,0.9933071490757153,0.9890130573694068
391,1,1.0,1.0,1.0,1.0,1.0,1.0,1.0,1.0,0.9999999954477345,0.9598980765685277,0.9830470668189278,0.9933071490757153,0.9890130573694068
392,1,1.0,1.0,1.0,1.0,1.0,1.0,1.0,1.0,0.9999999984717884,0.9599363339813751,0.9954328690064986,0.9933071490757153,0.9890130573694068
393,1,1.0,1.0,1.0,1.0,1.0,1.0,1.0,1.0,0.9999999868043861,0.959882663466577,0.884208301577366,0.9933071490757153,0.9890130573694068
394,1,1.0,1.0,1.0,1.0,1.0,1.0,1.0,1.0,0.9996897155905029,0.9599905839624687,0.995705972815073,0.9933071490757153,0.9890130573694068
395,1,1.0,1.0,1.0,1.0,1.0,1.0,1.0,1.0,0.9999994602437986,0.959935529290494,0.9964337157632774,0.9933071490757153,0.9890130573694068
396,1,1.0,1.0,1.0,1.0,1.0,1.0,1.0,1.0,0.9999997938120048,0.9599101074845292,0.9652220106261205,0.9933071490757153,0.9890130573694068
397,1,1.0,1.0,1.0,1.0,1.0,1.0,1.0,1.0,0.9999999338546647,0.9599764849164761,0.8529754877758552,0.9933071490757153,0.9890130573694068
398,1,1.0,1.0,1.0,1.0,1.0,1.0,1.0,1.0,0.9999553955029956,0.9598878440715934,0.9974721539597273,0.9933071490757153,0.9890130573694068
399,1,1.0,1.0,1.0,1.0,1.0,1.0,1.0,0.9999999,0.999488762230927,0.9599273772159566,0.9579709488562166,0.9933071490757153,0.9890130573694068
400,1,1.0,1.0,1.0,1.0,1.0,1.0,1.0,1.0,0.9990270056879105,0.9598535153642659,0.9298605208520094,0.9933071490757153,0.9890130573694068
401,1,1.0,1.0,1.0,1.0,1.0,1.0,1.0,0.99924254,0.986942459173828,0.9600145340915802,0.9985192374703561,0.9933071490757153,0.9890130573694068
402,1,1.0,1.0,1.0,1.0,1.0,1.0,1.0,1.0,0.9782995452223044,0.9598874325782406,0.9941707942346706,0.9933071490757153,0.9890130573694068
403,1,1.0,1.0,1.0,1.0,1.0,1.0,1.0,1.0,0.9694075929359465,0.9599397627425608,0.9345542719332387,0.9933071490757153,0.9890130573694068
404,1,1.0,1.0,1.0,1.0,1.0,1.0,1.0,1.0,0.9361471111688476,0.9599388816251796,0.943181879648438,0.9933071490757153,0.9890130573694068
405,1,1.0,0.9833333333333333,1.0,1.0,1.0,1.0,1.0,1.0,0.9000285063804995,0.8888073189600764,0.9944290580531371,0.9933071490757153,0.9890130573694068
406,1,1.0,1.0,1.0,1.0,1.0,1.0,1.0,0.9999428,0.999999998485094,0.9753674905932823,0.9635043086147345,0.9933071490757153,0.9890130573694068
407,1,1.0,1.0,1.0,1.0,1.0,1.0,1.0,0.9999999,0.9999999954257339,0.9754265783101715,0.9989009328289613,0.9933071490757153,0.9890130573694068
408,1,1.0,1.0,1.0,1.0,1.0,1.0,1.0,0.99999964,0.9999999992749693,0.9753712193767173,0.5532423975531677,0.9933071490757153,0.9890130573694068
409,1,1.0,1.0,1.0,1.0,1.0,1.0,1.0,1.0,0.9999999995956793,0.9752896268617053,0.9961883674697057,0.9933071490757153,0.9890130573694068
410,1,1.0,1.0,1.0,1.0,1.0,1.0,1.0,1.0,0.9999999995126246,0.9753888784830662,0.9503783446684738,0.9933071490757153,0.9890130573694068
411,1,1.0,1.0,1.0,1.0,1.0,1.0,1.0,1.0,0.9999999996785043,0.9753456882902155,0.9558620081271904,0.9933071490757153,0.9890130573694068
412,1,1.0,1.0,1.0,1.0,1.0,1.0,1.0,1.0,0.9999999990268785,0.9753953102726656,0.9074013470719665,0.9933071490757153,0.9890130573694068
413,0,1.0,1.0,1.0,1.0,1.0,1.0,1.0,2.5509136e-10,0.25186716791379027,0.21708727487038665,0.9910057766762222,0.9933071490757153,0.9890130573694068
414,0,1.0,1.0,1.0,1.0,1.0,1.0,1.0,5.9656127e-13,0.006489804351660111,0.017996908922517343,0.9437431533043366,0.9933071490757153,0.9890130573694068
415,0,1.0,1.0,1.0,1.0,1.0,1.0,1.0,2.5177649e-06,0.004489016818771245,0.0179930412968252,0.9985912499119581,0.9933071490757153,0.9890130573694068
416,0,1.0,1.0,1.0,1.0,1.0,1.0,1.0,3.2335362e-15,0.004295248539214468,0.01802392509069532,0.7195825432031142,0.9933071490757153,0.9890130573694068
417,0,1.0,1.0,1.0,1.0,1.0,1.0,1.0,1.4360986e-09,0.004468571462937557,0.018006771431160758,0.9422837578708942,0.9933071490757153,0.9890130573694068
418,0,0.0,1.0,1.0,1.0,0.0,0.0,1.0,0.55502546,0.004461652854446702,0.01793317489862355,0.9946368571132507,0.9933071490757153,0.9890130573694068
419,0,1.0,1.0,1.0,1.0,1.0,1.0,1.0,3.6301152e-08,0.006368051652771915,0.017932255266623495,0.9424302595483413,0.9933071490757153,0.9890130573694068
420,0,1.0,1.0,1.0,1.0,1.0,1.0,1.0,0.00020804726,0.006083487212600518,0.017989232275957844,0.998210308010379,0.9933071490757153,0.9890130573694068
421,0,1.0,1.0,1.0,1.0,1.0,1.0,1.0,2.0425522e-13,0.004928159072538929,0.018014751226734734,0.9997014326406021,0.9933071490757153,0.9890130573694068
422,0,1.0,1.0,1.0,1.0,1.0,1.0,1.0,3.0698664e-06,0.006631482682378162,0.017962463811310215,0.997937206137918,0.9933071490757153,0.9890130573694068
423,0,1.0,1.0,1.0,1.0,1.0,1.0,1.0,5.485361e-09,0.004719523280619498,0.018042242827942697,0.9993503165052193,0.9933071490757153,0.9890130573694068
424,0,1.0,1.0,1.0,1.0,1.0,1.0,1.0,8.3994045e-18,0.00473820557093583,0.018014581184179482,0.9999719654257632,0.9933071490757153,0.9890130573694068
425,0,1.0,1.0,1.0,1.0,1.0,1.0,1.0,1.9635571e-10,0.004440635592908146,0.01798242822626106,0.9703263100300736,0.9933071490757153,0.9890130573694068
426,0,1.0,1.0,1.0,1.0,1.0,1.0,1.0,2.2862873e-11,0.004119674861122206,0.017969551617249578,0.9981243980711986,0.9933071490757153,0.9890130573694068
427,0,1.0,1.0,1.0,1.0,1.0,1.0,1.0,1.0409393e-14,0.003228310068504789,0.017988556450537836,0.9991572321546921,0.9933071490757153,0.9890130573694068
428,0,1.0,1.0,1.0,1.0,1.0,1.0,1.0,5.922049e-08,0.00443900153384159,0.018003092453418128,0.9973889178735765,0.9933071490757153,0.9890130573694068
429,0,1.0,1.0,1.0,1.0,1.0,1.0,1.0,1.06342976e-10,0.005347696392875771,0.01802675901185502,0.9944616136471149,0.9933071490757153,0.9890130573694068
430,0,1.0,1.0,1.0,1.0,1.0,1.0,1.0,2.6561738e-06,0.005027829708219147,0.018021498942562112,0.9902182741672196,0.9933071490757153,0.9890130573694068
431,0,1.0,1.0,1.0,1.0,1.0,1.0,1.0,2.5229213e-14,0.00371802836860717,0.018041467507950458,0.9002653880630448,0.9933071490757153,0.9890130573694068
432,0,1.0,1.0,1.0,1.0,1.0,1.0,1.0,8.4948235e-09,0.0038613010782294847,0.017941983047400425,0.9987934981940624,0.9933071490757153,0.9890130573694068
433,0,1.0,1.0,1.0,1.0,1.0,1.0,1.0,0.00046293685,0.0037654676066742328,0.018008317231870737,0.9993599696440956,0.9933071490757153,0.9890130573694068
434,0,1.0,1.0,1.0,1.0,1.0,1.0,1.0,0.00021716973,0.0038990054956130654,0.017968306399581,0.998998045625662,0.9933071490757153,0.9890130573694068
435,0,1.0,1.0,1.0,1.0,1.0,1.0,1.0,0.033517797,0.004627772405267886,0.017963052326020964,0.995642209375246,0.9933071490757153,0.9890130573694068
436,0,1.0,1.0,1.0,1.0,1.0,1.0,1.0,1.4350312e-12,0.005697819394704268,0.017988700117252034,0.9995000491186564,0.9933071490757153,0.9890130573694068
437,0,1.0,1.0,1.0,1.0,1.0,1.0,1.0,4.7526902e-07,0.00384991147283832,0.018041814463855343,0.9984527624379841,0.9933071490757153,0.9890130573694068
438,0,1.0,1.0,1.0,1.0,1.0,1.0,1.0,6.227813e-15,0.004162303228438427,0.01797742015986107,0.9133346829817629,0.9933071490757153,0.9890130573694068
439,0,1.0,1.0,1.0,1.0,1.0,1.0,1.0,1.7823998e-08,0.003114630075155142,0.017997586277199273,0.999758336924347,0.9933071490757153,0.9890130573694068
440,0,1.0,1.0,1.0,1.0,1.0,1.0,1.0,1.075086e-12,0.005176043828128572,0.01797398449013345,0.9993666082816527,0.9933071490757153,0.9890130573694068
441,0,1.0,1.0,1.0,1.0,1.0,1.0,1.0,0.24716257,0.003546608569327104,0.01797059083715176,0.9928439216578921,0.9933071490757153,0.9890130573694068
442,0,1.0,1.0,1.0,1.0,1.0,1.0,1.0,1.1908706e-11,0.004177581112092137,0.01801107089192998,0.9474408112036444,0.9933071490757153,0.9890130573694068
443,0,1.0,1.0,1.0,1.0,1.0,1.0,1.0,2.0692324e-13,0.004204306277180584,0.017964265153822642,0.9921022026441253,0.9933071490757153,0.9890130573694068
444,0,1.0,1.0,1.0,1.0,1.0,1.0,1.0,3.268695e-08,0.004621721075776465,0.018007073455464942,0.9522030438304865,0.9933071490757153,0.9890130573694068
445,0,1.0,1.0,1.0,1.0,1.0,1.0,1.0,1.5621916e-05,0.003910305088612687,0.018002066830790718,0.9983332442881409,0.9933071490757153,0.9890130573694068
446,0,1.0,1.0,1.0,1.0,1.0,1.0,1.0,0.06558391,0.004349506239029755,0.01800303212360492,0.990073533540212,0.9933071490757153,0.9890130573694068
447,0,1.0,1.0,1.0,1.0,1.0,1.0,1.0,2.475194e-11,0.004038132574137176,0.017984144788800012,0.996254267068034,0.9933071490757153,0.9890130573694068
448,0,1.0,1.0,1.0,1.0,1.0,1.0,1.0,3.6301152e-08,0.0031032085290842934,0.017985937121303815,0.9424302595483413,0.9933071490757153,0.9890130573694068
449,0,1.0,1.0,1.0,1.0,1.0,1.0,1.0,4.7615655e-13,0.0054196276627122624,0.01798689853108047,0.9494406645269254,0.9933071490757153,0.9890130573694068
450,0,1.0,1.0,1.0,1.0,1.0,1.0,1.0,2.7918673e-05,0.003402241531497963,0.018034223624845455,0.9573858508439491,0.9933071490757153,0.9890130573694068
451,0,1.0,1.0,1.0,1.0,1.0,1.0,1.0,1.5235688e-10,0.0036523589594153944,0.01798770751157453,0.999908341946712,0.9933071490757153,0.9890130573694068
452,0,1.0,1.0,1.0,1.0,1.0,1.0,1.0,7.483814e-12,0.003044804105933832,0.01795001627142998,0.9999886459307127,0.9933071490757153,0.9890130573694068
453,0,1.0,1.0,1.0,1.0,1.0,1.0,1.0,6.0328983e-07,0.00501264341435842,0.017986834398234338,0.9919468359896784,0.9933071490757153,0.9890130573694068
454,0,1.0,1.0,1.0,1.0,1.0,1.0,1.0,1.8890495e-08,0.005026797473507235,0.017963774107893144,0.9882221301204265,0.9933071490757153,0.9890130573694068
455,0,1.0,1.0,1.0,1.0,1.0,1.0,1.0,1.04138466e-13,0.0030319898909641893,0.01795725659560078,0.9998615472282074,0.9933071490757153,0.9890130573694068
456,0,1.0,1.0,1.0,1.0,1.0,1.0,1.0,6.207127e-09,0.0038769439543507814,0.01803136886082146,0.9983979043863443,0.9933071490757153,0.9890130573694068
457,0,1.0,1.0,1.0,1.0,1.0,1.0,1.0,6.289164e-13,0.0049271013581762444,0.0179450214526566,0.9965475791931406,0.9933071490757153,0.9890130573694068
458,0,1.0,1.0,1.0,1.0,1.0,1.0,1.0,0.0001164528,0.004285511149904918,0.018008695142410117,0.9948489871503855,0.9933071490757153,0.9890130573694068
459,0,1.0,1.0,1.0,1.0,1.0,1.0,1.0,8.343044e-10,0.004996027768674915,0.017978089181044273,0.999167235714994,0.9933071490757153,0.9890130573694068
460,0,1.0,1.0,1.0,1.0,1.0,1.0,1.0,2.8358274e-11,0.004246178216437573,0.017940006218432874,0.9937636155053198,0.9933071490757153,0.9890130573694068
461,0,1.0,1.0,1.0,1.0,1.0,1.0,1.0,5.380775e-12,0.0035065955952777016,0.018018681736626074,0.9677303015945528,0.9933071490757153,0.9890130573694068
462,0,1.0,1.0,1.0,1.0,1.0,1.0,1.0,1.8939956e-12,0.003688939498632838,0.017984257558972934,0.951673602275095,0.9933071490757153,0.9890130573694068
463,0,1.0,1.0,1.0,1.0,1.0,1.0,1.0,2.7712568e-14,0.003717780020603272,0.017991084508967078,0.9988162952629879,0.9933071490757153,0.9890130573694068
464,1,1.0,1.0,1.0,1.0,0.0,0.0,1.0,0.9981353,0.6513955798791987,0.6229577591528624,0.9805517176845443,0.9933071490757153,0.9890130573694068
465,0,1.0,1.0,1.0,1.0,0.0,0.0,1.0,1.2769852e-05,0.48503618333752047,0.46763566589349315,0.991126415221072,0.9933071490757153,0.9890130573694068
466,0,1.0,1.0,1.0,1.0,1.0,1.0,1.0,3.4769976e-13,0.0041192677419991785,0.017973734040732915,0.8426572352672214,0.9933071490757153,0.9890130573694068
467,0,1.0,1.0,1.0,1.0,1.0,1.0,1.0,9.50011e-10,0.003847641775863283,0.017982890058223355,0.9970151797005063,0.9933071490757153,0.9890130573694068
468,0,1.0,1.0,1.0,1.0,1.0,1.0,1.0,2.580622e-06,0.003883565906456136,0.018009412503182755,0.9918415510347515,0.9933071490757153,0.9890130573694068
469,0,1.0,1.0,1.0,1.0,1.0,1.0,1.0,0.17463042,0.002715888630925661,0.017989621158694593,0.994339735728087,0.9933071490757153,0.9890130573694068
470,0,1.0,1.0,1.0,1.0,1.0,1.0,1.0,4.7685397e-08,0.0044670724321192136,0.017966106525438112,0.9945557246021917,0.9933071490757153,0.9890130573694068
471,1,0.0,1.0,1.0,1.0,0.0,0.0,1.0,0.2371935,0.9833650084270874,0.9450606666411245,0.7946938322306907,0.9933071490757153,0.9890130573694068
472,1,1.0,1.0,1.0,1.0,1.0,1.0,1.0,0.923362,0.9999999996879001,0.9608933404534526,0.9826494727234164,0.9933071490757153,0.9890130573694068
473,1,1.0,1.0,1.0,1.0,1.0,1.0,1.0,1.0,0.9999999999386814,0.960766683097018,0.9975318705174454,0.9933071490757153,0.9890130573694068
474,1,1.0,1.0,1.0,1.0,1.0,1.0,1.0,1.0,0.9999999994198497,0.9609446367663581,0.993185255462296,0.9933071490757153,0.9890130573694068
475,1,1.0,1.0,1.0,1.0,1.0,1.0,1.0,1.0,0.9999999997316428,0.9608577731026411,0.9949821581880332,0.9933071490757153,0.9890130573694068
476,1,1.0,1.0,1.0,1.0,1.0,1.0,1.0,1.0,0.9999999953268932,0.9608175557633739,0.9832106537164823,0.9933071490757153,0.9890130573694068
477,1,1.0,1.0,1.0,1.0,1.0,1.0,1.0,1.0,0.9999999993601033,0.9608210597944337,0.9995621995095887,0.9933071490757153,0.9890130573694068
478,1,1.0,1.0,1.0,1.0,1.0,1.0,1.0,1.0,0.9999999999351383,0.9608241038887121,0.9974577456488538,0.9933071490757153,0.9890130573694068
479,1,1.0,1.0,1.0,1.0,1.0,1.0,1.0,1.0,0.9999999999074689,0.9608942723634857,0.9324533088603709,0.9933071490757153,0.9890130573694068
480,1,1.0,1.0,1.0,1.0,1.0,1.0,1.0,0.9999989,0.9999999999965581,0.9608834138047772,0.9981671179996457,0.9933071490757153,0.9890130573694068
481,1,1.0,1.0,1.0,1.0,1.0,1.0,1.0,0.95600516,0.9999999999976672,0.9608787653165906,0.6634061535129593,0.9933071490757153,0.9890130573694068
482,1,1.0,1.0,1.0,1.0,1.0,1.0,1.0,1.0,0.9999999999990294,0.9609298293903713,0.9705707731371274,0.9933071490757153,0.9890130573694068
483,1,1.0,1.0,1.0,1.0,1.0,1.0,1.0,1.0,0.9999999999665524,0.9609014399179537,0.988243021970549,0.9933071490757153,0.9890130573694068
484,1,1.0,1.0,1.0,1.0,1.0,1.0,1.0,1.0,0.9999999999822189,0.9608114870887527,0.9639275543191664,0.9933071490757153,0.9890130573694068
485,1,1.0,1.0,1.0,1.0,1.0,1.0,1.0,0.9999974,0.9999999999777324,0.9608562894832614,0.9941427637548189,0.9933071490757153,0.9890130573694068
486,1,1.0,1.0,1.0,1.0,1.0,1.0,1.0,1.0,0.9999999995519253,0.9608999101191279,0.5845262444692684,0.9933071490757153,0.9890130573694068
487,1,1.0,1.0,1.0,1.0,1.0,1.0,1.0,1.0,0.9999999998779536,0.9609375351263109,0.9993923356654477,0.9933071490757153,0.9890130573694068
488,1,1.0,1.0,1.0,1.0,1.0,1.0,1.0,1.0,0.999999999812605,0.9609551254857883,0.8072482763468041,0.9933071490757153,0.9890130573694068
489,1,1.0,1.0,1.0,1.0,1.0,1.0,1.0,0.99999976,0.9999999996819248,0.96088094633722,0.9998133235196397,0.9933071490757153,0.9890130573694068
490,1,1.0,1.0,1.0,1.0,1.0,1.0,1.0,0.98029023,0.9999999998139405,0.9608882496440799,0.999864722282681,0.9933071490757153,0.9890130573694068
491,1,1.0,1.0,1.0,1.0,1.0,1.0,1.0,1.0,0.9999999996851556,0.9607627640557077,0.9968911334926136,0.9933071490757153,0.9890130573694068
492,1,1.0,1.0,1.0,1.0,1.0,1.0,1.0,1.0,0.9999999999394524,0.9608557891804063,0.9997152191114753,0.9933071490757153,0.9890130573694068
493,1,1.0,1.0,1.0,1.0,1.0,1.0,1.0,0.999995,0.9999999992283214,0.9608510174242053,0.9993036409926831,0.9933071490757153,0.9890130573694068
494,1,1.0,1.0,1.0,1.0,1.0,1.0,1.0,1.0,0.9999999999170313,0.9607924975199751,0.9679310901720676,0.9933071490757153,0.9890130573694068
495,1,1.0,1.0,1.0,1.0,1.0,1.0,1.0,1.0,0.9999999999795364,0.9609726638334554,0.9998034681138462,0.9933071490757153,0.9890130573694068
496,1,1.0,1.0,1.0,1.0,1.0,1.0,1.0,1.0,0.9999999999447766,0.9608591100969581,0.9981883038982182,0.9933071490757153,0.9890130573694068
497,1,1.0,1.0,1.0,1.0,1.0,1.0,1.0,1.0,0.9999999939783846,0.9608199718536452,0.6180199338147758,0.9933071490757153,0.9890130573694068
498,1,1.0,1.0,1.0,1.0,1.0,1.0,1.0,0.9991246,0.9999999310902105,0.9608452094391164,0.5705662232765984,0.9933071490757153,0.9890130573694068
499,1,1.0,1.0,1.0,1.0,1.0,1.0,1.0,1.0,0.999999985337738,0.9609117773148016,0.9938736283982835,0.9933071490757153,0.9890130573694068
500,1,1.0,1.0,1.0,1.0,1.0,1.0,1.0,1.0,0.9999999912343512,0.9607992636820735,0.966803264709846,0.9933071490757153,0.9890130573694068
501,1,1.0,1.0,1.0,1.0,1.0,1.0,1.0,0.99999785,0.9999999377358739,0.9607590248844375,0.9998641474360097,0.9933071490757153,0.9890130573694068
502,1,1.0,1.0,1.0,1.0,1.0,1.0,1.0,1.0,0.9999998333685091,0.9608490446499466,0.9991952088664012,0.9933071490757153,0.9890130573694068
503,1,1.0,1.0,1.0,1.0,1.0,1.0,1.0,0.9999994,0.9999999252121656,0.9608800934995012,0.5399796203406995,0.9933071490757153,0.9890130573694068
504,1,1.0,1.0,1.0,1.0,1.0,1.0,1.0,0.9999995,0.9999999862521556,0.9608760889615128,0.9901461504579078,0.9933071490757153,0.9890130573694068
505,1,1.0,1.0,1.0,1.0,1.0,1.0,1.0,1.0,0.9999999299437733,0.960734058543292,0.9982457461874501,0.9933071490757153,0.9890130573694068
506,1,1.0,1.0,1.0,1.0,1.0,1.0,1.0,1.0,0.9999999968510268,0.9610777502850706,0.9996403155866256,0.9933071490757153,0.9890130573694068
507,1,1.0,1.0,1.0,1.0,1.0,1.0,1.0,1.0,0.9999999879763137,0.960846787008592,0.9963620925503588,0.9933071490757153,0.9890130573694068
508,1,1.0,1.0,1.0,1.0,1.0,1.0,1.0,1.0,0.9999999885291105,0.9608512148783919,0.8715696181672996,0.9933071490757153,0.9890130573694068
509,1,1.0,1.0,1.0,1.0,1.0,1.0,1.0,0.999998,0.9999999766469657,0.960939721239576,0.9827241642341763,0.9933071490757153,0.9890130573694068
510,1,1.0,1.0,1.0,1.0,1.0,1.0,1.0,1.0,0.9999999994666026,0.9608506495154605,0.9287942111642424,0.9933071490757153,0.9890130573694068
511,1,1.0,1.0,1.0,1.0,1.0,1.0,1.0,0.9999981,0.99999999990661,0.9608984383145482,0.7108218047522769,0.9933071490757153,0.9890130573694068
512,1,1.0,1.0,1.0,1.0,1.0,1.0,1.0,1.0,0.9999999999827626,0.9608931207973019,0.9984813614304807,0.9933071490757153,0.9890130573694068
513,1,1.0,1.0,1.0,1.0,1.0,1.0,1.0,0.9989341,0.9999999999841162,0.9608692014448486,0.9603515077435356,0.9933071490757153,0.9890130573694068
514,1,1.0,1.0,1.0,1.0,1.0,1.0,1.0,0.99999714,0.9999999999998531,0.9609081192850316,0.9316086858026174,0.9933071490757153,0.9890130573694068
515,1,1.0,1.0,1.0,1.0,1.0,1.0,1.0,1.0,0.999999999999505,0.9607985078506408,0.5631580296325531,0.9933071490757153,0.9890130573694068
516,1,1.0,1.0,1.0,1.0,1.0,1.0,1.0,1.0,0.9999999999989684,0.9609113148396791,0.9972086901972916,0.9933071490757153,0.9890130573694068
517,1,1.0,1.0,1.0,1.0,1.0,1.0,1.0,1.0,0.9999999999999621,0.960871860281326,0.9900447409271893,0.9933071490757153,0.9890130573694068
518,1,1.0,1.0,1.0,1.0,1.0,1.0,1.0,1.0,0.99999999999997,0.9609311250479059,0.875600586281366,0.9933071490757153,0.9890130573694068
519,1,1.0,1.0,1.0,1.0,1.0,1.0,1.0,1.0,0.99999999999997,0.9608251084616504,0.995705972815073,0.9933071490757153,0.9890130573694068
520,1,1.0,1.0,1.0,1.0,1.0,1.0,1.0,1.0,0.99999999999997,0.9608143813487825,0.999294981750817,0.9933071490757153,0.9890130573694068
521,1,1.0,1.0,1.0,1.0,1.0,1.0,1.0,0.99995625,0.99999999999997,0.9609541319696862,0.9767727587170463,0.9933071490757153,0.9890130573694068
522,1,1.0,1.0,1.0,1.0,1.0,1.0,1.0,1.0,0.99999999999997,0.9608829351324096,0.9914913073591773,0.9933071490757153,0.9890130573694068
523,1,1.0,1.0,1.0,1.0,1.0,1.0,1.0,0.9999585,0.99999999999997,0.9608591569944912,0.9983469135392308,0.9933071490757153,0.9890130573694068
524,1,1.0,1.0,1.0,1.0,1.0,1.0,1.0,1.0,0.99999999999997,0.9609074901999612,0.9262386502084241,0.9933071490757153,0.9890130573694068
525,1,1.0,1.0,1.0,1.0,1.0,1.0,1.0,1.0,0.99999999999997,0.9608681298706968,0.9554944505268729,0.9933071490757153,0.9890130573694068
526,1,1.0,1.0,1.0,1.0,1.0,1.0,1.0,0.9981451,0.99999999999997,0.960835889857697,0.9927734060049203,0.9933071490757153,0.9890130573694068
527,1,1.0,1.0,1.0,1.0,1.0,1.0,1.0,1.0,0.99999999999997,0.9609403095505934,0.9998034681138462,0.9933071490757153,0.9890130573694068
528,1,1.0,1.0,1.0,1.0,1.0,1.0,1.0,1.0,0.999999999999957,0.9608563386930847,0.9600060291474057,0.9933071490757153,0.9890130573694068
529,1,1.0,1.0,1.0,1.0,1.0,1.0,1.0,1.0,0.999999999999969,0.9607584655266197,0.9855134906874035,0.9933071490757153,0.9890130573694068
530,1,1.0,1.0,1.0,1.0,1.0,1.0,1.0,1.0,0.9999999999999152,0.9609238348152259,0.9904944893815404,0.9933071490757153,0.9890130573694068
531,1,1.0,1.0,1.0,1.0,1.0,1.0,1.0,0.9999889,0.9999999999998633,0.9609367094983179,0.9183386426600785,0.9933071490757153,0.9890130573694068
532,1,1.0,1.0,1.0,1.0,1.0,1.0,1.0,1.0,0.9999999999996592,0.9608828753515193,0.9848075749966261,0.9933071490757153,0.9890130573694068
533,1,1.0,1.0,1.0,1.0,1.0,1.0,1.0,0.99992573,0.999999999999945,0.960876349247876,0.9846133399849264,0.9933071490757153,0.9890130573694068
534,1,1.0,1.0,1.0,1.0,1.0,1.0,1.0,0.9999999,0.999999999999968,0.9608488392587888,0.990107007903733,0.9933071490757153,0.9890130573694068
535,1,1.0,1.0,1.0,1.0,1.0,1.0,1.0,1.0,0.99999999999997,0.9608225115531345,0.6984923634769793,0.9933071490757153,0.9890130573694068
536,1,1.0,1.0,1.0,1.0,1.0,1.0,1.0,0.99999964,0.9999999999999664,0.9608547702841309,0.9755829287641155,0.9933071490757153,0.9890130573694068
537,1,1.0,1.0,1.0,1.0,1.0,1.0,1.0,1.0,0.9999999999999692,0.9609473477723356,0.9978026624290602,0.9933071490757153,0.9890130573694068
538,1,1.0,1.0,1.0,1.0,1.0,1.0,1.0,1.0,0.99999999999997,0.960830137164434,0.9974369194670678,0.9933071490757153,0.9890130573694068
539,1,1.0,1.0,1.0,1.0,1.0,1.0,1.0,1.0,0.99999999999997,0.9608398362213115,0.9944629846456164,0.9933071490757153,0.9890130573694068
540,1,1.0,1.0,1.0,1.0,1.0,1.0,1.0,1.0,0.99999999999997,0.9608050564318104,0.9499472282946773,0.9933071490757153,0.9890130573694068
541,1,1.0,1.0,1.0,1.0,1.0,1.0,1.0,1.0,0.99999999999997,0.9608752658340496,0.9995972062072678,0.9933071490757153,0.9890130573694068
542,1,1.0,1.0,1.0,1.0,1.0,1.0,1.0,0.9999999,0.99999999999997,0.9609421238351996,0.7471575579130543,0.9933071490757153,0.9890130573694068
543,1,1.0,1.0,1.0,1.0,1.0,1.0,1.0,1.0,0.99999999999997,0.9609448131900337,0.9490949107048228,0.9933071490757153,0.9890130573694068
544,1,1.0,1.0,1.0,1.0,1.0,1.0,1.0,0.9999999,0.99999999999997,0.9609524026392012,0.9521327277643543,0.9933071490757153,0.9890130573694068
545,1,1.0,1.0,1.0,1.0,1.0,1.0,1.0,1.0,0.99999999999997,0.9608795942485977,0.9984566819464655,0.9933071490757153,0.9890130573694068
546,1,1.0,1.0,1.0,1.0,1.0,1.0,1.0,0.9999583,0.99999999999997,0.9608810381603807,0.9743710436115257,0.9933071490757153,0.9890130573694068
547,1,1.0,1.0,1.0,1.0,1.0,1.0,1.0,1.0,0.99999999999997,0.9608812125061782,0.9762129978175753,0.9933071490757153,0.9890130573694068
548,1,1.0,1.0,1.0,1.0,1.0,1.0,1.0,1.0,0.99999999999997,0.9609402698275047,0.997173786055667,0.9933071490757153,0.9890130573694068
549,1,1.0,1.0,1.0,1.0,1.0,1.0,1.0,0.99998546,0.99999999999997,0.9607809768836341,0.9979684512636778,0.9933071490757153,0.9890130573694068
550,1,1.0,1.0,1.0,1.0,1.0,1.0,1.0,1.0,0.99999999999997,0.9609266895334027,0.89132174362642,0.9933071490757153,0.9890130573694068
551,1,1.0,1.0,1.0,1.0,1.0,1.0,1.0,1.0,0.99999999999997,0.9608428770428645,0.9982457461874501,0.9933071490757153,0.9890130573694068
552,1,1.0,1.0,1.0,1.0,1.0,1.0,1.0,0.9999999,0.99999999999997,0.9608950986738308,0.990107007903733,0.9933071490757153,0.9890130573694068
553,1,1.0,1.0,1.0,1.0,1.0,1.0,1.0,0.9999981,0.99999999999997,0.9609344479595737,0.9657870074881826,0.9933071490757153,0.9890130573694068
554,1,1.0,1.0,1.0,1.0,1.0,1.0,1.0,1.0,0.99999999999997,0.9609264645233037,0.9945311123996511,0.9933071490757153,0.9890130573694068
555,1,1.0,1.0,1.0,1.0,1.0,1.0,1.0,1.0,0.99999999999997,0.9608900564626333,0.9500007573512524,0.9933071490757153,0.9890130573694068
556,1,1.0,1.0,1.0,1.0,1.0,1.0,1.0,1.0,0.99999999999997,0.9608561926400202,0.9822507179352163,0.9933071490757153,0.9890130573694068
557,1,1.0,1.0,1.0,1.0,1.0,1.0,1.0,0.99956864,0.99999999999997,0.9609023763527186,0.9800274578894133,0.9933071490757153,0.9890130573694068
558,1,1.0,1.0,1.0,1.0,1.0,1.0,1.0,1.0,0.99999999999997,0.9609432487001419,0.9452288950802206,0.9933071490757153,0.9890130573694068
559,1,1.0,1.0,1.0,1.0,1.0,1.0,1.0,1.0,0.99999999999997,0.9607975939981368,0.997173786055667,0.9933071490757153,0.9890130573694068
560,1,1.0,1.0,1.0,1.0,1.0,1.0,1.0,0.99996936,0.99999999999997,0.9608916946146056,0.9988683802649845,0.9933071490757153,0.9890130573694068
561,1,1.0,1.0,1.0,1.0,1.0,1.0,1.0,0.99997294,0.99999999999997,0.9609295372720503,0.9356420825804335,0.9933071490757153,0.9890130573694068
562,1,1.0,1.0,1.0,1.0,1.0,1.0,1.0,1.0,0.99999999999997,0.9609775058695936,0.9666770074785324,0.9933071490757153,0.9890130573694068
563,1,1.0,1.0,1.0,1.0,1.0,1.0,1.0,1.0,0.99999999999997,0.9608637488439123,0.5527794331959262,0.9933071490757153,0.9890130573694068
564,1,1.0,1.0,1.0,1.0,1.0,1.0,1.0,1.0,0.99999999999997,0.9608252306253902,0.9986122792954104,0.9933071490757153,0.9890130573694068
565,1,1.0,1.0,1.0,1.0,1.0,1.0,1.0,0.9919665,0.99999999999997,0.9608198816238496,0.9980073587863795,0.9933071490757153,0.9890130573694068
566,1,1.0,1.0,1.0,1.0,1.0,1.0,1.0,1.0,0.99999999999997,0.9608623812878423,0.9995567552873014,0.9933071490757153,0.9890130573694068
567,1,1.0,1.0,1.0,1.0,1.0,1.0,1.0,1.0,0.99999999999997,0.9607727673827906,0.9997487656180595,0.9933071490757153,0.9890130573694068
568,1,1.0,1.0,1.0,1.0,1.0,1.0,1.0,1.0,0.99999999999997,0.9608918728288803,0.9939013767244443,0.9933071490757153,0.9890130573694068
569,1,1.0,1.0,1.0,1.0,1.0,1.0,1.0,1.0,0.99999999999997,0.9608048423054424,0.9994534991285807,0.9933071490757153,0.9890130573694068
570,1,1.0,1.0,1.0,1.0,1.0,1.0,1.0,1.0,0.99999999999997,0.9608445728188985,0.9826271149828205,0.9933071490757153,0.9890130573694068
571,1,1.0,1.0,1.0,1.0,1.0,1.0,1.0,0.9932065,0.99999999999997,0.9607886774127936,0.7370941409933004,0.9933071490757153,0.9890130573694068
572,1,1.0,1.0,1.0,1.0,1.0,1.0,1.0,0.99999666,0.99999999999997,0.960911144956778,0.999452029996397,0.9933071490757153,0.9890130573694068
573,1,1.0,1.0,1.0,1.0,1.0,1.0,1.0,0.9820988,0.99999999999997,0.960925248056287,0.9755342859537505,0.9933071490757153,0.9890130573694068
574,1,1.0,1.0,1.0,1.0,1.0,1.0,1.0,0.99993825,0.99999999999997,0.9608972128673864,0.9996093175663895,0.9933071490757153,0.9890130573694068
575,1,1.0,1.0,1.0,1.0,1.0,1.0,1.0,1.0,0.99999999999997,0.9607871856838234,0.9776280474608222,0.9933071490757153,0.9890130573694068
576,1,1.0,1.0,1.0,1.0,1.0,1.0,1.0,1.0,0.99999999999997,0.9608433009946376,0.9893606989638254,0.9933071490757153,0.9890130573694068
577,1,1.0,1.0,1.0,1.0,1.0,1.0,1.0,0.9999999,0.99999999999997,0.9608065886013774,0.9801257435239146,0.9933071490757153,0.9890130573694068
578,1,1.0,1.0,1.0,1.0,1.0,1.0,1.0,0.9999602,0.99999999999997,0.9608357997944227,0.9960379116227772,0.9933071490757153,0.9890130573694068
579,1,1.0,1.0,1.0,1.0,1.0,1.0,1.0,1.0,0.99999999999997,0.9607719146316275,0.999127205117121,0.9933071490757153,0.9890130573694068
580,1,1.0,1.0,1.0,1.0,1.0,1.0,1.0,1.0,0.99999999999997,0.9609399181457255,0.999494462415416,0.9933071490757153,0.9890130573694068
581,1,1.0,1.0,1.0,1.0,1.0,1.0,1.0,1.0,0.99999999999997,0.9609959685211339,0.9975318705174454,0.9933071490757153,0.9890130573694068
582,1,1.0,1.0,1.0,1.0,1.0,1.0,1.0,1.0,0.99999999999997,0.9608413811154738,0.9976129341968325,0.9933071490757153,0.9890130573694068
583,1,1.0,1.0,1.0,1.0,1.0,1.0,1.0,1.0,0.99999999999997,0.9609613483573547,0.9994816439050238,0.9933071490757153,0.9890130573694068
584,1,1.0,1.0,1.0,1.0,1.0,1.0,1.0,1.0,0.99999999999997,0.9608843701911223,0.8244449446062205,0.9933071490757153,0.9890130573694068
585,0,1.0,0.3,1.0,1.0,0.0,0.0,1.0,7.0682546e-07,0.8891605764454753,0.2065317926270495,0.997303613359084,0.9933071490757153,0.9890130573694068
586,0,1.0,0.95,1.0,1.0,1.0,1.0,1.0,1.49261e-07,0.08502666617223295,0.017974682994876034,0.9965497048351973,0.9933071490757153,0.9890130573694068
587,0,1.0,1.0,1.0,1.0,1.0,1.0,1.0,2.8691318e-13,0.0068152849456275194,0.017978590202890825,0.9994399434270754,0.9933071490757153,0.9890130573694068
588,0,1.0,1.0,1.0,1.0,1.0,1.0,1.0,1.4360986e-09,0.0038811895569405013,0.01798125580947911,0.9422837578708942,0.9933071490757153,0.9890130573694068
589,0,1.0,1.0,1.0,1.0,1.0,1.0,1.0,9.042186e-14,0.00391293997065316,0.017943909901785977,0.9948760964513659,0.9933071490757153,0.9890130573694068
590,0,1.0,1.0,1.0,1.0,1.0,1.0,1.0,3.5713534e-09,0.004249752164120615,0.017975022324489488,0.9922714005033167,0.9933071490757153,0.9890130573694068
591,0,1.0,1.0,1.0,1.0,1.0,1.0,1.0,0.011468478,0.0032763841485019,0.018010206782386375,0.9802658264640227,0.9933071490757153,0.9890130573694068
592,0,1.0,1.0,1.0,1.0,1.0,1.0,1.0,0.0009685895,0.004004091281292399,0.01803235221829033,0.9940552882031537,0.9933071490757153,0.9890130573694068
593,0,1.0,1.0,1.0,1.0,1.0,1.0,1.0,1.2483182e-09,0.0036863445210353844,0.0179786871590148,0.9990419080595078,0.9933071490757153,0.9890130573694068
594,0,1.0,1.0,1.0,1.0,1.0,1.0,1.0,3.413408e-14,0.0032291103870602917,0.017964859350987284,0.9992567387715061,0.9933071490757153,0.9890130573694068
595,0,1.0,1.0,1.0,1.0,1.0,1.0,1.0,2.3518e-06,0.004166034045717826,0.018000289781874904,0.9322994333674488,0.9933071490757153,0.9890130573694068
596,0,1.0,1.0,1.0,1.0,1.0,1.0,1.0,1.458509e-15,0.0035038579156260073,0.01798614644993908,0.9986209217298081,0.9933071490757153,0.9890130573694068
597,0,1.0,1.0,1.0,1.0,1.0,1.0,1.0,7.100475e-07,0.004386735084076414,0.018010124279101074,0.9787355161457602,0.9933071490757153,0.9890130573694068
598,0,1.0,1.0,1.0,1.0,1.0,1.0,1.0,1.7297139e-12,0.004814583218209214,0.018027546345676024,0.9929430764630545,0.9933071490757153,0.9890130573694068
599,0,1.0,1.0,1.0,1.0,1.0,1.0,1.0,1.4226966e-08,0.004958004365781274,0.017986053421429483,0.9998212579518387,0.9933071490757153,0.9890130573694068
600,0,1.0,1.0,1.0,1.0,1.0,1.0,1.0,3.6651143e-06,0.0029407950180030205,0.017995695076088707,0.9885903021126833,0.9933071490757153,0.9890130573694068
601,0,1.0,1.0,1.0,1.0,1.0,1.0,1.0,2.1598137e-06,0.0035472289717889383,0.017990592634680606,0.9972958530424092,0.9933071490757153,0.9890130573694068
602,0,1.0,1.0,1.0,1.0,1.0,1.0,1.0,6.217808e-11,0.003920103882505201,0.017958881953328155,0.9823276173775158,0.9933071490757153,0.9890130573694068
603,0,1.0,1.0,1.0,1.0,1.0,1.0,1.0,1.1777522e-13,0.005042065927733709,0.0180021086081507,0.8922058767584568,0.9933071490757153,0.9890130573694068
604,0,1.0,1.0,1.0,1.0,1.0,1.0,1.0,3.2335362e-15,0.005099927989894274,0.01798670015718729,0.7195825432031142,0.9933071490757153,0.9890130573694068
605,0,1.0,1.0,1.0,1.0,1.0,1.0,1.0,0.0013155938,0.004590527158598052,0.0179887040670076,0.9926902695965325,0.9933071490757153,0.9890130573694068
606,1,1.0,1.0,1.0,1.0,1.0,1.0,1.0,1.0,0.7843624111131453,0.759590411855666,0.9997803300375719,0.9933071490757153,0.9890130573694068
607,1,1.0,1.0,1.0,1.0,1.0,1.0,1.0,1.0,0.99999999999997,0.9646330027000736,0.9420372454368549,0.9933071490757153,0.9890130573694068
608,1,1.0,1.0,1.0,1.0,1.0,1.0,1.0,1.0,0.99999999999997,0.9647261240729992,0.9992998185451856,0.9933071490757153,0.9890130573694068
609,1,1.0,1.0,1.0,1.0,1.0,1.0,1.0,0.99999964,0.99999999999997,0.9647365813768858,0.614864268738593,0.9933071490757153,0.9890130573694068
610,1,1.0,1.0,1.0,1.0,1.0,1.0,1.0,1.0,0.99999999999997,0.9646011681318011,0.9990199960776082,0.9933071490757153,0.9890130573694068
611,1,1.0,1.0,1.0,1.0,1.0,1.0,1.0,0.9964586,0.99999999999997,0.9646534875335493,0.9915073481917241,0.9933071490757153,0.9890130573694068
612,1,1.0,1.0,1.0,1.0,1.0,1.0,1.0,1.0,0.99999999999997,0.9645984287652282,0.9287942111642424,0.9933071490757153,0.9890130573694068
613,0,1.0,1.0,1.0,1.0,1.0,1.0,1.0,7.7522316e-07,0.008049070730334708,0.01799790068437685,0.9996364373445367,0.9933071490757153,0.9890130573694068
614,0,1.0,1.0,1.0,1.0,1.0,1.0,1.0,4.6004242e-10,0.005619357743333174,0.017953150521953367,0.9369117059713367,0.9933071490757153,0.9890130573694068
615,0,1.0,1.0,1.0,1.0,1.0,1.0,1.0,1.8047841e-11,0.005205458338393583,0.018001377707886717,0.9970289773666676,0.9933071490757153,0.9890130573694068
616,0,1.0,1.0,1.0,1.0,1.0,1.0,1.0,7.192462e-08,0.0036864151042601016,0.017995957621110958,0.9983078923350568,0.9933071490757153,0.9890130573694068
617,0,1.0,1.0,1.0,1.0,1.0,1.0,1.0,1.1843487e-08,0.004695203821215358,0.01797190823393395,0.9971144430939773,0.9933071490757153,0.9890130573694068
618,0,1.0,1.0,1.0,1.0,1.0,1.0,1.0,1.3037531e-08,0.0054218703959045935,0.01803267812573569,0.9933021958230617,0.9933071490757153,0.9890130573694068
619,0,1.0,1.0,1.0,1.0,1.0,1.0,1.0,4.0963247e-10,0.006719516283427836,0.01800183365142759,0.8684726600743855,0.9933071490757153,0.9890130573694068
620,1,1.0,0.9833333333333333,1.0,1.0,1.0,1.0,1.0,0.9999976,0.9338158044118876,0.8968785015038206,0.9997428013212655,0.9933071490757153,0.9890130573694068
621,1,1.0,1.0,1.0,1.0,1.0,1.0,1.0,1.0,0.99999999999997,0.9767886462812835,0.9951118454806464,0.9933071490757153,0.9890130573694068
622,1,1.0,1.0,1.0,1.0,1.0,1.0,1.0,1.0,0.99999999999997,0.9768305530569775,0.9420372454368549,0.9933071490757153,0.9890130573694068
623,1,1.0,1.0,1.0,1.0,1.0,1.0,1.0,1.0,0.99999999999997,0.9768221291035813,0.9997825515363279,0.9933071490757153,0.9890130573694068
624,1,1.0,1.0,1.0,1.0,1.0,1.0,1.0,1.0,0.99999999999997,0.9767865755606572,0.9991870490817953,0.9933071490757153,0.9890130573694068
625,1,1.0,1.0,1.0,1.0,1.0,1.0,1.0,1.0,0.99999999999997,0.9768184929990393,0.9982410547609468,0.9933071490757153,0.9890130573694068
626,1,1.0,1.0,1.0,1.0,1.0,1.0,1.0,1.0,0.99999999999997,0.9767940908762017,0.9998966843937418,0.9933071490757153,0.9890130573694068
627,1,1.0,1.0,1.0,1.0,1.0,1.0,1.0,1.0,0.99999999999997,0.9767744212516328,0.8737344042281255,0.9933071490757153,0.9890130573694068
628,1,1.0,1.0,1.0,1.0,1.0,1.0,1.0,0.9993013,0.99999999999997,0.97677543270723,0.9912138629047057,0.9933071490757153,0.9890130573694068
629,1,1.0,1.0,1.0,1.0,1.0,1.0,1.0,1.0,0.99999999999997,0.9767587512484739,0.953540421649482,0.9933071490757153,0.9890130573694068
630,1,1.0,1.0,1.0,1.0,1.0,1.0,1.0,0.99981683,0.99999999999997,0.9767524058769729,0.9718834432625131,0.9933071490757153,0.9890130573694068
631,1,1.0,1.0,1.0,1.0,1.0,1.0,1.0,0.9991246,0.99999999999997,0.9767532076908139,0.5705662232765984,0.9933071490757153,0.9890130573694068
632,1,1.0,1.0,1.0,1.0,1.0,1.0,1.0,1.0,0.99999999999997,0.9767600076942676,0.9297786559752929,0.9933071490757153,0.9890130573694068
633,1,1.0,1.0,1.0,1.0,1.0,1.0,1.0,1.0,0.99999999999997,0.97678524752826,0.9345542719332387,0.9933071490757153,0.9890130573694068
634,1,1.0,1.0,1.0,1.0,1.0,1.0,1.0,1.0,0.99999999999997,0.9767820529997423,0.9965971201429977,0.9933071490757153,0.9890130573694068
635,1,1.0,1.0,1.0,1.0,1.0,1.0,1.0,1.0,0.99999999999997,0.9767851816659582,0.9868352315495382,0.9933071490757153,0.9890130573694068
636,1,1.0,1.0,1.0,1.0,1.0,1.0,1.0,0.9999982,0.99999999999997,0.9767806672831745,0.9761928213169195,0.9933071490757153,0.9890130573694068
637,1,1.0,1.0,1.0,1.0,1.0,1.0,1.0,1.0,0.99999999999997,0.9767162319592442,0.884208301577366,0.9933071490757153,0.9890130573694068
638,1,1.0,1.0,1.0,1.0,1.0,1.0,1.0,0.99999964,0.99999999999997,0.9768060583679041,0.9755829287641155,0.9933071490757153,0.9890130573694068
639,1,1.0,1.0,1.0,1.0,1.0,1.0,1.0,1.0,0.99999999999997,0.976855546528334,0.9994726163981947,0.9933071490757153,0.9890130573694068
640,1,1.0,1.0,1.0,1.0,1.0,1.0,1.0,0.99999917,0.99999999999997,0.9767700471026199,0.7741676991931379,0.9933071490757153,0.9890130573694068
641,1,1.0,1.0,1.0,1.0,1.0,1.0,1.0,1.0,0.99999999999997,0.9767842038566823,0.990979025484609,0.9933071490757153,0.9890130573694068
642,1,1.0,1.0,1.0,1.0,1.0,1.0,1.0,1.0,0.99999999999997,0.9768168689745244,0.9983238958307725,0.9933071490757153,0.9890130573694068
643,1,1.0,1.0,1.0,1.0,1.0,1.0,1.0,0.99924636,0.99999999999997,0.9767269313705601,0.9856276424356207,0.9933071490757153,0.9890130573694068
644,1,1.0,1.0,1.0,1.0,1.0,1.0,1.0,1.0,0.99999999999997,0.9768500342215227,0.9883210488349458,0.9933071490757153,0.9890130573694068
645,1,1.0,1.0,1.0,1.0,1.0,1.0,1.0,0.9999869,0.99999999999997,0.9767862099740792,0.9747160573614366,0.9933071490757153,0.9890130573694068
646,0,1.0,0.9833333333333333,1.0,1.0,0.0,0.0,1.0,1.0916987e-10,0.33907264945729815,0.32157335951218624,0.9999150405502033,0.9933071490757153,0.9890130573694068
647,0,1.0,1.0,1.0,1.0,1.0,1.0,1.0,0.001928028,0.006788969519725333,0.017994001787775417,0.9975986946513583,0.9933071490757153,0.9890130573694068
648,0,1.0,1.0,1.0,1.0,1.0,1.0,1.0,3.6395262e-10,0.012877213795264762,0.018055532246988512,0.9997196488033402,0.9933071490757153,0.9890130573694068
649,0,1.0,1.0,1.0,1.0,1.0,1.0,1.0,0.00096530706,0.00407596879705477,0.017994988621565396,0.9962582487951773,0.9933071490757153,0.9890130573694068
650,0,1.0,1.0,1.0,1.0,1.0,1.0,1.0,0.0005050147,0.004641882731137687,0.01801129397286245,0.9999391110151016,0.9933071490757153,0.9890130573694068
651,0,1.0,1.0,1.0,1.0,1.0,1.0,1.0,9.2810396e-08,0.004684781981041096,0.017996269675469797,0.9130612385513861,0.9933071490757153,0.9890130573694068
652,0,1.0,1.0,1.0,1.0,1.0,1.0,1.0,3.6759896e-08,0.0035713612782033903,0.017940086038913262,0.994266592638601,0.9933071490757153,0.9890130573694068
653,0,1.0,1.0,1.0,1.0,1.0,1.0,1.0,0.0006434593,0.005864185178047688,0.01796937486316581,0.9972959989423791,0.9933071490757153,0.9890130573694068
654,0,1.0,1.0,1.0,1.0,1.0,1.0,1.0,0.00011751432,0.0037021823572023446,0.018015538914181305,0.998012803103385,0.9933071490757153,0.9890130573694068
655,0,1.0,1.0,1.0,1.0,1.0,1.0,1.0,0.24851744,0.005755293068929134,0.01799353383187846,0.9999069330593284,0.9933071490757153,0.9890130573694068
656,0,1.0,1.0,1.0,1.0,1.0,1.0,1.0,3.3409805e-07,0.004688356800023039,0.01798626736022265,0.9895651618190037,0.9933071490757153,0.9890130573694068
657,0,1.0,1.0,1.0,1.0,1.0,1.0,1.0,2.0897035e-08,0.003145628658783755,0.017967035163167742,0.9983204715591528,0.9933071490757153,0.9890130573694068
658,0,1.0,1.0,1.0,1.0,1.0,1.0,1.0,2.1074973e-06,0.003818685927648685,0.01796540956790248,0.999890324671743,0.9933071490757153,0.9890130573694068
659,0,1.0,1.0,1.0,1.0,1.0,1.0,1.0,9.946235e-10,0.003488600537750967,0.018007180439835832,0.9989497510268208,0.9933071490757153,0.9890130573694068
660,0,1.0,1.0,1.0,1.0,1.0,1.0,1.0,1.9372341e-10,0.004801221593292589,0.017977920113375224,0.9920424850772689,0.9933071490757153,0.9890130573694068
661,0,1.0,1.0,1.0,1.0,1.0,1.0,1.0,4.845689e-10,0.004106535943897738,0.017971010022084805,0.9996904004834208,0.9933071490757153,0.9890130573694068
662,0,1.0,1.0,1.0,1.0,1.0,1.0,1.0,8.3144636e-07,0.005014349443896023,0.018032573579193155,0.9998718681273165,0.9933071490757153,0.9890130573694068
663,0,1.0,1.0,1.0,1.0,1.0,1.0,1.0,1.6236643e-12,0.0032582331516468966,0.01800315252802596,0.9975018879800017,0.9933071490757153,0.9890130573694068
664,0,1.0,1.0,1.0,1.0,1.0,1.0,1.0,2.971982e-16,0.0037932114266424665,0.017984949195627924,0.9978079286180982,0.9933071490757153,0.9890130573694068
665,0,1.0,1.0,1.0,1.0,1.0,1.0,1.0,9.27264e-07,0.003905721592761324,0.01799374554600121,0.9435921560466073,0.9933071490757153,0.9890130573694068
666,0,1.0,1.0,1.0,1.0,1.0,1.0,1.0,8.194517e-09,0.00326954588619918,0.01800434282770028,0.9940852886987795,0.9933071490757153,0.9890130573694068
667,0,1.0,1.0,1.0,1.0,1.0,1.0,1.0,1.4888596e-07,0.0038398875343752803,0.01800376949728847,0.9978158205287613,0.9933071490757153,0.9890130573694068
668,0,1.0,0.9833333333333333,1.0,1.0,0.0,0.0,1.0,1.8047841e-11,0.335456236124582,0.31060881432395265,0.9970289773666676,0.9933071490757153,0.9890130573694068
669,1,1.0,1.0,1.0,1.0,1.0,1.0,1.0,1.0,0.99999999999997,0.9421820549052022,0.9976477622314479,0.9933071490757153,0.9890130573694068
670,1,1.0,1.0,1.0,1.0,1.0,1.0,1.0,1.0,0.99999999999997,0.9422553919540451,0.9996641762849585,0.9933071490757153,0.9890130573694068
671,1,1.0,1.0,1.0,1.0,1.0,1.0,1.0,0.9831955,0.99999999999997,0.9422372475242334,0.9369625062182566,0.9933071490757153,0.9890130573694068
672,1,1.0,1.0,1.0,1.0,1.0,1.0,1.0,1.0,0.99999999999997,0.9422653899206034,0.9993075318279533,0.9933071490757153,0.9890130573694068
673,1,1.0,1.0,1.0,1.0,1.0,1.0,1.0,1.0,0.99999999999997,0.9420868759389673,0.9828984854531242,0.9933071490757153,0.9890130573694068
674,1,1.0,1.0,1.0,1.0,1.0,1.0,1.0,1.0,0.99999999999997,0.9421903150964454,0.9990453727779722,0.9933071490757153,0.9890130573694068
675,1,1.0,1.0,1.0,1.0,1.0,1.0,1.0,1.0,0.99999999999997,0.9422050678852851,0.9975318705174454,0.9933071490757153,0.9890130573694068
676,1,1.0,1.0,1.0,1.0,1.0,1.0,1.0,0.99996245,0.99999999999997,0.9422289259559198,0.9993071863799787,0.9933071490757153,0.9890130573694068
677,1,1.0,1.0,1.0,1.0,1.0,1.0,1.0,0.99999976,0.99999999999997,0.9423085588414769,0.6607696272911444,0.9933071490757153,0.9890130573694068
678,1,1.0,1.0,1.0,1.0,1.0,1.0,1.0,1.0,0.99999999999997,0.9423470332953114,0.9911357466633574,0.9933071490757153,0.9890130573694068
679,1,1.0,1.0,1.0,1.0,1.0,1.0,1.0,1.0,0.99999999999997,0.9422318662629382,0.9954269587635926,0.9933071490757153,0.9890130573694068
680,1,1.0,1.0,1.0,1.0,1.0,1.0,1.0,0.99999964,0.99999999999997,0.9420217409579557,0.9878198933287393,0.9933071490757153,0.9890130573694068
681,1,1.0,1.0,1.0,1.0,1.0,1.0,1.0,1.0,0.99999999999997,0.9423038842522538,0.9997825515363279,0.9933071490757153,0.9890130573694068
682,1,1.0,1.0,1.0,1.0,1.0,1.0,1.0,0.9999994,0.99999999999997,0.9421447562897722,0.9715152635107532,0.9933071490757153,0.9890130573694068
683,1,1.0,1.0,1.0,1.0,1.0,1.0,1.0,1.0,0.99999999999997,0.9421459338497633,0.7798383440557941,0.9933071490757153,0.9890130573694068
684,1,1.0,1.0,1.0,1.0,1.0,1.0,1.0,0.9999572,0.99999999999997,0.9423823710682321,0.9539714790148767,0.9933071490757153,0.9890130573694068
685,1,1.0,1.0,1.0,1.0,1.0,1.0,1.0,0.99995625,0.99999999999997,0.9422610469567113,0.9767727587170463,0.9933071490757153,0.9890130573694068
686,1,1.0,1.0,1.0,1.0,1.0,1.0,1.0,1.0,0.99999999999997,0.9422195945005669,0.9072925059983022,0.9933071490757153,0.9890130573694068
687,1,1.0,1.0,1.0,1.0,1.0,1.0,1.0,0.99999964,0.99999999999997,0.9422474202235607,0.9983588256674,0.9933071490757153,0.9890130573694068
688,1,1.0,1.0,1.0,1.0,1.0,1.0,1.0,0.9999999,0.99999999999997,0.9421760234667951,0.99809579642152,0.9933071490757153,0.9890130573694068
689,1,1.0,1.0,1.0,1.0,1.0,1.0,1.0,1.0,0.99999999999997,0.9421725954277781,0.7783637834582099,0.9933071490757153,0.9890130573694068
690,1,1.0,1.0,1.0,1.0,1.0,1.0,1.0,0.9985656,0.99999999999997,0.9420274272359261,0.9892076131010374,0.9933071490757153,0.9890130573694068
691,1,1.0,1.0,1.0,1.0,1.0,1.0,1.0,1.0,0.99999999999997,0.9422542385733073,0.9992979134407941,0.9933071490757153,0.9890130573694068
692,1,1.0,1.0,1.0,1.0,1.0,1.0,1.0,1.0,0.99999999999997,0.9421508550962876,0.9978133764845403,0.9933071490757153,0.9890130573694068
693,1,1.0,1.0,1.0,1.0,1.0,1.0,1.0,1.0,0.99999999999997,0.9422930027961829,0.9915251274907846,0.9933071490757153,0.9890130573694068
694,0,1.0,0.9833333333333333,1.0,1.0,0.0,1.0,1.0,3.5806344e-10,0.31496020328484575,0.23358363335472757,0.9980428953988277,0.9933071490757153,0.9890130573694068
695,1,1.0,0.9833333333333333,1.0,1.0,1.0,1.0,1.0,1.0,0.8842764888155656,0.8426635619381926,0.9504686284734896,0.9933071490757153,0.9890130573694068
696,1,1.0,1.0,1.0,1.0,1.0,1.0,1.0,1.0,0.99999999999997,0.9695838263367061,0.9968394154821897,0.9933071490757153,0.9890130573694068
697,1,1.0,1.0,1.0,1.0,1.0,1.0,1.0,1.0,0.99999999999997,0.9694028699154715,0.9848075749966261,0.9933071490757153,0.9890130573694068
698,1,1.0,1.0,1.0,1.0,1.0,1.0,1.0,1.0,0.99999999999997,0.9695232982931352,0.9919357673365928,0.9933071490757153,0.9890130573694068
699,1,1.0,1.0,1.0,1.0,1.0,1.0,1.0,1.0,0.99999999999997,0.9694272127169559,0.9004883758947761,0.9933071490757153,0.9890130573694068
700,1,1.0,1.0,1.0,1.0,1.0,1.0,1.0,0.9999865,0.99999999999997,0.9693906294986733,0.9806669539185048,0.9933071490757153,0.9890130573694068
701,1,1.0,1.0,1.0,1.0,1.0,1.0,1.0,1.0,0.99999999999997,0.9693795153561987,0.9716732917171034,0.9933071490757153,0.9890130573694068
702,1,1.0,1.0,1.0,1.0,1.0,1.0,1.0,1.0,0.99999999999997,0.9695669080645944,0.875600586281366,0.9933071490757153,0.9890130573694068
703,1,1.0,1.0,1.0,1.0,1.0,1.0,1.0,1.0,0.99999999999997,0.9694904065439114,0.9288603225091662,0.9933071490757153,0.9890130573694068
704,1,1.0,1.0,1.0,1.0,1.0,1.0,1.0,1.0,0.99999999999997,0.9694823466237457,0.9989097190647269,0.9933071490757153,0.9890130573694068
705,1,1.0,1.0,1.0,1.0,1.0,0.0,1.0,0.62927026,0.99999999999997,0.9694938082279945,0.8988959948312817,0.9933071490757153,0.9890130573694068
706,1,1.0,1.0,1.0,1.0,1.0,1.0,1.0,0.9999995,0.99999999999997,0.9694855603592185,0.9901461504579078,0.9933071490757153,0.9890130573694068
707,1,1.0,1.0,1.0,1.0,1.0,1.0,1.0,1.0,0.999999999999968,0.969420238192672,0.9996641762849585,0.9933071490757153,0.9890130573694068
708,1,1.0,1.0,1.0,1.0,1.0,1.0,1.0,1.0,0.99999999999997,0.9695237131481824,0.9297516384348616,0.9933071490757153,0.9890130573694068
709,1,1.0,1.0,1.0,1.0,1.0,0.0,1.0,0.62414175,0.99999999999997,0.9694584812827888,0.9817992500503306,0.9933071490757153,0.9890130573694068
710,1,1.0,1.0,1.0,1.0,1.0,1.0,1.0,1.0,0.99999999999997,0.9694249650945044,0.9982457461874501,0.9933071490757153,0.9890130573694068
711,1,1.0,1.0,1.0,1.0,1.0,1.0,1.0,1.0,0.99999999999997,0.9694435532605972,0.9553544289531872,0.9933071490757153,0.9890130573694068
712,1,1.0,1.0,1.0,1.0,1.0,1.0,1.0,0.99999475,0.99999999999997,0.9695460999374986,0.9992269546581408,0.9933071490757153,0.9890130573694068
713,1,1.0,1.0,1.0,1.0,1.0,1.0,1.0,0.9999945,0.99999999999997,0.9695158681337783,0.9996065473638286,0.9933071490757153,0.9890130573694068
714,1,1.0,1.0,1.0,1.0,1.0,1.0,1.0,1.0,0.99999999999997,0.9694178395078317,0.9964337157632774,0.9933071490757153,0.9890130573694068
715,1,1.0,1.0,1.0,1.0,1.0,1.0,1.0,0.99999964,0.99999999999997,0.9695186917857901,0.8853707458530701,0.9933071490757153,0.9890130573694068
716,1,1.0,1.0,1.0,1.0,1.0,1.0,1.0,0.9999994,0.99999999999997,0.9695009405932816,0.4760773225560131,0.9933071490757153,0.9890130573694068
717,1,1.0,1.0,1.0,1.0,1.0,1.0,1.0,0.99999964,0.99999999999997,0.9694562411000269,0.9878198933287393,0.9933071490757153,0.9890130573694068
718,1,1.0,1.0,1.0,1.0,1.0,1.0,1.0,1.0,0.9999999999999685,0.96948015644864,0.9368355682767364,0.9933071490757153,0.9890130573694068
719,1,1.0,1.0,1.0,1.0,1.0,1.0,1.0,1.0,0.9999999999999684,0.9694530796232133,0.8115226939651581,0.9933071490757153,0.9890130573694068
720,1,1.0,1.0,1.0,1.0,1.0,1.0,1.0,1.0,0.9999999999999524,0.9695303351869416,0.9042779816815727,0.9933071490757153,0.9890130573694068
721,1,1.0,1.0,1.0,1.0,1.0,1.0,1.0,1.0,0.9999999999999657,0.9694768180918063,0.9807790849911555,0.9933071490757153,0.9890130573694068
722,1,1.0,1.0,1.0,1.0,1.0,1.0,1.0,1.0,0.9999999999999614,0.9694662428200197,0.9450090289798143,0.9933071490757153,0.9890130573694068
723,1,1.0,1.0,1.0,1.0,1.0,1.0,1.0,0.9999999,0.9999999999999699,0.9694304367422565,0.8584255841961285,0.9933071490757153,0.9890130573694068
724,1,1.0,1.0,1.0,1.0,1.0,1.0,1.0,0.99956864,0.99999999999997,0.969445538994044,0.9800274578894133,0.9933071490757153,0.9890130573694068
725,1,1.0,1.0,1.0,1.0,1.0,1.0,1.0,1.0,0.99999999999997,0.9695484196589467,0.9761906194330263,0.9933071490757153,0.9890130573694068
726,1,1.0,1.0,1.0,1.0,1.0,1.0,1.0,1.0,0.99999999999997,0.9695048465121634,0.990742028185826,0.9933071490757153,0.9890130573694068
727,1,1.0,1.0,1.0,1.0,1.0,1.0,1.0,0.9999994,0.9999999999999699,0.9694530313760693,0.9998714169608842,0.9933071490757153,0.9890130573694068
728,1,1.0,1.0,1.0,1.0,1.0,1.0,1.0,0.99942577,0.9999999999999699,0.9694311253392072,0.9768733786396868,0.9933071490757153,0.9890130573694068
729,1,1.0,1.0,1.0,1.0,1.0,1.0,1.0,1.0,0.99999999999997,0.969495392758233,0.9982886670344153,0.9933071490757153,0.9890130573694068
730,1,1.0,1.0,1.0,1.0,1.0,1.0,1.0,1.0,0.99999999999997,0.9694420254703977,0.9957155654461465,0.9933071490757153,0.9890130573694068
731,1,1.0,1.0,1.0,1.0,1.0,1.0,1.0,0.9999995,0.9999999999999699,0.9694482138137219,0.9949319332992937,0.9933071490757153,0.9890130573694068
732,1,1.0,1.0,1.0,1.0,1.0,1.0,1.0,0.99999785,0.99999999999997,0.969524303087072,0.9998641474360097,0.9933071490757153,0.9890130573694068
733,1,1.0,1.0,1.0,1.0,1.0,1.0,1.0,0.99955505,0.99999999999997,0.9695443068353631,0.9942653234546648,0.9933071490757153,0.9890130573694068
734,1,1.0,1.0,1.0,1.0,1.0,1.0,1.0,0.99999964,0.9999999999999695,0.969442637544086,0.614864268738593,0.9933071490757153,0.9890130573694068
735,1,1.0,1.0,1.0,1.0,1.0,1.0,1.0,1.0,0.9999999999999688,0.9693865139942972,0.9988181848705252,0.9933071490757153,0.9890130573694068
736,1,1.0,1.0,1.0,1.0,1.0,1.0,1.0,1.0,0.9999999999999662,0.9694557664051872,0.9052489979223155,0.9933071490757153,0.9890130573694068
737,1,1.0,1.0,1.0,1.0,1.0,1.0,1.0,1.0,0.9999999999999627,0.9694662519768656,0.9934786839158066,0.9933071490757153,0.9890130573694068
738,1,1.0,1.0,1.0,1.0,1.0,1.0,1.0,0.9999994,0.9999999999999386,0.969493584358236,0.9965733045388574,0.9933071490757153,0.9890130573694068
739,1,1.0,1.0,1.0,1.0,1.0,1.0,1.0,1.0,0.9999999999999044,0.9695277126419853,0.5442448356969801,0.9933071490757153,0.9890130573694068
740,1,1.0,1.0,1.0,1.0,1.0,1.0,1.0,1.0,0.9999999999998109,0.9694606230001158,0.9028611395902505,0.9933071490757153,0.9890130573694068
741,1,1.0,1.0,1.0,1.0,1.0,1.0,1.0,0.9999585,0.9999999999999268,0.9694939919307094,0.9983469135392308,0.9933071490757153,0.9890130573694068
742,1,1.0,1.0,1.0,1.0,1.0,1.0,1.0,0.9999726,0.9999999999999473,0.9694749421580001,0.9916233555396038,0.9933071490757153,0.9890130573694068
743,1,1.0,1.0,1.0,1.0,1.0,1.0,1.0,1.0,0.9999999999998292,0.9693698262475083,0.9898069196996704,0.9933071490757153,0.9890130573694068
744,1,1.0,1.0,1.0,1.0,1.0,1.0,1.0,0.99999845,0.9999999999998177,0.9693932893070606,0.9402087202483198,0.9933071490757153,0.9890130573694068
745,1,1.0,1.0,1.0,1.0,1.0,1.0,1.0,0.9964586,0.9999999999999576,0.9695390909380758,0.9915073481917241,0.9933071490757153,0.9890130573694068
746,1,1.0,1.0,1.0,1.0,1.0,1.0,1.0,1.0,0.9999999999999644,0.9695089763935214,0.8343638027218278,0.9933071490757153,0.9890130573694068
747,1,1.0,1.0,1.0,1.0,1.0,1.0,1.0,0.99999964,0.9999999999999228,0.9694494106821899,0.9797232053679574,0.9933071490757153,0.9890130573694068
748,1,1.0,1.0,1.0,1.0,1.0,1.0,1.0,1.0,0.9999999999998879,0.9695437170338581,0.9947257486912933,0.9933071490757153,0.9890130573694068
749,1,1.0,1.0,1.0,1.0,1.0,1.0,1.0,1.0,0.9999999999999507,0.9695055087063849,0.9708606748355607,0.9933071490757153,0.9890130573694068
750,1,1.0,1.0,1.0,1.0,1.0,1.0,1.0,1.0,0.9999999999999585,0.9695227348569538,0.9810407131437395,0.9933071490757153,0.9890130573694068
751,1,1.0,1.0,1.0,1.0,1.0,1.0,1.0,1.0,0.9999999999999679,0.9694603390252732,0.777883614251681,0.9933071490757153,0.9890130573694068
752,1,1.0,1.0,1.0,1.0,1.0,1.0,1.0,1.0,0.9999999999999668,0.96942699217386,0.9779578587365787,0.9933071490757153,0.9890130573694068
753,1,1.0,1.0,1.0,1.0,1.0,1.0,1.0,0.9999999,0.9999999999999695,0.9695085755413951,0.9992660901265609,0.9933071490757153,0.9890130573694068
754,1,1.0,1.0,1.0,1.0,1.0,1.0,1.0,1.0,0.9999999999999658,0.969469141309011,0.9807790849911555,0.9933071490757153,0.9890130573694068
755,1,1.0,1.0,1.0,1.0,1.0,1.0,1.0,1.0,0.9999999999999614,0.9694549774297668,0.9945311123996511,0.9933071490757153,0.9890130573694068
756,1,1.0,1.0,1.0,1.0,1.0,1.0,1.0,1.0,0.9999999999999439,0.9695020834159267,0.9959723248127641,0.9933071490757153,0.9890130573694068
757,1,1.0,1.0,1.0,1.0,1.0,1.0,1.0,1.0,0.9999999999999568,0.9694315818933464,0.9933259729516258,0.9933071490757153,0.9890130573694068
758,1,1.0,1.0,1.0,1.0,1.0,1.0,1.0,0.95389265,0.9999999999999427,0.9695221108100879,0.9511334193575761,0.9933071490757153,0.9890130573694068
759,1,1.0,1.0,1.0,1.0,1.0,1.0,1.0,1.0,0.9999999999998567,0.9695205692774324,0.9152593670984285,0.9933071490757153,0.9890130573694068
760,1,1.0,1.0,1.0,1.0,1.0,1.0,1.0,0.9999995,0.9999999999999428,0.9695053539175729,0.9728454402313627,0.9933071490757153,0.9890130573694068
761,1,0.0,1.0,1.0,1.0,0.0,0.0,1.0,0.118427955,0.9999999999999587,0.9694121806172834,0.7940229334779203,0.9933071490757153,0.9890130573694068
762,1,1.0,1.0,1.0,1.0,1.0,1.0,1.0,0.9999988,0.9999999999999633,0.9694781244757056,0.980829147223609,0.9933071490757153,0.9890130573694068
763,1,1.0,1.0,1.0,1.0,1.0,1.0,1.0,1.0,0.9999999999999657,0.9694436274573601,0.9985225863445687,0.9933071490757153,0.9890130573694068
764,1,1.0,1.0,1.0,1.0,1.0,1.0,1.0,1.0,0.99999999999997,0.969421402988891,0.998599409514803,0.9933071490757153,0.9890130573694068
765,1,1.0,1.0,1.0,1.0,1.0,1.0,1.0,0.9999099,0.9999999999999697,0.9694673602629035,0.9720665014035661,0.9933071490757153,0.9890130573694068
766,1,1.0,1.0,1.0,1.0,1.0,1.0,1.0,1.0,0.9999999999999699,0.9694719198410348,0.9968664517822112,0.9933071490757153,0.9890130573694068
767,1,1.0,1.0,1.0,1.0,1.0,1.0,1.0,0.99999213,0.9999999999998622,0.9693946901042524,0.9990257050392215,0.9933071490757153,0.9890130573694068
768,1,1.0,1.0,1.0,1.0,1.0,1.0,1.0,1.0,0.9999999999999626,0.9694437417967645,0.5561065307185673,0.9933071490757153,0.9890130573694068
769,1,1.0,1.0,1.0,1.0,1.0,1.0,1.0,0.99981683,0.9999999999998894,0.9694845257153651,0.9718834432625131,0.9933071490757153,0.9890130573694068
770,1,1.0,1.0,1.0,1.0,1.0,1.0,1.0,1.0,0.9999999999999627,0.9694101565330864,0.9004883758947761,0.9933071490757153,0.9890130573694068
771,1,1.0,1.0,1.0,1.0,1.0,1.0,1.0,1.0,0.9999999999999584,0.969470001753517,0.9886611534789715,0.9933071490757153,0.9890130573694068
772,1,1.0,1.0,1.0,1.0,1.0,1.0,1.0,1.0,0.9999999999999627,0.9694152637107022,0.9968911334926136,0.9933071490757153,0.9890130573694068
773,1,1.0,1.0,1.0,1.0,1.0,1.0,1.0,1.0,0.9999999999999675,0.9694944684779744,0.9995709982075783,0.9933071490757153,0.9890130573694068
774,1,1.0,1.0,1.0,1.0,1.0,1.0,1.0,1.0,0.9999999999999646,0.9693997066590581,0.9442088087453052,0.9933071490757153,0.9890130573694068
775,1,1.0,1.0,1.0,1.0,1.0,1.0,1.0,1.0,0.99999999999997,0.9694860362941119,0.9953335183259194,0.9933071490757153,0.9890130573694068
776,1,1.0,1.0,1.0,1.0,1.0,1.0,1.0,1.0,0.99999999999997,0.9695429952035898,0.999850104293133,0.9933071490757153,0.9890130573694068
777,1,1.0,1.0,1.0,1.0,1.0,1.0,1.0,1.0,0.99999999999997,0.9695740191515376,0.953540421649482,0.9933071490757153,0.9890130573694068
778,1,1.0,1.0,1.0,1.0,1.0,1.0,1.0,0.7532616,0.99999999999997,0.9693948649747341,0.7082152780171436,0.9933071490757153,0.9890130573694068
779,1,1.0,1.0,1.0,1.0,1.0,1.0,1.0,1.0,0.99999999999997,0.9693795628294961,0.9703647262473075,0.9933071490757153,0.9890130573694068
780,1,1.0,1.0,1.0,1.0,1.0,1.0,1.0,1.0,0.99999999999997,0.9694507583115298,0.9959723248127641,0.9933071490757153,0.9890130573694068
781,1,1.0,1.0,1.0,1.0,1.0,1.0,1.0,1.0,0.99999999999997,0.9694368253567686,0.9987513354456483,0.9933071490757153,0.9890130573694068
782,1,1.0,1.0,1.0,1.0,1.0,1.0,1.0,1.0,0.99999999999997,0.96943030051406,0.9916640801484449,0.9933071490757153,0.9890130573694068
783,1,1.0,1.0,1.0,1.0,1.0,1.0,1.0,0.99995625,0.99999999999997,0.9694244620981382,0.9767727587170463,0.9933071490757153,0.9890130573694068
784,1,1.0,1.0,1.0,1.0,1.0,1.0,1.0,0.9997688,0.99999999999997,0.9694362239971355,0.9389052360885237,0.9933071490757153,0.9890130573694068
785,1,1.0,1.0,1.0,1.0,1.0,1.0,1.0,1.0,0.99999999999997,0.969471471262149,0.8894206904339861,0.9933071490757153,0.9890130573694068
786,1,1.0,1.0,1.0,1.0,1.0,1.0,1.0,1.0,0.99999999999997,0.9694945685056793,0.9995709982075783,0.9933071490757153,0.9890130573694068
787,1,1.0,1.0,1.0,1.0,1.0,1.0,1.0,1.0,0.99999999999997,0.9693898462191761,0.9922262959205852,0.9933071490757153,0.9890130573694068
788,1,1.0,1.0,1.0,1.0,1.0,1.0,1.0,1.0,0.99999999999997,0.9694568945192557,0.9889619477713655,0.9933071490757153,0.9890130573694068
789,1,1.0,1.0,1.0,1.0,1.0,1.0,1.0,0.9999474,0.99999999999997,0.9695524596351036,0.8703637490889292,0.9933071490757153,0.9890130573694068
790,1,1.0,1.0,1.0,1.0,1.0,1.0,1.0,1.0,0.99999999999997,0.9694385961177524,0.9975377304543713,0.9933071490757153,0.9890130573694068
791,1,1.0,1.0,1.0,1.0,1.0,1.0,1.0,0.994052,0.99999999999997,0.9694457920408582,0.9974407219656263,0.9933071490757153,0.9890130573694068
792,1,1.0,1.0,1.0,1.0,1.0,1.0,1.0,0.9997688,0.99999999999997,0.9694785765276734,0.9389052360885237,0.9933071490757153,0.9890130573694068
793,1,1.0,1.0,1.0,1.0,1.0,1.0,1.0,1.0,0.99999999999997,0.969440713240937,0.6982152611046035,0.9933071490757153,0.9890130573694068
794,1,1.0,1.0,1.0,1.0,1.0,1.0,1.0,1.0,0.99999999999997,0.9694843967526051,0.8253673484226914,0.9933071490757153,0.9890130573694068
795,1,1.0,1.0,1.0,1.0,1.0,1.0,1.0,0.99924254,0.99999999999997,0.9694086034710919,0.9985192374703561,0.9933071490757153,0.9890130573694068
796,1,1.0,1.0,1.0,1.0,1.0,1.0,1.0,1.0,0.99999999999997,0.9695039556089345,0.9997786133656323,0.9933071490757153,0.9890130573694068
797,1,1.0,1.0,1.0,1.0,1.0,1.0,1.0,0.99996686,0.99999999999997,0.9694513879355475,0.9848579002532036,0.9933071490757153,0.9890130573694068
798,1,1.0,1.0,1.0,1.0,1.0,1.0,1.0,1.0,0.99999999999997,0.969519831278587,0.9994534991285807,0.9933071490757153,0.9890130573694068
799,1,1.0,1.0,1.0,1.0,1.0,1.0,1.0,1.0,0.99999999999997,0.969492509944201,0.9589504447476522,0.9933071490757153,0.9890130573694068
800,1,1.0,1.0,1.0,1.0,1.0,1.0,1.0,1.0,0.99999999999997,0.9694677697256304,0.99947129670321,0.9933071490757153,0.9890130573694068
801,1,1.0,1.0,1.0,1.0,1.0,1.0,1.0,1.0,0.99999999999997,0.9694453050708105,0.9985578647082707,0.9933071490757153,0.9890130573694068
802,1,1.0,1.0,1.0,1.0,1.0,1.0,1.0,1.0,0.99999999999997,0.9694700991815701,0.998599409514803,0.9933071490757153,0.9890130573694068
803,1,0.0,1.0,1.0,1.0,0.0,0.0,1.0,0.0012539076,0.99999999999997,0.9694423166861259,0.7717042860040915,0.9933071490757153,0.9890130573694068
804,1,1.0,1.0,1.0,1.0,1.0,1.0,1.0,0.9999999,0.99999999999997,0.9694942931340244,0.9969011700302671,0.9933071490757153,0.9890130573694068
805,1,1.0,1.0,1.0,1.0,1.0,1.0,1.0,1.0,0.99999999999997,0.9694085878263377,0.9834107582807888,0.9933071490757153,0.9890130573694068
806,1,1.0,1.0,1.0,1.0,1.0,1.0,1.0,0.9998722,0.99999999999997,0.9695176610378773,0.8600751005582272,0.9933071490757153,0.9890130573694068
807,1,1.0,1.0,1.0,1.0,1.0,1.0,1.0,1.0,0.99999999999997,0.9695172196305809,0.89132174362642,0.9933071490757153,0.9890130573694068
808,1,1.0,1.0,1.0,1.0,1.0,1.0,1.0,0.99999654,0.99999999999997,0.969468565260753,0.9951867161137676,0.9933071490757153,0.9890130573694068
809,1,1.0,1.0,1.0,1.0,1.0,1.0,1.0,1.0,0.99999999999997,0.9695420811959227,0.9849401474637541,0.9933071490757153,0.9890130573694068
810,1,1.0,1.0,1.0,1.0,1.0,1.0,1.0,0.9999993,0.99999999999997,0.9694068701058709,0.9968474743923036,0.9933071490757153,0.9890130573694068
811,1,1.0,1.0,1.0,1.0,1.0,1.0,1.0,0.9999994,0.99999999999997,0.9695043314016615,0.9715152635107532,0.9933071490757153,0.9890130573694068
812,1,1.0,0.8666666666666667,1.0,1.0,1.0,1.0,1.0,0.84459525,0.9732626210544782,0.8266444380095668,0.7900879934083906,0.9933071490757153,0.9890130573694068
813,0,1.0,0.95,1.0,1.0,1.0,1.0,1.0,5.9024354e-09,0.12209765326836056,0.01792889643130336,0.9937303750222526,0.9933071490757153,0.9890130573694068
814,0,1.0,0.9833333333333333,1.0,1.0,0.0,0.0,1.0,6.510694e-10,0.33652783928717184,0.31446366513841967,0.9937324282736427,0.9933071490757153,0.9890130573694068
815,1,1.0,1.0,1.0,1.0,1.0,1.0,1.0,1.0,0.9999999999999614,0.9540927825845407,0.9993075318279533,0.9933071490757153,0.9890130573694068
816,1,1.0,1.0,1.0,1.0,1.0,1.0,1.0,1.0,0.9999999999999695,0.9542052394628852,0.9911357466633574,0.9933071490757153,0.9890130573694068
817,1,1.0,1.0,1.0,1.0,1.0,1.0,1.0,1.0,0.99999999999997,0.954032608307864,0.9991065816063807,0.9933071490757153,0.9890130573694068
818,1,1.0,1.0,1.0,1.0,1.0,1.0,1.0,1.0,0.99999999999997,0.9542451887552998,0.6180199338147758,0.9933071490757153,0.9890130573694068
819,1,1.0,1.0,1.0,1.0,1.0,1.0,1.0,0.999998,0.99999999999997,0.9540584195650194,0.9827241642341763,0.9933071490757153,0.9890130573694068
820,1,1.0,1.0,1.0,1.0,1.0,1.0,1.0,0.9999999,0.99999999999997,0.9542274562584733,0.999448420024223,0.9933071490757153,0.9890130573694068
821,1,1.0,1.0,1.0,1.0,1.0,1.0,1.0,1.0,0.99999999999997,0.9541711761104344,0.994922028021858,0.9933071490757153,0.9890130573694068
822,1,1.0,1.0,1.0,1.0,1.0,1.0,1.0,1.0,0.99999999999997,0.9540408186143805,0.8343638027218278,0.9933071490757153,0.9890130573694068
823,1,1.0,1.0,1.0,1.0,1.0,1.0,1.0,1.0,0.99999999999997,0.9541322769687327,0.9978133764845403,0.9933071490757153,0.9890130573694068
824,1,1.0,1.0,1.0,1.0,1.0,1.0,1.0,1.0,0.99999999999997,0.9541932941940231,0.9998261361087354,0.9933071490757153,0.9890130573694068
825,1,1.0,0.9666666666666667,1.0,1.0,1.0,1.0,1.0,1.0,0.8208739419609482,0.7727550266432447,0.9993486359433033,0.9933071490757153,0.9890130573694068
826,1,1.0,1.0,1.0,1.0,1.0,1.0,1.0,1.0,0.7876448694439343,0.7494931943120329,0.9488285726062481,0.9933071490757153,0.9890130573694068
827,1,1.0,1.0,1.0,1.0,1.0,1.0,1.0,1.0,0.99999999999997,0.9518894133828845,0.9979521728029752,0.9933071490757153,0.9890130573694068
828,1,1.0,1.0,1.0,1.0,1.0,1.0,1.0,0.9999999,0.99999999999997,0.9518304255189391,0.852413884025049,0.9933071490757153,0.9890130573694068
829,1,1.0,1.0,1.0,1.0,1.0,1.0,1.0,1.0,0.99999999999997,0.9518535370601046,0.9995728893995548,0.9933071490757153,0.9890130573694068
830,1,1.0,1.0,1.0,1.0,1.0,1.0,1.0,0.9999999,0.99999999999997,0.9517415758588788,0.852413884025049,0.9933071490757153,0.9890130573694068
831,1,1.0,1.0,1.0,1.0,1.0,1.0,1.0,0.9999646,0.99999999999997,0.9519030727270313,0.8071260423747069,0.9933071490757153,0.9890130573694068
832,1,1.0,1.0,1.0,1.0,1.0,1.0,1.0,1.0,0.99999999999997,0.9518728305117709,0.9973764903928362,0.9933071490757153,0.9890130573694068
833,1,1.0,1.0,1.0,1.0,1.0,1.0,1.0,0.9999976,0.99999999999997,0.9519681177502926,0.9997428013212655,0.9933071490757153,0.9890130573694068
834,1,1.0,1.0,1.0,1.0,1.0,1.0,1.0,1.0,0.99999999999997,0.9517653874525169,0.960878499878482,0.9933071490757153,0.9890130573694068
835,1,1.0,1.0,1.0,1.0,1.0,1.0,1.0,1.0,0.99999999999997,0.9519267061780489,0.9939013767244443,0.9933071490757153,0.9890130573694068
836,1,1.0,1.0,1.0,1.0,1.0,1.0,1.0,1.0,0.99999999999997,0.951872247493789,0.9988181848705252,0.9933071490757153,0.9890130573694068
837,1,1.0,1.0,1.0,1.0,1.0,0.0,1.0,0.642584,0.99999999999997,0.9518584564799556,0.9998852817449227,0.9933071490757153,0.9890130573694068
838,1,1.0,1.0,1.0,1.0,1.0,1.0,1.0,1.0,0.99999999999997,0.9519026028291855,0.9963420132546233,0.9933071490757153,0.9890130573694068
839,1,1.0,1.0,1.0,1.0,1.0,1.0,1.0,1.0,0.99999999999997,0.951912924805054,0.7783637834582099,0.9933071490757153,0.9890130573694068
840,1,1.0,1.0,1.0,1.0,1.0,1.0,1.0,0.99990666,0.99999999999997,0.9519075052882241,0.7866891267407105,0.9933071490757153,0.9890130573694068
841,1,1.0,1.0,1.0,1.0,1.0,1.0,1.0,0.99999964,0.99999999999997,0.9519031228241978,0.5532423975531677,0.9933071490757153,0.9890130573694068
842,1,1.0,1.0,1.0,1.0,1.0,1.0,1.0,0.99999917,0.99999999999997,0.9518404539057184,0.4416199599916231,0.9933071490757153,0.9890130573694068
843,1,1.0,1.0,1.0,1.0,1.0,1.0,1.0,1.0,0.99999999999997,0.9517958438757398,0.9420372454368549,0.9933071490757153,0.9890130573694068
844,1,1.0,1.0,1.0,1.0,1.0,1.0,1.0,1.0,0.99999999999997,0.9517932309979465,0.7387567492043924,0.9933071490757153,0.9890130573694068
845,1,1.0,1.0,1.0,1.0,1.0,1.0,1.0,0.9999945,0.99999999999997,0.9519503242537336,0.9996065473638286,0.9933071490757153,0.9890130573694068
846,1,1.0,1.0,1.0,1.0,1.0,1.0,1.0,0.9998148,0.99999999999997,0.9518629124730366,0.9565407929458163,0.9933071490757153,0.9890130573694068
847,1,1.0,1.0,1.0,1.0,1.0,1.0,1.0,0.99924636,0.99999999999997,0.9518405775901134,0.9856276424356207,0.9933071490757153,0.9890130573694068
848,1,1.0,1.0,1.0,1.0,1.0,1.0,1.0,1.0,0.99999999999997,0.951777551358277,0.8115226939651581,0.9933071490757153,0.9890130573694068
849,1,1.0,1.0,1.0,1.0,1.0,1.0,1.0,0.99999964,0.99999999999997,0.9518355301919441,0.9755829287641155,0.9933071490757153,0.9890130573694068
850,1,1.0,1.0,1.0,1.0,1.0,1.0,1.0,1.0,0.99999999999997,0.9518944031424402,0.9943239185061638,0.9933071490757153,0.9890130573694068
851,1,1.0,1.0,1.0,1.0,1.0,1.0,1.0,1.0,0.99999999999997,0.9519667667297098,0.9503783446684738,0.9933071490757153,0.9890130573694068
852,1,1.0,1.0,1.0,1.0,1.0,1.0,1.0,1.0,0.99999999999997,0.9518998807261646,0.9869898212994083,0.9933071490757153,0.9890130573694068
853,1,1.0,1.0,1.0,1.0,1.0,1.0,1.0,0.99999654,0.99999999999997,0.9519648838649848,0.9951867161137676,0.9933071490757153,0.9890130573694068
854,1,1.0,1.0,1.0,1.0,1.0,1.0,1.0,0.9999995,0.99999999999997,0.9517525895485598,0.9949319332992937,0.9933071490757153,0.9890130573694068
855,1,1.0,1.0,1.0,1.0,1.0,1.0,1.0,1.0,0.99999999999997,0.9517743893075158,0.9980476927783568,0.9933071490757153,0.9890130573694068
856,1,1.0,1.0,1.0,1.0,1.0,1.0,1.0,0.99909043,0.99999999999997,0.9519282686952452,0.9267641762667997,0.9933071490757153,0.9890130573694068
857,1,1.0,1.0,1.0,1.0,1.0,1.0,1.0,1.0,0.99999999999997,0.9517498013471265,0.971740291806849,0.9933071490757153,0.9890130573694068
858,1,0.0,1.0,1.0,1.0,0.0,0.0,1.0,0.20783812,0.99999999999997,0.9518315766310957,0.8885901450321682,0.9933071490757153,0.9890130573694068
859,1,1.0,1.0,1.0,1.0,1.0,1.0,1.0,0.9999474,0.99999999999997,0.9520045219423123,0.8703637490889292,0.9933071490757153,0.9890130573694068
860,1,1.0,1.0,1.0,1.0,1.0,1.0,1.0,1.0,0.99999999999997,0.9519487992941028,0.884208301577366,0.9933071490757153,0.9890130573694068
861,1,1.0,1.0,1.0,1.0,1.0,1.0,1.0,1.0,0.99999999999997,0.9517451827311844,0.9301409614548177,0.9933071490757153,0.9890130573694068
862,1,1.0,1.0,1.0,1.0,1.0,1.0,1.0,1.0,0.99999999999997,0.951926113093368,0.9566587225470251,0.9933071490757153,0.9890130573694068
863,1,1.0,1.0,1.0,1.0,1.0,1.0,1.0,1.0,0.99999999999997,0.9518677486005827,0.9968394154821897,0.9933071490757153,0.9890130573694068
864,1,1.0,1.0,1.0,1.0,1.0,1.0,1.0,0.99999964,0.99999999999997,0.9519921093780056,0.975478069297065,0.9933071490757153,0.9890130573694068
865,1,1.0,1.0,1.0,1.0,1.0,1.0,1.0,1.0,0.99999999999997,0.9520229986547882,0.9954328690064986,0.9933071490757153,0.9890130573694068
866,1,1.0,1.0,1.0,1.0,1.0,1.0,1.0,0.9453398,0.99999999999997,0.9519070058740493,0.9823268531928321,0.9933071490757153,0.9890130573694068
867,1,1.0,1.0,1.0,1.0,1.0,1.0,1.0,0.9999428,0.99999999999997,0.9518227785549669,0.9635043086147345,0.9933071490757153,0.9890130573694068
868,1,1.0,1.0,1.0,1.0,1.0,1.0,1.0,1.0,0.99999999999997,0.9517724208409056,0.9951480158457396,0.9933071490757153,0.9890130573694068
869,1,1.0,1.0,1.0,1.0,1.0,1.0,1.0,1.0,0.99999999999997,0.951909938031793,0.999008556451352,0.9933071490757153,0.9890130573694068
870,1,1.0,1.0,1.0,1.0,1.0,1.0,1.0,1.0,0.99999999999997,0.9519243329575722,0.8858185212335951,0.9933071490757153,0.9890130573694068
871,1,1.0,1.0,1.0,1.0,1.0,1.0,1.0,1.0,0.99999999999997,0.9519719797568791,0.9952124579518058,0.9933071490757153,0.9890130573694068
872,1,1.0,1.0,1.0,1.0,1.0,1.0,1.0,1.0,0.99999999999997,0.9518104990759878,0.971217112825317,0.9933071490757153,0.9890130573694068
873,1,1.0,1.0,1.0,1.0,1.0,1.0,1.0,1.0,0.99999999999997,0.9518110032744563,0.9696980906426843,0.9933071490757153,0.9890130573694068
874,1,1.0,1.0,1.0,1.0,1.0,1.0,1.0,1.0,0.99999999999997,0.9519822674324568,0.9902327354675645,0.9933071490757153,0.9890130573694068
875,1,1.0,1.0,1.0,1.0,1.0,1.0,1.0,0.99454486,0.99999999999997,0.9518967047707119,0.9997480724521922,0.9933071490757153,0.9890130573694068
876,1,1.0,1.0,1.0,1.0,1.0,1.0,1.0,1.0,0.99999999999997,0.9518228286710976,0.995705972815073,0.9933071490757153,0.9890130573694068
877,1,1.0,1.0,1.0,1.0,1.0,1.0,1.0,1.0,0.99999999999997,0.9519795740520941,0.9975318705174454,0.9933071490757153,0.9890130573694068
878,1,1.0,1.0,1.0,1.0,1.0,1.0,1.0,1.0,0.99999999999997,0.9517948586240227,0.9771750040561795,0.9933071490757153,0.9890130573694068
879,1,1.0,1.0,1.0,1.0,1.0,1.0,1.0,0.99975055,0.99999999999997,0.9518344371799343,0.9945150666885579,0.9933071490757153,0.9890130573694068
880,1,1.0,0.9666666666666667,1.0,1.0,1.0,1.0,1.0,0.99999213,0.8386030905094949,0.7495215212152098,0.9990257050392215,0.9933071490757153,0.9890130573694068
881,0,1.0,1.0,1.0,1.0,1.0,1.0,1.0,6.2887744e-11,0.024742051895447363,0.018013415689332225,0.947529615912967,0.9933071490757153,0.9890130573694068
882,0,1.0,1.0,1.0,1.0,1.0,1.0,1.0,5.9445018e-08,0.004468599509063103,0.01798171649814356,0.9966155355659853,0.9933071490757153,0.9890130573694068
883,0,1.0,1.0,1.0,1.0,1.0,1.0,1.0,4.050611e-13,0.0037524780192420134,0.017983658498660772,0.9999738674658801,0.9933071490757153,0.9890130573694068
884,0,1.0,1.0,1.0,1.0,1.0,1.0,1.0,0.010724382,0.004137724464406018,0.018009317722144626,0.9947831447725967,0.9933071490757153,0.9890130573694068
885,0,1.0,1.0,1.0,1.0,1.0,1.0,1.0,0.24716257,0.004995919576171415,0.01799261001957962,0.9928439216578921,0.9933071490757153,0.9890130573694068
886,0,1.0,1.0,1.0,1.0,1.0,1.0,1.0,2.8969594e-11,0.0033300597414538486,0.017992332707074017,0.9923473639240717,0.9933071490757153,0.9890130573694068
887,0,1.0,1.0,1.0,1.0,1.0,1.0,1.0,3.8669832e-14,0.003920909569021468,0.01798072218779035,0.9994551070751386,0.9933071490757153,0.9890130573694068
888,0,1.0,1.0,1.0,1.0,1.0,1.0,1.0,5.148301e-10,0.004468051886296233,0.017991452499099038,0.9998547016008598,0.9933071490757153,0.9890130573694068
889,0,1.0,1.0,1.0,1.0,1.0,1.0,1.0,2.2455274e-06,0.004648971951886779,0.017972060534621585,0.9999169352888644,0.9933071490757153,0.9890130573694068
890,0,1.0,1.0,1.0,1.0,1.0,1.0,1.0,0.010724382,0.005064021837836548,0.01801570502543544,0.9947831447725967,0.9933071490757153,0.9890130573694068
891,0,1.0,1.0,1.0,1.0,1.0,1.0,1.0,4.3170695e-17,0.0036496063310332764,0.017963151263704447,0.9995796105850737,0.9933071490757153,0.9890130573694068
892,0,1.0,1.0,1.0,1.0,1.0,1.0,1.0,0.0014032612,0.004227060970552268,0.01796555050180992,0.9902873667769994,0.9933071490757153,0.9890130573694068
893,0,1.0,1.0,1.0,1.0,1.0,1.0,1.0,0.0057401382,0.005234835980163359,0.01800941408418645,0.9975786345663956,0.9933071490757153,0.9890130573694068
894,0,1.0,1.0,1.0,1.0,1.0,1.0,1.0,1.5315681e-08,0.004223917248561147,0.01798724837033432,0.9953324891808154,0.9933071490757153,0.9890130573694068
895,0,1.0,1.0,1.0,1.0,1.0,1.0,1.0,7.0933897e-12,0.0038573252876675603,0.017971070748912635,0.9988938997631418,0.9933071490757153,0.9890130573694068
896,0,1.0,1.0,1.0,1.0,0.0,0.0,1.0,4.8821308e-17,0.3857562266510544,0.38962727806121583,0.9593399269717451,0.9933071490757153,0.9890130573694068
897,1,1.0,1.0,1.0,1.0,1.0,1.0,1.0,1.0,0.99999999999997,0.9875303128058784,0.9923029666005819,0.9933071490757153,0.9890130573694068
898,1,1.0,1.0,1.0,1.0,1.0,1.0,1.0,1.0,0.99999999999997,0.9875117129184647,0.9893606989638254,0.9933071490757153,0.9890130573694068
899,1,1.0,1.0,1.0,1.0,1.0,1.0,1.0,1.0,0.99999999999997,0.987511811152037,0.9834107582807888,0.9933071490757153,0.9890130573694068
900,1,1.0,1.0,1.0,1.0,1.0,1.0,1.0,1.0,0.99999999999997,0.9875184626676685,0.9981332924480197,0.9933071490757153,0.9890130573694068
901,1,1.0,1.0,1.0,1.0,1.0,1.0,1.0,0.9999583,0.99999999999997,0.9875445343285761,0.9743710436115257,0.9933071490757153,0.9890130573694068
902,1,1.0,1.0,1.0,1.0,1.0,1.0,1.0,1.0,0.99999999999997,0.9875528648009702,0.9703647262473075,0.9933071490757153,0.9890130573694068
903,1,1.0,1.0,1.0,1.0,1.0,1.0,1.0,0.9999994,0.99999999999997,0.9875644999210016,0.5399796203406995,0.9933071490757153,0.9890130573694068
904,1,1.0,1.0,1.0,1.0,1.0,1.0,1.0,1.0,0.99999999999997,0.9874974995004512,0.9911357466633574,0.9933071490757153,0.9890130573694068
905,0,1.0,0.9833333333333333,1.0,1.0,0.0,1.0,1.0,6.5322037e-13,0.26872483191009344,0.26037230316844356,0.9890808243106946,0.9933071490757153,0.9890130573694068
906,1,1.0,1.0,1.0,1.0,1.0,1.0,1.0,1.0,0.9667581509484385,0.9239238969636325,0.9991952088664012,0.9933071490757153,0.9890130573694068
907,1,1.0,1.0,1.0,1.0,1.0,1.0,1.0,0.9999604,0.99999999999997,0.9552848107116909,0.9791430034305112,0.9933071490757153,0.9890130573694068
908,1,1.0,1.0,1.0,1.0,1.0,1.0,1.0,0.9999999,0.99999999999997,0.9552818869761425,0.8978241258894561,0.9933071490757153,0.9890130573694068
909,1,1.0,1.0,1.0,1.0,1.0,1.0,1.0,1.0,0.99999999999997,0.9553728764675137,0.9475763399486578,0.9933071490757153,0.9890130573694068
910,1,1.0,1.0,1.0,1.0,1.0,1.0,1.0,1.0,0.99999999999997,0.9553907950381875,0.990742028185826,0.9933071490757153,0.9890130573694068
911,1,1.0,1.0,1.0,1.0,1.0,1.0,1.0,0.99997294,0.99999999999997,0.9552852275794942,0.9356420825804335,0.9933071490757153,0.9890130573694068
912,1,1.0,1.0,1.0,1.0,1.0,1.0,1.0,1.0,0.99999999999997,0.9552368196456656,0.9914913073591773,0.9933071490757153,0.9890130573694068
913,1,1.0,1.0,1.0,1.0,1.0,1.0,1.0,1.0,0.99999999999997,0.9553026760101608,0.9443634466745817,0.9933071490757153,0.9890130573694068
914,1,1.0,1.0,1.0,1.0,1.0,1.0,1.0,1.0,0.99999999999997,0.9553487104575213,0.9936234988155211,0.9933071490757153,0.9890130573694068
915,1,1.0,1.0,1.0,1.0,1.0,1.0,1.0,1.0,0.99999999999997,0.9552934645965566,0.9074013470719665,0.9933071490757153,0.9890130573694068
916,1,1.0,1.0,1.0,1.0,1.0,1.0,1.0,1.0,0.99999999999997,0.9553097203560503,0.9891274050056654,0.9933071490757153,0.9890130573694068
917,1,1.0,1.0,1.0,1.0,1.0,1.0,1.0,1.0,0.99999999999997,0.9553331971948561,0.9987195194109512,0.9933071490757153,0.9890130573694068
918,1,1.0,1.0,1.0,1.0,1.0,1.0,1.0,0.99999774,0.99999999999997,0.9553618562029574,0.9679323430729347,0.9933071490757153,0.9890130573694068
919,1,1.0,1.0,1.0,1.0,1.0,1.0,1.0,1.0,0.99999999999997,0.9552966181783146,0.9982886670344153,0.9933071490757153,0.9890130573694068
920,1,1.0,1.0,1.0,1.0,1.0,1.0,1.0,1.0,0.99999999999997,0.955216252023466,0.9972086901972916,0.9933071490757153,0.9890130573694068
921,1,1.0,1.0,1.0,1.0,1.0,1.0,1.0,1.0,0.99999999999997,0.9553071144106824,0.702048842944432,0.9933071490757153,0.9890130573694068
922,1,1.0,1.0,1.0,1.0,1.0,1.0,1.0,0.9999981,0.99999999999997,0.9553258077400392,0.9657870074881826,0.9933071490757153,0.9890130573694068
923,1,1.0,1.0,1.0,1.0,1.0,1.0,1.0,1.0,0.99999999999997,0.9553387802015045,0.9969542583411319,0.9933071490757153,0.9890130573694068
924,1,1.0,1.0,1.0,1.0,1.0,1.0,1.0,1.0,0.99999999999997,0.955361775534951,0.9938736283982835,0.9933071490757153,0.9890130573694068
925,1,1.0,1.0,1.0,1.0,1.0,1.0,1.0,0.9999721,0.99999999999997,0.9552037482536363,0.9657025148112126,0.9933071490757153,0.9890130573694068
926,1,1.0,1.0,1.0,1.0,1.0,1.0,1.0,0.99999964,0.99999999999997,0.9553641870015691,0.9755829287641155,0.9933071490757153,0.9890130573694068
927,0,1.0,0.6166666666666667,1.0,1.0,0.0,0.0,1.0,2.648847e-12,0.6566963194051431,0.2835851419502393,0.9990814932699816,0.9933071490757153,0.9890130573694068
928,0,1.0,1.0,1.0,1.0,1.0,1.0,1.0,4.6067694e-06,0.02471774373423159,0.018005672061321792,0.9962442069690413,0.9933071490757153,0.9890130573694068
929,1,1.0,1.0,1.0,1.0,1.0,1.0,1.0,1.0,0.9999999999999687,0.9898629665031099,0.9993886879251982,0.9933071490757153,0.9890130573694068
930,1,1.0,1.0,1.0,1.0,1.0,1.0,1.0,1.0,0.99999999999997,0.9899143849483917,0.9991065816063807,0.9933071490757153,0.9890130573694068
931,1,1.0,1.0,1.0,1.0,1.0,1.0,1.0,1.0,0.99999999999997,0.9899017134755359,0.8322826740386946,0.9933071490757153,0.9890130573694068
932,1,1.0,1.0,1.0,1.0,1.0,1.0,1.0,0.99999845,0.99999999999997,0.9899230905024918,0.9402087202483198,0.9933071490757153,0.9890130573694068
933,1,1.0,1.0,1.0,1.0,1.0,1.0,1.0,1.0,0.99999999999997,0.9898898216152815,0.989946272724573,0.9933071490757153,0.9890130573694068
934,1,1.0,1.0,1.0,1.0,1.0,1.0,1.0,0.9999989,0.99999999999997,0.9899097497921238,0.9981671179996457,0.9933071490757153,0.9890130573694068
935,1,1.0,1.0,1.0,1.0,1.0,1.0,1.0,0.99999714,0.99999999999997,0.9899029592351418,0.9316086858026174,0.9933071490757153,0.9890130573694068
936,1,1.0,1.0,1.0,1.0,1.0,1.0,1.0,1.0,0.99999999999997,0.9899156321002597,0.9768122754955454,0.9933071490757153,0.9890130573694068
937,1,1.0,1.0,1.0,1.0,1.0,1.0,1.0,1.0,0.99999999999997,0.9899068449563321,0.7135158882154171,0.9933071490757153,0.9890130573694068
938,1,1.0,1.0,1.0,1.0,1.0,1.0,1.0,1.0,0.99999999999997,0.9899140647804507,0.9959614558250095,0.9933071490757153,0.9890130573694068
939,1,1.0,1.0,1.0,1.0,1.0,1.0,1.0,0.99999976,0.99999999999997,0.989880884044232,0.8071877541901133,0.9933071490757153,0.9890130573694068
940,1,1.0,1.0,1.0,1.0,1.0,1.0,1.0,1.0,0.99999999999997,0.9898960354165172,0.9989839903766677,0.9933071490757153,0.9890130573694068
941,1,1.0,1.0,1.0,1.0,1.0,1.0,1.0,0.99999964,0.99999999999997,0.9898719409330711,0.8853707458530701,0.9933071490757153,0.9890130573694068
942,1,1.0,1.0,1.0,1.0,1.0,1.0,1.0,1.0,0.99999999999997,0.9898961031697923,0.9771750040561795,0.9933071490757153,0.9890130573694068
943,1,1.0,1.0,1.0,1.0,1.0,1.0,1.0,0.9999865,0.99999999999997,0.9898885580511647,0.9806669539185048,0.9933071490757153,0.9890130573694068
944,1,1.0,1.0,1.0,1.0,1.0,1.0,1.0,0.99999535,0.99999999999997,0.989878551669411,0.9783166158342678,0.9933071490757153,0.9890130573694068
945,1,1.0,1.0,1.0,1.0,1.0,1.0,1.0,0.7532616,0.99999999999997,0.9899042596729587,0.7082152780171436,0.9933071490757153,0.9890130573694068
946,1,1.0,1.0,1.0,1.0,1.0,1.0,1.0,1.0,0.99999999999997,0.9899284094760634,0.9357819365267562,0.9933071490757153,0.9890130573694068
947,1,1.0,1.0,1.0,1.0,1.0,1.0,1.0,0.9999993,0.99999999999997,0.9898936760348586,0.9702638853892602,0.9933071490757153,0.9890130573694068
948,1,1.0,1.0,1.0,1.0,1.0,1.0,1.0,0.9999999,0.99999999999997,0.9898939731161648,0.99809579642152,0.9933071490757153,0.9890130573694068
949,1,1.0,1.0,1.0,1.0,1.0,1.0,1.0,1.0,0.99999999999997,0.989911493010864,0.9558620081271904,0.9933071490757153,0.9890130573694068
950,1,1.0,1.0,1.0,1.0,1.0,1.0,1.0,1.0,0.99999999999997,0.9899213125536973,0.9997774673834056,0.9933071490757153,0.9890130573694068
951,1,1.0,1.0,1.0,1.0,1.0,1.0,1.0,0.99592495,0.99999999999997,0.9899018518111029,0.9558494990785062,0.9933071490757153,0.9890130573694068
952,1,1.0,1.0,1.0,1.0,1.0,1.0,1.0,1.0,0.99999999999997,0.9899016805524717,0.9450090289798143,0.9933071490757153,0.9890130573694068
953,1,1.0,1.0,1.0,1.0,1.0,1.0,1.0,1.0,0.99999999999997,0.9899120077129916,0.9990732886227345,0.9933071490757153,0.9890130573694068
954,1,1.0,1.0,1.0,1.0,1.0,1.0,1.0,1.0,0.99999999999997,0.9898970077908621,0.9981883038982182,0.9933071490757153,0.9890130573694068
955,1,1.0,1.0,1.0,1.0,1.0,1.0,1.0,0.9999999,0.99999999999997,0.989913165251141,0.9997413079897652,0.9933071490757153,0.9890130573694068
956,1,1.0,1.0,1.0,1.0,1.0,1.0,1.0,1.0,0.99999999999997,0.9899350557067,0.9916446018030883,0.9933071490757153,0.9890130573694068
957,1,1.0,1.0,1.0,1.0,1.0,1.0,1.0,0.99999976,0.99999999999997,0.9898986574554716,0.9331994255903383,0.9933071490757153,0.9890130573694068
958,1,1.0,1.0,1.0,1.0,1.0,1.0,1.0,0.9999099,0.99999999999997,0.9898742277379361,0.9720665014035661,0.9933071490757153,0.9890130573694068
959,1,1.0,1.0,1.0,1.0,1.0,1.0,1.0,0.8872051,0.99999999999997,0.9898970226581184,0.9929785421215213,0.9933071490757153,0.9890130573694068
960,1,1.0,1.0,1.0,1.0,1.0,1.0,1.0,1.0,0.99999999999997,0.9898838741930345,0.9954328690064986,0.9933071490757153,0.9890130573694068
961,1,1.0,1.0,1.0,1.0,1.0,1.0,1.0,0.99993825,0.99999999999997,0.989896886782027,0.9996093175663895,0.9933071490757153,0.9890130573694068
962,1,1.0,1.0,1.0,1.0,1.0,1.0,1.0,1.0,0.99999999999997,0.9898946400737985,0.5442448356969801,0.9933071490757153,0.9890130573694068
963,1,1.0,1.0,1.0,1.0,1.0,1.0,1.0,1.0,0.99999999999997,0.9898815831672206,0.9728222253088654,0.9933071490757153,0.9890130573694068
964,1,1.0,1.0,1.0,1.0,1.0,1.0,1.0,1.0,0.99999999999997,0.989918703846102,0.9954328690064986,0.9933071490757153,0.9890130573694068
965,1,0.0,1.0,1.0,1.0,0.0,0.0,1.0,0.2371935,0.99999999999997,0.9899253871738785,0.7946938322306907,0.9933071490757153,0.9890130573694068
966,1,1.0,1.0,1.0,1.0,1.0,1.0,1.0,1.0,0.99999999999997,0.9899000699586179,0.8715696181672996,0.9933071490757153,0.9890130573694068
967,1,1.0,1.0,1.0,1.0,1.0,1.0,1.0,1.0,0.99999999999997,0.9898894050543148,0.9964337157632774,0.9933071490757153,0.9890130573694068
968,1,1.0,0.7666666666666667,1.0,1.0,1.0,1.0,1.0,0.9999995,0.9908719529273011,0.7594187609888178,0.9350976926068192,0.9933071490757153,0.9890130573694068
969,1,1.0,1.0,1.0,1.0,1.0,1.0,1.0,1.0,0.99999999999997,0.9144986356027487,0.8253673484226914,0.9933071490757153,0.9890130573694068
970,1,1.0,1.0,1.0,1.0,1.0,1.0,1.0,1.0,0.99999999999997,0.9143492609190863,0.9963211810908195,0.9933071490757153,0.9890130573694068
971,1,1.0,1.0,1.0,1.0,1.0,1.0,1.0,0.9999999,0.99999999999997,0.9143957486079352,0.9659800730219696,0.9933071490757153,0.9890130573694068
972,1,1.0,1.0,1.0,1.0,1.0,1.0,1.0,1.0,0.99999999999997,0.9142548007374914,0.9997712390785425,0.9933071490757153,0.9890130573694068
973,1,1.0,1.0,1.0,1.0,1.0,1.0,1.0,0.99981683,0.99999999999997,0.9144857321201859,0.9718834432625131,0.9933071490757153,0.9890130573694068
974,1,1.0,1.0,1.0,1.0,1.0,1.0,1.0,1.0,0.99999999999997,0.9142825566486182,0.9996403155866256,0.9933071490757153,0.9890130573694068
975,1,1.0,1.0,1.0,1.0,1.0,1.0,1.0,1.0,0.99999999999997,0.914510447061157,0.9997487656180595,0.9933071490757153,0.9890130573694068
976,1,1.0,1.0,1.0,1.0,1.0,1.0,1.0,1.0,0.99999999999997,0.9145054470959468,0.8122575743093396,0.9933071490757153,0.9890130573694068
977,1,1.0,1.0,1.0,1.0,1.0,1.0,1.0,0.99731064,0.99999999999997,0.9141476833793775,0.9997332676747728,0.9933071490757153,0.9890130573694068
978,1,1.0,1.0,1.0,1.0,1.0,1.0,1.0,1.0,0.99999999999997,0.9142623804748069,0.5843540844009023,0.9933071490757153,0.9890130573694068
979,1,1.0,1.0,1.0,1.0,1.0,1.0,1.0,0.9831955,0.99999999999997,0.9142782675934659,0.9369625062182566,0.9933071490757153,0.9890130573694068
980,1,1.0,1.0,1.0,1.0,1.0,1.0,1.0,1.0,0.99999999999997,0.9142611790636026,0.9968911334926136,0.9933071490757153,0.9890130573694068
981,1,1.0,1.0,1.0,1.0,1.0,1.0,1.0,0.99998283,0.99999999999997,0.9143922118194682,0.9441498069494911,0.9933071490757153,0.9890130573694068
982,1,1.0,1.0,1.0,1.0,1.0,1.0,1.0,0.9998981,0.99999999999997,0.9144877473006642,0.8535510714306891,0.9933071490757153,0.9890130573694068
983,1,1.0,1.0,1.0,1.0,1.0,1.0,1.0,1.0,0.99999999999997,0.9143869269547118,0.9846830053757968,0.9933071490757153,0.9890130573694068
984,1,1.0,1.0,1.0,1.0,1.0,1.0,1.0,0.9999999,0.99999999999997,0.914408976948358,0.9992660901265609,0.9933071490757153,0.9890130573694068
985,1,1.0,1.0,1.0,1.0,1.0,1.0,1.0,0.9999585,0.99999999999997,0.9145150186653345,0.9983469135392308,0.9933071490757153,0.9890130573694068
986,1,1.0,1.0,1.0,1.0,1.0,1.0,1.0,0.99965036,0.99999999999997,0.914361686697769,0.7738459617482861,0.9933071490757153,0.9890130573694068
987,1,1.0,1.0,1.0,1.0,1.0,1.0,1.0,0.80314577,0.99999999999997,0.9143440332717713,0.999449674780253,0.9933071490757153,0.9890130573694068
988,1,1.0,1.0,1.0,1.0,1.0,1.0,1.0,0.99999964,0.99999999999997,0.9146373528607477,0.9941832740151826,0.9933071490757153,0.9890130573694068
989,1,1.0,1.0,1.0,1.0,1.0,1.0,1.0,1.0,0.99999999999997,0.9142340634908649,0.9868352315495382,0.9933071490757153,0.9890130573694068
990,1,0.0,1.0,1.0,1.0,0.0,0.0,1.0,0.3961969,0.99999999999997,0.9146712326198191,0.7282887219549145,0.9933071490757153,0.9890130573694068
991,1,1.0,1.0,1.0,1.0,1.0,1.0,1.0,0.9998981,0.99999999999997,0.9143928662523565,0.8535510714306891,0.9933071490757153,0.9890130573694068
992,1,1.0,1.0,1.0,1.0,1.0,1.0,1.0,1.0,0.99999999999997,0.914432802266719,0.999738682885842,0.9933071490757153,0.9890130573694068
993,1,1.0,1.0,1.0,1.0,1.0,1.0,1.0,0.9999999,0.99999999999997,0.9143336933913614,0.966659758110352,0.9933071490757153,0.9890130573694068
994,1,1.0,1.0,1.0,1.0,1.0,1.0,1.0,1.0,0.99999999999997,0.914198990071425,0.9952124579518058,0.9933071490757153,0.9890130573694068
995,1,1.0,1.0,1.0,1.0,1.0,1.0,1.0,1.0,0.99999999999997,0.9145330266062017,0.9995709982075783,0.9933071490757153,0.9890130573694068
996,1,1.0,1.0,1.0,1.0,1.0,1.0,1.0,1.0,0.99999999999997,0.9142961105353442,0.9951118454806464,0.9933071490757153,0.9890130573694068
997,1,1.0,1.0,1.0,1.0,1.0,1.0,1.0,1.0,0.99999999999997,0.9144002010127862,0.9995350296760525,0.9933071490757153,0.9890130573694068
998,1,1.0,1.0,1.0,1.0,1.0,1.0,1.0,1.0,0.99999999999997,0.9143290083986546,0.8115226939651581,0.9933071490757153,0.9890130573694068
999,1,1.0,1.0,1.0,1.0,1.0,1.0,1.0,1.0,0.99999999999997,0.9143443868974839,0.9394059938535574,0.9933071490757153,0.9890130573694068
1000,1,1.0,1.0,1.0,1.0,1.0,1.0,1.0,1.0,0.99999999999997,0.9142483182463096,0.9989975649039395,0.9933071490757153,0.9890130573694068
1001,1,1.0,1.0,1.0,1.0,1.0,1.0,1.0,0.9999999,0.99999999999997,0.914274192890728,0.9992660901265609,0.9933071490757153,0.9890130573694068
1002,1,1.0,1.0,1.0,1.0,1.0,1.0,1.0,0.9998857,0.99999999999997,0.9145064700575347,0.9692247077662743,0.9933071490757153,0.9890130573694068
1003,1,1.0,1.0,1.0,1.0,1.0,1.0,1.0,0.9999999,0.99999999999997,0.914343153484065,0.9989009328289613,0.9933071490757153,0.9890130573694068
1004,1,1.0,1.0,1.0,1.0,1.0,1.0,1.0,1.0,0.99999999999997,0.914271243291075,0.9976477622314479,0.9933071490757153,0.9890130573694068
1005,1,1.0,1.0,1.0,1.0,1.0,1.0,1.0,1.0,0.99999999999997,0.914173740335233,0.9989623870422916,0.9933071490757153,0.9890130573694068
1006,1,1.0,1.0,1.0,1.0,1.0,1.0,1.0,1.0,0.99999999999997,0.91406282534038,0.9965971201429977,0.9933071490757153,0.9890130573694068
1007,1,1.0,1.0,1.0,1.0,1.0,1.0,1.0,0.9999987,0.99999999999997,0.9141650948278345,0.9293554773292119,0.9933071490757153,0.9890130573694068
