win_idx,label,acc_v,acc_m,acc_u,acc_mv,acc_ds_eq,acc_ds_static,acc_ours,P_v,P_m,P_u,w_v,w_m,w_u
0,0,1.0,0.18333333333333332,1.0,1.0,0.0,0.0,1.0,1.3183351e-14,0.804947333696273,0.017983599099547633,0.19036576181169357,0.9933071490757153,0.9890130573694068
1,0,1.0,1.0,1.0,1.0,1.0,1.0,1.0,6.5264057e-06,0.037976398980399326,0.017999777609842133,0.25899484655910254,0.9933071490757153,0.9890130573694068
2,0,1.0,1.0,1.0,1.0,1.0,1.0,1.0,0.013915532,0.004356869632206558,0.017980979121394392,0.12636026383714605,0.9933071490757153,0.9890130573694068
3,0,1.0,1.0,1.0,1.0,1.0,1.0,1.0,1.1254101e-10,0.004058686939269279,0.017994153186201463,0.13396954590969648,0.9933071490757153,0.9890130573694068
4,0,1.0,1.0,1.0,1.0,1.0,1.0,1.0,3.9245108e-07,0.004786832133804652,0.0180109061957665,0.1715336842224797,0.9933071490757153,0.9890130573694068
5,0,1.0,1.0,1.0,1.0,1.0,1.0,1.0,2.0928706e-08,0.00442757421788015,0.018005712824834454,0.2138032281339085,0.9933071490757153,0.9890130573694068
6,0,1.0,1.0,1.0,1.0,1.0,1.0,1.0,4.8204635e-07,0.0041916038756462624,0.018015482250310706,0.26764537066177024,0.9933071490757153,0.9890130573694068
7,0,1.0,1.0,1.0,1.0,1.0,1.0,1.0,1.0450789e-11,0.004127870238663209,0.018032861524962716,0.150916888689795,0.9933071490757153,0.9890130573694068
8,0,1.0,1.0,1.0,1.0,1.0,1.0,1.0,4.096026e-05,0.003159797194285609,0.01796670669012481,0.35220018520369095,0.9933071490757153,0.9890130573694068
9,0,1.0,1.0,1.0,1.0,1.0,1.0,1.0,2.390369e-09,0.004122565090988553,0.018003781775759255,0.995177265162012,0.9933071490757153,0.9890130573694068
10,0,1.0,1.0,1.0,1.0,1.0,1.0,1.0,7.001913e-09,0.004036015105814449,0.01798663003310763,0.2965720307467939,0.9933071490757153,0.9890130573694068
11,0,0.0,1.0,1.0,1.0,0.0,0.0,1.0,1.0,0.004736428561629928,0.017943840566480348,0.1,0.9933071490757153,0.9890130573694068
12,0,1.0,1.0,1.0,1.0,1.0,1.0,1.0,9.9833065e-05,0.0036457715623959873,0.01796371560326277,0.22109301246092009,0.9933071490757153,0.9890130573694068
13,0,1.0,1.0,1.0,1.0,1.0,1.0,1.0,2.3252744e-06,0.0045588655685608525,0.017958719216350845,0.1333904242016301,0.9933071490757153,0.9890130573694068
14,0,1.0,1.0,1.0,1.0,1.0,1.0,1.0,0.0032946875,0.004771735281273652,0.017937100262131262,0.1701125453379932,0.9933071490757153,0.9890130573694068
15,0,0.0,1.0,1.0,1.0,0.0,0.0,1.0,1.0,0.005190803886732893,0.017943099323066695,0.1,0.9933071490757153,0.9890130573694068
16,0,1.0,1.0,1.0,1.0,1.0,1.0,1.0,0.30148548,0.0040552893280653935,0.018018339276010032,0.2834258393885648,0.9933071490757153,0.9890130573694068
17,0,1.0,1.0,1.0,1.0,1.0,1.0,1.0,1.6150618e-09,0.0036422683906403696,0.018030149930407986,0.15675360789784248,0.9933071490757153,0.9890130573694068
18,0,1.0,1.0,1.0,1.0,1.0,1.0,1.0,0.11715195,0.003089160894181291,0.017977421674398694,0.1,0.9933071490757153,0.9890130573694068
19,0,1.0,1.0,1.0,1.0,1.0,1.0,1.0,3.1935905e-08,0.004771598746017707,0.01793471341419194,0.35969960813053287,0.9933071490757153,0.9890130573694068
20,0,1.0,1.0,1.0,1.0,1.0,1.0,1.0,6.9585525e-07,0.004679806683420301,0.018026880503779152,0.2526004973023015,0.9933071490757153,0.9890130573694068
21,0,0.0,1.0,1.0,1.0,0.0,0.0,1.0,1.0,0.004851842039660183,0.018000857479563252,0.1,0.9933071490757153,0.9890130573694068
22,0,1.0,1.0,1.0,1.0,1.0,1.0,1.0,0.0063146846,0.0033851516195086205,0.018004540781351618,0.12925661420844997,0.9933071490757153,0.9890130573694068
23,0,1.0,1.0,1.0,1.0,1.0,1.0,1.0,1.2066521e-10,0.004527545778522816,0.018011160834375484,0.939788595961827,0.9933071490757153,0.9890130573694068
24,0,1.0,1.0,1.0,1.0,1.0,1.0,1.0,1.1729469e-07,0.005208386099733371,0.01797045040202643,0.259175239892368,0.9933071490757153,0.9890130573694068
25,0,1.0,1.0,1.0,1.0,1.0,1.0,1.0,0.025413955,0.005016746664784282,0.01800694394025431,0.21481111933112196,0.9933071490757153,0.9890130573694068
26,0,1.0,1.0,1.0,1.0,1.0,1.0,1.0,1.0367063e-08,0.004607328373561003,0.01801368071388895,0.4439136511718502,0.9933071490757153,0.9890130573694068
27,0,0.0,1.0,1.0,1.0,0.0,0.0,1.0,1.0,0.005138579954180197,0.017970306518241982,0.1,0.9933071490757153,0.9890130573694068
28,0,1.0,1.0,1.0,1.0,1.0,1.0,1.0,1.0367063e-08,0.004708783756249287,0.017966158959989476,0.4439136511718502,0.9933071490757153,0.9890130573694068
29,0,1.0,1.0,1.0,1.0,1.0,1.0,1.0,3.037502e-09,0.004140407365901103,0.018009917154296996,0.1,0.9933071490757153,0.9890130573694068
30,0,1.0,1.0,1.0,1.0,1.0,1.0,1.0,7.071255e-14,0.005809551284910186,0.01799848196471161,0.9986096562476681,0.9933071490757153,0.9890130573694068
31,0,1.0,1.0,1.0,1.0,1.0,1.0,1.0,0.011465534,0.0038505180581909306,0.01800534100244194,0.1,0.9933071490757153,0.9890130573694068
32,0,1.0,1.0,1.0,1.0,1.0,1.0,1.0,1.3671706e-09,0.0051929071861175945,0.018017869961445436,0.1,0.9933071490757153,0.9890130573694068
33,0,0.0,1.0,1.0,1.0,0.0,0.0,1.0,1.0,0.003926259963184978,0.018002153392372752,0.1,0.9933071490757153,0.9890130573694068
34,0,1.0,1.0,1.0,1.0,1.0,1.0,1.0,2.5957105e-17,0.003307779154656633,0.018022834463977917,0.1,0.9933071490757153,0.9890130573694068
35,0,1.0,1.0,1.0,1.0,0.0,1.0,1.0,1.5748764e-17,0.23778531787057322,0.23868876055271535,0.1,0.9933071490757153,0.9890130573694068
36,1,0.0,1.0,1.0,1.0,0.0,0.0,1.0,0.0011557593,0.99999999999997,0.9640802022031237,0.1,0.9933071490757153,0.9890130573694068
37,1,1.0,1.0,1.0,1.0,1.0,1.0,1.0,0.9999919,0.99999999999997,0.9640429831853325,0.7409934440856922,0.9933071490757153,0.9890130573694068
38,1,0.0,1.0,1.0,1.0,0.0,0.0,1.0,1.6123146e-11,0.99999999999997,0.96401179237062,0.1,0.9933071490757153,0.9890130573694068
39,1,0.0,1.0,1.0,1.0,0.0,0.0,1.0,1.3677275e-11,0.99999999999997,0.9640783140655759,0.1,0.9933071490757153,0.9890130573694068
40,1,0.0,1.0,1.0,1.0,0.0,0.0,1.0,5.405236e-08,0.99999999999997,0.9641349741139043,0.9222013807325976,0.9933071490757153,0.9890130573694068
41,1,0.0,1.0,1.0,1.0,0.0,0.0,1.0,4.77657e-11,0.99999999999997,0.9641585863982269,0.1,0.9933071490757153,0.9890130573694068
42,1,0.0,1.0,1.0,1.0,0.0,0.0,1.0,2.433099e-05,0.99999999999997,0.9641360950809239,0.19235006285810632,0.9933071490757153,0.9890130573694068
43,1,0.0,1.0,1.0,1.0,0.0,0.0,1.0,0.0903155,0.99999999999997,0.9640913736824875,0.3700030530472775,0.9933071490757153,0.9890130573694068
44,1,1.0,1.0,1.0,1.0,1.0,1.0,1.0,0.9991642,0.99999999999997,0.9640658963451442,0.913108161940057,0.9933071490757153,0.9890130573694068
45,1,0.0,1.0,1.0,1.0,0.0,0.0,1.0,2.4410857e-11,0.99999999999997,0.9639298209624165,0.17255688823687645,0.9933071490757153,0.9890130573694068
46,1,1.0,1.0,1.0,1.0,1.0,1.0,1.0,0.97199553,0.99999999999997,0.9640171788024848,0.38262189062097346,0.9933071490757153,0.9890130573694068
47,1,1.0,1.0,1.0,1.0,1.0,1.0,1.0,1.0,0.99999999999997,0.9641141240469959,0.9356203240308668,0.9933071490757153,0.9890130573694068
48,1,0.0,1.0,1.0,1.0,0.0,0.0,1.0,1.7821687e-08,0.99999999999997,0.9639297045319845,0.48217265978625407,0.9933071490757153,0.9890130573694068
49,1,0.0,1.0,1.0,1.0,0.0,0.0,1.0,0.00014888577,0.99999999999997,0.9640261050103994,0.821126197328325,0.9933071490757153,0.9890130573694068
50,1,1.0,1.0,1.0,1.0,1.0,1.0,1.0,0.9999558,0.99999999999997,0.9641225694850762,0.1356424254939486,0.9933071490757153,0.9890130573694068
51,1,0.0,1.0,1.0,1.0,0.0,0.0,1.0,1.7592843e-15,0.99999999999997,0.963973433437895,0.1,0.9933071490757153,0.9890130573694068
52,1,1.0,1.0,1.0,1.0,1.0,1.0,1.0,0.99870193,0.99999999999997,0.9640789205947828,0.21042055580707136,0.9933071490757153,0.9890130573694068
53,1,1.0,1.0,1.0,1.0,1.0,1.0,1.0,1.0,0.99999999999997,0.9641334326690056,0.9728477728544321,0.9933071490757153,0.9890130573694068
54,1,0.0,1.0,1.0,1.0,0.0,0.0,1.0,2.9160705e-05,0.99999999999997,0.964096260328566,0.1,0.9933071490757153,0.9890130573694068
55,1,1.0,1.0,1.0,1.0,1.0,1.0,1.0,0.9999999,0.99999999999997,0.9640737436542801,0.9251645927175,0.9933071490757153,0.9890130573694068
56,1,0.0,1.0,1.0,1.0,0.0,0.0,1.0,9.594866e-12,0.99999999999997,0.9641091818712066,0.17822310433545366,0.9933071490757153,0.9890130573694068
57,1,1.0,1.0,1.0,1.0,1.0,1.0,1.0,0.9996308,0.99999999999997,0.9640817307572251,0.908976512044179,0.9933071490757153,0.9890130573694068
58,1,0.0,1.0,1.0,1.0,0.0,0.0,1.0,0.010477611,0.99999999999997,0.9640006561181449,0.10008600845579162,0.9933071490757153,0.9890130573694068
59,1,0.0,1.0,1.0,1.0,0.0,0.0,1.0,0.005354708,0.99999999999997,0.9641536902137587,0.7456080200857192,0.9933071490757153,0.9890130573694068
60,1,0.0,1.0,1.0,1.0,0.0,0.0,1.0,1.9163646e-05,0.99999999999997,0.9641119262647924,0.7021116741553022,0.9933071490757153,0.9890130573694068
61,1,0.0,1.0,1.0,1.0,0.0,0.0,1.0,5.705567e-10,0.99999999999997,0.9641360124303194,0.4121549179379842,0.9933071490757153,0.9890130573694068
62,1,1.0,1.0,1.0,1.0,1.0,1.0,1.0,1.0,0.99999999999997,0.9640668304867266,0.1,0.9933071490757153,0.9890130573694068
63,1,1.0,1.0,1.0,1.0,1.0,1.0,1.0,0.9985343,0.99999999999997,0.9640193978649416,0.9394338509809449,0.9933071490757153,0.9890130573694068
64,1,0.0,1.0,1.0,1.0,0.0,0.0,1.0,1.6945405e-09,0.99999999999997,0.9640948753970825,0.1,0.9933071490757153,0.9890130573694068
65,1,1.0,1.0,1.0,1.0,1.0,1.0,1.0,1.0,0.99999999999997,0.9640767342533081,0.8187906195090563,0.9933071490757153,0.9890130573694068
66,1,1.0,1.0,1.0,1.0,1.0,1.0,1.0,1.0,0.99999999999997,0.9640741712276811,0.11306788961428904,0.9933071490757153,0.9890130573694068
67,1,0.0,1.0,1.0,1.0,0.0,0.0,1.0,2.8599612e-07,0.99999999999997,0.9641568086273641,0.11479363442127533,0.9933071490757153,0.9890130573694068
68,1,0.0,1.0,1.0,1.0,0.0,0.0,1.0,1.9457537e-15,0.99999999999997,0.9640396106827541,0.170654626355783,0.9933071490757153,0.9890130573694068
69,1,1.0,1.0,1.0,1.0,1.0,1.0,1.0,0.9989323,0.99999999999997,0.9640833853498939,0.9906457162419323,0.9933071490757153,0.9890130573694068
70,1,0.0,1.0,1.0,1.0,0.0,0.0,1.0,1.344385e-15,0.99999999999997,0.9641151317333186,0.1,0.9933071490757153,0.9890130573694068
71,1,1.0,1.0,1.0,1.0,1.0,1.0,1.0,0.82196635,0.99999999999997,0.9641329757626581,0.8741654418041908,0.9933071490757153,0.9890130573694068
72,1,1.0,1.0,1.0,1.0,1.0,1.0,1.0,0.9416486,0.99999999999997,0.9641299134398867,0.8512166173764165,0.9933071490757153,0.9890130573694068
73,1,1.0,1.0,1.0,1.0,1.0,1.0,1.0,1.0,0.99999999999997,0.9640336504824337,0.9861323896702582,0.9933071490757153,0.9890130573694068
74,1,0.0,1.0,1.0,1.0,0.0,0.0,1.0,5.0133657e-09,0.99999999999997,0.9639908960859871,0.1,0.9933071490757153,0.9890130573694068
75,1,1.0,1.0,1.0,1.0,1.0,1.0,1.0,0.9973852,0.99999999999997,0.9640606891368291,0.9504279247805282,0.9933071490757153,0.9890130573694068
76,1,0.0,1.0,1.0,1.0,0.0,0.0,1.0,6.9595615e-08,0.99999999999997,0.9641010215452618,0.1,0.9933071490757153,0.9890130573694068
77,1,1.0,1.0,1.0,1.0,1.0,1.0,1.0,0.9397574,0.99999999999997,0.9640442452280203,0.1379905277285295,0.9933071490757153,0.9890130573694068
78,1,0.0,1.0,1.0,1.0,0.0,0.0,1.0,3.1067052e-10,0.99999999999997,0.9640655064470895,0.13944035755249948,0.9933071490757153,0.9890130573694068
79,1,0.0,1.0,1.0,1.0,0.0,0.0,1.0,6.1944094e-10,0.99999999999997,0.9640464243280314,0.5453821919772069,0.9933071490757153,0.9890130573694068
80,1,0.0,1.0,1.0,1.0,0.0,0.0,1.0,9.8037e-09,0.99999999999997,0.9640481028938779,0.44818213339569946,0.9933071490757153,0.9890130573694068
81,1,0.0,1.0,1.0,1.0,0.0,0.0,1.0,1.0650898e-05,0.99999999999997,0.9641649674018092,0.1,0.9933071490757153,0.9890130573694068
82,1,0.0,1.0,1.0,1.0,0.0,0.0,1.0,0.036008526,0.99999999999997,0.9641355724169228,0.20856947024670078,0.9933071490757153,0.9890130573694068
83,1,1.0,1.0,1.0,1.0,1.0,1.0,1.0,0.99575883,0.99999999999997,0.9641486702666611,0.9386769670266207,0.9933071490757153,0.9890130573694068
84,1,1.0,1.0,1.0,1.0,1.0,1.0,1.0,0.83444583,0.99999999999997,0.9640527039791859,0.5060146762292803,0.9933071490757153,0.9890130573694068
85,1,0.0,1.0,1.0,1.0,0.0,0.0,1.0,1.4351018e-09,0.99999999999997,0.9641225079787222,0.1,0.9933071490757153,0.9890130573694068
86,1,0.0,1.0,1.0,1.0,0.0,0.0,1.0,1.872586e-13,0.99999999999997,0.9640863181899277,0.1,0.9933071490757153,0.9890130573694068
87,1,1.0,1.0,1.0,1.0,1.0,1.0,1.0,0.9998098,0.99999999999997,0.96415610193814,0.10009460411911421,0.9933071490757153,0.9890130573694068
88,1,1.0,1.0,1.0,1.0,1.0,1.0,1.0,0.99739444,0.99999999999997,0.9641216666951207,0.46163247861562867,0.9933071490757153,0.9890130573694068
89,1,1.0,1.0,1.0,1.0,1.0,1.0,1.0,1.0,0.99999999999997,0.9640788244413192,0.949393910032531,0.9933071490757153,0.9890130573694068
90,1,1.0,1.0,1.0,1.0,1.0,1.0,1.0,0.99954563,0.99999999999997,0.9640486642642461,0.9864103640245755,0.9933071490757153,0.9890130573694068
91,1,1.0,1.0,1.0,1.0,1.0,1.0,1.0,0.9998807,0.99999999999997,0.9640324109006017,0.7319678447813935,0.9933071490757153,0.9890130573694068
92,1,0.0,1.0,1.0,1.0,0.0,0.0,1.0,1.1427893e-06,0.99999999999997,0.964086255860351,0.1,0.9933071490757153,0.9890130573694068
93,1,1.0,1.0,1.0,1.0,1.0,1.0,1.0,0.9919701,0.99999999999997,0.9640456510198625,0.49031921215399654,0.9933071490757153,0.9890130573694068
94,1,1.0,1.0,1.0,1.0,1.0,1.0,1.0,0.99987614,0.99999999999997,0.9640626218696824,0.14333952092513635,0.9933071490757153,0.9890130573694068
95,1,0.0,1.0,1.0,1.0,0.0,0.0,1.0,1.428899e-07,0.99999999999997,0.964057784141349,0.4370747985003241,0.9933071490757153,0.9890130573694068
96,1,1.0,1.0,1.0,1.0,1.0,1.0,1.0,1.0,0.99999999999997,0.9640126111203863,0.1,0.9933071490757153,0.9890130573694068
97,1,1.0,1.0,1.0,1.0,1.0,1.0,1.0,0.9996406,0.99999999999997,0.9640695929216232,0.9970152945541723,0.9933071490757153,0.9890130573694068
98,1,1.0,1.0,1.0,1.0,1.0,1.0,1.0,0.99999106,0.99999999999997,0.9640737781407236,0.9982187203967682,0.9933071490757153,0.9890130573694068
99,1,0.0,1.0,1.0,1.0,0.0,0.0,1.0,3.891085e-08,0.99999999999997,0.9641772515908519,0.1,0.9933071490757153,0.9890130573694068
100,1,1.0,1.0,1.0,1.0,1.0,1.0,1.0,0.99999964,0.99999999999997,0.9640467110090888,0.8721413553077497,0.9933071490757153,0.9890130573694068
101,1,0.0,1.0,1.0,1.0,0.0,0.0,1.0,1.5681051e-10,0.99999999999997,0.9641354040559308,0.3227397685939727,0.9933071490757153,0.9890130573694068
102,1,0.0,1.0,1.0,1.0,0.0,0.0,1.0,0.35575992,0.99999999999997,0.9641396380939529,0.1468544647526606,0.9933071490757153,0.9890130573694068
103,1,0.0,1.0,1.0,1.0,0.0,0.0,1.0,3.1230636e-06,0.99999999999997,0.9640597774643194,0.1,0.9933071490757153,0.9890130573694068
104,1,0.0,1.0,1.0,1.0,0.0,0.0,1.0,5.752187e-08,0.99999999999997,0.9641197159382356,0.1,0.9933071490757153,0.9890130573694068
105,1,1.0,1.0,1.0,1.0,1.0,1.0,1.0,0.99999964,0.99999999999997,0.9640536500688183,0.3041217751866982,0.9933071490757153,0.9890130573694068
106,1,0.0,0.9166666666666666,1.0,1.0,0.0,0.0,1.0,3.7811324e-10,0.9999999999764284,0.8938213658153714,0.1,0.9933071490757153,0.9890130573694068
107,1,0.0,1.0,1.0,1.0,0.0,0.0,1.0,0.013527204,0.99999999999997,0.9945332240013899,0.11142204983825776,0.9933071490757153,0.9890130573694068
108,1,1.0,1.0,1.0,1.0,1.0,1.0,1.0,1.0,0.99999999999997,0.9945154826311059,0.1,0.9933071490757153,0.9890130573694068
109,1,0.0,1.0,1.0,1.0,0.0,0.0,1.0,4.9572096e-12,0.99999999999997,0.994520636585736,0.1,0.9933071490757153,0.9890130573694068
110,1,0.0,1.0,1.0,1.0,0.0,0.0,1.0,5.1813588e-11,0.99999999999997,0.9945426938328643,0.1,0.9933071490757153,0.9890130573694068
111,1,1.0,1.0,1.0,1.0,1.0,1.0,1.0,0.8071752,0.99999999999997,0.9945351115825477,0.5269710827431741,0.9933071490757153,0.9890130573694068
112,1,0.0,1.0,1.0,1.0,0.0,0.0,1.0,2.4916094e-09,0.99999999999997,0.9945344920947761,0.7515705950669936,0.9933071490757153,0.9890130573694068
113,1,1.0,1.0,1.0,1.0,1.0,1.0,1.0,1.0,0.99999999999997,0.9945337452195309,0.9984496742814624,0.9933071490757153,0.9890130573694068
114,1,0.0,1.0,1.0,1.0,0.0,0.0,1.0,8.566691e-13,0.99999999999997,0.9945286718982048,0.1,0.9933071490757153,0.9890130573694068
115,1,1.0,1.0,1.0,1.0,1.0,1.0,1.0,0.9998807,0.99999999999997,0.9945329184508114,0.7319678447813935,0.9933071490757153,0.9890130573694068
116,1,0.0,1.0,1.0,1.0,0.0,0.0,1.0,5.8595557e-08,0.99999999999997,0.9945221707711087,0.1,0.9933071490757153,0.9890130573694068
117,1,1.0,1.0,1.0,1.0,1.0,1.0,1.0,0.9999999,0.99999999999997,0.994528718738935,0.8606626549048493,0.9933071490757153,0.9890130573694068
118,1,0.0,1.0,1.0,1.0,0.0,0.0,1.0,1.3084904e-17,0.99999999999997,0.9945251835174308,0.1318265831417468,0.9933071490757153,0.9890130573694068
119,1,1.0,1.0,1.0,1.0,1.0,1.0,1.0,0.9998355,0.99999999999997,0.9945248439771422,0.7859858858069558,0.9933071490757153,0.9890130573694068
120,1,0.0,1.0,1.0,1.0,0.0,0.0,1.0,3.432189e-11,0.99999999999997,0.9945346418562035,0.1794632617830649,0.9933071490757153,0.9890130573694068
121,1,1.0,1.0,1.0,1.0,1.0,0.0,1.0,0.5439962,0.99999999999997,0.9945499258776563,0.4961560650099221,0.9933071490757153,0.9890130573694068
122,1,1.0,1.0,1.0,1.0,1.0,1.0,1.0,0.9999994,0.99999999999997,0.9945118124016814,0.5603162643491135,0.9933071490757153,0.9890130573694068
123,1,0.0,1.0,1.0,1.0,0.0,0.0,1.0,2.0240666e-05,0.99999999999997,0.9945345124062545,0.1,0.9933071490757153,0.9890130573694068
124,1,1.0,1.0,1.0,1.0,1.0,1.0,1.0,0.9999999,0.99999999999997,0.9945287560843454,0.9914668215386332,0.9933071490757153,0.9890130573694068
125,1,1.0,1.0,1.0,1.0,1.0,1.0,1.0,0.82649493,0.99999999999997,0.9945376989484769,0.409736980526997,0.9933071490757153,0.9890130573694068
126,1,1.0,1.0,1.0,1.0,1.0,1.0,1.0,0.9999995,0.99999999999997,0.9945280394127829,0.9987173782265591,0.9933071490757153,0.9890130573694068
127,1,0.0,1.0,1.0,1.0,0.0,0.0,1.0,4.0897285e-07,0.99999999999997,0.9945211827782299,0.19741678199124593,0.9933071490757153,0.9890130573694068
128,1,1.0,1.0,1.0,1.0,1.0,1.0,1.0,0.99999464,0.99999999999997,0.9945239376294283,0.7452731636253004,0.9933071490757153,0.9890130573694068
129,1,0.0,0.7666666666666667,1.0,1.0,0.0,0.0,1.0,3.422206e-08,0.9999999999998194,0.7666697020530613,0.1,0.9933071490757153,0.9890130573694068
130,0,1.0,0.2833333333333333,1.0,1.0,0.0,0.0,1.0,2.4518684e-08,0.73208255303839,0.018030117137278576,0.9979954162958384,0.9933071490757153,0.9890130573694068
131,0,1.0,0.9833333333333333,1.0,1.0,1.0,1.0,1.0,1.9613627e-11,0.060860390080440425,0.01798526650829464,0.46186574432585953,0.9933071490757153,0.9890130573694068
132,0,0.0,1.0,1.0,1.0,0.0,0.0,1.0,1.0,0.007320993768384926,0.017914216228186734,0.1,0.9933071490757153,0.9890130573694068
133,0,0.0,1.0,1.0,1.0,0.0,0.0,1.0,0.99984,0.006222851189422203,0.018041127887557216,0.1,0.9933071490757153,0.9890130573694068
134,0,1.0,1.0,1.0,1.0,1.0,1.0,1.0,2.9424184e-05,0.0036040080519644,0.0180264878405827,0.23447584966108156,0.9933071490757153,0.9890130573694068
135,0,1.0,1.0,1.0,1.0,1.0,1.0,1.0,8.239457e-06,0.003900090447017687,0.017955090627960857,0.113246921066268,0.9933071490757153,0.9890130573694068
136,0,1.0,1.0,1.0,1.0,1.0,1.0,1.0,3.116739e-08,0.0037021136755583796,0.0180131961835136,0.6722838373626808,0.9933071490757153,0.9890130573694068
137,0,1.0,1.0,1.0,1.0,1.0,1.0,1.0,2.6440914e-09,0.003785332360342608,0.017997008666133373,0.3032415875244668,0.9933071490757153,0.9890130573694068
138,0,1.0,1.0,1.0,1.0,1.0,1.0,1.0,1.1795284e-09,0.003359692037730042,0.01799757051959713,0.1855378417418514,0.9933071490757153,0.9890130573694068
139,0,1.0,1.0,1.0,1.0,1.0,1.0,1.0,2.9993974e-08,0.004911315087114668,0.0180344564754145,0.5668985639274546,0.9933071490757153,0.9890130573694068
140,0,1.0,1.0,1.0,1.0,1.0,1.0,1.0,6.019132e-11,0.0038893210524202967,0.0179854053115519,0.1,0.9933071490757153,0.9890130573694068
141,0,1.0,1.0,1.0,1.0,1.0,1.0,1.0,2.845307e-12,0.0037699346720613336,0.017978230341709887,0.16055315804605444,0.9933071490757153,0.9890130573694068
142,0,1.0,1.0,1.0,1.0,1.0,1.0,1.0,2.1005093e-07,0.00418368159209385,0.01797071412920182,0.10296087235770135,0.9933071490757153,0.9890130573694068
143,0,1.0,1.0,1.0,1.0,1.0,1.0,1.0,4.2910526e-14,0.005370650040993098,0.018055442778110997,0.21578655369900243,0.9933071490757153,0.9890130573694068
144,0,1.0,1.0,1.0,1.0,1.0,1.0,1.0,0.001489311,0.004201098556870413,0.017998353354181453,0.20083612609220966,0.9933071490757153,0.9890130573694068
145,0,1.0,1.0,1.0,1.0,1.0,1.0,1.0,0.019769598,0.0038088080295597747,0.017992186733076718,0.1,0.9933071490757153,0.9890130573694068
146,0,1.0,1.0,1.0,1.0,1.0,1.0,1.0,1.2857481e-05,0.004493716776623394,0.018001559850657125,0.1649534487122853,0.9933071490757153,0.9890130573694068
147,0,1.0,1.0,1.0,1.0,1.0,1.0,1.0,7.1416197e-13,0.004681095831760942,0.01800084158054697,0.1,0.9933071490757153,0.9890130573694068
148,0,0.0,1.0,1.0,1.0,0.0,0.0,1.0,0.77124,0.0064383785918102066,0.018021783050207033,0.2771446136442982,0.9933071490757153,0.9890130573694068
149,0,1.0,1.0,1.0,1.0,1.0,1.0,1.0,5.2691587e-07,0.0057555439159498135,0.018000080498041488,0.2612508240844081,0.9933071490757153,0.9890130573694068
150,0,1.0,1.0,1.0,1.0,1.0,1.0,1.0,0.0005408721,0.004994236623257073,0.01798299606262505,0.22902095271253084,0.9933071490757153,0.9890130573694068
151,0,0.0,1.0,1.0,1.0,0.0,0.0,1.0,1.0,0.00425751350662788,0.018007960398948506,0.1,0.9933071490757153,0.9890130573694068
152,0,1.0,1.0,1.0,1.0,1.0,0.0,1.0,0.3560623,0.004447342525222675,0.01799188515890226,0.49514085699680754,0.9933071490757153,0.9890130573694068
153,0,1.0,1.0,1.0,1.0,1.0,1.0,1.0,7.099291e-08,0.004529949005534935,0.017978069137164907,0.9403157919147233,0.9933071490757153,0.9890130573694068
154,0,1.0,1.0,1.0,1.0,1.0,1.0,1.0,9.756793e-11,0.0051023855112059865,0.01796991507206427,0.1687616815094207,0.9933071490757153,0.9890130573694068
155,0,0.0,1.0,1.0,1.0,0.0,0.0,1.0,1.0,0.004651231404590268,0.017950263141135393,0.1,0.9933071490757153,0.9890130573694068
156,0,1.0,1.0,1.0,1.0,1.0,1.0,1.0,0.31717932,0.003735912100679376,0.017996991052632798,0.5663644947670546,0.9933071490757153,0.9890130573694068
157,0,1.0,1.0,1.0,1.0,1.0,1.0,1.0,0.005538318,0.004324502450594474,0.017962541284596442,0.3049616920809967,0.9933071490757153,0.9890130573694068
158,0,1.0,1.0,1.0,1.0,1.0,1.0,1.0,1.9677056e-05,0.004248758072011928,0.017982295520859275,0.31070325001130294,0.9933071490757153,0.9890130573694068
159,0,0.0,1.0,1.0,1.0,0.0,0.0,1.0,1.0,0.0035814534188225913,0.017993145109288417,0.1,0.9933071490757153,0.9890130573694068
160,0,1.0,1.0,1.0,1.0,1.0,1.0,1.0,6.6741177e-06,0.003881547307955557,0.017996810342999974,0.5110258085147379,0.9933071490757153,0.9890130573694068
161,0,1.0,1.0,1.0,1.0,1.0,1.0,1.0,0.010685917,0.006436248983705975,0.01799269838817142,0.15869202438916638,0.9933071490757153,0.9890130573694068
162,0,1.0,1.0,1.0,1.0,1.0,1.0,1.0,0.025413955,0.004423813631130201,0.018015287798496437,0.21481111933112196,0.9933071490757153,0.9890130573694068
163,0,0.0,1.0,1.0,1.0,0.0,0.0,1.0,1.0,0.003579385109829659,0.018017245949092455,0.1,0.9933071490757153,0.9890130573694068
164,0,1.0,1.0,1.0,1.0,1.0,1.0,1.0,2.4191156e-11,0.0032047477029002406,0.017961113547861996,0.1411982093066618,0.9933071490757153,0.9890130573694068
165,0,1.0,1.0,1.0,1.0,1.0,1.0,1.0,0.012000379,0.0046013673613062335,0.017935420544611513,0.8850641412855695,0.9933071490757153,0.9890130573694068
166,0,1.0,1.0,1.0,1.0,1.0,1.0,1.0,5.9672317e-07,0.004825396597401294,0.017996016718413985,0.9563261681036088,0.9933071490757153,0.9890130573694068
167,0,0.0,1.0,1.0,1.0,0.0,0.0,1.0,1.0,0.0031090353757527583,0.018000828385151775,0.1,0.9933071490757153,0.9890130573694068
168,0,1.0,1.0,1.0,1.0,1.0,1.0,1.0,1.6561204e-09,0.00408510949783579,0.017970928930166292,0.1939083555933597,0.9933071490757153,0.9890130573694068
169,0,1.0,1.0,1.0,1.0,1.0,1.0,1.0,0.00020303593,0.005039830152987866,0.017978051239989808,0.4631086592443503,0.9933071490757153,0.9890130573694068
170,0,0.0,1.0,1.0,1.0,0.0,0.0,1.0,0.9641585,0.004078668808992167,0.017993955913131725,0.9675189744635899,0.9933071490757153,0.9890130573694068
171,0,1.0,1.0,1.0,1.0,1.0,1.0,1.0,2.4900055e-07,0.004364233237229635,0.017971746150909674,0.1,0.9933071490757153,0.9890130573694068
172,0,1.0,1.0,1.0,1.0,1.0,1.0,1.0,1.2857481e-05,0.004579338978290591,0.0179767978827603,0.1649534487122853,0.9933071490757153,0.9890130573694068
173,0,1.0,1.0,1.0,1.0,1.0,1.0,1.0,1.2666024e-18,0.003715603387430021,0.01797850689047672,0.1,0.9933071490757153,0.9890130573694068
174,0,1.0,1.0,1.0,1.0,1.0,1.0,1.0,0.00024551712,0.005026371741176027,0.01802300147707043,0.7038506999359201,0.9933071490757153,0.9890130573694068
175,0,1.0,1.0,1.0,1.0,1.0,1.0,1.0,1.0364013e-09,0.0041166119787491105,0.01798981015254505,0.4945294450902513,0.9933071490757153,0.9890130573694068
176,1,0.0,1.0,1.0,1.0,0.0,0.0,1.0,5.204526e-11,0.9018811506372191,0.8943622463443983,0.1,0.9933071490757153,0.9890130573694068
177,1,0.0,1.0,1.0,1.0,0.0,0.0,1.0,9.594866e-12,0.9999999999999697,0.9917864078990258,0.17822310433545366,0.9933071490757153,0.9890130573694068
178,1,0.0,1.0,1.0,1.0,0.0,0.0,1.0,8.093612e-09,0.99999999999997,0.9917563151297609,0.46469080177445,0.9933071490757153,0.9890130573694068
179,1,1.0,1.0,1.0,1.0,1.0,1.0,1.0,0.98628485,0.99999999999997,0.9917697300884586,0.8444470745529867,0.9933071490757153,0.9890130573694068
180,1,0.0,1.0,1.0,1.0,0.0,0.0,1.0,0.010477611,0.99999999999997,0.991765958890239,0.10008600845579162,0.9933071490757153,0.9890130573694068
181,1,0.0,1.0,1.0,1.0,0.0,0.0,1.0,2.305164e-11,0.99999999999997,0.991763993388325,0.5238857768443553,0.9933071490757153,0.9890130573694068
182,1,1.0,1.0,1.0,1.0,1.0,1.0,1.0,1.0,0.99999999999997,0.9917598038516423,0.1,0.9933071490757153,0.9890130573694068
183,1,1.0,1.0,1.0,1.0,1.0,1.0,1.0,0.9999995,0.99999999999997,0.991759134087684,0.868975024732962,0.9933071490757153,0.9890130573694068
184,1,0.0,1.0,1.0,1.0,0.0,0.0,1.0,2.401343e-11,0.99999999999997,0.9917720466578107,0.9362429562398304,0.9933071490757153,0.9890130573694068
185,1,1.0,1.0,1.0,1.0,1.0,1.0,1.0,0.9960802,0.99999999999997,0.9917698611421333,0.9923262633807145,0.9933071490757153,0.9890130573694068
186,1,0.0,1.0,1.0,1.0,0.0,0.0,1.0,5.53396e-14,0.99999999999997,0.9917735184576524,0.1581352060307558,0.9933071490757153,0.9890130573694068
187,1,1.0,1.0,1.0,1.0,1.0,1.0,1.0,0.9999975,0.99999999999997,0.9917457479477839,0.8647634877201449,0.9933071490757153,0.9890130573694068
188,1,1.0,1.0,1.0,1.0,1.0,1.0,1.0,0.83444583,0.99999999999997,0.9917589029696414,0.5060146762292803,0.9933071490757153,0.9890130573694068
189,1,0.0,1.0,1.0,1.0,0.0,0.0,1.0,3.422206e-08,0.99999999999997,0.9917799814336338,0.1,0.9933071490757153,0.9890130573694068
190,1,1.0,1.0,1.0,1.0,1.0,1.0,1.0,1.0,0.99999999999997,0.9917813822251592,0.8187906195090563,0.9933071490757153,0.9890130573694068
191,1,1.0,1.0,1.0,1.0,1.0,1.0,1.0,0.99999964,0.99999999999997,0.991771347374487,0.9763606598937711,0.9933071490757153,0.9890130573694068
192,1,1.0,1.0,1.0,1.0,1.0,1.0,1.0,0.9977889,0.99999999999997,0.9917671491798594,0.9892753308985678,0.9933071490757153,0.9890130573694068
193,1,0.0,1.0,1.0,1.0,0.0,0.0,1.0,4.2773216e-08,0.999999999999968,0.9917713424119388,0.8705996789757516,0.9933071490757153,0.9890130573694068
194,1,0.0,1.0,1.0,1.0,0.0,0.0,1.0,4.6120715e-11,0.999999999999968,0.9917532697569097,0.739905518673755,0.9933071490757153,0.9890130573694068
195,1,0.0,1.0,1.0,1.0,0.0,0.0,1.0,1.0709074e-07,0.9999999999999373,0.9917558401926765,0.12173750055962747,0.9933071490757153,0.9890130573694068
196,1,1.0,1.0,1.0,1.0,1.0,1.0,1.0,1.0,0.9999999999999613,0.9917495351837344,0.1,0.9933071490757153,0.9890130573694068
197,1,0.0,1.0,1.0,1.0,0.0,0.0,1.0,0.17280328,0.9999999999994575,0.9917646919831278,0.5632210217318497,0.9933071490757153,0.9890130573694068
198,1,1.0,1.0,1.0,1.0,1.0,1.0,1.0,1.0,0.9999999999983452,0.9917660767231353,0.6473402645886904,0.9933071490757153,0.9890130573694068
199,1,0.0,1.0,1.0,1.0,0.0,0.0,1.0,0.0028023792,0.9999999999983474,0.99175723246336,0.8360925152241017,0.9933071490757153,0.9890130573694068
200,1,1.0,1.0,1.0,1.0,1.0,1.0,1.0,1.0,0.9999999999990629,0.9917505026592297,0.819760921939253,0.9933071490757153,0.9890130573694068
201,1,0.0,1.0,1.0,1.0,0.0,0.0,1.0,2.5122958e-07,0.9999999999990369,0.9917839493807523,0.8332946195550268,0.9933071490757153,0.9890130573694068
202,1,1.0,1.0,1.0,1.0,1.0,1.0,1.0,0.99999905,0.9999999999966264,0.991793760680993,0.906081512076419,0.9933071490757153,0.9890130573694068
203,1,1.0,1.0,1.0,1.0,1.0,1.0,1.0,0.83388245,0.9999999999926179,0.9917733951220051,0.38712344597857634,0.9933071490757153,0.9890130573694068
204,1,0.0,1.0,1.0,1.0,0.0,0.0,1.0,0.0055251033,0.9999999999896843,0.99174818517696,0.14532918952552398,0.9933071490757153,0.9890130573694068
205,1,0.0,1.0,1.0,1.0,0.0,0.0,1.0,4.8441545e-10,0.9999999999772748,0.9917599173904795,0.2735041011634704,0.9933071490757153,0.9890130573694068
206,1,0.0,1.0,1.0,1.0,0.0,0.0,1.0,9.077439e-10,0.9999999999733932,0.9917619779047597,0.1,0.9933071490757153,0.9890130573694068
207,1,1.0,1.0,1.0,1.0,1.0,1.0,1.0,1.0,0.9999999999945837,0.9917635427946518,0.1,0.9933071490757153,0.9890130573694068
208,1,0.0,1.0,1.0,1.0,0.0,0.0,1.0,6.34791e-11,0.999999999991849,0.9917639049190198,0.11671998960545331,0.9933071490757153,0.9890130573694068
209,1,1.0,1.0,1.0,1.0,1.0,1.0,1.0,1.0,0.9999999999941365,0.9918010247819992,0.8679703492750582,0.9933071490757153,0.9890130573694068
210,1,0.0,1.0,1.0,1.0,0.0,0.0,1.0,8.0111226e-05,0.9999999999948611,0.9917748079918406,0.709966342673797,0.9933071490757153,0.9890130573694068
211,1,0.0,0.9833333333333333,1.0,1.0,0.0,0.0,1.0,6.090554e-09,0.9663993284667944,0.9430960105466359,0.22333954391117372,0.9933071490757153,0.9890130573694068
212,0,1.0,1.0,1.0,1.0,1.0,1.0,1.0,1.6268915e-08,0.01102727167591366,0.01798061982600375,0.2683149321765602,0.9933071490757153,0.9890130573694068
213,0,1.0,1.0,1.0,1.0,1.0,1.0,1.0,0.11875873,0.004956740654476068,0.01798880481456887,0.2567997953750754,0.9933071490757153,0.9890130573694068
214,0,1.0,1.0,1.0,1.0,1.0,1.0,1.0,3.0767118e-11,0.004644567566554788,0.017956313692199067,0.9933257807469382,0.9933071490757153,0.9890130573694068
215,0,1.0,1.0,1.0,1.0,1.0,1.0,1.0,4.5380357e-09,0.003598327115381779,0.017997522899836617,0.17676342276270782,0.9933071490757153,0.9890130573694068
216,0,1.0,1.0,1.0,1.0,1.0,1.0,1.0,2.2236604e-06,0.004177535090970268,0.01800045307786246,0.4105813131277468,0.9933071490757153,0.9890130573694068
217,0,1.0,1.0,1.0,1.0,1.0,1.0,1.0,4.618087e-06,0.005859444507426484,0.0179683195467795,0.42533543436049875,0.9933071490757153,0.9890130573694068
218,0,1.0,1.0,1.0,1.0,1.0,1.0,1.0,1.451321e-16,0.0031654680505856735,0.018011089065165218,0.10974672857353576,0.9933071490757153,0.9890130573694068
219,0,1.0,1.0,1.0,1.0,1.0,1.0,1.0,0.001489311,0.003634073418240662,0.017967705127920293,0.20083612609220966,0.9933071490757153,0.9890130573694068
220,0,1.0,1.0,1.0,1.0,1.0,1.0,1.0,4.6574634e-08,0.004332366809945541,0.017990294564196638,0.3806385393891066,0.9933071490757153,0.9890130573694068
221,0,1.0,1.0,1.0,1.0,1.0,1.0,1.0,2.3365092e-18,0.005106189085916725,0.018016409421397452,0.13138567684162722,0.9933071490757153,0.9890130573694068
222,0,1.0,1.0,1.0,1.0,1.0,1.0,1.0,8.101953e-09,0.004088621186393376,0.017976621011179077,0.1,0.9933071490757153,0.9890130573694068
223,0,1.0,1.0,1.0,1.0,1.0,1.0,1.0,6.805936e-05,0.0036573830642875464,0.018038769099216444,0.14084807681279948,0.9933071490757153,0.9890130573694068
224,0,1.0,1.0,1.0,1.0,1.0,1.0,1.0,1.0450789e-11,0.005646786265251894,0.017971088214092892,0.150916888689795,0.9933071490757153,0.9890130573694068
225,0,0.0,1.0,1.0,1.0,0.0,0.0,1.0,0.9999995,0.003725704638894042,0.017951254881102455,0.1,0.9933071490757153,0.9890130573694068
226,0,1.0,1.0,1.0,1.0,1.0,1.0,1.0,2.2085901e-08,0.003985541284711691,0.01798717987432502,0.16747299170102858,0.9933071490757153,0.9890130573694068
227,0,1.0,1.0,1.0,1.0,1.0,1.0,1.0,4.081588e-12,0.0035133407011677486,0.01797688970213445,0.2449245011211378,0.9933071490757153,0.9890130573694068
228,0,1.0,1.0,1.0,1.0,1.0,1.0,1.0,0.13903722,0.002541577187015815,0.01798194509363734,0.1132203609057553,0.9933071490757153,0.9890130573694068
229,0,1.0,1.0,1.0,1.0,1.0,1.0,1.0,1.8998245e-08,0.0033419602537457654,0.017973084786605763,0.5675796233263002,0.9933071490757153,0.9890130573694068
230,0,1.0,1.0,1.0,1.0,1.0,1.0,1.0,6.006038e-10,0.004056510986969142,0.018026762802572906,0.12161314838035914,0.9933071490757153,0.9890130573694068
231,0,1.0,1.0,1.0,1.0,1.0,1.0,1.0,6.508686e-05,0.004214696275400219,0.01799397823249371,0.5113672477511219,0.9933071490757153,0.9890130573694068
232,0,1.0,1.0,1.0,1.0,1.0,1.0,1.0,1.8828739e-07,0.00484838956809484,0.01796065326908537,0.1875805449144594,0.9933071490757153,0.9890130573694068
233,0,1.0,1.0,1.0,1.0,1.0,1.0,1.0,9.811897e-08,0.0035267518814571866,0.017990377994049754,0.5098478272484344,0.9933071490757153,0.9890130573694068
234,1,0.0,1.0,1.0,0.0,0.0,0.0,0.0,9.594866e-12,0.5071653749089654,0.49807686062202505,0.17822310433545366,0.9933071490757153,0.9890130573694068
235,1,0.0,1.0,1.0,1.0,0.0,0.0,1.0,1.10975194e-13,0.9999999961668713,0.978076228894199,0.1,0.9933071490757153,0.9890130573694068
236,1,1.0,1.0,1.0,1.0,1.0,1.0,1.0,0.9999999,0.9999999853032563,0.9780784804183003,0.9511438661535454,0.9933071490757153,0.9890130573694068
237,1,1.0,1.0,1.0,1.0,1.0,1.0,1.0,1.0,0.9999999930263049,0.9781308578119142,0.1,0.9933071490757153,0.9890130573694068
238,1,1.0,1.0,1.0,1.0,1.0,1.0,1.0,0.984248,0.999999999813488,0.9780948932028604,0.871211321218672,0.9933071490757153,0.9890130573694068
239,1,0.0,1.0,1.0,1.0,0.0,0.0,1.0,0.41501233,0.9999999999272087,0.9781144501848065,0.7913244907164054,0.9933071490757153,0.9890130573694068
240,1,1.0,1.0,1.0,1.0,1.0,1.0,1.0,0.9999976,0.9999999999604684,0.9781858816129341,0.2232042761765069,0.9933071490757153,0.9890130573694068
241,1,0.0,1.0,1.0,1.0,0.0,0.0,1.0,1.2386192e-05,0.9999999999942812,0.9781940222102464,0.6778786621386507,0.9933071490757153,0.9890130573694068
242,1,0.0,1.0,1.0,1.0,0.0,0.0,1.0,3.2762675e-11,0.9999999999976937,0.9780937457953679,0.10722147998855316,0.9933071490757153,0.9890130573694068
243,1,1.0,1.0,1.0,1.0,1.0,1.0,1.0,0.99999464,0.9999999999922455,0.9781710008887744,0.7452731636253004,0.9933071490757153,0.9890130573694068
244,1,0.0,1.0,1.0,1.0,0.0,0.0,1.0,3.7393194e-10,0.9999999999998247,0.9781669476913345,0.1,0.9933071490757153,0.9890130573694068
245,1,1.0,1.0,1.0,1.0,1.0,1.0,1.0,0.82196635,0.9999999999998543,0.9781485516802773,0.8741654418041908,0.9933071490757153,0.9890130573694068
246,1,1.0,1.0,1.0,1.0,1.0,1.0,1.0,0.9999999,0.99999999999919,0.9781411996273339,0.1,0.9933071490757153,0.9890130573694068
247,1,1.0,1.0,1.0,1.0,1.0,1.0,1.0,0.99999106,0.9999999999992156,0.9780963500055823,0.27659136754716057,0.9933071490757153,0.9890130573694068
248,1,0.0,1.0,1.0,1.0,0.0,0.0,1.0,0.0007433416,0.9999999999864557,0.9781278200945331,0.1,0.9933071490757153,0.9890130573694068
249,1,1.0,1.0,1.0,1.0,1.0,1.0,1.0,0.99880683,0.999999999979923,0.978109214887066,0.9337383687516174,0.9933071490757153,0.9890130573694068
250,1,0.0,1.0,1.0,1.0,0.0,0.0,1.0,1.960133e-14,0.9999999999743916,0.9781497016868796,0.1,0.9933071490757153,0.9890130573694068
251,1,0.0,1.0,1.0,1.0,0.0,0.0,1.0,0.26660284,0.9999999996180463,0.9780750877567743,0.2787400408622918,0.9933071490757153,0.9890130573694068
252,1,0.0,1.0,1.0,1.0,0.0,0.0,1.0,3.8641756e-05,0.9999999998833172,0.9781314065707586,0.13286671978555487,0.9933071490757153,0.9890130573694068
253,1,1.0,1.0,1.0,1.0,1.0,1.0,1.0,0.99999845,0.9999999996732843,0.978119720636153,0.7905347247173655,0.9933071490757153,0.9890130573694068
254,1,1.0,1.0,1.0,1.0,1.0,1.0,1.0,1.0,0.9999999999641539,0.9780904916656231,0.9856093048388005,0.9933071490757153,0.9890130573694068
255,1,1.0,1.0,1.0,1.0,1.0,1.0,1.0,1.0,0.9999999999609487,0.9781545171335361,0.9796939322360261,0.9933071490757153,0.9890130573694068
256,1,0.0,1.0,1.0,1.0,0.0,0.0,1.0,1.3673382e-08,0.9999999999947807,0.9781576894943396,0.1,0.9933071490757153,0.9890130573694068
257,1,0.0,1.0,1.0,1.0,0.0,0.0,1.0,0.28305858,0.9999999999938949,0.9781894912414391,0.5380817961275053,0.9933071490757153,0.9890130573694068
258,1,0.0,1.0,1.0,1.0,0.0,0.0,1.0,0.043581177,0.9999999999996759,0.9781680427351856,0.42022063526306674,0.9933071490757153,0.9890130573694068
259,1,0.0,1.0,1.0,1.0,0.0,0.0,1.0,3.5053915e-06,0.9999999999997441,0.9780492086460695,0.1,0.9933071490757153,0.9890130573694068
260,1,1.0,1.0,1.0,1.0,1.0,1.0,1.0,0.9999999,0.9999999999997244,0.9780995579013306,0.9511438661535454,0.9933071490757153,0.9890130573694068
261,1,0.0,1.0,1.0,1.0,0.0,0.0,1.0,5.570875e-15,0.9999999999999166,0.9781446620455443,0.1,0.9933071490757153,0.9890130573694068
262,1,0.0,1.0,1.0,1.0,0.0,0.0,1.0,6.525492e-09,0.9999999999999559,0.9781369611505271,0.7714979500110763,0.9933071490757153,0.9890130573694068
263,1,0.0,1.0,1.0,1.0,0.0,0.0,1.0,8.7343096e-08,0.9999999999999505,0.9781133212999255,0.1,0.9933071490757153,0.9890130573694068
264,1,1.0,1.0,1.0,1.0,1.0,1.0,1.0,0.99999964,0.99999999999997,0.9781466849610942,0.1,0.9933071490757153,0.9890130573694068
265,1,1.0,1.0,1.0,1.0,1.0,1.0,1.0,0.99999464,0.99999999999997,0.9781638921423788,0.7452731636253004,0.9933071490757153,0.9890130573694068
266,1,1.0,1.0,1.0,1.0,1.0,1.0,1.0,1.0,0.99999999999997,0.9780620325050655,0.9025777041269085,0.9933071490757153,0.9890130573694068
267,1,1.0,1.0,1.0,1.0,1.0,1.0,1.0,0.9999893,0.99999999999997,0.9781422282996745,0.7679763762611995,0.9933071490757153,0.9890130573694068
268,1,1.0,1.0,1.0,1.0,1.0,1.0,1.0,0.99992144,0.99999999999997,0.9781298561588883,0.7561570062066275,0.9933071490757153,0.9890130573694068
269,1,0.0,1.0,1.0,1.0,0.0,0.0,1.0,0.036008526,0.99999999999997,0.9781051151537568,0.20856947024670078,0.9933071490757153,0.9890130573694068
270,1,0.0,1.0,1.0,1.0,0.0,0.0,1.0,3.2443302e-06,0.99999999999997,0.9781619097831556,0.8493893729788877,0.9933071490757153,0.9890130573694068
271,1,0.0,1.0,1.0,1.0,0.0,0.0,1.0,5.705567e-10,0.99999999999997,0.9781701271256024,0.4121549179379842,0.9933071490757153,0.9890130573694068
272,1,0.0,1.0,1.0,1.0,0.0,0.0,1.0,6.471099e-11,0.99999999999997,0.9781040905095558,0.17142988908569942,0.9933071490757153,0.9890130573694068
273,1,0.0,1.0,1.0,1.0,0.0,0.0,1.0,9.8037e-09,0.99999999999997,0.978109338172073,0.44818213339569946,0.9933071490757153,0.9890130573694068
274,1,0.0,1.0,1.0,1.0,0.0,0.0,1.0,6.460237e-14,0.99999999999997,0.9781293548911993,0.10971264796620904,0.9933071490757153,0.9890130573694068
275,1,1.0,1.0,1.0,1.0,1.0,1.0,1.0,1.0,0.99999999999997,0.9780638984285015,0.17100334601025305,0.9933071490757153,0.9890130573694068
276,1,1.0,1.0,1.0,1.0,1.0,1.0,1.0,1.0,0.99999999999997,0.9781541121043695,0.513689541498057,0.9933071490757153,0.9890130573694068
277,1,1.0,1.0,1.0,1.0,1.0,1.0,1.0,1.0,0.9999999999999306,0.9780735236770185,0.9098891969688246,0.9933071490757153,0.9890130573694068
278,1,1.0,1.0,1.0,1.0,1.0,1.0,1.0,1.0,0.9999999999999453,0.9782002960483217,0.9709552300891859,0.9933071490757153,0.9890130573694068
279,1,0.0,1.0,1.0,1.0,0.0,0.0,1.0,1.02605595e-08,0.9999999999998821,0.9780862163253892,0.8449898795682121,0.9933071490757153,0.9890130573694068
280,1,1.0,1.0,1.0,1.0,1.0,1.0,1.0,0.82196635,0.9999999999999422,0.9781682888014009,0.8741654418041908,0.9933071490757153,0.9890130573694068
281,1,1.0,1.0,1.0,1.0,1.0,1.0,1.0,0.9899588,0.99999999999997,0.9780859602234817,0.9367930013213408,0.9933071490757153,0.9890130573694068
282,1,0.0,1.0,1.0,1.0,0.0,0.0,1.0,0.013527204,0.99999999999997,0.9781111980508367,0.11142204983825776,0.9933071490757153,0.9890130573694068
283,1,1.0,1.0,1.0,1.0,1.0,1.0,1.0,0.9999999,0.99999999999997,0.9781554408302602,0.8606626549048493,0.9933071490757153,0.9890130573694068
284,1,0.0,1.0,1.0,1.0,0.0,0.0,1.0,5.899759e-12,0.99999999999997,0.978106867556736,0.1,0.9933071490757153,0.9890130573694068
285,1,1.0,1.0,1.0,1.0,1.0,1.0,1.0,1.0,0.99999999999997,0.9780962405054158,0.819760921939253,0.9933071490757153,0.9890130573694068
286,1,0.0,1.0,1.0,1.0,0.0,0.0,1.0,1.0806179e-09,0.99999999999997,0.9780943697502447,0.3571737458936664,0.9933071490757153,0.9890130573694068
287,1,1.0,1.0,1.0,1.0,0.0,0.0,1.0,0.5439962,0.99999999999997,0.9781260836063218,0.4961560650099221,0.9933071490757153,0.9890130573694068
288,1,1.0,0.9166666666666666,1.0,1.0,1.0,1.0,1.0,1.0,0.9382887612098224,0.8500903317502753,0.1,0.9933071490757153,0.9890130573694068
289,0,0.0,0.9833333333333333,1.0,1.0,0.0,0.0,1.0,1.0,0.057704867103833914,0.017951551595248617,0.1,0.9933071490757153,0.9890130573694068
290,0,1.0,1.0,1.0,1.0,1.0,1.0,1.0,2.2236604e-06,0.0037316081126832937,0.017961884632567496,0.4105813131277468,0.9933071490757153,0.9890130573694068
291,0,0.0,1.0,1.0,1.0,0.0,0.0,1.0,0.9995328,0.0031065840900224365,0.018036359218288722,0.21542220134747783,0.9933071490757153,0.9890130573694068
292,0,1.0,1.0,1.0,1.0,1.0,1.0,1.0,7.187523e-06,0.0037189851789982092,0.01802057349454377,0.20689717542701486,0.9933071490757153,0.9890130573694068
293,0,0.0,1.0,1.0,1.0,0.0,0.0,1.0,1.0,0.0027550332510185246,0.01800818647112417,0.1,0.9933071490757153,0.9890130573694068
294,0,1.0,1.0,1.0,1.0,1.0,1.0,1.0,7.4578274e-11,0.003506858681161469,0.017968487799031835,0.3065634191751696,0.9933071490757153,0.9890130573694068
295,0,1.0,1.0,1.0,1.0,1.0,1.0,1.0,5.832543e-06,0.005390098457828813,0.017994452839074925,0.13596380383686973,0.9933071490757153,0.9890130573694068
296,0,1.0,1.0,1.0,1.0,1.0,1.0,1.0,3.037502e-09,0.004005809864141302,0.017996512329022815,0.1,0.9933071490757153,0.9890130573694068
297,0,1.0,1.0,1.0,1.0,1.0,1.0,1.0,9.654399e-08,0.0037366306920787176,0.017999543539435822,0.1,0.9933071490757153,0.9890130573694068
298,0,1.0,1.0,1.0,1.0,1.0,1.0,1.0,2.3088788e-14,0.005408416037467663,0.017970467334909965,0.10781746698798,0.9933071490757153,0.9890130573694068
299,0,0.0,1.0,1.0,1.0,0.0,0.0,1.0,0.93813497,0.004358402292057444,0.017950331737526023,0.16163393897482517,0.9933071490757153,0.9890130573694068
300,0,1.0,1.0,1.0,1.0,1.0,1.0,1.0,7.167338e-18,0.003280194590315912,0.01800587973614702,0.1,0.9933071490757153,0.9890130573694068
301,0,1.0,1.0,1.0,1.0,1.0,1.0,1.0,0.0069871573,0.005746169610907692,0.018017627894693064,0.11896405466708115,0.9933071490757153,0.9890130573694068
302,0,1.0,1.0,1.0,1.0,1.0,1.0,1.0,4.0901227e-07,0.004958901508721436,0.01803733905345145,0.24811155026749385,0.9933071490757153,0.9890130573694068
303,0,1.0,1.0,1.0,1.0,1.0,1.0,1.0,0.00018356933,0.006201525722617706,0.017970900175264058,0.39369066730288405,0.9933071490757153,0.9890130573694068
304,0,0.0,1.0,1.0,1.0,0.0,0.0,1.0,1.0,0.0033410171303273044,0.01796944336311679,0.1,0.9933071490757153,0.9890130573694068
305,0,1.0,1.0,1.0,1.0,1.0,1.0,1.0,0.006732571,0.004948253339514829,0.017976893746488434,0.1290343591185756,0.9933071490757153,0.9890130573694068
306,0,1.0,1.0,1.0,1.0,1.0,1.0,1.0,2.3585368e-12,0.0057280546878840715,0.017970660995261362,0.1,0.9933071490757153,0.9890130573694068
307,0,1.0,1.0,1.0,1.0,1.0,1.0,1.0,9.6943016e-14,0.004394311356937162,0.018018045777931466,0.9931472544855745,0.9933071490757153,0.9890130573694068
308,0,1.0,1.0,1.0,1.0,1.0,1.0,1.0,2.9690364e-08,0.004829226805987926,0.0179838170165462,0.272012605363357,0.9933071490757153,0.9890130573694068
309,0,1.0,1.0,1.0,1.0,1.0,1.0,1.0,0.0001285051,0.004046336280846463,0.018005308442410852,0.6748913228065615,0.9933071490757153,0.9890130573694068
310,0,1.0,1.0,1.0,1.0,1.0,1.0,1.0,2.4959616e-06,0.005173424461730473,0.017968653188284427,0.4049169786436076,0.9933071490757153,0.9890130573694068
311,0,1.0,1.0,1.0,1.0,1.0,1.0,1.0,2.0540371e-14,0.004724171826168006,0.017987220180312156,0.1,0.9933071490757153,0.9890130573694068
312,0,1.0,1.0,1.0,1.0,1.0,1.0,1.0,3.5104023e-07,0.004181570172888555,0.017980973749539365,0.1826126264473682,0.9933071490757153,0.9890130573694068
313,0,1.0,1.0,1.0,1.0,1.0,1.0,1.0,0.0061957547,0.0054411653810338715,0.01795338435626064,0.3544184634242344,0.9933071490757153,0.9890130573694068
314,0,1.0,1.0,1.0,1.0,1.0,1.0,1.0,0.00026771755,0.004963247081092186,0.01798850455954576,0.22043929589419842,0.9933071490757153,0.9890130573694068
315,0,1.0,1.0,1.0,1.0,1.0,1.0,1.0,5.438867e-12,0.004232441093629065,0.017989331238789825,0.20147766920364504,0.9933071490757153,0.9890130573694068
316,0,1.0,1.0,1.0,1.0,1.0,1.0,1.0,0.0023153354,0.0050189545025500605,0.018000684491952326,0.14889617916424755,0.9933071490757153,0.9890130573694068
317,0,1.0,1.0,1.0,1.0,1.0,1.0,1.0,0.05461464,0.0042571237680360295,0.01795948869515732,0.19832173086222968,0.9933071490757153,0.9890130573694068
318,0,1.0,1.0,1.0,1.0,0.0,1.0,1.0,5.493339e-09,0.2533633509339917,0.26031311867376855,0.13338673907923426,0.9933071490757153,0.9890130573694068
319,1,0.0,1.0,1.0,1.0,0.0,0.0,1.0,0.00027865672,0.99999999999997,0.9873768506327666,0.1,0.9933071490757153,0.9890130573694068
320,1,0.0,1.0,1.0,1.0,0.0,0.0,1.0,2.5264934e-11,0.99999999999997,0.9873620970275194,0.1,0.9933071490757153,0.9890130573694068
321,1,1.0,1.0,1.0,1.0,1.0,1.0,1.0,1.0,0.99999999999997,0.9872925914119548,0.1,0.9933071490757153,0.9890130573694068
322,1,1.0,1.0,1.0,1.0,1.0,1.0,1.0,0.99999464,0.99999999999997,0.9873149865526808,0.7452731636253004,0.9933071490757153,0.9890130573694068
323,1,0.0,1.0,1.0,1.0,0.0,0.0,1.0,1.3717377e-07,0.99999999999997,0.9873128100104933,0.3357932155254515,0.9933071490757153,0.9890130573694068
324,1,1.0,1.0,1.0,1.0,1.0,1.0,1.0,0.9999875,0.99999999999997,0.9873285353082436,0.9263631343479233,0.9933071490757153,0.9890130573694068
325,1,0.0,1.0,1.0,1.0,0.0,0.0,1.0,6.9808856e-16,0.99999999999997,0.9873128759468777,0.1,0.9933071490757153,0.9890130573694068
326,1,1.0,1.0,1.0,1.0,1.0,1.0,1.0,0.9999957,0.99999999999997,0.9873461874335229,0.47143310515717574,0.9933071490757153,0.9890130573694068
327,0,1.0,1.0,1.0,1.0,0.0,0.0,1.0,5.566115e-07,0.4716321098194626,0.47035578420815444,0.1,0.9933071490757153,0.9890130573694068
328,1,1.0,1.0,1.0,1.0,1.0,1.0,1.0,1.0,0.9153921816215813,0.8880768422527624,0.17100334601025305,0.9933071490757153,0.9890130573694068
329,1,0.0,1.0,1.0,1.0,0.0,0.0,1.0,0.051407326,0.9999999990291306,0.9672041711107972,0.23631842440194498,0.9933071490757153,0.9890130573694068
330,1,1.0,1.0,1.0,1.0,1.0,1.0,1.0,0.87827057,0.9999999999383573,0.9672378495369204,0.29523804866587994,0.9933071490757153,0.9890130573694068
331,1,0.0,1.0,1.0,1.0,0.0,0.0,1.0,2.959787e-15,0.9999999992374137,0.9673298816513607,0.1,0.9933071490757153,0.9890130573694068
332,1,1.0,1.0,1.0,1.0,1.0,1.0,1.0,0.99998283,0.9999999983448816,0.9673275754415154,0.21137650810424358,0.9933071490757153,0.9890130573694068
333,1,0.0,1.0,1.0,1.0,0.0,0.0,1.0,6.7747954e-09,0.9999999998312146,0.9673103472454598,0.9018193319442438,0.9933071490757153,0.9890130573694068
334,1,0.0,1.0,1.0,1.0,0.0,0.0,1.0,0.019385561,0.999999999947481,0.9672619899464318,0.1,0.9933071490757153,0.9890130573694068
335,1,0.0,1.0,1.0,1.0,0.0,0.0,1.0,0.010477611,0.9999999999784931,0.9672933627110996,0.10008600845579162,0.9933071490757153,0.9890130573694068
336,1,0.0,1.0,1.0,1.0,0.0,0.0,1.0,2.2910655e-05,0.9999999999791668,0.9672639916230635,0.1659686059015936,0.9933071490757153,0.9890130573694068
337,1,1.0,1.0,1.0,1.0,1.0,1.0,1.0,0.87827057,0.9999999997869676,0.9672132739161828,0.29523804866587994,0.9933071490757153,0.9890130573694068
338,1,0.0,1.0,1.0,1.0,0.0,0.0,1.0,2.9160705e-05,0.9999999999500149,0.96725872473648,0.1,0.9933071490757153,0.9890130573694068
339,1,0.0,1.0,1.0,1.0,0.0,0.0,1.0,2.1553613e-10,0.9999999997233239,0.9672515639178474,0.14101771900608315,0.9933071490757153,0.9890130573694068
340,1,0.0,1.0,1.0,1.0,0.0,0.0,1.0,1.4351018e-09,0.9999999991711892,0.9672856229192106,0.1,0.9933071490757153,0.9890130573694068
341,1,1.0,1.0,1.0,1.0,1.0,1.0,1.0,1.0,0.9999999992079515,0.9672590408696726,0.9856532815770707,0.9933071490757153,0.9890130573694068
342,1,0.0,1.0,1.0,1.0,0.0,0.0,1.0,4.900623e-09,0.9999999672007055,0.9672603075378354,0.1,0.9933071490757153,0.9890130573694068
343,1,0.0,1.0,1.0,1.0,0.0,0.0,1.0,1.5238856e-10,0.9998690728469984,0.9671995440794786,0.1,0.9933071490757153,0.9890130573694068
344,1,0.0,1.0,1.0,1.0,0.0,0.0,1.0,2.451942e-09,0.9999393482987862,0.9672370261400729,0.1298599764353217,0.9933071490757153,0.9890130573694068
345,0,1.0,1.0,1.0,1.0,1.0,1.0,1.0,8.613169e-10,0.09667290137553498,0.09707647512443486,0.3883222714619123,0.9933071490757153,0.9890130573694068
346,0,1.0,1.0,1.0,1.0,1.0,1.0,1.0,5.146722e-13,0.004017513873544854,0.017940521543568455,0.1,0.9933071490757153,0.9890130573694068
347,0,1.0,1.0,1.0,1.0,1.0,1.0,1.0,3.2687158e-06,0.0035162435705506476,0.017972805522327804,0.23155008882979064,0.9933071490757153,0.9890130573694068
348,0,0.0,1.0,1.0,1.0,0.0,0.0,1.0,0.98789585,0.003470558329369373,0.017994281893897134,0.1,0.9933071490757153,0.9890130573694068
349,0,1.0,1.0,1.0,1.0,1.0,1.0,1.0,7.3312025e-12,0.0036288786384887826,0.018025056560443675,0.16401442496860616,0.9933071490757153,0.9890130573694068
350,0,1.0,1.0,1.0,1.0,1.0,1.0,1.0,1.8441529e-12,0.0047091977793975405,0.017979177359155704,0.15702225093188882,0.9933071490757153,0.9890130573694068
351,0,1.0,1.0,1.0,1.0,1.0,1.0,1.0,1.5302685e-12,0.004124921870366974,0.01800316378001807,0.1,0.9933071490757153,0.9890130573694068
352,0,1.0,1.0,1.0,1.0,1.0,1.0,1.0,3.8039992e-13,0.004486366799534783,0.017937667232749813,0.6136416292544432,0.9933071490757153,0.9890130573694068
353,0,1.0,1.0,1.0,1.0,1.0,1.0,1.0,4.075011e-06,0.0034914574309084785,0.017985130082719507,0.13380532920151314,0.9933071490757153,0.9890130573694068
354,0,1.0,1.0,1.0,1.0,1.0,1.0,1.0,2.05354e-06,0.003407749724385329,0.017996268923890443,0.27335035508653094,0.9933071490757153,0.9890130573694068
355,0,1.0,1.0,1.0,1.0,1.0,1.0,1.0,9.756793e-11,0.00406738302534022,0.01800570555633046,0.1687616815094207,0.9933071490757153,0.9890130573694068
356,0,1.0,1.0,1.0,1.0,1.0,1.0,1.0,4.3185963e-08,0.004179355683295532,0.018011437048141836,0.1528078768045594,0.9933071490757153,0.9890130573694068
357,0,1.0,1.0,1.0,1.0,1.0,1.0,1.0,0.027386282,0.0037397618126484753,0.018013356248920847,0.4616189514304941,0.9933071490757153,0.9890130573694068
358,0,1.0,1.0,1.0,1.0,1.0,1.0,1.0,1.9574639e-08,0.0038728585015271183,0.01793606923048583,0.1,0.9933071490757153,0.9890130573694068
359,0,0.0,1.0,1.0,1.0,0.0,0.0,1.0,0.9999721,0.003988536287468133,0.0179668422482217,0.1,0.9933071490757153,0.9890130573694068
360,0,1.0,1.0,1.0,1.0,1.0,0.0,1.0,0.35420656,0.0028329386993208496,0.017975744500261015,0.250608435030686,0.9933071490757153,0.9890130573694068
361,0,1.0,1.0,1.0,1.0,1.0,1.0,1.0,0.0033307374,0.004544454295811336,0.017955074379487967,0.11072649288054781,0.9933071490757153,0.9890130573694068
362,0,1.0,1.0,1.0,1.0,1.0,0.0,1.0,0.36951706,0.0037161134709161217,0.017964941277672276,0.25426982684223126,0.9933071490757153,0.9890130573694068
363,0,1.0,1.0,1.0,1.0,1.0,1.0,1.0,0.00044938808,0.0032896500176907225,0.01798516659487349,0.22090942739449185,0.9933071490757153,0.9890130573694068
364,0,1.0,1.0,1.0,1.0,1.0,1.0,1.0,1.2259355e-16,0.004857389521295095,0.018003855118822347,0.1,0.9933071490757153,0.9890130573694068
365,0,1.0,1.0,1.0,1.0,1.0,1.0,1.0,1.7598128e-06,0.0054916203494144245,0.018026973123133044,0.23320743291068485,0.9933071490757153,0.9890130573694068
366,0,1.0,1.0,1.0,1.0,1.0,1.0,1.0,4.5269557e-05,0.0037854198493864474,0.017954979763897014,0.2739112098635186,0.9933071490757153,0.9890130573694068
367,0,1.0,1.0,1.0,1.0,1.0,1.0,1.0,0.057294466,0.004303260050332733,0.017997736984501425,0.9732720344081978,0.9933071490757153,0.9890130573694068
368,0,1.0,1.0,1.0,1.0,1.0,1.0,1.0,2.4421358e-09,0.003071888478538977,0.017991413794061214,0.9990696420423293,0.9933071490757153,0.9890130573694068
369,0,1.0,1.0,1.0,1.0,1.0,1.0,1.0,1.954181e-12,0.00579388600598267,0.018011639532182065,0.3979570536580008,0.9933071490757153,0.9890130573694068
370,0,1.0,1.0,1.0,1.0,1.0,1.0,1.0,9.959032e-05,0.0050804508373012225,0.01799302769312116,0.1,0.9933071490757153,0.9890130573694068
371,0,1.0,1.0,1.0,1.0,1.0,1.0,1.0,1.0577241e-06,0.004464859067405589,0.01794850726211681,0.7298045654573858,0.9933071490757153,0.9890130573694068
372,0,1.0,1.0,1.0,1.0,1.0,1.0,1.0,7.491455e-12,0.004474188630568068,0.017977905015353266,0.33130307563114386,0.9933071490757153,0.9890130573694068
373,0,1.0,1.0,1.0,1.0,1.0,1.0,1.0,3.5752947e-08,0.0039035684570653635,0.01793928621680318,0.3776489953224282,0.9933071490757153,0.9890130573694068
374,0,1.0,1.0,1.0,1.0,1.0,1.0,1.0,2.1880276e-06,0.004084639788344024,0.01799934930930432,0.24316542443136935,0.9933071490757153,0.9890130573694068
375,0,1.0,1.0,1.0,1.0,1.0,1.0,1.0,3.6106425e-07,0.005839873438144553,0.017938466095932748,0.5657090304339913,0.9933071490757153,0.9890130573694068
376,0,1.0,1.0,1.0,1.0,1.0,1.0,1.0,0.31717932,0.007148146111412109,0.018016280219989547,0.5663644947670546,0.9933071490757153,0.9890130573694068
377,0,1.0,1.0,1.0,1.0,1.0,1.0,1.0,3.9037875e-09,0.0036891443953652302,0.017967104986122678,0.9992821007550348,0.9933071490757153,0.9890130573694068
378,0,1.0,1.0,1.0,1.0,1.0,1.0,1.0,0.00096696627,0.004376279062755077,0.018043145802728876,0.24259374295192765,0.9933071490757153,0.9890130573694068
379,0,1.0,1.0,1.0,1.0,1.0,1.0,1.0,0.09623007,0.0038054224914901556,0.01795924006162997,0.2669833103636928,0.9933071490757153,0.9890130573694068
380,1,0.0,1.0,1.0,1.0,0.0,0.0,1.0,1.4647966e-10,0.6510096648238847,0.634506624770491,0.10569759715089425,0.9933071490757153,0.9890130573694068
381,1,1.0,1.0,1.0,1.0,1.0,1.0,1.0,0.99999213,0.9999999999975185,0.9665241653996902,0.9086617698191285,0.9933071490757153,0.9890130573694068
382,1,1.0,1.0,1.0,1.0,1.0,1.0,1.0,1.0,0.9999999999992326,0.9664888604865706,0.5992888007205438,0.9933071490757153,0.9890130573694068
383,1,1.0,1.0,1.0,1.0,1.0,1.0,1.0,0.83444583,0.9999999999902406,0.9664843062632207,0.5060146762292803,0.9933071490757153,0.9890130573694068
384,1,1.0,1.0,1.0,1.0,1.0,1.0,1.0,0.999861,0.9999999998072606,0.9664615705864653,0.9141599290089406,0.9933071490757153,0.9890130573694068
385,1,0.0,1.0,1.0,1.0,0.0,0.0,1.0,2.6034174e-08,0.9999999991113219,0.9664451207707292,0.2929295135047478,0.9933071490757153,0.9890130573694068
386,1,1.0,1.0,1.0,1.0,1.0,1.0,1.0,1.0,0.999999997502158,0.9664584491491955,0.1,0.9933071490757153,0.9890130573694068
387,1,0.0,1.0,1.0,1.0,0.0,0.0,1.0,7.360962e-12,0.9999999998795659,0.9664400173196028,0.10533018463101393,0.9933071490757153,0.9890130573694068
388,1,1.0,1.0,1.0,1.0,1.0,1.0,1.0,1.0,0.9999999999786647,0.9664407073802271,0.1,0.9933071490757153,0.9890130573694068
389,1,0.0,1.0,1.0,1.0,0.0,0.0,1.0,1.9146812e-08,0.9999999999857377,0.9664070416612024,0.44022198350069836,0.9933071490757153,0.9890130573694068
390,1,0.0,1.0,1.0,1.0,0.0,0.0,1.0,7.728316e-08,0.9999999999894418,0.9664488997053299,0.7322228243630095,0.9933071490757153,0.9890130573694068
391,1,0.0,1.0,1.0,1.0,0.0,0.0,1.0,4.8441545e-10,0.9999999999961336,0.966444452691156,0.2735041011634704,0.9933071490757153,0.9890130573694068
392,1,0.0,1.0,1.0,1.0,0.0,0.0,1.0,0.00039370428,0.9999999999991876,0.9664732503548191,0.6374785898708896,0.9933071490757153,0.9890130573694068
393,1,0.0,1.0,1.0,1.0,0.0,0.0,1.0,2.6154332e-11,0.9999999999986035,0.966464123712566,0.1,0.9933071490757153,0.9890130573694068
394,1,0.0,1.0,1.0,1.0,0.0,0.0,1.0,1.5429673e-06,0.9999999999998478,0.9664682181494751,0.5788721893629614,0.9933071490757153,0.9890130573694068
395,1,0.0,1.0,1.0,1.0,0.0,0.0,1.0,9.474074e-05,0.9999999999999699,0.9664138570459766,0.736946150671004,0.9933071490757153,0.9890130573694068
396,1,0.0,1.0,1.0,1.0,0.0,0.0,1.0,4.3070553e-08,0.99999999999997,0.9664173693165664,0.18842745580291728,0.9933071490757153,0.9890130573694068
397,1,0.0,1.0,1.0,1.0,0.0,0.0,1.0,2.9266439e-15,0.99999999999997,0.9664753178389714,0.1,0.9933071490757153,0.9890130573694068
398,1,0.0,1.0,1.0,1.0,0.0,0.0,1.0,1.7532214e-11,0.99999999999997,0.9664120399743813,0.7492118925690797,0.9933071490757153,0.9890130573694068
399,1,0.0,1.0,1.0,1.0,0.0,0.0,1.0,1.0652853e-10,0.99999999999997,0.9663834877515535,0.1,0.9933071490757153,0.9890130573694068
400,1,0.0,1.0,1.0,1.0,0.0,0.0,1.0,7.896714e-18,0.99999999999997,0.9664035870777087,0.10633020413471442,0.9933071490757153,0.9890130573694068
401,1,0.0,1.0,1.0,1.0,0.0,0.0,1.0,0.005354708,0.9999999999999699,0.9663574891622283,0.7456080200857192,0.9933071490757153,0.9890130573694068
402,1,1.0,1.0,1.0,1.0,1.0,1.0,1.0,0.99996626,0.99999999999997,0.9664800971424742,0.35808972851750964,0.9933071490757153,0.9890130573694068
403,1,0.0,1.0,1.0,1.0,0.0,0.0,1.0,3.7393194e-10,0.99999999999997,0.9664062212590726,0.1,0.9933071490757153,0.9890130573694068
404,1,0.0,1.0,1.0,1.0,0.0,0.0,1.0,4.160393e-15,0.99999999999997,0.9664055719829293,0.1,0.9933071490757153,0.9890130573694068
405,1,0.0,1.0,1.0,1.0,0.0,0.0,1.0,0.26660284,0.9387677638422481,0.8871455136730401,0.2787400408622918,0.9933071490757153,0.9890130573694068
406,1,0.0,1.0,1.0,1.0,0.0,0.0,1.0,6.2978796e-09,0.99999999999997,0.9660187840268096,0.10960301321431964,0.9933071490757153,0.9890130573694068
407,1,1.0,1.0,1.0,1.0,1.0,1.0,1.0,0.9511587,0.99999999999997,0.9660161808928162,0.8016973306775083,0.9933071490757153,0.9890130573694068
408,1,1.0,1.0,1.0,1.0,1.0,1.0,1.0,1.0,0.99999999999997,0.9659973631686675,0.1,0.9933071490757153,0.9890130573694068
409,1,0.0,1.0,1.0,1.0,0.0,0.0,1.0,0.04537883,0.99999999999997,0.9659927581412351,0.5739723375084432,0.9933071490757153,0.9890130573694068
410,1,0.0,1.0,1.0,1.0,0.0,0.0,1.0,4.77657e-11,0.99999999999997,0.9660313193387431,0.1,0.9933071490757153,0.9890130573694068
411,1,1.0,1.0,1.0,1.0,1.0,1.0,1.0,1.0,0.99999999999997,0.9660236127410516,0.16336723947543177,0.9933071490757153,0.9890130573694068
412,1,0.0,1.0,1.0,1.0,0.0,0.0,1.0,3.316801e-16,0.99999999999997,0.9660182336371338,0.1,0.9933071490757153,0.9890130573694068
413,0,1.0,0.9833333333333333,1.0,1.0,1.0,1.0,1.0,6.6403666e-12,0.25914355737126393,0.21423581098718356,0.1,0.9933071490757153,0.9890130573694068
414,0,0.0,1.0,1.0,1.0,0.0,0.0,1.0,0.99999714,0.009919625584167664,0.017947017902661018,0.1,0.9933071490757153,0.9890130573694068
415,0,1.0,1.0,1.0,1.0,1.0,1.0,1.0,1.9677056e-05,0.004760614152979844,0.017984469419113972,0.31070325001130294,0.9933071490757153,0.9890130573694068
416,0,0.0,1.0,1.0,1.0,0.0,0.0,1.0,1.0,0.004691591538525418,0.017965503507393277,0.1,0.9933071490757153,0.9890130573694068
417,0,1.0,1.0,1.0,1.0,1.0,1.0,1.0,1.3257885e-07,0.004665443107151507,0.018039877668583667,0.1,0.9933071490757153,0.9890130573694068
418,0,0.0,1.0,1.0,1.0,0.0,0.0,1.0,0.5482847,0.004311438183384213,0.018039888389499843,0.1328345727315487,0.9933071490757153,0.9890130573694068
419,0,1.0,1.0,1.0,1.0,1.0,1.0,1.0,7.994033e-11,0.005138851376632903,0.018004254377307186,0.1,0.9933071490757153,0.9890130573694068
420,0,1.0,1.0,1.0,1.0,1.0,1.0,1.0,0.0057600173,0.0037840936817463444,0.01800165309750956,0.25649604459835657,0.9933071490757153,0.9890130573694068
421,0,1.0,1.0,1.0,1.0,1.0,1.0,1.0,8.3806094e-07,0.00328478692410476,0.017975487081550633,0.6627081870297776,0.9933071490757153,0.9890130573694068
422,0,1.0,1.0,1.0,1.0,1.0,1.0,1.0,0.002681743,0.003303374939832998,0.01795139257088064,0.2620116218582305,0.9933071490757153,0.9890130573694068
423,0,1.0,1.0,1.0,1.0,1.0,1.0,1.0,0.000110126,0.006411695473572329,0.017974781078567634,0.574491970751621,0.9933071490757153,0.9890130573694068
424,0,1.0,1.0,1.0,1.0,1.0,1.0,1.0,2.0719053e-10,0.0030630985512175132,0.017956281330737633,0.9971751135085393,0.9933071490757153,0.9890130573694068
425,0,1.0,1.0,1.0,1.0,1.0,1.0,1.0,3.3012145e-22,0.004783142800828591,0.017990919323176254,0.1,0.9933071490757153,0.9890130573694068
426,0,1.0,1.0,1.0,1.0,1.0,1.0,1.0,1.3183351e-14,0.005802317209813441,0.01799380985214399,0.19036576181169357,0.9933071490757153,0.9890130573694068
427,0,1.0,1.0,1.0,1.0,1.0,1.0,1.0,0.01991724,0.005682797733752379,0.017975810189502152,0.3830839166392295,0.9933071490757153,0.9890130573694068
428,0,1.0,1.0,1.0,1.0,1.0,1.0,1.0,9.744863e-09,0.004156597658142671,0.01798564547583056,0.1764708812290923,0.9933071490757153,0.9890130573694068
429,0,1.0,1.0,1.0,1.0,1.0,1.0,1.0,1.560287e-08,0.0036544813215597825,0.017991646855665813,0.17154832607533427,0.9933071490757153,0.9890130573694068
430,0,1.0,1.0,1.0,1.0,1.0,1.0,1.0,0.03133091,0.004869180168213093,0.01798512283613534,0.1,0.9933071490757153,0.9890130573694068
431,0,0.0,1.0,1.0,1.0,0.0,0.0,1.0,1.0,0.0040527993714371165,0.017975103279119584,0.1,0.9933071490757153,0.9890130573694068
432,0,1.0,1.0,1.0,1.0,1.0,1.0,1.0,0.0014427829,0.004022879288473171,0.01801612519981105,0.29322530640310285,0.9933071490757153,0.9890130573694068
433,0,1.0,1.0,1.0,1.0,1.0,1.0,1.0,0.10339617,0.004411252770172875,0.018018790786796326,0.4986736495244084,0.9933071490757153,0.9890130573694068
434,0,1.0,1.0,1.0,1.0,1.0,1.0,1.0,0.00088266394,0.004815502696097278,0.01796914437398522,0.41548385290552076,0.9933071490757153,0.9890130573694068
435,0,1.0,1.0,1.0,1.0,1.0,1.0,1.0,0.03613695,0.005123210197523129,0.017983482927859083,0.12457241774784875,0.9933071490757153,0.9890130573694068
436,0,1.0,1.0,1.0,1.0,1.0,1.0,1.0,1.0367063e-08,0.00409281602528257,0.017986737362827944,0.4439136511718502,0.9933071490757153,0.9890130573694068
437,0,1.0,1.0,1.0,1.0,1.0,1.0,1.0,0.00033633146,0.004212737499618119,0.017991376556228695,0.26580767914113074,0.9933071490757153,0.9890130573694068
438,0,0.0,1.0,1.0,1.0,0.0,0.0,1.0,1.0,0.00423659300128439,0.017969574296397946,0.1,0.9933071490757153,0.9890130573694068
439,0,1.0,1.0,1.0,1.0,1.0,1.0,1.0,4.985283e-05,0.004635642817513605,0.0179880510802272,0.7855885723072531,0.9933071490757153,0.9890130573694068
440,0,1.0,1.0,1.0,1.0,1.0,1.0,1.0,8.225421e-06,0.003725503508669153,0.018020313758525607,0.3931918851945396,0.9933071490757153,0.9890130573694068
441,0,1.0,1.0,1.0,1.0,1.0,1.0,1.0,1.297325e-13,0.0040995101733952025,0.017995309289729904,0.1311519718225145,0.9933071490757153,0.9890130573694068
442,0,1.0,1.0,1.0,1.0,1.0,1.0,1.0,3.5321022e-17,0.005604551835323992,0.017974089274013453,0.1,0.9933071490757153,0.9890130573694068
443,0,1.0,1.0,1.0,1.0,1.0,1.0,1.0,1.7142136e-10,0.004019348736090908,0.01802799423067478,0.17263680960071776,0.9933071490757153,0.9890130573694068
444,0,1.0,1.0,1.0,1.0,1.0,1.0,1.0,8.101953e-09,0.004946044744885617,0.017927380730136076,0.1,0.9933071490757153,0.9890130573694068
445,0,1.0,1.0,1.0,1.0,1.0,1.0,1.0,4.2570508e-05,0.005277196894886646,0.017997044715999475,0.2868639271727691,0.9933071490757153,0.9890130573694068
446,0,1.0,1.0,1.0,1.0,1.0,1.0,1.0,1.586677e-10,0.004137833462825505,0.017986752055398438,0.1,0.9933071490757153,0.9890130573694068
447,0,1.0,1.0,1.0,1.0,1.0,1.0,1.0,5.9997794e-05,0.004184862583956616,0.018031906105327303,0.20151549941160418,0.9933071490757153,0.9890130573694068
448,0,1.0,1.0,1.0,1.0,1.0,1.0,1.0,7.994033e-11,0.004653612644139097,0.01800622261714522,0.1,0.9933071490757153,0.9890130573694068
449,0,0.0,1.0,1.0,1.0,0.0,0.0,1.0,1.0,0.004435943499073021,0.018002270050572537,0.1,0.9933071490757153,0.9890130573694068
450,0,1.0,1.0,1.0,1.0,1.0,1.0,1.0,2.4900055e-07,0.0044413590288424195,0.01798665646754102,0.1,0.9933071490757153,0.9890130573694068
451,0,1.0,1.0,1.0,1.0,1.0,1.0,1.0,6.45188e-09,0.00427598846562471,0.01796279376937886,0.9810567264548397,0.9933071490757153,0.9890130573694068
452,0,1.0,1.0,1.0,1.0,1.0,1.0,1.0,5.0966875e-09,0.004988212796449781,0.01804441484208904,0.999916895890452,0.9933071490757153,0.9890130573694068
453,0,1.0,1.0,1.0,1.0,1.0,1.0,1.0,1.8038135e-11,0.0039163263946532965,0.01797476723343671,0.15848131307044527,0.9933071490757153,0.9890130573694068
454,0,1.0,1.0,1.0,1.0,1.0,1.0,1.0,0.0018474285,0.005046102462123186,0.018048726651970548,0.11222409572427772,0.9933071490757153,0.9890130573694068
455,0,1.0,1.0,1.0,1.0,1.0,1.0,1.0,1.7658465e-15,0.0045470961874857,0.01800145702745325,0.9581016502567115,0.9933071490757153,0.9890130573694068
456,0,1.0,1.0,1.0,1.0,1.0,1.0,1.0,6.002219e-07,0.007007539888324929,0.017958947175442785,0.2811447548441214,0.9933071490757153,0.9890130573694068
457,0,1.0,1.0,1.0,1.0,1.0,1.0,1.0,9.686773e-19,0.0038318004021670013,0.01796011135710428,0.12136030360656595,0.9933071490757153,0.9890130573694068
458,0,1.0,1.0,1.0,1.0,1.0,1.0,1.0,5.493339e-09,0.004327314981045035,0.01802883275532036,0.13338673907923426,0.9933071490757153,0.9890130573694068
459,0,1.0,1.0,1.0,1.0,1.0,1.0,1.0,1.7085282e-09,0.0036067415356583338,0.017970464522854935,0.5830150664503309,0.9933071490757153,0.9890130573694068
460,0,1.0,1.0,1.0,1.0,1.0,1.0,1.0,7.0317895e-19,0.0034620824036305725,0.017980340033506816,0.1,0.9933071490757153,0.9890130573694068
461,0,1.0,1.0,1.0,1.0,1.0,1.0,1.0,0.0037979197,0.006275127983539596,0.01799758937521557,0.1,0.9933071490757153,0.9890130573694068
462,0,0.0,1.0,1.0,1.0,0.0,0.0,1.0,0.67221737,0.003989059509424662,0.01804206071342624,0.1,0.9933071490757153,0.9890130573694068
463,0,1.0,1.0,1.0,1.0,1.0,1.0,1.0,2.8489502e-09,0.005410444128237674,0.017946818990615742,0.22974004475294243,0.9933071490757153,0.9890130573694068
464,1,0.0,1.0,1.0,1.0,0.0,0.0,1.0,5.2872418e-11,0.6510373739144256,0.6057489212705732,0.13887739455650955,0.9933071490757153,0.9890130573694068
465,0,1.0,1.0,1.0,1.0,0.0,0.0,1.0,0.42073953,0.4859351028425615,0.4550776869135748,0.10888468413886858,0.9933071490757153,0.9890130573694068
466,0,0.0,1.0,1.0,1.0,0.0,0.0,1.0,0.99999964,0.004352838784024728,0.017978473726918187,0.1,0.9933071490757153,0.9890130573694068
467,0,1.0,1.0,1.0,1.0,1.0,1.0,1.0,0.0019694525,0.0029199901487805646,0.01796405575864652,0.13505887770600603,0.9933071490757153,0.9890130573694068
468,0,1.0,1.0,1.0,1.0,1.0,1.0,1.0,0.022382392,0.003873450531790811,0.01798353237342566,0.10137735886807582,0.9933071490757153,0.9890130573694068
469,0,1.0,1.0,1.0,1.0,1.0,1.0,1.0,2.1553474e-07,0.00531985300990512,0.018007802093555493,0.11834779641852569,0.9933071490757153,0.9890130573694068
470,0,1.0,1.0,1.0,1.0,1.0,1.0,1.0,2.3148094e-14,0.004493088006478874,0.01801252330685787,0.1279285858655017,0.9933071490757153,0.9890130573694068
471,1,1.0,1.0,1.0,1.0,1.0,1.0,1.0,1.0,0.9830467439735205,0.9443338455804792,0.1,0.9933071490757153,0.9890130573694068
472,1,0.0,1.0,1.0,1.0,0.0,0.0,1.0,0.00027865672,0.9999999505465827,0.9602251311943761,0.1,0.9933071490757153,0.9890130573694068
473,1,1.0,1.0,1.0,1.0,1.0,1.0,1.0,0.9999957,0.9999997995695079,0.96005994392485,0.47143310515717574,0.9933071490757153,0.9890130573694068
474,1,1.0,1.0,1.0,1.0,1.0,1.0,1.0,0.99999964,0.9999994748535432,0.9601740936894837,0.3041217751866982,0.9933071490757153,0.9890130573694068
475,1,1.0,1.0,1.0,1.0,1.0,1.0,1.0,0.999845,0.9997879905753961,0.9601472176993436,0.45057235579393434,0.9933071490757153,0.9890130573694068
476,1,1.0,1.0,1.0,1.0,1.0,1.0,1.0,0.9999558,0.9994513922026758,0.9602372932017859,0.1356424254939486,0.9933071490757153,0.9890130573694068
477,1,1.0,1.0,1.0,1.0,1.0,1.0,1.0,0.9973852,0.9996876191616245,0.960086992117983,0.9504279247805282,0.9933071490757153,0.9890130573694068
478,1,1.0,1.0,1.0,1.0,1.0,1.0,1.0,0.96953905,0.9999130985061054,0.9601484768859794,0.8069657165936495,0.9933071490757153,0.9890130573694068
479,1,0.0,1.0,1.0,1.0,0.0,0.0,1.0,3.0716076e-13,0.9999998378431197,0.9601334880569105,0.1,0.9933071490757153,0.9890130573694068
480,1,0.0,1.0,1.0,1.0,0.0,0.0,1.0,0.00014888577,0.9999993695657159,0.9600831341301578,0.821126197328325,0.9933071490757153,0.9890130573694068
481,1,1.0,1.0,1.0,1.0,1.0,1.0,1.0,1.0,0.9999998001532009,0.9600334943233509,0.1,0.9933071490757153,0.9890130573694068
482,1,0.0,1.0,1.0,1.0,0.0,0.0,1.0,6.055137e-05,0.9999999946590632,0.9601437724320177,0.11604790840536279,0.9933071490757153,0.9890130573694068
483,1,0.0,1.0,1.0,1.0,0.0,0.0,1.0,8.525052e-05,0.9999999118425695,0.960177989538392,0.16727356109688768,0.9933071490757153,0.9890130573694068
484,1,1.0,1.0,1.0,1.0,1.0,1.0,1.0,1.0,0.9999995978437286,0.9600732170019071,0.15632441780296405,0.9933071490757153,0.9890130573694068
485,1,0.0,1.0,1.0,1.0,0.0,0.0,1.0,0.0005069835,0.9999999625280552,0.9600184796074799,0.4971042226112622,0.9933071490757153,0.9890130573694068
486,1,1.0,1.0,1.0,1.0,1.0,1.0,1.0,1.0,0.9999999768560344,0.9600327254166152,0.1,0.9933071490757153,0.9890130573694068
487,1,1.0,1.0,1.0,1.0,1.0,1.0,1.0,1.0,0.9999999726184807,0.9600894424143304,0.9576294018990874,0.9933071490757153,0.9890130573694068
488,1,1.0,1.0,1.0,1.0,1.0,1.0,1.0,1.0,0.9999999635027934,0.9600398640954011,0.1,0.9933071490757153,0.9890130573694068
489,1,1.0,1.0,1.0,1.0,1.0,1.0,1.0,1.0,0.9999999920411439,0.9600408185844167,0.9856532815770707,0.9933071490757153,0.9890130573694068
490,1,1.0,1.0,1.0,1.0,1.0,1.0,1.0,0.99954563,0.9999999414422389,0.9600882061707706,0.9864103640245755,0.9933071490757153,0.9890130573694068
491,1,0.0,1.0,1.0,1.0,0.0,0.0,1.0,6.51649e-08,0.999999999352165,0.9600823141153643,0.6953230193556001,0.9933071490757153,0.9890130573694068
492,1,1.0,1.0,1.0,1.0,1.0,1.0,1.0,0.9999957,0.9999999999791048,0.9601588817754848,0.954318377590072,0.9933071490757153,0.9890130573694068
493,1,1.0,1.0,1.0,1.0,1.0,1.0,1.0,0.9998153,0.99999999999603,0.9601309580505976,0.8533808444516179,0.9933071490757153,0.9890130573694068
494,1,0.0,1.0,1.0,1.0,0.0,0.0,1.0,1.3673382e-08,0.9999999999891525,0.960229513848843,0.1,0.9933071490757153,0.9890130573694068
495,1,1.0,1.0,1.0,1.0,1.0,1.0,1.0,1.0,0.9999999999995067,0.960123678217471,0.9880072087651545,0.9933071490757153,0.9890130573694068
496,1,0.0,1.0,1.0,1.0,0.0,0.0,1.0,1.02605595e-08,0.9999999999991299,0.9601525636779471,0.8449898795682121,0.9933071490757153,0.9890130573694068
497,1,1.0,1.0,1.0,1.0,1.0,1.0,1.0,1.0,0.999999999993248,0.960032956740304,0.1,0.9933071490757153,0.9890130573694068
498,1,1.0,1.0,1.0,1.0,1.0,1.0,1.0,1.0,0.9999999999735528,0.9601095280015127,0.1,0.9933071490757153,0.9890130573694068
499,1,1.0,1.0,1.0,1.0,1.0,1.0,1.0,0.97937727,0.9999999999759079,0.9600907867436441,0.2592875149667235,0.9933071490757153,0.9890130573694068
500,1,0.0,1.0,1.0,1.0,0.0,0.0,1.0,7.2891744e-06,0.9999999999995166,0.9601460389600547,0.13130237849715615,0.9933071490757153,0.9890130573694068
501,1,1.0,1.0,1.0,1.0,1.0,1.0,1.0,1.0,0.9999999999995495,0.9601050936225766,0.9891844965313584,0.9933071490757153,0.9890130573694068
502,1,1.0,1.0,1.0,1.0,1.0,1.0,1.0,1.0,0.999999999998429,0.9601214071217543,0.8950893076990338,0.9933071490757153,0.9890130573694068
503,1,1.0,1.0,1.0,1.0,1.0,1.0,1.0,1.0,0.9999999998959898,0.9601070690539448,0.1,0.9933071490757153,0.9890130573694068
504,1,0.0,1.0,1.0,1.0,0.0,0.0,1.0,1.0145123e-15,0.9999999886656997,0.9600545543945794,0.4788519700906597,0.9933071490757153,0.9890130573694068
505,1,1.0,1.0,1.0,1.0,1.0,1.0,1.0,0.99999464,0.9999999989482657,0.9602611850066937,0.7452731636253004,0.9933071490757153,0.9890130573694068
506,1,1.0,1.0,1.0,1.0,1.0,1.0,1.0,0.91324127,0.9999999998580649,0.9600668346652124,0.9749796532056192,0.9933071490757153,0.9890130573694068
507,1,1.0,1.0,1.0,1.0,1.0,1.0,1.0,0.95956486,0.9999999997238729,0.9601344961613928,0.558641103419813,0.9933071490757153,0.9890130573694068
508,1,0.0,1.0,1.0,1.0,0.0,0.0,1.0,0.0094903335,0.9999999997625747,0.9601843420348627,0.1,0.9933071490757153,0.9890130573694068
509,1,0.0,1.0,1.0,1.0,0.0,0.0,1.0,2.451942e-09,0.9999999998966672,0.9600580857583713,0.1298599764353217,0.9933071490757153,0.9890130573694068
510,1,0.0,1.0,1.0,1.0,0.0,0.0,1.0,5.0637855e-11,0.9999999994459011,0.9601798512070762,0.1,0.9933071490757153,0.9890130573694068
511,1,1.0,1.0,1.0,1.0,1.0,1.0,1.0,1.0,0.999999998287675,0.9601594832780127,0.1,0.9933071490757153,0.9890130573694068
512,1,0.0,1.0,1.0,1.0,0.0,0.0,1.0,0.41501233,0.9999999971149066,0.9601919826889916,0.7913244907164054,0.9933071490757153,0.9890130573694068
513,1,0.0,1.0,1.0,1.0,0.0,0.0,1.0,3.432189e-11,0.9999999930763203,0.9601721033020775,0.1794632617830649,0.9933071490757153,0.9890130573694068
514,1,0.0,1.0,1.0,1.0,0.0,0.0,1.0,5.4776206e-10,0.9999999979136406,0.9601218995326543,0.1,0.9933071490757153,0.9890130573694068
515,1,1.0,1.0,1.0,1.0,1.0,1.0,1.0,1.0,0.9999999966534309,0.9601188285787312,0.1,0.9933071490757153,0.9890130573694068
516,1,1.0,1.0,1.0,1.0,1.0,1.0,1.0,0.9981918,0.999999993048128,0.9601353117446526,0.7285304584232442,0.9933071490757153,0.9890130573694068
517,1,1.0,1.0,1.0,1.0,1.0,1.0,1.0,0.98316795,0.999999906549879,0.9601597418450717,0.2947941124378403,0.9933071490757153,0.9890130573694068
518,1,0.0,1.0,1.0,1.0,0.0,0.0,1.0,1.872586e-13,0.9999999980086549,0.9601450742311688,0.1,0.9933071490757153,0.9890130573694068
519,1,0.0,1.0,1.0,1.0,0.0,0.0,1.0,1.5429673e-06,0.999999988205824,0.9600891420759742,0.5788721893629614,0.9933071490757153,0.9890130573694068
520,1,1.0,1.0,1.0,1.0,1.0,1.0,1.0,1.0,0.9999999890684658,0.9601584389460224,0.8977002573149578,0.9933071490757153,0.9890130573694068
521,1,0.0,1.0,1.0,1.0,0.0,0.0,1.0,2.0790456e-11,0.9999999916993004,0.9600966510517533,0.1144916396797138,0.9933071490757153,0.9890130573694068
522,1,0.0,1.0,1.0,1.0,0.0,0.0,1.0,3.666873e-07,0.9999999929909084,0.9601763249787802,0.42319075445591686,0.9933071490757153,0.9890130573694068
523,1,1.0,1.0,1.0,1.0,1.0,1.0,1.0,0.9971922,0.999999981661426,0.9600817281601494,0.7890698367507994,0.9933071490757153,0.9890130573694068
524,1,0.0,1.0,1.0,1.0,0.0,0.0,1.0,7.3894867e-13,0.9999999328837517,0.9601537885718031,0.1,0.9933071490757153,0.9890130573694068
525,1,0.0,1.0,1.0,1.0,0.0,0.0,1.0,1.473588e-07,0.9999995402566514,0.9600684683018558,0.1,0.9933071490757153,0.9890130573694068
526,1,0.0,1.0,1.0,1.0,0.0,0.0,1.0,0.0026781224,0.999844490408347,0.960160053047808,0.33996335427737745,0.9933071490757153,0.9890130573694068
527,1,1.0,1.0,1.0,1.0,1.0,1.0,1.0,1.0,0.9996664292396218,0.9601581445459444,0.9880072087651545,0.9933071490757153,0.9890130573694068
528,1,0.0,1.0,1.0,1.0,0.0,0.0,1.0,4.6897002e-14,0.9999993788168322,0.9600718532136177,0.1,0.9933071490757153,0.9890130573694068
529,1,0.0,1.0,1.0,1.0,0.0,0.0,1.0,0.0012625662,0.9999992919482256,0.960145487730404,0.2587335940173495,0.9933071490757153,0.9890130573694068
530,1,0.0,1.0,1.0,1.0,0.0,0.0,1.0,2.7698763e-07,0.9997152157282349,0.9600231542266907,0.3249940311877153,0.9933071490757153,0.9890130573694068
531,1,0.0,1.0,1.0,1.0,0.0,0.0,1.0,8.6489084e-14,0.999867124871179,0.9600789450352277,0.1,0.9933071490757153,0.9890130573694068
532,1,0.0,1.0,1.0,1.0,0.0,0.0,1.0,5.400503e-09,0.999441668409497,0.9601002039501523,0.1658154332103128,0.9933071490757153,0.9890130573694068
533,1,0.0,1.0,1.0,1.0,0.0,0.0,1.0,1.4076873e-10,0.9985005206627557,0.9601141160902424,0.2764712648771785,0.9933071490757153,0.9890130573694068
534,1,0.0,1.0,1.0,1.0,0.0,0.0,1.0,5.5010446e-06,0.9996743187352538,0.9601578312195216,0.2603736641028306,0.9933071490757153,0.9890130573694068
535,1,1.0,1.0,1.0,1.0,1.0,1.0,1.0,1.0,0.999290345130339,0.9601774325910539,0.1,0.9933071490757153,0.9890130573694068
536,1,0.0,1.0,1.0,1.0,0.0,0.0,1.0,3.2762675e-11,0.9999461683419393,0.9601788367590456,0.10722147998855316,0.9933071490757153,0.9890130573694068
537,1,1.0,1.0,1.0,1.0,1.0,1.0,1.0,1.0,0.9998383547695588,0.9601794281811907,0.6185252649884465,0.9933071490757153,0.9890130573694068
538,1,0.0,1.0,1.0,1.0,0.0,0.0,1.0,5.4776333e-13,0.999944679091278,0.960245891148152,0.7493468493159882,0.9933071490757153,0.9890130573694068
539,1,1.0,1.0,1.0,1.0,1.0,1.0,1.0,0.97199553,0.9999994604199794,0.9601291719354881,0.38262189062097346,0.9933071490757153,0.9890130573694068
540,1,0.0,1.0,1.0,1.0,0.0,0.0,1.0,1.1478744e-13,0.9996032176730397,0.9602396248169093,0.1554548423176019,0.9933071490757153,0.9890130573694068
541,1,0.0,1.0,1.0,1.0,0.0,0.0,1.0,6.3648895e-06,0.9994990668643379,0.9600978407066028,0.9784611124314346,0.9933071490757153,0.9890130573694068
542,1,0.0,1.0,1.0,1.0,0.0,0.0,1.0,0.019385561,0.9998150774136295,0.9601994829339683,0.1,0.9933071490757153,0.9890130573694068
543,1,0.0,1.0,1.0,1.0,0.0,0.0,1.0,0.0003731642,0.9997990818156075,0.9601195428971327,0.1,0.9933071490757153,0.9890130573694068
544,1,0.0,1.0,1.0,1.0,0.0,0.0,1.0,6.920427e-10,0.9999993702035963,0.96020209130531,0.1166736045912133,0.9933071490757153,0.9890130573694068
545,1,0.0,1.0,1.0,1.0,0.0,0.0,1.0,0.287126,0.9999999297784216,0.960075151117855,0.7233866117042462,0.9933071490757153,0.9890130573694068
546,1,0.0,1.0,1.0,1.0,0.0,0.0,1.0,1.6477555e-12,0.9999999576271896,0.9600972824441631,0.20647906368086677,0.9933071490757153,0.9890130573694068
547,1,0.0,1.0,1.0,1.0,0.0,0.0,1.0,2.4410857e-11,0.9999998563944916,0.9599765439248016,0.17255688823687645,0.9933071490757153,0.9890130573694068
548,1,0.0,1.0,1.0,1.0,0.0,0.0,1.0,8.0111226e-05,0.9999999730170921,0.9600875986824088,0.709966342673797,0.9933071490757153,0.9890130573694068
549,1,1.0,1.0,1.0,1.0,1.0,1.0,1.0,0.9999957,0.9999993627755553,0.9601358886466768,0.6171802800981678,0.9933071490757153,0.9890130573694068
550,1,0.0,1.0,1.0,1.0,0.0,0.0,1.0,1.3220366e-14,0.9992707153174712,0.9601106512192094,0.1,0.9933071490757153,0.9890130573694068
551,1,1.0,1.0,1.0,1.0,1.0,1.0,1.0,0.99999464,0.998226996547704,0.960179358887665,0.7452731636253004,0.9933071490757153,0.9890130573694068
552,1,0.0,1.0,1.0,1.0,0.0,0.0,1.0,5.5010446e-06,0.9988855248764646,0.9601321486471358,0.2603736641028306,0.9933071490757153,0.9890130573694068
553,1,0.0,1.0,1.0,1.0,0.0,0.0,1.0,4.8167655e-13,0.9999984562923562,0.9601051024786648,0.1,0.9933071490757153,0.9890130573694068
554,1,0.0,1.0,1.0,1.0,0.0,0.0,1.0,1.4423168e-08,0.9999996368952092,0.9602215816031789,0.6214528278699998,0.9933071490757153,0.9890130573694068
555,1,0.0,1.0,1.0,1.0,0.0,0.0,1.0,6.46696e-09,0.9999545597410517,0.9601300186696573,0.18490679983797367,0.9933071490757153,0.9890130573694068
556,1,0.0,1.0,1.0,1.0,0.0,0.0,1.0,1.750935e-08,0.9999999827940048,0.960288497054215,0.35930009994628964,0.9933071490757153,0.9890130573694068
557,1,0.0,1.0,1.0,1.0,0.0,0.0,1.0,2.433099e-05,0.9999999896373237,0.9601252334315993,0.19235006285810632,0.9933071490757153,0.9890130573694068
558,1,0.0,1.0,1.0,1.0,0.0,0.0,1.0,2.5066958e-13,0.9999999827930135,0.960063067367013,0.1,0.9933071490757153,0.9890130573694068
559,1,0.0,1.0,1.0,1.0,0.0,0.0,1.0,8.0111226e-05,0.9999999844362784,0.9601105185268938,0.709966342673797,0.9933071490757153,0.9890130573694068
560,1,0.0,1.0,1.0,1.0,0.0,0.0,1.0,0.00095500465,0.9999999750756761,0.9601618239081221,0.8848182762827808,0.9933071490757153,0.9890130573694068
561,1,0.0,1.0,1.0,1.0,0.0,0.0,1.0,6.067994e-15,0.9999999899805248,0.9600694538107523,0.1,0.9933071490757153,0.9890130573694068
562,1,0.0,1.0,1.0,1.0,0.0,0.0,1.0,2.2855863e-14,0.9999999679637257,0.9601298994764883,0.12069672503070854,0.9933071490757153,0.9890130573694068
563,1,1.0,1.0,1.0,1.0,1.0,1.0,1.0,1.0,0.9999998090584636,0.9601719856773941,0.1,0.9933071490757153,0.9890130573694068
564,1,1.0,1.0,1.0,1.0,1.0,1.0,1.0,0.9999999,0.9999999796097537,0.9600853814530775,0.7805330504616163,0.9933071490757153,0.9890130573694068
565,1,1.0,1.0,1.0,1.0,1.0,1.0,1.0,0.999796,0.9999999876503176,0.9600587494734154,0.5900453466365779,0.9933071490757153,0.9890130573694068
566,1,1.0,1.0,1.0,1.0,1.0,1.0,1.0,1.0,0.9999999743388662,0.9600426425514443,0.9709552300891859,0.9933071490757153,0.9890130573694068
567,1,1.0,1.0,1.0,1.0,1.0,1.0,1.0,0.9999999,0.9999999965174159,0.9601253873029202,0.9789147076523018,0.9933071490757153,0.9890130573694068
568,1,1.0,1.0,1.0,1.0,1.0,1.0,1.0,0.9965874,0.9999999985980159,0.9601930594194348,0.45600269375561553,0.9933071490757153,0.9890130573694068
569,1,1.0,1.0,1.0,1.0,1.0,1.0,1.0,1.0,0.9999999999387826,0.9601472601591939,0.9497832481628843,0.9933071490757153,0.9890130573694068
570,1,0.0,1.0,1.0,1.0,0.0,0.0,1.0,6.471099e-11,0.9999999999824526,0.9601605722919082,0.17142988908569942,0.9933071490757153,0.9890130573694068
571,1,1.0,1.0,1.0,1.0,1.0,1.0,1.0,1.0,0.9999999996994551,0.9602128263627651,0.1,0.9933071490757153,0.9890130573694068
572,1,1.0,1.0,1.0,1.0,1.0,1.0,1.0,0.9997372,0.9999999992666372,0.9602759376519506,0.9585553913069828,0.9933071490757153,0.9890130573694068
573,1,0.0,1.0,1.0,1.0,0.0,0.0,1.0,8.2743827e-07,0.9999999993163293,0.9601964862889695,0.1,0.9933071490757153,0.9890130573694068
574,1,0.0,1.0,1.0,1.0,0.0,0.0,1.0,0.0045938985,0.9999999994156917,0.9602127509563557,0.9723431648074705,0.9933071490757153,0.9890130573694068
575,1,1.0,1.0,1.0,1.0,1.0,1.0,1.0,0.9994011,0.9999999998908778,0.960161229807618,0.1858890956707001,0.9933071490757153,0.9890130573694068
576,1,0.0,1.0,1.0,1.0,0.0,0.0,1.0,5.590786e-06,0.9999999969254271,0.9601330735551699,0.44006499374115504,0.9933071490757153,0.9890130573694068
577,1,0.0,1.0,1.0,1.0,0.0,0.0,1.0,0.1453965,0.9999999992681609,0.960137102298365,0.2139134881537777,0.9933071490757153,0.9890130573694068
578,1,0.0,1.0,1.0,1.0,0.0,0.0,1.0,1.2386192e-05,0.9999999985562897,0.9600832898306213,0.6778786621386507,0.9933071490757153,0.9890130573694068
579,1,1.0,1.0,1.0,1.0,1.0,1.0,1.0,0.9868001,0.9999999999931316,0.9601177169200471,0.8895976332551616,0.9933071490757153,0.9890130573694068
580,1,1.0,1.0,1.0,1.0,1.0,1.0,1.0,1.0,0.9999999998205504,0.960093088150891,0.9605055702248276,0.9933071490757153,0.9890130573694068
581,1,1.0,1.0,1.0,1.0,1.0,1.0,1.0,0.9999957,0.9999999999959857,0.960141750132041,0.47143310515717574,0.9933071490757153,0.9890130573694068
582,1,0.0,1.0,1.0,1.0,0.0,0.0,1.0,0.0034582238,0.9999999999978193,0.9601122972958758,0.8188972873400979,0.9933071490757153,0.9890130573694068
583,1,0.0,1.0,1.0,1.0,0.0,0.0,1.0,1.3262716e-11,0.9999999999956813,0.9600694297835067,0.9667850416990702,0.9933071490757153,0.9890130573694068
584,1,0.0,1.0,1.0,1.0,0.0,0.0,1.0,3.3653774e-13,0.9999999999030412,0.9600882487612756,0.1,0.9933071490757153,0.9890130573694068
585,0,1.0,0.8833333333333333,1.0,1.0,0.0,1.0,1.0,7.735723e-11,0.37691875676665315,0.20635275390007593,0.20565446301889645,0.9933071490757153,0.9890130573694068
586,0,1.0,1.0,1.0,1.0,1.0,1.0,1.0,2.1344863e-06,0.006161609393793547,0.017990222125778506,0.13942390830649906,0.9933071490757153,0.9890130573694068
587,0,1.0,1.0,1.0,1.0,1.0,1.0,1.0,2.9993974e-08,0.004061589913019242,0.017976505119884564,0.5668985639274546,0.9933071490757153,0.9890130573694068
588,0,1.0,1.0,1.0,1.0,1.0,1.0,1.0,1.3257885e-07,0.003981825808162552,0.017995431399827753,0.1,0.9933071490757153,0.9890130573694068
589,0,1.0,1.0,1.0,1.0,1.0,1.0,1.0,2.2611683e-19,0.004484932331127427,0.017974699050229612,0.1000888797989951,0.9933071490757153,0.9890130573694068
590,0,0.0,1.0,1.0,1.0,0.0,0.0,1.0,0.85482097,0.003974844812758266,0.01801259609885377,0.13737111056940363,0.9933071490757153,0.9890130573694068
591,0,1.0,1.0,1.0,1.0,1.0,1.0,1.0,1.519566e-07,0.004519127869613334,0.017953278975016786,0.1,0.9933071490757153,0.9890130573694068
592,0,1.0,1.0,1.0,1.0,1.0,1.0,1.0,0.0063146846,0.005574562136177479,0.01797565562842489,0.12925661420844997,0.9933071490757153,0.9890130573694068
593,0,1.0,1.0,1.0,1.0,1.0,1.0,1.0,2.4209148e-08,0.0037029406485515636,0.017945922573305795,0.42818819720923645,0.9933071490757153,0.9890130573694068
594,0,1.0,1.0,1.0,1.0,1.0,1.0,1.0,1.6455272e-10,0.0040665168851687725,0.017959766994317415,0.3384153545899748,0.9933071490757153,0.9890130573694068
595,0,1.0,1.0,1.0,1.0,1.0,1.0,1.0,6.4760716e-05,0.004607653111438894,0.01799976895035553,0.1,0.9933071490757153,0.9890130573694068
596,0,1.0,1.0,1.0,1.0,1.0,1.0,1.0,4.7344142e-06,0.004062856708285035,0.01797418951490769,0.21367043791844875,0.9933071490757153,0.9890130573694068
597,0,1.0,1.0,1.0,1.0,1.0,1.0,1.0,2.5957105e-17,0.004831627995701871,0.017989493350902348,0.1,0.9933071490757153,0.9890130573694068
598,0,1.0,1.0,1.0,1.0,1.0,1.0,1.0,3.5615625e-14,0.005208505575379141,0.017999653450018537,0.1,0.9933071490757153,0.9890130573694068
599,0,1.0,1.0,1.0,1.0,1.0,1.0,1.0,2.2069114e-06,0.004181731599170952,0.01803138911956568,0.930498490825296,0.9933071490757153,0.9890130573694068
600,0,1.0,1.0,1.0,1.0,1.0,1.0,1.0,1.1763239e-10,0.0039136576400459235,0.01799555613833549,0.1,0.9933071490757153,0.9890130573694068
601,0,0.0,1.0,1.0,1.0,0.0,0.0,1.0,0.8774382,0.004743917976358856,0.017992855846526854,0.1432677073161149,0.9933071490757153,0.9890130573694068
602,0,1.0,1.0,1.0,1.0,1.0,1.0,1.0,1.4013541e-18,0.0046049020827610854,0.01803469313380375,0.1,0.9933071490757153,0.9890130573694068
603,0,0.0,1.0,1.0,1.0,0.0,0.0,1.0,1.0,0.0032798146867144204,0.017929590856901878,0.1,0.9933071490757153,0.9890130573694068
604,0,0.0,1.0,1.0,1.0,0.0,0.0,1.0,1.0,0.003483982067647396,0.01801686208038729,0.1,0.9933071490757153,0.9890130573694068
605,0,1.0,1.0,1.0,1.0,1.0,1.0,1.0,7.676646e-07,0.0031887404257625097,0.017959747261454728,0.12198234926238713,0.9933071490757153,0.9890130573694068
606,1,1.0,1.0,1.0,1.0,1.0,1.0,1.0,1.0,0.7843284536441248,0.7771566252169061,0.9861323896702582,0.9933071490757153,0.9890130573694068
607,1,0.0,1.0,1.0,1.0,0.0,0.0,1.0,3.5989454e-09,0.99999999999997,0.9871805455199573,0.12435302879078312,0.9933071490757153,0.9890130573694068
608,1,1.0,1.0,1.0,1.0,1.0,1.0,1.0,0.99999976,0.99999999999997,0.9871704000299916,0.9183519828133944,0.9933071490757153,0.9890130573694068
609,1,1.0,1.0,1.0,1.0,1.0,1.0,1.0,0.9999995,0.99999999999997,0.9871854121960233,0.1,0.9933071490757153,0.9890130573694068
610,1,1.0,1.0,1.0,1.0,1.0,1.0,1.0,0.99981505,0.99999999999997,0.9871664749688456,0.937981933486251,0.9933071490757153,0.9890130573694068
611,1,1.0,1.0,1.0,1.0,1.0,1.0,1.0,0.7558121,0.99999999999997,0.9871875985457385,0.1391727361336896,0.9933071490757153,0.9890130573694068
612,1,0.0,1.0,1.0,1.0,0.0,0.0,1.0,5.0637855e-11,0.9999999999999697,0.9871187726754808,0.1,0.9933071490757153,0.9890130573694068
613,0,1.0,1.0,1.0,1.0,1.0,1.0,1.0,0.0013346558,0.023079000959326582,0.018000693305375823,0.7037720947649604,0.9933071490757153,0.9890130573694068
614,0,0.0,1.0,1.0,1.0,0.0,0.0,1.0,1.0,0.0049381271227256105,0.017973466887467652,0.1,0.9933071490757153,0.9890130573694068
615,0,1.0,1.0,1.0,1.0,1.0,1.0,1.0,2.3365092e-18,0.005023339018269759,0.017984125431796387,0.13138567684162722,0.9933071490757153,0.9890130573694068
616,0,1.0,1.0,1.0,1.0,1.0,1.0,1.0,9.238295e-06,0.004045436630608704,0.017967711943776256,0.30604711223698766,0.9933071490757153,0.9890130573694068
617,0,1.0,1.0,1.0,1.0,1.0,1.0,1.0,9.937462e-07,0.004450281729129645,0.017951606790382667,0.2665504816590253,0.9933071490757153,0.9890130573694068
618,0,1.0,1.0,1.0,1.0,1.0,1.0,1.0,8.9718205e-10,0.005150224149143767,0.017947483471096926,0.10858670876929867,0.9933071490757153,0.9890130573694068
619,0,0.0,1.0,1.0,1.0,0.0,0.0,1.0,0.9999721,0.00472967898094035,0.017997914778161754,0.1,0.9933071490757153,0.9890130573694068
620,1,1.0,0.9833333333333333,1.0,1.0,1.0,1.0,1.0,0.99999964,0.9334874606107512,0.9058799234529005,0.9763606598937711,0.9933071490757153,0.9890130573694068
621,1,0.0,1.0,1.0,1.0,0.0,0.0,1.0,2.1523305e-09,0.99999999999997,0.9865574616446942,0.6044847737219966,0.9933071490757153,0.9890130573694068
622,1,0.0,1.0,1.0,1.0,0.0,0.0,1.0,3.5989454e-09,0.99999999999997,0.9865143435962185,0.12435302879078312,0.9933071490757153,0.9890130573694068
623,1,1.0,1.0,1.0,1.0,1.0,1.0,1.0,1.0,0.99999999999997,0.9865203829845826,0.9865798033966762,0.9933071490757153,0.9890130573694068
624,1,1.0,1.0,1.0,1.0,1.0,1.0,1.0,0.98256093,0.99999999999997,0.9865442022163885,0.9482174289030093,0.9933071490757153,0.9890130573694068
625,1,1.0,1.0,1.0,1.0,1.0,1.0,1.0,0.9999157,0.99999999999997,0.9865270132132022,0.8391832183214823,0.9933071490757153,0.9890130573694068
626,1,1.0,1.0,1.0,1.0,1.0,1.0,1.0,1.0,0.99999999999997,0.9865408320926659,0.9913770481094794,0.9933071490757153,0.9890130573694068
627,1,0.0,1.0,1.0,1.0,0.0,0.0,1.0,2.8194596e-14,0.99999999999997,0.9865059515943858,0.1,0.9933071490757153,0.9890130573694068
628,1,0.0,1.0,1.0,1.0,0.0,0.0,1.0,0.17280328,0.99999999999997,0.9865181016594413,0.5632210217318497,0.9933071490757153,0.9890130573694068
629,1,1.0,1.0,1.0,1.0,1.0,1.0,1.0,0.9998098,0.99999999999997,0.9865466749179945,0.10009460411911421,0.9933071490757153,0.9890130573694068
630,1,0.0,1.0,1.0,1.0,0.0,0.0,1.0,3.8079668e-11,0.99999999999997,0.9865363135477436,0.1,0.9933071490757153,0.9890130573694068
631,1,1.0,1.0,1.0,1.0,1.0,1.0,1.0,1.0,0.99999999999997,0.9865257089060193,0.1,0.9933071490757153,0.9890130573694068
632,1,0.0,1.0,1.0,1.0,0.0,0.0,1.0,5.570875e-15,0.99999999999997,0.9865523918398136,0.1,0.9933071490757153,0.9890130573694068
633,1,0.0,1.0,1.0,1.0,0.0,0.0,1.0,3.7393194e-10,0.99999999999997,0.9865551673770471,0.1,0.9933071490757153,0.9890130573694068
634,1,0.0,1.0,1.0,1.0,0.0,0.0,1.0,1.2238595e-11,0.99999999999997,0.9865157982889372,0.700980509553111,0.9933071490757153,0.9890130573694068
635,1,0.0,1.0,1.0,1.0,0.0,0.0,1.0,5.417099e-14,0.99999999999997,0.9864994535002248,0.4607463836202379,0.9933071490757153,0.9890130573694068
636,1,0.0,1.0,1.0,1.0,0.0,0.0,1.0,1.6945405e-09,0.99999999999997,0.986537596255166,0.1,0.9933071490757153,0.9890130573694068
637,1,0.0,1.0,1.0,1.0,0.0,0.0,1.0,2.6154332e-11,0.99999999999997,0.9865403789805286,0.1,0.9933071490757153,0.9890130573694068
638,1,0.0,1.0,1.0,1.0,0.0,0.0,1.0,3.2762675e-11,0.99999999999997,0.9865443274979049,0.10722147998855316,0.9933071490757153,0.9890130573694068
639,1,1.0,1.0,1.0,1.0,1.0,1.0,1.0,1.0,0.99999999999997,0.9864974222502535,0.9009236339972584,0.9933071490757153,0.9890130573694068
640,1,1.0,1.0,1.0,1.0,1.0,1.0,1.0,1.0,0.99999999999997,0.9865326468533995,0.1,0.9933071490757153,0.9890130573694068
641,1,1.0,1.0,1.0,1.0,1.0,1.0,1.0,0.9989807,0.99999999999997,0.9865317792421362,0.2557920325048793,0.9933071490757153,0.9890130573694068
642,1,1.0,1.0,1.0,1.0,1.0,1.0,1.0,0.9999987,0.99999999999997,0.9864875294048094,0.7178480959923612,0.9933071490757153,0.9890130573694068
643,1,0.0,1.0,1.0,1.0,0.0,0.0,1.0,0.00015071694,0.99999999999997,0.9865428583774514,0.22115362648643605,0.9933071490757153,0.9890130573694068
644,1,0.0,1.0,1.0,1.0,0.0,0.0,1.0,0.0048000505,0.99999999999997,0.9865513934584167,0.1899728570872919,0.9933071490757153,0.9890130573694068
645,1,0.0,1.0,1.0,1.0,0.0,0.0,1.0,0.010477611,0.99999999999997,0.9864923126151764,0.10008600845579162,0.9933071490757153,0.9890130573694068
646,0,1.0,0.9833333333333333,1.0,1.0,0.0,0.0,1.0,2.5629866e-08,0.38759421042481973,0.32472095250126076,0.987357424014901,0.9933071490757153,0.9890130573694068
647,0,1.0,1.0,1.0,1.0,1.0,1.0,1.0,4.5269557e-05,0.008376883425114775,0.018023734692067903,0.2739112098635186,0.9933071490757153,0.9890130573694068
648,0,1.0,1.0,1.0,1.0,1.0,1.0,1.0,0.03085471,0.005714900414907134,0.018014293653428267,0.6459531105913773,0.9933071490757153,0.9890130573694068
649,0,1.0,1.0,1.0,1.0,1.0,1.0,1.0,0.0014886977,0.003818326649167464,0.017940408707795993,0.15693251363698474,0.9933071490757153,0.9890130573694068
650,0,1.0,1.0,1.0,1.0,1.0,1.0,1.0,0.006424915,0.0029241969023862282,0.017978217659805354,0.9876882325512516,0.9933071490757153,0.9890130573694068
651,0,0.0,1.0,1.0,1.0,0.0,0.0,1.0,1.0,0.0062103497275711236,0.017995162706643777,0.1,0.9933071490757153,0.9890130573694068
652,0,1.0,1.0,1.0,1.0,1.0,1.0,1.0,0.0069182874,0.0043877696940883325,0.018021561678460023,0.1665022582702235,0.9933071490757153,0.9890130573694068
653,0,1.0,1.0,1.0,1.0,1.0,1.0,1.0,0.00090354413,0.004546771235604735,0.01800946876825554,0.20898089745136073,0.9933071490757153,0.9890130573694068
654,0,1.0,1.0,1.0,1.0,1.0,1.0,1.0,1.7598128e-06,0.003207402182698207,0.018000230989148994,0.23320743291068485,0.9933071490757153,0.9890130573694068
655,0,0.0,1.0,1.0,1.0,0.0,0.0,1.0,0.95384663,0.004318168199812502,0.01794642934339592,0.9561821714980946,0.9933071490757153,0.9890130573694068
656,0,1.0,1.0,1.0,1.0,1.0,1.0,1.0,7.218625e-17,0.004712571517816035,0.018029995671777568,0.1,0.9933071490757153,0.9890130573694068
657,0,1.0,1.0,1.0,1.0,1.0,1.0,1.0,2.2615344e-08,0.004026881627540026,0.017973330960237247,0.26176127260757137,0.9933071490757153,0.9890130573694068
658,0,1.0,1.0,1.0,1.0,1.0,1.0,1.0,0.0026572784,0.005598762919329436,0.01795588190577458,0.9885892338164819,0.9933071490757153,0.9890130573694068
659,0,1.0,1.0,1.0,1.0,1.0,1.0,1.0,4.300271e-07,0.004088288755312512,0.01797750180707898,0.2591546294005736,0.9933071490757153,0.9890130573694068
660,0,1.0,1.0,1.0,1.0,1.0,1.0,1.0,3.7195962e-09,0.004950614016365619,0.018000869803686037,0.1040122440667034,0.9933071490757153,0.9890130573694068
661,0,1.0,1.0,1.0,1.0,1.0,1.0,1.0,0.0053645098,0.004159066829337521,0.01794542187810334,0.6175660316113434,0.9933071490757153,0.9890130573694068
662,0,1.0,1.0,1.0,1.0,1.0,1.0,1.0,0.00044521462,0.005020047370310176,0.017933104868464864,0.9543538847597197,0.9933071490757153,0.9890130573694068
663,0,1.0,1.0,1.0,1.0,1.0,1.0,1.0,9.616952e-05,0.0038913080227531783,0.017961583305262766,0.16305834861586596,0.9933071490757153,0.9890130573694068
664,0,1.0,1.0,1.0,1.0,1.0,1.0,1.0,1.8463817e-07,0.006409018505939667,0.017921154493260896,0.19964280754420272,0.9933071490757153,0.9890130573694068
665,0,1.0,1.0,1.0,1.0,1.0,1.0,1.0,2.4106293e-09,0.00509211280273687,0.017975805676674485,0.1,0.9933071490757153,0.9890130573694068
666,0,1.0,1.0,1.0,1.0,1.0,1.0,1.0,0.015454214,0.005126598979066607,0.01800407898821714,0.10343921516989245,0.9933071490757153,0.9890130573694068
667,0,1.0,1.0,1.0,1.0,1.0,1.0,1.0,1.9916397e-09,0.003731658617424897,0.017993329292456953,0.2738231836175773,0.9933071490757153,0.9890130573694068
668,0,1.0,0.9833333333333333,1.0,1.0,0.0,0.0,1.0,2.3365092e-18,0.335119069805254,0.319358244808673,0.13138567684162722,0.9933071490757153,0.9890130573694068
669,1,1.0,1.0,1.0,1.0,1.0,1.0,1.0,1.0,0.99999999999997,0.9696347364755389,0.7092602017863188,0.9933071490757153,0.9890130573694068
670,1,1.0,1.0,1.0,1.0,1.0,1.0,1.0,0.9975279,0.99999999999997,0.9695767609210143,0.9636702441295729,0.9933071490757153,0.9890130573694068
671,1,0.0,1.0,1.0,1.0,0.0,0.0,1.0,1.5649189e-15,0.99999999999997,0.9695614169923439,0.16265467470925998,0.9933071490757153,0.9890130573694068
672,1,1.0,1.0,1.0,1.0,1.0,1.0,1.0,1.0,0.99999999999997,0.9696285061770553,0.8679703492750582,0.9933071490757153,0.9890130573694068
673,1,0.0,1.0,1.0,1.0,0.0,0.0,1.0,2.7637154e-13,0.99999999999997,0.9695930369153245,0.24873358239126697,0.9933071490757153,0.9890130573694068
674,1,1.0,1.0,1.0,1.0,1.0,1.0,1.0,0.9997013,0.99999999999997,0.969599468325605,0.9438350645817665,0.9933071490757153,0.9890130573694068
675,1,1.0,1.0,1.0,1.0,1.0,1.0,1.0,0.9999957,0.99999999999997,0.969635966669305,0.47143310515717574,0.9933071490757153,0.9890130573694068
676,1,1.0,1.0,1.0,1.0,1.0,1.0,1.0,0.9996308,0.99999999999997,0.9696229114429405,0.908976512044179,0.9933071490757153,0.9890130573694068
677,1,1.0,1.0,1.0,1.0,1.0,1.0,1.0,1.0,0.99999999999997,0.9696696586751473,0.1,0.9933071490757153,0.9890130573694068
678,1,0.0,1.0,1.0,1.0,0.0,0.0,1.0,4.0695167e-07,0.99999999999997,0.9695495158557588,0.20241588034209188,0.9933071490757153,0.9890130573694068
679,1,0.0,1.0,1.0,1.0,0.0,0.0,1.0,0.051407326,0.99999999999997,0.9696147711055522,0.23631842440194498,0.9933071490757153,0.9890130573694068
680,1,0.0,1.0,1.0,1.0,0.0,0.0,1.0,3.4191646e-05,0.99999999999997,0.9696316047996446,0.18125972990617878,0.9933071490757153,0.9890130573694068
681,1,1.0,1.0,1.0,1.0,1.0,1.0,1.0,1.0,0.99999999999997,0.9697026209120911,0.9865798033966762,0.9933071490757153,0.9890130573694068
682,1,0.0,1.0,1.0,1.0,0.0,0.0,1.0,9.457397e-08,0.99999999999997,0.9696766239337863,0.10804624084045146,0.9933071490757153,0.9890130573694068
683,1,1.0,1.0,1.0,1.0,1.0,1.0,1.0,1.0,0.99999999999997,0.9696309174586593,0.1,0.9933071490757153,0.9890130573694068
684,1,0.0,1.0,1.0,1.0,0.0,0.0,1.0,0.0399712,0.99999999999997,0.9697247541136219,0.1,0.9933071490757153,0.9890130573694068
685,1,0.0,1.0,1.0,1.0,0.0,0.0,1.0,2.0790456e-11,0.99999999999997,0.9696784459004255,0.1144916396797138,0.9933071490757153,0.9890130573694068
686,1,0.0,1.0,1.0,1.0,0.0,0.0,1.0,1.3677275e-11,0.99999999999997,0.969627405955071,0.1,0.9933071490757153,0.9890130573694068
687,1,1.0,1.0,1.0,1.0,1.0,0.0,1.0,0.5978834,0.99999999999997,0.969572636556465,0.7457313555766785,0.9933071490757153,0.9890130573694068
688,1,0.0,1.0,1.0,1.0,0.0,0.0,1.0,7.728316e-08,0.99999999999997,0.9696200521797904,0.7322228243630095,0.9933071490757153,0.9890130573694068
689,1,1.0,1.0,1.0,1.0,1.0,1.0,1.0,1.0,0.99999999999997,0.9696024792935466,0.1,0.9933071490757153,0.9890130573694068
690,1,0.0,1.0,1.0,1.0,0.0,0.0,1.0,6.770419e-06,0.99999999999997,0.9695986518570293,0.16639634430500255,0.9933071490757153,0.9890130573694068
691,1,1.0,1.0,1.0,1.0,1.0,1.0,1.0,1.0,0.99999999999997,0.969650299329281,0.9098891969688246,0.9933071490757153,0.9890130573694068
692,1,0.0,1.0,1.0,1.0,0.0,0.0,1.0,0.020366993,0.99999999999997,0.9695789464009741,0.75415605773316,0.9933071490757153,0.9890130573694068
693,1,0.0,1.0,1.0,1.0,0.0,0.0,1.0,1.428899e-07,0.99999999999997,0.9695514892251137,0.4370747985003241,0.9933071490757153,0.9890130573694068
694,0,1.0,0.9833333333333333,1.0,1.0,0.0,1.0,1.0,1.1329822e-07,0.30997793143050334,0.2400037677304769,0.18208637748076878,0.9933071490757153,0.9890130573694068
695,1,0.0,0.9833333333333333,1.0,1.0,0.0,0.0,1.0,2.0744329e-13,0.8835525849406316,0.8354321318073051,0.11330880722882337,0.9933071490757153,0.9890130573694068
696,1,0.0,1.0,1.0,1.0,0.0,0.0,1.0,5.593504e-10,0.9999999999999575,0.9611241926732229,0.5892012530885242,0.9933071490757153,0.9890130573694068
697,1,0.0,1.0,1.0,1.0,0.0,0.0,1.0,5.400503e-09,0.999999999999918,0.9612952823093475,0.1658154332103128,0.9933071490757153,0.9890130573694068
698,1,0.0,1.0,1.0,1.0,0.0,0.0,1.0,2.6098494e-09,0.9999999999997538,0.9610593803505538,0.6546854454424338,0.9933071490757153,0.9890130573694068
699,1,0.0,1.0,1.0,1.0,0.0,0.0,1.0,4.6081404e-15,0.9999999999998966,0.9610732025386047,0.1,0.9933071490757153,0.9890130573694068
700,1,0.0,1.0,1.0,1.0,0.0,0.0,1.0,5.2601434e-11,0.999999999999917,0.961086061297117,0.1,0.9933071490757153,0.9890130573694068
701,1,0.0,1.0,1.0,1.0,0.0,0.0,1.0,3.1230636e-06,0.9999999999999692,0.9611453123831905,0.1,0.9933071490757153,0.9890130573694068
702,1,0.0,1.0,1.0,1.0,0.0,0.0,1.0,1.872586e-13,0.9999999999999662,0.9610953294366685,0.1,0.9933071490757153,0.9890130573694068
703,1,0.0,1.0,1.0,1.0,0.0,0.0,1.0,1.5238856e-10,0.9999999999999697,0.9610032472171672,0.1,0.9933071490757153,0.9890130573694068
704,1,1.0,1.0,1.0,1.0,1.0,1.0,1.0,1.0,0.9999999999999685,0.9611914402730538,0.8465891819750407,0.9933071490757153,0.9890130573694068
705,1,0.0,1.0,1.0,1.0,0.0,0.0,1.0,3.6835627e-05,0.99999999999997,0.9611887761122726,0.1,0.9933071490757153,0.9890130573694068
706,1,0.0,1.0,1.0,1.0,0.0,0.0,1.0,1.0145123e-15,0.9999999999999668,0.9611213482514397,0.4788519700906597,0.9933071490757153,0.9890130573694068
707,1,1.0,1.0,1.0,1.0,1.0,1.0,1.0,0.9975279,0.999999999999969,0.9612695926024667,0.9636702441295729,0.9933071490757153,0.9890130573694068
708,1,0.0,1.0,1.0,1.0,0.0,0.0,1.0,9.077439e-10,0.99999999999997,0.9611801007725221,0.1,0.9933071490757153,0.9890130573694068
709,1,0.0,1.0,1.0,1.0,0.0,0.0,1.0,5.5476207e-08,0.99999999999997,0.9612218446251607,0.2521531573041492,0.9933071490757153,0.9890130573694068
710,1,1.0,1.0,1.0,1.0,1.0,1.0,1.0,0.99999464,0.99999999999997,0.9611336478986553,0.7452731636253004,0.9933071490757153,0.9890130573694068
711,1,0.0,1.0,1.0,1.0,0.0,0.0,1.0,6.34791e-11,0.99999999999997,0.9611934226691952,0.11671998960545331,0.9933071490757153,0.9890130573694068
712,1,0.0,1.0,1.0,1.0,0.0,0.0,1.0,2.401343e-11,0.9999999999999699,0.9610812296709326,0.9362429562398304,0.9933071490757153,0.9890130573694068
713,1,1.0,1.0,1.0,1.0,1.0,1.0,1.0,0.99982893,0.99999999999997,0.9610777392813358,0.9671073797140419,0.9933071490757153,0.9890130573694068
714,1,0.0,1.0,1.0,1.0,0.0,0.0,1.0,9.474074e-05,0.99999999999997,0.9612080146742336,0.736946150671004,0.9933071490757153,0.9890130573694068
715,1,0.0,1.0,1.0,1.0,0.0,0.0,1.0,7.227268e-12,0.99999999999997,0.9611657817291902,0.1,0.9933071490757153,0.9890130573694068
716,1,1.0,1.0,1.0,1.0,1.0,1.0,1.0,1.0,0.99999999999997,0.9611417435448958,0.1,0.9933071490757153,0.9890130573694068
717,1,0.0,1.0,1.0,1.0,0.0,0.0,1.0,3.4191646e-05,0.99999999999997,0.9612104453473714,0.18125972990617878,0.9933071490757153,0.9890130573694068
718,1,0.0,1.0,1.0,1.0,0.0,0.0,1.0,1.344385e-15,0.99999999999997,0.9611518254474702,0.1,0.9933071490757153,0.9890130573694068
719,1,1.0,1.0,1.0,1.0,1.0,1.0,1.0,0.9999944,0.99999999999997,0.9611365968024774,0.1,0.9933071490757153,0.9890130573694068
720,1,0.0,1.0,1.0,1.0,0.0,0.0,1.0,6.5509033e-14,0.99999999999997,0.961184553611597,0.1,0.9933071490757153,0.9890130573694068
721,1,0.0,1.0,1.0,1.0,0.0,0.0,1.0,1.6383229e-08,0.99999999999997,0.9611431045208819,0.2707630612698607,0.9933071490757153,0.9890130573694068
722,1,0.0,1.0,1.0,1.0,0.0,0.0,1.0,5.958634e-07,0.99999999999997,0.9611076632151961,0.10736450167836581,0.9933071490757153,0.9890130573694068
723,1,0.0,1.0,1.0,1.0,0.0,0.0,1.0,0.23561037,0.99999999999997,0.9612391205093435,0.1,0.9933071490757153,0.9890130573694068
724,1,0.0,1.0,1.0,1.0,0.0,0.0,1.0,2.433099e-05,0.99999999999997,0.9611824707611311,0.19235006285810632,0.9933071490757153,0.9890130573694068
725,1,0.0,1.0,1.0,1.0,0.0,0.0,1.0,9.560294e-14,0.99999999999997,0.9612134852489034,0.23815822994527708,0.9933071490757153,0.9890130573694068
726,1,0.0,1.0,1.0,1.0,0.0,0.0,1.0,2.5750171e-11,0.99999999999997,0.9611439970288749,0.4745245344510426,0.9933071490757153,0.9890130573694068
727,1,1.0,1.0,1.0,1.0,1.0,1.0,1.0,0.9999999,0.99999999999997,0.9611897472931026,0.9928949038433946,0.9933071490757153,0.9890130573694068
728,1,0.0,1.0,1.0,1.0,0.0,0.0,1.0,0.0060837124,0.99999999999997,0.9611480744078865,0.16753012114268362,0.9933071490757153,0.9890130573694068
729,1,1.0,1.0,1.0,1.0,1.0,1.0,1.0,0.98516244,0.99999999999997,0.961232474264487,0.7823196640672091,0.9933071490757153,0.9890130573694068
730,1,0.0,1.0,1.0,1.0,0.0,0.0,1.0,2.9489264e-09,0.99999999999997,0.9610910635669188,0.4053659913700962,0.9933071490757153,0.9890130573694068
731,1,0.0,1.0,1.0,1.0,0.0,0.0,1.0,0.00028501585,0.99999999999997,0.9610461868911114,0.3822433259716983,0.9933071490757153,0.9890130573694068
732,1,1.0,1.0,1.0,1.0,1.0,1.0,1.0,1.0,0.99999999999997,0.9611116582257474,0.9891844965313584,0.9933071490757153,0.9890130573694068
733,1,1.0,1.0,1.0,1.0,1.0,1.0,1.0,0.99992144,0.99999999999997,0.9611178044038386,0.7561570062066275,0.9933071490757153,0.9890130573694068
734,1,1.0,1.0,1.0,1.0,1.0,1.0,1.0,0.9999995,0.99999999999997,0.9611820737198242,0.1,0.9933071490757153,0.9890130573694068
735,1,1.0,1.0,1.0,1.0,1.0,1.0,1.0,1.0,0.99999999999997,0.9610797937896558,0.9141926514757671,0.9933071490757153,0.9890130573694068
736,1,0.0,1.0,1.0,1.0,0.0,0.0,1.0,9.0781695e-13,0.99999999999997,0.9611790022939597,0.1,0.9933071490757153,0.9890130573694068
737,1,0.0,1.0,1.0,1.0,0.0,0.0,1.0,0.0042147115,0.99999999999997,0.9612319722892051,0.6605541450221274,0.9933071490757153,0.9890130573694068
738,1,0.0,1.0,1.0,1.0,0.0,0.0,1.0,1.9163646e-05,0.99999999999997,0.9610980758151977,0.7021116741553022,0.9933071490757153,0.9890130573694068
739,1,1.0,1.0,1.0,1.0,1.0,1.0,1.0,1.0,0.99999999999997,0.9611158911052214,0.1,0.9933071490757153,0.9890130573694068
740,1,0.0,1.0,1.0,1.0,0.0,0.0,1.0,1.7833247e-12,0.99999999999997,0.9612387031411145,0.12654112047961338,0.9933071490757153,0.9890130573694068
741,1,1.0,1.0,1.0,1.0,1.0,1.0,1.0,0.9971922,0.99999999999997,0.9611812487284997,0.7890698367507994,0.9933071490757153,0.9890130573694068
742,1,0.0,1.0,1.0,1.0,0.0,0.0,1.0,9.249751e-10,0.99999999999997,0.96111523036732,0.5187348924518552,0.9933071490757153,0.9890130573694068
743,1,0.0,1.0,1.0,1.0,0.0,0.0,1.0,0.008672209,0.99999999999997,0.961095333649992,0.18042862124442893,0.9933071490757153,0.9890130573694068
744,1,0.0,1.0,1.0,1.0,0.0,0.0,1.0,7.342313e-12,0.99999999999997,0.9610551597445783,0.1,0.9933071490757153,0.9890130573694068
745,1,1.0,1.0,1.0,1.0,1.0,1.0,1.0,0.7558121,0.99999999999997,0.9611919431069006,0.1391727361336896,0.9933071490757153,0.9890130573694068
746,1,1.0,1.0,1.0,1.0,1.0,1.0,1.0,0.9999975,0.99999999999997,0.9611416912379508,0.1,0.9933071490757153,0.9890130573694068
747,1,0.0,1.0,1.0,1.0,0.0,0.0,1.0,0.131551,0.99999999999997,0.9611031688615593,0.12240976378544623,0.9933071490757153,0.9890130573694068
748,1,1.0,1.0,1.0,1.0,1.0,1.0,1.0,0.9985782,0.99999999999997,0.961095645615501,0.5494651913523175,0.9933071490757153,0.9890130573694068
749,1,0.0,1.0,1.0,1.0,0.0,0.0,1.0,3.081773e-12,0.99999999999997,0.9610476019886254,0.10799853580037411,0.9933071490757153,0.9890130573694068
750,1,0.0,1.0,1.0,1.0,0.0,0.0,1.0,0.00017144317,0.99999999999997,0.9611463892220848,0.12461047690951173,0.9933071490757153,0.9890130573694068
751,1,0.0,1.0,1.0,1.0,0.0,0.0,1.0,1.8455985e-13,0.99999999999997,0.9611730725057469,0.1,0.9933071490757153,0.9890130573694068
752,1,0.0,1.0,1.0,1.0,0.0,0.0,1.0,0.0032012677,0.99999999999997,0.961096593337017,0.13937077434702316,0.9933071490757153,0.9890130573694068
753,1,1.0,1.0,1.0,1.0,1.0,1.0,1.0,0.75712246,0.99999999999997,0.961210904201243,0.7696480164241145,0.9933071490757153,0.9890130573694068
754,1,0.0,1.0,1.0,1.0,0.0,0.0,1.0,1.6383229e-08,0.99999999999997,0.9611825644490943,0.2707630612698607,0.9933071490757153,0.9890130573694068
755,1,0.0,1.0,1.0,1.0,0.0,0.0,1.0,1.4423168e-08,0.99999999999997,0.9612304572870641,0.6214528278699998,0.9933071490757153,0.9890130573694068
756,1,1.0,1.0,1.0,1.0,1.0,1.0,1.0,0.99999857,0.99999999999997,0.961182558810307,0.5209363014957369,0.9933071490757153,0.9890130573694068
757,1,0.0,1.0,1.0,1.0,0.0,0.0,1.0,0.27647054,0.99999999999997,0.9610694680300017,0.4206061789004337,0.9933071490757153,0.9890130573694068
758,1,0.0,1.0,1.0,1.0,0.0,0.0,1.0,1.960133e-14,0.99999999999997,0.9610561173467844,0.1,0.9933071490757153,0.9890130573694068
759,1,0.0,1.0,1.0,1.0,0.0,0.0,1.0,1.02474865e-17,0.99999999999997,0.961144941299325,0.1,0.9933071490757153,0.9890130573694068
760,1,0.0,1.0,1.0,1.0,0.0,0.0,1.0,0.06911888,0.99999999999997,0.9612266481161608,0.10761048602473347,0.9933071490757153,0.9890130573694068
761,1,1.0,1.0,1.0,1.0,1.0,1.0,1.0,1.0,0.99999999999997,0.9611338200709112,0.1,0.9933071490757153,0.9890130573694068
762,1,0.0,1.0,1.0,1.0,0.0,0.0,1.0,3.0919688e-05,0.99999999999997,0.9612012483781511,0.12878428887981896,0.9933071490757153,0.9890130573694068
763,1,1.0,1.0,1.0,1.0,1.0,1.0,1.0,0.9999988,0.99999999999997,0.9611666453161087,0.7737258720561965,0.9933071490757153,0.9890130573694068
764,1,1.0,1.0,1.0,1.0,1.0,1.0,1.0,1.0,0.99999999999997,0.961103505919436,0.819760921939253,0.9933071490757153,0.9890130573694068
765,1,0.0,1.0,1.0,1.0,0.0,0.0,1.0,2.8646227e-06,0.99999999999997,0.9611502075027395,0.12026363467149806,0.9933071490757153,0.9890130573694068
766,1,0.0,1.0,1.0,1.0,0.0,0.0,1.0,2.5122958e-07,0.99999999999997,0.9612569705075756,0.8332946195550268,0.9933071490757153,0.9890130573694068
767,1,0.0,1.0,1.0,1.0,0.0,0.0,1.0,1.7734313e-07,0.99999999999997,0.9611168550457946,0.923696945974114,0.9933071490757153,0.9890130573694068
768,1,1.0,1.0,1.0,1.0,1.0,1.0,1.0,1.0,0.99999999999997,0.9611105311354178,0.1,0.9933071490757153,0.9890130573694068
769,1,0.0,1.0,1.0,1.0,0.0,0.0,1.0,3.8079668e-11,0.99999999999997,0.9611982430378999,0.1,0.9933071490757153,0.9890130573694068
770,1,0.0,1.0,1.0,1.0,0.0,0.0,1.0,4.6081404e-15,0.99999999999997,0.9612096537819084,0.1,0.9933071490757153,0.9890130573694068
771,1,0.0,1.0,1.0,1.0,0.0,0.0,1.0,0.0062072165,0.99999999999997,0.9611096353672954,0.19069454496413388,0.9933071490757153,0.9890130573694068
772,1,0.0,1.0,1.0,1.0,0.0,0.0,1.0,6.51649e-08,0.99999999999997,0.9611208060175576,0.6953230193556001,0.9933071490757153,0.9890130573694068
773,1,1.0,1.0,1.0,1.0,1.0,1.0,1.0,0.9999908,0.99999999999997,0.9611161983268258,0.9423732774473915,0.9933071490757153,0.9890130573694068
774,1,0.0,1.0,1.0,1.0,0.0,0.0,1.0,7.360962e-12,0.99999999999997,0.9612015027476511,0.10533018463101393,0.9933071490757153,0.9890130573694068
775,1,0.0,1.0,1.0,1.0,0.0,0.0,1.0,0.28305858,0.99999999999997,0.9612137479025145,0.5380817961275053,0.9933071490757153,0.9890130573694068
776,1,1.0,1.0,1.0,1.0,1.0,1.0,1.0,1.0,0.99999999999997,0.9612598776209694,0.9835260943423194,0.9933071490757153,0.9890130573694068
777,1,1.0,1.0,1.0,1.0,1.0,1.0,1.0,0.9998098,0.99999999999997,0.961144538656142,0.10009460411911421,0.9933071490757153,0.9890130573694068
778,1,1.0,1.0,1.0,1.0,1.0,1.0,1.0,1.0,0.99999999999997,0.9611946468889835,0.1,0.9933071490757153,0.9890130573694068
779,1,0.0,1.0,1.0,1.0,0.0,0.0,1.0,1.1084707e-08,0.99999999999997,0.9611714500752566,0.15644719763959103,0.9933071490757153,0.9890130573694068
780,1,1.0,1.0,1.0,1.0,1.0,1.0,1.0,0.99999857,0.99999999999997,0.9611200299244548,0.5209363014957369,0.9933071490757153,0.9890130573694068
781,1,1.0,1.0,1.0,1.0,1.0,1.0,1.0,0.9964567,0.99999999999997,0.9610721644939952,0.8526709818956109,0.9933071490757153,0.9890130573694068
782,1,0.0,1.0,1.0,1.0,0.0,0.0,1.0,1.1927774e-08,0.99999999999997,0.9611825176381387,0.27102290102328547,0.9933071490757153,0.9890130573694068
783,1,0.0,1.0,1.0,1.0,0.0,0.0,1.0,2.0790456e-11,0.99999999999997,0.9611296510304995,0.1144916396797138,0.9933071490757153,0.9890130573694068
784,1,0.0,1.0,1.0,1.0,0.0,0.0,1.0,4.0075898e-10,0.99999999999997,0.9611666030411505,0.1,0.9933071490757153,0.9890130573694068
785,1,0.0,1.0,1.0,1.0,0.0,0.0,1.0,8.447432e-13,0.99999999999997,0.9612416469681585,0.1,0.9933071490757153,0.9890130573694068
786,1,1.0,1.0,1.0,1.0,1.0,1.0,1.0,0.9999908,0.99999999999997,0.961101477443136,0.9423732774473915,0.9933071490757153,0.9890130573694068
787,1,1.0,1.0,1.0,1.0,1.0,1.0,1.0,0.99995756,0.99999999999997,0.9612187456472733,0.6078954425218522,0.9933071490757153,0.9890130573694068
788,1,0.0,1.0,1.0,1.0,0.0,0.0,1.0,0.42953166,0.99999999999997,0.9612101464237546,0.1409391945683772,0.9933071490757153,0.9890130573694068
789,1,0.0,1.0,1.0,1.0,0.0,0.0,1.0,4.88837e-11,0.99999999999997,0.9610012344828062,0.1,0.9933071490757153,0.9890130573694068
790,1,0.0,1.0,1.0,1.0,0.0,0.0,1.0,0.010865045,0.99999999999997,0.9611610611436013,0.7021169504617562,0.9933071490757153,0.9890130573694068
791,1,0.0,1.0,1.0,1.0,0.0,0.0,1.0,6.7697977e-07,0.99999999999997,0.9611430269764405,0.5978185854154577,0.9933071490757153,0.9890130573694068
792,1,0.0,1.0,1.0,1.0,0.0,0.0,1.0,4.0075898e-10,0.99999999999997,0.9611344683297214,0.1,0.9933071490757153,0.9890130573694068
793,1,1.0,1.0,1.0,1.0,1.0,1.0,1.0,1.0,0.99999999999997,0.9611497581742738,0.1,0.9933071490757153,0.9890130573694068
794,1,0.0,1.0,1.0,1.0,0.0,0.0,1.0,6.0884416e-16,0.99999999999997,0.9610635042557341,0.1,0.9933071490757153,0.9890130573694068
795,1,0.0,1.0,1.0,1.0,0.0,0.0,1.0,0.005354708,0.99999999999997,0.9611903307389884,0.7456080200857192,0.9933071490757153,0.9890130573694068
796,1,1.0,1.0,1.0,1.0,1.0,1.0,1.0,1.0,0.99999999999997,0.9611453293657508,0.9317087034880136,0.9933071490757153,0.9890130573694068
797,1,1.0,1.0,1.0,1.0,1.0,1.0,1.0,0.99870193,0.99999999999997,0.9611064936193938,0.21042055580707136,0.9933071490757153,0.9890130573694068
798,1,1.0,1.0,1.0,1.0,1.0,1.0,1.0,1.0,0.99999999999997,0.9611376093422206,0.9497832481628843,0.9933071490757153,0.9890130573694068
799,1,0.0,1.0,1.0,1.0,0.0,0.0,1.0,1.44104e-13,0.99999999999997,0.9610295658135944,0.25648924679813667,0.9933071490757153,0.9890130573694068
800,1,1.0,1.0,1.0,1.0,1.0,1.0,1.0,0.9999995,0.99999999999997,0.9612013621734127,0.944938672225087,0.9933071490757153,0.9890130573694068
801,1,1.0,1.0,1.0,1.0,1.0,1.0,1.0,1.0,0.99999999999997,0.9611911130158777,0.6473402645886904,0.9933071490757153,0.9890130573694068
802,1,1.0,1.0,1.0,1.0,1.0,1.0,1.0,1.0,0.99999999999997,0.9611189868165787,0.819760921939253,0.9933071490757153,0.9890130573694068
803,1,1.0,1.0,1.0,1.0,1.0,1.0,1.0,0.9999995,0.99999999999997,0.9611389433510205,0.1,0.9933071490757153,0.9890130573694068
804,1,1.0,1.0,1.0,1.0,1.0,1.0,1.0,0.98597383,0.99999999999997,0.9611320148685925,0.7300175906127658,0.9933071490757153,0.9890130573694068
805,1,1.0,1.0,1.0,1.0,0.0,0.0,1.0,0.5618013,0.99999999999997,0.9610952732432522,0.3053582626774316,0.9933071490757153,0.9890130573694068
806,1,0.0,1.0,1.0,1.0,0.0,0.0,1.0,3.5053915e-06,0.99999999999997,0.9610472032284992,0.1,0.9933071490757153,0.9890130573694068
807,1,0.0,1.0,1.0,1.0,0.0,0.0,1.0,1.3220366e-14,0.99999999999997,0.9610568588458476,0.1,0.9933071490757153,0.9890130573694068
808,1,0.0,1.0,1.0,1.0,0.0,0.0,1.0,8.081566e-07,0.99999999999997,0.9611036229275427,0.671894677002034,0.9933071490757153,0.9890130573694068
809,1,0.0,1.0,1.0,1.0,0.0,0.0,1.0,1.9146812e-08,0.99999999999997,0.9611530835659978,0.44022198350069836,0.9933071490757153,0.9890130573694068
810,1,1.0,1.0,1.0,1.0,1.0,1.0,1.0,0.83444583,0.99999999999997,0.9611223832832471,0.5060146762292803,0.9933071490757153,0.9890130573694068
811,1,0.0,1.0,1.0,1.0,0.0,0.0,1.0,9.457397e-08,0.99999999999997,0.9611915861539728,0.10804624084045146,0.9933071490757153,0.9890130573694068
812,1,1.0,0.85,1.0,1.0,1.0,1.0,1.0,1.0,0.9999999999934998,0.8196278455152769,0.1,0.9933071490757153,0.9890130573694068
813,0,1.0,0.3333333333333333,1.0,1.0,0.0,0.0,1.0,2.7850117e-05,0.6765795709235516,0.017955890017440676,0.11508181968857602,0.9933071490757153,0.9890130573694068
814,0,1.0,1.0,1.0,1.0,0.0,0.0,1.0,2.4372748e-15,0.34797498238620894,0.31682926398781197,0.11317083245026005,0.9933071490757153,0.9890130573694068
815,1,1.0,1.0,1.0,1.0,1.0,1.0,1.0,1.0,0.9999999999795476,0.9614232764316404,0.8679703492750582,0.9933071490757153,0.9890130573694068
816,1,0.0,1.0,1.0,1.0,0.0,0.0,1.0,4.0695167e-07,0.9999999999944342,0.9614388133777906,0.20241588034209188,0.9933071490757153,0.9890130573694068
817,1,1.0,1.0,1.0,1.0,1.0,1.0,1.0,0.94289017,0.9999999999994811,0.9614676573411493,0.8970997143679128,0.9933071490757153,0.9890130573694068
818,1,1.0,1.0,1.0,1.0,1.0,1.0,1.0,1.0,0.9999999999990397,0.9614234633391351,0.1,0.9933071490757153,0.9890130573694068
819,1,0.0,1.0,1.0,1.0,0.0,0.0,1.0,2.451942e-09,0.9999999999997978,0.9614459937168391,0.1298599764353217,0.9933071490757153,0.9890130573694068
820,1,1.0,1.0,1.0,1.0,1.0,1.0,1.0,0.9999522,0.999999999999866,0.9614930582679903,0.9291522504738796,0.9933071490757153,0.9890130573694068
821,1,0.0,1.0,1.0,1.0,0.0,0.0,1.0,0.47109964,0.9999999999998298,0.9614401997275667,0.5527201305680107,0.9933071490757153,0.9890130573694068
822,1,1.0,1.0,1.0,1.0,1.0,1.0,1.0,0.9999975,0.9999999999993602,0.9613588477153162,0.1,0.9933071490757153,0.9890130573694068
823,1,0.0,1.0,1.0,1.0,0.0,0.0,1.0,0.020366993,0.9999999999997241,0.9613395736348626,0.75415605773316,0.9933071490757153,0.9890130573694068
824,1,1.0,1.0,1.0,1.0,1.0,1.0,1.0,1.0,0.9999999999999466,0.9614476521065524,0.9914430764210661,0.9933071490757153,0.9890130573694068
825,1,1.0,0.8833333333333333,1.0,1.0,1.0,1.0,1.0,1.0,0.9149908653732332,0.7777762991556255,0.9258400661568965,0.9933071490757153,0.9890130573694068
826,1,0.0,0.95,1.0,1.0,0.0,0.0,1.0,8.013307e-09,0.8548467623428614,0.7770770019159734,0.148588779174625,0.9933071490757153,0.9890130573694068
827,1,0.0,1.0,1.0,1.0,0.0,0.0,1.0,4.5656656e-11,0.99999999999997,0.9870177882619979,0.860776941974334,0.9933071490757153,0.9890130573694068
828,1,0.0,1.0,1.0,1.0,0.0,0.0,1.0,5.899759e-12,0.99999999999997,0.9870354985494142,0.1,0.9933071490757153,0.9890130573694068
829,1,1.0,1.0,1.0,1.0,1.0,1.0,1.0,0.9986291,0.99999999999997,0.9870218232171423,0.9812379187110102,0.9933071490757153,0.9890130573694068
830,1,0.0,1.0,1.0,1.0,0.0,0.0,1.0,5.899759e-12,0.99999999999997,0.9870364767724625,0.1,0.9933071490757153,0.9890130573694068
831,1,1.0,1.0,1.0,1.0,1.0,1.0,1.0,1.0,0.99999999999997,0.987019412996951,0.1,0.9933071490757153,0.9890130573694068
832,1,1.0,1.0,1.0,1.0,1.0,1.0,1.0,0.89681226,0.99999999999997,0.987024156286107,0.7587270422500755,0.9933071490757153,0.9890130573694068
833,1,1.0,1.0,1.0,1.0,1.0,1.0,1.0,0.99999964,0.99999999999997,0.987021351870702,0.9763606598937711,0.9933071490757153,0.9890130573694068
834,1,0.0,1.0,1.0,1.0,0.0,0.0,1.0,1.7876354e-09,0.99999999999997,0.9870242477247747,0.1,0.9933071490757153,0.9890130573694068
835,1,1.0,1.0,1.0,1.0,1.0,1.0,1.0,0.9965874,0.99999999999997,0.9870345218055792,0.45600269375561553,0.9933071490757153,0.9890130573694068
836,1,1.0,1.0,1.0,1.0,1.0,1.0,1.0,1.0,0.99999999999997,0.986984853645607,0.9141926514757671,0.9933071490757153,0.9890130573694068
837,1,1.0,1.0,1.0,1.0,1.0,1.0,1.0,0.9960802,0.99999999999997,0.9869988406295231,0.9923262633807145,0.9933071490757153,0.9890130573694068
838,1,0.0,1.0,1.0,1.0,0.0,0.0,1.0,1.6989992e-14,0.99999999999997,0.9870396730920263,0.7902066540094779,0.9933071490757153,0.9890130573694068
839,1,1.0,1.0,1.0,1.0,1.0,1.0,1.0,1.0,0.99999999999997,0.986976295198302,0.1,0.9933071490757153,0.9890130573694068
840,1,1.0,1.0,1.0,1.0,1.0,1.0,1.0,1.0,0.99999999999997,0.9870411932225855,0.1,0.9933071490757153,0.9890130573694068
841,1,1.0,1.0,1.0,1.0,1.0,1.0,1.0,1.0,0.99999999999997,0.9870055304189059,0.1,0.9933071490757153,0.9890130573694068
842,1,1.0,1.0,1.0,1.0,1.0,1.0,1.0,1.0,0.99999999999997,0.987022539493588,0.1,0.9933071490757153,0.9890130573694068
843,1,0.0,1.0,1.0,1.0,0.0,0.0,1.0,3.5989454e-09,0.99999999999997,0.9870148504508597,0.12435302879078312,0.9933071490757153,0.9890130573694068
844,1,1.0,1.0,1.0,1.0,1.0,1.0,1.0,1.0,0.99999999999997,0.9870399621373249,0.1,0.9933071490757153,0.9890130573694068
845,1,1.0,1.0,1.0,1.0,1.0,1.0,1.0,0.99982893,0.99999999999997,0.9869658515182974,0.9671073797140419,0.9933071490757153,0.9890130573694068
846,1,0.0,1.0,1.0,1.0,0.0,0.0,1.0,1.8043624e-09,0.99999999999997,0.9869867728682415,0.14195828247777748,0.9933071490757153,0.9890130573694068
847,1,0.0,1.0,1.0,1.0,0.0,0.0,1.0,0.00015071694,0.99999999999997,0.9870154682151566,0.22115362648643605,0.9933071490757153,0.9890130573694068
848,1,1.0,1.0,1.0,1.0,1.0,1.0,1.0,0.9999944,0.99999999999997,0.9870515697528445,0.1,0.9933071490757153,0.9890130573694068
849,1,0.0,1.0,1.0,1.0,0.0,0.0,1.0,3.2762675e-11,0.99999999999997,0.9870417117461315,0.10722147998855316,0.9933071490757153,0.9890130573694068
850,1,1.0,1.0,1.0,1.0,1.0,1.0,1.0,0.9999932,0.99999999999997,0.9870222590305002,0.30600063652272935,0.9933071490757153,0.9890130573694068
851,1,0.0,1.0,1.0,1.0,0.0,0.0,1.0,4.77657e-11,0.99999999999997,0.9869969648502307,0.1,0.9933071490757153,0.9890130573694068
852,1,1.0,1.0,1.0,1.0,1.0,1.0,1.0,0.9994276,0.99999999999997,0.9870326989315277,0.26617460879385435,0.9933071490757153,0.9890130573694068
853,1,0.0,1.0,1.0,1.0,0.0,0.0,1.0,8.081566e-07,0.99999999999997,0.9870249541604534,0.671894677002034,0.9933071490757153,0.9890130573694068
854,1,0.0,1.0,1.0,1.0,0.0,0.0,1.0,0.00028501585,0.99999999999997,0.987000763169158,0.3822433259716983,0.9933071490757153,0.9890130573694068
855,1,1.0,1.0,1.0,1.0,1.0,1.0,1.0,1.0,0.99999999999997,0.9870096676763924,0.8187906195090563,0.9933071490757153,0.9890130573694068
856,1,1.0,1.0,1.0,1.0,1.0,1.0,1.0,0.99987614,0.99999999999997,0.9870277315561578,0.14333952092513635,0.9933071490757153,0.9890130573694068
857,1,0.0,1.0,1.0,1.0,0.0,0.0,1.0,0.0011639955,0.99999999999997,0.9870063345490934,0.1,0.9933071490757153,0.9890130573694068
858,1,0.0,1.0,1.0,1.0,0.0,0.0,1.0,0.34126693,0.99999999999997,0.9870506109370116,0.1,0.9933071490757153,0.9890130573694068
859,1,0.0,1.0,1.0,1.0,0.0,0.0,1.0,4.88837e-11,0.99999999999997,0.9870053711891382,0.1,0.9933071490757153,0.9890130573694068
860,1,0.0,1.0,1.0,1.0,0.0,0.0,1.0,2.6154332e-11,0.99999999999997,0.9870022257060842,0.1,0.9933071490757153,0.9890130573694068
861,1,0.0,1.0,1.0,1.0,0.0,0.0,1.0,1.1560595e-12,0.99999999999997,0.987021095232062,0.10171343051570002,0.9933071490757153,0.9890130573694068
862,1,0.0,1.0,1.0,1.0,0.0,0.0,1.0,1.1434115e-05,0.99999999999997,0.9870017553706282,0.12289700510419874,0.9933071490757153,0.9890130573694068
863,1,0.0,1.0,1.0,1.0,0.0,0.0,1.0,5.593504e-10,0.99999999999997,0.987006065138002,0.5892012530885242,0.9933071490757153,0.9890130573694068
864,1,0.0,1.0,1.0,1.0,0.0,0.0,1.0,1.222722e-09,0.99999999999997,0.9870279372752353,0.1,0.9933071490757153,0.9890130573694068
865,1,0.0,1.0,1.0,1.0,0.0,0.0,1.0,0.00039370428,0.99999999999997,0.987015200055998,0.6374785898708896,0.9933071490757153,0.9890130573694068
866,1,0.0,1.0,1.0,1.0,0.0,0.0,1.0,1.9593037e-06,0.99999999999997,0.9870187893996589,0.27998557395777207,0.9933071490757153,0.9890130573694068
867,1,0.0,1.0,1.0,1.0,0.0,0.0,1.0,6.2978796e-09,0.99999999999997,0.9869937715547826,0.10960301321431964,0.9933071490757153,0.9890130573694068
868,1,1.0,1.0,1.0,1.0,1.0,1.0,1.0,0.9999994,0.99999999999997,0.9869591654923323,0.5603162643491135,0.9933071490757153,0.9890130573694068
869,1,1.0,1.0,1.0,1.0,1.0,1.0,1.0,0.9996117,0.99999999999997,0.9870151537095079,0.9083544712916488,0.9933071490757153,0.9890130573694068
870,1,0.0,1.0,1.0,1.0,0.0,0.0,1.0,0.00012626166,0.99999999999997,0.9869924939864542,0.1,0.9933071490757153,0.9890130573694068
871,1,0.0,1.0,1.0,1.0,0.0,0.0,1.0,1.989907e-05,0.99999999999997,0.9870248151678884,0.551269141944264,0.9933071490757153,0.9890130573694068
872,1,1.0,1.0,1.0,1.0,1.0,1.0,1.0,0.9740762,0.99999999999997,0.9870163291647239,0.2396954191244191,0.9933071490757153,0.9890130573694068
873,1,0.0,1.0,1.0,1.0,0.0,0.0,1.0,0.02935826,0.99999999999997,0.9869946828626772,0.1,0.9933071490757153,0.9890130573694068
874,1,0.0,1.0,1.0,1.0,0.0,0.0,1.0,0.0003822336,0.99999999999997,0.9870309837948181,0.5027237292266112,0.9933071490757153,0.9890130573694068
875,1,1.0,1.0,1.0,1.0,1.0,1.0,1.0,1.0,0.99999999999997,0.9870222451681978,0.9796939322360261,0.9933071490757153,0.9890130573694068
876,1,0.0,1.0,1.0,1.0,0.0,0.0,1.0,1.5429673e-06,0.99999999999997,0.9869798982400334,0.5788721893629614,0.9933071490757153,0.9890130573694068
877,1,1.0,1.0,1.0,1.0,1.0,1.0,1.0,0.9999957,0.99999999999997,0.9870369327116213,0.47143310515717574,0.9933071490757153,0.9890130573694068
878,1,0.0,1.0,1.0,1.0,0.0,0.0,1.0,1.0082893e-11,0.99999999999997,0.9870304203913028,0.3085212558270388,0.9933071490757153,0.9890130573694068
879,1,0.0,1.0,1.0,1.0,0.0,0.0,1.0,0.0025231997,0.99999999999997,0.9870185074195592,0.5863917506975508,0.9933071490757153,0.9890130573694068
880,1,0.0,0.7833333333333333,1.0,1.0,0.0,0.0,1.0,1.7734313e-07,0.9932498325349511,0.7770660873389732,0.923696945974114,0.9933071490757153,0.9890130573694068
881,0,1.0,0.7666666666666667,1.0,1.0,1.0,1.0,1.0,3.353724e-08,0.29956551328056774,0.017962667647127672,0.1,0.9933071490757153,0.9890130573694068
882,0,1.0,1.0,1.0,1.0,1.0,1.0,1.0,0.008680548,0.011466130715533299,0.01798135882162579,0.23591402718930543,0.9933071490757153,0.9890130573694068
883,0,1.0,1.0,1.0,1.0,1.0,1.0,1.0,2.4518684e-08,0.0061218393396557155,0.01800839519085723,0.9979954162958384,0.9933071490757153,0.9890130573694068
884,0,1.0,1.0,1.0,1.0,1.0,1.0,1.0,3.1439271e-09,0.005531870664442711,0.017957649998441585,0.11719430456435445,0.9933071490757153,0.9890130573694068
885,0,1.0,1.0,1.0,1.0,1.0,1.0,1.0,1.297325e-13,0.0053856506587450625,0.0180001222351034,0.1311519718225145,0.9933071490757153,0.9890130573694068
886,0,1.0,1.0,1.0,1.0,1.0,1.0,1.0,9.225929e-05,0.0035990766805706056,0.01799057928598641,0.11561796117204028,0.9933071490757153,0.9890130573694068
887,0,1.0,1.0,1.0,1.0,1.0,1.0,1.0,6.2020084e-11,0.003782565327618616,0.017998068689724943,0.4149772892577933,0.9933071490757153,0.9890130573694068
888,0,1.0,1.0,1.0,1.0,1.0,1.0,1.0,0.0015170181,0.004163231507539771,0.01801988205645947,0.8855583970276063,0.9933071490757153,0.9890130573694068
889,0,1.0,1.0,1.0,1.0,1.0,1.0,1.0,0.06544695,0.004598082351475724,0.017990404811948444,0.980103926697409,0.9933071490757153,0.9890130573694068
890,0,1.0,1.0,1.0,1.0,1.0,1.0,1.0,3.1439271e-09,0.00380440679667595,0.01799938821612227,0.11719430456435445,0.9933071490757153,0.9890130573694068
891,0,1.0,1.0,1.0,1.0,1.0,1.0,1.0,1.0364013e-09,0.00359204079406274,0.01800265531472722,0.4945294450902513,0.9933071490757153,0.9890130573694068
892,0,1.0,1.0,1.0,1.0,1.0,1.0,1.0,2.0406924e-05,0.00423709343500064,0.017938696692941146,0.10725228949021454,0.9933071490757153,0.9890130573694068
893,0,1.0,1.0,1.0,1.0,1.0,1.0,1.0,3.5843627e-07,0.004712005714374131,0.017974415137169734,0.2391664415520064,0.9933071490757153,0.9890130573694068
894,0,1.0,1.0,1.0,1.0,1.0,1.0,1.0,8.1410835e-16,0.0031820697529396187,0.017977693216982966,0.10584468567575259,0.9933071490757153,0.9890130573694068
895,0,1.0,1.0,1.0,1.0,1.0,1.0,1.0,3.157402e-08,0.004175747648908055,0.017998547372757124,0.5193352341498825,0.9933071490757153,0.9890130573694068
896,0,0.0,1.0,1.0,1.0,0.0,0.0,1.0,1.0,0.38541154318697324,0.3819959544573152,0.1,0.9933071490757153,0.9890130573694068
897,1,1.0,1.0,1.0,1.0,0.0,0.0,1.0,0.550831,0.99999999999997,0.9675538362996409,0.12088922789249722,0.9933071490757153,0.9890130573694068
898,1,0.0,1.0,1.0,1.0,0.0,0.0,1.0,5.590786e-06,0.99999999999997,0.9675822349439738,0.44006499374115504,0.9933071490757153,0.9890130573694068
899,1,1.0,1.0,1.0,1.0,1.0,0.0,1.0,0.5618013,0.99999999999997,0.9676477918329389,0.3053582626774316,0.9933071490757153,0.9890130573694068
900,1,0.0,1.0,1.0,1.0,0.0,0.0,1.0,0.0054697962,0.99999999999997,0.9676748537427249,0.7785700948001012,0.9933071490757153,0.9890130573694068
901,1,0.0,1.0,1.0,1.0,0.0,0.0,1.0,1.6477555e-12,0.99999999999997,0.9675813047704932,0.20647906368086677,0.9933071490757153,0.9890130573694068
902,1,0.0,1.0,1.0,1.0,0.0,0.0,1.0,1.1084707e-08,0.99999999999997,0.9677003556775176,0.15644719763959103,0.9933071490757153,0.9890130573694068
903,1,1.0,1.0,1.0,1.0,1.0,1.0,1.0,1.0,0.99999999999997,0.9675195029515463,0.1,0.9933071490757153,0.9890130573694068
904,1,0.0,1.0,1.0,1.0,0.0,0.0,1.0,4.0695167e-07,0.99999999999997,0.967613869812883,0.20241588034209188,0.9933071490757153,0.9890130573694068
905,0,1.0,1.0,1.0,1.0,0.0,1.0,1.0,2.1005093e-07,0.2606864433301335,0.2554026158652363,0.10296087235770135,0.9933071490757153,0.9890130573694068
906,1,1.0,1.0,1.0,1.0,1.0,1.0,1.0,1.0,0.9627914620267084,0.9276713117991282,0.8950893076990338,0.9933071490757153,0.9890130573694068
907,1,0.0,1.0,1.0,1.0,0.0,0.0,1.0,3.532884e-06,0.9999999356375133,0.9591751111562064,0.1317212793084713,0.9933071490757153,0.9890130573694068
908,1,0.0,1.0,1.0,1.0,0.0,0.0,1.0,1.7868263e-14,0.9999999924761181,0.9592133983894128,0.109418967891856,0.9933071490757153,0.9890130573694068
909,1,0.0,1.0,1.0,1.0,0.0,0.0,1.0,5.8595557e-08,0.999999998689398,0.9592385880330928,0.1,0.9933071490757153,0.9890130573694068
910,1,0.0,1.0,1.0,1.0,0.0,0.0,1.0,2.5750171e-11,0.9999999968516141,0.9592660957999843,0.4745245344510426,0.9933071490757153,0.9890130573694068
911,1,0.0,1.0,1.0,1.0,0.0,0.0,1.0,6.067994e-15,0.999999967734268,0.9592064517843564,0.1,0.9933071490757153,0.9890130573694068
912,1,0.0,1.0,1.0,1.0,0.0,0.0,1.0,3.666873e-07,0.9999994266822066,0.9591787085693587,0.42319075445591686,0.9933071490757153,0.9890130573694068
913,1,0.0,1.0,1.0,1.0,0.0,0.0,1.0,8.566691e-13,0.9998219088455679,0.9591648462097258,0.1,0.9933071490757153,0.9890130573694068
914,1,0.0,1.0,1.0,1.0,0.0,0.0,1.0,0.03141834,0.999999939559118,0.9592177779999697,0.38109838412325797,0.9933071490757153,0.9890130573694068
915,1,0.0,1.0,1.0,1.0,0.0,0.0,1.0,3.316801e-16,0.99999998881431,0.9593251818526584,0.1,0.9933071490757153,0.9890130573694068
916,1,0.0,1.0,1.0,1.0,0.0,0.0,1.0,0.00025522607,0.9999999942997613,0.9592425948605878,0.176900308073858,0.9933071490757153,0.9890130573694068
917,1,1.0,1.0,1.0,1.0,1.0,1.0,1.0,0.9994605,0.9999999948855672,0.959196621810085,0.8195881252651036,0.9933071490757153,0.9890130573694068
918,1,0.0,1.0,1.0,1.0,0.0,0.0,1.0,1.0188549e-05,0.999999966747938,0.9592137320543659,0.12162114194560572,0.9933071490757153,0.9890130573694068
919,1,1.0,1.0,1.0,1.0,1.0,1.0,1.0,0.98516244,0.9999997505663897,0.9591842158388554,0.7823196640672091,0.9933071490757153,0.9890130573694068
920,1,1.0,1.0,1.0,1.0,1.0,1.0,1.0,0.9981918,0.9999021032572314,0.9590414789900645,0.7285304584232442,0.9933071490757153,0.9890130573694068
921,1,1.0,1.0,1.0,1.0,1.0,1.0,1.0,1.0,0.999721513583344,0.9591595755439049,0.1,0.9933071490757153,0.9890130573694068
922,1,0.0,1.0,1.0,1.0,0.0,0.0,1.0,4.8167655e-13,0.9989042204963141,0.9590465079091665,0.1,0.9933071490757153,0.9890130573694068
923,1,1.0,1.0,1.0,1.0,1.0,1.0,1.0,1.0,0.998513802997943,0.9591738160717461,0.513689541498057,0.9933071490757153,0.9890130573694068
924,1,1.0,1.0,1.0,1.0,1.0,1.0,1.0,0.97937727,0.9977507419740065,0.9592383496038303,0.2592875149667235,0.9933071490757153,0.9890130573694068
925,1,0.0,1.0,1.0,1.0,0.0,0.0,1.0,2.1719355e-09,0.9960508518034986,0.9591210022444988,0.1,0.9933071490757153,0.9890130573694068
926,1,0.0,1.0,1.0,1.0,0.0,0.0,1.0,3.2762675e-11,0.9930067339582023,0.9591866582308909,0.10722147998855316,0.9933071490757153,0.9890130573694068
927,0,1.0,1.0,1.0,1.0,0.0,1.0,1.0,0.003716876,0.32841070823811963,0.2846291628982548,0.2826669658034909,0.9933071490757153,0.9890130573694068
928,0,1.0,1.0,1.0,1.0,1.0,1.0,1.0,0.20903605,0.005565853805955711,0.01800825416398606,0.17698174086800453,0.9933071490757153,0.9890130573694068
929,1,1.0,1.0,1.0,1.0,1.0,1.0,1.0,0.9999995,0.9999999870375491,0.9350320327316848,0.9548377739803534,0.9933071490757153,0.9890130573694068
930,1,1.0,1.0,1.0,1.0,1.0,1.0,1.0,0.94289017,0.9999999999998693,0.9352077161799961,0.8970997143679128,0.9933071490757153,0.9890130573694068
931,1,0.0,1.0,1.0,1.0,0.0,0.0,1.0,3.5862753e-09,0.9999999999996212,0.9349412057339342,0.1,0.9933071490757153,0.9890130573694068
932,1,0.0,1.0,1.0,1.0,0.0,0.0,1.0,7.342313e-12,0.9999999999781857,0.9350774290449676,0.1,0.9933071490757153,0.9890130573694068
933,1,0.0,1.0,1.0,1.0,0.0,0.0,1.0,1.0364259e-07,0.9999999999965669,0.9350987631373103,0.29228801924828185,0.9933071490757153,0.9890130573694068
934,1,0.0,1.0,1.0,1.0,0.0,0.0,1.0,0.00014888577,0.9999999999973939,0.935194911480377,0.821126197328325,0.9933071490757153,0.9890130573694068
935,1,0.0,1.0,1.0,1.0,0.0,0.0,1.0,5.4776206e-10,0.9999999999995164,0.9350659696672972,0.1,0.9933071490757153,0.9890130573694068
936,1,0.0,1.0,1.0,1.0,0.0,0.0,1.0,0.011441048,0.9999999999999124,0.9351032512196659,0.1,0.9933071490757153,0.9890130573694068
937,1,1.0,1.0,1.0,1.0,1.0,1.0,1.0,1.0,0.9999999999999695,0.9350668161395309,0.1,0.9933071490757153,0.9890130573694068
938,1,1.0,1.0,1.0,1.0,1.0,1.0,1.0,0.99995244,0.9999999999999695,0.9350629580018089,0.5564606549820253,0.9933071490757153,0.9890130573694068
939,1,1.0,1.0,1.0,1.0,1.0,1.0,1.0,1.0,0.99999999999997,0.9349442126040272,0.1,0.9933071490757153,0.9890130573694068
940,1,1.0,1.0,1.0,1.0,1.0,1.0,1.0,0.99999213,0.9999999999999699,0.9351167390328216,0.9086617698191285,0.9933071490757153,0.9890130573694068
941,1,0.0,1.0,1.0,1.0,0.0,0.0,1.0,7.227268e-12,0.9999999999999699,0.9350780675242567,0.1,0.9933071490757153,0.9890130573694068
942,1,0.0,1.0,1.0,1.0,0.0,0.0,1.0,1.0082893e-11,0.99999999999997,0.9352312870205917,0.3085212558270388,0.9933071490757153,0.9890130573694068
943,1,0.0,1.0,1.0,1.0,0.0,0.0,1.0,5.2601434e-11,0.99999999999997,0.9351089116493665,0.1,0.9933071490757153,0.9890130573694068
944,1,0.0,1.0,1.0,1.0,0.0,0.0,1.0,9.646549e-10,0.99999999999997,0.9350628700425152,0.11786017411062616,0.9933071490757153,0.9890130573694068
945,1,1.0,1.0,1.0,1.0,1.0,1.0,1.0,1.0,0.99999999999997,0.9351120087929689,0.1,0.9933071490757153,0.9890130573694068
946,1,0.0,1.0,1.0,1.0,0.0,0.0,1.0,1.0502198e-08,0.99999999999997,0.9349792750901245,0.10132309640258198,0.9933071490757153,0.9890130573694068
947,1,0.0,1.0,1.0,1.0,0.0,0.0,1.0,3.2212574e-10,0.99999999999997,0.9349764844380943,0.1,0.9933071490757153,0.9890130573694068
948,1,0.0,1.0,1.0,1.0,0.0,0.0,1.0,7.728316e-08,0.99999999999997,0.9351819866665249,0.7322228243630095,0.9933071490757153,0.9890130573694068
949,1,1.0,1.0,1.0,1.0,1.0,1.0,1.0,1.0,0.99999999999997,0.9350064417316233,0.16336723947543177,0.9933071490757153,0.9890130573694068
950,1,1.0,1.0,1.0,1.0,1.0,1.0,1.0,1.0,0.99999999999997,0.9350194613399684,0.9647713656849725,0.9933071490757153,0.9890130573694068
951,1,0.0,1.0,1.0,1.0,0.0,0.0,1.0,5.1813588e-11,0.99999999999997,0.9350657187689215,0.1,0.9933071490757153,0.9890130573694068
952,1,0.0,1.0,1.0,1.0,0.0,0.0,1.0,5.958634e-07,0.99999999999997,0.9349761167777276,0.10736450167836581,0.9933071490757153,0.9890130573694068
953,1,1.0,1.0,1.0,1.0,1.0,1.0,1.0,0.9999994,0.99999999999997,0.9350531168266966,0.9049620050169207,0.9933071490757153,0.9890130573694068
954,1,0.0,1.0,1.0,1.0,0.0,0.0,1.0,1.02605595e-08,0.99999999999997,0.9351403734119501,0.8449898795682121,0.9933071490757153,0.9890130573694068
955,1,1.0,1.0,1.0,1.0,1.0,1.0,1.0,0.9977889,0.99999999999997,0.9350169477877197,0.9892753308985678,0.9933071490757153,0.9890130573694068
956,1,0.0,1.0,1.0,1.0,0.0,0.0,1.0,3.4992022e-06,0.99999999999997,0.9349408334331206,0.14569589348710546,0.9933071490757153,0.9890130573694068
957,1,0.0,1.0,1.0,1.0,0.0,0.0,1.0,2.0240666e-05,0.99999999999997,0.935018726005078,0.1,0.9933071490757153,0.9890130573694068
958,1,0.0,1.0,1.0,1.0,0.0,0.0,1.0,2.8646227e-06,0.99999999999997,0.9352069563427106,0.12026363467149806,0.9933071490757153,0.9890130573694068
959,1,0.0,1.0,1.0,1.0,0.0,0.0,1.0,8.972707e-07,0.9999999999999674,0.9351236183209488,0.454126126460324,0.9933071490757153,0.9890130573694068
960,1,0.0,1.0,1.0,1.0,0.0,0.0,1.0,0.00039370428,0.9999999999999373,0.9351512169177482,0.6374785898708896,0.9933071490757153,0.9890130573694068
961,1,0.0,1.0,1.0,1.0,0.0,0.0,1.0,0.0045938985,0.9999999999999313,0.9352488295633322,0.9723431648074705,0.9933071490757153,0.9890130573694068
962,1,1.0,1.0,1.0,1.0,1.0,1.0,1.0,1.0,0.9999999999998676,0.9352225564123142,0.1,0.9933071490757153,0.9890130573694068
963,1,0.0,1.0,1.0,1.0,0.0,0.0,1.0,9.760011e-05,0.9999999999968485,0.9349269759057428,0.24049734995116775,0.9933071490757153,0.9890130573694068
964,1,0.0,1.0,1.0,1.0,0.0,0.0,1.0,0.00039370428,0.9999999999991865,0.9352217941788317,0.6374785898708896,0.9933071490757153,0.9890130573694068
965,1,1.0,1.0,1.0,1.0,1.0,1.0,1.0,1.0,0.9999999999991753,0.9350335657780882,0.1,0.9933071490757153,0.9890130573694068
966,1,0.0,1.0,1.0,1.0,0.0,0.0,1.0,0.0094903335,0.9999999999352123,0.935179248585706,0.1,0.9933071490757153,0.9890130573694068
967,1,0.0,1.0,1.0,1.0,0.0,0.0,1.0,9.474074e-05,0.9999999998623991,0.9351512811093289,0.736946150671004,0.9933071490757153,0.9890130573694068
968,1,0.0,1.0,1.0,1.0,0.0,0.0,1.0,4.3130083e-15,0.7995187916493932,0.722550568881325,0.1014573427661012,0.9933071490757153,0.9890130573694068
969,1,0.0,1.0,1.0,1.0,0.0,0.0,1.0,6.0884416e-16,0.9999993848826985,0.9635541840942935,0.1,0.9933071490757153,0.9890130573694068
970,1,0.0,1.0,1.0,1.0,0.0,0.0,1.0,4.602287e-09,0.9999996163897222,0.9636104425410529,0.7086718405482586,0.9933071490757153,0.9890130573694068
971,1,0.0,1.0,1.0,1.0,0.0,0.0,1.0,1.0319423e-07,0.9999990809769197,0.9636054581278881,0.10887164534431243,0.9933071490757153,0.9890130573694068
972,1,1.0,1.0,1.0,1.0,1.0,1.0,1.0,1.0,0.9999998976918503,0.963618820312567,0.936526394314618,0.9933071490757153,0.9890130573694068
973,1,0.0,1.0,1.0,1.0,0.0,0.0,1.0,3.8079668e-11,0.9999999922821615,0.9636243823383307,0.1,0.9933071490757153,0.9890130573694068
974,1,1.0,1.0,1.0,1.0,1.0,1.0,1.0,0.91324127,0.9999999999553694,0.9635061012005158,0.9749796532056192,0.9933071490757153,0.9890130573694068
975,1,1.0,1.0,1.0,1.0,1.0,1.0,1.0,0.9999999,0.999999999985422,0.9635509956198686,0.9789147076523018,0.9933071490757153,0.9890130573694068
976,1,1.0,1.0,1.0,1.0,1.0,1.0,1.0,1.0,0.9999999999963554,0.9636120397545737,0.1,0.9933071490757153,0.9890130573694068
977,1,1.0,1.0,1.0,1.0,1.0,1.0,1.0,0.9999958,0.9999999998303423,0.9636360892118403,0.9774944708773715,0.9933071490757153,0.9890130573694068
978,1,1.0,1.0,1.0,1.0,1.0,1.0,1.0,1.0,0.9999999999862084,0.9635950234560938,0.1,0.9933071490757153,0.9890130573694068
979,1,0.0,1.0,1.0,1.0,0.0,0.0,1.0,1.5649189e-15,0.9999999999996833,0.963610640354421,0.16265467470925998,0.9933071490757153,0.9890130573694068
980,1,0.0,1.0,1.0,1.0,0.0,0.0,1.0,6.51649e-08,0.9999999999998459,0.9636279195562629,0.6953230193556001,0.9933071490757153,0.9890130573694068
981,1,0.0,1.0,1.0,1.0,0.0,0.0,1.0,2.3248705e-11,0.9999999999988027,0.9636471494285044,0.1,0.9933071490757153,0.9890130573694068
982,1,0.0,1.0,1.0,1.0,0.0,0.0,1.0,1.2922914e-10,0.9999999999988136,0.9637420478185059,0.1,0.9933071490757153,0.9890130573694068
983,1,0.0,1.0,1.0,1.0,0.0,0.0,1.0,2.0708669e-07,0.9999999999984157,0.9635308330319255,0.26610695778911114,0.9933071490757153,0.9890130573694068
984,1,1.0,1.0,1.0,1.0,1.0,1.0,1.0,0.75712246,0.9999999999992877,0.9635939882225989,0.7696480164241145,0.9933071490757153,0.9890130573694068
985,1,1.0,1.0,1.0,1.0,1.0,1.0,1.0,0.9971922,0.9999999999995737,0.9635949271547979,0.7890698367507994,0.9933071490757153,0.9890130573694068
986,1,1.0,1.0,1.0,1.0,1.0,1.0,1.0,1.0,0.9999999999999601,0.9635887519088919,0.1,0.9933071490757153,0.9890130573694068
987,1,1.0,1.0,1.0,1.0,1.0,1.0,1.0,0.9899588,0.9999999999999685,0.9635258555719158,0.9367930013213408,0.9933071490757153,0.9890130573694068
988,1,1.0,1.0,1.0,1.0,1.0,1.0,1.0,0.82649493,0.99999999999997,0.9636361579963069,0.409736980526997,0.9933071490757153,0.9890130573694068
989,1,0.0,1.0,1.0,1.0,0.0,0.0,1.0,5.417099e-14,0.99999999999997,0.9635772513892256,0.4607463836202379,0.9933071490757153,0.9890130573694068
990,1,1.0,1.0,1.0,1.0,1.0,1.0,1.0,1.0,0.9999999999999649,0.9635231805464035,0.1,0.9933071490757153,0.9890130573694068
991,1,0.0,1.0,1.0,1.0,0.0,0.0,1.0,1.2922914e-10,0.9999999999999672,0.963588688762074,0.1,0.9933071490757153,0.9890130573694068
992,1,1.0,1.0,1.0,1.0,1.0,1.0,1.0,0.99998415,0.9999999999999556,0.9636071189388045,0.9781299272378974,0.9933071490757153,0.9890130573694068
993,1,0.0,1.0,1.0,1.0,0.0,0.0,1.0,0.013527204,0.9999999999999363,0.9635900716853085,0.11142204983825776,0.9933071490757153,0.9890130573694068
994,1,0.0,1.0,1.0,1.0,0.0,0.0,1.0,1.989907e-05,0.9999999999999621,0.9635925250827306,0.551269141944264,0.9933071490757153,0.9890130573694068
995,1,1.0,1.0,1.0,1.0,1.0,1.0,1.0,0.9999908,0.9999999999999646,0.9636428855152221,0.9423732774473915,0.9933071490757153,0.9890130573694068
996,1,0.0,1.0,1.0,1.0,0.0,0.0,1.0,2.1523305e-09,0.9999999999999498,0.9635950802924393,0.6044847737219966,0.9933071490757153,0.9890130573694068
997,1,1.0,1.0,1.0,1.0,1.0,1.0,1.0,0.9999999,0.9999999999998889,0.9635583505817975,0.9262640364179036,0.9933071490757153,0.9890130573694068
998,1,1.0,1.0,1.0,1.0,1.0,1.0,1.0,0.9999944,0.9999999999998435,0.9636005704796226,0.1,0.9933071490757153,0.9890130573694068
999,1,0.0,1.0,1.0,1.0,0.0,0.0,1.0,4.412218e-10,0.9999999999996809,0.9635877464459536,0.1,0.9933071490757153,0.9890130573694068
1000,1,0.0,1.0,1.0,1.0,0.0,0.0,1.0,0.0001236009,0.9999999999953844,0.9634755504804552,0.9366616839617817,0.9933071490757153,0.9890130573694068
1001,1,1.0,1.0,1.0,1.0,1.0,1.0,1.0,0.75712246,0.9999999999986817,0.9636514279119369,0.7696480164241145,0.9933071490757153,0.9890130573694068
1002,1,0.0,1.0,1.0,1.0,0.0,0.0,1.0,1.0709074e-07,0.9999999999968744,0.9635928273551806,0.12173750055962747,0.9933071490757153,0.9890130573694068
1003,1,1.0,1.0,1.0,1.0,1.0,1.0,1.0,0.9511587,0.9999999999657772,0.9635591370937143,0.8016973306775083,0.9933071490757153,0.9890130573694068
1004,1,1.0,1.0,1.0,1.0,1.0,1.0,1.0,1.0,0.9999999999787733,0.9636343633640538,0.7092602017863188,0.9933071490757153,0.9890130573694068
1005,1,1.0,1.0,1.0,1.0,1.0,1.0,1.0,0.9999995,0.9999999999726589,0.9636069304900633,0.868975024732962,0.9933071490757153,0.9890130573694068
1006,1,0.0,1.0,1.0,1.0,0.0,0.0,1.0,1.2238595e-11,0.99999999994569,0.9636195090745919,0.700980509553111,0.9933071490757153,0.9890130573694068
1007,1,0.0,1.0,1.0,1.0,0.0,0.0,1.0,5.204526e-11,0.9999999997943306,0.9635753196881286,0.1,0.9933071490757153,0.9890130573694068
