win_idx,label,acc_v,acc_m,acc_u,acc_mv,acc_ds_eq,acc_ds_static,acc_ours,P_v,P_m,P_u,w_v,w_m,w_u
0,0,1.0,0.016666666666666666,1.0,1.0,0.0,0.0,1.0,2.2862873e-11,0.9823162570682363,0.017983599099547633,0.9981243980711986,0.9859363729567544,0.9890130573694068
1,0,1.0,0.48333333333333334,1.0,1.0,0.0,1.0,1.0,6.63057e-08,0.5511463119444188,0.017999777609842133,0.9989697674119054,0.9859363729567544,0.9890130573694068
2,0,1.0,0.7166666666666667,1.0,1.0,1.0,1.0,1.0,0.101996884,0.3420443790019526,0.017980979121394392,0.9949203724076301,0.9859363729567544,0.9890130573694068
3,0,1.0,0.85,1.0,1.0,1.0,1.0,1.0,5.204584e-07,0.2704257844860997,0.017994153186201463,0.995089026466219,0.9859363729567544,0.9890130573694068
4,0,1.0,0.8666666666666667,1.0,1.0,1.0,1.0,1.0,1.002682e-14,0.2676486823807846,0.0180109061957665,0.997773604373335,0.9859363729567544,0.9890130573694068
5,0,1.0,0.7333333333333333,1.0,1.0,1.0,1.0,1.0,1.9297019e-08,0.31573278026537593,0.018005712824834454,0.9976896137688731,0.9859363729567544,0.9890130573694068
6,0,1.0,0.7833333333333333,1.0,1.0,1.0,1.0,1.0,9.443865e-11,0.2872163453216187,0.018015482250310706,0.9990053344884574,0.9859363729567544,0.9890130573694068
7,0,1.0,0.6833333333333333,1.0,1.0,1.0,1.0,1.0,1.2128203e-07,0.4002563039972158,0.018032861524962716,0.9938498234649357,0.9859363729567544,0.9890130573694068
8,0,1.0,0.8666666666666667,1.0,1.0,1.0,1.0,1.0,6.0320206e-13,0.2211332414800183,0.01796670669012481,0.9992228857414609,0.9859363729567544,0.9890130573694068
9,0,1.0,0.75,1.0,1.0,1.0,1.0,1.0,4.3131754e-10,0.32225286309353846,0.018003781775759255,0.9999629775814081,0.9859363729567544,0.9890130573694068
10,0,1.0,0.7333333333333333,1.0,1.0,1.0,1.0,1.0,2.9420555e-09,0.31885333468074734,0.01798663003310763,0.9975517672615839,0.9859363729567544,0.9890130573694068
11,0,1.0,0.7333333333333333,1.0,1.0,1.0,1.0,1.0,1.0130706e-10,0.3049802096838609,0.017943840566480348,0.9210911024844174,0.9859363729567544,0.9890130573694068
12,0,1.0,0.7333333333333333,1.0,1.0,1.0,1.0,1.0,5.0328166e-12,0.29447627070143234,0.01796371560326277,0.9971366053115113,0.9859363729567544,0.9890130573694068
13,0,1.0,0.7333333333333333,1.0,1.0,1.0,1.0,1.0,1.5228636e-06,0.3115263932897527,0.017958719216350845,0.9944773913507834,0.9859363729567544,0.9890130573694068
14,0,1.0,0.7666666666666667,1.0,1.0,1.0,1.0,1.0,0.00046512013,0.3069356691043913,0.017937100262131262,0.9962567110645182,0.9859363729567544,0.9890130573694068
15,0,1.0,0.85,1.0,1.0,1.0,1.0,1.0,2.4379879e-05,0.26050627062482234,0.017943099323066695,0.863349830276401,0.9859363729567544,0.9890130573694068
16,0,0.0,0.8166666666666667,1.0,1.0,0.0,0.0,1.0,0.9470502,0.259285701005644,0.018018339276010032,0.9969701184351536,0.9859363729567544,0.9890130573694068
17,0,1.0,0.7833333333333333,1.0,1.0,1.0,1.0,1.0,1.5845124e-09,0.2596066482863118,0.018030149930407986,0.9977643406632561,0.9859363729567544,0.9890130573694068
18,0,1.0,0.7833333333333333,1.0,1.0,1.0,1.0,1.0,7.123883e-12,0.29055739364365707,0.017977421674398694,0.9384416007177884,0.9859363729567544,0.9890130573694068
19,0,1.0,0.8166666666666667,1.0,1.0,1.0,1.0,1.0,8.930678e-13,0.3039770962739791,0.01793471341419194,0.9992624191965659,0.9859363729567544,0.9890130573694068
20,0,1.0,0.75,1.0,1.0,1.0,1.0,1.0,3.0287807e-11,0.3208558627321873,0.018026880503779152,0.9987269915114377,0.9859363729567544,0.9890130573694068
21,0,1.0,0.7833333333333333,1.0,1.0,1.0,1.0,1.0,2.17858e-11,0.3090149459687996,0.018000857479563252,0.6124602581392218,0.9859363729567544,0.9890130573694068
22,0,1.0,0.6666666666666666,1.0,1.0,1.0,1.0,1.0,0.0009685895,0.40419221528824334,0.018004540781351618,0.9940552882031537,0.9859363729567544,0.9890130573694068
23,0,1.0,0.6,1.0,1.0,1.0,1.0,1.0,8.056608e-11,0.4225506131995089,0.018011160834375484,0.9998727171931,0.9859363729567544,0.9890130573694068
24,0,1.0,0.6666666666666666,1.0,1.0,1.0,1.0,1.0,5.209144e-11,0.3531793723969448,0.01797045040202643,0.9989851702585082,0.9859363729567544,0.9890130573694068
25,0,1.0,0.8166666666666667,1.0,1.0,1.0,1.0,1.0,0.0007418377,0.31587958628962526,0.01800694394025431,0.9979096703880043,0.9859363729567544,0.9890130573694068
26,0,1.0,0.9166666666666666,1.0,1.0,1.0,1.0,1.0,1.4350312e-12,0.23348092791333666,0.01801368071388895,0.9995000491186564,0.9859363729567544,0.9890130573694068
27,0,1.0,0.7833333333333333,1.0,1.0,1.0,1.0,1.0,7.574262e-14,0.31018275369884574,0.017970306518241982,0.8686148210154644,0.9859363729567544,0.9890130573694068
28,0,1.0,0.8166666666666667,1.0,1.0,1.0,1.0,1.0,1.4350312e-12,0.3065695724773451,0.017966158959989476,0.9995000491186564,0.9859363729567544,0.9890130573694068
29,0,1.0,0.8833333333333333,1.0,1.0,1.0,1.0,1.0,7.380884e-08,0.24525380008997497,0.018009917154296996,0.9886473111650002,0.9859363729567544,0.9890130573694068
30,0,1.0,0.8166666666666667,1.0,1.0,1.0,1.0,1.0,3.1385766e-13,0.30192877688436176,0.01799848196471161,0.9999645322527106,0.9859363729567544,0.9890130573694068
31,0,1.0,0.8333333333333334,1.0,1.0,1.0,1.0,1.0,0.000121736295,0.24681369230091335,0.01800534100244194,0.9417203491157764,0.9859363729567544,0.9890130573694068
32,0,1.0,0.85,1.0,1.0,1.0,1.0,1.0,5.4541138e-06,0.271702732223136,0.018017869961445436,0.9561866473815563,0.9859363729567544,0.9890130573694068
33,0,1.0,0.7333333333333333,1.0,1.0,1.0,1.0,1.0,2.5808145e-05,0.33606277419960234,0.018002153392372752,0.8402784878844853,0.9859363729567544,0.9890130573694068
34,0,1.0,0.8666666666666667,1.0,1.0,1.0,1.0,1.0,7.100475e-07,0.2697146751382216,0.018022834463977917,0.9787355161457602,0.9859363729567544,0.9890130573694068
35,0,1.0,0.8666666666666667,1.0,1.0,0.0,0.0,1.0,1.0330953e-13,0.4446848730827817,0.23868876055271535,0.9944626925641986,0.9859363729567544,0.9890130573694068
36,1,1.0,1.0,1.0,1.0,1.0,1.0,1.0,1.0,0.9999999999999356,0.9640802022031237,0.9409100867230761,0.9859363729567544,0.9890130573694068
37,1,1.0,1.0,1.0,1.0,1.0,1.0,1.0,1.0,0.99999999999997,0.9640429831853325,0.9981522710939138,0.9859363729567544,0.9890130573694068
38,1,1.0,1.0,1.0,1.0,1.0,1.0,1.0,1.0,0.99999999999997,0.96401179237062,0.8974429012862986,0.9859363729567544,0.9890130573694068
39,1,1.0,1.0,1.0,1.0,1.0,1.0,1.0,1.0,0.9999999999998027,0.9640783140655759,0.9072925059983022,0.9859363729567544,0.9890130573694068
40,1,1.0,1.0,1.0,1.0,1.0,1.0,1.0,0.99999845,0.99999999999997,0.9641349741139043,0.9990832502990729,0.9859363729567544,0.9890130573694068
41,1,1.0,1.0,1.0,1.0,1.0,1.0,1.0,1.0,0.99999999999997,0.9641585863982269,0.9503783446684738,0.9859363729567544,0.9890130573694068
42,1,1.0,1.0,1.0,1.0,1.0,1.0,1.0,0.99956864,0.99999999999997,0.9641360950809239,0.9800274578894133,0.9859363729567544,0.9890130573694068
43,1,1.0,1.0,1.0,1.0,1.0,1.0,1.0,0.9866621,0.99999999999997,0.9640913736824875,0.996356961904783,0.9859363729567544,0.9890130573694068
44,1,1.0,1.0,1.0,1.0,1.0,1.0,1.0,0.9344753,0.99999999999997,0.9640658963451442,0.9994521146853734,0.9859363729567544,0.9890130573694068
45,1,1.0,1.0,1.0,1.0,1.0,1.0,1.0,1.0,0.9999999999999611,0.9639298209624165,0.9762129978175753,0.9859363729567544,0.9890130573694068
46,1,1.0,1.0,1.0,1.0,1.0,1.0,1.0,1.0,0.99999999999997,0.9640171788024848,0.9944629846456164,0.9859363729567544,0.9890130573694068
47,1,1.0,1.0,1.0,1.0,1.0,1.0,1.0,1.0,0.99999999999997,0.9641141240469959,0.9993932485049729,0.9859363729567544,0.9890130573694068
48,1,1.0,1.0,1.0,1.0,1.0,1.0,1.0,1.0,0.9999999999999695,0.9639297045319845,0.9906087408078527,0.9859363729567544,0.9890130573694068
49,1,1.0,1.0,1.0,1.0,1.0,1.0,1.0,0.9999989,0.9999999999999283,0.9640261050103994,0.9981671179996457,0.9859363729567544,0.9890130573694068
50,1,1.0,1.0,1.0,1.0,1.0,1.0,1.0,1.0,0.99999999999997,0.9641225694850762,0.9832106537164823,0.9859363729567544,0.9890130573694068
51,1,1.0,1.0,1.0,1.0,1.0,1.0,1.0,0.9999999,0.99999999999997,0.963973433437895,0.8652812347798913,0.9859363729567544,0.9890130573694068
52,1,1.0,1.0,1.0,1.0,1.0,1.0,1.0,0.99996686,0.99999999999997,0.9640789205947828,0.9848579002532036,0.9859363729567544,0.9890130573694068
53,1,1.0,1.0,1.0,1.0,1.0,1.0,1.0,1.0,0.99999999999997,0.9641334326690056,0.9997872816964565,0.9859363729567544,0.9890130573694068
54,1,1.0,1.0,1.0,1.0,1.0,1.0,1.0,0.9993352,0.99999999999997,0.964096260328566,0.9748739174979452,0.9859363729567544,0.9890130573694068
55,1,1.0,1.0,1.0,1.0,1.0,1.0,1.0,1.0,0.99999999999997,0.9640737436542801,0.9995018187786445,0.9859363729567544,0.9890130573694068
56,1,1.0,1.0,1.0,1.0,1.0,1.0,1.0,1.0,0.99999999999997,0.9641091818712066,0.9171058313760776,0.9859363729567544,0.9890130573694068
57,1,1.0,1.0,1.0,1.0,1.0,1.0,1.0,0.99996245,0.99999999999997,0.9640817307572251,0.9993071863799787,0.9859363729567544,0.9890130573694068
58,1,1.0,1.0,1.0,1.0,1.0,1.0,1.0,0.9999869,0.9999999999999635,0.9640006561181449,0.9747160573614366,0.9859363729567544,0.9890130573694068
59,1,1.0,1.0,1.0,1.0,1.0,1.0,1.0,0.99924254,0.9999999999999662,0.9641536902137587,0.9985192374703561,0.9859363729567544,0.9890130573694068
60,1,1.0,1.0,1.0,1.0,1.0,1.0,1.0,0.9999994,0.99999999999997,0.9641119262647924,0.9965733045388574,0.9859363729567544,0.9890130573694068
61,1,1.0,1.0,1.0,1.0,1.0,1.0,1.0,1.0,0.99999999999997,0.9641360124303194,0.9846660731489878,0.9859363729567544,0.9890130573694068
62,1,1.0,1.0,1.0,1.0,1.0,1.0,1.0,1.0,0.99999999999997,0.9640668304867266,0.4836659450397039,0.9859363729567544,0.9890130573694068
63,1,1.0,1.0,1.0,1.0,1.0,1.0,1.0,0.9999317,0.99999999999997,0.9640193978649416,0.9991593409317873,0.9859363729567544,0.9890130573694068
64,1,1.0,1.0,1.0,1.0,1.0,1.0,1.0,0.9999982,0.99999999999997,0.9640948753970825,0.9761928213169195,0.9859363729567544,0.9890130573694068
65,1,1.0,1.0,1.0,1.0,1.0,1.0,1.0,1.0,0.9999999999999692,0.9640767342533081,0.9980476927783568,0.9859363729567544,0.9890130573694068
66,1,1.0,1.0,1.0,1.0,1.0,1.0,1.0,0.9999945,0.9999999999782982,0.9640741712276811,0.7287134079460807,0.9859363729567544,0.9890130573694068
67,1,1.0,1.0,1.0,1.0,1.0,1.0,1.0,0.9999995,0.9999999999996916,0.9641568086273641,0.9616551689529641,0.9859363729567544,0.9890130573694068
68,1,1.0,1.0,1.0,1.0,1.0,1.0,1.0,0.99999976,0.9999999999598076,0.9640396106827541,0.9115710946153217,0.9859363729567544,0.9890130573694068
69,1,1.0,1.0,1.0,1.0,1.0,1.0,1.0,0.9951102,0.9999999999999657,0.9640833853498939,0.9998639121269547,0.9859363729567544,0.9890130573694068
70,1,1.0,1.0,1.0,1.0,1.0,1.0,1.0,1.0,0.999999999999953,0.9641151317333186,0.9368355682767364,0.9859363729567544,0.9890130573694068
71,1,1.0,1.0,1.0,1.0,1.0,1.0,1.0,0.99999106,0.9999999999998193,0.9641329757626581,0.9989421512251961,0.9859363729567544,0.9890130573694068
72,1,1.0,1.0,1.0,1.0,1.0,1.0,1.0,1.0,0.9999999999999696,0.9641299134398867,0.9987856151845251,0.9859363729567544,0.9890130573694068
73,1,1.0,1.0,1.0,1.0,1.0,1.0,1.0,1.0,0.9999999999999648,0.9640336504824337,0.9997803300375719,0.9859363729567544,0.9890130573694068
74,1,1.0,1.0,1.0,1.0,1.0,1.0,1.0,1.0,0.9999999999971536,0.9639908960859871,0.9601301543289079,0.9859363729567544,0.9890130573694068
75,1,1.0,1.0,1.0,1.0,1.0,1.0,1.0,1.0,0.9999999999996623,0.9640606891368291,0.9995621995095887,0.9859363729567544,0.9890130573694068
76,1,1.0,1.0,1.0,1.0,1.0,1.0,1.0,1.0,0.9999999999998235,0.9641010215452618,0.9754186845194424,0.9859363729567544,0.9890130573694068
77,1,1.0,1.0,1.0,1.0,1.0,1.0,1.0,0.99999774,0.9999999999999699,0.9640442452280203,0.9477928356614579,0.9859363729567544,0.9890130573694068
78,1,1.0,1.0,1.0,1.0,1.0,1.0,1.0,0.99978083,0.99999999999997,0.9640655064470895,0.9828918036425334,0.9859363729567544,0.9890130573694068
79,1,1.0,1.0,1.0,1.0,1.0,1.0,1.0,1.0,0.99999999999997,0.9640464243280314,0.9929601146612378,0.9859363729567544,0.9890130573694068
80,1,1.0,1.0,1.0,1.0,1.0,1.0,1.0,1.0,0.99999999999997,0.9640481028938779,0.9906978050092029,0.9859363729567544,0.9890130573694068
81,1,1.0,1.0,1.0,1.0,1.0,1.0,1.0,0.99999976,0.99999999999997,0.9641649674018092,0.9703631330630295,0.9859363729567544,0.9890130573694068
82,1,1.0,1.0,1.0,1.0,1.0,1.0,1.0,1.0,0.9999999999999271,0.9641355724169228,0.984560492979323,0.9859363729567544,0.9890130573694068
83,1,1.0,1.0,1.0,1.0,1.0,1.0,1.0,1.0,0.99999999999997,0.9641486702666611,0.999600625903462,0.9859363729567544,0.9890130573694068
84,1,1.0,1.0,1.0,1.0,1.0,1.0,1.0,0.9999993,0.99999999999997,0.9640527039791859,0.9968474743923036,0.9859363729567544,0.9890130573694068
85,1,1.0,1.0,1.0,1.0,1.0,1.0,1.0,0.9997571,0.999999999998894,0.9641225079787222,0.9276566667466671,0.9859363729567544,0.9890130573694068
86,1,1.0,1.0,1.0,1.0,1.0,1.0,1.0,1.0,0.9999999999999438,0.9640863181899277,0.875600586281366,0.9859363729567544,0.9890130573694068
87,1,1.0,1.0,1.0,1.0,1.0,1.0,1.0,1.0,0.9999999999999687,0.96415610193814,0.953540421649482,0.9859363729567544,0.9890130573694068
88,1,1.0,1.0,1.0,1.0,1.0,1.0,1.0,1.0,0.9999999999999329,0.9641216666951207,0.9969257462309553,0.9859363729567544,0.9890130573694068
89,1,1.0,1.0,1.0,1.0,1.0,1.0,1.0,1.0,0.999999999998968,0.9640788244413192,0.9996242969765596,0.9859363729567544,0.9890130573694068
90,1,1.0,1.0,1.0,1.0,1.0,1.0,1.0,0.98029023,0.999999999997933,0.9640486642642461,0.999864722282681,0.9859363729567544,0.9890130573694068
91,1,1.0,1.0,1.0,1.0,1.0,1.0,1.0,0.99999964,0.9999999999999396,0.9640324109006017,0.9979356050469235,0.9859363729567544,0.9890130573694068
92,1,1.0,1.0,1.0,1.0,1.0,1.0,1.0,0.99999976,0.9999999999994768,0.964086255860351,0.9678897580837077,0.9859363729567544,0.9890130573694068
93,1,1.0,1.0,1.0,1.0,1.0,1.0,1.0,1.0,0.9999999999961983,0.9640456510198625,0.9947963100242637,0.9859363729567544,0.9890130573694068
94,1,1.0,1.0,1.0,1.0,1.0,1.0,1.0,0.99909043,0.9999999999986099,0.9640626218696824,0.9267641762667997,0.9859363729567544,0.9890130573694068
95,1,1.0,1.0,1.0,1.0,1.0,1.0,1.0,1.0,0.9999999999997846,0.964057784141349,0.9915251274907846,0.9859363729567544,0.9890130573694068
96,1,1.0,1.0,1.0,1.0,1.0,1.0,1.0,1.0,0.9999999999965389,0.9640126111203863,0.7411985141936639,0.9859363729567544,0.9890130573694068
97,1,1.0,1.0,1.0,1.0,1.0,1.0,1.0,1.0,0.999999999962674,0.9640695929216232,0.9999164058215615,0.9859363729567544,0.9890130573694068
98,1,1.0,1.0,1.0,1.0,1.0,1.0,1.0,0.9999995,0.9999999999966903,0.9640737781407236,0.9999389138708394,0.9859363729567544,0.9890130573694068
99,1,1.0,1.0,1.0,1.0,1.0,1.0,1.0,0.99846715,0.9999999999938348,0.9641772515908519,0.9563257710675098,0.9859363729567544,0.9890130573694068
100,1,1.0,1.0,1.0,1.0,1.0,1.0,1.0,1.0,0.9999999999998657,0.9640467110090888,0.999202832985173,0.9859363729567544,0.9890130573694068
101,1,1.0,1.0,1.0,1.0,1.0,1.0,1.0,1.0,0.9999999999909543,0.9641354040559308,0.9889897313430621,0.9859363729567544,0.9890130573694068
102,1,1.0,1.0,1.0,1.0,1.0,1.0,1.0,1.0,0.9999999999973606,0.9641396380939529,0.9656694825543433,0.9859363729567544,0.9890130573694068
103,1,1.0,1.0,1.0,1.0,1.0,1.0,1.0,1.0,0.9999999999279294,0.9640597774643194,0.9716732917171034,0.9859363729567544,0.9890130573694068
104,1,1.0,1.0,1.0,1.0,1.0,1.0,1.0,1.0,0.9999999968158074,0.9641197159382356,0.963983334901068,0.9859363729567544,0.9890130573694068
105,1,1.0,1.0,1.0,1.0,1.0,1.0,1.0,1.0,0.9999999072717524,0.9640536500688183,0.993185255462296,0.9859363729567544,0.9890130573694068
106,1,1.0,0.9166666666666666,1.0,1.0,1.0,1.0,1.0,0.99999917,0.9999998881698499,0.8938213658153714,0.9228025361256935,0.9859363729567544,0.9890130573694068
107,1,1.0,1.0,1.0,1.0,1.0,1.0,1.0,0.9999999,0.99999999999997,0.9945332240013899,0.966659758110352,0.9859363729567544,0.9890130573694068
108,1,1.0,1.0,1.0,1.0,1.0,1.0,1.0,0.99942786,0.99999999999997,0.9945154826311059,0.7877955703325484,0.9859363729567544,0.9890130573694068
109,1,1.0,1.0,1.0,1.0,1.0,1.0,1.0,1.0,0.99999999999997,0.994520636585736,0.9754404107408607,0.9859363729567544,0.9890130573694068
110,1,1.0,1.0,1.0,1.0,1.0,1.0,1.0,0.99592495,0.99999999999997,0.9945426938328643,0.9558494990785062,0.9859363729567544,0.9890130573694068
111,1,1.0,1.0,1.0,1.0,1.0,1.0,1.0,0.99950445,0.99999999999997,0.9945351115825477,0.9977927047320769,0.9859363729567544,0.9890130573694068
112,1,1.0,1.0,1.0,1.0,1.0,1.0,1.0,1.0,0.99999999999997,0.9945344920947761,0.9976547150661391,0.9859363729567544,0.9890130573694068
113,1,1.0,1.0,1.0,1.0,1.0,1.0,1.0,1.0,0.99999999999997,0.9945337452195309,0.999928678261195,0.9859363729567544,0.9890130573694068
114,1,1.0,1.0,1.0,1.0,1.0,1.0,1.0,1.0,0.99999999999997,0.9945286718982048,0.9443634466745817,0.9859363729567544,0.9890130573694068
115,1,1.0,1.0,1.0,1.0,1.0,1.0,1.0,0.99999964,0.99999999999997,0.9945329184508114,0.9979356050469235,0.9859363729567544,0.9890130573694068
116,1,1.0,1.0,1.0,1.0,1.0,1.0,1.0,1.0,0.99999999999997,0.9945221707711087,0.9475763399486578,0.9859363729567544,0.9890130573694068
117,1,1.0,1.0,1.0,1.0,1.0,1.0,1.0,1.0,0.99999999999997,0.994528718738935,0.9994110274828056,0.9859363729567544,0.9890130573694068
118,1,1.0,1.0,1.0,1.0,1.0,1.0,1.0,1.0,0.9999999999999676,0.9945251835174308,0.8850734091184727,0.9859363729567544,0.9890130573694068
119,1,1.0,1.0,1.0,1.0,1.0,1.0,1.0,1.0,0.99999999999997,0.9945248439771422,0.9985117554357643,0.9859363729567544,0.9890130573694068
120,1,1.0,1.0,1.0,1.0,1.0,1.0,1.0,0.9989341,0.99999999999997,0.9945346418562035,0.9603515077435356,0.9859363729567544,0.9890130573694068
121,1,1.0,1.0,1.0,1.0,1.0,1.0,1.0,0.9999999,0.99999999999997,0.9945499258776563,0.9957479829237773,0.9859363729567544,0.9890130573694068
122,1,1.0,1.0,1.0,1.0,1.0,1.0,1.0,1.0,0.99999999999997,0.9945118124016814,0.9951480158457396,0.9859363729567544,0.9890130573694068
123,1,1.0,1.0,1.0,1.0,1.0,1.0,1.0,0.99999976,0.99999999999997,0.9945345124062545,0.9331994255903383,0.9859363729567544,0.9890130573694068
124,1,1.0,1.0,1.0,1.0,1.0,1.0,1.0,1.0,0.99999999999997,0.9945287560843454,0.9997811453437497,0.9859363729567544,0.9890130573694068
125,1,1.0,1.0,1.0,1.0,1.0,1.0,1.0,0.99999964,0.9999999999999699,0.9945376989484769,0.9941832740151826,0.9859363729567544,0.9890130573694068
126,1,1.0,1.0,1.0,1.0,1.0,1.0,1.0,1.0,0.99999999999997,0.9945280394127829,0.9999360260415421,0.9859363729567544,0.9890130573694068
127,1,1.0,1.0,1.0,1.0,1.0,1.0,1.0,1.0,0.99999999999997,0.9945211827782299,0.9603330174197002,0.9859363729567544,0.9890130573694068
128,1,1.0,1.0,1.0,1.0,1.0,1.0,1.0,1.0,0.99999999999997,0.9945239376294283,0.9982457461874501,0.9859363729567544,0.9890130573694068
129,1,1.0,0.7666666666666667,1.0,1.0,1.0,1.0,1.0,1.0,0.99999999999997,0.7666697020530613,0.9487468089478669,0.9859363729567544,0.9890130573694068
130,0,1.0,0.0,1.0,1.0,0.0,0.0,1.0,4.050611e-13,0.9751536339730114,0.018030117137278576,0.9999738674658801,0.9859363729567544,0.9890130573694068
131,0,1.0,0.25,1.0,1.0,0.0,0.0,1.0,2.6567138e-13,0.7209455219251765,0.01798526650829464,0.9994991133216428,0.9859363729567544,0.9890130573694068
132,0,1.0,0.65,1.0,1.0,1.0,1.0,1.0,1.3793542e-11,0.4130108756927344,0.017914216228186734,0.8499248324913039,0.9859363729567544,0.9890130573694068
133,0,1.0,0.8666666666666667,1.0,1.0,1.0,1.0,1.0,5.774127e-07,0.2720342792905765,0.018041127887557216,0.7392579426704788,0.9859363729567544,0.9890130573694068
134,0,1.0,0.9166666666666666,1.0,1.0,1.0,1.0,1.0,1.2289132e-09,0.2652935196111981,0.0180264878405827,0.9988158786655417,0.9859363729567544,0.9890130573694068
135,0,1.0,0.8166666666666667,1.0,1.0,1.0,1.0,1.0,3.1021405e-05,0.29598109370503434,0.017955090627960857,0.992244658712494,0.9859363729567544,0.9890130573694068
136,0,1.0,0.75,1.0,1.0,1.0,1.0,1.0,8.0980866e-10,0.31100890911612933,0.0180131961835136,0.9993301334590823,0.9859363729567544,0.9890130573694068
137,0,1.0,0.75,1.0,1.0,1.0,1.0,1.0,6.630535e-15,0.27857724613569634,0.017997008666133373,0.9991791073955166,0.9859363729567544,0.9890130573694068
138,0,1.0,0.75,1.0,1.0,1.0,1.0,1.0,5.268885e-09,0.34210286749142366,0.01799757051959713,0.9982910769361257,0.9859363729567544,0.9890130573694068
139,0,1.0,0.8,1.0,1.0,1.0,1.0,1.0,2.8691318e-13,0.2903041470059337,0.0180344564754145,0.9994399434270754,0.9859363729567544,0.9890130573694068
140,0,1.0,0.75,1.0,1.0,1.0,1.0,1.0,0.00064226025,0.31109439918459236,0.0179854053115519,0.9870152396532511,0.9859363729567544,0.9890130573694068
141,0,1.0,0.7333333333333333,1.0,1.0,1.0,1.0,1.0,9.4489917e-07,0.32481160469455583,0.017978230341709887,0.9963815096452862,0.9859363729567544,0.9890130573694068
142,0,1.0,0.6666666666666666,1.0,1.0,1.0,1.0,1.0,6.5322037e-13,0.36000840957301866,0.01797071412920182,0.9890808243106946,0.9859363729567544,0.9890130573694068
143,0,1.0,0.85,1.0,1.0,1.0,1.0,1.0,1.9147617e-08,0.30116380877429355,0.018055442778110997,0.9973191904244734,0.9859363729567544,0.9890130573694068
144,0,1.0,0.7666666666666667,1.0,1.0,1.0,1.0,1.0,5.0837592e-05,0.31642715094753854,0.017998353354181453,0.9984385426576589,0.9859363729567544,0.9890130573694068
145,0,1.0,0.7833333333333333,1.0,1.0,1.0,1.0,1.0,4.784603e-15,0.27520283332241313,0.017992186733076718,0.9143710327642477,0.9859363729567544,0.9890130573694068
146,0,1.0,0.7333333333333333,1.0,1.0,1.0,1.0,1.0,9.515115e-12,0.34511376173102376,0.018001559850657125,0.9973373582263169,0.9859363729567544,0.9890130573694068
147,0,1.0,0.8,1.0,1.0,1.0,1.0,1.0,0.016915737,0.33307385326811784,0.01800084158054697,0.9758933953255655,0.9859363729567544,0.9890130573694068
148,0,1.0,0.85,1.0,1.0,1.0,1.0,1.0,9.94372e-06,0.2661911074537993,0.018021783050207033,0.998877520952323,0.9859363729567544,0.9890130573694068
149,0,1.0,0.7666666666666667,1.0,1.0,1.0,1.0,1.0,4.5217034e-14,0.31036114966525497,0.018000080498041488,0.997224489022312,0.9859363729567544,0.9890130573694068
150,0,1.0,0.8,1.0,1.0,1.0,1.0,1.0,2.8237964e-11,0.29070351921218224,0.01798299606262505,0.9987014944203892,0.9859363729567544,0.9890130573694068
151,0,1.0,0.7,1.0,1.0,0.0,0.0,1.0,0.16844767,0.3787452186460118,0.018007960398948506,0.9520628237659403,0.9859363729567544,0.9890130573694068
152,0,1.0,0.5666666666666667,1.0,1.0,1.0,1.0,1.0,0.0012759393,0.42578089156402665,0.01799188515890226,0.999319881900865,0.9859363729567544,0.9890130573694068
153,0,1.0,0.7,1.0,1.0,1.0,1.0,1.0,5.5916747e-12,0.3431402730931738,0.017978069137164907,0.9999113816733988,0.9859363729567544,0.9890130573694068
154,0,1.0,0.5833333333333334,1.0,1.0,1.0,1.0,1.0,3.5195757e-12,0.3917134901717755,0.01796991507206427,0.9975957472701144,0.9859363729567544,0.9890130573694068
155,0,1.0,0.8333333333333334,1.0,1.0,1.0,1.0,1.0,1.5368566e-11,0.30185694900634913,0.017950263141135393,0.8699291426676556,0.9859363729567544,0.9890130573694068
156,0,1.0,0.8333333333333334,1.0,1.0,0.0,0.0,1.0,0.37659,0.2812802136622548,0.017996991052632798,0.9988807379930776,0.9859363729567544,0.9890130573694068
157,0,1.0,0.7833333333333333,1.0,1.0,1.0,1.0,1.0,0.0006862862,0.3156831357859499,0.017962541284596442,0.9986341265297964,0.9859363729567544,0.9890130573694068
158,0,1.0,0.75,1.0,1.0,1.0,1.0,1.0,2.5177649e-06,0.29557282783427247,0.017982295520859275,0.9985912499119581,0.9859363729567544,0.9890130573694068
159,0,1.0,0.8333333333333334,1.0,1.0,1.0,1.0,1.0,1.9998965e-09,0.29239342492326353,0.017993145109288417,0.9352307642550253,0.9859363729567544,0.9890130573694068
160,0,1.0,0.7666666666666667,1.0,1.0,1.0,1.0,1.0,9.43027e-12,0.27791092473439677,0.017996810342999974,0.9993141221603339,0.9859363729567544,0.9890130573694068
161,0,1.0,0.7666666666666667,1.0,1.0,1.0,1.0,1.0,0.00013616924,0.26978955311312663,0.01799269838817142,0.9965751714933145,0.9859363729567544,0.9890130573694068
162,0,1.0,0.7833333333333333,1.0,1.0,1.0,1.0,1.0,0.0007418377,0.33280357894557205,0.018015287798496437,0.9979096703880043,0.9859363729567544,0.9890130573694068
163,0,1.0,0.8666666666666667,1.0,1.0,1.0,1.0,1.0,2.9293648e-18,0.2614901067282249,0.018017245949092455,0.668633499333044,0.9859363729567544,0.9890130573694068
164,0,1.0,0.8,1.0,1.0,1.0,1.0,1.0,2.4823036e-08,0.2809348405776285,0.017961113547861996,0.9963290747042799,0.9859363729567544,0.9890130573694068
165,0,0.0,0.7333333333333333,1.0,1.0,0.0,0.0,1.0,0.97912997,0.3073486609540825,0.017935420544611513,0.9998045088193734,0.9859363729567544,0.9890130573694068
166,0,1.0,0.6166666666666667,1.0,1.0,1.0,1.0,1.0,1.2561942e-11,0.40481247001390946,0.017996016718413985,0.9999084199867683,0.9859363729567544,0.9890130573694068
167,0,1.0,0.7833333333333333,1.0,1.0,1.0,1.0,1.0,1.5565705e-09,0.3140492975036958,0.018000828385151775,0.8844975245441904,0.9859363729567544,0.9890130573694068
168,0,1.0,0.8166666666666667,1.0,1.0,1.0,1.0,1.0,4.784352e-13,0.2502118669689314,0.017970928930166292,0.9984631733179636,0.9859363729567544,0.9890130573694068
169,0,1.0,0.7,1.0,1.0,1.0,1.0,1.0,0.0031911237,0.3782546254627387,0.017978051239989808,0.9991284526583184,0.9859363729567544,0.9890130573694068
170,0,1.0,0.7166666666666667,1.0,1.0,1.0,1.0,1.0,0.0006641193,0.33156367551824384,0.017993955913131725,0.9998699378951041,0.9859363729567544,0.9890130573694068
171,0,1.0,0.7166666666666667,1.0,1.0,1.0,1.0,1.0,2.7918673e-05,0.38163566963372436,0.017971746150909674,0.9573858508439491,0.9859363729567544,0.9890130573694068
172,0,1.0,0.7,1.0,1.0,1.0,1.0,1.0,9.515115e-12,0.3381270950204061,0.0179767978827603,0.9973373582263169,0.9859363729567544,0.9890130573694068
173,0,1.0,0.6333333333333333,1.0,1.0,1.0,1.0,1.0,0.00031074145,0.3960330066850649,0.01797850689047672,0.960972043234266,0.9859363729567544,0.9890130573694068
174,0,1.0,0.6666666666666666,1.0,1.0,1.0,1.0,1.0,2.2928418e-07,0.3371896885651339,0.01802300147707043,0.9996198764446078,0.9859363729567544,0.9890130573694068
175,0,1.0,0.7833333333333333,1.0,1.0,1.0,1.0,1.0,4.3170695e-17,0.2861661053492941,0.01798981015254505,0.9995796105850737,0.9859363729567544,0.9890130573694068
176,1,1.0,0.9666666666666667,1.0,1.0,1.0,1.0,1.0,0.9999987,0.9312371440885149,0.8943622463443983,0.9293554773292119,0.9859363729567544,0.9890130573694068
177,1,1.0,1.0,1.0,1.0,1.0,1.0,1.0,1.0,0.99999999999997,0.9917864078990258,0.9171058313760776,0.9859363729567544,0.9890130573694068
178,1,1.0,1.0,1.0,1.0,1.0,1.0,1.0,1.0,0.99999999999997,0.9917563151297609,0.9940818748120316,0.9859363729567544,0.9890130573694068
179,1,1.0,1.0,1.0,1.0,1.0,1.0,1.0,1.0,0.99999999999997,0.9917697300884586,0.998890403927713,0.9859363729567544,0.9890130573694068
180,1,1.0,1.0,1.0,1.0,1.0,1.0,1.0,0.9999869,0.99999999999997,0.991765958890239,0.9747160573614366,0.9859363729567544,0.9890130573694068
181,1,1.0,1.0,1.0,1.0,1.0,1.0,1.0,0.99999976,0.99999999999997,0.991763993388325,0.9929735373418466,0.9859363729567544,0.9890130573694068
182,1,1.0,1.0,1.0,1.0,1.0,1.0,1.0,0.9999981,0.9999999999999695,0.9917598038516423,0.7108218047522769,0.9859363729567544,0.9890130573694068
183,1,1.0,1.0,1.0,1.0,1.0,1.0,1.0,1.0,0.99999999999997,0.991759134087684,0.9989623870422916,0.9859363729567544,0.9890130573694068
184,1,1.0,1.0,1.0,1.0,1.0,1.0,1.0,0.99999475,0.99999999999997,0.9917720466578107,0.9992269546581408,0.9859363729567544,0.9890130573694068
185,1,1.0,1.0,1.0,1.0,1.0,0.0,1.0,0.642584,0.99999999999997,0.9917698611421333,0.9998852817449227,0.9859363729567544,0.9890130573694068
186,1,1.0,1.0,1.0,1.0,1.0,1.0,1.0,1.0,0.99999999999997,0.9917735184576524,0.971166159596237,0.9859363729567544,0.9890130573694068
187,1,1.0,1.0,1.0,1.0,1.0,1.0,1.0,1.0,0.99999999999997,0.9917457479477839,0.9993338303467438,0.9859363729567544,0.9890130573694068
188,1,1.0,1.0,1.0,1.0,1.0,1.0,1.0,0.9999993,0.99999999999997,0.9917589029696414,0.9968474743923036,0.9859363729567544,0.9890130573694068
189,1,1.0,1.0,1.0,1.0,1.0,1.0,1.0,1.0,0.99999999999997,0.9917799814336338,0.9487468089478669,0.9859363729567544,0.9890130573694068
190,1,1.0,1.0,1.0,1.0,1.0,1.0,1.0,1.0,0.99999999999997,0.9917813822251592,0.9980476927783568,0.9859363729567544,0.9890130573694068
191,1,1.0,1.0,1.0,1.0,1.0,1.0,1.0,0.9999976,0.99999999999997,0.991771347374487,0.9997428013212655,0.9859363729567544,0.9890130573694068
192,1,1.0,1.0,1.0,1.0,1.0,1.0,1.0,0.9999999,0.99999999999997,0.9917671491798594,0.9997413079897652,0.9859363729567544,0.9890130573694068
193,1,1.0,1.0,1.0,1.0,1.0,1.0,1.0,0.9909061,0.9999999999999692,0.9917713424119388,0.9989980071378569,0.9859363729567544,0.9890130573694068
194,1,1.0,1.0,1.0,1.0,1.0,1.0,1.0,1.0,0.99999999999997,0.9917532697569097,0.9966008837952709,0.9859363729567544,0.9890130573694068
195,1,1.0,1.0,1.0,1.0,1.0,1.0,1.0,0.9998857,0.9999999999999658,0.9917558401926765,0.9692247077662743,0.9859363729567544,0.9890130573694068
196,1,1.0,1.0,1.0,1.0,1.0,1.0,1.0,0.99999845,0.999999999999969,0.9917495351837344,0.5195717636233617,0.9859363729567544,0.9890130573694068
197,1,1.0,1.0,1.0,1.0,1.0,1.0,1.0,0.9993013,0.9999999999999368,0.9917646919831278,0.9912138629047057,0.9859363729567544,0.9890130573694068
198,1,1.0,1.0,1.0,1.0,1.0,1.0,1.0,1.0,0.9999999999990752,0.9917660767231353,0.9985578647082707,0.9859363729567544,0.9890130573694068
199,1,1.0,1.0,1.0,1.0,1.0,1.0,1.0,1.0,0.9999999999997744,0.99175723246336,0.9984353243348273,0.9859363729567544,0.9890130573694068
200,1,1.0,1.0,1.0,1.0,1.0,1.0,1.0,1.0,0.9999999999998865,0.9917505026592297,0.998599409514803,0.9859363729567544,0.9890130573694068
201,1,1.0,1.0,1.0,1.0,1.0,1.0,1.0,1.0,0.9999999999992263,0.9917839493807523,0.9968664517822112,0.9859363729567544,0.9890130573694068
202,1,1.0,1.0,1.0,1.0,1.0,1.0,1.0,1.0,0.999999999999016,0.991793760680993,0.9987920602955351,0.9859363729567544,0.9890130573694068
203,1,1.0,1.0,1.0,1.0,1.0,1.0,1.0,1.0,0.9999999999990323,0.9917733951220051,0.9909717609961073,0.9859363729567544,0.9890130573694068
204,1,1.0,1.0,1.0,1.0,1.0,1.0,1.0,0.94998187,0.9999999999973876,0.99174818517696,0.9776177002934631,0.9859363729567544,0.9890130573694068
205,1,1.0,1.0,1.0,1.0,1.0,1.0,1.0,1.0,0.9999999999984318,0.9917599173904795,0.9830470668189278,0.9859363729567544,0.9890130573694068
206,1,1.0,1.0,1.0,1.0,1.0,1.0,1.0,1.0,0.9999999999913071,0.9917619779047597,0.9297516384348616,0.9859363729567544,0.9890130573694068
207,1,1.0,1.0,1.0,1.0,1.0,1.0,1.0,1.0,0.9999999999996726,0.9917635427946518,0.5901043565318504,0.9859363729567544,0.9890130573694068
208,1,1.0,1.0,1.0,1.0,1.0,1.0,1.0,1.0,0.9999999999980791,0.9917639049190198,0.9553544289531872,0.9859363729567544,0.9890130573694068
209,1,1.0,1.0,1.0,1.0,1.0,1.0,1.0,1.0,0.9999999999993947,0.9918010247819992,0.9993075318279533,0.9859363729567544,0.9890130573694068
210,1,1.0,1.0,1.0,1.0,1.0,1.0,1.0,1.0,0.9999999999999655,0.9917748079918406,0.997173786055667,0.9859363729567544,0.9890130573694068
211,1,1.0,0.9833333333333333,1.0,1.0,1.0,1.0,1.0,0.85659516,0.9724003390146618,0.9430960105466359,0.9817572460242391,0.9859363729567544,0.9890130573694068
212,0,1.0,0.7166666666666667,1.0,1.0,1.0,1.0,1.0,7.163513e-10,0.37617940943335454,0.01798061982600375,0.9985609462823445,0.9859363729567544,0.9890130573694068
213,0,1.0,0.8,1.0,1.0,1.0,1.0,1.0,0.0055280486,0.26857240809939664,0.01798880481456887,0.9982297915357343,0.9859363729567544,0.9890130573694068
214,0,1.0,0.7166666666666667,1.0,1.0,1.0,1.0,1.0,8.560347e-11,0.3256999478966465,0.017956313692199067,0.9999322350094166,0.9859363729567544,0.9890130573694068
215,0,1.0,0.7833333333333333,1.0,1.0,1.0,1.0,1.0,7.42085e-11,0.26580337091001116,0.017997522899836617,0.9958929584115345,0.9859363729567544,0.9890130573694068
216,0,1.0,0.85,1.0,1.0,1.0,1.0,1.0,1.0258411e-07,0.2712197734061964,0.01800045307786246,0.9970533000786896,0.9859363729567544,0.9890130573694068
217,0,1.0,0.7166666666666667,1.0,1.0,1.0,1.0,1.0,0.0009367843,0.34717729441307477,0.0179683195467795,0.9986765102495536,0.9859363729567544,0.9890130573694068
218,0,1.0,0.8166666666666667,1.0,1.0,1.0,1.0,1.0,1.1276287e-08,0.2994334643116682,0.018011089065165218,0.9932938432728678,0.9859363729567544,0.9890130573694068
219,0,1.0,0.8333333333333334,1.0,1.0,1.0,1.0,1.0,5.0837592e-05,0.23015636412916063,0.017967705127920293,0.9984385426576589,0.9859363729567544,0.9890130573694068
220,0,1.0,0.7833333333333333,1.0,1.0,1.0,1.0,1.0,3.569089e-11,0.32738439385504037,0.017990294564196638,0.9976438190080371,0.9859363729567544,0.9890130573694068
221,0,1.0,0.7166666666666667,1.0,1.0,1.0,1.0,1.0,1.8047841e-11,0.3319368979336851,0.018016409421397452,0.9970289773666676,0.9859363729567544,0.9890130573694068
222,0,1.0,0.75,1.0,1.0,1.0,1.0,1.0,3.268695e-08,0.29224134667161816,0.017976621011179077,0.9522030438304865,0.9859363729567544,0.9890130573694068
223,0,1.0,0.75,1.0,1.0,1.0,1.0,1.0,1.2416042e-05,0.30350739802580406,0.018038769099216444,0.9950772644993215,0.9859363729567544,0.9890130573694068
224,0,1.0,0.7333333333333333,1.0,1.0,1.0,1.0,1.0,1.2128203e-07,0.33968204668115926,0.017971088214092892,0.9938498234649357,0.9859363729567544,0.9890130573694068
225,0,1.0,0.8666666666666667,1.0,1.0,1.0,1.0,1.0,6.601669e-13,0.24869331552569085,0.017951254881102455,0.8920083556219052,0.9859363729567544,0.9890130573694068
226,0,1.0,0.7833333333333333,1.0,1.0,1.0,1.0,1.0,5.93047e-08,0.2900874948863714,0.01798717987432502,0.9969522150498246,0.9859363729567544,0.9890130573694068
227,0,1.0,0.7833333333333333,1.0,1.0,1.0,1.0,1.0,1.34702715e-17,0.2882345000015368,0.01797688970213445,0.9988362638804057,0.9859363729567544,0.9890130573694068
228,0,1.0,0.9166666666666666,1.0,1.0,1.0,1.0,1.0,8.972034e-12,0.2261752712952957,0.01798194509363734,0.9884362380431572,0.9859363729567544,0.9890130573694068
229,0,1.0,0.75,1.0,1.0,1.0,1.0,1.0,1.8834342e-11,0.3074794425903616,0.017973084786605763,0.9996635211255064,0.9859363729567544,0.9890130573694068
230,0,1.0,0.75,1.0,1.0,1.0,1.0,1.0,1.0862976e-07,0.3214699800948195,0.018026762802572906,0.9935181734954961,0.9859363729567544,0.9890130573694068
231,0,1.0,0.8166666666666667,1.0,1.0,1.0,1.0,1.0,1.0851504e-11,0.2597775307995164,0.01799397823249371,0.9992147424472545,0.9859363729567544,0.9890130573694068
232,0,1.0,0.8,1.0,1.0,1.0,1.0,1.0,2.108006e-12,0.294523668609645,0.01796065326908537,0.9983889404453765,0.9859363729567544,0.9890130573694068
233,0,1.0,0.85,1.0,1.0,1.0,1.0,1.0,1.0165376e-13,0.28420009708270777,0.017990377994049754,0.9995516438075235,0.9859363729567544,0.9890130573694068
234,1,1.0,0.8166666666666667,1.0,1.0,0.0,0.0,1.0,1.0,0.7112535521458659,0.49807686062202505,0.9171058313760776,0.9859363729567544,0.9890130573694068
235,1,1.0,1.0,1.0,1.0,1.0,1.0,1.0,0.9999999,0.9999999999892236,0.978076228894199,0.9084862890809267,0.9859363729567544,0.9890130573694068
236,1,1.0,1.0,1.0,1.0,1.0,1.0,1.0,1.0,0.9999999999823217,0.9780784804183003,0.9994834206802832,0.9859363729567544,0.9890130573694068
237,1,1.0,1.0,1.0,1.0,1.0,1.0,1.0,0.99991333,0.9999999999994112,0.9781308578119142,0.8393939255839389,0.9859363729567544,0.9890130573694068
238,1,1.0,1.0,1.0,1.0,1.0,1.0,1.0,1.0,0.9999999999999543,0.9780948932028604,0.9991079571042251,0.9859363729567544,0.9890130573694068
239,1,1.0,1.0,1.0,1.0,1.0,1.0,1.0,1.0,0.999999999999866,0.9781144501848065,0.9984813614304807,0.9859363729567544,0.9890130573694068
240,1,1.0,1.0,1.0,1.0,1.0,1.0,1.0,0.9999999,0.9999999999997194,0.9781858816129341,0.9914744526171666,0.9859363729567544,0.9890130573694068
241,1,1.0,1.0,1.0,1.0,1.0,1.0,1.0,0.9999602,0.999999999999914,0.9781940222102464,0.9960379116227772,0.9859363729567544,0.9890130573694068
242,1,1.0,1.0,1.0,1.0,1.0,1.0,1.0,0.99999964,0.9999999999997932,0.9780937457953679,0.9755829287641155,0.9859363729567544,0.9890130573694068
243,1,1.0,1.0,1.0,1.0,1.0,1.0,1.0,1.0,0.9999999999996434,0.9781710008887744,0.9982457461874501,0.9859363729567544,0.9890130573694068
244,1,1.0,1.0,1.0,1.0,1.0,1.0,1.0,1.0,0.9999999999999616,0.9781669476913345,0.9345542719332387,0.9859363729567544,0.9890130573694068
245,1,1.0,1.0,1.0,1.0,1.0,1.0,1.0,0.99999106,0.99999999999997,0.9781485516802773,0.9989421512251961,0.9859363729567544,0.9890130573694068
246,1,1.0,1.0,1.0,1.0,1.0,1.0,1.0,1.0,0.9999999999999182,0.9781411996273339,0.5466134916662526,0.9859363729567544,0.9890130573694068
247,1,1.0,1.0,1.0,1.0,1.0,1.0,1.0,1.0,0.9999999999999247,0.9780963500055823,0.9947851984725514,0.9859363729567544,0.9890130573694068
248,1,1.0,1.0,1.0,1.0,1.0,1.0,1.0,1.0,0.9999999999999051,0.9781278200945331,0.9618600256194876,0.9859363729567544,0.9890130573694068
249,1,1.0,1.0,1.0,1.0,1.0,1.0,1.0,1.0,0.9999999999997734,0.978109214887066,0.9989937828018298,0.9859363729567544,0.9890130573694068
250,1,1.0,1.0,1.0,1.0,1.0,1.0,1.0,0.95389265,0.9999999999995041,0.9781497016868796,0.9511334193575761,0.9859363729567544,0.9890130573694068
251,1,1.0,1.0,1.0,1.0,1.0,1.0,1.0,1.0,0.99999999999824,0.9780750877567743,0.9944290580531371,0.9859363729567544,0.9890130573694068
252,1,1.0,1.0,1.0,1.0,1.0,1.0,1.0,0.9999902,0.9999999999921577,0.9781314065707586,0.9578681363204652,0.9859363729567544,0.9890130573694068
253,1,1.0,1.0,1.0,1.0,1.0,1.0,1.0,1.0,0.9999999999841094,0.978119720636153,0.999194102436068,0.9859363729567544,0.9890130573694068
254,1,1.0,1.0,1.0,1.0,1.0,1.0,1.0,1.0,0.9999999999993548,0.9780904916656231,0.9997253622412869,0.9859363729567544,0.9890130573694068
255,1,1.0,1.0,1.0,1.0,1.0,1.0,1.0,0.99454486,0.9999999999960691,0.9781545171335361,0.9997480724521922,0.9859363729567544,0.9890130573694068
256,1,1.0,1.0,1.0,1.0,1.0,1.0,1.0,1.0,0.999999999999693,0.9781576894943396,0.9679310901720676,0.9859363729567544,0.9890130573694068
257,1,1.0,1.0,1.0,1.0,1.0,1.0,1.0,1.0,0.9999999999996484,0.9781894912414391,0.9953335183259194,0.9859363729567544,0.9890130573694068
258,1,1.0,1.0,1.0,1.0,1.0,1.0,1.0,0.9996414,0.999999999999943,0.9781680427351856,0.9920386398102135,0.9859363729567544,0.9890130573694068
259,1,1.0,1.0,1.0,1.0,1.0,1.0,1.0,0.9998722,0.9999999999990743,0.9780492086460695,0.8600751005582272,0.9859363729567544,0.9890130573694068
260,1,1.0,1.0,1.0,1.0,1.0,1.0,1.0,1.0,0.9999999999997363,0.9780995579013306,0.9994834206802832,0.9859363729567544,0.9890130573694068
261,1,1.0,1.0,1.0,1.0,1.0,1.0,1.0,1.0,0.9999999999999393,0.9781446620455443,0.9297786559752929,0.9859363729567544,0.9890130573694068
262,1,1.0,1.0,1.0,1.0,1.0,1.0,1.0,1.0,0.9999999999999699,0.9781369611505271,0.997978840729392,0.9859363729567544,0.9890130573694068
263,1,1.0,1.0,1.0,1.0,1.0,1.0,1.0,1.0,0.99999999999997,0.9781133212999255,0.9257418455663027,0.9859363729567544,0.9890130573694068
264,1,1.0,1.0,1.0,1.0,1.0,1.0,1.0,1.0,0.99999999999997,0.9781466849610942,0.7966613487241977,0.9859363729567544,0.9890130573694068
265,1,1.0,1.0,1.0,1.0,1.0,1.0,1.0,1.0,0.99999999999997,0.9781638921423788,0.9982457461874501,0.9859363729567544,0.9890130573694068
266,1,1.0,1.0,1.0,1.0,1.0,1.0,1.0,1.0,0.9999999999999695,0.9780620325050655,0.9993035162362859,0.9859363729567544,0.9890130573694068
267,1,1.0,1.0,1.0,1.0,1.0,1.0,1.0,1.0,0.99999999999997,0.9781422282996745,0.9985337371222517,0.9859363729567544,0.9890130573694068
268,1,1.0,1.0,1.0,1.0,1.0,1.0,1.0,0.99955505,0.99999999999997,0.9781298561588883,0.9942653234546648,0.9859363729567544,0.9890130573694068
269,1,1.0,1.0,1.0,1.0,1.0,1.0,1.0,1.0,0.99999999999997,0.9781051151537568,0.984560492979323,0.9859363729567544,0.9890130573694068
270,1,1.0,1.0,1.0,1.0,1.0,1.0,1.0,0.9999969,0.99999999999997,0.9781619097831556,0.9978105983588726,0.9859363729567544,0.9890130573694068
271,1,1.0,1.0,1.0,1.0,1.0,1.0,1.0,1.0,0.99999999999997,0.9781701271256024,0.9846660731489878,0.9859363729567544,0.9890130573694068
272,1,1.0,1.0,1.0,1.0,1.0,1.0,1.0,1.0,0.99999999999997,0.9781040905095558,0.9826271149828205,0.9859363729567544,0.9890130573694068
273,1,1.0,1.0,1.0,1.0,1.0,1.0,1.0,1.0,0.99999999999997,0.978109338172073,0.9906978050092029,0.9859363729567544,0.9890130573694068
274,1,1.0,1.0,1.0,1.0,1.0,1.0,1.0,1.0,0.99999999999997,0.9781293548911993,0.9458641055920962,0.9859363729567544,0.9890130573694068
275,1,1.0,1.0,1.0,1.0,1.0,1.0,1.0,1.0,0.99999999999997,0.9780638984285015,0.9905723158815847,0.9859363729567544,0.9890130573694068
276,1,1.0,1.0,1.0,1.0,1.0,1.0,1.0,1.0,0.99999999999997,0.9781541121043695,0.9969542583411319,0.9859363729567544,0.9890130573694068
277,1,1.0,1.0,1.0,1.0,1.0,1.0,1.0,1.0,0.999999999999906,0.9780735236770185,0.9992979134407941,0.9859363729567544,0.9890130573694068
278,1,1.0,1.0,1.0,1.0,1.0,1.0,1.0,1.0,0.99999999999997,0.9782002960483217,0.9995567552873014,0.9859363729567544,0.9890130573694068
279,1,1.0,1.0,1.0,1.0,1.0,1.0,1.0,1.0,0.99999999999997,0.9780862163253892,0.9981883038982182,0.9859363729567544,0.9890130573694068
280,1,1.0,1.0,1.0,1.0,1.0,1.0,1.0,0.99999106,0.99999999999997,0.9781682888014009,0.9989421512251961,0.9859363729567544,0.9890130573694068
281,1,1.0,1.0,1.0,1.0,1.0,1.0,1.0,0.80314577,0.99999999999997,0.9780859602234817,0.999449674780253,0.9859363729567544,0.9890130573694068
282,1,1.0,1.0,1.0,1.0,1.0,1.0,1.0,0.9999999,0.99999999999997,0.9781111980508367,0.966659758110352,0.9859363729567544,0.9890130573694068
283,1,1.0,1.0,1.0,1.0,1.0,1.0,1.0,1.0,0.99999999999997,0.9781554408302602,0.9994110274828056,0.9859363729567544,0.9890130573694068
284,1,1.0,1.0,1.0,1.0,1.0,1.0,1.0,0.9999999,0.99999999999997,0.978106867556736,0.852413884025049,0.9859363729567544,0.9890130573694068
285,1,1.0,1.0,1.0,1.0,1.0,1.0,1.0,1.0,0.99999999999997,0.9780962405054158,0.998599409514803,0.9859363729567544,0.9890130573694068
286,1,1.0,1.0,1.0,1.0,1.0,1.0,1.0,0.99992836,0.99999999999997,0.9780943697502447,0.9898997206910567,0.9859363729567544,0.9890130573694068
287,1,1.0,1.0,1.0,1.0,1.0,1.0,1.0,0.9999999,0.99999999999997,0.9781260836063218,0.9957479829237773,0.9859363729567544,0.9890130573694068
288,1,1.0,0.8666666666666667,1.0,1.0,1.0,1.0,1.0,0.9766892,0.9738198153125436,0.8500903317502753,0.6465686622001037,0.9859363729567544,0.9890130573694068
289,0,1.0,0.6,1.0,1.0,1.0,1.0,1.0,2.4379879e-05,0.44127415122291597,0.017951551595248617,0.863349830276401,0.9859363729567544,0.9890130573694068
290,0,1.0,0.7666666666666667,1.0,1.0,1.0,1.0,1.0,1.0258411e-07,0.30600075566264506,0.017961884632567496,0.9970533000786896,0.9859363729567544,0.9890130573694068
291,0,1.0,0.8,1.0,1.0,1.0,1.0,1.0,2.4301016e-06,0.29478829559321085,0.018036359218288722,0.9961463599465963,0.9859363729567544,0.9890130573694068
292,0,1.0,0.8,1.0,1.0,1.0,1.0,1.0,1.3295123e-09,0.28096441409933276,0.01802057349454377,0.9985441466156771,0.9859363729567544,0.9890130573694068
293,0,1.0,0.8833333333333333,1.0,1.0,1.0,1.0,1.0,4.8821308e-17,0.23395088358367036,0.01800818647112417,0.9593399269717451,0.9859363729567544,0.9890130573694068
294,0,1.0,0.85,1.0,1.0,1.0,1.0,1.0,1.1035179e-07,0.257526306997721,0.017968487799031835,0.9969731339330915,0.9859363729567544,0.9890130573694068
295,0,1.0,0.7,1.0,1.0,1.0,1.0,1.0,2.8999166e-05,0.31106785287982214,0.017994452839074925,0.9920490995502376,0.9859363729567544,0.9890130573694068
296,0,1.0,0.85,1.0,1.0,1.0,1.0,1.0,7.380884e-08,0.2880663959280876,0.017996512329022815,0.9886473111650002,0.9859363729567544,0.9890130573694068
297,0,1.0,0.75,1.0,1.0,1.0,1.0,1.0,4.8255037e-12,0.31067959216854685,0.017999543539435822,0.9318476742126298,0.9859363729567544,0.9890130573694068
298,0,1.0,0.7166666666666667,1.0,1.0,1.0,1.0,1.0,1.0543424e-08,0.33273204467119327,0.017970467334909965,0.9949934226251576,0.9859363729567544,0.9890130573694068
299,0,1.0,0.8166666666666667,1.0,1.0,1.0,1.0,1.0,5.5378496e-05,0.2549686819262841,0.017950331737526023,0.9976376667735086,0.9859363729567544,0.9890130573694068
300,0,1.0,0.8333333333333334,1.0,1.0,1.0,1.0,1.0,3.0679123e-17,0.2788686394390123,0.01800587973614702,0.9919398476932637,0.9859363729567544,0.9890130573694068
301,0,1.0,0.7833333333333333,1.0,1.0,1.0,1.0,1.0,4.0856668e-07,0.30588715941947314,0.018017627894693064,0.9928535386723693,0.9859363729567544,0.9890130573694068
302,0,1.0,0.7833333333333333,1.0,1.0,1.0,1.0,1.0,0.00013813167,0.3047367917842572,0.01803733905345145,0.9974326733342453,0.9859363729567544,0.9890130573694068
303,0,1.0,0.8333333333333334,1.0,1.0,1.0,1.0,1.0,1.4307537e-05,0.27526956534754304,0.017970900175264058,0.9987111929265794,0.9859363729567544,0.9890130573694068
304,0,1.0,0.8333333333333334,1.0,1.0,1.0,1.0,1.0,6.227813e-15,0.2753659081394752,0.01796944336311679,0.9133346829817629,0.9859363729567544,0.9890130573694068
305,0,1.0,0.75,1.0,1.0,0.0,0.0,1.0,0.42593375,0.32570835288979255,0.017976893746488434,0.9931210314821951,0.9859363729567544,0.9890130573694068
306,0,1.0,0.8333333333333334,1.0,1.0,1.0,1.0,1.0,8.909496e-13,0.2738918984970855,0.017970660995261362,0.981252978949953,0.9859363729567544,0.9890130573694068
307,0,1.0,0.8833333333333333,1.0,1.0,1.0,1.0,1.0,4.085231e-13,0.26286135672981803,0.018018045777931466,0.9999223932578034,0.9859363729567544,0.9890130573694068
308,0,1.0,0.7,1.0,1.0,1.0,1.0,1.0,4.2328e-06,0.3878409068396001,0.0179838170165462,0.9984334133844369,0.9859363729567544,0.9890130573694068
309,0,1.0,0.8333333333333334,1.0,1.0,1.0,1.0,1.0,1.0513475e-13,0.27388013162591773,0.018005308442410852,0.9994640128271319,0.9859363729567544,0.9890130573694068
310,0,1.0,0.8,1.0,1.0,1.0,1.0,1.0,5.383976e-09,0.32482047513670687,0.017968653188284427,0.9993759658298081,0.9859363729567544,0.9890130573694068
311,0,1.0,0.7666666666666667,1.0,1.0,1.0,1.0,1.0,1.9670467e-06,0.2997508151653471,0.017987220180312156,0.9759356123180939,0.9859363729567544,0.9890130573694068
312,0,1.0,0.75,1.0,1.0,1.0,1.0,1.0,9.888502e-06,0.2993188024388542,0.017980973749539365,0.9973507258790368,0.9859363729567544,0.9890130573694068
313,0,1.0,0.85,1.0,1.0,1.0,1.0,1.0,3.831189e-05,0.25945189400242963,0.01795338435626064,0.9990041158210491,0.9859363729567544,0.9890130573694068
314,0,1.0,0.8333333333333334,1.0,1.0,1.0,1.0,1.0,3.068946e-11,0.2744696102997427,0.01798850455954576,0.9967164665155642,0.9859363729567544,0.9890130573694068
315,0,1.0,0.7833333333333333,1.0,1.0,1.0,1.0,1.0,1.4317875e-10,0.2813850529668906,0.017989331238789825,0.9971805814612413,0.9859363729567544,0.9890130573694068
316,0,1.0,0.7666666666666667,1.0,1.0,1.0,1.0,1.0,3.1965326e-09,0.332270112915077,0.018000684491952326,0.9973941917935559,0.9859363729567544,0.9890130573694068
317,0,1.0,0.7833333333333333,1.0,1.0,1.0,1.0,1.0,0.01272344,0.26894451595178265,0.01795948869515732,0.9967243756540695,0.9859363729567544,0.9890130573694068
318,0,1.0,0.8666666666666667,1.0,1.0,0.0,0.0,1.0,0.0001164528,0.450315483679359,0.26031311867376855,0.9948489871503855,0.9859363729567544,0.9890130573694068
319,1,1.0,1.0,1.0,1.0,1.0,1.0,1.0,0.923362,0.99999999999997,0.9873768506327666,0.9826494727234164,0.9859363729567544,0.9890130573694068
320,1,1.0,1.0,1.0,1.0,1.0,1.0,1.0,0.99999917,0.99999999999997,0.9873620970275194,0.9102417861427361,0.9859363729567544,0.9890130573694068
321,1,0.0,1.0,1.0,1.0,0.0,0.0,1.0,0.2371935,0.99999999999997,0.9872925914119548,0.7946938322306907,0.9859363729567544,0.9890130573694068
322,1,1.0,1.0,1.0,1.0,1.0,1.0,1.0,1.0,0.99999999999997,0.9873149865526808,0.9982457461874501,0.9859363729567544,0.9890130573694068
323,1,1.0,1.0,1.0,1.0,1.0,1.0,1.0,0.9999999,0.99999999999997,0.9873128100104933,0.9826766124646865,0.9859363729567544,0.9890130573694068
324,1,1.0,1.0,1.0,1.0,1.0,1.0,1.0,1.0,0.99999999999997,0.9873285353082436,0.9992963958303197,0.9859363729567544,0.9890130573694068
325,1,1.0,1.0,1.0,1.0,1.0,1.0,1.0,1.0,0.99999999999997,0.9873128759468777,0.872706173862437,0.9859363729567544,0.9890130573694068
326,1,1.0,1.0,1.0,1.0,1.0,1.0,1.0,1.0,0.99999999999997,0.9873461874335229,0.9975318705174454,0.9859363729567544,0.9890130573694068
327,0,1.0,0.5666666666666667,1.0,1.0,0.0,0.0,1.0,6.289429e-09,0.8835905715599157,0.47035578420815444,0.9792063134488156,0.9859363729567544,0.9890130573694068
328,1,1.0,0.9666666666666667,1.0,1.0,1.0,1.0,1.0,1.0,0.9571097257109991,0.8880768422527624,0.9905723158815847,0.9859363729567544,0.9890130573694068
329,1,1.0,1.0,1.0,1.0,1.0,1.0,1.0,1.0,0.9999999999990543,0.9672041711107972,0.9954269587635926,0.9859363729567544,0.9890130573694068
330,1,1.0,1.0,1.0,1.0,1.0,1.0,1.0,0.9999349,0.9999999999999647,0.9672378495369204,0.9934926994305548,0.9859363729567544,0.9890130573694068
331,1,1.0,1.0,1.0,1.0,1.0,1.0,1.0,1.0,0.9999999999999548,0.9673298816513607,0.9216035218540595,0.9859363729567544,0.9890130573694068
332,1,1.0,1.0,1.0,1.0,1.0,1.0,1.0,1.0,0.9999999999999438,0.9673275754415154,0.9840058403226386,0.9859363729567544,0.9890130573694068
333,1,1.0,1.0,1.0,1.0,1.0,1.0,1.0,1.0,0.9999999999999394,0.9673103472454598,0.9989735944255377,0.9859363729567544,0.9890130573694068
334,1,1.0,1.0,1.0,1.0,1.0,1.0,1.0,0.9999999,0.99999999999997,0.9672619899464318,0.7471575579130543,0.9859363729567544,0.9890130573694068
335,1,1.0,1.0,1.0,1.0,1.0,1.0,1.0,0.9999869,0.99999999999997,0.9672933627110996,0.9747160573614366,0.9859363729567544,0.9890130573694068
336,1,1.0,1.0,1.0,1.0,1.0,1.0,1.0,0.9999727,0.99999999999997,0.9672639916230635,0.990371339829106,0.9859363729567544,0.9890130573694068
337,1,1.0,1.0,1.0,1.0,1.0,1.0,1.0,0.9999349,0.9999999999999643,0.9672132739161828,0.9934926994305548,0.9859363729567544,0.9890130573694068
338,1,1.0,1.0,1.0,1.0,1.0,1.0,1.0,0.9993352,0.9999999999999348,0.96725872473648,0.9748739174979452,0.9859363729567544,0.9890130573694068
339,1,1.0,1.0,1.0,1.0,1.0,1.0,1.0,0.9999988,0.99999999999997,0.9672515639178474,0.9541924479326098,0.9859363729567544,0.9890130573694068
340,1,1.0,1.0,1.0,1.0,1.0,1.0,1.0,0.9997571,0.9999999999999623,0.9672856229192106,0.9276566667466671,0.9859363729567544,0.9890130573694068
341,1,1.0,1.0,1.0,1.0,1.0,1.0,1.0,0.99999976,0.999999999999969,0.9672590408696726,0.9998133235196397,0.9859363729567544,0.9890130573694068
342,1,1.0,1.0,1.0,1.0,1.0,1.0,1.0,1.0,0.999999999999969,0.9672603075378354,0.981556432567986,0.9859363729567544,0.9890130573694068
343,1,1.0,1.0,1.0,1.0,1.0,1.0,1.0,1.0,0.9999999999999406,0.9671995440794786,0.9288603225091662,0.9859363729567544,0.9890130573694068
344,1,1.0,1.0,1.0,1.0,1.0,1.0,1.0,0.999998,0.9999999999994998,0.9672370261400729,0.9827241642341763,0.9859363729567544,0.9890130573694068
345,0,1.0,0.43333333333333335,1.0,1.0,0.0,0.0,1.0,0.0010618677,0.6038738252221738,0.09707647512443486,0.9969770061105049,0.9859363729567544,0.9890130573694068
346,0,1.0,0.7833333333333333,1.0,1.0,1.0,1.0,1.0,3.855725e-09,0.3134174468389404,0.017940521543568455,0.9903104314858254,0.9859363729567544,0.9890130573694068
347,0,1.0,0.8,1.0,1.0,1.0,1.0,1.0,4.9658223e-07,0.2808662426787763,0.017972805522327804,0.9977733990204705,0.9859363729567544,0.9890130573694068
348,0,1.0,0.9,1.0,1.0,1.0,1.0,1.0,2.0944259e-10,0.23286045461092114,0.017994281893897134,0.8332067976139917,0.9859363729567544,0.9890130573694068
349,0,1.0,0.7833333333333333,1.0,1.0,1.0,1.0,1.0,3.3853186e-07,0.28710689964919234,0.018025056560443675,0.9966218172355377,0.9859363729567544,0.9890130573694068
350,0,1.0,0.7666666666666667,1.0,1.0,1.0,1.0,1.0,2.3548158e-07,0.3097873805064442,0.017979177359155704,0.9978165990734699,0.9859363729567544,0.9890130573694068
351,0,1.0,0.8166666666666667,1.0,1.0,1.0,1.0,1.0,3.196685e-09,0.2634213338910554,0.01800316378001807,0.9270813694195108,0.9859363729567544,0.9890130573694068
352,0,1.0,0.8666666666666667,1.0,1.0,1.0,1.0,1.0,1.1097868e-15,0.2563486592968234,0.017937667232749813,0.9996586649502539,0.9859363729567544,0.9890130573694068
353,0,1.0,0.8166666666666667,1.0,1.0,1.0,1.0,1.0,1.4687729e-09,0.30710648292353493,0.017985130082719507,0.9969881377123424,0.9859363729567544,0.9890130573694068
354,0,1.0,0.8,1.0,1.0,1.0,1.0,1.0,3.085406e-13,0.2707974673053471,0.017996268923890443,0.9989911372246688,0.9859363729567544,0.9890130573694068
355,0,1.0,0.75,1.0,1.0,1.0,1.0,1.0,3.5195757e-12,0.30919357593487223,0.01800570555633046,0.9975957472701144,0.9859363729567544,0.9890130573694068
356,0,1.0,0.7666666666666667,1.0,1.0,1.0,1.0,1.0,3.138573e-07,0.2831540466143684,0.018011437048141836,0.9937130408880853,0.9859363729567544,0.9890130573694068
357,0,1.0,0.7833333333333333,1.0,1.0,1.0,1.0,1.0,2.9151191e-05,0.29498115286694054,0.018013356248920847,0.9990708838449314,0.9859363729567544,0.9890130573694068
358,0,1.0,0.8666666666666667,1.0,1.0,1.0,1.0,1.0,0.00033703377,0.24507364737061169,0.01793606923048583,0.9905013243873065,0.9859363729567544,0.9890130573694068
359,0,1.0,0.7333333333333333,1.0,1.0,1.0,1.0,1.0,4.0963247e-10,0.3138138742250927,0.0179668422482217,0.8684726600743855,0.9859363729567544,0.9890130573694068
360,0,1.0,0.8333333333333334,1.0,1.0,0.0,0.0,1.0,0.24527542,0.2698210729420972,0.017975744500261015,0.9979863748500524,0.9859363729567544,0.9890130573694068
361,0,1.0,0.8166666666666667,1.0,1.0,1.0,1.0,1.0,0.09122608,0.30403021001974095,0.017955074379487967,0.9924404130970857,0.9859363729567544,0.9890130573694068
362,0,1.0,0.8,1.0,1.0,1.0,1.0,1.0,0.00047547824,0.2998196706949135,0.017964941277672276,0.9977339102976552,0.9859363729567544,0.9890130573694068
363,0,1.0,0.85,1.0,1.0,1.0,1.0,1.0,2.3204262e-08,0.2666847861436226,0.01798516659487349,0.9978039400938223,0.9859363729567544,0.9890130573694068
364,0,1.0,0.8166666666666667,1.0,1.0,1.0,1.0,1.0,4.6237356e-10,0.2501132917124854,0.018003855118822347,0.9935331540937254,0.9859363729567544,0.9890130573694068
365,0,1.0,0.7,1.0,1.0,1.0,1.0,1.0,0.00011751432,0.3367605259675311,0.018026973123133044,0.998012803103385,0.9859363729567544,0.9890130573694068
366,0,1.0,0.8333333333333334,1.0,1.0,1.0,1.0,1.0,0.001928028,0.24641092875695783,0.017954979763897014,0.9975986946513583,0.9859363729567544,0.9890130573694068
367,0,1.0,0.75,1.0,1.0,1.0,1.0,1.0,0.032937296,0.3235644680667082,0.017997736984501425,0.9998526839536236,0.9859363729567544,0.9890130573694068
368,0,1.0,0.8333333333333334,1.0,1.0,1.0,1.0,1.0,8.8561434e-13,0.2688981436144088,0.017991413794061214,0.9999781112706614,0.9859363729567544,0.9890130573694068
369,0,1.0,0.85,1.0,1.0,1.0,1.0,1.0,1.9807396e-14,0.27162848709328646,0.018011639532182065,0.9994087147492192,0.9859363729567544,0.9890130573694068
370,0,1.0,0.75,1.0,1.0,1.0,1.0,1.0,0.096913636,0.3080497949362479,0.01799302769312116,0.989894714351425,0.9859363729567544,0.9890130573694068
371,0,1.0,0.8166666666666667,1.0,1.0,1.0,1.0,1.0,1.2570186e-07,0.3067200516881599,0.01794850726211681,0.9996466658028242,0.9859363729567544,0.9890130573694068
372,0,1.0,0.7333333333333333,1.0,1.0,1.0,1.0,1.0,5.525025e-11,0.36883711927886537,0.017977905015353266,0.9989143395729794,0.9859363729567544,0.9890130573694068
373,0,1.0,0.85,1.0,1.0,1.0,1.0,1.0,9.944789e-11,0.23457499441484114,0.01793928621680318,0.9992058975510171,0.9859363729567544,0.9890130573694068
374,0,1.0,0.8,1.0,1.0,1.0,1.0,1.0,7.284352e-09,0.2666679990310269,0.01799934930930432,0.9987508395018768,0.9859363729567544,0.9890130573694068
375,0,1.0,0.85,1.0,1.0,1.0,1.0,1.0,4.6428923e-11,0.29337801944176933,0.017938466095932748,0.9991303797955724,0.9859363729567544,0.9890130573694068
376,0,1.0,0.7166666666666667,1.0,1.0,0.0,0.0,1.0,0.37659,0.3239773055028347,0.018016280219989547,0.9988807379930776,0.9859363729567544,0.9890130573694068
377,0,1.0,0.7666666666666667,1.0,1.0,1.0,1.0,1.0,2.901998e-22,0.3170100888785331,0.017967104986122678,0.9999812808719262,0.9859363729567544,0.9890130573694068
378,0,1.0,0.7666666666666667,1.0,1.0,1.0,1.0,1.0,5.4661296e-14,0.3156817687651233,0.018043145802728876,0.9988443618380373,0.9859363729567544,0.9890130573694068
379,0,1.0,0.65,1.0,1.0,1.0,1.0,1.0,4.3558226e-05,0.3853318458222789,0.01795924006162997,0.9982774650137634,0.9859363729567544,0.9890130573694068
380,1,1.0,0.8666666666666667,1.0,1.0,0.0,1.0,1.0,0.99999964,0.7741817018732398,0.634506624770491,0.9496261891118785,0.9859363729567544,0.9890130573694068
381,1,1.0,1.0,1.0,1.0,1.0,1.0,1.0,1.0,0.999999999999968,0.9665241653996902,0.9989839903766677,0.9859363729567544,0.9890130573694068
382,1,1.0,1.0,1.0,1.0,1.0,1.0,1.0,1.0,0.99999999999997,0.9664888604865706,0.9967337359341227,0.9859363729567544,0.9890130573694068
383,1,1.0,1.0,1.0,1.0,1.0,1.0,1.0,0.9999993,0.9999999999998189,0.9664843062632207,0.9968474743923036,0.9859363729567544,0.9890130573694068
384,1,1.0,1.0,1.0,1.0,1.0,1.0,1.0,0.99992156,0.9999999999855999,0.9664615705864653,0.9991567569816014,0.9859363729567544,0.9890130573694068
385,1,1.0,1.0,1.0,1.0,1.0,1.0,1.0,1.0,0.9999999996882464,0.9664451207707292,0.988057215910219,0.9859363729567544,0.9890130573694068
386,1,1.0,1.0,1.0,1.0,1.0,1.0,1.0,1.0,0.9999999984640405,0.9664584491491955,0.7783637834582099,0.9859363729567544,0.9890130573694068
387,1,1.0,1.0,1.0,1.0,1.0,1.0,1.0,1.0,0.9999999998404612,0.9664400173196028,0.9442088087453052,0.9859363729567544,0.9890130573694068
388,1,1.0,1.0,1.0,1.0,1.0,1.0,1.0,1.0,0.9999999999856025,0.9664407073802271,0.5845262444692684,0.9859363729567544,0.9890130573694068
389,1,1.0,1.0,1.0,1.0,1.0,1.0,1.0,1.0,0.9999999998561189,0.9664070416612024,0.9849401474637541,0.9859363729567544,0.9890130573694068
390,1,1.0,1.0,1.0,1.0,1.0,1.0,1.0,0.9999999,0.9999999999906951,0.9664488997053299,0.99809579642152,0.9859363729567544,0.9890130573694068
391,1,1.0,1.0,1.0,1.0,1.0,1.0,1.0,1.0,0.9999999999943575,0.966444452691156,0.9830470668189278,0.9859363729567544,0.9890130573694068
392,1,1.0,1.0,1.0,1.0,1.0,1.0,1.0,1.0,0.9999999999977799,0.9664732503548191,0.9954328690064986,0.9859363729567544,0.9890130573694068
393,1,1.0,1.0,1.0,1.0,1.0,1.0,1.0,1.0,0.9999999999973006,0.966464123712566,0.884208301577366,0.9859363729567544,0.9890130573694068
394,1,1.0,1.0,1.0,1.0,1.0,1.0,1.0,1.0,0.9999999999995668,0.9664682181494751,0.995705972815073,0.9859363729567544,0.9890130573694068
395,1,1.0,1.0,1.0,1.0,1.0,1.0,1.0,1.0,0.9999999999999382,0.9664138570459766,0.9964337157632774,0.9859363729567544,0.9890130573694068
396,1,1.0,1.0,1.0,1.0,1.0,1.0,1.0,1.0,0.9999999999999659,0.9664173693165664,0.9652220106261205,0.9859363729567544,0.9890130573694068
397,1,1.0,1.0,1.0,1.0,1.0,1.0,1.0,1.0,0.99999999999997,0.9664753178389714,0.8529754877758552,0.9859363729567544,0.9890130573694068
398,1,1.0,1.0,1.0,1.0,1.0,1.0,1.0,1.0,0.99999999999997,0.9664120399743813,0.9974721539597273,0.9859363729567544,0.9890130573694068
399,1,1.0,1.0,1.0,1.0,1.0,1.0,1.0,0.9999999,0.999999999999969,0.9663834877515535,0.9579709488562166,0.9859363729567544,0.9890130573694068
400,1,1.0,1.0,1.0,1.0,1.0,1.0,1.0,1.0,0.99999999999997,0.9664035870777087,0.9298605208520094,0.9859363729567544,0.9890130573694068
401,1,1.0,1.0,1.0,1.0,1.0,1.0,1.0,0.99924254,0.9999999999999682,0.9663574891622283,0.9985192374703561,0.9859363729567544,0.9890130573694068
402,1,1.0,1.0,1.0,1.0,1.0,1.0,1.0,1.0,0.9999999999999548,0.9664800971424742,0.9941707942346706,0.9859363729567544,0.9890130573694068
403,1,1.0,1.0,1.0,1.0,1.0,1.0,1.0,1.0,0.9999999999999687,0.9664062212590726,0.9345542719332387,0.9859363729567544,0.9890130573694068
404,1,1.0,1.0,1.0,1.0,1.0,1.0,1.0,1.0,0.99999999999997,0.9664055719829293,0.943181879648438,0.9859363729567544,0.9890130573694068
405,1,1.0,0.9166666666666666,1.0,1.0,1.0,1.0,1.0,1.0,0.9918197278043237,0.8871455136730401,0.9944290580531371,0.9859363729567544,0.9890130573694068
406,1,1.0,1.0,1.0,1.0,1.0,1.0,1.0,0.9999428,0.99999999999997,0.9660187840268096,0.9635043086147345,0.9859363729567544,0.9890130573694068
407,1,1.0,1.0,1.0,1.0,1.0,1.0,1.0,0.9999999,0.99999999999997,0.9660161808928162,0.9989009328289613,0.9859363729567544,0.9890130573694068
408,1,1.0,1.0,1.0,1.0,1.0,1.0,1.0,0.99999964,0.99999999999997,0.9659973631686675,0.5532423975531677,0.9859363729567544,0.9890130573694068
409,1,1.0,1.0,1.0,1.0,1.0,1.0,1.0,1.0,0.99999999999997,0.9659927581412351,0.9961883674697057,0.9859363729567544,0.9890130573694068
410,1,1.0,1.0,1.0,1.0,1.0,1.0,1.0,1.0,0.99999999999997,0.9660313193387431,0.9503783446684738,0.9859363729567544,0.9890130573694068
411,1,1.0,1.0,1.0,1.0,1.0,1.0,1.0,1.0,0.99999999999997,0.9660236127410516,0.9558620081271904,0.9859363729567544,0.9890130573694068
412,1,1.0,1.0,1.0,1.0,1.0,1.0,1.0,1.0,0.99999999999997,0.9660182336371338,0.9074013470719665,0.9859363729567544,0.9890130573694068
413,0,1.0,0.23333333333333334,1.0,1.0,0.0,0.0,1.0,2.5509136e-10,0.9443932871858504,0.21423581098718356,0.9910057766762222,0.9859363729567544,0.9890130573694068
414,0,1.0,0.4,1.0,1.0,0.0,0.0,1.0,5.9656127e-13,0.5676739681627538,0.017947017902661018,0.9437431533043366,0.9859363729567544,0.9890130573694068
415,0,1.0,0.75,1.0,1.0,1.0,1.0,1.0,2.5177649e-06,0.34613157720249016,0.017984469419113972,0.9985912499119581,0.9859363729567544,0.9890130573694068
416,0,1.0,0.7,1.0,1.0,1.0,1.0,1.0,3.2335362e-15,0.35760590857741004,0.017965503507393277,0.7195825432031142,0.9859363729567544,0.9890130573694068
417,0,1.0,0.8,1.0,1.0,1.0,1.0,1.0,1.4360986e-09,0.3174498572815521,0.018039877668583667,0.9422837578708942,0.9859363729567544,0.9890130573694068
418,0,0.0,0.8,1.0,1.0,0.0,0.0,1.0,0.55502546,0.27863180613268007,0.018039888389499843,0.9946368571132507,0.9859363729567544,0.9890130573694068
419,0,1.0,0.8333333333333334,1.0,1.0,1.0,1.0,1.0,3.6301152e-08,0.2825582051071797,0.018004254377307186,0.9424302595483413,0.9859363729567544,0.9890130573694068
420,0,1.0,0.8,1.0,1.0,1.0,1.0,1.0,0.00020804726,0.29921514164402585,0.01800165309750956,0.998210308010379,0.9859363729567544,0.9890130573694068
421,0,1.0,0.9,1.0,1.0,1.0,1.0,1.0,2.0425522e-13,0.2535989796274845,0.017975487081550633,0.9997014326406021,0.9859363729567544,0.9890130573694068
422,0,1.0,0.8166666666666667,1.0,1.0,1.0,1.0,1.0,3.0698664e-06,0.25925546120529064,0.01795139257088064,0.997937206137918,0.9859363729567544,0.9890130573694068
423,0,1.0,0.8333333333333334,1.0,1.0,1.0,1.0,1.0,5.485361e-09,0.25830403720814377,0.017974781078567634,0.9993503165052193,0.9859363729567544,0.9890130573694068
424,0,1.0,0.8333333333333334,1.0,1.0,1.0,1.0,1.0,8.3994045e-18,0.2352373148806874,0.017956281330737633,0.9999719654257632,0.9859363729567544,0.9890130573694068
425,0,1.0,0.9,1.0,1.0,1.0,1.0,1.0,1.9635571e-10,0.25388595160100597,0.017990919323176254,0.9703263100300736,0.9859363729567544,0.9890130573694068
426,0,1.0,0.7666666666666667,1.0,1.0,1.0,1.0,1.0,2.2862873e-11,0.32858166593123467,0.01799380985214399,0.9981243980711986,0.9859363729567544,0.9890130573694068
427,0,1.0,0.7666666666666667,1.0,1.0,1.0,1.0,1.0,1.0409393e-14,0.2898637584173281,0.017975810189502152,0.9991572321546921,0.9859363729567544,0.9890130573694068
428,0,1.0,0.8666666666666667,1.0,1.0,1.0,1.0,1.0,5.922049e-08,0.23765771245647518,0.01798564547583056,0.9973889178735765,0.9859363729567544,0.9890130573694068
429,0,1.0,0.8,1.0,1.0,1.0,1.0,1.0,1.06342976e-10,0.3236359862872976,0.017991646855665813,0.9944616136471149,0.9859363729567544,0.9890130573694068
430,0,1.0,0.6666666666666666,1.0,1.0,1.0,1.0,1.0,2.6561738e-06,0.37346600166196897,0.01798512283613534,0.9902182741672196,0.9859363729567544,0.9890130573694068
431,0,1.0,0.7833333333333333,1.0,1.0,1.0,1.0,1.0,2.5229213e-14,0.3258348452169216,0.017975103279119584,0.9002653880630448,0.9859363729567544,0.9890130573694068
432,0,1.0,0.85,1.0,1.0,1.0,1.0,1.0,8.4948235e-09,0.2703051546082652,0.01801612519981105,0.9987934981940624,0.9859363729567544,0.9890130573694068
433,0,1.0,0.7833333333333333,1.0,1.0,1.0,1.0,1.0,0.00046293685,0.29389063540258853,0.018018790786796326,0.9993599696440956,0.9859363729567544,0.9890130573694068
434,0,1.0,0.85,1.0,1.0,1.0,1.0,1.0,0.00021716973,0.26479707678459286,0.01796914437398522,0.998998045625662,0.9859363729567544,0.9890130573694068
435,0,1.0,0.8833333333333333,1.0,1.0,1.0,1.0,1.0,0.033517797,0.2473502573078004,0.017983482927859083,0.995642209375246,0.9859363729567544,0.9890130573694068
436,0,1.0,0.8333333333333334,1.0,1.0,1.0,1.0,1.0,1.4350312e-12,0.3103840671937228,0.017986737362827944,0.9995000491186564,0.9859363729567544,0.9890130573694068
437,0,1.0,0.7666666666666667,1.0,1.0,1.0,1.0,1.0,4.7526902e-07,0.3102894437458632,0.017991376556228695,0.9984527624379841,0.9859363729567544,0.9890130573694068
438,0,1.0,0.7833333333333333,1.0,1.0,1.0,1.0,1.0,6.227813e-15,0.29768079818536897,0.017969574296397946,0.9133346829817629,0.9859363729567544,0.9890130573694068
439,0,1.0,0.8666666666666667,1.0,1.0,1.0,1.0,1.0,1.7823998e-08,0.2695583810706835,0.0179880510802272,0.999758336924347,0.9859363729567544,0.9890130573694068
440,0,1.0,0.8166666666666667,1.0,1.0,1.0,1.0,1.0,1.075086e-12,0.28390972033997525,0.018020313758525607,0.9993666082816527,0.9859363729567544,0.9890130573694068
441,0,1.0,0.75,1.0,1.0,0.0,0.0,1.0,0.24716257,0.2892465588062039,0.017995309289729904,0.9928439216578921,0.9859363729567544,0.9890130573694068
442,0,1.0,0.8166666666666667,1.0,1.0,1.0,1.0,1.0,1.1908706e-11,0.31009878340208225,0.017974089274013453,0.9474408112036444,0.9859363729567544,0.9890130573694068
443,0,1.0,0.8,1.0,1.0,1.0,1.0,1.0,2.0692324e-13,0.2832868560432297,0.01802799423067478,0.9921022026441253,0.9859363729567544,0.9890130573694068
444,0,1.0,0.8,1.0,1.0,1.0,1.0,1.0,3.268695e-08,0.2875712311986303,0.017927380730136076,0.9522030438304865,0.9859363729567544,0.9890130573694068
445,0,1.0,0.7833333333333333,1.0,1.0,1.0,1.0,1.0,1.5621916e-05,0.30318736075816577,0.017997044715999475,0.9983332442881409,0.9859363729567544,0.9890130573694068
446,0,1.0,0.8166666666666667,1.0,1.0,1.0,1.0,1.0,0.06558391,0.2751358516178221,0.017986752055398438,0.990073533540212,0.9859363729567544,0.9890130573694068
447,0,1.0,0.7,1.0,1.0,1.0,1.0,1.0,2.475194e-11,0.3471525354512411,0.018031906105327303,0.996254267068034,0.9859363729567544,0.9890130573694068
448,0,1.0,0.8166666666666667,1.0,1.0,1.0,1.0,1.0,3.6301152e-08,0.3030212375401147,0.01800622261714522,0.9424302595483413,0.9859363729567544,0.9890130573694068
449,0,1.0,0.85,1.0,1.0,1.0,1.0,1.0,4.7615655e-13,0.2608039796636562,0.018002270050572537,0.9494406645269254,0.9859363729567544,0.9890130573694068
450,0,1.0,0.85,1.0,1.0,1.0,1.0,1.0,2.7918673e-05,0.2548809875801241,0.01798665646754102,0.9573858508439491,0.9859363729567544,0.9890130573694068
451,0,1.0,0.7833333333333333,1.0,1.0,1.0,1.0,1.0,1.5235688e-10,0.3130009809660543,0.01796279376937886,0.999908341946712,0.9859363729567544,0.9890130573694068
452,0,1.0,0.7166666666666667,1.0,1.0,1.0,1.0,1.0,7.483814e-12,0.3481296705059488,0.01804441484208904,0.9999886459307127,0.9859363729567544,0.9890130573694068
453,0,1.0,0.85,1.0,1.0,1.0,1.0,1.0,6.0328983e-07,0.25278356859100737,0.01797476723343671,0.9919468359896784,0.9859363729567544,0.9890130573694068
454,0,1.0,0.8,1.0,1.0,1.0,1.0,1.0,1.8890495e-08,0.29362829772070104,0.018048726651970548,0.9882221301204265,0.9859363729567544,0.9890130573694068
455,0,1.0,0.7666666666666667,1.0,1.0,1.0,1.0,1.0,1.04138466e-13,0.28431689637311763,0.01800145702745325,0.9998615472282074,0.9859363729567544,0.9890130573694068
456,0,1.0,0.7333333333333333,1.0,1.0,1.0,1.0,1.0,6.207127e-09,0.3488864927224443,0.017958947175442785,0.9983979043863443,0.9859363729567544,0.9890130573694068
457,0,1.0,0.8333333333333334,1.0,1.0,1.0,1.0,1.0,6.289164e-13,0.27971184033013,0.01796011135710428,0.9965475791931406,0.9859363729567544,0.9890130573694068
458,0,1.0,0.8333333333333334,1.0,1.0,1.0,1.0,1.0,0.0001164528,0.3037967476564455,0.01802883275532036,0.9948489871503855,0.9859363729567544,0.9890130573694068
459,0,1.0,0.8666666666666667,1.0,1.0,1.0,1.0,1.0,8.343044e-10,0.24998115048572225,0.017970464522854935,0.999167235714994,0.9859363729567544,0.9890130573694068
460,0,1.0,0.9,1.0,1.0,1.0,1.0,1.0,2.8358274e-11,0.22346684995141755,0.017980340033506816,0.9937636155053198,0.9859363729567544,0.9890130573694068
461,0,1.0,0.8333333333333334,1.0,1.0,1.0,1.0,1.0,5.380775e-12,0.2786792714201848,0.01799758937521557,0.9677303015945528,0.9859363729567544,0.9890130573694068
462,0,1.0,0.8333333333333334,1.0,1.0,1.0,1.0,1.0,1.8939956e-12,0.2614398789781532,0.01804206071342624,0.951673602275095,0.9859363729567544,0.9890130573694068
463,0,1.0,0.75,1.0,1.0,1.0,1.0,1.0,2.7712568e-14,0.3122777559287468,0.017946818990615742,0.9988162952629879,0.9859363729567544,0.9890130573694068
464,1,1.0,0.9333333333333333,1.0,1.0,0.0,0.0,1.0,0.9981353,0.7363215933547514,0.6057489212705732,0.9805517176845443,0.9859363729567544,0.9890130573694068
465,0,1.0,0.9,1.0,1.0,0.0,0.0,1.0,1.2769852e-05,0.6255682473431402,0.4550776869135748,0.991126415221072,0.9859363729567544,0.9890130573694068
466,0,1.0,0.7666666666666667,1.0,1.0,1.0,1.0,1.0,3.4769976e-13,0.29719133780961465,0.017978473726918187,0.8426572352672214,0.9859363729567544,0.9890130573694068
467,0,1.0,0.7666666666666667,1.0,1.0,1.0,1.0,1.0,9.50011e-10,0.29570449717231606,0.01796405575864652,0.9970151797005063,0.9859363729567544,0.9890130573694068
468,0,1.0,0.7833333333333333,1.0,1.0,1.0,1.0,1.0,2.580622e-06,0.288831418511298,0.01798353237342566,0.9918415510347515,0.9859363729567544,0.9890130573694068
469,0,1.0,0.75,1.0,1.0,0.0,0.0,1.0,0.17463042,0.3332792447000952,0.018007802093555493,0.994339735728087,0.9859363729567544,0.9890130573694068
470,0,1.0,0.7833333333333333,1.0,1.0,1.0,1.0,1.0,4.7685397e-08,0.2596533826113388,0.01801252330685787,0.9945557246021917,0.9859363729567544,0.9890130573694068
471,1,0.0,1.0,1.0,1.0,0.0,0.0,1.0,0.2371935,0.9908382131222025,0.9443338455804792,0.7946938322306907,0.9859363729567544,0.9890130573694068
472,1,1.0,1.0,1.0,1.0,1.0,1.0,1.0,0.923362,0.9999999994939254,0.9602251311943761,0.9826494727234164,0.9859363729567544,0.9890130573694068
473,1,1.0,1.0,1.0,1.0,1.0,1.0,1.0,1.0,0.9999999971888733,0.96005994392485,0.9975318705174454,0.9859363729567544,0.9890130573694068
474,1,1.0,1.0,1.0,1.0,1.0,1.0,1.0,1.0,0.9999999977714265,0.9601740936894837,0.993185255462296,0.9859363729567544,0.9890130573694068
475,1,1.0,1.0,1.0,1.0,1.0,1.0,1.0,1.0,0.999999983022915,0.9601472176993436,0.9949821581880332,0.9859363729567544,0.9890130573694068
476,1,1.0,1.0,1.0,1.0,1.0,1.0,1.0,1.0,0.9999999872602708,0.9602372932017859,0.9832106537164823,0.9859363729567544,0.9890130573694068
477,1,1.0,1.0,1.0,1.0,1.0,1.0,1.0,1.0,0.9999999753319884,0.960086992117983,0.9995621995095887,0.9859363729567544,0.9890130573694068
478,1,1.0,1.0,1.0,1.0,1.0,1.0,1.0,1.0,0.9999999977295714,0.9601484768859794,0.9974577456488538,0.9859363729567544,0.9890130573694068
479,1,1.0,1.0,1.0,1.0,1.0,1.0,1.0,1.0,0.9999999930382244,0.9601334880569105,0.9324533088603709,0.9859363729567544,0.9890130573694068
480,1,1.0,1.0,1.0,1.0,1.0,1.0,1.0,0.9999989,0.9999999847042103,0.9600831341301578,0.9981671179996457,0.9859363729567544,0.9890130573694068
481,1,1.0,1.0,1.0,1.0,1.0,1.0,1.0,0.95600516,0.9999999629720199,0.9600334943233509,0.6634061535129593,0.9859363729567544,0.9890130573694068
482,1,1.0,1.0,1.0,1.0,1.0,1.0,1.0,1.0,0.9999999990817798,0.9601437724320177,0.9705707731371274,0.9859363729567544,0.9890130573694068
483,1,1.0,1.0,1.0,1.0,1.0,1.0,1.0,1.0,0.9999999982692219,0.960177989538392,0.988243021970549,0.9859363729567544,0.9890130573694068
484,1,1.0,1.0,1.0,1.0,1.0,1.0,1.0,1.0,0.9999999849479082,0.9600732170019071,0.9639275543191664,0.9859363729567544,0.9890130573694068
485,1,1.0,1.0,1.0,1.0,1.0,1.0,1.0,0.9999974,0.9999999985988638,0.9600184796074799,0.9941427637548189,0.9859363729567544,0.9890130573694068
486,1,1.0,1.0,1.0,1.0,1.0,1.0,1.0,1.0,0.999999989197965,0.9600327254166152,0.5845262444692684,0.9859363729567544,0.9890130573694068
487,1,1.0,1.0,1.0,1.0,1.0,1.0,1.0,1.0,0.9999999991181792,0.9600894424143304,0.9993923356654477,0.9859363729567544,0.9890130573694068
488,1,1.0,1.0,1.0,1.0,1.0,1.0,1.0,1.0,0.9999999978759969,0.9600398640954011,0.8072482763468041,0.9859363729567544,0.9890130573694068
489,1,1.0,1.0,1.0,1.0,1.0,1.0,1.0,0.99999976,0.9999999978767843,0.9600408185844167,0.9998133235196397,0.9859363729567544,0.9890130573694068
490,1,1.0,1.0,1.0,1.0,1.0,1.0,1.0,0.98029023,0.999999995102207,0.9600882061707706,0.999864722282681,0.9859363729567544,0.9890130573694068
491,1,1.0,1.0,1.0,1.0,1.0,1.0,1.0,1.0,0.9999999999636574,0.9600823141153643,0.9968911334926136,0.9859363729567544,0.9890130573694068
492,1,1.0,1.0,1.0,1.0,1.0,1.0,1.0,1.0,0.9999999999897706,0.9601588817754848,0.9997152191114753,0.9859363729567544,0.9890130573694068
493,1,1.0,1.0,1.0,1.0,1.0,1.0,1.0,0.999995,0.9999999999997449,0.9601309580505976,0.9993036409926831,0.9859363729567544,0.9890130573694068
494,1,1.0,1.0,1.0,1.0,1.0,1.0,1.0,1.0,0.99999999999997,0.960229513848843,0.9679310901720676,0.9859363729567544,0.9890130573694068
495,1,1.0,1.0,1.0,1.0,1.0,1.0,1.0,1.0,0.99999999999997,0.960123678217471,0.9998034681138462,0.9859363729567544,0.9890130573694068
496,1,1.0,1.0,1.0,1.0,1.0,1.0,1.0,1.0,0.99999999999997,0.9601525636779471,0.9981883038982182,0.9859363729567544,0.9890130573694068
497,1,1.0,1.0,1.0,1.0,1.0,1.0,1.0,1.0,0.9999999999999699,0.960032956740304,0.6180199338147758,0.9859363729567544,0.9890130573694068
498,1,1.0,1.0,1.0,1.0,1.0,1.0,1.0,0.9991246,0.9999999999999681,0.9601095280015127,0.5705662232765984,0.9859363729567544,0.9890130573694068
499,1,1.0,1.0,1.0,1.0,1.0,1.0,1.0,1.0,0.9999999999999695,0.9600907867436441,0.9938736283982835,0.9859363729567544,0.9890130573694068
500,1,1.0,1.0,1.0,1.0,1.0,1.0,1.0,1.0,0.99999999999997,0.9601460389600547,0.966803264709846,0.9859363729567544,0.9890130573694068
501,1,1.0,1.0,1.0,1.0,1.0,1.0,1.0,0.99999785,0.99999999999997,0.9601050936225766,0.9998641474360097,0.9859363729567544,0.9890130573694068
502,1,1.0,1.0,1.0,1.0,1.0,1.0,1.0,1.0,0.99999999999997,0.9601214071217543,0.9991952088664012,0.9859363729567544,0.9890130573694068
503,1,1.0,1.0,1.0,1.0,1.0,1.0,1.0,0.9999994,0.9999999999999656,0.9601070690539448,0.5399796203406995,0.9859363729567544,0.9890130573694068
504,1,1.0,1.0,1.0,1.0,1.0,1.0,1.0,0.9999995,0.999999999997614,0.9600545543945794,0.9901461504579078,0.9859363729567544,0.9890130573694068
505,1,1.0,1.0,1.0,1.0,1.0,1.0,1.0,1.0,0.9999999999999611,0.9602611850066937,0.9982457461874501,0.9859363729567544,0.9890130573694068
506,1,1.0,1.0,1.0,1.0,1.0,1.0,1.0,1.0,0.99999999999997,0.9600668346652124,0.9996403155866256,0.9859363729567544,0.9890130573694068
507,1,1.0,1.0,1.0,1.0,1.0,1.0,1.0,1.0,0.99999999999997,0.9601344961613928,0.9963620925503588,0.9859363729567544,0.9890130573694068
508,1,1.0,1.0,1.0,1.0,1.0,1.0,1.0,1.0,0.99999999999997,0.9601843420348627,0.8715696181672996,0.9859363729567544,0.9890130573694068
509,1,1.0,1.0,1.0,1.0,1.0,1.0,1.0,0.999998,0.99999999999997,0.9600580857583713,0.9827241642341763,0.9859363729567544,0.9890130573694068
510,1,1.0,1.0,1.0,1.0,1.0,1.0,1.0,1.0,0.9999999999999658,0.9601798512070762,0.9287942111642424,0.9859363729567544,0.9890130573694068
511,1,1.0,1.0,1.0,1.0,1.0,1.0,1.0,0.9999981,0.9999999999980181,0.9601594832780127,0.7108218047522769,0.9859363729567544,0.9890130573694068
512,1,1.0,1.0,1.0,1.0,1.0,1.0,1.0,1.0,0.9999999999973371,0.9601919826889916,0.9984813614304807,0.9859363729567544,0.9890130573694068
513,1,1.0,1.0,1.0,1.0,1.0,1.0,1.0,0.9989341,0.9999999999994544,0.9601721033020775,0.9603515077435356,0.9859363729567544,0.9890130573694068
514,1,1.0,1.0,1.0,1.0,1.0,1.0,1.0,0.99999714,0.9999999999982703,0.9601218995326543,0.9316086858026174,0.9859363729567544,0.9890130573694068
515,1,1.0,1.0,1.0,1.0,1.0,1.0,1.0,1.0,0.9999999999644035,0.9601188285787312,0.5631580296325531,0.9859363729567544,0.9890130573694068
516,1,1.0,1.0,1.0,1.0,1.0,1.0,1.0,1.0,0.9999999999924127,0.9601353117446526,0.9972086901972916,0.9859363729567544,0.9890130573694068
517,1,1.0,1.0,1.0,1.0,1.0,1.0,1.0,1.0,0.9999999999953483,0.9601597418450717,0.9900447409271893,0.9859363729567544,0.9890130573694068
518,1,1.0,1.0,1.0,1.0,1.0,1.0,1.0,1.0,0.999999999999959,0.9601450742311688,0.875600586281366,0.9859363729567544,0.9890130573694068
519,1,1.0,1.0,1.0,1.0,1.0,1.0,1.0,1.0,0.9999999999999635,0.9600891420759742,0.995705972815073,0.9859363729567544,0.9890130573694068
520,1,1.0,1.0,1.0,1.0,1.0,1.0,1.0,1.0,0.99999999999997,0.9601584389460224,0.999294981750817,0.9859363729567544,0.9890130573694068
521,1,1.0,1.0,1.0,1.0,1.0,1.0,1.0,0.99995625,0.99999999999997,0.9600966510517533,0.9767727587170463,0.9859363729567544,0.9890130573694068
522,1,1.0,1.0,1.0,1.0,1.0,1.0,1.0,1.0,0.99999999999997,0.9601763249787802,0.9914913073591773,0.9859363729567544,0.9890130573694068
523,1,1.0,1.0,1.0,1.0,1.0,1.0,1.0,0.9999585,0.99999999999997,0.9600817281601494,0.9983469135392308,0.9859363729567544,0.9890130573694068
524,1,1.0,1.0,1.0,1.0,1.0,1.0,1.0,1.0,0.99999999999997,0.9601537885718031,0.9262386502084241,0.9859363729567544,0.9890130573694068
525,1,1.0,1.0,1.0,1.0,1.0,1.0,1.0,1.0,0.9999999999999682,0.9600684683018558,0.9554944505268729,0.9859363729567544,0.9890130573694068
526,1,1.0,1.0,1.0,1.0,1.0,1.0,1.0,0.9981451,0.99999999999997,0.960160053047808,0.9927734060049203,0.9859363729567544,0.9890130573694068
527,1,1.0,1.0,1.0,1.0,1.0,1.0,1.0,1.0,0.99999999999997,0.9601581445459444,0.9998034681138462,0.9859363729567544,0.9890130573694068
528,1,1.0,1.0,1.0,1.0,1.0,1.0,1.0,1.0,0.99999999999997,0.9600718532136177,0.9600060291474057,0.9859363729567544,0.9890130573694068
529,1,1.0,1.0,1.0,1.0,1.0,1.0,1.0,1.0,0.999999999999963,0.960145487730404,0.9855134906874035,0.9859363729567544,0.9890130573694068
530,1,1.0,1.0,1.0,1.0,1.0,1.0,1.0,1.0,0.9999999999998918,0.9600231542266907,0.9904944893815404,0.9859363729567544,0.9890130573694068
531,1,1.0,1.0,1.0,1.0,1.0,1.0,1.0,0.9999889,0.9999999999997783,0.9600789450352277,0.9183386426600785,0.9859363729567544,0.9890130573694068
532,1,1.0,1.0,1.0,1.0,1.0,1.0,1.0,1.0,0.9999999999997143,0.9601002039501523,0.9848075749966261,0.9859363729567544,0.9890130573694068
533,1,1.0,1.0,1.0,1.0,1.0,1.0,1.0,0.99992573,0.9999999999951268,0.9601141160902424,0.9846133399849264,0.9859363729567544,0.9890130573694068
534,1,1.0,1.0,1.0,1.0,1.0,1.0,1.0,0.9999999,0.9999999999956187,0.9601578312195216,0.990107007903733,0.9859363729567544,0.9890130573694068
535,1,1.0,1.0,1.0,1.0,1.0,1.0,1.0,1.0,0.9999999999970942,0.9601774325910539,0.6984923634769793,0.9859363729567544,0.9890130573694068
536,1,1.0,1.0,1.0,1.0,1.0,1.0,1.0,0.99999964,0.999999999999343,0.9601788367590456,0.9755829287641155,0.9859363729567544,0.9890130573694068
537,1,1.0,1.0,1.0,1.0,1.0,1.0,1.0,1.0,0.9999999999999538,0.9601794281811907,0.9978026624290602,0.9859363729567544,0.9890130573694068
538,1,1.0,1.0,1.0,1.0,1.0,1.0,1.0,1.0,0.9999999999999699,0.960245891148152,0.9974369194670678,0.9859363729567544,0.9890130573694068
539,1,1.0,1.0,1.0,1.0,1.0,1.0,1.0,1.0,0.9999999999999699,0.9601291719354881,0.9944629846456164,0.9859363729567544,0.9890130573694068
540,1,1.0,1.0,1.0,1.0,1.0,1.0,1.0,1.0,0.9999999999998861,0.9602396248169093,0.9499472282946773,0.9859363729567544,0.9890130573694068
541,1,1.0,1.0,1.0,1.0,1.0,1.0,1.0,1.0,0.9999999999999684,0.9600978407066028,0.9995972062072678,0.9859363729567544,0.9890130573694068
542,1,1.0,1.0,1.0,1.0,1.0,1.0,1.0,0.9999999,0.99999999999997,0.9601994829339683,0.7471575579130543,0.9859363729567544,0.9890130573694068
543,1,1.0,1.0,1.0,1.0,1.0,1.0,1.0,1.0,0.9999999999999285,0.9601195428971327,0.9490949107048228,0.9859363729567544,0.9890130573694068
544,1,1.0,1.0,1.0,1.0,1.0,1.0,1.0,0.9999999,0.99999999999997,0.96020209130531,0.9521327277643543,0.9859363729567544,0.9890130573694068
545,1,1.0,1.0,1.0,1.0,1.0,1.0,1.0,1.0,0.99999999999997,0.960075151117855,0.9984566819464655,0.9859363729567544,0.9890130573694068
546,1,1.0,1.0,1.0,1.0,1.0,1.0,1.0,0.9999583,0.9999999999999633,0.9600972824441631,0.9743710436115257,0.9859363729567544,0.9890130573694068
547,1,1.0,1.0,1.0,1.0,1.0,1.0,1.0,1.0,0.99999999999997,0.9599765439248016,0.9762129978175753,0.9859363729567544,0.9890130573694068
548,1,1.0,1.0,1.0,1.0,1.0,1.0,1.0,1.0,0.99999999999997,0.9600875986824088,0.997173786055667,0.9859363729567544,0.9890130573694068
549,1,1.0,1.0,1.0,1.0,1.0,1.0,1.0,0.99998546,0.9999999999999655,0.9601358886466768,0.9979684512636778,0.9859363729567544,0.9890130573694068
550,1,1.0,1.0,1.0,1.0,1.0,1.0,1.0,1.0,0.9999999999998193,0.9601106512192094,0.89132174362642,0.9859363729567544,0.9890130573694068
551,1,1.0,1.0,1.0,1.0,1.0,1.0,1.0,1.0,0.9999999999985245,0.960179358887665,0.9982457461874501,0.9859363729567544,0.9890130573694068
552,1,1.0,1.0,1.0,1.0,1.0,1.0,1.0,0.9999999,0.9999999999992361,0.9601321486471358,0.990107007903733,0.9859363729567544,0.9890130573694068
553,1,1.0,1.0,1.0,1.0,1.0,1.0,1.0,0.9999981,0.9999999999999399,0.9601051024786648,0.9657870074881826,0.9859363729567544,0.9890130573694068
554,1,1.0,1.0,1.0,1.0,1.0,1.0,1.0,1.0,0.9999999999999403,0.9602215816031789,0.9945311123996511,0.9859363729567544,0.9890130573694068
555,1,1.0,1.0,1.0,1.0,1.0,1.0,1.0,1.0,0.999999999999968,0.9601300186696573,0.9500007573512524,0.9859363729567544,0.9890130573694068
556,1,1.0,1.0,1.0,1.0,1.0,1.0,1.0,1.0,0.9999999999999624,0.960288497054215,0.9822507179352163,0.9859363729567544,0.9890130573694068
557,1,1.0,1.0,1.0,1.0,1.0,1.0,1.0,0.99956864,0.9999999999999625,0.9601252334315993,0.9800274578894133,0.9859363729567544,0.9890130573694068
558,1,1.0,1.0,1.0,1.0,1.0,1.0,1.0,1.0,0.99999999999997,0.960063067367013,0.9452288950802206,0.9859363729567544,0.9890130573694068
559,1,1.0,1.0,1.0,1.0,1.0,1.0,1.0,1.0,0.9999999999999699,0.9601105185268938,0.997173786055667,0.9859363729567544,0.9890130573694068
560,1,1.0,1.0,1.0,1.0,1.0,1.0,1.0,0.99996936,0.99999999999997,0.9601618239081221,0.9988683802649845,0.9859363729567544,0.9890130573694068
561,1,1.0,1.0,1.0,1.0,1.0,1.0,1.0,0.99997294,0.99999999999997,0.9600694538107523,0.9356420825804335,0.9859363729567544,0.9890130573694068
562,1,1.0,1.0,1.0,1.0,1.0,1.0,1.0,1.0,0.9999999999999561,0.9601298994764883,0.9666770074785324,0.9859363729567544,0.9890130573694068
563,1,1.0,1.0,1.0,1.0,1.0,1.0,1.0,1.0,0.9999999999988607,0.9601719856773941,0.5527794331959262,0.9859363729567544,0.9890130573694068
564,1,1.0,1.0,1.0,1.0,1.0,1.0,1.0,1.0,0.9999999999998124,0.9600853814530775,0.9986122792954104,0.9859363729567544,0.9890130573694068
565,1,1.0,1.0,1.0,1.0,1.0,1.0,1.0,0.9919665,0.999999999999881,0.9600587494734154,0.9980073587863795,0.9859363729567544,0.9890130573694068
566,1,1.0,1.0,1.0,1.0,1.0,1.0,1.0,1.0,0.9999999999999478,0.9600426425514443,0.9995567552873014,0.9859363729567544,0.9890130573694068
567,1,1.0,1.0,1.0,1.0,1.0,1.0,1.0,1.0,0.9999999999999314,0.9601253873029202,0.9997487656180595,0.9859363729567544,0.9890130573694068
568,1,1.0,1.0,1.0,1.0,1.0,1.0,1.0,1.0,0.9999999999999676,0.9601930594194348,0.9939013767244443,0.9859363729567544,0.9890130573694068
569,1,1.0,1.0,1.0,1.0,1.0,1.0,1.0,1.0,0.99999999999993,0.9601472601591939,0.9994534991285807,0.9859363729567544,0.9890130573694068
570,1,1.0,1.0,1.0,1.0,1.0,1.0,1.0,1.0,0.9999999999999699,0.9601605722919082,0.9826271149828205,0.9859363729567544,0.9890130573694068
571,1,1.0,1.0,1.0,1.0,1.0,1.0,1.0,0.9932065,0.9999999999994993,0.9602128263627651,0.7370941409933004,0.9859363729567544,0.9890130573694068
572,1,1.0,1.0,1.0,1.0,1.0,1.0,1.0,0.99999666,0.99999999999883,0.9602759376519506,0.999452029996397,0.9859363729567544,0.9890130573694068
573,1,1.0,1.0,1.0,1.0,1.0,1.0,1.0,0.9820988,0.9999999999994027,0.9601964862889695,0.9755342859537505,0.9859363729567544,0.9890130573694068
574,1,1.0,1.0,1.0,1.0,1.0,1.0,1.0,0.99993825,0.9999999999990444,0.9602127509563557,0.9996093175663895,0.9859363729567544,0.9890130573694068
575,1,1.0,1.0,1.0,1.0,1.0,1.0,1.0,1.0,0.9999999999999643,0.960161229807618,0.9776280474608222,0.9859363729567544,0.9890130573694068
576,1,1.0,1.0,1.0,1.0,1.0,1.0,1.0,1.0,0.9999999999998116,0.9601330735551699,0.9893606989638254,0.9859363729567544,0.9890130573694068
577,1,1.0,1.0,1.0,1.0,1.0,1.0,1.0,0.9999999,0.9999999999989704,0.960137102298365,0.9801257435239146,0.9859363729567544,0.9890130573694068
578,1,1.0,1.0,1.0,1.0,1.0,1.0,1.0,0.9999602,0.9999999999966515,0.9600832898306213,0.9960379116227772,0.9859363729567544,0.9890130573694068
579,1,1.0,1.0,1.0,1.0,1.0,1.0,1.0,1.0,0.9999999999999603,0.9601177169200471,0.999127205117121,0.9859363729567544,0.9890130573694068
580,1,1.0,1.0,1.0,1.0,1.0,1.0,1.0,1.0,0.99999999999997,0.960093088150891,0.999494462415416,0.9859363729567544,0.9890130573694068
581,1,1.0,1.0,1.0,1.0,1.0,1.0,1.0,1.0,0.99999999999997,0.960141750132041,0.9975318705174454,0.9859363729567544,0.9890130573694068
582,1,1.0,1.0,1.0,1.0,1.0,1.0,1.0,1.0,0.99999999999997,0.9601122972958758,0.9976129341968325,0.9859363729567544,0.9890130573694068
583,1,1.0,1.0,1.0,1.0,1.0,1.0,1.0,1.0,0.9999999999999653,0.9600694297835067,0.9994816439050238,0.9859363729567544,0.9890130573694068
584,1,1.0,1.0,1.0,1.0,1.0,1.0,1.0,1.0,0.9999999999999549,0.9600882487612756,0.8244449446062205,0.9859363729567544,0.9890130573694068
585,0,1.0,0.23333333333333334,1.0,1.0,0.0,0.0,1.0,7.0682546e-07,0.9298305145897667,0.20635275390007593,0.997303613359084,0.9859363729567544,0.9890130573694068
586,0,1.0,0.5,1.0,1.0,0.0,1.0,1.0,1.49261e-07,0.504739442557998,0.017990222125778506,0.9965497048351973,0.9859363729567544,0.9890130573694068
587,0,1.0,0.8,1.0,1.0,1.0,1.0,1.0,2.8691318e-13,0.2811316960413412,0.017976505119884564,0.9994399434270754,0.9859363729567544,0.9890130573694068
588,0,1.0,0.75,1.0,1.0,1.0,1.0,1.0,1.4360986e-09,0.3174137164936802,0.017995431399827753,0.9422837578708942,0.9859363729567544,0.9890130573694068
589,0,1.0,0.75,1.0,1.0,1.0,1.0,1.0,9.042186e-14,0.3019583755181818,0.017974699050229612,0.9948760964513659,0.9859363729567544,0.9890130573694068
590,0,1.0,0.85,1.0,1.0,1.0,1.0,1.0,3.5713534e-09,0.2659829159096805,0.01801259609885377,0.9922714005033167,0.9859363729567544,0.9890130573694068
591,0,1.0,0.7,1.0,1.0,1.0,1.0,1.0,0.011468478,0.3279931288821709,0.017953278975016786,0.9802658264640227,0.9859363729567544,0.9890130573694068
592,0,1.0,0.7666666666666667,1.0,1.0,1.0,1.0,1.0,0.0009685895,0.2686642734161785,0.01797565562842489,0.9940552882031537,0.9859363729567544,0.9890130573694068
593,0,1.0,0.7166666666666667,1.0,1.0,1.0,1.0,1.0,1.2483182e-09,0.33131305015140294,0.017945922573305795,0.9990419080595078,0.9859363729567544,0.9890130573694068
594,0,1.0,0.7333333333333333,1.0,1.0,1.0,1.0,1.0,3.413408e-14,0.3172523067767626,0.017959766994317415,0.9992567387715061,0.9859363729567544,0.9890130573694068
595,0,1.0,0.7833333333333333,1.0,1.0,1.0,1.0,1.0,2.3518e-06,0.2862210073353659,0.01799976895035553,0.9322994333674488,0.9859363729567544,0.9890130573694068
596,0,1.0,0.8,1.0,1.0,1.0,1.0,1.0,1.458509e-15,0.30439705801024003,0.01797418951490769,0.9986209217298081,0.9859363729567544,0.9890130573694068
597,0,1.0,0.7666666666666667,1.0,1.0,1.0,1.0,1.0,7.100475e-07,0.3287343327384089,0.017989493350902348,0.9787355161457602,0.9859363729567544,0.9890130573694068
598,0,1.0,0.7666666666666667,1.0,1.0,1.0,1.0,1.0,1.7297139e-12,0.2871809203165939,0.017999653450018537,0.9929430764630545,0.9859363729567544,0.9890130573694068
599,0,1.0,0.8,1.0,1.0,1.0,1.0,1.0,1.4226966e-08,0.2550524025752719,0.01803138911956568,0.9998212579518387,0.9859363729567544,0.9890130573694068
600,0,1.0,0.8333333333333334,1.0,1.0,1.0,1.0,1.0,3.6651143e-06,0.25132273973680125,0.01799555613833549,0.9885903021126833,0.9859363729567544,0.9890130573694068
601,0,1.0,0.8,1.0,1.0,1.0,1.0,1.0,2.1598137e-06,0.2733390606426393,0.017992855846526854,0.9972958530424092,0.9859363729567544,0.9890130573694068
602,0,1.0,0.85,1.0,1.0,1.0,1.0,1.0,6.217808e-11,0.2699311322389045,0.01803469313380375,0.9823276173775158,0.9859363729567544,0.9890130573694068
603,0,1.0,0.8166666666666667,1.0,1.0,1.0,1.0,1.0,1.1777522e-13,0.3046595001898362,0.017929590856901878,0.8922058767584568,0.9859363729567544,0.9890130573694068
604,0,1.0,0.8333333333333334,1.0,1.0,1.0,1.0,1.0,3.2335362e-15,0.2751618527898498,0.01801686208038729,0.7195825432031142,0.9859363729567544,0.9890130573694068
605,0,1.0,0.8333333333333334,1.0,1.0,1.0,1.0,1.0,0.0013155938,0.2608503474466419,0.017959747261454728,0.9926902695965325,0.9859363729567544,0.9890130573694068
606,1,1.0,1.0,1.0,1.0,1.0,1.0,1.0,1.0,0.8333306488145148,0.7771566252169061,0.9997803300375719,0.9859363729567544,0.9890130573694068
607,1,1.0,1.0,1.0,1.0,1.0,1.0,1.0,1.0,0.99999999999997,0.9871805455199573,0.9420372454368549,0.9859363729567544,0.9890130573694068
608,1,1.0,1.0,1.0,1.0,1.0,1.0,1.0,1.0,0.99999999999997,0.9871704000299916,0.9992998185451856,0.9859363729567544,0.9890130573694068
609,1,1.0,1.0,1.0,1.0,1.0,1.0,1.0,0.99999964,0.99999999999997,0.9871854121960233,0.614864268738593,0.9859363729567544,0.9890130573694068
610,1,1.0,1.0,1.0,1.0,1.0,1.0,1.0,1.0,0.99999999999997,0.9871664749688456,0.9990199960776082,0.9859363729567544,0.9890130573694068
611,1,1.0,1.0,1.0,1.0,1.0,1.0,1.0,0.9964586,0.99999999999997,0.9871875985457385,0.9915073481917241,0.9859363729567544,0.9890130573694068
612,1,1.0,1.0,1.0,1.0,1.0,1.0,1.0,1.0,0.99999999999997,0.9871187726754808,0.9287942111642424,0.9859363729567544,0.9890130573694068
613,0,1.0,0.5166666666666667,1.0,1.0,0.0,1.0,1.0,7.7522316e-07,0.5200897445958517,0.018000693305375823,0.9996364373445367,0.9859363729567544,0.9890130573694068
614,0,1.0,0.8166666666666667,1.0,1.0,1.0,1.0,1.0,4.6004242e-10,0.29805243900795536,0.017973466887467652,0.9369117059713367,0.9859363729567544,0.9890130573694068
615,0,1.0,0.7666666666666667,1.0,1.0,1.0,1.0,1.0,1.8047841e-11,0.29100233181108,0.017984125431796387,0.9970289773666676,0.9859363729567544,0.9890130573694068
616,0,1.0,0.85,1.0,1.0,1.0,1.0,1.0,7.192462e-08,0.2673812113407663,0.017967711943776256,0.9983078923350568,0.9859363729567544,0.9890130573694068
617,0,1.0,0.8,1.0,1.0,1.0,1.0,1.0,1.1843487e-08,0.29300391428069245,0.017951606790382667,0.9971144430939773,0.9859363729567544,0.9890130573694068
618,0,1.0,0.7666666666666667,1.0,1.0,1.0,1.0,1.0,1.3037531e-08,0.3013400485612714,0.017947483471096926,0.9933021958230617,0.9859363729567544,0.9890130573694068
619,0,1.0,0.75,1.0,1.0,1.0,1.0,1.0,4.0963247e-10,0.30661858151337634,0.017997914778161754,0.8684726600743855,0.9859363729567544,0.9890130573694068
620,1,1.0,0.9833333333333333,1.0,1.0,1.0,1.0,1.0,0.9999976,0.944069067426219,0.9058799234529005,0.9997428013212655,0.9859363729567544,0.9890130573694068
621,1,1.0,1.0,1.0,1.0,1.0,1.0,1.0,1.0,0.99999999999997,0.9865574616446942,0.9951118454806464,0.9859363729567544,0.9890130573694068
622,1,1.0,1.0,1.0,1.0,1.0,1.0,1.0,1.0,0.99999999999997,0.9865143435962185,0.9420372454368549,0.9859363729567544,0.9890130573694068
623,1,1.0,1.0,1.0,1.0,1.0,1.0,1.0,1.0,0.99999999999997,0.9865203829845826,0.9997825515363279,0.9859363729567544,0.9890130573694068
624,1,1.0,1.0,1.0,1.0,1.0,1.0,1.0,1.0,0.99999999999997,0.9865442022163885,0.9991870490817953,0.9859363729567544,0.9890130573694068
625,1,1.0,1.0,1.0,1.0,1.0,1.0,1.0,1.0,0.99999999999997,0.9865270132132022,0.9982410547609468,0.9859363729567544,0.9890130573694068
626,1,1.0,1.0,1.0,1.0,1.0,1.0,1.0,1.0,0.99999999999997,0.9865408320926659,0.9998966843937418,0.9859363729567544,0.9890130573694068
627,1,1.0,1.0,1.0,1.0,1.0,1.0,1.0,1.0,0.99999999999997,0.9865059515943858,0.8737344042281255,0.9859363729567544,0.9890130573694068
628,1,1.0,1.0,1.0,1.0,1.0,1.0,1.0,0.9993013,0.99999999999997,0.9865181016594413,0.9912138629047057,0.9859363729567544,0.9890130573694068
629,1,1.0,1.0,1.0,1.0,1.0,1.0,1.0,1.0,0.99999999999997,0.9865466749179945,0.953540421649482,0.9859363729567544,0.9890130573694068
630,1,1.0,1.0,1.0,1.0,1.0,1.0,1.0,0.99981683,0.99999999999997,0.9865363135477436,0.9718834432625131,0.9859363729567544,0.9890130573694068
631,1,1.0,1.0,1.0,1.0,1.0,1.0,1.0,0.9991246,0.99999999999997,0.9865257089060193,0.5705662232765984,0.9859363729567544,0.9890130573694068
632,1,1.0,1.0,1.0,1.0,1.0,1.0,1.0,1.0,0.99999999999997,0.9865523918398136,0.9297786559752929,0.9859363729567544,0.9890130573694068
633,1,1.0,1.0,1.0,1.0,1.0,1.0,1.0,1.0,0.99999999999997,0.9865551673770471,0.9345542719332387,0.9859363729567544,0.9890130573694068
634,1,1.0,1.0,1.0,1.0,1.0,1.0,1.0,1.0,0.99999999999997,0.9865157982889372,0.9965971201429977,0.9859363729567544,0.9890130573694068
635,1,1.0,1.0,1.0,1.0,1.0,1.0,1.0,1.0,0.99999999999997,0.9864994535002248,0.9868352315495382,0.9859363729567544,0.9890130573694068
636,1,1.0,1.0,1.0,1.0,1.0,1.0,1.0,0.9999982,0.99999999999997,0.986537596255166,0.9761928213169195,0.9859363729567544,0.9890130573694068
637,1,1.0,1.0,1.0,1.0,1.0,1.0,1.0,1.0,0.99999999999997,0.9865403789805286,0.884208301577366,0.9859363729567544,0.9890130573694068
638,1,1.0,1.0,1.0,1.0,1.0,1.0,1.0,0.99999964,0.99999999999997,0.9865443274979049,0.9755829287641155,0.9859363729567544,0.9890130573694068
639,1,1.0,1.0,1.0,1.0,1.0,1.0,1.0,1.0,0.99999999999997,0.9864974222502535,0.9994726163981947,0.9859363729567544,0.9890130573694068
640,1,1.0,1.0,1.0,1.0,1.0,1.0,1.0,0.99999917,0.99999999999997,0.9865326468533995,0.7741676991931379,0.9859363729567544,0.9890130573694068
641,1,1.0,1.0,1.0,1.0,1.0,1.0,1.0,1.0,0.99999999999997,0.9865317792421362,0.990979025484609,0.9859363729567544,0.9890130573694068
642,1,1.0,1.0,1.0,1.0,1.0,1.0,1.0,1.0,0.99999999999997,0.9864875294048094,0.9983238958307725,0.9859363729567544,0.9890130573694068
643,1,1.0,1.0,1.0,1.0,1.0,1.0,1.0,0.99924636,0.99999999999997,0.9865428583774514,0.9856276424356207,0.9859363729567544,0.9890130573694068
644,1,1.0,1.0,1.0,1.0,1.0,1.0,1.0,1.0,0.99999999999997,0.9865513934584167,0.9883210488349458,0.9859363729567544,0.9890130573694068
645,1,1.0,1.0,1.0,1.0,1.0,1.0,1.0,0.9999869,0.99999999999997,0.9864923126151764,0.9747160573614366,0.9859363729567544,0.9890130573694068
646,0,1.0,0.8,1.0,1.0,0.0,0.0,1.0,1.0916987e-10,0.555496024399416,0.32472095250126076,0.9999150405502033,0.9859363729567544,0.9890130573694068
647,0,1.0,0.8166666666666667,1.0,1.0,1.0,1.0,1.0,0.001928028,0.2623819406434143,0.018023734692067903,0.9975986946513583,0.9859363729567544,0.9890130573694068
648,0,1.0,0.7833333333333333,1.0,1.0,1.0,1.0,1.0,3.6395262e-10,0.31977804326295683,0.018014293653428267,0.9997196488033402,0.9859363729567544,0.9890130573694068
649,0,1.0,0.8833333333333333,1.0,1.0,1.0,1.0,1.0,0.00096530706,0.23700852791242613,0.017940408707795993,0.9962582487951773,0.9859363729567544,0.9890130573694068
650,0,1.0,0.85,1.0,1.0,1.0,1.0,1.0,0.0005050147,0.24232204028804646,0.017978217659805354,0.9999391110151016,0.9859363729567544,0.9890130573694068
651,0,1.0,0.7666666666666667,1.0,1.0,1.0,1.0,1.0,9.2810396e-08,0.30794263686085194,0.017995162706643777,0.9130612385513861,0.9859363729567544,0.9890130573694068
652,0,1.0,0.7166666666666667,1.0,1.0,1.0,1.0,1.0,3.6759896e-08,0.31644032161512087,0.018021561678460023,0.994266592638601,0.9859363729567544,0.9890130573694068
653,0,1.0,0.8333333333333334,1.0,1.0,1.0,1.0,1.0,0.0006434593,0.3199703754952537,0.01800946876825554,0.9972959989423791,0.9859363729567544,0.9890130573694068
654,0,1.0,0.8166666666666667,1.0,1.0,1.0,1.0,1.0,0.00011751432,0.2549935773418774,0.018000230989148994,0.998012803103385,0.9859363729567544,0.9890130573694068
655,0,1.0,0.75,1.0,1.0,0.0,0.0,1.0,0.24851744,0.32181634634194284,0.01794642934339592,0.9999069330593284,0.9859363729567544,0.9890130573694068
656,0,1.0,0.8,1.0,1.0,1.0,1.0,1.0,3.3409805e-07,0.29011203443387423,0.018029995671777568,0.9895651618190037,0.9859363729567544,0.9890130573694068
657,0,1.0,0.7833333333333333,1.0,1.0,1.0,1.0,1.0,2.0897035e-08,0.29407661483021336,0.017973330960237247,0.9983204715591528,0.9859363729567544,0.9890130573694068
658,0,1.0,0.7833333333333333,1.0,1.0,1.0,1.0,1.0,2.1074973e-06,0.327623785833809,0.01795588190577458,0.999890324671743,0.9859363729567544,0.9890130573694068
659,0,1.0,0.8666666666666667,1.0,1.0,1.0,1.0,1.0,9.946235e-10,0.27175925958338865,0.01797750180707898,0.9989497510268208,0.9859363729567544,0.9890130573694068
660,0,1.0,0.8333333333333334,1.0,1.0,1.0,1.0,1.0,1.9372341e-10,0.26558632815157857,0.018000869803686037,0.9920424850772689,0.9859363729567544,0.9890130573694068
661,0,1.0,0.85,1.0,1.0,1.0,1.0,1.0,4.845689e-10,0.2450617698130503,0.01794542187810334,0.9996904004834208,0.9859363729567544,0.9890130573694068
662,0,1.0,0.7666666666666667,1.0,1.0,1.0,1.0,1.0,8.3144636e-07,0.3305851027768917,0.017933104868464864,0.9998718681273165,0.9859363729567544,0.9890130573694068
663,0,1.0,0.75,1.0,1.0,1.0,1.0,1.0,1.6236643e-12,0.36701570959219737,0.017961583305262766,0.9975018879800017,0.9859363729567544,0.9890130573694068
664,0,1.0,0.6166666666666667,1.0,1.0,1.0,1.0,1.0,2.971982e-16,0.40973336065705196,0.017921154493260896,0.9978079286180982,0.9859363729567544,0.9890130573694068
665,0,1.0,0.7166666666666667,1.0,1.0,1.0,1.0,1.0,9.27264e-07,0.31964643949984123,0.017975805676674485,0.9435921560466073,0.9859363729567544,0.9890130573694068
666,0,1.0,0.7833333333333333,1.0,1.0,1.0,1.0,1.0,8.194517e-09,0.2787018847095815,0.01800407898821714,0.9940852886987795,0.9859363729567544,0.9890130573694068
667,0,1.0,0.85,1.0,1.0,1.0,1.0,1.0,1.4888596e-07,0.2859974449347938,0.017993329292456953,0.9978158205287613,0.9859363729567544,0.9890130573694068
668,0,1.0,0.8333333333333334,1.0,1.0,0.0,0.0,1.0,1.8047841e-11,0.5478949323077625,0.319358244808673,0.9970289773666676,0.9859363729567544,0.9890130573694068
669,1,1.0,1.0,1.0,1.0,1.0,1.0,1.0,1.0,0.9999999999925886,0.9696347364755389,0.9976477622314479,0.9859363729567544,0.9890130573694068
670,1,1.0,1.0,1.0,1.0,1.0,1.0,1.0,1.0,0.9999999999982148,0.9695767609210143,0.9996641762849585,0.9859363729567544,0.9890130573694068
671,1,1.0,1.0,1.0,1.0,1.0,1.0,1.0,0.9831955,0.9999999999997407,0.9695614169923439,0.9369625062182566,0.9859363729567544,0.9890130573694068
672,1,1.0,1.0,1.0,1.0,1.0,1.0,1.0,1.0,0.9999999999998342,0.9696285061770553,0.9993075318279533,0.9859363729567544,0.9890130573694068
673,1,1.0,1.0,1.0,1.0,1.0,1.0,1.0,1.0,0.9999999999966493,0.9695930369153245,0.9828984854531242,0.9859363729567544,0.9890130573694068
674,1,1.0,1.0,1.0,1.0,1.0,1.0,1.0,1.0,0.9999999999999039,0.969599468325605,0.9990453727779722,0.9859363729567544,0.9890130573694068
675,1,1.0,1.0,1.0,1.0,1.0,1.0,1.0,1.0,0.9999999999999697,0.969635966669305,0.9975318705174454,0.9859363729567544,0.9890130573694068
676,1,1.0,1.0,1.0,1.0,1.0,1.0,1.0,0.99996245,0.99999999999997,0.9696229114429405,0.9993071863799787,0.9859363729567544,0.9890130573694068
677,1,1.0,1.0,1.0,1.0,1.0,1.0,1.0,0.99999976,0.99999999999997,0.9696696586751473,0.6607696272911444,0.9859363729567544,0.9890130573694068
678,1,1.0,1.0,1.0,1.0,1.0,1.0,1.0,1.0,0.999999999999068,0.9695495158557588,0.9911357466633574,0.9859363729567544,0.9890130573694068
679,1,1.0,1.0,1.0,1.0,1.0,1.0,1.0,1.0,0.9999999999989356,0.9696147711055522,0.9954269587635926,0.9859363729567544,0.9890130573694068
680,1,1.0,1.0,1.0,1.0,1.0,1.0,1.0,0.99999964,0.9999999999999346,0.9696316047996446,0.9878198933287393,0.9859363729567544,0.9890130573694068
681,1,1.0,1.0,1.0,1.0,1.0,1.0,1.0,1.0,0.9999999999999634,0.9697026209120911,0.9997825515363279,0.9859363729567544,0.9890130573694068
682,1,1.0,1.0,1.0,1.0,1.0,1.0,1.0,0.9999994,0.9999999999999538,0.9696766239337863,0.9715152635107532,0.9859363729567544,0.9890130573694068
683,1,1.0,1.0,1.0,1.0,1.0,1.0,1.0,1.0,0.9999999999996347,0.9696309174586593,0.7798383440557941,0.9859363729567544,0.9890130573694068
684,1,1.0,1.0,1.0,1.0,1.0,1.0,1.0,0.9999572,0.9999999999996864,0.9697247541136219,0.9539714790148767,0.9859363729567544,0.9890130573694068
685,1,1.0,1.0,1.0,1.0,1.0,1.0,1.0,0.99995625,0.999999999998906,0.9696784459004255,0.9767727587170463,0.9859363729567544,0.9890130573694068
686,1,1.0,1.0,1.0,1.0,1.0,1.0,1.0,1.0,0.9999999999998941,0.969627405955071,0.9072925059983022,0.9859363729567544,0.9890130573694068
687,1,1.0,1.0,1.0,1.0,1.0,1.0,1.0,0.99999964,0.9999999999986653,0.969572636556465,0.9983588256674,0.9859363729567544,0.9890130573694068
688,1,1.0,1.0,1.0,1.0,1.0,1.0,1.0,0.9999999,0.9999999999996441,0.9696200521797904,0.99809579642152,0.9859363729567544,0.9890130573694068
689,1,1.0,1.0,1.0,1.0,1.0,1.0,1.0,1.0,0.9999999999992322,0.9696024792935466,0.7783637834582099,0.9859363729567544,0.9890130573694068
690,1,1.0,1.0,1.0,1.0,1.0,1.0,1.0,0.9985656,0.9999999999983236,0.9695986518570293,0.9892076131010374,0.9859363729567544,0.9890130573694068
691,1,1.0,1.0,1.0,1.0,1.0,1.0,1.0,1.0,0.9999999999994996,0.969650299329281,0.9992979134407941,0.9859363729567544,0.9890130573694068
692,1,1.0,1.0,1.0,1.0,1.0,1.0,1.0,1.0,0.9999999999998903,0.9695789464009741,0.9978133764845403,0.9859363729567544,0.9890130573694068
693,1,1.0,1.0,1.0,1.0,1.0,1.0,1.0,1.0,0.999999999995032,0.9695514892251137,0.9915251274907846,0.9859363729567544,0.9890130573694068
694,0,1.0,0.48333333333333334,1.0,1.0,0.0,0.0,1.0,3.5806344e-10,0.6977905327532696,0.2400037677304769,0.9980428953988277,0.9859363729567544,0.9890130573694068
695,1,1.0,0.95,1.0,1.0,1.0,1.0,1.0,1.0,0.9267125397010616,0.8354321318073051,0.9504686284734896,0.9859363729567544,0.9890130573694068
696,1,1.0,1.0,1.0,1.0,1.0,1.0,1.0,1.0,0.99999999999997,0.9611241926732229,0.9968394154821897,0.9859363729567544,0.9890130573694068
697,1,1.0,1.0,1.0,1.0,1.0,1.0,1.0,1.0,0.99999999999997,0.9612952823093475,0.9848075749966261,0.9859363729567544,0.9890130573694068
698,1,1.0,1.0,1.0,1.0,1.0,1.0,1.0,1.0,0.99999999999997,0.9610593803505538,0.9919357673365928,0.9859363729567544,0.9890130573694068
699,1,1.0,1.0,1.0,1.0,1.0,1.0,1.0,1.0,0.99999999999997,0.9610732025386047,0.9004883758947761,0.9859363729567544,0.9890130573694068
700,1,1.0,1.0,1.0,1.0,1.0,1.0,1.0,0.9999865,0.99999999999997,0.961086061297117,0.9806669539185048,0.9859363729567544,0.9890130573694068
701,1,1.0,1.0,1.0,1.0,1.0,1.0,1.0,1.0,0.99999999999997,0.9611453123831905,0.9716732917171034,0.9859363729567544,0.9890130573694068
702,1,1.0,1.0,1.0,1.0,1.0,1.0,1.0,1.0,0.99999999999997,0.9610953294366685,0.875600586281366,0.9859363729567544,0.9890130573694068
703,1,1.0,1.0,1.0,1.0,1.0,1.0,1.0,1.0,0.99999999999997,0.9610032472171672,0.9288603225091662,0.9859363729567544,0.9890130573694068
704,1,1.0,1.0,1.0,1.0,1.0,1.0,1.0,1.0,0.99999999999997,0.9611914402730538,0.9989097190647269,0.9859363729567544,0.9890130573694068
705,1,1.0,1.0,1.0,1.0,1.0,0.0,1.0,0.62927026,0.99999999999997,0.9611887761122726,0.8988959948312817,0.9859363729567544,0.9890130573694068
706,1,1.0,1.0,1.0,1.0,1.0,1.0,1.0,0.9999995,0.99999999999997,0.9611213482514397,0.9901461504579078,0.9859363729567544,0.9890130573694068
707,1,1.0,1.0,1.0,1.0,1.0,1.0,1.0,1.0,0.99999999999997,0.9612695926024667,0.9996641762849585,0.9859363729567544,0.9890130573694068
708,1,1.0,1.0,1.0,1.0,1.0,1.0,1.0,1.0,0.99999999999997,0.9611801007725221,0.9297516384348616,0.9859363729567544,0.9890130573694068
709,1,1.0,1.0,1.0,1.0,1.0,0.0,1.0,0.62414175,0.99999999999997,0.9612218446251607,0.9817992500503306,0.9859363729567544,0.9890130573694068
710,1,1.0,1.0,1.0,1.0,1.0,1.0,1.0,1.0,0.99999999999997,0.9611336478986553,0.9982457461874501,0.9859363729567544,0.9890130573694068
711,1,1.0,1.0,1.0,1.0,1.0,1.0,1.0,1.0,0.99999999999997,0.9611934226691952,0.9553544289531872,0.9859363729567544,0.9890130573694068
712,1,1.0,1.0,1.0,1.0,1.0,1.0,1.0,0.99999475,0.99999999999997,0.9610812296709326,0.9992269546581408,0.9859363729567544,0.9890130573694068
713,1,1.0,1.0,1.0,1.0,1.0,1.0,1.0,0.9999945,0.99999999999997,0.9610777392813358,0.9996065473638286,0.9859363729567544,0.9890130573694068
714,1,1.0,1.0,1.0,1.0,1.0,1.0,1.0,1.0,0.99999999999997,0.9612080146742336,0.9964337157632774,0.9859363729567544,0.9890130573694068
715,1,1.0,1.0,1.0,1.0,1.0,1.0,1.0,0.99999964,0.99999999999997,0.9611657817291902,0.8853707458530701,0.9859363729567544,0.9890130573694068
716,1,1.0,1.0,1.0,1.0,1.0,1.0,1.0,0.9999994,0.99999999999997,0.9611417435448958,0.4760773225560131,0.9859363729567544,0.9890130573694068
717,1,1.0,1.0,1.0,1.0,1.0,1.0,1.0,0.99999964,0.99999999999997,0.9612104453473714,0.9878198933287393,0.9859363729567544,0.9890130573694068
718,1,1.0,1.0,1.0,1.0,1.0,1.0,1.0,1.0,0.99999999999997,0.9611518254474702,0.9368355682767364,0.9859363729567544,0.9890130573694068
719,1,1.0,1.0,1.0,1.0,1.0,1.0,1.0,1.0,0.99999999999997,0.9611365968024774,0.8115226939651581,0.9859363729567544,0.9890130573694068
720,1,1.0,1.0,1.0,1.0,1.0,1.0,1.0,1.0,0.99999999999997,0.961184553611597,0.9042779816815727,0.9859363729567544,0.9890130573694068
721,1,1.0,1.0,1.0,1.0,1.0,1.0,1.0,1.0,0.99999999999997,0.9611431045208819,0.9807790849911555,0.9859363729567544,0.9890130573694068
722,1,1.0,1.0,1.0,1.0,1.0,1.0,1.0,1.0,0.99999999999997,0.9611076632151961,0.9450090289798143,0.9859363729567544,0.9890130573694068
723,1,1.0,1.0,1.0,1.0,1.0,1.0,1.0,0.9999999,0.99999999999997,0.9612391205093435,0.8584255841961285,0.9859363729567544,0.9890130573694068
724,1,1.0,1.0,1.0,1.0,1.0,1.0,1.0,0.99956864,0.99999999999997,0.9611824707611311,0.9800274578894133,0.9859363729567544,0.9890130573694068
725,1,1.0,1.0,1.0,1.0,1.0,1.0,1.0,1.0,0.99999999999997,0.9612134852489034,0.9761906194330263,0.9859363729567544,0.9890130573694068
726,1,1.0,1.0,1.0,1.0,1.0,1.0,1.0,1.0,0.99999999999997,0.9611439970288749,0.990742028185826,0.9859363729567544,0.9890130573694068
727,1,1.0,1.0,1.0,1.0,1.0,1.0,1.0,0.9999994,0.99999999999997,0.9611897472931026,0.9998714169608842,0.9859363729567544,0.9890130573694068
728,1,1.0,1.0,1.0,1.0,1.0,1.0,1.0,0.99942577,0.99999999999997,0.9611480744078865,0.9768733786396868,0.9859363729567544,0.9890130573694068
729,1,1.0,1.0,1.0,1.0,1.0,1.0,1.0,1.0,0.99999999999997,0.961232474264487,0.9982886670344153,0.9859363729567544,0.9890130573694068
730,1,1.0,1.0,1.0,1.0,1.0,1.0,1.0,1.0,0.99999999999997,0.9610910635669188,0.9957155654461465,0.9859363729567544,0.9890130573694068
731,1,1.0,1.0,1.0,1.0,1.0,1.0,1.0,0.9999995,0.99999999999997,0.9610461868911114,0.9949319332992937,0.9859363729567544,0.9890130573694068
732,1,1.0,1.0,1.0,1.0,1.0,1.0,1.0,0.99999785,0.99999999999997,0.9611116582257474,0.9998641474360097,0.9859363729567544,0.9890130573694068
733,1,1.0,1.0,1.0,1.0,1.0,1.0,1.0,0.99955505,0.99999999999997,0.9611178044038386,0.9942653234546648,0.9859363729567544,0.9890130573694068
734,1,1.0,1.0,1.0,1.0,1.0,1.0,1.0,0.99999964,0.99999999999997,0.9611820737198242,0.614864268738593,0.9859363729567544,0.9890130573694068
735,1,1.0,1.0,1.0,1.0,1.0,1.0,1.0,1.0,0.99999999999997,0.9610797937896558,0.9988181848705252,0.9859363729567544,0.9890130573694068
736,1,1.0,1.0,1.0,1.0,1.0,1.0,1.0,1.0,0.99999999999997,0.9611790022939597,0.9052489979223155,0.9859363729567544,0.9890130573694068
737,1,1.0,1.0,1.0,1.0,1.0,1.0,1.0,1.0,0.99999999999997,0.9612319722892051,0.9934786839158066,0.9859363729567544,0.9890130573694068
738,1,1.0,1.0,1.0,1.0,1.0,1.0,1.0,0.9999994,0.99999999999997,0.9610980758151977,0.9965733045388574,0.9859363729567544,0.9890130573694068
739,1,1.0,1.0,1.0,1.0,1.0,1.0,1.0,1.0,0.99999999999997,0.9611158911052214,0.5442448356969801,0.9859363729567544,0.9890130573694068
740,1,1.0,1.0,1.0,1.0,1.0,1.0,1.0,1.0,0.99999999999997,0.9612387031411145,0.9028611395902505,0.9859363729567544,0.9890130573694068
741,1,1.0,1.0,1.0,1.0,1.0,1.0,1.0,0.9999585,0.99999999999997,0.9611812487284997,0.9983469135392308,0.9859363729567544,0.9890130573694068
742,1,1.0,1.0,1.0,1.0,1.0,1.0,1.0,0.9999726,0.99999999999997,0.96111523036732,0.9916233555396038,0.9859363729567544,0.9890130573694068
743,1,1.0,1.0,1.0,1.0,1.0,1.0,1.0,1.0,0.99999999999997,0.961095333649992,0.9898069196996704,0.9859363729567544,0.9890130573694068
744,1,1.0,1.0,1.0,1.0,1.0,1.0,1.0,0.99999845,0.99999999999997,0.9610551597445783,0.9402087202483198,0.9859363729567544,0.9890130573694068
745,1,1.0,1.0,1.0,1.0,1.0,1.0,1.0,0.9964586,0.99999999999997,0.9611919431069006,0.9915073481917241,0.9859363729567544,0.9890130573694068
746,1,1.0,1.0,1.0,1.0,1.0,1.0,1.0,1.0,0.99999999999997,0.9611416912379508,0.8343638027218278,0.9859363729567544,0.9890130573694068
747,1,1.0,1.0,1.0,1.0,1.0,1.0,1.0,0.99999964,0.9999999999999676,0.9611031688615593,0.9797232053679574,0.9859363729567544,0.9890130573694068
748,1,1.0,1.0,1.0,1.0,1.0,1.0,1.0,1.0,0.999999999999968,0.961095645615501,0.9947257486912933,0.9859363729567544,0.9890130573694068
749,1,1.0,1.0,1.0,1.0,1.0,1.0,1.0,1.0,0.99999999999997,0.9610476019886254,0.9708606748355607,0.9859363729567544,0.9890130573694068
750,1,1.0,1.0,1.0,1.0,1.0,1.0,1.0,1.0,0.99999999999997,0.9611463892220848,0.9810407131437395,0.9859363729567544,0.9890130573694068
751,1,1.0,1.0,1.0,1.0,1.0,1.0,1.0,1.0,0.99999999999997,0.9611730725057469,0.777883614251681,0.9859363729567544,0.9890130573694068
752,1,1.0,1.0,1.0,1.0,1.0,1.0,1.0,1.0,0.9999999999999682,0.961096593337017,0.9779578587365787,0.9859363729567544,0.9890130573694068
753,1,1.0,1.0,1.0,1.0,1.0,1.0,1.0,0.9999999,0.9999999999999682,0.961210904201243,0.9992660901265609,0.9859363729567544,0.9890130573694068
754,1,1.0,1.0,1.0,1.0,1.0,1.0,1.0,1.0,0.9999999999999678,0.9611825644490943,0.9807790849911555,0.9859363729567544,0.9890130573694068
755,1,1.0,1.0,1.0,1.0,1.0,1.0,1.0,1.0,0.9999999999999676,0.9612304572870641,0.9945311123996511,0.9859363729567544,0.9890130573694068
756,1,1.0,1.0,1.0,1.0,1.0,1.0,1.0,1.0,0.99999999999997,0.961182558810307,0.9959723248127641,0.9859363729567544,0.9890130573694068
757,1,1.0,1.0,1.0,1.0,1.0,1.0,1.0,1.0,0.99999999999997,0.9610694680300017,0.9933259729516258,0.9859363729567544,0.9890130573694068
758,1,1.0,1.0,1.0,1.0,1.0,1.0,1.0,0.95389265,0.99999999999997,0.9610561173467844,0.9511334193575761,0.9859363729567544,0.9890130573694068
759,1,1.0,1.0,1.0,1.0,1.0,1.0,1.0,1.0,0.99999999999997,0.961144941299325,0.9152593670984285,0.9859363729567544,0.9890130573694068
760,1,1.0,1.0,1.0,1.0,1.0,1.0,1.0,0.9999995,0.99999999999997,0.9612266481161608,0.9728454402313627,0.9859363729567544,0.9890130573694068
761,1,0.0,1.0,1.0,1.0,0.0,0.0,1.0,0.118427955,0.99999999999997,0.9611338200709112,0.7940229334779203,0.9859363729567544,0.9890130573694068
762,1,1.0,1.0,1.0,1.0,1.0,1.0,1.0,0.9999988,0.99999999999997,0.9612012483781511,0.980829147223609,0.9859363729567544,0.9890130573694068
763,1,1.0,1.0,1.0,1.0,1.0,1.0,1.0,1.0,0.9999999999999699,0.9611666453161087,0.9985225863445687,0.9859363729567544,0.9890130573694068
764,1,1.0,1.0,1.0,1.0,1.0,1.0,1.0,1.0,0.99999999999993,0.961103505919436,0.998599409514803,0.9859363729567544,0.9890130573694068
765,1,1.0,1.0,1.0,1.0,1.0,1.0,1.0,0.9999099,0.99999999999997,0.9611502075027395,0.9720665014035661,0.9859363729567544,0.9890130573694068
766,1,1.0,1.0,1.0,1.0,1.0,1.0,1.0,1.0,0.99999999999997,0.9612569705075756,0.9968664517822112,0.9859363729567544,0.9890130573694068
767,1,1.0,1.0,1.0,1.0,1.0,1.0,1.0,0.99999213,0.9999999999999692,0.9611168550457946,0.9990257050392215,0.9859363729567544,0.9890130573694068
768,1,1.0,1.0,1.0,1.0,1.0,1.0,1.0,1.0,0.99999999999997,0.9611105311354178,0.5561065307185673,0.9859363729567544,0.9890130573694068
769,1,1.0,1.0,1.0,1.0,1.0,1.0,1.0,0.99981683,0.99999999999997,0.9611982430378999,0.9718834432625131,0.9859363729567544,0.9890130573694068
770,1,1.0,1.0,1.0,1.0,1.0,1.0,1.0,1.0,0.99999999999997,0.9612096537819084,0.9004883758947761,0.9859363729567544,0.9890130573694068
771,1,1.0,1.0,1.0,1.0,1.0,1.0,1.0,1.0,0.99999999999997,0.9611096353672954,0.9886611534789715,0.9859363729567544,0.9890130573694068
772,1,1.0,1.0,1.0,1.0,1.0,1.0,1.0,1.0,0.99999999999997,0.9611208060175576,0.9968911334926136,0.9859363729567544,0.9890130573694068
773,1,1.0,1.0,1.0,1.0,1.0,1.0,1.0,1.0,0.99999999999997,0.9611161983268258,0.9995709982075783,0.9859363729567544,0.9890130573694068
774,1,1.0,1.0,1.0,1.0,1.0,1.0,1.0,1.0,0.99999999999997,0.9612015027476511,0.9442088087453052,0.9859363729567544,0.9890130573694068
775,1,1.0,1.0,1.0,1.0,1.0,1.0,1.0,1.0,0.99999999999997,0.9612137479025145,0.9953335183259194,0.9859363729567544,0.9890130573694068
776,1,1.0,1.0,1.0,1.0,1.0,1.0,1.0,1.0,0.99999999999997,0.9612598776209694,0.999850104293133,0.9859363729567544,0.9890130573694068
777,1,1.0,1.0,1.0,1.0,1.0,1.0,1.0,1.0,0.99999999999997,0.961144538656142,0.953540421649482,0.9859363729567544,0.9890130573694068
778,1,1.0,1.0,1.0,1.0,1.0,1.0,1.0,0.7532616,0.9999999999999442,0.9611946468889835,0.7082152780171436,0.9859363729567544,0.9890130573694068
779,1,1.0,1.0,1.0,1.0,1.0,1.0,1.0,1.0,0.9999999999994815,0.9611714500752566,0.9703647262473075,0.9859363729567544,0.9890130573694068
780,1,1.0,1.0,1.0,1.0,1.0,1.0,1.0,1.0,0.9999999999998335,0.9611200299244548,0.9959723248127641,0.9859363729567544,0.9890130573694068
781,1,1.0,1.0,1.0,1.0,1.0,1.0,1.0,1.0,0.9999999999999272,0.9610721644939952,0.9987513354456483,0.9859363729567544,0.9890130573694068
782,1,1.0,1.0,1.0,1.0,1.0,1.0,1.0,1.0,0.9999999999999651,0.9611825176381387,0.9916640801484449,0.9859363729567544,0.9890130573694068
783,1,1.0,1.0,1.0,1.0,1.0,1.0,1.0,0.99995625,0.9999999999999568,0.9611296510304995,0.9767727587170463,0.9859363729567544,0.9890130573694068
784,1,1.0,1.0,1.0,1.0,1.0,1.0,1.0,0.9997688,0.9999999998964227,0.9611666030411505,0.9389052360885237,0.9859363729567544,0.9890130573694068
785,1,1.0,1.0,1.0,1.0,1.0,1.0,1.0,1.0,0.9999999858966298,0.9612416469681585,0.8894206904339861,0.9859363729567544,0.9890130573694068
786,1,1.0,1.0,1.0,1.0,1.0,1.0,1.0,1.0,0.9998997162149899,0.961101477443136,0.9995709982075783,0.9859363729567544,0.9890130573694068
787,1,1.0,1.0,1.0,1.0,1.0,1.0,1.0,1.0,0.9997369611692645,0.9612187456472733,0.9922262959205852,0.9859363729567544,0.9890130573694068
788,1,1.0,1.0,1.0,1.0,1.0,1.0,1.0,1.0,0.9974806189086822,0.9612101464237546,0.9889619477713655,0.9859363729567544,0.9890130573694068
789,1,1.0,1.0,1.0,1.0,1.0,1.0,1.0,0.9999474,0.9951520268944939,0.9610012344828062,0.8703637490889292,0.9859363729567544,0.9890130573694068
790,1,1.0,1.0,1.0,1.0,1.0,1.0,1.0,1.0,0.9934394403529773,0.9611610611436013,0.9975377304543713,0.9859363729567544,0.9890130573694068
791,1,1.0,0.9833333333333333,1.0,1.0,1.0,1.0,1.0,0.994052,0.9678011643467862,0.9611430269764405,0.9974407219656263,0.9859363729567544,0.9890130573694068
792,1,1.0,1.0,1.0,1.0,1.0,1.0,1.0,0.9997688,0.9687467349877115,0.9611344683297214,0.9389052360885237,0.9859363729567544,0.9890130573694068
793,1,1.0,1.0,1.0,1.0,1.0,1.0,1.0,1.0,0.9849022048437539,0.9611497581742738,0.6982152611046035,0.9859363729567544,0.9890130573694068
794,1,1.0,1.0,1.0,1.0,1.0,1.0,1.0,1.0,0.987260461336554,0.9610635042557341,0.8253673484226914,0.9859363729567544,0.9890130573694068
795,1,1.0,1.0,1.0,1.0,1.0,1.0,1.0,0.99924254,0.9877079193564904,0.9611903307389884,0.9985192374703561,0.9859363729567544,0.9890130573694068
796,1,1.0,1.0,1.0,1.0,1.0,1.0,1.0,1.0,0.9736527495730597,0.9611453293657508,0.9997786133656323,0.9859363729567544,0.9890130573694068
797,1,1.0,1.0,1.0,1.0,1.0,1.0,1.0,0.99996686,0.9607012019588771,0.9611064936193938,0.9848579002532036,0.9859363729567544,0.9890130573694068
798,1,1.0,1.0,1.0,1.0,1.0,1.0,1.0,1.0,0.9566658109190153,0.9611376093422206,0.9994534991285807,0.9859363729567544,0.9890130573694068
799,1,1.0,1.0,1.0,1.0,1.0,1.0,1.0,1.0,0.976979731047324,0.9610295658135944,0.9589504447476522,0.9859363729567544,0.9890130573694068
800,1,1.0,1.0,1.0,1.0,1.0,1.0,1.0,1.0,0.9766231323260351,0.9612013621734127,0.99947129670321,0.9859363729567544,0.9890130573694068
801,1,1.0,1.0,1.0,1.0,1.0,1.0,1.0,1.0,0.9693184621092118,0.9611911130158777,0.9985578647082707,0.9859363729567544,0.9890130573694068
802,1,1.0,1.0,1.0,1.0,1.0,1.0,1.0,1.0,0.9630047915268325,0.9611189868165787,0.998599409514803,0.9859363729567544,0.9890130573694068
803,1,0.0,1.0,1.0,1.0,0.0,0.0,1.0,0.0012539076,0.9754294067539746,0.9611389433510205,0.7717042860040915,0.9859363729567544,0.9890130573694068
804,1,1.0,1.0,1.0,1.0,1.0,1.0,1.0,0.9999999,0.9706674519808532,0.9611320148685925,0.9969011700302671,0.9859363729567544,0.9890130573694068
805,1,1.0,1.0,1.0,1.0,1.0,1.0,1.0,1.0,0.978603636103055,0.9610952732432522,0.9834107582807888,0.9859363729567544,0.9890130573694068
806,1,1.0,1.0,1.0,1.0,1.0,1.0,1.0,0.9998722,0.9549025175515238,0.9610472032284992,0.8600751005582272,0.9859363729567544,0.9890130573694068
807,1,1.0,1.0,1.0,1.0,1.0,1.0,1.0,1.0,0.9679014451171868,0.9610568588458476,0.89132174362642,0.9859363729567544,0.9890130573694068
808,1,1.0,1.0,1.0,1.0,1.0,1.0,1.0,0.99999654,0.948858084611814,0.9611036229275427,0.9951867161137676,0.9859363729567544,0.9890130573694068
809,1,1.0,1.0,1.0,1.0,1.0,1.0,1.0,1.0,0.9550027861314655,0.9611530835659978,0.9849401474637541,0.9859363729567544,0.9890130573694068
810,1,1.0,1.0,1.0,1.0,1.0,1.0,1.0,0.9999993,0.9798306954377132,0.9611223832832471,0.9968474743923036,0.9859363729567544,0.9890130573694068
811,1,1.0,1.0,1.0,1.0,1.0,1.0,1.0,0.9999994,0.9641053193704252,0.9611915861539728,0.9715152635107532,0.9859363729567544,0.9890130573694068
812,1,1.0,0.85,1.0,1.0,1.0,1.0,1.0,0.84459525,0.993628980389375,0.8196278455152769,0.7900879934083906,0.9859363729567544,0.9890130573694068
813,0,1.0,0.08333333333333333,1.0,1.0,0.0,0.0,1.0,5.9024354e-09,0.8788094178198306,0.017955890017440676,0.9937303750222526,0.9859363729567544,0.9890130573694068
814,0,1.0,0.6833333333333333,1.0,1.0,0.0,0.0,1.0,6.510694e-10,0.6102725434674535,0.31682926398781197,0.9937324282736427,0.9859363729567544,0.9890130573694068
815,1,1.0,1.0,1.0,1.0,1.0,1.0,1.0,1.0,0.999999999999665,0.9614232764316404,0.9993075318279533,0.9859363729567544,0.9890130573694068
816,1,1.0,1.0,1.0,1.0,1.0,1.0,1.0,1.0,0.9999999999999543,0.9614388133777906,0.9911357466633574,0.9859363729567544,0.9890130573694068
817,1,1.0,1.0,1.0,1.0,1.0,1.0,1.0,1.0,0.9999999999999649,0.9614676573411493,0.9991065816063807,0.9859363729567544,0.9890130573694068
818,1,1.0,1.0,1.0,1.0,1.0,1.0,1.0,1.0,0.9999999999999676,0.9614234633391351,0.6180199338147758,0.9859363729567544,0.9890130573694068
819,1,1.0,1.0,1.0,1.0,1.0,1.0,1.0,0.999998,0.99999999999997,0.9614459937168391,0.9827241642341763,0.9859363729567544,0.9890130573694068
820,1,1.0,1.0,1.0,1.0,1.0,1.0,1.0,0.9999999,0.9999999999999697,0.9614930582679903,0.999448420024223,0.9859363729567544,0.9890130573694068
821,1,1.0,1.0,1.0,1.0,1.0,1.0,1.0,1.0,0.99999999999997,0.9614401997275667,0.994922028021858,0.9859363729567544,0.9890130573694068
822,1,1.0,1.0,1.0,1.0,1.0,1.0,1.0,1.0,0.9999999999999521,0.9613588477153162,0.8343638027218278,0.9859363729567544,0.9890130573694068
823,1,1.0,1.0,1.0,1.0,1.0,1.0,1.0,1.0,0.9999999999999407,0.9613395736348626,0.9978133764845403,0.9859363729567544,0.9890130573694068
824,1,1.0,1.0,1.0,1.0,1.0,1.0,1.0,1.0,0.9999999999999699,0.9614476521065524,0.9998261361087354,0.9859363729567544,0.9890130573694068
825,1,1.0,0.7833333333333333,1.0,1.0,1.0,1.0,1.0,1.0,0.9933570644246233,0.7777762991556255,0.9993486359433033,0.9859363729567544,0.9890130573694068
826,1,1.0,0.7833333333333333,1.0,1.0,1.0,1.0,1.0,1.0,0.9922715733019991,0.7770770019159734,0.9488285726062481,0.9859363729567544,0.9890130573694068
827,1,1.0,1.0,1.0,1.0,1.0,1.0,1.0,1.0,0.99999999999997,0.9870177882619979,0.9979521728029752,0.9859363729567544,0.9890130573694068
828,1,1.0,1.0,1.0,1.0,1.0,1.0,1.0,0.9999999,0.99999999999997,0.9870354985494142,0.852413884025049,0.9859363729567544,0.9890130573694068
829,1,1.0,1.0,1.0,1.0,1.0,1.0,1.0,1.0,0.99999999999997,0.9870218232171423,0.9995728893995548,0.9859363729567544,0.9890130573694068
830,1,1.0,1.0,1.0,1.0,1.0,1.0,1.0,0.9999999,0.99999999999997,0.9870364767724625,0.852413884025049,0.9859363729567544,0.9890130573694068
831,1,1.0,1.0,1.0,1.0,1.0,1.0,1.0,0.9999646,0.99999999999997,0.987019412996951,0.8071260423747069,0.9859363729567544,0.9890130573694068
832,1,1.0,1.0,1.0,1.0,1.0,1.0,1.0,1.0,0.99999999999997,0.987024156286107,0.9973764903928362,0.9859363729567544,0.9890130573694068
833,1,1.0,1.0,1.0,1.0,1.0,1.0,1.0,0.9999976,0.99999999999997,0.987021351870702,0.9997428013212655,0.9859363729567544,0.9890130573694068
834,1,1.0,1.0,1.0,1.0,1.0,1.0,1.0,1.0,0.99999999999997,0.9870242477247747,0.960878499878482,0.9859363729567544,0.9890130573694068
835,1,1.0,1.0,1.0,1.0,1.0,1.0,1.0,1.0,0.99999999999997,0.9870345218055792,0.9939013767244443,0.9859363729567544,0.9890130573694068
836,1,1.0,1.0,1.0,1.0,1.0,1.0,1.0,1.0,0.99999999999997,0.986984853645607,0.9988181848705252,0.9859363729567544,0.9890130573694068
837,1,1.0,1.0,1.0,1.0,1.0,0.0,1.0,0.642584,0.99999999999997,0.9869988406295231,0.9998852817449227,0.9859363729567544,0.9890130573694068
838,1,1.0,1.0,1.0,1.0,1.0,1.0,1.0,1.0,0.99999999999997,0.9870396730920263,0.9963420132546233,0.9859363729567544,0.9890130573694068
839,1,1.0,1.0,1.0,1.0,1.0,1.0,1.0,1.0,0.99999999999997,0.986976295198302,0.7783637834582099,0.9859363729567544,0.9890130573694068
840,1,1.0,1.0,1.0,1.0,1.0,1.0,1.0,0.99990666,0.99999999999997,0.9870411932225855,0.7866891267407105,0.9859363729567544,0.9890130573694068
841,1,1.0,1.0,1.0,1.0,1.0,1.0,1.0,0.99999964,0.99999999999997,0.9870055304189059,0.5532423975531677,0.9859363729567544,0.9890130573694068
842,1,1.0,1.0,1.0,1.0,1.0,1.0,1.0,0.99999917,0.99999999999997,0.987022539493588,0.4416199599916231,0.9859363729567544,0.9890130573694068
843,1,1.0,1.0,1.0,1.0,1.0,1.0,1.0,1.0,0.99999999999997,0.9870148504508597,0.9420372454368549,0.9859363729567544,0.9890130573694068
844,1,1.0,1.0,1.0,1.0,1.0,1.0,1.0,1.0,0.99999999999997,0.9870399621373249,0.7387567492043924,0.9859363729567544,0.9890130573694068
845,1,1.0,1.0,1.0,1.0,1.0,1.0,1.0,0.9999945,0.99999999999997,0.9869658515182974,0.9996065473638286,0.9859363729567544,0.9890130573694068
846,1,1.0,1.0,1.0,1.0,1.0,1.0,1.0,0.9998148,0.99999999999997,0.9869867728682415,0.9565407929458163,0.9859363729567544,0.9890130573694068
847,1,1.0,1.0,1.0,1.0,1.0,1.0,1.0,0.99924636,0.99999999999997,0.9870154682151566,0.9856276424356207,0.9859363729567544,0.9890130573694068
848,1,1.0,1.0,1.0,1.0,1.0,1.0,1.0,1.0,0.99999999999997,0.9870515697528445,0.8115226939651581,0.9859363729567544,0.9890130573694068
849,1,1.0,1.0,1.0,1.0,1.0,1.0,1.0,0.99999964,0.99999999999997,0.9870417117461315,0.9755829287641155,0.9859363729567544,0.9890130573694068
850,1,1.0,1.0,1.0,1.0,1.0,1.0,1.0,1.0,0.99999999999997,0.9870222590305002,0.9943239185061638,0.9859363729567544,0.9890130573694068
851,1,1.0,1.0,1.0,1.0,1.0,1.0,1.0,1.0,0.99999999999997,0.9869969648502307,0.9503783446684738,0.9859363729567544,0.9890130573694068
852,1,1.0,1.0,1.0,1.0,1.0,1.0,1.0,1.0,0.99999999999997,0.9870326989315277,0.9869898212994083,0.9859363729567544,0.9890130573694068
853,1,1.0,1.0,1.0,1.0,1.0,1.0,1.0,0.99999654,0.99999999999997,0.9870249541604534,0.9951867161137676,0.9859363729567544,0.9890130573694068
854,1,1.0,1.0,1.0,1.0,1.0,1.0,1.0,0.9999995,0.99999999999997,0.987000763169158,0.9949319332992937,0.9859363729567544,0.9890130573694068
855,1,1.0,1.0,1.0,1.0,1.0,1.0,1.0,1.0,0.99999999999997,0.9870096676763924,0.9980476927783568,0.9859363729567544,0.9890130573694068
856,1,1.0,1.0,1.0,1.0,1.0,1.0,1.0,0.99909043,0.99999999999997,0.9870277315561578,0.9267641762667997,0.9859363729567544,0.9890130573694068
857,1,1.0,1.0,1.0,1.0,1.0,1.0,1.0,1.0,0.99999999999997,0.9870063345490934,0.971740291806849,0.9859363729567544,0.9890130573694068
858,1,0.0,1.0,1.0,1.0,0.0,0.0,1.0,0.20783812,0.99999999999997,0.9870506109370116,0.8885901450321682,0.9859363729567544,0.9890130573694068
859,1,1.0,1.0,1.0,1.0,1.0,1.0,1.0,0.9999474,0.9999999999999699,0.9870053711891382,0.8703637490889292,0.9859363729567544,0.9890130573694068
860,1,1.0,1.0,1.0,1.0,1.0,1.0,1.0,1.0,0.99999999999997,0.9870022257060842,0.884208301577366,0.9859363729567544,0.9890130573694068
861,1,1.0,1.0,1.0,1.0,1.0,1.0,1.0,1.0,0.9999999999999697,0.987021095232062,0.9301409614548177,0.9859363729567544,0.9890130573694068
862,1,1.0,1.0,1.0,1.0,1.0,1.0,1.0,1.0,0.99999999999997,0.9870017553706282,0.9566587225470251,0.9859363729567544,0.9890130573694068
863,1,1.0,1.0,1.0,1.0,1.0,1.0,1.0,1.0,0.9999999999999697,0.987006065138002,0.9968394154821897,0.9859363729567544,0.9890130573694068
864,1,1.0,1.0,1.0,1.0,1.0,1.0,1.0,0.99999964,0.999999999999969,0.9870279372752353,0.975478069297065,0.9859363729567544,0.9890130573694068
865,1,1.0,1.0,1.0,1.0,1.0,1.0,1.0,1.0,0.9999999999999089,0.987015200055998,0.9954328690064986,0.9859363729567544,0.9890130573694068
866,1,1.0,1.0,1.0,1.0,1.0,1.0,1.0,0.9453398,0.9999999999999672,0.9870187893996589,0.9823268531928321,0.9859363729567544,0.9890130573694068
867,1,1.0,1.0,1.0,1.0,1.0,1.0,1.0,0.9999428,0.9999999999999688,0.9869937715547826,0.9635043086147345,0.9859363729567544,0.9890130573694068
868,1,1.0,1.0,1.0,1.0,1.0,1.0,1.0,1.0,0.99999999999997,0.9869591654923323,0.9951480158457396,0.9859363729567544,0.9890130573694068
869,1,1.0,1.0,1.0,1.0,1.0,1.0,1.0,1.0,0.9999999999999698,0.9870151537095079,0.999008556451352,0.9859363729567544,0.9890130573694068
870,1,1.0,1.0,1.0,1.0,1.0,1.0,1.0,1.0,0.99999999999997,0.9869924939864542,0.8858185212335951,0.9859363729567544,0.9890130573694068
871,1,1.0,1.0,1.0,1.0,1.0,1.0,1.0,1.0,0.9999999999999382,0.9870248151678884,0.9952124579518058,0.9859363729567544,0.9890130573694068
872,1,1.0,1.0,1.0,1.0,1.0,1.0,1.0,1.0,0.9999999999999697,0.9870163291647239,0.971217112825317,0.9859363729567544,0.9890130573694068
873,1,1.0,1.0,1.0,1.0,1.0,1.0,1.0,1.0,0.9999999999999687,0.9869946828626772,0.9696980906426843,0.9859363729567544,0.9890130573694068
874,1,1.0,1.0,1.0,1.0,1.0,1.0,1.0,1.0,0.99999999999997,0.9870309837948181,0.9902327354675645,0.9859363729567544,0.9890130573694068
875,1,1.0,1.0,1.0,1.0,1.0,1.0,1.0,0.99454486,0.99999999999997,0.9870222451681978,0.9997480724521922,0.9859363729567544,0.9890130573694068
876,1,1.0,1.0,1.0,1.0,1.0,1.0,1.0,1.0,0.99999999999997,0.9869798982400334,0.995705972815073,0.9859363729567544,0.9890130573694068
877,1,1.0,1.0,1.0,1.0,1.0,1.0,1.0,1.0,0.99999999999997,0.9870369327116213,0.9975318705174454,0.9859363729567544,0.9890130573694068
878,1,1.0,1.0,1.0,1.0,1.0,1.0,1.0,1.0,0.99999999999997,0.9870304203913028,0.9771750040561795,0.9859363729567544,0.9890130573694068
879,1,1.0,1.0,1.0,1.0,1.0,1.0,1.0,0.99975055,0.99999999999997,0.9870185074195592,0.9945150666885579,0.9859363729567544,0.9890130573694068
880,1,1.0,0.7833333333333333,1.0,1.0,1.0,1.0,1.0,0.99999213,0.9999999999763359,0.7770660873389732,0.9990257050392215,0.9859363729567544,0.9890130573694068
881,0,1.0,0.0,1.0,1.0,0.0,0.0,1.0,6.2887744e-11,0.9515362002461925,0.017962667647127672,0.947529615912967,0.9859363729567544,0.9890130573694068
882,0,1.0,0.5166666666666667,1.0,1.0,0.0,1.0,1.0,5.9445018e-08,0.5071170971126787,0.01798135882162579,0.9966155355659853,0.9859363729567544,0.9890130573694068
883,0,1.0,0.7833333333333333,1.0,1.0,1.0,1.0,1.0,4.050611e-13,0.32019557381649394,0.01800839519085723,0.9999738674658801,0.9859363729567544,0.9890130573694068
884,0,1.0,0.75,1.0,1.0,1.0,1.0,1.0,0.010724382,0.3006660239193418,0.017957649998441585,0.9947831447725967,0.9859363729567544,0.9890130573694068
885,0,1.0,0.7833333333333333,1.0,1.0,0.0,0.0,1.0,0.24716257,0.2681417086613743,0.0180001222351034,0.9928439216578921,0.9859363729567544,0.9890130573694068
886,0,1.0,0.85,1.0,1.0,1.0,1.0,1.0,2.8969594e-11,0.25640986235763025,0.01799057928598641,0.9923473639240717,0.9859363729567544,0.9890130573694068
887,0,1.0,0.9,1.0,1.0,1.0,1.0,1.0,3.8669832e-14,0.24968272862032656,0.017998068689724943,0.9994551070751386,0.9859363729567544,0.9890130573694068
888,0,1.0,0.8333333333333334,1.0,1.0,1.0,1.0,1.0,5.148301e-10,0.24306444518938966,0.01801988205645947,0.9998547016008598,0.9859363729567544,0.9890130573694068
889,0,1.0,0.8,1.0,1.0,1.0,1.0,1.0,2.2455274e-06,0.3114845880929396,0.017990404811948444,0.9999169352888644,0.9859363729567544,0.9890130573694068
890,0,1.0,0.6666666666666666,1.0,1.0,1.0,1.0,1.0,0.010724382,0.36966110585147605,0.01799938821612227,0.9947831447725967,0.9859363729567544,0.9890130573694068
891,0,1.0,0.8333333333333334,1.0,1.0,1.0,1.0,1.0,4.3170695e-17,0.28567485496984885,0.01800265531472722,0.9995796105850737,0.9859363729567544,0.9890130573694068
892,0,1.0,0.7333333333333333,1.0,1.0,1.0,1.0,1.0,0.0014032612,0.2892912441537146,0.017938696692941146,0.9902873667769994,0.9859363729567544,0.9890130573694068
893,0,1.0,0.7666666666666667,1.0,1.0,1.0,1.0,1.0,0.0057401382,0.3237294137878779,0.017974415137169734,0.9975786345663956,0.9859363729567544,0.9890130573694068
894,0,1.0,0.85,1.0,1.0,1.0,1.0,1.0,1.5315681e-08,0.2601443568606923,0.017977693216982966,0.9953324891808154,0.9859363729567544,0.9890130573694068
895,0,1.0,0.8833333333333333,1.0,1.0,1.0,1.0,1.0,7.0933897e-12,0.26033108547772044,0.017998547372757124,0.9988938997631418,0.9859363729567544,0.9890130573694068
896,0,1.0,0.9,1.0,1.0,0.0,0.0,1.0,4.8821308e-17,0.5207155958194669,0.3819959544573152,0.9593399269717451,0.9859363729567544,0.9890130573694068
897,1,1.0,1.0,1.0,1.0,1.0,1.0,1.0,1.0,0.99999999999997,0.9675538362996409,0.9923029666005819,0.9859363729567544,0.9890130573694068
898,1,1.0,1.0,1.0,1.0,1.0,1.0,1.0,1.0,0.99999999999997,0.9675822349439738,0.9893606989638254,0.9859363729567544,0.9890130573694068
899,1,1.0,1.0,1.0,1.0,1.0,1.0,1.0,1.0,0.99999999999997,0.9676477918329389,0.9834107582807888,0.9859363729567544,0.9890130573694068
900,1,1.0,1.0,1.0,1.0,1.0,1.0,1.0,1.0,0.99999999999997,0.9676748537427249,0.9981332924480197,0.9859363729567544,0.9890130573694068
901,1,1.0,1.0,1.0,1.0,1.0,1.0,1.0,0.9999583,0.99999999999997,0.9675813047704932,0.9743710436115257,0.9859363729567544,0.9890130573694068
902,1,1.0,1.0,1.0,1.0,1.0,1.0,1.0,1.0,0.99999999999997,0.9677003556775176,0.9703647262473075,0.9859363729567544,0.9890130573694068
903,1,1.0,1.0,1.0,1.0,1.0,1.0,1.0,0.9999994,0.99999999999997,0.9675195029515463,0.5399796203406995,0.9859363729567544,0.9890130573694068
904,1,1.0,1.0,1.0,1.0,1.0,1.0,1.0,1.0,0.99999999999997,0.967613869812883,0.9911357466633574,0.9859363729567544,0.9890130573694068
905,0,1.0,0.7166666666666667,1.0,1.0,0.0,0.0,1.0,6.5322037e-13,0.5697988142142713,0.2554026158652363,0.9890808243106946,0.9859363729567544,0.9890130573694068
906,1,1.0,1.0,1.0,1.0,1.0,1.0,1.0,1.0,0.976791354206605,0.9276713117991282,0.9991952088664012,0.9859363729567544,0.9890130573694068
907,1,1.0,1.0,1.0,1.0,1.0,1.0,1.0,0.9999604,0.9999999999256501,0.9591751111562064,0.9791430034305112,0.9859363729567544,0.9890130573694068
908,1,1.0,1.0,1.0,1.0,1.0,1.0,1.0,0.9999999,0.9999999999345078,0.9592133983894128,0.8978241258894561,0.9859363729567544,0.9890130573694068
909,1,1.0,1.0,1.0,1.0,1.0,1.0,1.0,1.0,0.9999999999684341,0.9592385880330928,0.9475763399486578,0.9859363729567544,0.9890130573694068
910,1,1.0,1.0,1.0,1.0,1.0,1.0,1.0,1.0,0.9999999995266106,0.9592660957999843,0.990742028185826,0.9859363729567544,0.9890130573694068
911,1,1.0,1.0,1.0,1.0,1.0,1.0,1.0,0.99997294,0.9999999996763038,0.9592064517843564,0.9356420825804335,0.9859363729567544,0.9890130573694068
912,1,1.0,1.0,1.0,1.0,1.0,1.0,1.0,1.0,0.9999999337745699,0.9591787085693587,0.9914913073591773,0.9859363729567544,0.9890130573694068
913,1,1.0,1.0,1.0,1.0,1.0,1.0,1.0,1.0,0.9999997013227618,0.9591648462097258,0.9443634466745817,0.9859363729567544,0.9890130573694068
914,1,1.0,1.0,1.0,1.0,1.0,1.0,1.0,1.0,0.99999999696147,0.9592177779999697,0.9936234988155211,0.9859363729567544,0.9890130573694068
915,1,1.0,1.0,1.0,1.0,1.0,1.0,1.0,1.0,0.9999999970562166,0.9593251818526584,0.9074013470719665,0.9859363729567544,0.9890130573694068
916,1,1.0,1.0,1.0,1.0,1.0,1.0,1.0,1.0,0.9999999990827368,0.9592425948605878,0.9891274050056654,0.9859363729567544,0.9890130573694068
917,1,1.0,1.0,1.0,1.0,1.0,1.0,1.0,1.0,0.9999999989771826,0.959196621810085,0.9987195194109512,0.9859363729567544,0.9890130573694068
918,1,1.0,1.0,1.0,1.0,1.0,1.0,1.0,0.99999774,0.9999999971405271,0.9592137320543659,0.9679323430729347,0.9859363729567544,0.9890130573694068
919,1,1.0,1.0,1.0,1.0,1.0,1.0,1.0,1.0,0.9999999926295532,0.9591842158388554,0.9982886670344153,0.9859363729567544,0.9890130573694068
920,1,1.0,1.0,1.0,1.0,1.0,1.0,1.0,1.0,0.9999999003889013,0.9590414789900645,0.9972086901972916,0.9859363729567544,0.9890130573694068
921,1,1.0,1.0,1.0,1.0,1.0,1.0,1.0,1.0,0.9998073872154709,0.9591595755439049,0.702048842944432,0.9859363729567544,0.9890130573694068
922,1,1.0,1.0,1.0,1.0,1.0,1.0,1.0,0.9999981,0.9999063245896131,0.9590465079091665,0.9657870074881826,0.9859363729567544,0.9890130573694068
923,1,1.0,1.0,1.0,1.0,1.0,1.0,1.0,1.0,0.9999996231918726,0.9591738160717461,0.9969542583411319,0.9859363729567544,0.9890130573694068
924,1,1.0,1.0,1.0,1.0,1.0,1.0,1.0,1.0,0.9999529047014097,0.9592383496038303,0.9938736283982835,0.9859363729567544,0.9890130573694068
925,1,1.0,1.0,1.0,1.0,1.0,1.0,1.0,0.9999721,0.9999517870921147,0.9591210022444988,0.9657025148112126,0.9859363729567544,0.9890130573694068
926,1,1.0,1.0,1.0,1.0,1.0,1.0,1.0,0.99999964,0.9998265041903799,0.9591866582308909,0.9755829287641155,0.9859363729567544,0.9890130573694068
927,0,1.0,0.5666666666666667,1.0,1.0,0.0,0.0,1.0,2.648847e-12,0.6632141625738732,0.2846291628982548,0.9990814932699816,0.9859363729567544,0.9890130573694068
928,0,1.0,0.7333333333333333,1.0,1.0,1.0,1.0,1.0,4.6067694e-06,0.3478863390424382,0.01800825416398606,0.9962442069690413,0.9859363729567544,0.9890130573694068
929,1,1.0,1.0,1.0,1.0,1.0,1.0,1.0,1.0,0.9999999999563518,0.9350320327316848,0.9993886879251982,0.9859363729567544,0.9890130573694068
930,1,1.0,1.0,1.0,1.0,1.0,1.0,1.0,1.0,0.99999999999997,0.9352077161799961,0.9991065816063807,0.9859363729567544,0.9890130573694068
931,1,1.0,1.0,1.0,1.0,1.0,1.0,1.0,1.0,0.99999999999997,0.9349412057339342,0.8322826740386946,0.9859363729567544,0.9890130573694068
932,1,1.0,1.0,1.0,1.0,1.0,1.0,1.0,0.99999845,0.99999999999997,0.9350774290449676,0.9402087202483198,0.9859363729567544,0.9890130573694068
933,1,1.0,1.0,1.0,1.0,1.0,1.0,1.0,1.0,0.99999999999997,0.9350987631373103,0.989946272724573,0.9859363729567544,0.9890130573694068
934,1,1.0,1.0,1.0,1.0,1.0,1.0,1.0,0.9999989,0.99999999999997,0.935194911480377,0.9981671179996457,0.9859363729567544,0.9890130573694068
935,1,1.0,1.0,1.0,1.0,1.0,1.0,1.0,0.99999714,0.99999999999997,0.9350659696672972,0.9316086858026174,0.9859363729567544,0.9890130573694068
936,1,1.0,1.0,1.0,1.0,1.0,1.0,1.0,1.0,0.99999999999997,0.9351032512196659,0.9768122754955454,0.9859363729567544,0.9890130573694068
937,1,1.0,1.0,1.0,1.0,1.0,1.0,1.0,1.0,0.99999999999997,0.9350668161395309,0.7135158882154171,0.9859363729567544,0.9890130573694068
938,1,1.0,1.0,1.0,1.0,1.0,1.0,1.0,1.0,0.99999999999997,0.9350629580018089,0.9959614558250095,0.9859363729567544,0.9890130573694068
939,1,1.0,1.0,1.0,1.0,1.0,1.0,1.0,0.99999976,0.99999999999997,0.9349442126040272,0.8071877541901133,0.9859363729567544,0.9890130573694068
940,1,1.0,1.0,1.0,1.0,1.0,1.0,1.0,1.0,0.99999999999997,0.9351167390328216,0.9989839903766677,0.9859363729567544,0.9890130573694068
941,1,1.0,1.0,1.0,1.0,1.0,1.0,1.0,0.99999964,0.99999999999997,0.9350780675242567,0.8853707458530701,0.9859363729567544,0.9890130573694068
942,1,1.0,1.0,1.0,1.0,1.0,1.0,1.0,1.0,0.99999999999997,0.9352312870205917,0.9771750040561795,0.9859363729567544,0.9890130573694068
943,1,1.0,1.0,1.0,1.0,1.0,1.0,1.0,0.9999865,0.99999999999997,0.9351089116493665,0.9806669539185048,0.9859363729567544,0.9890130573694068
944,1,1.0,1.0,1.0,1.0,1.0,1.0,1.0,0.99999535,0.99999999999997,0.9350628700425152,0.9783166158342678,0.9859363729567544,0.9890130573694068
945,1,1.0,1.0,1.0,1.0,1.0,1.0,1.0,0.7532616,0.99999999999997,0.9351120087929689,0.7082152780171436,0.9859363729567544,0.9890130573694068
946,1,1.0,1.0,1.0,1.0,1.0,1.0,1.0,1.0,0.99999999999997,0.9349792750901245,0.9357819365267562,0.9859363729567544,0.9890130573694068
947,1,1.0,1.0,1.0,1.0,1.0,1.0,1.0,0.9999993,0.99999999999997,0.9349764844380943,0.9702638853892602,0.9859363729567544,0.9890130573694068
948,1,1.0,1.0,1.0,1.0,1.0,1.0,1.0,0.9999999,0.99999999999997,0.9351819866665249,0.99809579642152,0.9859363729567544,0.9890130573694068
949,1,1.0,1.0,1.0,1.0,1.0,1.0,1.0,1.0,0.99999999999997,0.9350064417316233,0.9558620081271904,0.9859363729567544,0.9890130573694068
950,1,1.0,1.0,1.0,1.0,1.0,1.0,1.0,1.0,0.99999999999997,0.9350194613399684,0.9997774673834056,0.9859363729567544,0.9890130573694068
951,1,1.0,1.0,1.0,1.0,1.0,1.0,1.0,0.99592495,0.99999999999997,0.9350657187689215,0.9558494990785062,0.9859363729567544,0.9890130573694068
952,1,1.0,1.0,1.0,1.0,1.0,1.0,1.0,1.0,0.99999999999997,0.9349761167777276,0.9450090289798143,0.9859363729567544,0.9890130573694068
953,1,1.0,1.0,1.0,1.0,1.0,1.0,1.0,1.0,0.99999999999997,0.9350531168266966,0.9990732886227345,0.9859363729567544,0.9890130573694068
954,1,1.0,1.0,1.0,1.0,1.0,1.0,1.0,1.0,0.99999999999997,0.9351403734119501,0.9981883038982182,0.9859363729567544,0.9890130573694068
955,1,1.0,1.0,1.0,1.0,1.0,1.0,1.0,0.9999999,0.99999999999997,0.9350169477877197,0.9997413079897652,0.9859363729567544,0.9890130573694068
956,1,1.0,1.0,1.0,1.0,1.0,1.0,1.0,1.0,0.99999999999997,0.9349408334331206,0.9916446018030883,0.9859363729567544,0.9890130573694068
957,1,1.0,1.0,1.0,1.0,1.0,1.0,1.0,0.99999976,0.99999999999997,0.935018726005078,0.9331994255903383,0.9859363729567544,0.9890130573694068
958,1,1.0,1.0,1.0,1.0,1.0,1.0,1.0,0.9999099,0.99999999999997,0.9352069563427106,0.9720665014035661,0.9859363729567544,0.9890130573694068
959,1,1.0,1.0,1.0,1.0,1.0,1.0,1.0,0.8872051,0.99999999999997,0.9351236183209488,0.9929785421215213,0.9859363729567544,0.9890130573694068
960,1,1.0,1.0,1.0,1.0,1.0,1.0,1.0,1.0,0.99999999999997,0.9351512169177482,0.9954328690064986,0.9859363729567544,0.9890130573694068
961,1,1.0,1.0,1.0,1.0,1.0,1.0,1.0,0.99993825,0.99999999999997,0.9352488295633322,0.9996093175663895,0.9859363729567544,0.9890130573694068
962,1,1.0,1.0,1.0,1.0,1.0,1.0,1.0,1.0,0.99999999999997,0.9352225564123142,0.5442448356969801,0.9859363729567544,0.9890130573694068
963,1,1.0,1.0,1.0,1.0,1.0,1.0,1.0,1.0,0.99999999999997,0.9349269759057428,0.9728222253088654,0.9859363729567544,0.9890130573694068
964,1,1.0,1.0,1.0,1.0,1.0,1.0,1.0,1.0,0.99999999999997,0.9352217941788317,0.9954328690064986,0.9859363729567544,0.9890130573694068
965,1,0.0,1.0,1.0,1.0,0.0,0.0,1.0,0.2371935,0.99999999999997,0.9350335657780882,0.7946938322306907,0.9859363729567544,0.9890130573694068
966,1,1.0,1.0,1.0,1.0,1.0,1.0,1.0,1.0,0.99999999999997,0.935179248585706,0.8715696181672996,0.9859363729567544,0.9890130573694068
967,1,1.0,1.0,1.0,1.0,1.0,1.0,1.0,1.0,0.99999999999997,0.9351512811093289,0.9964337157632774,0.9859363729567544,0.9890130573694068
968,1,1.0,0.7666666666666667,1.0,1.0,1.0,1.0,1.0,0.9999995,0.99999999999997,0.722550568881325,0.9350976926068192,0.9859363729567544,0.9890130573694068
969,1,1.0,1.0,1.0,1.0,1.0,1.0,1.0,1.0,0.99999999999997,0.9635541840942935,0.8253673484226914,0.9859363729567544,0.9890130573694068
970,1,1.0,1.0,1.0,1.0,1.0,1.0,1.0,1.0,0.99999999999997,0.9636104425410529,0.9963211810908195,0.9859363729567544,0.9890130573694068
971,1,1.0,1.0,1.0,1.0,1.0,1.0,1.0,0.9999999,0.99999999999997,0.9636054581278881,0.9659800730219696,0.9859363729567544,0.9890130573694068
972,1,1.0,1.0,1.0,1.0,1.0,1.0,1.0,1.0,0.99999999999997,0.963618820312567,0.9997712390785425,0.9859363729567544,0.9890130573694068
973,1,1.0,1.0,1.0,1.0,1.0,1.0,1.0,0.99981683,0.99999999999997,0.9636243823383307,0.9718834432625131,0.9859363729567544,0.9890130573694068
974,1,1.0,1.0,1.0,1.0,1.0,1.0,1.0,1.0,0.99999999999997,0.9635061012005158,0.9996403155866256,0.9859363729567544,0.9890130573694068
975,1,1.0,1.0,1.0,1.0,1.0,1.0,1.0,1.0,0.99999999999997,0.9635509956198686,0.9997487656180595,0.9859363729567544,0.9890130573694068
976,1,1.0,1.0,1.0,1.0,1.0,1.0,1.0,1.0,0.99999999999997,0.9636120397545737,0.8122575743093396,0.9859363729567544,0.9890130573694068
977,1,1.0,1.0,1.0,1.0,1.0,1.0,1.0,0.99731064,0.99999999999997,0.9636360892118403,0.9997332676747728,0.9859363729567544,0.9890130573694068
978,1,1.0,1.0,1.0,1.0,1.0,1.0,1.0,1.0,0.99999999999997,0.9635950234560938,0.5843540844009023,0.9859363729567544,0.9890130573694068
979,1,1.0,1.0,1.0,1.0,1.0,1.0,1.0,0.9831955,0.99999999999997,0.963610640354421,0.9369625062182566,0.9859363729567544,0.9890130573694068
980,1,1.0,1.0,1.0,1.0,1.0,1.0,1.0,1.0,0.99999999999997,0.9636279195562629,0.9968911334926136,0.9859363729567544,0.9890130573694068
981,1,1.0,1.0,1.0,1.0,1.0,1.0,1.0,0.99998283,0.99999999999997,0.9636471494285044,0.9441498069494911,0.9859363729567544,0.9890130573694068
982,1,1.0,1.0,1.0,1.0,1.0,1.0,1.0,0.9998981,0.99999999999997,0.9637420478185059,0.8535510714306891,0.9859363729567544,0.9890130573694068
983,1,1.0,1.0,1.0,1.0,1.0,1.0,1.0,1.0,0.99999999999997,0.9635308330319255,0.9846830053757968,0.9859363729567544,0.9890130573694068
984,1,1.0,1.0,1.0,1.0,1.0,1.0,1.0,0.9999999,0.99999999999997,0.9635939882225989,0.9992660901265609,0.9859363729567544,0.9890130573694068
985,1,1.0,1.0,1.0,1.0,1.0,1.0,1.0,0.9999585,0.99999999999997,0.9635949271547979,0.9983469135392308,0.9859363729567544,0.9890130573694068
986,1,1.0,1.0,1.0,1.0,1.0,1.0,1.0,0.99965036,0.99999999999997,0.9635887519088919,0.7738459617482861,0.9859363729567544,0.9890130573694068
987,1,1.0,1.0,1.0,1.0,1.0,1.0,1.0,0.80314577,0.99999999999997,0.9635258555719158,0.999449674780253,0.9859363729567544,0.9890130573694068
988,1,1.0,1.0,1.0,1.0,1.0,1.0,1.0,0.99999964,0.99999999999997,0.9636361579963069,0.9941832740151826,0.9859363729567544,0.9890130573694068
989,1,1.0,1.0,1.0,1.0,1.0,1.0,1.0,1.0,0.99999999999997,0.9635772513892256,0.9868352315495382,0.9859363729567544,0.9890130573694068
990,1,0.0,1.0,1.0,1.0,0.0,0.0,1.0,0.3961969,0.99999999999997,0.9635231805464035,0.7282887219549145,0.9859363729567544,0.9890130573694068
991,1,1.0,1.0,1.0,1.0,1.0,1.0,1.0,0.9998981,0.99999999999997,0.963588688762074,0.8535510714306891,0.9859363729567544,0.9890130573694068
992,1,1.0,1.0,1.0,1.0,1.0,1.0,1.0,1.0,0.99999999999997,0.9636071189388045,0.999738682885842,0.9859363729567544,0.9890130573694068
993,1,1.0,1.0,1.0,1.0,1.0,1.0,1.0,0.9999999,0.99999999999997,0.9635900716853085,0.966659758110352,0.9859363729567544,0.9890130573694068
994,1,1.0,1.0,1.0,1.0,1.0,1.0,1.0,1.0,0.99999999999997,0.9635925250827306,0.9952124579518058,0.9859363729567544,0.9890130573694068
995,1,1.0,1.0,1.0,1.0,1.0,1.0,1.0,1.0,0.99999999999997,0.9636428855152221,0.9995709982075783,0.9859363729567544,0.9890130573694068
996,1,1.0,1.0,1.0,1.0,1.0,1.0,1.0,1.0,0.99999999999997,0.9635950802924393,0.9951118454806464,0.9859363729567544,0.9890130573694068
997,1,1.0,1.0,1.0,1.0,1.0,1.0,1.0,1.0,0.99999999999997,0.9635583505817975,0.9995350296760525,0.9859363729567544,0.9890130573694068
998,1,1.0,1.0,1.0,1.0,1.0,1.0,1.0,1.0,0.99999999999997,0.9636005704796226,0.8115226939651581,0.9859363729567544,0.9890130573694068
999,1,1.0,1.0,1.0,1.0,1.0,1.0,1.0,1.0,0.99999999999997,0.9635877464459536,0.9394059938535574,0.9859363729567544,0.9890130573694068
1000,1,1.0,1.0,1.0,1.0,1.0,1.0,1.0,1.0,0.99999999999997,0.9634755504804552,0.9989975649039395,0.9859363729567544,0.9890130573694068
1001,1,1.0,1.0,1.0,1.0,1.0,1.0,1.0,0.9999999,0.99999999999997,0.9636514279119369,0.9992660901265609,0.9859363729567544,0.9890130573694068
1002,1,1.0,1.0,1.0,1.0,1.0,1.0,1.0,0.9998857,0.99999999999997,0.9635928273551806,0.9692247077662743,0.9859363729567544,0.9890130573694068
1003,1,1.0,1.0,1.0,1.0,1.0,1.0,1.0,0.9999999,0.99999999999997,0.9635591370937143,0.9989009328289613,0.9859363729567544,0.9890130573694068
1004,1,1.0,1.0,1.0,1.0,1.0,1.0,1.0,1.0,0.99999999999997,0.9636343633640538,0.9976477622314479,0.9859363729567544,0.9890130573694068
1005,1,1.0,1.0,1.0,1.0,1.0,1.0,1.0,1.0,0.99999999999997,0.9636069304900633,0.9989623870422916,0.9859363729567544,0.9890130573694068
1006,1,1.0,1.0,1.0,1.0,1.0,1.0,1.0,1.0,0.99999999999997,0.9636195090745919,0.9965971201429977,0.9859363729567544,0.9890130573694068
1007,1,1.0,1.0,1.0,1.0,1.0,1.0,1.0,0.9999987,0.99999999999997,0.9635753196881286,0.9293554773292119,0.9859363729567544,0.9890130573694068
