win_idx,label,acc_v,acc_m,acc_u,acc_mv,acc_ds_eq,acc_ds_static,acc_ours,P_v,P_m,P_u,w_v,w_m,w_u
0,0,1.0,0.0,0.3,0.0,0.0,0.0,1.0,2.2862873e-11,0.9581508966417626,0.5883472240561922,0.9981243980711986,0.9241418199787566,0.1
1,0,1.0,0.0,0.25,0.0,0.0,0.0,1.0,6.63057e-08,0.9518221142015786,0.623647592911268,0.9989697674119054,0.9241418199787566,0.1
2,0,1.0,0.0,0.25,0.0,0.0,0.0,1.0,0.101996884,0.9454690392592607,0.6239590250858598,0.9949203724076301,0.9241418199787566,0.1
3,0,1.0,0.0,0.26666666666666666,0.0,0.0,0.0,1.0,5.204584e-07,0.9362455623092087,0.6227820824091744,0.995089026466219,0.9241418199787566,0.1
4,0,1.0,0.0,0.2,0.0,0.0,0.0,1.0,1.002682e-14,0.9572161981455101,0.6607289385297925,0.997773604373335,0.9241418199787566,0.1
5,0,1.0,0.0,0.18333333333333332,0.0,0.0,0.0,1.0,1.9297019e-08,0.950572768479045,0.689740365742109,0.9976896137688731,0.9241418199787566,0.1
6,0,1.0,0.0,0.16666666666666666,0.0,0.0,0.0,1.0,9.443865e-11,0.9510314134648232,0.7066922824799913,0.9990053344884574,0.9241418199787566,0.1
7,0,1.0,0.0,0.23333333333333334,0.0,0.0,0.0,1.0,1.2128203e-07,0.9436782208513136,0.6241262629709156,0.9938498234649357,0.9241418199787566,0.1
8,0,1.0,0.0,0.26666666666666666,0.0,0.0,0.0,1.0,6.0320206e-13,0.9374185878314837,0.6101269751544075,0.9992228857414609,0.9241418199787566,0.1
9,0,1.0,0.0,0.23333333333333334,0.0,0.0,0.0,1.0,4.3131754e-10,0.9440201943824822,0.6318190048863487,0.9999629775814081,0.9241418199787566,0.1
10,0,1.0,0.0,0.26666666666666666,0.0,0.0,0.0,1.0,2.9420555e-09,0.9344909470964139,0.6095494449135579,0.9975517672615839,0.9241418199787566,0.1
11,0,1.0,0.0,0.23333333333333334,0.0,0.0,0.0,1.0,1.0130706e-10,0.951985974338881,0.6530864717655231,0.9210911024844174,0.9241418199787566,0.1
12,0,1.0,0.0,0.18333333333333332,0.0,0.0,0.0,1.0,5.0328166e-12,0.9495601888172519,0.6819054610703557,0.9971366053115113,0.9241418199787566,0.1
13,0,1.0,0.0,0.2,0.0,0.0,0.0,1.0,1.5228636e-06,0.9499818808528443,0.6643804783781283,0.9944773913507834,0.9241418199787566,0.1
14,0,1.0,0.0,0.25,0.0,0.0,0.0,1.0,0.00046512013,0.9522729441144314,0.6309743619901753,0.9962567110645182,0.9241418199787566,0.1
15,0,1.0,0.0,0.23333333333333334,0.0,0.0,0.0,0.0,2.4379879e-05,0.943769181285328,0.6496303668427779,0.863349830276401,0.9241418199787566,0.1
16,0,0.0,0.0,0.18333333333333332,0.0,0.0,0.0,0.0,0.9470502,0.9462582380073701,0.6944172421285284,0.9969701184351536,0.9241418199787566,0.1
17,0,1.0,0.0,0.26666666666666666,0.0,0.0,0.0,1.0,1.5845124e-09,0.9421211652123491,0.6237206572614339,0.9977643406632561,0.9241418199787566,0.1
18,0,1.0,0.0,0.26666666666666666,0.0,0.0,0.0,1.0,7.123883e-12,0.9339894603585575,0.6132732222173966,0.9384416007177884,0.9241418199787566,0.1
19,0,1.0,0.0,0.4,0.0,0.0,0.0,1.0,8.930678e-13,0.9578426993506965,0.5049882428466057,0.9992624191965659,0.9241418199787566,0.1
20,0,1.0,0.0,0.2833333333333333,0.0,0.0,0.0,1.0,3.0287807e-11,0.9441389382601161,0.6014662723094767,0.9987269915114377,0.9241418199787566,0.1
21,0,1.0,0.0,0.35,0.0,0.0,0.0,0.0,2.17858e-11,0.9492143440191707,0.5304242634772451,0.6124602581392218,0.9241418199787566,0.1
22,0,1.0,0.0,0.2,0.0,0.0,0.0,1.0,0.0009685895,0.9405497875381905,0.6563230659962523,0.9940552882031537,0.9241418199787566,0.1
23,0,1.0,0.0,0.31666666666666665,0.0,0.0,0.0,1.0,8.056608e-11,0.9498550691206643,0.5692580752477188,0.9998727171931,0.9241418199787566,0.1
24,0,1.0,0.0,0.3333333333333333,0.0,0.0,0.0,1.0,5.209144e-11,0.9446085509736412,0.5485165117250531,0.9989851702585082,0.9241418199787566,0.1
25,0,1.0,0.0,0.26666666666666666,0.0,0.0,0.0,1.0,0.0007418377,0.9332529173364752,0.6164927995792724,0.9979096703880043,0.9241418199787566,0.1
26,0,1.0,0.0,0.25,0.0,0.0,0.0,1.0,1.4350312e-12,0.949971475129983,0.6233043699559154,0.9995000491186564,0.9241418199787566,0.1
27,0,1.0,0.0,0.18333333333333332,0.0,0.0,0.0,0.0,7.574262e-14,0.9458584159079754,0.6790202652876197,0.8686148210154644,0.9241418199787566,0.1
28,0,1.0,0.0,0.2833333333333333,0.0,0.0,0.0,1.0,1.4350312e-12,0.9411072185223954,0.5991320920453326,0.9995000491186564,0.9241418199787566,0.1
29,0,1.0,0.0,0.26666666666666666,0.0,0.0,0.0,1.0,7.380884e-08,0.9500784015542301,0.6214152089052926,0.9886473111650002,0.9241418199787566,0.1
30,0,1.0,0.0,0.2,0.0,0.0,0.0,1.0,3.1385766e-13,0.9388680744888885,0.6827983279478224,0.9999645322527106,0.9241418199787566,0.1
31,0,1.0,0.0,0.23333333333333334,0.0,0.0,0.0,1.0,0.000121736295,0.9572150155142093,0.640091934271471,0.9417203491157764,0.9241418199787566,0.1
32,0,1.0,0.0,0.2833333333333333,0.0,0.0,0.0,1.0,5.4541138e-06,0.9432550370495516,0.6028302970590979,0.9561866473815563,0.9241418199787566,0.1
33,0,1.0,0.0,0.18333333333333332,0.0,0.0,0.0,0.0,2.5808145e-05,0.9457306164710023,0.692271339128407,0.8402784878844853,0.9241418199787566,0.1
34,0,1.0,0.0,0.3333333333333333,0.0,0.0,0.0,1.0,7.100475e-07,0.9373254283762491,0.5535342470985682,0.9787355161457602,0.9241418199787566,0.1
35,0,1.0,0.23333333333333334,0.25,0.0,0.0,0.0,1.0,1.0330953e-13,0.9503155539579071,0.5628476712182547,0.9944626925641986,0.9241418199787566,0.1
36,1,1.0,1.0,0.2,1.0,0.0,0.0,1.0,1.0,0.9658265973302755,0.24188451623150692,0.9409100867230761,0.9241418199787566,0.1
37,1,1.0,1.0,0.4,1.0,0.0,1.0,1.0,1.0,0.9786070320846462,0.4175592886291413,0.9981522710939138,0.9241418199787566,0.1
38,1,1.0,1.0,0.25,1.0,0.0,0.0,1.0,1.0,0.9674268232737276,0.29179028754135217,0.8974429012862986,0.9241418199787566,0.1
39,1,1.0,1.0,0.23333333333333334,1.0,0.0,0.0,1.0,1.0,0.9650813842224697,0.27758291575559385,0.9072925059983022,0.9241418199787566,0.1
40,1,1.0,1.0,0.16666666666666666,1.0,0.0,0.0,1.0,0.99999845,0.965512409319501,0.21325565765127263,0.9990832502990729,0.9241418199787566,0.1
41,1,1.0,1.0,0.4,1.0,0.0,1.0,1.0,1.0,0.9742846831953639,0.420010785813774,0.9503783446684738,0.9241418199787566,0.1
42,1,1.0,1.0,0.26666666666666666,1.0,0.0,0.0,1.0,0.99956864,0.9493508733793806,0.2866834836859174,0.9800274578894133,0.9241418199787566,0.1
43,1,1.0,1.0,0.31666666666666665,1.0,0.0,0.0,1.0,0.9866621,0.9753084787619792,0.3398721401482344,0.996356961904783,0.9241418199787566,0.1
44,1,1.0,1.0,0.21666666666666667,1.0,0.0,0.0,1.0,0.9344753,0.9629208169014544,0.24758395198424973,0.9994521146853734,0.9241418199787566,0.1
45,1,1.0,1.0,0.23333333333333334,1.0,0.0,0.0,1.0,1.0,0.9853968325414312,0.2649821962704897,0.9762129978175753,0.9241418199787566,0.1
46,1,1.0,1.0,0.3333333333333333,1.0,0.0,1.0,1.0,1.0,0.9709632560022913,0.3639521119917909,0.9944629846456164,0.9241418199787566,0.1
47,1,1.0,1.0,0.2833333333333333,1.0,0.0,1.0,1.0,1.0,0.9755197324020111,0.3187791284273103,0.9993932485049729,0.9241418199787566,0.1
48,1,1.0,1.0,0.25,1.0,0.0,0.0,1.0,1.0,0.9700338789613301,0.2966102285709889,0.9906087408078527,0.9241418199787566,0.1
49,1,1.0,1.0,0.21666666666666667,1.0,0.0,0.0,1.0,0.9999989,0.9769496393403415,0.2473573869178498,0.9981671179996457,0.9241418199787566,0.1
50,1,1.0,1.0,0.26666666666666666,1.0,0.0,0.0,1.0,1.0,0.9647407094959105,0.29790578608899415,0.9832106537164823,0.9241418199787566,0.1
51,1,1.0,1.0,0.21666666666666667,1.0,0.0,0.0,1.0,0.9999999,0.9683172325637315,0.2587276794245276,0.8652812347798913,0.9241418199787566,0.1
52,1,1.0,1.0,0.25,1.0,0.0,0.0,1.0,0.99996686,0.9727563524688302,0.287643963011535,0.9848579002532036,0.9241418199787566,0.1
53,1,1.0,1.0,0.2833333333333333,1.0,0.0,0.0,1.0,1.0,0.9620166929690394,0.3138884807332601,0.9997872816964565,0.9241418199787566,0.1
54,1,1.0,1.0,0.35,1.0,0.0,1.0,1.0,0.9993352,0.9739582951502664,0.37622082133242224,0.9748739174979452,0.9241418199787566,0.1
55,1,1.0,1.0,0.23333333333333334,1.0,0.0,0.0,1.0,1.0,0.9638302662108771,0.27173784525045186,0.9995018187786445,0.9241418199787566,0.1
56,1,1.0,1.0,0.3,1.0,0.0,1.0,1.0,1.0,0.9712442068669387,0.3319468087701742,0.9171058313760776,0.9241418199787566,0.1
57,1,1.0,1.0,0.23333333333333334,1.0,0.0,0.0,1.0,0.99996245,0.9753318399264088,0.2728744495720565,0.9993071863799787,0.9241418199787566,0.1
58,1,1.0,1.0,0.3,1.0,0.0,0.0,1.0,0.9999869,0.9604719116439168,0.29704595026037306,0.9747160573614366,0.9241418199787566,0.1
59,1,1.0,1.0,0.2833333333333333,1.0,0.0,0.0,1.0,0.99924254,0.974596494632394,0.3140026136754402,0.9985192374703561,0.9241418199787566,0.1
60,1,1.0,1.0,0.26666666666666666,1.0,0.0,0.0,1.0,0.9999994,0.9704703280454641,0.2939366355264504,0.9965733045388574,0.9241418199787566,0.1
61,1,1.0,1.0,0.18333333333333332,1.0,0.0,0.0,1.0,1.0,0.9662764525250622,0.22408796974268286,0.9846660731489878,0.9241418199787566,0.1
62,1,1.0,1.0,0.21666666666666667,1.0,0.0,0.0,1.0,1.0,0.9631223159600242,0.24796185444386692,0.4836659450397039,0.9241418199787566,0.1
63,1,1.0,1.0,0.25,1.0,0.0,0.0,1.0,0.9999317,0.9759839120913173,0.26934614579483246,0.9991593409317873,0.9241418199787566,0.1
64,1,1.0,1.0,0.23333333333333334,1.0,0.0,0.0,1.0,0.9999982,0.9816233730741355,0.2775122569756954,0.9761928213169195,0.9241418199787566,0.1
65,1,1.0,1.0,0.25,1.0,0.0,0.0,1.0,1.0,0.985043162621702,0.2773593900962585,0.9980476927783568,0.9241418199787566,0.1
66,1,1.0,1.0,0.21666666666666667,1.0,0.0,0.0,1.0,0.9999945,0.9699667561511609,0.25304576856460287,0.7287134079460807,0.9241418199787566,0.1
67,1,1.0,1.0,0.2833333333333333,1.0,0.0,0.0,1.0,0.9999995,0.9639481313909452,0.307370051494012,0.9616551689529641,0.9241418199787566,0.1
68,1,1.0,1.0,0.31666666666666665,1.0,0.0,0.0,1.0,0.99999976,0.9612847608689262,0.33174039202281574,0.9115710946153217,0.9241418199787566,0.1
69,1,1.0,0.9833333333333333,0.25,1.0,0.0,0.0,1.0,0.9951102,0.9490530622184937,0.2762000910167031,0.9998639121269547,0.9241418199787566,0.1
70,1,1.0,0.9833333333333333,0.25,1.0,0.0,0.0,1.0,1.0,0.9394650481507583,0.2848421581954329,0.9368355682767364,0.9241418199787566,0.1
71,1,1.0,1.0,0.15,1.0,0.0,0.0,1.0,0.99999106,0.9662736140351409,0.19457808635005466,0.9989421512251961,0.9241418199787566,0.1
72,1,1.0,1.0,0.26666666666666666,1.0,0.0,0.0,1.0,1.0,0.9497550277544499,0.2958331201154447,0.9987856151845251,0.9241418199787566,0.1
73,1,1.0,1.0,0.2,1.0,0.0,0.0,1.0,1.0,0.9460429682560514,0.23792175091794926,0.9997803300375719,0.9241418199787566,0.1
74,1,1.0,0.9833333333333333,0.21666666666666667,1.0,0.0,0.0,1.0,1.0,0.9370445232652973,0.2576581224316417,0.9601301543289079,0.9241418199787566,0.1
75,1,1.0,1.0,0.15,1.0,0.0,0.0,1.0,1.0,0.9622422991998,0.19017960787352228,0.9995621995095887,0.9241418199787566,0.1
76,1,1.0,1.0,0.23333333333333334,1.0,0.0,0.0,1.0,1.0,0.9216164536362534,0.2639801544427365,0.9754186845194424,0.9241418199787566,0.1
77,1,1.0,1.0,0.2,1.0,0.0,0.0,1.0,0.99999774,0.9112126852261132,0.23491327037658427,0.9477928356614579,0.9241418199787566,0.1
78,1,1.0,1.0,0.3,1.0,0.0,0.0,1.0,0.99978083,0.894637423923265,0.31931177984071973,0.9828918036425334,0.9241418199787566,0.1
79,1,1.0,1.0,0.2833333333333333,1.0,0.0,0.0,1.0,1.0,0.9432515960685811,0.31832595472055825,0.9929601146612378,0.9241418199787566,0.1
80,1,1.0,1.0,0.2833333333333333,1.0,0.0,0.0,1.0,1.0,0.8762562368653118,0.310840750971295,0.9906978050092029,0.9241418199787566,0.1
81,1,1.0,1.0,0.26666666666666666,1.0,0.0,0.0,1.0,0.99999976,0.9126692262230558,0.2975182818390991,0.9703631330630295,0.9241418199787566,0.1
82,1,1.0,0.9833333333333333,0.16666666666666666,1.0,0.0,0.0,1.0,1.0,0.8866576357867654,0.2010015331637593,0.984560492979323,0.9241418199787566,0.1
83,1,1.0,0.9833333333333333,0.2833333333333333,1.0,0.0,0.0,1.0,1.0,0.8647951183269552,0.31244989163229364,0.999600625903462,0.9241418199787566,0.1
84,1,1.0,1.0,0.21666666666666667,1.0,0.0,0.0,1.0,0.9999993,0.8891746452201853,0.2579838028947112,0.9968474743923036,0.9241418199787566,0.1
85,1,1.0,1.0,0.25,1.0,0.0,0.0,1.0,0.9997571,0.8381802373485618,0.28791428132060853,0.9276566667466671,0.9241418199787566,0.1
86,1,1.0,1.0,0.26666666666666666,1.0,0.0,0.0,1.0,1.0,0.8764327336532846,0.28898779561345844,0.875600586281366,0.9241418199787566,0.1
87,1,1.0,1.0,0.26666666666666666,1.0,0.0,0.0,1.0,1.0,0.8886290514557121,0.3031049901267755,0.953540421649482,0.9241418199787566,0.1
88,1,1.0,1.0,0.31666666666666665,1.0,0.0,0.0,1.0,1.0,0.8931904493214906,0.34252704443813925,0.9969257462309553,0.9241418199787566,0.1
89,1,1.0,0.9833333333333333,0.25,1.0,0.0,0.0,1.0,1.0,0.9106390922128711,0.27946302687901486,0.9996242969765596,0.9241418199787566,0.1
90,1,1.0,0.9833333333333333,0.3,1.0,0.0,0.0,1.0,0.98029023,0.8790724277081561,0.32746154704395963,0.999864722282681,0.9241418199787566,0.1
91,1,1.0,0.9833333333333333,0.3,1.0,0.0,0.0,1.0,0.99999964,0.9150806262652916,0.32352246751544295,0.9979356050469235,0.9241418199787566,0.1
92,1,1.0,1.0,0.23333333333333334,1.0,0.0,0.0,1.0,0.99999976,0.9573967714864433,0.2652671893633816,0.9678897580837077,0.9241418199787566,0.1
93,1,1.0,0.9833333333333333,0.21666666666666667,1.0,0.0,0.0,1.0,1.0,0.878245035805996,0.26153353382245237,0.9947963100242637,0.9241418199787566,0.1
94,1,1.0,1.0,0.26666666666666666,1.0,0.0,0.0,1.0,0.99909043,0.9457906506224947,0.29181033687182223,0.9267641762667997,0.9241418199787566,0.1
95,1,1.0,1.0,0.31666666666666665,1.0,0.0,0.0,1.0,1.0,0.9236040996760149,0.33925665740755756,0.9915251274907846,0.9241418199787566,0.1
96,1,1.0,1.0,0.31666666666666665,1.0,0.0,0.0,1.0,1.0,0.9157500874762687,0.34162542849286176,0.7411985141936639,0.9241418199787566,0.1
97,1,1.0,1.0,0.2,1.0,0.0,0.0,1.0,1.0,0.9125642919510765,0.2399159890528265,0.9999164058215615,0.9241418199787566,0.1
98,1,1.0,0.9833333333333333,0.38333333333333336,1.0,0.0,1.0,1.0,0.9999995,0.9368588779081495,0.40440164310826465,0.9999389138708394,0.9241418199787566,0.1
99,1,1.0,1.0,0.2833333333333333,1.0,0.0,0.0,1.0,0.99846715,0.9413486513223706,0.3076224794318814,0.9563257710675098,0.9241418199787566,0.1
100,1,1.0,1.0,0.31666666666666665,1.0,0.0,0.0,1.0,1.0,0.9208983704463107,0.3486537920676935,0.999202832985173,0.9241418199787566,0.1
101,1,1.0,1.0,0.23333333333333334,1.0,0.0,0.0,1.0,1.0,0.9193895146979469,0.2720252671952025,0.9889897313430621,0.9241418199787566,0.1
102,1,1.0,1.0,0.3,1.0,0.0,0.0,1.0,1.0,0.9568712079530577,0.3265800825141009,0.9656694825543433,0.9241418199787566,0.1
103,1,1.0,0.9833333333333333,0.2,1.0,0.0,0.0,1.0,1.0,0.9496670712157538,0.24526375204634404,0.9716732917171034,0.9241418199787566,0.1
104,1,1.0,1.0,0.2833333333333333,1.0,0.0,0.0,1.0,1.0,0.9347325748969406,0.3124634398328502,0.963983334901068,0.9241418199787566,0.1
105,1,1.0,1.0,0.23333333333333334,1.0,0.0,0.0,1.0,1.0,0.9360869006743647,0.2648531485226318,0.993185255462296,0.9241418199787566,0.1
106,1,1.0,0.9166666666666666,0.26666666666666666,1.0,0.0,0.0,1.0,0.99999917,0.9496770094083384,0.2921663836921706,0.9228025361256935,0.9241418199787566,0.1
107,1,1.0,1.0,0.2833333333333333,1.0,0.0,0.0,1.0,0.9999999,0.9526039043572617,0.3235178377257063,0.966659758110352,0.9241418199787566,0.1
108,1,1.0,1.0,0.25,1.0,0.0,0.0,1.0,0.99942786,0.9496698156872222,0.28465196050419067,0.7877955703325484,0.9241418199787566,0.1
109,1,1.0,1.0,0.31666666666666665,1.0,0.0,1.0,1.0,1.0,0.9581432759991386,0.34325950371792047,0.9754404107408607,0.9241418199787566,0.1
110,1,1.0,1.0,0.35,1.0,0.0,1.0,1.0,0.99592495,0.959768803926771,0.3714531931747501,0.9558494990785062,0.9241418199787566,0.1
111,1,1.0,1.0,0.3,1.0,0.0,1.0,1.0,0.99950445,0.9630793533909612,0.3374315606876169,0.9977927047320769,0.9241418199787566,0.1
112,1,1.0,1.0,0.2833333333333333,1.0,0.0,0.0,1.0,1.0,0.9687338315590485,0.3233501929601776,0.9976547150661391,0.9241418199787566,0.1
113,1,1.0,1.0,0.16666666666666666,1.0,0.0,0.0,1.0,1.0,0.9629665552492206,0.2061054544893133,0.999928678261195,0.9241418199787566,0.1
114,1,1.0,1.0,0.2833333333333333,1.0,0.0,0.0,1.0,1.0,0.957405865472712,0.3138145121734196,0.9443634466745817,0.9241418199787566,0.1
115,1,1.0,1.0,0.38333333333333336,1.0,0.0,1.0,1.0,0.99999964,0.954825943219128,0.39519204948671155,0.9979356050469235,0.9241418199787566,0.1
116,1,1.0,1.0,0.3,1.0,0.0,1.0,1.0,1.0,0.9701138986527951,0.3247250062670877,0.9475763399486578,0.9241418199787566,0.1
117,1,1.0,1.0,0.3333333333333333,1.0,0.0,1.0,1.0,1.0,0.979914319905987,0.35747020082826536,0.9994110274828056,0.9241418199787566,0.1
118,1,1.0,1.0,0.23333333333333334,1.0,0.0,0.0,1.0,1.0,0.9710821472905293,0.26696236501929654,0.8850734091184727,0.9241418199787566,0.1
119,1,1.0,1.0,0.21666666666666667,1.0,0.0,0.0,1.0,1.0,0.9689294003070418,0.25509480003823737,0.9985117554357643,0.9241418199787566,0.1
120,1,1.0,1.0,0.18333333333333332,1.0,0.0,0.0,1.0,0.9989341,0.9612190477075142,0.21775159260780536,0.9603515077435356,0.9241418199787566,0.1
121,1,1.0,1.0,0.31666666666666665,1.0,0.0,1.0,1.0,0.9999999,0.949283116374936,0.3484225556056496,0.9957479829237773,0.9241418199787566,0.1
122,1,1.0,1.0,0.16666666666666666,1.0,0.0,0.0,1.0,1.0,0.9497874344499463,0.21322206135882482,0.9951480158457396,0.9241418199787566,0.1
123,1,1.0,1.0,0.3,1.0,0.0,0.0,1.0,0.99999976,0.9698439343343171,0.32270605383059336,0.9331994255903383,0.9241418199787566,0.1
124,1,1.0,1.0,0.25,1.0,0.0,0.0,1.0,1.0,0.964162176122597,0.28080677972609003,0.9997811453437497,0.9241418199787566,0.1
125,1,1.0,1.0,0.23333333333333334,1.0,0.0,0.0,1.0,0.99999964,0.959591487039205,0.27799815541379347,0.9941832740151826,0.9241418199787566,0.1
126,1,1.0,1.0,0.3333333333333333,1.0,0.0,1.0,1.0,1.0,0.951675374744385,0.3669966913140257,0.9999360260415421,0.9241418199787566,0.1
127,1,1.0,1.0,0.23333333333333334,1.0,0.0,0.0,1.0,1.0,0.9671845771122581,0.270813600455744,0.9603330174197002,0.9241418199787566,0.1
128,1,1.0,1.0,0.23333333333333334,1.0,0.0,0.0,1.0,1.0,0.9654758736987634,0.268086859912566,0.9982457461874501,0.9241418199787566,0.1
129,1,1.0,0.7666666666666667,0.3,1.0,0.0,0.0,1.0,1.0,0.9629628299368436,0.3145320411950642,0.9487468089478669,0.9241418199787566,0.1
130,0,1.0,0.0,0.3,0.0,0.0,0.0,1.0,4.050611e-13,0.9331194515290591,0.5989680919456042,0.9999738674658801,0.9241418199787566,0.1
131,0,1.0,0.0,0.35,0.0,0.0,0.0,1.0,2.6567138e-13,0.9299078866235103,0.5450235931699648,0.9994991133216428,0.9241418199787566,0.1
132,0,1.0,0.0,0.35,0.0,0.0,0.0,0.0,1.3793542e-11,0.9350558170748322,0.564113724004859,0.8499248324913039,0.9241418199787566,0.1
133,0,1.0,0.0,0.31666666666666665,0.0,0.0,0.0,0.0,5.774127e-07,0.9494541816941771,0.5772796736074137,0.7392579426704788,0.9241418199787566,0.1
134,0,1.0,0.0,0.3333333333333333,0.0,0.0,0.0,1.0,1.2289132e-09,0.9399686340433024,0.5517653074226581,0.9988158786655417,0.9241418199787566,0.1
135,0,1.0,0.0,0.16666666666666666,0.0,0.0,0.0,1.0,3.1021405e-05,0.9292678564785906,0.682734063720558,0.992244658712494,0.9241418199787566,0.1
136,0,1.0,0.0,0.23333333333333334,0.0,0.0,0.0,1.0,8.0980866e-10,0.946887469518931,0.6251653685390243,0.9993301334590823,0.9241418199787566,0.1
137,0,1.0,0.0,0.26666666666666666,0.0,0.0,0.0,1.0,6.630535e-15,0.9433169871785537,0.612510819454368,0.9991791073955166,0.9241418199787566,0.1
138,0,1.0,0.0,0.3333333333333333,0.0,0.0,0.0,1.0,5.268885e-09,0.9458174317530176,0.5668237669873816,0.9982910769361257,0.9241418199787566,0.1
139,0,1.0,0.0,0.26666666666666666,0.0,0.0,0.0,1.0,2.8691318e-13,0.9462707603738376,0.6252996493837087,0.9994399434270754,0.9241418199787566,0.1
140,0,1.0,0.0,0.26666666666666666,0.0,0.0,0.0,1.0,0.00064226025,0.9329012418176337,0.6084542932335018,0.9870152396532511,0.9241418199787566,0.1
141,0,1.0,0.0,0.2833333333333333,0.0,0.0,0.0,1.0,9.4489917e-07,0.9422606504018805,0.6108061141928124,0.9963815096452862,0.9241418199787566,0.1
142,0,1.0,0.0,0.3333333333333333,0.0,0.0,0.0,1.0,6.5322037e-13,0.9527873921628616,0.5693348250456515,0.9890808243106946,0.9241418199787566,0.1
143,0,1.0,0.0,0.35,0.0,0.0,0.0,1.0,1.9147617e-08,0.9483974754403516,0.5555964119057111,0.9973191904244734,0.9241418199787566,0.1
144,0,1.0,0.0,0.2833333333333333,0.0,0.0,0.0,1.0,5.0837592e-05,0.9479644724674311,0.5916749131742574,0.9984385426576589,0.9241418199787566,0.1
145,0,1.0,0.0,0.26666666666666666,0.0,0.0,0.0,1.0,4.784603e-15,0.9448792330191204,0.6030961674833953,0.9143710327642477,0.9241418199787566,0.1
146,0,1.0,0.0,0.15,0.0,0.0,0.0,1.0,9.515115e-12,0.9485790779386603,0.7270524558477943,0.9973373582263169,0.9241418199787566,0.1
147,0,1.0,0.0,0.23333333333333334,0.0,0.0,0.0,1.0,0.016915737,0.938746310606088,0.6456222388176294,0.9758933953255655,0.9241418199787566,0.1
148,0,1.0,0.0,0.23333333333333334,0.0,0.0,0.0,1.0,9.94372e-06,0.9495761339109209,0.6404994355573447,0.998877520952323,0.9241418199787566,0.1
149,0,1.0,0.0,0.21666666666666667,0.0,0.0,0.0,1.0,4.5217034e-14,0.9441416624395235,0.6493339897692364,0.997224489022312,0.9241418199787566,0.1
150,0,1.0,0.0,0.25,0.0,0.0,0.0,1.0,2.8237964e-11,0.9454551876106747,0.6223512646104474,0.9987014944203892,0.9241418199787566,0.1
151,0,1.0,0.0,0.21666666666666667,0.0,0.0,0.0,0.0,0.16844767,0.9506979314774971,0.6535465709725792,0.9520628237659403,0.9241418199787566,0.1
152,0,1.0,0.0,0.3333333333333333,0.0,0.0,0.0,1.0,0.0012759393,0.9385323555943537,0.5612502284335693,0.999319881900865,0.9241418199787566,0.1
153,0,1.0,0.0,0.23333333333333334,0.0,0.0,0.0,1.0,5.5916747e-12,0.9421351621449136,0.6444425037604131,0.9999113816733988,0.9241418199787566,0.1
154,0,1.0,0.0,0.23333333333333334,0.0,0.0,0.0,1.0,3.5195757e-12,0.9526196702052078,0.6470858384186987,0.9975957472701144,0.9241418199787566,0.1
155,0,1.0,0.0,0.31666666666666665,0.0,0.0,0.0,0.0,1.5368566e-11,0.9485428066724197,0.5744842680212909,0.8699291426676556,0.9241418199787566,0.1
156,0,1.0,0.0,0.18333333333333332,0.0,0.0,0.0,0.0,0.37659,0.9498083930677713,0.6729713743992513,0.9988807379930776,0.9241418199787566,0.1
157,0,1.0,0.0,0.25,0.0,0.0,0.0,1.0,0.0006862862,0.9477357783127509,0.635664909093904,0.9986341265297964,0.9241418199787566,0.1
158,0,1.0,0.0,0.26666666666666666,0.0,0.0,0.0,1.0,2.5177649e-06,0.9326333392232178,0.6118594681112606,0.9985912499119581,0.9241418199787566,0.1
159,0,1.0,0.0,0.26666666666666666,0.0,0.0,0.0,1.0,1.9998965e-09,0.939739914712619,0.6015596186691848,0.9352307642550253,0.9241418199787566,0.1
160,0,1.0,0.0,0.3333333333333333,0.0,0.0,0.0,1.0,9.43027e-12,0.9430115342601569,0.5649534816286715,0.9993141221603339,0.9241418199787566,0.1
161,0,1.0,0.0,0.3,0.0,0.0,0.0,1.0,0.00013616924,0.9402396798837077,0.5884785858086278,0.9965751714933145,0.9241418199787566,0.1
162,0,1.0,0.0,0.25,0.0,0.0,0.0,1.0,0.0007418377,0.9304746812955779,0.6233110011605638,0.9979096703880043,0.9241418199787566,0.1
163,0,1.0,0.0,0.31666666666666665,0.0,0.0,0.0,0.0,2.9293648e-18,0.9484507650574799,0.5748161568040305,0.668633499333044,0.9241418199787566,0.1
164,0,1.0,0.0,0.36666666666666664,0.0,0.0,0.0,1.0,2.4823036e-08,0.935880590844318,0.5390442676196413,0.9963290747042799,0.9241418199787566,0.1
165,0,0.0,0.0,0.2833333333333333,0.0,0.0,0.0,0.0,0.97912997,0.9506363292449307,0.5997956450648602,0.9998045088193734,0.9241418199787566,0.1
166,0,1.0,0.0,0.23333333333333334,0.0,0.0,0.0,1.0,1.2561942e-11,0.9530926889761034,0.651085087369254,0.9999084199867683,0.9241418199787566,0.1
167,0,1.0,0.0,0.3,0.0,0.0,0.0,1.0,1.5565705e-09,0.9569219336015709,0.5997031788914412,0.8844975245441904,0.9241418199787566,0.1
168,0,1.0,0.0,0.26666666666666666,0.0,0.0,0.0,1.0,4.784352e-13,0.9537892575022118,0.6125480324405994,0.9984631733179636,0.9241418199787566,0.1
169,0,1.0,0.0,0.16666666666666666,0.0,0.0,0.0,1.0,0.0031911237,0.9398319844502541,0.7049253201439932,0.9991284526583184,0.9241418199787566,0.1
170,0,1.0,0.0,0.25,0.0,0.0,0.0,1.0,0.0006641193,0.9518290878290979,0.6350111398192855,0.9998699378951041,0.9241418199787566,0.1
171,0,1.0,0.0,0.31666666666666665,0.0,0.0,0.0,1.0,2.7918673e-05,0.9565691561569377,0.5801370234203753,0.9573858508439491,0.9241418199787566,0.1
172,0,1.0,0.0,0.2833333333333333,0.0,0.0,0.0,1.0,9.515115e-12,0.9409772535257092,0.6026676888940908,0.9973373582263169,0.9241418199787566,0.1
173,0,1.0,0.0,0.25,0.0,0.0,0.0,1.0,0.00031074145,0.9512168050375653,0.6283722994758913,0.960972043234266,0.9241418199787566,0.1
174,0,1.0,0.0,0.2833333333333333,0.0,0.0,0.0,1.0,2.2928418e-07,0.9392387547207338,0.6136176550892827,0.9996198764446078,0.9241418199787566,0.1
175,0,1.0,0.0,0.16666666666666666,0.0,0.0,0.0,1.0,4.3170695e-17,0.9389972876995105,0.6900347695856309,0.9995796105850737,0.9241418199787566,0.1
176,1,1.0,0.9,0.13333333333333333,1.0,0.0,0.0,1.0,0.9999987,0.9147912355095082,0.20575012513089483,0.9293554773292119,0.9241418199787566,0.1
177,1,1.0,1.0,0.2833333333333333,1.0,0.0,0.0,1.0,1.0,0.9005771591136243,0.3149764654359905,0.9171058313760776,0.9241418199787566,0.1
178,1,1.0,1.0,0.18333333333333332,1.0,0.0,0.0,1.0,1.0,0.9180765002218885,0.23321643552643576,0.9940818748120316,0.9241418199787566,0.1
179,1,1.0,1.0,0.25,1.0,0.0,0.0,1.0,1.0,0.9243205369767528,0.28951965040807254,0.998890403927713,0.9241418199787566,0.1
180,1,1.0,1.0,0.16666666666666666,1.0,0.0,0.0,1.0,0.9999869,0.952497902496804,0.21391299495055405,0.9747160573614366,0.9241418199787566,0.1
181,1,1.0,1.0,0.3333333333333333,1.0,0.0,1.0,1.0,0.99999976,0.9438363610894542,0.36285121340598564,0.9929735373418466,0.9241418199787566,0.1
182,1,1.0,1.0,0.25,1.0,0.0,0.0,1.0,0.9999981,0.9407720989067568,0.29170897333930584,0.7108218047522769,0.9241418199787566,0.1
183,1,1.0,1.0,0.25,1.0,0.0,0.0,1.0,1.0,0.9223654876277416,0.2863401867868716,0.9989623870422916,0.9241418199787566,0.1
184,1,1.0,1.0,0.23333333333333334,1.0,0.0,0.0,1.0,0.99999475,0.935642274710795,0.277026890285094,0.9992269546581408,0.9241418199787566,0.1
185,1,1.0,1.0,0.21666666666666667,1.0,0.0,0.0,1.0,0.642584,0.8885409664241704,0.26214701843325044,0.9998852817449227,0.9241418199787566,0.1
186,1,1.0,1.0,0.21666666666666667,1.0,0.0,0.0,1.0,1.0,0.9103518914168707,0.25732915903944353,0.971166159596237,0.9241418199787566,0.1
187,1,1.0,0.9833333333333333,0.3333333333333333,1.0,0.0,0.0,1.0,1.0,0.885835535943648,0.3641677614095944,0.9993338303467438,0.9241418199787566,0.1
188,1,1.0,0.9833333333333333,0.3,1.0,0.0,0.0,1.0,0.9999993,0.8969323039550832,0.34062440559423557,0.9968474743923036,0.9241418199787566,0.1
189,1,1.0,0.9833333333333333,0.3333333333333333,1.0,0.0,0.0,1.0,1.0,0.8896451261263909,0.3669688097999705,0.9487468089478669,0.9241418199787566,0.1
190,1,1.0,0.9833333333333333,0.26666666666666666,1.0,0.0,0.0,1.0,1.0,0.9151779522624077,0.29934384478538445,0.9980476927783568,0.9241418199787566,0.1
191,1,1.0,0.9833333333333333,0.25,1.0,0.0,0.0,1.0,0.9999976,0.9095885778463938,0.28763699379509794,0.9997428013212655,0.9241418199787566,0.1
192,1,1.0,0.9833333333333333,0.2833333333333333,1.0,0.0,0.0,1.0,0.9999999,0.8995635814301565,0.3258443465018094,0.9997413079897652,0.9241418199787566,0.1
193,1,1.0,0.9833333333333333,0.31666666666666665,1.0,0.0,0.0,1.0,0.9909061,0.9375014008238527,0.3541550028567489,0.9989980071378569,0.9241418199787566,0.1
194,1,1.0,0.9833333333333333,0.3333333333333333,1.0,0.0,0.0,1.0,1.0,0.9067532521524971,0.36768520978618546,0.9966008837952709,0.9241418199787566,0.1
195,1,1.0,1.0,0.3333333333333333,1.0,0.0,1.0,1.0,0.9998857,0.9572866120447531,0.36245261764700226,0.9692247077662743,0.9241418199787566,0.1
196,1,1.0,0.9833333333333333,0.26666666666666666,1.0,0.0,0.0,1.0,0.99999845,0.9042722075657086,0.3113043623406265,0.5195717636233617,0.9241418199787566,0.1
197,1,1.0,1.0,0.25,1.0,0.0,0.0,1.0,0.9993013,0.9444703264083554,0.2913201842624913,0.9912138629047057,0.9241418199787566,0.1
198,1,1.0,1.0,0.36666666666666664,1.0,0.0,1.0,1.0,1.0,0.9181998538129413,0.390764738445195,0.9985578647082707,0.9241418199787566,0.1
199,1,1.0,1.0,0.23333333333333334,1.0,0.0,0.0,1.0,1.0,0.9237461898876306,0.2641597521245119,0.9984353243348273,0.9241418199787566,0.1
200,1,1.0,1.0,0.36666666666666664,1.0,0.0,1.0,1.0,1.0,0.9414660176117517,0.4019015553412836,0.998599409514803,0.9241418199787566,0.1
201,1,1.0,0.9833333333333333,0.23333333333333334,1.0,0.0,0.0,1.0,1.0,0.9452780367928655,0.27182597474378223,0.9968664517822112,0.9241418199787566,0.1
202,1,1.0,1.0,0.2,1.0,0.0,0.0,1.0,1.0,0.8715328301943618,0.24790629284889892,0.9987920602955351,0.9241418199787566,0.1
203,1,1.0,1.0,0.23333333333333334,1.0,0.0,0.0,1.0,1.0,0.8939243402359466,0.26937859980644585,0.9909717609961073,0.9241418199787566,0.1
204,1,1.0,0.95,0.2833333333333333,1.0,0.0,0.0,1.0,0.94998187,0.8655091638464717,0.3222300016805601,0.9776177002934631,0.9241418199787566,0.1
205,1,1.0,0.9666666666666667,0.31666666666666665,1.0,0.0,0.0,1.0,1.0,0.8452066253006199,0.35193893188547937,0.9830470668189278,0.9241418199787566,0.1
206,1,1.0,1.0,0.25,1.0,0.0,0.0,1.0,1.0,0.8480134777261729,0.2968301848470114,0.9297516384348616,0.9241418199787566,0.1
207,1,1.0,1.0,0.26666666666666666,1.0,0.0,0.0,1.0,1.0,0.8731138956356459,0.308468291752052,0.5901043565318504,0.9241418199787566,0.1
208,1,1.0,1.0,0.3333333333333333,1.0,0.0,0.0,1.0,1.0,0.8290552021457676,0.37146239552926297,0.9553544289531872,0.9241418199787566,0.1
209,1,1.0,1.0,0.25,1.0,0.0,0.0,1.0,1.0,0.8304520556313055,0.28925448681700827,0.9993075318279533,0.9241418199787566,0.1
210,1,1.0,1.0,0.18333333333333332,1.0,0.0,0.0,1.0,1.0,0.8779069168979053,0.23040196919532283,0.997173786055667,0.9241418199787566,0.1
211,1,1.0,0.95,0.26666666666666666,1.0,0.0,0.0,1.0,0.85659516,0.8567844735769448,0.3393127038445151,0.9817572460242391,0.9241418199787566,0.1
212,0,1.0,0.0,0.21666666666666667,0.0,0.0,0.0,1.0,7.163513e-10,0.9534783955826468,0.6370439011759413,0.9985609462823445,0.9241418199787566,0.1
213,0,1.0,0.0,0.21666666666666667,0.0,0.0,0.0,1.0,0.0055280486,0.9437963132276527,0.6491493891821357,0.9982297915357343,0.9241418199787566,0.1
214,0,1.0,0.0,0.23333333333333334,0.0,0.0,0.0,1.0,8.560347e-11,0.9453790320169058,0.6440888726255974,0.9999322350094166,0.9241418199787566,0.1
215,0,1.0,0.0,0.3,0.0,0.0,0.0,1.0,7.42085e-11,0.9501880058487596,0.5792163339854137,0.9958929584115345,0.9241418199787566,0.1
216,0,1.0,0.0,0.2,0.0,0.0,0.0,1.0,1.0258411e-07,0.9359280071463859,0.6717648939904812,0.9970533000786896,0.9241418199787566,0.1
217,0,1.0,0.0,0.2,0.0,0.0,0.0,1.0,0.0009367843,0.9505773396579646,0.6696035168937533,0.9986765102495536,0.9241418199787566,0.1
218,0,1.0,0.0,0.4,0.0,0.0,0.0,1.0,1.1276287e-08,0.9373035293840608,0.5133463023649479,0.9932938432728678,0.9241418199787566,0.1
219,0,1.0,0.0,0.38333333333333336,0.0,0.0,0.0,1.0,5.0837592e-05,0.9483642016806896,0.5074856982139655,0.9984385426576589,0.9241418199787566,0.1
220,0,1.0,0.0,0.26666666666666666,0.0,0.0,0.0,1.0,3.569089e-11,0.9379684819528465,0.6261701572177535,0.9976438190080371,0.9241418199787566,0.1
221,0,1.0,0.0,0.2,0.0,0.0,0.0,1.0,1.8047841e-11,0.9488215475943736,0.6732893300960042,0.9970289773666676,0.9241418199787566,0.1
222,0,1.0,0.0,0.21666666666666667,0.0,0.0,0.0,1.0,3.268695e-08,0.9360175222034035,0.6644016600883181,0.9522030438304865,0.9241418199787566,0.1
223,0,1.0,0.0,0.3,0.0,0.0,0.0,1.0,1.2416042e-05,0.9434760825049632,0.5947083058879369,0.9950772644993215,0.9241418199787566,0.1
224,0,1.0,0.0,0.23333333333333334,0.0,0.0,0.0,1.0,1.2128203e-07,0.9453460041768752,0.6436988176981268,0.9938498234649357,0.9241418199787566,0.1
225,0,1.0,0.0,0.35,0.0,0.0,0.0,1.0,6.601669e-13,0.9363287452921897,0.5492988699727633,0.8920083556219052,0.9241418199787566,0.1
226,0,1.0,0.0,0.26666666666666666,0.0,0.0,0.0,1.0,5.93047e-08,0.9227541887705061,0.6122511786736483,0.9969522150498246,0.9241418199787566,0.1
227,0,1.0,0.0,0.25,0.0,0.0,0.0,1.0,1.34702715e-17,0.9481165291666664,0.633029833956855,0.9988362638804057,0.9241418199787566,0.1
228,0,1.0,0.0,0.13333333333333333,0.0,0.0,0.0,1.0,8.972034e-12,0.9425070663493262,0.7152893314057436,0.9884362380431572,0.9241418199787566,0.1
229,0,1.0,0.0,0.26666666666666666,0.0,0.0,0.0,1.0,1.8834342e-11,0.9431597959709065,0.623771719022026,0.9996635211255064,0.9241418199787566,0.1
230,0,1.0,0.0,0.26666666666666666,0.0,0.0,0.0,1.0,1.0862976e-07,0.9444819924608386,0.6097171486254205,0.9935181734954961,0.9241418199787566,0.1
231,0,1.0,0.0,0.26666666666666666,0.0,0.0,0.0,1.0,1.0851504e-11,0.939048555188678,0.6135820483457567,0.9992147424472545,0.9241418199787566,0.1
232,0,1.0,0.0,0.35,0.0,0.0,0.0,1.0,2.108006e-12,0.9492048988912312,0.5487873146693658,0.9983889404453765,0.9241418199787566,0.1
233,0,1.0,0.0,0.25,0.0,0.0,0.0,1.0,1.0165376e-13,0.9436439552080513,0.6204295008847478,0.9995516438075235,0.9241418199787566,0.1
234,1,1.0,0.5,0.3,1.0,0.0,1.0,1.0,1.0,0.961682481981793,0.4293910629721085,0.9171058313760776,0.9241418199787566,0.1
235,1,1.0,1.0,0.3333333333333333,1.0,0.0,1.0,1.0,0.9999999,0.9638651580320599,0.335426986825859,0.9084862890809267,0.9241418199787566,0.1
236,1,1.0,1.0,0.2,1.0,0.0,0.0,1.0,1.0,0.9483217690234945,0.23709842975887416,0.9994834206802832,0.9241418199787566,0.1
237,1,1.0,1.0,0.23333333333333334,1.0,0.0,0.0,1.0,0.99991333,0.9733374396963207,0.25843640070621215,0.8393939255839389,0.9241418199787566,0.1
238,1,1.0,1.0,0.2,1.0,0.0,0.0,1.0,1.0,0.9512408991091763,0.23316071832814,0.9991079571042251,0.9241418199787566,0.1
239,1,1.0,1.0,0.3,1.0,0.0,0.0,1.0,1.0,0.9700239139639206,0.31300581571183944,0.9984813614304807,0.9241418199787566,0.1
240,1,1.0,1.0,0.2,1.0,0.0,0.0,1.0,0.9999999,0.9758015643514754,0.22849015982903834,0.9914744526171666,0.9241418199787566,0.1
241,1,1.0,1.0,0.3,1.0,0.0,0.0,1.0,0.9999602,0.9678348541479503,0.31999329388101067,0.9960379116227772,0.9241418199787566,0.1
242,1,1.0,1.0,0.35,1.0,0.0,1.0,1.0,0.99999964,0.9658586040766203,0.3742647304552154,0.9755829287641155,0.9241418199787566,0.1
243,1,1.0,1.0,0.18333333333333332,1.0,0.0,0.0,1.0,1.0,0.9507148748279097,0.22854416721847004,0.9982457461874501,0.9241418199787566,0.1
244,1,1.0,1.0,0.3,1.0,0.0,0.0,1.0,1.0,0.960571292016797,0.3114154650736441,0.9345542719332387,0.9241418199787566,0.1
245,1,1.0,1.0,0.21666666666666667,1.0,0.0,0.0,1.0,0.99999106,0.9751390116255664,0.24870973815066078,0.9989421512251961,0.9241418199787566,0.1
246,1,1.0,1.0,0.2833333333333333,1.0,0.0,0.0,1.0,1.0,0.9731099202084175,0.29761094023711065,0.5466134916662526,0.9241418199787566,0.1
247,1,1.0,1.0,0.25,1.0,0.0,0.0,1.0,1.0,0.9790073605167655,0.28217246948355107,0.9947851984725514,0.9241418199787566,0.1
248,1,1.0,1.0,0.23333333333333334,1.0,0.0,0.0,1.0,1.0,0.977906744744386,0.2653488742587865,0.9618600256194876,0.9241418199787566,0.1
249,1,1.0,1.0,0.2833333333333333,1.0,0.0,0.0,1.0,1.0,0.9819351231101231,0.3020911412910609,0.9989937828018298,0.9241418199787566,0.1
250,1,1.0,1.0,0.25,1.0,0.0,0.0,1.0,0.95389265,0.9797128861327657,0.2746686028052751,0.9511334193575761,0.9241418199787566,0.1
251,1,1.0,1.0,0.25,1.0,0.0,0.0,1.0,1.0,0.9721697330107971,0.27437823656307514,0.9944290580531371,0.9241418199787566,0.1
252,1,1.0,1.0,0.26666666666666666,1.0,0.0,0.0,1.0,0.9999902,0.9731083110777198,0.2932963145069377,0.9578681363204652,0.9241418199787566,0.1
253,1,1.0,1.0,0.35,1.0,0.0,1.0,1.0,1.0,0.9583285614447189,0.36742060574612656,0.999194102436068,0.9241418199787566,0.1
254,1,1.0,1.0,0.25,1.0,0.0,0.0,1.0,1.0,0.959916817888225,0.27297110072961045,0.9997253622412869,0.9241418199787566,0.1
255,1,1.0,0.9833333333333333,0.35,1.0,0.0,1.0,1.0,0.99454486,0.9537185199651048,0.36901823135491196,0.9997480724521922,0.9241418199787566,0.1
256,1,1.0,1.0,0.36666666666666664,1.0,0.0,1.0,1.0,1.0,0.9721849752887994,0.38326270129667994,0.9679310901720676,0.9241418199787566,0.1
257,1,1.0,1.0,0.2833333333333333,1.0,0.0,0.0,1.0,1.0,0.9723086576835133,0.3089628793591984,0.9953335183259194,0.9241418199787566,0.1
258,1,1.0,1.0,0.3333333333333333,1.0,0.0,1.0,1.0,0.9996414,0.9538859337272786,0.3555450215055773,0.9920386398102135,0.9241418199787566,0.1
259,1,1.0,1.0,0.25,1.0,0.0,0.0,1.0,0.9998722,0.9787445452113309,0.2724761702943325,0.8600751005582272,0.9241418199787566,0.1
260,1,1.0,1.0,0.38333333333333336,1.0,0.0,1.0,1.0,1.0,0.9739900095460443,0.39001814630491355,0.9994834206802832,0.9241418199787566,0.1
261,1,1.0,1.0,0.23333333333333334,1.0,0.0,0.0,1.0,1.0,0.9699853435326432,0.24414759596941657,0.9297786559752929,0.9241418199787566,0.1
262,1,1.0,1.0,0.3,1.0,0.0,0.0,1.0,1.0,0.9499738529713362,0.32475440754999274,0.997978840729392,0.9241418199787566,0.1
263,1,1.0,1.0,0.16666666666666666,1.0,0.0,0.0,1.0,1.0,0.9690635906459701,0.20755035202913238,0.9257418455663027,0.9241418199787566,0.1
264,1,1.0,1.0,0.35,1.0,0.0,1.0,1.0,1.0,0.9711856046331816,0.37193520586912976,0.7966613487241977,0.9241418199787566,0.1
265,1,1.0,1.0,0.26666666666666666,1.0,0.0,0.0,1.0,1.0,0.9726189373197897,0.2882479973247441,0.9982457461874501,0.9241418199787566,0.1
266,1,1.0,1.0,0.3333333333333333,1.0,0.0,1.0,1.0,1.0,0.9565539300986663,0.3478305612874919,0.9993035162362859,0.9241418199787566,0.1
267,1,1.0,1.0,0.26666666666666666,1.0,0.0,0.0,1.0,1.0,0.9690312965719791,0.2821338483720018,0.9985337371222517,0.9241418199787566,0.1
268,1,1.0,1.0,0.23333333333333334,1.0,0.0,0.0,1.0,0.99955505,0.942150629311729,0.25347617943968836,0.9942653234546648,0.9241418199787566,0.1
269,1,1.0,1.0,0.25,1.0,0.0,0.0,1.0,1.0,0.9663621460201937,0.2818544145234683,0.984560492979323,0.9241418199787566,0.1
270,1,1.0,1.0,0.23333333333333334,1.0,0.0,0.0,1.0,0.9999969,0.9601689194824808,0.2637542618432757,0.9978105983588726,0.9241418199787566,0.1
271,1,1.0,1.0,0.21666666666666667,1.0,0.0,0.0,1.0,1.0,0.9635104526929835,0.24586564952600573,0.9846660731489878,0.9241418199787566,0.1
272,1,1.0,1.0,0.21666666666666667,1.0,0.0,0.0,1.0,1.0,0.9576761465242013,0.2501417180238482,0.9826271149828205,0.9241418199787566,0.1
273,1,1.0,1.0,0.21666666666666667,1.0,0.0,0.0,1.0,1.0,0.9214356758053595,0.24929371677519094,0.9906978050092029,0.9241418199787566,0.1
274,1,1.0,1.0,0.18333333333333332,1.0,0.0,0.0,1.0,1.0,0.9276976756025631,0.215692239542559,0.9458641055920962,0.9241418199787566,0.1
275,1,1.0,1.0,0.35,1.0,0.0,0.0,1.0,1.0,0.8953881581955176,0.357271677745109,0.9905723158815847,0.9241418199787566,0.1
276,1,1.0,1.0,0.2,1.0,0.0,0.0,1.0,1.0,0.9389257878472143,0.2367008351439041,0.9969542583411319,0.9241418199787566,0.1
277,1,1.0,0.9833333333333333,0.18333333333333332,1.0,0.0,0.0,1.0,1.0,0.9047955925834816,0.2253854963107469,0.9992979134407941,0.9241418199787566,0.1
278,1,1.0,1.0,0.23333333333333334,1.0,0.0,0.0,1.0,1.0,0.896173797726634,0.26382809128381823,0.9995567552873014,0.9241418199787566,0.1
279,1,1.0,1.0,0.38333333333333336,1.0,0.0,1.0,1.0,1.0,0.9717790596749282,0.40180636663963315,0.9981883038982182,0.9241418199787566,0.1
280,1,1.0,1.0,0.2833333333333333,1.0,0.0,0.0,1.0,0.99999106,0.9666664236392759,0.3096754894867806,0.9989421512251961,0.9241418199787566,0.1
281,1,1.0,1.0,0.26666666666666666,1.0,0.0,0.0,1.0,0.80314577,0.9395797318140392,0.28818870750127684,0.999449674780253,0.9241418199787566,0.1
282,1,1.0,1.0,0.3,1.0,0.0,0.0,1.0,0.9999999,0.9223578126331238,0.32755654839801035,0.966659758110352,0.9241418199787566,0.1
283,1,1.0,0.9833333333333333,0.2833333333333333,1.0,0.0,0.0,1.0,1.0,0.8987480328982528,0.2992270903475081,0.9994110274828056,0.9241418199787566,0.1
284,1,1.0,1.0,0.3,1.0,0.0,0.0,1.0,0.9999999,0.9174479524399476,0.31606826814878947,0.852413884025049,0.9241418199787566,0.1
285,1,1.0,1.0,0.31666666666666665,1.0,0.0,0.0,1.0,1.0,0.8974981567002922,0.3466860857369288,0.998599409514803,0.9241418199787566,0.1
286,1,1.0,1.0,0.2833333333333333,1.0,0.0,0.0,1.0,0.99992836,0.8950987285548326,0.3169680532298487,0.9898997206910567,0.9241418199787566,0.1
287,1,1.0,1.0,0.3333333333333333,1.0,0.0,0.0,1.0,0.9999999,0.9401777464917829,0.3544288253737215,0.9957479829237773,0.9241418199787566,0.1
288,1,1.0,0.8666666666666667,0.26666666666666666,1.0,0.0,0.0,1.0,0.9766892,0.8998477309986781,0.36398772214190195,0.6465686622001037,0.9241418199787566,0.1
289,0,1.0,0.016666666666666666,0.15,0.0,0.0,0.0,0.0,2.4379879e-05,0.9564956049783302,0.7231909454707525,0.863349830276401,0.9241418199787566,0.1
290,0,1.0,0.0,0.2,0.0,0.0,0.0,1.0,1.0258411e-07,0.9617741128615058,0.6563392483997748,0.9970533000786896,0.9241418199787566,0.1
291,0,1.0,0.0,0.25,0.0,0.0,0.0,1.0,2.4301016e-06,0.9425992654372164,0.6215022547322556,0.9961463599465963,0.9241418199787566,0.1
292,0,1.0,0.0,0.21666666666666667,0.0,0.0,0.0,1.0,1.3295123e-09,0.9308260144904763,0.6501776660205686,0.9985441466156771,0.9241418199787566,0.1
293,0,1.0,0.0,0.2833333333333333,0.0,0.0,0.0,1.0,4.8821308e-17,0.9416702759615441,0.6103893677119504,0.9593399269717451,0.9241418199787566,0.1
294,0,1.0,0.0,0.3,0.0,0.0,0.0,1.0,1.1035179e-07,0.9511809563493653,0.5879540709700662,0.9969731339330915,0.9241418199787566,0.1
295,0,1.0,0.0,0.3,0.0,0.0,0.0,1.0,2.8999166e-05,0.9460881170778347,0.5876649982324234,0.9920490995502376,0.9241418199787566,0.1
296,0,1.0,0.0,0.21666666666666667,0.0,0.0,0.0,1.0,7.380884e-08,0.9424393669321892,0.6527168365746235,0.9886473111650002,0.9241418199787566,0.1
297,0,1.0,0.0,0.18333333333333332,0.0,0.0,0.0,1.0,4.8255037e-12,0.9280696582968696,0.6945940826181032,0.9318476742126298,0.9241418199787566,0.1
298,0,1.0,0.0,0.2833333333333333,0.0,0.0,0.0,1.0,1.0543424e-08,0.9424900007507343,0.5863638523431676,0.9949934226251576,0.9241418199787566,0.1
299,0,1.0,0.0,0.3,0.0,0.0,0.0,1.0,5.5378496e-05,0.9331896126011332,0.604290402367063,0.9976376667735086,0.9241418199787566,0.1
300,0,1.0,0.0,0.26666666666666666,0.0,0.0,0.0,1.0,3.0679123e-17,0.9398515947515925,0.6075617870648237,0.9919398476932637,0.9241418199787566,0.1
301,0,1.0,0.0,0.25,0.0,0.0,0.0,1.0,4.0856668e-07,0.954863548753954,0.622593732046825,0.9928535386723693,0.9241418199787566,0.1
302,0,1.0,0.0,0.3,0.0,0.0,0.0,1.0,0.00013813167,0.9516637349517474,0.595218953585302,0.9974326733342453,0.9241418199787566,0.1
303,0,1.0,0.0,0.2,0.0,0.0,0.0,1.0,1.4307537e-05,0.933304140321374,0.6643848404339139,0.9987111929265794,0.9241418199787566,0.1
304,0,1.0,0.0,0.23333333333333334,0.0,0.0,0.0,1.0,6.227813e-15,0.9462840648280691,0.6189181256618834,0.9133346829817629,0.9241418199787566,0.1
305,0,1.0,0.0,0.25,0.0,0.0,0.0,0.0,0.42593375,0.9404603298448663,0.6316126795096922,0.9931210314821951,0.9241418199787566,0.1
306,0,1.0,0.0,0.3333333333333333,0.0,0.0,0.0,1.0,8.909496e-13,0.9336542533321694,0.5633950010115978,0.981252978949953,0.9241418199787566,0.1
307,0,1.0,0.0,0.35,0.0,0.0,0.0,1.0,4.085231e-13,0.9452657325308611,0.5408159527348634,0.9999223932578034,0.9241418199787566,0.1
308,0,1.0,0.0,0.2,0.0,0.0,0.0,1.0,4.2328e-06,0.9474794791872065,0.661362831749887,0.9984334133844369,0.9241418199787566,0.1
309,0,1.0,0.0,0.26666666666666666,0.0,0.0,0.0,1.0,1.0513475e-13,0.9323383878451218,0.609902664572053,0.9994640128271319,0.9241418199787566,0.1
310,0,1.0,0.0,0.3,0.0,0.0,0.0,1.0,5.383976e-09,0.9391413394747262,0.5935671809436657,0.9993759658298081,0.9241418199787566,0.1
311,0,1.0,0.0,0.3,0.0,0.0,0.0,1.0,1.9670467e-06,0.9466872422350512,0.5924088871347366,0.9759356123180939,0.9241418199787566,0.1
312,0,1.0,0.0,0.16666666666666666,0.0,0.0,0.0,1.0,9.888502e-06,0.9393315541364462,0.7072848324842844,0.9973507258790368,0.9241418199787566,0.1
313,0,1.0,0.0,0.3333333333333333,0.0,0.0,0.0,1.0,3.831189e-05,0.944146017911489,0.5641020393501102,0.9990041158210491,0.9241418199787566,0.1
314,0,1.0,0.0,0.21666666666666667,0.0,0.0,0.0,1.0,3.068946e-11,0.943804985839251,0.6537666928184708,0.9967164665155642,0.9241418199787566,0.1
315,0,1.0,0.0,0.31666666666666665,0.0,0.0,0.0,1.0,1.4317875e-10,0.9500436965629997,0.5728699223301051,0.9971805814612413,0.9241418199787566,0.1
316,0,1.0,0.0,0.26666666666666666,0.0,0.0,0.0,1.0,3.1965326e-09,0.9355859144228583,0.6258551501015589,0.9973941917935559,0.9241418199787566,0.1
317,0,1.0,0.0,0.25,0.0,0.0,0.0,1.0,0.01272344,0.9337972702573601,0.6265385034762831,0.9967243756540695,0.9241418199787566,0.1
318,0,1.0,0.25,0.25,0.0,0.0,0.0,1.0,0.0001164528,0.9370726094745122,0.5327653275995746,0.9948489871503855,0.9241418199787566,0.1
319,1,1.0,1.0,0.21666666666666667,1.0,0.0,0.0,1.0,0.923362,0.9560198182517776,0.25881702358237335,0.9826494727234164,0.9241418199787566,0.1
320,1,1.0,1.0,0.3333333333333333,1.0,0.0,0.0,1.0,0.99999917,0.9344707925519892,0.3610353598186105,0.9102417861427361,0.9241418199787566,0.1
321,1,0.0,1.0,0.3,0.0,0.0,0.0,1.0,0.2371935,0.9409595776405829,0.32870598559052105,0.7946938322306907,0.9241418199787566,0.1
322,1,1.0,1.0,0.3,1.0,0.0,0.0,1.0,1.0,0.9491931068745552,0.33339571828623543,0.9982457461874501,0.9241418199787566,0.1
323,1,1.0,1.0,0.23333333333333334,1.0,0.0,0.0,1.0,0.9999999,0.9799498038040545,0.26931146424845676,0.9826766124646865,0.9241418199787566,0.1
324,1,1.0,1.0,0.3,1.0,0.0,0.0,1.0,1.0,0.9361642163064108,0.32862520144249563,0.9992963958303197,0.9241418199787566,0.1
325,1,1.0,1.0,0.3333333333333333,1.0,0.0,0.0,1.0,1.0,0.9333316265396246,0.3599631312227613,0.872706173862437,0.9241418199787566,0.1
326,1,1.0,1.0,0.31666666666666665,1.0,0.0,1.0,1.0,1.0,0.9439720089262965,0.35491014617720607,0.9975318705174454,0.9241418199787566,0.1
327,0,1.0,0.4666666666666667,0.2,1.0,0.0,0.0,1.0,6.289429e-09,0.9454316732679661,0.4194957326308299,0.9792063134488156,0.9241418199787566,0.1
328,1,1.0,0.9166666666666666,0.26666666666666666,1.0,0.0,1.0,1.0,1.0,0.9695513311686262,0.34659797575830315,0.9905723158815847,0.9241418199787566,0.1
329,1,1.0,1.0,0.25,1.0,0.0,0.0,1.0,1.0,0.9547520295502878,0.2705910288459727,0.9954269587635926,0.9241418199787566,0.1
330,1,1.0,1.0,0.25,1.0,0.0,0.0,1.0,0.9999349,0.9523246178297129,0.28388975777143916,0.9934926994305548,0.9241418199787566,0.1
331,1,1.0,1.0,0.35,1.0,0.0,1.0,1.0,1.0,0.9558594938276013,0.3698457941159939,0.9216035218540595,0.9241418199787566,0.1
332,1,1.0,1.0,0.2833333333333333,1.0,0.0,0.0,1.0,1.0,0.9484570515876051,0.30270711207166323,0.9840058403226386,0.9241418199787566,0.1
333,1,1.0,1.0,0.3333333333333333,1.0,0.0,1.0,1.0,1.0,0.9701496608189369,0.34335370110638236,0.9989735944255377,0.9241418199787566,0.1
334,1,1.0,1.0,0.2,1.0,0.0,0.0,1.0,0.9999999,0.9671522238861713,0.2262512745512166,0.7471575579130543,0.9241418199787566,0.1
335,1,1.0,1.0,0.26666666666666666,1.0,0.0,0.0,1.0,0.9999869,0.9638792012074904,0.29145054979407475,0.9747160573614366,0.9241418199787566,0.1
336,1,1.0,1.0,0.21666666666666667,1.0,0.0,0.0,1.0,0.9999727,0.9496785198826498,0.2515669867180684,0.990371339829106,0.9241418199787566,0.1
337,1,1.0,1.0,0.2833333333333333,1.0,0.0,0.0,1.0,0.9999349,0.9611691477640735,0.3014821896953307,0.9934926994305548,0.9241418199787566,0.1
338,1,1.0,1.0,0.2,1.0,0.0,0.0,1.0,0.9993352,0.970784458794403,0.23651496048048842,0.9748739174979452,0.9241418199787566,0.1
339,1,1.0,1.0,0.18333333333333332,1.0,0.0,0.0,1.0,0.9999988,0.9649101503518814,0.22292619427421764,0.9541924479326098,0.9241418199787566,0.1
340,1,1.0,1.0,0.21666666666666667,1.0,0.0,0.0,1.0,0.9997571,0.9704829958192925,0.24868731813924227,0.9276566667466671,0.9241418199787566,0.1
341,1,1.0,1.0,0.16666666666666666,1.0,0.0,0.0,1.0,0.99999976,0.9810922415481352,0.1982232855497986,0.9998133235196397,0.9241418199787566,0.1
342,1,1.0,1.0,0.3,1.0,0.0,0.0,1.0,1.0,0.9583882528576024,0.31884098544319767,0.981556432567986,0.9241418199787566,0.1
343,1,1.0,1.0,0.3333333333333333,1.0,0.0,1.0,1.0,1.0,0.9566183897986984,0.3527112876998149,0.9288603225091662,0.9241418199787566,0.1
344,1,1.0,1.0,0.26666666666666666,1.0,0.0,0.0,1.0,0.999998,0.9800004958035807,0.295875125895992,0.9827241642341763,0.9241418199787566,0.1
345,0,1.0,0.08333333333333333,0.3,0.0,0.0,0.0,1.0,0.0010618677,0.9541258986040001,0.612436740862957,0.9969770061105049,0.9241418199787566,0.1
346,0,1.0,0.0,0.23333333333333334,0.0,0.0,0.0,1.0,3.855725e-09,0.9442230366256313,0.6517435860410804,0.9903104314858254,0.9241418199787566,0.1
347,0,1.0,0.0,0.2,0.0,0.0,0.0,1.0,4.9658223e-07,0.9487318771651669,0.6613330013733214,0.9977733990204705,0.9241418199787566,0.1
348,0,1.0,0.0,0.26666666666666666,0.0,0.0,0.0,0.0,2.0944259e-10,0.9486513811280353,0.602769321135522,0.8332067976139917,0.9241418199787566,0.1
349,0,1.0,0.0,0.18333333333333332,0.0,0.0,0.0,1.0,3.3853186e-07,0.9373696293778833,0.6645930890400262,0.9966218172355377,0.9241418199787566,0.1
350,0,1.0,0.0,0.4166666666666667,1.0,0.0,0.0,1.0,2.3548158e-07,0.9455781223626178,0.49548221157521316,0.9978165990734699,0.9241418199787566,0.1
351,0,1.0,0.0,0.2833333333333333,0.0,0.0,0.0,1.0,3.196685e-09,0.946245877815691,0.5986959313938996,0.9270813694195108,0.9241418199787566,0.1
352,0,1.0,0.0,0.3,0.0,0.0,0.0,1.0,1.1097868e-15,0.9309958915864657,0.6006157939288727,0.9996586649502539,0.9241418199787566,0.1
353,0,1.0,0.0,0.25,0.0,0.0,0.0,1.0,1.4687729e-09,0.9312367589669652,0.6324397786424285,0.9969881377123424,0.9241418199787566,0.1
354,0,1.0,0.0,0.23333333333333334,0.0,0.0,0.0,1.0,3.085406e-13,0.942048364968492,0.6277291757641641,0.9989911372246688,0.9241418199787566,0.1
355,0,1.0,0.0,0.3,0.0,0.0,0.0,1.0,3.5195757e-12,0.9299784479842236,0.5775480548084198,0.9975957472701144,0.9241418199787566,0.1
356,0,1.0,0.0,0.3333333333333333,0.0,0.0,0.0,1.0,3.138573e-07,0.9426713395377995,0.5580221028522714,0.9937130408880853,0.9241418199787566,0.1
357,0,1.0,0.0,0.3,0.0,0.0,0.0,1.0,2.9151191e-05,0.9338413067612126,0.5913981868423531,0.9990708838449314,0.9241418199787566,0.1
358,0,1.0,0.0,0.18333333333333332,0.0,0.0,0.0,1.0,0.00033703377,0.9481226561164626,0.672383324404284,0.9905013243873065,0.9241418199787566,0.1
359,0,1.0,0.0,0.23333333333333334,0.0,0.0,0.0,0.0,4.0963247e-10,0.9457566921338427,0.6517129111011892,0.8684726600743855,0.9241418199787566,0.1
360,0,1.0,0.0,0.2833333333333333,0.0,0.0,0.0,0.0,0.24527542,0.952676688581905,0.6044272345569273,0.9979863748500524,0.9241418199787566,0.1
361,0,1.0,0.0,0.3333333333333333,0.0,0.0,0.0,1.0,0.09122608,0.9489781583970693,0.5658398344150402,0.9924404130970857,0.9241418199787566,0.1
362,0,1.0,0.0,0.31666666666666665,0.0,0.0,0.0,1.0,0.00047547824,0.9422644336008532,0.5794573185944053,0.9977339102976552,0.9241418199787566,0.1
363,0,1.0,0.0,0.21666666666666667,0.0,0.0,0.0,1.0,2.3204262e-08,0.9455241778352179,0.6602426107484747,0.9978039400938223,0.9241418199787566,0.1
364,0,1.0,0.0,0.15,0.0,0.0,0.0,1.0,4.6237356e-10,0.942244177908166,0.6915613119712489,0.9935331540937254,0.9241418199787566,0.1
365,0,1.0,0.0,0.21666666666666667,0.0,0.0,0.0,1.0,0.00011751432,0.9532133969904751,0.6560538270314793,0.998012803103385,0.9241418199787566,0.1
366,0,1.0,0.0,0.3333333333333333,0.0,0.0,0.0,1.0,0.001928028,0.9456311259640585,0.5668583451193924,0.9975986946513583,0.9241418199787566,0.1
367,0,1.0,0.0,0.35,0.0,0.0,0.0,1.0,0.032937296,0.9341221800076869,0.5616622598224174,0.9998526839536236,0.9241418199787566,0.1
368,0,1.0,0.0,0.21666666666666667,0.0,0.0,0.0,1.0,8.8561434e-13,0.9380054769331583,0.6427791206129563,0.9999781112706614,0.9241418199787566,0.1
369,0,1.0,0.0,0.3,0.0,0.0,0.0,1.0,1.9807396e-14,0.9424050190948666,0.5731495993884823,0.9994087147492192,0.9241418199787566,0.1
370,0,1.0,0.0,0.35,0.0,0.0,0.0,1.0,0.096913636,0.9404429845062757,0.5468375219327531,0.989894714351425,0.9241418199787566,0.1
371,0,1.0,0.0,0.2833333333333333,0.0,0.0,0.0,1.0,1.2570186e-07,0.9449255585421763,0.5906166163330887,0.9996466658028242,0.9241418199787566,0.1
372,0,1.0,0.0,0.23333333333333334,0.0,0.0,0.0,1.0,5.525025e-11,0.9471968517535398,0.6425813627730129,0.9989143395729794,0.9241418199787566,0.1
373,0,1.0,0.0,0.3,0.0,0.0,0.0,1.0,9.944789e-11,0.9480459251351285,0.5795586482214784,0.9992058975510171,0.9241418199787566,0.1
374,0,1.0,0.0,0.3333333333333333,0.0,0.0,0.0,1.0,7.284352e-09,0.9407732755210519,0.5607796862701864,0.9987508395018768,0.9241418199787566,0.1
375,0,1.0,0.0,0.23333333333333334,0.0,0.0,0.0,1.0,4.6428923e-11,0.9327790201222086,0.6376547784566025,0.9991303797955724,0.9241418199787566,0.1
376,0,1.0,0.0,0.26666666666666666,0.0,0.0,0.0,0.0,0.37659,0.9455835311822951,0.617445474642562,0.9988807379930776,0.9241418199787566,0.1
377,0,1.0,0.0,0.3,0.0,0.0,0.0,1.0,2.901998e-22,0.935418351947282,0.5951630932557056,0.9999812808719262,0.9241418199787566,0.1
378,0,1.0,0.0,0.31666666666666665,0.0,0.0,0.0,1.0,5.4661296e-14,0.9410355155409006,0.5669632708271721,0.9988443618380373,0.9241418199787566,0.1
379,0,1.0,0.0,0.26666666666666666,0.0,0.0,0.0,1.0,4.3558226e-05,0.9519617471392005,0.6140399876914653,0.9982774650137634,0.9241418199787566,0.1
380,1,1.0,0.65,0.3,1.0,0.0,0.0,1.0,0.99999964,0.8705176768641085,0.37984541176691394,0.9496261891118785,0.9241418199787566,0.1
381,1,1.0,1.0,0.16666666666666666,1.0,0.0,0.0,1.0,1.0,0.8368524611272351,0.21520364423206545,0.9989839903766677,0.9241418199787566,0.1
382,1,1.0,1.0,0.2833333333333333,1.0,0.0,0.0,1.0,1.0,0.843018059169773,0.31896140089105884,0.9967337359341227,0.9241418199787566,0.1
383,1,1.0,1.0,0.35,1.0,0.0,0.0,1.0,0.9999993,0.8439000924488197,0.3664951034521144,0.9968474743923036,0.9241418199787566,0.1
384,1,1.0,1.0,0.31666666666666665,1.0,0.0,0.0,1.0,0.99992156,0.8303077391113742,0.3453694082153207,0.9991567569816014,0.9241418199787566,0.1
385,1,1.0,1.0,0.25,1.0,0.0,0.0,1.0,1.0,0.8360359589813381,0.2836843129069182,0.988057215910219,0.9241418199787566,0.1
386,1,1.0,1.0,0.2833333333333333,1.0,0.0,0.0,1.0,1.0,0.8480496203122427,0.3114484238083649,0.7783637834582099,0.9241418199787566,0.1
387,1,1.0,1.0,0.2,1.0,0.0,0.0,1.0,1.0,0.8420184458353998,0.24126335393967802,0.9442088087453052,0.9241418199787566,0.1
388,1,1.0,1.0,0.16666666666666666,1.0,0.0,0.0,1.0,1.0,0.8339340689955445,0.1982421631294276,0.5845262444692684,0.9241418199787566,0.1
389,1,1.0,1.0,0.26666666666666666,1.0,0.0,0.0,1.0,1.0,0.8395677821620944,0.30045774895211325,0.9849401474637541,0.9241418199787566,0.1
390,1,1.0,1.0,0.26666666666666666,1.0,0.0,0.0,1.0,0.9999999,0.8281985113416873,0.2866450863799665,0.99809579642152,0.9241418199787566,0.1
391,1,1.0,1.0,0.16666666666666666,1.0,0.0,0.0,1.0,1.0,0.8424001871365397,0.209533135694393,0.9830470668189278,0.9241418199787566,0.1
392,1,1.0,1.0,0.25,1.0,0.0,0.0,1.0,1.0,0.8201836420617865,0.2701890549731372,0.9954328690064986,0.9241418199787566,0.1
393,1,1.0,1.0,0.3,1.0,0.0,0.0,1.0,1.0,0.8366119023168401,0.3221214683302289,0.884208301577366,0.9241418199787566,0.1
394,1,1.0,1.0,0.2,1.0,0.0,0.0,1.0,1.0,0.8398526284510198,0.22907965155184218,0.995705972815073,0.9241418199787566,0.1
395,1,1.0,1.0,0.25,1.0,0.0,0.0,1.0,1.0,0.8346354162497158,0.2861718725618228,0.9964337157632774,0.9241418199787566,0.1
396,1,1.0,1.0,0.31666666666666665,1.0,0.0,0.0,1.0,1.0,0.8463987347090368,0.34165423307374326,0.9652220106261205,0.9241418199787566,0.1
397,1,1.0,1.0,0.26666666666666666,1.0,0.0,0.0,1.0,1.0,0.8378540653941285,0.30286331031450586,0.8529754877758552,0.9241418199787566,0.1
398,1,1.0,1.0,0.21666666666666667,1.0,0.0,0.0,1.0,1.0,0.8295029975749847,0.2572612266273462,0.9974721539597273,0.9241418199787566,0.1
399,1,1.0,1.0,0.25,1.0,0.0,0.0,1.0,0.9999999,0.8243178366992923,0.2742999620755173,0.9579709488562166,0.9241418199787566,0.1
400,1,1.0,1.0,0.23333333333333334,1.0,0.0,0.0,1.0,1.0,0.8259595457297774,0.27247575314442535,0.9298605208520094,0.9241418199787566,0.1
401,1,1.0,1.0,0.25,1.0,0.0,0.0,1.0,0.99924254,0.8215740368525182,0.27936661358508846,0.9985192374703561,0.9241418199787566,0.1
402,1,1.0,1.0,0.4,1.0,0.0,0.0,1.0,1.0,0.8448963345665882,0.4104460274460529,0.9941707942346706,0.9241418199787566,0.1
403,1,1.0,1.0,0.2833333333333333,1.0,0.0,0.0,1.0,1.0,0.8198651407051172,0.3054166860083809,0.9345542719332387,0.9241418199787566,0.1
404,1,1.0,1.0,0.3,1.0,0.0,0.0,1.0,1.0,0.8288791266566072,0.31242681794954547,0.943181879648438,0.9241418199787566,0.1
405,1,1.0,0.9166666666666666,0.26666666666666666,1.0,0.0,0.0,1.0,1.0,0.8528869413486403,0.3222953869916403,0.9944290580531371,0.9241418199787566,0.1
406,1,1.0,0.9833333333333333,0.23333333333333334,1.0,0.0,0.0,1.0,0.9999428,0.7859779400476647,0.26087024202507847,0.9635043086147345,0.9241418199787566,0.1
407,1,1.0,1.0,0.25,1.0,0.0,0.0,1.0,0.9999999,0.8394992987955124,0.28472011282195314,0.9989009328289613,0.9241418199787566,0.1
408,1,1.0,1.0,0.31666666666666665,1.0,0.0,0.0,1.0,0.99999964,0.8096913126822749,0.3485548063501662,0.5532423975531677,0.9241418199787566,0.1
409,1,1.0,1.0,0.31666666666666665,1.0,0.0,0.0,1.0,1.0,0.8063582795494094,0.34380281819959385,0.9961883674697057,0.9241418199787566,0.1
410,1,1.0,1.0,0.21666666666666667,1.0,0.0,0.0,1.0,1.0,0.8144604295146679,0.2581155606466645,0.9503783446684738,0.9241418199787566,0.1
411,1,1.0,1.0,0.21666666666666667,1.0,0.0,0.0,1.0,1.0,0.8290155984222881,0.24744601309492087,0.9558620081271904,0.9241418199787566,0.1
412,1,1.0,1.0,0.2833333333333333,1.0,0.0,0.0,1.0,1.0,0.826663567524084,0.3154226615325232,0.9074013470719665,0.9241418199787566,0.1
413,0,1.0,0.21666666666666667,0.15,0.0,0.0,0.0,1.0,2.5509136e-10,0.9339861727694956,0.6061762825114081,0.9910057766762222,0.9241418199787566,0.1
414,0,1.0,0.0,0.26666666666666666,0.0,0.0,0.0,1.0,5.9656127e-13,0.9477569739674555,0.600682459784279,0.9437431533043366,0.9241418199787566,0.1
415,0,1.0,0.0,0.2,0.0,0.0,0.0,1.0,2.5177649e-06,0.9345423198991851,0.6522243254648513,0.9985912499119581,0.9241418199787566,0.1
416,0,1.0,0.0,0.3,0.0,0.0,0.0,0.0,3.2335362e-15,0.9449574563097543,0.6010416726018942,0.7195825432031142,0.9241418199787566,0.1
417,0,1.0,0.0,0.3333333333333333,0.0,0.0,0.0,1.0,1.4360986e-09,0.9385810796208133,0.555083153485351,0.9422837578708942,0.9241418199787566,0.1
418,0,0.0,0.0,0.18333333333333332,0.0,0.0,0.0,0.0,0.55502546,0.9440731112752807,0.6970354648581494,0.9946368571132507,0.9241418199787566,0.1
419,0,1.0,0.0,0.2,0.0,0.0,0.0,1.0,3.6301152e-08,0.9344628897905266,0.6656901387665539,0.9424302595483413,0.9241418199787566,0.1
420,0,1.0,0.0,0.26666666666666666,0.0,0.0,0.0,1.0,0.00020804726,0.936727651274636,0.6356379175762396,0.998210308010379,0.9241418199787566,0.1
421,0,1.0,0.0,0.26666666666666666,0.0,0.0,0.0,1.0,2.0425522e-13,0.9401686122802073,0.6122202446977515,0.9997014326406021,0.9241418199787566,0.1
422,0,1.0,0.0,0.21666666666666667,0.0,0.0,0.0,1.0,3.0698664e-06,0.9481278462796519,0.66514245203226,0.997937206137918,0.9241418199787566,0.1
423,0,1.0,0.0,0.3,0.0,0.0,0.0,1.0,5.485361e-09,0.9521401666665424,0.5956758782284194,0.9993503165052193,0.9241418199787566,0.1
424,0,1.0,0.0,0.26666666666666666,0.0,0.0,0.0,1.0,8.3994045e-18,0.9310553096044706,0.6194680525349049,0.9999719654257632,0.9241418199787566,0.1
425,0,1.0,0.0,0.25,0.0,0.0,0.0,1.0,1.9635571e-10,0.9295603294625738,0.6028096124180735,0.9703263100300736,0.9241418199787566,0.1
426,0,1.0,0.0,0.3,0.0,0.0,0.0,1.0,2.2862873e-11,0.94058965947006,0.6029385800925701,0.9981243980711986,0.9241418199787566,0.1
427,0,1.0,0.0,0.31666666666666665,0.0,0.0,0.0,1.0,1.0409393e-14,0.9336104086417707,0.565196327563054,0.9991572321546921,0.9241418199787566,0.1
428,0,1.0,0.0,0.26666666666666666,0.0,0.0,0.0,1.0,5.922049e-08,0.9400141701418233,0.6165791274104726,0.9973889178735765,0.9241418199787566,0.1
429,0,1.0,0.0,0.16666666666666666,0.0,0.0,0.0,1.0,1.06342976e-10,0.9571467435191837,0.6773431846247909,0.9944616136471149,0.9241418199787566,0.1
430,0,1.0,0.0,0.18333333333333332,0.0,0.0,0.0,1.0,2.6561738e-06,0.9437436580958036,0.6842241089446344,0.9902182741672196,0.9241418199787566,0.1
431,0,1.0,0.0,0.25,0.0,0.0,0.0,1.0,2.5229213e-14,0.9430156151311524,0.6321763515343902,0.9002653880630448,0.9241418199787566,0.1
432,0,1.0,0.0,0.2833333333333333,0.0,0.0,0.0,1.0,8.4948235e-09,0.9433358811919508,0.6154671540044727,0.9987934981940624,0.9241418199787566,0.1
433,0,1.0,0.0,0.3,0.0,0.0,0.0,1.0,0.00046293685,0.9478972507600306,0.5876693410391092,0.9993599696440956,0.9241418199787566,0.1
434,0,1.0,0.0,0.23333333333333334,0.0,0.0,0.0,1.0,0.00021716973,0.9481821842398507,0.6376906651393828,0.998998045625662,0.9241418199787566,0.1
435,0,1.0,0.0,0.25,0.0,0.0,0.0,1.0,0.033517797,0.9479034814703924,0.6341268730245136,0.995642209375246,0.9241418199787566,0.1
436,0,1.0,0.0,0.11666666666666667,0.0,0.0,0.0,1.0,1.4350312e-12,0.9458780379557059,0.735685172849589,0.9995000491186564,0.9241418199787566,0.1
437,0,1.0,0.0,0.2833333333333333,0.0,0.0,0.0,1.0,4.7526902e-07,0.9410812550725044,0.6014015396470102,0.9984527624379841,0.9241418199787566,0.1
438,0,1.0,0.0,0.25,0.0,0.0,0.0,1.0,6.227813e-15,0.933052319626462,0.6116057918265398,0.9133346829817629,0.9241418199787566,0.1
439,0,1.0,0.0,0.3333333333333333,0.0,0.0,0.0,1.0,1.7823998e-08,0.9431536379437494,0.5548104530256383,0.999758336924347,0.9241418199787566,0.1
440,0,1.0,0.0,0.35,0.0,0.0,0.0,1.0,1.075086e-12,0.9465175928067733,0.5630491464450547,0.9993666082816527,0.9241418199787566,0.1
441,0,1.0,0.0,0.25,0.0,0.0,0.0,0.0,0.24716257,0.9377614504288415,0.6268267151844835,0.9928439216578921,0.9241418199787566,0.1
442,0,1.0,0.0,0.18333333333333332,0.0,0.0,0.0,1.0,1.1908706e-11,0.9472909238780133,0.6660856414007544,0.9474408112036444,0.9241418199787566,0.1
443,0,1.0,0.0,0.31666666666666665,0.0,0.0,0.0,1.0,2.0692324e-13,0.9551115161100336,0.571165943166951,0.9921022026441253,0.9241418199787566,0.1
444,0,1.0,0.0,0.23333333333333334,0.0,0.0,0.0,1.0,3.268695e-08,0.9390705304798527,0.6358335646823925,0.9522030438304865,0.9241418199787566,0.1
445,0,1.0,0.0,0.38333333333333336,0.0,0.0,0.0,1.0,1.5621916e-05,0.9509255495665018,0.5263118831885918,0.9983332442881409,0.9241418199787566,0.1
446,0,1.0,0.0,0.2833333333333333,0.0,0.0,0.0,1.0,0.06558391,0.9432157506461396,0.5919343124164879,0.990073533540212,0.9241418199787566,0.1
447,0,1.0,0.0,0.3,0.0,0.0,0.0,1.0,2.475194e-11,0.9386939968224158,0.5855544154949701,0.996254267068034,0.9241418199787566,0.1
448,0,1.0,0.0,0.26666666666666666,0.0,0.0,0.0,1.0,3.6301152e-08,0.9523366320021273,0.6151400580758881,0.9424302595483413,0.9241418199787566,0.1
449,0,1.0,0.0,0.18333333333333332,0.0,0.0,0.0,1.0,4.7615655e-13,0.9470277735158825,0.6799635071112796,0.9494406645269254,0.9241418199787566,0.1
450,0,1.0,0.0,0.2833333333333333,0.0,0.0,0.0,1.0,2.7918673e-05,0.9493580981712283,0.5900027795876915,0.9573858508439491,0.9241418199787566,0.1
451,0,1.0,0.0,0.25,0.0,0.0,0.0,1.0,1.5235688e-10,0.9473244142083357,0.6244853747739675,0.999908341946712,0.9241418199787566,0.1
452,0,1.0,0.0,0.16666666666666666,0.0,0.0,0.0,1.0,7.483814e-12,0.9450269055383074,0.6959910949103542,0.9999886459307127,0.9241418199787566,0.1
453,0,1.0,0.0,0.21666666666666667,0.0,0.0,0.0,1.0,6.0328983e-07,0.9499955353050734,0.6602678660809523,0.9919468359896784,0.9241418199787566,0.1
454,0,1.0,0.0,0.3,0.0,0.0,0.0,1.0,1.8890495e-08,0.9418335453420529,0.580508095399881,0.9882221301204265,0.9241418199787566,0.1
455,0,1.0,0.0,0.23333333333333334,0.0,0.0,0.0,1.0,1.04138466e-13,0.9503607820216116,0.6336675423079321,0.9998615472282074,0.9241418199787566,0.1
456,0,1.0,0.0,0.23333333333333334,0.0,0.0,0.0,1.0,6.207127e-09,0.9499915139076904,0.6553825385161566,0.9983979043863443,0.9241418199787566,0.1
457,0,1.0,0.0,0.21666666666666667,0.0,0.0,0.0,1.0,6.289164e-13,0.9346868934239895,0.6481817854614257,0.9965475791931406,0.9241418199787566,0.1
458,0,1.0,0.0,0.35,0.0,0.0,0.0,1.0,0.0001164528,0.9368219228944182,0.56391869365996,0.9948489871503855,0.9241418199787566,0.1
459,0,1.0,0.0,0.31666666666666665,0.0,0.0,0.0,1.0,8.343044e-10,0.9361726055321136,0.5708870161930624,0.999167235714994,0.9241418199787566,0.1
460,0,1.0,0.0,0.25,0.0,0.0,0.0,1.0,2.8358274e-11,0.9428112914648158,0.6423876843592067,0.9937636155053198,0.9241418199787566,0.1
461,0,1.0,0.0,0.21666666666666667,0.0,0.0,0.0,1.0,5.380775e-12,0.9511310308318615,0.6668864248005332,0.9677303015945528,0.9241418199787566,0.1
462,0,1.0,0.0,0.21666666666666667,0.0,0.0,0.0,1.0,1.8939956e-12,0.951666747327526,0.6670912813008915,0.951673602275095,0.9241418199787566,0.1
463,0,1.0,0.0,0.26666666666666666,0.0,0.0,0.0,1.0,2.7712568e-14,0.9386069307248934,0.6052480055406967,0.9988162952629879,0.9241418199787566,0.1
464,1,1.0,0.65,0.18333333333333332,1.0,0.0,1.0,1.0,0.9981353,0.9463420359637588,0.38898338358839896,0.9805517176845443,0.9241418199787566,0.1
465,0,1.0,0.48333333333333334,0.3,1.0,0.0,0.0,1.0,1.2769852e-05,0.9580932444441929,0.47197276190711396,0.991126415221072,0.9241418199787566,0.1
466,0,1.0,0.0,0.21666666666666667,0.0,0.0,0.0,0.0,3.4769976e-13,0.9418307898946894,0.6488940355922248,0.8426572352672214,0.9241418199787566,0.1
467,0,1.0,0.0,0.31666666666666665,0.0,0.0,0.0,1.0,9.50011e-10,0.9446676921074085,0.5729418902930544,0.9970151797005063,0.9241418199787566,0.1
468,0,1.0,0.0,0.25,0.0,0.0,0.0,1.0,2.580622e-06,0.9352600866223177,0.6374362182687208,0.9918415510347515,0.9241418199787566,0.1
469,0,1.0,0.0,0.3,0.0,0.0,0.0,0.0,0.17463042,0.9511956197446501,0.5927745690035634,0.994339735728087,0.9241418199787566,0.1
470,0,1.0,0.0,0.21666666666666667,0.0,0.0,0.0,1.0,4.7685397e-08,0.9493828616003739,0.6709404805231212,0.9945557246021917,0.9241418199787566,0.1
471,1,0.0,0.9666666666666667,0.3,0.0,0.0,0.0,1.0,0.2371935,0.9253065474497532,0.3144244899530392,0.7946938322306907,0.9241418199787566,0.1
472,1,1.0,1.0,0.3333333333333333,1.0,0.0,0.0,1.0,0.923362,0.9377348469390088,0.3542211216887713,0.9826494727234164,0.9241418199787566,0.1
473,1,1.0,1.0,0.25,1.0,0.0,0.0,1.0,1.0,0.9562875825612422,0.271237694599743,0.9975318705174454,0.9241418199787566,0.1
474,1,1.0,1.0,0.31666666666666665,1.0,0.0,0.0,1.0,1.0,0.9381967879016303,0.31911717231790093,0.993185255462296,0.9241418199787566,0.1
475,1,1.0,1.0,0.15,1.0,0.0,0.0,1.0,1.0,0.9246914978038387,0.19950244870657452,0.9949821581880332,0.9241418199787566,0.1
476,1,1.0,1.0,0.26666666666666666,1.0,0.0,0.0,1.0,1.0,0.9663278970472866,0.2920693896306135,0.9832106537164823,0.9241418199787566,0.1
477,1,1.0,1.0,0.26666666666666666,1.0,0.0,0.0,1.0,1.0,0.9603012168831963,0.2883211158137559,0.9995621995095887,0.9241418199787566,0.1
478,1,1.0,1.0,0.26666666666666666,1.0,0.0,0.0,1.0,1.0,0.9380026996910549,0.3005344011375514,0.9974577456488538,0.9241418199787566,0.1
479,1,1.0,1.0,0.25,1.0,0.0,0.0,1.0,1.0,0.9428377135844522,0.2827097126858671,0.9324533088603709,0.9241418199787566,0.1
480,1,1.0,1.0,0.26666666666666666,1.0,0.0,0.0,1.0,0.9999989,0.9585367063271637,0.30271031659249753,0.9981671179996457,0.9241418199787566,0.1
481,1,1.0,1.0,0.16666666666666666,1.0,0.0,0.0,1.0,0.95600516,0.9607711060722687,0.19827588637398647,0.6634061535129593,0.9241418199787566,0.1
482,1,1.0,1.0,0.26666666666666666,1.0,0.0,0.0,1.0,1.0,0.9527187301187257,0.2923304034341207,0.9705707731371274,0.9241418199787566,0.1
483,1,1.0,1.0,0.25,1.0,0.0,0.0,1.0,1.0,0.9544682441899395,0.2795724970326096,0.988243021970549,0.9241418199787566,0.1
484,1,1.0,1.0,0.25,1.0,0.0,0.0,1.0,1.0,0.9416924581407147,0.28263359754194484,0.9639275543191664,0.9241418199787566,0.1
485,1,1.0,1.0,0.26666666666666666,1.0,0.0,0.0,1.0,0.9999974,0.9552466837650128,0.2953011668029022,0.9941427637548189,0.9241418199787566,0.1
486,1,1.0,1.0,0.3,1.0,0.0,0.0,1.0,1.0,0.9510018212431276,0.3246374857874089,0.5845262444692684,0.9241418199787566,0.1
487,1,1.0,0.9833333333333333,0.2,1.0,0.0,0.0,1.0,1.0,0.9265307611278593,0.23931973004948467,0.9993923356654477,0.9241418199787566,0.1
488,1,1.0,1.0,0.35,1.0,0.0,1.0,1.0,1.0,0.944122039675017,0.37277287794801056,0.8072482763468041,0.9241418199787566,0.1
489,1,1.0,1.0,0.36666666666666664,1.0,0.0,1.0,1.0,0.99999976,0.9459191558684867,0.35822383973574196,0.9998133235196397,0.9241418199787566,0.1
490,1,1.0,1.0,0.13333333333333333,1.0,0.0,0.0,1.0,0.98029023,0.9123464128388344,0.17411798657547722,0.999864722282681,0.9241418199787566,0.1
491,1,1.0,1.0,0.3,1.0,0.0,0.0,1.0,1.0,0.949763113493392,0.31855811420624847,0.9968911334926136,0.9241418199787566,0.1
492,1,1.0,0.9833333333333333,0.26666666666666666,1.0,0.0,0.0,1.0,1.0,0.9287326262054271,0.3008944436172483,0.9997152191114753,0.9241418199787566,0.1
493,1,1.0,0.9666666666666667,0.26666666666666666,1.0,0.0,0.0,1.0,0.999995,0.8903411861427799,0.28966005956429786,0.9993036409926831,0.9241418199787566,0.1
494,1,1.0,0.9833333333333333,0.2833333333333333,1.0,0.0,0.0,1.0,1.0,0.8771488211607289,0.3093007001886922,0.9679310901720676,0.9241418199787566,0.1
495,1,1.0,0.9833333333333333,0.26666666666666666,1.0,0.0,0.0,1.0,1.0,0.8876013391375753,0.3000763516367886,0.9998034681138462,0.9241418199787566,0.1
496,1,1.0,1.0,0.2833333333333333,1.0,0.0,0.0,1.0,1.0,0.9333311841113594,0.30287649696307584,0.9981883038982182,0.9241418199787566,0.1
497,1,1.0,1.0,0.26666666666666666,1.0,0.0,0.0,1.0,1.0,0.8855209679634226,0.2965591833896046,0.6180199338147758,0.9241418199787566,0.1
498,1,1.0,1.0,0.31666666666666665,1.0,0.0,0.0,1.0,0.9991246,0.9522267133133514,0.32646615658401823,0.5705662232765984,0.9241418199787566,0.1
499,1,1.0,1.0,0.2,1.0,0.0,0.0,1.0,1.0,0.8907191569038901,0.2416744187421731,0.9938736283982835,0.9241418199787566,0.1
500,1,1.0,1.0,0.18333333333333332,1.0,0.0,0.0,1.0,1.0,0.9415120888647411,0.22893633955514334,0.966803264709846,0.9241418199787566,0.1
501,1,1.0,0.9833333333333333,0.2833333333333333,1.0,0.0,0.0,1.0,0.99999785,0.8820883644699026,0.3112897000463948,0.9998641474360097,0.9241418199787566,0.1
502,1,1.0,0.9833333333333333,0.3333333333333333,1.0,0.0,0.0,1.0,1.0,0.9090451875731481,0.3602802730872273,0.9991952088664012,0.9241418199787566,0.1
503,1,1.0,0.9833333333333333,0.25,1.0,0.0,0.0,1.0,0.9999994,0.9280743719444838,0.2677403797657358,0.5399796203406995,0.9241418199787566,0.1
504,1,1.0,1.0,0.2,1.0,0.0,0.0,1.0,0.9999995,0.9402187081675147,0.23312217375129438,0.9901461504579078,0.9241418199787566,0.1
505,1,1.0,1.0,0.21666666666666667,1.0,0.0,0.0,1.0,1.0,0.905386790418714,0.2507256079109161,0.9982457461874501,0.9241418199787566,0.1
506,1,1.0,0.9666666666666667,0.2833333333333333,1.0,0.0,0.0,1.0,1.0,0.9147898445601245,0.31337274341549615,0.9996403155866256,0.9241418199787566,0.1
507,1,1.0,0.9833333333333333,0.21666666666666667,1.0,0.0,0.0,1.0,1.0,0.9261761049914724,0.2543924001091804,0.9963620925503588,0.9241418199787566,0.1
508,1,1.0,1.0,0.23333333333333334,1.0,0.0,0.0,1.0,1.0,0.9307965253288226,0.25462384361115303,0.8715696181672996,0.9241418199787566,0.1
509,1,1.0,1.0,0.25,1.0,0.0,0.0,1.0,0.999998,0.9518495706744708,0.27052665751643656,0.9827241642341763,0.9241418199787566,0.1
510,1,1.0,1.0,0.26666666666666666,1.0,0.0,0.0,1.0,1.0,0.9296845511885521,0.2849297414293598,0.9287942111642424,0.9241418199787566,0.1
511,1,1.0,1.0,0.3,1.0,0.0,0.0,1.0,0.9999981,0.9317674585227879,0.2966608423287133,0.7108218047522769,0.9241418199787566,0.1
512,1,1.0,0.9833333333333333,0.2,1.0,0.0,0.0,1.0,1.0,0.933055826521956,0.23288759490255337,0.9984813614304807,0.9241418199787566,0.1
513,1,1.0,1.0,0.21666666666666667,1.0,0.0,0.0,1.0,0.9989341,0.9453660099625566,0.24947424677298746,0.9603515077435356,0.9241418199787566,0.1
514,1,1.0,1.0,0.25,1.0,0.0,0.0,1.0,0.99999714,0.9125389636691196,0.2844236620082689,0.9316086858026174,0.9241418199787566,0.1
515,1,1.0,1.0,0.26666666666666666,1.0,0.0,0.0,1.0,1.0,0.948605287684864,0.2777482487016463,0.5631580296325531,0.9241418199787566,0.1
516,1,1.0,1.0,0.2833333333333333,1.0,0.0,0.0,1.0,1.0,0.9678690460228836,0.307485604134858,0.9972086901972916,0.9241418199787566,0.1
517,1,1.0,1.0,0.16666666666666666,1.0,0.0,0.0,1.0,1.0,0.9508596046311056,0.2063950254707384,0.9900447409271893,0.9241418199787566,0.1
518,1,1.0,1.0,0.26666666666666666,1.0,0.0,0.0,1.0,1.0,0.9590797905718738,0.29454757235188733,0.875600586281366,0.9241418199787566,0.1
519,1,1.0,1.0,0.3333333333333333,1.0,0.0,1.0,1.0,1.0,0.9501336574766246,0.3490632924763025,0.995705972815073,0.9241418199787566,0.1
520,1,1.0,1.0,0.3,1.0,0.0,0.0,1.0,1.0,0.9426296997541017,0.3180529984998088,0.999294981750817,0.9241418199787566,0.1
521,1,1.0,1.0,0.35,1.0,0.0,1.0,1.0,0.99995625,0.9500652082503975,0.36418751412850325,0.9767727587170463,0.9241418199787566,0.1
522,1,1.0,1.0,0.2,1.0,0.0,0.0,1.0,1.0,0.9401393869471729,0.24245179697323188,0.9914913073591773,0.9241418199787566,0.1
523,1,1.0,1.0,0.18333333333333332,1.0,0.0,0.0,1.0,0.9999585,0.9234316854154994,0.21979213421964086,0.9983469135392308,0.9241418199787566,0.1
524,1,1.0,1.0,0.26666666666666666,1.0,0.0,0.0,1.0,1.0,0.9353174490270189,0.3035525328712328,0.9262386502084241,0.9241418199787566,0.1
525,1,1.0,1.0,0.3,1.0,0.0,0.0,1.0,1.0,0.9664571147534275,0.32628417777523216,0.9554944505268729,0.9241418199787566,0.1
526,1,1.0,1.0,0.31666666666666665,1.0,0.0,1.0,1.0,0.9981451,0.9689464782939827,0.33727682082421173,0.9927734060049203,0.9241418199787566,0.1
527,1,1.0,1.0,0.16666666666666666,1.0,0.0,0.0,1.0,1.0,0.9610001925579561,0.20523894166610265,0.9998034681138462,0.9241418199787566,0.1
528,1,1.0,1.0,0.15,1.0,0.0,0.0,1.0,1.0,0.9523941195019638,0.19545911149215053,0.9600060291474057,0.9241418199787566,0.1
529,1,1.0,0.9833333333333333,0.3333333333333333,1.0,0.0,0.0,1.0,1.0,0.9229061626396308,0.35341664869078926,0.9855134906874035,0.9241418199787566,0.1
530,1,1.0,1.0,0.2,1.0,0.0,0.0,1.0,1.0,0.944782157886173,0.22470558971525006,0.9904944893815404,0.9241418199787566,0.1
531,1,1.0,1.0,0.2,1.0,0.0,0.0,1.0,0.9999889,0.9683605677218788,0.2259484136729387,0.9183386426600785,0.9241418199787566,0.1
532,1,1.0,1.0,0.26666666666666666,1.0,0.0,0.0,1.0,1.0,0.9508823669351493,0.2807953993009349,0.9848075749966261,0.9241418199787566,0.1
533,1,1.0,1.0,0.23333333333333334,1.0,0.0,0.0,1.0,0.99992573,0.9812336265233569,0.2632468740632127,0.9846133399849264,0.9241418199787566,0.1
534,1,1.0,1.0,0.2,1.0,0.0,0.0,1.0,0.9999999,0.963634942524624,0.23293570737357838,0.990107007903733,0.9241418199787566,0.1
535,1,1.0,1.0,0.25,1.0,0.0,0.0,1.0,1.0,0.957990010889598,0.27592084480466994,0.6984923634769793,0.9241418199787566,0.1
536,1,1.0,1.0,0.31666666666666665,1.0,0.0,1.0,1.0,0.99999964,0.9717151834899007,0.33142656448204394,0.9755829287641155,0.9241418199787566,0.1
537,1,1.0,1.0,0.2,1.0,0.0,0.0,1.0,1.0,0.9747288639777516,0.22783685273063867,0.9978026624290602,0.9241418199787566,0.1
538,1,1.0,1.0,0.2,1.0,0.0,0.0,1.0,1.0,0.9816745019652984,0.24521201219735583,0.9974369194670678,0.9241418199787566,0.1
539,1,1.0,1.0,0.23333333333333334,1.0,0.0,0.0,1.0,1.0,0.9602698061924282,0.2433878082912854,0.9944629846456164,0.9241418199787566,0.1
540,1,1.0,1.0,0.18333333333333332,1.0,0.0,0.0,1.0,1.0,0.9752095579493558,0.2275615380510868,0.9499472282946773,0.9241418199787566,0.1
541,1,1.0,1.0,0.3333333333333333,1.0,0.0,1.0,1.0,1.0,0.9769238150656429,0.3465010680718438,0.9995972062072678,0.9241418199787566,0.1
542,1,1.0,1.0,0.3,1.0,0.0,0.0,1.0,0.9999999,0.9605504262013748,0.3256161789547839,0.7471575579130543,0.9241418199787566,0.1
543,1,1.0,1.0,0.26666666666666666,1.0,0.0,0.0,1.0,1.0,0.9691764952313192,0.29123425268893555,0.9490949107048228,0.9241418199787566,0.1
544,1,1.0,1.0,0.23333333333333334,1.0,0.0,0.0,1.0,0.9999999,0.9572305389541548,0.2673729045901862,0.9521327277643543,0.9241418199787566,0.1
545,1,1.0,1.0,0.3,1.0,0.0,0.0,1.0,1.0,0.9620335361170854,0.32334703336308956,0.9984566819464655,0.9241418199787566,0.1
546,1,1.0,0.9833333333333333,0.16666666666666666,1.0,0.0,0.0,1.0,0.9999583,0.9294780864926044,0.21468607302456869,0.9743710436115257,0.9241418199787566,0.1
547,1,1.0,1.0,0.2,1.0,0.0,0.0,1.0,1.0,0.9581702058598596,0.24330218957821081,0.9762129978175753,0.9241418199787566,0.1
548,1,1.0,1.0,0.23333333333333334,1.0,0.0,0.0,1.0,1.0,0.9643755336526513,0.2674540158608113,0.997173786055667,0.9241418199787566,0.1
549,1,1.0,1.0,0.36666666666666664,1.0,0.0,1.0,1.0,0.99998546,0.9601907700579317,0.3832577954814484,0.9979684512636778,0.9241418199787566,0.1
550,1,1.0,1.0,0.21666666666666667,1.0,0.0,0.0,1.0,1.0,0.9651810584716839,0.255448180836381,0.89132174362642,0.9241418199787566,0.1
551,1,1.0,1.0,0.23333333333333334,1.0,0.0,0.0,1.0,1.0,0.9756565713041969,0.2653449676345783,0.9982457461874501,0.9241418199787566,0.1
552,1,1.0,1.0,0.3333333333333333,1.0,0.0,1.0,1.0,0.9999999,0.9623316281816304,0.34861767355311524,0.990107007903733,0.9241418199787566,0.1
553,1,1.0,1.0,0.3333333333333333,1.0,0.0,1.0,1.0,0.9999981,0.9464708461532155,0.359238478463863,0.9657870074881826,0.9241418199787566,0.1
554,1,1.0,1.0,0.25,1.0,0.0,0.0,1.0,1.0,0.9401843975669941,0.2755960897759443,0.9945311123996511,0.9241418199787566,0.1
555,1,1.0,1.0,0.36666666666666664,1.0,0.0,1.0,1.0,1.0,0.9752341530223584,0.37465585637760807,0.9500007573512524,0.9241418199787566,0.1
556,1,1.0,1.0,0.23333333333333334,1.0,0.0,0.0,1.0,1.0,0.9633526247700901,0.2653536366087724,0.9822507179352163,0.9241418199787566,0.1
557,1,1.0,1.0,0.18333333333333332,1.0,0.0,0.0,1.0,0.99956864,0.9340002257365178,0.22631333221610622,0.9800274578894133,0.9241418199787566,0.1
558,1,1.0,1.0,0.2833333333333333,1.0,0.0,0.0,1.0,1.0,0.9178914505603346,0.3150191786936388,0.9452288950802206,0.9241418199787566,0.1
559,1,1.0,1.0,0.26666666666666666,1.0,0.0,0.0,1.0,1.0,0.9542794936579748,0.3004975753400292,0.997173786055667,0.9241418199787566,0.1
560,1,1.0,0.9833333333333333,0.3333333333333333,1.0,0.0,0.0,1.0,0.99996936,0.9354954742306509,0.34655543246994613,0.9988683802649845,0.9241418199787566,0.1
561,1,1.0,1.0,0.31666666666666665,1.0,0.0,0.0,1.0,0.99997294,0.9476076190825147,0.33084356427038664,0.9356420825804335,0.9241418199787566,0.1
562,1,1.0,1.0,0.26666666666666666,1.0,0.0,0.0,1.0,1.0,0.9410525083918626,0.3016655860118758,0.9666770074785324,0.9241418199787566,0.1
563,1,1.0,0.9833333333333333,0.2,1.0,0.0,0.0,1.0,1.0,0.9086582943850335,0.23200788199567354,0.5527794331959262,0.9241418199787566,0.1
564,1,1.0,1.0,0.3,1.0,0.0,0.0,1.0,1.0,0.9274826957905044,0.32269267115457334,0.9986122792954104,0.9241418199787566,0.1
565,1,1.0,1.0,0.2833333333333333,1.0,0.0,0.0,1.0,0.9919665,0.9398849219768485,0.30400259885885983,0.9980073587863795,0.9241418199787566,0.1
566,1,1.0,1.0,0.23333333333333334,1.0,0.0,0.0,1.0,1.0,0.9524905654265087,0.26938306395818645,0.9995567552873014,0.9241418199787566,0.1
567,1,1.0,0.9833333333333333,0.3333333333333333,1.0,0.0,0.0,1.0,1.0,0.9170497104322656,0.34774095257557763,0.9997487656180595,0.9241418199787566,0.1
568,1,1.0,0.9833333333333333,0.23333333333333334,1.0,0.0,0.0,1.0,1.0,0.9163591548941393,0.26500135393723806,0.9939013767244443,0.9241418199787566,0.1
569,1,1.0,0.9833333333333333,0.2833333333333333,1.0,0.0,0.0,1.0,1.0,0.9452543491355823,0.2942546416933274,0.9994534991285807,0.9241418199787566,0.1
570,1,1.0,1.0,0.26666666666666666,1.0,0.0,0.0,1.0,1.0,0.9310602048595196,0.2958306193019358,0.9826271149828205,0.9241418199787566,0.1
571,1,1.0,1.0,0.18333333333333332,1.0,0.0,0.0,1.0,0.9932065,0.9264434193436982,0.22209894939340774,0.7370941409933004,0.9241418199787566,0.1
572,1,1.0,0.9833333333333333,0.21666666666666667,1.0,0.0,0.0,1.0,0.99999666,0.9250623117220002,0.25392327156710764,0.999452029996397,0.9241418199787566,0.1
573,1,1.0,1.0,0.31666666666666665,1.0,0.0,0.0,1.0,0.9820988,0.929119242706395,0.3403782457996239,0.9755342859537505,0.9241418199787566,0.1
574,1,1.0,1.0,0.26666666666666666,1.0,0.0,0.0,1.0,0.99993825,0.9662138228646422,0.3025609114939845,0.9996093175663895,0.9241418199787566,0.1
575,1,1.0,0.9833333333333333,0.2,1.0,0.0,0.0,1.0,1.0,0.9434367483876342,0.23124536358917533,0.9776280474608222,0.9241418199787566,0.1
576,1,1.0,1.0,0.23333333333333334,1.0,0.0,0.0,1.0,1.0,0.9331117543202196,0.2631677689188717,0.9893606989638254,0.9241418199787566,0.1
577,1,1.0,1.0,0.25,1.0,0.0,0.0,1.0,0.9999999,0.9221280533841486,0.28423994665820346,0.9801257435239146,0.9241418199787566,0.1
578,1,1.0,1.0,0.2,1.0,0.0,0.0,1.0,0.9999602,0.9128699791697575,0.23847166504808967,0.9960379116227772,0.9241418199787566,0.1
579,1,1.0,0.9833333333333333,0.3333333333333333,1.0,0.0,0.0,1.0,1.0,0.894523832279123,0.34946725429901504,0.999127205117121,0.9241418199787566,0.1
580,1,1.0,1.0,0.36666666666666664,1.0,0.0,0.0,1.0,1.0,0.8989363112714017,0.3741179615971465,0.999494462415416,0.9241418199787566,0.1
581,1,1.0,1.0,0.26666666666666666,1.0,0.0,0.0,1.0,1.0,0.9584544316379116,0.28982818213905465,0.9975318705174454,0.9241418199787566,0.1
582,1,1.0,0.9833333333333333,0.18333333333333332,1.0,0.0,0.0,1.0,1.0,0.9315106650833987,0.22434064254057606,0.9976129341968325,0.9241418199787566,0.1
583,1,1.0,1.0,0.23333333333333334,1.0,0.0,0.0,1.0,1.0,0.9370180913124567,0.26096496045139905,0.9994816439050238,0.9241418199787566,0.1
584,1,1.0,1.0,0.25,1.0,0.0,0.0,1.0,1.0,0.9418262588722383,0.281420145513207,0.8244449446062205,0.9241418199787566,0.1
585,0,1.0,0.21666666666666667,0.38333333333333336,1.0,0.0,0.0,1.0,7.0682546e-07,0.9561129523049952,0.4941812209344079,0.997303613359084,0.9241418199787566,0.1
586,0,1.0,0.0,0.26666666666666666,0.0,0.0,0.0,1.0,1.49261e-07,0.9145888426812335,0.6101361095637553,0.9965497048351973,0.9241418199787566,0.1
587,0,1.0,0.0,0.18333333333333332,0.0,0.0,0.0,1.0,2.8691318e-13,0.949855362407711,0.6920881317495052,0.9994399434270754,0.9241418199787566,0.1
588,0,1.0,0.0,0.25,0.0,0.0,0.0,1.0,1.4360986e-09,0.9495297052017503,0.6323690358167623,0.9422837578708942,0.9241418199787566,0.1
589,0,1.0,0.0,0.35,0.0,0.0,0.0,1.0,9.042186e-14,0.9380837982123135,0.5371305194205096,0.9948760964513659,0.9241418199787566,0.1
590,0,1.0,0.0,0.2833333333333333,0.0,0.0,0.0,1.0,3.5713534e-09,0.960067314314825,0.6135269630401207,0.9922714005033167,0.9241418199787566,0.1
591,0,1.0,0.0,0.2,0.0,0.0,0.0,1.0,0.011468478,0.9464662138548872,0.662517406351143,0.9802658264640227,0.9241418199787566,0.1
592,0,1.0,0.0,0.3,0.0,0.0,0.0,1.0,0.0009685895,0.9436971986785143,0.5865824808391363,0.9940552882031537,0.9241418199787566,0.1
593,0,1.0,0.0,0.31666666666666665,0.0,0.0,0.0,1.0,1.2483182e-09,0.9559925087107871,0.5902264439847932,0.9990419080595078,0.9241418199787566,0.1
594,0,1.0,0.0,0.26666666666666666,0.0,0.0,0.0,1.0,3.413408e-14,0.9297399887949657,0.6256205724643695,0.9992567387715061,0.9241418199787566,0.1
595,0,1.0,0.0,0.21666666666666667,0.0,0.0,0.0,1.0,2.3518e-06,0.9429961568246547,0.6445771593179248,0.9322994333674488,0.9241418199787566,0.1
596,0,1.0,0.0,0.3333333333333333,0.0,0.0,0.0,1.0,1.458509e-15,0.9467021615905356,0.5660106134849787,0.9986209217298081,0.9241418199787566,0.1
597,0,1.0,0.0,0.23333333333333334,0.0,0.0,0.0,1.0,7.100475e-07,0.9411597905716206,0.6316390617749229,0.9787355161457602,0.9241418199787566,0.1
598,0,1.0,0.0,0.38333333333333336,0.0,0.0,0.0,1.0,1.7297139e-12,0.9590479732924472,0.5188527506265959,0.9929430764630545,0.9241418199787566,0.1
599,0,1.0,0.0,0.21666666666666667,0.0,0.0,0.0,1.0,1.4226966e-08,0.945137680442691,0.659135422999114,0.9998212579518387,0.9241418199787566,0.1
600,0,1.0,0.0,0.2833333333333333,0.0,0.0,0.0,1.0,3.6651143e-06,0.953407338079193,0.6019800285965988,0.9885903021126833,0.9241418199787566,0.1
601,0,1.0,0.0,0.36666666666666664,0.0,0.0,0.0,1.0,2.1598137e-06,0.9406339564192627,0.5403989538301582,0.9972958530424092,0.9241418199787566,0.1
602,0,1.0,0.0,0.21666666666666667,0.0,0.0,0.0,1.0,6.217808e-11,0.9333289883053962,0.6548744331487873,0.9823276173775158,0.9241418199787566,0.1
603,0,1.0,0.0,0.2,0.0,0.0,0.0,1.0,1.1777522e-13,0.9322850791305578,0.6620181251687713,0.8922058767584568,0.9241418199787566,0.1
604,0,1.0,0.0,0.35,0.0,0.0,0.0,0.0,3.2335362e-15,0.9458622904259306,0.5585600845535991,0.7195825432031142,0.9241418199787566,0.1
605,0,1.0,0.0,0.26666666666666666,0.0,0.0,0.0,1.0,0.0013155938,0.9528818847967536,0.6156898708716182,0.9926902695965325,0.9241418199787566,0.1
606,1,1.0,0.7833333333333333,0.23333333333333334,1.0,0.0,0.0,1.0,1.0,0.9602677210252053,0.32440360169726495,0.9997803300375719,0.9241418199787566,0.1
607,1,1.0,0.9833333333333333,0.25,1.0,0.0,0.0,1.0,1.0,0.9540428764460747,0.2927328416462015,0.9420372454368549,0.9241418199787566,0.1
608,1,1.0,1.0,0.3,1.0,0.0,1.0,1.0,1.0,0.9684111831559351,0.34265088737908217,0.9992998185451856,0.9241418199787566,0.1
609,1,1.0,1.0,0.31666666666666665,1.0,0.0,1.0,1.0,0.99999964,0.9628191302021719,0.3566234517583349,0.614864268738593,0.9241418199787566,0.1
610,1,1.0,1.0,0.3333333333333333,1.0,0.0,1.0,1.0,1.0,0.9813981875166458,0.36725091009840233,0.9990199960776082,0.9241418199787566,0.1
611,1,1.0,1.0,0.3,1.0,0.0,1.0,1.0,0.9964586,0.9708573570899841,0.33870731676060395,0.9915073481917241,0.9241418199787566,0.1
612,1,1.0,0.9833333333333333,0.2,1.0,0.0,0.0,1.0,1.0,0.9562389871820283,0.24490262804852786,0.9287942111642424,0.9241418199787566,0.1
613,0,1.0,0.0,0.2,0.0,0.0,0.0,1.0,7.7522316e-07,0.9390826966085244,0.6582072028988807,0.9996364373445367,0.9241418199787566,0.1
614,0,1.0,0.0,0.3,0.0,0.0,0.0,1.0,4.6004242e-10,0.9524759002404594,0.5869472470449054,0.9369117059713367,0.9241418199787566,0.1
615,0,1.0,0.0,0.16666666666666666,0.0,0.0,0.0,1.0,1.8047841e-11,0.9546759711199753,0.6988303822903889,0.9970289773666676,0.9241418199787566,0.1
616,0,1.0,0.0,0.31666666666666665,0.0,0.0,0.0,1.0,7.192462e-08,0.9534488650881038,0.5711290960166351,0.9983078923350568,0.9241418199787566,0.1
617,0,1.0,0.0,0.25,0.0,0.0,0.0,1.0,1.1843487e-08,0.949891109988787,0.6323173683968305,0.9971144430939773,0.9241418199787566,0.1
618,0,1.0,0.0,0.26666666666666666,0.0,0.0,0.0,1.0,1.3037531e-08,0.9425776929418432,0.5986320553034565,0.9933021958230617,0.9241418199787566,0.1
619,0,1.0,0.0,0.3,0.0,0.0,0.0,0.0,4.0963247e-10,0.9540570878756738,0.5756096547033364,0.8684726600743855,0.9241418199787566,0.1
620,1,1.0,0.9,0.26666666666666666,1.0,0.0,0.0,1.0,0.9999976,0.9546066389396514,0.33562347122680186,0.9997428013212655,0.9241418199787566,0.1
621,1,1.0,1.0,0.25,1.0,0.0,0.0,1.0,1.0,0.9610546578893684,0.27134540046824984,0.9951118454806464,0.9241418199787566,0.1
622,1,1.0,1.0,0.23333333333333334,1.0,0.0,0.0,1.0,1.0,0.968742521679705,0.2697448004507143,0.9420372454368549,0.9241418199787566,0.1
623,1,1.0,0.9833333333333333,0.2,1.0,0.0,0.0,1.0,1.0,0.9278519326174425,0.23177915396784593,0.9997825515363279,0.9241418199787566,0.1
624,1,1.0,1.0,0.25,1.0,0.0,0.0,1.0,1.0,0.9545865082367198,0.26594760137458034,0.9991870490817953,0.9241418199787566,0.1
625,1,1.0,1.0,0.35,1.0,0.0,1.0,1.0,1.0,0.96365343953815,0.3529705371879733,0.9982410547609468,0.9241418199787566,0.1
626,1,1.0,1.0,0.16666666666666666,1.0,0.0,0.0,1.0,1.0,0.9634077756318934,0.2034642253087484,0.9998966843937418,0.9241418199787566,0.1
627,1,1.0,1.0,0.21666666666666667,1.0,0.0,0.0,1.0,1.0,0.9614185463084247,0.24343627593496478,0.8737344042281255,0.9241418199787566,0.1
628,1,1.0,0.9833333333333333,0.31666666666666665,1.0,0.0,0.0,1.0,0.9993013,0.9447699451144691,0.33770134348379605,0.9912138629047057,0.9241418199787566,0.1
629,1,1.0,0.9833333333333333,0.21666666666666667,1.0,0.0,0.0,1.0,1.0,0.9536791222809998,0.2498398143502532,0.953540421649482,0.9241418199787566,0.1
630,1,1.0,1.0,0.3,1.0,0.0,1.0,1.0,0.99981683,0.9684478119327191,0.32609735400596346,0.9718834432625131,0.9241418199787566,0.1
631,1,1.0,1.0,0.25,1.0,0.0,0.0,1.0,0.9991246,0.9686205990409457,0.2677801399380934,0.5705662232765984,0.9241418199787566,0.1
632,1,1.0,1.0,0.23333333333333334,1.0,0.0,0.0,1.0,1.0,0.9623598479741389,0.2601672745840847,0.9297786559752929,0.9241418199787566,0.1
633,1,1.0,1.0,0.3,1.0,0.0,0.0,1.0,1.0,0.978129825749967,0.31164774319772043,0.9345542719332387,0.9241418199787566,0.1
634,1,1.0,1.0,0.25,1.0,0.0,0.0,1.0,1.0,0.9665366423790768,0.2742146925853499,0.9965971201429977,0.9241418199787566,0.1
635,1,1.0,0.9833333333333333,0.2833333333333333,1.0,0.0,0.0,1.0,1.0,0.911288727801628,0.3054449452484758,0.9868352315495382,0.9241418199787566,0.1
636,1,1.0,1.0,0.3333333333333333,1.0,0.0,0.0,1.0,0.9999982,0.9338789934624153,0.34791628304910616,0.9761928213169195,0.9241418199787566,0.1
637,1,1.0,0.9666666666666667,0.3,1.0,0.0,0.0,1.0,1.0,0.9311928580031875,0.30386813511996197,0.884208301577366,0.9241418199787566,0.1
638,1,1.0,1.0,0.25,1.0,0.0,0.0,1.0,0.99999964,0.9483829389251539,0.2655537466046105,0.9755829287641155,0.9241418199787566,0.1
639,1,1.0,1.0,0.3,1.0,0.0,0.0,1.0,1.0,0.9563784023652138,0.31641827858534494,0.9994726163981947,0.9241418199787566,0.1
640,1,1.0,1.0,0.16666666666666666,1.0,0.0,0.0,1.0,0.99999917,0.9538233344468365,0.20326212933726553,0.7741676991931379,0.9241418199787566,0.1
641,1,1.0,1.0,0.26666666666666666,1.0,0.0,0.0,1.0,1.0,0.9213977595913404,0.2857136364726655,0.990979025484609,0.9241418199787566,0.1
642,1,1.0,1.0,0.26666666666666666,1.0,0.0,0.0,1.0,1.0,0.9580011177908603,0.28614140184841647,0.9983238958307725,0.9241418199787566,0.1
643,1,1.0,1.0,0.3,1.0,0.0,0.0,1.0,0.99924636,0.9574791236653167,0.31848984231825156,0.9856276424356207,0.9241418199787566,0.1
644,1,1.0,1.0,0.38333333333333336,1.0,0.0,1.0,1.0,1.0,0.9533395600813906,0.39014479429858157,0.9883210488349458,0.9241418199787566,0.1
645,1,1.0,0.9833333333333333,0.3333333333333333,1.0,0.0,1.0,1.0,0.9999869,0.961365737629454,0.3416767703449078,0.9747160573614366,0.9241418199787566,0.1
646,0,1.0,0.31666666666666665,0.2833333333333333,1.0,0.0,0.0,1.0,1.0916987e-10,0.9413083023846222,0.46875486481300893,0.9999150405502033,0.9241418199787566,0.1
647,0,1.0,0.0,0.2,0.0,0.0,0.0,1.0,0.001928028,0.9588804756117869,0.6924057998608006,0.9975986946513583,0.9241418199787566,0.1
648,0,1.0,0.0,0.2833333333333333,0.0,0.0,0.0,1.0,3.6395262e-10,0.9467951667395408,0.6230960785942707,0.9997196488033402,0.9241418199787566,0.1
649,0,1.0,0.0,0.4,0.0,0.0,0.0,1.0,0.00096530706,0.9190379072679232,0.5178953292893402,0.9962582487951773,0.9241418199787566,0.1
650,0,1.0,0.0,0.15,0.0,0.0,0.0,1.0,0.0005050147,0.9401699493173958,0.6994640031198252,0.9999391110151016,0.9241418199787566,0.1
651,0,1.0,0.0,0.2833333333333333,0.0,0.0,0.0,1.0,9.2810396e-08,0.946720570816051,0.5858532731806558,0.9130612385513861,0.9241418199787566,0.1
652,0,1.0,0.0,0.25,0.0,0.0,0.0,1.0,3.6759896e-08,0.9499971087849727,0.6185728636187895,0.994266592638601,0.9241418199787566,0.1
653,0,1.0,0.0,0.3,0.0,0.0,0.0,1.0,0.0006434593,0.9430710879649289,0.5748956705740734,0.9972959989423791,0.9241418199787566,0.1
654,0,1.0,0.0,0.2,0.0,0.0,0.0,1.0,0.00011751432,0.9435920184003155,0.6694268970462327,0.998012803103385,0.9241418199787566,0.1
655,0,1.0,0.0,0.1,0.0,0.0,0.0,0.0,0.24851744,0.9438723216525976,0.7358706632436562,0.9999069330593284,0.9241418199787566,0.1
656,0,1.0,0.0,0.23333333333333334,0.0,0.0,0.0,1.0,3.3409805e-07,0.9528190094389032,0.6497259181110682,0.9895651618190037,0.9241418199787566,0.1
657,0,1.0,0.0,0.2,0.0,0.0,0.0,1.0,2.0897035e-08,0.9451943307128202,0.6645199060144039,0.9983204715591528,0.9241418199787566,0.1
658,0,1.0,0.0,0.25,0.0,0.0,0.0,1.0,2.1074973e-06,0.9478462997271829,0.635946861531016,0.999890324671743,0.9241418199787566,0.1
659,0,1.0,0.0,0.25,0.0,0.0,0.0,1.0,9.946235e-10,0.9376465464298168,0.6297487461394154,0.9989497510268208,0.9241418199787566,0.1
660,0,1.0,0.0,0.25,0.0,0.0,0.0,1.0,1.9372341e-10,0.9430394124171233,0.6159162842910172,0.9920424850772689,0.9241418199787566,0.1
661,0,1.0,0.0,0.25,0.0,0.0,0.0,1.0,4.845689e-10,0.9390366877491921,0.6120158707954076,0.9996904004834208,0.9241418199787566,0.1
662,0,1.0,0.0,0.35,0.0,0.0,0.0,1.0,8.3144636e-07,0.9435057336236081,0.5500809775977598,0.9998718681273165,0.9241418199787566,0.1
663,0,1.0,0.0,0.16666666666666666,0.0,0.0,0.0,1.0,1.6236643e-12,0.937005050259162,0.6835133974977315,0.9975018879800017,0.9241418199787566,0.1
664,0,1.0,0.0,0.13333333333333333,0.0,0.0,0.0,1.0,2.971982e-16,0.9439140096557505,0.7407592139730877,0.9978079286180982,0.9241418199787566,0.1
665,0,1.0,0.0,0.36666666666666664,0.0,0.0,0.0,1.0,9.27264e-07,0.9489773144580269,0.5457442215509745,0.9435921560466073,0.9241418199787566,0.1
666,0,1.0,0.0,0.2833333333333333,0.0,0.0,0.0,1.0,8.194517e-09,0.9297360099077868,0.5906709439812108,0.9940852886987795,0.9241418199787566,0.1
667,0,1.0,0.0,0.26666666666666666,0.0,0.0,0.0,1.0,1.4888596e-07,0.938870415423948,0.6111573457770852,0.9978158205287613,0.9241418199787566,0.1
668,0,1.0,0.31666666666666665,0.2833333333333333,0.0,0.0,0.0,1.0,1.8047841e-11,0.8916029666335713,0.5170754128450451,0.9970289773666676,0.9241418199787566,0.1
669,1,1.0,1.0,0.2,1.0,0.0,0.0,1.0,1.0,0.7910765407611474,0.24226636334759044,0.9976477622314479,0.9241418199787566,0.1
670,1,1.0,1.0,0.21666666666666667,1.0,0.0,0.0,1.0,1.0,0.8007551951423358,0.25325342353607394,0.9996641762849585,0.9241418199787566,0.1
671,1,1.0,1.0,0.2833333333333333,1.0,0.0,0.0,1.0,0.9831955,0.7621695535102085,0.3177060929580672,0.9369625062182566,0.9241418199787566,0.1
672,1,1.0,1.0,0.2,1.0,0.0,0.0,1.0,1.0,0.8192000257974927,0.24334499680501,0.9993075318279533,0.9241418199787566,0.1
673,1,1.0,1.0,0.15,1.0,0.0,0.0,1.0,1.0,0.8164303266391388,0.19563467103474136,0.9828984854531242,0.9241418199787566,0.1
674,1,1.0,1.0,0.3,1.0,0.0,0.0,1.0,1.0,0.7727693818062596,0.3169962878324171,0.9990453727779722,0.9241418199787566,0.1
675,1,1.0,1.0,0.2,1.0,0.0,0.0,1.0,1.0,0.7688862648168112,0.2328578654436013,0.9975318705174454,0.9241418199787566,0.1
676,1,1.0,1.0,0.23333333333333334,1.0,0.0,0.0,1.0,0.99996245,0.77831203155789,0.2596400076195962,0.9993071863799787,0.9241418199787566,0.1
677,1,1.0,1.0,0.25,1.0,0.0,0.0,1.0,0.99999976,0.8243924232538846,0.27974362242608014,0.6607696272911444,0.9241418199787566,0.1
678,1,1.0,1.0,0.15,1.0,0.0,0.0,1.0,1.0,0.7985719687181612,0.19755763069795595,0.9911357466633574,0.9241418199787566,0.1
679,1,1.0,1.0,0.3,1.0,0.0,0.0,1.0,1.0,0.7951536406588087,0.3200659025242827,0.9954269587635926,0.9241418199787566,0.1
680,1,1.0,1.0,0.3,1.0,0.0,0.0,1.0,0.99999964,0.792266130341169,0.323296529577707,0.9878198933287393,0.9241418199787566,0.1
681,1,1.0,1.0,0.26666666666666666,1.0,0.0,0.0,1.0,1.0,0.7992457445937561,0.2835054040615754,0.9997825515363279,0.9241418199787566,0.1
682,1,1.0,1.0,0.3,1.0,0.0,0.0,1.0,0.9999994,0.8059092394817028,0.32906318017933195,0.9715152635107532,0.9241418199787566,0.1
683,1,1.0,1.0,0.25,1.0,0.0,0.0,1.0,1.0,0.7882519336377205,0.2767559121189867,0.7798383440557941,0.9241418199787566,0.1
684,1,1.0,1.0,0.21666666666666667,1.0,0.0,0.0,1.0,0.9999572,0.78379885625633,0.2469481915196093,0.9539714790148767,0.9241418199787566,0.1
685,1,1.0,1.0,0.21666666666666667,1.0,0.0,0.0,1.0,0.99995625,0.8074419707761749,0.25102135196895975,0.9767727587170463,0.9241418199787566,0.1
686,1,1.0,1.0,0.26666666666666666,1.0,0.0,0.0,1.0,1.0,0.8354850006075194,0.29140549893715983,0.9072925059983022,0.9241418199787566,0.1
687,1,1.0,1.0,0.3,1.0,0.0,0.0,1.0,0.99999964,0.8133920686236116,0.33628550353150916,0.9983588256674,0.9241418199787566,0.1
688,1,1.0,1.0,0.26666666666666666,1.0,0.0,0.0,1.0,0.9999999,0.8375224670003085,0.30102621763320425,0.99809579642152,0.9241418199787566,0.1
689,1,1.0,1.0,0.2833333333333333,1.0,0.0,0.0,1.0,1.0,0.8152708474263263,0.31104995452881873,0.7783637834582099,0.9241418199787566,0.1
690,1,1.0,0.9833333333333333,0.26666666666666666,1.0,0.0,0.0,1.0,0.9985656,0.8497958665063605,0.3026565011044093,0.9892076131010374,0.9241418199787566,0.1
691,1,1.0,1.0,0.26666666666666666,1.0,0.0,0.0,1.0,1.0,0.8221102413462694,0.29761949148513345,0.9992979134407941,0.9241418199787566,0.1
692,1,1.0,0.9833333333333333,0.21666666666666667,1.0,0.0,0.0,1.0,1.0,0.8315935503492969,0.2533276308326106,0.9978133764845403,0.9241418199787566,0.1
693,1,1.0,1.0,0.26666666666666666,1.0,0.0,0.0,1.0,1.0,0.8047895134668307,0.29761046070090175,0.9915251274907846,0.9241418199787566,0.1
694,0,1.0,0.23333333333333334,0.23333333333333334,0.0,0.0,0.0,1.0,3.5806344e-10,0.9149809973446865,0.6028230863055589,0.9980428953988277,0.9241418199787566,0.1
695,1,1.0,0.8666666666666667,0.25,1.0,0.0,0.0,1.0,1.0,0.9686392736966096,0.3034664343019281,0.9504686284734896,0.9241418199787566,0.1
696,1,1.0,1.0,0.3,1.0,0.0,0.0,1.0,1.0,0.9648115906892076,0.2892427140435413,0.9968394154821897,0.9241418199787566,0.1
697,1,1.0,1.0,0.2833333333333333,1.0,0.0,0.0,1.0,1.0,0.9796357515510358,0.29563837632871304,0.9848075749966261,0.9241418199787566,0.1
698,1,1.0,1.0,0.26666666666666666,1.0,0.0,0.0,1.0,1.0,0.9686934805980801,0.30056475934076393,0.9919357673365928,0.9241418199787566,0.1
699,1,1.0,1.0,0.31666666666666665,1.0,0.0,1.0,1.0,1.0,0.9653169050063379,0.3399687484240124,0.9004883758947761,0.9241418199787566,0.1
700,1,1.0,1.0,0.26666666666666666,1.0,0.0,0.0,1.0,0.9999865,0.9591185478884968,0.2913505817462427,0.9806669539185048,0.9241418199787566,0.1
701,1,1.0,1.0,0.36666666666666664,1.0,0.0,1.0,1.0,1.0,0.9756078759753775,0.3819976847525585,0.9716732917171034,0.9241418199787566,0.1
702,1,1.0,0.9833333333333333,0.23333333333333334,1.0,0.0,0.0,1.0,1.0,0.9574975210270904,0.24882955219729225,0.875600586281366,0.9241418199787566,0.1
703,1,1.0,1.0,0.16666666666666666,1.0,0.0,0.0,1.0,1.0,0.9827745268602673,0.20392941122437733,0.9288603225091662,0.9241418199787566,0.1
704,1,1.0,1.0,0.25,1.0,0.0,0.0,1.0,1.0,0.9571858307700541,0.2764525850552902,0.9989097190647269,0.9241418199787566,0.1
705,1,1.0,1.0,0.31666666666666665,1.0,0.0,0.0,1.0,0.62927026,0.9742965194234183,0.3155237223913201,0.8988959948312817,0.9241418199787566,0.1
706,1,1.0,1.0,0.25,1.0,0.0,0.0,1.0,0.9999995,0.9836104914305781,0.2745795905173922,0.9901461504579078,0.9241418199787566,0.1
707,1,1.0,1.0,0.2,1.0,0.0,0.0,1.0,1.0,0.963693560527717,0.23447994552665805,0.9996641762849585,0.9241418199787566,0.1
708,1,1.0,1.0,0.3,1.0,0.0,1.0,1.0,1.0,0.9757136709902228,0.3200045151797331,0.9297516384348616,0.9241418199787566,0.1
709,1,1.0,1.0,0.21666666666666667,1.0,0.0,0.0,1.0,0.62414175,0.9745060918292588,0.2475414458713236,0.9817992500503306,0.9241418199787566,0.1
710,1,1.0,1.0,0.2833333333333333,1.0,0.0,0.0,1.0,1.0,0.970502281697462,0.2976669465858152,0.9982457461874501,0.9241418199787566,0.1
711,1,1.0,1.0,0.2833333333333333,1.0,0.0,0.0,1.0,1.0,0.9544653516368397,0.3079577790158427,0.9553544289531872,0.9241418199787566,0.1
712,1,1.0,0.9833333333333333,0.23333333333333334,1.0,0.0,0.0,1.0,0.99999475,0.9672633962028669,0.2671824440602372,0.9992269546581408,0.9241418199787566,0.1
713,1,1.0,0.9833333333333333,0.3333333333333333,1.0,0.0,0.0,1.0,0.9999945,0.9532944295443657,0.3371214670893528,0.9996065473638286,0.9241418199787566,0.1
714,1,1.0,1.0,0.31666666666666665,1.0,0.0,0.0,1.0,1.0,0.9611860212362687,0.33259492238794136,0.9964337157632774,0.9241418199787566,0.1
715,1,1.0,1.0,0.3,1.0,0.0,1.0,1.0,0.99999964,0.9812951161910348,0.32391776025949987,0.8853707458530701,0.9241418199787566,0.1
716,1,1.0,1.0,0.25,1.0,0.0,0.0,1.0,0.9999994,0.9607622714476975,0.2678259994774778,0.4760773225560131,0.9241418199787566,0.1
717,1,1.0,1.0,0.23333333333333334,1.0,0.0,0.0,1.0,0.99999964,0.976952250237156,0.25946479918190385,0.9878198933287393,0.9241418199787566,0.1
718,1,1.0,1.0,0.2833333333333333,1.0,0.0,0.0,1.0,1.0,0.9681073720911113,0.31283136108905385,0.9368355682767364,0.9241418199787566,0.1
719,1,1.0,1.0,0.21666666666666667,1.0,0.0,0.0,1.0,1.0,0.9704957108532642,0.23786912931137125,0.8115226939651581,0.9241418199787566,0.1
720,1,1.0,1.0,0.26666666666666666,1.0,0.0,0.0,1.0,1.0,0.9657985935520662,0.2929720933384416,0.9042779816815727,0.9241418199787566,0.1
721,1,1.0,1.0,0.15,1.0,0.0,0.0,1.0,1.0,0.9717011175793001,0.19853148221365366,0.9807790849911555,0.9241418199787566,0.1
722,1,1.0,1.0,0.26666666666666666,1.0,0.0,0.0,1.0,1.0,0.9610022556396036,0.292784516477015,0.9450090289798143,0.9241418199787566,0.1
723,1,1.0,1.0,0.25,1.0,0.0,0.0,1.0,0.9999999,0.9753673073711774,0.2803587362557047,0.8584255841961285,0.9241418199787566,0.1
724,1,1.0,1.0,0.26666666666666666,1.0,0.0,0.0,1.0,0.99956864,0.9611653012087394,0.2951854752177743,0.9800274578894133,0.9241418199787566,0.1
725,1,1.0,1.0,0.21666666666666667,1.0,0.0,0.0,1.0,1.0,0.9594665140115897,0.2553670276319851,0.9761906194330263,0.9241418199787566,0.1
726,1,1.0,1.0,0.26666666666666666,1.0,0.0,0.0,1.0,1.0,0.962776785895491,0.2907822274733105,0.990742028185826,0.9241418199787566,0.1
727,1,1.0,1.0,0.3333333333333333,1.0,0.0,1.0,1.0,0.9999994,0.9580622131194885,0.3394879107658093,0.9998714169608842,0.9241418199787566,0.1
728,1,1.0,1.0,0.21666666666666667,1.0,0.0,0.0,1.0,0.99942577,0.9619172232022845,0.24711079518911644,0.9768733786396868,0.9241418199787566,0.1
729,1,1.0,1.0,0.23333333333333334,1.0,0.0,0.0,1.0,1.0,0.9494408826117344,0.2669767917882829,0.9982886670344153,0.9241418199787566,0.1
730,1,1.0,1.0,0.25,1.0,0.0,0.0,1.0,1.0,0.9609776776210323,0.2711471185489874,0.9957155654461465,0.9241418199787566,0.1
731,1,1.0,1.0,0.26666666666666666,1.0,0.0,0.0,1.0,0.9999995,0.9594392077361138,0.288213347431779,0.9949319332992937,0.9241418199787566,0.1
732,1,1.0,1.0,0.26666666666666666,1.0,0.0,0.0,1.0,0.99999785,0.9422870548593673,0.2986227080380071,0.9998641474360097,0.9241418199787566,0.1
733,1,1.0,1.0,0.36666666666666664,1.0,0.0,1.0,1.0,0.99955505,0.9629452878000734,0.378482161243709,0.9942653234546648,0.9241418199787566,0.1
734,1,1.0,1.0,0.2833333333333333,1.0,0.0,0.0,1.0,0.99999964,0.9420411700038593,0.3105386579149165,0.614864268738593,0.9241418199787566,0.1
735,1,1.0,1.0,0.26666666666666666,1.0,0.0,0.0,1.0,1.0,0.962286385172048,0.2911257922072087,0.9988181848705252,0.9241418199787566,0.1
736,1,1.0,0.9833333333333333,0.25,1.0,0.0,0.0,1.0,1.0,0.9505761305597897,0.2809245141530384,0.9052489979223155,0.9241418199787566,0.1
737,1,1.0,1.0,0.23333333333333334,1.0,0.0,0.0,1.0,1.0,0.9651996795999229,0.26067974584106,0.9934786839158066,0.9241418199787566,0.1
738,1,1.0,1.0,0.25,1.0,0.0,0.0,1.0,0.9999994,0.9655280006764675,0.28442902446010143,0.9965733045388574,0.9241418199787566,0.1
739,1,1.0,1.0,0.2833333333333333,1.0,0.0,0.0,1.0,1.0,0.9427721715377084,0.31429540299028,0.5442448356969801,0.9241418199787566,0.1
740,1,1.0,0.9833333333333333,0.3333333333333333,1.0,0.0,0.0,1.0,1.0,0.9380217448186978,0.3486450759756721,0.9028611395902505,0.9241418199787566,0.1
741,1,1.0,0.9833333333333333,0.2833333333333333,1.0,0.0,0.0,1.0,0.9999585,0.9342355366234755,0.3121231274267739,0.9983469135392308,0.9241418199787566,0.1
742,1,1.0,1.0,0.25,1.0,0.0,0.0,1.0,0.9999726,0.9662779206364799,0.28388188617170584,0.9916233555396038,0.9241418199787566,0.1
743,1,1.0,0.9833333333333333,0.25,1.0,0.0,0.0,1.0,1.0,0.9554833640213182,0.283151098337686,0.9898069196996704,0.9241418199787566,0.1
744,1,1.0,1.0,0.3333333333333333,1.0,0.0,1.0,1.0,0.99999845,0.9607513119609892,0.35134348504464713,0.9402087202483198,0.9241418199787566,0.1
745,1,1.0,1.0,0.25,1.0,0.0,0.0,1.0,0.9964586,0.9275466454064245,0.26666179092380654,0.9915073481917241,0.9241418199787566,0.1
746,1,1.0,1.0,0.25,1.0,0.0,0.0,1.0,1.0,0.9268418635567486,0.2775852002758234,0.8343638027218278,0.9241418199787566,0.1
747,1,1.0,1.0,0.21666666666666667,1.0,0.0,0.0,1.0,0.99999964,0.9495860859221854,0.24621340218575058,0.9797232053679574,0.9241418199787566,0.1
748,1,1.0,0.9833333333333333,0.26666666666666666,1.0,0.0,0.0,1.0,1.0,0.9488006388912769,0.2907919327525356,0.9947257486912933,0.9241418199787566,0.1
749,1,1.0,0.9833333333333333,0.23333333333333334,1.0,0.0,0.0,1.0,1.0,0.9255668789699587,0.26963188011992806,0.9708606748355607,0.9241418199787566,0.1
750,1,1.0,0.9833333333333333,0.2,1.0,0.0,0.0,1.0,1.0,0.956753677682318,0.22345952327503127,0.9810407131437395,0.9241418199787566,0.1
751,1,1.0,1.0,0.2,1.0,0.0,0.0,1.0,1.0,0.9544324057978903,0.23258233067082584,0.777883614251681,0.9241418199787566,0.1
752,1,1.0,1.0,0.4,1.0,0.0,1.0,1.0,1.0,0.9440362688869883,0.40822706924948515,0.9779578587365787,0.9241418199787566,0.1
753,1,1.0,1.0,0.3,1.0,0.0,0.0,1.0,0.9999999,0.9489988528205837,0.3157978614078681,0.9992660901265609,0.9241418199787566,0.1
754,1,1.0,1.0,0.21666666666666667,1.0,0.0,0.0,1.0,1.0,0.9611898007344121,0.25474664780174117,0.9807790849911555,0.9241418199787566,0.1
755,1,1.0,1.0,0.26666666666666666,1.0,0.0,0.0,1.0,1.0,0.9580561341871884,0.2905106743900261,0.9945311123996511,0.9241418199787566,0.1
756,1,1.0,1.0,0.38333333333333336,1.0,0.0,1.0,1.0,1.0,0.9453347804426924,0.3908699571389303,0.9959723248127641,0.9241418199787566,0.1
757,1,1.0,1.0,0.2,1.0,0.0,0.0,1.0,1.0,0.9641836391416497,0.22360158887330264,0.9933259729516258,0.9241418199787566,0.1
758,1,1.0,1.0,0.26666666666666666,1.0,0.0,0.0,1.0,0.95389265,0.9612778187265437,0.2956317035841603,0.9511334193575761,0.9241418199787566,0.1
759,1,1.0,1.0,0.23333333333333334,1.0,0.0,0.0,1.0,1.0,0.9588163301283211,0.25774895051535857,0.9152593670984285,0.9241418199787566,0.1
760,1,1.0,1.0,0.2833333333333333,1.0,0.0,0.0,1.0,0.9999995,0.9754062181435962,0.3123293423309627,0.9728454402313627,0.9241418199787566,0.1
761,1,0.0,0.9833333333333333,0.31666666666666665,0.0,0.0,0.0,1.0,0.118427955,0.9512137810514555,0.3349457049582638,0.7940229334779203,0.9241418199787566,0.1
762,1,1.0,1.0,0.2,1.0,0.0,0.0,1.0,0.9999988,0.9504160660113159,0.23688548150288027,0.980829147223609,0.9241418199787566,0.1
763,1,1.0,1.0,0.38333333333333336,1.0,0.0,1.0,1.0,1.0,0.9435798514561664,0.3721263355773386,0.9985225863445687,0.9241418199787566,0.1
764,1,1.0,1.0,0.26666666666666666,1.0,0.0,0.0,1.0,1.0,0.9468817400894942,0.2763269677640011,0.998599409514803,0.9241418199787566,0.1
765,1,1.0,0.9833333333333333,0.2,1.0,0.0,0.0,1.0,0.9999099,0.9155663211254825,0.23222470943274953,0.9720665014035661,0.9241418199787566,0.1
766,1,1.0,1.0,0.2833333333333333,1.0,0.0,0.0,1.0,1.0,0.9441620455096456,0.3114384983694121,0.9968664517822112,0.9241418199787566,0.1
767,1,1.0,1.0,0.26666666666666666,1.0,0.0,0.0,1.0,0.99999213,0.9232966308024848,0.2796245724581449,0.9990257050392215,0.9241418199787566,0.1
768,1,1.0,0.9833333333333333,0.2,1.0,0.0,0.0,1.0,1.0,0.8962247682253178,0.2413495012033615,0.5561065307185673,0.9241418199787566,0.1
769,1,1.0,1.0,0.26666666666666666,1.0,0.0,0.0,1.0,0.99981683,0.9306953572683344,0.2903583741529415,0.9718834432625131,0.9241418199787566,0.1
770,1,1.0,1.0,0.31666666666666665,1.0,0.0,0.0,1.0,1.0,0.9502656316086129,0.34143742129161236,0.9004883758947761,0.9241418199787566,0.1
771,1,1.0,0.9833333333333333,0.23333333333333334,1.0,0.0,0.0,1.0,1.0,0.9336255375146977,0.2590938576074245,0.9886611534789715,0.9241418199787566,0.1
772,1,1.0,0.9833333333333333,0.25,1.0,0.0,0.0,1.0,1.0,0.9028508199431722,0.28560158550900555,0.9968911334926136,0.9241418199787566,0.1
773,1,1.0,1.0,0.16666666666666666,1.0,0.0,0.0,1.0,1.0,0.8989444380593035,0.20644278015204456,0.9995709982075783,0.9241418199787566,0.1
774,1,1.0,1.0,0.2833333333333333,1.0,0.0,0.0,1.0,1.0,0.9040160469082434,0.297516086401329,0.9442088087453052,0.9241418199787566,0.1
775,1,1.0,1.0,0.18333333333333332,1.0,0.0,0.0,1.0,1.0,0.9098726348724995,0.2165927667596073,0.9953335183259194,0.9241418199787566,0.1
776,1,1.0,1.0,0.23333333333333334,1.0,0.0,0.0,1.0,1.0,0.9104164181450544,0.2579097633501786,0.999850104293133,0.9241418199787566,0.1
777,1,1.0,1.0,0.21666666666666667,1.0,0.0,0.0,1.0,1.0,0.9156789798348518,0.24580780700399882,0.953540421649482,0.9241418199787566,0.1
778,1,1.0,1.0,0.26666666666666666,1.0,0.0,0.0,1.0,0.7532616,0.9210278557724626,0.27856748880569093,0.7082152780171436,0.9241418199787566,0.1
779,1,1.0,1.0,0.26666666666666666,1.0,0.0,0.0,1.0,1.0,0.9181739696824219,0.2901922815732597,0.9703647262473075,0.9241418199787566,0.1
780,1,1.0,0.9833333333333333,0.35,1.0,0.0,0.0,1.0,1.0,0.9140113960971482,0.36385947412233016,0.9959723248127641,0.9241418199787566,0.1
781,1,1.0,1.0,0.26666666666666666,1.0,0.0,0.0,1.0,1.0,0.9430126865324812,0.28089058291949637,0.9987513354456483,0.9241418199787566,0.1
782,1,1.0,1.0,0.26666666666666666,1.0,0.0,0.0,1.0,1.0,0.9163572316758868,0.2971692706994469,0.9916640801484449,0.9241418199787566,0.1
783,1,1.0,1.0,0.31666666666666665,1.0,0.0,0.0,1.0,0.99995625,0.941238511394103,0.3397592002782718,0.9767727587170463,0.9241418199787566,0.1
784,1,1.0,1.0,0.2833333333333333,1.0,0.0,0.0,1.0,0.9997688,0.9138642675197802,0.30045455784490954,0.9389052360885237,0.9241418199787566,0.1
785,1,1.0,0.9833333333333333,0.23333333333333334,1.0,0.0,0.0,1.0,1.0,0.9294991187436193,0.2593606121732728,0.8894206904339861,0.9241418199787566,0.1
786,1,1.0,1.0,0.21666666666666667,1.0,0.0,0.0,1.0,1.0,0.9319827376296553,0.24836232866139843,0.9995709982075783,0.9241418199787566,0.1
787,1,1.0,1.0,0.31666666666666665,1.0,0.0,0.0,1.0,1.0,0.8991980467562996,0.3408445326509383,0.9922262959205852,0.9241418199787566,0.1
788,1,1.0,0.9833333333333333,0.43333333333333335,1.0,0.0,0.0,1.0,1.0,0.8655495046864924,0.4377951684388893,0.9889619477713655,0.9241418199787566,0.1
789,1,1.0,1.0,0.23333333333333334,1.0,0.0,0.0,1.0,0.9999474,0.8837883117469372,0.2707698009198805,0.8703637490889292,0.9241418199787566,0.1
790,1,1.0,1.0,0.2833333333333333,1.0,0.0,0.0,1.0,1.0,0.8857192550226337,0.30553127154956655,0.9975377304543713,0.9241418199787566,0.1
791,1,1.0,0.9833333333333333,0.26666666666666666,1.0,0.0,0.0,1.0,0.994052,0.9065890776110332,0.29114423526764194,0.9974407219656263,0.9241418199787566,0.1
792,1,1.0,0.9833333333333333,0.26666666666666666,1.0,0.0,0.0,1.0,0.9997688,0.9076425116404178,0.29763982190641164,0.9389052360885237,0.9241418199787566,0.1
793,1,1.0,1.0,0.25,1.0,0.0,0.0,1.0,1.0,0.9002935078726962,0.28270905782804884,0.6982152611046035,0.9241418199787566,0.1
794,1,1.0,0.9833333333333333,0.23333333333333334,1.0,0.0,0.0,1.0,1.0,0.9113350472875611,0.2617480750989648,0.8253673484226914,0.9241418199787566,0.1
795,1,1.0,1.0,0.35,1.0,0.0,0.0,1.0,0.99924254,0.887956807998451,0.3350702903793992,0.9985192374703561,0.9241418199787566,0.1
796,1,1.0,0.9666666666666667,0.23333333333333334,1.0,0.0,0.0,1.0,1.0,0.9152648481183051,0.256864033883205,0.9997786133656323,0.9241418199787566,0.1
797,1,1.0,1.0,0.4166666666666667,1.0,0.0,1.0,1.0,0.99996686,0.9211813654484469,0.42317088283473925,0.9848579002532036,0.9241418199787566,0.1
798,1,1.0,1.0,0.21666666666666667,1.0,0.0,0.0,1.0,1.0,0.9219301627548049,0.25527646013169786,0.9994534991285807,0.9241418199787566,0.1
799,1,1.0,1.0,0.21666666666666667,1.0,0.0,0.0,1.0,1.0,0.8948140302633548,0.24723632114342742,0.9589504447476522,0.9241418199787566,0.1
800,1,1.0,0.9833333333333333,0.3,1.0,0.0,0.0,1.0,1.0,0.9057237736560304,0.32529052905150596,0.99947129670321,0.9241418199787566,0.1
801,1,1.0,1.0,0.18333333333333332,1.0,0.0,0.0,1.0,1.0,0.9131616890927342,0.21998021057463527,0.9985578647082707,0.9241418199787566,0.1
802,1,1.0,0.9833333333333333,0.21666666666666667,1.0,0.0,0.0,1.0,1.0,0.8914941607561578,0.24559205758871144,0.998599409514803,0.9241418199787566,0.1
803,1,0.0,0.9833333333333333,0.43333333333333335,0.0,0.0,0.0,1.0,0.0012539076,0.8931914588155714,0.43649493538641926,0.7717042860040915,0.9241418199787566,0.1
804,1,1.0,1.0,0.2833333333333333,1.0,0.0,0.0,1.0,0.9999999,0.8736209286678225,0.2997605204246302,0.9969011700302671,0.9241418199787566,0.1
805,1,1.0,1.0,0.3333333333333333,1.0,0.0,0.0,1.0,1.0,0.8721454105535922,0.3562490791196533,0.9834107582807888,0.9241418199787566,0.1
806,1,1.0,1.0,0.21666666666666667,1.0,0.0,0.0,1.0,0.9998722,0.827121298194525,0.23418727281334575,0.8600751005582272,0.9241418199787566,0.1
807,1,1.0,1.0,0.3333333333333333,1.0,0.0,0.0,1.0,1.0,0.8692939770081013,0.33780897396252507,0.89132174362642,0.9241418199787566,0.1
808,1,1.0,0.9833333333333333,0.2833333333333333,1.0,0.0,0.0,1.0,0.99999654,0.8453885182080928,0.30581831366110496,0.9951867161137676,0.9241418199787566,0.1
809,1,1.0,1.0,0.26666666666666666,1.0,0.0,0.0,1.0,1.0,0.8311084862472381,0.2979353048581223,0.9849401474637541,0.9241418199787566,0.1
810,1,1.0,1.0,0.21666666666666667,1.0,0.0,0.0,1.0,0.9999993,0.8591148830193303,0.24968313370611556,0.9968474743923036,0.9241418199787566,0.1
811,1,1.0,1.0,0.36666666666666664,1.0,0.0,0.0,1.0,0.9999994,0.8253358113445294,0.38502928989926394,0.9715152635107532,0.9241418199787566,0.1
812,1,1.0,0.85,0.2,1.0,0.0,0.0,1.0,0.84459525,0.8890905038640222,0.2923611996960431,0.7900879934083906,0.9241418199787566,0.1
813,0,1.0,0.0,0.3,0.0,0.0,0.0,1.0,5.9024354e-09,0.9484244514414784,0.5887771916982263,0.9937303750222526,0.9241418199787566,0.1
814,0,1.0,0.31666666666666665,0.2833333333333333,0.0,0.0,0.0,1.0,6.510694e-10,0.9339220754470848,0.5247021193197525,0.9937324282736427,0.9241418199787566,0.1
815,1,1.0,1.0,0.2833333333333333,1.0,0.0,0.0,1.0,1.0,0.8854865791642333,0.30292229319689984,0.9993075318279533,0.9241418199787566,0.1
816,1,1.0,1.0,0.36666666666666664,1.0,0.0,0.0,1.0,1.0,0.8747382412219996,0.3853164198517217,0.9911357466633574,0.9241418199787566,0.1
817,1,1.0,1.0,0.3,1.0,0.0,0.0,1.0,1.0,0.8978081231249607,0.3105707417882879,0.9991065816063807,0.9241418199787566,0.1
818,1,1.0,1.0,0.25,1.0,0.0,0.0,1.0,1.0,0.901146006886787,0.28127362664413613,0.6180199338147758,0.9241418199787566,0.1
819,1,1.0,0.9833333333333333,0.26666666666666666,1.0,0.0,0.0,1.0,0.999998,0.8908866843107185,0.30763029645937073,0.9827241642341763,0.9241418199787566,0.1
820,1,1.0,0.9833333333333333,0.3,1.0,0.0,0.0,1.0,0.9999999,0.8805361298713537,0.325034042417468,0.999448420024223,0.9241418199787566,0.1
821,1,1.0,1.0,0.31666666666666665,1.0,0.0,0.0,1.0,1.0,0.9078984914913851,0.3339333576866938,0.994922028021858,0.9241418199787566,0.1
822,1,1.0,1.0,0.25,1.0,0.0,0.0,1.0,1.0,0.875613103005403,0.27909582684017004,0.8343638027218278,0.9241418199787566,0.1
823,1,1.0,1.0,0.2833333333333333,1.0,0.0,0.0,1.0,1.0,0.8930333971839921,0.29216340931709817,0.9978133764845403,0.9241418199787566,0.1
824,1,1.0,1.0,0.3333333333333333,1.0,0.0,0.0,1.0,1.0,0.9097077260031281,0.35048366588207475,0.9998261361087354,0.9241418199787566,0.1
825,1,1.0,0.7833333333333333,0.3,1.0,0.0,0.0,1.0,1.0,0.8521164257040306,0.32981785440505784,0.9993486359433033,0.9241418199787566,0.1
826,1,1.0,0.7833333333333333,0.2833333333333333,1.0,0.0,0.0,1.0,1.0,0.8238940646817916,0.34455599604546705,0.9488285726062481,0.9241418199787566,0.1
827,1,1.0,1.0,0.23333333333333334,1.0,0.0,0.0,1.0,1.0,0.7708645911234451,0.2727568843159237,0.9979521728029752,0.9241418199787566,0.1
828,1,1.0,1.0,0.2,1.0,0.0,0.0,1.0,0.9999999,0.7677330087678592,0.23598608286672373,0.852413884025049,0.9241418199787566,0.1
829,1,1.0,1.0,0.31666666666666665,1.0,0.0,0.0,1.0,1.0,0.7751655583872238,0.3533408481946679,0.9995728893995548,0.9241418199787566,0.1
830,1,1.0,1.0,0.26666666666666666,1.0,0.0,0.0,1.0,0.9999999,0.7746992755387746,0.2930794652540525,0.852413884025049,0.9241418199787566,0.1
831,1,1.0,1.0,0.2833333333333333,1.0,0.0,0.0,1.0,0.9999646,0.7924430450480029,0.3173101396394877,0.8071260423747069,0.9241418199787566,0.1
832,1,1.0,1.0,0.4,1.0,0.0,0.0,1.0,1.0,0.7574798553829986,0.4104766448709535,0.9973764903928362,0.9241418199787566,0.1
833,1,1.0,1.0,0.3,1.0,0.0,0.0,1.0,0.9999976,0.7541147451423601,0.33786859670148034,0.9997428013212655,0.9241418199787566,0.1
834,1,1.0,1.0,0.26666666666666666,1.0,0.0,0.0,1.0,1.0,0.7513055866380399,0.3037007574319716,0.960878499878482,0.9241418199787566,0.1
835,1,1.0,1.0,0.31666666666666665,1.0,0.0,0.0,1.0,1.0,0.7833268981166638,0.34644586238571534,0.9939013767244443,0.9241418199787566,0.1
836,1,1.0,1.0,0.23333333333333334,1.0,0.0,0.0,1.0,1.0,0.7645036943160373,0.27367515530382663,0.9988181848705252,0.9241418199787566,0.1
837,1,1.0,1.0,0.31666666666666665,1.0,0.0,0.0,1.0,0.642584,0.7697655092984369,0.34931315607147445,0.9998852817449227,0.9241418199787566,0.1
838,1,1.0,1.0,0.23333333333333334,1.0,0.0,0.0,1.0,1.0,0.780915864211313,0.27316730154637064,0.9963420132546233,0.9241418199787566,0.1
839,1,1.0,1.0,0.23333333333333334,1.0,0.0,0.0,1.0,1.0,0.7787395828910487,0.2755829954441618,0.7783637834582099,0.9241418199787566,0.1
840,1,1.0,1.0,0.25,1.0,0.0,0.0,1.0,0.99990666,0.8065077541191279,0.2822122455698658,0.7866891267407105,0.9241418199787566,0.1
841,1,1.0,1.0,0.25,1.0,0.0,0.0,1.0,0.99999964,0.7797620257197772,0.292595017564677,0.5532423975531677,0.9241418199787566,0.1
842,1,1.0,1.0,0.23333333333333334,1.0,0.0,0.0,1.0,0.99999917,0.7525475699087713,0.274871018444418,0.4416199599916231,0.9241418199787566,0.1
843,1,1.0,1.0,0.25,1.0,0.0,0.0,1.0,1.0,0.7926187812976377,0.2791109029909832,0.9420372454368549,0.9241418199787566,0.1
844,1,1.0,1.0,0.3333333333333333,1.0,0.0,0.0,1.0,1.0,0.8110886485125318,0.3627345921160963,0.7387567492043924,0.9241418199787566,0.1
845,1,1.0,1.0,0.2,1.0,0.0,0.0,1.0,0.9999945,0.7552900748742724,0.23889619640370166,0.9996065473638286,0.9241418199787566,0.1
846,1,1.0,1.0,0.2833333333333333,1.0,0.0,0.0,1.0,0.9998148,0.7633857573579318,0.3218133244186291,0.9565407929458163,0.9241418199787566,0.1
847,1,1.0,1.0,0.15,1.0,0.0,0.0,1.0,0.99924636,0.7843092131390386,0.2007261618198777,0.9856276424356207,0.9241418199787566,0.1
848,1,1.0,1.0,0.3,1.0,0.0,0.0,1.0,1.0,0.8158244427144604,0.3383357137572014,0.8115226939651581,0.9241418199787566,0.1
849,1,1.0,1.0,0.3333333333333333,1.0,0.0,0.0,1.0,0.99999964,0.7992561457712868,0.36256147409282846,0.9755829287641155,0.9241418199787566,0.1
850,1,1.0,1.0,0.25,1.0,0.0,0.0,1.0,1.0,0.8137332415831129,0.29526742197294464,0.9943239185061638,0.9241418199787566,0.1
851,1,1.0,1.0,0.3,1.0,0.0,0.0,1.0,1.0,0.8060540161134576,0.32481371252890123,0.9503783446684738,0.9241418199787566,0.1
852,1,1.0,1.0,0.35,1.0,0.0,0.0,1.0,1.0,0.7789301943396231,0.3738059565444381,0.9869898212994083,0.9241418199787566,0.1
853,1,1.0,1.0,0.25,1.0,0.0,0.0,1.0,0.99999654,0.8395700246317921,0.2902836094441477,0.9951867161137676,0.9241418199787566,0.1
854,1,1.0,1.0,0.21666666666666667,1.0,0.0,0.0,1.0,0.9999995,0.8045359624709086,0.25757367634953493,0.9949319332992937,0.9241418199787566,0.1
855,1,1.0,1.0,0.23333333333333334,1.0,0.0,0.0,1.0,1.0,0.7695423609521673,0.27292363906647304,0.9980476927783568,0.9241418199787566,0.1
856,1,1.0,1.0,0.2,1.0,0.0,0.0,1.0,0.99909043,0.783682577051862,0.24926545924559082,0.9267641762667997,0.9241418199787566,0.1
857,1,1.0,1.0,0.18333333333333332,1.0,0.0,0.0,1.0,1.0,0.7655194687666015,0.2241705119019448,0.971740291806849,0.9241418199787566,0.1
858,1,0.0,1.0,0.23333333333333334,0.0,0.0,0.0,1.0,0.20783812,0.8021120387118389,0.2751453982433068,0.8885901450321682,0.9241418199787566,0.1
859,1,1.0,1.0,0.3,1.0,0.0,0.0,1.0,0.9999474,0.7559522054657993,0.33555862018355137,0.8703637490889292,0.9241418199787566,0.1
860,1,1.0,1.0,0.13333333333333333,1.0,0.0,0.0,1.0,1.0,0.7983361860861948,0.17886059386980835,0.884208301577366,0.9241418199787566,0.1
861,1,1.0,1.0,0.26666666666666666,1.0,0.0,0.0,1.0,1.0,0.7863200485330165,0.2844596611153535,0.9301409614548177,0.9241418199787566,0.1
862,1,1.0,1.0,0.25,1.0,0.0,0.0,1.0,1.0,0.7878596130796219,0.289168774942857,0.9566587225470251,0.9241418199787566,0.1
863,1,1.0,1.0,0.21666666666666667,1.0,0.0,0.0,1.0,1.0,0.7817423085989457,0.26269286952594606,0.9968394154821897,0.9241418199787566,0.1
864,1,1.0,1.0,0.26666666666666666,1.0,0.0,0.0,1.0,0.99999964,0.8129967869063851,0.29286351791564935,0.975478069297065,0.9241418199787566,0.1
865,1,1.0,1.0,0.35,1.0,0.0,0.0,1.0,1.0,0.7745658795047441,0.37687135613251577,0.9954328690064986,0.9241418199787566,0.1
866,1,1.0,1.0,0.26666666666666666,1.0,0.0,0.0,1.0,0.9453398,0.7861570612584742,0.30225001440076443,0.9823268531928321,0.9241418199787566,0.1
867,1,1.0,1.0,0.3,1.0,0.0,0.0,1.0,0.9999428,0.7723363561821436,0.3341567290533721,0.9635043086147345,0.9241418199787566,0.1
868,1,1.0,1.0,0.2833333333333333,1.0,0.0,0.0,1.0,1.0,0.7579701332130928,0.3168820522612703,0.9951480158457396,0.9241418199787566,0.1
869,1,1.0,1.0,0.25,1.0,0.0,0.0,1.0,1.0,0.7951784793239567,0.28005711050479765,0.999008556451352,0.9241418199787566,0.1
870,1,1.0,1.0,0.18333333333333332,1.0,0.0,0.0,1.0,1.0,0.7850960141409158,0.22107691306129956,0.8858185212335951,0.9241418199787566,0.1
871,1,1.0,1.0,0.26666666666666666,1.0,0.0,0.0,1.0,1.0,0.7738155614193442,0.2916717708836012,0.9952124579518058,0.9241418199787566,0.1
872,1,1.0,1.0,0.25,1.0,0.0,0.0,1.0,1.0,0.7600366037795369,0.2909526211760926,0.971217112825317,0.9241418199787566,0.1
873,1,1.0,1.0,0.23333333333333334,1.0,0.0,0.0,1.0,1.0,0.7785532928398315,0.2663291446658475,0.9696980906426843,0.9241418199787566,0.1
874,1,1.0,1.0,0.23333333333333334,1.0,0.0,0.0,1.0,1.0,0.775449190223402,0.2746330229823376,0.9902327354675645,0.9241418199787566,0.1
875,1,1.0,1.0,0.2,1.0,0.0,0.0,1.0,0.99454486,0.7824080214586966,0.24097980592798246,0.9997480724521922,0.9241418199787566,0.1
876,1,1.0,1.0,0.26666666666666666,1.0,0.0,0.0,1.0,1.0,0.775026208148896,0.31225016071060685,0.995705972815073,0.9241418199787566,0.1
877,1,1.0,1.0,0.21666666666666667,1.0,0.0,0.0,1.0,1.0,0.8041929651188703,0.2543983759324409,0.9975318705174454,0.9241418199787566,0.1
878,1,1.0,1.0,0.2833333333333333,1.0,0.0,0.0,1.0,1.0,0.7798867750498355,0.31509956694983815,0.9771750040561795,0.9241418199787566,0.1
879,1,1.0,1.0,0.3333333333333333,1.0,0.0,0.0,1.0,0.99975055,0.7797401816802635,0.364255494149168,0.9945150666885579,0.9241418199787566,0.1
880,1,1.0,0.7833333333333333,0.18333333333333332,1.0,0.0,0.0,1.0,0.99999213,0.8182326288330812,0.31387738839758333,0.9990257050392215,0.9241418199787566,0.1
881,0,1.0,0.0,0.23333333333333334,0.0,0.0,0.0,1.0,6.2887744e-11,0.9500851060357073,0.6291822297629304,0.947529615912967,0.9241418199787566,0.1
882,0,1.0,0.0,0.25,0.0,0.0,0.0,1.0,5.9445018e-08,0.9398593114526068,0.6371748075143545,0.9966155355659853,0.9241418199787566,0.1
883,0,1.0,0.0,0.26666666666666666,0.0,0.0,0.0,1.0,4.050611e-13,0.939681441780996,0.6169270313454421,0.9999738674658801,0.9241418199787566,0.1
884,0,1.0,0.0,0.16666666666666666,0.0,0.0,0.0,1.0,0.010724382,0.951409572576346,0.6765635141690544,0.9947831447725967,0.9241418199787566,0.1
885,0,1.0,0.0,0.25,0.0,0.0,0.0,0.0,0.24716257,0.9390431541862231,0.6206417067615316,0.9928439216578921,0.9241418199787566,0.1
886,0,1.0,0.0,0.18333333333333332,0.0,0.0,0.0,1.0,2.8969594e-11,0.9401069655740242,0.6712132460089383,0.9923473639240717,0.9241418199787566,0.1
887,0,1.0,0.0,0.2,0.0,0.0,0.0,1.0,3.8669832e-14,0.9430916309498663,0.6734546219731216,0.9994551070751386,0.9241418199787566,0.1
888,0,1.0,0.0,0.2833333333333333,0.0,0.0,0.0,1.0,5.148301e-10,0.9520752684271067,0.5839369383701353,0.9998547016008598,0.9241418199787566,0.1
889,0,1.0,0.0,0.21666666666666667,0.0,0.0,0.0,1.0,2.2455274e-06,0.9537698840126062,0.6693885169146332,0.9999169352888644,0.9241418199787566,0.1
890,0,1.0,0.0,0.23333333333333334,0.0,0.0,0.0,1.0,0.010724382,0.9390131071045414,0.6255629110481519,0.9947831447725967,0.9241418199787566,0.1
891,0,1.0,0.0,0.31666666666666665,0.0,0.0,0.0,1.0,4.3170695e-17,0.9331382259165846,0.5667067674807086,0.9995796105850737,0.9241418199787566,0.1
892,0,1.0,0.0,0.25,0.0,0.0,0.0,1.0,0.0014032612,0.9363871099875777,0.6256716897419877,0.9902873667769994,0.9241418199787566,0.1
893,0,1.0,0.0,0.15,0.0,0.0,0.0,1.0,0.0057401382,0.9478532855267913,0.7026509167981756,0.9975786345663956,0.9241418199787566,0.1
894,0,1.0,0.0,0.21666666666666667,0.0,0.0,0.0,1.0,1.5315681e-08,0.9492615136527098,0.6628026381103288,0.9953324891808154,0.9241418199787566,0.1
895,0,1.0,0.016666666666666666,0.23333333333333334,0.0,0.0,0.0,1.0,7.0933897e-12,0.9452624030204817,0.6414672836947378,0.9988938997631418,0.9241418199787566,0.1
896,0,1.0,0.38333333333333336,0.2,0.0,0.0,0.0,1.0,4.8821308e-17,0.9576193226595394,0.5373792351076973,0.9593399269717451,0.9241418199787566,0.1
897,1,1.0,1.0,0.3,1.0,0.0,0.0,1.0,1.0,0.967154903300196,0.31150038020685,0.9923029666005819,0.9241418199787566,0.1
898,1,1.0,1.0,0.16666666666666666,1.0,0.0,0.0,1.0,1.0,0.9735516551918029,0.21060893986021817,0.9893606989638254,0.9241418199787566,0.1
899,1,1.0,1.0,0.26666666666666666,1.0,0.0,0.0,1.0,1.0,0.9682480540754109,0.28839208311863607,0.9834107582807888,0.9241418199787566,0.1
900,1,1.0,1.0,0.31666666666666665,1.0,0.0,0.0,1.0,1.0,0.9469206392840468,0.33436756999058775,0.9981332924480197,0.9241418199787566,0.1
901,1,1.0,1.0,0.2833333333333333,1.0,0.0,0.0,1.0,0.9999583,0.9433935075468102,0.30907320798889704,0.9743710436115257,0.9241418199787566,0.1
902,1,1.0,1.0,0.26666666666666666,1.0,0.0,0.0,1.0,1.0,0.9659006114040289,0.2949532796311341,0.9703647262473075,0.9241418199787566,0.1
903,1,1.0,1.0,0.3,1.0,0.0,0.0,1.0,0.9999994,0.957387639432244,0.3264176826287705,0.5399796203406995,0.9241418199787566,0.1
904,1,1.0,1.0,0.26666666666666666,1.0,0.0,0.0,1.0,1.0,0.9590563900600177,0.2849731252128331,0.9911357466633574,0.9241418199787566,0.1
905,0,1.0,0.25,0.3,0.0,0.0,0.0,1.0,6.5322037e-13,0.9435286251810091,0.5003365933294905,0.9890808243106946,0.9241418199787566,0.1
906,1,1.0,0.9666666666666667,0.3333333333333333,1.0,0.0,0.0,1.0,1.0,0.9283285924903677,0.370611601681464,0.9991952088664012,0.9241418199787566,0.1
907,1,1.0,1.0,0.31666666666666665,1.0,0.0,0.0,1.0,0.9999604,0.9248531803559643,0.32373211110802896,0.9791430034305112,0.9241418199787566,0.1
908,1,1.0,1.0,0.26666666666666666,1.0,0.0,0.0,1.0,0.9999999,0.9405998770106162,0.29782000085775656,0.8978241258894561,0.9241418199787566,0.1
909,1,1.0,0.9666666666666667,0.3,1.0,0.0,0.0,1.0,1.0,0.9129121991327659,0.30667187269702184,0.9475763399486578,0.9241418199787566,0.1
910,1,1.0,0.9833333333333333,0.2833333333333333,1.0,0.0,0.0,1.0,1.0,0.8845651969427641,0.29957282530935253,0.990742028185826,0.9241418199787566,0.1
911,1,1.0,1.0,0.15,1.0,0.0,0.0,1.0,0.99997294,0.9395431939597181,0.19193423435137458,0.9356420825804335,0.9241418199787566,0.1
912,1,1.0,1.0,0.25,1.0,0.0,0.0,1.0,1.0,0.9180293289889677,0.2797813870079386,0.9914913073591773,0.9241418199787566,0.1
913,1,1.0,0.9833333333333333,0.2833333333333333,1.0,0.0,0.0,1.0,1.0,0.9413743152917079,0.30608897375402083,0.9443634466745817,0.9241418199787566,0.1
914,1,1.0,1.0,0.11666666666666667,1.0,0.0,0.0,1.0,1.0,0.9408240843915952,0.16264091278665174,0.9936234988155211,0.9241418199787566,0.1
915,1,1.0,1.0,0.25,1.0,0.0,0.0,1.0,1.0,0.9672249002328805,0.2769217261274486,0.9074013470719665,0.9241418199787566,0.1
916,1,1.0,1.0,0.2,1.0,0.0,0.0,1.0,1.0,0.9294968928411637,0.23617399152214705,0.9891274050056654,0.9241418199787566,0.1
917,1,1.0,1.0,0.31666666666666665,1.0,0.0,0.0,1.0,1.0,0.9296445145482359,0.3379804691190878,0.9987195194109512,0.9241418199787566,0.1
918,1,1.0,1.0,0.2,1.0,0.0,0.0,1.0,0.99999774,0.9383885895337697,0.23629431568761186,0.9679323430729347,0.9241418199787566,0.1
919,1,1.0,1.0,0.35,1.0,0.0,1.0,1.0,1.0,0.9331387094402716,0.3716880229398141,0.9982886670344153,0.9241418199787566,0.1
920,1,1.0,1.0,0.26666666666666666,1.0,0.0,0.0,1.0,1.0,0.9367734683266569,0.2801462668746389,0.9972086901972916,0.9241418199787566,0.1
921,1,1.0,1.0,0.38333333333333336,1.0,0.0,1.0,1.0,1.0,0.9297328725199907,0.39966426533869387,0.702048842944432,0.9241418199787566,0.1
922,1,1.0,0.9833333333333333,0.3333333333333333,1.0,0.0,0.0,1.0,0.9999981,0.9213848334264679,0.3561082311644553,0.9657870074881826,0.9241418199787566,0.1
923,1,1.0,1.0,0.23333333333333334,1.0,0.0,0.0,1.0,1.0,0.9374425364011558,0.27297377155665564,0.9969542583411319,0.9241418199787566,0.1
924,1,1.0,1.0,0.2833333333333333,1.0,0.0,0.0,1.0,1.0,0.9366070631841699,0.3208372153946128,0.9938736283982835,0.9241418199787566,0.1
925,1,1.0,1.0,0.3,1.0,0.0,0.0,1.0,0.9999721,0.910979346540844,0.3218608548653722,0.9657025148112126,0.9241418199787566,0.1
926,1,1.0,1.0,0.18333333333333332,1.0,0.0,0.0,1.0,0.99999964,0.9290029973860093,0.22388718188088064,0.9755829287641155,0.9241418199787566,0.1
927,0,1.0,0.2833333333333333,0.26666666666666666,0.0,0.0,0.0,1.0,2.648847e-12,0.9420160347153214,0.5121720124686251,0.9990814932699816,0.9241418199787566,0.1
928,0,1.0,0.0,0.3,0.0,0.0,0.0,1.0,4.6067694e-06,0.9403063233180026,0.5778247442358383,0.9962442069690413,0.9241418199787566,0.1
929,1,1.0,1.0,0.25,1.0,0.0,0.0,1.0,1.0,0.9481045944174207,0.27987329145304474,0.9993886879251982,0.9241418199787566,0.1
930,1,1.0,1.0,0.3,1.0,0.0,0.0,1.0,1.0,0.9651608577133335,0.322989399084171,0.9991065816063807,0.9241418199787566,0.1
931,1,1.0,1.0,0.23333333333333334,1.0,0.0,0.0,1.0,1.0,0.9616971153626734,0.2681657401393514,0.8322826740386946,0.9241418199787566,0.1
932,1,1.0,1.0,0.3333333333333333,1.0,0.0,1.0,1.0,0.99999845,0.9566729760017149,0.3511782956537032,0.9402087202483198,0.9241418199787566,0.1
933,1,1.0,1.0,0.3,1.0,0.0,0.0,1.0,1.0,0.9525899257859061,0.3231684289302586,0.989946272724573,0.9241418199787566,0.1
934,1,1.0,1.0,0.3,1.0,0.0,0.0,1.0,0.9999989,0.9586591600660601,0.3107779961800032,0.9981671179996457,0.9241418199787566,0.1
935,1,1.0,1.0,0.25,1.0,0.0,0.0,1.0,0.99999714,0.9580180110178605,0.26939907135986196,0.9316086858026174,0.9241418199787566,0.1
936,1,1.0,1.0,0.26666666666666666,1.0,0.0,0.0,1.0,1.0,0.9717478113278317,0.2965354522627345,0.9768122754955454,0.9241418199787566,0.1
937,1,1.0,1.0,0.3333333333333333,1.0,0.0,1.0,1.0,1.0,0.9720099576435317,0.34456424575238015,0.7135158882154171,0.9241418199787566,0.1
938,1,1.0,1.0,0.23333333333333334,1.0,0.0,0.0,1.0,1.0,0.9582964096544722,0.27056292043373403,0.9959614558250095,0.9241418199787566,0.1
939,1,1.0,1.0,0.3,1.0,0.0,0.0,1.0,0.99999976,0.9641386178388306,0.3157101071236703,0.8071877541901133,0.9241418199787566,0.1
940,1,1.0,1.0,0.26666666666666666,1.0,0.0,0.0,1.0,1.0,0.9451155913525443,0.29168113310059746,0.9989839903766677,0.9241418199787566,0.1
941,1,1.0,1.0,0.2,1.0,0.0,0.0,1.0,0.99999964,0.9455678436842366,0.24155913771472287,0.8853707458530701,0.9241418199787566,0.1
942,1,1.0,1.0,0.25,1.0,0.0,0.0,1.0,1.0,0.9392132319511856,0.28272673506167223,0.9771750040561795,0.9241418199787566,0.1
943,1,1.0,1.0,0.31666666666666665,1.0,0.0,1.0,1.0,0.9999865,0.9619864871148127,0.3452747625251026,0.9806669539185048,0.9241418199787566,0.1
944,1,1.0,1.0,0.4,1.0,0.0,1.0,1.0,0.99999535,0.9467880835830189,0.4227571754278683,0.9783166158342678,0.9241418199787566,0.1
945,1,1.0,0.9833333333333333,0.2833333333333333,1.0,0.0,0.0,1.0,0.7532616,0.9588992310825414,0.316964420048308,0.7082152780171436,0.9241418199787566,0.1
946,1,1.0,1.0,0.2833333333333333,1.0,0.0,0.0,1.0,1.0,0.9670876086670392,0.30599536499993224,0.9357819365267562,0.9241418199787566,0.1
947,1,1.0,1.0,0.26666666666666666,1.0,0.0,0.0,1.0,0.9999993,0.954631543784812,0.2993019514164862,0.9702638853892602,0.9241418199787566,0.1
948,1,1.0,1.0,0.25,1.0,0.0,0.0,1.0,0.9999999,0.9392609929847401,0.27890355657615035,0.99809579642152,0.9241418199787566,0.1
949,1,1.0,1.0,0.23333333333333334,1.0,0.0,0.0,1.0,1.0,0.9541016455194188,0.2696236405451834,0.9558620081271904,0.9241418199787566,0.1
950,1,1.0,1.0,0.2833333333333333,1.0,0.0,0.0,1.0,1.0,0.9554406038587604,0.303393465625921,0.9997774673834056,0.9241418199787566,0.1
951,1,1.0,1.0,0.25,1.0,0.0,0.0,1.0,0.99592495,0.955830451905612,0.259569366264454,0.9558494990785062,0.9241418199787566,0.1
952,1,1.0,1.0,0.26666666666666666,1.0,0.0,0.0,1.0,1.0,0.940735644362278,0.27960734478614074,0.9450090289798143,0.9241418199787566,0.1
953,1,1.0,1.0,0.25,1.0,0.0,0.0,1.0,1.0,0.9560564705255225,0.27858947543131646,0.9990732886227345,0.9241418199787566,0.1
954,1,1.0,1.0,0.31666666666666665,1.0,0.0,0.0,1.0,1.0,0.946860975240998,0.3310369391950197,0.9981883038982182,0.9241418199787566,0.1
955,1,1.0,1.0,0.26666666666666666,1.0,0.0,0.0,1.0,0.9999999,0.9541848160716413,0.2972822422516303,0.9997413079897652,0.9241418199787566,0.1
956,1,1.0,1.0,0.23333333333333334,1.0,0.0,0.0,1.0,1.0,0.9410554248125448,0.2743135579117485,0.9916446018030883,0.9241418199787566,0.1
957,1,1.0,1.0,0.31666666666666665,1.0,0.0,0.0,1.0,0.99999976,0.9593236408603737,0.33498193483421385,0.9331994255903383,0.9241418199787566,0.1
958,1,1.0,1.0,0.2833333333333333,1.0,0.0,0.0,1.0,0.9999099,0.9622593778740006,0.3087621348404515,0.9720665014035661,0.9241418199787566,0.1
959,1,1.0,1.0,0.15,1.0,0.0,0.0,1.0,0.8872051,0.9487640379951984,0.19264540675000627,0.9929785421215213,0.9241418199787566,0.1
960,1,1.0,1.0,0.36666666666666664,1.0,0.0,1.0,1.0,1.0,0.9536767514687833,0.3779860744528471,0.9954328690064986,0.9241418199787566,0.1
961,1,1.0,1.0,0.23333333333333334,1.0,0.0,0.0,1.0,0.99993825,0.933801905589191,0.2567000419241111,0.9996093175663895,0.9241418199787566,0.1
962,1,1.0,1.0,0.21666666666666667,1.0,0.0,0.0,1.0,1.0,0.9659487556014813,0.25029005996795967,0.5442448356969801,0.9241418199787566,0.1
963,1,1.0,1.0,0.2,1.0,0.0,0.0,1.0,1.0,0.9505304808389633,0.229175977467659,0.9728222253088654,0.9241418199787566,0.1
964,1,1.0,1.0,0.18333333333333332,1.0,0.0,0.0,1.0,1.0,0.9651593190764337,0.21755624954151745,0.9954328690064986,0.9241418199787566,0.1
965,1,0.0,1.0,0.23333333333333334,0.0,0.0,0.0,1.0,0.2371935,0.9617922413176301,0.25297784495749465,0.7946938322306907,0.9241418199787566,0.1
966,1,1.0,1.0,0.26666666666666666,1.0,0.0,0.0,1.0,1.0,0.9655568947637027,0.28889202632769595,0.8715696181672996,0.9241418199787566,0.1
967,1,1.0,1.0,0.26666666666666666,1.0,0.0,0.0,1.0,1.0,0.9645709658858864,0.2853296386734084,0.9964337157632774,0.9241418199787566,0.1
968,1,1.0,0.7666666666666667,0.16666666666666666,1.0,0.0,0.0,1.0,0.9999995,0.9521144946830553,0.3075524125126081,0.9350976926068192,0.9241418199787566,0.1
969,1,1.0,1.0,0.23333333333333334,1.0,0.0,0.0,1.0,1.0,0.9165948932697189,0.2700676700738411,0.8253673484226914,0.9241418199787566,0.1
970,1,1.0,1.0,0.31666666666666665,1.0,0.0,0.0,1.0,1.0,0.8927452979997241,0.333154686527677,0.9963211810908195,0.9241418199787566,0.1
971,1,1.0,1.0,0.23333333333333334,1.0,0.0,0.0,1.0,0.9999999,0.9047986850711884,0.2731609379568477,0.9659800730219696,0.9241418199787566,0.1
972,1,1.0,0.95,0.25,1.0,0.0,0.0,1.0,1.0,0.8825784241819908,0.26795829203316895,0.9997712390785425,0.9241418199787566,0.1
973,1,1.0,0.9833333333333333,0.2,1.0,0.0,0.0,1.0,0.99981683,0.9215054469540366,0.23524002949515935,0.9718834432625131,0.9241418199787566,0.1
974,1,1.0,1.0,0.31666666666666665,1.0,0.0,0.0,1.0,1.0,0.8861035806404179,0.3367889776035488,0.9996403155866256,0.9241418199787566,0.1
975,1,1.0,1.0,0.2833333333333333,1.0,0.0,0.0,1.0,1.0,0.8901242722624422,0.30764610019915845,0.9997487656180595,0.9241418199787566,0.1
976,1,1.0,1.0,0.23333333333333334,1.0,0.0,0.0,1.0,1.0,0.8566179250466093,0.2670963300511998,0.8122575743093396,0.9241418199787566,0.1
977,1,1.0,1.0,0.26666666666666666,1.0,0.0,0.0,1.0,0.99731064,0.8725396441707588,0.28264240927159234,0.9997332676747728,0.9241418199787566,0.1
978,1,1.0,1.0,0.26666666666666666,1.0,0.0,0.0,1.0,1.0,0.87487896833036,0.28168853255956716,0.5843540844009023,0.9241418199787566,0.1
979,1,1.0,0.95,0.23333333333333334,1.0,0.0,0.0,1.0,0.9831955,0.8367500304080632,0.2671943218942732,0.9369625062182566,0.9241418199787566,0.1
980,1,1.0,1.0,0.35,1.0,0.0,0.0,1.0,1.0,0.8670994325146314,0.3653574942776817,0.9968911334926136,0.9241418199787566,0.1
981,1,1.0,1.0,0.18333333333333332,1.0,0.0,0.0,1.0,0.99998283,0.8557882061566556,0.21997830856703762,0.9441498069494911,0.9241418199787566,0.1
982,1,1.0,1.0,0.23333333333333334,1.0,0.0,0.0,1.0,0.9998981,0.8508165929397701,0.2658840406542231,0.8535510714306891,0.9241418199787566,0.1
983,1,1.0,1.0,0.2,1.0,0.0,0.0,1.0,1.0,0.8898919993524418,0.2392913812746493,0.9846830053757968,0.9241418199787566,0.1
984,1,1.0,0.9833333333333333,0.21666666666666667,1.0,0.0,0.0,1.0,0.9999999,0.8668313822715681,0.24691777742820734,0.9992660901265609,0.9241418199787566,0.1
985,1,1.0,0.9833333333333333,0.31666666666666665,1.0,0.0,0.0,1.0,0.9999585,0.8210435969349342,0.33306753336331957,0.9983469135392308,0.9241418199787566,0.1
986,1,1.0,1.0,0.23333333333333334,1.0,0.0,0.0,1.0,0.99965036,0.8676985099023138,0.26748230803209105,0.7738459617482861,0.9241418199787566,0.1
987,1,1.0,0.9833333333333333,0.23333333333333334,1.0,0.0,0.0,1.0,0.80314577,0.9263992977583342,0.26838575814929494,0.999449674780253,0.9241418199787566,0.1
988,1,1.0,0.9833333333333333,0.31666666666666665,1.0,0.0,0.0,1.0,0.99999964,0.8707670433731142,0.3235693694992792,0.9941832740151826,0.9241418199787566,0.1
989,1,1.0,0.9666666666666667,0.15,1.0,0.0,0.0,1.0,1.0,0.8989773124041229,0.19750982729241973,0.9868352315495382,0.9241418199787566,0.1
990,1,0.0,0.9666666666666667,0.26666666666666666,0.0,0.0,0.0,1.0,0.3961969,0.8907350264416661,0.29666265661969093,0.7282887219549145,0.9241418199787566,0.1
991,1,1.0,0.9833333333333333,0.23333333333333334,1.0,0.0,0.0,1.0,0.9998981,0.9054626948804805,0.26747616541284347,0.8535510714306891,0.9241418199787566,0.1
992,1,1.0,1.0,0.2,1.0,0.0,0.0,1.0,1.0,0.8798925609139844,0.2359642804018642,0.999738682885842,0.9241418199787566,0.1
993,1,1.0,0.9833333333333333,0.26666666666666666,1.0,0.0,0.0,1.0,0.9999999,0.887585237453075,0.3018932957789385,0.966659758110352,0.9241418199787566,0.1
994,1,1.0,1.0,0.23333333333333334,1.0,0.0,0.0,1.0,1.0,0.8822616283768351,0.2568630556403268,0.9952124579518058,0.9241418199787566,0.1
995,1,1.0,1.0,0.23333333333333334,1.0,0.0,0.0,1.0,1.0,0.8317391729791359,0.26668320506420456,0.9995709982075783,0.9241418199787566,0.1
996,1,1.0,1.0,0.25,1.0,0.0,0.0,1.0,1.0,0.8869721432717951,0.27145003786401956,0.9951118454806464,0.9241418199787566,0.1
997,1,1.0,0.9666666666666667,0.21666666666666667,1.0,0.0,0.0,1.0,1.0,0.8370935501776616,0.24860718804010024,0.9995350296760525,0.9241418199787566,0.1
998,1,1.0,1.0,0.2833333333333333,1.0,0.0,0.0,1.0,1.0,0.857861202355484,0.31296764718906483,0.8115226939651581,0.9241418199787566,0.1
999,1,1.0,1.0,0.31666666666666665,1.0,0.0,0.0,1.0,1.0,0.8433025522095825,0.3313549187707457,0.9394059938535574,0.9241418199787566,0.1
1000,1,1.0,1.0,0.25,1.0,0.0,0.0,1.0,1.0,0.8384588616959062,0.28782679186903554,0.9989975649039395,0.9241418199787566,0.1
1001,1,1.0,1.0,0.23333333333333334,1.0,0.0,0.0,1.0,0.9999999,0.8452609115292667,0.26674140662499723,0.9992660901265609,0.9241418199787566,0.1
1002,1,1.0,1.0,0.35,1.0,0.0,0.0,1.0,0.9998857,0.8571992920675525,0.3573463515149305,0.9692247077662743,0.9241418199787566,0.1
1003,1,1.0,1.0,0.2,1.0,0.0,0.0,1.0,0.9999999,0.8679428773712521,0.24266860044849292,0.9989009328289613,0.9241418199787566,0.1
1004,1,1.0,1.0,0.18333333333333332,1.0,0.0,0.0,1.0,1.0,0.855342004146644,0.22496292886129773,0.9976477622314479,0.9241418199787566,0.1
1005,1,1.0,1.0,0.2833333333333333,1.0,0.0,0.0,1.0,1.0,0.8738542426211339,0.29988059544247925,0.9989623870422916,0.9241418199787566,0.1
1006,1,1.0,0.9833333333333333,0.21666666666666667,1.0,0.0,0.0,1.0,1.0,0.8005724149423489,0.25662807410914507,0.9965971201429977,0.9241418199787566,0.1
1007,1,1.0,1.0,0.3333333333333333,1.0,0.0,0.0,1.0,0.9999987,0.8176060240592122,0.34515157154703585,0.9293554773292119,0.9241418199787566,0.1
