win_idx,label,acc_v,acc_m,acc_u,acc_mv,acc_ds_eq,acc_ds_static,acc_ours,P_v,P_m,P_u,w_v,w_m,w_u
0,0,1.0,0.0,0.7333333333333333,1.0,0.0,0.0,1.0,2.2862873e-11,0.9999999982232303,0.2286861761148345,0.9981243980711986,0.9820137900379085,0.3775406687981454
1,0,1.0,0.016666666666666666,0.8333333333333334,1.0,0.0,0.0,1.0,6.63057e-08,0.9726953940378927,0.163363542974592,0.9989697674119054,0.9820137900379085,0.3775406687981454
2,0,1.0,0.06666666666666667,0.65,1.0,0.0,0.0,1.0,0.101996884,0.8459327503564962,0.293328948291841,0.9949203724076301,0.9820137900379085,0.3775406687981454
3,0,1.0,0.15,0.65,1.0,0.0,0.0,1.0,5.204584e-07,0.7822889712416005,0.284501575286439,0.995089026466219,0.9820137900379085,0.3775406687981454
4,0,1.0,0.11666666666666667,0.7833333333333333,1.0,0.0,0.0,1.0,1.002682e-14,0.7546057565398463,0.19017702053816052,0.997773604373335,0.9820137900379085,0.3775406687981454
5,0,1.0,0.1,0.65,1.0,0.0,0.0,1.0,1.9297019e-08,0.8110874237884734,0.2977055775519473,0.9976896137688731,0.9820137900379085,0.3775406687981454
6,0,1.0,0.2,0.7166666666666667,1.0,0.0,0.0,1.0,9.443865e-11,0.7246789825145564,0.22783313760710522,0.9990053344884574,0.9820137900379085,0.3775406687981454
7,0,1.0,0.21666666666666667,0.6333333333333333,1.0,0.0,0.0,1.0,1.2128203e-07,0.7107853197883462,0.29292005889406636,0.9938498234649357,0.9820137900379085,0.3775406687981454
8,0,1.0,0.15,0.65,1.0,0.0,0.0,1.0,6.0320206e-13,0.7679170207128495,0.26869846795805086,0.9992228857414609,0.9820137900379085,0.3775406687981454
9,0,1.0,0.21666666666666667,0.7333333333333333,1.0,0.0,0.0,1.0,4.3131754e-10,0.7228587170304859,0.22670964078413913,0.9999629775814081,0.9820137900379085,0.3775406687981454
10,0,1.0,0.23333333333333334,0.7,1.0,0.0,0.0,1.0,2.9420555e-09,0.7242051469515651,0.2582920914825789,0.9975517672615839,0.9820137900379085,0.3775406687981454
11,0,1.0,0.13333333333333333,0.65,1.0,0.0,0.0,1.0,1.0130706e-10,0.7489887250613918,0.27860806374168673,0.9210911024844174,0.9820137900379085,0.3775406687981454
12,0,1.0,0.21666666666666667,0.8,1.0,0.0,0.0,1.0,5.0328166e-12,0.6816035062931118,0.1885678263557571,0.9971366053115113,0.9820137900379085,0.3775406687981454
13,0,1.0,0.18333333333333332,0.7,1.0,0.0,0.0,1.0,1.5228636e-06,0.6704907224917547,0.2601836516041788,0.9944773913507834,0.9820137900379085,0.3775406687981454
14,0,1.0,0.23333333333333334,0.7666666666666667,1.0,0.0,0.0,1.0,0.00046512013,0.6866470576304462,0.20939062059262045,0.9962567110645182,0.9820137900379085,0.3775406687981454
15,0,1.0,0.13333333333333333,0.75,1.0,0.0,0.0,1.0,2.4379879e-05,0.7626167155131577,0.21842535304441726,0.863349830276401,0.9820137900379085,0.3775406687981454
16,0,0.0,0.25,0.5833333333333334,0.0,0.0,0.0,0.0,0.9470502,0.7082710036589942,0.3244580849041673,0.9969701184351536,0.9820137900379085,0.3775406687981454
17,0,1.0,0.2,0.7666666666666667,1.0,0.0,0.0,1.0,1.5845124e-09,0.7240161136031776,0.20916409362243712,0.9977643406632561,0.9820137900379085,0.3775406687981454
18,0,1.0,0.25,0.7,1.0,0.0,0.0,1.0,7.123883e-12,0.6803498078252844,0.2520914758945769,0.9384416007177884,0.9820137900379085,0.3775406687981454
19,0,1.0,0.18333333333333332,0.8,1.0,0.0,0.0,1.0,8.930678e-13,0.7360265334003824,0.1839342306408798,0.9992624191965659,0.9820137900379085,0.3775406687981454
20,0,1.0,0.13333333333333333,0.6666666666666666,1.0,0.0,0.0,1.0,3.0287807e-11,0.7573830189363331,0.27196291603505335,0.9987269915114377,0.9820137900379085,0.3775406687981454
21,0,1.0,0.25,0.8166666666666667,1.0,0.0,0.0,1.0,2.17858e-11,0.7003640577206856,0.16179598711479343,0.6124602581392218,0.9820137900379085,0.3775406687981454
22,0,1.0,0.21666666666666667,0.75,1.0,0.0,0.0,1.0,0.0009685895,0.7267005275718826,0.2072030266153235,0.9940552882031537,0.9820137900379085,0.3775406687981454
23,0,1.0,0.21666666666666667,0.7166666666666667,1.0,0.0,0.0,1.0,8.056608e-11,0.7428497018620832,0.22990545867332257,0.9998727171931,0.9820137900379085,0.3775406687981454
24,0,1.0,0.13333333333333333,0.6833333333333333,1.0,0.0,0.0,1.0,5.209144e-11,0.7836988962891487,0.2536310057471815,0.9989851702585082,0.9820137900379085,0.3775406687981454
25,0,1.0,0.15,0.7,1.0,0.0,0.0,1.0,0.0007418377,0.7976853765567479,0.24747005183802137,0.9979096703880043,0.9820137900379085,0.3775406687981454
26,0,1.0,0.1,0.7,1.0,0.0,0.0,1.0,1.4350312e-12,0.7849326107658593,0.24845153372353837,0.9995000491186564,0.9820137900379085,0.3775406687981454
27,0,1.0,0.18333333333333332,0.5666666666666667,1.0,0.0,0.0,1.0,7.574262e-14,0.7577221761970951,0.3472449592883553,0.8686148210154644,0.9820137900379085,0.3775406687981454
28,0,1.0,0.2833333333333333,0.6166666666666667,1.0,0.0,0.0,1.0,1.4350312e-12,0.6697423911697203,0.31085240444586176,0.9995000491186564,0.9820137900379085,0.3775406687981454
29,0,1.0,0.21666666666666667,0.65,1.0,0.0,0.0,1.0,7.380884e-08,0.6818368960176424,0.29292632950250047,0.9886473111650002,0.9820137900379085,0.3775406687981454
30,0,1.0,0.21666666666666667,0.65,1.0,0.0,0.0,1.0,3.1385766e-13,0.7249651642790168,0.2960660435956741,0.9999645322527106,0.9820137900379085,0.3775406687981454
31,0,1.0,0.21666666666666667,0.7666666666666667,1.0,0.0,0.0,1.0,0.000121736295,0.7189486796841763,0.19807399836670472,0.9417203491157764,0.9820137900379085,0.3775406687981454
32,0,1.0,0.16666666666666666,0.7,1.0,0.0,0.0,1.0,5.4541138e-06,0.7725705560801647,0.2532495489215728,0.9561866473815563,0.9820137900379085,0.3775406687981454
33,0,1.0,0.11666666666666667,0.6333333333333333,1.0,0.0,0.0,1.0,2.5808145e-05,0.7666808375817846,0.29475942569260166,0.8402784878844853,0.9820137900379085,0.3775406687981454
34,0,1.0,0.25,0.75,1.0,0.0,0.0,1.0,7.100475e-07,0.6521975097507343,0.22626255761574326,0.9787355161457602,0.9820137900379085,0.3775406687981454
35,0,1.0,0.36666666666666664,0.75,1.0,0.0,0.0,1.0,1.0330953e-13,0.7507052753388649,0.3348103457698673,0.9944626925641986,0.9820137900379085,0.3775406687981454
36,1,1.0,1.0,0.6666666666666666,1.0,1.0,1.0,1.0,1.0,0.999999999999954,0.6400882464582345,0.9409100867230761,0.9820137900379085,0.3775406687981454
37,1,1.0,1.0,0.7666666666666667,1.0,1.0,1.0,1.0,1.0,0.9999999999989385,0.7468154969347843,0.9981522710939138,0.9820137900379085,0.3775406687981454
38,1,1.0,1.0,0.7166666666666667,1.0,1.0,1.0,1.0,1.0,0.9999999999999699,0.6928330904189817,0.8974429012862986,0.9820137900379085,0.3775406687981454
39,1,1.0,1.0,0.7666666666666667,1.0,1.0,1.0,1.0,1.0,0.9999999999998951,0.744379659244675,0.9072925059983022,0.9820137900379085,0.3775406687981454
40,1,1.0,1.0,0.7166666666666667,1.0,1.0,1.0,1.0,0.99999845,0.9999999999999687,0.6857335022847525,0.9990832502990729,0.9820137900379085,0.3775406687981454
41,1,1.0,1.0,0.7333333333333333,1.0,1.0,1.0,1.0,1.0,0.99999999999997,0.688083132972501,0.9503783446684738,0.9820137900379085,0.3775406687981454
42,1,1.0,1.0,0.75,1.0,1.0,1.0,1.0,0.99956864,0.99999999999997,0.7069890783860576,0.9800274578894133,0.9820137900379085,0.3775406687981454
43,1,1.0,1.0,0.65,1.0,1.0,1.0,1.0,0.9866621,0.999999999999861,0.6200897246979958,0.996356961904783,0.9820137900379085,0.3775406687981454
44,1,1.0,1.0,0.6833333333333333,1.0,1.0,1.0,1.0,0.9344753,0.99999999999997,0.6589135992257458,0.9994521146853734,0.9820137900379085,0.3775406687981454
45,1,1.0,1.0,0.7333333333333333,1.0,1.0,1.0,1.0,1.0,0.99999999999997,0.7278032043044057,0.9762129978175753,0.9820137900379085,0.3775406687981454
46,1,1.0,1.0,0.7666666666666667,1.0,1.0,1.0,1.0,1.0,0.9999999999999699,0.7472663261062755,0.9944629846456164,0.9820137900379085,0.3775406687981454
47,1,1.0,1.0,0.7833333333333333,1.0,1.0,1.0,1.0,1.0,0.99999999999997,0.7442511117491831,0.9993932485049729,0.9820137900379085,0.3775406687981454
48,1,1.0,1.0,0.8333333333333334,1.0,1.0,1.0,1.0,1.0,0.99999999999997,0.7981867066854924,0.9906087408078527,0.9820137900379085,0.3775406687981454
49,1,1.0,1.0,0.75,1.0,1.0,1.0,1.0,0.9999989,0.99999999999997,0.7009515697085696,0.9981671179996457,0.9820137900379085,0.3775406687981454
50,1,1.0,1.0,0.6333333333333333,1.0,1.0,1.0,1.0,1.0,0.9999999999999685,0.6349198768503987,0.9832106537164823,0.9820137900379085,0.3775406687981454
51,1,1.0,1.0,0.7,1.0,1.0,1.0,1.0,0.9999999,0.99999999999997,0.6832447128936692,0.8652812347798913,0.9820137900379085,0.3775406687981454
52,1,1.0,1.0,0.7333333333333333,1.0,1.0,1.0,1.0,0.99996686,0.9999999999999655,0.6881600919939532,0.9848579002532036,0.9820137900379085,0.3775406687981454
53,1,1.0,1.0,0.7666666666666667,1.0,1.0,1.0,1.0,1.0,0.9999999999999669,0.7482195246651031,0.9997872816964565,0.9820137900379085,0.3775406687981454
54,1,1.0,1.0,0.6333333333333333,1.0,1.0,1.0,1.0,0.9993352,0.9999999999999697,0.6297849884872581,0.9748739174979452,0.9820137900379085,0.3775406687981454
55,1,1.0,1.0,0.7,1.0,1.0,1.0,1.0,1.0,0.9999999999999389,0.6734721390731105,0.9995018187786445,0.9820137900379085,0.3775406687981454
56,1,1.0,1.0,0.7833333333333333,1.0,1.0,1.0,1.0,1.0,0.9999999999999688,0.7506222067475083,0.9171058313760776,0.9820137900379085,0.3775406687981454
57,1,1.0,1.0,0.65,1.0,1.0,1.0,1.0,0.99996245,0.9999999999999686,0.6370410313409136,0.9993071863799787,0.9820137900379085,0.3775406687981454
58,1,1.0,1.0,0.7333333333333333,1.0,1.0,1.0,1.0,0.9999869,0.9999999999995496,0.6888820516120331,0.9747160573614366,0.9820137900379085,0.3775406687981454
59,1,1.0,1.0,0.7333333333333333,1.0,1.0,1.0,1.0,0.99924254,0.9999999999999697,0.727657488784989,0.9985192374703561,0.9820137900379085,0.3775406687981454
60,1,1.0,1.0,0.7333333333333333,1.0,1.0,1.0,1.0,0.9999994,0.99999999999997,0.7128280973255201,0.9965733045388574,0.9820137900379085,0.3775406687981454
61,1,1.0,1.0,0.7166666666666667,1.0,1.0,1.0,1.0,1.0,0.9999999999999607,0.6824818274581902,0.9846660731489878,0.9820137900379085,0.3775406687981454
62,1,1.0,1.0,0.8333333333333334,1.0,1.0,1.0,1.0,1.0,0.9999999999999605,0.8058052173307487,0.4836659450397039,0.9820137900379085,0.3775406687981454
63,1,1.0,1.0,0.7666666666666667,1.0,1.0,1.0,1.0,0.9999317,0.9999999999999699,0.735825298109196,0.9991593409317873,0.9820137900379085,0.3775406687981454
64,1,1.0,1.0,0.75,1.0,1.0,1.0,1.0,0.9999982,0.99999999999997,0.7111000451177877,0.9761928213169195,0.9820137900379085,0.3775406687981454
65,1,1.0,1.0,0.7,1.0,1.0,1.0,1.0,1.0,0.99999999999997,0.6770844175759732,0.9980476927783568,0.9820137900379085,0.3775406687981454
66,1,1.0,1.0,0.6,1.0,1.0,1.0,1.0,0.9999945,0.9999999999999699,0.5922039219524932,0.7287134079460807,0.9820137900379085,0.3775406687981454
67,1,1.0,1.0,0.7166666666666667,1.0,1.0,1.0,1.0,0.9999995,0.99999999999997,0.7038454160839405,0.9616551689529641,0.9820137900379085,0.3775406687981454
68,1,1.0,1.0,0.75,1.0,1.0,1.0,1.0,0.99999976,0.9999999999999695,0.7355020568839504,0.9115710946153217,0.9820137900379085,0.3775406687981454
69,1,1.0,1.0,0.75,1.0,1.0,1.0,1.0,0.9951102,0.99999999999997,0.719251092433954,0.9998639121269547,0.9820137900379085,0.3775406687981454
70,1,1.0,1.0,0.6833333333333333,1.0,1.0,1.0,1.0,1.0,0.9999999999999578,0.6396443739511107,0.9368355682767364,0.9820137900379085,0.3775406687981454
71,1,1.0,1.0,0.6833333333333333,1.0,1.0,1.0,1.0,0.99999106,0.99999999999997,0.6529050470353782,0.9989421512251961,0.9820137900379085,0.3775406687981454
72,1,1.0,1.0,0.6833333333333333,1.0,1.0,1.0,1.0,1.0,0.9999999999999124,0.685784083064933,0.9987856151845251,0.9820137900379085,0.3775406687981454
73,1,1.0,1.0,0.6666666666666666,1.0,1.0,1.0,1.0,1.0,0.99999999999997,0.6482395554420681,0.9997803300375719,0.9820137900379085,0.3775406687981454
74,1,1.0,1.0,0.7333333333333333,1.0,1.0,1.0,1.0,1.0,0.999999999999967,0.6974404215268809,0.9601301543289079,0.9820137900379085,0.3775406687981454
75,1,1.0,1.0,0.8,1.0,1.0,1.0,1.0,1.0,0.99999999999997,0.7649167022872189,0.9995621995095887,0.9820137900379085,0.3775406687981454
76,1,1.0,1.0,0.65,1.0,1.0,1.0,1.0,1.0,0.9999999999999599,0.6414553399395442,0.9754186845194424,0.9820137900379085,0.3775406687981454
77,1,1.0,1.0,0.65,1.0,1.0,1.0,1.0,0.99999774,0.99999999999997,0.6347458817540698,0.9477928356614579,0.9820137900379085,0.3775406687981454
78,1,1.0,1.0,0.8166666666666667,1.0,1.0,1.0,1.0,0.99978083,0.9999999999999697,0.7875315668166271,0.9828918036425334,0.9820137900379085,0.3775406687981454
79,1,1.0,1.0,0.7666666666666667,1.0,1.0,1.0,1.0,1.0,0.9999999999998753,0.6929366897283933,0.9929601146612378,0.9820137900379085,0.3775406687981454
80,1,1.0,1.0,0.6,1.0,1.0,1.0,1.0,1.0,0.9999999999999685,0.6011250532074649,0.9906978050092029,0.9820137900379085,0.3775406687981454
81,1,1.0,1.0,0.7666666666666667,1.0,1.0,1.0,1.0,0.99999976,0.999999999999311,0.738189947945814,0.9703631330630295,0.9820137900379085,0.3775406687981454
82,1,1.0,1.0,0.7166666666666667,1.0,1.0,1.0,1.0,1.0,0.9999999999992507,0.6849989595342064,0.984560492979323,0.9820137900379085,0.3775406687981454
83,1,1.0,1.0,0.7333333333333333,1.0,1.0,1.0,1.0,1.0,0.9999999999999685,0.6953387574691053,0.999600625903462,0.9820137900379085,0.3775406687981454
84,1,1.0,1.0,0.65,1.0,1.0,1.0,1.0,0.9999993,0.9999999999999616,0.6119210040125309,0.9968474743923036,0.9820137900379085,0.3775406687981454
85,1,1.0,1.0,0.7166666666666667,1.0,1.0,1.0,1.0,0.9997571,0.99999999999997,0.6834271193148729,0.9276566667466671,0.9820137900379085,0.3775406687981454
86,1,1.0,1.0,0.7333333333333333,1.0,1.0,1.0,1.0,1.0,0.9999999999999006,0.6817459085193037,0.875600586281366,0.9820137900379085,0.3775406687981454
87,1,1.0,1.0,0.7333333333333333,1.0,1.0,1.0,1.0,1.0,0.99999999999997,0.7058577166792305,0.953540421649482,0.9820137900379085,0.3775406687981454
88,1,1.0,1.0,0.75,1.0,1.0,1.0,1.0,1.0,0.9999999999998975,0.722409695861877,0.9969257462309553,0.9820137900379085,0.3775406687981454
89,1,1.0,1.0,0.6833333333333333,1.0,1.0,1.0,1.0,1.0,0.99999999999997,0.6625800385543701,0.9996242969765596,0.9820137900379085,0.3775406687981454
90,1,1.0,1.0,0.8,1.0,1.0,1.0,1.0,0.98029023,0.99999999999997,0.7779380550659649,0.999864722282681,0.9820137900379085,0.3775406687981454
91,1,1.0,1.0,0.7666666666666667,1.0,1.0,1.0,1.0,0.99999964,0.9999999999999678,0.7168404485009279,0.9979356050469235,0.9820137900379085,0.3775406687981454
92,1,1.0,1.0,0.7333333333333333,1.0,1.0,1.0,1.0,0.99999976,0.9999999999999666,0.6953202306250575,0.9678897580837077,0.9820137900379085,0.3775406687981454
93,1,1.0,1.0,0.7666666666666667,1.0,1.0,1.0,1.0,1.0,0.99999999999997,0.7264080360948856,0.9947963100242637,0.9820137900379085,0.3775406687981454
94,1,1.0,1.0,0.7166666666666667,1.0,1.0,1.0,1.0,0.99909043,0.99999999999997,0.7020649813919595,0.9267641762667997,0.9820137900379085,0.3775406687981454
95,1,1.0,1.0,0.7666666666666667,1.0,1.0,1.0,1.0,1.0,0.99999999999997,0.7374573526024555,0.9915251274907846,0.9820137900379085,0.3775406687981454
96,1,1.0,1.0,0.75,1.0,1.0,1.0,1.0,1.0,0.99999999999997,0.7271404730952192,0.7411985141936639,0.9820137900379085,0.3775406687981454
97,1,1.0,1.0,0.8333333333333334,1.0,1.0,1.0,1.0,1.0,0.99999999999997,0.7850891642315804,0.9999164058215615,0.9820137900379085,0.3775406687981454
98,1,1.0,1.0,0.65,1.0,1.0,1.0,1.0,0.9999995,0.99999999999997,0.6131590120526652,0.9999389138708394,0.9820137900379085,0.3775406687981454
99,1,1.0,1.0,0.6833333333333333,1.0,1.0,1.0,1.0,0.99846715,0.99999999999997,0.6794381217088156,0.9563257710675098,0.9820137900379085,0.3775406687981454
100,1,1.0,1.0,0.75,1.0,1.0,1.0,1.0,1.0,0.99999999999997,0.7052194529396577,0.999202832985173,0.9820137900379085,0.3775406687981454
101,1,1.0,1.0,0.7,1.0,1.0,1.0,1.0,1.0,0.9999999999999692,0.6745915320394718,0.9889897313430621,0.9820137900379085,0.3775406687981454
102,1,1.0,1.0,0.7333333333333333,1.0,1.0,1.0,1.0,1.0,0.999999999999958,0.6973927459669701,0.9656694825543433,0.9820137900379085,0.3775406687981454
103,1,1.0,1.0,0.65,1.0,1.0,1.0,1.0,1.0,0.9999999999999695,0.6226752898856476,0.9716732917171034,0.9820137900379085,0.3775406687981454
104,1,1.0,1.0,0.7833333333333333,1.0,1.0,1.0,1.0,1.0,0.9999999999999601,0.7627987385806898,0.963983334901068,0.9820137900379085,0.3775406687981454
105,1,1.0,1.0,0.7666666666666667,1.0,1.0,1.0,1.0,1.0,0.99999999999997,0.7197399670494987,0.993185255462296,0.9820137900379085,0.3775406687981454
106,1,1.0,0.9166666666666666,0.7,1.0,1.0,1.0,1.0,0.99999917,0.9986502529712505,0.6326181748427159,0.9228025361256935,0.9820137900379085,0.3775406687981454
107,1,1.0,1.0,0.8166666666666667,1.0,1.0,1.0,1.0,0.9999999,0.9999999999999242,0.7756396061085572,0.966659758110352,0.9820137900379085,0.3775406687981454
108,1,1.0,1.0,0.75,1.0,1.0,1.0,1.0,0.99942786,0.9999999999998324,0.7217665208749036,0.7877955703325484,0.9820137900379085,0.3775406687981454
109,1,1.0,1.0,0.75,1.0,1.0,1.0,1.0,1.0,0.9999999999941022,0.7405250016902877,0.9754404107408607,0.9820137900379085,0.3775406687981454
110,1,1.0,1.0,0.7666666666666667,1.0,1.0,1.0,1.0,0.99592495,0.9999999999972126,0.7466196947401625,0.9558494990785062,0.9820137900379085,0.3775406687981454
111,1,1.0,1.0,0.75,1.0,1.0,1.0,1.0,0.99950445,0.9999999996415803,0.7310143849320405,0.9977927047320769,0.9820137900379085,0.3775406687981454
112,1,1.0,1.0,0.7666666666666667,1.0,1.0,1.0,1.0,1.0,0.9999999994333741,0.7402510732960788,0.9976547150661391,0.9820137900379085,0.3775406687981454
113,1,1.0,1.0,0.6,1.0,1.0,1.0,1.0,1.0,0.9999999998336653,0.5941823001789264,0.999928678261195,0.9820137900379085,0.3775406687981454
114,1,1.0,1.0,0.7,1.0,1.0,1.0,1.0,1.0,0.9999999966674087,0.6856361091560944,0.9443634466745817,0.9820137900379085,0.3775406687981454
115,1,1.0,1.0,0.7666666666666667,1.0,1.0,1.0,1.0,0.99999964,0.9999999908330799,0.749316242186959,0.9979356050469235,0.9820137900379085,0.3775406687981454
116,1,1.0,1.0,0.7666666666666667,1.0,1.0,1.0,1.0,1.0,0.999999996546215,0.7480455165605097,0.9475763399486578,0.9820137900379085,0.3775406687981454
117,1,1.0,1.0,0.7,1.0,1.0,1.0,1.0,1.0,0.9999999995828479,0.6836654214031798,0.9994110274828056,0.9820137900379085,0.3775406687981454
118,1,1.0,1.0,0.9333333333333333,1.0,1.0,1.0,1.0,1.0,0.9999999992414454,0.87849702496396,0.8850734091184727,0.9820137900379085,0.3775406687981454
119,1,1.0,1.0,0.75,1.0,1.0,1.0,1.0,1.0,0.9999999999369471,0.7319929870200312,0.9985117554357643,0.9820137900379085,0.3775406687981454
120,1,1.0,1.0,0.6833333333333333,1.0,1.0,1.0,1.0,0.9989341,0.9999999875937485,0.6599368249521186,0.9603515077435356,0.9820137900379085,0.3775406687981454
121,1,1.0,1.0,0.7833333333333333,1.0,1.0,1.0,1.0,0.9999999,0.9999999992175409,0.75274956249183,0.9957479829237773,0.9820137900379085,0.3775406687981454
122,1,1.0,1.0,0.6833333333333333,1.0,1.0,1.0,1.0,1.0,0.9999999998803868,0.6674076198429428,0.9951480158457396,0.9820137900379085,0.3775406687981454
123,1,1.0,1.0,0.7833333333333333,1.0,1.0,1.0,1.0,0.99999976,0.9999999991832489,0.7561564688869986,0.9331994255903383,0.9820137900379085,0.3775406687981454
124,1,1.0,1.0,0.65,1.0,1.0,1.0,1.0,1.0,0.9999999984518195,0.6396129122339194,0.9997811453437497,0.9820137900379085,0.3775406687981454
125,1,1.0,1.0,0.6166666666666667,1.0,1.0,1.0,1.0,0.99999964,0.9999999981728582,0.614543317628897,0.9941832740151826,0.9820137900379085,0.3775406687981454
126,1,1.0,1.0,0.7,1.0,1.0,1.0,1.0,1.0,0.9999999992890171,0.6785109967062386,0.9999360260415421,0.9820137900379085,0.3775406687981454
127,1,1.0,1.0,0.6333333333333333,1.0,1.0,1.0,1.0,1.0,0.9999999948048438,0.6144561228680884,0.9603330174197002,0.9820137900379085,0.3775406687981454
128,1,1.0,1.0,0.65,1.0,1.0,1.0,1.0,1.0,0.999999996383885,0.6365308676518887,0.9982457461874501,0.9820137900379085,0.3775406687981454
129,1,1.0,0.7666666666666667,0.65,1.0,1.0,1.0,1.0,1.0,0.9990955254064302,0.5798034801111133,0.9487468089478669,0.9820137900379085,0.3775406687981454
130,0,1.0,0.06666666666666667,0.7,1.0,0.0,0.0,1.0,4.050611e-13,0.8885962175205523,0.2518516800708199,0.9999738674658801,0.9820137900379085,0.3775406687981454
131,0,1.0,0.11666666666666667,0.7166666666666667,1.0,0.0,0.0,1.0,2.6567138e-13,0.7872424243982579,0.2298328051072596,0.9994991133216428,0.9820137900379085,0.3775406687981454
132,0,1.0,0.13333333333333333,0.7333333333333333,1.0,0.0,0.0,1.0,1.3793542e-11,0.7407325888536128,0.23177179339962034,0.8499248324913039,0.9820137900379085,0.3775406687981454
133,0,1.0,0.13333333333333333,0.7,1.0,0.0,0.0,1.0,5.774127e-07,0.7662268144998199,0.2622520813519441,0.7392579426704788,0.9820137900379085,0.3775406687981454
134,0,1.0,0.2833333333333333,0.7666666666666667,1.0,0.0,0.0,1.0,1.2289132e-09,0.6706118240733712,0.1941975072957059,0.9988158786655417,0.9820137900379085,0.3775406687981454
135,0,1.0,0.18333333333333332,0.7666666666666667,1.0,0.0,0.0,1.0,3.1021405e-05,0.7340767580337523,0.20314021634357934,0.992244658712494,0.9820137900379085,0.3775406687981454
136,0,1.0,0.2,0.6666666666666666,1.0,0.0,0.0,1.0,8.0980866e-10,0.7339312027872315,0.27102527183709607,0.9993301334590823,0.9820137900379085,0.3775406687981454
137,0,1.0,0.18333333333333332,0.75,1.0,0.0,0.0,1.0,6.630535e-15,0.7546581068545756,0.21469903748295574,0.9991791073955166,0.9820137900379085,0.3775406687981454
138,0,1.0,0.2833333333333333,0.7166666666666667,1.0,0.0,0.0,1.0,5.268885e-09,0.6827625782738136,0.23841707230175804,0.9982910769361257,0.9820137900379085,0.3775406687981454
139,0,1.0,0.18333333333333332,0.75,1.0,0.0,0.0,1.0,2.8691318e-13,0.7280176462521055,0.20907115523215394,0.9994399434270754,0.9820137900379085,0.3775406687981454
140,0,1.0,0.26666666666666666,0.6833333333333333,1.0,0.0,0.0,1.0,0.00064226025,0.7024820016194787,0.2837244142672054,0.9870152396532511,0.9820137900379085,0.3775406687981454
141,0,1.0,0.15,0.8166666666666667,1.0,0.0,0.0,1.0,9.4489917e-07,0.7760786738736164,0.1710997861380617,0.9963815096452862,0.9820137900379085,0.3775406687981454
142,0,1.0,0.23333333333333334,0.7,1.0,0.0,0.0,1.0,6.5322037e-13,0.6912127647324441,0.238371841089144,0.9890808243106946,0.9820137900379085,0.3775406687981454
143,0,1.0,0.18333333333333332,0.6666666666666666,1.0,0.0,0.0,1.0,1.9147617e-08,0.7563092477135457,0.2892964047692804,0.9973191904244734,0.9820137900379085,0.3775406687981454
144,0,1.0,0.26666666666666666,0.7,1.0,0.0,0.0,1.0,5.0837592e-05,0.6898032362976856,0.24970186118630106,0.9984385426576589,0.9820137900379085,0.3775406687981454
145,0,1.0,0.3,0.8166666666666667,1.0,0.0,0.0,1.0,4.784603e-15,0.7065587711715473,0.18062539748808631,0.9143710327642477,0.9820137900379085,0.3775406687981454
146,0,1.0,0.13333333333333333,0.6166666666666667,1.0,0.0,0.0,1.0,9.515115e-12,0.7697459758690923,0.3070287573561096,0.9973373582263169,0.9820137900379085,0.3775406687981454
147,0,1.0,0.15,0.6833333333333333,1.0,0.0,0.0,1.0,0.016915737,0.773290730252463,0.27602539023825867,0.9758933953255655,0.9820137900379085,0.3775406687981454
148,0,1.0,0.13333333333333333,0.7666666666666667,1.0,0.0,0.0,1.0,9.94372e-06,0.7810005705675462,0.2158348884488534,0.998877520952323,0.9820137900379085,0.3775406687981454
149,0,1.0,0.11666666666666667,0.6833333333333333,1.0,0.0,0.0,1.0,4.5217034e-14,0.7811556978957471,0.23838811617751762,0.997224489022312,0.9820137900379085,0.3775406687981454
150,0,1.0,0.11666666666666667,0.8,1.0,0.0,0.0,1.0,2.8237964e-11,0.7892245147425513,0.173451031465578,0.9987014944203892,0.9820137900379085,0.3775406687981454
151,0,1.0,0.21666666666666667,0.65,1.0,0.0,0.0,1.0,0.16844767,0.7205063940574038,0.28733364783500687,0.9520628237659403,0.9820137900379085,0.3775406687981454
152,0,1.0,0.16666666666666666,0.6666666666666666,1.0,0.0,0.0,1.0,0.0012759393,0.7336643057325729,0.2860868799404053,0.999319881900865,0.9820137900379085,0.3775406687981454
153,0,1.0,0.26666666666666666,0.7833333333333333,1.0,0.0,0.0,1.0,5.5916747e-12,0.6932557538956652,0.1805732791160893,0.9999113816733988,0.9820137900379085,0.3775406687981454
154,0,1.0,0.25,0.6833333333333333,1.0,0.0,0.0,1.0,3.5195757e-12,0.7079660611548401,0.2652551000636374,0.9975957472701144,0.9820137900379085,0.3775406687981454
155,0,1.0,0.18333333333333332,0.6666666666666666,1.0,0.0,0.0,1.0,1.5368566e-11,0.7463177205669392,0.2788091134114572,0.8699291426676556,0.9820137900379085,0.3775406687981454
156,0,1.0,0.23333333333333334,0.8,1.0,0.0,0.0,1.0,0.37659,0.6884867289719616,0.181476474354963,0.9988807379930776,0.9820137900379085,0.3775406687981454
157,0,1.0,0.1,0.6,1.0,0.0,0.0,1.0,0.0006862862,0.7783620954305392,0.33232927073032015,0.9986341265297964,0.9820137900379085,0.3775406687981454
158,0,1.0,0.15,0.7,1.0,0.0,0.0,1.0,2.5177649e-06,0.7833235101534858,0.24604539428313402,0.9985912499119581,0.9820137900379085,0.3775406687981454
159,0,1.0,0.1,0.75,1.0,0.0,0.0,1.0,1.9998965e-09,0.8033122155452315,0.20769589739864094,0.9352307642550253,0.9820137900379085,0.3775406687981454
160,0,1.0,0.16666666666666666,0.7,1.0,0.0,0.0,1.0,9.43027e-12,0.7335413225532111,0.2440521988221947,0.9993141221603339,0.9820137900379085,0.3775406687981454
161,0,1.0,0.18333333333333332,0.7833333333333333,1.0,0.0,0.0,1.0,0.00013616924,0.7448582457110227,0.1971656488086869,0.9965751714933145,0.9820137900379085,0.3775406687981454
162,0,1.0,0.16666666666666666,0.75,1.0,0.0,0.0,1.0,0.0007418377,0.7468129960044282,0.22040450112095486,0.9979096703880043,0.9820137900379085,0.3775406687981454
163,0,1.0,0.11666666666666667,0.7166666666666667,1.0,0.0,0.0,1.0,2.9293648e-18,0.7748396164641506,0.24589732849074847,0.668633499333044,0.9820137900379085,0.3775406687981454
164,0,1.0,0.13333333333333333,0.7166666666666667,1.0,0.0,0.0,1.0,2.4823036e-08,0.7643564523834455,0.23004238761951318,0.9963290747042799,0.9820137900379085,0.3775406687981454
165,0,0.0,0.16666666666666666,0.7666666666666667,0.0,0.0,0.0,0.0,0.97912997,0.7174616230498938,0.21823585980095325,0.9998045088193734,0.9820137900379085,0.3775406687981454
166,0,1.0,0.16666666666666666,0.7666666666666667,1.0,0.0,0.0,1.0,1.2561942e-11,0.7462507000746972,0.2044525807405119,0.9999084199867683,0.9820137900379085,0.3775406687981454
167,0,1.0,0.26666666666666666,0.7833333333333333,1.0,0.0,0.0,1.0,1.5565705e-09,0.6951243896915947,0.18485488816611945,0.8844975245441904,0.9820137900379085,0.3775406687981454
168,0,1.0,0.11666666666666667,0.7,1.0,0.0,0.0,1.0,4.784352e-13,0.7676139428306309,0.2647181762964667,0.9984631733179636,0.9820137900379085,0.3775406687981454
169,0,1.0,0.16666666666666666,0.7,1.0,0.0,0.0,1.0,0.0031911237,0.7463578691741241,0.24334499640274998,0.9991284526583184,0.9820137900379085,0.3775406687981454
170,0,1.0,0.23333333333333334,0.65,1.0,0.0,0.0,1.0,0.0006641193,0.7095315360221822,0.2945783659816434,0.9998699378951041,0.9820137900379085,0.3775406687981454
171,0,1.0,0.11666666666666667,0.8166666666666667,1.0,0.0,0.0,1.0,2.7918673e-05,0.7646051427609548,0.17490330565250678,0.9573858508439491,0.9820137900379085,0.3775406687981454
172,0,1.0,0.2,0.7,1.0,0.0,0.0,1.0,9.515115e-12,0.7156277241637088,0.25198997072128965,0.9973373582263169,0.9820137900379085,0.3775406687981454
173,0,1.0,0.23333333333333334,0.65,1.0,0.0,0.0,1.0,0.00031074145,0.7022051226348339,0.28065025323222054,0.960972043234266,0.9820137900379085,0.3775406687981454
174,0,1.0,0.15,0.7166666666666667,1.0,0.0,0.0,1.0,2.2928418e-07,0.7615757266791198,0.23263732098776074,0.9996198764446078,0.9820137900379085,0.3775406687981454
175,0,1.0,0.15,0.8,1.0,0.0,0.0,1.0,4.3170695e-17,0.7305892309800268,0.17238496721600022,0.9995796105850737,0.9820137900379085,0.3775406687981454
176,1,1.0,0.9166666666666666,0.7833333333333333,1.0,1.0,1.0,1.0,0.9999987,0.9691969874259241,0.7084568650433063,0.9293554773292119,0.9820137900379085,0.3775406687981454
177,1,1.0,1.0,0.8,1.0,1.0,1.0,1.0,1.0,0.9999999999835893,0.7718144482774387,0.9171058313760776,0.9820137900379085,0.3775406687981454
178,1,1.0,1.0,0.7666666666666667,1.0,1.0,1.0,1.0,1.0,0.9999999999999462,0.7480387874504262,0.9940818748120316,0.9820137900379085,0.3775406687981454
179,1,1.0,1.0,0.7833333333333333,1.0,1.0,1.0,1.0,1.0,0.9999999999997374,0.7738667700705768,0.998890403927713,0.9820137900379085,0.3775406687981454
180,1,1.0,1.0,0.6333333333333333,1.0,1.0,1.0,1.0,0.9999869,0.9999999999999692,0.6350317437733376,0.9747160573614366,0.9820137900379085,0.3775406687981454
181,1,1.0,1.0,0.8,1.0,1.0,1.0,1.0,0.99999976,0.99999999999997,0.7878102917127539,0.9929735373418466,0.9820137900379085,0.3775406687981454
182,1,1.0,1.0,0.7,1.0,1.0,1.0,1.0,0.9999981,0.9999999999999264,0.7085856028437385,0.7108218047522769,0.9820137900379085,0.3775406687981454
183,1,1.0,1.0,0.6666666666666666,1.0,1.0,1.0,1.0,1.0,0.9999999999999678,0.6644051366736828,0.9989623870422916,0.9820137900379085,0.3775406687981454
184,1,1.0,1.0,0.6833333333333333,1.0,1.0,1.0,1.0,0.99999475,0.9999999999999685,0.6904965976878594,0.9992269546581408,0.9820137900379085,0.3775406687981454
185,1,1.0,1.0,0.6833333333333333,1.0,0.0,0.0,1.0,0.642584,0.9999999999999648,0.6834657694184301,0.9998852817449227,0.9820137900379085,0.3775406687981454
186,1,1.0,1.0,0.6666666666666666,1.0,1.0,1.0,1.0,1.0,0.99999999999997,0.6729336428420581,0.971166159596237,0.9820137900379085,0.3775406687981454
187,1,1.0,1.0,0.7833333333333333,1.0,1.0,1.0,1.0,1.0,0.9999999999999697,0.7743864626605528,0.9993338303467438,0.9820137900379085,0.3775406687981454
188,1,1.0,1.0,0.8333333333333334,1.0,1.0,1.0,1.0,0.9999993,0.9999999999999564,0.8072222919218437,0.9968474743923036,0.9820137900379085,0.3775406687981454
189,1,1.0,1.0,0.8166666666666667,1.0,1.0,1.0,1.0,1.0,0.9999999999991919,0.7996438425680562,0.9487468089478669,0.9820137900379085,0.3775406687981454
190,1,1.0,1.0,0.75,1.0,1.0,1.0,1.0,1.0,0.9999999999944428,0.7469424486609704,0.9980476927783568,0.9820137900379085,0.3775406687981454
191,1,1.0,1.0,0.7666666666666667,1.0,1.0,1.0,1.0,0.9999976,0.9999999999991871,0.7505723900413112,0.9997428013212655,0.9820137900379085,0.3775406687981454
192,1,1.0,1.0,0.8,1.0,1.0,1.0,1.0,0.9999999,0.9999999999994257,0.7953862595996524,0.9997413079897652,0.9820137900379085,0.3775406687981454
193,1,1.0,1.0,0.6666666666666666,1.0,1.0,1.0,1.0,0.9909061,0.99999999999997,0.6709224184287333,0.9989980071378569,0.9820137900379085,0.3775406687981454
194,1,1.0,1.0,0.7333333333333333,1.0,1.0,1.0,1.0,1.0,0.99999999999997,0.7241568121571863,0.9966008837952709,0.9820137900379085,0.3775406687981454
195,1,1.0,1.0,0.6833333333333333,1.0,1.0,1.0,1.0,0.9998857,0.99999999999997,0.688516481534078,0.9692247077662743,0.9820137900379085,0.3775406687981454
196,1,1.0,1.0,0.7333333333333333,1.0,1.0,1.0,1.0,0.99999845,0.9999999999999576,0.7189585106162466,0.5195717636233617,0.9820137900379085,0.3775406687981454
197,1,1.0,1.0,0.75,1.0,1.0,1.0,1.0,0.9993013,0.9999999999998728,0.7357864344876458,0.9912138629047057,0.9820137900379085,0.3775406687981454
198,1,1.0,1.0,0.8166666666666667,1.0,1.0,1.0,1.0,1.0,0.9999999999999699,0.790735510190916,0.9985578647082707,0.9820137900379085,0.3775406687981454
199,1,1.0,1.0,0.6166666666666667,1.0,1.0,1.0,1.0,1.0,0.9999999999843655,0.6210433292526165,0.9984353243348273,0.9820137900379085,0.3775406687981454
200,1,1.0,1.0,0.7333333333333333,1.0,1.0,1.0,1.0,1.0,0.99999999999997,0.7414213634448453,0.998599409514803,0.9820137900379085,0.3775406687981454
201,1,1.0,1.0,0.6666666666666666,1.0,1.0,1.0,1.0,1.0,0.9999999999999661,0.6731097090337259,0.9968664517822112,0.9820137900379085,0.3775406687981454
202,1,1.0,1.0,0.6833333333333333,1.0,1.0,1.0,1.0,1.0,0.99999999999997,0.688040314359536,0.9987920602955351,0.9820137900379085,0.3775406687981454
203,1,1.0,1.0,0.8,1.0,1.0,1.0,1.0,1.0,0.9999999999999692,0.7763031230491749,0.9909717609961073,0.9820137900379085,0.3775406687981454
204,1,1.0,1.0,0.7,1.0,1.0,1.0,1.0,0.94998187,0.9999999999957406,0.6886107467793499,0.9776177002934631,0.9820137900379085,0.3775406687981454
205,1,1.0,1.0,0.65,1.0,1.0,1.0,1.0,1.0,0.9999999999938777,0.6498540566431131,0.9830470668189278,0.9820137900379085,0.3775406687981454
206,1,1.0,1.0,0.65,1.0,1.0,1.0,1.0,1.0,0.9999999999999406,0.6608015217991938,0.9297516384348616,0.9820137900379085,0.3775406687981454
207,1,1.0,1.0,0.7,1.0,1.0,1.0,1.0,1.0,0.99999999999997,0.7047081775663278,0.5901043565318504,0.9820137900379085,0.3775406687981454
208,1,1.0,1.0,0.8833333333333333,1.0,1.0,1.0,1.0,1.0,0.9999999999999695,0.8734638966093204,0.9553544289531872,0.9820137900379085,0.3775406687981454
209,1,1.0,1.0,0.7333333333333333,1.0,1.0,1.0,1.0,1.0,0.9999999999999157,0.7303532761193169,0.9993075318279533,0.9820137900379085,0.3775406687981454
210,1,1.0,1.0,0.6,1.0,1.0,1.0,1.0,1.0,0.99999999999997,0.6107395744865723,0.997173786055667,0.9820137900379085,0.3775406687981454
211,1,1.0,0.95,0.7833333333333333,1.0,1.0,1.0,1.0,0.85659516,0.9990223526527939,0.7301546029308521,0.9817572460242391,0.9820137900379085,0.3775406687981454
212,0,1.0,0.11666666666666667,0.8333333333333334,1.0,0.0,0.0,1.0,7.163513e-10,0.8274718158840255,0.15884238647730756,0.9985609462823445,0.9820137900379085,0.3775406687981454
213,0,1.0,0.15,0.85,1.0,0.0,0.0,1.0,0.0055280486,0.7605575737505041,0.13964416442209265,0.9982297915357343,0.9820137900379085,0.3775406687981454
214,0,1.0,0.18333333333333332,0.7,1.0,0.0,0.0,1.0,8.560347e-11,0.7414656343880248,0.25331947824828854,0.9999322350094166,0.9820137900379085,0.3775406687981454
215,0,1.0,0.21666666666666667,0.75,1.0,0.0,0.0,1.0,7.42085e-11,0.7073734188740755,0.22658323071387632,0.9958929584115345,0.9820137900379085,0.3775406687981454
216,0,1.0,0.11666666666666667,0.6833333333333333,1.0,0.0,0.0,1.0,1.0258411e-07,0.771635355964775,0.26384100365876034,0.9970533000786896,0.9820137900379085,0.3775406687981454
217,0,1.0,0.15,0.7,1.0,0.0,0.0,1.0,0.0009367843,0.7397273255364462,0.2511450632482095,0.9986765102495536,0.9820137900379085,0.3775406687981454
218,0,1.0,0.15,0.6666666666666666,1.0,0.0,0.0,1.0,1.1276287e-08,0.7637799856920382,0.2654410195960941,0.9932938432728678,0.9820137900379085,0.3775406687981454
219,0,1.0,0.2833333333333333,0.7,1.0,0.0,0.0,1.0,5.0837592e-05,0.6547213651250048,0.2505860782874866,0.9984385426576589,0.9820137900379085,0.3775406687981454
220,0,1.0,0.18333333333333332,0.7166666666666667,1.0,0.0,0.0,1.0,3.569089e-11,0.7116675871135325,0.23444017246355303,0.9976438190080371,0.9820137900379085,0.3775406687981454
221,0,1.0,0.26666666666666666,0.8166666666666667,1.0,0.0,0.0,1.0,1.8047841e-11,0.6832807284405441,0.17510871094659022,0.9970289773666676,0.9820137900379085,0.3775406687981454
222,0,1.0,0.16666666666666666,0.75,1.0,0.0,0.0,1.0,3.268695e-08,0.7684926936827211,0.21662310599793475,0.9522030438304865,0.9820137900379085,0.3775406687981454
223,0,1.0,0.16666666666666666,0.7833333333333333,1.0,0.0,0.0,1.0,1.2416042e-05,0.7231118657236163,0.19695569109632152,0.9950772644993215,0.9820137900379085,0.3775406687981454
224,0,1.0,0.11666666666666667,0.65,1.0,0.0,0.0,1.0,1.2128203e-07,0.7983914099503853,0.2890227692326139,0.9938498234649357,0.9820137900379085,0.3775406687981454
225,0,1.0,0.13333333333333333,0.6833333333333333,1.0,0.0,0.0,1.0,6.601669e-13,0.763431168833941,0.28151034136090836,0.8920083556219052,0.9820137900379085,0.3775406687981454
226,0,1.0,0.11666666666666667,0.5833333333333334,1.0,0.0,0.0,1.0,5.93047e-08,0.7481787640717295,0.32705976883499044,0.9969522150498246,0.9820137900379085,0.3775406687981454
227,0,1.0,0.2833333333333333,0.6,1.0,0.0,0.0,1.0,1.34702715e-17,0.6901778732758594,0.3224406561915098,0.9988362638804057,0.9820137900379085,0.3775406687981454
228,0,1.0,0.25,0.7333333333333333,1.0,0.0,0.0,1.0,8.972034e-12,0.698194991688139,0.24360147378150904,0.9884362380431572,0.9820137900379085,0.3775406687981454
229,0,1.0,0.15,0.75,1.0,0.0,0.0,1.0,1.8834342e-11,0.7434460726101099,0.21499690464185664,0.9996635211255064,0.9820137900379085,0.3775406687981454
230,0,1.0,0.21666666666666667,0.8,1.0,0.0,0.0,1.0,1.0862976e-07,0.7051306162800834,0.1852339259304593,0.9935181734954961,0.9820137900379085,0.3775406687981454
231,0,1.0,0.18333333333333332,0.6833333333333333,1.0,0.0,0.0,1.0,1.0851504e-11,0.7249308035303554,0.2657098599237304,0.9992147424472545,0.9820137900379085,0.3775406687981454
232,0,1.0,0.21666666666666667,0.75,1.0,0.0,0.0,1.0,2.108006e-12,0.7026285085167571,0.21192964977204298,0.9983889404453765,0.9820137900379085,0.3775406687981454
233,0,1.0,0.13333333333333333,0.7666666666666667,1.0,0.0,0.0,1.0,1.0165376e-13,0.771304943473208,0.20174389345543195,0.9995516438075235,0.9820137900379085,0.3775406687981454
234,1,1.0,0.5666666666666667,0.7666666666666667,1.0,0.0,1.0,1.0,1.0,0.9088735379240132,0.49736725570723,0.9171058313760776,0.9820137900379085,0.3775406687981454
235,1,1.0,1.0,0.7166666666666667,1.0,1.0,1.0,1.0,0.9999999,0.999999999983148,0.6758732016244245,0.9084862890809267,0.9820137900379085,0.3775406687981454
236,1,1.0,1.0,0.7,1.0,1.0,1.0,1.0,1.0,0.9999999999842661,0.6624199603501536,0.9994834206802832,0.9820137900379085,0.3775406687981454
237,1,1.0,1.0,0.7666666666666667,1.0,1.0,1.0,1.0,0.99991333,0.9999999999991066,0.7205415313998285,0.8393939255839389,0.9820137900379085,0.3775406687981454
238,1,1.0,1.0,0.7333333333333333,1.0,1.0,1.0,1.0,1.0,0.9999999999998781,0.6418184285778704,0.9991079571042251,0.9820137900379085,0.3775406687981454
239,1,1.0,1.0,0.7666666666666667,1.0,1.0,1.0,1.0,1.0,0.9999999999993125,0.7153163162168894,0.9984813614304807,0.9820137900379085,0.3775406687981454
240,1,1.0,1.0,0.7666666666666667,1.0,1.0,1.0,1.0,0.9999999,0.9999999999996735,0.7014207690278181,0.9914744526171666,0.9820137900379085,0.3775406687981454
241,1,1.0,1.0,0.7333333333333333,1.0,1.0,1.0,1.0,0.9999602,0.9999999999997489,0.6907067227607517,0.9960379116227772,0.9820137900379085,0.3775406687981454
242,1,1.0,1.0,0.8666666666666667,1.0,1.0,1.0,1.0,0.99999964,0.9999999999989548,0.8002730079941398,0.9755829287641155,0.9820137900379085,0.3775406687981454
243,1,1.0,1.0,0.6666666666666666,1.0,1.0,1.0,1.0,1.0,0.9999999999994144,0.617662535827597,0.9982457461874501,0.9820137900379085,0.3775406687981454
244,1,1.0,1.0,0.75,1.0,1.0,1.0,1.0,1.0,0.9999999999997198,0.6948196048405565,0.9345542719332387,0.9820137900379085,0.3775406687981454
245,1,1.0,1.0,0.8333333333333334,1.0,1.0,1.0,1.0,0.99999106,0.9999999999999445,0.771134364702514,0.9989421512251961,0.9820137900379085,0.3775406687981454
246,1,1.0,1.0,0.75,1.0,1.0,1.0,1.0,1.0,0.9999999999999447,0.7066729617593759,0.5466134916662526,0.9820137900379085,0.3775406687981454
247,1,1.0,1.0,0.75,1.0,1.0,1.0,1.0,1.0,0.9999999999999598,0.6580831552285242,0.9947851984725514,0.9820137900379085,0.3775406687981454
248,1,1.0,1.0,0.6833333333333333,1.0,1.0,1.0,1.0,1.0,0.9999999999999377,0.6388173557877891,0.9618600256194876,0.9820137900379085,0.3775406687981454
249,1,1.0,1.0,0.8166666666666667,1.0,1.0,1.0,1.0,1.0,0.9999999999999514,0.7466893576883351,0.9989937828018298,0.9820137900379085,0.3775406687981454
250,1,1.0,1.0,0.7333333333333333,1.0,1.0,1.0,1.0,0.95389265,0.999999999999865,0.6911006188246724,0.9511334193575761,0.9820137900379085,0.3775406687981454
251,1,1.0,1.0,0.6833333333333333,1.0,1.0,1.0,1.0,1.0,0.9999999999999222,0.6465241426717957,0.9944290580531371,0.9820137900379085,0.3775406687981454
252,1,1.0,1.0,0.75,1.0,1.0,1.0,1.0,0.9999902,0.9999999999998365,0.7040071348891055,0.9578681363204652,0.9820137900379085,0.3775406687981454
253,1,1.0,1.0,0.7333333333333333,1.0,1.0,1.0,1.0,1.0,0.9999999999999344,0.7068991958115513,0.999194102436068,0.9820137900379085,0.3775406687981454
254,1,1.0,1.0,0.7,1.0,1.0,1.0,1.0,1.0,0.9999999999999649,0.6599418791379204,0.9997253622412869,0.9820137900379085,0.3775406687981454
255,1,1.0,1.0,0.7333333333333333,1.0,1.0,1.0,1.0,0.99454486,0.9999999999999655,0.6854933073336353,0.9997480724521922,0.9820137900379085,0.3775406687981454
256,1,1.0,1.0,0.7666666666666667,1.0,1.0,1.0,1.0,1.0,0.9999999999999668,0.7276289472984643,0.9679310901720676,0.9820137900379085,0.3775406687981454
257,1,1.0,1.0,0.6833333333333333,1.0,1.0,1.0,1.0,1.0,0.9999999999999681,0.6603701767616789,0.9953335183259194,0.9820137900379085,0.3775406687981454
258,1,1.0,1.0,0.8166666666666667,1.0,1.0,1.0,1.0,0.9996414,0.9999999999998815,0.7164432916268499,0.9920386398102135,0.9820137900379085,0.3775406687981454
259,1,1.0,1.0,0.75,1.0,1.0,1.0,1.0,0.9998722,0.9999999999998667,0.6883406409331199,0.8600751005582272,0.9820137900379085,0.3775406687981454
260,1,1.0,1.0,0.7833333333333333,1.0,1.0,1.0,1.0,1.0,0.9999999999999415,0.6882640214311634,0.9994834206802832,0.9820137900379085,0.3775406687981454
261,1,1.0,1.0,0.7666666666666667,1.0,1.0,1.0,1.0,1.0,0.9999999999999597,0.7244909226137783,0.9297786559752929,0.9820137900379085,0.3775406687981454
262,1,1.0,1.0,0.75,1.0,1.0,1.0,1.0,1.0,0.9999999999999196,0.7125001310112171,0.997978840729392,0.9820137900379085,0.3775406687981454
263,1,1.0,1.0,0.7666666666666667,1.0,1.0,1.0,1.0,1.0,0.9999999999999696,0.7001812248753715,0.9257418455663027,0.9820137900379085,0.3775406687981454
264,1,1.0,1.0,0.7166666666666667,1.0,1.0,1.0,1.0,1.0,0.9999999999999443,0.6726891049625592,0.7966613487241977,0.9820137900379085,0.3775406687981454
265,1,1.0,1.0,0.6833333333333333,1.0,1.0,1.0,1.0,1.0,0.9999999999993003,0.6417065232210217,0.9982457461874501,0.9820137900379085,0.3775406687981454
266,1,1.0,1.0,0.7333333333333333,1.0,1.0,1.0,1.0,1.0,0.9999999999999607,0.6909688665589621,0.9993035162362859,0.9820137900379085,0.3775406687981454
267,1,1.0,1.0,0.7666666666666667,1.0,1.0,1.0,1.0,1.0,0.9999999999999697,0.7149469907740094,0.9985337371222517,0.9820137900379085,0.3775406687981454
268,1,1.0,1.0,0.7,1.0,1.0,1.0,1.0,0.99955505,0.99999999999997,0.6492247800133344,0.9942653234546648,0.9820137900379085,0.3775406687981454
269,1,1.0,1.0,0.7833333333333333,1.0,1.0,1.0,1.0,1.0,0.9999999999999635,0.7192729496029303,0.984560492979323,0.9820137900379085,0.3775406687981454
270,1,1.0,1.0,0.7333333333333333,1.0,1.0,1.0,1.0,0.9999969,0.99999999999997,0.6477706930682995,0.9978105983588726,0.9820137900379085,0.3775406687981454
271,1,1.0,1.0,0.6666666666666666,1.0,1.0,1.0,1.0,1.0,0.9999999999999695,0.6389655861258238,0.9846660731489878,0.9820137900379085,0.3775406687981454
272,1,1.0,1.0,0.7833333333333333,1.0,1.0,1.0,1.0,1.0,0.99999999999997,0.7284367859818033,0.9826271149828205,0.9820137900379085,0.3775406687981454
273,1,1.0,1.0,0.8,1.0,1.0,1.0,1.0,1.0,0.999999999999969,0.7359396361077176,0.9906978050092029,0.9820137900379085,0.3775406687981454
274,1,1.0,1.0,0.6833333333333333,1.0,1.0,1.0,1.0,1.0,0.99999999999997,0.6504006558147579,0.9458641055920962,0.9820137900379085,0.3775406687981454
275,1,1.0,1.0,0.7833333333333333,1.0,1.0,1.0,1.0,1.0,0.99999999999997,0.725968276415242,0.9905723158815847,0.9820137900379085,0.3775406687981454
276,1,1.0,1.0,0.7333333333333333,1.0,1.0,1.0,1.0,1.0,0.9999999999995787,0.6782644939152892,0.9969542583411319,0.9820137900379085,0.3775406687981454
277,1,1.0,1.0,0.75,1.0,1.0,1.0,1.0,1.0,0.9999999999999122,0.7111526277140582,0.9992979134407941,0.9820137900379085,0.3775406687981454
278,1,1.0,1.0,0.7166666666666667,1.0,1.0,1.0,1.0,1.0,0.99999999999997,0.6828412875865396,0.9995567552873014,0.9820137900379085,0.3775406687981454
279,1,1.0,1.0,0.7333333333333333,1.0,1.0,1.0,1.0,1.0,0.99999999999997,0.7029761846457558,0.9981883038982182,0.9820137900379085,0.3775406687981454
280,1,1.0,1.0,0.7,1.0,1.0,1.0,1.0,0.99999106,0.99999999999997,0.6596678830993061,0.9989421512251961,0.9820137900379085,0.3775406687981454
281,1,1.0,1.0,0.7833333333333333,1.0,0.0,1.0,1.0,0.80314577,0.99999999999997,0.7181872813301702,0.999449674780253,0.9820137900379085,0.3775406687981454
282,1,1.0,1.0,0.75,1.0,1.0,1.0,1.0,0.9999999,0.9999999999999638,0.705705768440941,0.966659758110352,0.9820137900379085,0.3775406687981454
283,1,1.0,1.0,0.6666666666666666,1.0,1.0,1.0,1.0,1.0,0.9999999999999577,0.6258341949681802,0.9994110274828056,0.9820137900379085,0.3775406687981454
284,1,1.0,1.0,0.65,1.0,1.0,1.0,1.0,0.9999999,0.99999999999997,0.6236868891302978,0.852413884025049,0.9820137900379085,0.3775406687981454
285,1,1.0,1.0,0.7,1.0,1.0,1.0,1.0,1.0,0.9999999999999649,0.6808933171588859,0.998599409514803,0.9820137900379085,0.3775406687981454
286,1,1.0,1.0,0.8,1.0,1.0,1.0,1.0,0.99992836,0.9999999999999692,0.7549011619384938,0.9898997206910567,0.9820137900379085,0.3775406687981454
287,1,1.0,1.0,0.8166666666666667,1.0,1.0,1.0,1.0,0.9999999,0.9999999999999567,0.7776484421393187,0.9957479829237773,0.9820137900379085,0.3775406687981454
288,1,1.0,0.8666666666666667,0.75,1.0,1.0,1.0,1.0,0.9766892,0.9999999999999647,0.5812257145508638,0.6465686622001037,0.9820137900379085,0.3775406687981454
289,0,1.0,0.0,0.7,1.0,0.0,0.0,0.0,2.4379879e-05,0.9960477328261537,0.23716963171350305,0.863349830276401,0.9820137900379085,0.3775406687981454
290,0,1.0,0.05,0.7666666666666667,1.0,0.0,0.0,1.0,1.0258411e-07,0.8743878394006637,0.1981976111489931,0.9970533000786896,0.9820137900379085,0.3775406687981454
291,0,1.0,0.16666666666666666,0.7166666666666667,1.0,0.0,0.0,1.0,2.4301016e-06,0.7531899153245869,0.23795389492065858,0.9961463599465963,0.9820137900379085,0.3775406687981454
292,0,1.0,0.11666666666666667,0.7333333333333333,1.0,0.0,0.0,1.0,1.3295123e-09,0.7888864796941729,0.23535217968947034,0.9985441466156771,0.9820137900379085,0.3775406687981454
293,0,1.0,0.13333333333333333,0.8,1.0,0.0,0.0,1.0,4.8821308e-17,0.7870291928585551,0.1786508252943942,0.9593399269717451,0.9820137900379085,0.3775406687981454
294,0,1.0,0.18333333333333332,0.8,1.0,0.0,0.0,1.0,1.1035179e-07,0.7223585712888241,0.17167465477657792,0.9969731339330915,0.9820137900379085,0.3775406687981454
295,0,1.0,0.15,0.7833333333333333,1.0,0.0,0.0,1.0,2.8999166e-05,0.7527268709469965,0.20078226922180764,0.9920490995502376,0.9820137900379085,0.3775406687981454
296,0,1.0,0.25,0.6666666666666666,1.0,0.0,0.0,1.0,7.380884e-08,0.6824256011622646,0.2690292163984141,0.9886473111650002,0.9820137900379085,0.3775406687981454
297,0,1.0,0.18333333333333332,0.6833333333333333,1.0,0.0,0.0,1.0,4.8255037e-12,0.7442604749606851,0.24796493030186692,0.9318476742126298,0.9820137900379085,0.3775406687981454
298,0,1.0,0.13333333333333333,0.75,1.0,0.0,0.0,1.0,1.0543424e-08,0.7553349929398776,0.20775132585240577,0.9949934226251576,0.9820137900379085,0.3775406687981454
299,0,1.0,0.21666666666666667,0.6333333333333333,1.0,0.0,0.0,1.0,5.5378496e-05,0.7131632477469915,0.28411848685011226,0.9976376667735086,0.9820137900379085,0.3775406687981454
300,0,1.0,0.18333333333333332,0.7,1.0,0.0,0.0,1.0,3.0679123e-17,0.743719451915518,0.24053503826337921,0.9919398476932637,0.9820137900379085,0.3775406687981454
301,0,1.0,0.18333333333333332,0.6833333333333333,1.0,0.0,0.0,1.0,4.0856668e-07,0.7610407501507682,0.26747143423784026,0.9928535386723693,0.9820137900379085,0.3775406687981454
302,0,1.0,0.2,0.8,1.0,0.0,0.0,1.0,0.00013813167,0.7571420305333895,0.1788905707635936,0.9974326733342453,0.9820137900379085,0.3775406687981454
303,0,1.0,0.2,0.7666666666666667,1.0,0.0,0.0,1.0,1.4307537e-05,0.6994567553140448,0.20566954679235555,0.9987111929265794,0.9820137900379085,0.3775406687981454
304,0,1.0,0.26666666666666666,0.7333333333333333,1.0,0.0,0.0,1.0,6.227813e-15,0.7016798181492471,0.22522913417028226,0.9133346829817629,0.9820137900379085,0.3775406687981454
305,0,1.0,0.11666666666666667,0.6333333333333333,1.0,0.0,0.0,0.0,0.42593375,0.7846337590845068,0.30932215197830865,0.9931210314821951,0.9820137900379085,0.3775406687981454
306,0,1.0,0.16666666666666666,0.6833333333333333,1.0,0.0,0.0,1.0,8.909496e-13,0.7406867049201044,0.2659960832211327,0.981252978949953,0.9820137900379085,0.3775406687981454
307,0,1.0,0.21666666666666667,0.7666666666666667,1.0,0.0,0.0,1.0,4.085231e-13,0.7312211489646475,0.20938014077065556,0.9999223932578034,0.9820137900379085,0.3775406687981454
308,0,1.0,0.18333333333333332,0.7333333333333333,1.0,0.0,0.0,1.0,4.2328e-06,0.7512856185744564,0.22963189813420148,0.9984334133844369,0.9820137900379085,0.3775406687981454
309,0,1.0,0.15,0.7333333333333333,1.0,0.0,0.0,1.0,1.0513475e-13,0.7618097809633826,0.21403186244161085,0.9994640128271319,0.9820137900379085,0.3775406687981454
310,0,1.0,0.18333333333333332,0.7333333333333333,1.0,0.0,0.0,1.0,5.383976e-09,0.7356588575717651,0.22743816663703587,0.9993759658298081,0.9820137900379085,0.3775406687981454
311,0,1.0,0.23333333333333334,0.6666666666666666,1.0,0.0,0.0,1.0,1.9670467e-06,0.6931296120833762,0.26958400238453495,0.9759356123180939,0.9820137900379085,0.3775406687981454
312,0,1.0,0.2,0.7166666666666667,1.0,0.0,0.0,1.0,9.888502e-06,0.7253424477437604,0.2409314922748279,0.9973507258790368,0.9820137900379085,0.3775406687981454
313,0,1.0,0.2,0.6333333333333333,1.0,0.0,0.0,1.0,3.831189e-05,0.7576698610785397,0.2761819955303517,0.9990041158210491,0.9820137900379085,0.3775406687981454
314,0,1.0,0.18333333333333332,0.7,1.0,0.0,0.0,1.0,3.068946e-11,0.7522145717067562,0.2547818405591051,0.9967164665155642,0.9820137900379085,0.3775406687981454
315,0,1.0,0.16666666666666666,0.7833333333333333,1.0,0.0,0.0,1.0,1.4317875e-10,0.7337406280641634,0.19242192580303993,0.9971805814612413,0.9820137900379085,0.3775406687981454
316,0,1.0,0.15,0.7333333333333333,1.0,0.0,0.0,1.0,3.1965326e-09,0.782468350712817,0.2276461782984278,0.9973941917935559,0.9820137900379085,0.3775406687981454
317,0,1.0,0.18333333333333332,0.6666666666666666,1.0,0.0,0.0,1.0,0.01272344,0.7414048910174422,0.29014118825104523,0.9967243756540695,0.9820137900379085,0.3775406687981454
318,0,1.0,0.4,0.6833333333333333,1.0,0.0,0.0,1.0,0.0001164528,0.814853842861123,0.3573547538017147,0.9948489871503855,0.9820137900379085,0.3775406687981454
319,1,1.0,1.0,0.7166666666666667,1.0,1.0,1.0,1.0,0.923362,0.99999999999997,0.6899223380429086,0.9826494727234164,0.9820137900379085,0.3775406687981454
320,1,1.0,1.0,0.7333333333333333,1.0,1.0,1.0,1.0,0.99999917,0.9999999999999699,0.7240177005522737,0.9102417861427361,0.9820137900379085,0.3775406687981454
321,1,0.0,1.0,0.7666666666666667,1.0,0.0,0.0,1.0,0.2371935,0.9999999999904436,0.7508898889301734,0.7946938322306907,0.9820137900379085,0.3775406687981454
322,1,1.0,1.0,0.7666666666666667,1.0,1.0,1.0,1.0,1.0,0.9999999999999694,0.7097075267388558,0.9982457461874501,0.9820137900379085,0.3775406687981454
323,1,1.0,1.0,0.8833333333333333,1.0,1.0,1.0,1.0,0.9999999,0.99999999999997,0.7996016396192162,0.9826766124646865,0.9820137900379085,0.3775406687981454
324,1,1.0,1.0,0.8666666666666667,1.0,1.0,1.0,1.0,1.0,0.99999999999997,0.8185333467188722,0.9992963958303197,0.9820137900379085,0.3775406687981454
325,1,1.0,1.0,0.7666666666666667,1.0,1.0,1.0,1.0,1.0,0.999999999985851,0.7283591475135304,0.872706173862437,0.9820137900379085,0.3775406687981454
326,1,1.0,1.0,0.75,1.0,1.0,1.0,1.0,1.0,0.99999999999997,0.7132280665641172,0.9975318705174454,0.9820137900379085,0.3775406687981454
327,0,1.0,0.5166666666666667,0.7166666666666667,1.0,0.0,0.0,1.0,6.289429e-09,0.9087120171000986,0.4833771328713903,0.9792063134488156,0.9820137900379085,0.3775406687981454
328,1,1.0,0.9166666666666666,0.7666666666666667,1.0,1.0,1.0,1.0,1.0,0.9954422894905363,0.6596909415947966,0.9905723158815847,0.9820137900379085,0.3775406687981454
329,1,1.0,1.0,0.8,1.0,1.0,1.0,1.0,1.0,0.9999999999985476,0.7226529091566415,0.9954269587635926,0.9820137900379085,0.3775406687981454
330,1,1.0,1.0,0.6666666666666666,1.0,1.0,1.0,1.0,0.9999349,0.9999999999961591,0.6208824531556264,0.9934926994305548,0.9820137900379085,0.3775406687981454
331,1,1.0,1.0,0.8333333333333334,1.0,1.0,1.0,1.0,1.0,0.9999999999224282,0.7709440179047031,0.9216035218540595,0.9820137900379085,0.3775406687981454
332,1,1.0,1.0,0.7166666666666667,1.0,1.0,1.0,1.0,1.0,0.9999999999665287,0.6742791339458232,0.9840058403226386,0.9820137900379085,0.3775406687981454
333,1,1.0,1.0,0.7166666666666667,1.0,1.0,1.0,1.0,1.0,0.999999999999292,0.6641126000954446,0.9989735944255377,0.9820137900379085,0.3775406687981454
334,1,1.0,1.0,0.6833333333333333,1.0,1.0,1.0,1.0,0.9999999,0.9999999999973138,0.6531492107076416,0.7471575579130543,0.9820137900379085,0.3775406687981454
335,1,1.0,1.0,0.8166666666666667,1.0,1.0,1.0,1.0,0.9999869,0.9999999996985645,0.7611781638474119,0.9747160573614366,0.9820137900379085,0.3775406687981454
336,1,1.0,1.0,0.7833333333333333,1.0,1.0,1.0,1.0,0.9999727,0.9999999999001238,0.7056725908092978,0.990371339829106,0.9820137900379085,0.3775406687981454
337,1,1.0,1.0,0.85,1.0,1.0,1.0,1.0,0.9999349,0.9999999999953716,0.7806006085649764,0.9934926994305548,0.9820137900379085,0.3775406687981454
338,1,1.0,1.0,0.75,1.0,1.0,1.0,1.0,0.9993352,0.999999999999868,0.6841969870570637,0.9748739174979452,0.9820137900379085,0.3775406687981454
339,1,1.0,1.0,0.6333333333333333,1.0,1.0,1.0,1.0,0.9999988,0.9999999999995255,0.5590416018759661,0.9541924479326098,0.9820137900379085,0.3775406687981454
340,1,1.0,1.0,0.75,1.0,1.0,1.0,1.0,0.9997571,0.999999999999939,0.7100603757788593,0.9276566667466671,0.9820137900379085,0.3775406687981454
341,1,1.0,1.0,0.7,1.0,1.0,1.0,1.0,0.99999976,0.9999999999985272,0.6551463679923973,0.9998133235196397,0.9820137900379085,0.3775406687981454
342,1,1.0,1.0,0.8333333333333334,1.0,1.0,1.0,1.0,1.0,0.9999999999999377,0.7629835995615527,0.981556432567986,0.9820137900379085,0.3775406687981454
343,1,1.0,1.0,0.7,1.0,1.0,1.0,1.0,1.0,0.9999999999999487,0.6581215727460489,0.9288603225091662,0.9820137900379085,0.3775406687981454
344,1,1.0,1.0,0.7166666666666667,1.0,1.0,1.0,1.0,0.999998,0.9999999999999611,0.6622909168322747,0.9827241642341763,0.9820137900379085,0.3775406687981454
345,0,1.0,0.08333333333333333,0.6833333333333333,1.0,0.0,0.0,1.0,0.0010618677,0.944437588778219,0.333305009068831,0.9969770061105049,0.9820137900379085,0.3775406687981454
346,0,1.0,0.1,0.65,1.0,0.0,0.0,1.0,3.855725e-09,0.7748379957527333,0.2901751832668567,0.9903104314858254,0.9820137900379085,0.3775406687981454
347,0,1.0,0.11666666666666667,0.7333333333333333,1.0,0.0,0.0,1.0,4.9658223e-07,0.7937762254788766,0.2310275069170985,0.9977733990204705,0.9820137900379085,0.3775406687981454
348,0,1.0,0.16666666666666666,0.6666666666666666,1.0,0.0,0.0,1.0,2.0944259e-10,0.7568134905808128,0.26421725085245784,0.8332067976139917,0.9820137900379085,0.3775406687981454
349,0,1.0,0.21666666666666667,0.75,1.0,0.0,0.0,1.0,3.3853186e-07,0.7036701850090581,0.21249895267085003,0.9966218172355377,0.9820137900379085,0.3775406687981454
350,0,1.0,0.3,0.8166666666666667,1.0,0.0,0.0,1.0,2.3548158e-07,0.6962975976353297,0.18617628999233332,0.9978165990734699,0.9820137900379085,0.3775406687981454
351,0,1.0,0.18333333333333332,0.7,1.0,0.0,0.0,1.0,3.196685e-09,0.7219487054063617,0.2482745389508316,0.9270813694195108,0.9820137900379085,0.3775406687981454
352,0,1.0,0.1,0.8166666666666667,1.0,0.0,0.0,1.0,1.1097868e-15,0.7937552726827997,0.1669377128540324,0.9996586649502539,0.9820137900379085,0.3775406687981454
353,0,1.0,0.15,0.7333333333333333,1.0,0.0,0.0,1.0,1.4687729e-09,0.7250874697283083,0.23005857571468452,0.9969881377123424,0.9820137900379085,0.3775406687981454
354,0,1.0,0.16666666666666666,0.65,1.0,0.0,0.0,1.0,3.085406e-13,0.780385107601947,0.29884032633005525,0.9989911372246688,0.9820137900379085,0.3775406687981454
355,0,1.0,0.2,0.8,1.0,0.0,0.0,1.0,3.5195757e-12,0.7292241840162323,0.18452218474502838,0.9975957472701144,0.9820137900379085,0.3775406687981454
356,0,1.0,0.2,0.7166666666666667,1.0,0.0,0.0,1.0,3.138573e-07,0.7413129424483612,0.23674609886695805,0.9937130408880853,0.9820137900379085,0.3775406687981454
357,0,1.0,0.23333333333333334,0.75,1.0,0.0,0.0,1.0,2.9151191e-05,0.7185464408982399,0.2191346430125733,0.9990708838449314,0.9820137900379085,0.3775406687981454
358,0,1.0,0.25,0.7,1.0,0.0,0.0,1.0,0.00033703377,0.6782349717542066,0.2567516951430422,0.9905013243873065,0.9820137900379085,0.3775406687981454
359,0,1.0,0.18333333333333332,0.65,1.0,0.0,0.0,1.0,4.0963247e-10,0.7297895583312229,0.2878957402653768,0.8684726600743855,0.9820137900379085,0.3775406687981454
360,0,1.0,0.15,0.7333333333333333,1.0,0.0,0.0,1.0,0.24527542,0.7575656049015049,0.23542786093783027,0.9979863748500524,0.9820137900379085,0.3775406687981454
361,0,1.0,0.25,0.85,1.0,0.0,0.0,1.0,0.09122608,0.6973874617638812,0.15220302126606178,0.9924404130970857,0.9820137900379085,0.3775406687981454
362,0,1.0,0.21666666666666667,0.6833333333333333,1.0,0.0,0.0,1.0,0.00047547824,0.7102418467738599,0.26515849030935273,0.9977339102976552,0.9820137900379085,0.3775406687981454
363,0,1.0,0.18333333333333332,0.5666666666666667,1.0,0.0,0.0,1.0,2.3204262e-08,0.698036375133945,0.36028891157957277,0.9978039400938223,0.9820137900379085,0.3775406687981454
364,0,1.0,0.16666666666666666,0.85,1.0,0.0,0.0,1.0,4.6237356e-10,0.7497499108152593,0.1480067943684744,0.9935331540937254,0.9820137900379085,0.3775406687981454
365,0,1.0,0.11666666666666667,0.75,1.0,0.0,0.0,1.0,0.00011751432,0.772788827341454,0.21712290594534525,0.998012803103385,0.9820137900379085,0.3775406687981454
366,0,1.0,0.18333333333333332,0.6833333333333333,1.0,0.0,0.0,1.0,0.001928028,0.6989442547414196,0.2672068570033689,0.9975986946513583,0.9820137900379085,0.3775406687981454
367,0,1.0,0.21666666666666667,0.6,1.0,0.0,0.0,1.0,0.032937296,0.7202283570885698,0.31961069360508343,0.9998526839536236,0.9820137900379085,0.3775406687981454
368,0,1.0,0.1,0.7666666666666667,1.0,0.0,0.0,1.0,8.8561434e-13,0.7840584125912964,0.19910435529603515,0.9999781112706614,0.9820137900379085,0.3775406687981454
369,0,1.0,0.16666666666666666,0.7666666666666667,1.0,0.0,0.0,1.0,1.9807396e-14,0.7312576704449262,0.22068515291445046,0.9994087147492192,0.9820137900379085,0.3775406687981454
370,0,1.0,0.1,0.6666666666666666,1.0,0.0,0.0,1.0,0.096913636,0.7764424153008952,0.2691644293683915,0.989894714351425,0.9820137900379085,0.3775406687981454
371,0,1.0,0.16666666666666666,0.7333333333333333,1.0,0.0,0.0,1.0,1.2570186e-07,0.7715976967581165,0.23836773766057093,0.9996466658028242,0.9820137900379085,0.3775406687981454
372,0,1.0,0.18333333333333332,0.7,1.0,0.0,0.0,1.0,5.525025e-11,0.7384841982632386,0.25709854303812835,0.9989143395729794,0.9820137900379085,0.3775406687981454
373,0,1.0,0.18333333333333332,0.75,1.0,0.0,0.0,1.0,9.944789e-11,0.7335127122035703,0.20795300182643714,0.9992058975510171,0.9820137900379085,0.3775406687981454
374,0,1.0,0.11666666666666667,0.75,1.0,0.0,0.0,1.0,7.284352e-09,0.8256610123445157,0.21754889394844054,0.9987508395018768,0.9820137900379085,0.3775406687981454
375,0,1.0,0.15,0.6,1.0,0.0,0.0,1.0,4.6428923e-11,0.7044876521922254,0.32064641485138967,0.9991303797955724,0.9820137900379085,0.3775406687981454
376,0,1.0,0.21666666666666667,0.7166666666666667,1.0,0.0,0.0,1.0,0.37659,0.6831482072251759,0.23765320837825007,0.9988807379930776,0.9820137900379085,0.3775406687981454
377,0,1.0,0.1,0.8166666666666667,1.0,0.0,0.0,1.0,2.901998e-22,0.7661988746870005,0.18548374215067165,0.9999812808719262,0.9820137900379085,0.3775406687981454
378,0,1.0,0.13333333333333333,0.7833333333333333,1.0,0.0,0.0,1.0,5.4661296e-14,0.7646397577841516,0.20677539702909514,0.9988443618380373,0.9820137900379085,0.3775406687981454
379,0,1.0,0.08333333333333333,0.7666666666666667,1.0,0.0,0.0,1.0,4.3558226e-05,0.7682774722610577,0.19148191521382998,0.9982774650137634,0.9820137900379085,0.3775406687981454
380,1,1.0,0.7166666666666667,0.8,1.0,0.0,1.0,1.0,0.99999964,0.8843024382599173,0.5546330101811304,0.9496261891118785,0.9820137900379085,0.3775406687981454
381,1,1.0,1.0,0.6666666666666666,1.0,1.0,1.0,1.0,1.0,0.9875351942615467,0.6377890200757093,0.9989839903766677,0.9820137900379085,0.3775406687981454
382,1,1.0,1.0,0.6833333333333333,1.0,1.0,1.0,1.0,1.0,0.9884182599978646,0.6636304784631178,0.9967337359341227,0.9820137900379085,0.3775406687981454
383,1,1.0,1.0,0.7,1.0,1.0,1.0,1.0,0.9999993,0.9888002454048437,0.6779279132513528,0.9968474743923036,0.9820137900379085,0.3775406687981454
384,1,1.0,1.0,0.85,1.0,1.0,1.0,1.0,0.99992156,0.9885137044030193,0.7954123251244047,0.9991567569816014,0.9820137900379085,0.3775406687981454
385,1,1.0,1.0,0.8166666666666667,1.0,1.0,1.0,1.0,1.0,0.9873918258950309,0.7558977862733853,0.988057215910219,0.9820137900379085,0.3775406687981454
386,1,1.0,1.0,0.7333333333333333,1.0,1.0,1.0,1.0,1.0,0.9880003721007811,0.6895252283548262,0.7783637834582099,0.9820137900379085,0.3775406687981454
387,1,1.0,1.0,0.7166666666666667,1.0,1.0,1.0,1.0,1.0,0.984376931311332,0.6733692037847326,0.9442088087453052,0.9820137900379085,0.3775406687981454
388,1,1.0,1.0,0.65,1.0,1.0,1.0,1.0,1.0,0.988420474254697,0.6405891433998033,0.5845262444692684,0.9820137900379085,0.3775406687981454
389,1,1.0,1.0,0.6333333333333333,1.0,1.0,1.0,1.0,1.0,0.9869049627642822,0.6021297820245369,0.9849401474637541,0.9820137900379085,0.3775406687981454
390,1,1.0,1.0,0.6666666666666666,1.0,1.0,1.0,1.0,0.9999999,0.9876285049367877,0.6438751748315324,0.99809579642152,0.9820137900379085,0.3775406687981454
391,1,1.0,1.0,0.75,1.0,1.0,1.0,1.0,1.0,0.986603685812727,0.6883102339520055,0.9830470668189278,0.9820137900379085,0.3775406687981454
392,1,1.0,1.0,0.5833333333333334,1.0,1.0,1.0,1.0,1.0,0.9872790080762155,0.5641837712346306,0.9954328690064986,0.9820137900379085,0.3775406687981454
393,1,1.0,1.0,0.7,1.0,1.0,1.0,1.0,1.0,0.9854911879963025,0.6668705625787655,0.884208301577366,0.9820137900379085,0.3775406687981454
394,1,1.0,1.0,0.7666666666666667,1.0,1.0,1.0,1.0,1.0,0.9850018740078066,0.7018613548983085,0.995705972815073,0.9820137900379085,0.3775406687981454
395,1,1.0,1.0,0.6666666666666666,1.0,1.0,1.0,1.0,1.0,0.986503211522329,0.6452502273732448,0.9964337157632774,0.9820137900379085,0.3775406687981454
396,1,1.0,1.0,0.75,1.0,1.0,1.0,1.0,1.0,0.986709748831446,0.6994895675028655,0.9652220106261205,0.9820137900379085,0.3775406687981454
397,1,1.0,1.0,0.8166666666666667,1.0,1.0,1.0,1.0,1.0,0.9861977415162098,0.7746135402464539,0.8529754877758552,0.9820137900379085,0.3775406687981454
398,1,1.0,1.0,0.7166666666666667,1.0,1.0,1.0,1.0,1.0,0.9866493209627115,0.6948748415476896,0.9974721539597273,0.9820137900379085,0.3775406687981454
399,1,1.0,1.0,0.7,1.0,1.0,1.0,1.0,0.9999999,0.9845021084838599,0.6724869054232853,0.9579709488562166,0.9820137900379085,0.3775406687981454
400,1,1.0,1.0,0.75,1.0,1.0,1.0,1.0,1.0,0.9850114756913526,0.7004214727685912,0.9298605208520094,0.9820137900379085,0.3775406687981454
401,1,1.0,1.0,0.6333333333333333,1.0,1.0,1.0,1.0,0.99924254,0.9842643000055954,0.6133528197588051,0.9985192374703561,0.9820137900379085,0.3775406687981454
402,1,1.0,1.0,0.7833333333333333,1.0,1.0,1.0,1.0,1.0,0.9851623759030169,0.7276250800287549,0.9941707942346706,0.9820137900379085,0.3775406687981454
403,1,1.0,1.0,0.7166666666666667,1.0,1.0,1.0,1.0,1.0,0.9837380628329242,0.6737871372464329,0.9345542719332387,0.9820137900379085,0.3775406687981454
404,1,1.0,1.0,0.7333333333333333,1.0,1.0,1.0,1.0,1.0,0.985344741995851,0.6656700317322639,0.943181879648438,0.9820137900379085,0.3775406687981454
405,1,1.0,0.9166666666666666,0.6666666666666666,1.0,1.0,1.0,1.0,1.0,0.9897209820400342,0.6514645884128597,0.9944290580531371,0.9820137900379085,0.3775406687981454
406,1,1.0,1.0,0.65,1.0,1.0,1.0,1.0,0.9999428,0.9999998183129236,0.6222244042604588,0.9635043086147345,0.9820137900379085,0.3775406687981454
407,1,1.0,1.0,0.8,1.0,1.0,1.0,1.0,0.9999999,0.999999998299508,0.7542004546677301,0.9989009328289613,0.9820137900379085,0.3775406687981454
408,1,1.0,1.0,0.7666666666666667,1.0,1.0,1.0,1.0,0.99999964,0.9999999964570135,0.7342705111666269,0.5532423975531677,0.9820137900379085,0.3775406687981454
409,1,1.0,1.0,0.7166666666666667,1.0,1.0,1.0,1.0,1.0,0.9999999455803884,0.6931463800956166,0.9961883674697057,0.9820137900379085,0.3775406687981454
410,1,1.0,1.0,0.6333333333333333,1.0,1.0,1.0,1.0,1.0,0.9998721674069196,0.6147250061058338,0.9503783446684738,0.9820137900379085,0.3775406687981454
411,1,1.0,1.0,0.7,1.0,1.0,1.0,1.0,1.0,0.9999999997605583,0.6651326886069518,0.9558620081271904,0.9820137900379085,0.3775406687981454
412,1,1.0,1.0,0.8833333333333333,1.0,1.0,1.0,1.0,1.0,0.9999999999662582,0.8199958293943863,0.9074013470719665,0.9820137900379085,0.3775406687981454
413,0,1.0,0.2,0.6666666666666666,1.0,0.0,0.0,1.0,2.5509136e-10,0.9859118038593606,0.3768189841866997,0.9910057766762222,0.9820137900379085,0.3775406687981454
414,0,1.0,0.13333333333333333,0.75,1.0,0.0,0.0,1.0,5.9656127e-13,0.8035179056708626,0.21953125814961977,0.9437431533043366,0.9820137900379085,0.3775406687981454
415,0,1.0,0.18333333333333332,0.7166666666666667,1.0,0.0,0.0,1.0,2.5177649e-06,0.7450124644453153,0.2385140027257297,0.9985912499119581,0.9820137900379085,0.3775406687981454
416,0,1.0,0.13333333333333333,0.6833333333333333,1.0,0.0,0.0,1.0,3.2335362e-15,0.7798628646389845,0.2663808343086621,0.7195825432031142,0.9820137900379085,0.3775406687981454
417,0,1.0,0.11666666666666667,0.85,1.0,0.0,0.0,1.0,1.4360986e-09,0.8152809528576158,0.13526236296890898,0.9422837578708942,0.9820137900379085,0.3775406687981454
418,0,0.0,0.18333333333333332,0.7333333333333333,0.0,0.0,0.0,0.0,0.55502546,0.7535020479379418,0.22754829214709554,0.9946368571132507,0.9820137900379085,0.3775406687981454
419,0,1.0,0.16666666666666666,0.6666666666666666,1.0,0.0,0.0,1.0,3.6301152e-08,0.7301653018049744,0.2716106126745646,0.9424302595483413,0.9820137900379085,0.3775406687981454
420,0,1.0,0.23333333333333334,0.75,1.0,0.0,0.0,1.0,0.00020804726,0.7191901812682225,0.2213914568987176,0.998210308010379,0.9820137900379085,0.3775406687981454
421,0,1.0,0.21666666666666667,0.75,1.0,0.0,0.0,1.0,2.0425522e-13,0.7018297954584496,0.2214797686963045,0.9997014326406021,0.9820137900379085,0.3775406687981454
422,0,1.0,0.18333333333333332,0.8,1.0,0.0,0.0,1.0,3.0698664e-06,0.7291433158732402,0.16786302125587318,0.997937206137918,0.9820137900379085,0.3775406687981454
423,0,1.0,0.21666666666666667,0.7833333333333333,1.0,0.0,0.0,1.0,5.485361e-09,0.7219662691740028,0.18886313307379968,0.9993503165052193,0.9820137900379085,0.3775406687981454
424,0,1.0,0.2,0.6333333333333333,1.0,0.0,0.0,1.0,8.3994045e-18,0.7511545927357225,0.3032328951075142,0.9999719654257632,0.9820137900379085,0.3775406687981454
425,0,1.0,0.16666666666666666,0.7833333333333333,1.0,0.0,0.0,1.0,1.9635571e-10,0.7409963989306184,0.19268506242825398,0.9703263100300736,0.9820137900379085,0.3775406687981454
426,0,1.0,0.25,0.7666666666666667,1.0,0.0,0.0,1.0,2.2862873e-11,0.6958492113688428,0.2064107342825173,0.9981243980711986,0.9820137900379085,0.3775406687981454
427,0,1.0,0.18333333333333332,0.8,1.0,0.0,0.0,1.0,1.0409393e-14,0.7388055698452237,0.17930849104485763,0.9991572321546921,0.9820137900379085,0.3775406687981454
428,0,1.0,0.21666666666666667,0.6833333333333333,1.0,0.0,0.0,1.0,5.922049e-08,0.7133495889068044,0.261929796891936,0.9973889178735765,0.9820137900379085,0.3775406687981454
429,0,1.0,0.2,0.6833333333333333,1.0,0.0,0.0,1.0,1.06342976e-10,0.7372435845861415,0.2634845883659966,0.9944616136471149,0.9820137900379085,0.3775406687981454
430,0,1.0,0.2,0.7333333333333333,1.0,0.0,0.0,1.0,2.6561738e-06,0.7344221160291388,0.22332082529657768,0.9902182741672196,0.9820137900379085,0.3775406687981454
431,0,1.0,0.2833333333333333,0.7,1.0,0.0,0.0,1.0,2.5229213e-14,0.6907130393109754,0.2538951058440568,0.9002653880630448,0.9820137900379085,0.3775406687981454
432,0,1.0,0.23333333333333334,0.6333333333333333,1.0,0.0,0.0,1.0,8.4948235e-09,0.6714303304441679,0.285011974619468,0.9987934981940624,0.9820137900379085,0.3775406687981454
433,0,1.0,0.23333333333333334,0.6333333333333333,1.0,0.0,0.0,1.0,0.00046293685,0.7432498486999021,0.30132266712770667,0.9993599696440956,0.9820137900379085,0.3775406687981454
434,0,1.0,0.21666666666666667,0.7833333333333333,1.0,0.0,0.0,1.0,0.00021716973,0.7258395662522434,0.18371152883308312,0.998998045625662,0.9820137900379085,0.3775406687981454
435,0,1.0,0.11666666666666667,0.8166666666666667,1.0,0.0,0.0,1.0,0.033517797,0.756392874828044,0.18129425931821774,0.995642209375246,0.9820137900379085,0.3775406687981454
436,0,1.0,0.25,0.7166666666666667,1.0,0.0,0.0,1.0,1.4350312e-12,0.6874974291449679,0.23848633962013366,0.9995000491186564,0.9820137900379085,0.3775406687981454
437,0,1.0,0.11666666666666667,0.6833333333333333,1.0,0.0,0.0,1.0,4.7526902e-07,0.7499160730036406,0.26480103675792194,0.9984527624379841,0.9820137900379085,0.3775406687981454
438,0,1.0,0.21666666666666667,0.7333333333333333,1.0,0.0,0.0,1.0,6.227813e-15,0.7634843396642804,0.22744819208555753,0.9133346829817629,0.9820137900379085,0.3775406687981454
439,0,1.0,0.23333333333333334,0.7166666666666667,1.0,0.0,0.0,1.0,1.7823998e-08,0.7278746057440063,0.23168081339913815,0.999758336924347,0.9820137900379085,0.3775406687981454
440,0,1.0,0.18333333333333332,0.65,1.0,0.0,0.0,1.0,1.075086e-12,0.7285257465305031,0.28859581707086174,0.9993666082816527,0.9820137900379085,0.3775406687981454
441,0,1.0,0.13333333333333333,0.8666666666666667,1.0,0.0,0.0,1.0,0.24716257,0.7847653420211158,0.13579364766444948,0.9928439216578921,0.9820137900379085,0.3775406687981454
442,0,1.0,0.18333333333333332,0.75,1.0,0.0,0.0,1.0,1.1908706e-11,0.7128037536101609,0.21295179104749742,0.9474408112036444,0.9820137900379085,0.3775406687981454
443,0,1.0,0.15,0.7,1.0,0.0,0.0,1.0,2.0692324e-13,0.7159953454065349,0.24049087621350335,0.9921022026441253,0.9820137900379085,0.3775406687981454
444,0,1.0,0.15,0.6333333333333333,1.0,0.0,0.0,1.0,3.268695e-08,0.7576011904923238,0.3095437939932866,0.9522030438304865,0.9820137900379085,0.3775406687981454
445,0,1.0,0.11666666666666667,0.7,1.0,0.0,0.0,1.0,1.5621916e-05,0.7881498046529835,0.2532726583514007,0.9983332442881409,0.9820137900379085,0.3775406687981454
446,0,1.0,0.16666666666666666,0.7,1.0,0.0,0.0,1.0,0.06558391,0.7101449602072228,0.2455510867093279,0.990073533540212,0.9820137900379085,0.3775406687981454
447,0,1.0,0.2,0.7166666666666667,1.0,0.0,0.0,1.0,2.475194e-11,0.711727182655503,0.24593819759036542,0.996254267068034,0.9820137900379085,0.3775406687981454
448,0,1.0,0.15,0.75,1.0,0.0,0.0,1.0,3.6301152e-08,0.7611622602818371,0.21802741079138885,0.9424302595483413,0.9820137900379085,0.3775406687981454
449,0,1.0,0.1,0.65,1.0,0.0,0.0,1.0,4.7615655e-13,0.8003317131967403,0.29162375385310224,0.9494406645269254,0.9820137900379085,0.3775406687981454
450,0,1.0,0.3,0.7,1.0,0.0,0.0,1.0,2.7918673e-05,0.6640575398105948,0.2652424406219613,0.9573858508439491,0.9820137900379085,0.3775406687981454
451,0,1.0,0.16666666666666666,0.75,1.0,0.0,0.0,1.0,1.5235688e-10,0.7561009224947342,0.22214936417425576,0.999908341946712,0.9820137900379085,0.3775406687981454
452,0,1.0,0.15,0.6833333333333333,1.0,0.0,0.0,1.0,7.483814e-12,0.7643232201472988,0.2588193445945862,0.9999886459307127,0.9820137900379085,0.3775406687981454
453,0,1.0,0.2,0.7,1.0,0.0,0.0,1.0,6.0328983e-07,0.7140148778425984,0.25072630648532096,0.9919468359896784,0.9820137900379085,0.3775406687981454
454,0,1.0,0.18333333333333332,0.7166666666666667,1.0,0.0,0.0,1.0,1.8890495e-08,0.7431533080273879,0.2397349945548135,0.9882221301204265,0.9820137900379085,0.3775406687981454
455,0,1.0,0.26666666666666666,0.7166666666666667,1.0,0.0,0.0,1.0,1.04138466e-13,0.7313551676244281,0.2409127218093752,0.9998615472282074,0.9820137900379085,0.3775406687981454
456,0,1.0,0.21666666666666667,0.65,1.0,0.0,0.0,1.0,6.207127e-09,0.7037461610435385,0.2966107948050791,0.9983979043863443,0.9820137900379085,0.3775406687981454
457,0,1.0,0.21666666666666667,0.7,1.0,0.0,0.0,1.0,6.289164e-13,0.7064387143609733,0.24565681256745384,0.9965475791931406,0.9820137900379085,0.3775406687981454
458,0,1.0,0.08333333333333333,0.7,1.0,0.0,0.0,1.0,0.0001164528,0.7843359835825051,0.25076335780520653,0.9948489871503855,0.9820137900379085,0.3775406687981454
459,0,1.0,0.23333333333333334,0.75,1.0,0.0,0.0,1.0,8.343044e-10,0.719810253363797,0.22386978145818706,0.999167235714994,0.9820137900379085,0.3775406687981454
460,0,1.0,0.15,0.6,1.0,0.0,0.0,1.0,2.8358274e-11,0.7214996312319297,0.3264214828025927,0.9937636155053198,0.9820137900379085,0.3775406687981454
461,0,1.0,0.23333333333333334,0.7166666666666667,1.0,0.0,0.0,1.0,5.380775e-12,0.7362670951123865,0.2510417486851997,0.9677303015945528,0.9820137900379085,0.3775406687981454
462,0,1.0,0.21666666666666667,0.7166666666666667,1.0,0.0,0.0,1.0,1.8939956e-12,0.6767652336750228,0.24492301644062325,0.951673602275095,0.9820137900379085,0.3775406687981454
463,0,1.0,0.16666666666666666,0.5166666666666667,1.0,0.0,0.0,1.0,2.7712568e-14,0.722316643712623,0.38567431933517665,0.9988162952629879,0.9820137900379085,0.3775406687981454
464,1,1.0,0.7,0.7,1.0,0.0,1.0,1.0,0.9981353,0.9157245140494559,0.4839596690688371,0.9805517176845443,0.9820137900379085,0.3775406687981454
465,0,1.0,0.5666666666666667,0.6666666666666666,1.0,0.0,0.0,1.0,1.2769852e-05,0.8912977166175851,0.4907897862071337,0.991126415221072,0.9820137900379085,0.3775406687981454
466,0,1.0,0.15,0.8,1.0,0.0,0.0,1.0,3.4769976e-13,0.7585442727362365,0.18390331160781637,0.8426572352672214,0.9820137900379085,0.3775406687981454
467,0,1.0,0.21666666666666667,0.75,1.0,0.0,0.0,1.0,9.50011e-10,0.7393421563408573,0.20883266451394647,0.9970151797005063,0.9820137900379085,0.3775406687981454
468,0,1.0,0.06666666666666667,0.6333333333333333,1.0,0.0,0.0,1.0,2.580622e-06,0.79862950806698,0.29978031433725744,0.9918415510347515,0.9820137900379085,0.3775406687981454
469,0,1.0,0.26666666666666666,0.6666666666666666,1.0,0.0,0.0,1.0,0.17463042,0.6974691223670665,0.2921884382093014,0.994339735728087,0.9820137900379085,0.3775406687981454
470,0,1.0,0.23333333333333334,0.6833333333333333,1.0,0.0,0.0,1.0,4.7685397e-08,0.7038820212848608,0.25064919671872926,0.9945557246021917,0.9820137900379085,0.3775406687981454
471,1,0.0,1.0,0.7333333333333333,1.0,0.0,0.0,1.0,0.2371935,0.9848704116534733,0.6861075377344117,0.7946938322306907,0.9820137900379085,0.3775406687981454
472,1,1.0,1.0,0.6833333333333333,1.0,1.0,1.0,1.0,0.923362,0.9999999999999692,0.636902595055735,0.9826494727234164,0.9820137900379085,0.3775406687981454
473,1,1.0,1.0,0.6166666666666667,1.0,1.0,1.0,1.0,1.0,0.99999999999997,0.5968465243488629,0.9975318705174454,0.9820137900379085,0.3775406687981454
474,1,1.0,1.0,0.7333333333333333,1.0,1.0,1.0,1.0,1.0,0.99999999999997,0.6765051541642186,0.993185255462296,0.9820137900379085,0.3775406687981454
475,1,1.0,1.0,0.7333333333333333,1.0,1.0,1.0,1.0,1.0,0.9999999999999679,0.7028292541257024,0.9949821581880332,0.9820137900379085,0.3775406687981454
476,1,1.0,1.0,0.7,1.0,1.0,1.0,1.0,1.0,0.9999999999999633,0.6598017650837111,0.9832106537164823,0.9820137900379085,0.3775406687981454
477,1,1.0,1.0,0.7333333333333333,1.0,1.0,1.0,1.0,1.0,0.99999999999997,0.6869969248873002,0.9995621995095887,0.9820137900379085,0.3775406687981454
478,1,1.0,1.0,0.7666666666666667,1.0,1.0,1.0,1.0,1.0,0.9999999999050265,0.7328244022224989,0.9974577456488538,0.9820137900379085,0.3775406687981454
479,1,1.0,1.0,0.6166666666666667,1.0,1.0,1.0,1.0,1.0,0.9999999999999635,0.5979653924855951,0.9324533088603709,0.9820137900379085,0.3775406687981454
480,1,1.0,1.0,0.7166666666666667,1.0,1.0,1.0,1.0,0.9999989,0.9999999999085952,0.666834862121278,0.9981671179996457,0.9820137900379085,0.3775406687981454
481,1,1.0,1.0,0.7333333333333333,1.0,1.0,1.0,1.0,0.95600516,0.9999999999998933,0.6912416856539056,0.6634061535129593,0.9820137900379085,0.3775406687981454
482,1,1.0,1.0,0.7166666666666667,1.0,1.0,1.0,1.0,1.0,0.999999999999969,0.6632970678572122,0.9705707731371274,0.9820137900379085,0.3775406687981454
483,1,1.0,1.0,0.7,1.0,1.0,1.0,1.0,1.0,0.9999999982321774,0.6673732633510393,0.988243021970549,0.9820137900379085,0.3775406687981454
484,1,1.0,1.0,0.8166666666666667,1.0,1.0,1.0,1.0,1.0,0.9999999999999679,0.7507962204447304,0.9639275543191664,0.9820137900379085,0.3775406687981454
485,1,1.0,1.0,0.8333333333333334,1.0,1.0,1.0,1.0,0.9999974,0.99999999999997,0.7780941528787094,0.9941427637548189,0.9820137900379085,0.3775406687981454
486,1,1.0,1.0,0.7166666666666667,1.0,1.0,1.0,1.0,1.0,0.99999999999997,0.6826748949411858,0.5845262444692684,0.9820137900379085,0.3775406687981454
487,1,1.0,1.0,0.65,1.0,1.0,1.0,1.0,1.0,0.9999999999999426,0.6351711334773135,0.9993923356654477,0.9820137900379085,0.3775406687981454
488,1,1.0,1.0,0.8,1.0,1.0,1.0,1.0,1.0,0.9999999998592649,0.726974408776896,0.8072482763468041,0.9820137900379085,0.3775406687981454
489,1,1.0,1.0,0.6833333333333333,1.0,1.0,1.0,1.0,0.99999976,0.99999999999997,0.6563113153824253,0.9998133235196397,0.9820137900379085,0.3775406687981454
490,1,1.0,1.0,0.7666666666666667,1.0,1.0,1.0,1.0,0.98029023,0.9999999999988638,0.7273854493873434,0.999864722282681,0.9820137900379085,0.3775406687981454
491,1,1.0,1.0,0.7166666666666667,1.0,1.0,1.0,1.0,1.0,0.9999999998170359,0.6791317179288371,0.9968911334926136,0.9820137900379085,0.3775406687981454
492,1,1.0,1.0,0.7166666666666667,1.0,1.0,1.0,1.0,1.0,0.9999999999999268,0.6609039128582962,0.9997152191114753,0.9820137900379085,0.3775406687981454
493,1,1.0,1.0,0.85,1.0,1.0,1.0,1.0,0.999995,0.999999999999969,0.7898852759429628,0.9993036409926831,0.9820137900379085,0.3775406687981454
494,1,1.0,1.0,0.8166666666666667,1.0,1.0,1.0,1.0,1.0,0.9999999999998563,0.7678700657327144,0.9679310901720676,0.9820137900379085,0.3775406687981454
495,1,1.0,1.0,0.6333333333333333,1.0,1.0,1.0,1.0,1.0,0.9999999999898364,0.6106219335886768,0.9998034681138462,0.9820137900379085,0.3775406687981454
496,1,1.0,1.0,0.7666666666666667,1.0,1.0,1.0,1.0,1.0,0.9999999999997904,0.718483442827382,0.9981883038982182,0.9820137900379085,0.3775406687981454
497,1,1.0,1.0,0.6,1.0,1.0,1.0,1.0,1.0,0.9999999999998291,0.5722437052799685,0.6180199338147758,0.9820137900379085,0.3775406687981454
498,1,1.0,1.0,0.7333333333333333,1.0,1.0,1.0,1.0,0.9991246,0.99999999999997,0.7049199744394163,0.5705662232765984,0.9820137900379085,0.3775406687981454
499,1,1.0,1.0,0.6,1.0,1.0,1.0,1.0,1.0,0.99999999999997,0.5746488341773855,0.9938736283982835,0.9820137900379085,0.3775406687981454
500,1,1.0,1.0,0.7833333333333333,1.0,1.0,1.0,1.0,1.0,0.999999999999968,0.7295616634875398,0.966803264709846,0.9820137900379085,0.3775406687981454
501,1,1.0,1.0,0.8,1.0,1.0,1.0,1.0,0.99999785,0.999999999999804,0.7417249372791667,0.9998641474360097,0.9820137900379085,0.3775406687981454
502,1,1.0,1.0,0.8,1.0,1.0,1.0,1.0,1.0,0.9999999999999678,0.7317188536239109,0.9991952088664012,0.9820137900379085,0.3775406687981454
503,1,1.0,1.0,0.7333333333333333,1.0,1.0,1.0,1.0,0.9999994,0.9999999999999617,0.6798889005696136,0.5399796203406995,0.9820137900379085,0.3775406687981454
504,1,1.0,1.0,0.7833333333333333,1.0,1.0,1.0,1.0,0.9999995,0.99999999999997,0.718764680848813,0.9901461504579078,0.9820137900379085,0.3775406687981454
505,1,1.0,1.0,0.7333333333333333,1.0,1.0,1.0,1.0,1.0,0.9999999999999292,0.699483399998084,0.9982457461874501,0.9820137900379085,0.3775406687981454
506,1,1.0,1.0,0.6666666666666666,1.0,1.0,1.0,1.0,1.0,0.99999999999997,0.6435741086904861,0.9996403155866256,0.9820137900379085,0.3775406687981454
507,1,1.0,1.0,0.6666666666666666,1.0,1.0,1.0,1.0,1.0,0.9999999999999699,0.6456050001692188,0.9963620925503588,0.9820137900379085,0.3775406687981454
508,1,1.0,1.0,0.6833333333333333,1.0,1.0,1.0,1.0,1.0,0.99999999999997,0.6350191211081614,0.8715696181672996,0.9820137900379085,0.3775406687981454
509,1,1.0,1.0,0.6833333333333333,1.0,1.0,1.0,1.0,0.999998,0.9999999999999493,0.6527718359641786,0.9827241642341763,0.9820137900379085,0.3775406687981454
510,1,1.0,1.0,0.65,1.0,1.0,1.0,1.0,1.0,0.99999999999997,0.6299044128582751,0.9287942111642424,0.9820137900379085,0.3775406687981454
511,1,1.0,1.0,0.6166666666666667,1.0,1.0,1.0,1.0,0.9999981,0.9999999999999055,0.594499351887091,0.7108218047522769,0.9820137900379085,0.3775406687981454
512,1,1.0,1.0,0.7333333333333333,1.0,1.0,1.0,1.0,1.0,0.9999999999999687,0.6841384759068969,0.9984813614304807,0.9820137900379085,0.3775406687981454
513,1,1.0,1.0,0.7,1.0,1.0,1.0,1.0,0.9989341,0.999999999999969,0.6538859565554264,0.9603515077435356,0.9820137900379085,0.3775406687981454
514,1,1.0,1.0,0.65,1.0,1.0,1.0,1.0,0.99999714,0.9999999999999544,0.6369931144606844,0.9316086858026174,0.9820137900379085,0.3775406687981454
515,1,1.0,1.0,0.6166666666666667,1.0,1.0,1.0,1.0,1.0,0.9999999999999183,0.6001861130046758,0.5631580296325531,0.9820137900379085,0.3775406687981454
516,1,1.0,1.0,0.7833333333333333,1.0,1.0,1.0,1.0,1.0,0.9999999999999697,0.7317268236587157,0.9972086901972916,0.9820137900379085,0.3775406687981454
517,1,1.0,1.0,0.7166666666666667,1.0,1.0,1.0,1.0,1.0,0.9999999999999604,0.6732207341276453,0.9900447409271893,0.9820137900379085,0.3775406687981454
518,1,1.0,1.0,0.6833333333333333,1.0,1.0,1.0,1.0,1.0,0.9999999999999672,0.6450231205667196,0.875600586281366,0.9820137900379085,0.3775406687981454
519,1,1.0,1.0,0.7333333333333333,1.0,1.0,1.0,1.0,1.0,0.99999999999997,0.6967540412132581,0.995705972815073,0.9820137900379085,0.3775406687981454
520,1,1.0,1.0,0.6833333333333333,1.0,1.0,1.0,1.0,1.0,0.99999999999997,0.6148374838501547,0.999294981750817,0.9820137900379085,0.3775406687981454
521,1,1.0,1.0,0.75,1.0,1.0,1.0,1.0,0.99995625,0.99999999999997,0.6865467767494731,0.9767727587170463,0.9820137900379085,0.3775406687981454
522,1,1.0,1.0,0.7333333333333333,1.0,1.0,1.0,1.0,1.0,0.99999999999997,0.6869663865796666,0.9914913073591773,0.9820137900379085,0.3775406687981454
523,1,1.0,1.0,0.7333333333333333,1.0,1.0,1.0,1.0,0.9999585,0.9999999999999597,0.6888196843324299,0.9983469135392308,0.9820137900379085,0.3775406687981454
524,1,1.0,1.0,0.7333333333333333,1.0,1.0,1.0,1.0,1.0,0.9999999999999697,0.7075517161252142,0.9262386502084241,0.9820137900379085,0.3775406687981454
525,1,1.0,1.0,0.75,1.0,1.0,1.0,1.0,1.0,0.99999999999997,0.7040617531146122,0.9554944505268729,0.9820137900379085,0.3775406687981454
526,1,1.0,1.0,0.6666666666666666,1.0,1.0,1.0,1.0,0.9981451,0.99999999999997,0.6171893070364589,0.9927734060049203,0.9820137900379085,0.3775406687981454
527,1,1.0,1.0,0.6833333333333333,1.0,1.0,1.0,1.0,1.0,0.99999999999997,0.6309384310753651,0.9998034681138462,0.9820137900379085,0.3775406687981454
528,1,1.0,1.0,0.7,1.0,1.0,1.0,1.0,1.0,0.9999999999999687,0.6740425512910906,0.9600060291474057,0.9820137900379085,0.3775406687981454
529,1,1.0,1.0,0.7333333333333333,1.0,1.0,1.0,1.0,1.0,0.99999999999997,0.7135957011293382,0.9855134906874035,0.9820137900379085,0.3775406687981454
530,1,1.0,1.0,0.7166666666666667,1.0,1.0,1.0,1.0,1.0,0.99999999999997,0.665137780188824,0.9904944893815404,0.9820137900379085,0.3775406687981454
531,1,1.0,1.0,0.5666666666666667,1.0,1.0,1.0,1.0,0.9999889,0.9999999999999621,0.5481100910870382,0.9183386426600785,0.9820137900379085,0.3775406687981454
532,1,1.0,1.0,0.75,1.0,1.0,1.0,1.0,1.0,0.99999999999997,0.690177354686638,0.9848075749966261,0.9820137900379085,0.3775406687981454
533,1,1.0,1.0,0.7666666666666667,1.0,1.0,1.0,1.0,0.99992573,0.9999999999998717,0.7031053544226024,0.9846133399849264,0.9820137900379085,0.3775406687981454
534,1,1.0,1.0,0.65,1.0,1.0,1.0,1.0,0.9999999,0.99999999999997,0.6261886211488445,0.990107007903733,0.9820137900379085,0.3775406687981454
535,1,1.0,1.0,0.75,1.0,1.0,1.0,1.0,1.0,0.99999999999997,0.6945951010914998,0.6984923634769793,0.9820137900379085,0.3775406687981454
536,1,1.0,1.0,0.7,1.0,1.0,1.0,1.0,0.99999964,0.99999999999997,0.6665520314628561,0.9755829287641155,0.9820137900379085,0.3775406687981454
537,1,1.0,1.0,0.8,1.0,1.0,1.0,1.0,1.0,0.99999999999997,0.7383202303361779,0.9978026624290602,0.9820137900379085,0.3775406687981454
538,1,1.0,1.0,0.7833333333333333,1.0,1.0,1.0,1.0,1.0,0.99999999999997,0.7126329916382463,0.9974369194670678,0.9820137900379085,0.3775406687981454
539,1,1.0,1.0,0.7666666666666667,1.0,1.0,1.0,1.0,1.0,0.9999999999999682,0.7090685002768582,0.9944629846456164,0.9820137900379085,0.3775406687981454
540,1,1.0,1.0,0.7166666666666667,1.0,1.0,1.0,1.0,1.0,0.99999999999997,0.6717920902735725,0.9499472282946773,0.9820137900379085,0.3775406687981454
541,1,1.0,1.0,0.7666666666666667,1.0,1.0,1.0,1.0,1.0,0.99999999999997,0.7278537305806291,0.9995972062072678,0.9820137900379085,0.3775406687981454
542,1,1.0,1.0,0.75,1.0,1.0,1.0,1.0,0.9999999,0.9999999999999695,0.7074286543499816,0.7471575579130543,0.9820137900379085,0.3775406687981454
543,1,1.0,1.0,0.65,1.0,1.0,1.0,1.0,1.0,0.9999999999999687,0.6391245875982371,0.9490949107048228,0.9820137900379085,0.3775406687981454
544,1,1.0,1.0,0.6833333333333333,1.0,1.0,1.0,1.0,0.9999999,0.99999999999997,0.6457335737060634,0.9521327277643543,0.9820137900379085,0.3775406687981454
545,1,1.0,1.0,0.7333333333333333,1.0,1.0,1.0,1.0,1.0,0.99999999999997,0.688249425077883,0.9984566819464655,0.9820137900379085,0.3775406687981454
546,1,1.0,1.0,0.6333333333333333,1.0,1.0,1.0,1.0,0.9999583,0.99999999999997,0.6123162340945004,0.9743710436115257,0.9820137900379085,0.3775406687981454
547,1,1.0,1.0,0.8166666666666667,1.0,1.0,1.0,1.0,1.0,0.99999999999997,0.7524878310572103,0.9762129978175753,0.9820137900379085,0.3775406687981454
548,1,1.0,1.0,0.7833333333333333,1.0,1.0,1.0,1.0,1.0,0.99999999999997,0.73526912692351,0.997173786055667,0.9820137900379085,0.3775406687981454
549,1,1.0,1.0,0.7833333333333333,1.0,1.0,1.0,1.0,0.99998546,0.9999999999779231,0.7001511219698295,0.9979684512636778,0.9820137900379085,0.3775406687981454
550,1,1.0,1.0,0.7166666666666667,1.0,1.0,1.0,1.0,1.0,0.99999999999997,0.665422245407982,0.89132174362642,0.9820137900379085,0.3775406687981454
551,1,1.0,1.0,0.7666666666666667,1.0,1.0,1.0,1.0,1.0,0.99999999999997,0.7319703161264922,0.9982457461874501,0.9820137900379085,0.3775406687981454
552,1,1.0,1.0,0.75,1.0,1.0,1.0,1.0,0.9999999,0.9999999999999699,0.6938974263648023,0.990107007903733,0.9820137900379085,0.3775406687981454
553,1,1.0,1.0,0.7833333333333333,1.0,1.0,1.0,1.0,0.9999981,0.9999999999999684,0.7293323377724868,0.9657870074881826,0.9820137900379085,0.3775406687981454
554,1,1.0,1.0,0.7666666666666667,1.0,1.0,1.0,1.0,1.0,0.99999999999997,0.7093661882938775,0.9945311123996511,0.9820137900379085,0.3775406687981454
555,1,1.0,1.0,0.6166666666666667,1.0,1.0,1.0,1.0,1.0,0.99999999999997,0.6138092776625206,0.9500007573512524,0.9820137900379085,0.3775406687981454
556,1,1.0,1.0,0.7333333333333333,1.0,1.0,1.0,1.0,1.0,0.99999999999997,0.6809216949334382,0.9822507179352163,0.9820137900379085,0.3775406687981454
557,1,1.0,1.0,0.8166666666666667,1.0,1.0,1.0,1.0,0.99956864,0.9999999999999697,0.7770742539956056,0.9800274578894133,0.9820137900379085,0.3775406687981454
558,1,1.0,1.0,0.65,1.0,1.0,1.0,1.0,1.0,0.99999999999997,0.6104197216844598,0.9452288950802206,0.9820137900379085,0.3775406687981454
559,1,1.0,1.0,0.8,1.0,1.0,1.0,1.0,1.0,0.99999999999997,0.7368661436352014,0.997173786055667,0.9820137900379085,0.3775406687981454
560,1,1.0,1.0,0.8,1.0,1.0,1.0,1.0,0.99996936,0.9999999999999699,0.7737043802574165,0.9988683802649845,0.9820137900379085,0.3775406687981454
561,1,1.0,1.0,0.75,1.0,1.0,1.0,1.0,0.99997294,0.9999999999999444,0.7062706359249248,0.9356420825804335,0.9820137900379085,0.3775406687981454
562,1,1.0,1.0,0.8166666666666667,1.0,1.0,1.0,1.0,1.0,0.9999999999999584,0.7650028852346737,0.9666770074785324,0.9820137900379085,0.3775406687981454
563,1,1.0,1.0,0.65,1.0,1.0,1.0,1.0,1.0,0.99999999999997,0.617385838265928,0.5527794331959262,0.9820137900379085,0.3775406687981454
564,1,1.0,1.0,0.75,1.0,1.0,1.0,1.0,1.0,0.999999999999888,0.683676034019294,0.9986122792954104,0.9820137900379085,0.3775406687981454
565,1,1.0,1.0,0.7333333333333333,1.0,1.0,1.0,1.0,0.9919665,0.9999999999984754,0.6855351589190273,0.9980073587863795,0.9820137900379085,0.3775406687981454
566,1,1.0,1.0,0.7,1.0,1.0,1.0,1.0,1.0,0.99999999999997,0.6356447786755076,0.9995567552873014,0.9820137900379085,0.3775406687981454
567,1,1.0,1.0,0.6666666666666666,1.0,1.0,1.0,1.0,1.0,0.99999999999997,0.6276309268216876,0.9997487656180595,0.9820137900379085,0.3775406687981454
568,1,1.0,1.0,0.7,1.0,1.0,1.0,1.0,1.0,0.99999999999997,0.6647705659728463,0.9939013767244443,0.9820137900379085,0.3775406687981454
569,1,1.0,1.0,0.75,1.0,1.0,1.0,1.0,1.0,0.999999999996891,0.7011485080286687,0.9994534991285807,0.9820137900379085,0.3775406687981454
570,1,1.0,1.0,0.7333333333333333,1.0,1.0,1.0,1.0,1.0,0.9999999999999676,0.7027871211875263,0.9826271149828205,0.9820137900379085,0.3775406687981454
571,1,1.0,1.0,0.7333333333333333,1.0,1.0,1.0,1.0,0.9932065,0.9999999999998771,0.6796290234933535,0.7370941409933004,0.9820137900379085,0.3775406687981454
572,1,1.0,1.0,0.5666666666666667,1.0,1.0,1.0,1.0,0.99999666,0.99999999999997,0.5529395989388186,0.999452029996397,0.9820137900379085,0.3775406687981454
573,1,1.0,1.0,0.7166666666666667,1.0,1.0,1.0,1.0,0.9820988,0.99999999999997,0.6535719935823345,0.9755342859537505,0.9820137900379085,0.3775406687981454
574,1,1.0,1.0,0.75,1.0,1.0,1.0,1.0,0.99993825,0.99999999999997,0.7162657488559062,0.9996093175663895,0.9820137900379085,0.3775406687981454
575,1,1.0,1.0,0.7166666666666667,1.0,1.0,1.0,1.0,1.0,0.9999999999999382,0.6776321002403944,0.9776280474608222,0.9820137900379085,0.3775406687981454
576,1,1.0,1.0,0.6833333333333333,1.0,1.0,1.0,1.0,1.0,0.99999999999997,0.6541926208670782,0.9893606989638254,0.9820137900379085,0.3775406687981454
577,1,1.0,1.0,0.6666666666666666,1.0,1.0,1.0,1.0,0.9999999,0.9999999999440816,0.6304348459719237,0.9801257435239146,0.9820137900379085,0.3775406687981454
578,1,1.0,1.0,0.65,1.0,1.0,1.0,1.0,0.9999602,0.9999999999999509,0.625934092693891,0.9960379116227772,0.9820137900379085,0.3775406687981454
579,1,1.0,1.0,0.7833333333333333,1.0,1.0,1.0,1.0,1.0,0.99999999999997,0.7169949577852548,0.999127205117121,0.9820137900379085,0.3775406687981454
580,1,1.0,1.0,0.7166666666666667,1.0,1.0,1.0,1.0,1.0,0.99999999999997,0.6841425444297673,0.999494462415416,0.9820137900379085,0.3775406687981454
581,1,1.0,1.0,0.7833333333333333,1.0,1.0,1.0,1.0,1.0,0.99999999999997,0.7278152869478635,0.9975318705174454,0.9820137900379085,0.3775406687981454
582,1,1.0,1.0,0.7333333333333333,1.0,1.0,1.0,1.0,1.0,0.9999999999999247,0.6850158586763837,0.9976129341968325,0.9820137900379085,0.3775406687981454
583,1,1.0,1.0,0.6833333333333333,1.0,1.0,1.0,1.0,1.0,0.99999999999997,0.6657192145790063,0.9994816439050238,0.9820137900379085,0.3775406687981454
584,1,1.0,1.0,0.6666666666666666,1.0,1.0,1.0,1.0,1.0,0.9999999947025578,0.6426476789705738,0.8244449446062205,0.9820137900379085,0.3775406687981454
585,0,1.0,0.2,0.7666666666666667,1.0,0.0,0.0,1.0,7.0682546e-07,0.9876329829676321,0.3130910544494233,0.997303613359084,0.9820137900379085,0.3775406687981454
586,0,1.0,0.08333333333333333,0.7333333333333333,1.0,0.0,0.0,1.0,1.49261e-07,0.8630281174311153,0.21742256505392513,0.9965497048351973,0.9820137900379085,0.3775406687981454
587,0,1.0,0.26666666666666666,0.6666666666666666,1.0,0.0,0.0,1.0,2.8691318e-13,0.7071637121495737,0.27398452161493625,0.9994399434270754,0.9820137900379085,0.3775406687981454
588,0,1.0,0.25,0.8,1.0,0.0,0.0,1.0,1.4360986e-09,0.6815921544802296,0.1913180153877479,0.9422837578708942,0.9820137900379085,0.3775406687981454
589,0,1.0,0.23333333333333334,0.75,1.0,0.0,0.0,1.0,9.042186e-14,0.725765558141447,0.22213422914041644,0.9948760964513659,0.9820137900379085,0.3775406687981454
590,0,1.0,0.2833333333333333,0.8166666666666667,1.0,0.0,0.0,1.0,3.5713534e-09,0.6845231644204405,0.18341392867751719,0.9922714005033167,0.9820137900379085,0.3775406687981454
591,0,1.0,0.2,0.7166666666666667,1.0,0.0,0.0,1.0,0.011468478,0.7325298673367958,0.2409645871428161,0.9802658264640227,0.9820137900379085,0.3775406687981454
592,0,1.0,0.15,0.7166666666666667,1.0,0.0,0.0,1.0,0.0009685895,0.7493150520898266,0.2583728210543036,0.9940552882031537,0.9820137900379085,0.3775406687981454
593,0,1.0,0.15,0.7666666666666667,1.0,0.0,0.0,1.0,1.2483182e-09,0.7541611220363239,0.19818201076281244,0.9990419080595078,0.9820137900379085,0.3775406687981454
594,0,1.0,0.13333333333333333,0.7666666666666667,1.0,0.0,0.0,1.0,3.413408e-14,0.816379220587005,0.225431108188852,0.9992567387715061,0.9820137900379085,0.3775406687981454
595,0,1.0,0.15,0.6666666666666666,1.0,0.0,0.0,1.0,2.3518e-06,0.7683010402934572,0.2821763748881921,0.9322994333674488,0.9820137900379085,0.3775406687981454
596,0,1.0,0.11666666666666667,0.75,1.0,0.0,0.0,1.0,1.458509e-15,0.7806907290737565,0.21285499183365444,0.9986209217298081,0.9820137900379085,0.3775406687981454
597,0,1.0,0.13333333333333333,0.75,1.0,0.0,0.0,1.0,7.100475e-07,0.7455681373285125,0.20651127832946695,0.9787355161457602,0.9820137900379085,0.3775406687981454
598,0,1.0,0.23333333333333334,0.8666666666666667,1.0,0.0,0.0,1.0,1.7297139e-12,0.6942052294482988,0.13157811169753428,0.9929430764630545,0.9820137900379085,0.3775406687981454
599,0,1.0,0.2833333333333333,0.7333333333333333,1.0,0.0,0.0,1.0,1.4226966e-08,0.6735484131183026,0.2169138619314224,0.9998212579518387,0.9820137900379085,0.3775406687981454
600,0,1.0,0.25,0.6833333333333333,1.0,0.0,0.0,1.0,3.6651143e-06,0.6952862928185459,0.27375592178150576,0.9885903021126833,0.9820137900379085,0.3775406687981454
601,0,1.0,0.23333333333333334,0.7166666666666667,1.0,0.0,0.0,1.0,2.1598137e-06,0.7066072498573546,0.23476575876302166,0.9972958530424092,0.9820137900379085,0.3775406687981454
602,0,1.0,0.2,0.7,1.0,0.0,0.0,1.0,6.217808e-11,0.7420719845905003,0.2393255597876059,0.9823276173775158,0.9820137900379085,0.3775406687981454
603,0,1.0,0.26666666666666666,0.6666666666666666,1.0,0.0,0.0,1.0,1.1777522e-13,0.7320781745261762,0.27074781553079286,0.8922058767584568,0.9820137900379085,0.3775406687981454
604,0,1.0,0.2,0.7166666666666667,1.0,0.0,0.0,1.0,3.2335362e-15,0.6966971357412421,0.23738301470292278,0.7195825432031142,0.9820137900379085,0.3775406687981454
605,0,1.0,0.31666666666666665,0.7166666666666667,1.0,0.0,0.0,1.0,0.0013155938,0.681242333258677,0.23685347988567557,0.9926902695965325,0.9820137900379085,0.3775406687981454
606,1,1.0,0.8,0.5833333333333334,1.0,0.0,1.0,1.0,1.0,0.9617031531446166,0.486182857719217,0.9997803300375719,0.9820137900379085,0.3775406687981454
607,1,1.0,1.0,0.7666666666666667,1.0,1.0,1.0,1.0,1.0,0.9999999999999377,0.7667166835224055,0.9420372454368549,0.9820137900379085,0.3775406687981454
608,1,1.0,1.0,0.65,1.0,1.0,1.0,1.0,1.0,0.999999999999731,0.6625581695035525,0.9992998185451856,0.9820137900379085,0.3775406687981454
609,1,1.0,1.0,0.7,1.0,1.0,1.0,1.0,0.99999964,0.9999999999999505,0.701411570906796,0.614864268738593,0.9820137900379085,0.3775406687981454
610,1,1.0,1.0,0.7666666666666667,1.0,1.0,1.0,1.0,1.0,0.9999999999999699,0.7585926210897825,0.9990199960776082,0.9820137900379085,0.3775406687981454
611,1,1.0,1.0,0.7,1.0,1.0,1.0,1.0,0.9964586,0.9999999999999653,0.6991379139575232,0.9915073481917241,0.9820137900379085,0.3775406687981454
612,1,1.0,1.0,0.7666666666666667,1.0,1.0,1.0,1.0,1.0,0.999999999999959,0.7748561893691777,0.9287942111642424,0.9820137900379085,0.3775406687981454
613,0,1.0,0.16666666666666666,0.7833333333333333,1.0,0.0,0.0,1.0,7.7522316e-07,0.7924304333912271,0.1868704862100829,0.9996364373445367,0.9820137900379085,0.3775406687981454
614,0,1.0,0.23333333333333334,0.7,1.0,0.0,0.0,1.0,4.6004242e-10,0.7025577702592914,0.27192464810601513,0.9369117059713367,0.9820137900379085,0.3775406687981454
615,0,1.0,0.16666666666666666,0.7166666666666667,1.0,0.0,0.0,1.0,1.8047841e-11,0.7471448766227017,0.2517344574455448,0.9970289773666676,0.9820137900379085,0.3775406687981454
616,0,1.0,0.23333333333333334,0.7333333333333333,1.0,0.0,0.0,1.0,7.192462e-08,0.7186592336379751,0.21853118790917622,0.9983078923350568,0.9820137900379085,0.3775406687981454
617,0,1.0,0.18333333333333332,0.6166666666666667,1.0,0.0,0.0,1.0,1.1843487e-08,0.7230563844300082,0.31205297397378473,0.9971144430939773,0.9820137900379085,0.3775406687981454
618,0,1.0,0.13333333333333333,0.7166666666666667,1.0,0.0,0.0,1.0,1.3037531e-08,0.7961423213511405,0.2449085788818088,0.9933021958230617,0.9820137900379085,0.3775406687981454
619,0,1.0,0.25,0.7,1.0,0.0,0.0,1.0,4.0963247e-10,0.665459331582742,0.25407549059573475,0.8684726600743855,0.9820137900379085,0.3775406687981454
620,1,1.0,0.95,0.6833333333333333,1.0,1.0,1.0,1.0,0.9999976,0.9667814259928593,0.6103324920830672,0.9997428013212655,0.9820137900379085,0.3775406687981454
621,1,1.0,1.0,0.6666666666666666,1.0,1.0,1.0,1.0,1.0,0.99999999999997,0.6033263436069515,0.9951118454806464,0.9820137900379085,0.3775406687981454
622,1,1.0,1.0,0.7333333333333333,1.0,1.0,1.0,1.0,1.0,0.9999999999999398,0.6788245685701008,0.9420372454368549,0.9820137900379085,0.3775406687981454
623,1,1.0,1.0,0.75,1.0,1.0,1.0,1.0,1.0,0.99999999999997,0.6833216581505837,0.9997825515363279,0.9820137900379085,0.3775406687981454
624,1,1.0,1.0,0.6833333333333333,1.0,1.0,1.0,1.0,1.0,0.9999999996468739,0.6452912475788113,0.9991870490817953,0.9820137900379085,0.3775406687981454
625,1,1.0,1.0,0.6166666666666667,1.0,1.0,1.0,1.0,1.0,0.99999999999997,0.5762014238843448,0.9982410547609468,0.9820137900379085,0.3775406687981454
626,1,1.0,1.0,0.7833333333333333,1.0,1.0,1.0,1.0,1.0,0.9999999999999695,0.7163318264229585,0.9998966843937418,0.9820137900379085,0.3775406687981454
627,1,1.0,1.0,0.75,1.0,1.0,1.0,1.0,1.0,0.999999999982092,0.6954463684288328,0.8737344042281255,0.9820137900379085,0.3775406687981454
628,1,1.0,1.0,0.6833333333333333,1.0,1.0,1.0,1.0,0.9993013,0.99999999999997,0.6056628964099631,0.9912138629047057,0.9820137900379085,0.3775406687981454
629,1,1.0,1.0,0.7,1.0,1.0,1.0,1.0,1.0,0.99999999999997,0.6524178160375256,0.953540421649482,0.9820137900379085,0.3775406687981454
630,1,1.0,1.0,0.8166666666666667,1.0,1.0,1.0,1.0,0.99981683,0.99999999999997,0.75226073050801,0.9718834432625131,0.9820137900379085,0.3775406687981454
631,1,1.0,1.0,0.6666666666666666,1.0,1.0,1.0,1.0,0.9991246,0.99999999999997,0.621803436049377,0.5705662232765984,0.9820137900379085,0.3775406687981454
632,1,1.0,1.0,0.7166666666666667,1.0,1.0,1.0,1.0,1.0,0.99999999999997,0.666032409394687,0.9297786559752929,0.9820137900379085,0.3775406687981454
633,1,1.0,1.0,0.6833333333333333,1.0,1.0,1.0,1.0,1.0,0.99999999999997,0.6510206945118953,0.9345542719332387,0.9820137900379085,0.3775406687981454
634,1,1.0,1.0,0.7,1.0,1.0,1.0,1.0,1.0,0.9999999999999579,0.6517311477816548,0.9965971201429977,0.9820137900379085,0.3775406687981454
635,1,1.0,1.0,0.7833333333333333,1.0,1.0,1.0,1.0,1.0,0.9999999999861783,0.7294528003893112,0.9868352315495382,0.9820137900379085,0.3775406687981454
636,1,1.0,1.0,0.6666666666666666,1.0,1.0,1.0,1.0,0.9999982,0.99999999999995,0.6268088918278633,0.9761928213169195,0.9820137900379085,0.3775406687981454
637,1,1.0,1.0,0.7666666666666667,1.0,1.0,1.0,1.0,1.0,0.9999999999824899,0.6709737757706095,0.884208301577366,0.9820137900379085,0.3775406687981454
638,1,1.0,1.0,0.6333333333333333,1.0,1.0,1.0,1.0,0.99999964,0.9999999999999555,0.5809279491662386,0.9755829287641155,0.9820137900379085,0.3775406687981454
639,1,1.0,1.0,0.7333333333333333,1.0,1.0,1.0,1.0,1.0,0.99999999999997,0.6701040071230785,0.9994726163981947,0.9820137900379085,0.3775406687981454
640,1,1.0,1.0,0.75,1.0,1.0,1.0,1.0,0.99999917,0.9999999999999614,0.672183426479363,0.7741676991931379,0.9820137900379085,0.3775406687981454
641,1,1.0,1.0,0.7333333333333333,1.0,1.0,1.0,1.0,1.0,0.99999999999997,0.6926200243679994,0.990979025484609,0.9820137900379085,0.3775406687981454
642,1,1.0,1.0,0.6166666666666667,1.0,1.0,1.0,1.0,1.0,0.999999999999954,0.6001752859796745,0.9983238958307725,0.9820137900379085,0.3775406687981454
643,1,1.0,1.0,0.65,1.0,1.0,1.0,1.0,0.99924636,0.99999999999997,0.6092247172032275,0.9856276424356207,0.9820137900379085,0.3775406687981454
644,1,1.0,1.0,0.85,1.0,1.0,1.0,1.0,1.0,0.99999999999997,0.794215852047541,0.9883210488349458,0.9820137900379085,0.3775406687981454
645,1,1.0,1.0,0.7833333333333333,1.0,1.0,1.0,1.0,0.9999869,0.99999999999997,0.7181536910547988,0.9747160573614366,0.9820137900379085,0.3775406687981454
646,0,1.0,0.35,0.75,1.0,0.0,0.0,1.0,1.0916987e-10,0.9376969844290854,0.2803038007247043,0.9999150405502033,0.9820137900379085,0.3775406687981454
647,0,1.0,0.11666666666666667,0.6666666666666666,1.0,0.0,0.0,1.0,0.001928028,0.75653387562527,0.2797852117127203,0.9975986946513583,0.9820137900379085,0.3775406687981454
648,0,1.0,0.2,0.6833333333333333,1.0,0.0,0.0,1.0,3.6395262e-10,0.7226067683271055,0.2654811200454198,0.9997196488033402,0.9820137900379085,0.3775406687981454
649,0,1.0,0.16666666666666666,0.75,1.0,0.0,0.0,1.0,0.00096530706,0.7467431404848185,0.21983107625259388,0.9962582487951773,0.9820137900379085,0.3775406687981454
650,0,1.0,0.15,0.6666666666666666,1.0,0.0,0.0,1.0,0.0005050147,0.7690579366144159,0.27617372977973803,0.9999391110151016,0.9820137900379085,0.3775406687981454
651,0,1.0,0.23333333333333334,0.7333333333333333,1.0,0.0,0.0,1.0,9.2810396e-08,0.6822920831009219,0.22646210129911248,0.9130612385513861,0.9820137900379085,0.3775406687981454
652,0,1.0,0.25,0.6666666666666666,1.0,0.0,0.0,1.0,3.6759896e-08,0.7209619733820164,0.27706698979896266,0.994266592638601,0.9820137900379085,0.3775406687981454
653,0,1.0,0.25,0.6833333333333333,1.0,0.0,0.0,1.0,0.0006434593,0.7253809971700284,0.2679179275946712,0.9972959989423791,0.9820137900379085,0.3775406687981454
654,0,1.0,0.2,0.7,1.0,0.0,0.0,1.0,0.00011751432,0.721970318234403,0.2514633069670375,0.998012803103385,0.9820137900379085,0.3775406687981454
655,0,1.0,0.15,0.8,1.0,0.0,0.0,1.0,0.24851744,0.7541352331009873,0.1994599400925003,0.9999069330593284,0.9820137900379085,0.3775406687981454
656,0,1.0,0.15,0.75,1.0,0.0,0.0,1.0,3.3409805e-07,0.7609399423880808,0.21217901824792804,0.9895651618190037,0.9820137900379085,0.3775406687981454
657,0,1.0,0.08333333333333333,0.7,1.0,0.0,0.0,1.0,2.0897035e-08,0.789516285744737,0.24353557135510062,0.9983204715591528,0.9820137900379085,0.3775406687981454
658,0,1.0,0.25,0.7666666666666667,1.0,0.0,0.0,1.0,2.1074973e-06,0.712334400047948,0.19739571621567864,0.999890324671743,0.9820137900379085,0.3775406687981454
659,0,1.0,0.11666666666666667,0.7666666666666667,1.0,0.0,0.0,1.0,9.946235e-10,0.7670752444598085,0.21109016965742777,0.9989497510268208,0.9820137900379085,0.3775406687981454
660,0,1.0,0.13333333333333333,0.6166666666666667,1.0,0.0,0.0,1.0,1.9372341e-10,0.757772336917912,0.3212916387230945,0.9920424850772689,0.9820137900379085,0.3775406687981454
661,0,1.0,0.15,0.6833333333333333,1.0,0.0,0.0,1.0,4.845689e-10,0.753270972243101,0.2563616011158004,0.9996904004834208,0.9820137900379085,0.3775406687981454
662,0,1.0,0.18333333333333332,0.7833333333333333,1.0,0.0,0.0,1.0,8.3144636e-07,0.7422487168304113,0.19811311422012676,0.9998718681273165,0.9820137900379085,0.3775406687981454
663,0,1.0,0.23333333333333334,0.7,1.0,0.0,0.0,1.0,1.6236643e-12,0.6960006312848748,0.24435001413357016,0.9975018879800017,0.9820137900379085,0.3775406687981454
664,0,1.0,0.23333333333333334,0.6833333333333333,1.0,0.0,0.0,1.0,2.971982e-16,0.7251580008259174,0.2621533129942218,0.9978079286180982,0.9820137900379085,0.3775406687981454
665,0,1.0,0.26666666666666666,0.7333333333333333,1.0,0.0,0.0,1.0,9.27264e-07,0.6900616687327841,0.2186024817921601,0.9435921560466073,0.9820137900379085,0.3775406687981454
666,0,1.0,0.26666666666666666,0.7166666666666667,1.0,0.0,0.0,1.0,8.194517e-09,0.7065415166519317,0.21973584112365346,0.9940852886987795,0.9820137900379085,0.3775406687981454
667,0,1.0,0.2,0.6833333333333333,1.0,0.0,0.0,1.0,1.4888596e-07,0.7421172998893767,0.26646332483862606,0.9978158205287613,0.9820137900379085,0.3775406687981454
668,0,1.0,0.5,0.7,1.0,0.0,0.0,1.0,1.8047841e-11,0.8132368588824342,0.4195788855051097,0.9970289773666676,0.9820137900379085,0.3775406687981454
669,1,1.0,1.0,0.7666666666666667,1.0,1.0,1.0,1.0,1.0,0.9999999742983481,0.7153462332231566,0.9976477622314479,0.9820137900379085,0.3775406687981454
670,1,1.0,1.0,0.7,1.0,1.0,1.0,1.0,1.0,0.9999999742668357,0.6569037128342008,0.9996641762849585,0.9820137900379085,0.3775406687981454
671,1,1.0,1.0,0.8166666666666667,1.0,1.0,1.0,1.0,0.9831955,0.9999999991862841,0.7621922975167814,0.9369625062182566,0.9820137900379085,0.3775406687981454
672,1,1.0,1.0,0.7833333333333333,1.0,1.0,1.0,1.0,1.0,0.9999999841149096,0.7542592086466055,0.9993075318279533,0.9820137900379085,0.3775406687981454
673,1,1.0,1.0,0.6,1.0,1.0,1.0,1.0,1.0,0.9999999999970853,0.6043550905556995,0.9828984854531242,0.9820137900379085,0.3775406687981454
674,1,1.0,1.0,0.8333333333333334,1.0,1.0,1.0,1.0,1.0,0.99999999786021,0.7863055266943864,0.9990453727779722,0.9820137900379085,0.3775406687981454
675,1,1.0,1.0,0.6833333333333333,1.0,1.0,1.0,1.0,1.0,0.9999999974263919,0.6553843597227569,0.9975318705174454,0.9820137900379085,0.3775406687981454
676,1,1.0,1.0,0.65,1.0,1.0,1.0,1.0,0.99996245,0.9999999921147015,0.6200481654250735,0.9993071863799787,0.9820137900379085,0.3775406687981454
677,1,1.0,1.0,0.6666666666666666,1.0,1.0,1.0,1.0,0.99999976,0.9999999999949563,0.6218782176695693,0.6607696272911444,0.9820137900379085,0.3775406687981454
678,1,1.0,1.0,0.7666666666666667,1.0,1.0,1.0,1.0,1.0,0.999999796387089,0.7286686423190935,0.9911357466633574,0.9820137900379085,0.3775406687981454
679,1,1.0,1.0,0.7666666666666667,1.0,1.0,1.0,1.0,1.0,0.9998775167768309,0.7284322596491941,0.9954269587635926,0.9820137900379085,0.3775406687981454
680,1,1.0,1.0,0.8,1.0,1.0,1.0,1.0,0.99999964,0.9999230529907684,0.7516745509354986,0.9878198933287393,0.9820137900379085,0.3775406687981454
681,1,1.0,1.0,0.6666666666666666,1.0,1.0,1.0,1.0,1.0,0.9999999743564884,0.6593393762946719,0.9997825515363279,0.9820137900379085,0.3775406687981454
682,1,1.0,1.0,0.7,1.0,1.0,1.0,1.0,0.9999994,0.9999998425648127,0.6527114616633317,0.9715152635107532,0.9820137900379085,0.3775406687981454
683,1,1.0,1.0,0.6333333333333333,1.0,1.0,1.0,1.0,1.0,0.9999999193775524,0.5914343302682489,0.7798383440557941,0.9820137900379085,0.3775406687981454
684,1,1.0,1.0,0.6333333333333333,1.0,1.0,1.0,1.0,0.9999572,0.9999999986612154,0.632646950137819,0.9539714790148767,0.9820137900379085,0.3775406687981454
685,1,1.0,1.0,0.7166666666666667,1.0,1.0,1.0,1.0,0.99995625,0.9999999625816699,0.6608195762411202,0.9767727587170463,0.9820137900379085,0.3775406687981454
686,1,1.0,1.0,0.7,1.0,1.0,1.0,1.0,1.0,0.999999986153141,0.6706509856433914,0.9072925059983022,0.9820137900379085,0.3775406687981454
687,1,1.0,1.0,0.65,1.0,1.0,1.0,1.0,0.99999964,0.9999999997161594,0.6211230471404383,0.9983588256674,0.9820137900379085,0.3775406687981454
688,1,1.0,1.0,0.6333333333333333,1.0,1.0,1.0,1.0,0.9999999,0.9999999923883351,0.592943911236161,0.99809579642152,0.9820137900379085,0.3775406687981454
689,1,1.0,1.0,0.7166666666666667,1.0,1.0,1.0,1.0,1.0,0.9999999995623666,0.6861610360481963,0.7783637834582099,0.9820137900379085,0.3775406687981454
690,1,1.0,1.0,0.8166666666666667,1.0,1.0,1.0,1.0,0.9985656,0.9999999999923694,0.7718250158414828,0.9892076131010374,0.9820137900379085,0.3775406687981454
691,1,1.0,1.0,0.7166666666666667,1.0,1.0,1.0,1.0,1.0,0.9999999959543885,0.6861537677929749,0.9992979134407941,0.9820137900379085,0.3775406687981454
692,1,1.0,1.0,0.7,1.0,1.0,1.0,1.0,1.0,0.9999999995777067,0.6920186216398656,0.9978133764845403,0.9820137900379085,0.3775406687981454
693,1,1.0,1.0,0.65,1.0,1.0,1.0,1.0,1.0,0.9999999608156853,0.6253990560612053,0.9915251274907846,0.9820137900379085,0.3775406687981454
694,0,1.0,0.26666666666666666,0.7166666666666667,1.0,0.0,0.0,1.0,3.5806344e-10,0.8962161973624213,0.3707105183802643,0.9980428953988277,0.9820137900379085,0.3775406687981454
695,1,1.0,0.8833333333333333,0.7166666666666667,1.0,1.0,1.0,1.0,1.0,0.9641281973381387,0.5862000934099586,0.9504686284734896,0.9820137900379085,0.3775406687981454
696,1,1.0,1.0,0.7666666666666667,1.0,1.0,1.0,1.0,1.0,0.99999999999997,0.7028020830687802,0.9968394154821897,0.9820137900379085,0.3775406687981454
697,1,1.0,1.0,0.6666666666666666,1.0,1.0,1.0,1.0,1.0,0.9999999999999699,0.6362393749913645,0.9848075749966261,0.9820137900379085,0.3775406687981454
698,1,1.0,1.0,0.75,1.0,1.0,1.0,1.0,1.0,0.99999999999997,0.6860148892819375,0.9919357673365928,0.9820137900379085,0.3775406687981454
699,1,1.0,1.0,0.8166666666666667,1.0,1.0,1.0,1.0,1.0,0.99999999999997,0.7546934352767298,0.9004883758947761,0.9820137900379085,0.3775406687981454
700,1,1.0,1.0,0.7,1.0,1.0,1.0,1.0,0.9999865,0.99999999999997,0.6508792528963093,0.9806669539185048,0.9820137900379085,0.3775406687981454
701,1,1.0,1.0,0.8333333333333334,1.0,1.0,1.0,1.0,1.0,0.99999999999997,0.7449489304233489,0.9716732917171034,0.9820137900379085,0.3775406687981454
702,1,1.0,1.0,0.7333333333333333,1.0,1.0,1.0,1.0,1.0,0.99999999999997,0.6641981887366015,0.875600586281366,0.9820137900379085,0.3775406687981454
703,1,1.0,1.0,0.6666666666666666,1.0,1.0,1.0,1.0,1.0,0.9999999999999666,0.6267914830848257,0.9288603225091662,0.9820137900379085,0.3775406687981454
704,1,1.0,1.0,0.6833333333333333,1.0,1.0,1.0,1.0,1.0,0.9999999999999619,0.651430913237314,0.9989097190647269,0.9820137900379085,0.3775406687981454
705,1,1.0,1.0,0.85,1.0,0.0,0.0,1.0,0.62927026,0.9999999999999682,0.8027459157206939,0.8988959948312817,0.9820137900379085,0.3775406687981454
706,1,1.0,1.0,0.7333333333333333,1.0,1.0,1.0,1.0,0.9999995,0.99999999999997,0.6836306659570929,0.9901461504579078,0.9820137900379085,0.3775406687981454
707,1,1.0,1.0,0.7166666666666667,1.0,1.0,1.0,1.0,1.0,0.99999999999997,0.6578743027900159,0.9996641762849585,0.9820137900379085,0.3775406687981454
708,1,1.0,1.0,0.6666666666666666,1.0,1.0,1.0,1.0,1.0,0.99999999999997,0.616837187526684,0.9297516384348616,0.9820137900379085,0.3775406687981454
709,1,1.0,1.0,0.7166666666666667,1.0,0.0,0.0,1.0,0.62414175,0.9999999999999692,0.6639763738103003,0.9817992500503306,0.9820137900379085,0.3775406687981454
710,1,1.0,1.0,0.7,1.0,1.0,1.0,1.0,1.0,0.9999999999999692,0.655170719164806,0.9982457461874501,0.9820137900379085,0.3775406687981454
711,1,1.0,1.0,0.6333333333333333,1.0,1.0,1.0,1.0,1.0,0.9999999999999464,0.612362942416827,0.9553544289531872,0.9820137900379085,0.3775406687981454
712,1,1.0,1.0,0.7333333333333333,1.0,1.0,1.0,1.0,0.99999475,0.9999999999999539,0.6718705455005421,0.9992269546581408,0.9820137900379085,0.3775406687981454
713,1,1.0,1.0,0.7,1.0,1.0,1.0,1.0,0.9999945,0.99999999999997,0.6611971330172284,0.9996065473638286,0.9820137900379085,0.3775406687981454
714,1,1.0,1.0,0.7666666666666667,1.0,1.0,1.0,1.0,1.0,0.99999999999997,0.7203298677527215,0.9964337157632774,0.9820137900379085,0.3775406687981454
715,1,1.0,1.0,0.6,1.0,1.0,1.0,1.0,0.99999964,0.9999999999999699,0.5721635704856742,0.8853707458530701,0.9820137900379085,0.3775406687981454
716,1,1.0,1.0,0.7,1.0,1.0,1.0,1.0,0.9999994,0.9999999999998898,0.6314830512606144,0.4760773225560131,0.9820137900379085,0.3775406687981454
717,1,1.0,1.0,0.75,1.0,1.0,1.0,1.0,0.99999964,0.99999999999997,0.6851802706837563,0.9878198933287393,0.9820137900379085,0.3775406687981454
718,1,1.0,1.0,0.7,1.0,1.0,1.0,1.0,1.0,0.99999999999997,0.6503509622732039,0.9368355682767364,0.9820137900379085,0.3775406687981454
719,1,1.0,1.0,0.75,1.0,1.0,1.0,1.0,1.0,0.99999999999997,0.6772307990113922,0.8115226939651581,0.9820137900379085,0.3775406687981454
720,1,1.0,1.0,0.7666666666666667,1.0,1.0,1.0,1.0,1.0,0.99999999999997,0.6849555752151556,0.9042779816815727,0.9820137900379085,0.3775406687981454
721,1,1.0,1.0,0.65,1.0,1.0,1.0,1.0,1.0,0.9999999999999434,0.5934705266876418,0.9807790849911555,0.9820137900379085,0.3775406687981454
722,1,1.0,1.0,0.8,1.0,1.0,1.0,1.0,1.0,0.99999999999997,0.7345587734061534,0.9450090289798143,0.9820137900379085,0.3775406687981454
723,1,1.0,1.0,0.7166666666666667,1.0,1.0,1.0,1.0,0.9999999,0.9999999999999668,0.6729259279872656,0.8584255841961285,0.9820137900379085,0.3775406687981454
724,1,1.0,1.0,0.7666666666666667,1.0,1.0,1.0,1.0,0.99956864,0.999999999999969,0.7114410153070168,0.9800274578894133,0.9820137900379085,0.3775406687981454
725,1,1.0,1.0,0.6833333333333333,1.0,1.0,1.0,1.0,1.0,0.99999999999997,0.6468023325558809,0.9761906194330263,0.9820137900379085,0.3775406687981454
726,1,1.0,1.0,0.7333333333333333,1.0,1.0,1.0,1.0,1.0,0.99999999999997,0.7009412874821389,0.990742028185826,0.9820137900379085,0.3775406687981454
727,1,1.0,1.0,0.7666666666666667,1.0,1.0,1.0,1.0,0.9999994,0.9999999999968364,0.6760095812805357,0.9998714169608842,0.9820137900379085,0.3775406687981454
728,1,1.0,1.0,0.7666666666666667,1.0,1.0,1.0,1.0,0.99942577,0.9999999999999611,0.6891615701627498,0.9768733786396868,0.9820137900379085,0.3775406687981454
729,1,1.0,1.0,0.7333333333333333,1.0,1.0,1.0,1.0,1.0,0.9999999999999453,0.6806781328974448,0.9982886670344153,0.9820137900379085,0.3775406687981454
730,1,1.0,1.0,0.7833333333333333,1.0,1.0,1.0,1.0,1.0,0.999999999997746,0.70140447067905,0.9957155654461465,0.9820137900379085,0.3775406687981454
731,1,1.0,1.0,0.8,1.0,1.0,1.0,1.0,0.9999995,0.9999999999998636,0.7288407317345579,0.9949319332992937,0.9820137900379085,0.3775406687981454
732,1,1.0,1.0,0.7,1.0,1.0,1.0,1.0,0.99999785,0.9999999999999699,0.6202439251822549,0.9998641474360097,0.9820137900379085,0.3775406687981454
733,1,1.0,1.0,0.7333333333333333,1.0,1.0,1.0,1.0,0.99955505,0.9999999999999687,0.6721138061139471,0.9942653234546648,0.9820137900379085,0.3775406687981454
734,1,1.0,1.0,0.7666666666666667,1.0,1.0,1.0,1.0,0.99999964,0.99999999999997,0.6951553873331765,0.614864268738593,0.9820137900379085,0.3775406687981454
735,1,1.0,1.0,0.7166666666666667,1.0,1.0,1.0,1.0,1.0,0.99999999999997,0.6693483106197207,0.9988181848705252,0.9820137900379085,0.3775406687981454
736,1,1.0,1.0,0.75,1.0,1.0,1.0,1.0,1.0,0.99999999999997,0.6929016732097223,0.9052489979223155,0.9820137900379085,0.3775406687981454
737,1,1.0,1.0,0.6333333333333333,1.0,1.0,1.0,1.0,1.0,0.99999999999997,0.5738997562029444,0.9934786839158066,0.9820137900379085,0.3775406687981454
738,1,1.0,1.0,0.7666666666666667,1.0,1.0,1.0,1.0,0.9999994,0.99999999999997,0.6935831184956369,0.9965733045388574,0.9820137900379085,0.3775406687981454
739,1,1.0,1.0,0.7666666666666667,1.0,1.0,1.0,1.0,1.0,0.9999999999999687,0.7106600374359477,0.5442448356969801,0.9820137900379085,0.3775406687981454
740,1,1.0,1.0,0.7,1.0,1.0,1.0,1.0,1.0,0.9999999999999597,0.6605777857183611,0.9028611395902505,0.9820137900379085,0.3775406687981454
741,1,1.0,1.0,0.8,1.0,1.0,1.0,1.0,0.9999585,0.9999999999999306,0.7288004287077025,0.9983469135392308,0.9820137900379085,0.3775406687981454
742,1,1.0,1.0,0.7666666666666667,1.0,1.0,1.0,1.0,0.9999726,0.9999999999998411,0.7100234045076448,0.9916233555396038,0.9820137900379085,0.3775406687981454
743,1,1.0,1.0,0.6833333333333333,1.0,1.0,1.0,1.0,1.0,0.999999999999969,0.6388934114010045,0.9898069196996704,0.9820137900379085,0.3775406687981454
744,1,1.0,1.0,0.7333333333333333,1.0,1.0,1.0,1.0,0.99999845,0.9999999999999034,0.6786202468210522,0.9402087202483198,0.9820137900379085,0.3775406687981454
745,1,1.0,1.0,0.7833333333333333,1.0,1.0,1.0,1.0,0.9964586,0.99999999999997,0.7201655904791858,0.9915073481917241,0.9820137900379085,0.3775406687981454
746,1,1.0,1.0,0.7666666666666667,1.0,1.0,1.0,1.0,1.0,0.9999999999999541,0.7132104614738312,0.8343638027218278,0.9820137900379085,0.3775406687981454
747,1,1.0,1.0,0.8,1.0,1.0,1.0,1.0,0.99999964,0.9999999999677822,0.7021931697207117,0.9797232053679574,0.9820137900379085,0.3775406687981454
748,1,1.0,1.0,0.7833333333333333,1.0,1.0,1.0,1.0,1.0,0.9999999999999616,0.7270663788102232,0.9947257486912933,0.9820137900379085,0.3775406687981454
749,1,1.0,1.0,0.6833333333333333,1.0,1.0,1.0,1.0,1.0,0.99999999999997,0.6361261084734168,0.9708606748355607,0.9820137900379085,0.3775406687981454
750,1,1.0,1.0,0.6333333333333333,1.0,1.0,1.0,1.0,1.0,0.9999999999997118,0.5906322753167712,0.9810407131437395,0.9820137900379085,0.3775406687981454
751,1,1.0,1.0,0.8,1.0,1.0,1.0,1.0,1.0,0.9999999999999023,0.7225738118893066,0.777883614251681,0.9820137900379085,0.3775406687981454
752,1,1.0,1.0,0.8166666666666667,1.0,1.0,1.0,1.0,1.0,0.99999999999997,0.7503252034739428,0.9779578587365787,0.9820137900379085,0.3775406687981454
753,1,1.0,1.0,0.8,1.0,1.0,1.0,1.0,0.9999999,0.9999999999994648,0.7305485688396585,0.9992660901265609,0.9820137900379085,0.3775406687981454
754,1,1.0,1.0,0.7833333333333333,1.0,1.0,1.0,1.0,1.0,0.99999999999997,0.7315039214190819,0.9807790849911555,0.9820137900379085,0.3775406687981454
755,1,1.0,1.0,0.7333333333333333,1.0,1.0,1.0,1.0,1.0,0.9999999999999633,0.678137229860545,0.9945311123996511,0.9820137900379085,0.3775406687981454
756,1,1.0,1.0,0.8166666666666667,1.0,1.0,1.0,1.0,1.0,0.99999999999997,0.7683702923593783,0.9959723248127641,0.9820137900379085,0.3775406687981454
757,1,1.0,1.0,0.7833333333333333,1.0,1.0,1.0,1.0,1.0,0.99999999999997,0.7028813705478963,0.9933259729516258,0.9820137900379085,0.3775406687981454
758,1,1.0,1.0,0.7333333333333333,1.0,1.0,1.0,1.0,0.95389265,0.9999999999999588,0.6837766075762672,0.9511334193575761,0.9820137900379085,0.3775406687981454
759,1,1.0,1.0,0.6,1.0,1.0,1.0,1.0,1.0,0.99999999999997,0.5645920656567347,0.9152593670984285,0.9820137900379085,0.3775406687981454
760,1,1.0,1.0,0.7,1.0,1.0,1.0,1.0,0.9999995,0.99999999999997,0.6384045864430719,0.9728454402313627,0.9820137900379085,0.3775406687981454
761,1,0.0,1.0,0.7166666666666667,1.0,0.0,0.0,1.0,0.118427955,0.9999999999998219,0.6824724899972762,0.7940229334779203,0.9820137900379085,0.3775406687981454
762,1,1.0,1.0,0.7666666666666667,1.0,1.0,1.0,1.0,0.9999988,0.9999999999872443,0.6910050068866779,0.980829147223609,0.9820137900379085,0.3775406687981454
763,1,1.0,1.0,0.7833333333333333,1.0,1.0,1.0,1.0,1.0,0.99999999999997,0.7272626672777254,0.9985225863445687,0.9820137900379085,0.3775406687981454
764,1,1.0,1.0,0.7166666666666667,1.0,1.0,1.0,1.0,1.0,0.99999999999997,0.6630960921079895,0.998599409514803,0.9820137900379085,0.3775406687981454
765,1,1.0,1.0,0.7,1.0,1.0,1.0,1.0,0.9999099,0.99999999999997,0.6692039898469683,0.9720665014035661,0.9820137900379085,0.3775406687981454
766,1,1.0,1.0,0.7,1.0,1.0,1.0,1.0,1.0,0.9999999999994575,0.6540736113971077,0.9968664517822112,0.9820137900379085,0.3775406687981454
767,1,1.0,1.0,0.8166666666666667,1.0,1.0,1.0,1.0,0.99999213,0.99999999999997,0.7348486726466855,0.9990257050392215,0.9820137900379085,0.3775406687981454
768,1,1.0,1.0,0.6333333333333333,1.0,1.0,1.0,1.0,1.0,0.9999999999999218,0.5620533253086267,0.5561065307185673,0.9820137900379085,0.3775406687981454
769,1,1.0,1.0,0.8,1.0,1.0,1.0,1.0,0.99981683,0.9999999999847369,0.733715640850491,0.9718834432625131,0.9820137900379085,0.3775406687981454
770,1,1.0,1.0,0.7666666666666667,1.0,1.0,1.0,1.0,1.0,0.99999999999997,0.7112791609786044,0.9004883758947761,0.9820137900379085,0.3775406687981454
771,1,1.0,1.0,0.7166666666666667,1.0,1.0,1.0,1.0,1.0,0.9999999999999699,0.6563362813298039,0.9886611534789715,0.9820137900379085,0.3775406687981454
772,1,1.0,1.0,0.6833333333333333,1.0,1.0,1.0,1.0,1.0,0.99999999999997,0.6526150426817534,0.9968911334926136,0.9820137900379085,0.3775406687981454
773,1,1.0,1.0,0.65,1.0,1.0,1.0,1.0,1.0,0.9999999999999031,0.6301222168717524,0.9995709982075783,0.9820137900379085,0.3775406687981454
774,1,1.0,1.0,0.7833333333333333,1.0,1.0,1.0,1.0,1.0,0.9999999999999681,0.7295486117125549,0.9442088087453052,0.9820137900379085,0.3775406687981454
775,1,1.0,1.0,0.8333333333333334,1.0,1.0,1.0,1.0,1.0,0.999999999999967,0.7583708313765175,0.9953335183259194,0.9820137900379085,0.3775406687981454
776,1,1.0,1.0,0.7333333333333333,1.0,1.0,1.0,1.0,1.0,0.999999999999959,0.6714924685368171,0.999850104293133,0.9820137900379085,0.3775406687981454
777,1,1.0,1.0,0.7166666666666667,1.0,1.0,1.0,1.0,1.0,0.99999999999997,0.6635959262754351,0.953540421649482,0.9820137900379085,0.3775406687981454
778,1,1.0,1.0,0.65,1.0,0.0,0.0,1.0,0.7532616,0.99999999999997,0.6073162257493132,0.7082152780171436,0.9820137900379085,0.3775406687981454
779,1,1.0,1.0,0.7333333333333333,1.0,1.0,1.0,1.0,1.0,0.9999999999999535,0.6640131714029084,0.9703647262473075,0.9820137900379085,0.3775406687981454
780,1,1.0,1.0,0.7666666666666667,1.0,1.0,1.0,1.0,1.0,0.9999999999998737,0.7421119890203314,0.9959723248127641,0.9820137900379085,0.3775406687981454
781,1,1.0,1.0,0.7666666666666667,1.0,1.0,1.0,1.0,1.0,0.99999999999997,0.6779762660966568,0.9987513354456483,0.9820137900379085,0.3775406687981454
782,1,1.0,1.0,0.7166666666666667,1.0,1.0,1.0,1.0,1.0,0.99999999999997,0.6748662526272969,0.9916640801484449,0.9820137900379085,0.3775406687981454
783,1,1.0,1.0,0.8,1.0,1.0,1.0,1.0,0.99995625,0.9999999999999588,0.7305089607953895,0.9767727587170463,0.9820137900379085,0.3775406687981454
784,1,1.0,1.0,0.6333333333333333,1.0,1.0,1.0,1.0,0.9997688,0.99999999999997,0.6110547300152089,0.9389052360885237,0.9820137900379085,0.3775406687981454
785,1,1.0,1.0,0.75,1.0,1.0,1.0,1.0,1.0,0.9999999999999578,0.6934316405724533,0.8894206904339861,0.9820137900379085,0.3775406687981454
786,1,1.0,1.0,0.75,1.0,1.0,1.0,1.0,1.0,0.99999999999997,0.702657754295907,0.9995709982075783,0.9820137900379085,0.3775406687981454
787,1,1.0,1.0,0.7,1.0,1.0,1.0,1.0,1.0,0.999999999999969,0.6619140153025079,0.9922262959205852,0.9820137900379085,0.3775406687981454
788,1,1.0,1.0,0.8333333333333334,1.0,1.0,1.0,1.0,1.0,0.999999999999969,0.7654925524978984,0.9889619477713655,0.9820137900379085,0.3775406687981454
789,1,1.0,1.0,0.65,1.0,1.0,1.0,1.0,0.9999474,0.9999999999993879,0.6433042030282745,0.8703637490889292,0.9820137900379085,0.3775406687981454
790,1,1.0,1.0,0.7333333333333333,1.0,1.0,1.0,1.0,1.0,0.9999999998612796,0.6608602488764884,0.9975377304543713,0.9820137900379085,0.3775406687981454
791,1,1.0,1.0,0.8,1.0,1.0,1.0,1.0,0.994052,0.9999999999998941,0.7342155880493729,0.9974407219656263,0.9820137900379085,0.3775406687981454
792,1,1.0,1.0,0.7666666666666667,1.0,1.0,1.0,1.0,0.9997688,0.99999999999997,0.705109889069826,0.9389052360885237,0.9820137900379085,0.3775406687981454
793,1,1.0,1.0,0.7666666666666667,1.0,1.0,1.0,1.0,1.0,0.99999999999997,0.6935126340994607,0.6982152611046035,0.9820137900379085,0.3775406687981454
794,1,1.0,1.0,0.6333333333333333,1.0,1.0,1.0,1.0,1.0,0.9999999999999645,0.5810826073299573,0.8253673484226914,0.9820137900379085,0.3775406687981454
795,1,1.0,1.0,0.7,1.0,1.0,1.0,1.0,0.99924254,0.99999999999997,0.6380017424751517,0.9985192374703561,0.9820137900379085,0.3775406687981454
796,1,1.0,1.0,0.7166666666666667,1.0,1.0,1.0,1.0,1.0,0.9999999999999358,0.6639061106818137,0.9997786133656323,0.9820137900379085,0.3775406687981454
797,1,1.0,1.0,0.65,1.0,1.0,1.0,1.0,0.99996686,0.9999999999984872,0.6077606662262448,0.9848579002532036,0.9820137900379085,0.3775406687981454
798,1,1.0,1.0,0.75,1.0,1.0,1.0,1.0,1.0,0.9999999999999081,0.6857059243659042,0.9994534991285807,0.9820137900379085,0.3775406687981454
799,1,1.0,1.0,0.7166666666666667,1.0,1.0,1.0,1.0,1.0,0.9999999999999659,0.6620092795590337,0.9589504447476522,0.9820137900379085,0.3775406687981454
800,1,1.0,1.0,0.7333333333333333,1.0,1.0,1.0,1.0,1.0,0.99999999999997,0.6652970755288983,0.99947129670321,0.9820137900379085,0.3775406687981454
801,1,1.0,1.0,0.8333333333333334,1.0,1.0,1.0,1.0,1.0,0.99999999999997,0.7696486149388743,0.9985578647082707,0.9820137900379085,0.3775406687981454
802,1,1.0,1.0,0.7,1.0,1.0,1.0,1.0,1.0,0.9999999999999194,0.6465350490129943,0.998599409514803,0.9820137900379085,0.3775406687981454
803,1,0.0,1.0,0.75,1.0,0.0,0.0,1.0,0.0012539076,0.99999999999997,0.6940769272299524,0.7717042860040915,0.9820137900379085,0.3775406687981454
804,1,1.0,1.0,0.7833333333333333,1.0,1.0,1.0,1.0,0.9999999,0.9999999999777178,0.7257668759456172,0.9969011700302671,0.9820137900379085,0.3775406687981454
805,1,1.0,1.0,0.7666666666666667,1.0,1.0,1.0,1.0,1.0,0.9999999999997965,0.7012479166062301,0.9834107582807888,0.9820137900379085,0.3775406687981454
806,1,1.0,1.0,0.5833333333333334,1.0,1.0,1.0,1.0,0.9998722,0.9999999999998846,0.5471552159576899,0.8600751005582272,0.9820137900379085,0.3775406687981454
807,1,1.0,1.0,0.75,1.0,1.0,1.0,1.0,1.0,0.999999999999714,0.6857336349610811,0.89132174362642,0.9820137900379085,0.3775406687981454
808,1,1.0,1.0,0.6666666666666666,1.0,1.0,1.0,1.0,0.99999654,0.9999999999999697,0.625103400810768,0.9951867161137676,0.9820137900379085,0.3775406687981454
809,1,1.0,1.0,0.75,1.0,1.0,1.0,1.0,1.0,0.9999999999982703,0.6856836430096045,0.9849401474637541,0.9820137900379085,0.3775406687981454
810,1,1.0,1.0,0.5666666666666667,1.0,1.0,1.0,1.0,0.9999993,0.9999999999999453,0.5578506139020308,0.9968474743923036,0.9820137900379085,0.3775406687981454
811,1,1.0,1.0,0.75,1.0,1.0,1.0,1.0,0.9999994,0.99999999999997,0.6856044265755331,0.9715152635107532,0.9820137900379085,0.3775406687981454
812,1,1.0,0.85,0.7166666666666667,1.0,0.0,0.0,1.0,0.84459525,0.9999999999985743,0.5315824457820051,0.7900879934083906,0.9820137900379085,0.3775406687981454
813,0,1.0,0.0,0.65,1.0,0.0,0.0,1.0,5.9024354e-09,0.9804527816234587,0.27215234189979076,0.9937303750222526,0.9820137900379085,0.3775406687981454
814,0,1.0,0.38333333333333336,0.7166666666666667,1.0,0.0,0.0,1.0,6.510694e-10,0.9030681306564612,0.32389166492335403,0.9937324282736427,0.9820137900379085,0.3775406687981454
815,1,1.0,1.0,0.6833333333333333,1.0,1.0,1.0,1.0,1.0,0.9999999999967495,0.6480913249662594,0.9993075318279533,0.9820137900379085,0.3775406687981454
816,1,1.0,1.0,0.7833333333333333,1.0,1.0,1.0,1.0,1.0,0.99999999999997,0.7379768464427064,0.9911357466633574,0.9820137900379085,0.3775406687981454
817,1,1.0,1.0,0.8,1.0,1.0,1.0,1.0,1.0,0.9999999999999664,0.7324750405096697,0.9991065816063807,0.9820137900379085,0.3775406687981454
818,1,1.0,1.0,0.6833333333333333,1.0,1.0,1.0,1.0,1.0,0.999999999983942,0.6630420302155631,0.6180199338147758,0.9820137900379085,0.3775406687981454
819,1,1.0,1.0,0.7,1.0,1.0,1.0,1.0,0.999998,0.9999999999999302,0.6767379424537939,0.9827241642341763,0.9820137900379085,0.3775406687981454
820,1,1.0,1.0,0.7,1.0,1.0,1.0,1.0,0.9999999,0.9999999999999674,0.6702050804629415,0.999448420024223,0.9820137900379085,0.3775406687981454
821,1,1.0,1.0,0.6833333333333333,1.0,1.0,1.0,1.0,1.0,0.9999999999999561,0.6532710325927771,0.994922028021858,0.9820137900379085,0.3775406687981454
822,1,1.0,1.0,0.6833333333333333,1.0,1.0,1.0,1.0,1.0,0.9999999999999685,0.6480537768840727,0.8343638027218278,0.9820137900379085,0.3775406687981454
823,1,1.0,1.0,0.7166666666666667,1.0,1.0,1.0,1.0,1.0,0.9999999999678434,0.7023952930682898,0.9978133764845403,0.9820137900379085,0.3775406687981454
824,1,1.0,1.0,0.85,1.0,1.0,1.0,1.0,1.0,0.9999999740646838,0.823982395007508,0.9998261361087354,0.9820137900379085,0.3775406687981454
825,1,1.0,0.8,0.75,1.0,0.0,1.0,1.0,1.0,0.9450978082592839,0.5078677770091541,0.9993486359433033,0.9820137900379085,0.3775406687981454
826,1,1.0,0.7666666666666667,0.7333333333333333,1.0,1.0,1.0,1.0,1.0,0.9670376223067401,0.6301692486272248,0.9488285726062481,0.9820137900379085,0.3775406687981454
827,1,1.0,1.0,0.7833333333333333,1.0,1.0,1.0,1.0,1.0,0.9999999993402438,0.7539234132751661,0.9979521728029752,0.9820137900379085,0.3775406687981454
828,1,1.0,1.0,0.6833333333333333,1.0,1.0,1.0,1.0,0.9999999,0.999999879639077,0.6656720615091936,0.852413884025049,0.9820137900379085,0.3775406687981454
829,1,1.0,1.0,0.7,1.0,1.0,1.0,1.0,1.0,0.9997549739363779,0.6850564746124643,0.9995728893995548,0.9820137900379085,0.3775406687981454
830,1,1.0,1.0,0.6666666666666666,1.0,1.0,1.0,1.0,0.9999999,0.9994372422658373,0.6539313734139953,0.852413884025049,0.9820137900379085,0.3775406687981454
831,1,1.0,1.0,0.7166666666666667,1.0,1.0,1.0,1.0,0.9999646,0.9999999876701058,0.7039326942869105,0.8071260423747069,0.9820137900379085,0.3775406687981454
832,1,1.0,1.0,0.7,1.0,1.0,1.0,1.0,1.0,0.9999999048399465,0.6909109554158985,0.9973764903928362,0.9820137900379085,0.3775406687981454
833,1,1.0,1.0,0.7,1.0,1.0,1.0,1.0,0.9999976,0.9999999743834856,0.6848761556189558,0.9997428013212655,0.9820137900379085,0.3775406687981454
834,1,1.0,1.0,0.6833333333333333,1.0,1.0,1.0,1.0,1.0,0.9996260221396309,0.6717092555716868,0.960878499878482,0.9820137900379085,0.3775406687981454
835,1,1.0,1.0,0.6166666666666667,1.0,1.0,1.0,1.0,1.0,0.9999998894021539,0.5957233052810139,0.9939013767244443,0.9820137900379085,0.3775406687981454
836,1,1.0,1.0,0.7166666666666667,1.0,1.0,1.0,1.0,1.0,0.9999999884072381,0.686377037422915,0.9988181848705252,0.9820137900379085,0.3775406687981454
837,1,1.0,1.0,0.7333333333333333,1.0,0.0,0.0,1.0,0.642584,0.9999999436184269,0.7036221857954698,0.9998852817449227,0.9820137900379085,0.3775406687981454
838,1,1.0,1.0,0.8333333333333334,1.0,1.0,1.0,1.0,1.0,0.9999999990942167,0.8067964212475103,0.9963420132546233,0.9820137900379085,0.3775406687981454
839,1,1.0,1.0,0.6666666666666666,1.0,1.0,1.0,1.0,1.0,0.9999537633878535,0.6613432631028979,0.7783637834582099,0.9820137900379085,0.3775406687981454
840,1,1.0,1.0,0.75,1.0,1.0,1.0,1.0,0.99990666,0.9998996003380365,0.7153779048980059,0.7866891267407105,0.9820137900379085,0.3775406687981454
841,1,1.0,1.0,0.8333333333333334,1.0,1.0,1.0,1.0,0.99999964,0.9999999999465751,0.7938770561124737,0.5532423975531677,0.9820137900379085,0.3775406687981454
842,1,1.0,1.0,0.6,1.0,1.0,1.0,1.0,0.99999917,0.9999999999398653,0.59659641209189,0.4416199599916231,0.9820137900379085,0.3775406687981454
843,1,1.0,1.0,0.75,1.0,1.0,1.0,1.0,1.0,0.9999999991353955,0.6998751051330825,0.9420372454368549,0.9820137900379085,0.3775406687981454
844,1,1.0,1.0,0.7166666666666667,1.0,1.0,1.0,1.0,1.0,0.9999999999874426,0.6878974579518992,0.7387567492043924,0.9820137900379085,0.3775406687981454
845,1,1.0,1.0,0.6833333333333333,1.0,1.0,1.0,1.0,0.9999945,0.9999999800288533,0.665193621993008,0.9996065473638286,0.9820137900379085,0.3775406687981454
846,1,1.0,1.0,0.75,1.0,1.0,1.0,1.0,0.9998148,0.9999999995679512,0.7196364750739634,0.9565407929458163,0.9820137900379085,0.3775406687981454
847,1,1.0,1.0,0.6,1.0,1.0,1.0,1.0,0.99924636,0.9999999995255161,0.6113155907964144,0.9856276424356207,0.9820137900379085,0.3775406687981454
848,1,1.0,1.0,0.75,1.0,1.0,1.0,1.0,1.0,0.999999954729694,0.7453623599351483,0.8115226939651581,0.9820137900379085,0.3775406687981454
849,1,1.0,1.0,0.8333333333333334,1.0,1.0,1.0,1.0,0.99999964,0.9999999940646498,0.8127183126433775,0.9755829287641155,0.9820137900379085,0.3775406687981454
850,1,1.0,1.0,0.8,1.0,1.0,1.0,1.0,1.0,0.9999999975684053,0.7704106940718328,0.9943239185061638,0.9820137900379085,0.3775406687981454
851,1,1.0,1.0,0.8166666666666667,1.0,1.0,1.0,1.0,1.0,0.999781641597089,0.777696430748143,0.9503783446684738,0.9820137900379085,0.3775406687981454
852,1,1.0,1.0,0.7833333333333333,1.0,1.0,1.0,1.0,1.0,0.9999999998724213,0.7439628624963198,0.9869898212994083,0.9820137900379085,0.3775406687981454
853,1,1.0,1.0,0.7666666666666667,1.0,1.0,1.0,1.0,0.99999654,0.9999999997306356,0.7370834612514522,0.9951867161137676,0.9820137900379085,0.3775406687981454
854,1,1.0,1.0,0.65,1.0,1.0,1.0,1.0,0.9999995,0.9999999999959817,0.6373051826160274,0.9949319332992937,0.9820137900379085,0.3775406687981454
855,1,1.0,1.0,0.7,1.0,1.0,1.0,1.0,1.0,0.999999999892767,0.6730075699474677,0.9980476927783568,0.9820137900379085,0.3775406687981454
856,1,1.0,1.0,0.65,1.0,1.0,1.0,1.0,0.99909043,0.999999997263103,0.6385069629155405,0.9267641762667997,0.9820137900379085,0.3775406687981454
857,1,1.0,1.0,0.55,1.0,1.0,1.0,1.0,1.0,0.9999999999301799,0.5455433313676624,0.971740291806849,0.9820137900379085,0.3775406687981454
858,1,0.0,1.0,0.7833333333333333,1.0,0.0,0.0,1.0,0.20783812,0.9999999998920255,0.7562821108595487,0.8885901450321682,0.9820137900379085,0.3775406687981454
859,1,1.0,1.0,0.8166666666666667,1.0,1.0,1.0,1.0,0.9999474,0.9999999998943893,0.7544857196443359,0.8703637490889292,0.9820137900379085,0.3775406687981454
860,1,1.0,1.0,0.7333333333333333,1.0,1.0,1.0,1.0,1.0,0.9999999992510588,0.7148180247819693,0.884208301577366,0.9820137900379085,0.3775406687981454
861,1,1.0,1.0,0.7333333333333333,1.0,1.0,1.0,1.0,1.0,0.9999999987484108,0.7125543803602205,0.9301409614548177,0.9820137900379085,0.3775406687981454
862,1,1.0,1.0,0.75,1.0,1.0,1.0,1.0,1.0,0.9999999999952,0.7235088812272351,0.9566587225470251,0.9820137900379085,0.3775406687981454
863,1,1.0,1.0,0.6333333333333333,1.0,1.0,1.0,1.0,1.0,0.9999999814220926,0.6088560198042275,0.9968394154821897,0.9820137900379085,0.3775406687981454
864,1,1.0,1.0,0.7,1.0,1.0,1.0,1.0,0.99999964,0.9999999729365692,0.6875615220649866,0.975478069297065,0.9820137900379085,0.3775406687981454
865,1,1.0,1.0,0.7166666666666667,1.0,1.0,1.0,1.0,1.0,0.9999998222290668,0.7113563384251036,0.9954328690064986,0.9820137900379085,0.3775406687981454
866,1,1.0,1.0,0.7666666666666667,1.0,1.0,1.0,1.0,0.9453398,0.9999999987975481,0.7357696276443181,0.9823268531928321,0.9820137900379085,0.3775406687981454
867,1,1.0,1.0,0.7833333333333333,1.0,1.0,1.0,1.0,0.9999428,0.9999998739888245,0.7693970978406166,0.9635043086147345,0.9820137900379085,0.3775406687981454
868,1,1.0,1.0,0.7833333333333333,1.0,1.0,1.0,1.0,1.0,0.9999999978469183,0.765776414975924,0.9951480158457396,0.9820137900379085,0.3775406687981454
869,1,1.0,1.0,0.65,1.0,1.0,1.0,1.0,1.0,0.999948472911567,0.6539774596044879,0.999008556451352,0.9820137900379085,0.3775406687981454
870,1,1.0,1.0,0.6666666666666666,1.0,1.0,1.0,1.0,1.0,0.9999999996665809,0.6609040833162962,0.8858185212335951,0.9820137900379085,0.3775406687981454
871,1,1.0,1.0,0.7333333333333333,1.0,1.0,1.0,1.0,1.0,0.9999999728002926,0.7180309689002562,0.9952124579518058,0.9820137900379085,0.3775406687981454
872,1,1.0,1.0,0.8166666666666667,1.0,1.0,1.0,1.0,1.0,0.9999999992091851,0.7967343947133391,0.971217112825317,0.9820137900379085,0.3775406687981454
873,1,1.0,1.0,0.7166666666666667,1.0,1.0,1.0,1.0,1.0,0.9997262706234448,0.6938676034161563,0.9696980906426843,0.9820137900379085,0.3775406687981454
874,1,1.0,1.0,0.8166666666666667,1.0,1.0,1.0,1.0,1.0,0.9999999724411418,0.8003562497390241,0.9902327354675645,0.9820137900379085,0.3775406687981454
875,1,1.0,1.0,0.5833333333333334,1.0,1.0,1.0,1.0,0.99454486,0.9999999937933219,0.5979858282076392,0.9997480724521922,0.9820137900379085,0.3775406687981454
876,1,1.0,1.0,0.7833333333333333,1.0,1.0,1.0,1.0,1.0,0.9999998717595242,0.7523476272358113,0.995705972815073,0.9820137900379085,0.3775406687981454
877,1,1.0,1.0,0.7333333333333333,1.0,1.0,1.0,1.0,1.0,0.999999961231173,0.72099968630393,0.9975318705174454,0.9820137900379085,0.3775406687981454
878,1,1.0,1.0,0.8,1.0,1.0,1.0,1.0,1.0,0.9999999999880701,0.7567586173421567,0.9771750040561795,0.9820137900379085,0.3775406687981454
879,1,1.0,1.0,0.8,1.0,1.0,1.0,1.0,0.99975055,0.9999999999535994,0.7646664041379192,0.9945150666885579,0.9820137900379085,0.3775406687981454
880,1,1.0,0.7833333333333333,0.7666666666666667,1.0,1.0,1.0,1.0,0.99999213,0.9999997896528047,0.6378635930901823,0.9990257050392215,0.9820137900379085,0.3775406687981454
881,0,1.0,0.0,0.7166666666666667,1.0,0.0,0.0,1.0,6.2887744e-11,0.9519967988494117,0.2365897462367497,0.947529615912967,0.9820137900379085,0.3775406687981454
882,0,1.0,0.08333333333333333,0.6666666666666666,1.0,0.0,0.0,1.0,5.9445018e-08,0.8330890097094426,0.27674244437508466,0.9966155355659853,0.9820137900379085,0.3775406687981454
883,0,1.0,0.25,0.7166666666666667,1.0,0.0,0.0,1.0,4.050611e-13,0.6967383426452259,0.23275408678546725,0.9999738674658801,0.9820137900379085,0.3775406687981454
884,0,1.0,0.26666666666666666,0.75,1.0,0.0,0.0,1.0,0.010724382,0.6937234549446819,0.22042428784694437,0.9947831447725967,0.9820137900379085,0.3775406687981454
885,0,1.0,0.2,0.7666666666666667,1.0,0.0,0.0,1.0,0.24716257,0.7188545531151526,0.21237195275311324,0.9928439216578921,0.9820137900379085,0.3775406687981454
886,0,1.0,0.18333333333333332,0.75,1.0,0.0,0.0,1.0,2.8969594e-11,0.7259914162882539,0.21262692228811722,0.9923473639240717,0.9820137900379085,0.3775406687981454
887,0,1.0,0.2,0.65,1.0,0.0,0.0,1.0,3.8669832e-14,0.7504414844442137,0.2939360448204855,0.9994551070751386,0.9820137900379085,0.3775406687981454
888,0,1.0,0.18333333333333332,0.7333333333333333,1.0,0.0,0.0,1.0,5.148301e-10,0.7269827062906477,0.23138486337788278,0.9998547016008598,0.9820137900379085,0.3775406687981454
889,0,1.0,0.11666666666666667,0.6666666666666666,1.0,0.0,0.0,1.0,2.2455274e-06,0.7901626991969781,0.290280518191833,0.9999169352888644,0.9820137900379085,0.3775406687981454
890,0,1.0,0.13333333333333333,0.6666666666666666,1.0,0.0,0.0,1.0,0.010724382,0.7509654694131107,0.27236150038493384,0.9947831447725967,0.9820137900379085,0.3775406687981454
891,0,1.0,0.13333333333333333,0.8,1.0,0.0,0.0,1.0,4.3170695e-17,0.7687540195928945,0.18420428086136154,0.9995796105850737,0.9820137900379085,0.3775406687981454
892,0,1.0,0.23333333333333334,0.7,1.0,0.0,0.0,1.0,0.0014032612,0.737489938817207,0.24243977269995376,0.9902873667769994,0.9820137900379085,0.3775406687981454
893,0,1.0,0.25,0.6833333333333333,1.0,0.0,0.0,1.0,0.0057401382,0.6955010530364593,0.27342409204374835,0.9975786345663956,0.9820137900379085,0.3775406687981454
894,0,1.0,0.23333333333333334,0.7666666666666667,1.0,0.0,0.0,1.0,1.5315681e-08,0.7286769147736248,0.1981550612510769,0.9953324891808154,0.9820137900379085,0.3775406687981454
895,0,1.0,0.15,0.65,1.0,0.0,0.0,1.0,7.0933897e-12,0.736173821466145,0.287479647815652,0.9988938997631418,0.9820137900379085,0.3775406687981454
896,0,1.0,0.43333333333333335,0.7666666666666667,1.0,0.0,0.0,1.0,4.8821308e-17,0.8783618377802115,0.4545823143219018,0.9593399269717451,0.9820137900379085,0.3775406687981454
897,1,1.0,1.0,0.7666666666666667,1.0,1.0,1.0,1.0,1.0,0.9999999999829289,0.7106925600453418,0.9923029666005819,0.9820137900379085,0.3775406687981454
898,1,1.0,1.0,0.6833333333333333,1.0,1.0,1.0,1.0,1.0,0.9999999999873525,0.6402878928301386,0.9893606989638254,0.9820137900379085,0.3775406687981454
899,1,1.0,1.0,0.7,1.0,1.0,1.0,1.0,1.0,0.9999999999981317,0.6267994099979651,0.9834107582807888,0.9820137900379085,0.3775406687981454
900,1,1.0,1.0,0.75,1.0,1.0,1.0,1.0,1.0,0.9999999999727492,0.6837327091565641,0.9981332924480197,0.9820137900379085,0.3775406687981454
901,1,1.0,1.0,0.7833333333333333,1.0,1.0,1.0,1.0,0.9999583,0.9999999999818765,0.7211436933874034,0.9743710436115257,0.9820137900379085,0.3775406687981454
902,1,1.0,1.0,0.7666666666666667,1.0,1.0,1.0,1.0,1.0,0.9999999999364146,0.7127393485964503,0.9703647262473075,0.9820137900379085,0.3775406687981454
903,1,1.0,1.0,0.7,1.0,1.0,1.0,1.0,0.9999994,0.9999999999655861,0.6602380542633715,0.5399796203406995,0.9820137900379085,0.3775406687981454
904,1,1.0,1.0,0.7666666666666667,1.0,1.0,1.0,1.0,1.0,0.9999999999965529,0.7027767025495578,0.9911357466633574,0.9820137900379085,0.3775406687981454
905,0,1.0,0.36666666666666664,0.6166666666666667,1.0,0.0,0.0,1.0,6.5322037e-13,0.8273594485038458,0.42589877334847265,0.9890808243106946,0.9820137900379085,0.3775406687981454
906,1,1.0,0.9666666666666667,0.75,1.0,1.0,1.0,1.0,1.0,0.9887243992984435,0.7130865650799277,0.9991952088664012,0.9820137900379085,0.3775406687981454
907,1,1.0,1.0,0.7,1.0,1.0,1.0,1.0,0.9999604,0.9999999999999668,0.6650830233050781,0.9791430034305112,0.9820137900379085,0.3775406687981454
908,1,1.0,1.0,0.7166666666666667,1.0,1.0,1.0,1.0,0.9999999,0.9999999999999696,0.6696291903716706,0.8978241258894561,0.9820137900379085,0.3775406687981454
909,1,1.0,1.0,0.6833333333333333,1.0,1.0,1.0,1.0,1.0,0.99999999999995,0.6667188009962348,0.9475763399486578,0.9820137900379085,0.3775406687981454
910,1,1.0,1.0,0.7,1.0,1.0,1.0,1.0,1.0,0.9999999999999686,0.6767905367802103,0.990742028185826,0.9820137900379085,0.3775406687981454
911,1,1.0,1.0,0.7666666666666667,1.0,1.0,1.0,1.0,0.99997294,0.99999999999997,0.7060631572315127,0.9356420825804335,0.9820137900379085,0.3775406687981454
912,1,1.0,1.0,0.8,1.0,1.0,1.0,1.0,1.0,0.9999999999999678,0.7480171308944066,0.9914913073591773,0.9820137900379085,0.3775406687981454
913,1,1.0,1.0,0.7833333333333333,1.0,1.0,1.0,1.0,1.0,0.9999999999973708,0.7335558968633106,0.9443634466745817,0.9820137900379085,0.3775406687981454
914,1,1.0,1.0,0.7166666666666667,1.0,1.0,1.0,1.0,1.0,0.9999999999998385,0.6788260908067333,0.9936234988155211,0.9820137900379085,0.3775406687981454
915,1,1.0,1.0,0.8,1.0,1.0,1.0,1.0,1.0,0.9999999999992395,0.754820081486736,0.9074013470719665,0.9820137900379085,0.3775406687981454
916,1,1.0,1.0,0.6666666666666666,1.0,1.0,1.0,1.0,1.0,0.9999999999999687,0.6243352028454707,0.9891274050056654,0.9820137900379085,0.3775406687981454
917,1,1.0,1.0,0.7333333333333333,1.0,1.0,1.0,1.0,1.0,0.9999999999999682,0.7061225978932378,0.9987195194109512,0.9820137900379085,0.3775406687981454
918,1,1.0,1.0,0.65,1.0,1.0,1.0,1.0,0.99999774,0.9999999999999187,0.6091436767503807,0.9679323430729347,0.9820137900379085,0.3775406687981454
919,1,1.0,1.0,0.6833333333333333,1.0,1.0,1.0,1.0,1.0,0.99999999999997,0.6349317303543368,0.9982886670344153,0.9820137900379085,0.3775406687981454
920,1,1.0,1.0,0.8,1.0,1.0,1.0,1.0,1.0,0.9999999999999611,0.7416345369320911,0.9972086901972916,0.9820137900379085,0.3775406687981454
921,1,1.0,1.0,0.7166666666666667,1.0,1.0,1.0,1.0,1.0,0.99999999999997,0.6944296937719057,0.702048842944432,0.9820137900379085,0.3775406687981454
922,1,1.0,1.0,0.6833333333333333,1.0,1.0,1.0,1.0,0.9999981,0.99999999999997,0.6510301948827544,0.9657870074881826,0.9820137900379085,0.3775406687981454
923,1,1.0,1.0,0.7833333333333333,1.0,1.0,1.0,1.0,1.0,0.9999999999988805,0.7305424353966499,0.9969542583411319,0.9820137900379085,0.3775406687981454
924,1,1.0,1.0,0.6,1.0,1.0,1.0,1.0,1.0,0.99999999999997,0.5752823096262816,0.9938736283982835,0.9820137900379085,0.3775406687981454
925,1,1.0,1.0,0.85,1.0,1.0,1.0,1.0,0.9999721,0.999999999999943,0.7727616281097721,0.9657025148112126,0.9820137900379085,0.3775406687981454
926,1,1.0,1.0,0.7666666666666667,1.0,1.0,1.0,1.0,0.99999964,0.9999999999895738,0.6899556917325517,0.9755829287641155,0.9820137900379085,0.3775406687981454
927,0,1.0,0.4166666666666667,0.7666666666666667,1.0,0.0,0.0,1.0,2.648847e-12,0.838882061787186,0.3799335292031574,0.9990814932699816,0.9820137900379085,0.3775406687981454
928,0,1.0,0.25,0.75,1.0,0.0,0.0,1.0,4.6067694e-06,0.6990429291660297,0.20951770947263496,0.9962442069690413,0.9820137900379085,0.3775406687981454
929,1,1.0,1.0,0.65,1.0,1.0,1.0,1.0,1.0,0.999999779725391,0.612018636046468,0.9993886879251982,0.9820137900379085,0.3775406687981454
930,1,1.0,1.0,0.7166666666666667,1.0,1.0,1.0,1.0,1.0,0.9999999997597367,0.6745422563801523,0.9991065816063807,0.9820137900379085,0.3775406687981454
931,1,1.0,1.0,0.7666666666666667,1.0,1.0,1.0,1.0,1.0,0.9999999998427807,0.7199233398201909,0.8322826740386946,0.9820137900379085,0.3775406687981454
932,1,1.0,1.0,0.7666666666666667,1.0,1.0,1.0,1.0,0.99999845,0.9999999822436945,0.7325173986429435,0.9402087202483198,0.9820137900379085,0.3775406687981454
933,1,1.0,1.0,0.7333333333333333,1.0,1.0,1.0,1.0,1.0,0.9999999984072169,0.7026420586079866,0.989946272724573,0.9820137900379085,0.3775406687981454
934,1,1.0,1.0,0.75,1.0,1.0,1.0,1.0,0.9999989,0.9999999920329953,0.6849498136413735,0.9981671179996457,0.9820137900379085,0.3775406687981454
935,1,1.0,1.0,0.7333333333333333,1.0,1.0,1.0,1.0,0.99999714,0.9999526728611792,0.6852032198629019,0.9316086858026174,0.9820137900379085,0.3775406687981454
936,1,1.0,1.0,0.6,1.0,1.0,1.0,1.0,1.0,0.9999998426824637,0.5806999124280312,0.9768122754955454,0.9820137900379085,0.3775406687981454
937,1,1.0,1.0,0.7666666666666667,1.0,1.0,1.0,1.0,1.0,0.9999999660747516,0.731206614649974,0.7135158882154171,0.9820137900379085,0.3775406687981454
938,1,1.0,1.0,0.85,1.0,1.0,1.0,1.0,1.0,0.999999992136675,0.7862413293850826,0.9959614558250095,0.9820137900379085,0.3775406687981454
939,1,1.0,1.0,0.65,1.0,1.0,1.0,1.0,0.99999976,0.9999999980972907,0.6345139177995623,0.8071877541901133,0.9820137900379085,0.3775406687981454
940,1,1.0,1.0,0.6833333333333333,1.0,1.0,1.0,1.0,1.0,0.9999999866509814,0.6610774380357471,0.9989839903766677,0.9820137900379085,0.3775406687981454
941,1,1.0,1.0,0.75,1.0,1.0,1.0,1.0,0.99999964,0.9999997294766544,0.7172204620075923,0.8853707458530701,0.9820137900379085,0.3775406687981454
942,1,1.0,1.0,0.7333333333333333,1.0,1.0,1.0,1.0,1.0,0.999934580485849,0.687523822540647,0.9771750040561795,0.9820137900379085,0.3775406687981454
943,1,1.0,1.0,0.75,1.0,1.0,1.0,1.0,0.9999865,0.9998165144570554,0.6952707125839108,0.9806669539185048,0.9820137900379085,0.3775406687981454
944,1,1.0,1.0,0.7666666666666667,1.0,1.0,1.0,1.0,0.99999535,0.9997987104634838,0.7163314761681625,0.9783166158342678,0.9820137900379085,0.3775406687981454
945,1,1.0,1.0,0.7333333333333333,1.0,0.0,0.0,1.0,0.7532616,0.9998021408263038,0.7126539296714035,0.7082152780171436,0.9820137900379085,0.3775406687981454
946,1,1.0,1.0,0.7333333333333333,1.0,1.0,1.0,1.0,1.0,0.9999996885402336,0.6879504831424643,0.9357819365267562,0.9820137900379085,0.3775406687981454
947,1,1.0,1.0,0.8166666666666667,1.0,1.0,1.0,1.0,0.9999993,0.9999013870522756,0.7645200918926595,0.9702638853892602,0.9820137900379085,0.3775406687981454
948,1,1.0,1.0,0.7166666666666667,1.0,1.0,1.0,1.0,0.9999999,0.999999744587918,0.6524486700372218,0.99809579642152,0.9820137900379085,0.3775406687981454
949,1,1.0,1.0,0.7333333333333333,1.0,1.0,1.0,1.0,1.0,0.999999463993735,0.7051686003443145,0.9558620081271904,0.9820137900379085,0.3775406687981454
950,1,1.0,1.0,0.7166666666666667,1.0,1.0,1.0,1.0,1.0,0.9999311404139775,0.6428755428828175,0.9997774673834056,0.9820137900379085,0.3775406687981454
951,1,1.0,1.0,0.6,1.0,1.0,1.0,1.0,0.99592495,0.9999999622863548,0.5930587661546208,0.9558494990785062,0.9820137900379085,0.3775406687981454
952,1,1.0,1.0,0.7,1.0,1.0,1.0,1.0,1.0,0.9999241699553972,0.6449321888283651,0.9450090289798143,0.9820137900379085,0.3775406687981454
953,1,1.0,1.0,0.7333333333333333,1.0,1.0,1.0,1.0,1.0,0.9999999588402523,0.7151738013160048,0.9990732886227345,0.9820137900379085,0.3775406687981454
954,1,1.0,1.0,0.7166666666666667,1.0,1.0,1.0,1.0,1.0,0.9999999071930834,0.7026214139692115,0.9981883038982182,0.9820137900379085,0.3775406687981454
955,1,1.0,1.0,0.7166666666666667,1.0,1.0,1.0,1.0,0.9999999,0.9999998009628449,0.672426036102363,0.9997413079897652,0.9820137900379085,0.3775406687981454
956,1,1.0,1.0,0.6666666666666666,1.0,1.0,1.0,1.0,1.0,0.9999999857746176,0.6286037393634094,0.9916446018030883,0.9820137900379085,0.3775406687981454
957,1,1.0,1.0,0.6666666666666666,1.0,1.0,1.0,1.0,0.99999976,0.9999999634455411,0.6236439866521174,0.9331994255903383,0.9820137900379085,0.3775406687981454
958,1,1.0,1.0,0.75,1.0,1.0,1.0,1.0,0.9999099,0.9999999982029092,0.6861687799499178,0.9720665014035661,0.9820137900379085,0.3775406687981454
959,1,1.0,1.0,0.75,1.0,1.0,1.0,1.0,0.8872051,0.9999999747901082,0.6996444126647553,0.9929785421215213,0.9820137900379085,0.3775406687981454
960,1,1.0,1.0,0.7,1.0,1.0,1.0,1.0,1.0,0.9999999771461795,0.6690140495953756,0.9954328690064986,0.9820137900379085,0.3775406687981454
961,1,1.0,1.0,0.7333333333333333,1.0,1.0,1.0,1.0,0.99993825,0.9999999814091056,0.6782939990525746,0.9996093175663895,0.9820137900379085,0.3775406687981454
962,1,1.0,1.0,0.5833333333333334,1.0,1.0,1.0,1.0,1.0,0.9999999101713538,0.5630631664701232,0.5442448356969801,0.9820137900379085,0.3775406687981454
963,1,1.0,1.0,0.6666666666666666,1.0,1.0,1.0,1.0,1.0,0.9999090699683256,0.6400185206485969,0.9728222253088654,0.9820137900379085,0.3775406687981454
964,1,1.0,1.0,0.7333333333333333,1.0,1.0,1.0,1.0,1.0,0.9999508753082751,0.6840113078576604,0.9954328690064986,0.9820137900379085,0.3775406687981454
965,1,0.0,1.0,0.75,1.0,0.0,0.0,1.0,0.2371935,0.9995900778702882,0.7177910766656818,0.7946938322306907,0.9820137900379085,0.3775406687981454
966,1,1.0,1.0,0.7,1.0,1.0,1.0,1.0,1.0,0.9998866894023045,0.6649086730417563,0.8715696181672996,0.9820137900379085,0.3775406687981454
967,1,1.0,1.0,0.7333333333333333,1.0,1.0,1.0,1.0,1.0,0.9999998994884829,0.6908935050943263,0.9964337157632774,0.9820137900379085,0.3775406687981454
968,1,1.0,0.7666666666666667,0.7,1.0,1.0,1.0,1.0,0.9999995,0.9996250497879183,0.5421251094236417,0.9350976926068192,0.9820137900379085,0.3775406687981454
969,1,1.0,1.0,0.6833333333333333,1.0,1.0,1.0,1.0,1.0,0.9999999999997229,0.6621844220310787,0.8253673484226914,0.9820137900379085,0.3775406687981454
970,1,1.0,1.0,0.6833333333333333,1.0,1.0,1.0,1.0,1.0,0.9999999990946158,0.6657618996875644,0.9963211810908195,0.9820137900379085,0.3775406687981454
971,1,1.0,1.0,0.7666666666666667,1.0,1.0,1.0,1.0,0.9999999,0.9999999999998878,0.7208429382962422,0.9659800730219696,0.9820137900379085,0.3775406687981454
972,1,1.0,1.0,0.8,1.0,1.0,1.0,1.0,1.0,0.9999999999999697,0.737154107939461,0.9997712390785425,0.9820137900379085,0.3775406687981454
973,1,1.0,1.0,0.7166666666666667,1.0,1.0,1.0,1.0,0.99981683,0.9999999998232745,0.6952417421114822,0.9718834432625131,0.9820137900379085,0.3775406687981454
974,1,1.0,1.0,0.7,1.0,1.0,1.0,1.0,1.0,0.9999999999997866,0.6668025275506638,0.9996403155866256,0.9820137900379085,0.3775406687981454
975,1,1.0,1.0,0.7166666666666667,1.0,1.0,1.0,1.0,1.0,0.9999999999993532,0.6576828819447298,0.9997487656180595,0.9820137900379085,0.3775406687981454
976,1,1.0,1.0,0.7166666666666667,1.0,1.0,1.0,1.0,1.0,0.9999999999908226,0.6797576293277151,0.8122575743093396,0.9820137900379085,0.3775406687981454
977,1,1.0,1.0,0.6666666666666666,1.0,1.0,1.0,1.0,0.99731064,0.9999999999999448,0.6318034805884037,0.9997332676747728,0.9820137900379085,0.3775406687981454
978,1,1.0,1.0,0.75,1.0,1.0,1.0,1.0,1.0,0.999999999999967,0.7213259722578215,0.5843540844009023,0.9820137900379085,0.3775406687981454
979,1,1.0,1.0,0.7333333333333333,1.0,1.0,1.0,1.0,0.9831955,0.9999999999984487,0.6806802519163827,0.9369625062182566,0.9820137900379085,0.3775406687981454
980,1,1.0,1.0,0.8,1.0,1.0,1.0,1.0,1.0,0.9999999999928983,0.7270951925338532,0.9968911334926136,0.9820137900379085,0.3775406687981454
981,1,1.0,1.0,0.6833333333333333,1.0,1.0,1.0,1.0,0.99998283,0.9999999999999699,0.64871407526634,0.9441498069494911,0.9820137900379085,0.3775406687981454
982,1,1.0,1.0,0.6666666666666666,1.0,1.0,1.0,1.0,0.9998981,0.9999999999899903,0.6289927748189444,0.8535510714306891,0.9820137900379085,0.3775406687981454
983,1,1.0,1.0,0.65,1.0,1.0,1.0,1.0,1.0,0.9999999999984166,0.6250923092318672,0.9846830053757968,0.9820137900379085,0.3775406687981454
984,1,1.0,1.0,0.7166666666666667,1.0,1.0,1.0,1.0,0.9999999,0.9999999999999434,0.6670930001660503,0.9992660901265609,0.9820137900379085,0.3775406687981454
985,1,1.0,1.0,0.7,1.0,1.0,1.0,1.0,0.9999585,0.9999999999999384,0.655364848850566,0.9983469135392308,0.9820137900379085,0.3775406687981454
986,1,1.0,1.0,0.6333333333333333,1.0,1.0,1.0,1.0,0.99965036,0.9999999999999682,0.6155601804286154,0.7738459617482861,0.9820137900379085,0.3775406687981454
987,1,1.0,1.0,0.7333333333333333,1.0,0.0,1.0,1.0,0.80314577,0.9999999999999561,0.6893341455773406,0.999449674780253,0.9820137900379085,0.3775406687981454
988,1,1.0,1.0,0.7666666666666667,1.0,1.0,1.0,1.0,0.99999964,0.9999999999999275,0.7147043720703297,0.9941832740151826,0.9820137900379085,0.3775406687981454
989,1,1.0,1.0,0.6666666666666666,1.0,1.0,1.0,1.0,1.0,0.9999999999881805,0.6207455195283376,0.9868352315495382,0.9820137900379085,0.3775406687981454
990,1,0.0,1.0,0.6666666666666666,1.0,0.0,0.0,1.0,0.3961969,0.9999999999999325,0.6049994870614078,0.7282887219549145,0.9820137900379085,0.3775406687981454
991,1,1.0,1.0,0.7666666666666667,1.0,1.0,1.0,1.0,0.9998981,0.99999999999997,0.7387015141782048,0.8535510714306891,0.9820137900379085,0.3775406687981454
992,1,1.0,1.0,0.7666666666666667,1.0,1.0,1.0,1.0,1.0,0.9999999999991421,0.7136892439012323,0.999738682885842,0.9820137900379085,0.3775406687981454
993,1,1.0,1.0,0.7833333333333333,1.0,1.0,1.0,1.0,0.9999999,0.99999999999997,0.699806789251428,0.966659758110352,0.9820137900379085,0.3775406687981454
994,1,1.0,1.0,0.7166666666666667,1.0,1.0,1.0,1.0,1.0,0.9999999999998506,0.6536598759124712,0.9952124579518058,0.9820137900379085,0.3775406687981454
995,1,1.0,1.0,0.6833333333333333,1.0,1.0,1.0,1.0,1.0,0.9999999999804864,0.629765386717249,0.9995709982075783,0.9820137900379085,0.3775406687981454
996,1,1.0,1.0,0.75,1.0,1.0,1.0,1.0,1.0,0.9999999999987546,0.6934893969069413,0.9951118454806464,0.9820137900379085,0.3775406687981454
997,1,1.0,1.0,0.7666666666666667,1.0,1.0,1.0,1.0,1.0,0.9999999999935033,0.7261622967204081,0.9995350296760525,0.9820137900379085,0.3775406687981454
998,1,1.0,1.0,0.7666666666666667,1.0,1.0,1.0,1.0,1.0,0.9999999999999266,0.7382168369935384,0.8115226939651581,0.9820137900379085,0.3775406687981454
999,1,1.0,1.0,0.6333333333333333,1.0,1.0,1.0,1.0,1.0,0.9999999999553272,0.5978437824329331,0.9394059938535574,0.9820137900379085,0.3775406687981454
1000,1,1.0,1.0,0.7333333333333333,1.0,1.0,1.0,1.0,1.0,0.9999999999993425,0.6766337467235531,0.9989975649039395,0.9820137900379085,0.3775406687981454
1001,1,1.0,1.0,0.6833333333333333,1.0,1.0,1.0,1.0,0.9999999,0.9999999998338761,0.6292631408494352,0.9992660901265609,0.9820137900379085,0.3775406687981454
1002,1,1.0,1.0,0.75,1.0,1.0,1.0,1.0,0.9998857,0.9999999999999676,0.7185743039156925,0.9692247077662743,0.9820137900379085,0.3775406687981454
1003,1,1.0,1.0,0.7833333333333333,1.0,1.0,1.0,1.0,0.9999999,0.9999999999990138,0.7201867607121476,0.9989009328289613,0.9820137900379085,0.3775406687981454
1004,1,1.0,1.0,0.7166666666666667,1.0,1.0,1.0,1.0,1.0,0.9999999999995678,0.6608323208500253,0.9976477622314479,0.9820137900379085,0.3775406687981454
1005,1,1.0,1.0,0.6833333333333333,1.0,1.0,1.0,1.0,1.0,0.9999999999989992,0.6410837197820278,0.9989623870422916,0.9820137900379085,0.3775406687981454
1006,1,1.0,1.0,0.65,1.0,1.0,1.0,1.0,1.0,0.9999999990724479,0.5973852983899728,0.9965971201429977,0.9820137900379085,0.3775406687981454
1007,1,1.0,1.0,0.7333333333333333,1.0,1.0,1.0,1.0,0.9999987,0.9999999999999408,0.7041289688833282,0.9293554773292119,0.9820137900379085,0.3775406687981454
