win_idx,label,acc_v,acc_m,acc_u,acc_mv,acc_ds_eq,acc_ds_static,acc_ours,P_v,P_m,P_u,w_v,w_m,w_u
0,0,1.0,0.0,0.25,0.0,0.0,0.0,0.0,4.369472e-18,0.9943639678154313,0.631478134248395,0.1,0.9933071490757153,0.1
1,0,1.0,0.0,0.3,0.0,0.0,0.0,0.0,4.225009e-06,0.99999999999997,0.5827173574303314,0.12108155502768798,0.9933071490757153,0.1
2,0,1.0,0.05,0.25,0.0,0.0,0.0,0.0,1.9787129e-07,0.9336774693525939,0.6277023638907764,0.1,0.9933071490757153,0.1
3,0,1.0,0.9333333333333333,0.16666666666666666,1.0,0.0,0.0,1.0,2.1735937e-16,0.12130735649206129,0.7084007396800679,0.1,0.9933071490757153,0.1
4,0,1.0,1.0,0.4,1.0,0.0,1.0,1.0,3.2179432e-09,0.0071731402282103575,0.5098281394648236,0.1,0.9933071490757153,0.1
5,0,1.0,1.0,0.2,1.0,0.0,1.0,1.0,0.00026292077,0.003809993526165908,0.6771025020282748,0.11095806203175838,0.9933071490757153,0.1
6,0,1.0,1.0,0.31666666666666665,1.0,0.0,1.0,1.0,1.4375208e-13,0.00432014939305927,0.5559356046144955,0.12643276580665375,0.9933071490757153,0.1
7,0,1.0,1.0,0.31666666666666665,1.0,0.0,1.0,1.0,6.9198036e-11,0.004602243435350635,0.5783315420970985,0.1,0.9933071490757153,0.1
8,0,1.0,1.0,0.26666666666666666,1.0,0.0,1.0,1.0,0.00075956027,0.004136998998040487,0.6110480312714088,0.16302615022299138,0.9933071490757153,0.1
9,0,1.0,1.0,0.43333333333333335,1.0,0.0,1.0,1.0,6.9040036e-09,0.0032397217812970528,0.47301494201502087,0.9814297899247243,0.9933071490757153,0.1
10,0,1.0,1.0,0.23333333333333334,1.0,0.0,1.0,1.0,3.806226e-10,0.00395324759182927,0.6304130553971545,0.16417297117126511,0.9933071490757153,0.1
11,0,0.0,1.0,0.3,0.0,0.0,0.0,1.0,0.8785332,0.00467180349472896,0.5833208933466678,0.1,0.9933071490757153,0.1
12,0,1.0,1.0,0.3,1.0,0.0,1.0,1.0,1.06249e-06,0.005139552636122665,0.5837347544110885,0.12202402350275059,0.9933071490757153,0.1
13,0,1.0,1.0,0.18333333333333332,1.0,0.0,1.0,1.0,6.6554045e-12,0.004101712429252324,0.6689720977229363,0.1,0.9933071490757153,0.1
14,0,1.0,1.0,0.3333333333333333,1.0,0.0,0.0,1.0,0.36458537,0.004219559901305858,0.555563351453306,0.1,0.9933071490757153,0.1
15,0,0.0,1.0,0.4,0.0,0.0,0.0,1.0,1.0,0.003486555038227417,0.5005593758209453,0.1,0.9933071490757153,0.1
16,0,1.0,1.0,0.3,1.0,0.0,1.0,1.0,5.2204513e-08,0.006867299799361257,0.5864552388074762,0.1851770143523444,0.9933071490757153,0.1
17,0,1.0,1.0,0.21666666666666667,1.0,0.0,1.0,1.0,1.7295144e-14,0.004019871248384686,0.6605663954796281,0.1,0.9933071490757153,0.1
18,0,0.0,1.0,0.18333333333333332,0.0,0.0,0.0,1.0,1.0,0.003733508334572412,0.6809037776568524,0.1,0.9933071490757153,0.1
19,0,1.0,1.0,0.26666666666666666,1.0,0.0,1.0,1.0,1.4011255e-06,0.005860558852920788,0.6047164587333728,0.1648372741498598,0.9933071490757153,0.1
20,0,1.0,1.0,0.31666666666666665,1.0,0.0,1.0,1.0,1.2258878e-06,0.005572401313105444,0.572827320926067,0.1288585850518347,0.9933071490757153,0.1
21,0,0.0,1.0,0.3333333333333333,0.0,0.0,0.0,1.0,1.0,0.004824598150211735,0.5578971217900723,0.1,0.9933071490757153,0.1
22,0,1.0,1.0,0.13333333333333333,1.0,0.0,0.0,1.0,1.2781277e-10,0.010896718536005141,0.7204488262730878,0.1,0.9933071490757153,0.1
23,0,1.0,1.0,0.31666666666666665,1.0,0.0,1.0,1.0,1.2638565e-10,0.00490437321030878,0.5638317145344566,0.7955370965685267,0.9933071490757153,0.1
24,0,1.0,1.0,0.2833333333333333,1.0,0.0,1.0,1.0,9.024263e-15,0.004527973825215166,0.6076937560856617,0.12210967941325686,0.9933071490757153,0.1
25,0,1.0,1.0,0.2833333333333333,1.0,0.0,1.0,1.0,9.964219e-05,0.0036440598103387417,0.6000465335504164,0.1176235499890799,0.9933071490757153,0.1
26,0,1.0,1.0,0.18333333333333332,1.0,0.0,1.0,1.0,3.1381532e-08,0.004761246028622522,0.672645966493595,0.20606579952190393,0.9933071490757153,0.1
27,0,0.0,1.0,0.3,0.0,0.0,0.0,1.0,1.0,0.005981300741070837,0.5898907913492817,0.1,0.9933071490757153,0.1
28,0,1.0,1.0,0.25,1.0,0.0,1.0,1.0,3.1381532e-08,0.004674358560613264,0.6324765589946504,0.20606579952190393,0.9933071490757153,0.1
29,0,1.0,1.0,0.2,1.0,0.0,1.0,1.0,1.4439049e-12,0.004532403923994896,0.6749369580620748,0.1,0.9933071490757153,0.1
30,0,1.0,1.0,0.16666666666666666,1.0,0.0,1.0,1.0,1.6060753e-14,0.003688791811227132,0.7079658283947082,0.9964302876409481,0.9933071490757153,0.1
31,0,0.0,1.0,0.26666666666666666,0.0,0.0,0.0,1.0,1.0,0.0047516633635697044,0.6130084948102873,0.1,0.9933071490757153,0.1
32,0,1.0,1.0,0.2833333333333333,1.0,0.0,1.0,1.0,1.6838607e-12,0.004998434191282191,0.5894744546188473,0.1,0.9933071490757153,0.1
33,0,0.0,1.0,0.2833333333333333,0.0,0.0,0.0,1.0,1.0,0.004684256722974314,0.6068149945045476,0.1,0.9933071490757153,0.1
34,0,1.0,1.0,0.3,1.0,0.0,1.0,1.0,0.00830575,0.0051895672234686255,0.6047704774907551,0.1,0.9933071490757153,0.1
35,0,1.0,1.0,0.25,1.0,0.0,0.0,1.0,8.338594e-09,0.23711790139680577,0.4961970055680698,0.1,0.9933071490757153,0.1
36,1,0.0,1.0,0.2833333333333333,0.0,0.0,0.0,1.0,5.9340568e-08,0.99999999999997,0.3129470526461905,0.1,0.9933071490757153,0.1
37,1,0.0,1.0,0.21666666666666667,0.0,0.0,0.0,1.0,3.0639267e-08,0.99999999999997,0.2611901389970833,0.6370293413458904,0.9933071490757153,0.1
38,1,1.0,1.0,0.2833333333333333,1.0,0.0,1.0,1.0,1.0,0.99999999999997,0.30840934410337884,0.1,0.9933071490757153,0.1
39,1,1.0,1.0,0.3333333333333333,1.0,0.0,0.0,1.0,0.8213272,0.99999999999997,0.36332249871544303,0.1,0.9933071490757153,0.1
40,1,0.0,1.0,0.2833333333333333,0.0,0.0,0.0,1.0,2.873477e-06,0.99999999999997,0.31327581907667146,0.8720859258632008,0.9933071490757153,0.1
41,1,1.0,1.0,0.25,1.0,0.0,0.0,1.0,0.99989045,0.99999999999997,0.2862891606115939,0.1,0.9933071490757153,0.1
42,1,0.0,1.0,0.21666666666666667,0.0,0.0,0.0,1.0,3.230897e-08,0.99999999999997,0.2567852671414113,0.14687959800477457,0.9933071490757153,0.1
43,1,0.0,1.0,0.3,0.0,0.0,0.0,1.0,7.528523e-09,0.99999999999997,0.33101028415280226,0.24689126581260845,0.9933071490757153,0.1
44,1,1.0,1.0,0.35,1.0,0.0,1.0,1.0,0.99911696,0.99999999999997,0.3779052490518198,0.8553624741857746,0.9933071490757153,0.1
45,1,1.0,1.0,0.25,1.0,0.0,0.0,1.0,1.0,0.99999999999997,0.2864559333488293,0.13272319281553976,0.9933071490757153,0.1
46,1,0.0,1.0,0.26666666666666666,0.0,0.0,0.0,1.0,0.006793519,0.99999999999997,0.2943279745420442,0.26161687610704615,0.9933071490757153,0.1
47,1,0.0,1.0,0.2,0.0,0.0,0.0,1.0,0.01286571,0.99999999999997,0.2450734233681793,0.896344776590459,0.9933071490757153,0.1
48,1,0.0,1.0,0.25,0.0,0.0,0.0,1.0,4.896183e-10,0.99999999999997,0.2864288170709132,0.3628995294673477,0.9933071490757153,0.1
49,1,1.0,1.0,0.26666666666666666,1.0,0.0,1.0,1.0,1.0,0.99999999999997,0.28812816972056526,0.7407778874599071,0.9933071490757153,0.1
50,1,0.0,1.0,0.2,0.0,0.0,0.0,1.0,1.4660006e-07,0.99999999999997,0.24568944509244645,0.1,0.9933071490757153,0.1
51,1,1.0,1.0,0.26666666666666666,1.0,0.0,1.0,1.0,0.99938524,0.99999999999997,0.29847550178044313,0.1,0.9933071490757153,0.1
52,1,1.0,1.0,0.21666666666666667,1.0,0.0,0.0,1.0,0.9896577,0.99999999999997,0.26201782239396837,0.13719918585696675,0.9933071490757153,0.1
53,1,1.0,1.0,0.31666666666666665,1.0,0.0,1.0,1.0,0.9999999,0.99999999999997,0.35154235932514855,0.9386596254596093,0.9933071490757153,0.1
54,1,0.0,1.0,0.15,0.0,0.0,0.0,1.0,6.0801104e-12,0.99999999999997,0.19905033433202327,0.1,0.9933071490757153,0.1
55,1,0.0,1.0,0.21666666666666667,0.0,0.0,0.0,1.0,0.12930582,0.99999999999997,0.25685428905134805,0.8683253371038182,0.9933071490757153,0.1
56,1,0.0,1.0,0.25,0.0,0.0,0.0,1.0,0.00012533608,0.99999999999997,0.2887667472585494,0.14068413173519798,0.9933071490757153,0.1
57,1,1.0,1.0,0.26666666666666666,1.0,0.0,0.0,1.0,0.92149323,0.99999999999997,0.3087365013332569,0.8507090419651245,0.9933071490757153,0.1
58,1,0.0,1.0,0.36666666666666664,0.0,0.0,0.0,1.0,0.00019870662,0.99999999999997,0.3868499605520361,0.1,0.9933071490757153,0.1
59,1,0.0,1.0,0.26666666666666666,0.0,0.0,0.0,1.0,0.00028482953,0.99999999999997,0.3014618888969639,0.5838224684924042,0.9933071490757153,0.1
60,1,0.0,1.0,0.16666666666666666,0.0,0.0,0.0,1.0,2.3847706e-14,0.99999999999997,0.20896364641755172,0.6282284988566733,0.9933071490757153,0.1
61,1,0.0,1.0,0.26666666666666666,0.0,0.0,0.0,1.0,4.916288e-12,0.99999999999997,0.3017745128984431,0.32555878045990955,0.9933071490757153,0.1
62,1,1.0,1.0,0.35,1.0,0.0,1.0,1.0,1.0,0.99999999999997,0.3819977797129674,0.1,0.9933071490757153,0.1
63,1,0.0,1.0,0.31666666666666665,0.0,0.0,0.0,1.0,4.5786666e-07,0.99999999999997,0.3433639609046495,0.9111349893564891,0.9933071490757153,0.1
64,1,0.0,1.0,0.25,0.0,0.0,0.0,1.0,1.1494504e-08,0.99999999999997,0.2807647089648779,0.1,0.9933071490757153,0.1
65,1,1.0,1.0,0.21666666666666667,1.0,0.0,0.0,1.0,0.9999987,0.99999999999997,0.2519420621537545,0.70857106014035,0.9933071490757153,0.1
66,1,1.0,1.0,0.25,1.0,0.0,0.0,1.0,1.0,0.99999999999997,0.28047851924717837,0.1,0.9933071490757153,0.1
67,1,0.0,1.0,0.21666666666666667,0.0,0.0,0.0,1.0,1.4909737e-07,0.99999999999997,0.24458113019069858,0.1,0.9933071490757153,0.1
68,1,0.0,1.0,0.21666666666666667,0.0,0.0,0.0,1.0,8.827305e-13,0.99999999999997,0.2599342792644251,0.1384834219737628,0.9933071490757153,0.1
69,1,1.0,1.0,0.26666666666666666,1.0,0.0,1.0,1.0,0.99974936,0.99999999999997,0.30022094153149315,0.9822834925594284,0.9933071490757153,0.1
70,1,1.0,1.0,0.36666666666666664,1.0,0.0,1.0,1.0,1.0,0.99999999999997,0.39572019034794226,0.1,0.9933071490757153,0.1
71,1,1.0,1.0,0.3,1.0,0.0,1.0,1.0,0.9999957,0.99999999999997,0.3368961678476356,0.7938490934694913,0.9933071490757153,0.1
72,1,0.0,1.0,0.2,0.0,0.0,0.0,1.0,0.121375054,0.99999999999997,0.244055162733019,0.7767015228221517,0.9933071490757153,0.1
73,1,1.0,1.0,0.3,1.0,0.0,1.0,1.0,0.99998236,0.99999999999997,0.3381550286984474,0.9752071117606878,0.9933071490757153,0.1
74,1,0.0,1.0,0.3,0.0,0.0,0.0,1.0,4.7325284e-13,0.99999999999997,0.332335866765603,0.1,0.9933071490757153,0.1
75,1,1.0,1.0,0.23333333333333334,1.0,0.0,0.0,1.0,0.997969,0.99999999999997,0.2714106397659538,0.8962030574406595,0.9933071490757153,0.1
76,1,0.0,1.0,0.16666666666666666,0.0,0.0,0.0,1.0,6.64965e-07,0.99999999999997,0.21364327783297776,0.1,0.9933071490757153,0.1
77,1,0.0,1.0,0.23333333333333334,0.0,0.0,0.0,1.0,6.903975e-17,0.99999999999997,0.27898668429973894,0.10534397065813064,0.9933071490757153,0.1
78,1,0.0,1.0,0.3,0.0,0.0,0.0,1.0,1.0440764e-15,0.99999999999997,0.3369279343282706,0.1,0.9933071490757153,0.1
79,1,0.0,1.0,0.3,0.0,0.0,0.0,1.0,0.0006554357,0.99999999999997,0.33118402393455565,0.4324717983070515,0.9933071490757153,0.1
80,1,0.0,1.0,0.26666666666666666,0.0,0.0,0.0,1.0,1.626917e-11,0.99999999999997,0.28695054325509967,0.35002761240539326,0.9933071490757153,0.1
81,1,0.0,1.0,0.2,0.0,0.0,0.0,1.0,9.584243e-15,0.99999999999997,0.24617780955423163,0.1,0.9933071490757153,0.1
82,1,0.0,1.0,0.25,0.0,0.0,0.0,1.0,0.004977551,0.99999999999997,0.28693181537019813,0.13218328789096145,0.9933071490757153,0.1
83,1,1.0,1.0,0.2,1.0,0.0,0.0,1.0,0.587891,0.99999999999997,0.24052359619804703,0.8802943887766038,0.9933071490757153,0.1
84,1,0.0,1.0,0.21666666666666667,0.0,0.0,0.0,1.0,0.00014464057,0.99999999999997,0.25131255567260424,0.3774878016542412,0.9933071490757153,0.1
85,1,0.0,1.0,0.3,0.0,0.0,0.0,1.0,2.3385887e-09,0.99999999999997,0.3273080324814412,0.1,0.9933071490757153,0.1
86,1,1.0,1.0,0.2,1.0,0.0,0.0,1.0,0.99998415,0.99999999999997,0.24154929879091677,0.1,0.9933071490757153,0.1
87,1,0.0,1.0,0.31666666666666665,0.0,0.0,0.0,1.0,2.080946e-11,0.99999999999997,0.340437176103131,0.1,0.9933071490757153,0.1
88,1,0.0,1.0,0.2,0.0,0.0,0.0,1.0,1.7589659e-07,0.99999999999997,0.2352334540771914,0.33028928613799224,0.9933071490757153,0.1
89,1,1.0,1.0,0.18333333333333332,1.0,0.0,0.0,1.0,0.9999982,0.99999999999997,0.22640934974597052,0.9069225601827038,0.9933071490757153,0.1
90,1,1.0,1.0,0.26666666666666666,1.0,0.0,1.0,1.0,0.9983181,0.99999999999997,0.3039577781818756,0.9707828171134891,0.9933071490757153,0.1
91,1,0.0,1.0,0.3,0.0,0.0,0.0,1.0,7.365245e-08,0.99999999999997,0.3191538553158715,0.6190586539604002,0.9933071490757153,0.1
92,1,0.0,1.0,0.13333333333333333,0.0,0.0,0.0,1.0,7.9868485e-09,0.99999999999997,0.18590545425482008,0.1,0.9933071490757153,0.1
93,1,0.0,1.0,0.2833333333333333,0.0,0.0,0.0,1.0,3.183304e-10,0.99999999999997,0.3214382130337036,0.38802990859702413,0.9933071490757153,0.1
94,1,1.0,1.0,0.35,1.0,0.0,1.0,1.0,1.0,0.99999999999997,0.36924336551078396,0.1062059658774437,0.9933071490757153,0.1
95,1,0.0,1.0,0.23333333333333334,0.0,0.0,0.0,1.0,7.3306736e-11,0.99999999999997,0.2665028396279073,0.3499042502942639,0.9933071490757153,0.1
96,1,1.0,1.0,0.2833333333333333,1.0,0.0,1.0,1.0,1.0,0.99999999999997,0.3203113936982976,0.1,0.9933071490757153,0.1
97,1,1.0,1.0,0.25,1.0,0.0,0.0,1.0,0.99884254,0.99999999999997,0.28432482670081677,0.9938806118883607,0.9933071490757153,0.1
98,1,1.0,1.0,0.3333333333333333,1.0,0.0,1.0,1.0,0.999933,0.99999999999997,0.35541527065144796,0.9964602997239586,0.9933071490757153,0.1
99,1,1.0,1.0,0.25,1.0,0.0,0.0,1.0,1.0,0.99999999999997,0.279865440961715,0.1,0.9933071490757153,0.1
100,1,0.0,1.0,0.21666666666666667,0.0,0.0,0.0,1.0,0.41430637,0.99999999999997,0.25785852371993623,0.7734370486936408,0.9933071490757153,0.1
101,1,1.0,1.0,0.18333333333333332,1.0,0.0,0.0,1.0,0.9999995,0.99999999999997,0.22255965014983198,0.21558997337753136,0.9933071490757153,0.1
102,1,1.0,1.0,0.21666666666666667,1.0,0.0,0.0,1.0,0.6798059,0.99999999999997,0.2596882654950462,0.10112870921248643,0.9933071490757153,0.1
103,1,0.0,1.0,0.26666666666666666,0.0,0.0,0.0,1.0,3.776717e-12,0.99999999999997,0.3065776867885692,0.1,0.9933071490757153,0.1
104,1,1.0,1.0,0.3,1.0,0.0,0.0,1.0,0.82427037,0.99999999999997,0.3292605894271591,0.1,0.9933071490757153,0.1
105,1,1.0,1.0,0.35,1.0,0.0,1.0,1.0,0.99999976,0.99999999999997,0.3770426306817993,0.22619584657084071,0.9933071490757153,0.1
106,1,1.0,0.9333333333333333,0.36666666666666664,1.0,0.0,1.0,1.0,0.9999988,0.9778851653074291,0.3743947258962396,0.1,0.9933071490757153,0.1
107,1,0.0,1.0,0.23333333333333334,0.0,0.0,0.0,1.0,8.585229e-08,0.99999999999997,0.27647026888949655,0.1,0.9933071490757153,0.1
108,1,1.0,1.0,0.36666666666666664,1.0,0.0,1.0,1.0,1.0,0.99999999999997,0.38700889360053947,0.1,0.9933071490757153,0.1
109,1,0.0,1.0,0.35,0.0,0.0,0.0,1.0,5.1896987e-14,0.99999999999997,0.3838654327581461,0.1,0.9933071490757153,0.1
110,1,0.0,1.0,0.21666666666666667,0.0,0.0,0.0,1.0,4.600056e-07,0.99999999999997,0.2583593763545988,0.1,0.9933071490757153,0.1
111,1,0.0,1.0,0.3333333333333333,0.0,0.0,0.0,1.0,0.15275784,0.99999999999997,0.3650257413343691,0.37741812567114974,0.9933071490757153,0.1
112,1,0.0,1.0,0.21666666666666667,0.0,0.0,0.0,1.0,2.0963072e-11,0.99999999999997,0.2629785887671831,0.6586560121767733,0.9933071490757153,0.1
113,1,1.0,1.0,0.2,1.0,0.0,0.0,1.0,1.0,0.99999999999997,0.24187238841737557,0.9972838690292272,0.9933071490757153,0.1
114,1,1.0,1.0,0.26666666666666666,1.0,0.0,1.0,1.0,1.0,0.99999999999997,0.3083597962589134,0.1,0.9933071490757153,0.1
115,1,0.0,1.0,0.21666666666666667,0.0,0.0,0.0,1.0,7.365245e-08,0.99999999999997,0.2633239770253629,0.6190586539604002,0.9933071490757153,0.1
116,1,0.0,1.0,0.2,0.0,0.0,0.0,1.0,4.5347708e-14,0.99999999999997,0.23979817359710137,0.1,0.9933071490757153,0.1
117,1,1.0,1.0,0.35,1.0,0.0,1.0,1.0,0.9996051,0.99999999999997,0.38136063061801545,0.7404756864715066,0.9933071490757153,0.1
118,1,0.0,1.0,0.25,0.0,0.0,0.0,1.0,0.00016607458,0.99999999999997,0.29053688201963596,0.10897452175293892,0.9933071490757153,0.1
119,1,0.0,1.0,0.23333333333333334,0.0,0.0,0.0,1.0,4.8329255e-13,0.9999999999999682,0.27753129004890786,0.6459478954598229,0.9933071490757153,0.1
120,1,0.0,1.0,0.3,0.0,0.0,0.0,1.0,9.360248e-10,0.99999999999997,0.33686461355952674,0.12828649870464298,0.9933071490757153,0.1
121,1,0.0,1.0,0.16666666666666666,0.0,0.0,0.0,1.0,0.05427607,0.99999999999997,0.21280025359459456,0.3581244120883103,0.9933071490757153,0.1
122,1,0.0,1.0,0.26666666666666666,0.0,0.0,0.0,1.0,9.091868e-11,0.99999999999997,0.31052711024669694,0.46348893463840346,0.9933071490757153,0.1
123,1,1.0,1.0,0.2,1.0,0.0,0.0,1.0,1.0,0.99999999999997,0.24255800770647612,0.1,0.9933071490757153,0.1
124,1,0.0,1.0,0.35,0.0,0.0,0.0,1.0,5.329174e-05,0.99999999999997,0.37502791325175644,0.9856399512166836,0.9933071490757153,0.1
125,1,0.0,1.0,0.3333333333333333,0.0,0.0,0.0,1.0,0.009783096,0.9999999999999692,0.36162301580967576,0.28674373110407064,0.9933071490757153,0.1
126,1,1.0,1.0,0.21666666666666667,1.0,0.0,0.0,1.0,0.9996445,0.99999999999997,0.25788927186300376,0.9977215793905935,0.9933071490757153,0.1
127,1,0.0,1.0,0.15,0.0,0.0,0.0,1.0,2.88961e-14,0.99999999999997,0.19936444744735252,0.14973584812119456,0.9933071490757153,0.1
128,1,0.0,1.0,0.2833333333333333,0.0,0.0,0.0,1.0,3.840362e-06,0.9999999999999337,0.3118810522410314,0.6317652028593006,0.9933071490757153,0.1
129,1,1.0,0.7666666666666667,0.26666666666666666,1.0,0.0,1.0,1.0,1.0,0.9999997597430377,0.3094938763715611,0.1,0.9933071490757153,0.1
130,0,1.0,0.6333333333333333,0.23333333333333334,1.0,0.0,0.0,1.0,1.1853148e-10,0.39873408104849184,0.6520737933140885,0.9926605612086117,0.9933071490757153,0.1
131,0,1.0,1.0,0.21666666666666667,1.0,0.0,1.0,1.0,5.2946167e-08,0.007882340447656577,0.6558459782066534,0.21602810305916384,0.9933071490757153,0.1
132,0,0.0,1.0,0.26666666666666666,0.0,0.0,0.0,1.0,1.0,0.004447594575842518,0.6239728150500478,0.1,0.9933071490757153,0.1
133,0,0.0,1.0,0.31666666666666665,0.0,0.0,0.0,1.0,1.0,0.004259576236791439,0.5798320036271356,0.1,0.9933071490757153,0.1
134,0,1.0,1.0,0.31666666666666665,1.0,0.0,1.0,1.0,8.857986e-09,0.004408995219073164,0.5816798467320173,0.11233715798438666,0.9933071490757153,0.1
135,0,1.0,1.0,0.23333333333333334,1.0,0.0,1.0,1.0,1.4951036e-14,0.005248768048460064,0.642347738448007,0.1,0.9933071490757153,0.1
136,0,1.0,1.0,0.25,1.0,0.0,1.0,1.0,2.2344882e-05,0.0035468538111598207,0.6075889537645902,0.42598584482421253,0.9933071490757153,0.1
137,0,1.0,1.0,0.3,1.0,0.0,1.0,1.0,6.56914e-07,0.004738668580170913,0.582055054263557,0.13979598024504444,0.9933071490757153,0.1
138,0,1.0,1.0,0.16666666666666666,1.0,0.0,1.0,1.0,4.2265487e-14,0.00641142413642229,0.6929504546403159,0.1,0.9933071490757153,0.1
139,0,1.0,1.0,0.3,1.0,0.0,1.0,1.0,5.483344e-07,0.003932014984592121,0.5832419026239832,0.30737209700935664,0.9933071490757153,0.1
140,0,1.0,1.0,0.35,1.0,0.0,1.0,1.0,7.8385534e-17,0.0035579848982189807,0.5601101795853768,0.1,0.9933071490757153,0.1
141,0,1.0,1.0,0.21666666666666667,1.0,0.0,1.0,1.0,1.2211697e-13,0.004884528248113193,0.6462373440643199,0.1,0.9933071490757153,0.1
142,0,1.0,1.0,0.26666666666666666,1.0,0.0,1.0,1.0,4.6678863e-08,0.004919403502827585,0.6135352141342398,0.1,0.9933071490757153,0.1
143,0,1.0,1.0,0.18333333333333332,1.0,0.0,1.0,1.0,2.5148394e-11,0.0040729466102216675,0.6896330117956759,0.11342337447772805,0.9933071490757153,0.1
144,0,1.0,1.0,0.21666666666666667,1.0,0.0,1.0,1.0,3.9854017e-13,0.003175706032365357,0.6648559117271,0.1,0.9933071490757153,0.1
145,0,0.0,1.0,0.2,0.0,0.0,0.0,1.0,1.0,0.003378547991721709,0.6804286997613809,0.1,0.9933071490757153,0.1
146,0,1.0,1.0,0.3,1.0,0.0,1.0,1.0,3.2163967e-09,0.00570187690612174,0.5942215334215948,0.1,0.9933071490757153,0.1
147,0,1.0,1.0,0.18333333333333332,1.0,0.0,1.0,1.0,6.8269137e-13,0.004955985077163345,0.6784217995179692,0.1,0.9933071490757153,0.1
148,0,1.0,1.0,0.3,1.0,0.0,1.0,1.0,0.00032233386,0.00482904204667144,0.5984402282003969,0.13306954318064862,0.9933071490757153,0.1
149,0,1.0,1.0,0.2833333333333333,1.0,0.0,1.0,1.0,3.4075797e-14,0.003980668640774399,0.5943698919151235,0.1415225130735161,0.9933071490757153,0.1
150,0,1.0,1.0,0.31666666666666665,1.0,0.0,1.0,1.0,6.8827394e-10,0.003720158775765398,0.5674502926444347,0.11176157537989553,0.9933071490757153,0.1
151,0,0.0,1.0,0.31666666666666665,0.0,0.0,0.0,1.0,1.0,0.004210921928968164,0.5723733707179695,0.1,0.9933071490757153,0.1
152,0,1.0,1.0,0.3333333333333333,1.0,0.0,1.0,1.0,0.07379591,0.004805492454998938,0.5550392519341173,0.2589158774774591,0.9933071490757153,0.1
153,0,1.0,1.0,0.2,1.0,0.0,1.0,1.0,4.204189e-06,0.0047832736061542746,0.6626412681660422,0.7761626191589497,0.9933071490757153,0.1
154,0,1.0,1.0,0.2833333333333333,1.0,0.0,1.0,1.0,9.266671e-17,0.00422678164698273,0.6036289118525144,0.1,0.9933071490757153,0.1
155,0,0.0,1.0,0.3,0.0,0.0,0.0,1.0,1.0,0.003075888886529666,0.5891200916882563,0.1,0.9933071490757153,0.1
156,0,1.0,1.0,0.2833333333333333,1.0,0.0,1.0,1.0,0.046787843,0.004764146819315368,0.6008492297449396,0.3320731180980318,0.9933071490757153,0.1
157,0,1.0,1.0,0.31666666666666665,1.0,0.0,1.0,1.0,0.0014354372,0.003971665762322502,0.5690743923186272,0.15889647820359645,0.9933071490757153,0.1
158,0,1.0,1.0,0.2833333333333333,1.0,0.0,1.0,1.0,1.9165864e-14,0.004787656700437442,0.6003607296126324,0.15223517547155893,0.9933071490757153,0.1
159,0,0.0,1.0,0.31666666666666665,0.0,0.0,0.0,1.0,0.9999995,0.005225067063786724,0.5719528822855827,0.1,0.9933071490757153,0.1
160,0,1.0,1.0,0.31666666666666665,1.0,0.0,1.0,1.0,0.00014781604,0.004480254264721717,0.5741968500617535,0.26889430565095573,0.9933071490757153,0.1
161,0,1.0,1.0,0.23333333333333334,1.0,0.0,1.0,1.0,1.790825e-05,0.005684317453812094,0.665213927158145,0.1,0.9933071490757153,0.1
162,0,1.0,1.0,0.23333333333333334,1.0,0.0,1.0,1.0,9.964219e-05,0.004088460791526778,0.6408691692986069,0.1176235499890799,0.9933071490757153,0.1
163,0,0.0,1.0,0.2833333333333333,0.0,0.0,0.0,1.0,1.0,0.005153821206016398,0.6069870034436562,0.1,0.9933071490757153,0.1
164,0,1.0,1.0,0.2833333333333333,1.0,0.0,1.0,1.0,2.6247962e-09,0.005292629611740585,0.6268684793643177,0.1,0.9933071490757153,0.1
165,0,1.0,1.0,0.3333333333333333,1.0,0.0,1.0,1.0,7.2744137e-12,0.0042498682537188606,0.5814077481908075,0.6642791465208612,0.9933071490757153,0.1
166,0,1.0,1.0,0.23333333333333334,1.0,0.0,1.0,1.0,1.522026e-05,0.003747754551894932,0.6525630249781715,0.8391572192963853,0.9933071490757153,0.1
167,0,0.0,1.0,0.2833333333333333,0.0,0.0,0.0,1.0,1.0,0.004055911810046148,0.6043119506062615,0.1,0.9933071490757153,0.1
168,0,1.0,1.0,0.23333333333333334,1.0,0.0,1.0,1.0,2.8941896e-13,0.004538791348514339,0.6564274448167351,0.1,0.9933071490757153,0.1
169,0,1.0,1.0,0.25,1.0,0.0,1.0,1.0,1.192768e-06,0.004105156781569462,0.6454050419123178,0.23175113665043434,0.9933071490757153,0.1
170,0,0.0,1.0,0.23333333333333334,0.0,0.0,0.0,1.0,0.9589399,0.003067692654870497,0.6315125754057408,0.9005329637520343,0.9933071490757153,0.1
171,0,0.0,1.0,0.36666666666666664,0.0,0.0,0.0,1.0,1.0,0.0031919342585855384,0.5396449793383944,0.1,0.9933071490757153,0.1
172,0,1.0,1.0,0.25,1.0,0.0,1.0,1.0,3.2163967e-09,0.004234467505950466,0.620533542621992,0.1,0.9933071490757153,0.1
173,0,0.0,1.0,0.23333333333333334,0.0,0.0,0.0,1.0,1.0,0.007495275302507947,0.6544784893095607,0.1,0.9933071490757153,0.1
174,0,1.0,1.0,0.3333333333333333,1.0,0.0,1.0,1.0,2.0779464e-05,0.003222645928106049,0.5588587707191114,0.41980864135595775,0.9933071490757153,0.1
175,0,1.0,1.0,0.26666666666666666,1.0,0.0,1.0,1.0,7.755671e-14,0.005605965417780549,0.6102525854292107,0.22976193444870832,0.9933071490757153,0.1
176,1,0.0,1.0,0.25,0.0,0.0,0.0,1.0,1.2696539e-12,0.9004951837143883,0.2610717621839171,0.1,0.9933071490757153,0.1
177,1,0.0,1.0,0.35,0.0,0.0,0.0,1.0,0.00012533608,0.9999999878156232,0.36786947013217053,0.14068413173519798,0.9933071490757153,0.1
178,1,0.0,1.0,0.2,0.0,0.0,0.0,1.0,2.6638877e-10,0.9999999940050638,0.24827136397098484,0.32727834871315137,0.9933071490757153,0.1
179,1,0.0,1.0,0.18333333333333332,0.0,0.0,0.0,1.0,1.4194046e-10,0.999999999974191,0.22109804656590357,0.7614262338433866,0.9933071490757153,0.1
180,1,0.0,1.0,0.21666666666666667,0.0,0.0,0.0,1.0,0.00019870662,0.9999999986353284,0.25621161434214546,0.1,0.9933071490757153,0.1
181,1,0.0,1.0,0.26666666666666666,0.0,0.0,0.0,1.0,0.00020857202,0.9999999999001227,0.2995913469928703,0.3911086132413282,0.9933071490757153,0.1
182,1,1.0,1.0,0.3,1.0,0.0,1.0,1.0,1.0,0.9999999999185956,0.33501199326839853,0.1,0.9933071490757153,0.1
183,1,0.0,1.0,0.2833333333333333,0.0,0.0,0.0,1.0,1.9190539e-08,0.9999999999076992,0.3214162670814451,0.8020246102058955,0.9933071490757153,0.1
184,1,0.0,1.0,0.31666666666666665,0.0,0.0,0.0,1.0,1.2497426e-07,0.999999999961879,0.3413338791675317,0.8981305893145278,0.9933071490757153,0.1
185,1,1.0,1.0,0.25,1.0,0.0,0.0,1.0,0.80759865,0.999999999969959,0.2925903510236086,0.9846644768810454,0.9933071490757153,0.1
186,1,0.0,1.0,0.26666666666666666,0.0,0.0,0.0,1.0,1.9574629e-09,0.9999999999943318,0.3095161679542037,0.1069033722093683,0.9933071490757153,0.1
187,1,1.0,1.0,0.23333333333333334,1.0,0.0,0.0,1.0,0.9950742,0.9999999999967593,0.2596707895550899,0.7701181260686659,0.9933071490757153,0.1
188,1,0.0,1.0,0.31666666666666665,0.0,0.0,0.0,1.0,0.00014464057,0.9999999999980177,0.3550568270274527,0.3774878016542412,0.9933071490757153,0.1
189,1,1.0,1.0,0.26666666666666666,1.0,0.0,1.0,1.0,1.0,0.9999999999992465,0.30524824348429186,0.1,0.9933071490757153,0.1
190,1,1.0,1.0,0.3333333333333333,1.0,0.0,1.0,1.0,0.9999987,0.9999999999999674,0.3638443492176524,0.70857106014035,0.9933071490757153,0.1
191,1,1.0,1.0,0.31666666666666665,1.0,0.0,1.0,1.0,0.9999995,0.9999999999999682,0.3507338639408016,0.9543935640057484,0.9933071490757153,0.1
192,1,0.0,1.0,0.23333333333333334,0.0,0.0,0.0,1.0,1.0118096e-10,0.9999999999999692,0.2712116669062643,0.9807893877434707,0.9933071490757153,0.1
193,1,0.0,1.0,0.18333333333333332,0.0,0.0,0.0,1.0,4.896534e-15,0.99999999999997,0.22299183234246447,0.7982356552117613,0.9933071490757153,0.1
194,1,0.0,1.0,0.3333333333333333,0.0,0.0,0.0,1.0,1.7090042e-09,0.99999999999997,0.3516990685900519,0.6640887088283598,0.9933071490757153,0.1
195,1,0.0,1.0,0.18333333333333332,0.0,0.0,0.0,1.0,6.405748e-17,0.9999999999999699,0.2185975213499215,0.1,0.9933071490757153,0.1
196,1,1.0,1.0,0.35,1.0,0.0,1.0,1.0,1.0,0.99999999999997,0.3742991308379863,0.1,0.9933071490757153,0.1
197,1,0.0,1.0,0.23333333333333334,0.0,0.0,0.0,1.0,0.028854199,0.99999999999997,0.2528274371152757,0.4604774306434486,0.9933071490757153,0.1
198,1,0.0,1.0,0.25,0.0,0.0,0.0,1.0,0.050667703,0.99999999999997,0.28979075703926394,0.4941433079735945,0.9933071490757153,0.1
199,1,0.0,1.0,0.2833333333333333,0.0,0.0,0.0,1.0,7.3691213e-09,0.99999999999997,0.3094587585933786,0.7487606277954152,0.9933071490757153,0.1
200,1,0.0,1.0,0.2833333333333333,0.0,0.0,0.0,1.0,3.514893e-12,0.99999999999997,0.3135326507599628,0.7413950409887349,0.9933071490757153,0.1
201,1,0.0,1.0,0.23333333333333334,0.0,0.0,0.0,1.0,0.0068283454,0.9999999999998318,0.2750962570973492,0.7730204949446815,0.9933071490757153,0.1
202,1,0.0,1.0,0.25,0.0,0.0,0.0,1.0,6.0656707e-06,0.999999999999922,0.28493220269048714,0.8639743247270875,0.9933071490757153,0.1
203,1,0.0,1.0,0.3,0.0,0.0,0.0,1.0,1.3132313e-09,0.9999999999998805,0.32995976895762597,0.3063159548497136,0.9933071490757153,0.1
204,1,0.0,1.0,0.3,0.0,0.0,0.0,1.0,5.9022107e-09,0.9999999999999292,0.33625935085007963,0.1,0.9933071490757153,0.1
205,1,0.0,1.0,0.2,0.0,0.0,0.0,1.0,3.36028e-12,0.9999999999999564,0.23001820481325455,0.18730644842852046,0.9933071490757153,0.1
206,1,0.0,1.0,0.2833333333333333,0.0,0.0,0.0,1.0,1.4360957e-13,0.9999999999999677,0.324120991801224,0.1,0.9933071490757153,0.1
207,1,1.0,1.0,0.16666666666666666,1.0,0.0,0.0,1.0,1.0,0.9999999999999507,0.21777220775391212,0.1,0.9933071490757153,0.1
208,1,0.0,1.0,0.26666666666666666,0.0,0.0,0.0,1.0,8.927696e-17,0.9999999999999251,0.2854949391226313,0.1,0.9933071490757153,0.1
209,1,1.0,1.0,0.26666666666666666,1.0,0.0,1.0,1.0,0.99999845,0.9999999999979348,0.2951613406618424,0.7778294595177866,0.9933071490757153,0.1
210,1,0.0,1.0,0.18333333333333332,0.0,0.0,0.0,1.0,8.3550195e-10,0.9999999999965226,0.22416410229794517,0.6065071794677009,0.9933071490757153,0.1
211,1,0.0,0.95,0.3333333333333333,0.0,0.0,0.0,1.0,9.899904e-10,0.9937295815487233,0.3464343360247325,0.16654320258240435,0.9933071490757153,0.1
212,0,1.0,0.8,0.23333333333333334,1.0,0.0,0.0,1.0,3.003795e-11,0.2612670945033507,0.6341441265810289,0.1444592215373598,0.9933071490757153,0.1
213,0,1.0,1.0,0.26666666666666666,1.0,0.0,1.0,1.0,3.649806e-05,0.009228486881335233,0.6075925788350259,0.14980567295044028,0.9933071490757153,0.1
214,0,1.0,1.0,0.2,1.0,0.0,1.0,1.0,1.5870024e-12,0.005471996435954228,0.6775191751925477,0.9808969758892847,0.9933071490757153,0.1
215,0,1.0,1.0,0.25,1.0,0.0,1.0,1.0,4.5506796e-10,0.0033978655702344126,0.6263419038772796,0.1,0.9933071490757153,0.1
216,0,1.0,1.0,0.25,1.0,0.0,1.0,1.0,8.994901e-10,0.004821509917805201,0.6277594534000985,0.23922007785216023,0.9933071490757153,0.1
217,0,1.0,1.0,0.25,1.0,0.0,1.0,1.0,9.382457e-12,0.0035364637354902786,0.6307344180023722,0.23606070418459213,0.9933071490757153,0.1
218,0,1.0,1.0,0.2833333333333333,1.0,0.0,1.0,1.0,2.0459245e-05,0.006404992222671399,0.6075059809034414,0.1,0.9933071490757153,0.1
219,0,1.0,1.0,0.23333333333333334,1.0,0.0,1.0,1.0,3.9854017e-13,0.005128830578278642,0.6351503368387819,0.1,0.9933071490757153,0.1
220,0,1.0,1.0,0.16666666666666666,1.0,0.0,0.0,1.0,1.6889002e-09,0.005306371374793896,0.7078359606968213,0.225357372873822,0.9933071490757153,0.1
221,0,1.0,1.0,0.2833333333333333,1.0,0.0,1.0,1.0,3.3621103e-14,0.0040421160851379,0.5994294855308409,0.1,0.9933071490757153,0.1
222,0,0.0,1.0,0.25,0.0,0.0,0.0,1.0,1.0,0.003708473386504854,0.6259686910675436,0.1,0.9933071490757153,0.1
223,0,1.0,1.0,0.21666666666666667,1.0,0.0,1.0,1.0,1.8107045e-05,0.0038037187306319566,0.650105836663242,0.1,0.9933071490757153,0.1
224,0,1.0,1.0,0.3,1.0,0.0,1.0,1.0,6.9198036e-11,0.00521802873861037,0.5828079589329775,0.1,0.9933071490757153,0.1
225,0,0.0,1.0,0.26666666666666666,0.0,0.0,0.0,1.0,1.0,0.007941630698562586,0.6107050849832658,0.1,0.9933071490757153,0.1
226,0,1.0,1.0,0.35,1.0,0.0,1.0,1.0,2.7973976e-09,0.005342868084314516,0.5503185182063464,0.1,0.9933071490757153,0.1
227,0,1.0,1.0,0.18333333333333332,1.0,0.0,1.0,1.0,2.8743485e-19,0.004564783554992334,0.6831444802464378,0.11636513925267529,0.9933071490757153,0.1
228,0,1.0,1.0,0.2833333333333333,1.0,0.0,1.0,1.0,7.9720553e-07,0.004582672511512882,0.6073370318132697,0.1,0.9933071490757153,0.1
229,0,1.0,1.0,0.26666666666666666,1.0,0.0,1.0,1.0,1.0034718e-07,0.004365486362858157,0.6203485572762086,0.27152947801482336,0.9933071490757153,0.1
230,0,1.0,1.0,0.21666666666666667,1.0,0.0,1.0,1.0,2.6570253e-15,0.003425428397754838,0.6402288975001091,0.1,0.9933071490757153,0.1
231,0,1.0,1.0,0.31666666666666665,1.0,0.0,1.0,1.0,2.0652494e-06,0.004370997832001949,0.581242249388417,0.27787659373328394,0.9933071490757153,0.1
232,0,1.0,1.0,0.3,1.0,0.0,1.0,1.0,7.8076286e-19,0.006616714106770827,0.5872264074375263,0.1,0.9933071490757153,0.1
233,0,1.0,1.0,0.3333333333333333,1.0,0.0,1.0,1.0,3.3305234e-10,0.0057403431765302455,0.5666610592047044,0.24188315212205583,0.9933071490757153,0.1
234,1,0.0,0.9833333333333333,0.25,1.0,0.0,0.0,1.0,0.00012533608,0.518171153433104,0.5334614475686069,0.14068413173519798,0.9933071490757153,0.1
235,1,1.0,1.0,0.2,1.0,0.0,0.0,1.0,1.0,0.99999999999997,0.23831907189746834,0.1,0.9933071490757153,0.1
236,1,1.0,1.0,0.38333333333333336,1.0,0.0,0.0,1.0,0.77692366,0.99999999999997,0.4153912755175684,0.919849092848885,0.9933071490757153,0.1
237,1,1.0,1.0,0.23333333333333334,1.0,0.0,0.0,1.0,1.0,0.99999999999997,0.2755449832190559,0.1,0.9933071490757153,0.1
238,1,0.0,1.0,0.25,0.0,0.0,0.0,1.0,2.5894717e-08,0.99999999999997,0.28179613460431957,0.779503405483016,0.9933071490757153,0.1
239,1,0.0,1.0,0.31666666666666665,0.0,0.0,0.0,1.0,0.0012332617,0.99999999999997,0.3474886602202961,0.6898225977817238,0.9933071490757153,0.1
240,1,1.0,1.0,0.26666666666666666,1.0,0.0,1.0,1.0,0.998884,0.99999999999997,0.31133028235173227,0.16205524798602602,0.9933071490757153,0.1
241,1,0.0,1.0,0.3,0.0,0.0,0.0,1.0,0.0004164498,0.99999999999997,0.33695250434169943,0.590884782601832,0.9933071490757153,0.1
242,1,0.0,1.0,0.18333333333333332,0.0,0.0,0.0,1.0,2.811166e-16,0.99999999999997,0.2300434148956608,0.1,0.9933071490757153,0.1
243,1,0.0,1.0,0.3333333333333333,0.0,0.0,0.0,1.0,3.840362e-06,0.99999999999997,0.36922782959759803,0.6317652028593006,0.9933071490757153,0.1
244,1,1.0,1.0,0.26666666666666666,1.0,0.0,1.0,1.0,1.0,0.99999999999997,0.30394738644138375,0.1,0.9933071490757153,0.1
245,1,1.0,1.0,0.25,1.0,0.0,1.0,1.0,0.9999957,0.99999999999997,0.29052367452778666,0.7938490934694913,0.9933071490757153,0.1
246,1,1.0,1.0,0.3,1.0,0.0,1.0,1.0,1.0,0.99999999999997,0.3322172055395865,0.1,0.9933071490757153,0.1
247,1,0.0,1.0,0.26666666666666666,0.0,0.0,0.0,1.0,0.014621516,0.99999999999997,0.3078381170759654,0.17626986557000499,0.9933071490757153,0.1
248,1,0.0,1.0,0.3,0.0,0.0,0.0,1.0,1.8931249e-16,0.99999999999997,0.34160676618845376,0.1,0.9933071490757153,0.1
249,1,0.0,1.0,0.26666666666666666,0.0,0.0,0.0,1.0,2.7392961e-13,0.99999999999997,0.2991469837839452,0.9037472505315182,0.9933071490757153,0.1
250,1,0.0,1.0,0.23333333333333334,0.0,0.0,0.0,1.0,5.6712456e-15,0.99999999999997,0.26541191402537206,0.1,0.9933071490757153,0.1
251,1,0.0,1.0,0.25,0.0,0.0,0.0,1.0,2.050001e-07,0.99999999999997,0.2883987611004008,0.17217784523219345,0.9933071490757153,0.1
252,1,0.0,1.0,0.21666666666666667,0.0,0.0,0.0,1.0,1.6994937e-08,0.99999999999997,0.2641049583803457,0.1,0.9933071490757153,0.1
253,1,0.0,1.0,0.23333333333333334,0.0,0.0,0.0,1.0,4.302496e-06,0.99999999999997,0.2797158787769955,0.6208247854595976,0.9933071490757153,0.1
254,1,0.0,1.0,0.35,0.0,0.0,0.0,1.0,0.090703994,0.99999999999997,0.3863082752720343,0.9738056899706842,0.9933071490757153,0.1
255,1,1.0,1.0,0.2,1.0,0.0,0.0,1.0,0.99998593,0.99999999999997,0.23598677101985316,0.9624274463669101,0.9933071490757153,0.1
256,1,0.0,1.0,0.25,0.0,0.0,0.0,1.0,4.7434607e-14,0.99999999999997,0.2851218878073031,0.1,0.9933071490757153,0.1
257,1,1.0,1.0,0.2833333333333333,1.0,0.0,1.0,1.0,0.99999595,0.99999999999997,0.32212252103205125,0.4275511105404048,0.9933071490757153,0.1
258,1,0.0,1.0,0.3,0.0,0.0,0.0,1.0,3.8647286e-05,0.99999999999997,0.33917627830328695,0.3122044431401989,0.9933071490757153,0.1
259,1,1.0,1.0,0.26666666666666666,1.0,0.0,1.0,1.0,1.0,0.99999999999997,0.30632205499074966,0.1,0.9933071490757153,0.1
260,1,1.0,1.0,0.26666666666666666,1.0,0.0,0.0,1.0,0.77692366,0.99999999999997,0.30558114678786985,0.919849092848885,0.9933071490757153,0.1
261,1,1.0,1.0,0.23333333333333334,1.0,0.0,0.0,1.0,1.0,0.99999999999997,0.276923388411207,0.1,0.9933071490757153,0.1
262,1,0.0,1.0,0.25,0.0,0.0,0.0,1.0,9.723659e-13,0.99999999999997,0.28957918008045463,0.6431522878804435,0.9933071490757153,0.1
263,1,0.0,1.0,0.25,0.0,0.0,0.0,1.0,5.916742e-12,0.99999999999997,0.2853464873238815,0.1,0.9933071490757153,0.1
264,1,1.0,1.0,0.3333333333333333,1.0,0.0,1.0,1.0,1.0,0.99999999999997,0.3602219627334996,0.1,0.9933071490757153,0.1
265,1,0.0,1.0,0.31666666666666665,0.0,0.0,0.0,1.0,3.840362e-06,0.99999999999997,0.35123297867037984,0.6317652028593006,0.9933071490757153,0.1
266,1,0.0,1.0,0.3333333333333333,0.0,0.0,0.0,1.0,4.878838e-16,0.99999999999997,0.37171942844605166,0.835616476525483,0.9933071490757153,0.1
267,1,0.0,1.0,0.21666666666666667,0.0,0.0,0.0,1.0,9.545399e-12,0.99999999999997,0.24879987941966875,0.649551183433216,0.9933071490757153,0.1
268,1,0.0,1.0,0.25,0.0,0.0,0.0,1.0,0.0,0.99999999999997,0.2897910934242262,0.6883247185521709,0.9933071490757153,0.1
269,1,0.0,1.0,0.18333333333333332,0.0,0.0,0.0,1.0,0.004977551,0.99999999999997,0.23279494632787323,0.13218328789096145,0.9933071490757153,0.1
270,1,1.0,1.0,0.26666666666666666,1.0,0.0,1.0,1.0,1.0,0.99999999999997,0.2916427170703832,0.7783728439141929,0.9933071490757153,0.1
271,1,0.0,1.0,0.2833333333333333,0.0,0.0,0.0,1.0,4.916288e-12,0.99999999999997,0.3196025022224597,0.32555878045990955,0.9933071490757153,0.1
272,1,0.0,1.0,0.2833333333333333,0.0,0.0,0.0,1.0,0.0014469182,0.99999999999997,0.3267595965751959,0.12413377998722812,0.9933071490757153,0.1
273,1,0.0,1.0,0.26666666666666666,0.0,0.0,0.0,1.0,1.626917e-11,0.99999999999997,0.30606595657346636,0.35002761240539326,0.9933071490757153,0.1
274,1,0.0,1.0,0.25,0.0,0.0,0.0,1.0,1.3175116e-06,0.99999999999997,0.28787416327989906,0.1,0.9933071490757153,0.1
275,1,1.0,1.0,0.3,1.0,0.0,1.0,1.0,0.9975248,0.99999999999997,0.32479221507192507,0.12155090171104864,0.9933071490757153,0.1
276,1,1.0,1.0,0.2833333333333333,1.0,0.0,0.0,1.0,0.6848114,0.99999999999997,0.313415254805319,0.37262898122552257,0.9933071490757153,0.1
277,1,1.0,1.0,0.23333333333333334,1.0,0.0,0.0,1.0,1.0,0.99999999999997,0.26925174355959675,0.8468440243316867,0.9933071490757153,0.1
278,1,0.0,1.0,0.3,0.0,0.0,0.0,1.0,2.4893172e-06,0.99999999999997,0.32942086410605653,0.9529529016861927,0.9933071490757153,0.1
279,1,1.0,1.0,0.25,1.0,0.0,1.0,1.0,1.0,0.99999999999997,0.288869287491374,0.7889761832861449,0.9933071490757153,0.1
280,1,1.0,1.0,0.2833333333333333,1.0,0.0,1.0,1.0,0.9999957,0.99999999999997,0.31335948445053413,0.7938490934694913,0.9933071490757153,0.1
281,1,1.0,1.0,0.18333333333333332,1.0,0.0,0.0,1.0,1.0,0.99999999999997,0.23017210517141468,0.8776174646911953,0.9933071490757153,0.1
282,1,0.0,1.0,0.2833333333333333,0.0,0.0,0.0,1.0,8.585229e-08,0.99999999999997,0.3207839672458821,0.1,0.9933071490757153,0.1
283,1,1.0,1.0,0.3333333333333333,1.0,0.0,1.0,1.0,0.9996051,0.99999999999997,0.3667999544048777,0.7404756864715066,0.9933071490757153,0.1
284,1,0.0,1.0,0.23333333333333334,0.0,0.0,0.0,1.0,1.8085542e-05,0.99999999999997,0.28186390515764076,0.1,0.9933071490757153,0.1
285,1,0.0,1.0,0.21666666666666667,0.0,0.0,0.0,1.0,3.514893e-12,0.99999999999997,0.25047277119465544,0.7413950409887349,0.9933071490757153,0.1
286,1,0.0,1.0,0.3,0.0,0.0,0.0,1.0,2.8232403e-12,0.99999999999997,0.33652236090405885,0.2445334428491643,0.9933071490757153,0.1
287,1,0.0,1.0,0.25,0.0,0.0,0.0,1.0,0.05427607,0.99999999999997,0.29578958734264565,0.3581244120883103,0.9933071490757153,0.1
288,1,1.0,1.0,0.2833333333333333,1.0,0.0,0.0,1.0,1.0,0.8674553857920254,0.3990048824458805,0.1,0.9933071490757153,0.1
289,0,0.0,1.0,0.3333333333333333,0.0,0.0,0.0,1.0,1.0,0.0064658051580903965,0.5559878541803701,0.1,0.9933071490757153,0.1
290,0,1.0,1.0,0.23333333333333334,1.0,0.0,1.0,1.0,8.994901e-10,0.005720587420498669,0.6408658372165852,0.23922007785216023,0.9933071490757153,0.1
291,0,1.0,1.0,0.23333333333333334,1.0,0.0,1.0,1.0,0.0029125784,0.004148229737976405,0.6403104206699554,0.1367443473146248,0.9933071490757153,0.1
292,0,1.0,1.0,0.3,1.0,0.0,1.0,1.0,3.0897704e-09,0.004059928957674813,0.57131872283258,0.10327682978612808,0.9933071490757153,0.1
293,0,0.0,1.0,0.21666666666666667,0.0,0.0,0.0,1.0,1.0,0.0034345184724715685,0.6548727142435085,0.1,0.9933071490757153,0.1
294,0,1.0,1.0,0.2833333333333333,1.0,0.0,1.0,1.0,5.7315077e-09,0.005403974574299415,0.6019272555339552,0.17888049181873206,0.9933071490757153,0.1
295,0,1.0,1.0,0.2833333333333333,1.0,0.0,1.0,1.0,1.5186437e-12,0.004291476475041869,0.5940325201649457,0.1,0.9933071490757153,0.1
296,0,1.0,1.0,0.26666666666666666,1.0,0.0,1.0,1.0,1.4439049e-12,0.004263463525733132,0.6165152406528733,0.1,0.9933071490757153,0.1
297,0,0.0,1.0,0.21666666666666667,0.0,0.0,0.0,1.0,0.98641264,0.003763285510685971,0.6540242192260094,0.1,0.9933071490757153,0.1
298,0,1.0,1.0,0.23333333333333334,1.0,0.0,1.0,1.0,1.4484891e-16,0.004916634026715016,0.6513826454323595,0.1,0.9933071490757153,0.1
299,0,1.0,1.0,0.35,1.0,0.0,1.0,1.0,1.1910482e-18,0.004826008756127374,0.555207395738196,0.1,0.9933071490757153,0.1
300,0,1.0,1.0,0.3333333333333333,1.0,0.0,1.0,1.0,1.8789573e-10,0.003609403333238995,0.5612820380989716,0.1,0.9933071490757153,0.1
301,0,1.0,1.0,0.26666666666666666,1.0,0.0,1.0,1.0,7.844821e-13,0.004540079669933013,0.6247772090501494,0.1,0.9933071490757153,0.1
302,0,1.0,1.0,0.23333333333333334,1.0,0.0,1.0,1.0,3.3363926e-07,0.005842758882949436,0.6544642496491732,0.12952810828389932,0.9933071490757153,0.1
303,0,1.0,1.0,0.16666666666666666,1.0,0.0,1.0,1.0,3.656177e-05,0.0034934644475593485,0.7078816874359276,0.19819513184636203,0.9933071490757153,0.1
304,0,0.0,1.0,0.2,0.0,0.0,0.0,1.0,1.0,0.003865766283746236,0.674173723289858,0.1,0.9933071490757153,0.1
305,0,1.0,1.0,0.2833333333333333,1.0,0.0,1.0,1.0,8.442098e-10,0.0035473579325584134,0.6152926117071623,0.1,0.9933071490757153,0.1
306,0,0.0,1.0,0.23333333333333334,0.0,0.0,0.0,1.0,1.0,0.004697940339622343,0.6331936095921341,0.1,0.9933071490757153,0.1
307,0,1.0,1.0,0.2,1.0,0.0,1.0,1.0,1.5903225e-13,0.005428403163107429,0.6676240538256439,0.9817993199062862,0.9933071490757153,0.1
308,0,1.0,1.0,0.21666666666666667,1.0,0.0,1.0,1.0,0.02664776,0.004050353342207854,0.6458432130110138,0.1363008850929916,0.9933071490757153,0.1
309,0,1.0,1.0,0.23333333333333334,1.0,0.0,1.0,1.0,0.00014022237,0.004874304722347141,0.6411781961775749,0.42145467644352413,0.9933071490757153,0.1
310,0,1.0,1.0,0.21666666666666667,1.0,0.0,1.0,1.0,1.9088476e-07,0.006454544973060176,0.6650739040487255,0.18869898192063364,0.9933071490757153,0.1
311,0,0.0,1.0,0.3,0.0,0.0,0.0,1.0,1.0,0.004522467274778793,0.5876864083149723,0.1,0.9933071490757153,0.1
312,0,1.0,1.0,0.31666666666666665,1.0,0.0,1.0,1.0,1.068935e-13,0.004798603029102842,0.5761797343360919,0.1019082038262499,0.9933071490757153,0.1
313,0,0.0,1.0,0.36666666666666664,0.0,0.0,0.0,1.0,0.66825634,0.004756215260328559,0.5358635720895126,0.1725809379327949,0.9933071490757153,0.1
314,0,1.0,1.0,0.26666666666666666,1.0,0.0,1.0,1.0,9.149812e-08,0.004758610307066036,0.6259301165344692,0.1257637007837426,0.9933071490757153,0.1
315,0,1.0,1.0,0.31666666666666665,1.0,0.0,1.0,1.0,7.2238184e-13,0.0034429194611464496,0.5712654439398913,0.10622827703295382,0.9933071490757153,0.1
316,0,1.0,1.0,0.26666666666666666,1.0,0.0,1.0,1.0,3.213545e-13,0.0038126822017596484,0.613338063220485,0.1,0.9933071490757153,0.1
317,0,1.0,1.0,0.25,1.0,0.0,1.0,1.0,8.415838e-06,0.004103116075488284,0.646650065798236,0.11012491098739134,0.9933071490757153,0.1
318,0,1.0,0.9833333333333333,0.23333333333333334,1.0,0.0,0.0,1.0,2.3347029e-16,0.2686419489065009,0.5770345392917445,0.1,0.9933071490757153,0.1
319,1,0.0,1.0,0.3333333333333333,0.0,0.0,0.0,1.0,5.4954312e-14,0.9999999861762361,0.3638970950125159,0.1,0.9933071490757153,0.1
320,1,1.0,1.0,0.31666666666666665,1.0,0.0,1.0,1.0,0.99868053,0.9999999925248126,0.3463657205326112,0.1,0.9933071490757153,0.1
321,1,1.0,1.0,0.13333333333333333,1.0,0.0,0.0,1.0,1.0,0.9999999776865423,0.18886454759037521,0.1,0.9933071490757153,0.1
322,1,0.0,1.0,0.3,0.0,0.0,0.0,1.0,3.840362e-06,0.9999999383531107,0.3302686845392108,0.6317652028593006,0.9933071490757153,0.1
323,1,0.0,1.0,0.2833333333333333,0.0,0.0,0.0,1.0,1.0436685e-07,0.9999998697186313,0.3279287134427806,0.27302081940047723,0.9933071490757153,0.1
324,1,0.0,1.0,0.26666666666666666,0.0,0.0,0.0,1.0,1.818033e-08,0.99999991183521,0.2996223002794304,0.8542180915609522,0.9933071490757153,0.1
325,1,1.0,1.0,0.18333333333333332,1.0,0.0,0.0,1.0,1.0,0.9999999555053767,0.22605046570540102,0.1,0.9933071490757153,0.1
326,1,1.0,1.0,0.21666666666666667,1.0,0.0,0.0,1.0,0.98507,0.9999999764224012,0.24997158243275328,0.324042636297855,0.9933071490757153,0.1
327,0,1.0,0.9833333333333333,0.31666666666666665,1.0,0.0,0.0,1.0,1.5009048e-06,0.485567515901759,0.49812044646065007,0.1,0.9933071490757153,0.1
328,1,1.0,0.9833333333333333,0.26666666666666666,1.0,0.0,0.0,1.0,0.9975248,0.9037709441443025,0.272167681897402,0.12155090171104864,0.9933071490757153,0.1
329,1,0.0,1.0,0.36666666666666664,0.0,0.0,0.0,1.0,3.8723534e-12,0.9999999999995619,0.3732819199657355,0.1505501321698274,0.9933071490757153,0.1
330,1,1.0,1.0,0.26666666666666666,1.0,0.0,0.0,1.0,0.66890717,0.9999999999990558,0.2909292603678165,0.20303845967868323,0.9933071490757153,0.1
331,1,0.0,1.0,0.26666666666666666,0.0,0.0,0.0,1.0,2.175593e-16,0.9999999999994593,0.28676692471801424,0.1,0.9933071490757153,0.1
332,1,0.0,1.0,0.15,0.0,0.0,0.0,1.0,1.4401916e-16,0.9999999999993368,0.19539629802777767,0.16458964470009305,0.9933071490757153,0.1
333,1,0.0,1.0,0.2833333333333333,0.0,0.0,0.0,1.0,1.1748479e-11,0.9999999999992151,0.2917507107744207,0.840765446225381,0.9933071490757153,0.1
334,1,1.0,1.0,0.25,1.0,0.0,0.0,1.0,1.0,0.9999999999968696,0.27995619621743384,0.1,0.9933071490757153,0.1
335,1,0.0,1.0,0.3,0.0,0.0,0.0,1.0,0.00019870662,0.9999999999969784,0.31196017413800337,0.1,0.9933071490757153,0.1
336,1,0.0,1.0,0.18333333333333332,0.0,0.0,0.0,1.0,7.861566e-05,0.9999999999964194,0.2152588612496891,0.10181475392247369,0.9933071490757153,0.1
337,1,1.0,1.0,0.26666666666666666,1.0,0.0,0.0,1.0,0.66890717,0.9999999999985262,0.29758982931971695,0.20303845967868323,0.9933071490757153,0.1
338,1,0.0,1.0,0.31666666666666665,0.0,0.0,0.0,1.0,6.0801104e-12,0.9999999999987164,0.34728455771090216,0.1,0.9933071490757153,0.1
339,1,0.0,1.0,0.26666666666666666,0.0,0.0,0.0,1.0,1.235383e-13,0.9999999999998607,0.2914861384066001,0.10405309309199964,0.9933071490757153,0.1
340,1,0.0,1.0,0.23333333333333334,0.0,0.0,0.0,1.0,2.3385887e-09,0.9999999999999243,0.26315311571678957,0.1,0.9933071490757153,0.1
341,1,1.0,1.0,0.23333333333333334,1.0,0.0,0.0,1.0,0.99999845,0.9999999999999171,0.26432688732632426,0.9721292838970395,0.9933071490757153,0.1
342,1,0.0,1.0,0.3333333333333333,0.0,0.0,0.0,1.0,3.1641536e-12,0.9999999999999639,0.35546691496917643,0.1,0.9933071490757153,0.1
343,1,1.0,1.0,0.3333333333333333,1.0,0.0,1.0,1.0,1.0,0.9999999999999672,0.3438219499350457,0.1,0.9933071490757153,0.1
344,1,0.0,1.0,0.31666666666666665,0.0,0.0,0.0,1.0,4.4214055e-08,0.99999999999997,0.33907114704553176,0.1,0.9933071490757153,0.1
345,0,1.0,1.0,0.26666666666666666,1.0,0.0,0.0,1.0,5.1591265e-09,0.11570240997646998,0.5784794044395426,0.2101004882285532,0.9933071490757153,0.1
346,0,1.0,1.0,0.21666666666666667,1.0,0.0,1.0,1.0,0.00050447683,0.007229868438484912,0.6533935175708063,0.1,0.9933071490757153,0.1
347,0,1.0,1.0,0.2833333333333333,1.0,0.0,1.0,1.0,1.769208e-11,0.0058922139755301075,0.6002043998708542,0.12003928800274356,0.9933071490757153,0.1
348,0,0.0,1.0,0.23333333333333334,0.0,0.0,0.0,1.0,1.0,0.003885236953833528,0.6353372458866341,0.1,0.9933071490757153,0.1
349,0,1.0,1.0,0.18333333333333332,1.0,0.0,1.0,1.0,3.9999982e-14,0.004608817571690723,0.6877186743948288,0.1,0.9933071490757153,0.1
350,0,1.0,1.0,0.38333333333333336,1.0,0.0,1.0,1.0,1.1457557e-19,0.0038960300920488477,0.5211958970551925,0.1,0.9933071490757153,0.1
351,0,1.0,1.0,0.31666666666666665,1.0,0.0,1.0,1.0,2.4948665e-07,0.006012534822116609,0.5635447125118944,0.1,0.9933071490757153,0.1
352,0,1.0,1.0,0.25,1.0,0.0,1.0,1.0,4.8446447e-10,0.004350499352539892,0.6258449042966154,0.3094475518838875,0.9933071490757153,0.1
353,0,1.0,1.0,0.2,1.0,0.0,1.0,1.0,8.329966e-12,0.004788649934758122,0.6571399487117069,0.1,0.9933071490757153,0.1
354,0,1.0,1.0,0.26666666666666666,1.0,0.0,1.0,1.0,0.00047099256,0.004588946835894349,0.5982920775219452,0.12844346847240612,0.9933071490757153,0.1
355,0,1.0,1.0,0.38333333333333336,1.0,0.0,1.0,1.0,9.266671e-17,0.004322714236707433,0.5048077789946891,0.1,0.9933071490757153,0.1
356,0,1.0,1.0,0.26666666666666666,1.0,0.0,1.0,1.0,4.184904e-16,0.0030847782272200664,0.5996167915387731,0.1,0.9933071490757153,0.1
357,0,1.0,1.0,0.25,1.0,0.0,1.0,1.0,0.00010723232,0.003592017886682527,0.6278685544765745,0.23416018086974752,0.9933071490757153,0.1
358,0,1.0,1.0,0.35,1.0,0.0,1.0,1.0,1.8260095e-11,0.0035492312275686474,0.547503866299751,0.1,0.9933071490757153,0.1
359,0,0.0,1.0,0.2833333333333333,0.0,0.0,0.0,1.0,1.0,0.0035238485532873643,0.6181124157974696,0.1,0.9933071490757153,0.1
360,0,1.0,1.0,0.3,1.0,0.0,1.0,1.0,2.4989934e-06,0.003267901249134432,0.5781162314837633,0.14475742737731515,0.9933071490757153,0.1
361,0,1.0,1.0,0.26666666666666666,1.0,0.0,1.0,1.0,3.3160774e-10,0.003530291101334429,0.6176139185496179,0.1,0.9933071490757153,0.1
362,0,1.0,1.0,0.2,1.0,0.0,1.0,1.0,0.008861387,0.005269909712626948,0.6854003364724467,0.1311328898277903,0.9933071490757153,0.1
363,0,1.0,1.0,0.2,1.0,0.0,1.0,1.0,1.94234e-06,0.004495767408490763,0.6628547757741515,0.11492746628741732,0.9933071490757153,0.1
364,0,1.0,1.0,0.3,1.0,0.0,1.0,1.0,2.6214401e-08,0.0041266453422226885,0.572371535806709,0.1,0.9933071490757153,0.1
365,0,1.0,1.0,0.15,1.0,0.0,1.0,1.0,4.53451e-11,0.0047432984287072814,0.6979321975246215,0.11794772512510768,0.9933071490757153,0.1
366,0,1.0,1.0,0.21666666666666667,1.0,0.0,1.0,1.0,3.321793e-05,0.004620730553415266,0.6551624434357309,0.15198956612196576,0.9933071490757153,0.1
367,0,1.0,1.0,0.2833333333333333,1.0,0.0,1.0,1.0,0.028056754,0.003070200617598029,0.6059396951815665,0.9236773796210033,0.9933071490757153,0.1
368,0,1.0,1.0,0.25,1.0,0.0,1.0,1.0,1.29353e-09,0.0040371755065062185,0.6367596776632458,0.9970560690924846,0.9933071490757153,0.1
369,0,1.0,1.0,0.15,1.0,0.0,0.0,1.0,1.8680799e-10,0.00515680500884346,0.707206707724934,0.18418422349960734,0.9933071490757153,0.1
370,0,1.0,1.0,0.3,1.0,0.0,1.0,1.0,1.5847663e-09,0.006007377503198431,0.5873116761340671,0.1,0.9933071490757153,0.1
371,0,1.0,1.0,0.21666666666666667,1.0,0.0,1.0,1.0,2.6469988e-05,0.0030337633553183707,0.6604985622961723,0.44615504168014414,0.9933071490757153,0.1
372,0,1.0,1.0,0.25,1.0,0.0,1.0,1.0,1.7012108e-10,0.0046579565040496635,0.6355864883276647,0.1552293400978649,0.9933071490757153,0.1
373,0,1.0,1.0,0.21666666666666667,1.0,0.0,1.0,1.0,6.250228e-09,0.006466971117793844,0.6518865423788924,0.17466082208700026,0.9933071490757153,0.1
374,0,1.0,1.0,0.25,1.0,0.0,1.0,1.0,9.436687e-06,0.003906715433029551,0.6361372817248628,0.11920292202211753,0.9933071490757153,0.1
375,0,1.0,1.0,0.2833333333333333,1.0,0.0,1.0,1.0,1.1582765e-06,0.00381519118624564,0.6107403135566297,0.337571447366305,0.9933071490757153,0.1
376,0,1.0,1.0,0.2833333333333333,1.0,0.0,1.0,1.0,0.046787843,0.0035686621305143803,0.5963933893092993,0.3320731180980318,0.9933071490757153,0.1
377,0,1.0,1.0,0.18333333333333332,1.0,0.0,1.0,1.0,8.417694e-09,0.0034332220375152558,0.6718656312679416,0.9976537580793915,0.9933071490757153,0.1
378,0,1.0,1.0,0.15,1.0,0.0,1.0,1.0,2.7599826e-06,0.0036656147835496655,0.7024001476649053,0.1158394527266307,0.9933071490757153,0.1
379,0,1.0,1.0,0.25,1.0,0.0,1.0,1.0,6.261715e-05,0.0033055066532523473,0.6253520926018223,0.13512466821417077,0.9933071490757153,0.1
380,1,1.0,1.0,0.23333333333333334,1.0,0.0,0.0,1.0,1.0,0.6446238604366062,0.36552571007024137,0.1,0.9933071490757153,0.1
381,1,1.0,1.0,0.26666666666666666,1.0,0.0,1.0,1.0,0.99973065,0.994808037063845,0.30824121169622726,0.8602764600998449,0.9933071490757153,0.1
382,1,1.0,1.0,0.25,1.0,0.0,0.0,1.0,0.9897507,0.9948396902146037,0.29441429064121855,0.4878047765617484,0.9933071490757153,0.1
383,1,0.0,1.0,0.31666666666666665,0.0,0.0,0.0,1.0,0.00014464057,0.9948039533554446,0.3468640772163062,0.3774878016542412,0.9933071490757153,0.1
384,1,0.0,1.0,0.3,0.0,0.0,0.0,1.0,1.4052053e-07,0.994818807614595,0.3345017018946879,0.8644410451434927,0.9933071490757153,0.1
385,1,0.0,1.0,0.2,0.0,0.0,0.0,1.0,3.342744e-09,0.994825559001532,0.246005771974263,0.20857508840502886,0.9933071490757153,0.1
386,1,1.0,1.0,0.26666666666666666,1.0,0.0,1.0,1.0,1.0,0.9948216858546207,0.2990465223138566,0.1,0.9933071490757153,0.1
387,1,0.0,1.0,0.21666666666666667,0.0,0.0,0.0,1.0,1.1946949e-15,0.99480180688141,0.26036525724376625,0.1,0.9933071490757153,0.1
388,1,1.0,1.0,0.3,1.0,0.0,1.0,1.0,1.0,0.9948357030950322,0.33790194417876956,0.1,0.9933071490757153,0.1
389,1,0.0,1.0,0.38333333333333336,0.0,0.0,0.0,1.0,0.0001885544,0.9948327537188858,0.4198759801376329,0.3491146799836036,0.9933071490757153,0.1
390,1,0.0,1.0,0.25,0.0,0.0,0.0,1.0,5.1107565e-07,0.994789229269091,0.29149404656233924,0.5712917227020675,0.9933071490757153,0.1
391,1,0.0,1.0,0.23333333333333334,0.0,0.0,0.0,1.0,3.36028e-12,0.9947915600397454,0.26498386724545014,0.18730644842852046,0.9933071490757153,0.1
392,1,0.0,1.0,0.35,0.0,0.0,0.0,1.0,3.3281513e-12,0.9947779895234543,0.3874905469638161,0.5344072860696724,0.9933071490757153,0.1
393,1,1.0,1.0,0.3,1.0,0.0,1.0,1.0,0.9999994,0.9948056927618595,0.33472268283047335,0.1,0.9933071490757153,0.1
394,1,0.0,1.0,0.3,0.0,0.0,0.0,1.0,3.4646317e-09,0.9948301706837956,0.34422661938591576,0.45133043810596835,0.9933071490757153,0.1
395,1,0.0,1.0,0.25,0.0,0.0,0.0,1.0,3.70639e-08,0.9947533259455421,0.2901352303271671,0.6467797377532412,0.9933071490757153,0.1
396,1,0.0,1.0,0.23333333333333334,0.0,0.0,0.0,1.0,1.4739668e-10,0.9947669180153641,0.27642993118693615,0.1429817788257641,0.9933071490757153,0.1
397,1,0.0,1.0,0.21666666666666667,0.0,0.0,0.0,1.0,1.2648662e-05,0.994805390074151,0.25680732461866607,0.1,0.9933071490757153,0.1
398,1,0.0,1.0,0.23333333333333334,0.0,0.0,0.0,1.0,3.9534105e-11,0.9947515252477888,0.272938390271437,0.6654444279776909,0.9933071490757153,0.1
399,1,0.0,1.0,0.25,0.0,0.0,0.0,1.0,3.49554e-06,0.9947715397853727,0.2935239788617324,0.1,0.9933071490757153,0.1
400,1,0.0,1.0,0.25,0.0,0.0,0.0,1.0,2.3690844e-14,0.9947081766128012,0.2791701768273681,0.1,0.9933071490757153,0.1
401,1,0.0,1.0,0.21666666666666667,0.0,0.0,0.0,1.0,0.00028482953,0.9946316285840314,0.2585566787187247,0.5838224684924042,0.9933071490757153,0.1
402,1,1.0,1.0,0.18333333333333332,1.0,0.0,0.0,1.0,0.99547535,0.9945779743714759,0.2318693662607721,0.25664903506898123,0.9933071490757153,0.1
403,1,1.0,1.0,0.26666666666666666,1.0,0.0,1.0,1.0,1.0,0.9945340817394462,0.3119602508854981,0.1,0.9933071490757153,0.1
404,1,0.0,1.0,0.25,0.0,0.0,0.0,1.0,6.53036e-13,0.9944966708140386,0.28960263619491033,0.1,0.9933071490757153,0.1
405,1,0.0,1.0,0.2833333333333333,0.0,0.0,0.0,1.0,2.050001e-07,0.9143152447393359,0.33312273139921433,0.17217784523219345,0.9933071490757153,0.1
406,1,0.0,1.0,0.23333333333333334,0.0,0.0,0.0,1.0,8.0141465e-13,0.9999999999999697,0.27692883867100077,0.1,0.9933071490757153,0.1
407,1,0.0,1.0,0.2833333333333333,0.0,0.0,0.0,1.0,7.677022e-05,0.99999999999997,0.3282226217836714,0.645228045796177,0.9933071490757153,0.1
408,1,1.0,1.0,0.35,1.0,0.0,1.0,1.0,1.0,0.99999999999997,0.3849042466413182,0.1,0.9933071490757153,0.1
409,1,0.0,1.0,0.35,0.0,0.0,0.0,1.0,1.822269e-07,0.99999999999997,0.38281238469976253,0.45639528653277506,0.9933071490757153,0.1
410,1,1.0,1.0,0.3333333333333333,1.0,0.0,1.0,1.0,0.99989045,0.9999999999999651,0.36767773547914867,0.1,0.9933071490757153,0.1
411,1,1.0,1.0,0.3,1.0,0.0,1.0,1.0,1.0,0.99999999999997,0.3442034618899375,0.1243564415435938,0.9933071490757153,0.1
412,1,0.0,1.0,0.3333333333333333,0.0,0.0,0.0,1.0,2.0064488e-13,0.99999999999997,0.37575743310269244,0.1,0.9933071490757153,0.1
413,0,1.0,0.9833333333333333,0.31666666666666665,1.0,0.0,0.0,1.0,2.2113894e-15,0.22578700951371963,0.5567608502720136,0.1,0.9933071490757153,0.1
414,0,0.0,1.0,0.3,0.0,0.0,0.0,1.0,1.0,0.005792076949849399,0.5821295693328358,0.1,0.9933071490757153,0.1
415,0,1.0,1.0,0.25,1.0,0.0,1.0,1.0,1.9165864e-14,0.0058388864833496205,0.6138781508852145,0.15223517547155893,0.9933071490757153,0.1
416,0,0.0,1.0,0.31666666666666665,0.0,0.0,0.0,1.0,1.0,0.003571475961033071,0.5713396378200154,0.1,0.9933071490757153,0.1
417,0,0.0,1.0,0.25,0.0,0.0,0.0,1.0,1.0,0.003318032639223671,0.62920410072445,0.1,0.9933071490757153,0.1
418,0,1.0,1.0,0.13333333333333333,1.0,0.0,0.0,1.0,4.625156e-07,0.004415384254454604,0.7109619624161,0.1,0.9933071490757153,0.1
419,0,0.0,1.0,0.3333333333333333,0.0,0.0,0.0,1.0,0.99999774,0.0035901457136422216,0.5531996845633614,0.1,0.9933071490757153,0.1
420,0,1.0,1.0,0.3333333333333333,1.0,0.0,1.0,1.0,2.5408499e-05,0.004395122818174108,0.5654148082808707,0.13716589468147913,0.9933071490757153,0.1
421,0,1.0,1.0,0.15,1.0,0.0,0.0,1.0,1.0982285e-05,0.004369138325886302,0.7132744628672155,0.3516529729321247,0.9933071490757153,0.1
422,0,1.0,1.0,0.21666666666666667,1.0,0.0,1.0,1.0,6.8777166e-09,0.004130980197410932,0.6516737670206344,0.13512775371339805,0.9933071490757153,0.1
423,0,1.0,1.0,0.18333333333333332,1.0,0.0,1.0,1.0,7.74857e-05,0.005073463363319907,0.6846627530543172,0.3213267448593778,0.9933071490757153,0.1
424,0,1.0,1.0,0.26666666666666666,1.0,0.0,1.0,1.0,8.325761e-11,0.0034095650626168516,0.6042574655735179,0.9889315083109859,0.9933071490757153,0.1
425,0,1.0,1.0,0.3333333333333333,1.0,0.0,1.0,1.0,6.5231865e-07,0.004951849609083909,0.5423501046766703,0.1,0.9933071490757153,0.1
426,0,1.0,1.0,0.2833333333333333,1.0,0.0,1.0,1.0,4.369472e-18,0.003730380927106586,0.6009758875847332,0.1,0.9933071490757153,0.1
427,0,1.0,1.0,0.25,1.0,0.0,1.0,1.0,1.2847793e-06,0.004611983205755442,0.6182161420628466,0.18191828664991969,0.9933071490757153,0.1
428,0,1.0,1.0,0.16666666666666666,1.0,0.0,1.0,1.0,3.34123e-11,0.004393802954549815,0.6938492722085168,0.1,0.9933071490757153,0.1
429,0,1.0,1.0,0.21666666666666667,1.0,0.0,0.0,1.0,0.05861916,0.004085834376233439,0.6453828751947108,0.10263737172501279,0.9933071490757153,0.1
430,0,1.0,1.0,0.36666666666666664,1.0,0.0,1.0,1.0,4.149868e-15,0.004346994329038314,0.5288321630069028,0.1,0.9933071490757153,0.1
431,0,0.0,1.0,0.2,0.0,0.0,0.0,1.0,1.0,0.0033491766159894623,0.6703144969821799,0.1,0.9933071490757153,0.1
432,0,1.0,1.0,0.23333333333333334,1.0,0.0,1.0,1.0,2.0193288e-06,0.0037380098880659784,0.6444461740701943,0.14018143516025847,0.9933071490757153,0.1
433,0,1.0,1.0,0.2833333333333333,1.0,0.0,1.0,1.0,0.042744152,0.004507296329470718,0.5949061641938583,0.25421772105269025,0.9933071490757153,0.1
434,0,1.0,1.0,0.3333333333333333,1.0,0.0,1.0,1.0,0.00020452622,0.003551360031896378,0.5639041163339816,0.20850856656245284,0.9933071490757153,0.1
435,0,1.0,1.0,0.26666666666666666,1.0,0.0,1.0,1.0,8.762699e-07,0.0042128200188879346,0.6291846109888286,0.1,0.9933071490757153,0.1
436,0,1.0,1.0,0.2,1.0,0.0,1.0,1.0,3.1381532e-08,0.005133605091102071,0.655583388578988,0.20606579952190393,0.9933071490757153,0.1
437,0,1.0,1.0,0.21666666666666667,1.0,0.0,1.0,1.0,4.5068055e-06,0.003537116208994519,0.651140387876069,0.1324919700457881,0.9933071490757153,0.1
438,0,0.0,1.0,0.25,0.0,0.0,0.0,1.0,1.0,0.005158251038158567,0.6262969427323387,0.1,0.9933071490757153,0.1
439,0,1.0,1.0,0.26666666666666666,1.0,0.0,1.0,1.0,2.9302962e-06,0.004367103800122749,0.6063288689371522,0.4999705411010899,0.9933071490757153,0.1
440,0,1.0,1.0,0.26666666666666666,1.0,0.0,1.0,1.0,1.6923171e-18,0.004638515020723883,0.6054260505305591,0.17965497286164114,0.9933071490757153,0.1
441,0,1.0,1.0,0.2833333333333333,1.0,0.0,1.0,1.0,1.2669507e-10,0.004593541397062887,0.6013428331138739,0.1,0.9933071490757153,0.1
442,0,0.0,1.0,0.16666666666666666,0.0,0.0,0.0,1.0,1.0,0.0035961329893543425,0.6967583412089178,0.1,0.9933071490757153,0.1
443,0,1.0,1.0,0.3,1.0,0.0,1.0,1.0,1.5506053e-05,0.004401972808995707,0.5908042300632547,0.1087137346953303,0.9933071490757153,0.1
444,0,0.0,1.0,0.15,0.0,0.0,0.0,1.0,1.0,0.0040613058105899436,0.6949194706320635,0.1,0.9933071490757153,0.1
445,0,1.0,1.0,0.3,1.0,0.0,1.0,1.0,1.2119724e-08,0.004404030642074284,0.5844897245453318,0.14296347533031362,0.9933071490757153,0.1
446,0,1.0,1.0,0.2833333333333333,1.0,0.0,0.0,1.0,0.05746305,0.004992997553452976,0.5988357770036014,0.1,0.9933071490757153,0.1
447,0,1.0,1.0,0.3,1.0,0.0,1.0,1.0,3.1684252e-11,0.004221018452971463,0.590568321483232,0.1163806080596375,0.9933071490757153,0.1
448,0,0.0,1.0,0.2833333333333333,0.0,0.0,0.0,1.0,0.99999774,0.004302826027628296,0.587561455025111,0.1,0.9933071490757153,0.1
449,0,0.0,1.0,0.23333333333333334,0.0,0.0,0.0,1.0,1.0,0.0061116669815596955,0.6570905344251201,0.1,0.9933071490757153,0.1
450,0,0.0,1.0,0.26666666666666666,0.0,0.0,0.0,1.0,1.0,0.0036933639821994575,0.617647634558164,0.1,0.9933071490757153,0.1
451,0,1.0,1.0,0.16666666666666666,1.0,0.0,1.0,1.0,1.1095923e-07,0.003175637040060815,0.7034272913013093,0.9404493718114844,0.9933071490757153,0.1
452,0,1.0,1.0,0.31666666666666665,1.0,0.0,1.0,1.0,1.9905679e-06,0.003888026022335868,0.5758794712244718,0.9998399803958055,0.9933071490757153,0.1
453,0,1.0,1.0,0.26666666666666666,1.0,0.0,1.0,1.0,1.1286378e-08,0.003581396188339057,0.6130258480628993,0.1,0.9933071490757153,0.1
454,0,1.0,1.0,0.26666666666666666,1.0,0.0,1.0,1.0,5.2559513e-05,0.0037385461739184887,0.6294645672959102,0.1,0.9933071490757153,0.1
455,0,1.0,1.0,0.2,1.0,0.0,1.0,1.0,8.78497e-15,0.004409918319162828,0.6665648592084934,0.8712219295156981,0.9933071490757153,0.1
456,0,1.0,1.0,0.23333333333333334,1.0,0.0,1.0,1.0,2.7030941e-05,0.005282081445901977,0.6376779858555014,0.14160645223795276,0.9933071490757153,0.1
457,0,1.0,1.0,0.25,1.0,0.0,1.0,1.0,7.1404986e-14,0.0048307695994717955,0.633182457525439,0.1,0.9933071490757153,0.1
458,0,1.0,1.0,0.25,1.0,0.0,1.0,1.0,2.3347029e-16,0.006048571625233695,0.6212824885050049,0.1,0.9933071490757153,0.1
459,0,1.0,1.0,0.23333333333333334,1.0,0.0,1.0,1.0,8.1185e-14,0.005740480131841411,0.6521997221062416,0.3468643572900517,0.9933071490757153,0.1
460,0,1.0,1.0,0.13333333333333333,1.0,0.0,0.0,1.0,1.0567219e-12,0.004494851039984763,0.7226897684030811,0.1,0.9933071490757153,0.1
461,0,0.0,1.0,0.26666666666666666,0.0,0.0,0.0,1.0,1.0,0.004376087901372955,0.6197165435738138,0.1,0.9933071490757153,0.1
462,0,0.0,1.0,0.25,0.0,0.0,0.0,1.0,1.0,0.005694888188260226,0.6269006765166676,0.1,0.9933071490757153,0.1
463,0,1.0,1.0,0.35,1.0,0.0,1.0,1.0,7.153975e-12,0.005202348597438705,0.5424370273986466,0.10999023545134798,0.9933071490757153,0.1
464,1,0.0,1.0,0.23333333333333334,0.0,0.0,0.0,1.0,4.1460211e-16,0.6508167824937149,0.40074041726025394,0.1,0.9933071490757153,0.1
465,0,1.0,1.0,0.26666666666666666,1.0,0.0,0.0,1.0,1.9765993e-14,0.48549513338830536,0.4756360276987172,0.1,0.9933071490757153,0.1
466,0,0.0,1.0,0.31666666666666665,0.0,0.0,0.0,1.0,1.0,0.003841892800550132,0.5849764706843146,0.1,0.9933071490757153,0.1
467,0,1.0,1.0,0.2,1.0,0.0,1.0,1.0,1.1045954e-16,0.004917523368533576,0.6639249791538288,0.1,0.9933071490757153,0.1
468,0,1.0,1.0,0.31666666666666665,1.0,0.0,1.0,1.0,8.359618e-08,0.003667629248065216,0.5786926285057884,0.1,0.9933071490757153,0.1
469,0,1.0,1.0,0.31666666666666665,1.0,0.0,1.0,1.0,2.0567871e-16,0.004611288230846167,0.5775282239183698,0.1,0.9933071490757153,0.1
470,0,1.0,1.0,0.3333333333333333,1.0,0.0,1.0,1.0,3.2660975e-11,0.004801986227509292,0.5708228321000605,0.1,0.9933071490757153,0.1
471,1,1.0,1.0,0.26666666666666666,1.0,0.0,0.0,1.0,1.0,0.983374474032826,0.2958488794052209,0.1,0.9933071490757153,0.1
472,1,0.0,1.0,0.16666666666666666,0.0,0.0,0.0,1.0,5.4954312e-14,0.9999999999996444,0.2064972717318739,0.1,0.9933071490757153,0.1
473,1,1.0,1.0,0.21666666666666667,1.0,0.0,0.0,1.0,0.98507,0.9999999999991342,0.2565608789013872,0.324042636297855,0.9933071490757153,0.1
474,1,1.0,1.0,0.2,1.0,0.0,0.0,1.0,0.99999976,0.9999999999990858,0.23437903991554024,0.22619584657084071,0.9933071490757153,0.1
475,1,0.0,1.0,0.3333333333333333,0.0,0.0,0.0,1.0,2.081453e-06,0.9999999999995846,0.34591572267088105,0.3311015399527364,0.9933071490757153,0.1
476,1,0.0,1.0,0.25,0.0,0.0,0.0,1.0,1.4660006e-07,0.9999999999999538,0.28488359643040684,0.1,0.9933071490757153,0.1
477,1,1.0,1.0,0.2,1.0,0.0,0.0,1.0,0.997969,0.9999999999987901,0.23836927988802845,0.8962030574406595,0.9933071490757153,0.1
478,1,1.0,1.0,0.13333333333333333,1.0,0.0,0.0,1.0,1.0,0.9999999999989633,0.17754506024875585,0.731145352059899,0.9933071490757153,0.1
479,1,1.0,1.0,0.38333333333333336,1.0,0.0,1.0,1.0,1.0,0.9999999999985033,0.39616120695765383,0.1,0.9933071490757153,0.1
480,1,1.0,1.0,0.21666666666666667,1.0,0.0,0.0,1.0,1.0,0.9999999999994544,0.2416143602880277,0.7407778874599071,0.9933071490757153,0.1
481,1,1.0,1.0,0.18333333333333332,1.0,0.0,0.0,1.0,1.0,0.9999999999958705,0.21574607983902197,0.1,0.9933071490757153,0.1
482,1,0.0,1.0,0.3,0.0,0.0,0.0,1.0,0.30468807,0.9999999999963396,0.2932536797389712,0.1,0.9933071490757153,0.1
483,1,0.0,1.0,0.3,0.0,0.0,0.0,1.0,0.00011863516,0.9999999999954519,0.31135551053138155,0.1151324662799,0.9933071490757153,0.1
484,1,0.0,1.0,0.21666666666666667,0.0,0.0,0.0,1.0,0.018845676,0.9999999999956224,0.2424813625724904,0.12095481849568562,0.9933071490757153,0.1
485,1,0.0,1.0,0.18333333333333332,0.0,0.0,0.0,1.0,1.1998566e-05,0.9999999999948892,0.21890714449500645,0.4029571962645238,0.9933071490757153,0.1
486,1,1.0,1.0,0.36666666666666664,1.0,0.0,1.0,1.0,1.0,0.9999999999976624,0.38092340180939943,0.1,0.9933071490757153,0.1
487,1,1.0,1.0,0.18333333333333332,1.0,0.0,0.0,1.0,0.99996495,0.9999999999783475,0.21784934638698444,0.9351765325815481,0.9933071490757153,0.1
488,1,1.0,1.0,0.25,1.0,0.0,0.0,1.0,1.0,0.9999999999433645,0.2831676542130252,0.1,0.9933071490757153,0.1
489,1,1.0,1.0,0.23333333333333334,1.0,0.0,0.0,1.0,0.99999845,0.9999999999636849,0.2595494415561797,0.9721292838970395,0.9933071490757153,0.1
490,1,1.0,1.0,0.16666666666666666,1.0,0.0,0.0,1.0,0.9983181,0.9999999997963346,0.1998911574983496,0.9707828171134891,0.9933071490757153,0.1
491,1,0.0,1.0,0.3,0.0,0.0,0.0,1.0,7.3690104e-16,0.9999999999978753,0.3234264568713644,0.5790521342129233,0.9933071490757153,0.1
492,1,1.0,1.0,0.26666666666666666,1.0,0.0,0.0,1.0,0.9999968,0.9999999999844483,0.2840796502406492,0.9100792253066973,0.9933071490757153,0.1
493,1,0.0,1.0,0.2,0.0,0.0,0.0,1.0,0.07975031,0.9999999991446429,0.23475332908978705,0.7573912101184928,0.9933071490757153,0.1
494,1,0.0,1.0,0.25,0.0,0.0,0.0,1.0,4.7434607e-14,0.9999999942344235,0.28441885635996483,0.1,0.9933071490757153,0.1
495,1,1.0,1.0,0.36666666666666664,1.0,0.0,1.0,1.0,1.0,0.9999999945648512,0.3621400127074589,0.9756040026643457,0.9933071490757153,0.1
496,1,1.0,1.0,0.23333333333333334,1.0,0.0,0.0,1.0,1.0,0.9999997390606732,0.24954393076497958,0.7889761832861449,0.9933071490757153,0.1
497,1,1.0,1.0,0.2,1.0,0.0,0.0,1.0,1.0,0.9999998587581401,0.23265324004997243,0.1,0.9933071490757153,0.1
498,1,1.0,1.0,0.16666666666666666,1.0,0.0,0.0,1.0,1.0,0.9999999602819369,0.2023913271780982,0.1,0.9933071490757153,0.1
499,1,0.0,1.0,0.2,0.0,0.0,0.0,1.0,0.00015217486,0.9999999951761946,0.23786136269049948,0.18202014834980346,0.9933071490757153,0.1
500,1,0.0,1.0,0.21666666666666667,0.0,0.0,0.0,1.0,2.944189e-16,0.9999999999072742,0.24497910283530983,0.10092366350422192,0.9933071490757153,0.1
501,1,1.0,1.0,0.35,1.0,0.0,1.0,1.0,0.9999999,0.9999999999157133,0.36099309520655576,0.9765249148802915,0.9933071490757153,0.1
502,1,1.0,1.0,0.2,1.0,0.0,0.0,1.0,0.9992142,0.9999999997096073,0.24255752595319727,0.8354969356677833,0.9933071490757153,0.1
503,1,1.0,1.0,0.3,1.0,0.0,1.0,1.0,1.0,0.9999999978174843,0.31918282949092,0.1,0.9933071490757153,0.1
504,1,0.0,1.0,0.2833333333333333,0.0,0.0,0.0,1.0,2.4673246e-13,0.9999999982531597,0.3111321459545786,0.38416970262619604,0.9933071490757153,0.1
505,1,0.0,1.0,0.21666666666666667,0.0,0.0,0.0,1.0,3.840362e-06,0.999999999405868,0.2551708110784163,0.6317652028593006,0.9933071490757153,0.1
506,1,1.0,1.0,0.16666666666666666,1.0,0.0,0.0,1.0,0.5595614,0.9999999998911036,0.20450710727824314,0.9560163605103844,0.9933071490757153,0.1
507,1,0.0,1.0,0.21666666666666667,0.0,0.0,0.0,1.0,3.044645e-11,0.99999999992505,0.25328029417772346,0.4344343870871229,0.9933071490757153,0.1
508,1,1.0,1.0,0.26666666666666666,1.0,0.0,0.0,1.0,1.0,0.9999999998895931,0.28376520543386263,0.1,0.9933071490757153,0.1
509,1,0.0,1.0,0.25,0.0,0.0,0.0,1.0,4.4214055e-08,0.9999999999782347,0.2894097412193892,0.1,0.9933071490757153,0.1
510,1,1.0,1.0,0.3,1.0,0.0,0.0,1.0,0.65296984,0.9999999999917684,0.314434640905097,0.1,0.9933071490757153,0.1
511,1,1.0,1.0,0.26666666666666666,1.0,0.0,0.0,1.0,1.0,0.9999999999938486,0.2690642416536978,0.1,0.9933071490757153,0.1
512,1,0.0,1.0,0.23333333333333334,0.0,0.0,0.0,1.0,0.0012332617,0.9999999997045982,0.26360949359110214,0.6898225977817238,0.9933071490757153,0.1
513,1,0.0,1.0,0.31666666666666665,0.0,0.0,0.0,1.0,9.360248e-10,0.9999999998538553,0.32160922106369655,0.12828649870464298,0.9933071490757153,0.1
514,1,0.0,1.0,0.23333333333333334,0.0,0.0,0.0,1.0,2.2506323e-14,0.9999999999635142,0.2569341876356982,0.1,0.9933071490757153,0.1
515,1,1.0,1.0,0.25,1.0,0.0,0.0,1.0,1.0,0.9999999999886925,0.2716559479279773,0.1,0.9933071490757153,0.1
516,1,0.0,1.0,0.3,0.0,0.0,0.0,1.0,3.4885183e-05,0.9999999999827355,0.3184748956293534,0.6207411272606799,0.9933071490757153,0.1
517,1,0.0,1.0,0.23333333333333334,0.0,0.0,0.0,1.0,5.2281377e-14,0.9999999999324763,0.26594821548958975,0.22200626320203645,0.9933071490757153,0.1
518,1,1.0,1.0,0.2,1.0,0.0,0.0,1.0,0.99998415,0.9999999988564025,0.2400813650653686,0.1,0.9933071490757153,0.1
519,1,0.0,1.0,0.21666666666666667,0.0,0.0,0.0,1.0,3.4646317e-09,0.9999999986591452,0.25502245451702876,0.45133043810596835,0.9933071490757153,0.1
520,1,1.0,1.0,0.25,1.0,0.0,0.0,1.0,0.9931378,0.9999999995555492,0.28315033266184086,0.8343319200211963,0.9933071490757153,0.1
521,1,0.0,1.0,0.23333333333333334,0.0,0.0,0.0,1.0,1.79217e-08,0.9999999874692675,0.24847930020327935,0.1,0.9933071490757153,0.1
522,1,0.0,1.0,0.35,0.0,0.0,0.0,1.0,5.9336966e-11,0.9999999943891359,0.3535913804211955,0.3439507877670763,0.9933071490757153,0.1
523,1,0.0,1.0,0.18333333333333332,0.0,0.0,0.0,1.0,6.357297e-12,0.9999999990226561,0.2235499072126242,0.6811823911246582,0.9933071490757153,0.1
524,1,0.0,1.0,0.3333333333333333,0.0,0.0,0.0,1.0,4.5617637e-12,0.9999999999609961,0.3507432707205312,0.1,0.9933071490757153,0.1
525,1,0.0,1.0,0.3,0.0,0.0,0.0,1.0,7.813687e-09,0.9999999999426931,0.32562883913078783,0.1,0.9933071490757153,0.1
526,1,0.0,1.0,0.3,0.0,0.0,0.0,1.0,6.1252474e-09,0.9999999999415317,0.321455491029266,0.2232074600786887,0.9933071490757153,0.1
527,1,1.0,1.0,0.21666666666666667,1.0,0.0,0.0,1.0,1.0,0.9999999999841702,0.25585445249915506,0.9756040026643457,0.9933071490757153,0.1
528,1,0.0,1.0,0.2,0.0,0.0,0.0,1.0,4.0036524e-15,0.9999999999916324,0.23195443475658345,0.1,0.9933071490757153,0.1
529,1,0.0,1.0,0.31666666666666665,0.0,0.0,0.0,1.0,7.598014e-12,0.9999999999798935,0.345477679795416,0.18996333608602817,0.9933071490757153,0.1
530,1,1.0,1.0,0.26666666666666666,1.0,0.0,1.0,1.0,0.99927324,0.9999999999439553,0.30310392468013936,0.2133387963835763,0.9933071490757153,0.1
531,1,1.0,1.0,0.16666666666666666,1.0,0.0,0.0,1.0,1.0,0.9999999999396877,0.20740073856556704,0.1,0.9933071490757153,0.1
532,1,0.0,1.0,0.25,0.0,0.0,0.0,1.0,2.0132975e-11,0.9999999999779318,0.278881828522876,0.12284754424094253,0.9933071490757153,0.1
533,1,0.0,1.0,0.31666666666666665,0.0,0.0,0.0,1.0,2.4777953e-12,0.9999999999946073,0.3369724618113103,0.2237380722330618,0.9933071490757153,0.1
534,1,0.0,1.0,0.23333333333333334,0.0,0.0,0.0,1.0,1.9540812e-11,0.9999999999612278,0.26472747250256895,0.1870234270268502,0.9933071490757153,0.1
535,1,1.0,1.0,0.2,1.0,0.0,0.0,1.0,1.0,0.9999999999601026,0.2242672710222225,0.1,0.9933071490757153,0.1
536,1,0.0,1.0,0.2833333333333333,0.0,0.0,0.0,1.0,2.811166e-16,0.9999999999631967,0.30020315043385115,0.1,0.9933071490757153,0.1
537,1,0.0,1.0,0.26666666666666666,0.0,0.0,0.0,1.0,5.846282e-07,0.9999999999979575,0.30053462848373996,0.5050429584563206,0.9933071490757153,0.1
538,1,0.0,1.0,0.3,0.0,0.0,0.0,1.0,2.6666553e-12,0.9999999999992539,0.3132599917869927,0.6667395828122215,0.9933071490757153,0.1
539,1,0.0,1.0,0.23333333333333334,0.0,0.0,0.0,1.0,0.006793519,0.9999999999987633,0.26660485984861315,0.26161687610704615,0.9933071490757153,0.1
540,1,0.0,1.0,0.2,0.0,0.0,0.0,1.0,1.4191794e-07,0.9999999999965092,0.22917976208544602,0.11280925503680465,0.9933071490757153,0.1
541,1,0.0,1.0,0.2833333333333333,0.0,0.0,0.0,1.0,0.000119043216,0.9999999999955071,0.3030547337616259,0.964436013519031,0.9933071490757153,0.1
542,1,1.0,1.0,0.3,1.0,0.0,1.0,1.0,1.0,0.9999999999738173,0.32895869838510133,0.1,0.9933071490757153,0.1
543,1,0.0,1.0,0.4,0.0,0.0,0.0,1.0,6.292005e-14,0.9999999998750987,0.4104182580331884,0.1,0.9933071490757153,0.1
544,1,1.0,1.0,0.2,1.0,0.0,0.0,1.0,1.0,0.9999999999954132,0.23062810665814346,0.1,0.9933071490757153,0.1
545,1,0.0,1.0,0.26666666666666666,0.0,0.0,0.0,1.0,6.8219486e-11,0.9999999999918426,0.2931565128980408,0.5746242307671653,0.9933071490757153,0.1
546,1,0.0,1.0,0.25,0.0,0.0,0.0,1.0,8.982136e-12,0.9999999977882722,0.2732174535070024,0.14698660277878603,0.9933071490757153,0.1
547,1,1.0,1.0,0.23333333333333334,1.0,0.0,0.0,1.0,1.0,0.999999999079996,0.26191344259304933,0.13272319281553976,0.9933071490757153,0.1
548,1,0.0,1.0,0.26666666666666666,0.0,0.0,0.0,1.0,8.3550195e-10,0.9999999994146687,0.3003871115869622,0.6065071794677009,0.9933071490757153,0.1
549,1,1.0,1.0,0.3,1.0,0.0,1.0,1.0,0.9999994,0.9999999730007242,0.3277486195126628,0.4221064256325746,0.9933071490757153,0.1
550,1,1.0,1.0,0.2833333333333333,1.0,0.0,1.0,1.0,1.0,0.9999999990442667,0.3169267132068661,0.1,0.9933071490757153,0.1
551,1,0.0,1.0,0.3333333333333333,0.0,0.0,0.0,1.0,3.840362e-06,0.9999999996220138,0.3588133236409033,0.6317652028593006,0.9933071490757153,0.1
552,1,0.0,1.0,0.31666666666666665,0.0,0.0,0.0,1.0,1.9540812e-11,0.9999999998570849,0.33559132709842293,0.1870234270268502,0.9933071490757153,0.1
553,1,0.0,1.0,0.4,0.0,0.0,0.0,1.0,2.4882833e-14,0.9999999999972976,0.3951630545130618,0.1,0.9933071490757153,0.1
554,1,0.0,1.0,0.3333333333333333,0.0,0.0,0.0,1.0,1.9849462e-09,0.9999999999996578,0.3514944237469433,0.5211842507661001,0.9933071490757153,0.1
555,1,0.0,1.0,0.25,0.0,0.0,0.0,1.0,4.3207146e-15,0.9999999999922298,0.28589973129686397,0.14138963012693634,0.9933071490757153,0.1
556,1,0.0,1.0,0.26666666666666666,0.0,0.0,0.0,1.0,2.9563316e-07,0.9999999999541437,0.29642816250082665,0.2750819693645111,0.9933071490757153,0.1
557,1,0.0,1.0,0.31666666666666665,0.0,0.0,0.0,1.0,3.230897e-08,0.9999999999840982,0.3228338000471096,0.14687959800477457,0.9933071490757153,0.1
558,1,1.0,1.0,0.2833333333333333,1.0,0.0,1.0,1.0,1.0,0.9999999999277739,0.2946524524089243,0.1,0.9933071490757153,0.1
559,1,0.0,1.0,0.2,0.0,0.0,0.0,1.0,8.3550195e-10,0.9999999999970188,0.23964818086356868,0.6065071794677009,0.9933071490757153,0.1
560,1,0.0,1.0,0.35,0.0,0.0,0.0,1.0,0.46872085,0.999999999976327,0.36326801888091015,0.8280682296677033,0.9933071490757153,0.1
561,1,1.0,1.0,0.35,1.0,0.0,1.0,1.0,1.0,0.9999999996100288,0.3571369478761772,0.1,0.9933071490757153,0.1
562,1,0.0,1.0,0.2833333333333333,0.0,0.0,0.0,1.0,2.2687429e-14,0.9999999999093152,0.30991433641609895,0.1,0.9933071490757153,0.1
563,1,1.0,1.0,0.25,1.0,0.0,0.0,1.0,1.0,0.9999999991930547,0.2751286095439254,0.1,0.9933071490757153,0.1
564,1,1.0,1.0,0.23333333333333334,1.0,0.0,0.0,1.0,0.99999166,0.9999999995646943,0.259436269516468,0.688207363918803,0.9933071490757153,0.1
565,1,0.0,1.0,0.25,0.0,0.0,0.0,1.0,0.0014303413,0.9999999999725159,0.27385953092909426,0.45885893685045276,0.9933071490757153,0.1
566,1,0.0,1.0,0.3,0.0,0.0,0.0,1.0,2.4893172e-06,0.9999999999944759,0.3260369205272077,0.9529529016861927,0.9933071490757153,0.1
567,1,1.0,1.0,0.3,1.0,0.0,1.0,1.0,0.99998105,0.9999999999592079,0.32949972771019903,0.9630504339953014,0.9933071490757153,0.1
568,1,0.0,1.0,0.2,0.0,0.0,0.0,1.0,6.519312e-12,0.9999999999695468,0.2391651047202514,0.3519864040251938,0.9933071490757153,0.1
569,1,1.0,1.0,0.3,1.0,0.0,1.0,1.0,0.9999999,0.9999999999721021,0.32463651096787716,0.9128682426807642,0.9933071490757153,0.1
570,1,0.0,1.0,0.3,0.0,0.0,0.0,1.0,0.0014469182,0.9999999999386234,0.30964690391875327,0.12413377998722812,0.9933071490757153,0.1
571,1,1.0,1.0,0.26666666666666666,1.0,0.0,1.0,1.0,1.0,0.9999999999959835,0.2979900697743646,0.1,0.9933071490757153,0.1
572,1,0.0,1.0,0.26666666666666666,0.0,0.0,0.0,1.0,0.014749131,0.9999999999995094,0.28063268719253376,0.9234960838156662,0.9933071490757153,0.1
573,1,0.0,1.0,0.3,0.0,0.0,0.0,1.0,1.3259125e-11,0.9999999999998094,0.32260001838909785,0.1,0.9933071490757153,0.1
574,1,0.0,1.0,0.3,0.0,0.0,0.0,1.0,2.6604332e-07,0.9999999999999667,0.32671659702870237,0.949309425995624,0.9933071490757153,0.1
575,1,0.0,1.0,0.26666666666666666,0.0,0.0,0.0,1.0,9.629277e-16,0.99999999999997,0.29943283483033034,0.14874776561461628,0.9933071490757153,0.1
576,1,0.0,1.0,0.21666666666666667,0.0,0.0,0.0,1.0,9.8900986e-05,0.9999999999999676,0.2490876165771014,0.337435825865614,0.9933071490757153,0.1
577,1,0.0,1.0,0.2,0.0,0.0,0.0,1.0,2.5316815e-09,0.9999999999994277,0.23728456639016232,0.15750246403652501,0.9933071490757153,0.1
578,1,0.0,1.0,0.31666666666666665,0.0,0.0,0.0,1.0,0.0004164498,0.9999999999989628,0.34175418626567045,0.590884782601832,0.9933071490757153,0.1
579,1,0.0,1.0,0.3,0.0,0.0,0.0,1.0,0.0018140111,0.9999999999924187,0.32927548071268764,0.8254665404658429,0.9933071490757153,0.1
580,1,0.0,1.0,0.36666666666666664,0.0,0.0,0.0,1.0,0.17497294,0.9999999999958658,0.3719468301010605,0.9295042989451887,0.9933071490757153,0.1
581,1,1.0,1.0,0.31666666666666665,1.0,0.0,1.0,1.0,0.98507,0.9999999999669215,0.3265194789178772,0.324042636297855,0.9933071490757153,0.1
582,1,0.0,1.0,0.25,0.0,0.0,0.0,1.0,1.0623161e-15,0.9999999999880771,0.2751445496585038,0.744030886541971,0.9933071490757153,0.1
583,1,0.0,1.0,0.25,0.0,0.0,0.0,1.0,0.45731452,0.9999999999818695,0.2773533344516358,0.9437661087661757,0.9933071490757153,0.1
584,1,1.0,1.0,0.2,1.0,0.0,0.0,1.0,1.0,0.9999999988467547,0.24109335669808094,0.1,0.9933071490757153,0.1
585,0,1.0,0.9,0.26666666666666666,1.0,0.0,0.0,1.0,1.6916162e-15,0.35558609229596133,0.5818204887985736,0.10860605491480646,0.9933071490757153,0.1
586,0,1.0,1.0,0.36666666666666664,1.0,0.0,1.0,1.0,2.9067576e-10,0.007579385068865458,0.5243841098728446,0.1,0.9933071490757153,0.1
587,0,1.0,1.0,0.26666666666666666,1.0,0.0,1.0,1.0,5.483344e-07,0.004468584679473545,0.62695359246183,0.30737209700935664,0.9933071490757153,0.1
588,0,0.0,1.0,0.25,0.0,0.0,0.0,1.0,1.0,0.003873968400335547,0.6431710421371999,0.1,0.9933071490757153,0.1
589,0,1.0,1.0,0.23333333333333334,1.0,0.0,1.0,1.0,3.813163e-15,0.0050909482410509185,0.654918095316452,0.1,0.9933071490757153,0.1
590,0,1.0,1.0,0.21666666666666667,1.0,0.0,1.0,1.0,0.0022918568,0.0054106346350750205,0.6474112976470577,0.1,0.9933071490757153,0.1
591,0,1.0,1.0,0.3333333333333333,1.0,0.0,1.0,1.0,1.4861304e-06,0.005380787729621238,0.5551250159969906,0.1,0.9933071490757153,0.1
592,0,1.0,1.0,0.2833333333333333,1.0,0.0,1.0,1.0,1.2781277e-10,0.004397410497316544,0.5922819562148435,0.1,0.9933071490757153,0.1
593,0,1.0,1.0,0.2833333333333333,1.0,0.0,1.0,1.0,3.4888095e-09,0.003965447910788267,0.5924619341556057,0.21279955792865302,0.9933071490757153,0.1
594,0,1.0,1.0,0.3,1.0,0.0,1.0,1.0,3.1227335e-10,0.0033176787430602888,0.5855634715297138,0.15740558858247408,0.9933071490757153,0.1
595,0,0.0,1.0,0.3,0.0,0.0,0.0,1.0,1.0,0.0052313857541972705,0.600387689353417,0.1,0.9933071490757153,0.1
596,0,1.0,1.0,0.18333333333333332,1.0,0.0,1.0,1.0,1.9611855e-16,0.004431686787528972,0.6782858533008619,0.1049460058666675,0.9933071490757153,0.1
597,0,1.0,1.0,0.25,1.0,0.0,1.0,1.0,0.00830575,0.0038118866540014906,0.6505549377088242,0.1,0.9933071490757153,0.1
598,0,1.0,1.0,0.23333333333333334,1.0,0.0,1.0,1.0,6.980067e-14,0.006805439810810778,0.6471761535961814,0.1,0.9933071490757153,0.1
599,0,1.0,1.0,0.18333333333333332,1.0,0.0,1.0,1.0,0.0006248516,0.004659944758262337,0.6975953266315462,0.8048884835670068,0.9933071490757153,0.1
600,0,0.0,1.0,0.31666666666666665,0.0,0.0,0.0,1.0,0.98210216,0.0030482984119450927,0.5684981747802659,0.1,0.9933071490757153,0.1
601,0,1.0,1.0,0.26666666666666666,1.0,0.0,1.0,1.0,7.698655e-16,0.0037417879046539736,0.6085560565778062,0.1,0.9933071490757153,0.1
602,0,1.0,1.0,0.4,1.0,0.0,1.0,1.0,5.2662126e-06,0.004847914972226865,0.5119957910454332,0.1,0.9933071490757153,0.1
603,0,0.0,1.0,0.2833333333333333,0.0,0.0,0.0,1.0,1.0,0.004389919760458769,0.6037601778273551,0.1,0.9933071490757153,0.1
604,0,0.0,1.0,0.21666666666666667,0.0,0.0,0.0,1.0,1.0,0.0036866197966483752,0.644472180250411,0.1,0.9933071490757153,0.1
605,0,1.0,1.0,0.2,1.0,0.0,1.0,1.0,2.4578872e-10,0.0045256150301014545,0.6697541148446359,0.1,0.9933071490757153,0.1
606,1,1.0,1.0,0.18333333333333332,1.0,0.0,0.0,1.0,0.99998236,0.783822041875826,0.3304488478290079,0.9752071117606878,0.9933071490757153,0.1
607,1,0.0,1.0,0.26666666666666666,0.0,0.0,0.0,1.0,0.44272417,0.9999999792647555,0.2826379513411389,0.1,0.9933071490757153,0.1
608,1,0.0,1.0,0.26666666666666666,0.0,0.0,0.0,1.0,6.4825086e-05,0.9999997838214533,0.31020749274393816,0.855966271352943,0.9933071490757153,0.1
609,1,1.0,1.0,0.35,1.0,0.0,1.0,1.0,1.0,0.999999340275091,0.3752499331613406,0.1,0.9933071490757153,0.1
610,1,0.0,1.0,0.23333333333333334,0.0,0.0,0.0,1.0,3.7350834e-11,0.999999954088624,0.2744299033509945,0.9080095869129271,0.9933071490757153,0.1
611,1,0.0,1.0,0.2833333333333333,0.0,0.0,0.0,1.0,9.7923694e-05,0.9999997374597523,0.31511000936838296,0.1,0.9933071490757153,0.1
612,1,1.0,1.0,0.2833333333333333,1.0,0.0,0.0,1.0,0.65296984,0.9999998995172505,0.30797802702340743,0.1,0.9933071490757153,0.1
613,0,1.0,1.0,0.26666666666666666,1.0,0.0,1.0,1.0,2.8506993e-06,0.00567026517969702,0.6168109323478063,0.4048930570622059,0.9933071490757153,0.1
614,0,0.0,1.0,0.2,0.0,0.0,0.0,1.0,1.0,0.00363306182936405,0.6593007489336585,0.1,0.9933071490757153,0.1
615,0,1.0,1.0,0.3,1.0,0.0,1.0,1.0,3.3621103e-14,0.0043073464728933105,0.586623960182149,0.1,0.9933071490757153,0.1
616,0,1.0,1.0,0.31666666666666665,1.0,0.0,1.0,1.0,1.4499724e-10,0.004197499796303432,0.5645482825625959,0.15610795827847376,0.9933071490757153,0.1
617,0,1.0,1.0,0.2833333333333333,1.0,0.0,1.0,1.0,3.2554247e-11,0.0036632753127741964,0.5935712065623819,0.14803267712651505,0.9933071490757153,0.1
618,0,1.0,1.0,0.35,1.0,0.0,1.0,1.0,6.7758107e-18,0.003213482231294659,0.5561577498286435,0.1,0.9933071490757153,0.1
619,0,0.0,1.0,0.15,0.0,0.0,0.0,1.0,1.0,0.0038649033653279565,0.708806087958904,0.1,0.9933071490757153,0.1
620,1,1.0,0.9833333333333333,0.26666666666666666,1.0,0.0,1.0,1.0,0.9999995,0.9334717112821997,0.37662779371475624,0.9543935640057484,0.9933071490757153,0.1
621,1,0.0,1.0,0.21666666666666667,0.0,0.0,0.0,1.0,2.3297612e-12,0.99999999999997,0.2554008341157433,0.5151385549408819,0.9933071490757153,0.1
622,1,0.0,1.0,0.26666666666666666,0.0,0.0,0.0,1.0,0.44272417,0.99999999999997,0.30173632892235513,0.1,0.9933071490757153,0.1
623,1,1.0,1.0,0.25,1.0,0.0,0.0,1.0,0.99973375,0.99999999999997,0.2812761048022582,0.9754349353675821,0.9933071490757153,0.1
624,1,0.0,1.0,0.2,0.0,0.0,0.0,1.0,2.9719258e-06,0.99999999999997,0.24811123209778504,0.9229044181656803,0.9933071490757153,0.1
625,1,1.0,1.0,0.26666666666666666,1.0,0.0,1.0,1.0,0.99999976,0.99999999999997,0.3111426351497345,0.7629317599740933,0.9933071490757153,0.1
626,1,1.0,1.0,0.23333333333333334,1.0,0.0,0.0,1.0,0.9999988,0.99999999999997,0.27264343852287165,0.9804835489091076,0.9933071490757153,0.1
627,1,0.0,1.0,0.3,0.0,0.0,0.0,1.0,1.1110662e-07,0.99999999999997,0.3335127203956027,0.1,0.9933071490757153,0.1
628,1,0.0,1.0,0.31666666666666665,0.0,0.0,0.0,1.0,0.028854199,0.99999999999997,0.34015512637545325,0.4604774306434486,0.9933071490757153,0.1
629,1,0.0,1.0,0.26666666666666666,0.0,0.0,0.0,1.0,2.080946e-11,0.99999999999997,0.3056290421226823,0.1,0.9933071490757153,0.1
630,1,0.0,1.0,0.15,0.0,0.0,0.0,1.0,7.0804913e-09,0.99999999999997,0.18607626821092813,0.1,0.9933071490757153,0.1
631,1,1.0,1.0,0.2833333333333333,1.0,0.0,1.0,1.0,1.0,0.99999999999997,0.31159980360184886,0.1,0.9933071490757153,0.1
632,1,1.0,1.0,0.23333333333333334,1.0,0.0,0.0,1.0,1.0,0.99999999999997,0.2771622887305682,0.1,0.9933071490757153,0.1
633,1,1.0,1.0,0.21666666666666667,1.0,0.0,0.0,1.0,1.0,0.99999999999997,0.2644911011290021,0.1,0.9933071490757153,0.1
634,1,0.0,1.0,0.3,0.0,0.0,0.0,1.0,6.000699e-11,0.99999999999997,0.3371617790404117,0.5851673698058351,0.9933071490757153,0.1
635,1,0.0,1.0,0.25,0.0,0.0,0.0,1.0,8.3681576e-11,0.99999999999997,0.2913750149086704,0.3571232224571511,0.9933071490757153,0.1
636,1,0.0,1.0,0.23333333333333334,0.0,0.0,0.0,1.0,1.1494504e-08,0.99999999999997,0.2728368934938287,0.1,0.9933071490757153,0.1
637,1,1.0,1.0,0.23333333333333334,1.0,0.0,0.0,1.0,0.9999994,0.99999999999997,0.274653847957511,0.1,0.9933071490757153,0.1
638,1,0.0,1.0,0.25,0.0,0.0,0.0,1.0,2.811166e-16,0.99999999999997,0.2947243647733344,0.1,0.9933071490757153,0.1
639,1,1.0,1.0,0.26666666666666666,1.0,0.0,1.0,1.0,0.99998975,0.99999999999997,0.30091201568940984,0.8154425871202323,0.9933071490757153,0.1
640,1,1.0,1.0,0.2,1.0,0.0,0.0,1.0,1.0,0.99999999999997,0.24887609495144872,0.1,0.9933071490757153,0.1
641,1,1.0,1.0,0.2,1.0,0.0,0.0,1.0,0.8519912,0.99999999999997,0.24699511551809653,0.17517804616115412,0.9933071490757153,0.1
642,1,0.0,1.0,0.26666666666666666,0.0,0.0,0.0,1.0,5.8568534e-15,0.99999999999997,0.30851710440829644,0.6050279010133279,0.9933071490757153,0.1
643,1,0.0,1.0,0.3333333333333333,0.0,0.0,0.0,1.0,4.065406e-11,0.99999999999997,0.37236379296567995,0.16052599453103045,0.9933071490757153,0.1
644,1,0.0,1.0,0.2,0.0,0.0,0.0,1.0,1.1968522e-05,0.99999999999997,0.23722706352588876,0.1284302102258027,0.9933071490757153,0.1
645,1,0.0,1.0,0.35,0.0,0.0,0.0,1.0,0.00019870662,0.99999999999997,0.38239458781079916,0.1,0.9933071490757153,0.1
646,0,1.0,0.9833333333333333,0.31666666666666665,1.0,0.0,0.0,1.0,5.0954554e-08,0.33812767039136105,0.49854266789963797,0.9619959227651769,0.9933071490757153,0.1
647,0,1.0,1.0,0.25,1.0,0.0,1.0,1.0,3.321793e-05,0.0042504177110926755,0.655591529580528,0.15198956612196576,0.9933071490757153,0.1
648,0,1.0,1.0,0.23333333333333334,1.0,0.0,1.0,1.0,0.0037985314,0.0037779900219216535,0.6461364934461576,0.3313571508580297,0.9933071490757153,0.1
649,0,1.0,1.0,0.25,1.0,0.0,1.0,1.0,3.6373206e-06,0.003747334629922934,0.6318300517817214,0.1,0.9933071490757153,0.1
650,0,1.0,1.0,0.31666666666666665,1.0,0.0,1.0,1.0,0.046383858,0.0036387358909983855,0.5693177148270884,0.9546911419152515,0.9933071490757153,0.1
651,0,0.0,1.0,0.35,0.0,0.0,0.0,1.0,0.9983657,0.004066300918301047,0.5356504712771746,0.1,0.9933071490757153,0.1
652,0,1.0,1.0,0.3333333333333333,1.0,0.0,1.0,1.0,7.6063916e-13,0.004455335470738949,0.5611295560358812,0.1018720838183681,0.9933071490757153,0.1
653,0,1.0,1.0,0.2833333333333333,1.0,0.0,1.0,1.0,6.07223e-05,0.005122173174090925,0.5896312334852674,0.11039030425985971,0.9933071490757153,0.1
654,0,1.0,1.0,0.2833333333333333,1.0,0.0,1.0,1.0,4.53451e-11,0.0026994352707664262,0.6029015225289835,0.11794772512510768,0.9933071490757153,0.1
655,0,0.0,1.0,0.3,0.0,0.0,0.0,1.0,0.99917394,0.00499876051726114,0.588621919883264,0.839896441570438,0.9933071490757153,0.1
656,0,1.0,1.0,0.1,1.0,0.0,0.0,1.0,0.0006059085,0.004576484405076091,0.7362617514819457,0.1,0.9933071490757153,0.1
657,0,1.0,1.0,0.26666666666666666,1.0,0.0,1.0,1.0,2.2709554e-10,0.003926869209631372,0.6166637677753574,0.12989458272722154,0.9933071490757153,0.1
658,0,1.0,1.0,0.25,1.0,0.0,1.0,1.0,0.0061770338,0.00478199145750373,0.6332601737279105,0.9687371705227712,0.9933071490757153,0.1
659,0,1.0,1.0,0.2833333333333333,1.0,0.0,1.0,1.0,1.3242531e-13,0.004812145674045257,0.6027910517331226,0.123878981710511,0.9933071490757153,0.1
660,0,1.0,1.0,0.23333333333333334,1.0,0.0,1.0,1.0,3.6844164e-10,0.004257388763595844,0.623052005858668,0.1,0.9933071490757153,0.1
661,0,1.0,1.0,0.31666666666666665,1.0,0.0,1.0,1.0,0.026688963,0.0029520618465610437,0.574598364899304,0.31757894081393423,0.9933071490757153,0.1
662,0,1.0,1.0,0.2,1.0,0.0,1.0,1.0,6.380821e-05,0.0033625315860121357,0.67102453294861,0.8601413041840325,0.9933071490757153,0.1
663,0,1.0,1.0,0.15,1.0,0.0,1.0,1.0,3.257574e-11,0.0048523567130904785,0.6956349054791705,0.1,0.9933071490757153,0.1
664,0,1.0,1.0,0.3333333333333333,1.0,0.0,1.0,1.0,8.946347e-09,0.004797855614263783,0.5720645917209404,0.10307034711699753,0.9933071490757153,0.1
665,0,0.0,1.0,0.3333333333333333,0.0,0.0,0.0,1.0,1.0,0.0047121764234206494,0.5703138405412722,0.1,0.9933071490757153,0.1
666,0,1.0,1.0,0.21666666666666667,1.0,0.0,1.0,1.0,1.3710605e-06,0.004079422650260086,0.638928900914069,0.1,0.9933071490757153,0.1
667,0,1.0,1.0,0.3,1.0,0.0,1.0,1.0,1.6105282e-08,0.00426074315477533,0.5943534343793828,0.13901712869731772,0.9933071490757153,0.1
668,0,1.0,0.9833333333333333,0.26666666666666666,1.0,0.0,0.0,1.0,3.3621103e-14,0.3357651815740656,0.4994193672184492,0.1,0.9933071490757153,0.1
669,1,1.0,1.0,0.25,1.0,0.0,0.0,1.0,0.9999989,0.99999999999997,0.2858821558012106,0.5734132958214404,0.9933071490757153,0.1
670,1,1.0,1.0,0.38333333333333336,1.0,0.0,1.0,1.0,0.99642015,0.99999999999997,0.40354566518960844,0.9340001286101893,0.9933071490757153,0.1
671,1,0.0,1.0,0.2,0.0,0.0,0.0,1.0,2.24116e-11,0.99999999999997,0.2430993964064147,0.13462401203508145,0.9933071490757153,0.1
672,1,1.0,1.0,0.26666666666666666,1.0,0.0,1.0,1.0,0.99999845,0.99999999999997,0.3061452868641275,0.7778294595177866,0.9933071490757153,0.1
673,1,0.0,1.0,0.2,0.0,0.0,0.0,1.0,0.028320229,0.99999999999997,0.24620589977110421,0.18138168261470167,0.9933071490757153,0.1
674,1,0.0,1.0,0.2833333333333333,0.0,0.0,0.0,1.0,0.00018460615,0.99999999999997,0.31958909818442205,0.9187476067003332,0.9933071490757153,0.1
675,1,1.0,1.0,0.16666666666666666,1.0,0.0,0.0,1.0,0.98507,0.99999999999997,0.21626197406574688,0.324042636297855,0.9933071490757153,0.1
676,1,1.0,1.0,0.35,1.0,0.0,0.0,1.0,0.92149323,0.99999999999997,0.3746191853652869,0.8507090419651245,0.9933071490757153,0.1
677,1,1.0,1.0,0.31666666666666665,1.0,0.0,1.0,1.0,1.0,0.99999999999997,0.3409839150423857,0.1,0.9933071490757153,0.1
678,1,0.0,1.0,0.21666666666666667,0.0,0.0,0.0,1.0,9.737843e-08,0.99999999999997,0.2606637894327914,0.12973111634727025,0.9933071490757153,0.1
679,1,0.0,1.0,0.26666666666666666,0.0,0.0,0.0,1.0,3.8723534e-12,0.99999999999997,0.3095176751554562,0.1505501321698274,0.9933071490757153,0.1
680,1,0.0,1.0,0.26666666666666666,0.0,0.0,0.0,1.0,2.1602575e-07,0.99999999999997,0.3054462139702451,0.11832097150691956,0.9933071490757153,0.1
681,1,1.0,1.0,0.23333333333333334,1.0,0.0,0.0,1.0,0.99973375,0.99999999999997,0.2723619480133065,0.9754349353675821,0.9933071490757153,0.1
682,1,0.0,1.0,0.3,0.0,0.0,0.0,1.0,1.2829404e-12,0.99999999999997,0.33372536541737485,0.1,0.9933071490757153,0.1
683,1,1.0,1.0,0.3333333333333333,1.0,0.0,1.0,1.0,1.0,0.99999999999997,0.36203764526491905,0.1,0.9933071490757153,0.1
684,1,0.0,1.0,0.25,0.0,0.0,0.0,1.0,3.836671e-14,0.99999999999997,0.2902829924384138,0.1,0.9933071490757153,0.1
685,1,0.0,1.0,0.3,0.0,0.0,0.0,1.0,1.79217e-08,0.99999999999997,0.3323813339814868,0.1,0.9933071490757153,0.1
686,1,1.0,1.0,0.25,1.0,0.0,0.0,1.0,0.8213272,0.99999999999997,0.2792081798168203,0.1,0.9933071490757153,0.1
687,1,0.0,1.0,0.26666666666666666,0.0,0.0,0.0,1.0,0.087134786,0.99999999999997,0.284719431540523,0.6379667561674215,0.9933071490757153,0.1
688,1,0.0,1.0,0.2833333333333333,0.0,0.0,0.0,1.0,5.1107565e-07,0.99999999999997,0.3176780231468241,0.5712917227020675,0.9933071490757153,0.1
689,1,1.0,1.0,0.35,1.0,0.0,1.0,1.0,1.0,0.99999999999997,0.3858664749225504,0.1,0.9933071490757153,0.1
690,1,0.0,1.0,0.21666666666666667,0.0,0.0,0.0,1.0,5.0429165e-08,0.99999999999997,0.2530364572776576,0.10651178167243322,0.9933071490757153,0.1
691,1,1.0,1.0,0.18333333333333332,1.0,0.0,0.0,1.0,1.0,0.99999999999997,0.22625416030659018,0.8468440243316867,0.9933071490757153,0.1
692,1,1.0,1.0,0.23333333333333334,1.0,0.0,0.0,1.0,0.88837576,0.99999999999997,0.27514336162864805,0.6652448589027978,0.9933071490757153,0.1
693,1,0.0,1.0,0.36666666666666664,0.0,0.0,0.0,1.0,7.3306736e-11,0.99999999999997,0.3992813561035019,0.3499042502942639,0.9933071490757153,0.1
694,0,1.0,0.7833333333333333,0.2833333333333333,1.0,0.0,0.0,1.0,2.2057947e-08,0.4849816655384624,0.5467355398374527,0.1,0.9933071490757153,0.1
695,1,0.0,0.9833333333333333,0.18333333333333332,0.0,0.0,0.0,1.0,4.2395518e-16,0.8853886813643934,0.23834845016478576,0.1,0.9933071490757153,0.1
696,1,0.0,1.0,0.3333333333333333,0.0,0.0,0.0,1.0,0.30579394,0.99999999999997,0.3625218054630099,0.4636607162794092,0.9933071490757153,0.1
697,1,0.0,1.0,0.26666666666666666,0.0,0.0,0.0,1.0,2.0132975e-11,0.99999999999997,0.2971181827785155,0.12284754424094253,0.9933071490757153,0.1
698,1,0.0,1.0,0.25,0.0,0.0,0.0,1.0,2.3074344e-06,0.99999999999997,0.2795856604364864,0.5480086807577086,0.9933071490757153,0.1
699,1,0.0,1.0,0.2833333333333333,0.0,0.0,0.0,1.0,9.155223e-08,0.99999999999997,0.3187654907605896,0.1,0.9933071490757153,0.1
700,1,0.0,1.0,0.23333333333333334,0.0,0.0,0.0,1.0,1.6444722e-11,0.99999999999997,0.2662382779647496,0.1,0.9933071490757153,0.1
701,1,0.0,1.0,0.3333333333333333,0.0,0.0,0.0,1.0,3.776717e-12,0.99999999999997,0.3565155295197441,0.1,0.9933071490757153,0.1
702,1,1.0,1.0,0.2833333333333333,1.0,0.0,1.0,1.0,0.99998415,0.99999999999997,0.30885401790045286,0.1,0.9933071490757153,0.1
703,1,1.0,1.0,0.26666666666666666,1.0,0.0,1.0,1.0,1.0,0.99999999999997,0.2990983563438708,0.1,0.9933071490757153,0.1
704,1,0.0,1.0,0.2833333333333333,0.0,0.0,0.0,1.0,1.6150075e-06,0.99999999999997,0.31673119474290157,0.7605540302867481,0.9933071490757153,0.1
705,1,1.0,1.0,0.2,1.0,0.0,0.0,1.0,1.0,0.99999999999997,0.2377707832087201,0.1,0.9933071490757153,0.1
706,1,0.0,1.0,0.25,0.0,0.0,0.0,1.0,2.4673246e-13,0.99999999999997,0.280705870268951,0.38416970262619604,0.9933071490757153,0.1
707,1,1.0,1.0,0.25,1.0,0.0,0.0,1.0,0.99642015,0.99999999999997,0.2846802456451231,0.9340001286101893,0.9933071490757153,0.1
708,1,0.0,1.0,0.23333333333333334,0.0,0.0,0.0,1.0,1.4360957e-13,0.99999999999997,0.27658517455394477,0.1,0.9933071490757153,0.1
709,1,0.0,1.0,0.23333333333333334,0.0,0.0,0.0,1.0,6.519668e-17,0.99999999999997,0.2633550459037724,0.20534676886523173,0.9933071490757153,0.1
710,1,0.0,1.0,0.21666666666666667,0.0,0.0,0.0,1.0,3.840362e-06,0.99999999999997,0.25272003029477486,0.6317652028593006,0.9933071490757153,0.1
711,1,0.0,1.0,0.2833333333333333,0.0,0.0,0.0,1.0,8.927696e-17,0.99999999999997,0.31275518654803014,0.1,0.9933071490757153,0.1
712,1,0.0,1.0,0.3333333333333333,0.0,0.0,0.0,1.0,1.2497426e-07,0.99999999999997,0.3492650129687119,0.8981305893145278,0.9933071490757153,0.1
713,1,0.0,1.0,0.31666666666666665,0.0,0.0,0.0,1.0,0.0002598114,0.99999999999997,0.3314514044052409,0.9442348758236045,0.9933071490757153,0.1
714,1,0.0,1.0,0.15,0.0,0.0,0.0,1.0,3.70639e-08,0.99999999999997,0.19662756792200725,0.6467797377532412,0.9933071490757153,0.1
715,1,1.0,1.0,0.25,1.0,0.0,0.0,1.0,1.0,0.99999999999997,0.28302383705599693,0.1,0.9933071490757153,0.1
716,1,1.0,1.0,0.2,1.0,0.0,0.0,1.0,1.0,0.99999999999997,0.23516912273713952,0.1,0.9933071490757153,0.1
717,1,0.0,1.0,0.23333333333333334,0.0,0.0,0.0,1.0,2.1602575e-07,0.99999999999997,0.2602534472907055,0.11832097150691956,0.9933071490757153,0.1
718,1,1.0,1.0,0.3,1.0,0.0,1.0,1.0,1.0,0.99999999999997,0.32678962804311157,0.1,0.9933071490757153,0.1
719,1,1.0,1.0,0.2,1.0,0.0,0.0,1.0,1.0,0.99999999999997,0.2393021838813935,0.1,0.9933071490757153,0.1
720,1,1.0,1.0,0.36666666666666664,1.0,0.0,1.0,1.0,1.0,0.99999999999997,0.3736608147560123,0.1,0.9933071490757153,0.1
721,1,0.0,1.0,0.2833333333333333,0.0,0.0,0.0,1.0,0.00045141415,0.99999999999997,0.316948048963904,0.21505896948568692,0.9933071490757153,0.1
722,1,0.0,1.0,0.3,0.0,0.0,0.0,1.0,1.1062965e-13,0.99999999999997,0.3174056465363249,0.1,0.9933071490757153,0.1
723,1,1.0,1.0,0.21666666666666667,1.0,0.0,0.0,1.0,0.9999975,0.99999999999997,0.24887810073322303,0.1,0.9933071490757153,0.1
724,1,0.0,1.0,0.3,0.0,0.0,0.0,1.0,3.230897e-08,0.99999999999997,0.3309501770614072,0.14687959800477457,0.9933071490757153,0.1
725,1,0.0,1.0,0.26666666666666666,0.0,0.0,0.0,1.0,1.1213339e-08,0.99999999999997,0.29055994974511457,0.1897514617941217,0.9933071490757153,0.1
726,1,0.0,1.0,0.2833333333333333,0.0,0.0,0.0,1.0,0.016939558,0.99999999999997,0.31261338688385126,0.3820411387050763,0.9933071490757153,0.1
727,1,1.0,1.0,0.31666666666666665,1.0,0.0,1.0,1.0,0.99999964,0.99999999999997,0.3368807052515393,0.9864560217921723,0.9933071490757153,0.1
728,1,0.0,1.0,0.3333333333333333,0.0,0.0,0.0,1.0,5.541048e-10,0.99999999999997,0.36422539347002914,0.11402131487072764,0.9933071490757153,0.1
729,1,0.0,1.0,0.3,0.0,0.0,0.0,1.0,5.198289e-07,0.99999999999997,0.33318501403229484,0.6875152995621636,0.9933071490757153,0.1
730,1,0.0,1.0,0.2,0.0,0.0,0.0,1.0,1.921697e-06,0.99999999999997,0.24078057372433587,0.2657777470337291,0.9933071490757153,0.1
731,1,0.0,1.0,0.21666666666666667,0.0,0.0,0.0,1.0,2.84496e-12,0.99999999999997,0.25644281645234845,0.2599393180868851,0.9933071490757153,0.1
732,1,1.0,1.0,0.25,1.0,0.0,0.0,1.0,0.9999999,0.99999999999997,0.28600217161689545,0.9765249148802915,0.9933071490757153,0.1
733,1,0.0,1.0,0.25,0.0,0.0,0.0,1.0,0.0,0.99999999999997,0.2819087243781991,0.6883247185521709,0.9933071490757153,0.1
734,1,1.0,1.0,0.2833333333333333,1.0,0.0,1.0,1.0,1.0,0.99999999999997,0.3109288107397345,0.1,0.9933071490757153,0.1
735,1,0.0,1.0,0.2833333333333333,0.0,0.0,0.0,1.0,0.00020636128,0.99999999999997,0.31116041346985507,0.8727805174086218,0.9933071490757153,0.1
736,1,1.0,1.0,0.35,1.0,0.0,1.0,1.0,1.0,0.99999999999997,0.3715660962989244,0.1,0.9933071490757153,0.1
737,1,0.0,1.0,0.31666666666666665,0.0,0.0,0.0,1.0,0.00010412492,0.99999999999997,0.33958536677320655,0.5727741426031904,0.9933071490757153,0.1
738,1,0.0,1.0,0.2833333333333333,0.0,0.0,0.0,1.0,2.3847706e-14,0.99999999999997,0.30692644819843307,0.6282284988566733,0.9933071490757153,0.1
739,1,1.0,1.0,0.31666666666666665,1.0,0.0,1.0,1.0,1.0,0.99999999999997,0.34128077571731436,0.1,0.9933071490757153,0.1
740,1,0.0,1.0,0.21666666666666667,0.0,0.0,0.0,1.0,2.0295226e-06,0.99999999999997,0.25139536590795436,0.1,0.9933071490757153,0.1
741,1,0.0,1.0,0.21666666666666667,0.0,0.0,0.0,1.0,6.357297e-12,0.99999999999997,0.24041741293555804,0.6811823911246582,0.9933071490757153,0.1
742,1,0.0,1.0,0.36666666666666664,0.0,0.0,0.0,1.0,1.9137773e-14,0.99999999999997,0.3865024457744392,0.4032498169636875,0.9933071490757153,0.1
743,1,0.0,1.0,0.2,0.0,0.0,0.0,1.0,3.854668e-08,0.99999999999997,0.2452906052596904,0.10995906746195007,0.9933071490757153,0.1
744,1,0.0,1.0,0.2833333333333333,0.0,0.0,0.0,1.0,2.9535688e-10,0.99999999999997,0.30034435356329225,0.1,0.9933071490757153,0.1
745,1,0.0,1.0,0.23333333333333334,0.0,0.0,0.0,1.0,9.7923694e-05,0.99999999999997,0.26546713129397304,0.1,0.9933071490757153,0.1
746,1,1.0,1.0,0.31666666666666665,1.0,0.0,1.0,1.0,1.0,0.99999999999997,0.33881366740772534,0.1,0.9933071490757153,0.1
747,1,0.0,1.0,0.2833333333333333,0.0,0.0,0.0,1.0,6.1668437e-15,0.99999999999997,0.3135533461284475,0.1,0.9933071490757153,0.1
748,1,0.0,1.0,0.2,0.0,0.0,0.0,1.0,2.1405153e-09,0.99999999999997,0.23011287894270105,0.40509875738748863,0.9933071490757153,0.1
749,1,0.0,1.0,0.23333333333333334,0.0,0.0,0.0,1.0,1.0887614e-12,0.99999999999997,0.2757642312338327,0.1,0.9933071490757153,0.1
750,1,0.0,1.0,0.21666666666666667,0.0,0.0,0.0,1.0,6.893203e-07,0.99999999999997,0.24972586503835148,0.1,0.9933071490757153,0.1
751,1,1.0,1.0,0.3,1.0,0.0,1.0,1.0,1.0,0.99999999999997,0.3287446748683186,0.1,0.9933071490757153,0.1
752,1,0.0,1.0,0.36666666666666664,0.0,0.0,0.0,1.0,4.0014836e-08,0.99999999999997,0.37217265945610023,0.10216410966741511,0.9933071490757153,0.1
753,1,0.0,1.0,0.25,0.0,0.0,0.0,1.0,0.004972752,0.99999999999997,0.2848067276651156,0.6021374349884128,0.9933071490757153,0.1
754,1,0.0,1.0,0.3,0.0,0.0,0.0,1.0,0.00045141415,0.99999999999997,0.32312643646841044,0.21505896948568692,0.9933071490757153,0.1
755,1,0.0,1.0,0.35,0.0,0.0,0.0,1.0,1.9849462e-09,0.99999999999997,0.3610090976023811,0.5211842507661001,0.9933071490757153,0.1
756,1,0.0,1.0,0.2,0.0,0.0,0.0,1.0,5.532108e-12,0.99999999999997,0.24388417529751621,0.41030648144140464,0.9933071490757153,0.1
757,1,0.0,1.0,0.26666666666666666,0.0,0.0,0.0,1.0,4.9506523e-12,0.99999999999997,0.290459458997046,0.33007613440186456,0.9933071490757153,0.1
758,1,0.0,1.0,0.2833333333333333,0.0,0.0,0.0,1.0,5.6712456e-15,0.99999999999997,0.31341932472247963,0.1,0.9933071490757153,0.1
759,1,1.0,1.0,0.18333333333333332,1.0,0.0,0.0,1.0,0.9998436,0.99999999999997,0.22008493461444834,0.1,0.9933071490757153,0.1
760,1,0.0,1.0,0.2,0.0,0.0,0.0,1.0,3.7550326e-08,0.99999999999997,0.22885513729464987,0.1,0.9933071490757153,0.1
761,1,1.0,1.0,0.23333333333333334,1.0,0.0,0.0,1.0,1.0,0.99999999999997,0.26693285621146445,0.1,0.9933071490757153,0.1
762,1,0.0,1.0,0.31666666666666665,0.0,0.0,0.0,1.0,5.9671413e-07,0.99999999999997,0.33655852203431447,0.1,0.9933071490757153,0.1
763,1,0.0,1.0,0.16666666666666666,0.0,0.0,0.0,1.0,0.08884461,0.99999999999997,0.2057553525170648,0.6847986811509831,0.9933071490757153,0.1
764,1,0.0,1.0,0.25,0.0,0.0,0.0,1.0,3.514893e-12,0.99999999999997,0.2862155376629526,0.7413950409887349,0.9933071490757153,0.1
765,1,0.0,1.0,0.23333333333333334,0.0,0.0,0.0,1.0,3.3457946e-12,0.99999999999997,0.2726878538751506,0.1,0.9933071490757153,0.1
766,1,0.0,1.0,0.21666666666666667,0.0,0.0,0.0,1.0,0.0068283454,0.99999999999997,0.2466559072253246,0.7730204949446815,0.9933071490757153,0.1
767,1,0.0,1.0,0.26666666666666666,0.0,0.0,0.0,1.0,1.8663489e-10,0.99999999999997,0.30664276543998314,0.8811490594041455,0.9933071490757153,0.1
768,1,1.0,1.0,0.23333333333333334,1.0,0.0,0.0,1.0,1.0,0.99999999999997,0.2673113650855994,0.1,0.9933071490757153,0.1
769,1,0.0,1.0,0.2,0.0,0.0,0.0,1.0,7.0804913e-09,0.99999999999997,0.24212791272984222,0.1,0.9933071490757153,0.1
770,1,0.0,1.0,0.38333333333333336,0.0,0.0,0.0,1.0,9.155223e-08,0.99999999999997,0.40564385410061976,0.1,0.9933071490757153,0.1
771,1,0.0,1.0,0.2833333333333333,0.0,0.0,0.0,1.0,3.6102016e-08,0.99999999999997,0.3148720392833476,0.1301902329315835,0.9933071490757153,0.1
772,1,0.0,1.0,0.26666666666666666,0.0,0.0,0.0,1.0,7.3690104e-16,0.99999999999997,0.2827910249624492,0.5790521342129233,0.9933071490757153,0.1
773,1,1.0,1.0,0.2833333333333333,1.0,0.0,1.0,1.0,0.99954283,0.99999999999997,0.3164916514108315,0.8987097973120445,0.9933071490757153,0.1
774,1,0.0,1.0,0.3,0.0,0.0,0.0,1.0,1.1946949e-15,0.99999999999997,0.3284020624959398,0.1,0.9933071490757153,0.1
775,1,1.0,1.0,0.2,1.0,0.0,0.0,1.0,0.99999595,0.99999999999997,0.23794742845640063,0.4275511105404048,0.9933071490757153,0.1
776,1,1.0,1.0,0.35,1.0,0.0,1.0,1.0,1.0,0.99999999999997,0.3769098031593255,0.961303276607997,0.9933071490757153,0.1
777,1,0.0,1.0,0.26666666666666666,0.0,0.0,0.0,1.0,2.080946e-11,0.99999999999997,0.28962126612103073,0.1,0.9933071490757153,0.1
778,1,1.0,1.0,0.26666666666666666,1.0,0.0,1.0,1.0,1.0,0.99999999999997,0.2968624426295977,0.1,0.9933071490757153,0.1
779,1,1.0,1.0,0.3333333333333333,1.0,0.0,1.0,1.0,1.0,0.99999999999997,0.3536018491484089,0.11971542707826582,0.9933071490757153,0.1
780,1,0.0,1.0,0.2,0.0,0.0,0.0,1.0,5.532108e-12,0.99999999999997,0.24198942826364905,0.41030648144140464,0.9933071490757153,0.1
781,1,1.0,1.0,0.26666666666666666,1.0,0.0,1.0,1.0,0.9999006,0.99999999999997,0.29551071769239434,0.7720672566791154,0.9933071490757153,0.1
782,1,1.0,1.0,0.2833333333333333,1.0,0.0,1.0,1.0,0.99204576,0.99999999999997,0.31640304581885087,0.180980112764467,0.9933071490757153,0.1
783,1,0.0,1.0,0.2833333333333333,0.0,0.0,0.0,1.0,1.79217e-08,0.99999999999997,0.3094248990755463,0.1,0.9933071490757153,0.1
784,1,0.0,1.0,0.25,0.0,0.0,0.0,1.0,9.7019774e-18,0.99999999999997,0.28640718251765157,0.1,0.9933071490757153,0.1
785,1,1.0,1.0,0.3333333333333333,1.0,0.0,1.0,1.0,0.999701,0.99999999999997,0.3452029523282271,0.1,0.9933071490757153,0.1
786,1,1.0,1.0,0.26666666666666666,1.0,0.0,1.0,1.0,0.99954283,0.99999999999997,0.2950640190554268,0.8987097973120445,0.9933071490757153,0.1
787,1,0.0,1.0,0.18333333333333332,0.0,0.0,0.0,1.0,1.15555485e-08,0.99999999999997,0.22761228192760727,0.4860360574355053,0.9933071490757153,0.1
788,1,0.0,1.0,0.23333333333333334,0.0,0.0,0.0,1.0,5.4571845e-09,0.99999999999997,0.27001839723596605,0.1,0.9933071490757153,0.1
789,1,1.0,1.0,0.21666666666666667,1.0,0.0,0.0,1.0,1.0,0.99999999999997,0.2523177594107034,0.1,0.9933071490757153,0.1
790,1,0.0,1.0,0.23333333333333334,0.0,0.0,0.0,1.0,1.843009e-06,0.99999999999997,0.2710695645552151,0.5943253261805799,0.9933071490757153,0.1
791,1,1.0,1.0,0.16666666666666666,1.0,0.0,0.0,1.0,0.9834067,0.99999999999997,0.21451125428399048,0.4331735771963294,0.9933071490757153,0.1
792,1,0.0,1.0,0.25,0.0,0.0,0.0,1.0,9.7019774e-18,0.99999999999997,0.2805240997314135,0.1,0.9933071490757153,0.1
793,1,1.0,1.0,0.31666666666666665,1.0,0.0,1.0,1.0,1.0,0.99999999999997,0.33289820162046974,0.1,0.9933071490757153,0.1
794,1,1.0,1.0,0.2833333333333333,1.0,0.0,1.0,1.0,1.0,0.99999999999997,0.3025967139302352,0.1,0.9933071490757153,0.1
795,1,0.0,1.0,0.3,0.0,0.0,0.0,1.0,0.00028482953,0.99999999999997,0.3190588707807021,0.5838224684924042,0.9933071490757153,0.1
796,1,1.0,1.0,0.21666666666666667,1.0,0.0,0.0,1.0,1.0,0.99999999999997,0.2513820554233493,0.8256051652672061,0.9933071490757153,0.1
797,1,1.0,1.0,0.23333333333333334,1.0,0.0,0.0,1.0,0.9896577,0.99999999999997,0.2746870912927133,0.13719918585696675,0.9933071490757153,0.1
798,1,1.0,1.0,0.2,1.0,0.0,0.0,1.0,0.9999999,0.99999999999997,0.24310017770666034,0.9128682426807642,0.9933071490757153,0.1
799,1,0.0,1.0,0.25,0.0,0.0,0.0,1.0,1.4025665e-09,0.99999999999997,0.27142445307836327,0.2010694509219842,0.9933071490757153,0.1
800,1,1.0,1.0,0.23333333333333334,1.0,0.0,0.0,1.0,0.99101055,0.99999999999997,0.2703482679233417,0.8935776113745761,0.9933071490757153,0.1
801,1,0.0,1.0,0.18333333333333332,0.0,0.0,0.0,1.0,0.050667703,0.99999999999997,0.23105548596456385,0.4941433079735945,0.9933071490757153,0.1
802,1,0.0,1.0,0.21666666666666667,0.0,0.0,0.0,1.0,3.514893e-12,0.99999999999997,0.25868954273717454,0.7413950409887349,0.9933071490757153,0.1
803,1,1.0,1.0,0.21666666666666667,1.0,0.0,0.0,1.0,1.0,0.99999999999997,0.260883448122946,0.1,0.9933071490757153,0.1
804,1,0.0,1.0,0.2833333333333333,0.0,0.0,0.0,1.0,2.5943733e-10,0.99999999999997,0.31695596672301274,0.6363786900710323,0.9933071490757153,0.1
805,1,0.0,1.0,0.23333333333333334,0.0,0.0,0.0,1.0,0.2535525,0.99999999999997,0.268522356981818,0.2126038094480108,0.9933071490757153,0.1
806,1,1.0,1.0,0.25,1.0,0.0,0.0,1.0,1.0,0.99999999999997,0.28074159640308366,0.1,0.9933071490757153,0.1
807,1,1.0,1.0,0.2833333333333333,1.0,0.0,1.0,1.0,1.0,0.99999999999997,0.30296525078519243,0.1,0.9933071490757153,0.1
808,1,1.0,1.0,0.23333333333333334,1.0,0.0,0.0,1.0,1.0,0.99999999999997,0.2676178253752442,0.5906209585147536,0.9933071490757153,0.1
809,1,0.0,1.0,0.26666666666666666,0.0,0.0,0.0,1.0,0.0001885544,0.99999999999997,0.3002849063749449,0.3491146799836036,0.9933071490757153,0.1
810,1,0.0,1.0,0.23333333333333334,0.0,0.0,0.0,1.0,0.00014464057,0.99999999999997,0.27089209156511085,0.3774878016542412,0.9933071490757153,0.1
811,1,0.0,1.0,0.23333333333333334,0.0,0.0,0.0,1.0,1.2829404e-12,0.99999999999997,0.26033377403929353,0.1,0.9933071490757153,0.1
812,1,1.0,0.85,0.31666666666666665,1.0,0.0,1.0,1.0,0.9999987,0.9999999991414313,0.3456753835485637,0.1,0.9933071490757153,0.1
813,0,1.0,0.4666666666666667,0.35,0.0,0.0,0.0,0.0,1.7958722e-12,0.5440584106682457,0.5353959079471237,0.1,0.9933071490757153,0.1
814,0,1.0,0.9833333333333333,0.2,1.0,0.0,0.0,1.0,2.7653758e-17,0.3090968223739401,0.47759755270859405,0.1,0.9933071490757153,0.1
815,1,1.0,1.0,0.15,1.0,0.0,0.0,1.0,0.99999845,0.8707530575660677,0.1935944797703306,0.7778294595177866,0.9933071490757153,0.1
816,1,0.0,1.0,0.3,0.0,0.0,0.0,1.0,9.737843e-08,0.8706793451305631,0.3124115991381837,0.12973111634727025,0.9933071490757153,0.1
817,1,1.0,1.0,0.26666666666666666,1.0,0.0,0.0,1.0,0.9999951,0.874170859174253,0.2966352442073414,0.8207058228013006,0.9933071490757153,0.1
818,1,1.0,1.0,0.23333333333333334,1.0,0.0,0.0,1.0,1.0,0.872796689674807,0.2436630775479193,0.1,0.9933071490757153,0.1
819,1,0.0,1.0,0.31666666666666665,0.0,0.0,0.0,1.0,4.4214055e-08,0.8723869397674029,0.3419803948071653,0.1,0.9933071490757153,0.1
820,1,1.0,1.0,0.3333333333333333,1.0,0.0,0.0,1.0,0.9955023,0.8715291910186742,0.360456163714176,0.8839959886078315,0.9933071490757153,0.1
821,1,1.0,1.0,0.2833333333333333,1.0,0.0,0.0,1.0,1.0,0.8775852717855528,0.3019101415777957,0.43693752877356123,0.9933071490757153,0.1
822,1,1.0,1.0,0.31666666666666665,1.0,0.0,0.0,1.0,1.0,0.8811580352358859,0.3426459991364713,0.1,0.9933071490757153,0.1
823,1,1.0,1.0,0.18333333333333332,1.0,0.0,0.0,1.0,0.88837576,0.8816646133236703,0.22356002630618552,0.6652448589027978,0.9933071490757153,0.1
824,1,1.0,1.0,0.31666666666666665,1.0,0.0,0.0,1.0,0.6068383,0.8831948296868347,0.34213126506409464,0.9848993005984478,0.9933071490757153,0.1
825,1,0.0,0.95,0.21666666666666667,0.0,0.0,0.0,0.0,1.0575291e-05,0.8331043600704141,0.3195584029989529,0.867493602168238,0.9933071490757153,0.1
826,1,0.0,1.0,0.26666666666666666,0.0,0.0,0.0,1.0,4.2308588e-09,0.7964419585916623,0.33388407781193874,0.10716149017772279,0.9933071490757153,0.1
827,1,0.0,1.0,0.21666666666666667,0.0,0.0,0.0,1.0,5.788233e-11,0.99999999999997,0.25660495766803815,0.7940367219013758,0.9933071490757153,0.1
828,1,0.0,1.0,0.3,0.0,0.0,0.0,1.0,1.8085542e-05,0.99999999999997,0.3280304161437575,0.1,0.9933071490757153,0.1
829,1,0.0,1.0,0.23333333333333334,0.0,0.0,0.0,1.0,0.037149694,0.99999999999997,0.2719702779791115,0.9701907244228388,0.9933071490757153,0.1
830,1,0.0,1.0,0.23333333333333334,0.0,0.0,0.0,1.0,1.8085542e-05,0.99999999999997,0.27387237402166,0.1,0.9933071490757153,0.1
831,1,1.0,1.0,0.31666666666666665,1.0,0.0,1.0,1.0,1.0,0.99999999999997,0.3310479535060507,0.1,0.9933071490757153,0.1
832,1,0.0,1.0,0.31666666666666665,0.0,0.0,0.0,1.0,0.007033065,0.99999999999997,0.3479145590511333,0.6820974805149437,0.9933071490757153,0.1
833,1,1.0,1.0,0.25,1.0,0.0,0.0,1.0,0.9999995,0.99999999999997,0.2754560980165798,0.9543935640057484,0.9933071490757153,0.1
834,1,0.0,1.0,0.2833333333333333,0.0,0.0,0.0,1.0,3.3637345e-13,0.99999999999997,0.31503339509538536,0.1,0.9933071490757153,0.1
835,1,0.0,1.0,0.2833333333333333,0.0,0.0,0.0,1.0,6.519312e-12,0.99999999999997,0.31328078296600886,0.3519864040251938,0.9933071490757153,0.1
836,1,0.0,1.0,0.26666666666666666,0.0,0.0,0.0,1.0,0.00020636128,0.99999999999997,0.2984888724570201,0.8727805174086218,0.9933071490757153,0.1
837,1,1.0,1.0,0.2,1.0,0.0,0.0,1.0,0.80759865,0.99999999999997,0.24421036226689663,0.9846644768810454,0.9933071490757153,0.1
838,1,1.0,1.0,0.25,1.0,0.0,0.0,1.0,1.0,0.99999999999997,0.26669011677219984,0.729748158730286,0.9933071490757153,0.1
839,1,1.0,1.0,0.3,1.0,0.0,1.0,1.0,1.0,0.99999999999997,0.33223411596170077,0.1,0.9933071490757153,0.1
840,1,1.0,1.0,0.31666666666666665,1.0,0.0,1.0,1.0,1.0,0.99999999999997,0.32174934158583635,0.1,0.9933071490757153,0.1
841,1,1.0,1.0,0.2833333333333333,1.0,0.0,1.0,1.0,1.0,0.99999999999997,0.30962412568302294,0.1,0.9933071490757153,0.1
842,1,1.0,1.0,0.2,1.0,0.0,0.0,1.0,1.0,0.99999999999997,0.24185341716142528,0.1,0.9933071490757153,0.1
843,1,0.0,1.0,0.23333333333333334,0.0,0.0,0.0,1.0,0.44272417,0.99999999999997,0.26664683763066693,0.1,0.9933071490757153,0.1
844,1,1.0,1.0,0.25,1.0,0.0,1.0,1.0,1.0,0.99999999999997,0.2874356447184427,0.1,0.9933071490757153,0.1
845,1,0.0,1.0,0.31666666666666665,0.0,0.0,0.0,1.0,0.0002598114,0.99999999999997,0.3384425978917746,0.9442348758236045,0.9933071490757153,0.1
846,1,0.0,1.0,0.2833333333333333,0.0,0.0,0.0,1.0,4.076224e-06,0.99999999999997,0.3222186820392746,0.10143855761121284,0.9933071490757153,0.1
847,1,0.0,1.0,0.23333333333333334,0.0,0.0,0.0,1.0,4.065406e-11,0.99999999999997,0.2612591170483451,0.16052599453103045,0.9933071490757153,0.1
848,1,1.0,1.0,0.18333333333333332,1.0,0.0,0.0,1.0,1.0,0.99999999999997,0.2245586011581624,0.1,0.9933071490757153,0.1
849,1,0.0,1.0,0.26666666666666666,0.0,0.0,0.0,1.0,2.811166e-16,0.99999999999997,0.30535829935996794,0.1,0.9933071490757153,0.1
850,1,1.0,1.0,0.2833333333333333,1.0,0.0,1.0,1.0,0.9993193,0.99999999999997,0.301813816494948,0.21053570545722208,0.9933071490757153,0.1
851,1,1.0,1.0,0.31666666666666665,1.0,0.0,1.0,1.0,0.99989045,0.99999999999997,0.34764276414223716,0.1,0.9933071490757153,0.1
852,1,0.0,1.0,0.23333333333333334,0.0,0.0,0.0,1.0,1.0854832e-06,0.99999999999997,0.27236057442183415,0.20551905967855721,0.9933071490757153,0.1
853,1,1.0,1.0,0.26666666666666666,1.0,0.0,1.0,1.0,1.0,0.99999999999997,0.30114767268858583,0.5906209585147536,0.9933071490757153,0.1
854,1,0.0,1.0,0.21666666666666667,0.0,0.0,0.0,1.0,2.84496e-12,0.99999999999997,0.24879646705631817,0.2599393180868851,0.9933071490757153,0.1
855,1,1.0,1.0,0.31666666666666665,1.0,0.0,1.0,1.0,0.9999987,0.99999999999997,0.3441133294023305,0.70857106014035,0.9933071490757153,0.1
856,1,1.0,1.0,0.18333333333333332,1.0,0.0,0.0,1.0,1.0,0.99999999999997,0.219155948043514,0.1062059658774437,0.9933071490757153,0.1
857,1,0.0,1.0,0.18333333333333332,0.0,0.0,0.0,1.0,5.8967515e-17,0.99999999999997,0.2251873409524336,0.1,0.9933071490757153,0.1
858,1,1.0,1.0,0.26666666666666666,1.0,0.0,0.0,1.0,1.0,0.99999999999997,0.2860750154331007,0.1,0.9933071490757153,0.1
859,1,1.0,1.0,0.25,1.0,0.0,0.0,1.0,1.0,0.99999999999997,0.2856901893922415,0.1,0.9933071490757153,0.1
860,1,1.0,1.0,0.3,1.0,0.0,1.0,1.0,0.9999994,0.99999999999997,0.32884978064861187,0.1,0.9933071490757153,0.1
861,1,0.0,1.0,0.23333333333333334,0.0,0.0,0.0,1.0,1.8034616e-12,0.99999999999997,0.2701159255682406,0.1,0.9933071490757153,0.1
862,1,0.0,1.0,0.3333333333333333,0.0,0.0,0.0,1.0,1.3123679e-12,0.99999999999997,0.3490270466572535,0.1,0.9933071490757153,0.1
863,1,0.0,1.0,0.23333333333333334,0.0,0.0,0.0,1.0,0.30579394,0.99999999999997,0.2715666711328941,0.4636607162794092,0.9933071490757153,0.1
864,1,1.0,1.0,0.25,1.0,0.0,1.0,1.0,0.9999999,0.99999999999997,0.2905139633257382,0.1,0.9933071490757153,0.1
865,1,0.0,1.0,0.23333333333333334,0.0,0.0,0.0,1.0,3.3281513e-12,0.99999999999997,0.26286683463304505,0.5344072860696724,0.9933071490757153,0.1
866,1,0.0,1.0,0.23333333333333334,0.0,0.0,0.0,1.0,2.1434978e-09,0.99999999999997,0.2679374073189924,0.23004518713432193,0.9933071490757153,0.1
867,1,0.0,1.0,0.3333333333333333,0.0,0.0,0.0,1.0,8.0141465e-13,0.99999999999997,0.3470099396710149,0.1,0.9933071490757153,0.1
868,1,0.0,1.0,0.2833333333333333,0.0,0.0,0.0,1.0,9.091868e-11,0.99999999999997,0.31373604562187735,0.46348893463840346,0.9933071490757153,0.1
869,1,0.0,1.0,0.2833333333333333,0.0,0.0,0.0,1.0,0.000691138,0.99999999999997,0.31497939998734087,0.849616651265239,0.9933071490757153,0.1
870,1,1.0,1.0,0.23333333333333334,1.0,0.0,0.0,1.0,0.9963845,0.99999999999997,0.2620681223121259,0.1,0.9933071490757153,0.1
871,1,0.0,1.0,0.23333333333333334,0.0,0.0,0.0,1.0,0.025171284,0.99999999999997,0.2576093402207289,0.4278872093370563,0.9933071490757153,0.1
872,1,1.0,1.0,0.25,1.0,0.0,0.0,1.0,0.8067097,0.99999999999997,0.2763878463864306,0.16842854156784093,0.9933071490757153,0.1
873,1,0.0,1.0,0.25,0.0,0.0,0.0,1.0,2.0854886e-10,0.99999999999997,0.27519193565533673,0.1,0.9933071490757153,0.1
874,1,0.0,1.0,0.21666666666666667,0.0,0.0,0.0,1.0,1.1548639e-14,0.99999999999997,0.24892886287902377,0.4316117881250914,0.9933071490757153,0.1
875,1,1.0,1.0,0.3,1.0,0.0,1.0,1.0,0.99998593,0.99999999999997,0.331553763812361,0.9624274463669101,0.9933071490757153,0.1
876,1,0.0,1.0,0.23333333333333334,0.0,0.0,0.0,1.0,3.4646317e-09,0.99999999999997,0.2672285239384475,0.45133043810596835,0.9933071490757153,0.1
877,1,1.0,1.0,0.36666666666666664,1.0,0.0,1.0,1.0,0.98507,0.99999999999997,0.375093818521746,0.324042636297855,0.9933071490757153,0.1
878,1,0.0,1.0,0.2833333333333333,0.0,0.0,0.0,1.0,7.491084e-12,0.99999999999997,0.307013395566294,0.22472372742653302,0.9933071490757153,0.1
879,1,0.0,1.0,0.2,0.0,0.0,0.0,1.0,1.2056715e-11,0.99999999999997,0.22884752858549465,0.47671315689745564,0.9933071490757153,0.1
880,1,0.0,0.8666666666666667,0.26666666666666666,0.0,0.0,0.0,1.0,1.8663489e-10,0.9186506329146085,0.3547157940606071,0.8811490594041455,0.9933071490757153,0.1
881,0,1.0,0.9666666666666667,0.23333333333333334,1.0,0.0,0.0,1.0,7.7408785e-10,0.08036054901256744,0.645634928411671,0.1,0.9933071490757153,0.1
882,0,1.0,1.0,0.2833333333333333,1.0,0.0,1.0,1.0,0.030115457,0.0092068196150685,0.5802872627173555,0.14731426588479732,0.9933071490757153,0.1
883,0,1.0,1.0,0.15,1.0,0.0,1.0,1.0,1.1853148e-10,0.004214886744514556,0.6952504986683795,0.9926605612086117,0.9933071490757153,0.1
884,0,1.0,1.0,0.25,1.0,0.0,1.0,1.0,9.1107274e-17,0.004219759052099688,0.6145747617423081,0.1,0.9933071490757153,0.1
885,0,1.0,1.0,0.25,1.0,0.0,1.0,1.0,1.2669507e-10,0.003727954218085093,0.6212052789446262,0.1,0.9933071490757153,0.1
886,0,1.0,1.0,0.23333333333333334,1.0,0.0,1.0,1.0,0.0007853995,0.0035835680287441807,0.6372644418719217,0.1,0.9933071490757153,0.1
887,0,1.0,1.0,0.2,1.0,0.0,1.0,1.0,2.731542e-10,0.007314371488490643,0.6603920810227483,0.19045614882800443,0.9933071490757153,0.1
888,0,1.0,1.0,0.2833333333333333,1.0,0.0,1.0,1.0,0.018136138,0.00491590023299287,0.5978261668662859,0.6514560573510716,0.9933071490757153,0.1
889,0,1.0,1.0,0.21666666666666667,1.0,0.0,0.0,1.0,0.042478204,0.004739858567867889,0.6308938991916112,0.9350339653817884,0.9933071490757153,0.1
890,0,1.0,1.0,0.35,1.0,0.0,1.0,1.0,9.1107274e-17,0.0037380268460058346,0.5490232659040023,0.1,0.9933071490757153,0.1
891,0,1.0,1.0,0.26666666666666666,1.0,0.0,1.0,1.0,7.755671e-14,0.004784310636992204,0.6032331024343461,0.22976193444870832,0.9933071490757153,0.1
892,0,1.0,1.0,0.21666666666666667,1.0,0.0,1.0,1.0,1.2247849e-10,0.0047190273493160255,0.6508632805472457,0.1,0.9933071490757153,0.1
893,0,1.0,1.0,0.2,1.0,0.0,1.0,1.0,6.1353335e-06,0.004185797631439152,0.6599594308548049,0.12597063506770542,0.9933071490757153,0.1
894,0,1.0,1.0,0.23333333333333334,1.0,0.0,1.0,1.0,5.11351e-14,0.004464095548140399,0.6392633121847638,0.1,0.9933071490757153,0.1
895,0,1.0,1.0,0.36666666666666664,1.0,0.0,1.0,1.0,3.77345e-11,0.004194454092991424,0.525448579715496,0.342441610730404,0.9933071490757153,0.1
896,0,0.0,0.9833333333333333,0.23333333333333334,0.0,0.0,0.0,1.0,1.0,0.37476290978267135,0.5702258500090177,0.1,0.9933071490757153,0.1
897,1,0.0,1.0,0.23333333333333334,0.0,0.0,0.0,1.0,1.4151591e-12,0.9999999979408578,0.2727456936517141,0.1,0.9933071490757153,0.1
898,1,0.0,1.0,0.21666666666666667,0.0,0.0,0.0,1.0,9.8900986e-05,0.999999995712176,0.24925118935788412,0.337435825865614,0.9933071490757153,0.1
899,1,0.0,1.0,0.38333333333333336,0.0,0.0,0.0,1.0,0.2535525,0.9999999904929026,0.4063495671727198,0.2126038094480108,0.9933071490757153,0.1
900,1,0.0,1.0,0.38333333333333336,0.0,0.0,0.0,1.0,2.002111e-12,0.9999999946045911,0.39899295188695283,0.6919596411317387,0.9933071490757153,0.1
901,1,0.0,1.0,0.25,0.0,0.0,0.0,1.0,8.982136e-12,0.9999999953734974,0.280317554198683,0.14698660277878603,0.9933071490757153,0.1
902,1,1.0,1.0,0.26666666666666666,1.0,0.0,0.0,1.0,1.0,0.9999999956773072,0.2860840888232589,0.11971542707826582,0.9933071490757153,0.1
903,1,1.0,1.0,0.3333333333333333,1.0,0.0,1.0,1.0,1.0,0.9999999960470023,0.3603563619529109,0.1,0.9933071490757153,0.1
904,1,0.0,1.0,0.16666666666666666,0.0,0.0,0.0,1.0,9.737843e-08,0.9999999967420145,0.20153908496378156,0.12973111634727025,0.9933071490757153,0.1
905,0,1.0,0.9833333333333333,0.23333333333333334,1.0,0.0,0.0,1.0,4.6678863e-08,0.273715783349436,0.6522078703462506,0.1,0.9933071490757153,0.1
906,1,1.0,1.0,0.31666666666666665,1.0,0.0,1.0,1.0,0.9992142,0.9667313543623882,0.34567004631457376,0.8354969356677833,0.9933071490757153,0.1
907,1,1.0,1.0,0.08333333333333333,1.0,0.0,0.0,1.0,1.0,0.9999999999999062,0.13509514714046428,0.1,0.9933071490757153,0.1
908,1,1.0,1.0,0.2,1.0,0.0,0.0,1.0,0.9998324,0.9999999999999659,0.22924036867888772,0.1,0.9933071490757153,0.1
909,1,0.0,1.0,0.26666666666666666,0.0,0.0,0.0,1.0,4.5347708e-14,0.9999999999999661,0.28837168944455976,0.1,0.9933071490757153,0.1
910,1,0.0,1.0,0.31666666666666665,0.0,0.0,0.0,1.0,0.016939558,0.999999999999966,0.34443254250661276,0.3820411387050763,0.9933071490757153,0.1
911,1,1.0,1.0,0.21666666666666667,1.0,0.0,0.0,1.0,1.0,0.9999999999992178,0.25708295799647496,0.1,0.9933071490757153,0.1
912,1,0.0,1.0,0.21666666666666667,0.0,0.0,0.0,1.0,5.9336966e-11,0.9999999999995318,0.24985064272274876,0.3439507877670763,0.9933071490757153,0.1
913,1,1.0,1.0,0.23333333333333334,1.0,0.0,0.0,1.0,1.0,0.9999999999991231,0.2646594663019336,0.1,0.9933071490757153,0.1
914,1,0.0,1.0,0.18333333333333332,0.0,0.0,0.0,1.0,0.00018385607,0.9999999999997822,0.22825841960276644,0.2646971774903764,0.9933071490757153,0.1
915,1,0.0,1.0,0.3,0.0,0.0,0.0,1.0,2.0064488e-13,0.9999999999999619,0.3159479851235102,0.1,0.9933071490757153,0.1
916,1,1.0,1.0,0.26666666666666666,1.0,0.0,1.0,1.0,0.99960405,0.9999999999999695,0.29421171604856755,0.11024684447843595,0.9933071490757153,0.1
917,1,0.0,1.0,0.25,0.0,0.0,0.0,1.0,0.0002651274,0.9999999999999695,0.2802174159080933,0.6801924644146682,0.9933071490757153,0.1
918,1,0.0,1.0,0.31666666666666665,0.0,0.0,0.0,1.0,2.2654403e-13,0.99999999999997,0.34692963824807244,0.1,0.9933071490757153,0.1
919,1,0.0,1.0,0.25,0.0,0.0,0.0,1.0,5.198289e-07,0.99999999999997,0.28381783033573765,0.6875152995621636,0.9933071490757153,0.1
920,1,0.0,1.0,0.21666666666666667,0.0,0.0,0.0,1.0,3.4885183e-05,0.99999999999997,0.2527834127833268,0.6207411272606799,0.9933071490757153,0.1
921,1,1.0,1.0,0.26666666666666666,1.0,0.0,1.0,1.0,1.0,0.99999999999997,0.2951090339747384,0.1,0.9933071490757153,0.1
922,1,0.0,1.0,0.18333333333333332,0.0,0.0,0.0,1.0,2.4882833e-14,0.99999999999997,0.22206212227872774,0.1,0.9933071490757153,0.1
923,1,1.0,1.0,0.2,1.0,0.0,0.0,1.0,0.6848114,0.99999999999997,0.23110381212381298,0.37262898122552257,0.9933071490757153,0.1
924,1,0.0,1.0,0.18333333333333332,0.0,0.0,0.0,1.0,0.00015217486,0.99999999999997,0.22175677184780504,0.18202014834980346,0.9933071490757153,0.1
925,1,0.0,1.0,0.21666666666666667,0.0,0.0,0.0,1.0,1.5370809e-09,0.99999999999997,0.2580823214657003,0.1,0.9933071490757153,0.1
926,1,0.0,1.0,0.26666666666666666,0.0,0.0,0.0,1.0,2.811166e-16,0.99999999999997,0.28990245683204363,0.1,0.9933071490757153,0.1
927,0,1.0,0.9833333333333333,0.2833333333333333,1.0,0.0,0.0,1.0,1.0624601e-07,0.3163714651555144,0.5207873240656552,0.1304815900514981,0.9933071490757153,0.1
928,0,1.0,1.0,0.26666666666666666,1.0,0.0,1.0,1.0,1.8670095e-05,0.004736358480450977,0.6171999831634716,0.1,0.9933071490757153,0.1
929,1,0.0,1.0,0.2833333333333333,0.0,0.0,0.0,1.0,4.522581e-06,0.9995677415165244,0.3168849052076413,0.9261478012480143,0.9933071490757153,0.1
930,1,1.0,1.0,0.25,1.0,0.0,0.0,1.0,0.9999951,0.9999999999999275,0.28522872413016886,0.8207058228013006,0.9933071490757153,0.1
931,1,1.0,1.0,0.25,1.0,0.0,1.0,1.0,1.0,0.999999999999932,0.2916199680067827,0.1,0.9933071490757153,0.1
932,1,0.0,1.0,0.26666666666666666,0.0,0.0,0.0,1.0,2.9535688e-10,0.999999999999911,0.3061843123082424,0.1,0.9933071490757153,0.1
933,1,0.0,1.0,0.26666666666666666,0.0,0.0,0.0,1.0,0.004492475,0.999999999999787,0.3077107414463276,0.20147300375256016,0.9933071490757153,0.1
934,1,1.0,1.0,0.3,1.0,0.0,1.0,1.0,1.0,0.9999999999999163,0.33386962234727846,0.7407778874599071,0.9933071490757153,0.1
935,1,0.0,1.0,0.26666666666666666,0.0,0.0,0.0,1.0,2.2506323e-14,0.9999999999999102,0.302881684641474,0.1,0.9933071490757153,0.1
936,1,0.0,1.0,0.1,0.0,0.0,0.0,1.0,1.0484895e-10,0.9999999999999605,0.15062021891246846,0.1,0.9933071490757153,0.1
937,1,1.0,1.0,0.21666666666666667,1.0,0.0,0.0,1.0,1.0,0.9999999999999442,0.2589283272712087,0.1,0.9933071490757153,0.1
938,1,0.0,1.0,0.23333333333333334,0.0,0.0,0.0,1.0,2.2356362e-06,0.9999999999999195,0.2816796101772879,0.427270335243285,0.9933071490757153,0.1
939,1,1.0,1.0,0.26666666666666666,1.0,0.0,1.0,1.0,0.99999976,0.9999999999999362,0.3109097175548214,0.1,0.9933071490757153,0.1
940,1,1.0,1.0,0.2833333333333333,1.0,0.0,1.0,1.0,0.99973065,0.999999999999936,0.3231927495372248,0.8602764600998449,0.9933071490757153,0.1
941,1,1.0,1.0,0.2833333333333333,1.0,0.0,1.0,1.0,1.0,0.9999999999998744,0.31725348674866377,0.1,0.9933071490757153,0.1
942,1,0.0,1.0,0.23333333333333334,0.0,0.0,0.0,1.0,7.491084e-12,0.9999999999999432,0.2815961905541425,0.22472372742653302,0.9933071490757153,0.1
943,1,0.0,1.0,0.3,0.0,0.0,0.0,1.0,1.6444722e-11,0.9999999999999399,0.32266433538364603,0.1,0.9933071490757153,0.1
944,1,0.0,1.0,0.25,0.0,0.0,0.0,1.0,0.0005191888,0.9999999999999626,0.29001812837639757,0.1,0.9933071490757153,0.1
945,1,1.0,1.0,0.3,1.0,0.0,1.0,1.0,1.0,0.99999999999997,0.33368082369684016,0.1,0.9933071490757153,0.1
946,1,0.0,1.0,0.26666666666666666,0.0,0.0,0.0,1.0,3.6452694e-15,0.99999999999997,0.2983063694331936,0.1,0.9933071490757153,0.1
947,1,0.0,1.0,0.25,0.0,0.0,0.0,1.0,8.3921066e-17,0.99999999999997,0.2908289239099109,0.1,0.9933071490757153,0.1
948,1,0.0,1.0,0.25,0.0,0.0,0.0,1.0,5.1107565e-07,0.99999999999997,0.28814736736984464,0.5712917227020675,0.9933071490757153,0.1
949,1,1.0,1.0,0.21666666666666667,1.0,0.0,0.0,1.0,1.0,0.99999999999997,0.2582276024901614,0.1243564415435938,0.9933071490757153,0.1
950,1,1.0,1.0,0.25,1.0,0.0,0.0,1.0,1.0,0.99999999999997,0.27575454589741977,0.9308889653074486,0.9933071490757153,0.1
951,1,0.0,1.0,0.23333333333333334,0.0,0.0,0.0,1.0,4.600056e-07,0.9999999999999684,0.2774559647015786,0.1,0.9933071490757153,0.1
952,1,0.0,1.0,0.25,0.0,0.0,0.0,1.0,1.1062965e-13,0.9999999999999402,0.28272099367957143,0.1,0.9933071490757153,0.1
953,1,0.0,1.0,0.3333333333333333,0.0,0.0,0.0,1.0,7.1194944e-07,0.9999999999999607,0.36912299025994855,0.8570668301895004,0.9933071490757153,0.1
954,1,1.0,1.0,0.21666666666666667,1.0,0.0,0.0,1.0,1.0,0.9999999999998852,0.25878138687744817,0.7889761832861449,0.9933071490757153,0.1
955,1,0.0,1.0,0.26666666666666666,0.0,0.0,0.0,1.0,1.0118096e-10,0.9999999999999308,0.30794709131417475,0.9807893877434707,0.9933071490757153,0.1
956,1,1.0,1.0,0.2833333333333333,1.0,0.0,1.0,1.0,0.9853839,0.999999999999964,0.3222761210013744,0.1,0.9933071490757153,0.1
957,1,1.0,1.0,0.3,1.0,0.0,1.0,1.0,1.0,0.9999999999999675,0.3242764399219947,0.1,0.9933071490757153,0.1
958,1,0.0,1.0,0.31666666666666665,0.0,0.0,0.0,1.0,3.3457946e-12,0.9999999999999684,0.3535576229312978,0.1,0.9933071490757153,0.1
959,1,0.0,1.0,0.2833333333333333,0.0,0.0,0.0,1.0,6.262815e-05,0.9999999999999679,0.3231250878675469,0.33039667787198557,0.9933071490757153,0.1
960,1,0.0,1.0,0.3,0.0,0.0,0.0,1.0,3.3281513e-12,0.999999999999947,0.3346458063359333,0.5344072860696724,0.9933071490757153,0.1
961,1,0.0,1.0,0.21666666666666667,0.0,0.0,0.0,1.0,2.6604332e-07,0.9999999999999323,0.2557023150674004,0.949309425995624,0.9933071490757153,0.1
962,1,1.0,1.0,0.16666666666666666,1.0,0.0,0.0,1.0,1.0,0.9999999999996791,0.21085957935654823,0.1,0.9933071490757153,0.1
963,1,0.0,1.0,0.4,0.0,0.0,0.0,1.0,0.00036923063,0.9999999999997846,0.424364730837431,0.1725918769906835,0.9933071490757153,0.1
964,1,0.0,1.0,0.3,0.0,0.0,0.0,1.0,3.3281513e-12,0.9999999999998584,0.33286332341455377,0.5344072860696724,0.9933071490757153,0.1
965,1,1.0,1.0,0.31666666666666665,1.0,0.0,1.0,1.0,1.0,0.9999999999998737,0.36185571143281575,0.1,0.9933071490757153,0.1
966,1,1.0,1.0,0.26666666666666666,1.0,0.0,1.0,1.0,1.0,0.9999999999999685,0.3055798808428551,0.1,0.9933071490757153,0.1
967,1,0.0,1.0,0.2,0.0,0.0,0.0,1.0,3.70639e-08,0.9999999999999699,0.24052874001358052,0.6467797377532412,0.9933071490757153,0.1
968,1,1.0,0.95,0.25,1.0,0.0,0.0,1.0,1.0,0.8220066185686922,0.29931466294910053,0.1,0.9933071490757153,0.1
969,1,1.0,1.0,0.26666666666666666,1.0,0.0,1.0,1.0,1.0,0.9999999200018959,0.2926774300269779,0.1,0.9933071490757153,0.1
970,1,0.0,1.0,0.26666666666666666,0.0,0.0,0.0,1.0,1.93323e-13,0.999999809708502,0.3014267474016552,0.6224047869735447,0.9933071490757153,0.1
971,1,0.0,1.0,0.2,0.0,0.0,0.0,1.0,1.2153363e-11,0.9999998778699737,0.22062967430180125,0.1,0.9933071490757153,0.1
972,1,1.0,1.0,0.26666666666666666,1.0,0.0,1.0,1.0,1.0,0.9999999479821167,0.2903657018101532,0.863231369558724,0.9933071490757153,0.1
973,1,0.0,1.0,0.2833333333333333,0.0,0.0,0.0,1.0,7.0804913e-09,0.999999951335225,0.3103965761817046,0.1,0.9933071490757153,0.1
974,1,1.0,1.0,0.25,1.0,0.0,0.0,1.0,0.5595614,0.9999999125280581,0.28843344382429126,0.9560163605103844,0.9933071490757153,0.1
975,1,1.0,1.0,0.2833333333333333,1.0,0.0,1.0,1.0,0.99998105,0.9999998969999481,0.31404118075272497,0.9630504339953014,0.9933071490757153,0.1
976,1,1.0,1.0,0.3333333333333333,1.0,0.0,1.0,1.0,1.0,0.9999999110475959,0.3611756518846673,0.1,0.9933071490757153,0.1
977,1,0.0,1.0,0.23333333333333334,0.0,0.0,0.0,1.0,8.838126e-06,0.9999999359509908,0.27216937466831215,0.9565973274861221,0.9933071490757153,0.1
978,1,1.0,1.0,0.23333333333333334,1.0,0.0,0.0,1.0,1.0,0.9999998508474877,0.26606815417504814,0.1,0.9933071490757153,0.1
979,1,0.0,1.0,0.2,0.0,0.0,0.0,1.0,2.24116e-11,0.9999998445826053,0.2407563454795366,0.13462401203508145,0.9933071490757153,0.1
980,1,0.0,1.0,0.2833333333333333,0.0,0.0,0.0,1.0,7.3690104e-16,0.9999998756741173,0.3174901053622566,0.5790521342129233,0.9933071490757153,0.1
981,1,1.0,1.0,0.2833333333333333,1.0,0.0,1.0,1.0,1.0,0.9999999165042043,0.3058920324837242,0.1,0.9933071490757153,0.1
982,1,1.0,1.0,0.2833333333333333,1.0,0.0,1.0,1.0,1.0,0.9999999359555234,0.3165063638792246,0.1,0.9933071490757153,0.1
983,1,0.0,1.0,0.3,0.0,0.0,0.0,1.0,0.00011098223,0.999999927672786,0.3261332277585646,0.1819214749279417,0.9933071490757153,0.1
984,1,0.0,1.0,0.26666666666666666,0.0,0.0,0.0,1.0,0.004972752,0.9999999074336732,0.288184337715873,0.6021374349884128,0.9933071490757153,0.1
985,1,0.0,1.0,0.31666666666666665,0.0,0.0,0.0,1.0,6.357297e-12,0.9999999304988918,0.34629993220939725,0.6811823911246582,0.9933071490757153,0.1
986,1,1.0,1.0,0.2833333333333333,1.0,0.0,1.0,1.0,1.0,0.9999998813265757,0.31445156129622037,0.1,0.9933071490757153,0.1
987,1,1.0,1.0,0.16666666666666666,1.0,0.0,0.0,1.0,1.0,0.9999999176432071,0.21317385180725626,0.8776174646911953,0.9933071490757153,0.1
988,1,0.0,1.0,0.26666666666666666,0.0,0.0,0.0,1.0,0.009783096,0.9999999608722938,0.3080740153477235,0.28674373110407064,0.9933071490757153,0.1
989,1,0.0,1.0,0.26666666666666666,0.0,0.0,0.0,1.0,8.3681576e-11,0.9999999300797181,0.2892761594189536,0.3571232224571511,0.9933071490757153,0.1
990,1,1.0,1.0,0.2833333333333333,1.0,0.0,1.0,1.0,1.0,0.9999998754995109,0.3128976497183635,0.1,0.9933071490757153,0.1
991,1,1.0,1.0,0.26666666666666666,1.0,0.0,1.0,1.0,1.0,0.9999998396691908,0.3068810577160417,0.1,0.9933071490757153,0.1
992,1,1.0,1.0,0.25,1.0,0.0,0.0,1.0,0.9942193,0.9999998359314024,0.28455735988616093,0.9552688149392023,0.9933071490757153,0.1
993,1,0.0,1.0,0.25,0.0,0.0,0.0,1.0,8.585229e-08,0.9999998863390004,0.2783682335055551,0.1,0.9933071490757153,0.1
994,1,0.0,1.0,0.2833333333333333,0.0,0.0,0.0,1.0,0.025171284,0.9999998140235633,0.3092507908755048,0.4278872093370563,0.9933071490757153,0.1
995,1,1.0,1.0,0.2,1.0,0.0,0.0,1.0,0.99954283,0.9999998195520424,0.23358544049574137,0.8987097973120445,0.9933071490757153,0.1
996,1,0.0,1.0,0.35,0.0,0.0,0.0,1.0,2.3297612e-12,0.999999796880598,0.3753913563066274,0.5151385549408819,0.9933071490757153,0.1
997,1,1.0,1.0,0.23333333333333334,1.0,0.0,0.0,1.0,0.99999845,0.9999998439601784,0.2713316143642877,0.877167065805637,0.9933071490757153,0.1
998,1,1.0,1.0,0.15,1.0,0.0,0.0,1.0,1.0,0.9999998022285304,0.1901639561635328,0.1,0.9933071490757153,0.1
999,1,0.0,1.0,0.2833333333333333,0.0,0.0,0.0,1.0,6.209088e-14,0.9999996671357063,0.31331497496507515,0.1,0.9933071490757153,0.1
1000,1,0.0,1.0,0.3,0.0,0.0,0.0,1.0,1.6182624e-09,0.9999994407584505,0.32916755593758573,0.9000540346932292,0.9933071490757153,0.1
1001,1,0.0,1.0,0.2833333333333333,0.0,0.0,0.0,1.0,0.004972752,0.9999996598037354,0.31997215933117423,0.6021374349884128,0.9933071490757153,0.1
1002,1,0.0,1.0,0.3333333333333333,0.0,0.0,0.0,1.0,6.405748e-17,0.9999997434397838,0.3632061144104601,0.1,0.9933071490757153,0.1
1003,1,0.0,1.0,0.21666666666666667,0.0,0.0,0.0,1.0,7.677022e-05,0.9999997306221851,0.25261670577182427,0.645228045796177,0.9933071490757153,0.1
1004,1,1.0,1.0,0.2833333333333333,1.0,0.0,1.0,1.0,0.9999989,0.9999997625032118,0.3015228385501632,0.5734132958214404,0.9933071490757153,0.1
1005,1,0.0,1.0,0.23333333333333334,0.0,0.0,0.0,1.0,1.9190539e-08,0.999999774757493,0.2729547406540206,0.8020246102058955,0.9933071490757153,0.1
1006,1,0.0,1.0,0.26666666666666666,0.0,0.0,0.0,1.0,6.000699e-11,0.9999998038454357,0.3011829569842229,0.5851673698058351,0.9933071490757153,0.1
1007,1,0.0,1.0,0.2,0.0,0.0,0.0,1.0,1.2696539e-12,0.9999997713950207,0.23823766715216074,0.1,0.9933071490757153,0.1
