win_idx,label,acc_v,acc_m,acc_u,acc_mv,acc_ds_eq,acc_ds_static,acc_ours,P_v,P_m,P_u,w_v,w_m,w_u
0,0,1.0,0.0,0.35,0.0,0.0,0.0,0.0,1.3183351e-14,0.9955735688924332,0.5370200139734543,0.19036576181169357,0.9933071490757153,0.1
1,0,1.0,0.0,0.48333333333333334,1.0,0.0,0.0,0.0,6.5264057e-06,0.9999999999998936,0.4505607394825008,0.25899484655910254,0.9933071490757153,0.1
2,0,1.0,0.16666666666666666,0.38333333333333336,0.0,0.0,0.0,0.0,0.013915532,0.8206688056993855,0.506962354119337,0.12636026383714605,0.9933071490757153,0.1
3,0,1.0,1.0,0.35,1.0,0.0,1.0,1.0,1.1254101e-10,0.047945505054559336,0.5588152654784646,0.13396954590969648,0.9933071490757153,0.1
4,0,1.0,1.0,0.43333333333333335,1.0,0.0,1.0,1.0,3.9245108e-07,0.006190482989988305,0.48742695219504256,0.1715336842224797,0.9933071490757153,0.1
5,0,1.0,1.0,0.4,1.0,0.0,1.0,1.0,2.0928706e-08,0.0037159767144672898,0.49904687577998,0.2138032281339085,0.9933071490757153,0.1
6,0,1.0,1.0,0.4,1.0,0.0,1.0,1.0,4.8204635e-07,0.004328781591944582,0.4880720220301581,0.26764537066177024,0.9933071490757153,0.1
7,0,1.0,1.0,0.5166666666666667,1.0,1.0,1.0,1.0,1.0450789e-11,0.004611743089661587,0.42327144269238576,0.150916888689795,0.9933071490757153,0.1
8,0,1.0,1.0,0.4166666666666667,1.0,0.0,1.0,1.0,4.096026e-05,0.0041348190005660555,0.49290866058575983,0.35220018520369095,0.9933071490757153,0.1
9,0,1.0,1.0,0.55,1.0,1.0,1.0,1.0,2.390369e-09,0.0032396348383484583,0.38891537283159466,0.995177265162012,0.9933071490757153,0.1
10,0,1.0,1.0,0.48333333333333334,1.0,1.0,1.0,1.0,7.001913e-09,0.0039536465505683955,0.4393957008723266,0.2965720307467939,0.9933071490757153,0.1
11,0,0.0,1.0,0.4,1.0,0.0,0.0,1.0,1.0,0.0046718532463203965,0.4934832763855661,0.1,0.9933071490757153,0.1
12,0,1.0,1.0,0.5,1.0,1.0,1.0,1.0,9.9833065e-05,0.005139523968025201,0.44007011387809136,0.22109301246092009,0.9933071490757153,0.1
13,0,1.0,1.0,0.4666666666666667,1.0,1.0,1.0,1.0,2.3252744e-06,0.004101716727037356,0.4570483631683002,0.1333904242016301,0.9933071490757153,0.1
14,0,1.0,1.0,0.36666666666666664,1.0,0.0,1.0,1.0,0.0032946875,0.0042195654552713265,0.5332278609505979,0.1701125453379932,0.9933071490757153,0.1
15,0,0.0,1.0,0.45,1.0,0.0,0.0,1.0,1.0,0.0034865568995882832,0.4782900749645989,0.1,0.9933071490757153,0.1
16,0,1.0,1.0,0.45,1.0,0.0,0.0,1.0,0.30148548,0.006867303797894305,0.4563325539451792,0.2834258393885648,0.9933071490757153,0.1
17,0,1.0,1.0,0.43333333333333335,1.0,0.0,1.0,1.0,1.6150618e-09,0.004019871247768943,0.4791702730706902,0.15675360789784248,0.9933071490757153,0.1
18,0,1.0,1.0,0.5,1.0,0.0,1.0,1.0,0.11715195,0.003733508371378692,0.4250475543435958,0.1,0.9933071490757153,0.1
19,0,1.0,1.0,0.4166666666666667,1.0,0.0,1.0,1.0,3.1935905e-08,0.005860558853705051,0.47189625509314403,0.35969960813053287,0.9933071490757153,0.1
20,0,1.0,1.0,0.5333333333333333,1.0,1.0,1.0,1.0,6.9585525e-07,0.005572401353498303,0.40346415168895977,0.2526004973023015,0.9933071490757153,0.1
21,0,0.0,1.0,0.48333333333333334,1.0,0.0,0.0,1.0,1.0,0.004824598157733798,0.44331704784094966,0.1,0.9933071490757153,0.1
22,0,1.0,1.0,0.3333333333333333,1.0,0.0,1.0,1.0,0.0063146846,0.010896718540379737,0.5622184013339627,0.12925661420844997,0.9933071490757153,0.1
23,0,1.0,1.0,0.5166666666666667,1.0,1.0,1.0,1.0,1.2066521e-10,0.004904373209910911,0.4030772513384336,0.939788595961827,0.9933071490757153,0.1
24,0,1.0,1.0,0.5,1.0,1.0,1.0,1.0,1.1729469e-07,0.00452797382497883,0.4340346291209266,0.259175239892368,0.9933071490757153,0.1
25,0,1.0,1.0,0.5333333333333333,1.0,1.0,1.0,1.0,0.025413955,0.0036440598101712836,0.40560306942852403,0.21481111933112196,0.9933071490757153,0.1
26,0,1.0,1.0,0.3333333333333333,1.0,0.0,1.0,1.0,1.0367063e-08,0.004761246028643645,0.5593840924621536,0.4439136511718502,0.9933071490757153,0.1
27,0,0.0,1.0,0.43333333333333335,1.0,0.0,0.0,1.0,1.0,0.005981300741062726,0.4686923235453631,0.1,0.9933071490757153,0.1
28,0,1.0,1.0,0.4666666666666667,1.0,1.0,1.0,1.0,1.0367063e-08,0.004674358560611825,0.46113852117499154,0.4439136511718502,0.9933071490757153,0.1
29,0,1.0,1.0,0.38333333333333336,1.0,0.0,1.0,1.0,3.037502e-09,0.0045324039239953064,0.522874016335105,0.1,0.9933071490757153,0.1
30,0,1.0,1.0,0.31666666666666665,1.0,0.0,1.0,1.0,7.071255e-14,0.0036887918112269214,0.5586354398697446,0.9986096562476681,0.9933071490757153,0.1
31,0,1.0,1.0,0.5166666666666667,1.0,1.0,1.0,1.0,0.011465534,0.004751663363569353,0.4188137125076202,0.1,0.9933071490757153,0.1
32,0,1.0,1.0,0.43333333333333335,1.0,1.0,1.0,1.0,1.3671706e-09,0.004998434191282066,0.45400679209663747,0.1,0.9933071490757153,0.1
33,0,0.0,1.0,0.4,0.0,0.0,0.0,1.0,1.0,0.0046842567229742945,0.5114905224573456,0.1,0.9933071490757153,0.1
34,0,1.0,1.0,0.35,1.0,0.0,1.0,1.0,2.5957105e-17,0.005189567223468595,0.5301076787735283,0.1,0.9933071490757153,0.1
35,0,1.0,1.0,0.31666666666666665,1.0,0.0,0.0,1.0,1.5748764e-17,0.23711790139680577,0.4437411464759068,0.1,0.9933071490757153,0.1
36,1,0.0,1.0,0.48333333333333334,0.0,0.0,0.0,1.0,0.0011557593,0.99999999999997,0.4566326206830265,0.1,0.9933071490757153,0.1
37,1,1.0,1.0,0.4,1.0,0.0,1.0,1.0,0.9999919,0.99999999999997,0.41660167427010447,0.7409934440856922,0.9933071490757153,0.1
38,1,0.0,1.0,0.43333333333333335,0.0,0.0,0.0,1.0,1.6123146e-11,0.99999999999997,0.4356686995284075,0.1,0.9933071490757153,0.1
39,1,0.0,1.0,0.36666666666666664,0.0,0.0,0.0,1.0,1.3677275e-11,0.99999999999997,0.38711944263843995,0.1,0.9933071490757153,0.1
40,1,0.0,1.0,0.4,0.0,0.0,0.0,1.0,5.405236e-08,0.99999999999997,0.41516439302413083,0.9222013807325976,0.9933071490757153,0.1
41,1,0.0,1.0,0.4166666666666667,0.0,0.0,0.0,1.0,4.77657e-11,0.99999999999997,0.4189682415884308,0.1,0.9933071490757153,0.1
42,1,0.0,1.0,0.36666666666666664,0.0,0.0,0.0,1.0,2.433099e-05,0.99999999999997,0.3850634025074241,0.19235006285810632,0.9933071490757153,0.1
43,1,0.0,1.0,0.5666666666666667,1.0,0.0,0.0,1.0,0.0903155,0.99999999999997,0.5445333992798641,0.3700030530472775,0.9933071490757153,0.1
44,1,1.0,1.0,0.5,1.0,0.0,1.0,1.0,0.9991642,0.99999999999997,0.4803259681965643,0.913108161940057,0.9933071490757153,0.1
45,1,0.0,1.0,0.4666666666666667,0.0,0.0,0.0,1.0,2.4410857e-11,0.99999999999997,0.43256457953450755,0.17255688823687645,0.9933071490757153,0.1
46,1,1.0,1.0,0.35,1.0,0.0,1.0,1.0,0.97199553,0.99999999999997,0.3772395858200105,0.38262189062097346,0.9933071490757153,0.1
47,1,1.0,1.0,0.3333333333333333,1.0,0.0,1.0,1.0,1.0,0.99999999999997,0.3572893271760512,0.9356203240308668,0.9933071490757153,0.1
48,1,0.0,1.0,0.4666666666666667,0.0,0.0,0.0,1.0,1.7821687e-08,0.99999999999997,0.45757287341940545,0.48217265978625407,0.9933071490757153,0.1
49,1,0.0,1.0,0.4,0.0,0.0,0.0,1.0,0.00014888577,0.99999999999997,0.4090495555167892,0.821126197328325,0.9933071490757153,0.1
50,1,1.0,1.0,0.4666666666666667,1.0,0.0,1.0,1.0,0.9999558,0.99999999999997,0.44020584021992337,0.1356424254939486,0.9933071490757153,0.1
51,1,0.0,1.0,0.48333333333333334,0.0,0.0,0.0,1.0,1.7592843e-15,0.99999999999997,0.4791930172757245,0.1,0.9933071490757153,0.1
52,1,1.0,1.0,0.35,1.0,0.0,1.0,1.0,0.99870193,0.99999999999997,0.3487823543737572,0.21042055580707136,0.9933071490757153,0.1
53,1,1.0,1.0,0.43333333333333335,1.0,0.0,1.0,1.0,1.0,0.99999999999997,0.42551551775444807,0.9728477728544321,0.9933071490757153,0.1
54,1,0.0,1.0,0.2833333333333333,0.0,0.0,0.0,1.0,2.9160705e-05,0.99999999999997,0.2895041429662191,0.1,0.9933071490757153,0.1
55,1,1.0,1.0,0.38333333333333336,1.0,0.0,1.0,1.0,0.9999999,0.99999999999997,0.38507546912868984,0.9251645927175,0.9933071490757153,0.1
56,1,0.0,1.0,0.3333333333333333,0.0,0.0,0.0,1.0,9.594866e-12,0.99999999999997,0.34877944928441545,0.17822310433545366,0.9933071490757153,0.1
57,1,1.0,1.0,0.38333333333333336,1.0,0.0,1.0,1.0,0.9996308,0.99999999999997,0.3881428491255591,0.908976512044179,0.9933071490757153,0.1
58,1,0.0,1.0,0.4166666666666667,0.0,0.0,0.0,1.0,0.010477611,0.99999999999997,0.41418671442369526,0.10008600845579162,0.9933071490757153,0.1
59,1,0.0,1.0,0.35,0.0,0.0,0.0,1.0,0.005354708,0.99999999999997,0.35206946219522556,0.7456080200857192,0.9933071490757153,0.1
60,1,0.0,1.0,0.48333333333333334,0.0,0.0,0.0,1.0,1.9163646e-05,0.99999999999997,0.4540643922779694,0.7021116741553022,0.9933071490757153,0.1
61,1,0.0,1.0,0.5166666666666667,0.0,0.0,0.0,1.0,5.705567e-10,0.99999999999997,0.4961355973848256,0.4121549179379842,0.9933071490757153,0.1
62,1,1.0,1.0,0.31666666666666665,1.0,0.0,1.0,1.0,1.0,0.99999999999997,0.3470801129274691,0.1,0.9933071490757153,0.1
63,1,1.0,1.0,0.48333333333333334,1.0,0.0,1.0,1.0,0.9985343,0.99999999999997,0.48756320488010263,0.9394338509809449,0.9933071490757153,0.1
64,1,0.0,1.0,0.38333333333333336,0.0,0.0,0.0,1.0,1.6945405e-09,0.99999999999997,0.39140131284793667,0.1,0.9933071490757153,0.1
65,1,1.0,1.0,0.35,1.0,0.0,1.0,1.0,1.0,0.99999999999997,0.3524283557013165,0.8187906195090563,0.9933071490757153,0.1
66,1,1.0,1.0,0.3333333333333333,1.0,0.0,1.0,1.0,1.0,0.99999999999997,0.3645601861881849,0.11306788961428904,0.9933071490757153,0.1
67,1,0.0,1.0,0.35,0.0,0.0,0.0,1.0,2.8599612e-07,0.99999999999997,0.3592949641058383,0.11479363442127533,0.9933071490757153,0.1
68,1,0.0,1.0,0.4166666666666667,0.0,0.0,0.0,1.0,1.9457537e-15,0.99999999999997,0.403530407685778,0.170654626355783,0.9933071490757153,0.1
69,1,1.0,1.0,0.45,1.0,0.0,1.0,1.0,0.9989323,0.99999999999997,0.4381606920845397,0.9906457162419323,0.9933071490757153,0.1
70,1,0.0,1.0,0.43333333333333335,0.0,0.0,0.0,1.0,1.344385e-15,0.99999999999997,0.4249570283816031,0.1,0.9933071490757153,0.1
71,1,1.0,1.0,0.38333333333333336,1.0,0.0,0.0,1.0,0.82196635,0.99999999999997,0.3928772391619637,0.8741654418041908,0.9933071490757153,0.1
72,1,1.0,1.0,0.35,1.0,0.0,0.0,1.0,0.9416486,0.99999999999997,0.3639609707853244,0.8512166173764165,0.9933071490757153,0.1
73,1,1.0,1.0,0.4166666666666667,1.0,0.0,1.0,1.0,1.0,0.99999999999997,0.43963470011563854,0.9861323896702582,0.9933071490757153,0.1
74,1,0.0,1.0,0.4,0.0,0.0,0.0,1.0,5.0133657e-09,0.99999999999997,0.41222128195752034,0.1,0.9933071490757153,0.1
75,1,1.0,1.0,0.2833333333333333,1.0,0.0,1.0,1.0,0.9973852,0.99999999999997,0.2961830496753551,0.9504279247805282,0.9933071490757153,0.1
76,1,0.0,1.0,0.4666666666666667,0.0,0.0,0.0,1.0,6.9595615e-08,0.99999999999997,0.45716873015166526,0.1,0.9933071490757153,0.1
77,1,1.0,1.0,0.43333333333333335,1.0,0.0,1.0,1.0,0.9397574,0.99999999999997,0.4537813833917909,0.1379905277285295,0.9933071490757153,0.1
78,1,0.0,1.0,0.4666666666666667,0.0,0.0,0.0,1.0,3.1067052e-10,0.99999999999997,0.4765176528810779,0.13944035755249948,0.9933071490757153,0.1
79,1,0.0,1.0,0.36666666666666664,0.0,0.0,0.0,1.0,6.1944094e-10,0.99999999999997,0.3902974601522393,0.5453821919772069,0.9933071490757153,0.1
80,1,0.0,1.0,0.38333333333333336,0.0,0.0,0.0,1.0,9.8037e-09,0.99999999999997,0.37383768295674247,0.44818213339569946,0.9933071490757153,0.1
81,1,0.0,1.0,0.48333333333333334,0.0,0.0,0.0,1.0,1.0650898e-05,0.99999999999997,0.46617689990720623,0.1,0.9933071490757153,0.1
82,1,0.0,1.0,0.4666666666666667,0.0,0.0,0.0,1.0,0.036008526,0.99999999999997,0.4639672018175565,0.20856947024670078,0.9933071490757153,0.1
83,1,1.0,1.0,0.31666666666666665,1.0,0.0,1.0,1.0,0.99575883,0.99999999999997,0.3202426393178222,0.9386769670266207,0.9933071490757153,0.1
84,1,1.0,1.0,0.26666666666666666,1.0,0.0,0.0,1.0,0.83444583,0.99999999999997,0.30103191842181715,0.5060146762292803,0.9933071490757153,0.1
85,1,0.0,1.0,0.36666666666666664,0.0,0.0,0.0,1.0,1.4351018e-09,0.99999999999997,0.3693995257089202,0.1,0.9933071490757153,0.1
86,1,0.0,1.0,0.38333333333333336,0.0,0.0,0.0,1.0,1.872586e-13,0.99999999999997,0.38557146550142396,0.1,0.9933071490757153,0.1
87,1,1.0,1.0,0.3333333333333333,1.0,0.0,1.0,1.0,0.9998098,0.99999999999997,0.34676537815012803,0.10009460411911421,0.9933071490757153,0.1
88,1,1.0,1.0,0.45,1.0,0.0,1.0,1.0,0.99739444,0.99999999999997,0.4436444387109649,0.46163247861562867,0.9933071490757153,0.1
89,1,1.0,1.0,0.3333333333333333,1.0,0.0,1.0,1.0,1.0,0.99999999999997,0.34714881994568836,0.949393910032531,0.9933071490757153,0.1
90,1,1.0,1.0,0.36666666666666664,1.0,0.0,1.0,1.0,0.99954563,0.99999999999997,0.38037150279537385,0.9864103640245755,0.9933071490757153,0.1
91,1,1.0,1.0,0.48333333333333334,1.0,0.0,1.0,1.0,0.9998807,0.99999999999997,0.47814627927714387,0.7319678447813935,0.9933071490757153,0.1
92,1,0.0,1.0,0.25,0.0,0.0,0.0,1.0,1.1427893e-06,0.99999999999997,0.274919465468509,0.1,0.9933071490757153,0.1
93,1,1.0,1.0,0.3333333333333333,1.0,0.0,1.0,1.0,0.9919701,0.99999999999997,0.3607924592659736,0.49031921215399654,0.9933071490757153,0.1
94,1,1.0,1.0,0.4666666666666667,1.0,0.0,1.0,1.0,0.99987614,0.99999999999997,0.45943067640177737,0.14333952092513635,0.9933071490757153,0.1
95,1,0.0,1.0,0.4,0.0,0.0,0.0,1.0,1.428899e-07,0.99999999999997,0.39087730416690875,0.4370747985003241,0.9933071490757153,0.1
96,1,1.0,1.0,0.43333333333333335,1.0,0.0,1.0,1.0,1.0,0.99999999999997,0.4420007056595879,0.1,0.9933071490757153,0.1
97,1,1.0,1.0,0.4666666666666667,1.0,0.0,1.0,1.0,0.9996406,0.99999999999997,0.4633009785466634,0.9970152945541723,0.9933071490757153,0.1
98,1,1.0,1.0,0.5166666666666667,1.0,0.0,1.0,1.0,0.99999106,0.99999999999997,0.5176219612034875,0.9982187203967682,0.9933071490757153,0.1
99,1,0.0,1.0,0.48333333333333334,0.0,0.0,0.0,1.0,3.891085e-08,0.99999999999997,0.47480786836831235,0.1,0.9933071490757153,0.1
100,1,1.0,1.0,0.45,1.0,0.0,1.0,1.0,0.99999964,0.99999999999997,0.44790483592000957,0.8721413553077497,0.9933071490757153,0.1
101,1,0.0,1.0,0.36666666666666664,0.0,0.0,0.0,1.0,1.5681051e-10,0.99999999999997,0.3691984337382394,0.3227397685939727,0.9933071490757153,0.1
102,1,0.0,1.0,0.3,0.0,0.0,0.0,1.0,0.35575992,0.99999999999997,0.3179903213924404,0.1468544647526606,0.9933071490757153,0.1
103,1,0.0,1.0,0.5166666666666667,0.0,0.0,0.0,1.0,3.1230636e-06,0.99999999999997,0.47101790015167183,0.1,0.9933071490757153,0.1
104,1,0.0,1.0,0.6,1.0,0.0,0.0,1.0,5.752187e-08,0.99999999999997,0.5840835498608834,0.1,0.9933071490757153,0.1
105,1,1.0,1.0,0.4,1.0,0.0,1.0,1.0,0.99999964,0.99999999999997,0.41694106675181336,0.3041217751866982,0.9933071490757153,0.1
106,1,0.0,0.9333333333333333,0.48333333333333334,0.0,0.0,0.0,1.0,3.7811324e-10,0.9778851653074291,0.4628550654938871,0.1,0.9933071490757153,0.1
107,1,0.0,1.0,0.45,0.0,0.0,0.0,1.0,0.013527204,0.99999999999997,0.4512313725039558,0.11142204983825776,0.9933071490757153,0.1
108,1,1.0,1.0,0.55,1.0,1.0,1.0,1.0,1.0,0.99999999999997,0.5376737757280675,0.1,0.9933071490757153,0.1
109,1,0.0,1.0,0.5666666666666667,1.0,0.0,0.0,1.0,4.9572096e-12,0.99999999999997,0.5559135198681067,0.1,0.9933071490757153,0.1
110,1,0.0,1.0,0.26666666666666666,0.0,0.0,0.0,1.0,5.1813588e-11,0.99999999999997,0.2999868925182833,0.1,0.9933071490757153,0.1
111,1,1.0,1.0,0.48333333333333334,1.0,0.0,0.0,1.0,0.8071752,0.99999999999997,0.4905537587525898,0.5269710827431741,0.9933071490757153,0.1
112,1,0.0,1.0,0.4,0.0,0.0,0.0,1.0,2.4916094e-09,0.99999999999997,0.40902208395309214,0.7515705950669936,0.9933071490757153,0.1
113,1,1.0,1.0,0.35,1.0,0.0,1.0,1.0,1.0,0.99999999999997,0.36350027504161203,0.9984496742814624,0.9933071490757153,0.1
114,1,0.0,1.0,0.3333333333333333,0.0,0.0,0.0,1.0,8.566691e-13,0.99999999999997,0.3407865305225345,0.1,0.9933071490757153,0.1
115,1,1.0,1.0,0.45,1.0,0.0,1.0,1.0,0.9998807,0.99999999999997,0.4303569797237267,0.7319678447813935,0.9933071490757153,0.1
116,1,0.0,1.0,0.45,0.0,0.0,0.0,1.0,5.8595557e-08,0.99999999999997,0.4613579854334728,0.1,0.9933071490757153,0.1
117,1,1.0,1.0,0.5,1.0,0.0,1.0,1.0,0.9999999,0.99999999999997,0.4813682402171736,0.8606626549048493,0.9933071490757153,0.1
118,1,0.0,1.0,0.4166666666666667,0.0,0.0,0.0,1.0,1.3084904e-17,0.99999999999997,0.4388088963001208,0.1318265831417468,0.9933071490757153,0.1
119,1,1.0,1.0,0.45,1.0,0.0,1.0,1.0,0.9998355,0.9999999999999682,0.449334315904483,0.7859858858069558,0.9933071490757153,0.1
120,1,0.0,1.0,0.5166666666666667,1.0,0.0,0.0,1.0,3.432189e-11,0.99999999999997,0.5018503701151774,0.1794632617830649,0.9933071490757153,0.1
121,1,1.0,1.0,0.43333333333333335,1.0,0.0,0.0,1.0,0.5439962,0.99999999999997,0.4411249389069952,0.4961560650099221,0.9933071490757153,0.1
122,1,1.0,1.0,0.43333333333333335,1.0,0.0,1.0,1.0,0.9999994,0.99999999999997,0.4226293793183514,0.5603162643491135,0.9933071490757153,0.1
123,1,0.0,1.0,0.45,0.0,0.0,0.0,1.0,2.0240666e-05,0.99999999999997,0.4269072181031777,0.1,0.9933071490757153,0.1
124,1,1.0,1.0,0.5,1.0,0.0,1.0,1.0,0.9999999,0.99999999999997,0.4913516717910354,0.9914668215386332,0.9933071490757153,0.1
125,1,1.0,1.0,0.5166666666666667,1.0,0.0,0.0,1.0,0.82649493,0.9999999999999692,0.49913558582057355,0.409736980526997,0.9933071490757153,0.1
126,1,1.0,1.0,0.4,1.0,0.0,1.0,1.0,0.9999995,0.99999999999997,0.410049470463447,0.9987173782265591,0.9933071490757153,0.1
127,1,0.0,1.0,0.35,0.0,0.0,0.0,1.0,4.0897285e-07,0.99999999999997,0.36123087596008147,0.19741678199124593,0.9933071490757153,0.1
128,1,1.0,1.0,0.5166666666666667,1.0,0.0,1.0,1.0,0.99999464,0.9999999999999337,0.5013865041478692,0.7452731636253004,0.9933071490757153,0.1
129,1,0.0,0.7666666666666667,0.43333333333333335,0.0,0.0,0.0,1.0,3.422206e-08,0.9999997597430377,0.41553846999640226,0.1,0.9933071490757153,0.1
130,0,1.0,0.6333333333333333,0.45,1.0,0.0,0.0,1.0,2.4518684e-08,0.39873408104849184,0.4687154155716018,0.9979954162958384,0.9933071490757153,0.1
131,0,1.0,1.0,0.35,1.0,0.0,1.0,1.0,1.9613627e-11,0.007882340447656577,0.5402572986816943,0.46186574432585953,0.9933071490757153,0.1
132,0,0.0,1.0,0.5,1.0,0.0,0.0,1.0,1.0,0.004447594575842518,0.43359434336621505,0.1,0.9933071490757153,0.1
133,0,0.0,1.0,0.36666666666666664,0.0,0.0,0.0,1.0,0.99984,0.004259576236791439,0.5187093247903861,0.1,0.9933071490757153,0.1
134,0,1.0,1.0,0.2833333333333333,1.0,0.0,1.0,1.0,2.9424184e-05,0.004408995219073164,0.5885200029806276,0.23447584966108156,0.9933071490757153,0.1
135,0,1.0,1.0,0.43333333333333335,1.0,0.0,1.0,1.0,8.239457e-06,0.005248768048460064,0.4811088464651951,0.113246921066268,0.9933071490757153,0.1
136,0,1.0,1.0,0.43333333333333335,1.0,0.0,1.0,1.0,3.116739e-08,0.0035468538111598207,0.47669114963890735,0.6722838373626808,0.9933071490757153,0.1
137,0,1.0,1.0,0.38333333333333336,1.0,0.0,1.0,1.0,2.6440914e-09,0.004738668580170913,0.5286345581751652,0.3032415875244668,0.9933071490757153,0.1
138,0,1.0,1.0,0.35,1.0,0.0,1.0,1.0,1.1795284e-09,0.00641142413642229,0.5457710620562096,0.1855378417418514,0.9933071490757153,0.1
139,0,1.0,1.0,0.45,1.0,0.0,1.0,1.0,2.9993974e-08,0.003932014984592121,0.471979779622294,0.5668985639274546,0.9933071490757153,0.1
140,0,1.0,1.0,0.36666666666666664,1.0,0.0,1.0,1.0,6.019132e-11,0.0035579848982189807,0.5129519171370881,0.1,0.9933071490757153,0.1
141,0,1.0,1.0,0.31666666666666665,1.0,0.0,1.0,1.0,2.845307e-12,0.004884528248113193,0.5565392854343324,0.16055315804605444,0.9933071490757153,0.1
142,0,1.0,1.0,0.5166666666666667,1.0,1.0,1.0,1.0,2.1005093e-07,0.004919403502827585,0.41693583630873626,0.10296087235770135,0.9933071490757153,0.1
143,0,1.0,1.0,0.31666666666666665,1.0,0.0,1.0,1.0,4.2910526e-14,0.0040729466102216675,0.5636614232271188,0.21578655369900243,0.9933071490757153,0.1
144,0,1.0,1.0,0.4,1.0,0.0,1.0,1.0,0.001489311,0.003175706032365357,0.5224421064654895,0.20083612609220966,0.9933071490757153,0.1
145,0,1.0,1.0,0.31666666666666665,1.0,0.0,1.0,1.0,0.019769598,0.003378547991721709,0.5586338410058664,0.1,0.9933071490757153,0.1
146,0,1.0,1.0,0.3333333333333333,1.0,0.0,1.0,1.0,1.2857481e-05,0.00570187690612174,0.5596191546866041,0.1649534487122853,0.9933071490757153,0.1
147,0,1.0,1.0,0.45,1.0,1.0,1.0,1.0,7.1416197e-13,0.004955985077163345,0.4581295924884119,0.1,0.9933071490757153,0.1
148,0,0.0,1.0,0.5,1.0,0.0,0.0,1.0,0.77124,0.00482904204667144,0.4394848362234272,0.2771446136442982,0.9933071490757153,0.1
149,0,1.0,1.0,0.38333333333333336,1.0,0.0,1.0,1.0,5.2691587e-07,0.003980668640774399,0.5248261521216336,0.2612508240844081,0.9933071490757153,0.1
150,0,1.0,1.0,0.35,1.0,0.0,1.0,1.0,0.0005408721,0.003720158775765398,0.5543383224267091,0.22902095271253084,0.9933071490757153,0.1
151,0,0.0,1.0,0.4666666666666667,1.0,0.0,0.0,1.0,1.0,0.004210921928968164,0.4616043054035511,0.1,0.9933071490757153,0.1
152,0,1.0,1.0,0.4,1.0,0.0,0.0,1.0,0.3560623,0.004805492454998938,0.5041997575886276,0.49514085699680754,0.9933071490757153,0.1
153,0,1.0,1.0,0.23333333333333334,1.0,0.0,1.0,1.0,7.099291e-08,0.0047832736061542746,0.6340431132011688,0.9403157919147233,0.9933071490757153,0.1
154,0,1.0,1.0,0.43333333333333335,1.0,0.0,1.0,1.0,9.756793e-11,0.00422678164698273,0.4889642590942612,0.1687616815094207,0.9933071490757153,0.1
155,0,0.0,1.0,0.6,1.0,0.0,0.0,1.0,1.0,0.003075888886529666,0.37004516388913833,0.1,0.9933071490757153,0.1
156,0,1.0,1.0,0.4,1.0,0.0,0.0,1.0,0.31717932,0.004764146819315368,0.5253989649533256,0.5663644947670546,0.9933071490757153,0.1
157,0,1.0,1.0,0.4166666666666667,1.0,0.0,1.0,1.0,0.005538318,0.003971665762322502,0.49468021296699854,0.3049616920809967,0.9933071490757153,0.1
158,0,1.0,1.0,0.38333333333333336,1.0,0.0,1.0,1.0,1.9677056e-05,0.004787656700437442,0.5089488042311482,0.31070325001130294,0.9933071490757153,0.1
159,0,0.0,1.0,0.5,1.0,0.0,0.0,1.0,1.0,0.005225067063786724,0.42811296429975454,0.1,0.9933071490757153,0.1
160,0,1.0,1.0,0.38333333333333336,1.0,0.0,1.0,1.0,6.6741177e-06,0.004480254264721717,0.5431301699277102,0.5110258085147379,0.9933071490757153,0.1
161,0,1.0,1.0,0.5,1.0,1.0,1.0,1.0,0.010685917,0.005684317453812094,0.43960320553989546,0.15869202438916638,0.9933071490757153,0.1
162,0,1.0,1.0,0.4,1.0,0.0,1.0,1.0,0.025413955,0.004088460791526778,0.49411378850579146,0.21481111933112196,0.9933071490757153,0.1
163,0,0.0,1.0,0.5166666666666667,1.0,0.0,0.0,1.0,1.0,0.005153821206016398,0.41252449414950376,0.1,0.9933071490757153,0.1
164,0,1.0,1.0,0.4666666666666667,1.0,1.0,1.0,1.0,2.4191156e-11,0.005292629611740585,0.44837116158161144,0.1411982093066618,0.9933071490757153,0.1
165,0,1.0,1.0,0.31666666666666665,1.0,0.0,1.0,1.0,0.012000379,0.0042498682537188606,0.5653377350798408,0.8850641412855695,0.9933071490757153,0.1
166,0,1.0,1.0,0.48333333333333334,1.0,1.0,1.0,1.0,5.9672317e-07,0.003747754551894932,0.43675580582904416,0.9563261681036088,0.9933071490757153,0.1
167,0,0.0,1.0,0.25,0.0,0.0,0.0,1.0,1.0,0.004055911810046148,0.607995406853911,0.1,0.9933071490757153,0.1
168,0,1.0,1.0,0.3333333333333333,1.0,0.0,1.0,1.0,1.6561204e-09,0.004538791348514339,0.5436971866433901,0.1939083555933597,0.9933071490757153,0.1
169,0,1.0,1.0,0.43333333333333335,1.0,0.0,1.0,1.0,0.00020303593,0.004105156781569462,0.481401510749257,0.4631086592443503,0.9933071490757153,0.1
170,0,0.0,1.0,0.38333333333333336,0.0,0.0,0.0,1.0,0.9641585,0.003067692654870497,0.5186432205342466,0.9675189744635899,0.9933071490757153,0.1
171,0,1.0,1.0,0.4166666666666667,1.0,0.0,1.0,1.0,2.4900055e-07,0.0031919342585855384,0.46919526443314713,0.1,0.9933071490757153,0.1
172,0,1.0,1.0,0.38333333333333336,1.0,0.0,1.0,1.0,1.2857481e-05,0.004234467505950466,0.500194312737375,0.1649534487122853,0.9933071490757153,0.1
173,0,1.0,1.0,0.38333333333333336,1.0,0.0,1.0,1.0,1.2666024e-18,0.007495275302507947,0.5099536262722766,0.1,0.9933071490757153,0.1
174,0,1.0,1.0,0.35,1.0,0.0,1.0,1.0,0.00024551712,0.003222645928106049,0.538206165560607,0.7038506999359201,0.9933071490757153,0.1
175,0,1.0,1.0,0.3333333333333333,1.0,0.0,1.0,1.0,1.0364013e-09,0.005605965417780549,0.5572575210921733,0.4945294450902513,0.9933071490757153,0.1
176,1,0.0,1.0,0.26666666666666666,0.0,0.0,0.0,1.0,5.204526e-11,0.9004951837143883,0.30751503680029285,0.1,0.9933071490757153,0.1
177,1,0.0,1.0,0.43333333333333335,0.0,0.0,0.0,1.0,9.594866e-12,0.9999999878156232,0.442146952715939,0.17822310433545366,0.9933071490757153,0.1
178,1,0.0,1.0,0.43333333333333335,0.0,0.0,0.0,1.0,8.093612e-09,0.9999999940050638,0.4375366331252209,0.46469080177445,0.9933071490757153,0.1
179,1,1.0,1.0,0.4,1.0,0.0,1.0,1.0,0.98628485,0.999999999974191,0.39888221837681387,0.8444470745529867,0.9933071490757153,0.1
180,1,0.0,1.0,0.4666666666666667,0.0,0.0,0.0,1.0,0.010477611,0.9999999986353284,0.4428316350757002,0.10008600845579162,0.9933071490757153,0.1
181,1,0.0,1.0,0.5,0.0,0.0,0.0,1.0,2.305164e-11,0.9999999999001227,0.48300497223147437,0.5238857768443553,0.9933071490757153,0.1
182,1,1.0,1.0,0.3,1.0,0.0,1.0,1.0,1.0,0.9999999999185956,0.3122707592785004,0.1,0.9933071490757153,0.1
183,1,1.0,1.0,0.4166666666666667,1.0,0.0,1.0,1.0,0.9999995,0.9999999999076992,0.4237932432237615,0.868975024732962,0.9933071490757153,0.1
184,1,0.0,1.0,0.4666666666666667,0.0,0.0,0.0,1.0,2.401343e-11,0.999999999961879,0.44458976136129935,0.9362429562398304,0.9933071490757153,0.1
185,1,1.0,1.0,0.5166666666666667,1.0,0.0,1.0,1.0,0.9960802,0.999999999969959,0.4853329226851632,0.9923262633807145,0.9933071490757153,0.1
186,1,0.0,1.0,0.45,0.0,0.0,0.0,1.0,5.53396e-14,0.9999999999943318,0.4049553242627362,0.1581352060307558,0.9933071490757153,0.1
187,1,1.0,1.0,0.36666666666666664,1.0,0.0,1.0,1.0,0.9999975,0.9999999999967593,0.3695308589030926,0.8647634877201449,0.9933071490757153,0.1
188,1,1.0,1.0,0.38333333333333336,1.0,0.0,0.0,1.0,0.83444583,0.9999999999980177,0.38321643878299966,0.5060146762292803,0.9933071490757153,0.1
189,1,0.0,1.0,0.43333333333333335,0.0,0.0,0.0,1.0,3.422206e-08,0.9999999999992465,0.4467895576301052,0.1,0.9933071490757153,0.1
190,1,1.0,1.0,0.5,1.0,0.0,1.0,1.0,1.0,0.9999999999999674,0.4796167497929485,0.8187906195090563,0.9933071490757153,0.1
191,1,1.0,1.0,0.36666666666666664,1.0,0.0,1.0,1.0,0.99999964,0.9999999999999682,0.38913637685784935,0.9763606598937711,0.9933071490757153,0.1
192,1,1.0,1.0,0.43333333333333335,1.0,0.0,1.0,1.0,0.9977889,0.9999999999999692,0.41493591995504375,0.9892753308985678,0.9933071490757153,0.1
193,1,0.0,1.0,0.4,0.0,0.0,0.0,1.0,4.2773216e-08,0.99999999999997,0.3664185326675767,0.8705996789757516,0.9933071490757153,0.1
194,1,0.0,1.0,0.4666666666666667,0.0,0.0,0.0,1.0,4.6120715e-11,0.99999999999997,0.44815370816319405,0.739905518673755,0.9933071490757153,0.1
195,1,0.0,1.0,0.45,0.0,0.0,0.0,1.0,1.0709074e-07,0.9999999999999699,0.4324032652686771,0.12173750055962747,0.9933071490757153,0.1
196,1,1.0,1.0,0.4166666666666667,1.0,0.0,1.0,1.0,1.0,0.99999999999997,0.42063766221831256,0.1,0.9933071490757153,0.1
197,1,0.0,1.0,0.4,0.0,0.0,0.0,1.0,0.17280328,0.99999999999997,0.3762856473024384,0.5632210217318497,0.9933071490757153,0.1
198,1,1.0,1.0,0.31666666666666665,1.0,0.0,1.0,1.0,1.0,0.99999999999997,0.33908004645087614,0.6473402645886904,0.9933071490757153,0.1
199,1,0.0,1.0,0.4166666666666667,0.0,0.0,0.0,1.0,0.0028023792,0.99999999999997,0.41398252845856043,0.8360925152241017,0.9933071490757153,0.1
200,1,1.0,1.0,0.4166666666666667,1.0,0.0,1.0,1.0,1.0,0.99999999999997,0.41798456503917547,0.819760921939253,0.9933071490757153,0.1
201,1,0.0,1.0,0.4166666666666667,0.0,0.0,0.0,1.0,2.5122958e-07,0.9999999999998318,0.421034711855856,0.8332946195550268,0.9933071490757153,0.1
202,1,1.0,1.0,0.4,1.0,0.0,1.0,1.0,0.99999905,0.999999999999922,0.41113807521109447,0.906081512076419,0.9933071490757153,0.1
203,1,1.0,1.0,0.5,1.0,0.0,0.0,1.0,0.83388245,0.9999999999998805,0.4790954793771896,0.38712344597857634,0.9933071490757153,0.1
204,1,0.0,1.0,0.5166666666666667,1.0,0.0,0.0,1.0,0.0055251033,0.9999999999999292,0.5204907063311845,0.14532918952552398,0.9933071490757153,0.1
205,1,0.0,1.0,0.35,0.0,0.0,0.0,1.0,4.8441545e-10,0.9999999999999564,0.35261363279457475,0.2735041011634704,0.9933071490757153,0.1
206,1,0.0,1.0,0.3,0.0,0.0,0.0,1.0,9.077439e-10,0.9999999999999677,0.31728759229792225,0.1,0.9933071490757153,0.1
207,1,1.0,1.0,0.4666666666666667,1.0,0.0,1.0,1.0,1.0,0.9999999999999507,0.44860495522886623,0.1,0.9933071490757153,0.1
208,1,0.0,1.0,0.3,0.0,0.0,0.0,1.0,6.34791e-11,0.9999999999999251,0.3143087478452963,0.11671998960545331,0.9933071490757153,0.1
209,1,1.0,1.0,0.5,1.0,0.0,1.0,1.0,1.0,0.9999999999979348,0.46669092762674136,0.8679703492750582,0.9933071490757153,0.1
210,1,0.0,1.0,0.38333333333333336,0.0,0.0,0.0,1.0,8.0111226e-05,0.9999999999965226,0.3888808138093314,0.709966342673797,0.9933071490757153,0.1
211,1,0.0,0.95,0.36666666666666664,0.0,0.0,0.0,1.0,6.090554e-09,0.9937295815487233,0.373548497124492,0.22333954391117372,0.9933071490757153,0.1
212,0,1.0,0.8,0.5,1.0,0.0,0.0,1.0,1.6268915e-08,0.2612670945033507,0.43605879763834365,0.2683149321765602,0.9933071490757153,0.1
213,0,1.0,1.0,0.45,1.0,0.0,1.0,1.0,0.11875873,0.009228486881335233,0.45462916894440836,0.2567997953750754,0.9933071490757153,0.1
214,0,1.0,1.0,0.4166666666666667,1.0,0.0,1.0,1.0,3.0767118e-11,0.005471996435954228,0.48662646212282984,0.9933257807469382,0.9933071490757153,0.1
215,0,1.0,1.0,0.4166666666666667,1.0,0.0,1.0,1.0,4.5380357e-09,0.0033978655702344126,0.4768055791793611,0.17676342276270782,0.9933071490757153,0.1
216,0,1.0,1.0,0.43333333333333335,1.0,0.0,1.0,1.0,2.2236604e-06,0.004821509917805201,0.4822422832210399,0.4105813131277468,0.9933071490757153,0.1
217,0,1.0,1.0,0.4666666666666667,1.0,1.0,1.0,1.0,4.618087e-06,0.0035364637354902786,0.4595928457363319,0.42533543436049875,0.9933071490757153,0.1
218,0,1.0,1.0,0.35,1.0,0.0,1.0,1.0,1.451321e-16,0.006404992222671399,0.5351420219255448,0.10974672857353576,0.9933071490757153,0.1
219,0,1.0,1.0,0.3333333333333333,1.0,0.0,1.0,1.0,0.001489311,0.005128830578278642,0.5581158810648591,0.20083612609220966,0.9933071490757153,0.1
220,0,1.0,1.0,0.3,1.0,0.0,1.0,1.0,4.6574634e-08,0.005306371374793896,0.5688005000948623,0.3806385393891066,0.9933071490757153,0.1
221,0,1.0,1.0,0.36666666666666664,1.0,0.0,1.0,1.0,2.3365092e-18,0.0040421160851379,0.50604331101875,0.13138567684162722,0.9933071490757153,0.1
222,0,1.0,1.0,0.55,1.0,1.0,1.0,1.0,8.101953e-09,0.003708473386504854,0.3952795822560153,0.1,0.9933071490757153,0.1
223,0,1.0,1.0,0.4166666666666667,1.0,0.0,1.0,1.0,6.805936e-05,0.0038037187306319566,0.47817485933293613,0.14084807681279948,0.9933071490757153,0.1
224,0,1.0,1.0,0.31666666666666665,1.0,0.0,1.0,1.0,1.0450789e-11,0.00521802873861037,0.5798313877560484,0.150916888689795,0.9933071490757153,0.1
225,0,0.0,1.0,0.36666666666666664,0.0,0.0,0.0,1.0,0.9999995,0.007941630698562586,0.5149694563099482,0.1,0.9933071490757153,0.1
226,0,1.0,1.0,0.4666666666666667,1.0,1.0,1.0,1.0,2.2085901e-08,0.005342868084314516,0.44588522172015105,0.16747299170102858,0.9933071490757153,0.1
227,0,1.0,1.0,0.35,1.0,0.0,1.0,1.0,4.081588e-12,0.004564783554992334,0.5374442025096543,0.2449245011211378,0.9933071490757153,0.1
228,0,1.0,1.0,0.35,1.0,0.0,0.0,1.0,0.13903722,0.004582672511512882,0.5330536316110994,0.1132203609057553,0.9933071490757153,0.1
229,0,1.0,1.0,0.4666666666666667,1.0,1.0,1.0,1.0,1.8998245e-08,0.004365486362858157,0.45755554555030115,0.5675796233263002,0.9933071490757153,0.1
230,0,1.0,1.0,0.36666666666666664,1.0,0.0,1.0,1.0,6.006038e-10,0.003425428397754838,0.531571261110957,0.12161314838035914,0.9933071490757153,0.1
231,0,1.0,1.0,0.5333333333333333,1.0,1.0,1.0,1.0,6.508686e-05,0.004370997832001949,0.41559869955207873,0.5113672477511219,0.9933071490757153,0.1
232,0,1.0,1.0,0.4666666666666667,1.0,1.0,1.0,1.0,1.8828739e-07,0.006616714106770827,0.4456227262752495,0.1875805449144594,0.9933071490757153,0.1
233,0,1.0,1.0,0.4666666666666667,1.0,1.0,1.0,1.0,9.811897e-08,0.0057403431765302455,0.4498554085028479,0.5098478272484344,0.9933071490757153,0.1
234,1,0.0,0.9833333333333333,0.4166666666666667,1.0,0.0,0.0,0.0,9.594866e-12,0.518171153433104,0.5053044119822051,0.17822310433545366,0.9933071490757153,0.1
235,1,0.0,1.0,0.38333333333333336,0.0,0.0,0.0,1.0,1.10975194e-13,0.99999999999997,0.3739753253089264,0.1,0.9933071490757153,0.1
236,1,1.0,1.0,0.5,1.0,0.0,1.0,1.0,0.9999999,0.99999999999997,0.4861931207573074,0.9511438661535454,0.9933071490757153,0.1
237,1,1.0,1.0,0.4,1.0,0.0,1.0,1.0,1.0,0.99999999999997,0.416548423033467,0.1,0.9933071490757153,0.1
238,1,1.0,1.0,0.45,1.0,0.0,1.0,1.0,0.984248,0.99999999999997,0.44067603113774706,0.871211321218672,0.9933071490757153,0.1
239,1,0.0,1.0,0.4666666666666667,0.0,0.0,0.0,1.0,0.41501233,0.99999999999997,0.4835350578699881,0.7913244907164054,0.9933071490757153,0.1
240,1,1.0,1.0,0.48333333333333334,1.0,0.0,1.0,1.0,0.9999976,0.99999999999997,0.48279017057128937,0.2232042761765069,0.9933071490757153,0.1
241,1,0.0,1.0,0.45,0.0,0.0,0.0,1.0,1.2386192e-05,0.99999999999997,0.44018304650531165,0.6778786621386507,0.9933071490757153,0.1
242,1,0.0,1.0,0.45,0.0,0.0,0.0,1.0,3.2762675e-11,0.99999999999997,0.4417321392355905,0.10722147998855316,0.9933071490757153,0.1
243,1,1.0,1.0,0.5333333333333333,1.0,0.0,1.0,1.0,0.99999464,0.99999999999997,0.5201295223646931,0.7452731636253004,0.9933071490757153,0.1
244,1,0.0,1.0,0.5333333333333333,1.0,0.0,0.0,1.0,3.7393194e-10,0.99999999999997,0.5094543755105905,0.1,0.9933071490757153,0.1
245,1,1.0,1.0,0.4,1.0,0.0,0.0,1.0,0.82196635,0.99999999999997,0.40500976974247005,0.8741654418041908,0.9933071490757153,0.1
246,1,1.0,1.0,0.43333333333333335,1.0,0.0,1.0,1.0,0.9999999,0.99999999999997,0.421828801967219,0.1,0.9933071490757153,0.1
247,1,1.0,1.0,0.45,1.0,0.0,1.0,1.0,0.99999106,0.99999999999997,0.4286353694912799,0.27659136754716057,0.9933071490757153,0.1
248,1,0.0,1.0,0.5166666666666667,1.0,0.0,0.0,1.0,0.0007433416,0.99999999999997,0.5154674141150315,0.1,0.9933071490757153,0.1
249,1,1.0,1.0,0.55,1.0,1.0,1.0,1.0,0.99880683,0.99999999999997,0.5504475474408671,0.9337383687516174,0.9933071490757153,0.1
250,1,0.0,1.0,0.38333333333333336,0.0,0.0,0.0,1.0,1.960133e-14,0.99999999999997,0.4081939724504343,0.1,0.9933071490757153,0.1
251,1,0.0,1.0,0.4166666666666667,0.0,0.0,0.0,1.0,0.26660284,0.99999999999997,0.41371321998215466,0.2787400408622918,0.9933071490757153,0.1
252,1,0.0,1.0,0.45,0.0,0.0,0.0,1.0,3.8641756e-05,0.99999999999997,0.4434938624576063,0.13286671978555487,0.9933071490757153,0.1
253,1,1.0,1.0,0.43333333333333335,1.0,0.0,1.0,1.0,0.99999845,0.99999999999997,0.4245318958815341,0.7905347247173655,0.9933071490757153,0.1
254,1,1.0,1.0,0.45,1.0,0.0,1.0,1.0,1.0,0.99999999999997,0.46565984829591195,0.9856093048388005,0.9933071490757153,0.1
255,1,1.0,1.0,0.4166666666666667,1.0,0.0,1.0,1.0,1.0,0.99999999999997,0.43035480639842566,0.9796939322360261,0.9933071490757153,0.1
256,1,0.0,1.0,0.43333333333333335,0.0,0.0,0.0,1.0,1.3673382e-08,0.99999999999997,0.43086957692445815,0.1,0.9933071490757153,0.1
257,1,0.0,1.0,0.45,0.0,0.0,0.0,1.0,0.28305858,0.99999999999997,0.44195149512665555,0.5380817961275053,0.9933071490757153,0.1
258,1,0.0,1.0,0.4666666666666667,0.0,0.0,0.0,1.0,0.043581177,0.99999999999997,0.4624110507787752,0.42022063526306674,0.9933071490757153,0.1
259,1,0.0,1.0,0.43333333333333335,0.0,0.0,0.0,1.0,3.5053915e-06,0.99999999999997,0.4345259923783567,0.1,0.9933071490757153,0.1
260,1,1.0,1.0,0.38333333333333336,1.0,0.0,1.0,1.0,0.9999999,0.99999999999997,0.39065417654231765,0.9511438661535454,0.9933071490757153,0.1
261,1,0.0,1.0,0.4,0.0,0.0,0.0,1.0,5.570875e-15,0.99999999999997,0.4053850091277231,0.1,0.9933071490757153,0.1
262,1,0.0,1.0,0.4666666666666667,0.0,0.0,0.0,1.0,6.525492e-09,0.99999999999997,0.45123334324667896,0.7714979500110763,0.9933071490757153,0.1
263,1,0.0,1.0,0.4666666666666667,0.0,0.0,0.0,1.0,8.7343096e-08,0.99999999999997,0.464452749750818,0.1,0.9933071490757153,0.1
264,1,1.0,1.0,0.4166666666666667,1.0,0.0,1.0,1.0,0.99999964,0.99999999999997,0.4199709896182298,0.1,0.9933071490757153,0.1
265,1,1.0,1.0,0.45,1.0,0.0,1.0,1.0,0.99999464,0.99999999999997,0.4531401955764987,0.7452731636253004,0.9933071490757153,0.1
266,1,1.0,1.0,0.4,1.0,0.0,1.0,1.0,1.0,0.99999999999997,0.3914248709419427,0.9025777041269085,0.9933071490757153,0.1
267,1,1.0,1.0,0.4166666666666667,1.0,0.0,1.0,1.0,0.9999893,0.99999999999997,0.421219276184077,0.7679763762611995,0.9933071490757153,0.1
268,1,1.0,1.0,0.4666666666666667,1.0,0.0,1.0,1.0,0.99992144,0.99999999999997,0.4486584596875589,0.7561570062066275,0.9933071490757153,0.1
269,1,0.0,1.0,0.45,0.0,0.0,0.0,1.0,0.036008526,0.99999999999997,0.4631537656046075,0.20856947024670078,0.9933071490757153,0.1
270,1,0.0,1.0,0.4666666666666667,0.0,0.0,0.0,1.0,3.2443302e-06,0.99999999999997,0.4725887449513367,0.8493893729788877,0.9933071490757153,0.1
271,1,0.0,1.0,0.38333333333333336,0.0,0.0,0.0,1.0,5.705567e-10,0.99999999999997,0.4136076479119203,0.4121549179379842,0.9933071490757153,0.1
272,1,0.0,1.0,0.36666666666666664,0.0,0.0,0.0,1.0,6.471099e-11,0.99999999999997,0.37730992656739454,0.17142988908569942,0.9933071490757153,0.1
273,1,0.0,1.0,0.36666666666666664,0.0,0.0,0.0,1.0,9.8037e-09,0.99999999999997,0.38015789242637754,0.44818213339569946,0.9933071490757153,0.1
274,1,0.0,1.0,0.3333333333333333,0.0,0.0,0.0,1.0,6.460237e-14,0.99999999999997,0.3569152527502929,0.10971264796620904,0.9933071490757153,0.1
275,1,1.0,1.0,0.4,1.0,0.0,1.0,1.0,1.0,0.99999999999997,0.41754274360114557,0.17100334601025305,0.9933071490757153,0.1
276,1,1.0,1.0,0.38333333333333336,1.0,0.0,1.0,1.0,1.0,0.99999999999997,0.3811334082358748,0.513689541498057,0.9933071490757153,0.1
277,1,1.0,1.0,0.5166666666666667,1.0,0.0,1.0,1.0,1.0,0.99999999999997,0.5273942108842664,0.9098891969688246,0.9933071490757153,0.1
278,1,1.0,1.0,0.38333333333333336,1.0,0.0,1.0,1.0,1.0,0.99999999999997,0.3882908995689745,0.9709552300891859,0.9933071490757153,0.1
279,1,0.0,1.0,0.4166666666666667,0.0,0.0,0.0,1.0,1.02605595e-08,0.99999999999997,0.4141217727016195,0.8449898795682121,0.9933071490757153,0.1
280,1,1.0,1.0,0.35,1.0,0.0,0.0,1.0,0.82196635,0.99999999999997,0.38017390273302293,0.8741654418041908,0.9933071490757153,0.1
281,1,1.0,1.0,0.45,1.0,0.0,1.0,1.0,0.9899588,0.99999999999997,0.4322380721833149,0.9367930013213408,0.9933071490757153,0.1
282,1,0.0,1.0,0.36666666666666664,0.0,0.0,0.0,1.0,0.013527204,0.99999999999997,0.380165931421241,0.11142204983825776,0.9933071490757153,0.1
283,1,1.0,1.0,0.48333333333333334,1.0,0.0,1.0,1.0,0.9999999,0.99999999999997,0.4849137122589656,0.8606626549048493,0.9933071490757153,0.1
284,1,0.0,1.0,0.3333333333333333,0.0,0.0,0.0,1.0,5.899759e-12,0.99999999999997,0.35501990057826655,0.1,0.9933071490757153,0.1
285,1,1.0,1.0,0.4166666666666667,1.0,0.0,1.0,1.0,1.0,0.99999999999997,0.42649599699400687,0.819760921939253,0.9933071490757153,0.1
286,1,0.0,1.0,0.5,0.0,0.0,0.0,1.0,1.0806179e-09,0.99999999999997,0.4796837425674487,0.3571737458936664,0.9933071490757153,0.1
287,1,1.0,1.0,0.45,1.0,0.0,0.0,1.0,0.5439962,0.99999999999997,0.44646513293140566,0.4961560650099221,0.9933071490757153,0.1
288,1,1.0,1.0,0.38333333333333336,1.0,0.0,1.0,1.0,1.0,0.8674553857920254,0.4659563772626366,0.1,0.9933071490757153,0.1
289,0,0.0,1.0,0.5166666666666667,1.0,0.0,0.0,1.0,1.0,0.0064658051580903965,0.4140756910819208,0.1,0.9933071490757153,0.1
290,0,1.0,1.0,0.38333333333333336,1.0,0.0,1.0,1.0,2.2236604e-06,0.005720587420498669,0.5044514894268148,0.4105813131277468,0.9933071490757153,0.1
291,0,0.0,1.0,0.36666666666666664,0.0,0.0,0.0,1.0,0.9995328,0.004148229737976405,0.5322661753051586,0.21542220134747783,0.9933071490757153,0.1
292,0,1.0,1.0,0.4166666666666667,1.0,0.0,1.0,1.0,7.187523e-06,0.004059928957674813,0.48289437351688247,0.20689717542701486,0.9933071490757153,0.1
293,0,0.0,1.0,0.3,0.0,0.0,0.0,1.0,1.0,0.0034345184724715685,0.5539126461104815,0.1,0.9933071490757153,0.1
294,0,1.0,1.0,0.4666666666666667,1.0,1.0,1.0,1.0,7.4578274e-11,0.005403974574299415,0.43720949425448213,0.3065634191751696,0.9933071490757153,0.1
295,0,1.0,1.0,0.4666666666666667,1.0,1.0,1.0,1.0,5.832543e-06,0.004291476475041869,0.4452808878397249,0.13596380383686973,0.9933071490757153,0.1
296,0,1.0,1.0,0.5,1.0,1.0,1.0,1.0,3.037502e-09,0.004263463525733132,0.43623242507817406,0.1,0.9933071490757153,0.1
297,0,1.0,1.0,0.43333333333333335,1.0,0.0,1.0,1.0,9.654399e-08,0.003763285510685971,0.4891174827677656,0.1,0.9933071490757153,0.1
298,0,1.0,1.0,0.4,1.0,0.0,1.0,1.0,2.3088788e-14,0.004916634026715016,0.4901855481763544,0.10781746698798,0.9933071490757153,0.1
299,0,0.0,1.0,0.4,1.0,0.0,0.0,1.0,0.93813497,0.004826008756127374,0.49101547430670905,0.16163393897482517,0.9933071490757153,0.1
300,0,1.0,1.0,0.5,1.0,1.0,1.0,1.0,7.167338e-18,0.003609403333238995,0.4363915421754656,0.1,0.9933071490757153,0.1
301,0,1.0,1.0,0.48333333333333334,1.0,1.0,1.0,1.0,0.0069871573,0.004540079669933013,0.4457190255677349,0.11896405466708115,0.9933071490757153,0.1
302,0,1.0,1.0,0.4,1.0,0.0,1.0,1.0,4.0901227e-07,0.005842758882949436,0.49624139097607284,0.24811155026749385,0.9933071490757153,0.1
303,0,1.0,1.0,0.4,1.0,0.0,1.0,1.0,0.00018356933,0.0034934644475593485,0.517102066833943,0.39369066730288405,0.9933071490757153,0.1
304,0,0.0,1.0,0.36666666666666664,0.0,0.0,0.0,1.0,1.0,0.003865766283746236,0.5318220179326644,0.1,0.9933071490757153,0.1
305,0,1.0,1.0,0.45,1.0,1.0,1.0,1.0,0.006732571,0.0035473579325584134,0.4590072487250394,0.1290343591185756,0.9933071490757153,0.1
306,0,1.0,1.0,0.48333333333333334,1.0,1.0,1.0,1.0,2.3585368e-12,0.004697940339622343,0.4471386556589381,0.1,0.9933071490757153,0.1
307,0,1.0,1.0,0.31666666666666665,1.0,0.0,1.0,1.0,9.6943016e-14,0.005428403163107429,0.5371736480896946,0.9931472544855745,0.9933071490757153,0.1
308,0,1.0,1.0,0.38333333333333336,1.0,0.0,1.0,1.0,2.9690364e-08,0.004050353342207854,0.5160693485865411,0.272012605363357,0.9933071490757153,0.1
309,0,1.0,1.0,0.3333333333333333,1.0,0.0,1.0,1.0,0.0001285051,0.004874304722347141,0.5726648053009543,0.6748913228065615,0.9933071490757153,0.1
310,0,1.0,1.0,0.4,1.0,0.0,1.0,1.0,2.4959616e-06,0.006454544973060176,0.5076508378867532,0.4049169786436076,0.9933071490757153,0.1
311,0,1.0,1.0,0.5,1.0,1.0,1.0,1.0,2.0540371e-14,0.004522467274778793,0.4396772318890718,0.1,0.9933071490757153,0.1
312,0,1.0,1.0,0.4,1.0,0.0,1.0,1.0,3.5104023e-07,0.004798603029102842,0.4877341550067807,0.1826126264473682,0.9933071490757153,0.1
313,0,1.0,1.0,0.43333333333333335,1.0,0.0,1.0,1.0,0.0061957547,0.004756215260328559,0.47495689746939274,0.3544184634242344,0.9933071490757153,0.1
314,0,1.0,1.0,0.4,1.0,0.0,1.0,1.0,0.00026771755,0.004758610307066036,0.4793262859978432,0.22043929589419842,0.9933071490757153,0.1
315,0,1.0,1.0,0.45,1.0,1.0,1.0,1.0,5.438867e-12,0.0034429194611464496,0.46767461371470814,0.20147766920364504,0.9933071490757153,0.1
316,0,1.0,1.0,0.3333333333333333,1.0,0.0,1.0,1.0,0.0023153354,0.0038126822017596484,0.5721502773980983,0.14889617916424755,0.9933071490757153,0.1
317,0,1.0,1.0,0.43333333333333335,1.0,0.0,1.0,1.0,0.05461464,0.004103116075488284,0.4893158969335399,0.19832173086222968,0.9933071490757153,0.1
318,0,1.0,0.9833333333333333,0.36666666666666664,1.0,0.0,0.0,1.0,5.493339e-09,0.2686419489065009,0.5471813308895427,0.13338673907923426,0.9933071490757153,0.1
319,1,0.0,1.0,0.4166666666666667,0.0,0.0,0.0,1.0,0.00027865672,0.9999999861762361,0.43313425227620406,0.1,0.9933071490757153,0.1
320,1,0.0,1.0,0.4166666666666667,0.0,0.0,0.0,1.0,2.5264934e-11,0.9999999925248126,0.4290622322855607,0.1,0.9933071490757153,0.1
321,1,1.0,1.0,0.38333333333333336,1.0,0.0,1.0,1.0,1.0,0.9999999776865423,0.40184842462479625,0.1,0.9933071490757153,0.1
322,1,1.0,1.0,0.3333333333333333,1.0,0.0,1.0,1.0,0.99999464,0.9999999383531107,0.3662346983298418,0.7452731636253004,0.9933071490757153,0.1
323,1,0.0,1.0,0.4166666666666667,0.0,0.0,0.0,1.0,1.3717377e-07,0.9999998697186313,0.4223158862952525,0.3357932155254515,0.9933071490757153,0.1
324,1,1.0,1.0,0.43333333333333335,1.0,0.0,1.0,1.0,0.9999875,0.99999991183521,0.43432067805882685,0.9263631343479233,0.9933071490757153,0.1
325,1,0.0,1.0,0.36666666666666664,0.0,0.0,0.0,1.0,6.9808856e-16,0.9999999555053767,0.38994601068023127,0.1,0.9933071490757153,0.1
326,1,1.0,1.0,0.4166666666666667,1.0,0.0,1.0,1.0,0.9999957,0.9999999764224012,0.4231266837189747,0.47143310515717574,0.9933071490757153,0.1
327,0,1.0,0.9833333333333333,0.5166666666666667,1.0,0.0,0.0,1.0,5.566115e-07,0.485567515901759,0.5350929921962376,0.1,0.9933071490757153,0.1
328,1,1.0,0.9833333333333333,0.45,1.0,0.0,1.0,1.0,1.0,0.9037709441443025,0.4028321601128701,0.17100334601025305,0.9933071490757153,0.1
329,1,0.0,1.0,0.4666666666666667,0.0,0.0,0.0,1.0,0.051407326,0.9999999999995619,0.4387789358643792,0.23631842440194498,0.9933071490757153,0.1
330,1,1.0,1.0,0.43333333333333335,1.0,0.0,0.0,1.0,0.87827057,0.9999999999990558,0.4103522596548694,0.29523804866587994,0.9933071490757153,0.1
331,1,0.0,1.0,0.4,0.0,0.0,0.0,1.0,2.959787e-15,0.9999999999994593,0.37212830453768025,0.1,0.9933071490757153,0.1
332,1,1.0,1.0,0.43333333333333335,1.0,0.0,1.0,1.0,0.99998283,0.9999999999993368,0.41356181572564277,0.21137650810424358,0.9933071490757153,0.1
333,1,0.0,1.0,0.36666666666666664,0.0,0.0,0.0,1.0,6.7747954e-09,0.9999999999992151,0.3762830531858957,0.9018193319442438,0.9933071490757153,0.1
334,1,0.0,1.0,0.35,0.0,0.0,0.0,1.0,0.019385561,0.9999999999968696,0.33821671425586314,0.1,0.9933071490757153,0.1
335,1,0.0,1.0,0.4666666666666667,0.0,0.0,0.0,1.0,0.010477611,0.9999999999969784,0.4345305540460579,0.10008600845579162,0.9933071490757153,0.1
336,1,0.0,1.0,0.43333333333333335,0.0,0.0,0.0,1.0,2.2910655e-05,0.9999999999964194,0.43501161698334845,0.1659686059015936,0.9933071490757153,0.1
337,1,1.0,1.0,0.48333333333333334,1.0,0.0,0.0,1.0,0.87827057,0.9999999999985262,0.4579200392950603,0.29523804866587994,0.9933071490757153,0.1
338,1,0.0,1.0,0.5,0.0,0.0,0.0,1.0,2.9160705e-05,0.9999999999987164,0.460978928814635,0.1,0.9933071490757153,0.1
339,1,0.0,1.0,0.45,0.0,0.0,0.0,1.0,2.1553613e-10,0.9999999999998607,0.4412704563252487,0.14101771900608315,0.9933071490757153,0.1
340,1,0.0,1.0,0.4,0.0,0.0,0.0,1.0,1.4351018e-09,0.9999999999999243,0.37112631891480746,0.1,0.9933071490757153,0.1
341,1,1.0,1.0,0.48333333333333334,1.0,0.0,1.0,1.0,1.0,0.9999999999999171,0.457829470252598,0.9856532815770707,0.9933071490757153,0.1
342,1,0.0,1.0,0.43333333333333335,0.0,0.0,0.0,1.0,4.900623e-09,0.9999999999999639,0.4241625173775812,0.1,0.9933071490757153,0.1
343,1,0.0,1.0,0.5,0.0,0.0,0.0,1.0,1.5238856e-10,0.9999999999999672,0.4540253209754971,0.1,0.9933071490757153,0.1
344,1,0.0,1.0,0.5166666666666667,0.0,0.0,0.0,1.0,2.451942e-09,0.99999999999997,0.4741563677779614,0.1298599764353217,0.9933071490757153,0.1
345,0,1.0,1.0,0.48333333333333334,1.0,0.0,1.0,1.0,8.613169e-10,0.11570240997646998,0.47997461610344117,0.3883222714619123,0.9933071490757153,0.1
346,0,1.0,1.0,0.35,1.0,0.0,1.0,1.0,5.146722e-13,0.007229868438484912,0.5275397143747962,0.1,0.9933071490757153,0.1
347,0,1.0,1.0,0.5,1.0,1.0,1.0,1.0,3.2687158e-06,0.0058922139755301075,0.41476972816404584,0.23155008882979064,0.9933071490757153,0.1
348,0,0.0,1.0,0.5166666666666667,1.0,0.0,0.0,1.0,0.98789585,0.003885236953833528,0.3987221534040353,0.1,0.9933071490757153,0.1
349,0,1.0,1.0,0.31666666666666665,1.0,0.0,1.0,1.0,7.3312025e-12,0.004608817571690723,0.5609001420746988,0.16401442496860616,0.9933071490757153,0.1
350,0,1.0,1.0,0.4666666666666667,1.0,1.0,1.0,1.0,1.8441529e-12,0.0038960300920488477,0.4523704885806072,0.15702225093188882,0.9933071490757153,0.1
351,0,1.0,1.0,0.38333333333333336,1.0,0.0,1.0,1.0,1.5302685e-12,0.006012534822116609,0.5183521125097736,0.1,0.9933071490757153,0.1
352,0,1.0,1.0,0.35,1.0,0.0,1.0,1.0,3.8039992e-13,0.004350499352539892,0.5376641091998541,0.6136416292544432,0.9933071490757153,0.1
353,0,1.0,1.0,0.43333333333333335,1.0,0.0,1.0,1.0,4.075011e-06,0.004788649934758122,0.4781983315660474,0.13380532920151314,0.9933071490757153,0.1
354,0,1.0,1.0,0.4,1.0,0.0,1.0,1.0,2.05354e-06,0.004588946835894349,0.4879140018782614,0.27335035508653094,0.9933071490757153,0.1
355,0,1.0,1.0,0.38333333333333336,1.0,0.0,1.0,1.0,9.756793e-11,0.004322714236707433,0.49670008812928224,0.1687616815094207,0.9933071490757153,0.1
356,0,1.0,1.0,0.38333333333333336,1.0,0.0,1.0,1.0,4.3185963e-08,0.0030847782272200664,0.49658096699486437,0.1528078768045594,0.9933071490757153,0.1
357,0,1.0,1.0,0.35,1.0,0.0,1.0,1.0,0.027386282,0.003592017886682527,0.5306955712529138,0.4616189514304941,0.9933071490757153,0.1
358,0,1.0,1.0,0.4166666666666667,1.0,0.0,1.0,1.0,1.9574639e-08,0.0035492312275686474,0.4866066619506993,0.1,0.9933071490757153,0.1
359,0,0.0,1.0,0.38333333333333336,0.0,0.0,0.0,1.0,0.9999721,0.0035238485532873643,0.526768947292276,0.1,0.9933071490757153,0.1
360,0,1.0,1.0,0.4166666666666667,1.0,0.0,0.0,1.0,0.35420656,0.003267901249134432,0.47818743749076004,0.250608435030686,0.9933071490757153,0.1
361,0,1.0,1.0,0.3,1.0,0.0,1.0,1.0,0.0033307374,0.003530291101334429,0.5681524847476535,0.11072649288054781,0.9933071490757153,0.1
362,0,1.0,1.0,0.35,1.0,0.0,0.0,1.0,0.36951706,0.005269909712626948,0.5405317914363039,0.25426982684223126,0.9933071490757153,0.1
363,0,1.0,1.0,0.35,1.0,0.0,1.0,1.0,0.00044938808,0.004495767408490763,0.5411700068300076,0.22090942739449185,0.9933071490757153,0.1
364,0,1.0,1.0,0.5166666666666667,1.0,1.0,1.0,1.0,1.2259355e-16,0.0041266453422226885,0.4160631758566404,0.1,0.9933071490757153,0.1
365,0,1.0,1.0,0.35,1.0,0.0,1.0,1.0,1.7598128e-06,0.0047432984287072814,0.5451065662231722,0.23320743291068485,0.9933071490757153,0.1
366,0,1.0,1.0,0.38333333333333336,1.0,0.0,1.0,1.0,4.5269557e-05,0.004620730553415266,0.5227821393173194,0.2739112098635186,0.9933071490757153,0.1
367,0,1.0,1.0,0.4,1.0,0.0,1.0,1.0,0.057294466,0.003070200617598029,0.4942807209870302,0.9732720344081978,0.9933071490757153,0.1
368,0,1.0,1.0,0.4666666666666667,1.0,1.0,1.0,1.0,2.4421358e-09,0.0040371755065062185,0.4553662087027604,0.9990696420423293,0.9933071490757153,0.1
369,0,1.0,1.0,0.31666666666666665,1.0,0.0,1.0,1.0,1.954181e-12,0.00515680500884346,0.5626761998970446,0.3979570536580008,0.9933071490757153,0.1
370,0,1.0,1.0,0.5166666666666667,1.0,1.0,1.0,1.0,9.959032e-05,0.006007377503198431,0.41400413049824797,0.1,0.9933071490757153,0.1
371,0,1.0,1.0,0.36666666666666664,1.0,0.0,1.0,1.0,1.0577241e-06,0.0030337633553183707,0.5277782755444732,0.7298045654573858,0.9933071490757153,0.1
372,0,1.0,1.0,0.48333333333333334,1.0,1.0,1.0,1.0,7.491455e-12,0.0046579565040496635,0.44671718836920754,0.33130307563114386,0.9933071490757153,0.1
373,0,1.0,1.0,0.5,1.0,1.0,1.0,1.0,3.5752947e-08,0.006466971117793844,0.4256605556427362,0.3776489953224282,0.9933071490757153,0.1
374,0,1.0,1.0,0.4666666666666667,1.0,1.0,1.0,1.0,2.1880276e-06,0.003906715433029551,0.4544585654080176,0.24316542443136935,0.9933071490757153,0.1
375,0,1.0,1.0,0.4166666666666667,1.0,1.0,1.0,1.0,3.6106425e-07,0.00381519118624564,0.4649669509550539,0.5657090304339913,0.9933071490757153,0.1
376,0,1.0,1.0,0.55,1.0,0.0,0.0,1.0,0.31717932,0.0035686621305143803,0.3883245697086778,0.5663644947670546,0.9933071490757153,0.1
377,0,1.0,1.0,0.35,1.0,0.0,1.0,1.0,3.9037875e-09,0.0034332220375152558,0.5316554220717967,0.9992821007550348,0.9933071490757153,0.1
378,0,1.0,1.0,0.48333333333333334,1.0,1.0,1.0,1.0,0.00096696627,0.0036656147835496655,0.45396115098502055,0.24259374295192765,0.9933071490757153,0.1
379,0,1.0,1.0,0.3,1.0,0.0,0.0,1.0,0.09623007,0.0033055066532523473,0.5820855866717334,0.2669833103636928,0.9933071490757153,0.1
380,1,0.0,1.0,0.5,1.0,0.0,0.0,1.0,1.4647966e-10,0.6446238604366062,0.5000353429351247,0.10569759715089425,0.9933071490757153,0.1
381,1,1.0,1.0,0.5166666666666667,1.0,0.0,1.0,1.0,0.99999213,0.994808037063845,0.5201370438229702,0.9086617698191285,0.9933071490757153,0.1
382,1,1.0,1.0,0.4666666666666667,1.0,0.0,1.0,1.0,1.0,0.9948396902146037,0.46178784764626973,0.5992888007205438,0.9933071490757153,0.1
383,1,1.0,1.0,0.4,1.0,0.0,0.0,1.0,0.83444583,0.9948039533554446,0.4082588660980748,0.5060146762292803,0.9933071490757153,0.1
384,1,1.0,1.0,0.4666666666666667,1.0,0.0,1.0,1.0,0.999861,0.994818807614595,0.46010034256654025,0.9141599290089406,0.9933071490757153,0.1
385,1,0.0,1.0,0.43333333333333335,0.0,0.0,0.0,1.0,2.6034174e-08,0.994825559001532,0.4488791564966534,0.2929295135047478,0.9933071490757153,0.1
386,1,1.0,1.0,0.36666666666666664,1.0,0.0,1.0,1.0,1.0,0.9948216858546207,0.36630883562653227,0.1,0.9933071490757153,0.1
387,1,0.0,1.0,0.4,0.0,0.0,0.0,1.0,7.360962e-12,0.99480180688141,0.4070926996487917,0.10533018463101393,0.9933071490757153,0.1
388,1,1.0,1.0,0.4666666666666667,1.0,0.0,1.0,1.0,1.0,0.9948357030950322,0.47549084529550983,0.1,0.9933071490757153,0.1
389,1,0.0,1.0,0.5,1.0,0.0,0.0,1.0,1.9146812e-08,0.9948327537188858,0.5046273354522193,0.44022198350069836,0.9933071490757153,0.1
390,1,0.0,1.0,0.48333333333333334,0.0,0.0,0.0,1.0,7.728316e-08,0.994789229269091,0.48780787585551716,0.7322228243630095,0.9933071490757153,0.1
391,1,0.0,1.0,0.3333333333333333,0.0,0.0,0.0,1.0,4.8441545e-10,0.9947915600397454,0.3663261003627552,0.2735041011634704,0.9933071490757153,0.1
392,1,0.0,1.0,0.5333333333333333,1.0,0.0,0.0,1.0,0.00039370428,0.9947779895234543,0.5346735265079307,0.6374785898708896,0.9933071490757153,0.1
393,1,0.0,1.0,0.45,0.0,0.0,0.0,1.0,2.6154332e-11,0.9948056927618595,0.4569261392143694,0.1,0.9933071490757153,0.1
394,1,0.0,1.0,0.38333333333333336,0.0,0.0,0.0,1.0,1.5429673e-06,0.9948301706837956,0.4172015357188054,0.5788721893629614,0.9933071490757153,0.1
395,1,0.0,1.0,0.45,0.0,0.0,0.0,1.0,9.474074e-05,0.9947533259455421,0.4593465781931417,0.736946150671004,0.9933071490757153,0.1
396,1,0.0,1.0,0.4166666666666667,0.0,0.0,0.0,1.0,4.3070553e-08,0.9947669180153641,0.42641174193410597,0.18842745580291728,0.9933071490757153,0.1
397,1,0.0,1.0,0.4666666666666667,0.0,0.0,0.0,1.0,2.9266439e-15,0.994805390074151,0.4611418664929926,0.1,0.9933071490757153,0.1
398,1,0.0,1.0,0.4166666666666667,0.0,0.0,0.0,1.0,1.7532214e-11,0.9947515252477888,0.4351570331391035,0.7492118925690797,0.9933071490757153,0.1
399,1,0.0,1.0,0.38333333333333336,0.0,0.0,0.0,1.0,1.0652853e-10,0.9947715397853727,0.4098586363905182,0.1,0.9933071490757153,0.1
400,1,0.0,1.0,0.4666666666666667,0.0,0.0,0.0,1.0,7.896714e-18,0.9947081766128012,0.4949904188213996,0.10633020413471442,0.9933071490757153,0.1
401,1,0.0,1.0,0.38333333333333336,0.0,0.0,0.0,1.0,0.005354708,0.9946316285840314,0.3969060120173494,0.7456080200857192,0.9933071490757153,0.1
402,1,1.0,1.0,0.38333333333333336,1.0,0.0,1.0,1.0,0.99996626,0.9945779743714759,0.4125760223186125,0.35808972851750964,0.9933071490757153,0.1
403,1,0.0,1.0,0.4166666666666667,0.0,0.0,0.0,1.0,3.7393194e-10,0.9945340817394462,0.43230712936747134,0.1,0.9933071490757153,0.1
404,1,0.0,1.0,0.38333333333333336,0.0,0.0,0.0,1.0,4.160393e-15,0.9944966708140386,0.4087828213359001,0.1,0.9933071490757153,0.1
405,1,0.0,1.0,0.36666666666666664,0.0,0.0,0.0,1.0,0.26660284,0.9143152447393359,0.368019018447506,0.2787400408622918,0.9933071490757153,0.1
406,1,0.0,1.0,0.36666666666666664,0.0,0.0,0.0,1.0,6.2978796e-09,0.9999999999999697,0.4046961245325017,0.10960301321431964,0.9933071490757153,0.1
407,1,1.0,1.0,0.4166666666666667,1.0,0.0,1.0,1.0,0.9511587,0.99999999999997,0.43560010490013384,0.8016973306775083,0.9933071490757153,0.1
408,1,1.0,1.0,0.4666666666666667,1.0,0.0,1.0,1.0,1.0,0.99999999999997,0.49404678325768214,0.1,0.9933071490757153,0.1
409,1,0.0,1.0,0.5166666666666667,1.0,0.0,0.0,1.0,0.04537883,0.99999999999997,0.5290719973098568,0.5739723375084432,0.9933071490757153,0.1
410,1,0.0,1.0,0.43333333333333335,0.0,0.0,0.0,1.0,4.77657e-11,0.9999999999999651,0.4556979709941011,0.1,0.9933071490757153,0.1
411,1,1.0,1.0,0.4666666666666667,1.0,0.0,1.0,1.0,1.0,0.99999999999997,0.48255482357250046,0.16336723947543177,0.9933071490757153,0.1
412,1,0.0,1.0,0.5833333333333334,1.0,0.0,0.0,1.0,3.316801e-16,0.99999999999997,0.5821967366876589,0.1,0.9933071490757153,0.1
413,0,1.0,0.9833333333333333,0.4166666666666667,1.0,0.0,0.0,1.0,6.6403666e-12,0.22578700951371963,0.5420082118914097,0.1,0.9933071490757153,0.1
414,0,0.0,1.0,0.38333333333333336,0.0,0.0,0.0,1.0,0.99999714,0.005792076949849399,0.5057705285490076,0.1,0.9933071490757153,0.1
415,0,1.0,1.0,0.55,1.0,1.0,1.0,1.0,1.9677056e-05,0.0058388864833496205,0.3946942764098761,0.31070325001130294,0.9933071490757153,0.1
416,0,0.0,1.0,0.4666666666666667,1.0,0.0,0.0,1.0,1.0,0.003571475961033071,0.4623494120312752,0.1,0.9933071490757153,0.1
417,0,1.0,1.0,0.4666666666666667,1.0,1.0,1.0,1.0,1.3257885e-07,0.003318032639223671,0.459103372531235,0.1,0.9933071490757153,0.1
418,0,0.0,1.0,0.35,0.0,0.0,0.0,1.0,0.5482847,0.004415384254454604,0.5385792679187607,0.1328345727315487,0.9933071490757153,0.1
419,0,1.0,1.0,0.48333333333333334,1.0,1.0,1.0,1.0,7.994033e-11,0.0035901457136422216,0.45212386854137365,0.1,0.9933071490757153,0.1
420,0,1.0,1.0,0.48333333333333334,1.0,1.0,1.0,1.0,0.0057600173,0.004395122818174108,0.44823599660290475,0.25649604459835657,0.9933071490757153,0.1
421,0,1.0,1.0,0.3333333333333333,1.0,0.0,1.0,1.0,8.3806094e-07,0.004369138325886302,0.560468630876575,0.6627081870297776,0.9933071490757153,0.1
422,0,1.0,1.0,0.4,1.0,0.0,1.0,1.0,0.002681743,0.004130980197410932,0.48175464054079103,0.2620116218582305,0.9933071490757153,0.1
423,0,1.0,1.0,0.38333333333333336,1.0,0.0,1.0,1.0,0.000110126,0.005073463363319907,0.5061181862029457,0.574491970751621,0.9933071490757153,0.1
424,0,1.0,1.0,0.45,1.0,0.0,1.0,1.0,2.0719053e-10,0.0034095650626168516,0.4739066843272831,0.9971751135085393,0.9933071490757153,0.1
425,0,1.0,1.0,0.43333333333333335,1.0,0.0,1.0,1.0,3.3012145e-22,0.004951849609083909,0.48396040841232213,0.1,0.9933071490757153,0.1
426,0,1.0,1.0,0.3,1.0,0.0,1.0,1.0,1.3183351e-14,0.003730380927106586,0.5752542467857099,0.19036576181169357,0.9933071490757153,0.1
427,0,1.0,1.0,0.48333333333333334,1.0,1.0,1.0,1.0,0.01991724,0.004611983205755442,0.4291139455911369,0.3830839166392295,0.9933071490757153,0.1
428,0,1.0,1.0,0.45,1.0,0.0,1.0,1.0,9.744863e-09,0.004393802954549815,0.4759857928111128,0.1764708812290923,0.9933071490757153,0.1
429,0,1.0,1.0,0.5166666666666667,1.0,1.0,1.0,1.0,1.560287e-08,0.004085834376233439,0.4224062794793994,0.17154832607533427,0.9933071490757153,0.1
430,0,1.0,1.0,0.43333333333333335,1.0,0.0,1.0,1.0,0.03133091,0.004346994329038314,0.46057154089820623,0.1,0.9933071490757153,0.1
431,0,0.0,1.0,0.31666666666666665,0.0,0.0,0.0,1.0,1.0,0.0033491766159894623,0.5555136185747834,0.1,0.9933071490757153,0.1
432,0,1.0,1.0,0.38333333333333336,1.0,0.0,1.0,1.0,0.0014427829,0.0037380098880659784,0.5232586616606675,0.29322530640310285,0.9933071490757153,0.1
433,0,1.0,1.0,0.45,1.0,0.0,1.0,1.0,0.10339617,0.004507296329470718,0.45322396547412663,0.4986736495244084,0.9933071490757153,0.1
434,0,1.0,1.0,0.38333333333333336,1.0,0.0,1.0,1.0,0.00088266394,0.003551360031896378,0.5106003276269145,0.41548385290552076,0.9933071490757153,0.1
435,0,1.0,1.0,0.35,1.0,0.0,1.0,1.0,0.03613695,0.0042128200188879346,0.5124960674417887,0.12457241774784875,0.9933071490757153,0.1
436,0,1.0,1.0,0.4,1.0,0.0,1.0,1.0,1.0367063e-08,0.005133605091102071,0.5115250348978672,0.4439136511718502,0.9933071490757153,0.1
437,0,1.0,1.0,0.43333333333333335,1.0,0.0,1.0,1.0,0.00033633146,0.003537116208994519,0.48727676251298824,0.26580767914113074,0.9933071490757153,0.1
438,0,0.0,1.0,0.4,1.0,0.0,0.0,1.0,1.0,0.005158251038158567,0.48522105050319103,0.1,0.9933071490757153,0.1
439,0,1.0,1.0,0.43333333333333335,1.0,0.0,1.0,1.0,4.985283e-05,0.004367103800122749,0.4777048429560027,0.7855885723072531,0.9933071490757153,0.1
440,0,1.0,1.0,0.36666666666666664,1.0,0.0,1.0,1.0,8.225421e-06,0.004638515020723883,0.5377522830447801,0.3931918851945396,0.9933071490757153,0.1
441,0,1.0,1.0,0.45,1.0,0.0,1.0,1.0,1.297325e-13,0.004593541397062887,0.4710860238779267,0.1311519718225145,0.9933071490757153,0.1
442,0,1.0,1.0,0.38333333333333336,1.0,0.0,1.0,1.0,3.5321022e-17,0.0035961329893543425,0.5105072988899962,0.1,0.9933071490757153,0.1
443,0,1.0,1.0,0.36666666666666664,1.0,0.0,1.0,1.0,1.7142136e-10,0.004401972808995707,0.5240073748867772,0.17263680960071776,0.9933071490757153,0.1
444,0,1.0,1.0,0.4,1.0,0.0,1.0,1.0,8.101953e-09,0.0040613058105899436,0.5184921351594406,0.1,0.9933071490757153,0.1
445,0,1.0,1.0,0.38333333333333336,1.0,0.0,1.0,1.0,4.2570508e-05,0.004404030642074284,0.5202967526060551,0.2868639271727691,0.9933071490757153,0.1
446,0,1.0,1.0,0.5,1.0,1.0,1.0,1.0,1.586677e-10,0.004992997553452976,0.425818629412452,0.1,0.9933071490757153,0.1
447,0,1.0,1.0,0.5333333333333333,1.0,1.0,1.0,1.0,5.9997794e-05,0.004221018452971463,0.4082807224514028,0.20151549941160418,0.9933071490757153,0.1
448,0,1.0,1.0,0.43333333333333335,1.0,0.0,1.0,1.0,7.994033e-11,0.004302826027628296,0.4708118172917936,0.1,0.9933071490757153,0.1
449,0,0.0,1.0,0.25,0.0,0.0,0.0,1.0,1.0,0.0061116669815596955,0.6127871749527198,0.1,0.9933071490757153,0.1
450,0,1.0,1.0,0.5166666666666667,1.0,1.0,1.0,1.0,2.4900055e-07,0.0036933639821994575,0.43954263972991314,0.1,0.9933071490757153,0.1
451,0,1.0,1.0,0.4166666666666667,1.0,0.0,1.0,1.0,6.45188e-09,0.003175637040060815,0.5059488434774952,0.9810567264548397,0.9933071490757153,0.1
452,0,1.0,1.0,0.36666666666666664,1.0,0.0,1.0,1.0,5.0966875e-09,0.003888026022335868,0.5482365391152862,0.999916895890452,0.9933071490757153,0.1
453,0,1.0,1.0,0.43333333333333335,1.0,0.0,1.0,1.0,1.8038135e-11,0.003581396188339057,0.48654644185246754,0.15848131307044527,0.9933071490757153,0.1
454,0,1.0,1.0,0.43333333333333335,1.0,0.0,1.0,1.0,0.0018474285,0.0037385461739184887,0.4768341493830736,0.11222409572427772,0.9933071490757153,0.1
455,0,1.0,1.0,0.5,1.0,1.0,1.0,1.0,1.7658465e-15,0.004409918319162828,0.4292376592854104,0.9581016502567115,0.9933071490757153,0.1
456,0,1.0,1.0,0.48333333333333334,1.0,1.0,1.0,1.0,6.002219e-07,0.005282081445901977,0.42157764890072846,0.2811447548441214,0.9933071490757153,0.1
457,0,1.0,1.0,0.4,1.0,0.0,1.0,1.0,9.686773e-19,0.0048307695994717955,0.5129780432420475,0.12136030360656595,0.9933071490757153,0.1
458,0,1.0,1.0,0.3,1.0,0.0,1.0,1.0,5.493339e-09,0.006048571625233695,0.5696096170450385,0.13338673907923426,0.9933071490757153,0.1
459,0,1.0,1.0,0.4166666666666667,1.0,0.0,1.0,1.0,1.7085282e-09,0.005740480131841411,0.48875107529231493,0.5830150664503309,0.9933071490757153,0.1
460,0,1.0,1.0,0.3333333333333333,1.0,0.0,1.0,1.0,7.0317895e-19,0.004494851039984763,0.5336714684035209,0.1,0.9933071490757153,0.1
461,0,1.0,1.0,0.35,1.0,0.0,1.0,1.0,0.0037979197,0.004376087901372955,0.5426377258902112,0.1,0.9933071490757153,0.1
462,0,0.0,1.0,0.4166666666666667,1.0,0.0,0.0,1.0,0.67221737,0.005694888188260226,0.4715904324978049,0.1,0.9933071490757153,0.1
463,0,1.0,1.0,0.4166666666666667,1.0,0.0,1.0,1.0,2.8489502e-09,0.005202348597438705,0.47840856108836244,0.22974004475294243,0.9933071490757153,0.1
464,1,0.0,1.0,0.45,0.0,0.0,0.0,1.0,5.2872418e-11,0.6508167824937149,0.4131746009130342,0.13887739455650955,0.9933071490757153,0.1
465,0,1.0,1.0,0.45,1.0,0.0,0.0,1.0,0.42073953,0.48549513338830536,0.3902338865741718,0.10888468413886858,0.9933071490757153,0.1
466,0,0.0,1.0,0.36666666666666664,0.0,0.0,0.0,1.0,0.99999964,0.003841892800550132,0.5120581283384408,0.1,0.9933071490757153,0.1
467,0,1.0,1.0,0.2833333333333333,1.0,0.0,1.0,1.0,0.0019694525,0.004917523368533576,0.5970875796780145,0.13505887770600603,0.9933071490757153,0.1
468,0,1.0,1.0,0.45,1.0,0.0,1.0,1.0,0.022382392,0.003667629248065216,0.46694368074382825,0.10137735886807582,0.9933071490757153,0.1
469,0,1.0,1.0,0.4,1.0,0.0,1.0,1.0,2.1553474e-07,0.004611288230846167,0.4964248051008439,0.11834779641852569,0.9933071490757153,0.1
470,0,1.0,1.0,0.43333333333333335,1.0,0.0,1.0,1.0,2.3148094e-14,0.004801986227509292,0.5077351842350678,0.1279285858655017,0.9933071490757153,0.1
471,1,1.0,1.0,0.5,1.0,0.0,1.0,1.0,1.0,0.983374474032826,0.4551718183432772,0.1,0.9933071490757153,0.1
472,1,0.0,1.0,0.3333333333333333,0.0,0.0,0.0,1.0,0.00027865672,0.9999999999996444,0.3371823616901763,0.1,0.9933071490757153,0.1
473,1,1.0,1.0,0.45,1.0,0.0,1.0,1.0,0.9999957,0.9999999999991342,0.4400219118556025,0.47143310515717574,0.9933071490757153,0.1
474,1,1.0,1.0,0.3333333333333333,1.0,0.0,1.0,1.0,0.99999964,0.9999999999990858,0.31783924730018337,0.3041217751866982,0.9933071490757153,0.1
475,1,1.0,1.0,0.5666666666666667,1.0,0.0,1.0,1.0,0.999845,0.9999999999995846,0.4868143045732257,0.45057235579393434,0.9933071490757153,0.1
476,1,1.0,1.0,0.35,1.0,0.0,1.0,1.0,0.9999558,0.9999999999999538,0.3525064801247735,0.1356424254939486,0.9933071490757153,0.1
477,1,1.0,1.0,0.5333333333333333,1.0,0.0,1.0,1.0,0.9973852,0.9999999999987901,0.5048722103635594,0.9504279247805282,0.9933071490757153,0.1
478,1,1.0,1.0,0.26666666666666666,1.0,0.0,0.0,1.0,0.96953905,0.9999999999989633,0.26361084854149447,0.8069657165936495,0.9933071490757153,0.1
479,1,0.0,1.0,0.4666666666666667,0.0,0.0,0.0,1.0,3.0716076e-13,0.9999999999985033,0.4483888156931535,0.1,0.9933071490757153,0.1
480,1,0.0,1.0,0.31666666666666665,0.0,0.0,0.0,1.0,0.00014888577,0.9999999999994544,0.3128527363586356,0.821126197328325,0.9933071490757153,0.1
481,1,1.0,1.0,0.5333333333333333,1.0,0.0,1.0,1.0,1.0,0.9999999999958705,0.4744072949029216,0.1,0.9933071490757153,0.1
482,1,0.0,1.0,0.48333333333333334,0.0,0.0,0.0,1.0,6.055137e-05,0.9999999999963396,0.4406313797519183,0.11604790840536279,0.9933071490757153,0.1
483,1,0.0,1.0,0.31666666666666665,0.0,0.0,0.0,1.0,8.525052e-05,0.9999999999954519,0.3320196205186758,0.16727356109688768,0.9933071490757153,0.1
484,1,1.0,1.0,0.4666666666666667,1.0,0.0,1.0,1.0,1.0,0.9999999999956224,0.4213082878902671,0.15632441780296405,0.9933071490757153,0.1
485,1,0.0,1.0,0.4,0.0,0.0,0.0,1.0,0.0005069835,0.9999999999948892,0.37512320408742883,0.4971042226112622,0.9933071490757153,0.1
486,1,1.0,1.0,0.5,1.0,0.0,1.0,1.0,1.0,0.9999999999976624,0.44726394411729026,0.1,0.9933071490757153,0.1
487,1,1.0,1.0,0.31666666666666665,1.0,0.0,1.0,1.0,1.0,0.9999999999783475,0.32624041812265964,0.9576294018990874,0.9933071490757153,0.1
488,1,1.0,1.0,0.38333333333333336,1.0,0.0,1.0,1.0,1.0,0.9999999999433645,0.36101866448155384,0.1,0.9933071490757153,0.1
489,1,1.0,1.0,0.43333333333333335,1.0,0.0,1.0,1.0,1.0,0.9999999999636849,0.41293164523291054,0.9856532815770707,0.9933071490757153,0.1
490,1,1.0,1.0,0.45,1.0,0.0,1.0,1.0,0.99954563,0.9999999997963346,0.3979063812139997,0.9864103640245755,0.9933071490757153,0.1
491,1,0.0,1.0,0.4166666666666667,0.0,0.0,0.0,1.0,6.51649e-08,0.9999999999978753,0.3810648401309727,0.6953230193556001,0.9933071490757153,0.1
492,1,1.0,1.0,0.43333333333333335,1.0,0.0,1.0,1.0,0.9999957,0.9999999999844483,0.4423503879817134,0.954318377590072,0.9933071490757153,0.1
493,1,1.0,1.0,0.31666666666666665,1.0,0.0,1.0,1.0,0.9998153,0.9999999991446429,0.31593424716726737,0.8533808444516179,0.9933071490757153,0.1
494,1,0.0,1.0,0.38333333333333336,0.0,0.0,0.0,1.0,1.3673382e-08,0.9999999942344235,0.37786530829592774,0.1,0.9933071490757153,0.1
495,1,1.0,1.0,0.48333333333333334,1.0,0.0,1.0,1.0,1.0,0.9999999945648512,0.46566342096371466,0.9880072087651545,0.9933071490757153,0.1
496,1,0.0,1.0,0.3333333333333333,0.0,0.0,0.0,1.0,1.02605595e-08,0.9999997390606732,0.33734442478125976,0.8449898795682121,0.9933071490757153,0.1
497,1,1.0,1.0,0.43333333333333335,1.0,0.0,1.0,1.0,1.0,0.9999998587581401,0.4034608201330875,0.1,0.9933071490757153,0.1
498,1,1.0,1.0,0.36666666666666664,1.0,0.0,1.0,1.0,1.0,0.9999999602819369,0.35966399566469565,0.1,0.9933071490757153,0.1
499,1,1.0,1.0,0.3333333333333333,1.0,0.0,1.0,1.0,0.97937727,0.9999999951761946,0.335359608777594,0.2592875149667235,0.9933071490757153,0.1
500,1,0.0,1.0,0.45,0.0,0.0,0.0,1.0,7.2891744e-06,0.9999999999072742,0.4086091636485862,0.13130237849715615,0.9933071490757153,0.1
501,1,1.0,1.0,0.35,1.0,0.0,1.0,1.0,1.0,0.9999999999157133,0.35159803876650003,0.9891844965313584,0.9933071490757153,0.1
502,1,1.0,1.0,0.4666666666666667,1.0,0.0,1.0,1.0,1.0,0.9999999997096073,0.45765754810386083,0.8950893076990338,0.9933071490757153,0.1
503,1,1.0,1.0,0.43333333333333335,1.0,0.0,1.0,1.0,1.0,0.9999999978174843,0.41950946615355683,0.1,0.9933071490757153,0.1
504,1,0.0,1.0,0.45,0.0,0.0,0.0,1.0,1.0145123e-15,0.9999999982531597,0.4136468341672858,0.4788519700906597,0.9933071490757153,0.1
505,1,1.0,1.0,0.5,1.0,0.0,1.0,1.0,0.99999464,0.999999999405868,0.4764108574739765,0.7452731636253004,0.9933071490757153,0.1
506,1,1.0,1.0,0.4666666666666667,1.0,0.0,0.0,1.0,0.91324127,0.9999999998911036,0.44649720986121794,0.9749796532056192,0.9933071490757153,0.1
507,1,1.0,1.0,0.4166666666666667,1.0,0.0,1.0,1.0,0.95956486,0.99999999992505,0.4167379282284289,0.558641103419813,0.9933071490757153,0.1
508,1,0.0,1.0,0.4166666666666667,0.0,0.0,0.0,1.0,0.0094903335,0.9999999998895931,0.3922346354191487,0.1,0.9933071490757153,0.1
509,1,0.0,1.0,0.4166666666666667,0.0,0.0,0.0,1.0,2.451942e-09,0.9999999999782347,0.3972769223306604,0.1298599764353217,0.9933071490757153,0.1
510,1,0.0,1.0,0.5,0.0,0.0,0.0,1.0,5.0637855e-11,0.9999999999917684,0.4556283401770704,0.1,0.9933071490757153,0.1
511,1,1.0,1.0,0.48333333333333334,1.0,0.0,1.0,1.0,1.0,0.9999999999938486,0.42633362133351826,0.1,0.9933071490757153,0.1
512,1,0.0,1.0,0.38333333333333336,0.0,0.0,0.0,1.0,0.41501233,0.9999999997045982,0.3843204240758189,0.7913244907164054,0.9933071490757153,0.1
513,1,0.0,1.0,0.4666666666666667,0.0,0.0,0.0,1.0,3.432189e-11,0.9999999998538553,0.442562890552037,0.1794632617830649,0.9933071490757153,0.1
514,1,0.0,1.0,0.45,0.0,0.0,0.0,1.0,5.4776206e-10,0.9999999999635142,0.431476288527726,0.1,0.9933071490757153,0.1
515,1,1.0,1.0,0.36666666666666664,1.0,0.0,1.0,1.0,1.0,0.9999999999886925,0.33385363561481307,0.1,0.9933071490757153,0.1
516,1,1.0,1.0,0.45,1.0,0.0,1.0,1.0,0.9981918,0.9999999999827355,0.42751096262070726,0.7285304584232442,0.9933071490757153,0.1
517,1,1.0,1.0,0.38333333333333336,1.0,0.0,1.0,1.0,0.98316795,0.9999999999324763,0.378534234987428,0.2947941124378403,0.9933071490757153,0.1
518,1,0.0,1.0,0.43333333333333335,0.0,0.0,0.0,1.0,1.872586e-13,0.9999999988564025,0.39050531701476177,0.1,0.9933071490757153,0.1
519,1,0.0,1.0,0.45,0.0,0.0,0.0,1.0,1.5429673e-06,0.9999999986591452,0.4102756688865672,0.5788721893629614,0.9933071490757153,0.1
520,1,1.0,1.0,0.48333333333333334,1.0,0.0,1.0,1.0,1.0,0.9999999995555492,0.45219187268513317,0.8977002573149578,0.9933071490757153,0.1
521,1,0.0,1.0,0.4166666666666667,0.0,0.0,0.0,1.0,2.0790456e-11,0.9999999874692675,0.3935593315280495,0.1144916396797138,0.9933071490757153,0.1
522,1,0.0,1.0,0.45,0.0,0.0,0.0,1.0,3.666873e-07,0.9999999943891359,0.4324977642091081,0.42319075445591686,0.9933071490757153,0.1
523,1,1.0,1.0,0.38333333333333336,1.0,0.0,1.0,1.0,0.9971922,0.9999999990226561,0.3810572687954286,0.7890698367507994,0.9933071490757153,0.1
524,1,0.0,1.0,0.5,0.0,0.0,0.0,1.0,7.3894867e-13,0.9999999999609961,0.48347648836796936,0.1,0.9933071490757153,0.1
525,1,0.0,1.0,0.48333333333333334,0.0,0.0,0.0,1.0,1.473588e-07,0.9999999999426931,0.45771978262671836,0.1,0.9933071490757153,0.1
526,1,0.0,1.0,0.4666666666666667,0.0,0.0,0.0,1.0,0.0026781224,0.9999999999415317,0.4584552458152749,0.33996335427737745,0.9933071490757153,0.1
527,1,1.0,1.0,0.38333333333333336,1.0,0.0,1.0,1.0,1.0,0.9999999999841702,0.3812148653163544,0.9880072087651545,0.9933071490757153,0.1
528,1,0.0,1.0,0.26666666666666666,0.0,0.0,0.0,1.0,4.6897002e-14,0.9999999999916324,0.27099053636395193,0.1,0.9933071490757153,0.1
529,1,0.0,1.0,0.5166666666666667,0.0,0.0,0.0,1.0,0.0012625662,0.9999999999798935,0.4487784056412522,0.2587335940173495,0.9933071490757153,0.1
530,1,0.0,1.0,0.4,0.0,0.0,0.0,1.0,2.7698763e-07,0.9999999999439553,0.3679051831242457,0.3249940311877153,0.9933071490757153,0.1
531,1,0.0,1.0,0.4666666666666667,0.0,0.0,0.0,1.0,8.6489084e-14,0.9999999999396877,0.4269082689602876,0.1,0.9933071490757153,0.1
532,1,0.0,1.0,0.45,0.0,0.0,0.0,1.0,5.400503e-09,0.9999999999779318,0.41774903206039343,0.1658154332103128,0.9933071490757153,0.1
533,1,0.0,1.0,0.4666666666666667,0.0,0.0,0.0,1.0,1.4076873e-10,0.9999999999946073,0.4538946023061129,0.2764712648771785,0.9933071490757153,0.1
534,1,0.0,1.0,0.48333333333333334,0.0,0.0,0.0,1.0,5.5010446e-06,0.9999999999612278,0.4487786429895545,0.2603736641028306,0.9933071490757153,0.1
535,1,1.0,1.0,0.43333333333333335,1.0,0.0,1.0,1.0,1.0,0.9999999999601026,0.41726781424164333,0.1,0.9933071490757153,0.1
536,1,0.0,1.0,0.45,0.0,0.0,0.0,1.0,3.2762675e-11,0.9999999999631967,0.4339077084376771,0.10722147998855316,0.9933071490757153,0.1
537,1,1.0,1.0,0.5333333333333333,1.0,0.0,1.0,1.0,1.0,0.9999999999979575,0.48729813753645207,0.6185252649884465,0.9933071490757153,0.1
538,1,0.0,1.0,0.5,0.0,0.0,0.0,1.0,5.4776333e-13,0.9999999999992539,0.45924891716781685,0.7493468493159882,0.9933071490757153,0.1
539,1,1.0,1.0,0.4166666666666667,1.0,0.0,1.0,1.0,0.97199553,0.9999999999987633,0.38303068174761173,0.38262189062097346,0.9933071490757153,0.1
540,1,0.0,1.0,0.43333333333333335,0.0,0.0,0.0,1.0,1.1478744e-13,0.9999999999965092,0.39432218047191137,0.1554548423176019,0.9933071490757153,0.1
541,1,0.0,1.0,0.36666666666666664,0.0,0.0,0.0,1.0,6.3648895e-06,0.9999999999955071,0.3480977253942195,0.9784611124314346,0.9933071490757153,0.1
542,1,0.0,1.0,0.36666666666666664,0.0,0.0,0.0,1.0,0.019385561,0.9999999999738173,0.3517426837410086,0.1,0.9933071490757153,0.1
543,1,0.0,1.0,0.5333333333333333,0.0,0.0,0.0,1.0,0.0003731642,0.9999999998750987,0.4793345019923352,0.1,0.9933071490757153,0.1
544,1,0.0,1.0,0.4,0.0,0.0,0.0,1.0,6.920427e-10,0.9999999999954132,0.3797970404289138,0.1166736045912133,0.9933071490757153,0.1
545,1,0.0,1.0,0.55,0.0,0.0,0.0,1.0,0.287126,0.9999999999918426,0.48346516119418304,0.7233866117042462,0.9933071490757153,0.1
546,1,0.0,1.0,0.36666666666666664,0.0,0.0,0.0,1.0,1.6477555e-12,0.9999999977882722,0.37115500333376333,0.20647906368086677,0.9933071490757153,0.1
547,1,0.0,1.0,0.4,0.0,0.0,0.0,1.0,2.4410857e-11,0.999999999079996,0.3821645277024149,0.17255688823687645,0.9933071490757153,0.1
548,1,0.0,1.0,0.35,0.0,0.0,0.0,1.0,8.0111226e-05,0.9999999994146687,0.3646699899284235,0.709966342673797,0.9933071490757153,0.1
549,1,1.0,1.0,0.43333333333333335,1.0,0.0,1.0,1.0,0.9999957,0.9999999730007242,0.4115861984518098,0.6171802800981678,0.9933071490757153,0.1
550,1,0.0,1.0,0.35,0.0,0.0,0.0,1.0,1.3220366e-14,0.9999999990442667,0.36927598893641184,0.1,0.9933071490757153,0.1
551,1,1.0,1.0,0.38333333333333336,1.0,0.0,1.0,1.0,0.99999464,0.9999999996220138,0.3878562765229291,0.7452731636253004,0.9933071490757153,0.1
552,1,0.0,1.0,0.55,1.0,0.0,0.0,1.0,5.5010446e-06,0.9999999998570849,0.5211443373778228,0.2603736641028306,0.9933071490757153,0.1
553,1,0.0,1.0,0.4,0.0,0.0,0.0,1.0,4.8167655e-13,0.9999999999972976,0.3808850500415615,0.1,0.9933071490757153,0.1
554,1,0.0,1.0,0.45,0.0,0.0,0.0,1.0,1.4423168e-08,0.9999999999996578,0.419327133826678,0.6214528278699998,0.9933071490757153,0.1
555,1,0.0,1.0,0.3333333333333333,0.0,0.0,0.0,1.0,6.46696e-09,0.9999999999922298,0.33506636876129275,0.18490679983797367,0.9933071490757153,0.1
556,1,0.0,1.0,0.4,0.0,0.0,0.0,1.0,1.750935e-08,0.9999999999541437,0.3671513944951243,0.35930009994628964,0.9933071490757153,0.1
557,1,0.0,1.0,0.36666666666666664,0.0,0.0,0.0,1.0,2.433099e-05,0.9999999999840982,0.3491689158403594,0.19235006285810632,0.9933071490757153,0.1
558,1,0.0,1.0,0.3,0.0,0.0,0.0,1.0,2.5066958e-13,0.9999999999277739,0.30038622314126273,0.1,0.9933071490757153,0.1
559,1,0.0,1.0,0.5,0.0,0.0,0.0,1.0,8.0111226e-05,0.9999999999970188,0.45470037758431364,0.709966342673797,0.9933071490757153,0.1
560,1,0.0,1.0,0.4166666666666667,0.0,0.0,0.0,1.0,0.00095500465,0.999999999976327,0.40638206815906014,0.8848182762827808,0.9933071490757153,0.1
561,1,0.0,1.0,0.4666666666666667,0.0,0.0,0.0,1.0,6.067994e-15,0.9999999996100288,0.4499026717940512,0.1,0.9933071490757153,0.1
562,1,0.0,1.0,0.35,0.0,0.0,0.0,1.0,2.2855863e-14,0.9999999999093152,0.3486477424267865,0.12069672503070854,0.9933071490757153,0.1
563,1,1.0,1.0,0.45,1.0,0.0,1.0,1.0,1.0,0.9999999991930547,0.4113720783632806,0.1,0.9933071490757153,0.1
564,1,1.0,1.0,0.45,1.0,0.0,1.0,1.0,0.9999999,0.9999999995646943,0.4309215102762262,0.7805330504616163,0.9933071490757153,0.1
565,1,1.0,1.0,0.43333333333333335,1.0,0.0,1.0,1.0,0.999796,0.9999999999725159,0.4072900768983267,0.5900453466365779,0.9933071490757153,0.1
566,1,1.0,1.0,0.4,1.0,0.0,1.0,1.0,1.0,0.9999999999944759,0.4100567378123564,0.9709552300891859,0.9933071490757153,0.1
567,1,1.0,1.0,0.48333333333333334,1.0,0.0,1.0,1.0,0.9999999,0.9999999999592079,0.4757737948914154,0.9789147076523018,0.9933071490757153,0.1
568,1,1.0,1.0,0.38333333333333336,1.0,0.0,1.0,1.0,0.9965874,0.9999999999695468,0.37046042297838244,0.45600269375561553,0.9933071490757153,0.1
569,1,1.0,1.0,0.55,1.0,0.0,1.0,1.0,1.0,0.9999999999721021,0.5166670325696491,0.9497832481628843,0.9933071490757153,0.1
570,1,0.0,1.0,0.4666666666666667,0.0,0.0,0.0,1.0,6.471099e-11,0.9999999999386234,0.4311114227672884,0.17142988908569942,0.9933071490757153,0.1
571,1,1.0,1.0,0.45,1.0,0.0,1.0,1.0,1.0,0.9999999999959835,0.39900977187011755,0.1,0.9933071490757153,0.1
572,1,1.0,1.0,0.4,1.0,0.0,1.0,1.0,0.9997372,0.9999999999995094,0.39077051166970855,0.9585553913069828,0.9933071490757153,0.1
573,1,0.0,1.0,0.43333333333333335,0.0,0.0,0.0,1.0,8.2743827e-07,0.9999999999998094,0.4120802615210844,0.1,0.9933071490757153,0.1
574,1,0.0,1.0,0.4666666666666667,0.0,0.0,0.0,1.0,0.0045938985,0.9999999999999667,0.45043028393672685,0.9723431648074705,0.9933071490757153,0.1
575,1,1.0,1.0,0.5,1.0,0.0,1.0,1.0,0.9994011,0.99999999999997,0.46871952316994575,0.1858890956707001,0.9933071490757153,0.1
576,1,0.0,1.0,0.5,0.0,0.0,0.0,1.0,5.590786e-06,0.9999999999999676,0.46343354431085076,0.44006499374115504,0.9933071490757153,0.1
577,1,0.0,1.0,0.4,0.0,0.0,0.0,1.0,0.1453965,0.9999999999994277,0.39964682206257796,0.2139134881537777,0.9933071490757153,0.1
578,1,0.0,1.0,0.5333333333333333,0.0,0.0,0.0,1.0,1.2386192e-05,0.9999999999989628,0.4754478829943044,0.6778786621386507,0.9933071490757153,0.1
579,1,1.0,1.0,0.48333333333333334,1.0,0.0,1.0,1.0,0.9868001,0.9999999999924187,0.42054563076752155,0.8895976332551616,0.9933071490757153,0.1
580,1,1.0,1.0,0.38333333333333336,1.0,0.0,1.0,1.0,1.0,0.9999999999958658,0.37017110496646993,0.9605055702248276,0.9933071490757153,0.1
581,1,1.0,1.0,0.48333333333333334,1.0,0.0,1.0,1.0,0.9999957,0.9999999999669215,0.44708676369980194,0.47143310515717574,0.9933071490757153,0.1
582,1,0.0,1.0,0.5166666666666667,0.0,0.0,0.0,1.0,0.0034582238,0.9999999999880771,0.4900100791058747,0.8188972873400979,0.9933071490757153,0.1
583,1,0.0,1.0,0.4,0.0,0.0,0.0,1.0,1.3262716e-11,0.9999999999818695,0.3847622975280972,0.9667850416990702,0.9933071490757153,0.1
584,1,0.0,1.0,0.38333333333333336,0.0,0.0,0.0,1.0,3.3653774e-13,0.9999999988467547,0.3511440423781308,0.1,0.9933071490757153,0.1
585,0,1.0,0.9,0.35,1.0,0.0,0.0,1.0,7.735723e-11,0.35558609229596133,0.5767439755624761,0.20565446301889645,0.9933071490757153,0.1
586,0,1.0,1.0,0.4,1.0,0.0,1.0,1.0,2.1344863e-06,0.007579385068865458,0.4933664396794453,0.13942390830649906,0.9933071490757153,0.1
587,0,1.0,1.0,0.4,1.0,0.0,1.0,1.0,2.9993974e-08,0.004468584679473545,0.49868074640923626,0.5668985639274546,0.9933071490757153,0.1
588,0,1.0,1.0,0.2833333333333333,1.0,0.0,1.0,1.0,1.3257885e-07,0.003873968400335547,0.5930242731387108,0.1,0.9933071490757153,0.1
589,0,1.0,1.0,0.45,1.0,1.0,1.0,1.0,2.2611683e-19,0.0050909482410509185,0.46268371966936517,0.1000888797989951,0.9933071490757153,0.1
590,0,0.0,1.0,0.38333333333333336,0.0,0.0,0.0,1.0,0.85482097,0.0054106346350750205,0.5135211028023544,0.13737111056940363,0.9933071490757153,0.1
591,0,1.0,1.0,0.48333333333333334,1.0,1.0,1.0,1.0,1.519566e-07,0.005380787729621238,0.4283571140403127,0.1,0.9933071490757153,0.1
592,0,1.0,1.0,0.38333333333333336,1.0,0.0,1.0,1.0,0.0063146846,0.004397410497316544,0.5127084169151758,0.12925661420844997,0.9933071490757153,0.1
593,0,1.0,1.0,0.38333333333333336,1.0,0.0,1.0,1.0,2.4209148e-08,0.003965447910788267,0.5138696509589878,0.42818819720923645,0.9933071490757153,0.1
594,0,1.0,1.0,0.48333333333333334,1.0,1.0,1.0,1.0,1.6455272e-10,0.0033176787430602888,0.4404593073528764,0.3384153545899748,0.9933071490757153,0.1
595,0,1.0,1.0,0.43333333333333335,1.0,1.0,1.0,1.0,6.4760716e-05,0.0052313857541972705,0.4642957004498513,0.1,0.9933071490757153,0.1
596,0,1.0,1.0,0.38333333333333336,1.0,0.0,1.0,1.0,4.7344142e-06,0.004431686787528972,0.5219960814989858,0.21367043791844875,0.9933071490757153,0.1
597,0,1.0,1.0,0.45,1.0,1.0,1.0,1.0,2.5957105e-17,0.0038118866540014906,0.4594789318528046,0.1,0.9933071490757153,0.1
598,0,1.0,1.0,0.4166666666666667,1.0,0.0,1.0,1.0,3.5615625e-14,0.006805439810810778,0.4892083481874661,0.1,0.9933071490757153,0.1
599,0,1.0,1.0,0.4666666666666667,1.0,1.0,1.0,1.0,2.2069114e-06,0.004659944758262337,0.4553745308488629,0.930498490825296,0.9933071490757153,0.1
600,0,1.0,1.0,0.4666666666666667,1.0,1.0,1.0,1.0,1.1763239e-10,0.0030482984119450927,0.4420407241717644,0.1,0.9933071490757153,0.1
601,0,0.0,1.0,0.43333333333333335,1.0,0.0,0.0,1.0,0.8774382,0.0037417879046539736,0.48938221321075154,0.1432677073161149,0.9933071490757153,0.1
602,0,1.0,1.0,0.36666666666666664,1.0,0.0,1.0,1.0,1.4013541e-18,0.004847914972226865,0.5317574274203626,0.1,0.9933071490757153,0.1
603,0,0.0,1.0,0.45,1.0,0.0,0.0,1.0,1.0,0.004389919760458769,0.4553326222332078,0.1,0.9933071490757153,0.1
604,0,0.0,1.0,0.5166666666666667,1.0,0.0,0.0,1.0,1.0,0.0036866197966483752,0.42125487776566156,0.1,0.9933071490757153,0.1
605,0,1.0,1.0,0.45,1.0,0.0,1.0,1.0,7.676646e-07,0.0045256150301014545,0.47101152225712556,0.12198234926238713,0.9933071490757153,0.1
606,1,1.0,1.0,0.31666666666666665,1.0,0.0,0.0,1.0,1.0,0.783822041875826,0.3630000666927809,0.9861323896702582,0.9933071490757153,0.1
607,1,0.0,1.0,0.5166666666666667,1.0,0.0,0.0,1.0,3.5989454e-09,0.9999999792647555,0.5098985068816239,0.12435302879078312,0.9933071490757153,0.1
608,1,1.0,1.0,0.36666666666666664,1.0,0.0,1.0,1.0,0.99999976,0.9999997838214533,0.38750560714532933,0.9183519828133944,0.9933071490757153,0.1
609,1,1.0,1.0,0.35,1.0,0.0,1.0,1.0,0.9999995,0.999999340275091,0.3751161069193915,0.1,0.9933071490757153,0.1
610,1,1.0,1.0,0.4166666666666667,1.0,0.0,1.0,1.0,0.99981505,0.999999954088624,0.4135691603807986,0.937981933486251,0.9933071490757153,0.1
611,1,1.0,1.0,0.45,1.0,0.0,0.0,1.0,0.7558121,0.9999997374597523,0.4595257732219013,0.1391727361336896,0.9933071490757153,0.1
612,1,0.0,1.0,0.45,0.0,0.0,0.0,1.0,5.0637855e-11,0.9999998995172505,0.45289347643985967,0.1,0.9933071490757153,0.1
613,0,1.0,1.0,0.4166666666666667,1.0,0.0,1.0,1.0,0.0013346558,0.00567026517969702,0.47876749301895866,0.7037720947649604,0.9933071490757153,0.1
614,0,0.0,1.0,0.3333333333333333,0.0,0.0,0.0,1.0,1.0,0.00363306182936405,0.5351104631145555,0.1,0.9933071490757153,0.1
615,0,1.0,1.0,0.4166666666666667,1.0,0.0,1.0,1.0,2.3365092e-18,0.0043073464728933105,0.48675090825218664,0.13138567684162722,0.9933071490757153,0.1
616,0,1.0,1.0,0.4,1.0,0.0,1.0,1.0,9.238295e-06,0.004197499796303432,0.5070475203186344,0.30604711223698766,0.9933071490757153,0.1
617,0,1.0,1.0,0.48333333333333334,1.0,1.0,1.0,1.0,9.937462e-07,0.0036632753127741964,0.43111695154460494,0.2665504816590253,0.9933071490757153,0.1
618,0,1.0,1.0,0.5166666666666667,1.0,1.0,1.0,1.0,8.9718205e-10,0.003213482231294659,0.40047020897512275,0.10858670876929867,0.9933071490757153,0.1
619,0,0.0,1.0,0.5,1.0,0.0,0.0,1.0,0.9999721,0.0038649033653279565,0.42643544043250076,0.1,0.9933071490757153,0.1
620,1,1.0,0.9833333333333333,0.5,1.0,0.0,1.0,1.0,0.99999964,0.9334717112821997,0.4936430281602096,0.9763606598937711,0.9933071490757153,0.1
621,1,0.0,1.0,0.36666666666666664,0.0,0.0,0.0,1.0,2.1523305e-09,0.99999999999997,0.3933179703406628,0.6044847737219966,0.9933071490757153,0.1
622,1,0.0,1.0,0.45,0.0,0.0,0.0,1.0,3.5989454e-09,0.99999999999997,0.44900680505184226,0.12435302879078312,0.9933071490757153,0.1
623,1,1.0,1.0,0.38333333333333336,1.0,0.0,1.0,1.0,1.0,0.99999999999997,0.3879550149519106,0.9865798033966762,0.9933071490757153,0.1
624,1,1.0,1.0,0.4166666666666667,1.0,0.0,1.0,1.0,0.98256093,0.99999999999997,0.43236759108997624,0.9482174289030093,0.9933071490757153,0.1
625,1,1.0,1.0,0.4166666666666667,1.0,0.0,1.0,1.0,0.9999157,0.99999999999997,0.424945286453817,0.8391832183214823,0.9933071490757153,0.1
626,1,1.0,1.0,0.43333333333333335,1.0,0.0,1.0,1.0,1.0,0.99999999999997,0.44296773896164116,0.9913770481094794,0.9933071490757153,0.1
627,1,0.0,1.0,0.38333333333333336,0.0,0.0,0.0,1.0,2.8194596e-14,0.99999999999997,0.39383573871239486,0.1,0.9933071490757153,0.1
628,1,0.0,1.0,0.35,0.0,0.0,0.0,1.0,0.17280328,0.99999999999997,0.3664477783443883,0.5632210217318497,0.9933071490757153,0.1
629,1,1.0,1.0,0.4166666666666667,1.0,0.0,1.0,1.0,0.9998098,0.99999999999997,0.4289110980005585,0.10009460411911421,0.9933071490757153,0.1
630,1,0.0,1.0,0.4,0.0,0.0,0.0,1.0,3.8079668e-11,0.99999999999997,0.4016649550127493,0.1,0.9933071490757153,0.1
631,1,1.0,1.0,0.3,1.0,0.0,1.0,1.0,1.0,0.99999999999997,0.34013326088736656,0.1,0.9933071490757153,0.1
632,1,0.0,1.0,0.48333333333333334,0.0,0.0,0.0,1.0,5.570875e-15,0.99999999999997,0.48583244285278326,0.1,0.9933071490757153,0.1
633,1,0.0,1.0,0.43333333333333335,0.0,0.0,0.0,1.0,3.7393194e-10,0.99999999999997,0.44064456319442313,0.1,0.9933071490757153,0.1
634,1,0.0,1.0,0.4666666666666667,0.0,0.0,0.0,1.0,1.2238595e-11,0.99999999999997,0.4574596736489685,0.700980509553111,0.9933071490757153,0.1
635,1,0.0,1.0,0.3333333333333333,0.0,0.0,0.0,1.0,5.417099e-14,0.99999999999997,0.358887704087719,0.4607463836202379,0.9933071490757153,0.1
636,1,0.0,1.0,0.4166666666666667,0.0,0.0,0.0,1.0,1.6945405e-09,0.99999999999997,0.43281932171027654,0.1,0.9933071490757153,0.1
637,1,0.0,1.0,0.6166666666666667,1.0,0.0,0.0,1.0,2.6154332e-11,0.99999999999997,0.5978495466364624,0.1,0.9933071490757153,0.1
638,1,0.0,1.0,0.4666666666666667,0.0,0.0,0.0,1.0,3.2762675e-11,0.99999999999997,0.47475122569009565,0.10722147998855316,0.9933071490757153,0.1
639,1,1.0,1.0,0.36666666666666664,1.0,0.0,1.0,1.0,1.0,0.99999999999997,0.37389666725851717,0.9009236339972584,0.9933071490757153,0.1
640,1,1.0,1.0,0.48333333333333334,1.0,0.0,1.0,1.0,1.0,0.99999999999997,0.4820764557546048,0.1,0.9933071490757153,0.1
641,1,1.0,1.0,0.36666666666666664,1.0,0.0,1.0,1.0,0.9989807,0.99999999999997,0.405142365472391,0.2557920325048793,0.9933071490757153,0.1
642,1,1.0,1.0,0.4666666666666667,1.0,0.0,1.0,1.0,0.9999987,0.99999999999997,0.48133682921761406,0.7178480959923612,0.9933071490757153,0.1
643,1,0.0,1.0,0.6,1.0,0.0,0.0,1.0,0.00015071694,0.99999999999997,0.5704377903242788,0.22115362648643605,0.9933071490757153,0.1
644,1,0.0,1.0,0.4,0.0,0.0,0.0,1.0,0.0048000505,0.99999999999997,0.39543595850168656,0.1899728570872919,0.9933071490757153,0.1
645,1,0.0,1.0,0.5,0.0,0.0,0.0,1.0,0.010477611,0.99999999999997,0.49264597880622424,0.10008600845579162,0.9933071490757153,0.1
646,0,1.0,0.9833333333333333,0.4666666666666667,1.0,0.0,0.0,1.0,2.5629866e-08,0.33812767039136105,0.49105128896538947,0.987357424014901,0.9933071490757153,0.1
647,0,1.0,1.0,0.36666666666666664,1.0,0.0,1.0,1.0,4.5269557e-05,0.0042504177110926755,0.5372451617681623,0.2739112098635186,0.9933071490757153,0.1
648,0,1.0,1.0,0.3333333333333333,1.0,0.0,1.0,1.0,0.03085471,0.0037779900219216535,0.5416386725867856,0.6459531105913773,0.9933071490757153,0.1
649,0,1.0,1.0,0.35,1.0,0.0,1.0,1.0,0.0014886977,0.003747334629922934,0.5399540090112426,0.15693251363698474,0.9933071490757153,0.1
650,0,1.0,1.0,0.4,1.0,0.0,1.0,1.0,0.006424915,0.0036387358909983855,0.48053389114830236,0.9876882325512516,0.9933071490757153,0.1
651,0,0.0,1.0,0.48333333333333334,1.0,0.0,0.0,1.0,1.0,0.004066300918301047,0.43736742705819087,0.1,0.9933071490757153,0.1
652,0,1.0,1.0,0.4666666666666667,1.0,1.0,1.0,1.0,0.0069182874,0.004455335470738949,0.45975730404450543,0.1665022582702235,0.9933071490757153,0.1
653,0,1.0,1.0,0.5333333333333333,1.0,1.0,1.0,1.0,0.00090354413,0.005122173174090925,0.4013139226401773,0.20898089745136073,0.9933071490757153,0.1
654,0,1.0,1.0,0.5833333333333334,1.0,1.0,1.0,1.0,1.7598128e-06,0.0026994352707664262,0.36718116269079054,0.23320743291068485,0.9933071490757153,0.1
655,0,0.0,1.0,0.5166666666666667,1.0,0.0,0.0,1.0,0.95384663,0.00499876051726114,0.42837411366817446,0.9561821714980946,0.9933071490757153,0.1
656,0,1.0,1.0,0.43333333333333335,1.0,1.0,1.0,1.0,7.218625e-17,0.004576484405076091,0.46374364541460394,0.1,0.9933071490757153,0.1
657,0,1.0,1.0,0.38333333333333336,1.0,0.0,1.0,1.0,2.2615344e-08,0.003926869209631372,0.5110495166785218,0.26176127260757137,0.9933071490757153,0.1
658,0,1.0,1.0,0.45,1.0,0.0,1.0,1.0,0.0026572784,0.00478199145750373,0.46970912441427093,0.9885892338164819,0.9933071490757153,0.1
659,0,1.0,1.0,0.4666666666666667,1.0,1.0,1.0,1.0,4.300271e-07,0.004812145674045257,0.44726139288377315,0.2591546294005736,0.9933071490757153,0.1
660,0,1.0,1.0,0.4,1.0,0.0,1.0,1.0,3.7195962e-09,0.004257388763595844,0.49458060797535924,0.1040122440667034,0.9933071490757153,0.1
661,0,1.0,1.0,0.45,1.0,1.0,1.0,1.0,0.0053645098,0.0029520618465610437,0.45780778265491195,0.6175660316113434,0.9933071490757153,0.1
662,0,1.0,1.0,0.3333333333333333,1.0,0.0,1.0,1.0,0.00044521462,0.0033625315860121357,0.5541751283895058,0.9543538847597197,0.9933071490757153,0.1
663,0,1.0,1.0,0.3333333333333333,1.0,0.0,1.0,1.0,9.616952e-05,0.0048523567130904785,0.5439133486385825,0.16305834861586596,0.9933071490757153,0.1
664,0,1.0,1.0,0.43333333333333335,1.0,0.0,1.0,1.0,1.8463817e-07,0.004797855614263783,0.48455896301165274,0.19964280754420272,0.9933071490757153,0.1
665,0,1.0,1.0,0.4666666666666667,1.0,1.0,1.0,1.0,2.4106293e-09,0.0047121764234206494,0.43918042507505756,0.1,0.9933071490757153,0.1
666,0,1.0,1.0,0.4,1.0,0.0,1.0,1.0,0.015454214,0.004079422650260086,0.49737103959486895,0.10343921516989245,0.9933071490757153,0.1
667,0,1.0,1.0,0.43333333333333335,1.0,0.0,1.0,1.0,1.9916397e-09,0.00426074315477533,0.47740940194536424,0.2738231836175773,0.9933071490757153,0.1
668,0,1.0,0.9833333333333333,0.38333333333333336,1.0,0.0,0.0,1.0,2.3365092e-18,0.3357651815740656,0.4553761039928983,0.13138567684162722,0.9933071490757153,0.1
669,1,1.0,1.0,0.45,1.0,0.0,1.0,1.0,1.0,0.99999999999997,0.4556563630901057,0.7092602017863188,0.9933071490757153,0.1
670,1,1.0,1.0,0.4666666666666667,1.0,0.0,1.0,1.0,0.9975279,0.99999999999997,0.4715829719019805,0.9636702441295729,0.9933071490757153,0.1
671,1,0.0,1.0,0.43333333333333335,0.0,0.0,0.0,1.0,1.5649189e-15,0.99999999999997,0.437381159586752,0.16265467470925998,0.9933071490757153,0.1
672,1,1.0,1.0,0.31666666666666665,1.0,0.0,1.0,1.0,1.0,0.99999999999997,0.33663989124632004,0.8679703492750582,0.9933071490757153,0.1
673,1,0.0,1.0,0.2833333333333333,0.0,0.0,0.0,1.0,2.7637154e-13,0.99999999999997,0.3106200610008443,0.24873358239126697,0.9933071490757153,0.1
674,1,1.0,1.0,0.4,1.0,0.0,1.0,1.0,0.9997013,0.99999999999997,0.42403905809026743,0.9438350645817665,0.9933071490757153,0.1
675,1,1.0,1.0,0.45,1.0,0.0,1.0,1.0,0.9999957,0.99999999999997,0.4336019751306649,0.47143310515717574,0.9933071490757153,0.1
676,1,1.0,1.0,0.5,1.0,0.0,1.0,1.0,0.9996308,0.99999999999997,0.4930811444541556,0.908976512044179,0.9933071490757153,0.1
677,1,1.0,1.0,0.35,1.0,0.0,1.0,1.0,1.0,0.99999999999997,0.36241428242243806,0.1,0.9933071490757153,0.1
678,1,0.0,1.0,0.38333333333333336,0.0,0.0,0.0,1.0,4.0695167e-07,0.99999999999997,0.4012644027981128,0.20241588034209188,0.9933071490757153,0.1
679,1,0.0,1.0,0.45,0.0,0.0,0.0,1.0,0.051407326,0.99999999999997,0.45438255456326887,0.23631842440194498,0.9933071490757153,0.1
680,1,0.0,1.0,0.4,0.0,0.0,0.0,1.0,3.4191646e-05,0.99999999999997,0.4215431713941396,0.18125972990617878,0.9933071490757153,0.1
681,1,1.0,1.0,0.5166666666666667,1.0,0.0,1.0,1.0,1.0,0.99999999999997,0.49506014655131575,0.9865798033966762,0.9933071490757153,0.1
682,1,0.0,1.0,0.35,0.0,0.0,0.0,1.0,9.457397e-08,0.99999999999997,0.38395500579863423,0.10804624084045146,0.9933071490757153,0.1
683,1,1.0,1.0,0.4166666666666667,1.0,0.0,1.0,1.0,1.0,0.99999999999997,0.4275155441441275,0.1,0.9933071490757153,0.1
684,1,0.0,1.0,0.4666666666666667,0.0,0.0,0.0,1.0,0.0399712,0.99999999999997,0.4572622658674202,0.1,0.9933071490757153,0.1
685,1,0.0,1.0,0.48333333333333334,0.0,0.0,0.0,1.0,2.0790456e-11,0.99999999999997,0.4682850305628359,0.1144916396797138,0.9933071490757153,0.1
686,1,0.0,1.0,0.4,0.0,0.0,0.0,1.0,1.3677275e-11,0.99999999999997,0.39044350116900256,0.1,0.9933071490757153,0.1
687,1,1.0,1.0,0.43333333333333335,1.0,0.0,0.0,1.0,0.5978834,0.99999999999997,0.4341011262957098,0.7457313555766785,0.9933071490757153,0.1
688,1,0.0,1.0,0.35,0.0,0.0,0.0,1.0,7.728316e-08,0.99999999999997,0.36289142032060495,0.7322228243630095,0.9933071490757153,0.1
689,1,1.0,1.0,0.4,1.0,0.0,1.0,1.0,1.0,0.99999999999997,0.39870236753416094,0.1,0.9933071490757153,0.1
690,1,0.0,1.0,0.4166666666666667,0.0,0.0,0.0,1.0,6.770419e-06,0.99999999999997,0.4231011285564023,0.16639634430500255,0.9933071490757153,0.1
691,1,1.0,1.0,0.31666666666666665,1.0,0.0,1.0,1.0,1.0,0.99999999999997,0.3447864980945218,0.9098891969688246,0.9933071490757153,0.1
692,1,0.0,1.0,0.4666666666666667,0.0,0.0,0.0,1.0,0.020366993,0.99999999999997,0.45475275485386546,0.75415605773316,0.9933071490757153,0.1
693,1,0.0,1.0,0.38333333333333336,0.0,0.0,0.0,1.0,1.428899e-07,0.99999999999997,0.3681618145168792,0.4370747985003241,0.9933071490757153,0.1
694,0,1.0,0.7833333333333333,0.4666666666666667,1.0,0.0,0.0,1.0,1.1329822e-07,0.4849816655384624,0.4604697701037417,0.18208637748076878,0.9933071490757153,0.1
695,1,0.0,0.9833333333333333,0.26666666666666666,0.0,0.0,0.0,1.0,2.0744329e-13,0.8853886813643934,0.3310220207323988,0.11330880722882337,0.9933071490757153,0.1
696,1,0.0,1.0,0.35,0.0,0.0,0.0,1.0,5.593504e-10,0.99999999999997,0.340360341008313,0.5892012530885242,0.9933071490757153,0.1
697,1,0.0,1.0,0.55,1.0,0.0,0.0,1.0,5.400503e-09,0.99999999999997,0.5205258894911652,0.1658154332103128,0.9933071490757153,0.1
698,1,0.0,1.0,0.4166666666666667,0.0,0.0,0.0,1.0,2.6098494e-09,0.99999999999997,0.38675136067428306,0.6546854454424338,0.9933071490757153,0.1
699,1,0.0,1.0,0.35,0.0,0.0,0.0,1.0,4.6081404e-15,0.99999999999997,0.3641539439950902,0.1,0.9933071490757153,0.1
700,1,0.0,1.0,0.48333333333333334,0.0,0.0,0.0,1.0,5.2601434e-11,0.99999999999997,0.46392068772727746,0.1,0.9933071490757153,0.1
701,1,0.0,1.0,0.36666666666666664,0.0,0.0,0.0,1.0,3.1230636e-06,0.99999999999997,0.35703384636306873,0.1,0.9933071490757153,0.1
702,1,0.0,1.0,0.48333333333333334,0.0,0.0,0.0,1.0,1.872586e-13,0.99999999999997,0.47628717589885183,0.1,0.9933071490757153,0.1
703,1,0.0,1.0,0.4666666666666667,0.0,0.0,0.0,1.0,1.5238856e-10,0.99999999999997,0.4425420449819851,0.1,0.9933071490757153,0.1
704,1,1.0,1.0,0.5,1.0,0.0,1.0,1.0,1.0,0.99999999999997,0.46991733017757653,0.8465891819750407,0.9933071490757153,0.1
705,1,0.0,1.0,0.2833333333333333,0.0,0.0,0.0,1.0,3.6835627e-05,0.99999999999997,0.3023427794614436,0.1,0.9933071490757153,0.1
706,1,0.0,1.0,0.3333333333333333,0.0,0.0,0.0,1.0,1.0145123e-15,0.99999999999997,0.33584609728935727,0.4788519700906597,0.9933071490757153,0.1
707,1,1.0,1.0,0.4,1.0,0.0,1.0,1.0,0.9975279,0.99999999999997,0.40291076804445447,0.9636702441295729,0.9933071490757153,0.1
708,1,0.0,1.0,0.3333333333333333,0.0,0.0,0.0,1.0,9.077439e-10,0.99999999999997,0.3304204527790827,0.1,0.9933071490757153,0.1
709,1,0.0,1.0,0.36666666666666664,0.0,0.0,0.0,1.0,5.5476207e-08,0.99999999999997,0.36824680810551685,0.2521531573041492,0.9933071490757153,0.1
710,1,1.0,1.0,0.3333333333333333,1.0,0.0,1.0,1.0,0.99999464,0.99999999999997,0.33015602778421577,0.7452731636253004,0.9933071490757153,0.1
711,1,0.0,1.0,0.38333333333333336,0.0,0.0,0.0,1.0,6.34791e-11,0.99999999999997,0.36547554513596137,0.11671998960545331,0.9933071490757153,0.1
712,1,0.0,1.0,0.36666666666666664,0.0,0.0,0.0,1.0,2.401343e-11,0.99999999999997,0.3601171552551966,0.9362429562398304,0.9933071490757153,0.1
713,1,1.0,1.0,0.45,1.0,0.0,1.0,1.0,0.99982893,0.99999999999997,0.4294364389876611,0.9671073797140419,0.9933071490757153,0.1
714,1,0.0,1.0,0.35,0.0,0.0,0.0,1.0,9.474074e-05,0.99999999999997,0.33878760499121224,0.736946150671004,0.9933071490757153,0.1
715,1,0.0,1.0,0.4666666666666667,0.0,0.0,0.0,1.0,7.227268e-12,0.99999999999997,0.44813183436441667,0.1,0.9933071490757153,0.1
716,1,1.0,1.0,0.38333333333333336,1.0,0.0,1.0,1.0,1.0,0.99999999999997,0.37195588257601364,0.1,0.9933071490757153,0.1
717,1,0.0,1.0,0.3333333333333333,0.0,0.0,0.0,1.0,3.4191646e-05,0.99999999999997,0.33217264979950906,0.18125972990617878,0.9933071490757153,0.1
718,1,0.0,1.0,0.43333333333333335,0.0,0.0,0.0,1.0,1.344385e-15,0.99999999999997,0.41739705365025875,0.1,0.9933071490757153,0.1
719,1,1.0,1.0,0.3,1.0,0.0,0.0,1.0,0.9999944,0.99999999999997,0.2834575445053464,0.1,0.9933071490757153,0.1
720,1,0.0,1.0,0.48333333333333334,0.0,0.0,0.0,1.0,6.5509033e-14,0.99999999999997,0.43831565361174196,0.1,0.9933071490757153,0.1
721,1,0.0,1.0,0.45,0.0,0.0,0.0,1.0,1.6383229e-08,0.99999999999997,0.4453602167297773,0.2707630612698607,0.9933071490757153,0.1
722,1,0.0,1.0,0.4666666666666667,0.0,0.0,0.0,1.0,5.958634e-07,0.99999999999997,0.4353398019665963,0.10736450167836581,0.9933071490757153,0.1
723,1,0.0,1.0,0.4166666666666667,0.0,0.0,0.0,1.0,0.23561037,0.99999999999997,0.41244638569390535,0.1,0.9933071490757153,0.1
724,1,0.0,1.0,0.4166666666666667,0.0,0.0,0.0,1.0,2.433099e-05,0.99999999999997,0.39905987316369607,0.19235006285810632,0.9933071490757153,0.1
725,1,0.0,1.0,0.38333333333333336,0.0,0.0,0.0,1.0,9.560294e-14,0.99999999999997,0.34976386605809145,0.23815822994527708,0.9933071490757153,0.1
726,1,0.0,1.0,0.5166666666666667,0.0,0.0,0.0,1.0,2.5750171e-11,0.99999999999997,0.4782153293326304,0.4745245344510426,0.9933071490757153,0.1
727,1,1.0,1.0,0.35,1.0,0.0,1.0,1.0,0.9999999,0.99999999999997,0.3578174837161633,0.9928949038433946,0.9933071490757153,0.1
728,1,0.0,1.0,0.43333333333333335,0.0,0.0,0.0,1.0,0.0060837124,0.99999999999997,0.4368214736760497,0.16753012114268362,0.9933071490757153,0.1
729,1,1.0,1.0,0.4,1.0,0.0,1.0,1.0,0.98516244,0.99999999999997,0.38098243416189487,0.7823196640672091,0.9933071490757153,0.1
730,1,0.0,1.0,0.45,0.0,0.0,0.0,1.0,2.9489264e-09,0.99999999999997,0.42728106839243996,0.4053659913700962,0.9933071490757153,0.1
731,1,0.0,1.0,0.4166666666666667,0.0,0.0,0.0,1.0,0.00028501585,0.99999999999997,0.3814408891604152,0.3822433259716983,0.9933071490757153,0.1
732,1,1.0,1.0,0.4666666666666667,1.0,0.0,1.0,1.0,1.0,0.99999999999997,0.4393839968639568,0.9891844965313584,0.9933071490757153,0.1
733,1,1.0,1.0,0.4166666666666667,1.0,0.0,1.0,1.0,0.99992144,0.99999999999997,0.40275164976853756,0.7561570062066275,0.9933071490757153,0.1
734,1,1.0,1.0,0.48333333333333334,1.0,0.0,1.0,1.0,0.9999995,0.99999999999997,0.4481892779304909,0.1,0.9933071490757153,0.1
735,1,1.0,1.0,0.48333333333333334,1.0,0.0,1.0,1.0,1.0,0.99999999999997,0.45305220578385125,0.9141926514757671,0.9933071490757153,0.1
736,1,0.0,1.0,0.35,0.0,0.0,0.0,1.0,9.0781695e-13,0.99999999999997,0.34097915383906074,0.1,0.9933071490757153,0.1
737,1,0.0,1.0,0.43333333333333335,0.0,0.0,0.0,1.0,0.0042147115,0.99999999999997,0.41319742080436617,0.6605541450221274,0.9933071490757153,0.1
738,1,0.0,1.0,0.43333333333333335,0.0,0.0,0.0,1.0,1.9163646e-05,0.99999999999997,0.4127802801583282,0.7021116741553022,0.9933071490757153,0.1
739,1,1.0,1.0,0.48333333333333334,1.0,0.0,1.0,1.0,1.0,0.99999999999997,0.44360006147686354,0.1,0.9933071490757153,0.1
740,1,0.0,1.0,0.4,0.0,0.0,0.0,1.0,1.7833247e-12,0.99999999999997,0.39977373810769573,0.12654112047961338,0.9933071490757153,0.1
741,1,1.0,1.0,0.43333333333333335,1.0,0.0,1.0,1.0,0.9971922,0.99999999999997,0.39791889191677743,0.7890698367507994,0.9933071490757153,0.1
742,1,0.0,1.0,0.5166666666666667,1.0,0.0,0.0,1.0,9.249751e-10,0.99999999999997,0.5103741605349935,0.5187348924518552,0.9933071490757153,0.1
743,1,0.0,1.0,0.35,0.0,0.0,0.0,1.0,0.008672209,0.99999999999997,0.35791213845019326,0.18042862124442893,0.9933071490757153,0.1
744,1,0.0,1.0,0.43333333333333335,0.0,0.0,0.0,1.0,7.342313e-12,0.99999999999997,0.4245695724404068,0.1,0.9933071490757153,0.1
745,1,1.0,1.0,0.4166666666666667,1.0,0.0,0.0,1.0,0.7558121,0.99999999999997,0.4115729398078667,0.1391727361336896,0.9933071490757153,0.1
746,1,1.0,1.0,0.38333333333333336,1.0,0.0,1.0,1.0,0.9999975,0.99999999999997,0.3885205199464104,0.1,0.9933071490757153,0.1
747,1,0.0,1.0,0.38333333333333336,0.0,0.0,0.0,1.0,0.131551,0.99999999999997,0.3880599327300434,0.12240976378544623,0.9933071490757153,0.1
748,1,1.0,1.0,0.43333333333333335,1.0,0.0,1.0,1.0,0.9985782,0.99999999999997,0.41741115868907885,0.5494651913523175,0.9933071490757153,0.1
749,1,0.0,1.0,0.5166666666666667,0.0,0.0,0.0,1.0,3.081773e-12,0.99999999999997,0.48253590660279627,0.10799853580037411,0.9933071490757153,0.1
750,1,0.0,1.0,0.43333333333333335,0.0,0.0,0.0,1.0,0.00017144317,0.99999999999997,0.41664267847986103,0.12461047690951173,0.9933071490757153,0.1
751,1,0.0,1.0,0.4666666666666667,0.0,0.0,0.0,1.0,1.8455985e-13,0.99999999999997,0.41003987666943736,0.1,0.9933071490757153,0.1
752,1,0.0,1.0,0.45,0.0,0.0,0.0,1.0,0.0032012677,0.99999999999997,0.4114999926442816,0.13937077434702316,0.9933071490757153,0.1
753,1,1.0,1.0,0.35,1.0,0.0,0.0,1.0,0.75712246,0.99999999999997,0.37361869856323493,0.7696480164241145,0.9933071490757153,0.1
754,1,0.0,1.0,0.5166666666666667,1.0,0.0,0.0,1.0,1.6383229e-08,0.99999999999997,0.5008873206780617,0.2707630612698607,0.9933071490757153,0.1
755,1,0.0,1.0,0.4166666666666667,0.0,0.0,0.0,1.0,1.4423168e-08,0.99999999999997,0.41712819647445915,0.6214528278699998,0.9933071490757153,0.1
756,1,1.0,1.0,0.3333333333333333,1.0,0.0,1.0,1.0,0.99999857,0.99999999999997,0.3350914184480645,0.5209363014957369,0.9933071490757153,0.1
757,1,0.0,1.0,0.4166666666666667,0.0,0.0,0.0,1.0,0.27647054,0.99999999999997,0.43226232399988834,0.4206061789004337,0.9933071490757153,0.1
758,1,0.0,1.0,0.35,0.0,0.0,0.0,1.0,1.960133e-14,0.99999999999997,0.33284871273503736,0.1,0.9933071490757153,0.1
759,1,0.0,1.0,0.35,0.0,0.0,0.0,1.0,1.02474865e-17,0.99999999999997,0.354026592014905,0.1,0.9933071490757153,0.1
760,1,0.0,1.0,0.38333333333333336,0.0,0.0,0.0,1.0,0.06911888,0.99999999999997,0.38747138064622594,0.10761048602473347,0.9933071490757153,0.1
761,1,1.0,1.0,0.4,1.0,0.0,1.0,1.0,1.0,0.99999999999997,0.39476505936336714,0.1,0.9933071490757153,0.1
762,1,0.0,1.0,0.4,0.0,0.0,0.0,1.0,3.0919688e-05,0.99999999999997,0.4004710952849421,0.12878428887981896,0.9933071490757153,0.1
763,1,1.0,1.0,0.38333333333333336,1.0,0.0,1.0,1.0,0.9999988,0.99999999999997,0.371325598361233,0.7737258720561965,0.9933071490757153,0.1
764,1,1.0,1.0,0.5,1.0,0.0,1.0,1.0,1.0,0.99999999999997,0.45507989481968075,0.819760921939253,0.9933071490757153,0.1
765,1,0.0,1.0,0.38333333333333336,0.0,0.0,0.0,1.0,2.8646227e-06,0.99999999999997,0.3678690644044769,0.12026363467149806,0.9933071490757153,0.1
766,1,0.0,1.0,0.4,0.0,0.0,0.0,1.0,2.5122958e-07,0.99999999999997,0.40374977349936114,0.8332946195550268,0.9933071490757153,0.1
767,1,0.0,1.0,0.35,0.0,0.0,0.0,1.0,1.7734313e-07,0.99999999999997,0.345398259191165,0.923696945974114,0.9933071490757153,0.1
768,1,1.0,1.0,0.3333333333333333,1.0,0.0,1.0,1.0,1.0,0.99999999999997,0.32608054513307505,0.1,0.9933071490757153,0.1
769,1,0.0,1.0,0.5166666666666667,0.0,0.0,0.0,1.0,3.8079668e-11,0.99999999999997,0.4738390053641621,0.1,0.9933071490757153,0.1
770,1,0.0,1.0,0.4,0.0,0.0,0.0,1.0,4.6081404e-15,0.99999999999997,0.4106906725725675,0.1,0.9933071490757153,0.1
771,1,0.0,1.0,0.38333333333333336,0.0,0.0,0.0,1.0,0.0062072165,0.99999999999997,0.3529800931271243,0.19069454496413388,0.9933071490757153,0.1
772,1,0.0,1.0,0.2833333333333333,0.0,0.0,0.0,1.0,6.51649e-08,0.99999999999997,0.30674002087183005,0.6953230193556001,0.9933071490757153,0.1
773,1,1.0,1.0,0.48333333333333334,1.0,0.0,1.0,1.0,0.9999908,0.99999999999997,0.4707040878059173,0.9423732774473915,0.9933071490757153,0.1
774,1,0.0,1.0,0.48333333333333334,0.0,0.0,0.0,1.0,7.360962e-12,0.99999999999997,0.4684326704260689,0.10533018463101393,0.9933071490757153,0.1
775,1,0.0,1.0,0.45,0.0,0.0,0.0,1.0,0.28305858,0.99999999999997,0.42292735015146565,0.5380817961275053,0.9933071490757153,0.1
776,1,1.0,1.0,0.48333333333333334,1.0,0.0,1.0,1.0,1.0,0.99999999999997,0.48363443120811367,0.9835260943423194,0.9933071490757153,0.1
777,1,1.0,1.0,0.4,1.0,0.0,1.0,1.0,0.9998098,0.99999999999997,0.38021721548701143,0.10009460411911421,0.9933071490757153,0.1
778,1,1.0,1.0,0.48333333333333334,1.0,0.0,1.0,1.0,1.0,0.99999999999997,0.4527947195656557,0.1,0.9933071490757153,0.1
779,1,0.0,1.0,0.45,0.0,0.0,0.0,1.0,1.1084707e-08,0.99999999999997,0.4193197760752484,0.15644719763959103,0.9933071490757153,0.1
780,1,1.0,1.0,0.38333333333333336,1.0,0.0,1.0,1.0,0.99999857,0.99999999999997,0.3854127633527275,0.5209363014957369,0.9933071490757153,0.1
781,1,1.0,1.0,0.36666666666666664,1.0,0.0,1.0,1.0,0.9964567,0.99999999999997,0.3532264371360295,0.8526709818956109,0.9933071490757153,0.1
782,1,0.0,1.0,0.4166666666666667,0.0,0.0,0.0,1.0,1.1927774e-08,0.99999999999997,0.3999630082472312,0.27102290102328547,0.9933071490757153,0.1
783,1,0.0,1.0,0.4666666666666667,0.0,0.0,0.0,1.0,2.0790456e-11,0.99999999999997,0.4474618845390666,0.1144916396797138,0.9933071490757153,0.1
784,1,0.0,1.0,0.4666666666666667,0.0,0.0,0.0,1.0,4.0075898e-10,0.99999999999997,0.45377379458194583,0.1,0.9933071490757153,0.1
785,1,0.0,1.0,0.4166666666666667,0.0,0.0,0.0,1.0,8.447432e-13,0.99999999999997,0.414256371637018,0.1,0.9933071490757153,0.1
786,1,1.0,1.0,0.35,1.0,0.0,1.0,1.0,0.9999908,0.99999999999997,0.3708783057884031,0.9423732774473915,0.9933071490757153,0.1
787,1,1.0,1.0,0.4,1.0,0.0,1.0,1.0,0.99995756,0.99999999999997,0.38642943053728285,0.6078954425218522,0.9933071490757153,0.1
788,1,0.0,1.0,0.48333333333333334,0.0,0.0,0.0,1.0,0.42953166,0.99999999999997,0.4580338375270269,0.1409391945683772,0.9933071490757153,0.1
789,1,0.0,1.0,0.4,0.0,0.0,0.0,1.0,4.88837e-11,0.99999999999997,0.3984888495568484,0.1,0.9933071490757153,0.1
790,1,0.0,1.0,0.43333333333333335,0.0,0.0,0.0,1.0,0.010865045,0.99999999999997,0.40087369225008324,0.7021169504617562,0.9933071490757153,0.1
791,1,0.0,1.0,0.4166666666666667,0.0,0.0,0.0,1.0,6.7697977e-07,0.99999999999997,0.41802246262040954,0.5978185854154577,0.9933071490757153,0.1
792,1,0.0,1.0,0.4,0.0,0.0,0.0,1.0,4.0075898e-10,0.99999999999997,0.39617645740063195,0.1,0.9933071490757153,0.1
793,1,1.0,1.0,0.4666666666666667,1.0,0.0,1.0,1.0,1.0,0.99999999999997,0.4541470995663941,0.1,0.9933071490757153,0.1
794,1,0.0,1.0,0.4,0.0,0.0,0.0,1.0,6.0884416e-16,0.99999999999997,0.40743197776543166,0.1,0.9933071490757153,0.1
795,1,0.0,1.0,0.35,0.0,0.0,0.0,1.0,0.005354708,0.99999999999997,0.35361748179226543,0.7456080200857192,0.9933071490757153,0.1
796,1,1.0,1.0,0.38333333333333336,1.0,0.0,1.0,1.0,1.0,0.99999999999997,0.380971710842008,0.9317087034880136,0.9933071490757153,0.1
797,1,1.0,1.0,0.3333333333333333,1.0,0.0,1.0,1.0,0.99870193,0.99999999999997,0.3482266346601989,0.21042055580707136,0.9933071490757153,0.1
798,1,1.0,1.0,0.3333333333333333,1.0,0.0,1.0,1.0,1.0,0.99999999999997,0.34787135327268054,0.9497832481628843,0.9933071490757153,0.1
799,1,0.0,1.0,0.4666666666666667,0.0,0.0,0.0,1.0,1.44104e-13,0.99999999999997,0.42271985699470765,0.25648924679813667,0.9933071490757153,0.1
800,1,1.0,1.0,0.36666666666666664,1.0,0.0,1.0,1.0,0.9999995,0.99999999999997,0.36860745849498056,0.944938672225087,0.9933071490757153,0.1
801,1,1.0,1.0,0.3333333333333333,1.0,0.0,1.0,1.0,1.0,0.99999999999997,0.33925439917393424,0.6473402645886904,0.9933071490757153,0.1
802,1,1.0,1.0,0.36666666666666664,1.0,0.0,1.0,1.0,1.0,0.99999999999997,0.3627025445956445,0.819760921939253,0.9933071490757153,0.1
803,1,1.0,1.0,0.4666666666666667,1.0,0.0,1.0,1.0,0.9999995,0.99999999999997,0.4482592686926108,0.1,0.9933071490757153,0.1
804,1,1.0,1.0,0.45,1.0,0.0,1.0,1.0,0.98597383,0.99999999999997,0.41057878381644936,0.7300175906127658,0.9933071490757153,0.1
805,1,1.0,1.0,0.43333333333333335,1.0,0.0,0.0,1.0,0.5618013,0.99999999999997,0.3956011965036389,0.3053582626774316,0.9933071490757153,0.1
806,1,0.0,1.0,0.48333333333333334,0.0,0.0,0.0,1.0,3.5053915e-06,0.99999999999997,0.4659831808673495,0.1,0.9933071490757153,0.1
807,1,0.0,1.0,0.5166666666666667,0.0,0.0,0.0,1.0,1.3220366e-14,0.99999999999997,0.4997858678787103,0.1,0.9933071490757153,0.1
808,1,0.0,1.0,0.35,0.0,0.0,0.0,1.0,8.081566e-07,0.99999999999997,0.3692076096805514,0.671894677002034,0.9933071490757153,0.1
809,1,0.0,1.0,0.4,0.0,0.0,0.0,1.0,1.9146812e-08,0.99999999999997,0.3857090774435045,0.44022198350069836,0.9933071490757153,0.1
810,1,1.0,1.0,0.4166666666666667,1.0,0.0,0.0,1.0,0.83444583,0.99999999999997,0.3901841727962531,0.5060146762292803,0.9933071490757153,0.1
811,1,0.0,1.0,0.36666666666666664,0.0,0.0,0.0,1.0,9.457397e-08,0.99999999999997,0.3431062422588169,0.10804624084045146,0.9933071490757153,0.1
812,1,1.0,0.85,0.43333333333333335,1.0,0.0,1.0,1.0,1.0,0.9999999991414313,0.4343867293397789,0.1,0.9933071490757153,0.1
813,0,1.0,0.4666666666666667,0.4666666666666667,1.0,0.0,0.0,1.0,2.7850117e-05,0.5440584106682457,0.46075273513558923,0.11508181968857602,0.9933071490757153,0.1
814,0,1.0,0.9833333333333333,0.45,1.0,0.0,0.0,1.0,2.4372748e-15,0.3090968223739401,0.4789340978340028,0.11317083245026005,0.9933071490757153,0.1
815,1,1.0,1.0,0.36666666666666664,1.0,0.0,0.0,1.0,1.0,0.8707530575660677,0.36013656098296476,0.8679703492750582,0.9933071490757153,0.1
816,1,0.0,1.0,0.45,0.0,0.0,0.0,1.0,4.0695167e-07,0.8706793451305631,0.44162192318403604,0.20241588034209188,0.9933071490757153,0.1
817,1,1.0,1.0,0.4666666666666667,1.0,0.0,0.0,1.0,0.94289017,0.874170859174253,0.43939153277175325,0.8970997143679128,0.9933071490757153,0.1
818,1,1.0,1.0,0.43333333333333335,1.0,0.0,0.0,1.0,1.0,0.872796689674807,0.4071156002510102,0.1,0.9933071490757153,0.1
819,1,0.0,1.0,0.5166666666666667,1.0,0.0,0.0,1.0,2.451942e-09,0.8723869397674029,0.5014027816273422,0.1298599764353217,0.9933071490757153,0.1
820,1,1.0,1.0,0.4166666666666667,1.0,0.0,0.0,1.0,0.9999522,0.8715291910186742,0.400083940157935,0.9291522504738796,0.9933071490757153,0.1
821,1,0.0,1.0,0.38333333333333336,0.0,0.0,0.0,1.0,0.47109964,0.8775852717855528,0.3775032876575679,0.5527201305680107,0.9933071490757153,0.1
822,1,1.0,1.0,0.45,1.0,0.0,1.0,1.0,0.9999975,0.8811580352358859,0.4421434493634304,0.1,0.9933071490757153,0.1
823,1,0.0,1.0,0.35,0.0,0.0,0.0,1.0,0.020366993,0.8816646133236703,0.3534635199923177,0.75415605773316,0.9933071490757153,0.1
824,1,1.0,1.0,0.4666666666666667,1.0,0.0,0.0,1.0,1.0,0.8831948296868347,0.41092932186255804,0.9914430764210661,0.9933071490757153,0.1
825,1,1.0,0.95,0.38333333333333336,1.0,0.0,0.0,1.0,1.0,0.8331043600704141,0.46758721305456363,0.9258400661568965,0.9933071490757153,0.1
826,1,0.0,1.0,0.4666666666666667,0.0,0.0,0.0,1.0,8.013307e-09,0.7964419585916623,0.409660487486138,0.148588779174625,0.9933071490757153,0.1
827,1,0.0,1.0,0.36666666666666664,0.0,0.0,0.0,1.0,4.5656656e-11,0.99999999999997,0.37516198049951066,0.860776941974334,0.9933071490757153,0.1
828,1,0.0,1.0,0.45,0.0,0.0,0.0,1.0,5.899759e-12,0.99999999999997,0.43865278891554876,0.1,0.9933071490757153,0.1
829,1,1.0,1.0,0.43333333333333335,1.0,0.0,1.0,1.0,0.9986291,0.99999999999997,0.42530969855833684,0.9812379187110102,0.9933071490757153,0.1
830,1,0.0,1.0,0.4666666666666667,0.0,0.0,0.0,1.0,5.899759e-12,0.99999999999997,0.45589964700118263,0.1,0.9933071490757153,0.1
831,1,1.0,1.0,0.4,1.0,0.0,1.0,1.0,1.0,0.99999999999997,0.3903306033084229,0.1,0.9933071490757153,0.1
832,1,1.0,1.0,0.4,1.0,0.0,0.0,1.0,0.89681226,0.99999999999997,0.3961762358091194,0.7587270422500755,0.9933071490757153,0.1
833,1,1.0,1.0,0.31666666666666665,1.0,0.0,1.0,1.0,0.99999964,0.99999999999997,0.3236382722100214,0.9763606598937711,0.9933071490757153,0.1
834,1,0.0,1.0,0.5,0.0,0.0,0.0,1.0,1.7876354e-09,0.99999999999997,0.4719781971987228,0.1,0.9933071490757153,0.1
835,1,1.0,1.0,0.43333333333333335,1.0,0.0,1.0,1.0,0.9965874,0.99999999999997,0.4350747631206144,0.45600269375561553,0.9933071490757153,0.1
836,1,1.0,1.0,0.4,1.0,0.0,1.0,1.0,1.0,0.99999999999997,0.382313019680733,0.9141926514757671,0.9933071490757153,0.1
837,1,1.0,1.0,0.4,1.0,0.0,1.0,1.0,0.9960802,0.99999999999997,0.3979695611928046,0.9923262633807145,0.9933071490757153,0.1
838,1,0.0,1.0,0.4166666666666667,0.0,0.0,0.0,1.0,1.6989992e-14,0.99999999999997,0.39918594472576385,0.7902066540094779,0.9933071490757153,0.1
839,1,1.0,1.0,0.4666666666666667,1.0,0.0,1.0,1.0,1.0,0.99999999999997,0.4572699167108191,0.1,0.9933071490757153,0.1
840,1,1.0,1.0,0.4166666666666667,1.0,0.0,1.0,1.0,1.0,0.99999999999997,0.3982569281401721,0.1,0.9933071490757153,0.1
841,1,1.0,1.0,0.48333333333333334,1.0,0.0,1.0,1.0,1.0,0.99999999999997,0.4432014874849415,0.1,0.9933071490757153,0.1
842,1,1.0,1.0,0.4666666666666667,1.0,0.0,1.0,1.0,1.0,0.99999999999997,0.4345692618734795,0.1,0.9933071490757153,0.1
843,1,0.0,1.0,0.35,0.0,0.0,0.0,1.0,3.5989454e-09,0.99999999999997,0.3356171432479712,0.12435302879078312,0.9933071490757153,0.1
844,1,1.0,1.0,0.4166666666666667,1.0,0.0,1.0,1.0,1.0,0.99999999999997,0.3972250608242477,0.1,0.9933071490757153,0.1
845,1,1.0,1.0,0.45,1.0,0.0,1.0,1.0,0.99982893,0.99999999999997,0.4310973423959267,0.9671073797140419,0.9933071490757153,0.1
846,1,0.0,1.0,0.5333333333333333,0.0,0.0,0.0,1.0,1.8043624e-09,0.99999999999997,0.49573459868691233,0.14195828247777748,0.9933071490757153,0.1
847,1,0.0,1.0,0.2833333333333333,0.0,0.0,0.0,1.0,0.00015071694,0.99999999999997,0.283992713742993,0.22115362648643605,0.9933071490757153,0.1
848,1,1.0,1.0,0.43333333333333335,1.0,0.0,1.0,1.0,0.9999944,0.99999999999997,0.39312901304605313,0.1,0.9933071490757153,0.1
849,1,0.0,1.0,0.4,0.0,0.0,0.0,1.0,3.2762675e-11,0.99999999999997,0.3859651174096292,0.10722147998855316,0.9933071490757153,0.1
850,1,1.0,1.0,0.43333333333333335,1.0,0.0,1.0,1.0,0.9999932,0.99999999999997,0.3914139272780139,0.30600063652272935,0.9933071490757153,0.1
851,1,0.0,1.0,0.5,0.0,0.0,0.0,1.0,4.77657e-11,0.99999999999997,0.4475848589412464,0.1,0.9933071490757153,0.1
852,1,1.0,1.0,0.48333333333333334,1.0,0.0,1.0,1.0,0.9994276,0.99999999999997,0.4479355730166475,0.26617460879385435,0.9933071490757153,0.1
853,1,0.0,1.0,0.35,0.0,0.0,0.0,1.0,8.081566e-07,0.99999999999997,0.35378144650107235,0.671894677002034,0.9933071490757153,0.1
854,1,0.0,1.0,0.4166666666666667,0.0,0.0,0.0,1.0,0.00028501585,0.99999999999997,0.39883238996202436,0.3822433259716983,0.9933071490757153,0.1
855,1,1.0,1.0,0.4666666666666667,1.0,0.0,1.0,1.0,1.0,0.99999999999997,0.4566962517308106,0.8187906195090563,0.9933071490757153,0.1
856,1,1.0,1.0,0.5333333333333333,1.0,0.0,1.0,1.0,0.99987614,0.99999999999997,0.47036401311544723,0.14333952092513635,0.9933071490757153,0.1
857,1,0.0,1.0,0.38333333333333336,0.0,0.0,0.0,1.0,0.0011639955,0.99999999999997,0.37291791963152404,0.1,0.9933071490757153,0.1
858,1,0.0,1.0,0.45,0.0,0.0,0.0,1.0,0.34126693,0.99999999999997,0.44675185810742346,0.1,0.9933071490757153,0.1
859,1,0.0,1.0,0.4166666666666667,0.0,0.0,0.0,1.0,4.88837e-11,0.99999999999997,0.3903466431640274,0.1,0.9933071490757153,0.1
860,1,0.0,1.0,0.4666666666666667,0.0,0.0,0.0,1.0,2.6154332e-11,0.99999999999997,0.4640105987716527,0.1,0.9933071490757153,0.1
861,1,0.0,1.0,0.5333333333333333,0.0,0.0,0.0,1.0,1.1560595e-12,0.99999999999997,0.4811292619095114,0.10171343051570002,0.9933071490757153,0.1
862,1,0.0,1.0,0.5166666666666667,0.0,0.0,0.0,1.0,1.1434115e-05,0.99999999999997,0.4995456228275618,0.12289700510419874,0.9933071490757153,0.1
863,1,0.0,1.0,0.45,0.0,0.0,0.0,1.0,5.593504e-10,0.99999999999997,0.42281024850841764,0.5892012530885242,0.9933071490757153,0.1
864,1,0.0,1.0,0.38333333333333336,0.0,0.0,0.0,1.0,1.222722e-09,0.99999999999997,0.3830128224379899,0.1,0.9933071490757153,0.1
865,1,0.0,1.0,0.4166666666666667,0.0,0.0,0.0,1.0,0.00039370428,0.99999999999997,0.4135638551119082,0.6374785898708896,0.9933071490757153,0.1
866,1,0.0,1.0,0.38333333333333336,0.0,0.0,0.0,1.0,1.9593037e-06,0.99999999999997,0.38638101468185443,0.27998557395777207,0.9933071490757153,0.1
867,1,0.0,1.0,0.55,1.0,0.0,0.0,1.0,6.2978796e-09,0.99999999999997,0.5102732648946217,0.10960301321431964,0.9933071490757153,0.1
868,1,1.0,1.0,0.43333333333333335,1.0,0.0,1.0,1.0,0.9999994,0.99999999999997,0.42585343680342264,0.5603162643491135,0.9933071490757153,0.1
869,1,1.0,1.0,0.3333333333333333,1.0,0.0,1.0,1.0,0.9996117,0.99999999999997,0.33815397732715374,0.9083544712916488,0.9933071490757153,0.1
870,1,0.0,1.0,0.45,0.0,0.0,0.0,1.0,0.00012626166,0.99999999999997,0.4304145367320531,0.1,0.9933071490757153,0.1
871,1,0.0,1.0,0.4,0.0,0.0,0.0,1.0,1.989907e-05,0.99999999999997,0.3807978900545121,0.551269141944264,0.9933071490757153,0.1
872,1,1.0,1.0,0.4166666666666667,1.0,0.0,1.0,1.0,0.9740762,0.99999999999997,0.39175056162432675,0.2396954191244191,0.9933071490757153,0.1
873,1,0.0,1.0,0.43333333333333335,0.0,0.0,0.0,1.0,0.02935826,0.99999999999997,0.4110749097032758,0.1,0.9933071490757153,0.1
874,1,0.0,1.0,0.4,0.0,0.0,0.0,1.0,0.0003822336,0.99999999999997,0.39313764872493656,0.5027237292266112,0.9933071490757153,0.1
875,1,1.0,1.0,0.4666666666666667,1.0,0.0,1.0,1.0,1.0,0.99999999999997,0.4484353507678877,0.9796939322360261,0.9933071490757153,0.1
876,1,0.0,1.0,0.4166666666666667,0.0,0.0,0.0,1.0,1.5429673e-06,0.99999999999997,0.4179591693026146,0.5788721893629614,0.9933071490757153,0.1
877,1,1.0,1.0,0.5,1.0,0.0,1.0,1.0,0.9999957,0.99999999999997,0.44936508133551845,0.47143310515717574,0.9933071490757153,0.1
878,1,0.0,1.0,0.38333333333333336,0.0,0.0,0.0,1.0,1.0082893e-11,0.99999999999997,0.3845720903484549,0.3085212558270388,0.9933071490757153,0.1
879,1,0.0,1.0,0.38333333333333336,0.0,0.0,0.0,1.0,0.0025231997,0.99999999999997,0.3677787774922967,0.5863917506975508,0.9933071490757153,0.1
880,1,0.0,0.8666666666666667,0.48333333333333334,0.0,0.0,0.0,0.0,1.7734313e-07,0.9186506329146085,0.440096130274602,0.923696945974114,0.9933071490757153,0.1
881,0,1.0,0.9666666666666667,0.43333333333333335,1.0,0.0,1.0,1.0,3.353724e-08,0.08036054901256744,0.47647684204816243,0.1,0.9933071490757153,0.1
882,0,1.0,1.0,0.4,1.0,0.0,1.0,1.0,0.008680548,0.0092068196150685,0.4891186482607661,0.23591402718930543,0.9933071490757153,0.1
883,0,1.0,1.0,0.38333333333333336,1.0,0.0,1.0,1.0,2.4518684e-08,0.004214886744514556,0.5292841856359799,0.9979954162958384,0.9933071490757153,0.1
884,0,1.0,1.0,0.31666666666666665,1.0,0.0,1.0,1.0,3.1439271e-09,0.004219759052099688,0.5903101148293897,0.11719430456435445,0.9933071490757153,0.1
885,0,1.0,1.0,0.5166666666666667,1.0,1.0,1.0,1.0,1.297325e-13,0.003727954218085093,0.4106190126379453,0.1311519718225145,0.9933071490757153,0.1
886,0,1.0,1.0,0.4166666666666667,1.0,0.0,1.0,1.0,9.225929e-05,0.0035835680287441807,0.48668013107415853,0.11561796117204028,0.9933071490757153,0.1
887,0,1.0,1.0,0.35,1.0,0.0,1.0,1.0,6.2020084e-11,0.007314371488490643,0.5271714624975161,0.4149772892577933,0.9933071490757153,0.1
888,0,1.0,1.0,0.3333333333333333,1.0,0.0,1.0,1.0,0.0015170181,0.00491590023299287,0.5448161432843218,0.8855583970276063,0.9933071490757153,0.1
889,0,1.0,1.0,0.4,1.0,0.0,1.0,1.0,0.06544695,0.004739858567867889,0.5008048039221108,0.980103926697409,0.9933071490757153,0.1
890,0,1.0,1.0,0.45,1.0,1.0,1.0,1.0,3.1439271e-09,0.0037380268460058346,0.4638558971812721,0.11719430456435445,0.9933071490757153,0.1
891,0,1.0,1.0,0.5166666666666667,1.0,1.0,1.0,1.0,1.0364013e-09,0.004784310636992204,0.41372609868443905,0.4945294450902513,0.9933071490757153,0.1
892,0,1.0,1.0,0.35,1.0,0.0,1.0,1.0,2.0406924e-05,0.0047190273493160255,0.5279162960739375,0.10725228949021454,0.9933071490757153,0.1
893,0,1.0,1.0,0.45,1.0,1.0,1.0,1.0,3.5843627e-07,0.004185797631439152,0.4660905023483325,0.2391664415520064,0.9933071490757153,0.1
894,0,1.0,1.0,0.5,1.0,1.0,1.0,1.0,8.1410835e-16,0.004464095548140399,0.43258571476512836,0.10584468567575259,0.9933071490757153,0.1
895,0,1.0,1.0,0.55,1.0,1.0,1.0,1.0,3.157402e-08,0.004194454092991424,0.38908088723150613,0.5193352341498825,0.9933071490757153,0.1
896,0,0.0,0.9833333333333333,0.31666666666666665,0.0,0.0,0.0,1.0,1.0,0.37476290978267135,0.5667909486657923,0.1,0.9933071490757153,0.1
897,1,1.0,1.0,0.4666666666666667,1.0,0.0,0.0,1.0,0.550831,0.9999999979408578,0.410592145110248,0.12088922789249722,0.9933071490757153,0.1
898,1,0.0,1.0,0.43333333333333335,0.0,0.0,0.0,1.0,5.590786e-06,0.999999995712176,0.4332814258106342,0.44006499374115504,0.9933071490757153,0.1
899,1,1.0,1.0,0.5,1.0,0.0,0.0,1.0,0.5618013,0.9999999904929026,0.4553063875844073,0.3053582626774316,0.9933071490757153,0.1
900,1,0.0,1.0,0.43333333333333335,0.0,0.0,0.0,1.0,0.0054697962,0.9999999946045911,0.40946054833953693,0.7785700948001012,0.9933071490757153,0.1
901,1,0.0,1.0,0.5,0.0,0.0,0.0,1.0,1.6477555e-12,0.9999999953734974,0.45362764614800105,0.20647906368086677,0.9933071490757153,0.1
902,1,0.0,1.0,0.4166666666666667,0.0,0.0,0.0,1.0,1.1084707e-08,0.9999999956773072,0.3982767354699264,0.15644719763959103,0.9933071490757153,0.1
903,1,1.0,1.0,0.4166666666666667,1.0,0.0,1.0,1.0,1.0,0.9999999960470023,0.4186084658551095,0.1,0.9933071490757153,0.1
904,1,0.0,1.0,0.4,0.0,0.0,0.0,1.0,4.0695167e-07,0.9999999967420145,0.3965385459799605,0.20241588034209188,0.9933071490757153,0.1
905,0,1.0,0.9833333333333333,0.5,1.0,0.0,0.0,1.0,2.1005093e-07,0.273715783349436,0.4262088625131002,0.10296087235770135,0.9933071490757153,0.1
906,1,1.0,1.0,0.31666666666666665,1.0,0.0,0.0,1.0,1.0,0.9667313543623882,0.31933721068145293,0.8950893076990338,0.9933071490757153,0.1
907,1,0.0,1.0,0.38333333333333336,0.0,0.0,0.0,1.0,3.532884e-06,0.9999999999999062,0.36393444047185464,0.1317212793084713,0.9933071490757153,0.1
908,1,0.0,1.0,0.36666666666666664,0.0,0.0,0.0,1.0,1.7868263e-14,0.9999999999999659,0.3678664341445606,0.109418967891856,0.9933071490757153,0.1
909,1,0.0,1.0,0.4166666666666667,0.0,0.0,0.0,1.0,5.8595557e-08,0.9999999999999661,0.4060121312201418,0.1,0.9933071490757153,0.1
910,1,0.0,1.0,0.45,0.0,0.0,0.0,1.0,2.5750171e-11,0.999999999999966,0.4441211003539827,0.4745245344510426,0.9933071490757153,0.1
911,1,0.0,1.0,0.35,0.0,0.0,0.0,1.0,6.067994e-15,0.9999999999992178,0.34179188369438634,0.1,0.9933071490757153,0.1
912,1,0.0,1.0,0.5,0.0,0.0,0.0,1.0,3.666873e-07,0.9999999999995318,0.4663885791990836,0.42319075445591686,0.9933071490757153,0.1
913,1,0.0,1.0,0.4,0.0,0.0,0.0,1.0,8.566691e-13,0.9999999999991231,0.37402385803595073,0.1,0.9933071490757153,0.1
914,1,0.0,1.0,0.4,0.0,0.0,0.0,1.0,0.03141834,0.9999999999997822,0.3727707740752223,0.38109838412325797,0.9933071490757153,0.1
915,1,0.0,1.0,0.4,0.0,0.0,0.0,1.0,3.316801e-16,0.9999999999999619,0.3989251188504879,0.1,0.9933071490757153,0.1
916,1,0.0,1.0,0.3,0.0,0.0,0.0,1.0,0.00025522607,0.9999999999999695,0.31147858442746484,0.176900308073858,0.9933071490757153,0.1
917,1,1.0,1.0,0.38333333333333336,1.0,0.0,1.0,1.0,0.9994605,0.9999999999999695,0.3510882236127643,0.8195881252651036,0.9933071490757153,0.1
918,1,0.0,1.0,0.38333333333333336,0.0,0.0,0.0,1.0,1.0188549e-05,0.99999999999997,0.3718546679420699,0.12162114194560572,0.9933071490757153,0.1
919,1,1.0,1.0,0.38333333333333336,1.0,0.0,1.0,1.0,0.98516244,0.99999999999997,0.3793052979603929,0.7823196640672091,0.9933071490757153,0.1
920,1,1.0,1.0,0.38333333333333336,1.0,0.0,1.0,1.0,0.9981918,0.99999999999997,0.3698361344172035,0.7285304584232442,0.9933071490757153,0.1
921,1,1.0,1.0,0.55,1.0,0.0,1.0,1.0,1.0,0.99999999999997,0.5108057864929129,0.1,0.9933071490757153,0.1
922,1,0.0,1.0,0.4,0.0,0.0,0.0,1.0,4.8167655e-13,0.99999999999997,0.39134514493307837,0.1,0.9933071490757153,0.1
923,1,1.0,1.0,0.45,1.0,0.0,1.0,1.0,1.0,0.99999999999997,0.4321989370886469,0.513689541498057,0.9933071490757153,0.1
924,1,1.0,1.0,0.36666666666666664,1.0,0.0,1.0,1.0,0.97937727,0.99999999999997,0.3832468832342771,0.2592875149667235,0.9933071490757153,0.1
925,1,0.0,1.0,0.4166666666666667,0.0,0.0,0.0,1.0,2.1719355e-09,0.99999999999997,0.4057205264112517,0.1,0.9933071490757153,0.1
926,1,0.0,1.0,0.5333333333333333,0.0,0.0,0.0,1.0,3.2762675e-11,0.99999999999997,0.48635243647333737,0.10722147998855316,0.9933071490757153,0.1
927,0,1.0,0.9833333333333333,0.38333333333333336,1.0,0.0,0.0,1.0,0.003716876,0.3163714651555144,0.4912062429915444,0.2826669658034909,0.9933071490757153,0.1
928,0,1.0,1.0,0.4,1.0,0.0,0.0,1.0,0.20903605,0.004736358480450977,0.505880103957961,0.17698174086800453,0.9933071490757153,0.1
929,1,1.0,1.0,0.4666666666666667,1.0,0.0,1.0,1.0,0.9999995,0.9995677415165244,0.4647819556997431,0.9548377739803534,0.9933071490757153,0.1
930,1,1.0,1.0,0.4,1.0,0.0,1.0,1.0,0.94289017,0.9999999999999275,0.4166584463483539,0.8970997143679128,0.9933071490757153,0.1
931,1,0.0,1.0,0.4,0.0,0.0,0.0,1.0,3.5862753e-09,0.999999999999932,0.41591542055752134,0.1,0.9933071490757153,0.1
932,1,0.0,1.0,0.5,1.0,0.0,0.0,1.0,7.342313e-12,0.999999999999911,0.5025918716452974,0.1,0.9933071490757153,0.1
933,1,0.0,1.0,0.26666666666666666,0.0,0.0,0.0,1.0,1.0364259e-07,0.999999999999787,0.3018071875244356,0.29228801924828185,0.9933071490757153,0.1
934,1,0.0,1.0,0.43333333333333335,0.0,0.0,0.0,1.0,0.00014888577,0.9999999999999163,0.4493121136080857,0.821126197328325,0.9933071490757153,0.1
935,1,0.0,1.0,0.5,1.0,0.0,0.0,1.0,5.4776206e-10,0.9999999999999102,0.5117680602345767,0.1,0.9933071490757153,0.1
936,1,0.0,1.0,0.3333333333333333,0.0,0.0,0.0,1.0,0.011441048,0.9999999999999605,0.360408753249632,0.1,0.9933071490757153,0.1
937,1,1.0,1.0,0.43333333333333335,1.0,0.0,1.0,1.0,1.0,0.9999999999999442,0.4456555061235327,0.1,0.9933071490757153,0.1
938,1,1.0,1.0,0.43333333333333335,1.0,0.0,1.0,1.0,0.99995244,0.9999999999999195,0.44783750848150855,0.5564606549820253,0.9933071490757153,0.1
939,1,1.0,1.0,0.43333333333333335,1.0,0.0,1.0,1.0,1.0,0.9999999999999362,0.43824534032588325,0.1,0.9933071490757153,0.1
940,1,1.0,1.0,0.36666666666666664,1.0,0.0,1.0,1.0,0.99999213,0.999999999999936,0.39205476006970325,0.9086617698191285,0.9933071490757153,0.1
941,1,0.0,1.0,0.38333333333333336,0.0,0.0,0.0,1.0,7.227268e-12,0.9999999999998744,0.40387657123084375,0.1,0.9933071490757153,0.1
942,1,0.0,1.0,0.4666666666666667,0.0,0.0,0.0,1.0,1.0082893e-11,0.9999999999999432,0.48569196790074554,0.3085212558270388,0.9933071490757153,0.1
943,1,0.0,1.0,0.43333333333333335,0.0,0.0,0.0,1.0,5.2601434e-11,0.9999999999999399,0.4356503824509309,0.1,0.9933071490757153,0.1
944,1,0.0,1.0,0.3333333333333333,0.0,0.0,0.0,1.0,9.646549e-10,0.9999999999999626,0.3585184819223103,0.11786017411062616,0.9933071490757153,0.1
945,1,1.0,1.0,0.38333333333333336,1.0,0.0,1.0,1.0,1.0,0.99999999999997,0.40534027355897023,0.1,0.9933071490757153,0.1
946,1,0.0,1.0,0.4666666666666667,0.0,0.0,0.0,1.0,1.0502198e-08,0.99999999999997,0.4770197537100929,0.10132309640258198,0.9933071490757153,0.1
947,1,0.0,1.0,0.31666666666666665,0.0,0.0,0.0,1.0,3.2212574e-10,0.99999999999997,0.3436625586736199,0.1,0.9933071490757153,0.1
948,1,0.0,1.0,0.4,0.0,0.0,0.0,1.0,7.728316e-08,0.99999999999997,0.41822860819127466,0.7322228243630095,0.9933071490757153,0.1
949,1,1.0,1.0,0.43333333333333335,1.0,0.0,1.0,1.0,1.0,0.99999999999997,0.43999759087257445,0.16336723947543177,0.9933071490757153,0.1
950,1,1.0,1.0,0.48333333333333334,1.0,0.0,1.0,1.0,1.0,0.99999999999997,0.4810662931871998,0.9647713656849725,0.9933071490757153,0.1
951,1,0.0,1.0,0.43333333333333335,0.0,0.0,0.0,1.0,5.1813588e-11,0.9999999999999684,0.4621004065479415,0.1,0.9933071490757153,0.1
952,1,0.0,1.0,0.43333333333333335,0.0,0.0,0.0,1.0,5.958634e-07,0.9999999999999402,0.45375291710757465,0.10736450167836581,0.9933071490757153,0.1
953,1,1.0,1.0,0.45,1.0,0.0,1.0,1.0,0.9999994,0.9999999999999607,0.46417719383615136,0.9049620050169207,0.9933071490757153,0.1
954,1,0.0,1.0,0.4166666666666667,0.0,0.0,0.0,1.0,1.02605595e-08,0.9999999999998852,0.4202286304513378,0.8449898795682121,0.9933071490757153,0.1
955,1,1.0,1.0,0.5,1.0,0.0,1.0,1.0,0.9977889,0.9999999999999308,0.49101571503074387,0.9892753308985678,0.9933071490757153,0.1
956,1,0.0,1.0,0.6,1.0,0.0,0.0,1.0,3.4992022e-06,0.999999999999964,0.5785145544131055,0.14569589348710546,0.9933071490757153,0.1
957,1,0.0,1.0,0.4,0.0,0.0,0.0,1.0,2.0240666e-05,0.9999999999999675,0.4333861768427889,0.1,0.9933071490757153,0.1
958,1,0.0,1.0,0.36666666666666664,0.0,0.0,0.0,1.0,2.8646227e-06,0.9999999999999684,0.3899098715866724,0.12026363467149806,0.9933071490757153,0.1
959,1,0.0,1.0,0.4166666666666667,0.0,0.0,0.0,1.0,8.972707e-07,0.9999999999999679,0.43626618213225593,0.454126126460324,0.9933071490757153,0.1
960,1,0.0,1.0,0.4666666666666667,0.0,0.0,0.0,1.0,0.00039370428,0.999999999999947,0.4697048429462563,0.6374785898708896,0.9933071490757153,0.1
961,1,0.0,1.0,0.3333333333333333,0.0,0.0,0.0,1.0,0.0045938985,0.9999999999999323,0.3462376912904943,0.9723431648074705,0.9933071490757153,0.1
962,1,1.0,1.0,0.4166666666666667,1.0,0.0,1.0,1.0,1.0,0.9999999999996791,0.4504593158741112,0.1,0.9933071490757153,0.1
963,1,0.0,1.0,0.48333333333333334,0.0,0.0,0.0,1.0,9.760011e-05,0.9999999999997846,0.4883668654478783,0.24049734995116775,0.9933071490757153,0.1
964,1,0.0,1.0,0.35,0.0,0.0,0.0,1.0,0.00039370428,0.9999999999998584,0.37821279932762875,0.6374785898708896,0.9933071490757153,0.1
965,1,1.0,1.0,0.55,1.0,1.0,1.0,1.0,1.0,0.9999999999998737,0.5631165620426674,0.1,0.9933071490757153,0.1
966,1,0.0,1.0,0.45,0.0,0.0,0.0,1.0,0.0094903335,0.9999999999999685,0.4434751076528488,0.1,0.9933071490757153,0.1
967,1,0.0,1.0,0.38333333333333336,0.0,0.0,0.0,1.0,9.474074e-05,0.9999999999999699,0.40008316487095286,0.736946150671004,0.9933071490757153,0.1
968,1,0.0,0.95,0.45,0.0,0.0,0.0,1.0,4.3130083e-15,0.8220066185686922,0.4347215584669949,0.1014573427661012,0.9933071490757153,0.1
969,1,0.0,1.0,0.38333333333333336,0.0,0.0,0.0,1.0,6.0884416e-16,0.9999999200018959,0.35763587387554957,0.1,0.9933071490757153,0.1
970,1,0.0,1.0,0.5333333333333333,0.0,0.0,0.0,1.0,4.602287e-09,0.999999809708502,0.4970208036652632,0.7086718405482586,0.9933071490757153,0.1
971,1,0.0,1.0,0.4166666666666667,0.0,0.0,0.0,1.0,1.0319423e-07,0.9999998778699737,0.3764822622327134,0.10887164534431243,0.9933071490757153,0.1
972,1,1.0,1.0,0.4666666666666667,1.0,0.0,1.0,1.0,1.0,0.9999999479821167,0.4406915394055375,0.936526394314618,0.9933071490757153,0.1
973,1,0.0,1.0,0.43333333333333335,0.0,0.0,0.0,1.0,3.8079668e-11,0.999999951335225,0.42023422362692975,0.1,0.9933071490757153,0.1
974,1,1.0,1.0,0.4166666666666667,1.0,0.0,0.0,1.0,0.91324127,0.9999999125280581,0.4113892809400383,0.9749796532056192,0.9933071490757153,0.1
975,1,1.0,1.0,0.43333333333333335,1.0,0.0,1.0,1.0,0.9999999,0.9999998969999481,0.40188746653356977,0.9789147076523018,0.9933071490757153,0.1
976,1,1.0,1.0,0.48333333333333334,1.0,0.0,1.0,1.0,1.0,0.9999999110475959,0.45751275502555483,0.1,0.9933071490757153,0.1
977,1,1.0,1.0,0.35,1.0,0.0,1.0,1.0,0.9999958,0.9999999359509908,0.33699730867668787,0.9774944708773715,0.9933071490757153,0.1
978,1,1.0,1.0,0.36666666666666664,1.0,0.0,1.0,1.0,1.0,0.9999998508474877,0.3702508426738759,0.1,0.9933071490757153,0.1
979,1,0.0,1.0,0.35,0.0,0.0,0.0,1.0,1.5649189e-15,0.9999998445826053,0.3649617395903251,0.16265467470925998,0.9933071490757153,0.1
980,1,0.0,1.0,0.4,0.0,0.0,0.0,1.0,6.51649e-08,0.9999998756741173,0.37718839302307844,0.6953230193556001,0.9933071490757153,0.1
981,1,0.0,1.0,0.38333333333333336,0.0,0.0,0.0,1.0,2.3248705e-11,0.9999999165042043,0.40956163498343096,0.1,0.9933071490757153,0.1
982,1,0.0,1.0,0.5,0.0,0.0,0.0,1.0,1.2922914e-10,0.9999999359555234,0.4673257587399032,0.1,0.9933071490757153,0.1
983,1,0.0,1.0,0.55,1.0,0.0,0.0,1.0,2.0708669e-07,0.999999927672786,0.5169925380646945,0.26610695778911114,0.9933071490757153,0.1
984,1,1.0,1.0,0.38333333333333336,1.0,0.0,0.0,1.0,0.75712246,0.9999999074336732,0.37014135598041686,0.7696480164241145,0.9933071490757153,0.1
985,1,1.0,1.0,0.36666666666666664,1.0,0.0,1.0,1.0,0.9971922,0.9999999304988918,0.35540275298114893,0.7890698367507994,0.9933071490757153,0.1
986,1,1.0,1.0,0.38333333333333336,1.0,0.0,1.0,1.0,1.0,0.9999998813265757,0.3823753919385529,0.1,0.9933071490757153,0.1
987,1,1.0,1.0,0.5166666666666667,1.0,0.0,1.0,1.0,0.9899588,0.9999999176432071,0.4560587063375829,0.9367930013213408,0.9933071490757153,0.1
988,1,1.0,1.0,0.36666666666666664,1.0,0.0,0.0,1.0,0.82649493,0.9999999608722938,0.3656005271603387,0.409736980526997,0.9933071490757153,0.1
989,1,0.0,1.0,0.4,0.0,0.0,0.0,1.0,5.417099e-14,0.9999999300797181,0.40051136501795975,0.4607463836202379,0.9933071490757153,0.1
990,1,1.0,1.0,0.36666666666666664,1.0,0.0,1.0,1.0,1.0,0.9999998754995109,0.3776301282140229,0.1,0.9933071490757153,0.1
991,1,0.0,1.0,0.5,0.0,0.0,0.0,1.0,1.2922914e-10,0.9999998396691908,0.4885549078636021,0.1,0.9933071490757153,0.1
992,1,1.0,1.0,0.26666666666666666,1.0,0.0,0.0,1.0,0.99998415,0.9999998359314024,0.2779599816947907,0.9781299272378974,0.9933071490757153,0.1
993,1,0.0,1.0,0.3,0.0,0.0,0.0,1.0,0.013527204,0.9999998863390004,0.3085094369636261,0.11142204983825776,0.9933071490757153,0.1
994,1,0.0,1.0,0.45,0.0,0.0,0.0,1.0,1.989907e-05,0.9999998140235633,0.4447330446950021,0.551269141944264,0.9933071490757153,0.1
995,1,1.0,1.0,0.38333333333333336,1.0,0.0,1.0,1.0,0.9999908,0.9999998195520424,0.40162625892971743,0.9423732774473915,0.9933071490757153,0.1
996,1,0.0,1.0,0.5833333333333334,1.0,0.0,0.0,1.0,2.1523305e-09,0.999999796880598,0.5133694001373857,0.6044847737219966,0.9933071490757153,0.1
997,1,1.0,1.0,0.4666666666666667,1.0,0.0,1.0,1.0,0.9999999,0.9999998439601784,0.44134284293493664,0.9262640364179036,0.9933071490757153,0.1
998,1,1.0,1.0,0.4,1.0,0.0,1.0,1.0,0.9999944,0.9999998022285304,0.36921763858929724,0.1,0.9933071490757153,0.1
999,1,0.0,1.0,0.38333333333333336,0.0,0.0,0.0,1.0,4.412218e-10,0.9999996671357063,0.398189954599503,0.1,0.9933071490757153,0.1
1000,1,0.0,1.0,0.45,0.0,0.0,0.0,1.0,0.0001236009,0.9999994407584505,0.4493857151523006,0.9366616839617817,0.9933071490757153,0.1
1001,1,1.0,1.0,0.31666666666666665,1.0,0.0,0.0,1.0,0.75712246,0.9999996598037354,0.3331381007192803,0.7696480164241145,0.9933071490757153,0.1
1002,1,0.0,1.0,0.43333333333333335,0.0,0.0,0.0,1.0,1.0709074e-07,0.9999997434397838,0.44115267279908105,0.12173750055962747,0.9933071490757153,0.1
1003,1,1.0,1.0,0.5333333333333333,1.0,0.0,1.0,1.0,0.9511587,0.9999997306221851,0.46760187250482177,0.8016973306775083,0.9933071490757153,0.1
1004,1,1.0,1.0,0.4666666666666667,1.0,0.0,1.0,1.0,1.0,0.9999997625032118,0.45304749905601605,0.7092602017863188,0.9933071490757153,0.1
1005,1,1.0,1.0,0.4666666666666667,1.0,0.0,1.0,1.0,0.9999995,0.999999774757493,0.439578089930413,0.868975024732962,0.9933071490757153,0.1
1006,1,0.0,1.0,0.38333333333333336,0.0,0.0,0.0,1.0,1.2238595e-11,0.9999998038454357,0.37453125591225706,0.700980509553111,0.9933071490757153,0.1
1007,1,0.0,1.0,0.4,0.0,0.0,0.0,1.0,5.204526e-11,0.9999997713950207,0.39166444841396264,0.1,0.9933071490757153,0.1
