win_idx,label,acc_v,acc_m,acc_u,acc_mv,acc_ds_eq,acc_ds_static,acc_ours,P_v,P_m,P_u,w_v,w_m,w_u
0,0,1.0,0.0,1.0,1.0,0.0,0.0,0.0,2.3113188e-11,0.997558635273297,0.017983599099547633,0.5508038408452627,0.9933071490757153,0.9890130573694068
1,0,1.0,0.8166666666666667,1.0,1.0,1.0,1.0,1.0,0.017211445,0.24201456431889765,0.017999777609842133,0.6887214926512577,0.9933071490757153,0.9890130573694068
2,0,1.0,1.0,1.0,1.0,1.0,1.0,1.0,0.07077655,0.0072291616766797994,0.017980979121394392,0.34818717052971254,0.9933071490757153,0.9890130573694068
3,0,1.0,1.0,1.0,1.0,1.0,1.0,1.0,3.3720992e-06,0.004596480064225587,0.017994153186201463,0.3678430339890275,0.9933071490757153,0.9890130573694068
4,0,1.0,1.0,1.0,1.0,1.0,1.0,1.0,1.9898287e-09,0.005018383728509402,0.0180109061957665,0.4916628149796306,0.9933071490757153,0.9890130573694068
5,0,1.0,1.0,1.0,1.0,1.0,1.0,1.0,1.3999605e-07,0.0045530913412734205,0.018005712824834454,0.5649010159634233,0.9933071490757153,0.9890130573694068
6,0,1.0,1.0,1.0,1.0,1.0,1.0,1.0,0.0005340704,0.0041801415723428425,0.018015482250310706,0.6972398516285525,0.9933071490757153,0.9890130573694068
7,0,1.0,1.0,1.0,1.0,1.0,1.0,1.0,1.2952968e-06,0.004116265013853502,0.018032861524962716,0.3849866427581571,0.9933071490757153,0.9890130573694068
8,0,1.0,1.0,1.0,1.0,1.0,1.0,1.0,1.4416149e-06,0.003159580624290654,0.01796670669012481,0.7839844315273204,0.9933071490757153,0.9890130573694068
9,0,1.0,1.0,1.0,1.0,1.0,1.0,1.0,5.7331068e-08,0.004122068799714739,0.018003781775759255,0.9991092738514524,0.9933071490757153,0.9890130573694068
10,0,1.0,1.0,1.0,1.0,1.0,1.0,1.0,4.1523485e-06,0.004035718369598903,0.01798663003310763,0.6446845973388201,0.9933071490757153,0.9890130573694068
11,0,1.0,1.0,1.0,1.0,1.0,1.0,1.0,9.252368e-09,0.004736319866376291,0.017943840566480348,0.1,0.9933071490757153,0.9890130573694068
12,0,1.0,1.0,1.0,1.0,1.0,1.0,1.0,4.470122e-06,0.0036457264221746105,0.01796371560326277,0.547471060681408,0.9933071490757153,0.9890130573694068
13,0,1.0,1.0,1.0,1.0,1.0,1.0,1.0,1.550645e-08,0.0045588768899591505,0.017958719216350845,0.36740111215190985,0.9933071490757153,0.9890130573694068
14,0,0.0,1.0,1.0,1.0,0.0,0.0,1.0,0.8570389,0.00477174022457474,0.017937100262131262,0.454158484455654,0.9933071490757153,0.9890130573694068
15,0,1.0,1.0,1.0,1.0,1.0,1.0,1.0,1.1460329e-12,0.005190800111392004,0.017943099323066695,0.1,0.9933071490757153,0.9890130573694068
16,0,0.0,1.0,1.0,1.0,0.0,0.0,1.0,0.5843747,0.00405528865148575,0.018018339276010032,0.5806144576179795,0.9933071490757153,0.9890130573694068
17,0,1.0,1.0,1.0,1.0,1.0,1.0,1.0,0.00018349984,0.0036422681777293097,0.018030149930407986,0.4730319837345803,0.9933071490757153,0.9890130573694068
18,0,1.0,1.0,1.0,1.0,1.0,1.0,1.0,2.7722949e-24,0.0030891609021395984,0.017977421674398694,0.1,0.9933071490757153,0.9890130573694068
19,0,1.0,1.0,1.0,1.0,1.0,1.0,1.0,1.8785358e-16,0.004771598729878896,0.01793471341419194,0.7928986293262459,0.9933071490757153,0.9890130573694068
20,0,1.0,1.0,1.0,1.0,1.0,1.0,1.0,1.5745817e-10,0.004679806714851662,0.018026880503779152,0.6522351397991744,0.9933071490757153,0.9890130573694068
21,0,1.0,1.0,1.0,1.0,1.0,1.0,1.0,0.28808177,0.0048518420456504915,0.018000857479563252,0.1,0.9933071490757153,0.9890130573694068
22,0,1.0,1.0,1.0,1.0,1.0,1.0,1.0,0.01165851,0.0033851516193718185,0.018004540781351618,0.3518750825811101,0.9933071490757153,0.9890130573694068
23,0,1.0,1.0,1.0,1.0,1.0,1.0,1.0,2.4557574e-12,0.0045275457784082285,0.018011160834375484,0.990732969851249,0.9933071490757153,0.9890130573694068
24,0,1.0,1.0,1.0,1.0,1.0,1.0,1.0,1.5601433e-09,0.005208386099605441,0.01797045040202643,0.6882192184900471,0.9933071490757153,0.9890130573694068
25,0,0.0,1.0,1.0,1.0,0.0,0.0,1.0,0.8440679,0.0050167466647594305,0.01800694394025431,0.558416845077203,0.9933071490757153,0.9890130573694068
26,0,1.0,1.0,1.0,1.0,1.0,1.0,1.0,7.897356e-08,0.004607328373514028,0.01801368071388895,0.8562741877823105,0.9933071490757153,0.9890130573694068
27,0,1.0,1.0,1.0,1.0,1.0,1.0,1.0,6.700966e-16,0.005138579954157892,0.017970306518241982,0.1,0.9933071490757153,0.9890130573694068
28,0,1.0,1.0,1.0,1.0,1.0,1.0,1.0,7.897356e-08,0.004708783756248627,0.017966158959989476,0.8562741877823105,0.9933071490757153,0.9890130573694068
29,0,1.0,1.0,1.0,1.0,1.0,1.0,1.0,0.00041857635,0.004140407365899221,0.018009917154296996,0.21067405256036442,0.9933071490757153,0.9890130573694068
30,0,1.0,1.0,1.0,1.0,1.0,1.0,1.0,6.338369e-17,0.0058095512849120805,0.01799848196471161,0.9995724728089643,0.9933071490757153,0.9890130573694068
31,0,1.0,1.0,1.0,1.0,1.0,1.0,1.0,1.66778e-08,0.003850518058190996,0.01800534100244194,0.1,0.9933071490757153,0.9890130573694068
32,0,1.0,1.0,1.0,1.0,1.0,1.0,1.0,0.049168583,0.005192907186117287,0.018017869961445436,0.11786903947151654,0.9933071490757153,0.9890130573694068
33,0,1.0,1.0,1.0,1.0,1.0,1.0,1.0,1.2015001e-15,0.00392625996318497,0.018002153392372752,0.1,0.9933071490757153,0.9890130573694068
34,0,1.0,1.0,1.0,1.0,1.0,1.0,1.0,2.601314e-11,0.0033077791546566255,0.018022834463977917,0.13624272333017856,0.9933071490757153,0.9890130573694068
35,0,1.0,1.0,1.0,1.0,0.0,1.0,1.0,1.0986173e-13,0.23778531787057325,0.23868876055271535,0.27605559030944316,0.9933071490757153,0.9890130573694068
36,1,1.0,1.0,1.0,1.0,1.0,1.0,1.0,0.71187156,0.99999999999997,0.9640802022031237,0.1553044434325077,0.9933071490757153,0.9890130573694068
37,1,1.0,1.0,1.0,1.0,1.0,1.0,1.0,0.9999999,0.99999999999997,0.9640429831853325,0.8838381689117344,0.9933071490757153,0.9890130573694068
38,1,0.0,1.0,1.0,1.0,0.0,0.0,1.0,1.511587e-08,0.99999999999997,0.96401179237062,0.10848605137400197,0.9933071490757153,0.9890130573694068
39,1,0.0,1.0,1.0,1.0,0.0,0.0,1.0,0.015351778,0.99999999999997,0.9640783140655759,0.1,0.9933071490757153,0.9890130573694068
40,1,1.0,1.0,1.0,1.0,1.0,1.0,1.0,1.0,0.99999999999997,0.9641349741139043,0.9681271088537297,0.9933071490757153,0.9890130573694068
41,1,1.0,1.0,1.0,1.0,1.0,1.0,1.0,0.9999443,0.99999999999997,0.9641585863982269,0.12746446929133737,0.9933071490757153,0.9890130573694068
42,1,1.0,1.0,1.0,1.0,1.0,1.0,1.0,0.86205244,0.99999999999997,0.9641360950809239,0.3376381825423346,0.9933071490757153,0.9890130573694068
43,1,1.0,1.0,1.0,1.0,1.0,1.0,1.0,0.99394715,0.99999999999997,0.9640913736824875,0.6517316042572915,0.9933071490757153,0.9890130573694068
44,1,1.0,1.0,1.0,1.0,1.0,1.0,1.0,0.99577254,0.99999999999997,0.9640658963451442,0.967978510721893,0.9933071490757153,0.9890130573694068
45,1,1.0,1.0,1.0,1.0,1.0,1.0,1.0,0.9999988,0.99999999999997,0.9639298209624165,0.3021424802126031,0.9933071490757153,0.9890130573694068
46,1,1.0,1.0,1.0,1.0,1.0,1.0,1.0,0.9999076,0.99999999999997,0.9640171788024848,0.6402486413530317,0.9933071490757153,0.9890130573694068
47,1,1.0,1.0,1.0,1.0,1.0,1.0,1.0,1.0,0.99999999999997,0.9641141240469959,0.973701380931077,0.9933071490757153,0.9890130573694068
48,1,1.0,1.0,1.0,1.0,1.0,1.0,1.0,0.9999907,0.99999999999997,0.9639297045319845,0.6812631768627311,0.9933071490757153,0.9890130573694068
49,1,1.0,1.0,1.0,1.0,1.0,1.0,1.0,0.9998708,0.99999999999997,0.9640261050103994,0.9171636957063363,0.9933071490757153,0.9890130573694068
50,1,1.0,1.0,1.0,1.0,1.0,1.0,1.0,1.0,0.99999999999997,0.9641225694850762,0.28789149320907753,0.9933071490757153,0.9890130573694068
51,1,0.0,1.0,1.0,1.0,0.0,0.0,1.0,6.56229e-08,0.99999999999997,0.963973433437895,0.10946661450129415,0.9933071490757153,0.9890130573694068
52,1,1.0,1.0,1.0,1.0,1.0,1.0,1.0,0.7400898,0.99999999999997,0.9640789205947828,0.41674236585636715,0.9933071490757153,0.9890130573694068
53,1,1.0,1.0,1.0,1.0,1.0,1.0,1.0,1.0,0.99999999999997,0.9641334326690056,0.9920934280056112,0.9933071490757153,0.9890130573694068
54,1,1.0,1.0,1.0,1.0,1.0,1.0,1.0,0.9327488,0.99999999999997,0.964096260328566,0.1942631524553322,0.9933071490757153,0.9890130573694068
55,1,1.0,1.0,1.0,1.0,1.0,1.0,1.0,1.0,0.99999999999997,0.9640737436542801,0.9738999461658987,0.9933071490757153,0.9890130573694068
56,1,0.0,1.0,1.0,1.0,0.0,0.0,1.0,0.013876398,0.99999999999997,0.9641091818712066,0.26475130161980964,0.9933071490757153,0.9890130573694068
57,1,1.0,1.0,1.0,1.0,1.0,1.0,1.0,1.0,0.99999999999997,0.9640817307572251,0.9648886175136271,0.9933071490757153,0.9890130573694068
58,1,1.0,1.0,1.0,1.0,1.0,1.0,1.0,0.98872364,0.99999999999997,0.9640006561181449,0.21357414380545237,0.9933071490757153,0.9890130573694068
59,1,1.0,1.0,1.0,1.0,1.0,1.0,1.0,0.7817242,0.99999999999997,0.9641536902137587,0.9072462809628445,0.9933071490757153,0.9890130573694068
60,1,1.0,1.0,1.0,1.0,1.0,1.0,1.0,0.9999994,0.99999999999997,0.9641119262647924,0.829490294552617,0.9933071490757153,0.9890130573694068
61,1,0.0,1.0,1.0,1.0,0.0,0.0,1.0,0.0066812015,0.99999999999997,0.9641360124303194,0.5869261842791996,0.9933071490757153,0.9890130573694068
62,1,0.0,1.0,1.0,1.0,0.0,0.0,1.0,0.00012562756,0.99999999999997,0.9640668304867266,0.1,0.9933071490757153,0.9890130573694068
63,1,1.0,1.0,1.0,1.0,1.0,1.0,1.0,0.9296755,0.99999999999997,0.9640193978649416,0.9710838986236592,0.9933071490757153,0.9890130573694068
64,1,1.0,1.0,1.0,1.0,1.0,1.0,1.0,0.99999964,0.99999999999997,0.9640948753970825,0.19819513184636203,0.9933071490757153,0.9890130573694068
65,1,1.0,1.0,1.0,1.0,1.0,1.0,1.0,1.0,0.99999999999997,0.9640767342533081,0.9220078579861262,0.9933071490757153,0.9890130573694068
66,1,0.0,1.0,1.0,1.0,0.0,0.0,1.0,8.282427e-07,0.99999999999997,0.9640741712276811,0.14222053581572847,0.9933071490757153,0.9890130573694068
67,1,1.0,1.0,1.0,1.0,1.0,1.0,1.0,0.96589345,0.99999999999997,0.9641568086273641,0.2193308466397248,0.9933071490757153,0.9890130573694068
68,1,0.0,1.0,1.0,1.0,0.0,0.0,1.0,0.033638906,0.99999999999997,0.9640396106827541,0.2471523298993796,0.9933071490757153,0.9890130573694068
69,1,1.0,1.0,1.0,1.0,1.0,1.0,1.0,0.99625635,0.99999999999997,0.9640833853498939,0.9966435136589296,0.9933071490757153,0.9890130573694068
70,1,0.0,1.0,1.0,1.0,0.0,0.0,1.0,0.0024473674,0.99999999999997,0.9641151317333186,0.16484318227539646,0.9933071490757153,0.9890130573694068
71,1,1.0,1.0,1.0,1.0,1.0,1.0,1.0,0.9999933,0.99999999999997,0.9641329757626581,0.9504592667381131,0.9933071490757153,0.9890130573694068
72,1,1.0,1.0,1.0,1.0,1.0,1.0,1.0,1.0,0.99999999999997,0.9641299134398867,0.9362379287018224,0.9933071490757153,0.9890130573694068
73,1,1.0,1.0,1.0,1.0,1.0,1.0,1.0,1.0,0.99999999999997,0.9640336504824337,0.9945367085218405,0.9933071490757153,0.9890130573694068
74,1,1.0,1.0,1.0,1.0,1.0,1.0,1.0,0.99894875,0.99999999999997,0.9639908960859871,0.1561881105089366,0.9933071490757153,0.9890130573694068
75,1,1.0,1.0,1.0,1.0,1.0,1.0,1.0,0.9999999,0.99999999999997,0.9640606891368291,0.9842002216144067,0.9933071490757153,0.9890130573694068
76,1,1.0,1.0,1.0,1.0,1.0,1.0,1.0,0.99999774,0.99999999999997,0.9641010215452618,0.202255541285115,0.9933071490757153,0.9890130573694068
77,1,0.0,1.0,1.0,1.0,0.0,0.0,1.0,0.0018185611,0.99999999999997,0.9640442452280203,0.2329042203047659,0.9933071490757153,0.9890130573694068
78,1,0.0,1.0,1.0,1.0,0.0,0.0,1.0,0.14978017,0.99999999999997,0.9640655064470895,0.3054991466268482,0.9933071490757153,0.9890130573694068
79,1,1.0,1.0,1.0,1.0,1.0,1.0,1.0,0.99984074,0.99999999999997,0.9640464243280314,0.7252782333946274,0.9933071490757153,0.9890130573694068
80,1,1.0,1.0,1.0,1.0,1.0,1.0,1.0,0.9990233,0.99999999999997,0.9640481028938779,0.6319004187058633,0.9933071490757153,0.9890130573694068
81,1,1.0,1.0,1.0,1.0,1.0,1.0,1.0,0.99916196,0.99999999999997,0.9641649674018092,0.1682408635476951,0.9933071490757153,0.9890130573694068
82,1,1.0,1.0,1.0,1.0,1.0,1.0,1.0,0.99962425,0.99999999999997,0.9641355724169228,0.41521275564549165,0.9933071490757153,0.9890130573694068
83,1,1.0,1.0,1.0,1.0,1.0,1.0,1.0,1.0,0.99999999999997,0.9641486702666611,0.9808944486873896,0.9933071490757153,0.9890130573694068
84,1,1.0,1.0,1.0,1.0,1.0,1.0,1.0,1.0,0.99999999999997,0.9640527039791859,0.7426037373333249,0.9933071490757153,0.9890130573694068
85,1,0.0,1.0,1.0,1.0,0.0,0.0,1.0,0.029453402,0.99999999999997,0.9641225079787222,0.15568730533669647,0.9933071490757153,0.9890130573694068
86,1,1.0,1.0,1.0,1.0,1.0,1.0,1.0,0.6970017,0.99999999999997,0.9640863181899277,0.10162651340071192,0.9933071490757153,0.9890130573694068
87,1,1.0,1.0,1.0,1.0,1.0,1.0,1.0,0.99602485,0.99999999999997,0.96415610193814,0.18827932437272146,0.9933071490757153,0.9890130573694068
88,1,1.0,1.0,1.0,1.0,1.0,1.0,1.0,0.9999994,0.99999999999997,0.9641216666951207,0.7205023167507645,0.9933071490757153,0.9890130573694068
89,1,1.0,1.0,1.0,1.0,1.0,1.0,1.0,1.0,0.99999999999997,0.9640788244413192,0.9827024396452833,0.9933071490757153,0.9890130573694068
90,1,1.0,1.0,1.0,1.0,1.0,1.0,1.0,0.9987723,0.99999999999997,0.9640486642642461,0.995815762541467,0.9933071490757153,0.9890130573694068
91,1,1.0,1.0,1.0,1.0,1.0,1.0,1.0,0.9999995,0.99999999999997,0.9640324109006017,0.8756154174731611,0.9933071490757153,0.9890130573694068
92,1,1.0,1.0,1.0,1.0,1.0,1.0,1.0,0.9999999,0.99999999999997,0.964086255860351,0.16077130236249393,0.9933071490757153,0.9890130573694068
93,1,1.0,1.0,1.0,1.0,1.0,1.0,1.0,1.0,0.99999999999997,0.9640456510198625,0.6966141494816437,0.9933071490757153,0.9890130573694068
94,1,0.0,1.0,1.0,1.0,0.0,0.0,1.0,0.0004184108,0.99999999999997,0.9640626218696824,0.23466765181219684,0.9933071490757153,0.9890130573694068
95,1,1.0,1.0,1.0,1.0,1.0,1.0,1.0,0.9999999,0.99999999999997,0.964057784141349,0.6236663866323502,0.9933071490757153,0.9890130573694068
96,1,0.0,1.0,1.0,1.0,0.0,0.0,1.0,4.202047e-11,0.99999999999997,0.9640126111203863,0.1,0.9933071490757153,0.9890130573694068
97,1,1.0,1.0,1.0,1.0,1.0,1.0,1.0,0.9997893,0.99999999999997,0.9640695929216232,0.9989148678978335,0.9933071490757153,0.9890130573694068
98,1,1.0,1.0,1.0,1.0,1.0,1.0,1.0,0.99999714,0.99999999999997,0.9640737781407236,0.9992929524252423,0.9933071490757153,0.9890130573694068
99,1,1.0,1.0,1.0,1.0,1.0,1.0,1.0,0.9998604,0.99999999999997,0.9641772515908519,0.12636005798666647,0.9933071490757153,0.9890130573694068
100,1,1.0,1.0,1.0,1.0,1.0,1.0,1.0,1.0,0.99999999999997,0.9640467110090888,0.9568638582528629,0.9933071490757153,0.9890130573694068
101,1,1.0,1.0,1.0,1.0,1.0,1.0,1.0,1.0,0.99999999999997,0.9641354040559308,0.5496327165916293,0.9933071490757153,0.9890130573694068
102,1,1.0,1.0,1.0,1.0,1.0,1.0,1.0,0.71442086,0.99999999999997,0.9641396380939529,0.2783684881969406,0.9933071490757153,0.9890130573694068
103,1,1.0,1.0,1.0,1.0,1.0,1.0,1.0,1.0,0.99999999999997,0.9640597774643194,0.1442554932191652,0.9933071490757153,0.9890130573694068
104,1,1.0,1.0,1.0,1.0,1.0,1.0,1.0,0.99990046,0.99999999999997,0.9641197159382356,0.14045552217628623,0.9933071490757153,0.9890130573694068
105,1,1.0,1.0,1.0,1.0,1.0,1.0,1.0,1.0,0.99999999999997,0.9640536500688183,0.5153295330100781,0.9933071490757153,0.9890130573694068
106,1,0.0,0.9166666666666666,1.0,1.0,0.0,0.0,1.0,0.19627094,0.9999999999764284,0.8938213658153714,0.10119096444439206,0.9933071490757153,0.9890130573694068
107,1,1.0,1.0,1.0,1.0,1.0,0.0,1.0,0.6221816,0.99999999999997,0.9945332240013899,0.22878561753558377,0.9933071490757153,0.9890130573694068
108,1,0.0,1.0,1.0,1.0,0.0,0.0,1.0,4.7548635e-11,0.99999999999997,0.9945154826311059,0.1,0.9933071490757153,0.9890130573694068
109,1,1.0,1.0,1.0,1.0,1.0,1.0,1.0,0.9009523,0.99999999999997,0.994520636585736,0.17402215682731953,0.9933071490757153,0.9890130573694068
110,1,1.0,1.0,1.0,1.0,1.0,1.0,1.0,0.9999703,0.99999999999997,0.9945426938328643,0.13630983221320886,0.9933071490757153,0.9890130573694068
111,1,1.0,1.0,1.0,1.0,1.0,1.0,1.0,0.971315,0.99999999999997,0.9945351115825477,0.7849507421831171,0.9933071490757153,0.9890130573694068
112,1,1.0,1.0,1.0,1.0,1.0,1.0,1.0,1.0,0.99999999999997,0.9945344920947761,0.8784705424480276,0.9933071490757153,0.9890130573694068
113,1,1.0,1.0,1.0,1.0,1.0,1.0,1.0,1.0,0.99999999999997,0.9945337452195309,0.9992888013263823,0.9933071490757153,0.9890130573694068
114,1,1.0,1.0,1.0,1.0,1.0,1.0,1.0,0.8386565,0.99999999999997,0.9945286718982048,0.12989260380094145,0.9933071490757153,0.9890130573694068
115,1,1.0,1.0,1.0,1.0,1.0,1.0,1.0,0.9999995,0.99999999999997,0.9945329184508114,0.8756154174731611,0.9933071490757153,0.9890130573694068
116,1,1.0,1.0,1.0,1.0,1.0,1.0,1.0,0.98682785,0.99999999999997,0.9945221707711087,0.1423031061774227,0.9933071490757153,0.9890130573694068
117,1,1.0,1.0,1.0,1.0,1.0,1.0,1.0,1.0,0.99999999999997,0.994528718738935,0.9573255200962936,0.9933071490757153,0.9890130573694068
118,1,0.0,1.0,1.0,1.0,0.0,0.0,1.0,2.8752157e-11,0.99999999999997,0.9945251835174308,0.19064880557792444,0.9933071490757153,0.9890130573694068
119,1,1.0,1.0,1.0,1.0,1.0,1.0,1.0,1.0,0.99999999999997,0.9945248439771422,0.9196175832437509,0.9933071490757153,0.9890130573694068
120,1,0.0,1.0,1.0,1.0,0.0,0.0,1.0,5.2143713e-07,0.99999999999997,0.9945346418562035,0.3109953816060252,0.9933071490757153,0.9890130573694068
121,1,1.0,1.0,1.0,1.0,1.0,1.0,1.0,1.0,0.99999999999997,0.9945499258776563,0.7331541676205773,0.9933071490757153,0.9890130573694068
122,1,1.0,1.0,1.0,1.0,1.0,1.0,1.0,1.0,0.99999999999997,0.9945118124016814,0.7408851222515064,0.9933071490757153,0.9890130573694068
123,1,1.0,1.0,1.0,1.0,1.0,1.0,1.0,0.9908941,0.99999999999997,0.9945345124062545,0.1448332707106699,0.9933071490757153,0.9890130573694068
124,1,1.0,1.0,1.0,1.0,1.0,1.0,1.0,1.0,0.99999999999997,0.9945287560843454,0.9962155936503875,0.9933071490757153,0.9890130573694068
125,1,1.0,1.0,1.0,1.0,1.0,1.0,1.0,0.99998736,0.99999999999997,0.9945376989484769,0.6514062411203296,0.9933071490757153,0.9890130573694068
126,1,1.0,1.0,1.0,1.0,1.0,1.0,1.0,1.0,0.99999999999997,0.9945280394127829,0.9994148813246665,0.9933071490757153,0.9890130573694068
127,1,0.0,1.0,1.0,1.0,0.0,0.0,1.0,0.00064438104,0.99999999999997,0.9945211827782299,0.3253321580145229,0.9933071490757153,0.9890130573694068
128,1,1.0,1.0,1.0,1.0,1.0,1.0,1.0,1.0,0.99999999999997,0.9945239376294283,0.8879183076321016,0.9933071490757153,0.9890130573694068
129,1,0.0,0.7666666666666667,1.0,1.0,0.0,0.0,1.0,1.4533386e-07,0.9999999999998194,0.7666697020530613,0.12108087252116514,0.9933071490757153,0.9890130573694068
130,0,1.0,0.2833333333333333,1.0,1.0,0.0,0.0,1.0,2.720611e-11,0.7320825530383899,0.018030117137278576,0.9995806010728354,0.9933071490757153,0.9890130573694068
131,0,1.0,0.9833333333333333,1.0,1.0,1.0,1.0,1.0,4.660711e-10,0.06086039008044039,0.01798526650829464,0.8639047017599346,0.9933071490757153,0.9890130573694068
132,0,1.0,1.0,1.0,1.0,1.0,1.0,1.0,1.6500316e-13,0.007320993768384922,0.017914216228186734,0.1,0.9933071490757153,0.9890130573694068
133,0,1.0,1.0,1.0,1.0,1.0,1.0,1.0,3.8550463e-10,0.006222851189422207,0.018041127887557216,0.1,0.9933071490757153,0.9890130573694068
134,0,1.0,1.0,1.0,1.0,1.0,1.0,1.0,0.0020911896,0.0036040080519644,0.0180264878405827,0.648221453472931,0.9933071490757153,0.9890130573694068
135,0,1.0,1.0,1.0,1.0,1.0,1.0,1.0,1.7201692e-05,0.003900090447017687,0.017955090627960857,0.30116533677653956,0.9933071490757153,0.9890130573694068
136,0,1.0,1.0,1.0,1.0,1.0,1.0,1.0,4.4118372e-11,0.0037021136755583796,0.0180131961835136,0.9143227252863834,0.9933071490757153,0.9890130573694068
137,0,1.0,1.0,1.0,1.0,1.0,1.0,1.0,1.9646604e-08,0.003785332360342608,0.017997008666133373,0.7448922795980507,0.9933071490757153,0.9890130573694068
138,0,1.0,1.0,1.0,1.0,1.0,1.0,1.0,8.267238e-08,0.003359692037730042,0.01799757051959713,0.5538885054262787,0.9933071490757153,0.9890130573694068
139,0,1.0,1.0,1.0,1.0,1.0,1.0,1.0,5.831094e-11,0.004911315087114668,0.0180344564754145,0.8910931072315785,0.9933071490757153,0.9890130573694068
140,0,1.0,1.0,1.0,1.0,1.0,1.0,1.0,0.0043289815,0.0038893210524202967,0.0179854053115519,0.21726985342738578,0.9933071490757153,0.9890130573694068
141,0,1.0,1.0,1.0,1.0,1.0,1.0,1.0,1.5844362e-05,0.0037699346720613336,0.017978230341709887,0.4478362074018653,0.9933071490757153,0.9890130573694068
142,0,1.0,1.0,1.0,1.0,1.0,1.0,1.0,1.0355342e-12,0.00418368159209385,0.01797071412920182,0.2499748066427335,0.9933071490757153,0.9890130573694068
143,0,1.0,1.0,1.0,1.0,1.0,1.0,1.0,4.8228958e-05,0.005370650040993098,0.018055442778110997,0.5565763561380969,0.9933071490757153,0.9890130573694068
144,0,1.0,1.0,1.0,1.0,1.0,1.0,1.0,0.016298562,0.004201098556870413,0.017998353354181453,0.5819534900497908,0.9933071490757153,0.9890130573694068
145,0,1.0,1.0,1.0,1.0,1.0,1.0,1.0,3.3666e-19,0.0038088080295597747,0.017992186733076718,0.1,0.9933071490757153,0.9890130573694068
146,0,1.0,1.0,1.0,1.0,1.0,1.0,1.0,7.2776443e-06,0.004493716776623394,0.018001559850657125,0.46330446303950984,0.9933071490757153,0.9890130573694068
147,0,0.0,1.0,1.0,1.0,0.0,0.0,1.0,0.99442506,0.004681095831760942,0.01800084158054697,0.1574125423167248,0.9933071490757153,0.9890130573694068
148,0,1.0,1.0,1.0,1.0,1.0,1.0,1.0,0.0018194554,0.0064383785918102066,0.018021783050207033,0.6957094572770847,0.9933071490757153,0.9890130573694068
149,0,1.0,1.0,1.0,1.0,1.0,1.0,1.0,1.3834929e-08,0.0057555439159498135,0.018000080498041488,0.6055256442980415,0.9933071490757153,0.9890130573694068
150,0,1.0,1.0,1.0,1.0,1.0,1.0,1.0,8.513639e-09,0.004994236623257073,0.01798299606262505,0.6325919439247499,0.9933071490757153,0.9890130573694068
151,0,1.0,1.0,1.0,1.0,1.0,1.0,1.0,2.937958e-19,0.00425751350662788,0.018007960398948506,0.1,0.9933071490757153,0.9890130573694068
152,0,1.0,1.0,1.0,1.0,1.0,1.0,1.0,0.013509481,0.004447342525222675,0.01799188515890226,0.8568247547274007,0.9933071490757153,0.9890130573694068
153,0,1.0,1.0,1.0,1.0,1.0,1.0,1.0,1.460841e-09,0.004529949005534935,0.017978069137164907,0.9923468685010688,0.9933071490757153,0.9890130573694068
154,0,1.0,1.0,1.0,1.0,1.0,1.0,1.0,3.2485738e-13,0.0051023855112059865,0.01796991507206427,0.4787185928571433,0.9933071490757153,0.9890130573694068
155,0,1.0,1.0,1.0,1.0,1.0,1.0,1.0,5.5164423e-15,0.004651231404590268,0.017950263141135393,0.1,0.9933071490757153,0.9890130573694068
156,0,1.0,1.0,1.0,1.0,1.0,1.0,1.0,0.0390779,0.003735912100679376,0.017996991052632798,0.8669252488375461,0.9933071490757153,0.9890130573694068
157,0,1.0,1.0,1.0,1.0,1.0,1.0,1.0,0.0060254866,0.004324502450594474,0.017962541284596442,0.6957246331956898,0.9933071490757153,0.9890130573694068
158,0,1.0,1.0,1.0,1.0,1.0,1.0,1.0,0.00031435734,0.004248758072011928,0.017982295520859275,0.7113794801759885,0.9933071490757153,0.9890130573694068
159,0,1.0,1.0,1.0,1.0,1.0,1.0,1.0,6.11975e-07,0.0035814534188225913,0.017993145109288417,0.1,0.9933071490757153,0.9890130573694068
160,0,1.0,1.0,1.0,1.0,1.0,1.0,1.0,3.8954885e-12,0.003881547307955557,0.017996810342999974,0.8631632868036357,0.9933071490757153,0.9890130573694068
161,0,1.0,1.0,1.0,1.0,1.0,1.0,1.0,0.16361837,0.006436248983705975,0.01799269838817142,0.44360660770566573,0.9933071490757153,0.9890130573694068
162,0,0.0,1.0,1.0,1.0,0.0,0.0,1.0,0.8440679,0.004423813631130201,0.018015287798496437,0.558416845077203,0.9933071490757153,0.9890130573694068
163,0,1.0,1.0,1.0,1.0,1.0,1.0,1.0,0.11078715,0.003579385109829659,0.018017245949092455,0.1,0.9933071490757153,0.9890130573694068
164,0,1.0,1.0,1.0,1.0,1.0,1.0,1.0,1.3129836e-06,0.0032047477029002406,0.017961113547861996,0.4047152221538953,0.9933071490757153,0.9890130573694068
165,0,1.0,1.0,1.0,1.0,1.0,1.0,1.0,0.066602536,0.0046013673613062335,0.017935420544611513,0.9817282049275142,0.9933071490757153,0.9890130573694068
166,0,1.0,1.0,1.0,1.0,1.0,1.0,1.0,0.0003476385,0.004825396597401294,0.017996016718413985,0.9936376477326303,0.9933071490757153,0.9890130573694068
167,0,1.0,1.0,1.0,1.0,1.0,1.0,1.0,1.0692812e-14,0.0031090353757527583,0.018000828385151775,0.1,0.9933071490757153,0.9890130573694068
168,0,1.0,1.0,1.0,1.0,1.0,1.0,1.0,3.6163837e-07,0.00408510949783579,0.017970928930166292,0.5705248063790929,0.9933071490757153,0.9890130573694068
169,0,1.0,1.0,1.0,1.0,1.0,1.0,1.0,6.977717e-07,0.005039830152987866,0.017978051239989808,0.8384499145517476,0.9933071490757153,0.9890130573694068
170,0,0.0,1.0,1.0,1.0,0.0,0.0,1.0,0.5506522,0.004078668808992167,0.017993955913131725,0.9935646920769414,0.9933071490757153,0.9890130573694068
171,0,0.0,1.0,1.0,1.0,0.0,0.0,1.0,0.6898159,0.004364233237229635,0.017971746150909674,0.1294942904518499,0.9933071490757153,0.9890130573694068
172,0,1.0,1.0,1.0,1.0,1.0,1.0,1.0,7.2776443e-06,0.004579338978290591,0.0179767978827603,0.46330446303950984,0.9933071490757153,0.9890130573694068
173,0,1.0,1.0,1.0,1.0,1.0,1.0,1.0,6.492412e-06,0.003715603387430021,0.01797850689047672,0.12575598482892544,0.9933071490757153,0.9890130573694068
174,0,1.0,1.0,1.0,1.0,1.0,1.0,1.0,2.7484322e-05,0.005026371741176027,0.01802300147707043,0.9397306151772803,0.9933071490757153,0.9890130573694068
175,0,1.0,1.0,1.0,1.0,1.0,1.0,1.0,6.8185696e-10,0.0041166119787491105,0.01798981015254505,0.8844881843282184,0.9933071490757153,0.9890130573694068
176,1,1.0,1.0,1.0,1.0,1.0,1.0,1.0,0.836523,0.9018811506372191,0.8943622463443983,0.14249221425707415,0.9933071490757153,0.9890130573694068
177,1,0.0,1.0,1.0,1.0,0.0,0.0,1.0,0.013876398,0.9999999999999697,0.9917864078990258,0.26475130161980964,0.9933071490757153,0.9890130573694068
178,1,0.0,1.0,1.0,1.0,0.0,0.0,1.0,2.5227207e-09,0.99999999999997,0.9917563151297609,0.7017395020523571,0.9933071490757153,0.9890130573694068
179,1,1.0,1.0,1.0,1.0,1.0,1.0,1.0,1.0,0.99999999999997,0.9917697300884586,0.9357009258881801,0.9933071490757153,0.9890130573694068
180,1,1.0,1.0,1.0,1.0,1.0,1.0,1.0,0.98872364,0.99999999999997,0.991765958890239,0.21357414380545237,0.9933071490757153,0.9890130573694068
181,1,1.0,1.0,1.0,1.0,1.0,1.0,1.0,0.99759775,0.99999999999997,0.991763993388325,0.7257954102089368,0.9933071490757153,0.9890130573694068
182,1,0.0,1.0,1.0,1.0,0.0,0.0,1.0,1.421677e-15,0.99999999999997,0.9917598038516423,0.1,0.9933071490757153,0.9890130573694068
183,1,1.0,1.0,1.0,1.0,1.0,1.0,1.0,1.0,0.99999999999997,0.991759134087684,0.9443170559207965,0.9933071490757153,0.9890130573694068
184,1,1.0,1.0,1.0,1.0,1.0,1.0,1.0,1.0,0.99999999999997,0.9917720466578107,0.9726129041020711,0.9933071490757153,0.9890130573694068
185,1,1.0,1.0,1.0,1.0,1.0,1.0,1.0,0.9995827,0.99999999999997,0.9917698611421333,0.9973560396425522,0.9933071490757153,0.9890130573694068
186,1,0.0,1.0,1.0,1.0,0.0,0.0,1.0,0.48922864,0.99999999999997,0.9917735184576524,0.30395916309256726,0.9933071490757153,0.9890130573694068
187,1,1.0,1.0,1.0,1.0,1.0,1.0,1.0,0.9999944,0.99999999999997,0.9917457479477839,0.9533936930669863,0.9933071490757153,0.9890130573694068
188,1,1.0,1.0,1.0,1.0,1.0,1.0,1.0,1.0,0.99999999999997,0.9917589029696414,0.7426037373333249,0.9933071490757153,0.9890130573694068
189,1,0.0,1.0,1.0,1.0,0.0,0.0,1.0,1.4533386e-07,0.99999999999997,0.9917799814336338,0.12108087252116514,0.9933071490757153,0.9890130573694068
190,1,1.0,1.0,1.0,1.0,1.0,1.0,1.0,1.0,0.99999999999997,0.9917813822251592,0.9220078579861262,0.9933071490757153,0.9890130573694068
191,1,1.0,1.0,1.0,1.0,1.0,1.0,1.0,1.0,0.99999999999997,0.991771347374487,0.9916966862777288,0.9933071490757153,0.9890130573694068
192,1,1.0,1.0,1.0,1.0,1.0,1.0,1.0,0.9999393,0.99999999999997,0.9917671491798594,0.9954231066714642,0.9933071490757153,0.9890130573694068
193,1,0.0,1.0,1.0,1.0,0.0,0.0,1.0,0.3491314,0.999999999999968,0.9917713424119388,0.9469327561834919,0.9933071490757153,0.9890130573694068
194,1,1.0,1.0,1.0,1.0,1.0,1.0,1.0,1.0,0.999999999999968,0.9917532697569097,0.8548356126276887,0.9933071490757153,0.9890130573694068
195,1,1.0,1.0,1.0,1.0,1.0,1.0,1.0,0.9989151,0.9999999999999373,0.9917558401926765,0.21584119514094818,0.9933071490757153,0.9890130573694068
196,1,1.0,1.0,1.0,1.0,1.0,1.0,1.0,1.0,0.9999999999999613,0.9917495351837344,0.1,0.9933071490757153,0.9890130573694068
197,1,0.0,1.0,1.0,1.0,0.0,0.0,1.0,0.00012700475,0.9999999999994575,0.9917646919831278,0.727873051951816,0.9933071490757153,0.9890130573694068
198,1,1.0,1.0,1.0,1.0,1.0,1.0,1.0,1.0,0.9999999999983452,0.9917660767231353,0.856473170140208,0.9933071490757153,0.9890130573694068
199,1,1.0,1.0,1.0,1.0,1.0,1.0,1.0,0.99999785,0.9999999999983474,0.99175723246336,0.9300857372754807,0.9933071490757153,0.9890130573694068
200,1,1.0,1.0,1.0,1.0,1.0,1.0,1.0,1.0,0.9999999999990629,0.9917505026592297,0.9195239914129493,0.9933071490757153,0.9890130573694068
201,1,1.0,1.0,1.0,1.0,1.0,1.0,1.0,0.99999595,0.9999999999990369,0.9917839493807523,0.9081102027755578,0.9933071490757153,0.9890130573694068
202,1,1.0,1.0,1.0,1.0,1.0,1.0,1.0,1.0,0.9999999999966264,0.991793760680993,0.9549767930208938,0.9933071490757153,0.9890130573694068
203,1,1.0,1.0,1.0,1.0,1.0,1.0,1.0,1.0,0.9999999999926179,0.9917733951220051,0.5777210258819228,0.9933071490757153,0.9890130573694068
204,1,1.0,1.0,1.0,1.0,1.0,1.0,1.0,0.961505,0.9999999999896843,0.99174818517696,0.30062988162286436,0.9933071490757153,0.9890130573694068
205,1,1.0,1.0,1.0,1.0,1.0,0.0,1.0,0.5584503,0.9999999999772748,0.9917599173904795,0.4715992309365008,0.9933071490757153,0.9890130573694068
206,1,1.0,1.0,1.0,1.0,1.0,1.0,1.0,0.9871157,0.9999999999733932,0.9917619779047597,0.15730476064378493,0.9933071490757153,0.9890130573694068
207,1,0.0,1.0,1.0,1.0,0.0,0.0,1.0,1.048115e-15,0.9999999999945837,0.9917635427946518,0.1,0.9933071490757153,0.9890130573694068
208,1,1.0,1.0,1.0,1.0,1.0,1.0,1.0,0.99997663,0.999999999991849,0.9917639049190198,0.21242714093767884,0.9933071490757153,0.9890130573694068
209,1,1.0,1.0,1.0,1.0,1.0,1.0,1.0,1.0,0.9999999999941365,0.9918010247819992,0.9533166508928888,0.9933071490757153,0.9890130573694068
210,1,1.0,1.0,1.0,1.0,1.0,1.0,1.0,1.0,0.9999999999948611,0.9917748079918406,0.855790660946303,0.9933071490757153,0.9890130573694068
211,1,0.0,0.9833333333333333,1.0,1.0,0.0,0.0,1.0,0.00185463,0.9663993284667944,0.9430960105466359,0.38568181937700163,0.9933071490757153,0.9890130573694068
212,0,1.0,1.0,1.0,1.0,1.0,1.0,1.0,8.226679e-10,0.01102727167591366,0.01798061982600375,0.6488631090261607,0.9933071490757153,0.9890130573694068
213,0,1.0,1.0,1.0,1.0,1.0,1.0,1.0,3.778764e-05,0.004956740654476068,0.01798880481456887,0.6059806970350445,0.9933071490757153,0.9890130573694068
214,0,1.0,1.0,1.0,1.0,1.0,1.0,1.0,7.1555206e-11,0.004644567566554788,0.017956313692199067,0.9983479005748218,0.9933071490757153,0.9890130573694068
215,0,1.0,1.0,1.0,1.0,1.0,1.0,1.0,1.48033e-08,0.003598327115381779,0.017997522899836617,0.46137882858366813,0.9933071490757153,0.9890130573694068
216,0,1.0,1.0,1.0,1.0,1.0,1.0,1.0,1.7258608e-06,0.004177535090970268,0.01800045307786246,0.7334218147379561,0.9933071490757153,0.9890130573694068
217,0,1.0,1.0,1.0,1.0,1.0,1.0,1.0,1.3634991e-06,0.005859444507426484,0.0179683195467795,0.7821244953956773,0.9933071490757153,0.9890130573694068
218,0,1.0,1.0,1.0,1.0,1.0,1.0,1.0,2.2568148e-13,0.0031654680505856735,0.018011089065165218,0.29964464862260937,0.9933071490757153,0.9890130573694068
219,0,1.0,1.0,1.0,1.0,1.0,1.0,1.0,0.016298562,0.003634073418240662,0.017967705127920293,0.5819534900497908,0.9933071490757153,0.9890130573694068
220,0,1.0,1.0,1.0,1.0,1.0,1.0,1.0,1.7986378e-09,0.004332366809945541,0.017990294564196638,0.7107316997293109,0.9933071490757153,0.9890130573694068
221,0,1.0,1.0,1.0,1.0,1.0,1.0,1.0,9.6327385e-05,0.005106189085916725,0.018016409421397452,0.4013742748024144,0.9933071490757153,0.9890130573694068
222,0,1.0,1.0,1.0,1.0,1.0,1.0,1.0,1.2704078e-15,0.004088621186393376,0.017976621011179077,0.1,0.9933071490757153,0.9890130573694068
223,0,1.0,1.0,1.0,1.0,1.0,1.0,1.0,0.0023253385,0.0036573830642875464,0.018038769099216444,0.38847735511072023,0.9933071490757153,0.9890130573694068
224,0,1.0,1.0,1.0,1.0,1.0,1.0,1.0,1.2952968e-06,0.005646786265251894,0.017971088214092892,0.3849866427581571,0.9933071490757153,0.9890130573694068
225,0,1.0,1.0,1.0,1.0,1.0,1.0,1.0,1.2940136e-13,0.003725704638894042,0.017951254881102455,0.1,0.9933071490757153,0.9890130573694068
226,0,1.0,1.0,1.0,1.0,1.0,1.0,1.0,6.0605767e-06,0.003985541284711691,0.01798717987432502,0.45834507924740425,0.9933071490757153,0.9890130573694068
227,0,1.0,1.0,1.0,1.0,1.0,1.0,1.0,3.7647706e-12,0.0035133407011677486,0.01797688970213445,0.6626630155289214,0.9933071490757153,0.9890130573694068
228,0,1.0,1.0,1.0,1.0,1.0,1.0,1.0,0.021320948,0.002541577187015815,0.01798194509363734,0.27413995397482904,0.9933071490757153,0.9890130573694068
229,0,1.0,1.0,1.0,1.0,1.0,1.0,1.0,3.226068e-06,0.0033419602537457654,0.017973084786605763,0.9150848727097284,0.9933071490757153,0.9890130573694068
230,0,1.0,1.0,1.0,1.0,1.0,1.0,1.0,0.00093780155,0.004056510986969142,0.018026762802572906,0.3257694123994965,0.9933071490757153,0.9890130573694068
231,0,1.0,1.0,1.0,1.0,1.0,1.0,1.0,3.813864e-06,0.004214696275400219,0.01799397823249371,0.8552191291460735,0.9933071490757153,0.9890130573694068
232,0,1.0,1.0,1.0,1.0,1.0,1.0,1.0,8.204287e-10,0.00484838956809484,0.01796065326908537,0.5593734688345465,0.9933071490757153,0.9890130573694068
233,0,1.0,1.0,1.0,1.0,1.0,1.0,1.0,3.3555633e-10,0.0035267518814571866,0.017990377994049754,0.8873241622093911,0.9933071490757153,0.9890130573694068
234,1,0.0,1.0,1.0,0.0,0.0,0.0,0.0,0.013876398,0.5071653749089654,0.49807686062202505,0.26475130161980964,0.9933071490757153,0.9890130573694068
235,1,0.0,1.0,1.0,1.0,0.0,0.0,1.0,0.008087729,0.9999999961668713,0.978076228894199,0.10378500016936604,0.9933071490757153,0.9890130573694068
236,1,1.0,1.0,1.0,1.0,1.0,1.0,1.0,0.9999999,0.9999999853032563,0.9780784804183003,0.9801973857244767,0.9933071490757153,0.9890130573694068
237,1,0.0,1.0,1.0,1.0,0.0,0.0,1.0,5.1733977e-08,0.9999999930263049,0.9781308578119142,0.1,0.9933071490757153,0.9890130573694068
238,1,1.0,1.0,1.0,1.0,1.0,1.0,1.0,1.0,0.999999999813488,0.9780948932028604,0.9530782233156165,0.9933071490757153,0.9890130573694068
239,1,1.0,1.0,1.0,1.0,1.0,1.0,1.0,1.0,0.9999999999272087,0.9781144501848065,0.9106662258955163,0.9933071490757153,0.9890130573694068
240,1,1.0,1.0,1.0,1.0,1.0,1.0,1.0,1.0,0.9999999999604684,0.9781858816129341,0.4219363570919056,0.9933071490757153,0.9890130573694068
241,1,1.0,1.0,1.0,1.0,1.0,1.0,1.0,0.9998765,0.9999999999942812,0.9781940222102464,0.8199408205521619,0.9933071490757153,0.9890130573694068
242,1,1.0,1.0,1.0,1.0,1.0,1.0,1.0,0.9999075,0.9999999999976937,0.9780937457953679,0.23187256427684283,0.9933071490757153,0.9890130573694068
243,1,1.0,1.0,1.0,1.0,1.0,1.0,1.0,1.0,0.9999999999922455,0.9781710008887744,0.8879183076321016,0.9933071490757153,0.9890130573694068
244,1,1.0,1.0,1.0,1.0,1.0,1.0,1.0,0.999918,0.9999999999998247,0.9781669476913345,0.1,0.9933071490757153,0.9890130573694068
245,1,1.0,1.0,1.0,1.0,1.0,1.0,1.0,0.9999933,0.9999999999998543,0.9781485516802773,0.9504592667381131,0.9933071490757153,0.9890130573694068
246,1,0.0,1.0,1.0,1.0,0.0,0.0,1.0,0.018616956,0.99999999999919,0.9781411996273339,0.1,0.9933071490757153,0.9890130573694068
247,1,1.0,1.0,1.0,1.0,1.0,1.0,1.0,1.0,0.9999999999992156,0.9780963500055823,0.5472020695902652,0.9933071490757153,0.9890130573694068
248,1,1.0,1.0,1.0,1.0,1.0,1.0,1.0,0.9999951,0.9999999999864557,0.9781278200945331,0.17595841643437962,0.9933071490757153,0.9890130573694068
249,1,1.0,1.0,1.0,1.0,1.0,1.0,1.0,1.0,0.999999999979923,0.978109214887066,0.9675728042549555,0.9933071490757153,0.9890130573694068
250,1,0.0,1.0,1.0,1.0,0.0,0.0,1.0,0.013472446,0.9999999999743916,0.9781497016868796,0.1380443524995785,0.9933071490757153,0.9890130573694068
251,1,1.0,1.0,1.0,1.0,1.0,1.0,1.0,0.99883944,0.9999999996180463,0.9780750877567743,0.5633716283365674,0.9933071490757153,0.9890130573694068
252,1,0.0,1.0,1.0,1.0,0.0,0.0,1.0,0.458126,0.9999999998833172,0.9781314065707586,0.23947420737499897,0.9933071490757153,0.9890130573694068
253,1,1.0,1.0,1.0,1.0,1.0,1.0,1.0,1.0,0.9999999996732843,0.978119720636153,0.9358452577411701,0.9933071490757153,0.9890130573694068
254,1,1.0,1.0,1.0,1.0,1.0,1.0,1.0,1.0,0.9999999999641539,0.9780904916656231,0.9941703714736772,0.9933071490757153,0.9890130573694068
255,1,1.0,1.0,1.0,1.0,1.0,1.0,1.0,0.99999917,0.9999999999609487,0.9781545171335361,0.9925016649172462,0.9933071490757153,0.9890130573694068
256,1,1.0,1.0,1.0,1.0,1.0,1.0,1.0,0.9999883,0.9999999999947807,0.9781576894943396,0.17646908161424146,0.9933071490757153,0.9890130573694068
257,1,1.0,1.0,1.0,1.0,1.0,1.0,1.0,1.0,0.9999999999938949,0.9781894912414391,0.7342895566477227,0.9933071490757153,0.9890130573694068
258,1,0.0,1.0,1.0,1.0,0.0,0.0,1.0,0.004891158,0.9999999999996759,0.9781680427351856,0.6348163569486506,0.9933071490757153,0.9890130573694068
259,1,0.0,1.0,1.0,1.0,0.0,0.0,1.0,4.688884e-06,0.9999999999997441,0.9780492086460695,0.1,0.9933071490757153,0.9890130573694068
260,1,1.0,1.0,1.0,1.0,1.0,1.0,1.0,0.9999999,0.9999999999997244,0.9780995579013306,0.9801973857244767,0.9933071490757153,0.9890130573694068
261,1,0.0,1.0,1.0,1.0,0.0,0.0,1.0,0.08781779,0.9999999999999166,0.9781446620455443,0.11775277893279085,0.9933071490757153,0.9890130573694068
262,1,1.0,1.0,1.0,1.0,1.0,1.0,1.0,1.0,0.9999999999999559,0.9781369611505271,0.9070260233651917,0.9933071490757153,0.9890130573694068
263,1,0.0,1.0,1.0,1.0,0.0,0.0,1.0,5.08791e-08,0.9999999999999505,0.9781133212999255,0.14090394898782765,0.9933071490757153,0.9890130573694068
264,1,0.0,1.0,1.0,1.0,0.0,0.0,1.0,4.877126e-12,0.99999999999997,0.9781466849610942,0.1,0.9933071490757153,0.9890130573694068
265,1,1.0,1.0,1.0,1.0,1.0,1.0,1.0,1.0,0.99999999999997,0.9781638921423788,0.8879183076321016,0.9933071490757153,0.9890130573694068
266,1,1.0,1.0,1.0,1.0,1.0,1.0,1.0,0.9999896,0.99999999999997,0.9780620325050655,0.9634440983790273,0.9933071490757153,0.9890130573694068
267,1,1.0,1.0,1.0,1.0,1.0,1.0,1.0,0.9999999,0.99999999999997,0.9781422282996745,0.9053214323484358,0.9933071490757153,0.9890130573694068
268,1,0.0,1.0,1.0,1.0,0.0,0.0,1.0,0.42409033,0.99999999999997,0.9781298561588883,0.8506302582605849,0.9933071490757153,0.9890130573694068
269,1,1.0,1.0,1.0,1.0,1.0,1.0,1.0,0.99962425,0.99999999999997,0.9781051151537568,0.41521275564549165,0.9933071490757153,0.9890130573694068
270,1,1.0,1.0,1.0,1.0,1.0,1.0,1.0,0.99938583,0.99999999999997,0.9781619097831556,0.9257775594635477,0.9933071490757153,0.9890130573694068
271,1,0.0,1.0,1.0,1.0,0.0,0.0,1.0,0.0066812015,0.99999999999997,0.9781701271256024,0.5869261842791996,0.9933071490757153,0.9890130573694068
272,1,1.0,1.0,1.0,1.0,1.0,1.0,1.0,0.9999751,0.99999999999997,0.9781040905095558,0.32622397816103305,0.9933071490757153,0.9890130573694068
273,1,1.0,1.0,1.0,1.0,1.0,1.0,1.0,0.9990233,0.99999999999997,0.978109338172073,0.6319004187058633,0.9933071490757153,0.9890130573694068
274,1,1.0,1.0,1.0,1.0,1.0,1.0,1.0,0.9948567,0.99999999999997,0.9781293548911993,0.1894791924097743,0.9933071490757153,0.9890130573694068
275,1,1.0,1.0,1.0,1.0,1.0,1.0,1.0,1.0,0.99999999999997,0.9780638984285015,0.35259775831057294,0.9933071490757153,0.9890130573694068
276,1,1.0,1.0,1.0,1.0,1.0,1.0,1.0,1.0,0.99999999999997,0.9781541121043695,0.7600278647528214,0.9933071490757153,0.9890130573694068
277,1,1.0,1.0,1.0,1.0,1.0,1.0,1.0,1.0,0.9999999999999306,0.9780735236770185,0.966830895448277,0.9933071490757153,0.9890130573694068
278,1,1.0,1.0,1.0,1.0,1.0,1.0,1.0,1.0,0.9999999999999453,0.9782002960483217,0.9874590252065659,0.9933071490757153,0.9890130573694068
279,1,1.0,1.0,1.0,1.0,1.0,1.0,1.0,1.0,0.9999999999998821,0.9780862163253892,0.9213250551949715,0.9933071490757153,0.9890130573694068
280,1,1.0,1.0,1.0,1.0,1.0,1.0,1.0,0.9999933,0.9999999999999422,0.9781682888014009,0.9504592667381131,0.9933071490757153,0.9890130573694068
281,1,1.0,1.0,1.0,1.0,1.0,1.0,1.0,0.99978656,0.99999999999997,0.9780859602234817,0.977957952223614,0.9933071490757153,0.9890130573694068
282,1,1.0,1.0,1.0,1.0,1.0,0.0,1.0,0.6221816,0.99999999999997,0.9781111980508367,0.22878561753558377,0.9933071490757153,0.9890130573694068
283,1,1.0,1.0,1.0,1.0,1.0,1.0,1.0,1.0,0.99999999999997,0.9781554408302602,0.9573255200962936,0.9933071490757153,0.9890130573694068
284,1,0.0,1.0,1.0,1.0,0.0,0.0,1.0,9.82822e-06,0.99999999999997,0.978106867556736,0.1003838954544549,0.9933071490757153,0.9890130573694068
285,1,1.0,1.0,1.0,1.0,1.0,1.0,1.0,1.0,0.99999999999997,0.9780962405054158,0.9195239914129493,0.9933071490757153,0.9890130573694068
286,1,0.0,1.0,1.0,1.0,0.0,0.0,1.0,1.8440869e-07,0.99999999999997,0.9780943697502447,0.5865724890880728,0.9933071490757153,0.9890130573694068
287,1,1.0,1.0,1.0,1.0,1.0,1.0,1.0,1.0,0.99999999999997,0.9781260836063218,0.7331541676205773,0.9933071490757153,0.9890130573694068
288,1,0.0,0.9166666666666666,1.0,1.0,0.0,0.0,1.0,0.00086219277,0.9382887612098224,0.8500903317502753,0.1,0.9933071490757153,0.9890130573694068
289,0,1.0,0.9833333333333333,1.0,1.0,1.0,1.0,1.0,1.1460329e-12,0.057704867103833914,0.017951551595248617,0.1,0.9933071490757153,0.9890130573694068
290,0,1.0,1.0,1.0,1.0,1.0,1.0,1.0,1.7258608e-06,0.0037316081126832937,0.017961884632567496,0.7334218147379561,0.9933071490757153,0.9890130573694068
291,0,0.0,1.0,1.0,1.0,0.0,0.0,1.0,0.9770205,0.0031065840900224365,0.018036359218288722,0.4868960919446668,0.9933071490757153,0.9890130573694068
292,0,1.0,1.0,1.0,1.0,1.0,1.0,1.0,5.016874e-05,0.0037189851789982092,0.01802057349454377,0.5922995210573916,0.9933071490757153,0.9890130573694068
293,0,1.0,1.0,1.0,1.0,1.0,1.0,1.0,1.7133832e-14,0.0027550332510185246,0.01800818647112417,0.1,0.9933071490757153,0.9890130573694068
294,0,1.0,1.0,1.0,1.0,1.0,1.0,1.0,9.172585e-11,0.003506858681161469,0.017968487799031835,0.6323972650687671,0.9933071490757153,0.9890130573694068
295,0,1.0,1.0,1.0,1.0,1.0,1.0,1.0,0.0004469301,0.005390098457828813,0.017994452839074925,0.33701683409839084,0.9933071490757153,0.9890130573694068
296,0,1.0,1.0,1.0,1.0,1.0,1.0,1.0,0.00041857635,0.004005809864141302,0.017996512329022815,0.21067405256036442,0.9933071490757153,0.9890130573694068
297,0,1.0,1.0,1.0,1.0,1.0,1.0,1.0,1.3957638e-13,0.0037366306920787176,0.017999543539435822,0.1,0.9933071490757153,0.9890130573694068
298,0,1.0,1.0,1.0,1.0,1.0,1.0,1.0,1.5232426e-07,0.005408416037467663,0.017970467334909965,0.3088624423857473,0.9933071490757153,0.9890130573694068
299,0,1.0,1.0,1.0,1.0,1.0,1.0,1.0,0.00013495635,0.004358402292057444,0.017950331737526023,0.4817989518950088,0.9933071490757153,0.9890130573694068
300,0,1.0,1.0,1.0,1.0,1.0,1.0,1.0,1.5733084e-18,0.003280194590315912,0.01800587973614702,0.21867171207152672,0.9933071490757153,0.9890130573694068
301,0,1.0,1.0,1.0,1.0,1.0,1.0,1.0,0.000108053464,0.005746169610907692,0.018017627894693064,0.3117111650033674,0.9933071490757153,0.9890130573694068
302,0,1.0,1.0,1.0,1.0,1.0,1.0,1.0,5.4369895e-07,0.004958901508721436,0.01803733905345145,0.6007528886600109,0.9933071490757153,0.9890130573694068
303,0,1.0,1.0,1.0,1.0,1.0,1.0,1.0,0.0023591153,0.006201525722617706,0.017970900175264058,0.7768474773908984,0.9933071490757153,0.9890130573694068
304,0,1.0,1.0,1.0,1.0,1.0,1.0,1.0,1.5879484e-14,0.0033410171303273044,0.01796944336311679,0.1,0.9933071490757153,0.9890130573694068
305,0,0.0,1.0,1.0,1.0,0.0,0.0,1.0,0.66243154,0.004948253339514829,0.017976893746488434,0.3410329918314984,0.9933071490757153,0.9890130573694068
306,0,1.0,1.0,1.0,1.0,1.0,1.0,1.0,2.0553487e-19,0.0057280546878840715,0.017970660995261362,0.1404339359193425,0.9933071490757153,0.9890130573694068
307,0,1.0,1.0,1.0,1.0,1.0,1.0,1.0,6.5455735e-13,0.004394311356937162,0.018018045777931466,0.9981573612676194,0.9933071490757153,0.9890130573694068
308,0,1.0,1.0,1.0,1.0,1.0,1.0,1.0,9.952571e-06,0.004829226805987926,0.0179838170165462,0.6639584930472434,0.9933071490757153,0.9890130573694068
309,0,1.0,1.0,1.0,1.0,1.0,1.0,1.0,4.635644e-08,0.004046336280846463,0.018005308442410852,0.9207916290402045,0.9933071490757153,0.9890130573694068
310,0,1.0,1.0,1.0,1.0,1.0,1.0,1.0,7.520231e-07,0.005173424461730473,0.017968653188284427,0.8257094907412159,0.9933071490757153,0.9890130573694068
311,0,1.0,1.0,1.0,1.0,1.0,1.0,1.0,1.415326e-06,0.004724171826168006,0.017987220180312156,0.1343116605430126,0.9933071490757153,0.9890130573694068
312,0,1.0,1.0,1.0,1.0,1.0,1.0,1.0,4.5701498e-05,0.004181570172888555,0.017980973749539365,0.4959032494547771,0.9933071490757153,0.9890130573694068
313,0,1.0,1.0,1.0,1.0,1.0,1.0,1.0,0.0011557995,0.0054411653810338715,0.01795338435626064,0.7632827925535658,0.9933071490757153,0.9890130573694068
314,0,1.0,1.0,1.0,1.0,1.0,1.0,1.0,0.0050817872,0.004963247081092186,0.01798850455954576,0.530765628395457,0.9933071490757153,0.9890130573694068
315,0,1.0,1.0,1.0,1.0,1.0,1.0,1.0,7.3384316e-09,0.004232441093629065,0.017989331238789825,0.5350391492400983,0.9933071490757153,0.9890130573694068
316,0,1.0,1.0,1.0,1.0,1.0,1.0,1.0,0.000115696486,0.0050189545025500605,0.018000684491952326,0.4460416405087717,0.9933071490757153,0.9890130573694068
317,0,1.0,1.0,1.0,1.0,1.0,1.0,1.0,0.32389188,0.0042571237680360295,0.01795948869515732,0.5062960643564569,0.9933071490757153,0.9890130573694068
318,0,1.0,1.0,1.0,1.0,0.0,1.0,1.0,1.9784902e-07,0.2533633509339917,0.26031311867376855,0.36076648085237945,0.9933071490757153,0.9890130573694068
319,1,0.0,1.0,1.0,1.0,0.0,0.0,1.0,0.0671752,0.99999999999997,0.9873768506327666,0.21195968584678135,0.9933071490757153,0.9890130573694068
320,1,1.0,1.0,1.0,1.0,1.0,1.0,1.0,0.8693325,0.99999999999997,0.9873620970275194,0.1030946028680714,0.9933071490757153,0.9890130573694068
321,1,0.0,1.0,1.0,1.0,0.0,0.0,1.0,1.8572707e-19,0.99999999999997,0.9872925914119548,0.1,0.9933071490757153,0.9890130573694068
322,1,1.0,1.0,1.0,1.0,1.0,1.0,1.0,1.0,0.99999999999997,0.9873149865526808,0.8879183076321016,0.9933071490757153,0.9890130573694068
323,1,0.0,1.0,1.0,1.0,0.0,0.0,1.0,0.00015276353,0.99999999999997,0.9873128100104933,0.48713695255563666,0.9933071490757153,0.9890130573694068
324,1,1.0,1.0,1.0,1.0,1.0,1.0,1.0,1.0,0.99999999999997,0.9873285353082436,0.9753512958733244,0.9933071490757153,0.9890130573694068
325,1,0.0,1.0,1.0,1.0,0.0,0.0,1.0,4.2355598e-08,0.99999999999997,0.9873128759468777,0.1,0.9933071490757153,0.9890130573694068
326,1,1.0,1.0,1.0,1.0,1.0,1.0,1.0,1.0,0.99999999999997,0.9873461874335229,0.7466034304968518,0.9933071490757153,0.9890130573694068
327,0,1.0,1.0,1.0,1.0,0.0,0.0,1.0,1.13119916e-10,0.4716321098194626,0.47035578420815444,0.17020826521087878,0.9933071490757153,0.9890130573694068
328,1,1.0,1.0,1.0,1.0,1.0,1.0,1.0,1.0,0.9153921816215813,0.8880768422527624,0.35259775831057294,0.9933071490757153,0.9890130573694068
329,1,1.0,1.0,1.0,1.0,1.0,1.0,1.0,1.0,0.9999999990291306,0.9672041711107972,0.5045540606014867,0.9933071490757153,0.9890130573694068
330,1,1.0,1.0,1.0,1.0,1.0,1.0,1.0,0.9999279,0.9999999999383573,0.9672378495369204,0.5415720054416687,0.9933071490757153,0.9890130573694068
331,1,1.0,1.0,1.0,1.0,1.0,1.0,1.0,0.958468,0.9999999992374137,0.9673298816513607,0.13254528295156479,0.9933071490757153,0.9890130573694068
332,1,1.0,1.0,1.0,1.0,1.0,1.0,1.0,1.0,0.9999999983448816,0.9673275754415154,0.36372396486182157,0.9933071490757153,0.9890130573694068
333,1,1.0,1.0,1.0,1.0,1.0,1.0,1.0,1.0,0.9999999998312146,0.9673103472454598,0.9597591478274841,0.9933071490757153,0.9890130573694068
334,1,0.0,1.0,1.0,1.0,0.0,0.0,1.0,1.8257907e-14,0.999999999947481,0.9672619899464318,0.1,0.9933071490757153,0.9890130573694068
335,1,1.0,1.0,1.0,1.0,1.0,1.0,1.0,0.98872364,0.9999999999784931,0.9672933627110996,0.21357414380545237,0.9933071490757153,0.9890130573694068
336,1,1.0,1.0,1.0,1.0,1.0,1.0,1.0,0.9999821,0.9999999999791668,0.9672639916230635,0.3852828418934244,0.9933071490757153,0.9890130573694068
337,1,1.0,1.0,1.0,1.0,1.0,1.0,1.0,0.9999279,0.9999999997869676,0.9672132739161828,0.5415720054416687,0.9933071490757153,0.9890130573694068
338,1,1.0,1.0,1.0,1.0,1.0,1.0,1.0,0.9327488,0.9999999999500149,0.96725872473648,0.1942631524553322,0.9933071490757153,0.9890130573694068
339,1,0.0,1.0,1.0,1.0,0.0,0.0,1.0,0.002473277,0.9999999997233239,0.9672515639178474,0.24449597281565444,0.9933071490757153,0.9890130573694068
340,1,0.0,1.0,1.0,1.0,0.0,0.0,1.0,0.029453402,0.9999999991711892,0.9672856229192106,0.15568730533669647,0.9933071490757153,0.9890130573694068
341,1,1.0,1.0,1.0,1.0,1.0,1.0,1.0,1.0,0.9999999992079515,0.9672590408696726,0.9949284418559003,0.9933071490757153,0.9890130573694068
342,1,1.0,1.0,1.0,1.0,1.0,1.0,1.0,1.0,0.9999999672007055,0.9672603075378354,0.21069117809158744,0.9933071490757153,0.9890130573694068
343,1,1.0,1.0,1.0,1.0,1.0,1.0,1.0,0.99989605,0.9998690728469984,0.9671995440794786,0.10761177926671764,0.9933071490757153,0.9890130573694068
344,1,0.0,1.0,1.0,1.0,0.0,0.0,1.0,0.3970947,0.9999393482987862,0.9672370261400729,0.2733217828766845,0.9933071490757153,0.9890130573694068
345,0,1.0,1.0,1.0,1.0,1.0,1.0,1.0,1.247679e-05,0.09667290137553498,0.09707647512443486,0.7296067005718879,0.9933071490757153,0.9890130573694068
346,0,1.0,1.0,1.0,1.0,1.0,1.0,1.0,1.30943815e-11,0.004017513873544854,0.017940521543568455,0.24005162222771725,0.9933071490757153,0.9890130573694068
347,0,1.0,1.0,1.0,1.0,1.0,1.0,1.0,0.018113801,0.0035162435705506476,0.017972805522327804,0.5887966410520301,0.9933071490757153,0.9890130573694068
348,0,1.0,1.0,1.0,1.0,1.0,1.0,1.0,8.582503e-10,0.003470558329369373,0.017994281893897134,0.1,0.9933071490757153,0.9890130573694068
349,0,1.0,1.0,1.0,1.0,1.0,1.0,1.0,5.75654e-05,0.0036288786384887826,0.018025056560443675,0.4589922634380053,0.9933071490757153,0.9890130573694068
350,0,1.0,1.0,1.0,1.0,1.0,1.0,1.0,0.011890767,0.0047091977793975405,0.017979177359155704,0.4765255658916317,0.9933071490757153,0.9890130573694068
351,0,1.0,1.0,1.0,1.0,1.0,1.0,1.0,0.0147019,0.004124921870366974,0.01800316378001807,0.1,0.9933071490757153,0.9890130573694068
352,0,1.0,1.0,1.0,1.0,1.0,1.0,1.0,3.114342e-13,0.004486366799534783,0.017937667232749813,0.925942339002596,0.9933071490757153,0.9890130573694068
353,0,1.0,1.0,1.0,1.0,1.0,1.0,1.0,4.4119344e-09,0.0034914574309084785,0.017985130082719507,0.4056585607878658,0.9933071490757153,0.9890130573694068
354,0,1.0,1.0,1.0,1.0,1.0,1.0,1.0,1.2866852e-08,0.003407749724385329,0.017996268923890443,0.7020383266310988,0.9933071490757153,0.9890130573694068
355,0,1.0,1.0,1.0,1.0,1.0,1.0,1.0,3.2485738e-13,0.00406738302534022,0.01800570555633046,0.4787185928571433,0.9933071490757153,0.9890130573694068
356,0,1.0,1.0,1.0,1.0,1.0,1.0,1.0,0.0001114667,0.004179355683295532,0.018011437048141836,0.39158360260763053,0.9933071490757153,0.9890130573694068
357,0,1.0,1.0,1.0,1.0,1.0,1.0,1.0,0.21274896,0.0037397618126484753,0.018013356248920847,0.8321817704795554,0.9933071490757153,0.9890130573694068
358,0,1.0,1.0,1.0,1.0,1.0,1.0,1.0,6.9482473e-07,0.0038728585015271183,0.01793606923048583,0.24404988823786672,0.9933071490757153,0.9890130573694068
359,0,1.0,1.0,1.0,1.0,1.0,1.0,1.0,3.1949657e-13,0.003988536287468133,0.0179668422482217,0.1,0.9933071490757153,0.9890130573694068
360,0,1.0,1.0,1.0,1.0,1.0,1.0,1.0,0.2667443,0.0028329386993208496,0.017975744500261015,0.5944428703969097,0.9933071490757153,0.9890130573694068
361,0,1.0,1.0,1.0,1.0,1.0,1.0,1.0,0.035262357,0.004544454295811336,0.017955074379487967,0.2942610844747303,0.9933071490757153,0.9890130573694068
362,0,1.0,1.0,1.0,1.0,1.0,1.0,1.0,0.17198387,0.0037161134709161217,0.017964941277672276,0.6184355399567282,0.9933071490757153,0.9890130573694068
363,0,1.0,1.0,1.0,1.0,1.0,1.0,1.0,8.692611e-06,0.0032896500176907225,0.01798516659487349,0.5763553307641152,0.9933071490757153,0.9890130573694068
364,0,1.0,1.0,1.0,1.0,1.0,1.0,1.0,1.8645537e-12,0.004857389521295095,0.018003855118822347,0.2500515813178396,0.9933071490757153,0.9890130573694068
365,0,1.0,1.0,1.0,1.0,1.0,1.0,1.0,0.00028423002,0.0054916203494144245,0.018026973123133044,0.603272091288685,0.9933071490757153,0.9890130573694068
366,0,1.0,1.0,1.0,1.0,1.0,1.0,1.0,0.033788208,0.0037854198493864474,0.017954979763897014,0.6166685503270155,0.9933071490757153,0.9890130573694068
367,0,0.0,1.0,1.0,1.0,0.0,0.0,1.0,0.9906641,0.004303260050332733,0.017997736984501425,0.9940228398292555,0.9933071490757153,0.9890130573694068
368,0,1.0,1.0,1.0,1.0,1.0,1.0,1.0,2.9976393e-13,0.003071888478538977,0.017991413794061214,0.9997603558322449,0.9933071490757153,0.9890130573694068
369,0,1.0,1.0,1.0,1.0,1.0,1.0,1.0,8.8788164e-11,0.00579388600598267,0.018011639532182065,0.8254941005214019,0.9933071490757153,0.9890130573694068
370,0,1.0,1.0,1.0,1.0,1.0,1.0,1.0,0.05074334,0.0050804508373012225,0.01799302769312116,0.22939784301468022,0.9933071490757153,0.9890130573694068
371,0,1.0,1.0,1.0,1.0,1.0,1.0,1.0,3.783921e-06,0.004464859067405589,0.01794850726211681,0.9471858063913096,0.9933071490757153,0.9890130573694068
372,0,1.0,1.0,1.0,1.0,1.0,1.0,1.0,2.0390452e-09,0.004474188630568068,0.017977905015353266,0.7520925545518008,0.9933071490757153,0.9890130573694068
373,0,1.0,1.0,1.0,1.0,1.0,1.0,1.0,2.985549e-09,0.0039035684570653635,0.01793928621680318,0.800986505551221,0.9933071490757153,0.9890130573694068
374,0,1.0,1.0,1.0,1.0,1.0,1.0,1.0,2.3725595e-05,0.004084639788344024,0.01799934930930432,0.6498250224964531,0.9933071490757153,0.9890130573694068
375,0,1.0,1.0,1.0,1.0,1.0,1.0,1.0,5.2907545e-10,0.005839873438144553,0.017938466095932748,0.8682931199286288,0.9933071490757153,0.9890130573694068
376,0,1.0,1.0,1.0,1.0,1.0,1.0,1.0,0.0390779,0.007148146111412109,0.018016280219989547,0.8669252488375461,0.9933071490757153,0.9890130573694068
377,0,1.0,1.0,1.0,1.0,1.0,1.0,1.0,1.6231495e-13,0.0036891443953652302,0.017967104986122678,0.9998165512264252,0.9933071490757153,0.9890130573694068
378,0,1.0,1.0,1.0,1.0,1.0,1.0,1.0,1.080388e-07,0.004376279062755077,0.018043145802728876,0.6588669120242416,0.9933071490757153,0.9890130573694068
379,0,1.0,1.0,1.0,1.0,1.0,1.0,1.0,0.029257063,0.0038054224914901556,0.01795924006162997,0.6499876818218233,0.9933071490757153,0.9890130573694068
380,1,0.0,1.0,1.0,1.0,0.0,0.0,1.0,6.185682e-06,0.6510096648238847,0.634506624770491,0.1806984177523801,0.9933071490757153,0.9890130573694068
381,1,1.0,1.0,1.0,1.0,1.0,1.0,1.0,1.0,0.9999999999975185,0.9665241653996902,0.9592459720128048,0.9933071490757153,0.9890130573694068
382,1,1.0,1.0,1.0,1.0,1.0,1.0,1.0,1.0,0.9999999999992326,0.9664888604865706,0.7863544334233451,0.9933071490757153,0.9890130573694068
383,1,1.0,1.0,1.0,1.0,1.0,1.0,1.0,1.0,0.9999999999902406,0.9664843062632207,0.7426037373333249,0.9933071490757153,0.9890130573694068
384,1,1.0,1.0,1.0,1.0,1.0,1.0,1.0,0.99963605,0.9999999998072606,0.9664615705864653,0.9635762775045404,0.9933071490757153,0.9890130573694068
385,1,1.0,1.0,1.0,1.0,1.0,1.0,1.0,0.99978405,0.9999999991113219,0.9664451207707292,0.4905415595199729,0.9933071490757153,0.9890130573694068
386,1,0.0,1.0,1.0,1.0,0.0,0.0,1.0,1.3410914e-15,0.999999997502158,0.9664584491491955,0.1,0.9933071490757153,0.9890130573694068
387,1,1.0,1.0,1.0,1.0,1.0,1.0,1.0,0.8736734,0.9999999998795659,0.9664400173196028,0.1779084922983052,0.9933071490757153,0.9890130573694068
388,1,0.0,1.0,1.0,1.0,0.0,0.0,1.0,1.8693529e-13,0.9999999999786647,0.9664407073802271,0.1,0.9933071490757153,0.9890130573694068
389,1,0.0,1.0,1.0,1.0,0.0,0.0,1.0,1.9478125e-06,0.9999999999857377,0.9664070416612024,0.6156398781479044,0.9933071490757153,0.9890130573694068
390,1,1.0,1.0,1.0,1.0,1.0,1.0,1.0,0.9999995,0.9999999999894418,0.9664488997053299,0.8981003350632393,0.9933071490757153,0.9890130573694068
391,1,1.0,1.0,1.0,1.0,0.0,0.0,1.0,0.5584503,0.9999999999961336,0.966444452691156,0.4715992309365008,0.9933071490757153,0.9890130573694068
392,1,1.0,1.0,1.0,1.0,1.0,1.0,1.0,0.999998,0.9999999999991876,0.9664732503548191,0.8019341778635344,0.9933071490757153,0.9890130573694068
393,1,0.0,1.0,1.0,1.0,0.0,0.0,1.0,0.0003057393,0.9999999999986035,0.966464123712566,0.11429712143452582,0.9933071490757153,0.9890130573694068
394,1,1.0,1.0,1.0,1.0,1.0,1.0,1.0,0.99343103,0.9999999999998478,0.9664682181494751,0.781446129778931,0.9933071490757153,0.9890130573694068
395,1,1.0,1.0,1.0,1.0,1.0,1.0,1.0,1.0,0.9999999999999699,0.9664138570459766,0.8610554893434815,0.9933071490757153,0.9890130573694068
396,1,1.0,1.0,1.0,1.0,1.0,1.0,1.0,0.95106345,0.99999999999997,0.9664173693165664,0.3101899788112599,0.9933071490757153,0.9890130573694068
397,1,0.0,1.0,1.0,1.0,0.0,0.0,1.0,0.023090921,0.99999999999997,0.9664753178389714,0.10308289897743018,0.9933071490757153,0.9890130573694068
398,1,1.0,1.0,1.0,1.0,1.0,1.0,1.0,1.0,0.99999999999997,0.9664120399743813,0.8711252646986147,0.9933071490757153,0.9890130573694068
399,1,1.0,1.0,1.0,1.0,1.0,1.0,1.0,0.9004552,0.99999999999997,0.9663834877515535,0.13462462607323733,0.9933071490757153,0.9890130573694068
400,1,1.0,1.0,1.0,1.0,1.0,1.0,1.0,0.99752337,0.99999999999997,0.9664035870777087,0.16284030407277267,0.9933071490757153,0.9890130573694068
401,1,1.0,1.0,1.0,1.0,1.0,1.0,1.0,0.7817242,0.9999999999999699,0.9663574891622283,0.9072462809628445,0.9933071490757153,0.9890130573694068
402,1,1.0,1.0,1.0,1.0,1.0,1.0,1.0,1.0,0.99999999999997,0.9664800971424742,0.6014936674175813,0.9933071490757153,0.9890130573694068
403,1,1.0,1.0,1.0,1.0,1.0,1.0,1.0,0.999918,0.99999999999997,0.9664062212590726,0.1,0.9933071490757153,0.9890130573694068
404,1,0.0,1.0,1.0,1.0,0.0,0.0,1.0,0.13629387,0.99999999999997,0.9664055719829293,0.15439750400110286,0.9933071490757153,0.9890130573694068
405,1,1.0,1.0,1.0,1.0,1.0,1.0,1.0,0.99883944,0.9387677638422481,0.8871455136730401,0.5633716283365674,0.9933071490757153,0.9890130573694068
406,1,1.0,1.0,1.0,1.0,1.0,1.0,1.0,0.996851,0.99999999999997,0.9660187840268096,0.21085373068681304,0.9933071490757153,0.9890130573694068
407,1,1.0,1.0,1.0,1.0,1.0,1.0,1.0,0.9999025,0.99999999999997,0.9660161808928162,0.9347296828864192,0.9933071490757153,0.9890130573694068
408,1,0.0,1.0,1.0,1.0,0.0,0.0,1.0,3.0266167e-10,0.99999999999997,0.9659973631686675,0.1,0.9933071490757153,0.9890130573694068
409,1,1.0,1.0,1.0,1.0,1.0,1.0,1.0,0.9999999,0.99999999999997,0.9659927581412351,0.7721653056359495,0.9933071490757153,0.9890130573694068
410,1,1.0,1.0,1.0,1.0,1.0,1.0,1.0,0.9999443,0.99999999999997,0.9660313193387431,0.12746446929133737,0.9933071490757153,0.9890130573694068
411,1,0.0,1.0,1.0,1.0,0.0,0.0,1.0,1.70494e-10,0.99999999999997,0.9660236127410516,0.2725498910290351,0.9933071490757153,0.9890130573694068
412,1,0.0,1.0,1.0,1.0,0.0,0.0,1.0,0.013339142,0.99999999999997,0.9660182336371338,0.14861860717272699,0.9933071490757153,0.9890130573694068
413,0,1.0,0.9833333333333333,1.0,1.0,1.0,1.0,1.0,1.671136e-12,0.25914355737126393,0.21423581098718356,0.21885820888370036,0.9933071490757153,0.9890130573694068
414,0,1.0,1.0,1.0,1.0,1.0,1.0,1.0,7.363881e-20,0.009919625584167664,0.017947017902661018,0.1,0.9933071490757153,0.9890130573694068
415,0,1.0,1.0,1.0,1.0,1.0,1.0,1.0,0.00031435734,0.004760614152979844,0.017984469419113972,0.7113794801759885,0.9933071490757153,0.9890130573694068
416,0,1.0,1.0,1.0,1.0,1.0,1.0,1.0,0.0002428343,0.004691591538525418,0.017965503507393277,0.1,0.9933071490757153,0.9890130573694068
417,0,1.0,1.0,1.0,1.0,1.0,1.0,1.0,4.2473938e-20,0.004665443107151507,0.018039877668583667,0.1,0.9933071490757153,0.9890130573694068
418,0,1.0,1.0,1.0,1.0,1.0,1.0,1.0,0.0009376353,0.004311438183384213,0.018039888389499843,0.3606925320124103,0.9933071490757153,0.9890130573694068
419,0,1.0,1.0,1.0,1.0,1.0,1.0,1.0,0.02121802,0.005138851376632903,0.018004254377307186,0.10031197733958087,0.9933071490757153,0.9890130573694068
420,0,1.0,1.0,1.0,1.0,1.0,1.0,1.0,0.00037374237,0.0037840936817463444,0.01800165309750956,0.6244417801321835,0.9933071490757153,0.9890130573694068
421,0,1.0,1.0,1.0,1.0,1.0,1.0,1.0,5.6553223e-08,0.00328478692410476,0.017975487081550633,0.9397076202614896,0.9933071490757153,0.9890130573694068
422,0,1.0,1.0,1.0,1.0,1.0,1.0,1.0,6.9408037e-07,0.003303374939832998,0.01795139257088064,0.6316067382129331,0.9933071490757153,0.9890130573694068
423,0,1.0,1.0,1.0,1.0,1.0,1.0,1.0,3.443162e-06,0.006411695473572329,0.017974781078567634,0.8865531715125863,0.9933071490757153,0.9890130573694068
424,0,1.0,1.0,1.0,1.0,1.0,1.0,1.0,1.1559305e-14,0.0030630985512175132,0.017956281330737633,0.9994629645323314,0.9933071490757153,0.9890130573694068
425,0,1.0,1.0,1.0,1.0,1.0,1.0,1.0,4.2560593e-18,0.004783142800828591,0.017990919323176254,0.12181697005266502,0.9933071490757153,0.9890130573694068
426,0,1.0,1.0,1.0,1.0,1.0,1.0,1.0,2.3113188e-11,0.005802317209813441,0.01799380985214399,0.5508038408452627,0.9933071490757153,0.9890130573694068
427,0,1.0,1.0,1.0,1.0,1.0,1.0,1.0,2.8700355e-05,0.005682797733752379,0.017975810189502152,0.797616499580544,0.9933071490757153,0.9890130573694068
428,0,1.0,1.0,1.0,1.0,1.0,1.0,1.0,5.123054e-07,0.004156597658142671,0.01798564547583056,0.4991127682100741,0.9933071490757153,0.9890130573694068
429,0,1.0,1.0,1.0,1.0,1.0,1.0,1.0,3.6023154e-10,0.0036544813215597825,0.017991646855665813,0.4231242797194202,0.9933071490757153,0.9890130573694068
430,0,1.0,1.0,1.0,1.0,1.0,1.0,1.0,0.0002471763,0.004869180168213093,0.01798512283613534,0.24754576604544343,0.9933071490757153,0.9890130573694068
431,0,1.0,1.0,1.0,1.0,1.0,1.0,1.0,1.3536976e-14,0.0040527993714371165,0.017975103279119584,0.1,0.9933071490757153,0.9890130573694068
432,0,1.0,1.0,1.0,1.0,1.0,1.0,1.0,1.546037e-09,0.004022879288473171,0.01801612519981105,0.7063784558746482,0.9933071490757153,0.9890130573694068
433,0,0.0,1.0,1.0,1.0,0.0,0.0,1.0,0.9676542,0.004411252770172875,0.018018790786796326,0.8625295113660405,0.9933071490757153,0.9890130573694068
434,0,1.0,1.0,1.0,1.0,1.0,1.0,1.0,0.0010788944,0.004815502696097278,0.01796914437398522,0.8017290542753387,0.9933071490757153,0.9890130573694068
435,0,0.0,1.0,1.0,1.0,0.0,0.0,1.0,0.8339369,0.005123210197523129,0.017983482927859083,0.35780349540702405,0.9933071490757153,0.9890130573694068
436,0,1.0,1.0,1.0,1.0,1.0,1.0,1.0,7.897356e-08,0.00409281602528257,0.017986737362827944,0.8562741877823105,0.9933071490757153,0.9890130573694068
437,0,1.0,1.0,1.0,1.0,1.0,1.0,1.0,0.0074004917,0.004212737499618119,0.017991376556228695,0.6580549111040032,0.9933071490757153,0.9890130573694068
438,0,1.0,1.0,1.0,1.0,1.0,1.0,1.0,1.5879484e-14,0.00423659300128439,0.017969574296397946,0.1,0.9933071490757153,0.9890130573694068
439,0,1.0,1.0,1.0,1.0,1.0,1.0,1.0,1.4370972e-05,0.004635642817513605,0.0179880510802272,0.9641784659930986,0.9933071490757153,0.9890130573694068
440,0,1.0,1.0,1.0,1.0,1.0,1.0,1.0,3.4938215e-14,0.003725503508669153,0.018020313758525607,0.8204751204278191,0.9933071490757153,0.9890130573694068
441,0,1.0,1.0,1.0,1.0,1.0,1.0,1.0,4.9199745e-05,0.0040995101733952025,0.017995309289729904,0.3322151859491294,0.9933071490757153,0.9890130573694068
442,0,1.0,1.0,1.0,1.0,1.0,1.0,1.0,1.08160166e-20,0.005604551835323992,0.017974089274013453,0.1,0.9933071490757153,0.9890130573694068
443,0,1.0,1.0,1.0,1.0,1.0,1.0,1.0,2.3926758e-10,0.004019348736090908,0.01802799423067478,0.39581061851439925,0.9933071490757153,0.9890130573694068
444,0,1.0,1.0,1.0,1.0,1.0,1.0,1.0,1.2704078e-15,0.004946044744885617,0.017927380730136076,0.1,0.9933071490757153,0.9890130573694068
445,0,1.0,1.0,1.0,1.0,1.0,1.0,1.0,0.0014651776,0.005277196894886646,0.017997044715999475,0.6747349089764512,0.9933071490757153,0.9890130573694068
446,0,1.0,1.0,1.0,1.0,1.0,1.0,1.0,0.16582121,0.004137833462825505,0.017986752055398438,0.2321395795002492,0.9933071490757153,0.9890130573694068
447,0,1.0,1.0,1.0,1.0,1.0,1.0,1.0,1.8086932e-06,0.004184862583956616,0.018031906105327303,0.49525120618304974,0.9933071490757153,0.9890130573694068
448,0,1.0,1.0,1.0,1.0,1.0,1.0,1.0,0.02121802,0.004653612644139097,0.01800622261714522,0.10031197733958087,0.9933071490757153,0.9890130573694068
449,0,1.0,1.0,1.0,1.0,1.0,1.0,1.0,1.1247832e-18,0.004435943499073021,0.018002270050572537,0.1,0.9933071490757153,0.9890130573694068
450,0,0.0,1.0,1.0,1.0,0.0,0.0,1.0,0.6898159,0.0044413590288424195,0.01798665646754102,0.1294942904518499,0.9933071490757153,0.9890130573694068
451,0,1.0,1.0,1.0,1.0,1.0,1.0,1.0,2.0062232e-09,0.00427598846562471,0.01796279376937886,0.9962034491202854,0.9933071490757153,0.9890130573694068
452,0,1.0,1.0,1.0,1.0,1.0,1.0,1.0,8.398887e-12,0.004988212796449781,0.01804441484208904,0.9999603070853073,0.9933071490757153,0.9890130573694068
453,0,1.0,1.0,1.0,1.0,1.0,1.0,1.0,1.12115845e-08,0.0039163263946532965,0.01797476723343671,0.37370356550063955,0.9933071490757153,0.9890130573694068
454,0,1.0,1.0,1.0,1.0,1.0,1.0,1.0,1.5025245e-07,0.005046102462123186,0.018048726651970548,0.2650975530709265,0.9933071490757153,0.9890130573694068
455,0,1.0,1.0,1.0,1.0,1.0,1.0,1.0,2.019832e-15,0.0045470961874857,0.01800145702745325,0.9921147341637685,0.9933071490757153,0.9890130573694068
456,0,1.0,1.0,1.0,1.0,1.0,1.0,1.0,7.4789445e-05,0.007007539888324929,0.017958947175442785,0.6697565256247712,0.9933071490757153,0.9890130573694068
457,0,1.0,1.0,1.0,1.0,1.0,1.0,1.0,3.1302877e-11,0.0038318004021670013,0.01796011135710428,0.36647951504055476,0.9933071490757153,0.9890130573694068
458,0,1.0,1.0,1.0,1.0,1.0,1.0,1.0,1.9784902e-07,0.004327314981045035,0.01802883275532036,0.36076648085237945,0.9933071490757153,0.9890130573694068
459,0,1.0,1.0,1.0,1.0,1.0,1.0,1.0,4.7985638e-09,0.0036067415356583338,0.017970464522854935,0.8788747620255478,0.9933071490757153,0.9890130573694068
460,0,1.0,1.0,1.0,1.0,1.0,1.0,1.0,0.00012382999,0.0034620824036305725,0.017980340033506816,0.2664753843184605,0.9933071490757153,0.9890130573694068
461,0,1.0,1.0,1.0,1.0,1.0,1.0,1.0,3.0659206e-19,0.006275127983539596,0.01799758937521557,0.11528939702839386,0.9933071490757153,0.9890130573694068
462,0,1.0,1.0,1.0,1.0,1.0,1.0,1.0,2.5027208e-13,0.003989059509424662,0.01804206071342624,0.1,0.9933071490757153,0.9890130573694068
463,0,1.0,1.0,1.0,1.0,1.0,1.0,1.0,5.6351766e-08,0.005410444128237674,0.017946818990615742,0.6433680841921926,0.9933071490757153,0.9890130573694068
464,1,1.0,1.0,1.0,1.0,0.0,0.0,1.0,0.99932516,0.6510373739144256,0.6057489212705732,0.2734834442813867,0.9933071490757153,0.9890130573694068
465,0,1.0,1.0,1.0,1.0,0.0,0.0,1.0,1.2528586e-05,0.4859351028425615,0.4550776869135748,0.28098188493816817,0.9933071490757153,0.9890130573694068
466,0,1.0,1.0,1.0,1.0,1.0,1.0,1.0,2.2467772e-17,0.004352838784024728,0.017978473726918187,0.1,0.9933071490757153,0.9890130573694068
467,0,1.0,1.0,1.0,1.0,1.0,1.0,1.0,9.710514e-06,0.0029199901487805646,0.01796405575864652,0.4106097611789264,0.9933071490757153,0.9890130573694068
468,0,1.0,1.0,1.0,1.0,1.0,1.0,1.0,0.057219494,0.003873450531790811,0.01798353237342566,0.26303523207951246,0.9933071490757153,0.9890130573694068
469,0,1.0,1.0,1.0,1.0,1.0,1.0,1.0,0.00016213112,0.00531985300990512,0.018007802093555493,0.32734522744830574,0.9933071490757153,0.9890130573694068
470,0,1.0,1.0,1.0,1.0,1.0,1.0,1.0,1.1561135e-06,0.004493088006478874,0.01801252330685787,0.35294637658498473,0.9933071490757153,0.9890130573694068
471,1,0.0,1.0,1.0,1.0,0.0,0.0,1.0,1.8572707e-19,0.9830467439735205,0.9443338455804792,0.1,0.9933071490757153,0.9890130573694068
472,1,0.0,1.0,1.0,1.0,0.0,0.0,1.0,0.0671752,0.9999999505465827,0.9602251311943761,0.21195968584678135,0.9933071490757153,0.9890130573694068
473,1,1.0,1.0,1.0,1.0,1.0,1.0,1.0,1.0,0.9999997995695079,0.96005994392485,0.7466034304968518,0.9933071490757153,0.9890130573694068
474,1,1.0,1.0,1.0,1.0,1.0,1.0,1.0,1.0,0.9999994748535432,0.9601740936894837,0.5153295330100781,0.9933071490757153,0.9890130573694068
475,1,1.0,1.0,1.0,1.0,1.0,1.0,1.0,0.99999976,0.9997879905753961,0.9601472176993436,0.6806953408150269,0.9933071490757153,0.9890130573694068
476,1,1.0,1.0,1.0,1.0,1.0,1.0,1.0,1.0,0.9994513922026758,0.9602372932017859,0.28789149320907753,0.9933071490757153,0.9890130573694068
477,1,1.0,1.0,1.0,1.0,1.0,1.0,1.0,0.9999999,0.9996876191616245,0.960086992117983,0.9842002216144067,0.9933071490757153,0.9890130573694068
478,1,1.0,1.0,1.0,1.0,1.0,1.0,1.0,1.0,0.9999130985061054,0.9601484768859794,0.9005129385215418,0.9933071490757153,0.9890130573694068
479,1,0.0,1.0,1.0,1.0,0.0,0.0,1.0,0.040499464,0.9999998378431197,0.9601334880569105,0.13064201507932677,0.9933071490757153,0.9890130573694068
480,1,1.0,1.0,1.0,1.0,1.0,1.0,1.0,0.9998708,0.9999993695657159,0.9600831341301578,0.9171636957063363,0.9933071490757153,0.9890130573694068
481,1,0.0,1.0,1.0,1.0,0.0,0.0,1.0,2.7958729e-16,0.9999998001532009,0.9600334943233509,0.1,0.9933071490757153,0.9890130573694068
482,1,1.0,1.0,1.0,1.0,1.0,1.0,1.0,0.7621763,0.9999999946590632,0.9601437724320177,0.23319125229981866,0.9933071490757153,0.9890130573694068
483,1,1.0,1.0,1.0,1.0,1.0,1.0,1.0,0.9996667,0.9999999118425695,0.960177989538392,0.35104433999709433,0.9933071490757153,0.9890130573694068
484,1,1.0,1.0,1.0,1.0,1.0,1.0,1.0,0.9997634,0.9999995978437286,0.9600732170019071,0.26485083309720386,0.9933071490757153,0.9890130573694068
485,1,1.0,1.0,1.0,1.0,1.0,1.0,1.0,0.99995196,0.9999999625280552,0.9600184796074799,0.6859875304676649,0.9933071490757153,0.9890130573694068
486,1,0.0,1.0,1.0,1.0,0.0,0.0,1.0,1.8693529e-13,0.9999999768560344,0.9600327254166152,0.1,0.9933071490757153,0.9890130573694068
487,1,1.0,1.0,1.0,1.0,1.0,1.0,1.0,1.0,0.9999999726184807,0.9600894424143304,0.9808590787416169,0.9933071490757153,0.9890130573694068
488,1,0.0,1.0,1.0,1.0,0.0,0.0,1.0,3.3877063e-09,0.9999999635027934,0.9600398640954011,0.1,0.9933071490757153,0.9890130573694068
489,1,1.0,1.0,1.0,1.0,1.0,1.0,1.0,1.0,0.9999999920411439,0.9600408185844167,0.9949284418559003,0.9933071490757153,0.9890130573694068
490,1,1.0,1.0,1.0,1.0,1.0,1.0,1.0,0.9987723,0.9999999414422389,0.9600882061707706,0.995815762541467,0.9933071490757153,0.9890130573694068
491,1,1.0,1.0,1.0,1.0,1.0,1.0,1.0,1.0,0.999999999352165,0.9600823141153643,0.8519601842701501,0.9933071490757153,0.9890130573694068
492,1,1.0,1.0,1.0,1.0,1.0,1.0,1.0,1.0,0.9999999999791048,0.9601588817754848,0.9859490120388669,0.9933071490757153,0.9890130573694068
493,1,1.0,1.0,1.0,1.0,1.0,1.0,1.0,0.99999976,0.99999999999603,0.9601309580505976,0.9487152212064502,0.9933071490757153,0.9890130573694068
494,1,1.0,1.0,1.0,1.0,1.0,1.0,1.0,0.9999883,0.9999999999891525,0.960229513848843,0.17646908161424146,0.9933071490757153,0.9890130573694068
495,1,1.0,1.0,1.0,1.0,1.0,1.0,1.0,1.0,0.9999999999995067,0.960123678217471,0.9957147445723786,0.9933071490757153,0.9890130573694068
496,1,1.0,1.0,1.0,1.0,1.0,1.0,1.0,1.0,0.9999999999991299,0.9601525636779471,0.9213250551949715,0.9933071490757153,0.9890130573694068
497,1,0.0,1.0,1.0,1.0,0.0,0.0,1.0,4.401801e-15,0.999999999993248,0.960032956740304,0.1,0.9933071490757153,0.9890130573694068
498,1,0.0,1.0,1.0,1.0,0.0,0.0,1.0,3.22913e-11,0.9999999999735528,0.9601095280015127,0.1,0.9933071490757153,0.9890130573694068
499,1,1.0,1.0,1.0,1.0,1.0,1.0,1.0,1.0,0.9999999999759079,0.9600907867436441,0.4958904358598257,0.9933071490757153,0.9890130573694068
500,1,1.0,1.0,1.0,1.0,1.0,1.0,1.0,0.99999964,0.9999999999995166,0.9601460389600547,0.23454062554138108,0.9933071490757153,0.9890130573694068
501,1,1.0,1.0,1.0,1.0,1.0,1.0,1.0,1.0,0.9999999999995495,0.9601050936225766,0.9965394394856801,0.9933071490757153,0.9890130573694068
502,1,1.0,1.0,1.0,1.0,1.0,1.0,1.0,1.0,0.999999999998429,0.9601214071217543,0.9572629921487055,0.9933071490757153,0.9890130573694068
503,1,0.0,1.0,1.0,1.0,0.0,0.0,1.0,1.8142469e-08,0.9999999998959898,0.9601070690539448,0.1,0.9933071490757153,0.9890130573694068
504,1,1.0,1.0,1.0,1.0,1.0,1.0,1.0,1.0,0.9999999886656997,0.9600545543945794,0.6521037556234522,0.9933071490757153,0.9890130573694068
505,1,1.0,1.0,1.0,1.0,1.0,1.0,1.0,1.0,0.9999999989482657,0.9602611850066937,0.8879183076321016,0.9933071490757153,0.9890130573694068
506,1,1.0,1.0,1.0,1.0,1.0,1.0,1.0,0.9999987,0.9999999998580649,0.9600668346652124,0.9898822395019363,0.9933071490757153,0.9890130573694068
507,1,1.0,1.0,1.0,1.0,1.0,1.0,1.0,0.9999999,0.9999999997238729,0.9601344961613928,0.7643919991321226,0.9933071490757153,0.9890130573694068
508,1,0.0,1.0,1.0,1.0,0.0,0.0,1.0,0.020937636,0.9999999997625747,0.9601843420348627,0.1,0.9933071490757153,0.9890130573694068
509,1,0.0,1.0,1.0,1.0,0.0,0.0,1.0,0.3970947,0.9999999998966672,0.9600580857583713,0.2733217828766845,0.9933071490757153,0.9890130573694068
510,1,1.0,1.0,1.0,1.0,1.0,1.0,1.0,0.88235825,0.9999999994459011,0.9601798512070762,0.1298136421773005,0.9933071490757153,0.9890130573694068
511,1,0.0,1.0,1.0,1.0,0.0,0.0,1.0,1.421677e-15,0.999999998287675,0.9601594832780127,0.1,0.9933071490757153,0.9890130573694068
512,1,1.0,1.0,1.0,1.0,1.0,1.0,1.0,1.0,0.9999999971149066,0.9601919826889916,0.9106662258955163,0.9933071490757153,0.9890130573694068
513,1,0.0,1.0,1.0,1.0,0.0,0.0,1.0,5.2143713e-07,0.9999999930763203,0.9601721033020775,0.3109953816060252,0.9933071490757153,0.9890130573694068
514,1,1.0,1.0,1.0,1.0,1.0,1.0,1.0,0.9810579,0.9999999979136406,0.9601218995326543,0.11400813319352046,0.9933071490757153,0.9890130573694068
515,1,0.0,1.0,1.0,1.0,0.0,0.0,1.0,3.4094927e-13,0.9999999966534309,0.9601188285787312,0.1,0.9933071490757153,0.9890130573694068
516,1,1.0,1.0,1.0,1.0,1.0,1.0,1.0,1.0,0.999999993048128,0.9601353117446526,0.8662003556937657,0.9933071490757153,0.9890130573694068
517,1,1.0,1.0,1.0,1.0,1.0,1.0,1.0,0.9999999,0.999999906549879,0.9601597418450717,0.4858205561686478,0.9933071490757153,0.9890130573694068
518,1,1.0,1.0,1.0,1.0,1.0,1.0,1.0,0.6970017,0.9999999980086549,0.9601450742311688,0.10162651340071192,0.9933071490757153,0.9890130573694068
519,1,1.0,1.0,1.0,1.0,1.0,1.0,1.0,0.99343103,0.999999988205824,0.9600891420759742,0.781446129778931,0.9933071490757153,0.9890130573694068
520,1,1.0,1.0,1.0,1.0,1.0,1.0,1.0,1.0,0.9999999890684658,0.9601584389460224,0.9607737372369645,0.9933071490757153,0.9890130573694068
521,1,1.0,1.0,1.0,1.0,1.0,1.0,1.0,0.87642187,0.9999999916993004,0.9600966510517533,0.24894352712293485,0.9933071490757153,0.9890130573694068
522,1,1.0,1.0,1.0,1.0,1.0,1.0,1.0,0.9999852,0.9999999929909084,0.9601763249787802,0.6018075337056683,0.9933071490757153,0.9890130573694068
523,1,1.0,1.0,1.0,1.0,1.0,1.0,1.0,0.99999976,0.999999981661426,0.9600817281601494,0.9114763336539669,0.9933071490757153,0.9890130573694068
524,1,1.0,1.0,1.0,1.0,1.0,1.0,1.0,0.99980766,0.9999999328837517,0.9601537885718031,0.1100261417131699,0.9933071490757153,0.9890130573694068
525,1,0.0,1.0,1.0,1.0,0.0,0.0,1.0,6.776271e-08,0.9999995402566514,0.9600684683018558,0.15259937078906033,0.9933071490757153,0.9890130573694068
526,1,1.0,1.0,1.0,1.0,1.0,0.0,1.0,0.59422535,0.999844490408347,0.960160053047808,0.6011006266887433,0.9933071490757153,0.9890130573694068
527,1,1.0,1.0,1.0,1.0,1.0,1.0,1.0,1.0,0.9996664292396218,0.9601581445459444,0.9957147445723786,0.9933071490757153,0.9890130573694068
528,1,1.0,1.0,1.0,1.0,1.0,1.0,1.0,0.99982244,0.9999993788168322,0.9600718532136177,0.16151165171803333,0.9933071490757153,0.9890130573694068
529,1,1.0,1.0,1.0,1.0,1.0,1.0,1.0,1.0,0.9999992919482256,0.960145487730404,0.45008255426547994,0.9933071490757153,0.9890130573694068
530,1,1.0,1.0,1.0,1.0,1.0,1.0,1.0,0.9992822,0.9997152157282349,0.9600231542266907,0.5637290392166695,0.9933071490757153,0.9890130573694068
531,1,1.0,1.0,1.0,1.0,1.0,1.0,1.0,0.9955278,0.999867124871179,0.9600789450352277,0.1,0.9933071490757153,0.9890130573694068
532,1,1.0,1.0,1.0,1.0,1.0,1.0,1.0,0.9999995,0.999441668409497,0.9601002039501523,0.31609277885101617,0.9933071490757153,0.9890130573694068
533,1,1.0,1.0,1.0,1.0,1.0,1.0,1.0,0.96988624,0.9985005206627557,0.9601141160902424,0.4260363067482271,0.9933071490757153,0.9890130573694068
534,1,0.0,1.0,1.0,1.0,0.0,0.0,1.0,0.02637201,0.9996743187352538,0.9601578312195216,0.4620746605131826,0.9933071490757153,0.9890130573694068
535,1,0.0,1.0,1.0,1.0,0.0,0.0,1.0,4.6280322e-14,0.999290345130339,0.9601774325910539,0.1,0.9933071490757153,0.9890130573694068
536,1,1.0,1.0,1.0,1.0,1.0,1.0,1.0,0.9999075,0.9999461683419393,0.9601788367590456,0.23187256427684283,0.9933071490757153,0.9890130573694068
537,1,1.0,1.0,1.0,1.0,1.0,1.0,1.0,1.0,0.9998383547695588,0.9601794281811907,0.8131689660833742,0.9933071490757153,0.9890130573694068
538,1,1.0,1.0,1.0,1.0,1.0,1.0,1.0,1.0,0.999944679091278,0.960245891148152,0.8705910793470969,0.9933071490757153,0.9890130573694068
539,1,1.0,1.0,1.0,1.0,1.0,1.0,1.0,0.9999076,0.9999994604199794,0.9601291719354881,0.6402486413530317,0.9933071490757153,0.9890130573694068
540,1,0.0,1.0,1.0,1.0,0.0,0.0,1.0,1.1051124e-11,0.9996032176730397,0.9602396248169093,0.26983300438662294,0.9933071490757153,0.9890130573694068
541,1,1.0,1.0,1.0,1.0,1.0,1.0,1.0,0.9999999,0.9994990668643379,0.9600978407066028,0.9905486487804385,0.9933071490757153,0.9890130573694068
542,1,0.0,1.0,1.0,1.0,0.0,0.0,1.0,1.8257907e-14,0.9998150774136295,0.9601994829339683,0.1,0.9933071490757153,0.9890130573694068
543,1,1.0,1.0,1.0,1.0,1.0,1.0,1.0,0.9998363,0.9997990818156075,0.9601195428971327,0.14248557469023648,0.9933071490757153,0.9890130573694068
544,1,0.0,1.0,1.0,1.0,0.0,0.0,1.0,0.08755896,0.9999993702035963,0.96020209130531,0.21584759621405603,0.9933071490757153,0.9890130573694068
545,1,1.0,1.0,1.0,1.0,1.0,1.0,1.0,0.99999917,0.9999999297784216,0.960075151117855,0.891474815113001,0.9933071490757153,0.9890130573694068
546,1,0.0,1.0,1.0,1.0,0.0,0.0,1.0,9.38001e-11,0.9999999576271896,0.9600972824441631,0.35689134948490503,0.9933071490757153,0.9890130573694068
547,1,1.0,1.0,1.0,1.0,1.0,1.0,1.0,0.9999988,0.9999998563944916,0.9599765439248016,0.3021424802126031,0.9933071490757153,0.9890130573694068
548,1,1.0,1.0,1.0,1.0,1.0,1.0,1.0,1.0,0.9999999730170921,0.9600875986824088,0.855790660946303,0.9933071490757153,0.9890130573694068
549,1,1.0,1.0,1.0,1.0,1.0,1.0,1.0,0.99999905,0.9999993627755553,0.9601358886466768,0.854116738787622,0.9933071490757153,0.9890130573694068
550,1,0.0,1.0,1.0,1.0,0.0,0.0,1.0,1.9566854e-10,0.9992707153174712,0.9601106512192094,0.1,0.9933071490757153,0.9890130573694068
551,1,1.0,1.0,1.0,1.0,1.0,1.0,1.0,1.0,0.998226996547704,0.960179358887665,0.8879183076321016,0.9933071490757153,0.9890130573694068
552,1,0.0,1.0,1.0,1.0,0.0,0.0,1.0,0.02637201,0.9988855248764646,0.9601321486471358,0.4620746605131826,0.9933071490757153,0.9890130573694068
553,1,1.0,1.0,1.0,1.0,1.0,1.0,1.0,1.0,0.9999984562923562,0.9601051024786648,0.17807097536857733,0.9933071490757153,0.9890130573694068
554,1,1.0,1.0,1.0,1.0,1.0,1.0,1.0,0.9999907,0.9999996368952092,0.9602215816031789,0.7805729064586122,0.9933071490757153,0.9890130573694068
555,1,0.0,1.0,1.0,1.0,0.0,0.0,1.0,0.000106230436,0.9999545597410517,0.9601300186696573,0.2958278601458007,0.9933071490757153,0.9890130573694068
556,1,1.0,1.0,1.0,1.0,1.0,1.0,1.0,0.9364952,0.9999999827940048,0.960288497054215,0.5327262052260499,0.9933071490757153,0.9890130573694068
557,1,1.0,1.0,1.0,1.0,1.0,1.0,1.0,0.86205244,0.9999999896373237,0.9601252334315993,0.3376381825423346,0.9933071490757153,0.9890130573694068
558,1,1.0,1.0,1.0,1.0,1.0,1.0,1.0,0.9999956,0.9999999827930135,0.960063067367013,0.13514466972130176,0.9933071490757153,0.9890130573694068
559,1,1.0,1.0,1.0,1.0,1.0,1.0,1.0,1.0,0.9999999844362784,0.9601105185268938,0.855790660946303,0.9933071490757153,0.9890130573694068
560,1,1.0,1.0,1.0,1.0,1.0,1.0,1.0,0.99994373,0.9999999750756761,0.9601618239081221,0.9481821301937451,0.9933071490757153,0.9890130573694068
561,1,0.0,1.0,1.0,1.0,0.0,0.0,1.0,0.04825154,0.9999999899805248,0.9600694538107523,0.12134596872986951,0.9933071490757153,0.9890130573694068
562,1,1.0,1.0,1.0,1.0,1.0,1.0,1.0,0.9998864,0.9999999679637257,0.9601298994764883,0.22189975673105145,0.9933071490757153,0.9890130573694068
563,1,0.0,1.0,1.0,1.0,0.0,0.0,1.0,5.7191412e-18,0.9999998090584636,0.9601719856773941,0.1,0.9933071490757153,0.9890130573694068
564,1,1.0,1.0,1.0,1.0,1.0,1.0,1.0,1.0,0.9999999796097537,0.9600853814530775,0.9036053712721216,0.9933071490757153,0.9890130573694068
565,1,1.0,1.0,1.0,1.0,1.0,1.0,1.0,0.99999964,0.9999999876503176,0.9600587494734154,0.8143051240872944,0.9933071490757153,0.9890130573694068
566,1,1.0,1.0,1.0,1.0,1.0,1.0,1.0,1.0,0.9999999743388662,0.9600426425514443,0.9874590252065659,0.9933071490757153,0.9890130573694068
567,1,1.0,1.0,1.0,1.0,1.0,1.0,1.0,1.0,0.9999999965174159,0.9601253873029202,0.9920424062396028,0.9933071490757153,0.9890130573694068
568,1,1.0,1.0,1.0,1.0,1.0,1.0,1.0,1.0,0.9999999985980159,0.9601930594194348,0.659662308632584,0.9933071490757153,0.9890130573694068
569,1,1.0,1.0,1.0,1.0,1.0,1.0,1.0,1.0,0.9999999999387826,0.9601472601591939,0.980981496355519,0.9933071490757153,0.9890130573694068
570,1,1.0,1.0,1.0,1.0,1.0,1.0,1.0,0.9999751,0.9999999999824526,0.9601605722919082,0.32622397816103305,0.9933071490757153,0.9890130573694068
571,1,0.0,1.0,1.0,1.0,0.0,0.0,1.0,1.6173022e-21,0.9999999996994551,0.9602128263627651,0.1,0.9933071490757153,0.9890130573694068
572,1,1.0,1.0,1.0,1.0,1.0,1.0,1.0,0.99999976,0.9999999992666372,0.9602759376519506,0.9839436654733351,0.9933071490757153,0.9890130573694068
573,1,1.0,1.0,1.0,1.0,1.0,1.0,1.0,0.99836713,0.9999999993163293,0.9601964862889695,0.17164548624776935,0.9933071490757153,0.9890130573694068
574,1,1.0,1.0,1.0,1.0,1.0,1.0,1.0,0.999554,0.9999999994156917,0.9602127509563557,0.9894586186200907,0.9933071490757153,0.9890130573694068
575,1,1.0,1.0,1.0,1.0,1.0,1.0,1.0,1.0,0.9999999998908778,0.960161229807618,0.31201514215323717,0.9933071490757153,0.9890130573694068
576,1,1.0,1.0,1.0,1.0,1.0,1.0,1.0,0.9871085,0.9999999969254271,0.9601330735551699,0.6336024974270319,0.9933071490757153,0.9890130573694068
577,1,1.0,1.0,1.0,1.0,1.0,1.0,1.0,1.0,0.9999999992681609,0.960137102298365,0.36539212439277224,0.9933071490757153,0.9890130573694068
578,1,1.0,1.0,1.0,1.0,1.0,1.0,1.0,0.9998765,0.9999999985562897,0.9600832898306213,0.8199408205521619,0.9933071490757153,0.9890130573694068
579,1,1.0,1.0,1.0,1.0,1.0,1.0,1.0,1.0,0.9999999999931316,0.9601177169200471,0.9557300745277211,0.9933071490757153,0.9890130573694068
580,1,1.0,1.0,1.0,1.0,1.0,1.0,1.0,1.0,0.9999999998205504,0.960093088150891,0.9843977022606,0.9933071490757153,0.9890130573694068
581,1,1.0,1.0,1.0,1.0,1.0,1.0,1.0,1.0,0.9999999999959857,0.960141750132041,0.7466034304968518,0.9933071490757153,0.9890130573694068
582,1,1.0,1.0,1.0,1.0,1.0,1.0,1.0,0.99999964,0.9999999999978193,0.9601122972958758,0.9100203707577611,0.9933071490757153,0.9890130573694068
583,1,1.0,1.0,1.0,1.0,1.0,1.0,1.0,0.9999999,0.9999999999956813,0.9600694297835067,0.9859033337031674,0.9933071490757153,0.9890130573694068
584,1,0.0,1.0,1.0,1.0,0.0,0.0,1.0,0.00026717517,0.9999999999030412,0.9600882487612756,0.1,0.9933071490757153,0.9890130573694068
585,0,1.0,0.8833333333333333,1.0,1.0,0.0,1.0,1.0,6.9044404e-06,0.37691875676665315,0.20635275390007593,0.5417114830458232,0.9933071490757153,0.9890130573694068
586,0,1.0,1.0,1.0,1.0,1.0,1.0,1.0,2.2511301e-06,0.006161609393793547,0.017990222125778506,0.40378650647407177,0.9933071490757153,0.9890130573694068
587,0,1.0,1.0,1.0,1.0,1.0,1.0,1.0,5.831094e-11,0.004061589913019242,0.017976505119884564,0.8910931072315785,0.9933071490757153,0.9890130573694068
588,0,1.0,1.0,1.0,1.0,1.0,1.0,1.0,4.2473938e-20,0.003981825808162552,0.017995431399827753,0.1,0.9933071490757153,0.9890130573694068
589,0,1.0,1.0,1.0,1.0,1.0,1.0,1.0,4.1702015e-09,0.004484932331127427,0.017974699050229612,0.286935860454851,0.9933071490757153,0.9890130573694068
590,0,1.0,1.0,1.0,1.0,1.0,1.0,1.0,0.15593317,0.003974844812758266,0.01801259609885377,0.3359388318400925,0.9933071490757153,0.9890130573694068
591,0,1.0,1.0,1.0,1.0,1.0,1.0,1.0,0.0074393568,0.004519127869613334,0.017953278975016786,0.15144054937293894,0.9933071490757153,0.9890130573694068
592,0,1.0,1.0,1.0,1.0,1.0,1.0,1.0,0.01165851,0.005574562136177479,0.01797565562842489,0.3518750825811101,0.9933071490757153,0.9890130573694068
593,0,1.0,1.0,1.0,1.0,1.0,1.0,1.0,5.8211735e-06,0.0037029406485515636,0.017945922573305795,0.8141045264779132,0.9933071490757153,0.9890130573694068
594,0,1.0,1.0,1.0,1.0,1.0,1.0,1.0,1.2186829e-12,0.0040665168851687725,0.017959766994317415,0.7756522987646572,0.9933071490757153,0.9890130573694068
595,0,1.0,1.0,1.0,1.0,1.0,1.0,1.0,6.038794e-19,0.004607653111438894,0.01799976895035553,0.1,0.9933071490757153,0.9890130573694068
596,0,1.0,1.0,1.0,1.0,1.0,1.0,1.0,5.641871e-10,0.004062856708285035,0.01797418951490769,0.6082500049525993,0.9933071490757153,0.9890130573694068
597,0,1.0,1.0,1.0,1.0,1.0,1.0,1.0,2.601314e-11,0.004831627995701871,0.017989493350902348,0.13624272333017856,0.9933071490757153,0.9890130573694068
598,0,1.0,1.0,1.0,1.0,1.0,1.0,1.0,4.3373433e-08,0.005208505575379141,0.017999653450018537,0.2477861917250374,0.9933071490757153,0.9890130573694068
599,0,1.0,1.0,1.0,1.0,1.0,1.0,1.0,3.316639e-06,0.004181731599170952,0.01803138911956568,0.9866140977212835,0.9933071490757153,0.9890130573694068
600,0,1.0,1.0,1.0,1.0,1.0,1.0,1.0,1.0809935e-12,0.0039136576400459235,0.01799555613833549,0.22096045760810035,0.9933071490757153,0.9890130573694068
601,0,1.0,1.0,1.0,1.0,1.0,1.0,1.0,0.00079176924,0.004743917976358856,0.017992855846526854,0.43601452485972275,0.9933071490757153,0.9890130573694068
602,0,1.0,1.0,1.0,1.0,1.0,1.0,1.0,1.5809869e-16,0.0046049020827610854,0.01803469313380375,0.14735498995147434,0.9933071490757153,0.9890130573694068
603,0,1.0,1.0,1.0,1.0,1.0,1.0,1.0,1.7268832e-11,0.0032798146867144204,0.017929590856901878,0.1,0.9933071490757153,0.9890130573694068
604,0,1.0,1.0,1.0,1.0,1.0,1.0,1.0,0.0002428343,0.003483982067647396,0.01801686208038729,0.1,0.9933071490757153,0.9890130573694068
605,0,1.0,1.0,1.0,1.0,1.0,1.0,1.0,0.0007276883,0.0031887404257625097,0.017959747261454728,0.30862736627191845,0.9933071490757153,0.9890130573694068
606,1,1.0,1.0,1.0,1.0,1.0,1.0,1.0,1.0,0.7843284536441248,0.7771566252169061,0.9945367085218405,0.9933071490757153,0.9890130573694068
607,1,1.0,1.0,1.0,1.0,1.0,1.0,1.0,0.9971705,0.99999999999997,0.9871805455199573,0.20490423665318128,0.9933071490757153,0.9890130573694068
608,1,1.0,1.0,1.0,1.0,1.0,1.0,1.0,1.0,0.99999999999997,0.9871704000299916,0.9702668753635512,0.9933071490757153,0.9890130573694068
609,1,0.0,1.0,1.0,1.0,0.0,0.0,1.0,7.768263e-08,0.99999999999997,0.9871854121960233,0.1,0.9933071490757153,0.9890130573694068
610,1,1.0,1.0,1.0,1.0,1.0,1.0,1.0,1.0,0.99999999999997,0.9871664749688456,0.9703776475392989,0.9933071490757153,0.9890130573694068
611,1,1.0,1.0,1.0,1.0,1.0,1.0,1.0,0.9999758,0.99999999999997,0.9871875985457385,0.32887486218670203,0.9933071490757153,0.9890130573694068
612,1,1.0,1.0,1.0,1.0,1.0,1.0,1.0,0.88235825,0.9999999999999697,0.9871187726754808,0.1298136421773005,0.9933071490757153,0.9890130573694068
613,0,1.0,1.0,1.0,1.0,1.0,1.0,1.0,4.1690505e-08,0.023079000959326582,0.018000693305375823,0.9433451050417196,0.9933071490757153,0.9890130573694068
614,0,1.0,1.0,1.0,1.0,1.0,1.0,1.0,1.8590839e-13,0.0049381271227256105,0.017973466887467652,0.1,0.9933071490757153,0.9890130573694068
615,0,1.0,1.0,1.0,1.0,1.0,1.0,1.0,9.6327385e-05,0.005023339018269759,0.017984125431796387,0.4013742748024144,0.9933071490757153,0.9890130573694068
616,0,1.0,1.0,1.0,1.0,1.0,1.0,1.0,1.3964183e-05,0.004045436630608704,0.017967711943776256,0.6884120201352906,0.9933071490757153,0.9890130573694068
617,0,1.0,1.0,1.0,1.0,1.0,1.0,1.0,5.4134016e-05,0.004450281729129645,0.017951606790382667,0.6037451998998768,0.9933071490757153,0.9890130573694068
618,0,1.0,1.0,1.0,1.0,1.0,1.0,1.0,1.162531e-05,0.005150224149143767,0.017947483471096926,0.29584070263687223,0.9933071490757153,0.9890130573694068
619,0,1.0,1.0,1.0,1.0,1.0,1.0,1.0,3.1949657e-13,0.00472967898094035,0.017997914778161754,0.1,0.9933071490757153,0.9890130573694068
620,1,1.0,0.9833333333333333,1.0,1.0,1.0,1.0,1.0,1.0,0.9334874606107512,0.9058799234529005,0.9916966862777288,0.9933071490757153,0.9890130573694068
621,1,1.0,1.0,1.0,1.0,1.0,1.0,1.0,1.0,0.99999999999997,0.9865574616446942,0.7617977051802466,0.9933071490757153,0.9890130573694068
622,1,1.0,1.0,1.0,1.0,1.0,1.0,1.0,0.9971705,0.99999999999997,0.9865143435962185,0.20490423665318128,0.9933071490757153,0.9890130573694068
623,1,1.0,1.0,1.0,1.0,1.0,1.0,1.0,1.0,0.99999999999997,0.9865203829845826,0.9948906169327167,0.9933071490757153,0.9890130573694068
624,1,1.0,1.0,1.0,1.0,1.0,1.0,1.0,1.0,0.99999999999997,0.9865442022163885,0.9752145921860885,0.9933071490757153,0.9890130573694068
625,1,1.0,1.0,1.0,1.0,1.0,1.0,1.0,1.0,0.99999999999997,0.9865270132132022,0.9265181194444304,0.9933071490757153,0.9890130573694068
626,1,1.0,1.0,1.0,1.0,1.0,1.0,1.0,1.0,0.99999999999997,0.9865408320926659,0.997450365417376,0.9933071490757153,0.9890130573694068
627,1,0.0,1.0,1.0,1.0,0.0,0.0,1.0,0.32312196,0.99999999999997,0.9865059515943858,0.10899536157071968,0.9933071490757153,0.9890130573694068
628,1,0.0,1.0,1.0,1.0,0.0,0.0,1.0,0.00012700475,0.99999999999997,0.9865181016594413,0.727873051951816,0.9933071490757153,0.9890130573694068
629,1,1.0,1.0,1.0,1.0,1.0,1.0,1.0,0.99602485,0.99999999999997,0.9865466749179945,0.18827932437272146,0.9933071490757153,0.9890130573694068
630,1,1.0,1.0,1.0,1.0,1.0,1.0,1.0,0.94664294,0.99999999999997,0.9865363135477436,0.1943101315038208,0.9933071490757153,0.9890130573694068
631,1,0.0,1.0,1.0,1.0,0.0,0.0,1.0,3.22913e-11,0.99999999999997,0.9865257089060193,0.1,0.9933071490757153,0.9890130573694068
632,1,0.0,1.0,1.0,1.0,0.0,0.0,1.0,0.08781779,0.99999999999997,0.9865523918398136,0.11775277893279085,0.9933071490757153,0.9890130573694068
633,1,1.0,1.0,1.0,1.0,1.0,1.0,1.0,0.999918,0.99999999999997,0.9865551673770471,0.1,0.9933071490757153,0.9890130573694068
634,1,1.0,1.0,1.0,1.0,1.0,1.0,1.0,1.0,0.99999999999997,0.9865157982889372,0.8479859346325901,0.9933071490757153,0.9890130573694068
635,1,1.0,1.0,1.0,1.0,1.0,1.0,1.0,0.9999684,0.99999999999997,0.9864994535002248,0.6393200410396528,0.9933071490757153,0.9890130573694068
636,1,1.0,1.0,1.0,1.0,1.0,1.0,1.0,0.99999964,0.99999999999997,0.986537596255166,0.19819513184636203,0.9933071490757153,0.9890130573694068
637,1,0.0,1.0,1.0,1.0,0.0,0.0,1.0,0.0003057393,0.99999999999997,0.9865403789805286,0.11429712143452582,0.9933071490757153,0.9890130573694068
638,1,1.0,1.0,1.0,1.0,1.0,1.0,1.0,0.9999075,0.99999999999997,0.9865443274979049,0.23187256427684283,0.9933071490757153,0.9890130573694068
639,1,1.0,1.0,1.0,1.0,1.0,1.0,1.0,1.0,0.99999999999997,0.9864974222502535,0.9688739797542819,0.9933071490757153,0.9890130573694068
640,1,0.0,1.0,1.0,1.0,0.0,0.0,1.0,5.6090716e-06,0.99999999999997,0.9865326468533995,0.1,0.9933071490757153,0.9890130573694068
641,1,1.0,1.0,1.0,1.0,1.0,1.0,1.0,0.9999995,0.99999999999997,0.9865317792421362,0.48184823404958593,0.9933071490757153,0.9890130573694068
642,1,1.0,1.0,1.0,1.0,1.0,1.0,1.0,1.0,0.99999999999997,0.9864875294048094,0.875041551973936,0.9933071490757153,0.9890130573694068
643,1,1.0,1.0,1.0,1.0,1.0,1.0,1.0,0.9948866,0.99999999999997,0.9865428583774514,0.3976530250742608,0.9933071490757153,0.9890130573694068
644,1,1.0,1.0,1.0,1.0,1.0,1.0,1.0,0.9990852,0.99999999999997,0.9865513934584167,0.3871811307588768,0.9933071490757153,0.9890130573694068
645,1,1.0,1.0,1.0,1.0,1.0,1.0,1.0,0.98872364,0.99999999999997,0.9864923126151764,0.21357414380545237,0.9933071490757153,0.9890130573694068
646,0,1.0,0.9833333333333333,1.0,1.0,0.0,0.0,1.0,1.061935e-08,0.38759421042481973,0.32472095250126076,0.9971919440926079,0.9933071490757153,0.9890130573694068
647,0,1.0,1.0,1.0,1.0,1.0,1.0,1.0,0.033788208,0.008376883425114775,0.018023734692067903,0.6166685503270155,0.9933071490757153,0.9890130573694068
648,0,1.0,1.0,1.0,1.0,1.0,1.0,1.0,0.007324029,0.005714900414907134,0.018014293653428267,0.9381818365414674,0.9933071490757153,0.9890130573694068
649,0,1.0,1.0,1.0,1.0,1.0,1.0,1.0,0.00020303477,0.003818326649167464,0.017940408707795993,0.4283747786873094,0.9933071490757153,0.9890130573694068
650,0,1.0,1.0,1.0,1.0,1.0,1.0,1.0,0.08010939,0.0029241969023862282,0.017978217659805354,0.9978074432231208,0.9933071490757153,0.9890130573694068
651,0,1.0,1.0,1.0,1.0,1.0,1.0,1.0,6.570268e-12,0.0062103497275711236,0.017995162706643777,0.1,0.9933071490757153,0.9890130573694068
652,0,1.0,1.0,1.0,1.0,1.0,1.0,1.0,1.0133754e-07,0.0043877696940883325,0.018021561678460023,0.4094169073077397,0.9933071490757153,0.9890130573694068
653,0,1.0,1.0,1.0,1.0,1.0,1.0,1.0,6.2015715e-05,0.004546771235604735,0.01800946876825554,0.5469328214431313,0.9933071490757153,0.9890130573694068
654,0,1.0,1.0,1.0,1.0,1.0,1.0,1.0,0.00028423002,0.003207402182698207,0.018000230989148994,0.603272091288685,0.9933071490757153,0.9890130573694068
655,0,1.0,1.0,1.0,1.0,1.0,1.0,1.0,0.006892219,0.004318168199812502,0.01794642934339592,0.9935739914534121,0.9933071490757153,0.9890130573694068
656,0,1.0,1.0,1.0,1.0,1.0,1.0,1.0,1.5775165e-09,0.004712571517816035,0.018029995671777568,0.22205100244317086,0.9933071490757153,0.9890130573694068
657,0,1.0,1.0,1.0,1.0,1.0,1.0,1.0,1.9376933e-09,0.004026881627540026,0.017973330960237247,0.6516046593418245,0.9933071490757153,0.9890130573694068
658,0,1.0,1.0,1.0,1.0,1.0,1.0,1.0,0.0041882056,0.005598762919329436,0.01795588190577458,0.9970782346903732,0.9933071490757153,0.9890130573694068
659,0,1.0,1.0,1.0,1.0,1.0,1.0,1.0,1.1770527e-07,0.004088288755312512,0.01797750180707898,0.6830084200904849,0.9933071490757153,0.9890130573694068
660,0,1.0,1.0,1.0,1.0,1.0,1.0,1.0,1.9784005e-12,0.004950614016365619,0.018000869803686037,0.27090278798568895,0.9933071490757153,0.9890130573694068
661,0,1.0,1.0,1.0,1.0,1.0,1.0,1.0,7.589716e-05,0.004159066829337521,0.01794542187810334,0.9278315395284804,0.9933071490757153,0.9890130573694068
662,0,1.0,1.0,1.0,1.0,1.0,1.0,1.0,0.0006306286,0.005020047370310176,0.017933104868464864,0.9916734897575029,0.9933071490757153,0.9890130573694068
663,0,1.0,1.0,1.0,1.0,1.0,1.0,1.0,2.0492066e-06,0.0038913080227531783,0.017961583305262766,0.46694898147086805,0.9933071490757153,0.9890130573694068
664,0,1.0,1.0,1.0,1.0,1.0,1.0,1.0,2.2941556e-10,0.006409018505939667,0.017921154493260896,0.5516941800225424,0.9933071490757153,0.9890130573694068
665,0,1.0,1.0,1.0,1.0,1.0,1.0,1.0,2.1450404e-12,0.00509211280273687,0.017975805676674485,0.1,0.9933071490757153,0.9890130573694068
666,0,1.0,1.0,1.0,1.0,1.0,1.0,1.0,0.021968203,0.005126598979066607,0.01800407898821714,0.28482863222431676,0.9933071490757153,0.9890130573694068
667,0,1.0,1.0,1.0,1.0,1.0,1.0,1.0,2.2895016e-05,0.003731658617424897,0.017993329292456953,0.6453776372439833,0.9933071490757153,0.9890130573694068
668,0,1.0,0.9833333333333333,1.0,1.0,0.0,0.0,1.0,9.6327385e-05,0.335119069805254,0.319358244808673,0.4013742748024144,0.9933071490757153,0.9890130573694068
669,1,1.0,1.0,1.0,1.0,1.0,1.0,1.0,1.0,0.99999999999997,0.9696347364755389,0.8692393834623902,0.9933071490757153,0.9890130573694068
670,1,1.0,1.0,1.0,1.0,1.0,1.0,1.0,0.9999964,0.99999999999997,0.9695767609210143,0.9868603632406332,0.9933071490757153,0.9890130573694068
671,1,0.0,1.0,1.0,1.0,0.0,0.0,1.0,1.685985e-08,0.99999999999997,0.9695614169923439,0.23734118460306347,0.9933071490757153,0.9890130573694068
672,1,1.0,1.0,1.0,1.0,1.0,1.0,1.0,1.0,0.99999999999997,0.9696285061770553,0.9533166508928888,0.9933071490757153,0.9890130573694068
673,1,1.0,1.0,1.0,1.0,1.0,1.0,1.0,0.99760675,0.99999999999997,0.9695930369153245,0.4199323826140361,0.9933071490757153,0.9890130573694068
674,1,1.0,1.0,1.0,1.0,1.0,1.0,1.0,1.0,0.99999999999997,0.969599468325605,0.9716539553546176,0.9933071490757153,0.9890130573694068
675,1,1.0,1.0,1.0,1.0,1.0,1.0,1.0,1.0,0.99999999999997,0.969635966669305,0.7466034304968518,0.9933071490757153,0.9890130573694068
676,1,1.0,1.0,1.0,1.0,1.0,1.0,1.0,1.0,0.99999999999997,0.9696229114429405,0.9648886175136271,0.9933071490757153,0.9890130573694068
677,1,0.0,1.0,1.0,1.0,0.0,0.0,1.0,2.9558665e-11,0.99999999999997,0.9696696586751473,0.1,0.9933071490757153,0.9890130573694068
678,1,1.0,1.0,1.0,1.0,1.0,1.0,1.0,1.0,0.99999999999997,0.9695495158557588,0.4267502258453284,0.9933071490757153,0.9890130573694068
679,1,1.0,1.0,1.0,1.0,1.0,1.0,1.0,1.0,0.99999999999997,0.9696147711055522,0.5045540606014867,0.9933071490757153,0.9890130573694068
680,1,1.0,1.0,1.0,1.0,1.0,1.0,1.0,0.999998,0.99999999999997,0.9696316047996446,0.3715272597879636,0.9933071490757153,0.9890130573694068
681,1,1.0,1.0,1.0,1.0,1.0,1.0,1.0,1.0,0.99999999999997,0.9697026209120911,0.9948906169327167,0.9933071490757153,0.9890130573694068
682,1,0.0,1.0,1.0,1.0,0.0,0.0,1.0,0.068968415,0.99999999999997,0.9696766239337863,0.22574730925990588,0.9933071490757153,0.9890130573694068
683,1,0.0,1.0,1.0,1.0,0.0,0.0,1.0,2.1245523e-11,0.99999999999997,0.9696309174586593,0.1,0.9933071490757153,0.9890130573694068
684,1,0.0,1.0,1.0,1.0,0.0,0.0,1.0,0.002782728,0.99999999999997,0.9697247541136219,0.14875896045012252,0.9933071490757153,0.9890130573694068
685,1,1.0,1.0,1.0,1.0,1.0,1.0,1.0,0.87642187,0.99999999999997,0.9696784459004255,0.24894352712293485,0.9933071490757153,0.9890130573694068
686,1,0.0,1.0,1.0,1.0,0.0,0.0,1.0,0.015351778,0.99999999999997,0.969627405955071,0.1,0.9933071490757153,0.9890130573694068
687,1,1.0,1.0,1.0,1.0,1.0,1.0,1.0,0.99999964,0.99999999999997,0.969572636556465,0.8870685746471371,0.9933071490757153,0.9890130573694068
688,1,1.0,1.0,1.0,1.0,1.0,1.0,1.0,0.9999995,0.99999999999997,0.9696200521797904,0.8981003350632393,0.9933071490757153,0.9890130573694068
689,1,0.0,1.0,1.0,1.0,0.0,0.0,1.0,1.3410914e-15,0.99999999999997,0.9696024792935466,0.1,0.9933071490757153,0.9890130573694068
690,1,1.0,1.0,1.0,1.0,1.0,1.0,1.0,0.99896383,0.99999999999997,0.9695986518570293,0.3755257490102074,0.9933071490757153,0.9890130573694068
691,1,1.0,1.0,1.0,1.0,1.0,1.0,1.0,1.0,0.99999999999997,0.969650299329281,0.966830895448277,0.9933071490757153,0.9890130573694068
692,1,1.0,1.0,1.0,1.0,1.0,1.0,1.0,0.9999999,0.99999999999997,0.9695789464009741,0.8795372593776664,0.9933071490757153,0.9890130573694068
693,1,1.0,1.0,1.0,1.0,1.0,1.0,1.0,0.9999999,0.99999999999997,0.9695514892251137,0.6236663866323502,0.9933071490757153,0.9890130573694068
694,0,1.0,0.9833333333333333,1.0,1.0,0.0,1.0,1.0,1.931273e-05,0.30997793143050334,0.2400037677304769,0.5320809253454172,0.9933071490757153,0.9890130573694068
695,1,1.0,0.9833333333333333,1.0,1.0,1.0,1.0,1.0,0.9999771,0.8835525849406316,0.8354321318073051,0.18940372851369763,0.9933071490757153,0.9890130573694068
696,1,1.0,1.0,1.0,1.0,1.0,1.0,1.0,1.0,0.9999999999999575,0.9611241926732229,0.7898510662464483,0.9933071490757153,0.9890130573694068
697,1,1.0,1.0,1.0,1.0,1.0,1.0,1.0,0.9999995,0.999999999999918,0.9612952823093475,0.31609277885101617,0.9933071490757153,0.9890130573694068
698,1,0.0,1.0,1.0,1.0,0.0,0.0,1.0,0.0001766486,0.9999999999997538,0.9610593803505538,0.7994173521102472,0.9933071490757153,0.9890130573694068
699,1,1.0,1.0,1.0,1.0,1.0,0.0,1.0,0.64248765,0.9999999999998966,0.9610732025386047,0.10852573178069964,0.9933071490757153,0.9890130573694068
700,1,1.0,1.0,1.0,1.0,1.0,1.0,1.0,0.99997675,0.999999999999917,0.961086061297117,0.19903105408564986,0.9933071490757153,0.9890130573694068
701,1,1.0,1.0,1.0,1.0,1.0,1.0,1.0,1.0,0.9999999999999692,0.9611453123831905,0.1442554932191652,0.9933071490757153,0.9890130573694068
702,1,1.0,1.0,1.0,1.0,1.0,1.0,1.0,0.6970017,0.9999999999999662,0.9610953294366685,0.10162651340071192,0.9933071490757153,0.9890130573694068
703,1,1.0,1.0,1.0,1.0,1.0,1.0,1.0,0.99989605,0.9999999999999697,0.9610032472171672,0.10761177926671764,0.9933071490757153,0.9890130573694068
704,1,1.0,1.0,1.0,1.0,1.0,1.0,1.0,1.0,0.9999999999999685,0.9611914402730538,0.9386244524448757,0.9933071490757153,0.9890130573694068
705,1,0.0,1.0,1.0,1.0,0.0,0.0,1.0,0.057408407,0.99999999999997,0.9611887761122726,0.1369216489182528,0.9933071490757153,0.9890130573694068
706,1,1.0,1.0,1.0,1.0,1.0,1.0,1.0,1.0,0.9999999999999668,0.9611213482514397,0.6521037556234522,0.9933071490757153,0.9890130573694068
707,1,1.0,1.0,1.0,1.0,1.0,1.0,1.0,0.9999964,0.999999999999969,0.9612695926024667,0.9868603632406332,0.9933071490757153,0.9890130573694068
708,1,1.0,1.0,1.0,1.0,1.0,1.0,1.0,0.9871157,0.99999999999997,0.9611801007725221,0.15730476064378493,0.9933071490757153,0.9890130573694068
709,1,0.0,1.0,1.0,1.0,0.0,0.0,1.0,0.0003906171,0.99999999999997,0.9612218446251607,0.39029355765244683,0.9933071490757153,0.9890130573694068
710,1,1.0,1.0,1.0,1.0,1.0,1.0,1.0,1.0,0.99999999999997,0.9611336478986553,0.8879183076321016,0.9933071490757153,0.9890130573694068
711,1,1.0,1.0,1.0,1.0,1.0,1.0,1.0,0.99997663,0.99999999999997,0.9611934226691952,0.21242714093767884,0.9933071490757153,0.9890130573694068
712,1,1.0,1.0,1.0,1.0,1.0,1.0,1.0,1.0,0.9999999999999699,0.9610812296709326,0.9726129041020711,0.9933071490757153,0.9890130573694068
713,1,1.0,1.0,1.0,1.0,1.0,1.0,1.0,0.9999999,0.99999999999997,0.9610777392813358,0.9869115521370168,0.9933071490757153,0.9890130573694068
714,1,1.0,1.0,1.0,1.0,1.0,1.0,1.0,1.0,0.99999999999997,0.9612080146742336,0.8610554893434815,0.9933071490757153,0.9890130573694068
715,1,0.0,1.0,1.0,1.0,0.0,0.0,1.0,1.3403438e-05,0.99999999999997,0.9611657817291902,0.13652290923108515,0.9933071490757153,0.9890130573694068
716,1,0.0,1.0,1.0,1.0,0.0,0.0,1.0,0.024070563,0.99999999999997,0.9611417435448958,0.1,0.9933071490757153,0.9890130573694068
717,1,1.0,1.0,1.0,1.0,1.0,1.0,1.0,0.999998,0.99999999999997,0.9612104453473714,0.3715272597879636,0.9933071490757153,0.9890130573694068
718,1,0.0,1.0,1.0,1.0,0.0,0.0,1.0,0.0024473674,0.99999999999997,0.9611518254474702,0.16484318227539646,0.9933071490757153,0.9890130573694068
719,1,0.0,1.0,1.0,1.0,0.0,0.0,1.0,3.3051311e-12,0.99999999999997,0.9611365968024774,0.1,0.9933071490757153,0.9890130573694068
720,1,0.0,1.0,1.0,1.0,0.0,0.0,1.0,5.8491983e-10,0.99999999999997,0.961184553611597,0.10299255232909993,0.9933071490757153,0.9890130573694068
721,1,1.0,1.0,1.0,1.0,1.0,1.0,1.0,1.0,0.99999999999997,0.9611431045208819,0.4182416382415483,0.9933071490757153,0.9890130573694068
722,1,1.0,1.0,1.0,1.0,1.0,1.0,1.0,0.9997172,0.99999999999997,0.9611076632151961,0.1770030319685826,0.9933071490757153,0.9890130573694068
723,1,0.0,1.0,1.0,1.0,0.0,0.0,1.0,9.05367e-06,0.99999999999997,0.9612391205093435,0.1,0.9933071490757153,0.9890130573694068
724,1,1.0,1.0,1.0,1.0,1.0,1.0,1.0,0.86205244,0.99999999999997,0.9611824707611311,0.3376381825423346,0.9933071490757153,0.9890130573694068
725,1,0.0,1.0,1.0,1.0,0.0,0.0,1.0,0.15983263,0.99999999999997,0.9612134852489034,0.3670989914770418,0.9933071490757153,0.9890130573694068
726,1,1.0,1.0,1.0,1.0,1.0,1.0,1.0,0.9999995,0.99999999999997,0.9611439970288749,0.6489883201016136,0.9933071490757153,0.9890130573694068
727,1,1.0,1.0,1.0,1.0,1.0,1.0,1.0,0.99999976,0.99999999999997,0.9611897472931026,0.9973198962007379,0.9933071490757153,0.9890130573694068
728,1,1.0,1.0,1.0,1.0,1.0,1.0,1.0,0.998871,0.99999999999997,0.9611480744078865,0.32346607219723317,0.9933071490757153,0.9890130573694068
729,1,1.0,1.0,1.0,1.0,1.0,1.0,1.0,1.0,0.99999999999997,0.961232474264487,0.9022665694151205,0.9933071490757153,0.9890130573694068
730,1,1.0,1.0,1.0,1.0,1.0,1.0,1.0,0.99990416,0.99999999999997,0.9610910635669188,0.686071005107211,0.9933071490757153,0.9890130573694068
731,1,1.0,1.0,1.0,1.0,1.0,1.0,1.0,0.99999976,0.99999999999997,0.9610461868911114,0.6345667281920946,0.9933071490757153,0.9890130573694068
732,1,1.0,1.0,1.0,1.0,1.0,1.0,1.0,1.0,0.99999999999997,0.9611116582257474,0.9965394394856801,0.9933071490757153,0.9890130573694068
733,1,0.0,1.0,1.0,1.0,0.0,0.0,1.0,0.42409033,0.99999999999997,0.9611178044038386,0.8506302582605849,0.9933071490757153,0.9890130573694068
734,1,0.0,1.0,1.0,1.0,0.0,0.0,1.0,7.768263e-08,0.99999999999997,0.9611820737198242,0.1,0.9933071490757153,0.9890130573694068
735,1,1.0,1.0,1.0,1.0,1.0,1.0,1.0,1.0,0.99999999999997,0.9610797937896558,0.9587349533741815,0.9933071490757153,0.9890130573694068
736,1,1.0,1.0,1.0,1.0,1.0,1.0,1.0,0.9999125,0.99999999999997,0.9611790022939597,0.1,0.9933071490757153,0.9890130573694068
737,1,1.0,1.0,1.0,1.0,1.0,1.0,1.0,0.9778593,0.99999999999997,0.9612319722892051,0.793732628666531,0.9933071490757153,0.9890130573694068
738,1,1.0,1.0,1.0,1.0,1.0,1.0,1.0,0.9999994,0.99999999999997,0.9610980758151977,0.829490294552617,0.9933071490757153,0.9890130573694068
739,1,1.0,1.0,1.0,1.0,1.0,1.0,1.0,0.99998295,0.99999999999997,0.9611158911052214,0.1,0.9933071490757153,0.9890130573694068
740,1,0.0,1.0,1.0,1.0,0.0,0.0,1.0,0.0081642335,0.99999999999997,0.9612387031411145,0.1990861086712247,0.9933071490757153,0.9890130573694068
741,1,1.0,1.0,1.0,1.0,1.0,1.0,1.0,0.99999976,0.99999999999997,0.9611812487284997,0.9114763336539669,0.9933071490757153,0.9890130573694068
742,1,1.0,1.0,1.0,1.0,1.0,1.0,1.0,0.7647277,0.99999999999997,0.96111523036732,0.7016069058946616,0.9933071490757153,0.9890130573694068
743,1,1.0,1.0,1.0,1.0,1.0,1.0,1.0,0.9999958,0.99999999999997,0.961095333649992,0.40815984067074684,0.9933071490757153,0.9890130573694068
744,1,0.0,1.0,1.0,1.0,0.0,0.0,1.0,0.00015098462,0.99999999999997,0.9610551597445783,0.13851080309324984,0.9933071490757153,0.9890130573694068
745,1,1.0,1.0,1.0,1.0,1.0,1.0,1.0,0.9999758,0.99999999999997,0.9611919431069006,0.32887486218670203,0.9933071490757153,0.9890130573694068
746,1,0.0,1.0,1.0,1.0,0.0,0.0,1.0,5.5041833e-09,0.99999999999997,0.9611416912379508,0.1,0.9933071490757153,0.9890130573694068
747,1,1.0,1.0,1.0,1.0,1.0,1.0,1.0,0.99998355,0.99999999999997,0.9611031688615593,0.2482421628276129,0.9933071490757153,0.9890130573694068
748,1,1.0,1.0,1.0,1.0,1.0,1.0,1.0,1.0,0.99999999999997,0.961095645615501,0.7605945897205119,0.9933071490757153,0.9890130573694068
749,1,1.0,1.0,1.0,1.0,1.0,1.0,1.0,0.9998865,0.99999999999997,0.9610476019886254,0.20392690260600524,0.9933071490757153,0.9890130573694068
750,1,1.0,1.0,1.0,1.0,1.0,1.0,1.0,1.0,0.99999999999997,0.9611463892220848,0.25278164102041095,0.9933071490757153,0.9890130573694068
751,1,0.0,1.0,1.0,1.0,0.0,0.0,1.0,0.036256477,0.99999999999997,0.9611730725057469,0.1,0.9933071490757153,0.9890130573694068
752,1,1.0,1.0,1.0,1.0,1.0,1.0,1.0,1.0,0.99999999999997,0.961096593337017,0.2682014535953945,0.9933071490757153,0.9890130573694068
753,1,1.0,1.0,1.0,1.0,1.0,1.0,1.0,0.9999968,0.99999999999997,0.961210904201243,0.9298491246904113,0.9933071490757153,0.9890130573694068
754,1,1.0,1.0,1.0,1.0,1.0,1.0,1.0,1.0,0.99999999999997,0.9611825644490943,0.4182416382415483,0.9933071490757153,0.9890130573694068
755,1,1.0,1.0,1.0,1.0,1.0,1.0,1.0,0.9999907,0.99999999999997,0.9612304572870641,0.7805729064586122,0.9933071490757153,0.9890130573694068
756,1,1.0,1.0,1.0,1.0,1.0,1.0,1.0,1.0,0.99999999999997,0.961182558810307,0.7335208111722262,0.9933071490757153,0.9890130573694068
757,1,1.0,1.0,1.0,1.0,1.0,1.0,1.0,0.99999964,0.99999999999997,0.9610694680300017,0.6215356107019647,0.9933071490757153,0.9890130573694068
758,1,0.0,1.0,1.0,1.0,0.0,0.0,1.0,0.013472446,0.99999999999997,0.9610561173467844,0.1380443524995785,0.9933071490757153,0.9890130573694068
759,1,1.0,1.0,1.0,1.0,1.0,1.0,1.0,0.99337316,0.99999999999997,0.961144941299325,0.11078087391429597,0.9933071490757153,0.9890130573694068
760,1,1.0,1.0,1.0,1.0,1.0,1.0,1.0,0.99946886,0.99999999999997,0.9612266481161608,0.22416174988240392,0.9933071490757153,0.9890130573694068
761,1,0.0,1.0,1.0,1.0,0.0,0.0,1.0,1.3733183e-08,0.99999999999997,0.9611338200709112,0.1,0.9933071490757153,0.9890130573694068
762,1,1.0,1.0,1.0,1.0,1.0,1.0,1.0,0.9938735,0.99999999999997,0.9612012483781511,0.2698623910253965,0.9933071490757153,0.9890130573694068
763,1,1.0,1.0,1.0,1.0,1.0,1.0,1.0,1.0,0.99999999999997,0.9611666453161087,0.8970913029483474,0.9933071490757153,0.9890130573694068
764,1,1.0,1.0,1.0,1.0,1.0,1.0,1.0,1.0,0.99999999999997,0.961103505919436,0.9195239914129493,0.9933071490757153,0.9890130573694068
765,1,0.0,1.0,1.0,1.0,0.0,0.0,1.0,0.4072059,0.99999999999997,0.9611502075027395,0.23690510833282474,0.9933071490757153,0.9890130573694068
766,1,1.0,1.0,1.0,1.0,1.0,1.0,1.0,0.99999595,0.99999999999997,0.9612569705075756,0.9081102027755578,0.9933071490757153,0.9890130573694068
767,1,1.0,1.0,1.0,1.0,1.0,1.0,1.0,1.0,0.99999999999997,0.9611168550457946,0.9658062106080287,0.9933071490757153,0.9890130573694068
768,1,0.0,1.0,1.0,1.0,0.0,0.0,1.0,1.3909243e-13,0.99999999999997,0.9611105311354178,0.1,0.9933071490757153,0.9890130573694068
769,1,1.0,1.0,1.0,1.0,1.0,1.0,1.0,0.94664294,0.99999999999997,0.9611982430378999,0.1943101315038208,0.9933071490757153,0.9890130573694068
770,1,1.0,1.0,1.0,1.0,1.0,0.0,1.0,0.64248765,0.99999999999997,0.9612096537819084,0.10852573178069964,0.9933071490757153,0.9890130573694068
771,1,1.0,1.0,1.0,1.0,1.0,1.0,1.0,0.99999976,0.99999999999997,0.9611096353672954,0.38234768527546065,0.9933071490757153,0.9890130573694068
772,1,1.0,1.0,1.0,1.0,1.0,1.0,1.0,1.0,0.99999999999997,0.9611208060175576,0.8519601842701501,0.9933071490757153,0.9890130573694068
773,1,1.0,1.0,1.0,1.0,1.0,1.0,1.0,1.0,0.99999999999997,0.9611161983268258,0.9794649984549085,0.9933071490757153,0.9890130573694068
774,1,1.0,1.0,1.0,1.0,1.0,1.0,1.0,0.8736734,0.99999999999997,0.9612015027476511,0.1779084922983052,0.9933071490757153,0.9890130573694068
775,1,1.0,1.0,1.0,1.0,1.0,1.0,1.0,1.0,0.99999999999997,0.9612137479025145,0.7342895566477227,0.9933071490757153,0.9890130573694068
776,1,1.0,1.0,1.0,1.0,1.0,1.0,1.0,1.0,0.99999999999997,0.9612598776209694,0.9953797463413718,0.9933071490757153,0.9890130573694068
777,1,1.0,1.0,1.0,1.0,1.0,1.0,1.0,0.99602485,0.99999999999997,0.961144538656142,0.18827932437272146,0.9933071490757153,0.9890130573694068
778,1,0.0,1.0,1.0,1.0,0.0,0.0,1.0,1.4485577e-13,0.99999999999997,0.9611946468889835,0.1,0.9933071490757153,0.9890130573694068
779,1,0.0,1.0,1.0,1.0,0.0,0.0,1.0,1.797158e-11,0.99999999999997,0.9611714500752566,0.27593857167431207,0.9933071490757153,0.9890130573694068
780,1,1.0,1.0,1.0,1.0,1.0,1.0,1.0,1.0,0.99999999999997,0.9611200299244548,0.7335208111722262,0.9933071490757153,0.9890130573694068
781,1,1.0,1.0,1.0,1.0,1.0,1.0,1.0,1.0,0.99999999999997,0.9610721644939952,0.9385261886750678,0.9933071490757153,0.9890130573694068
782,1,1.0,1.0,1.0,1.0,1.0,1.0,1.0,1.0,0.99999999999997,0.9611825176381387,0.5051069593453675,0.9933071490757153,0.9890130573694068
783,1,1.0,1.0,1.0,1.0,1.0,1.0,1.0,0.87642187,0.99999999999997,0.9611296510304995,0.24894352712293485,0.9933071490757153,0.9890130573694068
784,1,0.0,1.0,1.0,1.0,0.0,0.0,1.0,0.35153407,0.99999999999997,0.9611666030411505,0.12360600647327727,0.9933071490757153,0.9890130573694068
785,1,0.0,1.0,1.0,1.0,0.0,0.0,1.0,0.0006470121,0.99999999999997,0.9612416469681585,0.1,0.9933071490757153,0.9890130573694068
786,1,1.0,1.0,1.0,1.0,1.0,1.0,1.0,1.0,0.99999999999997,0.961101477443136,0.9794649984549085,0.9933071490757153,0.9890130573694068
787,1,1.0,1.0,1.0,1.0,1.0,1.0,1.0,0.999972,0.99999999999997,0.9612187456472733,0.7758375674590424,0.9933071490757153,0.9890130573694068
788,1,1.0,1.0,1.0,1.0,1.0,1.0,1.0,1.0,0.99999999999997,0.9612101464237546,0.324469740933186,0.9933071490757153,0.9890130573694068
789,1,0.0,1.0,1.0,1.0,0.0,0.0,1.0,9.718019e-10,0.99999999999997,0.9610012344828062,0.1,0.9933071490757153,0.9890130573694068
790,1,1.0,1.0,1.0,1.0,1.0,1.0,1.0,1.0,0.99999999999997,0.9611610611436013,0.8562122016969277,0.9933071490757153,0.9890130573694068
791,1,1.0,1.0,1.0,1.0,1.0,0.0,1.0,0.62983805,0.99999999999997,0.9611430269764405,0.8267721458865431,0.9933071490757153,0.9890130573694068
792,1,0.0,1.0,1.0,1.0,0.0,0.0,1.0,0.35153407,0.99999999999997,0.9611344683297214,0.12360600647327727,0.9933071490757153,0.9890130573694068
793,1,0.0,1.0,1.0,1.0,0.0,0.0,1.0,3.233125e-10,0.99999999999997,0.9611497581742738,0.1,0.9933071490757153,0.9890130573694068
794,1,0.0,1.0,1.0,1.0,0.0,0.0,1.0,1.6072774e-13,0.99999999999997,0.9610635042557341,0.1,0.9933071490757153,0.9890130573694068
795,1,1.0,1.0,1.0,1.0,1.0,1.0,1.0,0.7817242,0.99999999999997,0.9611903307389884,0.9072462809628445,0.9933071490757153,0.9890130573694068
796,1,1.0,1.0,1.0,1.0,1.0,1.0,1.0,1.0,0.99999999999997,0.9611453293657508,0.9850767895329371,0.9933071490757153,0.9890130573694068
797,1,1.0,1.0,1.0,1.0,1.0,1.0,1.0,0.7400898,0.99999999999997,0.9611064936193938,0.41674236585636715,0.9933071490757153,0.9890130573694068
798,1,1.0,1.0,1.0,1.0,1.0,1.0,1.0,1.0,0.99999999999997,0.9611376093422206,0.980981496355519,0.9933071490757153,0.9890130573694068
799,1,0.0,1.0,1.0,1.0,0.0,0.0,1.0,0.36220494,0.99999999999997,0.9610295658135944,0.38188483687218966,0.9933071490757153,0.9890130573694068
800,1,1.0,1.0,1.0,1.0,1.0,1.0,1.0,1.0,0.99999999999997,0.9612013621734127,0.9815116773502562,0.9933071490757153,0.9890130573694068
801,1,1.0,1.0,1.0,1.0,1.0,1.0,1.0,1.0,0.99999999999997,0.9611911130158777,0.856473170140208,0.9933071490757153,0.9890130573694068
802,1,1.0,1.0,1.0,1.0,1.0,1.0,1.0,1.0,0.99999999999997,0.9611189868165787,0.9195239914129493,0.9933071490757153,0.9890130573694068
803,1,0.0,1.0,1.0,1.0,0.0,0.0,1.0,2.2223917e-07,0.99999999999997,0.9611389433510205,0.1,0.9933071490757153,0.9890130573694068
804,1,1.0,1.0,1.0,1.0,1.0,1.0,1.0,0.9997733,0.99999999999997,0.9611320148685925,0.8628970993267494,0.9933071490757153,0.9890130573694068
805,1,1.0,1.0,1.0,1.0,1.0,1.0,1.0,0.9996822,0.99999999999997,0.9610952732432522,0.5057865691845055,0.9933071490757153,0.9890130573694068
806,1,0.0,1.0,1.0,1.0,0.0,0.0,1.0,4.688884e-06,0.99999999999997,0.9610472032284992,0.1,0.9933071490757153,0.9890130573694068
807,1,0.0,1.0,1.0,1.0,0.0,0.0,1.0,1.9566854e-10,0.99999999999997,0.9610568588458476,0.1,0.9933071490757153,0.9890130573694068
808,1,0.0,1.0,1.0,1.0,0.0,0.0,1.0,0.07451417,0.99999999999997,0.9611036229275427,0.8060252783453502,0.9933071490757153,0.9890130573694068
809,1,0.0,1.0,1.0,1.0,0.0,0.0,1.0,1.9478125e-06,0.99999999999997,0.9611530835659978,0.6156398781479044,0.9933071490757153,0.9890130573694068
810,1,1.0,1.0,1.0,1.0,1.0,1.0,1.0,1.0,0.99999999999997,0.9611223832832471,0.7426037373333249,0.9933071490757153,0.9890130573694068
811,1,0.0,1.0,1.0,1.0,0.0,0.0,1.0,0.068968415,0.99999999999997,0.9611915861539728,0.22574730925990588,0.9933071490757153,0.9890130573694068
812,1,0.0,0.85,1.0,1.0,0.0,0.0,1.0,1.1088913e-12,0.9999999999934998,0.8196278455152769,0.1,0.9933071490757153,0.9890130573694068
813,0,1.0,0.3333333333333333,1.0,1.0,0.0,0.0,1.0,1.2741223e-06,0.6765795709235516,0.017955890017440676,0.31427473152507723,0.9933071490757153,0.9890130573694068
814,0,1.0,1.0,1.0,1.0,0.0,0.0,1.0,2.0884262e-10,0.34797498238620894,0.31682926398781197,0.30804031792546194,0.9933071490757153,0.9890130573694068
815,1,1.0,1.0,1.0,1.0,1.0,1.0,1.0,1.0,0.9999999999795476,0.9614232764316404,0.9533166508928888,0.9933071490757153,0.9890130573694068
816,1,1.0,1.0,1.0,1.0,1.0,1.0,1.0,1.0,0.9999999999944342,0.9614388133777906,0.4267502258453284,0.9933071490757153,0.9890130573694068
817,1,1.0,1.0,1.0,1.0,1.0,1.0,1.0,0.99988496,0.9999999999994811,0.9614676573411493,0.9622011931629668,0.9933071490757153,0.9890130573694068
818,1,0.0,1.0,1.0,1.0,0.0,0.0,1.0,4.401801e-15,0.9999999999990397,0.9614234633391351,0.1,0.9933071490757153,0.9890130573694068
819,1,0.0,1.0,1.0,1.0,0.0,0.0,1.0,0.3970947,0.9999999999997978,0.9614459937168391,0.2733217828766845,0.9933071490757153,0.9890130573694068
820,1,1.0,1.0,1.0,1.0,1.0,1.0,1.0,0.9999987,0.999999999999866,0.9614930582679903,0.9724374421153074,0.9933071490757153,0.9890130573694068
821,1,0.0,1.0,1.0,1.0,0.0,0.0,1.0,0.25642607,0.9999999999998298,0.9614401997275667,0.7446615866478703,0.9933071490757153,0.9890130573694068
822,1,0.0,1.0,1.0,1.0,0.0,0.0,1.0,5.5041833e-09,0.9999999999993602,0.9613588477153162,0.1,0.9933071490757153,0.9890130573694068
823,1,1.0,1.0,1.0,1.0,1.0,1.0,1.0,0.9999999,0.9999999999997241,0.9613395736348626,0.8795372593776664,0.9933071490757153,0.9890130573694068
824,1,1.0,1.0,1.0,1.0,1.0,1.0,1.0,1.0,0.9999999999999466,0.9614476521065524,0.9964856988953309,0.9933071490757153,0.9890130573694068
825,1,1.0,0.8833333333333333,1.0,1.0,1.0,1.0,1.0,1.0,0.9149908653732332,0.7777762991556255,0.9732337534111175,0.9933071490757153,0.9890130573694068
826,1,0.0,0.95,1.0,1.0,0.0,0.0,1.0,5.8608466e-06,0.8548467623428614,0.7770770019159734,0.2599971595092155,0.9933071490757153,0.9890130573694068
827,1,1.0,1.0,1.0,1.0,1.0,1.0,1.0,0.9996222,0.99999999999997,0.9870177882619979,0.9324869824282369,0.9933071490757153,0.9890130573694068
828,1,0.0,1.0,1.0,1.0,0.0,0.0,1.0,9.82822e-06,0.99999999999997,0.9870354985494142,0.1003838954544549,0.9933071490757153,0.9890130573694068
829,1,1.0,1.0,1.0,1.0,1.0,1.0,1.0,0.9999895,0.99999999999997,0.9870218232171423,0.991320830552049,0.9933071490757153,0.9890130573694068
830,1,0.0,1.0,1.0,1.0,0.0,0.0,1.0,9.82822e-06,0.99999999999997,0.9870364767724625,0.1003838954544549,0.9933071490757153,0.9890130573694068
831,1,0.0,1.0,1.0,1.0,0.0,0.0,1.0,0.14409849,0.99999999999997,0.987019412996951,0.1,0.9933071490757153,0.9890130573694068
832,1,1.0,1.0,1.0,1.0,1.0,1.0,1.0,1.0,0.99999999999997,0.987024156286107,0.87045581279883,0.9933071490757153,0.9890130573694068
833,1,1.0,1.0,1.0,1.0,1.0,1.0,1.0,1.0,0.99999999999997,0.987021351870702,0.9916966862777288,0.9933071490757153,0.9890130573694068
834,1,1.0,1.0,1.0,1.0,1.0,1.0,1.0,0.999092,0.99999999999997,0.9870242477247747,0.14108245061996905,0.9933071490757153,0.9890130573694068
835,1,1.0,1.0,1.0,1.0,1.0,1.0,1.0,1.0,0.99999999999997,0.9870345218055792,0.659662308632584,0.9933071490757153,0.9890130573694068
836,1,1.0,1.0,1.0,1.0,1.0,1.0,1.0,1.0,0.99999999999997,0.986984853645607,0.9587349533741815,0.9933071490757153,0.9890130573694068
837,1,1.0,1.0,1.0,1.0,1.0,1.0,1.0,0.9995827,0.99999999999997,0.9869988406295231,0.9973560396425522,0.9933071490757153,0.9890130573694068
838,1,1.0,1.0,1.0,1.0,1.0,1.0,1.0,1.0,0.99999999999997,0.9870396730920263,0.8788993034114874,0.9933071490757153,0.9890130573694068
839,1,0.0,1.0,1.0,1.0,0.0,0.0,1.0,1.3410914e-15,0.99999999999997,0.986976295198302,0.1,0.9933071490757153,0.9890130573694068
840,1,0.0,1.0,1.0,1.0,0.0,0.0,1.0,3.2827323e-09,0.99999999999997,0.9870411932225855,0.1,0.9933071490757153,0.9890130573694068
841,1,0.0,1.0,1.0,1.0,0.0,0.0,1.0,3.0266167e-10,0.99999999999997,0.9870055304189059,0.1,0.9933071490757153,0.9890130573694068
842,1,1.0,1.0,1.0,1.0,1.0,1.0,1.0,1.0,0.99999999999997,0.987022539493588,0.1,0.9933071490757153,0.9890130573694068
843,1,1.0,1.0,1.0,1.0,1.0,1.0,1.0,0.9971705,0.99999999999997,0.9870148504508597,0.20490423665318128,0.9933071490757153,0.9890130573694068
844,1,0.0,1.0,1.0,1.0,0.0,0.0,1.0,2.3267104e-08,0.99999999999997,0.9870399621373249,0.1,0.9933071490757153,0.9890130573694068
845,1,1.0,1.0,1.0,1.0,1.0,1.0,1.0,0.9999999,0.99999999999997,0.9869658515182974,0.9869115521370168,0.9933071490757153,0.9890130573694068
846,1,1.0,1.0,1.0,1.0,1.0,1.0,1.0,0.9970893,0.99999999999997,0.9869867728682415,0.25746383193236816,0.9933071490757153,0.9890130573694068
847,1,1.0,1.0,1.0,1.0,1.0,1.0,1.0,0.9948866,0.99999999999997,0.9870154682151566,0.3976530250742608,0.9933071490757153,0.9890130573694068
848,1,0.0,1.0,1.0,1.0,0.0,0.0,1.0,3.3051311e-12,0.99999999999997,0.9870515697528445,0.1,0.9933071490757153,0.9890130573694068
849,1,1.0,1.0,1.0,1.0,1.0,1.0,1.0,0.9999075,0.99999999999997,0.9870417117461315,0.23187256427684283,0.9933071490757153,0.9890130573694068
850,1,1.0,1.0,1.0,1.0,1.0,1.0,1.0,1.0,0.99999999999997,0.9870222590305002,0.5563036772911174,0.9933071490757153,0.9890130573694068
851,1,1.0,1.0,1.0,1.0,1.0,1.0,1.0,0.9999443,0.99999999999997,0.9869969648502307,0.12746446929133737,0.9933071490757153,0.9890130573694068
852,1,1.0,1.0,1.0,1.0,1.0,1.0,1.0,0.99999857,0.99999999999997,0.9870326989315277,0.4422890523980754,0.9933071490757153,0.9890130573694068
853,1,0.0,1.0,1.0,1.0,0.0,0.0,1.0,0.07451417,0.99999999999997,0.9870249541604534,0.8060252783453502,0.9933071490757153,0.9890130573694068
854,1,1.0,1.0,1.0,1.0,1.0,1.0,1.0,0.99999976,0.99999999999997,0.987000763169158,0.6345667281920946,0.9933071490757153,0.9890130573694068
855,1,1.0,1.0,1.0,1.0,1.0,1.0,1.0,1.0,0.99999999999997,0.9870096676763924,0.9220078579861262,0.9933071490757153,0.9890130573694068
856,1,0.0,1.0,1.0,1.0,0.0,0.0,1.0,0.0004184108,0.99999999999997,0.9870277315561578,0.23466765181219684,0.9933071490757153,0.9890130573694068
857,1,1.0,1.0,1.0,1.0,1.0,1.0,1.0,0.99999714,0.99999999999997,0.9870063345490934,0.1515444419493013,0.9933071490757153,0.9890130573694068
858,1,0.0,1.0,1.0,1.0,0.0,0.0,1.0,0.0029098105,0.99999999999997,0.9870506109370116,0.1281403686997113,0.9933071490757153,0.9890130573694068
859,1,0.0,1.0,1.0,1.0,0.0,0.0,1.0,9.718019e-10,0.99999999999997,0.9870053711891382,0.1,0.9933071490757153,0.9890130573694068
860,1,0.0,1.0,1.0,1.0,0.0,0.0,1.0,0.0003057393,0.99999999999997,0.9870022257060842,0.11429712143452582,0.9933071490757153,0.9890130573694068
861,1,0.0,1.0,1.0,1.0,0.0,0.0,1.0,0.25682324,0.99999999999997,0.987021095232062,0.16960940153250634,0.9933071490757153,0.9890130573694068
862,1,0.0,1.0,1.0,1.0,0.0,0.0,1.0,4.1377902e-08,0.99999999999997,0.9870017553706282,0.22157820241595014,0.9933071490757153,0.9890130573694068
863,1,1.0,1.0,1.0,1.0,1.0,1.0,1.0,1.0,0.99999999999997,0.987006065138002,0.7898510662464483,0.9933071490757153,0.9890130573694068
864,1,1.0,1.0,1.0,1.0,1.0,1.0,1.0,0.9997392,0.99999999999997,0.9870279372752353,0.20024211308705334,0.9933071490757153,0.9890130573694068
865,1,1.0,1.0,1.0,1.0,1.0,1.0,1.0,0.999998,0.99999999999997,0.987015200055998,0.8019341778635344,0.9933071490757153,0.9890130573694068
866,1,1.0,1.0,1.0,1.0,1.0,1.0,1.0,0.9984048,0.99999999999997,0.9870187893996589,0.42173316397704474,0.9933071490757153,0.9890130573694068
867,1,1.0,1.0,1.0,1.0,1.0,1.0,1.0,0.996851,0.99999999999997,0.9869937715547826,0.21085373068681304,0.9933071490757153,0.9890130573694068
868,1,1.0,1.0,1.0,1.0,1.0,1.0,1.0,1.0,0.99999999999997,0.9869591654923323,0.7408851222515064,0.9933071490757153,0.9890130573694068
869,1,1.0,1.0,1.0,1.0,1.0,1.0,1.0,1.0,0.99999999999997,0.9870151537095079,0.9629175195537952,0.9933071490757153,0.9890130573694068
870,1,1.0,1.0,1.0,1.0,1.0,1.0,1.0,0.8932082,0.99999999999997,0.9869924939864542,0.10015950318476434,0.9933071490757153,0.9890130573694068
871,1,1.0,1.0,1.0,1.0,1.0,1.0,1.0,1.0,0.99999999999997,0.9870248151678884,0.7516586051911581,0.9933071490757153,0.9890130573694068
872,1,0.0,1.0,1.0,1.0,0.0,0.0,1.0,3.6918276e-08,0.99999999999997,0.9870163291647239,0.4096681335033886,0.9933071490757153,0.9890130573694068
873,1,1.0,1.0,1.0,1.0,1.0,1.0,1.0,0.9896073,0.99999999999997,0.9869946828626772,0.18496782535239917,0.9933071490757153,0.9890130573694068
874,1,1.0,1.0,1.0,1.0,1.0,1.0,1.0,0.99999905,0.99999999999997,0.9870309837948181,0.6552260946294374,0.9933071490757153,0.9890130573694068
875,1,1.0,1.0,1.0,1.0,1.0,1.0,1.0,0.99999917,0.99999999999997,0.9870222451681978,0.9925016649172462,0.9933071490757153,0.9890130573694068
876,1,1.0,1.0,1.0,1.0,1.0,1.0,1.0,0.99343103,0.99999999999997,0.9869798982400334,0.781446129778931,0.9933071490757153,0.9890130573694068
877,1,1.0,1.0,1.0,1.0,1.0,1.0,1.0,1.0,0.99999999999997,0.9870369327116213,0.7466034304968518,0.9933071490757153,0.9890130573694068
878,1,0.0,1.0,1.0,1.0,0.0,0.0,1.0,3.9058336e-06,0.99999999999997,0.9870304203913028,0.4887950179946895,0.9933071490757153,0.9890130573694068
879,1,1.0,1.0,1.0,1.0,1.0,1.0,1.0,0.99190384,0.99999999999997,0.9870185074195592,0.7576371746564398,0.9933071490757153,0.9890130573694068
880,1,1.0,0.7833333333333333,1.0,1.0,1.0,1.0,1.0,1.0,0.9932498325349511,0.7770660873389732,0.9658062106080287,0.9933071490757153,0.9890130573694068
881,0,1.0,0.7666666666666667,1.0,1.0,1.0,1.0,1.0,1.8469508e-09,0.29956551328056774,0.017962667647127672,0.1,0.9933071490757153,0.9890130573694068
882,0,1.0,1.0,1.0,1.0,1.0,1.0,1.0,0.0005417125,0.011466130715533299,0.01798135882162579,0.5262236396289184,0.9933071490757153,0.9890130573694068
883,0,1.0,1.0,1.0,1.0,1.0,1.0,1.0,2.720611e-11,0.0061218393396557155,0.01800839519085723,0.9995806010728354,0.9933071490757153,0.9890130573694068
884,0,0.0,1.0,1.0,1.0,0.0,0.0,1.0,0.69049734,0.005531870664442711,0.017957649998441585,0.32366092423124054,0.9933071490757153,0.9890130573694068
885,0,1.0,1.0,1.0,1.0,1.0,1.0,1.0,4.9199745e-05,0.0053856506587450625,0.0180001222351034,0.3322151859491294,0.9933071490757153,0.9890130573694068
886,0,1.0,1.0,1.0,1.0,1.0,1.0,1.0,4.693644e-06,0.0035990766805706056,0.01799057928598641,0.2941146933297258,0.9933071490757153,0.9890130573694068
887,0,1.0,1.0,1.0,1.0,1.0,1.0,1.0,4.1269452e-08,0.003782565327618616,0.017998068689724943,0.8393890408591013,0.9933071490757153,0.9890130573694068
888,0,1.0,1.0,1.0,1.0,1.0,1.0,1.0,1.7406449e-09,0.004163231507539771,0.01801988205645947,0.9838191339578173,0.9933071490757153,0.9890130573694068
889,0,1.0,1.0,1.0,1.0,1.0,1.0,1.0,0.00016018294,0.004598082351475724,0.017990404811948444,0.9962440950748255,0.9933071490757153,0.9890130573694068
890,0,0.0,1.0,1.0,1.0,0.0,0.0,1.0,0.69049734,0.00380440679667595,0.01799938821612227,0.32366092423124054,0.9933071490757153,0.9890130573694068
891,0,1.0,1.0,1.0,1.0,1.0,1.0,1.0,6.8185696e-10,0.00359204079406274,0.01800265531472722,0.8844881843282184,0.9933071490757153,0.9890130573694068
892,0,1.0,1.0,1.0,1.0,1.0,1.0,1.0,0.0008201954,0.00423709343500064,0.017938696692941146,0.27611217404237254,0.9933071490757153,0.9890130573694068
893,0,1.0,1.0,1.0,1.0,1.0,1.0,1.0,1.2569387e-06,0.004712005714374131,0.017974415137169734,0.5906563412929802,0.9933071490757153,0.9890130573694068
894,0,1.0,1.0,1.0,1.0,1.0,1.0,1.0,6.6079207e-07,0.0031820697529396187,0.017977693216982966,0.3092558312487487,0.9933071490757153,0.9890130573694068
895,0,1.0,1.0,1.0,1.0,1.0,1.0,1.0,6.293641e-06,0.004175747648908055,0.017998547372757124,0.8168118639243936,0.9933071490757153,0.9890130573694068
896,0,1.0,1.0,1.0,1.0,0.0,0.0,1.0,1.7133832e-14,0.38541154318697324,0.3819959544573152,0.1,0.9933071490757153,0.9890130573694068
897,1,1.0,1.0,1.0,1.0,1.0,1.0,1.0,0.99999976,0.99999999999997,0.9675538362996409,0.3057487389982499,0.9933071490757153,0.9890130573694068
898,1,1.0,1.0,1.0,1.0,1.0,1.0,1.0,0.9871085,0.99999999999997,0.9675822349439738,0.6336024974270319,0.9933071490757153,0.9890130573694068
899,1,1.0,1.0,1.0,1.0,1.0,1.0,1.0,0.9996822,0.99999999999997,0.9676477918329389,0.5057865691845055,0.9933071490757153,0.9890130573694068
900,1,1.0,1.0,1.0,1.0,1.0,1.0,1.0,1.0,0.99999999999997,0.9676748537427249,0.8951122581453572,0.9933071490757153,0.9890130573694068
901,1,0.0,1.0,1.0,1.0,0.0,0.0,1.0,9.38001e-11,0.99999999999997,0.9675813047704932,0.35689134948490503,0.9933071490757153,0.9890130573694068
902,1,0.0,1.0,1.0,1.0,0.0,0.0,1.0,1.797158e-11,0.99999999999997,0.9677003556775176,0.27593857167431207,0.9933071490757153,0.9890130573694068
903,1,0.0,1.0,1.0,1.0,0.0,0.0,1.0,1.8142469e-08,0.99999999999997,0.9675195029515463,0.1,0.9933071490757153,0.9890130573694068
904,1,1.0,1.0,1.0,1.0,1.0,1.0,1.0,1.0,0.99999999999997,0.967613869812883,0.4267502258453284,0.9933071490757153,0.9890130573694068
905,0,1.0,1.0,1.0,1.0,0.0,1.0,1.0,1.0355342e-12,0.2606864433301335,0.2554026158652363,0.2499748066427335,0.9933071490757153,0.9890130573694068
906,1,1.0,1.0,1.0,1.0,1.0,1.0,1.0,1.0,0.9627914620267084,0.9276713117991282,0.9572629921487055,0.9933071490757153,0.9890130573694068
907,1,1.0,1.0,1.0,1.0,1.0,1.0,1.0,0.9491684,0.9999999356375133,0.9591751111562064,0.25523531097960994,0.9933071490757153,0.9890130573694068
908,1,0.0,1.0,1.0,1.0,0.0,0.0,1.0,3.344522e-10,0.9999999924761181,0.9592133983894128,0.16953796513629257,0.9933071490757153,0.9890130573694068
909,1,1.0,1.0,1.0,1.0,1.0,1.0,1.0,0.98682785,0.999999998689398,0.9592385880330928,0.1423031061774227,0.9933071490757153,0.9890130573694068
910,1,1.0,1.0,1.0,1.0,1.0,1.0,1.0,0.9999995,0.9999999968516141,0.9592660957999843,0.6489883201016136,0.9933071490757153,0.9890130573694068
911,1,0.0,1.0,1.0,1.0,0.0,0.0,1.0,0.04825154,0.999999967734268,0.9592064517843564,0.12134596872986951,0.9933071490757153,0.9890130573694068
912,1,1.0,1.0,1.0,1.0,1.0,1.0,1.0,0.9999852,0.9999994266822066,0.9591787085693587,0.6018075337056683,0.9933071490757153,0.9890130573694068
913,1,1.0,1.0,1.0,1.0,1.0,1.0,1.0,0.8386565,0.9998219088455679,0.9591648462097258,0.12989260380094145,0.9933071490757153,0.9890130573694068
914,1,1.0,1.0,1.0,1.0,1.0,1.0,1.0,0.9999963,0.999999939559118,0.9592177779999697,0.6267572860273429,0.9933071490757153,0.9890130573694068
915,1,0.0,1.0,1.0,1.0,0.0,0.0,1.0,0.013339142,0.99999998881431,0.9593251818526584,0.14861860717272699,0.9933071490757153,0.9890130573694068
916,1,1.0,1.0,1.0,1.0,1.0,1.0,1.0,0.99999404,0.9999999942997613,0.9592425948605878,0.39642542481143034,0.9933071490757153,0.9890130573694068
917,1,1.0,1.0,1.0,1.0,1.0,1.0,1.0,0.99971277,0.9999999948855672,0.959196621810085,0.9384258487980175,0.9933071490757153,0.9890130573694068
918,1,0.0,1.0,1.0,1.0,0.0,0.0,1.0,4.039453e-10,0.999999966747938,0.9592137320543659,0.23504315055728822,0.9933071490757153,0.9890130573694068
919,1,1.0,1.0,1.0,1.0,1.0,1.0,1.0,1.0,0.9999997505663897,0.9591842158388554,0.9022665694151205,0.9933071490757153,0.9890130573694068
920,1,1.0,1.0,1.0,1.0,1.0,1.0,1.0,1.0,0.9999021032572314,0.9590414789900645,0.8662003556937657,0.9933071490757153,0.9890130573694068
921,1,0.0,1.0,1.0,1.0,0.0,0.0,1.0,4.8680813e-13,0.999721513583344,0.9591595755439049,0.1,0.9933071490757153,0.9890130573694068
922,1,1.0,1.0,1.0,1.0,1.0,1.0,1.0,1.0,0.9989042204963141,0.9590465079091665,0.17807097536857733,0.9933071490757153,0.9890130573694068
923,1,1.0,1.0,1.0,1.0,1.0,1.0,1.0,1.0,0.998513802997943,0.9591738160717461,0.7600278647528214,0.9933071490757153,0.9890130573694068
924,1,1.0,1.0,1.0,1.0,1.0,1.0,1.0,1.0,0.9977507419740065,0.9592383496038303,0.4958904358598257,0.9933071490757153,0.9890130573694068
925,1,1.0,1.0,1.0,1.0,0.0,0.0,1.0,0.514872,0.9960508518034986,0.9591210022444988,0.1697731909346941,0.9933071490757153,0.9890130573694068
926,1,1.0,1.0,1.0,1.0,1.0,1.0,1.0,0.9999075,0.9930067339582023,0.9591866582308909,0.23187256427684283,0.9933071490757153,0.9890130573694068
927,0,1.0,1.0,1.0,1.0,0.0,1.0,1.0,1.3278632e-08,0.32841070823811963,0.2846291628982548,0.720521436714016,0.9933071490757153,0.9890130573694068
928,0,1.0,1.0,1.0,1.0,1.0,1.0,1.0,0.0011993204,0.005565853805955711,0.01800825416398606,0.47163532192883156,0.9933071490757153,0.9890130573694068
929,1,1.0,1.0,1.0,1.0,1.0,1.0,1.0,1.0,0.9999999870375491,0.9350320327316848,0.9808131072563134,0.9933071490757153,0.9890130573694068
930,1,1.0,1.0,1.0,1.0,1.0,1.0,1.0,0.99988496,0.9999999999998693,0.9352077161799961,0.9622011931629668,0.9933071490757153,0.9890130573694068
931,1,0.0,1.0,1.0,1.0,0.0,0.0,1.0,1.2180659e-05,0.9999999999996212,0.9349412057339342,0.1,0.9933071490757153,0.9890130573694068
932,1,0.0,1.0,1.0,1.0,0.0,0.0,1.0,0.00015098462,0.9999999999781857,0.9350774290449676,0.13851080309324984,0.9933071490757153,0.9890130573694068
933,1,1.0,1.0,1.0,1.0,1.0,1.0,1.0,0.9887215,0.9999999999965669,0.9350987631373103,0.5096592394213145,0.9933071490757153,0.9890130573694068
934,1,1.0,1.0,1.0,1.0,1.0,1.0,1.0,0.9998708,0.9999999999973939,0.935194911480377,0.9171636957063363,0.9933071490757153,0.9890130573694068
935,1,1.0,1.0,1.0,1.0,1.0,1.0,1.0,0.9810579,0.9999999999995164,0.9350659696672972,0.11400813319352046,0.9933071490757153,0.9890130573694068
936,1,1.0,1.0,1.0,1.0,1.0,1.0,1.0,0.99999917,0.9999999999999124,0.9351032512196659,0.1925793588306167,0.9933071490757153,0.9890130573694068
937,1,0.0,1.0,1.0,1.0,0.0,0.0,1.0,1.6697414e-11,0.9999999999999695,0.9350668161395309,0.1,0.9933071490757153,0.9890130573694068
938,1,1.0,1.0,1.0,1.0,1.0,1.0,1.0,1.0,0.9999999999999695,0.9350629580018089,0.7610156444741744,0.9933071490757153,0.9890130573694068
939,1,0.0,1.0,1.0,1.0,0.0,0.0,1.0,5.997959e-09,0.99999999999997,0.9349442126040272,0.1,0.9933071490757153,0.9890130573694068
940,1,1.0,1.0,1.0,1.0,1.0,1.0,1.0,1.0,0.9999999999999699,0.9351167390328216,0.9592459720128048,0.9933071490757153,0.9890130573694068
941,1,0.0,1.0,1.0,1.0,0.0,0.0,1.0,1.3403438e-05,0.9999999999999699,0.9350780675242567,0.13652290923108515,0.9933071490757153,0.9890130573694068
942,1,0.0,1.0,1.0,1.0,0.0,0.0,1.0,3.9058336e-06,0.99999999999997,0.9352312870205917,0.4887950179946895,0.9933071490757153,0.9890130573694068
943,1,1.0,1.0,1.0,1.0,1.0,1.0,1.0,0.99997675,0.99999999999997,0.9351089116493665,0.19903105408564986,0.9933071490757153,0.9890130573694068
944,1,1.0,1.0,1.0,1.0,1.0,1.0,1.0,0.99999976,0.99999999999997,0.9350628700425152,0.2360349144067804,0.9933071490757153,0.9890130573694068
945,1,0.0,1.0,1.0,1.0,0.0,0.0,1.0,1.4485577e-13,0.99999999999997,0.9351120087929689,0.1,0.9933071490757153,0.9890130573694068
946,1,1.0,1.0,1.0,1.0,1.0,1.0,1.0,0.8365565,0.99999999999997,0.9349792750901245,0.17808688950374102,0.9933071490757153,0.9890130573694068
947,1,1.0,1.0,1.0,1.0,1.0,1.0,1.0,0.99996984,0.99999999999997,0.9349764844380943,0.15706284118987018,0.9933071490757153,0.9890130573694068
948,1,1.0,1.0,1.0,1.0,1.0,1.0,1.0,0.9999995,0.99999999999997,0.9351819866665249,0.8981003350632393,0.9933071490757153,0.9890130573694068
949,1,0.0,1.0,1.0,1.0,0.0,0.0,1.0,1.70494e-10,0.99999999999997,0.9350064417316233,0.2725498910290351,0.9933071490757153,0.9890130573694068
950,1,1.0,1.0,1.0,1.0,1.0,1.0,1.0,1.0,0.99999999999997,0.9350194613399684,0.9891537061661906,0.9933071490757153,0.9890130573694068
951,1,1.0,1.0,1.0,1.0,1.0,1.0,1.0,0.9999703,0.99999999999997,0.9350657187689215,0.13630983221320886,0.9933071490757153,0.9890130573694068
952,1,1.0,1.0,1.0,1.0,1.0,1.0,1.0,0.9997172,0.99999999999997,0.9349761167777276,0.1770030319685826,0.9933071490757153,0.9890130573694068
953,1,1.0,1.0,1.0,1.0,1.0,1.0,1.0,1.0,0.99999999999997,0.9350531168266966,0.9580048109976181,0.9933071490757153,0.9890130573694068
954,1,1.0,1.0,1.0,1.0,1.0,1.0,1.0,1.0,0.99999999999997,0.9351403734119501,0.9213250551949715,0.9933071490757153,0.9890130573694068
955,1,1.0,1.0,1.0,1.0,1.0,1.0,1.0,0.9999393,0.99999999999997,0.9350169477877197,0.9954231066714642,0.9933071490757153,0.9890130573694068
956,1,1.0,1.0,1.0,1.0,1.0,1.0,1.0,0.9999999,0.99999999999997,0.9349408334331206,0.3460920406932576,0.9933071490757153,0.9890130573694068
957,1,1.0,1.0,1.0,1.0,1.0,1.0,1.0,0.9908941,0.99999999999997,0.935018726005078,0.1448332707106699,0.9933071490757153,0.9890130573694068
958,1,0.0,1.0,1.0,1.0,0.0,0.0,1.0,0.4072059,0.99999999999997,0.9352069563427106,0.23690510833282474,0.9933071490757153,0.9890130573694068
959,1,1.0,1.0,1.0,1.0,1.0,1.0,1.0,0.999087,0.9999999999999674,0.9351236183209488,0.6769351626892786,0.9933071490757153,0.9890130573694068
960,1,1.0,1.0,1.0,1.0,1.0,1.0,1.0,0.999998,0.9999999999999373,0.9351512169177482,0.8019341778635344,0.9933071490757153,0.9890130573694068
961,1,1.0,1.0,1.0,1.0,1.0,1.0,1.0,0.999554,0.9999999999999313,0.9352488295633322,0.9894586186200907,0.9933071490757153,0.9890130573694068
962,1,1.0,1.0,1.0,1.0,1.0,1.0,1.0,0.99998295,0.9999999999998676,0.9352225564123142,0.1,0.9933071490757153,0.9890130573694068
963,1,1.0,1.0,1.0,1.0,1.0,1.0,1.0,0.9999541,0.9999999999968485,0.9349269759057428,0.3989818229685059,0.9933071490757153,0.9890130573694068
964,1,1.0,1.0,1.0,1.0,1.0,1.0,1.0,0.999998,0.9999999999991865,0.9352217941788317,0.8019341778635344,0.9933071490757153,0.9890130573694068
965,1,0.0,1.0,1.0,1.0,0.0,0.0,1.0,1.8572707e-19,0.9999999999991753,0.9350335657780882,0.1,0.9933071490757153,0.9890130573694068
966,1,0.0,1.0,1.0,1.0,0.0,0.0,1.0,0.020937636,0.9999999999352123,0.935179248585706,0.1,0.9933071490757153,0.9890130573694068
967,1,1.0,1.0,1.0,1.0,1.0,1.0,1.0,1.0,0.9999999998623991,0.9351512811093289,0.8610554893434815,0.9933071490757153,0.9890130573694068
968,1,0.0,1.0,1.0,1.0,0.0,0.0,1.0,0.023383148,0.7995187916493932,0.722550568881325,0.1858962316430338,0.9933071490757153,0.9890130573694068
969,1,0.0,1.0,1.0,1.0,0.0,0.0,1.0,1.6072774e-13,0.9999993848826985,0.9635541840942935,0.1,0.9933071490757153,0.9890130573694068
970,1,1.0,1.0,1.0,1.0,1.0,1.0,1.0,1.0,0.9999996163897222,0.9636104425410529,0.8402963665974585,0.9933071490757153,0.9890130573694068
971,1,0.0,1.0,1.0,1.0,0.0,0.0,1.0,0.29819658,0.9999990809769197,0.9636054581278881,0.20204220841820467,0.9933071490757153,0.9890130573694068
972,1,1.0,1.0,1.0,1.0,1.0,1.0,1.0,1.0,0.9999998976918503,0.963618820312567,0.9839578465989843,0.9933071490757153,0.9890130573694068
973,1,1.0,1.0,1.0,1.0,1.0,1.0,1.0,0.94664294,0.9999999922821615,0.9636243823383307,0.1943101315038208,0.9933071490757153,0.9890130573694068
974,1,1.0,1.0,1.0,1.0,1.0,1.0,1.0,0.9999987,0.9999999999553694,0.9635061012005158,0.9898822395019363,0.9933071490757153,0.9890130573694068
975,1,1.0,1.0,1.0,1.0,1.0,1.0,1.0,1.0,0.999999999985422,0.9635509956198686,0.9920424062396028,0.9933071490757153,0.9890130573694068
976,1,0.0,1.0,1.0,1.0,0.0,0.0,1.0,4.8642113e-09,0.9999999999963554,0.9636120397545737,0.1,0.9933071490757153,0.9890130573694068
977,1,1.0,1.0,1.0,1.0,1.0,1.0,1.0,0.9999949,0.9999999998303423,0.9636360892118403,0.9919996376440813,0.9933071490757153,0.9890130573694068
978,1,1.0,1.0,1.0,1.0,1.0,1.0,1.0,0.9999993,0.9999999999862084,0.9635950234560938,0.1,0.9933071490757153,0.9890130573694068
979,1,0.0,1.0,1.0,1.0,0.0,0.0,1.0,1.685985e-08,0.9999999999996833,0.963610640354421,0.23734118460306347,0.9933071490757153,0.9890130573694068
980,1,1.0,1.0,1.0,1.0,1.0,1.0,1.0,1.0,0.9999999999998459,0.9636279195562629,0.8519601842701501,0.9933071490757153,0.9890130573694068
981,1,0.0,1.0,1.0,1.0,0.0,0.0,1.0,0.008417474,0.9999999999988027,0.9636471494285044,0.1254811445552468,0.9933071490757153,0.9890130573694068
982,1,0.0,1.0,1.0,1.0,0.0,0.0,1.0,9.533145e-10,0.9999999999988136,0.9637420478185059,0.1,0.9933071490757153,0.9890130573694068
983,1,1.0,1.0,1.0,1.0,1.0,1.0,1.0,1.0,0.9999999999984157,0.9635308330319255,0.4604221292950417,0.9933071490757153,0.9890130573694068
984,1,1.0,1.0,1.0,1.0,1.0,1.0,1.0,0.9999968,0.9999999999992877,0.9635939882225989,0.9298491246904113,0.9933071490757153,0.9890130573694068
985,1,1.0,1.0,1.0,1.0,1.0,1.0,1.0,0.99999976,0.9999999999995737,0.9635949271547979,0.9114763336539669,0.9933071490757153,0.9890130573694068
986,1,0.0,1.0,1.0,1.0,0.0,0.0,1.0,9.019544e-16,0.9999999999999601,0.9635887519088919,0.1,0.9933071490757153,0.9890130573694068
987,1,1.0,1.0,1.0,1.0,1.0,1.0,1.0,0.99978656,0.9999999999999685,0.9635258555719158,0.977957952223614,0.9933071490757153,0.9890130573694068
988,1,1.0,1.0,1.0,1.0,1.0,1.0,1.0,0.99998736,0.99999999999997,0.9636361579963069,0.6514062411203296,0.9933071490757153,0.9890130573694068
989,1,1.0,1.0,1.0,1.0,1.0,1.0,1.0,0.9999684,0.99999999999997,0.9635772513892256,0.6393200410396528,0.9933071490757153,0.9890130573694068
990,1,0.0,1.0,1.0,1.0,0.0,0.0,1.0,0.4006288,0.9999999999999649,0.9635231805464035,0.1,0.9933071490757153,0.9890130573694068
991,1,0.0,1.0,1.0,1.0,0.0,0.0,1.0,9.533145e-10,0.9999999999999672,0.963588688762074,0.1,0.9933071490757153,0.9890130573694068
992,1,1.0,1.0,1.0,1.0,1.0,1.0,1.0,0.9992331,0.9999999999999556,0.9636071189388045,0.9925254356471738,0.9933071490757153,0.9890130573694068
993,1,1.0,1.0,1.0,1.0,1.0,0.0,1.0,0.6221816,0.9999999999999363,0.9635900716853085,0.22878561753558377,0.9933071490757153,0.9890130573694068
994,1,1.0,1.0,1.0,1.0,1.0,1.0,1.0,1.0,0.9999999999999621,0.9635925250827306,0.7516586051911581,0.9933071490757153,0.9890130573694068
995,1,1.0,1.0,1.0,1.0,1.0,1.0,1.0,1.0,0.9999999999999646,0.9636428855152221,0.9794649984549085,0.9933071490757153,0.9890130573694068
996,1,1.0,1.0,1.0,1.0,1.0,1.0,1.0,1.0,0.9999999999999498,0.9635950802924393,0.7617977051802466,0.9933071490757153,0.9890130573694068
997,1,1.0,1.0,1.0,1.0,1.0,1.0,1.0,1.0,0.9999999999998889,0.9635583505817975,0.9733558464827156,0.9933071490757153,0.9890130573694068
998,1,0.0,1.0,1.0,1.0,0.0,0.0,1.0,3.3051311e-12,0.9999999999998435,0.9636005704796226,0.1,0.9933071490757153,0.9890130573694068
999,1,1.0,1.0,1.0,1.0,1.0,1.0,1.0,0.99922144,0.9999999999996809,0.9635877464459536,0.12590884808452532,0.9933071490757153,0.9890130573694068
1000,1,1.0,1.0,1.0,1.0,1.0,1.0,1.0,1.0,0.9999999999953844,0.9634755504804552,0.9713297326589602,0.9933071490757153,0.9890130573694068
1001,1,1.0,1.0,1.0,1.0,1.0,1.0,1.0,0.9999968,0.9999999999986817,0.9636514279119369,0.9298491246904113,0.9933071490757153,0.9890130573694068
1002,1,1.0,1.0,1.0,1.0,1.0,1.0,1.0,0.9989151,0.9999999999968744,0.9635928273551806,0.21584119514094818,0.9933071490757153,0.9890130573694068
1003,1,1.0,1.0,1.0,1.0,1.0,1.0,1.0,0.9999025,0.9999999999657772,0.9635591370937143,0.9347296828864192,0.9933071490757153,0.9890130573694068
1004,1,1.0,1.0,1.0,1.0,1.0,1.0,1.0,1.0,0.9999999999787733,0.9636343633640538,0.8692393834623902,0.9933071490757153,0.9890130573694068
1005,1,1.0,1.0,1.0,1.0,1.0,1.0,1.0,1.0,0.9999999999726589,0.9636069304900633,0.9443170559207965,0.9933071490757153,0.9890130573694068
1006,1,1.0,1.0,1.0,1.0,1.0,1.0,1.0,1.0,0.99999999994569,0.9636195090745919,0.8479859346325901,0.9933071490757153,0.9890130573694068
1007,1,1.0,1.0,1.0,1.0,1.0,1.0,1.0,0.836523,0.9999999997943306,0.9635753196881286,0.14249221425707415,0.9933071490757153,0.9890130573694068
