win_idx,label,acc_v,acc_m,acc_u,acc_mv,acc_ds_eq,acc_ds_static,acc_ours,P_v,P_m,P_u,w_v,w_m,w_u
0,0,1.0,0.21666666666666667,1.0,1.0,0.0,0.0,1.0,2.2862873e-11,0.7844463228704177,0.019307349947025036,0.9981243980711986,0.9933071490757153,0.8807970779778823
1,0,1.0,0.9833333333333333,1.0,1.0,1.0,1.0,1.0,6.63057e-08,0.03513304222572715,0.024370655988716138,0.9989697674119054,0.9933071490757153,0.8807970779778823
2,0,1.0,1.0,1.0,1.0,1.0,1.0,1.0,0.101996884,0.004770171432809388,0.019447441315419162,0.9949203724076301,0.9933071490757153,0.8807970779778823
3,0,1.0,1.0,0.9833333333333333,1.0,1.0,1.0,1.0,5.204584e-07,0.004720630694336891,0.03555282424108108,0.995089026466219,0.9933071490757153,0.8807970779778823
4,0,1.0,1.0,1.0,1.0,1.0,1.0,1.0,1.002682e-14,0.004544391592074942,0.019410883679803044,0.997773604373335,0.9933071490757153,0.8807970779778823
5,0,1.0,1.0,0.9833333333333333,1.0,1.0,1.0,1.0,1.9297019e-08,0.0036907733309953163,0.030776772454195144,0.9976896137688731,0.9933071490757153,0.8807970779778823
6,0,1.0,1.0,0.9666666666666667,1.0,1.0,1.0,1.0,9.443865e-11,0.003794531368799241,0.04717586404154564,0.9990053344884574,0.9933071490757153,0.8807970779778823
7,0,1.0,1.0,1.0,1.0,1.0,1.0,1.0,1.2128203e-07,0.0031671855506458413,0.02182643336801924,0.9938498234649357,0.9933071490757153,0.8807970779778823
8,0,1.0,1.0,1.0,1.0,1.0,1.0,1.0,6.0320206e-13,0.00438754310973143,0.019635716374407343,0.9992228857414609,0.9933071490757153,0.8807970779778823
9,0,1.0,1.0,0.9833333333333333,1.0,1.0,1.0,1.0,4.3131754e-10,0.004350961954873897,0.030233621893926112,0.9999629775814081,0.9933071490757153,0.8807970779778823
10,0,1.0,1.0,1.0,1.0,1.0,1.0,1.0,2.9420555e-09,0.004143710410521883,0.01933863253943015,0.9975517672615839,0.9933071490757153,0.8807970779778823
11,0,1.0,1.0,1.0,1.0,1.0,1.0,1.0,1.0130706e-10,0.0038777405742632374,0.02203511060995724,0.9210911024844174,0.9933071490757153,0.8807970779778823
12,0,1.0,1.0,0.9833333333333333,1.0,1.0,1.0,1.0,5.0328166e-12,0.005559809965440745,0.03447450629049809,0.9971366053115113,0.9933071490757153,0.8807970779778823
13,0,1.0,1.0,0.9833333333333333,1.0,1.0,1.0,1.0,1.5228636e-06,0.004587637047128967,0.030143921006474648,0.9944773913507834,0.9933071490757153,0.8807970779778823
14,0,1.0,1.0,0.9833333333333333,1.0,1.0,1.0,1.0,0.00046512013,0.0035587255480828573,0.030939971893279773,0.9962567110645182,0.9933071490757153,0.8807970779778823
15,0,1.0,1.0,0.9666666666666667,1.0,1.0,1.0,1.0,2.4379879e-05,0.0036834040489142827,0.044249026571049385,0.863349830276401,0.9933071490757153,0.8807970779778823
16,0,0.0,1.0,0.9833333333333333,1.0,0.0,0.0,1.0,0.9470502,0.004527459852393778,0.03087376916153637,0.9969701184351536,0.9933071490757153,0.8807970779778823
17,0,1.0,1.0,0.9833333333333333,1.0,1.0,1.0,1.0,1.5845124e-09,0.005317209020061787,0.032328527155705396,0.9977643406632561,0.9933071490757153,0.8807970779778823
18,0,1.0,1.0,0.9833333333333333,1.0,1.0,1.0,1.0,7.123883e-12,0.004275384526955806,0.03154754569107516,0.9384416007177884,0.9933071490757153,0.8807970779778823
19,0,1.0,1.0,1.0,1.0,1.0,1.0,1.0,8.930678e-13,0.004792546228520035,0.02228551514520893,0.9992624191965659,0.9933071490757153,0.8807970779778823
20,0,1.0,1.0,0.95,1.0,1.0,1.0,1.0,3.0287807e-11,0.0037156334660082284,0.05836403363212469,0.9987269915114377,0.9933071490757153,0.8807970779778823
21,0,1.0,1.0,0.9833333333333333,1.0,1.0,1.0,1.0,2.17858e-11,0.004238399032226743,0.030401466465788972,0.6124602581392218,0.9933071490757153,0.8807970779778823
22,0,1.0,1.0,0.9833333333333333,1.0,1.0,1.0,1.0,0.0009685895,0.004627338390012179,0.03208601839617804,0.9940552882031537,0.9933071490757153,0.8807970779778823
23,0,1.0,1.0,0.9833333333333333,1.0,1.0,1.0,1.0,8.056608e-11,0.003956636577382986,0.031041045337327995,0.9998727171931,0.9933071490757153,0.8807970779778823
24,0,1.0,1.0,0.9833333333333333,1.0,1.0,1.0,1.0,5.209144e-11,0.006244564165085192,0.037289693143434416,0.9989851702585082,0.9933071490757153,0.8807970779778823
25,0,1.0,1.0,1.0,1.0,1.0,1.0,1.0,0.0007418377,0.003801762341384616,0.019629986229832464,0.9979096703880043,0.9933071490757153,0.8807970779778823
26,0,1.0,1.0,0.9833333333333333,1.0,1.0,1.0,1.0,1.4350312e-12,0.0030220773925712075,0.030062913790870765,0.9995000491186564,0.9933071490757153,0.8807970779778823
27,0,1.0,1.0,1.0,1.0,1.0,1.0,1.0,7.574262e-14,0.004495823150891056,0.01956744952467019,0.8686148210154644,0.9933071490757153,0.8807970779778823
28,0,1.0,1.0,1.0,1.0,1.0,1.0,1.0,1.4350312e-12,0.0034054609136609086,0.021818873794204934,0.9995000491186564,0.9933071490757153,0.8807970779778823
29,0,1.0,1.0,1.0,1.0,1.0,1.0,1.0,7.380884e-08,0.005016077050615333,0.022263005957021312,0.9886473111650002,0.9933071490757153,0.8807970779778823
30,0,1.0,1.0,0.9833333333333333,1.0,1.0,1.0,1.0,3.1385766e-13,0.004970343617897463,0.03227768339979085,0.9999645322527106,0.9933071490757153,0.8807970779778823
31,0,1.0,1.0,0.9833333333333333,1.0,1.0,1.0,1.0,0.000121736295,0.005849705946223715,0.032759503015539905,0.9417203491157764,0.9933071490757153,0.8807970779778823
32,0,1.0,1.0,1.0,1.0,1.0,1.0,1.0,5.4541138e-06,0.005113771824820594,0.02206429135008215,0.9561866473815563,0.9933071490757153,0.8807970779778823
33,0,1.0,1.0,0.9666666666666667,1.0,1.0,1.0,1.0,2.5808145e-05,0.004585759936027694,0.044160377533512214,0.8402784878844853,0.9933071490757153,0.8807970779778823
34,0,1.0,1.0,0.9833333333333333,1.0,1.0,1.0,1.0,7.100475e-07,0.005168783676159381,0.031654011297477684,0.9787355161457602,0.9933071490757153,0.8807970779778823
35,0,1.0,1.0,0.95,1.0,0.0,1.0,1.0,1.0330953e-13,0.23702994674952935,0.26773744825335155,0.9944626925641986,0.9933071490757153,0.8807970779778823
36,1,1.0,1.0,0.9833333333333333,1.0,1.0,1.0,1.0,1.0,0.99999999999997,0.9377576416606999,0.9409100867230761,0.9933071490757153,0.8807970779778823
37,1,1.0,1.0,1.0,1.0,1.0,1.0,1.0,1.0,0.99999999999997,0.9455655243918827,0.9981522710939138,0.9933071490757153,0.8807970779778823
38,1,1.0,1.0,0.95,1.0,1.0,1.0,1.0,1.0,0.99999999999997,0.9090366310074276,0.8974429012862986,0.9933071490757153,0.8807970779778823
39,1,1.0,1.0,1.0,1.0,1.0,1.0,1.0,1.0,0.99999999999997,0.9515925748121441,0.9072925059983022,0.9933071490757153,0.8807970779778823
40,1,1.0,1.0,1.0,1.0,1.0,1.0,1.0,0.99999845,0.99999999999997,0.9518114605132767,0.9990832502990729,0.9933071490757153,0.8807970779778823
41,1,1.0,1.0,1.0,1.0,1.0,1.0,1.0,1.0,0.99999999999997,0.9460722717908244,0.9503783446684738,0.9933071490757153,0.8807970779778823
42,1,1.0,1.0,0.9333333333333333,1.0,1.0,1.0,1.0,0.99956864,0.99999999999997,0.8945324911315035,0.9800274578894133,0.9933071490757153,0.8807970779778823
43,1,1.0,1.0,1.0,1.0,1.0,1.0,1.0,0.9866621,0.99999999999997,0.9517112826701644,0.996356961904783,0.9933071490757153,0.8807970779778823
44,1,1.0,1.0,1.0,1.0,1.0,1.0,1.0,0.9344753,0.99999999999997,0.9453698722400259,0.9994521146853734,0.9933071490757153,0.8807970779778823
45,1,1.0,1.0,1.0,1.0,1.0,1.0,1.0,1.0,0.99999999999997,0.951991902666199,0.9762129978175753,0.9933071490757153,0.8807970779778823
46,1,1.0,1.0,0.9833333333333333,1.0,1.0,1.0,1.0,1.0,0.99999999999997,0.9364584084278644,0.9944629846456164,0.9933071490757153,0.8807970779778823
47,1,1.0,1.0,1.0,1.0,1.0,1.0,1.0,1.0,0.99999999999997,0.9456172828607651,0.9993932485049729,0.9933071490757153,0.8807970779778823
48,1,1.0,1.0,1.0,1.0,1.0,1.0,1.0,1.0,0.99999999999997,0.9459689086068235,0.9906087408078527,0.9933071490757153,0.8807970779778823
49,1,1.0,1.0,1.0,1.0,1.0,1.0,1.0,0.9999989,0.99999999999997,0.9516207858651801,0.9981671179996457,0.9933071490757153,0.8807970779778823
50,1,1.0,1.0,1.0,1.0,1.0,1.0,1.0,1.0,0.99999999999997,0.9515960131898168,0.9832106537164823,0.9933071490757153,0.8807970779778823
51,1,1.0,1.0,1.0,1.0,1.0,1.0,1.0,0.9999999,0.99999999999997,0.951816897694624,0.8652812347798913,0.9933071490757153,0.8807970779778823
52,1,1.0,1.0,1.0,1.0,1.0,1.0,1.0,0.99996686,0.99999999999997,0.951701720271322,0.9848579002532036,0.9933071490757153,0.8807970779778823
53,1,1.0,1.0,1.0,1.0,1.0,1.0,1.0,1.0,0.99999999999997,0.951679856380547,0.9997872816964565,0.9933071490757153,0.8807970779778823
54,1,1.0,1.0,0.9666666666666667,1.0,1.0,1.0,1.0,0.9993352,0.99999999999997,0.923603566959399,0.9748739174979452,0.9933071490757153,0.8807970779778823
55,1,1.0,1.0,0.9833333333333333,1.0,1.0,1.0,1.0,1.0,0.99999999999997,0.9315678278107353,0.9995018187786445,0.9933071490757153,0.8807970779778823
56,1,1.0,1.0,0.9666666666666667,1.0,1.0,1.0,1.0,1.0,0.99999999999997,0.9229374656460547,0.9171058313760776,0.9933071490757153,0.8807970779778823
57,1,1.0,1.0,1.0,1.0,1.0,1.0,1.0,0.99996245,0.99999999999997,0.940529608836158,0.9993071863799787,0.9933071490757153,0.8807970779778823
58,1,1.0,1.0,0.9833333333333333,1.0,1.0,1.0,1.0,0.9999869,0.99999999999997,0.9321638979767397,0.9747160573614366,0.9933071490757153,0.8807970779778823
59,1,1.0,1.0,0.9666666666666667,1.0,1.0,1.0,1.0,0.99924254,0.99999999999997,0.9231773019272929,0.9985192374703561,0.9933071490757153,0.8807970779778823
60,1,1.0,1.0,1.0,1.0,1.0,1.0,1.0,0.9999994,0.99999999999997,0.9341320462151411,0.9965733045388574,0.9933071490757153,0.8807970779778823
61,1,1.0,1.0,1.0,1.0,1.0,1.0,1.0,1.0,0.99999999999997,0.9514927792595286,0.9846660731489878,0.9933071490757153,0.8807970779778823
62,1,1.0,1.0,0.9333333333333333,1.0,1.0,1.0,1.0,1.0,0.99999999999997,0.8948554280971946,0.4836659450397039,0.9933071490757153,0.8807970779778823
63,1,1.0,1.0,0.9833333333333333,1.0,1.0,1.0,1.0,0.9999317,0.99999999999997,0.9380876997239265,0.9991593409317873,0.9933071490757153,0.8807970779778823
64,1,1.0,1.0,0.9666666666666667,1.0,1.0,1.0,1.0,0.9999982,0.99999999999997,0.916889146077201,0.9761928213169195,0.9933071490757153,0.8807970779778823
65,1,1.0,1.0,1.0,1.0,1.0,1.0,1.0,1.0,0.99999999999997,0.9516667956496592,0.9980476927783568,0.9933071490757153,0.8807970779778823
66,1,1.0,1.0,1.0,1.0,1.0,1.0,1.0,0.9999945,0.99999999999997,0.9515105688303838,0.7287134079460807,0.9933071490757153,0.8807970779778823
67,1,1.0,1.0,1.0,1.0,1.0,1.0,1.0,0.9999995,0.99999999999997,0.951800471436713,0.9616551689529641,0.9933071490757153,0.8807970779778823
68,1,1.0,1.0,0.9666666666666667,1.0,1.0,1.0,1.0,0.99999976,0.99999999999997,0.9231239294200687,0.9115710946153217,0.9933071490757153,0.8807970779778823
69,1,1.0,1.0,1.0,1.0,1.0,1.0,1.0,0.9951102,0.99999999999997,0.9517653877294554,0.9998639121269547,0.9933071490757153,0.8807970779778823
70,1,1.0,1.0,1.0,1.0,1.0,1.0,1.0,1.0,0.99999999999997,0.9513795856076014,0.9368355682767364,0.9933071490757153,0.8807970779778823
71,1,1.0,1.0,0.9833333333333333,1.0,1.0,1.0,1.0,0.99999106,0.99999999999997,0.9366828003382531,0.9989421512251961,0.9933071490757153,0.8807970779778823
72,1,1.0,1.0,1.0,1.0,1.0,1.0,1.0,1.0,0.99999999999997,0.95139789175367,0.9987856151845251,0.9933071490757153,0.8807970779778823
73,1,1.0,1.0,1.0,1.0,1.0,1.0,1.0,1.0,0.99999999999997,0.952123083832965,0.9997803300375719,0.9933071490757153,0.8807970779778823
74,1,1.0,1.0,0.9833333333333333,1.0,1.0,1.0,1.0,1.0,0.99999999999997,0.9374936629085585,0.9601301543289079,0.9933071490757153,0.8807970779778823
75,1,1.0,1.0,1.0,1.0,1.0,1.0,1.0,1.0,0.99999999999997,0.9517897331525518,0.9995621995095887,0.9933071490757153,0.8807970779778823
76,1,1.0,1.0,1.0,1.0,1.0,1.0,1.0,1.0,0.99999999999997,0.951538162013851,0.9754186845194424,0.9933071490757153,0.8807970779778823
77,1,1.0,1.0,1.0,1.0,1.0,1.0,1.0,0.99999774,0.99999999999997,0.9464165118893155,0.9477928356614579,0.9933071490757153,0.8807970779778823
78,1,1.0,1.0,1.0,1.0,1.0,1.0,1.0,0.99978083,0.99999999999997,0.9457865114937797,0.9828918036425334,0.9933071490757153,0.8807970779778823
79,1,1.0,1.0,0.9833333333333333,1.0,1.0,1.0,1.0,1.0,0.99999999999997,0.9373803165788467,0.9929601146612378,0.9933071490757153,0.8807970779778823
80,1,1.0,1.0,1.0,1.0,1.0,1.0,1.0,1.0,0.99999999999997,0.9457470685231253,0.9906978050092029,0.9933071490757153,0.8807970779778823
81,1,1.0,1.0,0.9666666666666667,1.0,1.0,1.0,1.0,0.99999976,0.99999999999997,0.9238408174884094,0.9703631330630295,0.9933071490757153,0.8807970779778823
82,1,1.0,1.0,0.9833333333333333,1.0,1.0,1.0,1.0,1.0,0.99999999999997,0.9370992539982695,0.984560492979323,0.9933071490757153,0.8807970779778823
83,1,1.0,1.0,1.0,1.0,1.0,1.0,1.0,1.0,0.99999999999997,0.939309573852215,0.999600625903462,0.9933071490757153,0.8807970779778823
84,1,1.0,1.0,1.0,1.0,1.0,1.0,1.0,0.9999993,0.99999999999997,0.9516167815803527,0.9968474743923036,0.9933071490757153,0.8807970779778823
85,1,1.0,1.0,0.9833333333333333,1.0,1.0,1.0,1.0,0.9997571,0.99999999999997,0.9373526871175344,0.9276566667466671,0.9933071490757153,0.8807970779778823
86,1,1.0,1.0,1.0,1.0,1.0,1.0,1.0,1.0,0.99999999999997,0.9459512215275088,0.875600586281366,0.9933071490757153,0.8807970779778823
87,1,1.0,1.0,1.0,1.0,1.0,1.0,1.0,1.0,0.99999999999997,0.9518971657626774,0.953540421649482,0.9933071490757153,0.8807970779778823
88,1,1.0,1.0,0.9833333333333333,1.0,1.0,1.0,1.0,1.0,0.99999999999997,0.9318897822302872,0.9969257462309553,0.9933071490757153,0.8807970779778823
89,1,1.0,1.0,1.0,1.0,1.0,1.0,1.0,1.0,0.99999999999997,0.9514868249001452,0.9996242969765596,0.9933071490757153,0.8807970779778823
90,1,1.0,1.0,1.0,1.0,1.0,1.0,1.0,0.98029023,0.99999999999997,0.9515415290275194,0.999864722282681,0.9933071490757153,0.8807970779778823
91,1,1.0,1.0,0.9666666666666667,1.0,1.0,1.0,1.0,0.99999964,0.99999999999997,0.922967636640096,0.9979356050469235,0.9933071490757153,0.8807970779778823
92,1,1.0,1.0,1.0,1.0,1.0,1.0,1.0,0.99999976,0.99999999999997,0.9334055832719967,0.9678897580837077,0.9933071490757153,0.8807970779778823
93,1,1.0,1.0,0.9666666666666667,1.0,1.0,1.0,1.0,1.0,0.99999999999997,0.9230974761588481,0.9947963100242637,0.9933071490757153,0.8807970779778823
94,1,1.0,1.0,0.9833333333333333,1.0,1.0,1.0,1.0,0.99909043,0.99999999999997,0.9374750664857853,0.9267641762667997,0.9933071490757153,0.8807970779778823
95,1,1.0,1.0,0.9833333333333333,1.0,1.0,1.0,1.0,1.0,0.99999999999997,0.9377393621385114,0.9915251274907846,0.9933071490757153,0.8807970779778823
96,1,1.0,1.0,1.0,1.0,1.0,1.0,1.0,1.0,0.99999999999997,0.952101907977202,0.7411985141936639,0.9933071490757153,0.8807970779778823
97,1,1.0,1.0,1.0,1.0,1.0,1.0,1.0,1.0,0.99999999999997,0.9515966542762342,0.9999164058215615,0.9933071490757153,0.8807970779778823
98,1,1.0,1.0,1.0,1.0,1.0,1.0,1.0,0.9999995,0.99999999999997,0.9459630706364892,0.9999389138708394,0.9933071490757153,0.8807970779778823
99,1,1.0,1.0,0.9833333333333333,1.0,1.0,1.0,1.0,0.99846715,0.99999999999997,0.9380586730141001,0.9563257710675098,0.9933071490757153,0.8807970779778823
100,1,1.0,1.0,0.9833333333333333,1.0,1.0,1.0,1.0,1.0,0.99999999999997,0.9375037265896184,0.999202832985173,0.9933071490757153,0.8807970779778823
101,1,1.0,1.0,1.0,1.0,1.0,1.0,1.0,1.0,0.99999999999997,0.9460996137931789,0.9889897313430621,0.9933071490757153,0.8807970779778823
102,1,1.0,1.0,1.0,1.0,1.0,1.0,1.0,1.0,0.99999999999997,0.9452163310264574,0.9656694825543433,0.9933071490757153,0.8807970779778823
103,1,1.0,1.0,1.0,1.0,1.0,1.0,1.0,1.0,0.99999999999997,0.9459472449110622,0.9716732917171034,0.9933071490757153,0.8807970779778823
104,1,1.0,1.0,0.9833333333333333,1.0,1.0,1.0,1.0,1.0,0.99999999999997,0.9260607748252677,0.963983334901068,0.9933071490757153,0.8807970779778823
105,1,1.0,1.0,0.9666666666666667,1.0,1.0,1.0,1.0,1.0,0.99999999999997,0.9231506678135164,0.993185255462296,0.9933071490757153,0.8807970779778823
106,1,1.0,0.9833333333333333,1.0,1.0,1.0,1.0,1.0,0.99999917,0.9441684233159624,0.8734908701644647,0.9228025361256935,0.9933071490757153,0.8807970779778823
107,1,1.0,1.0,1.0,1.0,1.0,1.0,1.0,0.9999999,0.99999999999997,0.9506925294719715,0.966659758110352,0.9933071490757153,0.8807970779778823
108,1,1.0,1.0,1.0,1.0,1.0,1.0,1.0,0.99942786,0.99999999999997,0.9452943450518727,0.7877955703325484,0.9933071490757153,0.8807970779778823
109,1,1.0,1.0,0.9833333333333333,1.0,1.0,1.0,1.0,1.0,0.99999999999997,0.9297905523517372,0.9754404107408607,0.9933071490757153,0.8807970779778823
110,1,1.0,1.0,0.9833333333333333,1.0,1.0,1.0,1.0,0.99592495,0.99999999999997,0.9371291566081431,0.9558494990785062,0.9933071490757153,0.8807970779778823
111,1,1.0,1.0,1.0,1.0,1.0,1.0,1.0,0.99950445,0.99999999999997,0.9506931005358278,0.9977927047320769,0.9933071490757153,0.8807970779778823
112,1,1.0,1.0,0.9833333333333333,1.0,1.0,1.0,1.0,1.0,0.99999999999997,0.9363534314602059,0.9976547150661391,0.9933071490757153,0.8807970779778823
113,1,1.0,1.0,0.9833333333333333,1.0,1.0,1.0,1.0,1.0,0.99999999999997,0.929877217532574,0.999928678261195,0.9933071490757153,0.8807970779778823
114,1,1.0,1.0,0.9833333333333333,1.0,1.0,1.0,1.0,1.0,0.99999999999997,0.9363512536954542,0.9443634466745817,0.9933071490757153,0.8807970779778823
115,1,1.0,1.0,1.0,1.0,1.0,1.0,1.0,0.99999964,0.99999999999997,0.9447919728123421,0.9979356050469235,0.9933071490757153,0.8807970779778823
116,1,1.0,1.0,1.0,1.0,1.0,1.0,1.0,1.0,0.99999999999997,0.9509009962412917,0.9475763399486578,0.9933071490757153,0.8807970779778823
117,1,1.0,1.0,1.0,1.0,1.0,1.0,1.0,1.0,0.99999999999997,0.9507507925092971,0.9994110274828056,0.9933071490757153,0.8807970779778823
118,1,1.0,1.0,1.0,1.0,1.0,1.0,1.0,1.0,0.99999999999997,0.9505213907263632,0.8850734091184727,0.9933071490757153,0.8807970779778823
119,1,1.0,1.0,1.0,1.0,1.0,1.0,1.0,1.0,0.99999999999997,0.9444856618220671,0.9985117554357643,0.9933071490757153,0.8807970779778823
120,1,1.0,1.0,0.9833333333333333,1.0,1.0,1.0,1.0,0.9989341,0.99999999999997,0.9366049283187465,0.9603515077435356,0.9933071490757153,0.8807970779778823
121,1,1.0,1.0,0.9666666666666667,1.0,1.0,1.0,1.0,0.9999999,0.99999999999997,0.9222127102171884,0.9957479829237773,0.9933071490757153,0.8807970779778823
122,1,1.0,1.0,1.0,1.0,1.0,1.0,1.0,1.0,0.99999999999997,0.9450662100231451,0.9951480158457396,0.9933071490757153,0.8807970779778823
123,1,1.0,1.0,0.9833333333333333,1.0,1.0,1.0,1.0,0.99999976,0.99999999999997,0.9303134960747409,0.9331994255903383,0.9933071490757153,0.8807970779778823
124,1,1.0,1.0,0.9833333333333333,1.0,1.0,1.0,1.0,1.0,0.99999999999997,0.936432467879945,0.9997811453437497,0.9933071490757153,0.8807970779778823
125,1,1.0,1.0,0.9833333333333333,1.0,1.0,1.0,1.0,0.99999964,0.99999999999997,0.9361597569239228,0.9941832740151826,0.9933071490757153,0.8807970779778823
126,1,1.0,1.0,0.9833333333333333,1.0,1.0,1.0,1.0,1.0,0.99999999999997,0.9359611319544126,0.9999360260415421,0.9933071490757153,0.8807970779778823
127,1,1.0,1.0,1.0,1.0,1.0,1.0,1.0,1.0,0.99999999999997,0.950345369880082,0.9603330174197002,0.9933071490757153,0.8807970779778823
128,1,1.0,1.0,1.0,1.0,1.0,1.0,1.0,1.0,0.99999999999997,0.9509183969381865,0.9982457461874501,0.9933071490757153,0.8807970779778823
129,1,1.0,0.8166666666666667,0.9666666666666667,1.0,1.0,1.0,1.0,1.0,0.9260542719118999,0.7297516396353745,0.9487468089478669,0.9933071490757153,0.8807970779778823
130,0,1.0,0.9333333333333333,1.0,1.0,1.0,1.0,1.0,4.050611e-13,0.13175668271749516,0.02194850273677249,0.9999738674658801,0.9933071490757153,0.8807970779778823
131,0,1.0,1.0,1.0,1.0,1.0,1.0,1.0,2.6567138e-13,0.0072804911908257155,0.01951850816190591,0.9994991133216428,0.9933071490757153,0.8807970779778823
132,0,1.0,1.0,0.9833333333333333,1.0,1.0,1.0,1.0,1.3793542e-11,0.005576692059074892,0.030759243019483646,0.8499248324913039,0.9933071490757153,0.8807970779778823
133,0,1.0,1.0,1.0,1.0,1.0,1.0,1.0,5.774127e-07,0.004119378581400216,0.019567575880553325,0.7392579426704788,0.9933071490757153,0.8807970779778823
134,0,1.0,1.0,1.0,1.0,1.0,1.0,1.0,1.2289132e-09,0.003233856204842003,0.01949623659693421,0.9988158786655417,0.9933071490757153,0.8807970779778823
135,0,1.0,1.0,0.9666666666666667,1.0,1.0,1.0,1.0,3.1021405e-05,0.003588451618740135,0.044867735365967845,0.992244658712494,0.9933071490757153,0.8807970779778823
136,0,1.0,1.0,1.0,1.0,1.0,1.0,1.0,8.0980866e-10,0.004515561011121822,0.01936762408570309,0.9993301334590823,0.9933071490757153,0.8807970779778823
137,0,1.0,1.0,1.0,1.0,1.0,1.0,1.0,6.630535e-15,0.0033237520695187832,0.019663048087000905,0.9991791073955166,0.9933071490757153,0.8807970779778823
138,0,1.0,1.0,1.0,1.0,1.0,1.0,1.0,5.268885e-09,0.003632320140290944,0.02204498682666104,0.9982910769361257,0.9933071490757153,0.8807970779778823
139,0,1.0,1.0,0.9833333333333333,1.0,1.0,1.0,1.0,2.8691318e-13,0.004336175490120304,0.030263820672824123,0.9994399434270754,0.9933071490757153,0.8807970779778823
140,0,1.0,1.0,0.9833333333333333,1.0,1.0,1.0,1.0,0.00064226025,0.0029936172617960667,0.030417982742378856,0.9870152396532511,0.9933071490757153,0.8807970779778823
141,0,1.0,1.0,1.0,1.0,1.0,1.0,1.0,9.4489917e-07,0.0032681162612385995,0.02171205279738742,0.9963815096452862,0.9933071490757153,0.8807970779778823
142,0,1.0,1.0,0.9666666666666667,1.0,1.0,1.0,1.0,6.5322037e-13,0.003647566782458762,0.042879883230697684,0.9890808243106946,0.9933071490757153,0.8807970779778823
143,0,1.0,1.0,1.0,1.0,1.0,1.0,1.0,1.9147617e-08,0.005641997655478125,0.019435138303591167,0.9973191904244734,0.9933071490757153,0.8807970779778823
144,0,1.0,1.0,0.9833333333333333,1.0,1.0,1.0,1.0,5.0837592e-05,0.004072210915914667,0.03209873859708731,0.9984385426576589,0.9933071490757153,0.8807970779778823
145,0,1.0,1.0,1.0,1.0,1.0,1.0,1.0,4.784603e-15,0.005098849523916443,0.021994014790130533,0.9143710327642477,0.9933071490757153,0.8807970779778823
146,0,1.0,1.0,0.9833333333333333,1.0,1.0,1.0,1.0,9.515115e-12,0.003806472890441559,0.0295928216433104,0.9973373582263169,0.9933071490757153,0.8807970779778823
147,0,1.0,1.0,0.9666666666666667,1.0,1.0,1.0,1.0,0.016915737,0.00569290846289955,0.046748332453948195,0.9758933953255655,0.9933071490757153,0.8807970779778823
148,0,1.0,1.0,1.0,1.0,1.0,1.0,1.0,9.94372e-06,0.003681149165141956,0.021959142563029943,0.998877520952323,0.9933071490757153,0.8807970779778823
149,0,1.0,1.0,1.0,1.0,1.0,1.0,1.0,4.5217034e-14,0.004115956719080279,0.019629189628339698,0.997224489022312,0.9933071490757153,0.8807970779778823
150,0,1.0,1.0,0.95,1.0,1.0,1.0,1.0,2.8237964e-11,0.0043483531262764,0.054476671127784045,0.9987014944203892,0.9933071490757153,0.8807970779778823
151,0,1.0,1.0,1.0,1.0,1.0,1.0,1.0,0.16844767,0.005239408061206661,0.01944351133806284,0.9520628237659403,0.9933071490757153,0.8807970779778823
152,0,1.0,1.0,0.9833333333333333,1.0,1.0,1.0,1.0,0.0012759393,0.006097493362484043,0.029529662545938813,0.999319881900865,0.9933071490757153,0.8807970779778823
153,0,1.0,1.0,1.0,1.0,1.0,1.0,1.0,5.5916747e-12,0.005382218874428653,0.019591719911291872,0.9999113816733988,0.9933071490757153,0.8807970779778823
154,0,1.0,1.0,1.0,1.0,1.0,1.0,1.0,3.5195757e-12,0.0032753149012373158,0.019475661745567488,0.9975957472701144,0.9933071490757153,0.8807970779778823
155,0,1.0,1.0,0.9833333333333333,1.0,1.0,1.0,1.0,1.5368566e-11,0.0038254234579972596,0.03166030669244037,0.8699291426676556,0.9933071490757153,0.8807970779778823
156,0,1.0,1.0,1.0,1.0,1.0,0.0,1.0,0.37659,0.004663080214950345,0.019576917269094093,0.9988807379930776,0.9933071490757153,0.8807970779778823
157,0,1.0,1.0,1.0,1.0,1.0,1.0,1.0,0.0006862862,0.004450367267616343,0.01950621563014976,0.9986341265297964,0.9933071490757153,0.8807970779778823
158,0,1.0,1.0,0.9833333333333333,1.0,1.0,1.0,1.0,2.5177649e-06,0.005097897307317326,0.0300428051490111,0.9985912499119581,0.9933071490757153,0.8807970779778823
159,0,1.0,1.0,1.0,1.0,1.0,1.0,1.0,1.9998965e-09,0.004416216408754065,0.021721876637293677,0.9352307642550253,0.9933071490757153,0.8807970779778823
160,0,1.0,1.0,0.9833333333333333,1.0,1.0,1.0,1.0,9.43027e-12,0.005509120743720563,0.0339613718299564,0.9993141221603339,0.9933071490757153,0.8807970779778823
161,0,1.0,1.0,0.9833333333333333,1.0,1.0,1.0,1.0,0.00013616924,0.004301990598800719,0.030468498231940692,0.9965751714933145,0.9933071490757153,0.8807970779778823
162,0,1.0,1.0,1.0,1.0,1.0,1.0,1.0,0.0007418377,0.0037612572360285327,0.021895353933523442,0.9979096703880043,0.9933071490757153,0.8807970779778823
163,0,1.0,1.0,0.9666666666666667,1.0,1.0,1.0,1.0,2.9293648e-18,0.004153173276539805,0.042996363752839585,0.668633499333044,0.9933071490757153,0.8807970779778823
164,0,1.0,1.0,0.95,1.0,1.0,1.0,1.0,2.4823036e-08,0.004242435646214418,0.05318880701948116,0.9963290747042799,0.9933071490757153,0.8807970779778823
165,0,0.0,1.0,1.0,1.0,0.0,0.0,1.0,0.97912997,0.003675453957426648,0.01939758301725812,0.9998045088193734,0.9933071490757153,0.8807970779778823
166,0,1.0,1.0,0.9666666666666667,1.0,1.0,1.0,1.0,1.2561942e-11,0.0037955566401801388,0.0433439732919887,0.9999084199867683,0.9933071490757153,0.8807970779778823
167,0,1.0,1.0,1.0,1.0,1.0,1.0,1.0,1.5565705e-09,0.003568809998604816,0.02437226644319059,0.8844975245441904,0.9933071490757153,0.8807970779778823
168,0,1.0,1.0,1.0,1.0,1.0,1.0,1.0,4.784352e-13,0.0034956438184599536,0.019557848414299646,0.9984631733179636,0.9933071490757153,0.8807970779778823
169,0,1.0,1.0,1.0,1.0,1.0,1.0,1.0,0.0031911237,0.004653876798567746,0.024299729690174455,0.9991284526583184,0.9933071490757153,0.8807970779778823
170,0,1.0,1.0,1.0,1.0,1.0,1.0,1.0,0.0006641193,0.004425487286546833,0.0218225501822026,0.9998699378951041,0.9933071490757153,0.8807970779778823
171,0,1.0,1.0,0.9833333333333333,1.0,1.0,1.0,1.0,2.7918673e-05,0.003695677185747779,0.03321042750578012,0.9573858508439491,0.9933071490757153,0.8807970779778823
172,0,1.0,1.0,0.9666666666666667,1.0,1.0,1.0,1.0,9.515115e-12,0.003821428523234777,0.04125941312474578,0.9973373582263169,0.9933071490757153,0.8807970779778823
173,0,1.0,1.0,1.0,1.0,1.0,1.0,1.0,0.00031074145,0.0041089627969560834,0.022408155976921473,0.960972043234266,0.9933071490757153,0.8807970779778823
174,0,1.0,1.0,1.0,1.0,1.0,1.0,1.0,2.2928418e-07,0.004164092802813602,0.019685867684810385,0.9996198764446078,0.9933071490757153,0.8807970779778823
175,0,1.0,1.0,1.0,1.0,1.0,1.0,1.0,4.3170695e-17,0.0044899408080870855,0.01962934838840497,0.9995796105850737,0.9933071490757153,0.8807970779778823
176,1,1.0,1.0,0.9833333333333333,1.0,1.0,1.0,1.0,0.9999987,0.9001727745340986,0.8558386867940464,0.9293554773292119,0.9933071490757153,0.8807970779778823
177,1,1.0,1.0,1.0,1.0,1.0,1.0,1.0,1.0,0.99999999999997,0.9660946651675125,0.9171058313760776,0.9933071490757153,0.8807970779778823
178,1,1.0,1.0,1.0,1.0,1.0,1.0,1.0,1.0,0.99999999999997,0.9659523058611733,0.9940818748120316,0.9933071490757153,0.8807970779778823
179,1,1.0,1.0,1.0,1.0,1.0,1.0,1.0,1.0,0.99999999999997,0.9662512157135149,0.998890403927713,0.9933071490757153,0.8807970779778823
180,1,1.0,1.0,0.9666666666666667,1.0,1.0,1.0,1.0,0.9999869,0.99999999999997,0.9371313134966913,0.9747160573614366,0.9933071490757153,0.8807970779778823
181,1,1.0,1.0,0.9833333333333333,1.0,1.0,1.0,1.0,0.99999976,0.99999999999997,0.9522173871832643,0.9929735373418466,0.9933071490757153,0.8807970779778823
182,1,1.0,1.0,1.0,1.0,1.0,1.0,1.0,0.9999981,0.99999999999997,0.9607675840039582,0.7108218047522769,0.9933071490757153,0.8807970779778823
183,1,1.0,1.0,1.0,1.0,1.0,1.0,1.0,1.0,0.99999999999997,0.9611177226052426,0.9989623870422916,0.9933071490757153,0.8807970779778823
184,1,1.0,1.0,0.9833333333333333,1.0,1.0,1.0,1.0,0.99999475,0.99999999999997,0.9514131003528791,0.9992269546581408,0.9933071490757153,0.8807970779778823
185,1,1.0,1.0,1.0,1.0,1.0,0.0,1.0,0.642584,0.99999999999997,0.9658772392545942,0.9998852817449227,0.9933071490757153,0.8807970779778823
186,1,1.0,1.0,1.0,1.0,1.0,1.0,1.0,1.0,0.99999999999997,0.9661342461550562,0.971166159596237,0.9933071490757153,0.8807970779778823
187,1,1.0,1.0,0.95,1.0,1.0,1.0,1.0,1.0,0.99999999999997,0.9226760100507762,0.9993338303467438,0.9933071490757153,0.8807970779778823
188,1,1.0,1.0,0.9833333333333333,1.0,1.0,1.0,1.0,0.9999993,0.99999999999997,0.9457311201420834,0.9968474743923036,0.9933071490757153,0.8807970779778823
189,1,1.0,1.0,1.0,1.0,1.0,1.0,1.0,1.0,0.99999999999997,0.9662602210391972,0.9487468089478669,0.9933071490757153,0.8807970779778823
190,1,1.0,1.0,1.0,1.0,1.0,1.0,1.0,1.0,0.99999999999997,0.9664668934740017,0.9980476927783568,0.9933071490757153,0.8807970779778823
191,1,1.0,1.0,0.9833333333333333,1.0,1.0,1.0,1.0,0.9999976,0.99999999999997,0.9514479545135449,0.9997428013212655,0.9933071490757153,0.8807970779778823
192,1,1.0,1.0,1.0,1.0,1.0,1.0,1.0,0.9999999,0.99999999999997,0.966253982179407,0.9997413079897652,0.9933071490757153,0.8807970779778823
193,1,1.0,1.0,0.9833333333333333,1.0,1.0,1.0,1.0,0.9909061,0.99999999999997,0.9457502425087244,0.9989980071378569,0.9933071490757153,0.8807970779778823
194,1,1.0,1.0,0.9833333333333333,1.0,1.0,1.0,1.0,1.0,0.99999999999997,0.9457773168051173,0.9966008837952709,0.9933071490757153,0.8807970779778823
195,1,1.0,1.0,0.9666666666666667,1.0,1.0,1.0,1.0,0.9998857,0.99999999999997,0.93780901791235,0.9692247077662743,0.9933071490757153,0.8807970779778823
196,1,1.0,1.0,0.9833333333333333,1.0,1.0,1.0,1.0,0.99999845,0.99999999999997,0.9521477324436901,0.5195717636233617,0.9933071490757153,0.8807970779778823
197,1,1.0,1.0,1.0,1.0,1.0,1.0,1.0,0.9993013,0.99999999999997,0.9660872753462912,0.9912138629047057,0.9933071490757153,0.8807970779778823
198,1,1.0,1.0,1.0,1.0,1.0,1.0,1.0,1.0,0.99999999999997,0.9661167697870311,0.9985578647082707,0.9933071490757153,0.8807970779778823
199,1,1.0,1.0,0.9666666666666667,1.0,1.0,1.0,1.0,1.0,0.99999999999997,0.937699785567401,0.9984353243348273,0.9933071490757153,0.8807970779778823
200,1,1.0,1.0,0.9833333333333333,1.0,1.0,1.0,1.0,1.0,0.99999999999997,0.9513284235675938,0.998599409514803,0.9933071490757153,0.8807970779778823
201,1,1.0,1.0,1.0,1.0,1.0,1.0,1.0,1.0,0.99999999999997,0.9662574939459952,0.9968664517822112,0.9933071490757153,0.8807970779778823
202,1,1.0,1.0,0.9833333333333333,1.0,1.0,1.0,1.0,1.0,0.99999999999997,0.9517537714221626,0.9987920602955351,0.9933071490757153,0.8807970779778823
203,1,1.0,1.0,1.0,1.0,1.0,1.0,1.0,1.0,0.99999999999997,0.9662599256850799,0.9909717609961073,0.9933071490757153,0.8807970779778823
204,1,1.0,1.0,1.0,1.0,1.0,1.0,1.0,0.94998187,0.99999999999997,0.9662489164377225,0.9776177002934631,0.9933071490757153,0.8807970779778823
205,1,1.0,1.0,0.9666666666666667,1.0,1.0,1.0,1.0,1.0,0.99999999999997,0.9370993494936638,0.9830470668189278,0.9933071490757153,0.8807970779778823
206,1,1.0,1.0,0.9666666666666667,1.0,1.0,1.0,1.0,1.0,0.99999999999997,0.9318472797259282,0.9297516384348616,0.9933071490757153,0.8807970779778823
207,1,1.0,1.0,1.0,1.0,1.0,1.0,1.0,1.0,0.99999999999997,0.9552730518319027,0.5901043565318504,0.9933071490757153,0.8807970779778823
208,1,1.0,1.0,0.9833333333333333,1.0,1.0,1.0,1.0,1.0,0.99999999999997,0.9515917162484354,0.9553544289531872,0.9933071490757153,0.8807970779778823
209,1,1.0,1.0,1.0,1.0,1.0,1.0,1.0,1.0,0.99999999999997,0.9660634035953143,0.9993075318279533,0.9933071490757153,0.8807970779778823
210,1,1.0,1.0,0.9666666666666667,1.0,1.0,1.0,1.0,1.0,0.99999999999997,0.9376614622489434,0.997173786055667,0.9933071490757153,0.8807970779778823
211,1,1.0,0.9833333333333333,0.9666666666666667,1.0,1.0,1.0,1.0,0.85659516,0.9702050742238527,0.8852409926902348,0.9817572460242391,0.9933071490757153,0.8807970779778823
212,0,1.0,1.0,1.0,1.0,1.0,1.0,1.0,7.163513e-10,0.01012239322049815,0.019505022202163998,0.9985609462823445,0.9933071490757153,0.8807970779778823
213,0,1.0,1.0,1.0,1.0,1.0,1.0,1.0,0.0055280486,0.008738869448454097,0.01944726079216893,0.9982297915357343,0.9933071490757153,0.8807970779778823
214,0,1.0,1.0,0.9666666666666667,1.0,1.0,1.0,1.0,8.560347e-11,0.004438530170472047,0.040740868687232125,0.9999322350094166,0.9933071490757153,0.8807970779778823
215,0,1.0,1.0,1.0,1.0,1.0,1.0,1.0,7.42085e-11,0.0034367747466990364,0.019643421398432535,0.9958929584115345,0.9933071490757153,0.8807970779778823
216,0,1.0,1.0,0.9833333333333333,1.0,1.0,1.0,1.0,1.0258411e-07,0.004640506372145632,0.032108494637106785,0.9970533000786896,0.9933071490757153,0.8807970779778823
217,0,1.0,1.0,0.9833333333333333,1.0,1.0,1.0,1.0,0.0009367843,0.004131868487056472,0.034812023655774155,0.9986765102495536,0.9933071490757153,0.8807970779778823
218,0,1.0,1.0,1.0,1.0,1.0,1.0,1.0,1.1276287e-08,0.004186803056137551,0.01960951394601142,0.9932938432728678,0.9933071490757153,0.8807970779778823
219,0,1.0,1.0,1.0,1.0,1.0,1.0,1.0,5.0837592e-05,0.0034353377625570506,0.02449323329349467,0.9984385426576589,0.9933071490757153,0.8807970779778823
220,0,1.0,1.0,1.0,1.0,1.0,1.0,1.0,3.569089e-11,0.003140206455573199,0.022030773862174478,0.9976438190080371,0.9933071490757153,0.8807970779778823
221,0,1.0,1.0,0.9833333333333333,1.0,1.0,1.0,1.0,1.8047841e-11,0.004281812237747338,0.03135545300700482,0.9970289773666676,0.9933071490757153,0.8807970779778823
222,0,1.0,1.0,0.9833333333333333,1.0,1.0,1.0,1.0,3.268695e-08,0.004151451103695881,0.03017116683887726,0.9522030438304865,0.9933071490757153,0.8807970779778823
223,0,1.0,1.0,1.0,1.0,1.0,1.0,1.0,1.2416042e-05,0.005224381661209434,0.01956026692590622,0.9950772644993215,0.9933071490757153,0.8807970779778823
224,0,1.0,1.0,0.9833333333333333,1.0,1.0,1.0,1.0,1.2128203e-07,0.0034623452427358942,0.030507961631815832,0.9938498234649357,0.9933071490757153,0.8807970779778823
225,0,1.0,1.0,0.9833333333333333,1.0,1.0,1.0,1.0,6.601669e-13,0.004134013148240574,0.03278207102389062,0.8920083556219052,0.9933071490757153,0.8807970779778823
226,0,1.0,1.0,1.0,1.0,1.0,1.0,1.0,5.93047e-08,0.0034937967558541327,0.022103908017005156,0.9969522150498246,0.9933071490757153,0.8807970779778823
227,0,1.0,1.0,0.9833333333333333,1.0,1.0,1.0,1.0,1.34702715e-17,0.0032324985658929322,0.030669116565160574,0.9988362638804057,0.9933071490757153,0.8807970779778823
228,0,1.0,1.0,1.0,1.0,1.0,1.0,1.0,8.972034e-12,0.004870810620969918,0.024181987432807986,0.9884362380431572,0.9933071490757153,0.8807970779778823
229,0,1.0,1.0,1.0,1.0,1.0,1.0,1.0,1.8834342e-11,0.006393493894712071,0.019615229805726078,0.9996635211255064,0.9933071490757153,0.8807970779778823
230,0,1.0,1.0,1.0,1.0,1.0,1.0,1.0,1.0862976e-07,0.00715947418104162,0.021960209911480698,0.9935181734954961,0.9933071490757153,0.8807970779778823
231,0,1.0,1.0,1.0,1.0,1.0,1.0,1.0,1.0851504e-11,0.004168284512989996,0.01957904770061807,0.9992147424472545,0.9933071490757153,0.8807970779778823
232,0,1.0,1.0,0.9666666666666667,1.0,1.0,1.0,1.0,2.108006e-12,0.0034717002110932196,0.04191737847024322,0.9983889404453765,0.9933071490757153,0.8807970779778823
233,0,1.0,1.0,1.0,1.0,1.0,1.0,1.0,1.0165376e-13,0.0040820019736919335,0.019606277293648146,0.9995516438075235,0.9933071490757153,0.8807970779778823
234,1,1.0,0.9833333333333333,1.0,1.0,0.0,0.0,1.0,1.0,0.5184676310221852,0.48778020681841316,0.9171058313760776,0.9933071490757153,0.8807970779778823
235,1,1.0,1.0,1.0,1.0,1.0,1.0,1.0,0.9999999,0.99999999999997,0.960440710659709,0.9084862890809267,0.9933071490757153,0.8807970779778823
236,1,1.0,1.0,0.95,1.0,1.0,1.0,1.0,1.0,0.99999999999997,0.9178356663029594,0.9994834206802832,0.9933071490757153,0.8807970779778823
237,1,1.0,1.0,0.95,1.0,1.0,1.0,1.0,0.99991333,0.99999999999997,0.9230756571658034,0.8393939255839389,0.9933071490757153,0.8807970779778823
238,1,1.0,1.0,0.9666666666666667,1.0,1.0,1.0,1.0,1.0,0.99999999999997,0.9366638442321018,0.9991079571042251,0.9933071490757153,0.8807970779778823
239,1,1.0,1.0,0.95,1.0,1.0,1.0,1.0,1.0,0.99999999999997,0.9232085782891445,0.9984813614304807,0.9933071490757153,0.8807970779778823
240,1,1.0,1.0,1.0,1.0,1.0,1.0,1.0,0.9999999,0.99999999999997,0.9609498211377384,0.9914744526171666,0.9933071490757153,0.8807970779778823
241,1,1.0,1.0,1.0,1.0,1.0,1.0,1.0,0.9999602,0.99999999999997,0.9557875112195087,0.9960379116227772,0.9933071490757153,0.8807970779778823
242,1,1.0,1.0,1.0,1.0,1.0,1.0,1.0,0.99999964,0.99999999999997,0.9663777688166558,0.9755829287641155,0.9933071490757153,0.8807970779778823
243,1,1.0,1.0,0.9833333333333333,1.0,1.0,1.0,1.0,1.0,0.99999999999997,0.9521151569155594,0.9982457461874501,0.9933071490757153,0.8807970779778823
244,1,1.0,1.0,1.0,1.0,1.0,1.0,1.0,1.0,0.99999999999997,0.9662459277014693,0.9345542719332387,0.9933071490757153,0.8807970779778823
245,1,1.0,1.0,1.0,1.0,1.0,1.0,1.0,0.99999106,0.99999999999997,0.9662451201948705,0.9989421512251961,0.9933071490757153,0.8807970779778823
246,1,1.0,1.0,1.0,1.0,1.0,1.0,1.0,1.0,0.99999999999997,0.9662585456585797,0.5466134916662526,0.9933071490757153,0.8807970779778823
247,1,1.0,1.0,0.9833333333333333,1.0,1.0,1.0,1.0,1.0,0.99999999999997,0.9514613082706763,0.9947851984725514,0.9933071490757153,0.8807970779778823
248,1,1.0,1.0,1.0,1.0,1.0,1.0,1.0,1.0,0.99999999999997,0.9662174746094183,0.9618600256194876,0.9933071490757153,0.8807970779778823
249,1,1.0,1.0,1.0,1.0,1.0,1.0,1.0,1.0,0.99999999999997,0.9608842622971472,0.9989937828018298,0.9933071490757153,0.8807970779778823
250,1,1.0,1.0,1.0,1.0,1.0,1.0,1.0,0.95389265,0.99999999999997,0.9610362354470259,0.9511334193575761,0.9933071490757153,0.8807970779778823
251,1,1.0,1.0,0.9833333333333333,1.0,1.0,1.0,1.0,1.0,0.99999999999997,0.951948997833456,0.9944290580531371,0.9933071490757153,0.8807970779778823
252,1,1.0,1.0,1.0,1.0,1.0,1.0,1.0,0.9999902,0.99999999999997,0.9558096058816248,0.9578681363204652,0.9933071490757153,0.8807970779778823
253,1,1.0,1.0,1.0,1.0,1.0,1.0,1.0,1.0,0.99999999999997,0.9609319366337474,0.999194102436068,0.9933071490757153,0.8807970779778823
254,1,1.0,1.0,1.0,1.0,1.0,1.0,1.0,1.0,0.99999999999997,0.966408079825496,0.9997253622412869,0.9933071490757153,0.8807970779778823
255,1,1.0,1.0,1.0,1.0,1.0,1.0,1.0,0.99454486,0.99999999999997,0.9662749174279844,0.9997480724521922,0.9933071490757153,0.8807970779778823
256,1,1.0,1.0,1.0,1.0,1.0,1.0,1.0,1.0,0.99999999999997,0.9665332814664555,0.9679310901720676,0.9933071490757153,0.8807970779778823
257,1,1.0,1.0,1.0,1.0,1.0,1.0,1.0,1.0,0.99999999999997,0.9665654860233147,0.9953335183259194,0.9933071490757153,0.8807970779778823
258,1,1.0,1.0,0.9833333333333333,1.0,1.0,1.0,1.0,0.9996414,0.99999999999997,0.9520248409300158,0.9920386398102135,0.9933071490757153,0.8807970779778823
259,1,1.0,1.0,1.0,1.0,1.0,1.0,1.0,0.9998722,0.99999999999997,0.9663732093675613,0.8600751005582272,0.9933071490757153,0.8807970779778823
260,1,1.0,1.0,1.0,1.0,1.0,1.0,1.0,1.0,0.99999999999997,0.9664028965579162,0.9994834206802832,0.9933071490757153,0.8807970779778823
261,1,1.0,1.0,1.0,1.0,1.0,1.0,1.0,1.0,0.99999999999997,0.9607379092215917,0.9297786559752929,0.9933071490757153,0.8807970779778823
262,1,1.0,1.0,1.0,1.0,1.0,1.0,1.0,1.0,0.99999999999997,0.9663149090402966,0.997978840729392,0.9933071490757153,0.8807970779778823
263,1,1.0,1.0,1.0,1.0,1.0,1.0,1.0,1.0,0.99999999999997,0.9560351347067129,0.9257418455663027,0.9933071490757153,0.8807970779778823
264,1,1.0,1.0,0.9833333333333333,1.0,1.0,1.0,1.0,1.0,0.99999999999997,0.9516449820877974,0.7966613487241977,0.9933071490757153,0.8807970779778823
265,1,1.0,1.0,0.9833333333333333,1.0,1.0,1.0,1.0,1.0,0.99999999999997,0.9515052184569529,0.9982457461874501,0.9933071490757153,0.8807970779778823
266,1,1.0,1.0,1.0,1.0,1.0,1.0,1.0,1.0,0.99999999999997,0.9664535853856528,0.9993035162362859,0.9933071490757153,0.8807970779778823
267,1,1.0,1.0,1.0,1.0,1.0,1.0,1.0,1.0,0.99999999999997,0.9665764122701482,0.9985337371222517,0.9933071490757153,0.8807970779778823
268,1,1.0,1.0,1.0,1.0,1.0,1.0,1.0,0.99955505,0.99999999999997,0.9665788736039413,0.9942653234546648,0.9933071490757153,0.8807970779778823
269,1,1.0,1.0,0.9833333333333333,1.0,1.0,1.0,1.0,1.0,0.99999999999997,0.9522243555104619,0.984560492979323,0.9933071490757153,0.8807970779778823
270,1,1.0,1.0,1.0,1.0,1.0,1.0,1.0,0.9999969,0.99999999999997,0.9662684973411946,0.9978105983588726,0.9933071490757153,0.8807970779778823
271,1,1.0,1.0,0.9833333333333333,1.0,1.0,1.0,1.0,1.0,0.99999999999997,0.9521933918207487,0.9846660731489878,0.9933071490757153,0.8807970779778823
272,1,1.0,1.0,1.0,1.0,1.0,1.0,1.0,1.0,0.99999999999997,0.9661255402469741,0.9826271149828205,0.9933071490757153,0.8807970779778823
273,1,1.0,1.0,0.9833333333333333,1.0,1.0,1.0,1.0,1.0,0.99999999999997,0.9520685077087685,0.9906978050092029,0.9933071490757153,0.8807970779778823
274,1,1.0,1.0,0.9833333333333333,1.0,1.0,1.0,1.0,1.0,0.99999999999997,0.9516483015129881,0.9458641055920962,0.9933071490757153,0.8807970779778823
275,1,1.0,1.0,0.9833333333333333,1.0,1.0,1.0,1.0,1.0,0.99999999999997,0.946408840760848,0.9905723158815847,0.9933071490757153,0.8807970779778823
276,1,1.0,1.0,1.0,1.0,1.0,1.0,1.0,1.0,0.99999999999997,0.9663513006520702,0.9969542583411319,0.9933071490757153,0.8807970779778823
277,1,1.0,1.0,1.0,1.0,1.0,1.0,1.0,1.0,0.99999999999997,0.9610212921462914,0.9992979134407941,0.9933071490757153,0.8807970779778823
278,1,1.0,1.0,1.0,1.0,1.0,1.0,1.0,1.0,0.99999999999997,0.9664240652223663,0.9995567552873014,0.9933071490757153,0.8807970779778823
279,1,1.0,1.0,1.0,1.0,1.0,1.0,1.0,1.0,0.99999999999997,0.9552247656002323,0.9981883038982182,0.9933071490757153,0.8807970779778823
280,1,1.0,1.0,1.0,1.0,1.0,1.0,1.0,0.99999106,0.99999999999997,0.9663413950810945,0.9989421512251961,0.9933071490757153,0.8807970779778823
281,1,1.0,1.0,0.9833333333333333,1.0,1.0,1.0,1.0,0.80314577,0.99999999999997,0.952231717579355,0.999449674780253,0.9933071490757153,0.8807970779778823
282,1,1.0,1.0,0.9666666666666667,1.0,1.0,1.0,1.0,0.9999999,0.99999999999997,0.9378723063503329,0.966659758110352,0.9933071490757153,0.8807970779778823
283,1,1.0,1.0,0.9833333333333333,1.0,1.0,1.0,1.0,1.0,0.99999999999997,0.9465866204216632,0.9994110274828056,0.9933071490757153,0.8807970779778823
284,1,1.0,1.0,0.9833333333333333,1.0,1.0,1.0,1.0,0.9999999,0.99999999999997,0.946048673008407,0.852413884025049,0.9933071490757153,0.8807970779778823
285,1,1.0,1.0,1.0,1.0,1.0,1.0,1.0,1.0,0.99999999999997,0.9664638757584085,0.998599409514803,0.9933071490757153,0.8807970779778823
286,1,1.0,1.0,1.0,1.0,1.0,1.0,1.0,0.99992836,0.99999999999997,0.9618255349718742,0.9898997206910567,0.9933071490757153,0.8807970779778823
287,1,1.0,1.0,1.0,1.0,1.0,1.0,1.0,0.9999999,0.99999999999997,0.9663344242472882,0.9957479829237773,0.9933071490757153,0.8807970779778823
288,1,1.0,1.0,1.0,1.0,1.0,1.0,1.0,0.9766892,0.8853930400572992,0.8401562347005982,0.6465686622001037,0.9933071490757153,0.8807970779778823
289,0,1.0,1.0,1.0,1.0,1.0,1.0,1.0,2.4379879e-05,0.05635046717924727,0.019548519601416053,0.863349830276401,0.9933071490757153,0.8807970779778823
290,0,1.0,1.0,1.0,1.0,1.0,1.0,1.0,1.0258411e-07,0.005792125361260953,0.02217267870856437,0.9970533000786896,0.9933071490757153,0.8807970779778823
291,0,1.0,1.0,0.9833333333333333,1.0,1.0,1.0,1.0,2.4301016e-06,0.004152441982402794,0.03288172660912357,0.9961463599465963,0.9933071490757153,0.8807970779778823
292,0,1.0,1.0,1.0,1.0,1.0,1.0,1.0,1.3295123e-09,0.004042678416659232,0.01965200839100954,0.9985441466156771,0.9933071490757153,0.8807970779778823
293,0,1.0,1.0,0.9833333333333333,1.0,1.0,1.0,1.0,4.8821308e-17,0.003543267204232194,0.030788956182885355,0.9593399269717451,0.9933071490757153,0.8807970779778823
294,0,1.0,1.0,0.9666666666666667,1.0,1.0,1.0,1.0,1.1035179e-07,0.002745930581124383,0.0454298793322058,0.9969731339330915,0.9933071490757153,0.8807970779778823
295,0,1.0,1.0,0.9833333333333333,1.0,1.0,1.0,1.0,2.8999166e-05,0.0051176345952254655,0.031788984201930784,0.9920490995502376,0.9933071490757153,0.8807970779778823
296,0,1.0,1.0,0.9833333333333333,1.0,1.0,1.0,1.0,7.380884e-08,0.003656258024881496,0.030870832093994036,0.9886473111650002,0.9933071490757153,0.8807970779778823
297,0,1.0,1.0,1.0,1.0,1.0,1.0,1.0,4.8255037e-12,0.0037324099354689795,0.019617376937362922,0.9318476742126298,0.9933071490757153,0.8807970779778823
298,0,1.0,1.0,0.9833333333333333,1.0,1.0,1.0,1.0,1.0543424e-08,0.0040279455547294046,0.030312568922606142,0.9949934226251576,0.9933071490757153,0.8807970779778823
299,0,1.0,1.0,1.0,1.0,1.0,1.0,1.0,5.5378496e-05,0.004235005807270714,0.019577020472925942,0.9976376667735086,0.9933071490757153,0.8807970779778823
300,0,1.0,1.0,0.9833333333333333,1.0,1.0,1.0,1.0,3.0679123e-17,0.0057518426860280495,0.030771823464952396,0.9919398476932637,0.9933071490757153,0.8807970779778823
301,0,1.0,1.0,0.9833333333333333,1.0,1.0,1.0,1.0,4.0856668e-07,0.00400488896689492,0.030644393159123835,0.9928535386723693,0.9933071490757153,0.8807970779778823
302,0,1.0,1.0,1.0,1.0,1.0,1.0,1.0,0.00013813167,0.0052055670564482345,0.024710354233459377,0.9974326733342453,0.9933071490757153,0.8807970779778823
303,0,1.0,1.0,1.0,1.0,1.0,1.0,1.0,1.4307537e-05,0.003751360998733083,0.01947863144452017,0.9987111929265794,0.9933071490757153,0.8807970779778823
304,0,1.0,1.0,1.0,1.0,1.0,1.0,1.0,6.227813e-15,0.005274054267992626,0.019379399332757077,0.9133346829817629,0.9933071490757153,0.8807970779778823
305,0,1.0,1.0,1.0,1.0,1.0,0.0,1.0,0.42593375,0.0037132053926543103,0.019451865707843904,0.9931210314821951,0.9933071490757153,0.8807970779778823
306,0,1.0,1.0,0.9833333333333333,1.0,1.0,1.0,1.0,8.909496e-13,0.003869392763624801,0.029797770434358935,0.981252978949953,0.9933071490757153,0.8807970779778823
307,0,1.0,1.0,1.0,1.0,1.0,1.0,1.0,4.085231e-13,0.004168824610193259,0.01944337777904673,0.9999223932578034,0.9933071490757153,0.8807970779778823
308,0,1.0,1.0,1.0,1.0,1.0,1.0,1.0,4.2328e-06,0.004504131495718633,0.021963597619041465,0.9984334133844369,0.9933071490757153,0.8807970779778823
309,0,1.0,1.0,0.9833333333333333,1.0,1.0,1.0,1.0,1.0513475e-13,0.004839961222295397,0.03101144771563876,0.9994640128271319,0.9933071490757153,0.8807970779778823
310,0,1.0,1.0,0.9833333333333333,1.0,1.0,1.0,1.0,5.383976e-09,0.0034349201166772115,0.03248365386903142,0.9993759658298081,0.9933071490757153,0.8807970779778823
311,0,1.0,1.0,1.0,1.0,1.0,1.0,1.0,1.9670467e-06,0.0041993089972611215,0.022077296800465777,0.9759356123180939,0.9933071490757153,0.8807970779778823
312,0,1.0,1.0,0.9833333333333333,1.0,1.0,1.0,1.0,9.888502e-06,0.0036423059741284907,0.030253982347176783,0.9973507258790368,0.9933071490757153,0.8807970779778823
313,0,1.0,1.0,0.9833333333333333,1.0,1.0,1.0,1.0,3.831189e-05,0.004863812612345265,0.030360422223357594,0.9990041158210491,0.9933071490757153,0.8807970779778823
314,0,1.0,1.0,0.9833333333333333,1.0,1.0,1.0,1.0,3.068946e-11,0.003795680347626394,0.032646285028445556,0.9967164665155642,0.9933071490757153,0.8807970779778823
315,0,1.0,1.0,0.9833333333333333,1.0,1.0,1.0,1.0,1.4317875e-10,0.004067183940251135,0.033793608552721316,0.9971805814612413,0.9933071490757153,0.8807970779778823
316,0,1.0,1.0,1.0,1.0,1.0,1.0,1.0,3.1965326e-09,0.004375251322940521,0.01937048793017694,0.9973941917935559,0.9933071490757153,0.8807970779778823
317,0,1.0,1.0,1.0,1.0,1.0,1.0,1.0,0.01272344,0.003322980871105003,0.02187916362107519,0.9967243756540695,0.9933071490757153,0.8807970779778823
318,0,1.0,1.0,1.0,1.0,0.0,1.0,1.0,0.0001164528,0.2524686856021788,0.25199660152860814,0.9948489871503855,0.9933071490757153,0.8807970779778823
319,1,1.0,1.0,0.9666666666666667,1.0,1.0,1.0,1.0,0.923362,0.9999999995643237,0.9214953462810385,0.9826494727234164,0.9933071490757153,0.8807970779778823
320,1,1.0,1.0,0.9833333333333333,1.0,1.0,1.0,1.0,0.99999917,0.9999999998844589,0.9293796377221215,0.9102417861427361,0.9933071490757153,0.8807970779778823
321,1,0.0,1.0,0.9833333333333333,1.0,0.0,0.0,1.0,0.2371935,0.9999999996756621,0.9354307090829883,0.7946938322306907,0.9933071490757153,0.8807970779778823
322,1,1.0,1.0,1.0,1.0,1.0,1.0,1.0,1.0,0.9999999999910619,0.9492044365384676,0.9982457461874501,0.9933071490757153,0.8807970779778823
323,1,1.0,1.0,1.0,1.0,1.0,1.0,1.0,0.9999999,0.9999999999877017,0.9494190257268078,0.9826766124646865,0.9933071490757153,0.8807970779778823
324,1,1.0,1.0,1.0,1.0,1.0,1.0,1.0,1.0,0.9999999996782897,0.9434625653148286,0.9992963958303197,0.9933071490757153,0.8807970779778823
325,1,1.0,1.0,1.0,1.0,1.0,1.0,1.0,1.0,0.9999999999923307,0.9492616939698532,0.872706173862437,0.9933071490757153,0.8807970779778823
326,1,1.0,1.0,0.9833333333333333,1.0,1.0,1.0,1.0,1.0,0.9999999999544191,0.9344515415337908,0.9975318705174454,0.9933071490757153,0.8807970779778823
327,0,1.0,1.0,0.9833333333333333,1.0,0.0,0.0,1.0,6.289429e-09,0.46942495127755807,0.43911355557627235,0.9792063134488156,0.9933071490757153,0.8807970779778823
328,1,1.0,1.0,0.9833333333333333,1.0,1.0,1.0,1.0,1.0,0.9171761929733981,0.8212513275714204,0.9905723158815847,0.9933071490757153,0.8807970779778823
329,1,1.0,1.0,0.9833333333333333,1.0,1.0,1.0,1.0,1.0,0.99999999999997,0.9045667813764955,0.9954269587635926,0.9933071490757153,0.8807970779778823
330,1,1.0,1.0,1.0,1.0,1.0,1.0,1.0,0.9999349,0.99999999999997,0.9119498078527966,0.9934926994305548,0.9933071490757153,0.8807970779778823
331,1,1.0,1.0,0.9666666666666667,1.0,1.0,1.0,1.0,1.0,0.99999999999997,0.8911464193280371,0.9216035218540595,0.9933071490757153,0.8807970779778823
332,1,1.0,1.0,0.9833333333333333,1.0,1.0,1.0,1.0,1.0,0.99999999999997,0.898173241374995,0.9840058403226386,0.9933071490757153,0.8807970779778823
333,1,1.0,1.0,0.9833333333333333,1.0,1.0,1.0,1.0,1.0,0.99999999999997,0.8991709953231378,0.9989735944255377,0.9933071490757153,0.8807970779778823
334,1,1.0,1.0,1.0,1.0,1.0,1.0,1.0,0.9999999,0.99999999999997,0.9057370482001322,0.7471575579130543,0.9933071490757153,0.8807970779778823
335,1,1.0,1.0,1.0,1.0,1.0,1.0,1.0,0.9999869,0.99999999999997,0.9124513624617125,0.9747160573614366,0.9933071490757153,0.8807970779778823
336,1,1.0,1.0,1.0,1.0,1.0,1.0,1.0,0.9999727,0.99999999999997,0.9055827569144813,0.990371339829106,0.9933071490757153,0.8807970779778823
337,1,1.0,1.0,1.0,1.0,1.0,1.0,1.0,0.9999349,0.99999999999997,0.905179097255015,0.9934926994305548,0.9933071490757153,0.8807970779778823
338,1,1.0,1.0,1.0,1.0,1.0,1.0,1.0,0.9993352,0.99999999999997,0.9046757188142681,0.9748739174979452,0.9933071490757153,0.8807970779778823
339,1,1.0,1.0,1.0,1.0,1.0,1.0,1.0,0.9999988,0.99999999999997,0.9116955779711254,0.9541924479326098,0.9933071490757153,0.8807970779778823
340,1,1.0,1.0,0.9833333333333333,1.0,1.0,1.0,1.0,0.9997571,0.99999999999997,0.8982366921437623,0.9276566667466671,0.9933071490757153,0.8807970779778823
341,1,1.0,1.0,0.9833333333333333,1.0,1.0,1.0,1.0,0.99999976,0.99999999999997,0.8977805498125405,0.9998133235196397,0.9933071490757153,0.8807970779778823
342,1,1.0,1.0,0.9833333333333333,1.0,1.0,1.0,1.0,1.0,0.99999999999997,0.8917019878842047,0.981556432567986,0.9933071490757153,0.8807970779778823
343,1,1.0,1.0,0.9833333333333333,1.0,1.0,1.0,1.0,1.0,0.99999999999997,0.8923645553163809,0.9288603225091662,0.9933071490757153,0.8807970779778823
344,1,1.0,1.0,0.9666666666666667,1.0,1.0,1.0,1.0,0.999998,0.99999999999997,0.8855377518510894,0.9827241642341763,0.9933071490757153,0.8807970779778823
345,0,1.0,0.9833333333333333,0.9833333333333333,1.0,1.0,1.0,1.0,0.0010618677,0.1677089472380942,0.0807636402214427,0.9969770061105049,0.9933071490757153,0.8807970779778823
346,0,1.0,1.0,0.9833333333333333,1.0,1.0,1.0,1.0,3.855725e-09,0.006614859994639536,0.030443345683524366,0.9903104314858254,0.9933071490757153,0.8807970779778823
347,0,1.0,1.0,1.0,1.0,1.0,1.0,1.0,4.9658223e-07,0.0037186080633348838,0.019386806722870974,0.9977733990204705,0.9933071490757153,0.8807970779778823
348,0,1.0,1.0,0.9833333333333333,1.0,1.0,1.0,1.0,2.0944259e-10,0.004438792528902122,0.031378619453130245,0.8332067976139917,0.9933071490757153,0.8807970779778823
349,0,1.0,1.0,1.0,1.0,1.0,1.0,1.0,3.3853186e-07,0.004021271364082304,0.019486700684972026,0.9966218172355377,0.9933071490757153,0.8807970779778823
350,0,1.0,1.0,1.0,1.0,1.0,1.0,1.0,2.3548158e-07,0.004682020475913696,0.019764208980813096,0.9978165990734699,0.9933071490757153,0.8807970779778823
351,0,1.0,1.0,1.0,1.0,1.0,1.0,1.0,3.196685e-09,0.005974117700205709,0.021704950499303356,0.9270813694195108,0.9933071490757153,0.8807970779778823
352,0,1.0,1.0,1.0,1.0,1.0,1.0,1.0,1.1097868e-15,0.005128804666587644,0.022143266738969897,0.9996586649502539,0.9933071490757153,0.8807970779778823
353,0,1.0,1.0,1.0,1.0,1.0,1.0,1.0,1.4687729e-09,0.0038328060710842438,0.019581550527775805,0.9969881377123424,0.9933071490757153,0.8807970779778823
354,0,1.0,1.0,0.9833333333333333,1.0,1.0,1.0,1.0,3.085406e-13,0.004363234908436116,0.030249275739000617,0.9989911372246688,0.9933071490757153,0.8807970779778823
355,0,1.0,1.0,0.9833333333333333,1.0,1.0,1.0,1.0,3.5195757e-12,0.0036098051003719245,0.035386270806220116,0.9975957472701144,0.9933071490757153,0.8807970779778823
356,0,1.0,1.0,0.9833333333333333,1.0,1.0,1.0,1.0,3.138573e-07,0.004213722030162988,0.029365054350729062,0.9937130408880853,0.9933071490757153,0.8807970779778823
357,0,1.0,1.0,1.0,1.0,1.0,1.0,1.0,2.9151191e-05,0.004301045146639143,0.024484360008853862,0.9990708838449314,0.9933071490757153,0.8807970779778823
358,0,1.0,1.0,0.9833333333333333,1.0,1.0,1.0,1.0,0.00033703377,0.003922328177003096,0.031334006929826456,0.9905013243873065,0.9933071490757153,0.8807970779778823
359,0,1.0,1.0,1.0,1.0,1.0,1.0,1.0,4.0963247e-10,0.004300380213607544,0.021937097472814436,0.8684726600743855,0.9933071490757153,0.8807970779778823
360,0,1.0,1.0,1.0,1.0,1.0,1.0,1.0,0.24527542,0.004722948398377555,0.019524935157790555,0.9979863748500524,0.9933071490757153,0.8807970779778823
361,0,1.0,1.0,0.9833333333333333,1.0,1.0,1.0,1.0,0.09122608,0.006931565877624258,0.03191970056330902,0.9924404130970857,0.9933071490757153,0.8807970779778823
362,0,1.0,1.0,1.0,1.0,1.0,1.0,1.0,0.00047547824,0.004975978222040306,0.021904102945493945,0.9977339102976552,0.9933071490757153,0.8807970779778823
363,0,1.0,1.0,0.9833333333333333,1.0,1.0,1.0,1.0,2.3204262e-08,0.004166795703081618,0.030605232825326945,0.9978039400938223,0.9933071490757153,0.8807970779778823
364,0,1.0,1.0,0.9666666666666667,1.0,1.0,1.0,1.0,4.6237356e-10,0.0032130037541074183,0.04433958894265024,0.9935331540937254,0.9933071490757153,0.8807970779778823
365,0,1.0,1.0,0.9666666666666667,1.0,1.0,1.0,1.0,0.00011751432,0.005374900085277939,0.04460441363745184,0.998012803103385,0.9933071490757153,0.8807970779778823
366,0,1.0,1.0,1.0,1.0,1.0,1.0,1.0,0.001928028,0.0038855936597025475,0.019583447758589854,0.9975986946513583,0.9933071490757153,0.8807970779778823
367,0,1.0,1.0,1.0,1.0,1.0,1.0,1.0,0.032937296,0.005888622335426825,0.021964665705758425,0.9998526839536236,0.9933071490757153,0.8807970779778823
368,0,1.0,1.0,0.9833333333333333,1.0,1.0,1.0,1.0,8.8561434e-13,0.003935841231315249,0.03435111367358897,0.9999781112706614,0.9933071490757153,0.8807970779778823
369,0,1.0,1.0,1.0,1.0,1.0,1.0,1.0,1.9807396e-14,0.004252677917348731,0.01942550438049467,0.9994087147492192,0.9933071490757153,0.8807970779778823
370,0,1.0,1.0,1.0,1.0,1.0,1.0,1.0,0.096913636,0.005230872218473017,0.01940680381802287,0.989894714351425,0.9933071490757153,0.8807970779778823
371,0,1.0,1.0,0.9833333333333333,1.0,1.0,1.0,1.0,1.2570186e-07,0.003494363310091686,0.029426935437644526,0.9996466658028242,0.9933071490757153,0.8807970779778823
372,0,1.0,1.0,0.9666666666666667,1.0,1.0,1.0,1.0,5.525025e-11,0.003731928035191222,0.04393343824059782,0.9989143395729794,0.9933071490757153,0.8807970779778823
373,0,1.0,1.0,0.9833333333333333,1.0,1.0,1.0,1.0,9.944789e-11,0.00524410850397553,0.030435953422714872,0.9992058975510171,0.9933071490757153,0.8807970779778823
374,0,1.0,1.0,1.0,1.0,1.0,1.0,1.0,7.284352e-09,0.005381253203584638,0.019581706615107528,0.9987508395018768,0.9933071490757153,0.8807970779778823
375,0,1.0,1.0,1.0,1.0,1.0,1.0,1.0,4.6428923e-11,0.0033351354564390766,0.019612099574921247,0.9991303797955724,0.9933071490757153,0.8807970779778823
376,0,1.0,1.0,0.9666666666666667,1.0,1.0,0.0,1.0,0.37659,0.003915122909276339,0.04366459694740024,0.9988807379930776,0.9933071490757153,0.8807970779778823
377,0,1.0,1.0,1.0,1.0,1.0,1.0,1.0,2.901998e-22,0.003961968853558667,0.021677156571124515,0.9999812808719262,0.9933071490757153,0.8807970779778823
378,0,1.0,1.0,0.9666666666666667,1.0,1.0,1.0,1.0,5.4661296e-14,0.003106025508279054,0.04081496292822935,0.9988443618380373,0.9933071490757153,0.8807970779778823
379,0,1.0,1.0,0.9833333333333333,1.0,1.0,1.0,1.0,4.3558226e-05,0.005819812141712138,0.03024482132320647,0.9982774650137634,0.9933071490757153,0.8807970779778823
380,1,1.0,1.0,1.0,1.0,0.0,0.0,1.0,0.99999964,0.6522518204948298,0.6414794851281301,0.9496261891118785,0.9933071490757153,0.8807970779778823
381,1,1.0,1.0,1.0,1.0,1.0,1.0,1.0,1.0,0.9999999998643753,0.9780044273983379,0.9989839903766677,0.9933071490757153,0.8807970779778823
382,1,1.0,1.0,1.0,1.0,1.0,1.0,1.0,1.0,0.9999999999987571,0.9859413730040923,0.9967337359341227,0.9933071490757153,0.8807970779778823
383,1,1.0,1.0,1.0,1.0,1.0,1.0,1.0,0.9999993,0.9999999999999193,0.9859208786654607,0.9968474743923036,0.9933071490757153,0.8807970779778823
384,1,1.0,1.0,0.9833333333333333,1.0,1.0,1.0,1.0,0.99992156,0.9999999999998113,0.9715986033236711,0.9991567569816014,0.9933071490757153,0.8807970779778823
385,1,1.0,1.0,0.9833333333333333,1.0,1.0,1.0,1.0,1.0,0.99999999999997,0.9703331242709836,0.988057215910219,0.9933071490757153,0.8807970779778823
386,1,1.0,1.0,0.9833333333333333,1.0,1.0,1.0,1.0,1.0,0.9999999999999699,0.9712527650524624,0.7783637834582099,0.9933071490757153,0.8807970779778823
387,1,1.0,1.0,0.9833333333333333,1.0,1.0,1.0,1.0,1.0,0.99999999999997,0.9663321033023464,0.9442088087453052,0.9933071490757153,0.8807970779778823
388,1,1.0,1.0,0.95,1.0,1.0,1.0,1.0,1.0,0.999999999999964,0.9414500726842906,0.5845262444692684,0.9933071490757153,0.8807970779778823
389,1,1.0,1.0,0.9833333333333333,1.0,1.0,1.0,1.0,1.0,0.999999999999925,0.9706306320073511,0.9849401474637541,0.9933071490757153,0.8807970779778823
390,1,1.0,1.0,1.0,1.0,1.0,1.0,1.0,0.9999999,0.9999999999998386,0.9858219354122699,0.99809579642152,0.9933071490757153,0.8807970779778823
391,1,1.0,1.0,1.0,1.0,1.0,1.0,1.0,1.0,0.9999999999989567,0.9859157520136608,0.9830470668189278,0.9933071490757153,0.8807970779778823
392,1,1.0,1.0,1.0,1.0,1.0,1.0,1.0,1.0,0.999999999999527,0.9858887873857061,0.9954328690064986,0.9933071490757153,0.8807970779778823
393,1,1.0,1.0,1.0,1.0,1.0,1.0,1.0,1.0,0.9999999999999666,0.9857685091936514,0.884208301577366,0.9933071490757153,0.8807970779778823
394,1,1.0,1.0,1.0,1.0,1.0,1.0,1.0,1.0,0.99999999999997,0.9859187627453695,0.995705972815073,0.9933071490757153,0.8807970779778823
395,1,1.0,1.0,0.9833333333333333,1.0,1.0,1.0,1.0,1.0,0.99999999999997,0.9670201438484891,0.9964337157632774,0.9933071490757153,0.8807970779778823
396,1,1.0,1.0,1.0,1.0,1.0,1.0,1.0,1.0,0.99999999999997,0.9820098295773085,0.9652220106261205,0.9933071490757153,0.8807970779778823
397,1,1.0,1.0,0.9833333333333333,1.0,1.0,1.0,1.0,1.0,0.99999999999997,0.9616877462151535,0.8529754877758552,0.9933071490757153,0.8807970779778823
398,1,1.0,1.0,1.0,1.0,1.0,1.0,1.0,1.0,0.99999999999997,0.9817761079453046,0.9974721539597273,0.9933071490757153,0.8807970779778823
399,1,1.0,1.0,0.9833333333333333,1.0,1.0,1.0,1.0,0.9999999,0.99999999999997,0.9661185707234458,0.9579709488562166,0.9933071490757153,0.8807970779778823
400,1,1.0,1.0,1.0,1.0,1.0,1.0,1.0,1.0,0.99999999999997,0.9859041514000523,0.9298605208520094,0.9933071490757153,0.8807970779778823
401,1,1.0,1.0,0.9833333333333333,1.0,1.0,1.0,1.0,0.99924254,0.99999999999997,0.9668398447634604,0.9985192374703561,0.9933071490757153,0.8807970779778823
402,1,1.0,1.0,1.0,1.0,1.0,1.0,1.0,1.0,0.99999999999997,0.9818686082225324,0.9941707942346706,0.9933071490757153,0.8807970779778823
403,1,1.0,1.0,0.95,1.0,1.0,1.0,1.0,1.0,0.99999999999997,0.9336342416732417,0.9345542719332387,0.9933071490757153,0.8807970779778823
404,1,1.0,1.0,0.9666666666666667,1.0,1.0,1.0,1.0,1.0,0.99999999999997,0.9556167916098026,0.943181879648438,0.9933071490757153,0.8807970779778823
405,1,1.0,1.0,1.0,1.0,1.0,1.0,1.0,1.0,0.9300381066877305,0.9054650072943592,0.9944290580531371,0.9933071490757153,0.8807970779778823
406,1,1.0,1.0,1.0,1.0,1.0,1.0,1.0,0.9999428,0.99999999999997,0.9931708482869734,0.9635043086147345,0.9933071490757153,0.8807970779778823
407,1,1.0,1.0,0.9833333333333333,1.0,1.0,1.0,1.0,0.9999999,0.99999999999997,0.9782952614702455,0.9989009328289613,0.9933071490757153,0.8807970779778823
408,1,1.0,1.0,1.0,1.0,1.0,1.0,1.0,0.99999964,0.99999999999997,0.9957545245094619,0.5532423975531677,0.9933071490757153,0.8807970779778823
409,1,1.0,1.0,0.9833333333333333,1.0,1.0,1.0,1.0,1.0,0.99999999999997,0.9807813296276572,0.9961883674697057,0.9933071490757153,0.8807970779778823
410,1,1.0,1.0,1.0,1.0,1.0,1.0,1.0,1.0,0.99999999999997,0.9932070444151823,0.9503783446684738,0.9933071490757153,0.8807970779778823
411,1,1.0,1.0,1.0,1.0,1.0,1.0,1.0,1.0,0.99999999999997,0.9957472931099979,0.9558620081271904,0.9933071490757153,0.8807970779778823
412,1,1.0,1.0,1.0,1.0,1.0,1.0,1.0,1.0,0.99999999999997,0.992870732328902,0.9074013470719665,0.9933071490757153,0.8807970779778823
413,0,1.0,0.9833333333333333,0.9833333333333333,1.0,1.0,1.0,1.0,2.5509136e-10,0.2248695681419546,0.23004090205796585,0.9910057766762222,0.9933071490757153,0.8807970779778823
414,0,1.0,1.0,1.0,1.0,1.0,1.0,1.0,5.9656127e-13,0.004654069024194096,0.02194104415657827,0.9437431533043366,0.9933071490757153,0.8807970779778823
415,0,1.0,1.0,1.0,1.0,1.0,1.0,1.0,2.5177649e-06,0.004193993295743389,0.019495778485130056,0.9985912499119581,0.9933071490757153,0.8807970779778823
416,0,1.0,1.0,0.9666666666666667,1.0,1.0,1.0,1.0,3.2335362e-15,0.004687469747937245,0.042348347409425495,0.7195825432031142,0.9933071490757153,0.8807970779778823
417,0,1.0,1.0,0.9833333333333333,1.0,1.0,1.0,1.0,1.4360986e-09,0.003783829761083214,0.030146808166703013,0.9422837578708942,0.9933071490757153,0.8807970779778823
418,0,0.0,1.0,1.0,1.0,0.0,0.0,1.0,0.55502546,0.004723809838306164,0.02434518866613626,0.9946368571132507,0.9933071490757153,0.8807970779778823
419,0,1.0,1.0,0.9833333333333333,1.0,1.0,1.0,1.0,3.6301152e-08,0.005158219558982902,0.03282597194794959,0.9424302595483413,0.9933071490757153,0.8807970779778823
420,0,1.0,1.0,0.9833333333333333,1.0,1.0,1.0,1.0,0.00020804726,0.003426304706647903,0.0294164027226151,0.998210308010379,0.9933071490757153,0.8807970779778823
421,0,1.0,1.0,1.0,1.0,1.0,1.0,1.0,2.0425522e-13,0.003686711174101814,0.022169827190810162,0.9997014326406021,0.9933071490757153,0.8807970779778823
422,0,1.0,1.0,0.9833333333333333,1.0,1.0,1.0,1.0,3.0698664e-06,0.003956955714224504,0.030293807532207007,0.997937206137918,0.9933071490757153,0.8807970779778823
423,0,1.0,1.0,1.0,1.0,1.0,1.0,1.0,5.485361e-09,0.0028064051332670117,0.02186828684741064,0.9993503165052193,0.9933071490757153,0.8807970779778823
424,0,1.0,1.0,1.0,1.0,1.0,1.0,1.0,8.3994045e-18,0.0037537675406766912,0.021900996661560253,0.9999719654257632,0.9933071490757153,0.8807970779778823
425,0,1.0,1.0,0.95,1.0,1.0,1.0,1.0,1.9635571e-10,0.004371603836178396,0.055970429292599766,0.9703263100300736,0.9933071490757153,0.8807970779778823
426,0,1.0,1.0,0.9833333333333333,1.0,1.0,1.0,1.0,2.2862873e-11,0.0047561721400967176,0.030481237199171472,0.9981243980711986,0.9933071490757153,0.8807970779778823
427,0,1.0,1.0,1.0,1.0,1.0,1.0,1.0,1.0409393e-14,0.0028946928922842,0.019387528865096634,0.9991572321546921,0.9933071490757153,0.8807970779778823
428,0,1.0,1.0,1.0,1.0,1.0,1.0,1.0,5.922049e-08,0.003763547781914307,0.022036098717908393,0.9973889178735765,0.9933071490757153,0.8807970779778823
429,0,1.0,1.0,0.9833333333333333,1.0,1.0,1.0,1.0,1.06342976e-10,0.003442767045974254,0.03140247727706954,0.9944616136471149,0.9933071490757153,0.8807970779778823
430,0,1.0,1.0,1.0,1.0,1.0,1.0,1.0,2.6561738e-06,0.0038111528514554274,0.019525774357636635,0.9902182741672196,0.9933071490757153,0.8807970779778823
431,0,1.0,1.0,0.9833333333333333,1.0,1.0,1.0,1.0,2.5229213e-14,0.004174319042361948,0.03134690905512268,0.9002653880630448,0.9933071490757153,0.8807970779778823
432,0,1.0,1.0,1.0,1.0,1.0,1.0,1.0,8.4948235e-09,0.004254335227855887,0.021864702596366692,0.9987934981940624,0.9933071490757153,0.8807970779778823
433,0,1.0,1.0,0.9666666666666667,1.0,1.0,1.0,1.0,0.00046293685,0.004819718155356489,0.042535584066063024,0.9993599696440956,0.9933071490757153,0.8807970779778823
434,0,1.0,1.0,1.0,1.0,1.0,1.0,1.0,0.00021716973,0.004286304539003378,0.02170284205570251,0.998998045625662,0.9933071490757153,0.8807970779778823
435,0,1.0,1.0,0.9666666666666667,1.0,1.0,1.0,1.0,0.033517797,0.003907424710294624,0.04309860413590697,0.995642209375246,0.9933071490757153,0.8807970779778823
436,0,1.0,1.0,0.9833333333333333,1.0,1.0,1.0,1.0,1.4350312e-12,0.00470817929962053,0.030258139423897122,0.9995000491186564,0.9933071490757153,0.8807970779778823
437,0,1.0,1.0,1.0,1.0,1.0,1.0,1.0,4.7526902e-07,0.0029744284185233166,0.019489038868496938,0.9984527624379841,0.9933071490757153,0.8807970779778823
438,0,1.0,1.0,0.9833333333333333,1.0,1.0,1.0,1.0,6.227813e-15,0.0038814156720899597,0.030782067452961383,0.9133346829817629,0.9933071490757153,0.8807970779778823
439,0,1.0,1.0,1.0,1.0,1.0,1.0,1.0,1.7823998e-08,0.004150951320470941,0.02488171218687318,0.999758336924347,0.9933071490757153,0.8807970779778823
440,0,1.0,1.0,0.9833333333333333,1.0,1.0,1.0,1.0,1.075086e-12,0.003643656773503417,0.030766762731722696,0.9993666082816527,0.9933071490757153,0.8807970779778823
441,0,1.0,1.0,1.0,1.0,1.0,1.0,1.0,0.24716257,0.003411404039514363,0.019419791169852183,0.9928439216578921,0.9933071490757153,0.8807970779778823
442,0,1.0,1.0,0.9666666666666667,1.0,1.0,1.0,1.0,1.1908706e-11,0.004882833601004344,0.04268198492700184,0.9474408112036444,0.9933071490757153,0.8807970779778823
443,0,1.0,1.0,0.9833333333333333,1.0,1.0,1.0,1.0,2.0692324e-13,0.005269879176418715,0.033898861453039573,0.9921022026441253,0.9933071490757153,0.8807970779778823
444,0,1.0,1.0,1.0,1.0,1.0,1.0,1.0,3.268695e-08,0.005161402729197341,0.01962698852234148,0.9522030438304865,0.9933071490757153,0.8807970779778823
445,0,1.0,1.0,0.9833333333333333,1.0,1.0,1.0,1.0,1.5621916e-05,0.00451947162937614,0.03232198546566932,0.9983332442881409,0.9933071490757153,0.8807970779778823
446,0,1.0,1.0,0.9833333333333333,1.0,1.0,1.0,1.0,0.06558391,0.0037256602035709106,0.029400753785318926,0.990073533540212,0.9933071490757153,0.8807970779778823
447,0,1.0,1.0,1.0,1.0,1.0,1.0,1.0,2.475194e-11,0.004779315942881644,0.022020190091958713,0.996254267068034,0.9933071490757153,0.8807970779778823
448,0,1.0,1.0,0.9833333333333333,1.0,1.0,1.0,1.0,3.6301152e-08,0.003404391727639212,0.03201830492172311,0.9424302595483413,0.9933071490757153,0.8807970779778823
449,0,1.0,1.0,0.9833333333333333,1.0,1.0,1.0,1.0,4.7615655e-13,0.004062486541992251,0.031150530422849005,0.9494406645269254,0.9933071490757153,0.8807970779778823
450,0,1.0,1.0,1.0,1.0,1.0,1.0,1.0,2.7918673e-05,0.004024003238080903,0.019474483794016444,0.9573858508439491,0.9933071490757153,0.8807970779778823
451,0,1.0,1.0,0.9833333333333333,1.0,1.0,1.0,1.0,1.5235688e-10,0.00435195522580108,0.032408749608762756,0.999908341946712,0.9933071490757153,0.8807970779778823
452,0,1.0,1.0,0.9666666666666667,1.0,1.0,1.0,1.0,7.483814e-12,0.0036291235932938547,0.041405873524326085,0.9999886459307127,0.9933071490757153,0.8807970779778823
453,0,1.0,1.0,0.9833333333333333,1.0,1.0,1.0,1.0,6.0328983e-07,0.003633117165831771,0.03222354049034749,0.9919468359896784,0.9933071490757153,0.8807970779778823
454,0,1.0,1.0,0.9833333333333333,1.0,1.0,1.0,1.0,1.8890495e-08,0.0037018246644794483,0.03672595428541132,0.9882221301204265,0.9933071490757153,0.8807970779778823
455,0,1.0,1.0,1.0,1.0,1.0,1.0,1.0,1.04138466e-13,0.00700089375798855,0.0224259611270674,0.9998615472282074,0.9933071490757153,0.8807970779778823
456,0,1.0,1.0,1.0,1.0,1.0,1.0,1.0,6.207127e-09,0.0038197628184637048,0.01939427453016478,0.9983979043863443,0.9933071490757153,0.8807970779778823
457,0,1.0,1.0,1.0,1.0,1.0,1.0,1.0,6.289164e-13,0.0033101574930948846,0.019520787151083043,0.9965475791931406,0.9933071490757153,0.8807970779778823
458,0,1.0,1.0,0.9666666666666667,1.0,1.0,1.0,1.0,0.0001164528,0.005085914898509573,0.045951883955846304,0.9948489871503855,0.9933071490757153,0.8807970779778823
459,0,1.0,1.0,0.9833333333333333,1.0,1.0,1.0,1.0,8.343044e-10,0.003941121815711903,0.030399774569001045,0.999167235714994,0.9933071490757153,0.8807970779778823
460,0,1.0,1.0,1.0,1.0,1.0,1.0,1.0,2.8358274e-11,0.005591146409830069,0.021884635917264045,0.9937636155053198,0.9933071490757153,0.8807970779778823
461,0,1.0,1.0,1.0,1.0,1.0,1.0,1.0,5.380775e-12,0.003871972026610676,0.021829223476709257,0.9677303015945528,0.9933071490757153,0.8807970779778823
462,0,1.0,1.0,0.95,1.0,1.0,1.0,1.0,1.8939956e-12,0.00483751147085972,0.05226538898047122,0.951673602275095,0.9933071490757153,0.8807970779778823
463,0,1.0,1.0,1.0,1.0,1.0,1.0,1.0,2.7712568e-14,0.004643389358047924,0.01950270874776208,0.9988162952629879,0.9933071490757153,0.8807970779778823
464,1,1.0,1.0,0.9666666666666667,1.0,0.0,0.0,1.0,0.9981353,0.6436577728164645,0.6444300489689329,0.9805517176845443,0.9933071490757153,0.8807970779778823
465,0,1.0,0.9833333333333333,0.9666666666666667,1.0,0.0,0.0,1.0,1.2769852e-05,0.47341963650895325,0.45648555331207047,0.991126415221072,0.9933071490757153,0.8807970779778823
466,0,1.0,1.0,0.9666666666666667,1.0,1.0,1.0,1.0,3.4769976e-13,0.0035635150497953043,0.04246543756061829,0.8426572352672214,0.9933071490757153,0.8807970779778823
467,0,1.0,1.0,1.0,1.0,1.0,1.0,1.0,9.50011e-10,0.00521396344662509,0.019438998995395657,0.9970151797005063,0.9933071490757153,0.8807970779778823
468,0,1.0,1.0,1.0,1.0,1.0,1.0,1.0,2.580622e-06,0.0033096172145027636,0.019510710511489383,0.9918415510347515,0.9933071490757153,0.8807970779778823
469,0,1.0,1.0,0.9666666666666667,1.0,1.0,1.0,1.0,0.17463042,0.0042205844802908725,0.0399683283123551,0.994339735728087,0.9933071490757153,0.8807970779778823
470,0,1.0,1.0,1.0,1.0,1.0,1.0,1.0,4.7685397e-08,0.005045914247016685,0.019612300279087024,0.9945557246021917,0.9933071490757153,0.8807970779778823
471,1,0.0,1.0,0.9833333333333333,1.0,0.0,0.0,1.0,0.2371935,0.9704135258071119,0.8920405398884362,0.7946938322306907,0.9933071490757153,0.8807970779778823
472,1,1.0,1.0,1.0,1.0,1.0,1.0,1.0,0.923362,0.9943363423849028,0.927617515023141,0.9826494727234164,0.9933071490757153,0.8807970779778823
473,1,1.0,1.0,1.0,1.0,1.0,1.0,1.0,1.0,0.9934801577888442,0.9275512384695564,0.9975318705174454,0.9933071490757153,0.8807970779778823
474,1,1.0,1.0,0.9833333333333333,1.0,1.0,1.0,1.0,1.0,0.9928385281563954,0.9129028593028834,0.993185255462296,0.9933071490757153,0.8807970779778823
475,1,1.0,1.0,1.0,1.0,1.0,1.0,1.0,1.0,0.992132030464627,0.9273649737089669,0.9949821581880332,0.9933071490757153,0.8807970779778823
476,1,1.0,1.0,0.9833333333333333,1.0,1.0,1.0,1.0,1.0,0.9919165637045583,0.913880764548947,0.9832106537164823,0.9933071490757153,0.8807970779778823
477,1,1.0,1.0,0.9833333333333333,1.0,1.0,1.0,1.0,1.0,0.9913754665972395,0.9071065057104754,0.9995621995095887,0.9933071490757153,0.8807970779778823
478,1,1.0,1.0,1.0,1.0,1.0,1.0,1.0,1.0,0.9910267874548083,0.9271212938865422,0.9974577456488538,0.9933071490757153,0.8807970779778823
479,1,1.0,1.0,0.9833333333333333,1.0,1.0,1.0,1.0,1.0,0.9912234058571483,0.907672855670767,0.9324533088603709,0.9933071490757153,0.8807970779778823
480,1,1.0,1.0,1.0,1.0,1.0,1.0,1.0,0.9999989,0.9911450945463515,0.9274414407064705,0.9981671179996457,0.9933071490757153,0.8807970779778823
481,1,1.0,1.0,0.9833333333333333,1.0,1.0,1.0,1.0,0.95600516,0.9918766318228234,0.9135505497435769,0.6634061535129593,0.9933071490757153,0.8807970779778823
482,1,1.0,1.0,1.0,1.0,1.0,1.0,1.0,1.0,0.9923435769387177,0.9280451549756873,0.9705707731371274,0.9933071490757153,0.8807970779778823
483,1,1.0,1.0,1.0,1.0,1.0,1.0,1.0,1.0,0.991869884522307,0.9280341960076498,0.988243021970549,0.9933071490757153,0.8807970779778823
484,1,1.0,1.0,0.9666666666666667,1.0,1.0,1.0,1.0,1.0,0.9908735330241458,0.9005792704589453,0.9639275543191664,0.9933071490757153,0.8807970779778823
485,1,1.0,1.0,0.9833333333333333,1.0,1.0,1.0,1.0,0.9999974,0.9902563241909881,0.9133505822436861,0.9941427637548189,0.9933071490757153,0.8807970779778823
486,1,1.0,1.0,0.9833333333333333,1.0,1.0,1.0,1.0,1.0,0.9910353955227114,0.914424220943183,0.5845262444692684,0.9933071490757153,0.8807970779778823
487,1,1.0,1.0,1.0,1.0,1.0,1.0,1.0,1.0,0.9910383497068072,0.9271396865661774,0.9993923356654477,0.9933071490757153,0.8807970779778823
488,1,1.0,1.0,0.9833333333333333,1.0,1.0,1.0,1.0,1.0,0.9912660263778322,0.9140408644536087,0.8072482763468041,0.9933071490757153,0.8807970779778823
489,1,1.0,1.0,1.0,1.0,1.0,1.0,1.0,0.99999976,0.9911490204813747,0.914738435524606,0.9998133235196397,0.9933071490757153,0.8807970779778823
490,1,1.0,1.0,1.0,1.0,1.0,1.0,1.0,0.98029023,0.9920136413881196,0.9276625853465406,0.999864722282681,0.9933071490757153,0.8807970779778823
491,1,1.0,1.0,0.9833333333333333,1.0,1.0,1.0,1.0,1.0,0.9914447957281042,0.900578913787267,0.9968911334926136,0.9933071490757153,0.8807970779778823
492,1,1.0,1.0,1.0,1.0,1.0,1.0,1.0,1.0,0.9908937499915389,0.921125134724434,0.9997152191114753,0.9933071490757153,0.8807970779778823
493,1,1.0,1.0,1.0,1.0,1.0,1.0,1.0,0.999995,0.9912882396802937,0.921670166668522,0.9993036409926831,0.9933071490757153,0.8807970779778823
494,1,1.0,1.0,1.0,1.0,1.0,1.0,1.0,1.0,0.9915597855505838,0.9281244594701461,0.9679310901720676,0.9933071490757153,0.8807970779778823
495,1,1.0,1.0,0.9666666666666667,1.0,1.0,1.0,1.0,1.0,0.9918542519133174,0.8868689615503054,0.9998034681138462,0.9933071490757153,0.8807970779778823
496,1,1.0,1.0,1.0,1.0,1.0,1.0,1.0,1.0,0.9910681909564063,0.9274918514630816,0.9981883038982182,0.9933071490757153,0.8807970779778823
497,1,1.0,1.0,1.0,1.0,1.0,1.0,1.0,1.0,0.9898612123979216,0.921988543255489,0.6180199338147758,0.9933071490757153,0.8807970779778823
498,1,1.0,1.0,1.0,1.0,1.0,1.0,1.0,0.9991246,0.9890029515797013,0.9274284104773123,0.5705662232765984,0.9933071490757153,0.8807970779778823
499,1,1.0,1.0,0.9833333333333333,1.0,1.0,1.0,1.0,1.0,0.9885186264853206,0.9142851383480511,0.9938736283982835,0.9933071490757153,0.8807970779778823
500,1,1.0,1.0,1.0,1.0,1.0,1.0,1.0,1.0,0.9882602741178962,0.9279999437224292,0.966803264709846,0.9933071490757153,0.8807970779778823
501,1,1.0,1.0,1.0,1.0,1.0,1.0,1.0,0.99999785,0.9874992912471747,0.9273549920739413,0.9998641474360097,0.9933071490757153,0.8807970779778823
502,1,1.0,1.0,0.9833333333333333,1.0,1.0,1.0,1.0,1.0,0.9872992144371692,0.9012360618310821,0.9991952088664012,0.9933071490757153,0.8807970779778823
503,1,1.0,1.0,0.9833333333333333,1.0,1.0,1.0,1.0,0.9999994,0.9870099081151231,0.9005992615304397,0.5399796203406995,0.9933071490757153,0.8807970779778823
504,1,1.0,1.0,1.0,1.0,1.0,1.0,1.0,0.9999995,0.9869542414758362,0.9276881624785086,0.9901461504579078,0.9933071490757153,0.8807970779778823
505,1,1.0,1.0,0.9833333333333333,1.0,1.0,1.0,1.0,1.0,0.986843454027938,0.9078576337548844,0.9982457461874501,0.9933071490757153,0.8807970779778823
506,1,1.0,1.0,0.9833333333333333,1.0,1.0,1.0,1.0,1.0,0.9868701634004889,0.9134769760321562,0.9996403155866256,0.9933071490757153,0.8807970779778823
507,1,1.0,1.0,1.0,1.0,1.0,1.0,1.0,1.0,0.9866896656313047,0.9277146373142151,0.9963620925503588,0.9933071490757153,0.8807970779778823
508,1,1.0,1.0,1.0,1.0,1.0,1.0,1.0,1.0,0.9867510161212073,0.9215046617606691,0.8715696181672996,0.9933071490757153,0.8807970779778823
509,1,1.0,1.0,0.9833333333333333,1.0,1.0,1.0,1.0,0.999998,0.9866065092008393,0.9074208640529953,0.9827241642341763,0.9933071490757153,0.8807970779778823
510,1,1.0,1.0,0.9833333333333333,1.0,1.0,1.0,1.0,1.0,0.9865944613287646,0.9144114029599435,0.9287942111642424,0.9933071490757153,0.8807970779778823
511,1,1.0,1.0,1.0,1.0,1.0,1.0,1.0,0.9999981,0.986548196432946,0.9277738932706271,0.7108218047522769,0.9933071490757153,0.8807970779778823
512,1,1.0,1.0,0.9833333333333333,1.0,1.0,1.0,1.0,1.0,0.9863132931992526,0.9144991524054261,0.9984813614304807,0.9933071490757153,0.8807970779778823
513,1,1.0,1.0,1.0,1.0,1.0,1.0,1.0,0.9989341,0.9863047095623909,0.9272332739829796,0.9603515077435356,0.9933071490757153,0.8807970779778823
514,1,1.0,1.0,0.9666666666666667,1.0,1.0,1.0,1.0,0.99999714,0.9862836540720367,0.8995218306176269,0.9316086858026174,0.9933071490757153,0.8807970779778823
515,1,1.0,1.0,0.9833333333333333,1.0,1.0,1.0,1.0,1.0,0.9862825718433865,0.9015390318691118,0.5631580296325531,0.9933071490757153,0.8807970779778823
516,1,1.0,1.0,0.9833333333333333,1.0,1.0,1.0,1.0,1.0,0.9861867366517757,0.9137488562308269,0.9972086901972916,0.9933071490757153,0.8807970779778823
517,1,1.0,1.0,0.95,1.0,1.0,1.0,1.0,1.0,0.9862829571237257,0.8856438302170433,0.9900447409271893,0.9933071490757153,0.8807970779778823
518,1,1.0,1.0,0.95,1.0,1.0,1.0,1.0,1.0,0.9861167728446362,0.8868038574257443,0.875600586281366,0.9933071490757153,0.8807970779778823
519,1,1.0,1.0,1.0,1.0,1.0,1.0,1.0,1.0,0.9862027319562977,0.9277887178082272,0.995705972815073,0.9933071490757153,0.8807970779778823
520,1,1.0,1.0,1.0,1.0,1.0,1.0,1.0,1.0,0.9861701810692322,0.9150644119504373,0.999294981750817,0.9933071490757153,0.8807970779778823
521,1,1.0,1.0,0.9833333333333333,1.0,1.0,1.0,1.0,0.99995625,0.986282501537637,0.9077209027891505,0.9767727587170463,0.9933071490757153,0.8807970779778823
522,1,1.0,1.0,0.95,1.0,1.0,1.0,1.0,1.0,0.9862358518890377,0.880513303650434,0.9914913073591773,0.9933071490757153,0.8807970779778823
523,1,1.0,1.0,0.9833333333333333,1.0,1.0,1.0,1.0,0.9999585,0.9862601001633544,0.9142609896302508,0.9983469135392308,0.9933071490757153,0.8807970779778823
524,1,1.0,1.0,1.0,1.0,1.0,1.0,1.0,1.0,0.986223644054861,0.927374157163672,0.9262386502084241,0.9933071490757153,0.8807970779778823
525,1,1.0,1.0,0.9833333333333333,1.0,1.0,1.0,1.0,1.0,0.9861961235486508,0.9140263862802871,0.9554944505268729,0.9933071490757153,0.8807970779778823
526,1,1.0,1.0,0.9833333333333333,1.0,1.0,1.0,1.0,0.9981451,0.9860729531593737,0.9071947781114169,0.9927734060049203,0.9933071490757153,0.8807970779778823
527,1,1.0,1.0,1.0,1.0,1.0,1.0,1.0,1.0,0.9861872331502597,0.91466204637241,0.9998034681138462,0.9933071490757153,0.8807970779778823
528,1,1.0,1.0,0.9666666666666667,1.0,1.0,1.0,1.0,1.0,0.9862462127890727,0.8992896323243122,0.9600060291474057,0.9933071490757153,0.8807970779778823
529,1,1.0,1.0,1.0,1.0,1.0,1.0,1.0,1.0,0.986240155751148,0.9276260008686493,0.9855134906874035,0.9933071490757153,0.8807970779778823
530,1,1.0,1.0,0.9666666666666667,1.0,1.0,1.0,1.0,1.0,0.9862458238136627,0.900301092992586,0.9904944893815404,0.9933071490757153,0.8807970779778823
531,1,1.0,1.0,1.0,1.0,1.0,1.0,1.0,0.9999889,0.986140474540331,0.927166261266636,0.9183386426600785,0.9933071490757153,0.8807970779778823
532,1,1.0,1.0,0.9833333333333333,1.0,1.0,1.0,1.0,1.0,0.9861554027528451,0.913394930646106,0.9848075749966261,0.9933071490757153,0.8807970779778823
533,1,1.0,1.0,0.9833333333333333,1.0,1.0,1.0,1.0,0.99992573,0.9862542903244192,0.9142559421697073,0.9846133399849264,0.9933071490757153,0.8807970779778823
534,1,1.0,1.0,0.9833333333333333,1.0,1.0,1.0,1.0,0.9999999,0.9862893503059349,0.9141029286521977,0.990107007903733,0.9933071490757153,0.8807970779778823
535,1,1.0,1.0,1.0,1.0,1.0,1.0,1.0,1.0,0.9862203807787894,0.9274033372563565,0.6984923634769793,0.9933071490757153,0.8807970779778823
536,1,1.0,1.0,0.9833333333333333,1.0,1.0,1.0,1.0,0.99999964,0.9862756500093413,0.9067860283155612,0.9755829287641155,0.9933071490757153,0.8807970779778823
537,1,1.0,1.0,1.0,1.0,1.0,1.0,1.0,1.0,0.9862127574246029,0.9208407375042102,0.9978026624290602,0.9933071490757153,0.8807970779778823
538,1,1.0,1.0,1.0,1.0,1.0,1.0,1.0,1.0,0.9861933409866261,0.9201194967177151,0.9974369194670678,0.9933071490757153,0.8807970779778823
539,1,1.0,1.0,0.9833333333333333,1.0,1.0,1.0,1.0,1.0,0.9863201069345853,0.913715823085001,0.9944629846456164,0.9933071490757153,0.8807970779778823
540,1,1.0,1.0,0.9833333333333333,1.0,1.0,1.0,1.0,1.0,0.9861468997017203,0.9139735591519488,0.9499472282946773,0.9933071490757153,0.8807970779778823
541,1,1.0,1.0,0.9833333333333333,1.0,1.0,1.0,1.0,1.0,0.9862270475793836,0.9011882569003512,0.9995972062072678,0.9933071490757153,0.8807970779778823
542,1,1.0,1.0,1.0,1.0,1.0,1.0,1.0,0.9999999,0.9861650369862152,0.9218049086917461,0.7471575579130543,0.9933071490757153,0.8807970779778823
543,1,1.0,1.0,0.95,1.0,1.0,1.0,1.0,1.0,0.9862477821027615,0.8864269600527117,0.9490949107048228,0.9933071490757153,0.8807970779778823
544,1,1.0,1.0,1.0,1.0,1.0,1.0,1.0,0.9999999,0.9863233945208247,0.921931324013087,0.9521327277643543,0.9933071490757153,0.8807970779778823
545,1,1.0,1.0,1.0,1.0,1.0,1.0,1.0,1.0,0.9863454716602927,0.9215450316251338,0.9984566819464655,0.9933071490757153,0.8807970779778823
546,1,1.0,1.0,0.9833333333333333,1.0,1.0,1.0,1.0,0.9999583,0.9863892129751585,0.9132518291175913,0.9743710436115257,0.9933071490757153,0.8807970779778823
547,1,1.0,1.0,0.9833333333333333,1.0,1.0,1.0,1.0,1.0,0.9864344559645042,0.9137635907130698,0.9762129978175753,0.9933071490757153,0.8807970779778823
548,1,1.0,1.0,1.0,1.0,1.0,1.0,1.0,1.0,0.9864387075368499,0.9209823021144347,0.997173786055667,0.9933071490757153,0.8807970779778823
549,1,1.0,1.0,1.0,1.0,1.0,1.0,1.0,0.99998546,0.9865094229347667,0.9280146263616036,0.9979684512636778,0.9933071490757153,0.8807970779778823
550,1,1.0,1.0,0.9833333333333333,1.0,1.0,1.0,1.0,1.0,0.9866079688464148,0.9131693732153213,0.89132174362642,0.9933071490757153,0.8807970779778823
551,1,1.0,1.0,1.0,1.0,1.0,1.0,1.0,1.0,0.986404150794722,0.9211320520985341,0.9982457461874501,0.9933071490757153,0.8807970779778823
552,1,1.0,1.0,0.95,1.0,1.0,1.0,1.0,0.9999999,0.9864942507580133,0.8794446808709275,0.990107007903733,0.9933071490757153,0.8807970779778823
553,1,1.0,1.0,1.0,1.0,1.0,1.0,1.0,0.9999981,0.9864541949809145,0.9156459956967992,0.9657870074881826,0.9933071490757153,0.8807970779778823
554,1,1.0,1.0,1.0,1.0,1.0,1.0,1.0,1.0,0.986626658119638,0.9210266961392911,0.9945311123996511,0.9933071490757153,0.8807970779778823
555,1,1.0,1.0,1.0,1.0,1.0,1.0,1.0,1.0,0.9870626513167778,0.9273256693614408,0.9500007573512524,0.9933071490757153,0.8807970779778823
556,1,1.0,1.0,1.0,1.0,1.0,1.0,1.0,1.0,0.9872304328441215,0.9280388422886717,0.9822507179352163,0.9933071490757153,0.8807970779778823
557,1,1.0,1.0,0.9833333333333333,1.0,1.0,1.0,1.0,0.99956864,0.9873160225574016,0.9135809302567339,0.9800274578894133,0.9933071490757153,0.8807970779778823
558,1,1.0,1.0,0.9833333333333333,1.0,1.0,1.0,1.0,1.0,0.987347824357507,0.9136393371538225,0.9452288950802206,0.9933071490757153,0.8807970779778823
559,1,1.0,1.0,1.0,1.0,1.0,1.0,1.0,1.0,0.987419924943353,0.9216880403148725,0.997173786055667,0.9933071490757153,0.8807970779778823
560,1,1.0,1.0,1.0,1.0,1.0,1.0,1.0,0.99996936,0.9869846252810746,0.9213487086255695,0.9988683802649845,0.9933071490757153,0.8807970779778823
561,1,1.0,1.0,0.9833333333333333,1.0,1.0,1.0,1.0,0.99997294,0.9868994934432485,0.9076517414822,0.9356420825804335,0.9933071490757153,0.8807970779778823
562,1,1.0,1.0,0.9333333333333333,1.0,1.0,1.0,1.0,1.0,0.9867254225945208,0.8725966321473494,0.9666770074785324,0.9933071490757153,0.8807970779778823
563,1,1.0,1.0,1.0,1.0,1.0,1.0,1.0,1.0,0.9864950207151721,0.927469862910103,0.5527794331959262,0.9933071490757153,0.8807970779778823
564,1,1.0,1.0,1.0,1.0,1.0,1.0,1.0,1.0,0.9865445738484271,0.9218284729837922,0.9986122792954104,0.9933071490757153,0.8807970779778823
565,1,1.0,1.0,1.0,1.0,1.0,1.0,1.0,0.9919665,0.9864921056910095,0.9278973691810353,0.9980073587863795,0.9933071490757153,0.8807970779778823
566,1,1.0,1.0,1.0,1.0,1.0,1.0,1.0,1.0,0.9865501959935765,0.9275290028088138,0.9995567552873014,0.9933071490757153,0.8807970779778823
567,1,1.0,1.0,0.9833333333333333,1.0,1.0,1.0,1.0,1.0,0.9862941774611641,0.9134069691986616,0.9997487656180595,0.9933071490757153,0.8807970779778823
568,1,1.0,1.0,0.9833333333333333,1.0,1.0,1.0,1.0,1.0,0.9863449118054136,0.9135354832586964,0.9939013767244443,0.9933071490757153,0.8807970779778823
569,1,1.0,1.0,0.9833333333333333,1.0,1.0,1.0,1.0,1.0,0.986464522806816,0.9134362335111077,0.9994534991285807,0.9933071490757153,0.8807970779778823
570,1,1.0,1.0,0.9666666666666667,1.0,1.0,1.0,1.0,1.0,0.9866674373335916,0.8934115845491364,0.9826271149828205,0.9933071490757153,0.8807970779778823
571,1,1.0,1.0,1.0,1.0,1.0,1.0,1.0,0.9932065,0.9866621208614564,0.9271394639760064,0.7370941409933004,0.9933071490757153,0.8807970779778823
572,1,1.0,1.0,1.0,1.0,1.0,1.0,1.0,0.99999666,0.9864507012720815,0.9273825257963763,0.999452029996397,0.9933071490757153,0.8807970779778823
573,1,1.0,1.0,1.0,1.0,1.0,1.0,1.0,0.9820988,0.9862980029921756,0.9209474412392686,0.9755342859537505,0.9933071490757153,0.8807970779778823
574,1,1.0,1.0,1.0,1.0,1.0,1.0,1.0,0.99993825,0.9862356081798448,0.9212748080356276,0.9996093175663895,0.9933071490757153,0.8807970779778823
575,1,1.0,1.0,0.9666666666666667,1.0,1.0,1.0,1.0,1.0,0.9863933136278623,0.9000614975542466,0.9776280474608222,0.9933071490757153,0.8807970779778823
576,1,1.0,1.0,1.0,1.0,1.0,1.0,1.0,1.0,0.9864589020005461,0.92738939286373,0.9893606989638254,0.9933071490757153,0.8807970779778823
577,1,1.0,1.0,1.0,1.0,1.0,1.0,1.0,0.9999999,0.9863934256421095,0.9154182001961584,0.9801257435239146,0.9933071490757153,0.8807970779778823
578,1,1.0,1.0,0.9833333333333333,1.0,1.0,1.0,1.0,0.9999602,0.9864703538868592,0.9135754412672799,0.9960379116227772,0.9933071490757153,0.8807970779778823
579,1,1.0,1.0,0.9666666666666667,1.0,1.0,1.0,1.0,1.0,0.9865633196487625,0.8932567177697308,0.999127205117121,0.9933071490757153,0.8807970779778823
580,1,1.0,1.0,0.9833333333333333,1.0,1.0,1.0,1.0,1.0,0.9864629509301938,0.9014277594875163,0.999494462415416,0.9933071490757153,0.8807970779778823
581,1,1.0,1.0,1.0,1.0,1.0,1.0,1.0,1.0,0.9866253624291236,0.9276457335370342,0.9975318705174454,0.9933071490757153,0.8807970779778823
582,1,1.0,1.0,0.9833333333333333,1.0,1.0,1.0,1.0,1.0,0.9863942468173464,0.9137583196043206,0.9976129341968325,0.9933071490757153,0.8807970779778823
583,1,1.0,1.0,0.9833333333333333,1.0,1.0,1.0,1.0,1.0,0.9863285225007363,0.9082659825846682,0.9994816439050238,0.9933071490757153,0.8807970779778823
584,1,1.0,1.0,0.9666666666666667,1.0,1.0,1.0,1.0,1.0,0.9864738235131411,0.8997540603940329,0.8244449446062205,0.9933071490757153,0.8807970779778823
585,0,1.0,0.23333333333333334,1.0,1.0,0.0,0.0,1.0,7.0682546e-07,0.9559556114120084,0.2013504303944365,0.997303613359084,0.9933071490757153,0.8807970779778823
586,0,1.0,0.8666666666666667,1.0,1.0,1.0,1.0,1.0,1.49261e-07,0.1875270430979975,0.022151519899169667,0.9965497048351973,0.9933071490757153,0.8807970779778823
587,0,1.0,1.0,0.9833333333333333,1.0,1.0,1.0,1.0,2.8691318e-13,0.016584264251580796,0.030296311248327868,0.9994399434270754,0.9933071490757153,0.8807970779778823
588,0,1.0,1.0,0.9833333333333333,1.0,1.0,1.0,1.0,1.4360986e-09,0.003843425533697891,0.03260423739397892,0.9422837578708942,0.9933071490757153,0.8807970779778823
589,0,1.0,1.0,0.9666666666666667,1.0,1.0,1.0,1.0,9.042186e-14,0.004004464101141334,0.04417863250977658,0.9948760964513659,0.9933071490757153,0.8807970779778823
590,0,1.0,1.0,1.0,1.0,1.0,1.0,1.0,3.5713534e-09,0.006089631517171854,0.019473435649833545,0.9922714005033167,0.9933071490757153,0.8807970779778823
591,0,1.0,1.0,0.95,1.0,1.0,1.0,1.0,0.011468478,0.0046383906582837,0.053390416256075525,0.9802658264640227,0.9933071490757153,0.8807970779778823
592,0,1.0,1.0,0.9833333333333333,1.0,1.0,1.0,1.0,0.0009685895,0.0036558184356508816,0.03299239700524265,0.9940552882031537,0.9933071490757153,0.8807970779778823
593,0,1.0,1.0,1.0,1.0,1.0,1.0,1.0,1.2483182e-09,0.005172425636090789,0.024517190248075096,0.9990419080595078,0.9933071490757153,0.8807970779778823
594,0,1.0,1.0,1.0,1.0,1.0,1.0,1.0,3.413408e-14,0.004567059960243859,0.019585534458339444,0.9992567387715061,0.9933071490757153,0.8807970779778823
595,0,1.0,1.0,1.0,1.0,1.0,1.0,1.0,2.3518e-06,0.006335915617940938,0.01957271281334535,0.9322994333674488,0.9933071490757153,0.8807970779778823
596,0,1.0,1.0,1.0,1.0,1.0,1.0,1.0,1.458509e-15,0.004196392447333304,0.02192461766514397,0.9986209217298081,0.9933071490757153,0.8807970779778823
597,0,1.0,1.0,0.9833333333333333,1.0,1.0,1.0,1.0,7.100475e-07,0.004497054786898366,0.03007792807669756,0.9787355161457602,0.9933071490757153,0.8807970779778823
598,0,1.0,1.0,0.9833333333333333,1.0,1.0,1.0,1.0,1.7297139e-12,0.004400737158990646,0.03295820450423767,0.9929430764630545,0.9933071490757153,0.8807970779778823
599,0,1.0,1.0,0.9833333333333333,1.0,1.0,1.0,1.0,1.4226966e-08,0.004255810148884944,0.0337439820531217,0.9998212579518387,0.9933071490757153,0.8807970779778823
600,0,1.0,1.0,0.9833333333333333,1.0,1.0,1.0,1.0,3.6651143e-06,0.0038585340107554224,0.02972729337699009,0.9885903021126833,0.9933071490757153,0.8807970779778823
601,0,1.0,1.0,1.0,1.0,1.0,1.0,1.0,2.1598137e-06,0.004510973899590213,0.021935008511514028,0.9972958530424092,0.9933071490757153,0.8807970779778823
602,0,1.0,1.0,0.9833333333333333,1.0,1.0,1.0,1.0,6.217808e-11,0.007504627714446553,0.03135138086753191,0.9823276173775158,0.9933071490757153,0.8807970779778823
603,0,1.0,1.0,1.0,1.0,1.0,1.0,1.0,1.1777522e-13,0.003350485360338554,0.01932861448110924,0.8922058767584568,0.9933071490757153,0.8807970779778823
604,0,1.0,1.0,0.9666666666666667,1.0,1.0,1.0,1.0,3.2335362e-15,0.005770404061947935,0.040563533083621754,0.7195825432031142,0.9933071490757153,0.8807970779778823
605,0,1.0,1.0,0.9833333333333333,1.0,1.0,1.0,1.0,0.0013155938,0.0052338307179442736,0.02929497785963008,0.9926902695965325,0.9933071490757153,0.8807970779778823
606,1,1.0,1.0,0.9833333333333333,1.0,1.0,1.0,1.0,1.0,0.7845894062281261,0.7954577972720694,0.9997803300375719,0.9933071490757153,0.8807970779778823
607,1,1.0,1.0,0.9833333333333333,1.0,1.0,1.0,1.0,1.0,0.99999999999997,0.9818169993521405,0.9420372454368549,0.9933071490757153,0.8807970779778823
608,1,1.0,1.0,1.0,1.0,1.0,1.0,1.0,1.0,0.99999999999997,0.9965701999162041,0.9992998185451856,0.9933071490757153,0.8807970779778823
609,1,1.0,1.0,0.9833333333333333,1.0,1.0,1.0,1.0,0.99999964,0.99999999999997,0.9816565031275281,0.614864268738593,0.9933071490757153,0.8807970779778823
610,1,1.0,1.0,1.0,1.0,1.0,1.0,1.0,1.0,0.99999999999997,0.9965679442535101,0.9990199960776082,0.9933071490757153,0.8807970779778823
611,1,1.0,1.0,0.9833333333333333,1.0,1.0,1.0,1.0,0.9964586,0.99999999999997,0.9760105790177038,0.9915073481917241,0.9933071490757153,0.8807970779778823
612,1,1.0,1.0,0.9833333333333333,1.0,1.0,1.0,1.0,1.0,0.9999999999999588,0.9772023629901028,0.9287942111642424,0.9933071490757153,0.8807970779778823
613,0,1.0,1.0,1.0,1.0,1.0,1.0,1.0,7.7522316e-07,0.008905299288017112,0.019548649115072276,0.9996364373445367,0.9933071490757153,0.8807970779778823
614,0,1.0,1.0,1.0,1.0,1.0,1.0,1.0,4.6004242e-10,0.004358821607832417,0.021867145084087502,0.9369117059713367,0.9933071490757153,0.8807970779778823
615,0,1.0,1.0,0.9833333333333333,1.0,1.0,1.0,1.0,1.8047841e-11,0.005710246993605316,0.03527568039590898,0.9970289773666676,0.9933071490757153,0.8807970779778823
616,0,1.0,1.0,0.9833333333333333,1.0,1.0,1.0,1.0,7.192462e-08,0.005346281662619829,0.029819233956052623,0.9983078923350568,0.9933071490757153,0.8807970779778823
617,0,1.0,1.0,0.9833333333333333,1.0,1.0,1.0,1.0,1.1843487e-08,0.005681291703064222,0.035132020373809004,0.9971144430939773,0.9933071490757153,0.8807970779778823
618,0,1.0,1.0,0.9833333333333333,1.0,1.0,1.0,1.0,1.3037531e-08,0.0034204755121863546,0.03500229092362583,0.9933021958230617,0.9933071490757153,0.8807970779778823
619,0,1.0,1.0,1.0,1.0,1.0,1.0,1.0,4.0963247e-10,0.0043296638746471,0.01947530618684818,0.8684726600743855,0.9933071490757153,0.8807970779778823
620,1,1.0,0.9833333333333333,0.9833333333333333,1.0,1.0,1.0,1.0,0.9999976,0.9335176553975745,0.8997507014293381,0.9997428013212655,0.9933071490757153,0.8807970779778823
621,1,1.0,1.0,1.0,1.0,1.0,1.0,1.0,1.0,0.99999999999997,0.9662608253943664,0.9951118454806464,0.9933071490757153,0.8807970779778823
622,1,1.0,1.0,1.0,1.0,1.0,1.0,1.0,1.0,0.99999999999997,0.9610539937438912,0.9420372454368549,0.9933071490757153,0.8807970779778823
623,1,1.0,1.0,1.0,1.0,1.0,1.0,1.0,1.0,0.99999999999997,0.9665422227831952,0.9997825515363279,0.9933071490757153,0.8807970779778823
624,1,1.0,1.0,0.9833333333333333,1.0,1.0,1.0,1.0,1.0,0.99999999999997,0.9518506092592056,0.9991870490817953,0.9933071490757153,0.8807970779778823
625,1,1.0,1.0,0.9666666666666667,1.0,1.0,1.0,1.0,1.0,0.99999999999997,0.9377050342633181,0.9982410547609468,0.9933071490757153,0.8807970779778823
626,1,1.0,1.0,1.0,1.0,1.0,1.0,1.0,1.0,0.99999999999997,0.9663758134483179,0.9998966843937418,0.9933071490757153,0.8807970779778823
627,1,1.0,1.0,0.9666666666666667,1.0,1.0,1.0,1.0,1.0,0.99999999999997,0.931871302494685,0.8737344042281255,0.9933071490757153,0.8807970779778823
628,1,1.0,1.0,0.9666666666666667,1.0,1.0,1.0,1.0,0.9993013,0.99999999999997,0.9371720676497451,0.9912138629047057,0.9933071490757153,0.8807970779778823
629,1,1.0,1.0,1.0,1.0,1.0,1.0,1.0,1.0,0.99999999999997,0.9665152946874181,0.953540421649482,0.9933071490757153,0.8807970779778823
630,1,1.0,1.0,0.9666666666666667,1.0,1.0,1.0,1.0,0.99981683,0.99999999999997,0.9374647940561304,0.9718834432625131,0.9933071490757153,0.8807970779778823
631,1,1.0,1.0,0.9833333333333333,1.0,1.0,1.0,1.0,0.9991246,0.99999999999997,0.9521575170404496,0.5705662232765984,0.9933071490757153,0.8807970779778823
632,1,1.0,1.0,0.9833333333333333,1.0,1.0,1.0,1.0,1.0,0.99999999999997,0.9518580793064007,0.9297786559752929,0.9933071490757153,0.8807970779778823
633,1,1.0,1.0,0.9833333333333333,1.0,1.0,1.0,1.0,1.0,0.99999999999997,0.9521400600900309,0.9345542719332387,0.9933071490757153,0.8807970779778823
634,1,1.0,1.0,0.9833333333333333,1.0,1.0,1.0,1.0,1.0,0.99999999999997,0.9517056474387929,0.9965971201429977,0.9933071490757153,0.8807970779778823
635,1,1.0,1.0,0.9833333333333333,1.0,1.0,1.0,1.0,1.0,0.99999999999997,0.9459192870782018,0.9868352315495382,0.9933071490757153,0.8807970779778823
636,1,1.0,1.0,1.0,1.0,1.0,1.0,1.0,0.9999982,0.99999999999997,0.966265073353497,0.9761928213169195,0.9933071490757153,0.8807970779778823
637,1,1.0,1.0,1.0,1.0,1.0,1.0,1.0,1.0,0.99999999999997,0.9611153029212607,0.884208301577366,0.9933071490757153,0.8807970779778823
638,1,1.0,1.0,0.9666666666666667,1.0,1.0,1.0,1.0,0.99999964,0.99999999999997,0.932683453481473,0.9755829287641155,0.9933071490757153,0.8807970779778823
639,1,1.0,1.0,1.0,1.0,1.0,1.0,1.0,1.0,0.99999999999997,0.9665840781818827,0.9994726163981947,0.9933071490757153,0.8807970779778823
640,1,1.0,1.0,1.0,1.0,1.0,1.0,1.0,0.99999917,0.99999999999997,0.9665696762561855,0.7741676991931379,0.9933071490757153,0.8807970779778823
641,1,1.0,1.0,0.9833333333333333,1.0,1.0,1.0,1.0,1.0,0.99999999999997,0.9466670973952159,0.990979025484609,0.9933071490757153,0.8807970779778823
642,1,1.0,1.0,0.9833333333333333,1.0,1.0,1.0,1.0,1.0,0.99999999999997,0.9520765633607656,0.9983238958307725,0.9933071490757153,0.8807970779778823
643,1,1.0,1.0,1.0,1.0,1.0,1.0,1.0,0.99924636,0.99999999999997,0.9667010333602927,0.9856276424356207,0.9933071490757153,0.8807970779778823
644,1,1.0,1.0,1.0,1.0,1.0,1.0,1.0,1.0,0.99999999999997,0.9611178675681402,0.9883210488349458,0.9933071490757153,0.8807970779778823
645,1,1.0,1.0,0.95,1.0,1.0,1.0,1.0,0.9999869,0.99999999999997,0.9232598516349012,0.9747160573614366,0.9933071490757153,0.8807970779778823
646,0,1.0,0.9833333333333333,1.0,1.0,0.0,0.0,1.0,1.0916987e-10,0.3409316862895025,0.31422067963548445,0.9999150405502033,0.9933071490757153,0.8807970779778823
647,0,1.0,1.0,0.9833333333333333,1.0,1.0,1.0,1.0,0.001928028,0.005765442393608627,0.02972522737440446,0.9975986946513583,0.9933071490757153,0.8807970779778823
648,0,1.0,1.0,1.0,1.0,1.0,1.0,1.0,3.6395262e-10,0.0042467021995808004,0.021802220543081518,0.9997196488033402,0.9933071490757153,0.8807970779778823
649,0,1.0,1.0,0.9833333333333333,1.0,1.0,1.0,1.0,0.00096530706,0.004162442227646753,0.03331733171916806,0.9962582487951773,0.9933071490757153,0.8807970779778823
650,0,1.0,1.0,1.0,1.0,1.0,1.0,1.0,0.0005050147,0.004295294726266544,0.019443446488562114,0.9999391110151016,0.9933071490757153,0.8807970779778823
651,0,1.0,1.0,0.95,1.0,1.0,1.0,1.0,9.2810396e-08,0.004108718643181531,0.051993748666038724,0.9130612385513861,0.9933071490757153,0.8807970779778823
652,0,1.0,1.0,1.0,1.0,1.0,1.0,1.0,3.6759896e-08,0.004157406550627952,0.019330919011892746,0.994266592638601,0.9933071490757153,0.8807970779778823
653,0,1.0,1.0,0.9833333333333333,1.0,1.0,1.0,1.0,0.0006434593,0.003851247442883929,0.029984169748929486,0.9972959989423791,0.9933071490757153,0.8807970779778823
654,0,1.0,1.0,1.0,1.0,1.0,1.0,1.0,0.00011751432,0.0047390220915849235,0.01960974041836707,0.998012803103385,0.9933071490757153,0.8807970779778823
655,0,1.0,1.0,0.9666666666666667,1.0,1.0,1.0,1.0,0.24851744,0.004923992296285589,0.045221942843016324,0.9999069330593284,0.9933071490757153,0.8807970779778823
656,0,1.0,1.0,1.0,1.0,1.0,1.0,1.0,3.3409805e-07,0.004506796130658867,0.019521086647100526,0.9895651618190037,0.9933071490757153,0.8807970779778823
657,0,1.0,1.0,0.9833333333333333,1.0,1.0,1.0,1.0,2.0897035e-08,0.005457773503502526,0.029869968188757954,0.9983204715591528,0.9933071490757153,0.8807970779778823
658,0,1.0,1.0,0.9833333333333333,1.0,1.0,1.0,1.0,2.1074973e-06,0.0038637508860411653,0.03251259770510572,0.999890324671743,0.9933071490757153,0.8807970779778823
659,0,1.0,1.0,0.9833333333333333,1.0,1.0,1.0,1.0,9.946235e-10,0.0039287286606321,0.03460708601840719,0.9989497510268208,0.9933071490757153,0.8807970779778823
660,0,1.0,1.0,1.0,1.0,1.0,1.0,1.0,1.9372341e-10,0.004424359947276362,0.01936868717091601,0.9920424850772689,0.9933071490757153,0.8807970779778823
661,0,1.0,1.0,0.9833333333333333,1.0,1.0,1.0,1.0,4.845689e-10,0.003236650906106886,0.032899497866001014,0.9996904004834208,0.9933071490757153,0.8807970779778823
662,0,1.0,1.0,1.0,1.0,1.0,1.0,1.0,8.3144636e-07,0.002899734127817486,0.019577149727609756,0.9998718681273165,0.9933071490757153,0.8807970779778823
663,0,1.0,1.0,1.0,1.0,1.0,1.0,1.0,1.6236643e-12,0.0036582099907148664,0.024719848625356568,0.9975018879800017,0.9933071490757153,0.8807970779778823
664,0,1.0,1.0,1.0,1.0,1.0,1.0,1.0,2.971982e-16,0.0056164065453475605,0.019512559926724404,0.9978079286180982,0.9933071490757153,0.8807970779778823
665,0,1.0,1.0,0.9833333333333333,1.0,1.0,1.0,1.0,9.27264e-07,0.003481529029214226,0.03180019353434704,0.9435921560466073,0.9933071490757153,0.8807970779778823
666,0,1.0,1.0,0.9833333333333333,1.0,1.0,1.0,1.0,8.194517e-09,0.005431135984042729,0.031148727793885705,0.9940852886987795,0.9933071490757153,0.8807970779778823
667,0,1.0,1.0,0.9833333333333333,1.0,1.0,1.0,1.0,1.4888596e-07,0.004319977351515295,0.03297799619213558,0.9978158205287613,0.9933071490757153,0.8807970779778823
668,0,1.0,0.9833333333333333,1.0,1.0,0.0,0.0,1.0,1.8047841e-11,0.33221762151081363,0.31996944804788086,0.9970289773666676,0.9933071490757153,0.8807970779778823
669,1,1.0,1.0,1.0,1.0,1.0,1.0,1.0,1.0,0.9999999999947505,0.9682683087407328,0.9976477622314479,0.9933071490757153,0.8807970779778823
670,1,1.0,1.0,1.0,1.0,1.0,1.0,1.0,1.0,0.9999999999985992,0.962932966326662,0.9996641762849585,0.9933071490757153,0.8807970779778823
671,1,1.0,1.0,1.0,1.0,1.0,1.0,1.0,0.9831955,0.9999999999948219,0.968085966979936,0.9369625062182566,0.9933071490757153,0.8807970779778823
672,1,1.0,1.0,0.9666666666666667,1.0,1.0,1.0,1.0,1.0,0.9999999999668238,0.9395471125599101,0.9993075318279533,0.9933071490757153,0.8807970779778823
673,1,1.0,1.0,0.9833333333333333,1.0,1.0,1.0,1.0,1.0,0.9999999999514304,0.953856601791737,0.9828984854531242,0.9933071490757153,0.8807970779778823
674,1,1.0,1.0,0.9666666666666667,1.0,1.0,1.0,1.0,1.0,0.9999999999734558,0.9387535018421043,0.9990453727779722,0.9933071490757153,0.8807970779778823
675,1,1.0,1.0,0.9666666666666667,1.0,1.0,1.0,1.0,1.0,0.999999999902548,0.934003364319493,0.9975318705174454,0.9933071490757153,0.8807970779778823
676,1,1.0,1.0,0.9833333333333333,1.0,1.0,1.0,1.0,0.99996245,0.9999999998640914,0.9539574123191971,0.9993071863799787,0.9933071490757153,0.8807970779778823
677,1,1.0,1.0,0.9833333333333333,1.0,1.0,1.0,1.0,0.99999976,0.9999999996660426,0.9478798889509116,0.6607696272911444,0.9933071490757153,0.8807970779778823
678,1,1.0,1.0,0.9833333333333333,1.0,1.0,1.0,1.0,1.0,0.9999999908631968,0.9429236305242874,0.9911357466633574,0.9933071490757153,0.8807970779778823
679,1,1.0,1.0,0.9833333333333333,1.0,1.0,1.0,1.0,1.0,0.9999998250132109,0.9535519118724599,0.9954269587635926,0.9933071490757153,0.8807970779778823
680,1,1.0,1.0,1.0,1.0,1.0,1.0,1.0,0.99999964,0.999999943955687,0.968079257667366,0.9878198933287393,0.9933071490757153,0.8807970779778823
681,1,1.0,1.0,0.9833333333333333,1.0,1.0,1.0,1.0,1.0,0.999999645946247,0.9483888667742878,0.9997825515363279,0.9933071490757153,0.8807970779778823
682,1,1.0,1.0,1.0,1.0,1.0,1.0,1.0,0.9999994,0.9999995593282557,0.9682863676179555,0.9715152635107532,0.9933071490757153,0.8807970779778823
683,1,1.0,1.0,0.9833333333333333,1.0,1.0,1.0,1.0,1.0,0.9999421353252077,0.9530709319807087,0.7798383440557941,0.9933071490757153,0.8807970779778823
684,1,1.0,1.0,0.9833333333333333,1.0,1.0,1.0,1.0,0.9999572,0.9971854306057071,0.9481005943367884,0.9539714790148767,0.9933071490757153,0.8807970779778823
685,1,1.0,1.0,1.0,1.0,1.0,1.0,1.0,0.99995625,0.9936136519121291,0.9679720651765874,0.9767727587170463,0.9933071490757153,0.8807970779778823
686,1,1.0,1.0,0.95,1.0,1.0,1.0,1.0,1.0,0.9936917642669744,0.9256248740139323,0.9072925059983022,0.9933071490757153,0.8807970779778823
687,1,1.0,1.0,1.0,1.0,1.0,1.0,1.0,0.99999964,0.986389581057081,0.9681397925418966,0.9983588256674,0.9933071490757153,0.8807970779778823
688,1,1.0,0.9833333333333333,0.95,1.0,1.0,1.0,1.0,0.9999999,0.9334814701634873,0.9251026171665818,0.99809579642152,0.9933071490757153,0.8807970779778823
689,1,1.0,1.0,0.9833333333333333,1.0,1.0,1.0,1.0,1.0,0.9675183893678578,0.9539094886039253,0.7783637834582099,0.9933071490757153,0.8807970779778823
690,1,1.0,1.0,1.0,1.0,1.0,1.0,1.0,0.9985656,0.981106630948055,0.9680269790250203,0.9892076131010374,0.9933071490757153,0.8807970779778823
691,1,1.0,1.0,0.9833333333333333,1.0,1.0,1.0,1.0,1.0,0.9781052476983063,0.9480826838347379,0.9992979134407941,0.9933071490757153,0.8807970779778823
692,1,1.0,1.0,0.95,1.0,1.0,1.0,1.0,1.0,0.9905887767836287,0.9249869887113469,0.9978133764845403,0.9933071490757153,0.8807970779778823
693,1,1.0,1.0,0.9833333333333333,1.0,1.0,1.0,1.0,1.0,0.9724672297692837,0.9430224649857867,0.9915251274907846,0.9933071490757153,0.8807970779778823
694,0,1.0,0.8666666666666667,1.0,1.0,0.0,0.0,1.0,3.5806344e-10,0.4258813909514226,0.24330792642615445,0.9980428953988277,0.9933071490757153,0.8807970779778823
695,1,1.0,1.0,0.9833333333333333,1.0,1.0,1.0,1.0,1.0,0.8525696860559707,0.8270130336113477,0.9504686284734896,0.9933071490757153,0.8807970779778823
696,1,1.0,1.0,1.0,1.0,1.0,1.0,1.0,1.0,0.9799365170914649,0.9674032528925799,0.9968394154821897,0.9933071490757153,0.8807970779778823
697,1,1.0,1.0,0.9833333333333333,1.0,1.0,1.0,1.0,1.0,0.9898263412469804,0.9481734049221001,0.9848075749966261,0.9933071490757153,0.8807970779778823
698,1,1.0,1.0,1.0,1.0,1.0,1.0,1.0,1.0,0.9838027482096133,0.9674903115897837,0.9919357673365928,0.9933071490757153,0.8807970779778823
699,1,1.0,1.0,1.0,1.0,1.0,1.0,1.0,1.0,0.989053674487907,0.9673774037680957,0.9004883758947761,0.9933071490757153,0.8807970779778823
700,1,1.0,1.0,1.0,1.0,1.0,1.0,1.0,0.9999865,0.9695776383695979,0.9625654027778838,0.9806669539185048,0.9933071490757153,0.8807970779778823
701,1,1.0,0.9833333333333333,1.0,1.0,1.0,1.0,1.0,1.0,0.9031206917238095,0.9622198493125859,0.9716732917171034,0.9933071490757153,0.8807970779778823
702,1,1.0,0.7666666666666667,1.0,1.0,1.0,1.0,1.0,1.0,0.678436839423955,0.9623846600620413,0.875600586281366,0.9933071490757153,0.8807970779778823
703,1,1.0,0.3333333333333333,0.9833333333333333,1.0,0.0,0.0,1.0,1.0,0.4218148082595431,0.9533595837039371,0.9288603225091662,0.9933071490757153,0.8807970779778823
704,1,1.0,0.4166666666666667,0.9833333333333333,1.0,0.0,1.0,1.0,1.0,0.46946189413244943,0.9527851717015465,0.9989097190647269,0.9933071490757153,0.8807970779778823
705,1,1.0,0.3333333333333333,1.0,1.0,0.0,0.0,1.0,0.62927026,0.4329024773610056,0.967550000668311,0.8988959948312817,0.9933071490757153,0.8807970779778823
706,1,1.0,0.2,1.0,1.0,0.0,0.0,1.0,0.9999995,0.30918042192593803,0.9674292418723993,0.9901461504579078,0.9933071490757153,0.8807970779778823
707,1,1.0,0.25,0.9833333333333333,1.0,0.0,0.0,1.0,1.0,0.35078467757618564,0.9526701182552656,0.9996641762849585,0.9933071490757153,0.8807970779778823
708,1,1.0,0.26666666666666666,0.9833333333333333,1.0,0.0,0.0,1.0,1.0,0.3751054510816721,0.9422912859136858,0.9297516384348616,0.9933071490757153,0.8807970779778823
709,1,1.0,0.13333333333333333,1.0,1.0,0.0,0.0,1.0,0.62414175,0.28715910600604294,0.961845098609982,0.9817992500503306,0.9933071490757153,0.8807970779778823
710,1,1.0,0.08333333333333333,0.9833333333333333,1.0,0.0,0.0,1.0,1.0,0.20596953153116565,0.9532267524328247,0.9982457461874501,0.9933071490757153,0.8807970779778823
711,1,1.0,0.05,1.0,1.0,0.0,0.0,1.0,1.0,0.17686039928371053,0.9622381552682242,0.9553544289531872,0.9933071490757153,0.8807970779778823
712,1,1.0,0.06666666666666667,1.0,1.0,0.0,0.0,1.0,0.99999475,0.21421766280584942,0.9675942315191749,0.9992269546581408,0.9933071490757153,0.8807970779778823
713,1,1.0,0.11666666666666667,0.9833333333333333,1.0,0.0,0.0,1.0,0.9999945,0.25057850491696737,0.9533958465676878,0.9996065473638286,0.9933071490757153,0.8807970779778823
714,1,1.0,0.08333333333333333,1.0,1.0,0.0,0.0,1.0,1.0,0.22264474189657832,0.9677653313103851,0.9964337157632774,0.9933071490757153,0.8807970779778823
715,1,1.0,0.4666666666666667,1.0,1.0,0.0,0.0,1.0,0.99999964,0.4298125687839511,0.967254745539141,0.8853707458530701,0.9933071490757153,0.8807970779778823
716,1,1.0,0.45,1.0,1.0,0.0,1.0,1.0,0.9999994,0.4815828517543369,0.9673715719367576,0.4760773225560131,0.9933071490757153,0.8807970779778823
717,1,1.0,0.4166666666666667,0.9833333333333333,1.0,0.0,1.0,1.0,0.99999964,0.4658498606956346,0.953448338433358,0.9878198933287393,0.9933071490757153,0.8807970779778823
718,1,1.0,0.6666666666666666,0.9833333333333333,1.0,1.0,1.0,1.0,1.0,0.6277288752697279,0.9366773236026592,0.9368355682767364,0.9933071490757153,0.8807970779778823
719,1,1.0,0.9333333333333333,1.0,1.0,1.0,1.0,1.0,1.0,0.8454901097773023,0.9675179973237484,0.8115226939651581,0.9933071490757153,0.8807970779778823
720,1,1.0,1.0,0.9833333333333333,1.0,1.0,1.0,1.0,1.0,0.9573859394569589,0.9529167477776348,0.9042779816815727,0.9933071490757153,0.8807970779778823
721,1,1.0,1.0,0.9666666666666667,1.0,1.0,1.0,1.0,1.0,0.9907394770991467,0.9330310295117993,0.9807790849911555,0.9933071490757153,0.8807970779778823
722,1,1.0,1.0,1.0,1.0,1.0,1.0,1.0,1.0,0.9932066673215787,0.9619549167308666,0.9450090289798143,0.9933071490757153,0.8807970779778823
723,1,1.0,1.0,0.9833333333333333,1.0,1.0,1.0,1.0,0.9999999,0.9930274540995266,0.9531610579515096,0.8584255841961285,0.9933071490757153,0.8807970779778823
724,1,1.0,1.0,0.9666666666666667,1.0,1.0,1.0,1.0,0.99956864,0.9802299047908419,0.9388999291427645,0.9800274578894133,0.9933071490757153,0.8807970779778823
725,1,1.0,1.0,1.0,1.0,1.0,1.0,1.0,1.0,0.9771907445041607,0.9678818261198381,0.9761906194330263,0.9933071490757153,0.8807970779778823
726,1,1.0,1.0,1.0,1.0,1.0,1.0,1.0,1.0,0.98309883610953,0.9569816573620763,0.990742028185826,0.9933071490757153,0.8807970779778823
727,1,1.0,1.0,0.9666666666666667,1.0,1.0,1.0,1.0,0.9999994,0.9910745660968184,0.9375782895943654,0.9998714169608842,0.9933071490757153,0.8807970779778823
728,1,1.0,1.0,1.0,1.0,1.0,1.0,1.0,0.99942577,0.9945585698971479,0.9572012751709847,0.9768733786396868,0.9933071490757153,0.8807970779778823
729,1,1.0,1.0,0.9833333333333333,1.0,1.0,1.0,1.0,1.0,0.9947173334484124,0.953072748313469,0.9982886670344153,0.9933071490757153,0.8807970779778823
730,1,1.0,1.0,1.0,1.0,1.0,1.0,1.0,1.0,0.9958184478909887,0.9676931515113344,0.9957155654461465,0.9933071490757153,0.8807970779778823
731,1,1.0,1.0,0.9833333333333333,1.0,1.0,1.0,1.0,0.9999995,0.9941157282044742,0.9477202578920455,0.9949319332992937,0.9933071490757153,0.8807970779778823
732,1,1.0,1.0,0.9833333333333333,1.0,1.0,1.0,1.0,0.99999785,0.9958236538817148,0.953084791288447,0.9998641474360097,0.9933071490757153,0.8807970779778823
733,1,1.0,1.0,0.9666666666666667,1.0,1.0,1.0,1.0,0.99955505,0.9981527402848835,0.9388323187818035,0.9942653234546648,0.9933071490757153,0.8807970779778823
734,1,1.0,1.0,1.0,1.0,1.0,1.0,1.0,0.99999964,0.9958611850830811,0.9570650635011434,0.614864268738593,0.9933071490757153,0.8807970779778823
735,1,1.0,1.0,1.0,1.0,1.0,1.0,1.0,1.0,0.9980836195092029,0.9675969182275169,0.9988181848705252,0.9933071490757153,0.8807970779778823
736,1,1.0,1.0,0.9833333333333333,1.0,1.0,1.0,1.0,1.0,0.996620512271422,0.9530599289516931,0.9052489979223155,0.9933071490757153,0.8807970779778823
737,1,1.0,1.0,1.0,1.0,1.0,1.0,1.0,1.0,0.9922372497927098,0.9675517031156823,0.9934786839158066,0.9933071490757153,0.8807970779778823
738,1,1.0,1.0,1.0,1.0,1.0,1.0,1.0,0.9999994,0.9786999723636934,0.9623775470294836,0.9965733045388574,0.9933071490757153,0.8807970779778823
739,1,1.0,1.0,0.9833333333333333,1.0,1.0,1.0,1.0,1.0,0.9535603808258849,0.9532234622434442,0.5442448356969801,0.9933071490757153,0.8807970779778823
740,1,1.0,1.0,1.0,1.0,1.0,1.0,1.0,1.0,0.9868091879694733,0.9675063444022522,0.9028611395902505,0.9933071490757153,0.8807970779778823
741,1,1.0,1.0,1.0,1.0,1.0,1.0,1.0,0.9999585,0.9961811419906124,0.9673858892640702,0.9983469135392308,0.9933071490757153,0.8807970779778823
742,1,1.0,1.0,1.0,1.0,1.0,1.0,1.0,0.9999726,0.9956892485563598,0.9676060772732392,0.9916233555396038,0.9933071490757153,0.8807970779778823
743,1,1.0,1.0,0.9833333333333333,1.0,1.0,1.0,1.0,1.0,0.9992312000731313,0.9532362370313783,0.9898069196996704,0.9933071490757153,0.8807970779778823
744,1,1.0,1.0,1.0,1.0,1.0,1.0,1.0,0.99999845,0.9991344352932761,0.9676142953584531,0.9402087202483198,0.9933071490757153,0.8807970779778823
745,1,1.0,1.0,0.9833333333333333,1.0,1.0,1.0,1.0,0.9964586,0.9988301146230083,0.9529990316681711,0.9915073481917241,0.9933071490757153,0.8807970779778823
746,1,1.0,1.0,0.9833333333333333,1.0,1.0,1.0,1.0,1.0,0.9999467732738937,0.952956974417373,0.8343638027218278,0.9933071490757153,0.8807970779778823
747,1,1.0,1.0,0.9833333333333333,1.0,1.0,1.0,1.0,0.99999964,0.9999999318753374,0.9480740750368891,0.9797232053679574,0.9933071490757153,0.8807970779778823
748,1,1.0,1.0,1.0,1.0,1.0,1.0,1.0,1.0,0.999999946905042,0.9673826239577501,0.9947257486912933,0.9933071490757153,0.8807970779778823
749,1,1.0,1.0,1.0,1.0,1.0,1.0,1.0,1.0,0.9999999482458792,0.9625181651437487,0.9708606748355607,0.9933071490757153,0.8807970779778823
750,1,1.0,1.0,0.9833333333333333,1.0,1.0,1.0,1.0,1.0,0.9999999193540952,0.9425120842428577,0.9810407131437395,0.9933071490757153,0.8807970779778823
751,1,1.0,1.0,1.0,1.0,1.0,1.0,1.0,1.0,0.9998187738167535,0.9674221920388109,0.777883614251681,0.9933071490757153,0.8807970779778823
752,1,1.0,1.0,1.0,1.0,1.0,1.0,1.0,1.0,0.9993181745326383,0.9675832720436175,0.9779578587365787,0.9933071490757153,0.8807970779778823
753,1,1.0,1.0,1.0,1.0,1.0,1.0,1.0,0.9999999,0.9996561468482498,0.967976879432477,0.9992660901265609,0.9933071490757153,0.8807970779778823
754,1,1.0,1.0,0.9833333333333333,1.0,1.0,1.0,1.0,1.0,0.9998833528262232,0.9531419304540542,0.9807790849911555,0.9933071490757153,0.8807970779778823
755,1,1.0,1.0,1.0,1.0,1.0,1.0,1.0,1.0,0.9971357863296431,0.9677674259973716,0.9945311123996511,0.9933071490757153,0.8807970779778823
756,1,1.0,1.0,1.0,1.0,1.0,1.0,1.0,1.0,0.9975183210904408,0.9673998300126467,0.9959723248127641,0.9933071490757153,0.8807970779778823
757,1,1.0,1.0,1.0,1.0,1.0,1.0,1.0,1.0,0.9983909658569894,0.9675988296915892,0.9933259729516258,0.9933071490757153,0.8807970779778823
758,1,1.0,1.0,1.0,1.0,1.0,1.0,1.0,0.95389265,0.9955814387559069,0.9676133463806396,0.9511334193575761,0.9933071490757153,0.8807970779778823
759,1,1.0,1.0,0.9833333333333333,1.0,1.0,1.0,1.0,1.0,0.9853455926157719,0.95331050466544,0.9152593670984285,0.9933071490757153,0.8807970779778823
760,1,1.0,1.0,0.9833333333333333,1.0,1.0,1.0,1.0,0.9999995,0.9915197729238011,0.9529990440206312,0.9728454402313627,0.9933071490757153,0.8807970779778823
761,1,0.0,1.0,1.0,1.0,0.0,0.0,1.0,0.118427955,0.9508238027576886,0.9674710565242385,0.7940229334779203,0.9933071490757153,0.8807970779778823
762,1,1.0,1.0,1.0,1.0,1.0,1.0,1.0,0.9999988,0.9673365071842698,0.9674414694919843,0.980829147223609,0.9933071490757153,0.8807970779778823
763,1,1.0,1.0,1.0,1.0,1.0,1.0,1.0,1.0,0.9556117601236863,0.9673562152217645,0.9985225863445687,0.9933071490757153,0.8807970779778823
764,1,1.0,1.0,0.9833333333333333,1.0,1.0,1.0,1.0,1.0,0.8662411246941414,0.947794921955749,0.998599409514803,0.9933071490757153,0.8807970779778823
765,1,1.0,1.0,1.0,1.0,1.0,1.0,1.0,0.9999099,0.9485437248223563,0.961750512734232,0.9720665014035661,0.9933071490757153,0.8807970779778823
766,1,1.0,1.0,0.9333333333333333,1.0,1.0,1.0,1.0,1.0,0.9754435728777673,0.9101709087479146,0.9968664517822112,0.9933071490757153,0.8807970779778823
767,1,1.0,1.0,1.0,1.0,1.0,1.0,1.0,0.99999213,0.9952844963587669,0.9570075704814566,0.9990257050392215,0.9933071490757153,0.8807970779778823
768,1,1.0,1.0,0.9833333333333333,1.0,1.0,1.0,1.0,1.0,0.9985259409472605,0.952860533526041,0.5561065307185673,0.9933071490757153,0.8807970779778823
769,1,1.0,1.0,1.0,1.0,1.0,1.0,1.0,0.99981683,0.9970497468400047,0.9674273343246225,0.9718834432625131,0.9933071490757153,0.8807970779778823
770,1,1.0,1.0,1.0,1.0,1.0,1.0,1.0,1.0,0.9959827022341542,0.9621009900412075,0.9004883758947761,0.9933071490757153,0.8807970779778823
771,1,1.0,1.0,0.9833333333333333,1.0,1.0,1.0,1.0,1.0,0.9985871354377072,0.9530768862955392,0.9886611534789715,0.9933071490757153,0.8807970779778823
772,1,1.0,1.0,1.0,1.0,1.0,1.0,1.0,1.0,0.9991628670585931,0.9621413091475032,0.9968911334926136,0.9933071490757153,0.8807970779778823
773,1,1.0,1.0,1.0,1.0,1.0,1.0,1.0,1.0,0.9992830307600837,0.9675458723636136,0.9995709982075783,0.9933071490757153,0.8807970779778823
774,1,1.0,1.0,1.0,1.0,1.0,1.0,1.0,1.0,0.9979003072296789,0.9674839413405323,0.9442088087453052,0.9933071490757153,0.8807970779778823
775,1,1.0,1.0,1.0,1.0,1.0,1.0,1.0,1.0,0.9945940188430333,0.9675631463258502,0.9953335183259194,0.9933071490757153,0.8807970779778823
776,1,1.0,1.0,0.9833333333333333,1.0,1.0,1.0,1.0,1.0,0.9982106744994469,0.9480841524967188,0.999850104293133,0.9933071490757153,0.8807970779778823
777,1,1.0,1.0,1.0,1.0,1.0,1.0,1.0,1.0,0.9957035901813353,0.9512403490439495,0.953540421649482,0.9933071490757153,0.8807970779778823
778,1,1.0,1.0,1.0,1.0,1.0,1.0,1.0,0.7532616,0.9875638707905772,0.9561155016018094,0.7082152780171436,0.9933071490757153,0.8807970779778823
779,1,1.0,1.0,0.9666666666666667,1.0,1.0,1.0,1.0,1.0,0.9872603420192221,0.9391117822729674,0.9703647262473075,0.9933071490757153,0.8807970779778823
780,1,1.0,0.9833333333333333,1.0,1.0,1.0,1.0,1.0,1.0,0.9642665959721272,0.9624134115541432,0.9959723248127641,0.9933071490757153,0.8807970779778823
781,1,1.0,1.0,1.0,1.0,1.0,1.0,1.0,1.0,0.9556199355347366,0.9623123919897234,0.9987513354456483,0.9933071490757153,0.8807970779778823
782,1,1.0,1.0,0.95,1.0,1.0,1.0,1.0,1.0,0.9615548980969313,0.9242097602554042,0.9916640801484449,0.9933071490757153,0.8807970779778823
783,1,1.0,1.0,1.0,1.0,1.0,1.0,1.0,0.99995625,0.9396905435392249,0.9677139568377054,0.9767727587170463,0.9933071490757153,0.8807970779778823
784,1,1.0,1.0,1.0,1.0,1.0,1.0,1.0,0.9997688,0.963118159736706,0.9678129126527346,0.9389052360885237,0.9933071490757153,0.8807970779778823
785,1,1.0,1.0,1.0,1.0,1.0,1.0,1.0,1.0,0.9668770964633064,0.9678072325916018,0.8894206904339861,0.9933071490757153,0.8807970779778823
786,1,1.0,1.0,0.9833333333333333,1.0,1.0,1.0,1.0,1.0,0.9743320496570841,0.9532957908560414,0.9995709982075783,0.9933071490757153,0.8807970779778823
787,1,1.0,1.0,0.95,1.0,1.0,1.0,1.0,1.0,0.977614928550347,0.9235330979848727,0.9922262959205852,0.9933071490757153,0.8807970779778823
788,1,1.0,0.9833333333333333,0.9833333333333333,1.0,1.0,1.0,1.0,1.0,0.9326185428612045,0.9530086850728793,0.9889619477713655,0.9933071490757153,0.8807970779778823
789,1,1.0,1.0,0.9833333333333333,1.0,1.0,1.0,1.0,0.9999474,0.985891351545631,0.9531175416437118,0.8703637490889292,0.9933071490757153,0.8807970779778823
790,1,1.0,1.0,1.0,1.0,1.0,1.0,1.0,1.0,0.9804587846752414,0.9676581354590699,0.9975377304543713,0.9933071490757153,0.8807970779778823
791,1,1.0,1.0,1.0,1.0,1.0,1.0,1.0,0.994052,0.939574258581739,0.9676654583263941,0.9974407219656263,0.9933071490757153,0.8807970779778823
792,1,1.0,1.0,1.0,1.0,1.0,1.0,1.0,0.9997688,0.9811788662926486,0.9676937236934987,0.9389052360885237,0.9933071490757153,0.8807970779778823
793,1,1.0,1.0,1.0,1.0,1.0,1.0,1.0,1.0,0.9970701376501743,0.9678290915077297,0.6982152611046035,0.9933071490757153,0.8807970779778823
794,1,1.0,1.0,1.0,1.0,1.0,1.0,1.0,1.0,0.9991650719784544,0.9675946552631207,0.8253673484226914,0.9933071490757153,0.8807970779778823
795,1,1.0,1.0,1.0,1.0,1.0,1.0,1.0,0.99924254,0.9983139057504681,0.9622644534059579,0.9985192374703561,0.9933071490757153,0.8807970779778823
796,1,1.0,1.0,0.9833333333333333,1.0,1.0,1.0,1.0,1.0,0.9934015502585748,0.9531508646383742,0.9997786133656323,0.9933071490757153,0.8807970779778823
797,1,1.0,1.0,0.9833333333333333,1.0,1.0,1.0,1.0,0.99996686,0.9912755337063686,0.9426837427100592,0.9848579002532036,0.9933071490757153,0.8807970779778823
798,1,1.0,0.9833333333333333,1.0,1.0,1.0,1.0,1.0,1.0,0.934414250686052,0.9673016369427868,0.9994534991285807,0.9933071490757153,0.8807970779778823
799,1,1.0,0.9833333333333333,1.0,1.0,1.0,1.0,1.0,1.0,0.8991417544950397,0.9674910578215237,0.9589504447476522,0.9933071490757153,0.8807970779778823
800,1,1.0,0.8833333333333333,1.0,1.0,1.0,1.0,1.0,1.0,0.774604863079223,0.961572904227867,0.99947129670321,0.9933071490757153,0.8807970779778823
801,1,1.0,0.35,0.9833333333333333,1.0,0.0,0.0,1.0,1.0,0.3967921158620537,0.9478912886401435,0.9985578647082707,0.9933071490757153,0.8807970779778823
802,1,1.0,0.05,1.0,1.0,0.0,0.0,1.0,1.0,0.21292533155017948,0.9676516916707162,0.998599409514803,0.9933071490757153,0.8807970779778823
803,1,0.0,0.15,0.9833333333333333,0.0,0.0,0.0,0.0,0.0012539076,0.25344888091445866,0.9427114333270971,0.7717042860040915,0.9933071490757153,0.8807970779778823
804,1,1.0,0.05,1.0,1.0,0.0,0.0,1.0,0.9999999,0.15916781482616452,0.9674824152163367,0.9969011700302671,0.9933071490757153,0.8807970779778823
805,1,1.0,0.05,0.9833333333333333,1.0,0.0,0.0,1.0,1.0,0.14253482226592326,0.9531862834717734,0.9834107582807888,0.9933071490757153,0.8807970779778823
806,1,1.0,0.13333333333333333,0.9833333333333333,1.0,0.0,0.0,1.0,0.9998722,0.28115031822792697,0.9534296038153549,0.8600751005582272,0.9933071490757153,0.8807970779778823
807,1,1.0,0.4666666666666667,1.0,1.0,0.0,0.0,1.0,1.0,0.43803335582090036,0.9672995282023165,0.89132174362642,0.9933071490757153,0.8807970779778823
808,1,1.0,0.35,1.0,1.0,0.0,0.0,1.0,0.99999654,0.42319917950203895,0.9677156853787573,0.9951867161137676,0.9933071490757153,0.8807970779778823
809,1,1.0,0.36666666666666664,0.9833333333333333,1.0,0.0,0.0,1.0,1.0,0.43521527830093754,0.9533267226706684,0.9849401474637541,0.9933071490757153,0.8807970779778823
810,1,1.0,0.6666666666666666,0.9833333333333333,1.0,1.0,1.0,1.0,0.9999993,0.6071217113865828,0.9475136622758391,0.9968474743923036,0.9933071490757153,0.8807970779778823
811,1,1.0,0.5833333333333334,1.0,1.0,0.0,1.0,1.0,0.9999994,0.5455673655383353,0.9674463077971432,0.9715152635107532,0.9933071490757153,0.8807970779778823
812,1,1.0,0.7166666666666667,0.9833333333333333,1.0,0.0,0.0,1.0,0.84459525,0.7672285557211433,0.8054607827497192,0.7900879934083906,0.9933071490757153,0.8807970779778823
813,0,1.0,0.16666666666666666,1.0,1.0,0.0,0.0,1.0,5.9024354e-09,0.8381474135306585,0.02191149660777666,0.9937303750222526,0.9933071490757153,0.8807970779778823
814,0,1.0,0.9833333333333333,0.9833333333333333,1.0,0.0,0.0,1.0,6.510694e-10,0.3892826073259974,0.3223489172372195,0.9937324282736427,0.9933071490757153,0.8807970779778823
815,1,1.0,1.0,1.0,1.0,1.0,1.0,1.0,1.0,0.9999984635463737,0.9339983290127088,0.9993075318279533,0.9933071490757153,0.8807970779778823
816,1,1.0,1.0,1.0,1.0,1.0,1.0,1.0,1.0,0.9979443055009565,0.9401710702629376,0.9911357466633574,0.9933071490757153,0.8807970779778823
817,1,1.0,1.0,1.0,1.0,1.0,1.0,1.0,1.0,0.9805500395556472,0.9403049564379522,0.9991065816063807,0.9933071490757153,0.8807970779778823
818,1,1.0,1.0,0.9666666666666667,1.0,1.0,1.0,1.0,1.0,0.9560856941933544,0.9123636579613816,0.6180199338147758,0.9933071490757153,0.8807970779778823
819,1,1.0,1.0,1.0,1.0,1.0,1.0,1.0,0.999998,0.9900588084322912,0.9399892798114169,0.9827241642341763,0.9933071490757153,0.8807970779778823
820,1,1.0,1.0,1.0,1.0,1.0,1.0,1.0,0.9999999,0.9782447785239833,0.9337845431806915,0.999448420024223,0.9933071490757153,0.8807970779778823
821,1,1.0,1.0,0.9833333333333333,1.0,1.0,1.0,1.0,1.0,0.9685618988176706,0.9201960718159369,0.994922028021858,0.9933071490757153,0.8807970779778823
822,1,1.0,1.0,0.9833333333333333,1.0,1.0,1.0,1.0,1.0,0.9721392727127446,0.919348609098458,0.8343638027218278,0.9933071490757153,0.8807970779778823
823,1,1.0,1.0,0.9833333333333333,1.0,1.0,1.0,1.0,1.0,0.9494985097435726,0.9190932975540369,0.9978133764845403,0.9933071490757153,0.8807970779778823
824,1,1.0,1.0,1.0,1.0,1.0,1.0,1.0,1.0,0.9524437727511416,0.9397962317735357,0.9998261361087354,0.9933071490757153,0.8807970779778823
825,1,1.0,0.9666666666666667,0.9833333333333333,1.0,1.0,1.0,1.0,1.0,0.7912839356038456,0.779165720900054,0.9993486359433033,0.9933071490757153,0.8807970779778823
826,1,1.0,1.0,0.9833333333333333,1.0,1.0,1.0,1.0,1.0,0.7856665026600562,0.7488709796955653,0.9488285726062481,0.9933071490757153,0.8807970779778823
827,1,1.0,1.0,0.9833333333333333,1.0,1.0,1.0,1.0,1.0,0.99999999999997,0.950953076968755,0.9979521728029752,0.9933071490757153,0.8807970779778823
828,1,1.0,1.0,1.0,1.0,1.0,1.0,1.0,0.9999999,0.99999999999997,0.9660658011701629,0.852413884025049,0.9933071490757153,0.8807970779778823
829,1,1.0,1.0,1.0,1.0,1.0,1.0,1.0,1.0,0.99999999999997,0.9607843108450004,0.9995728893995548,0.9933071490757153,0.8807970779778823
830,1,1.0,1.0,1.0,1.0,1.0,1.0,1.0,0.9999999,0.99999999999997,0.9658231489102891,0.852413884025049,0.9933071490757153,0.8807970779778823
831,1,1.0,1.0,1.0,1.0,1.0,1.0,1.0,0.9999646,0.99999999999997,0.9656059030421278,0.8071260423747069,0.9933071490757153,0.8807970779778823
832,1,1.0,1.0,1.0,1.0,1.0,1.0,1.0,1.0,0.99999999999997,0.9658445881349819,0.9973764903928362,0.9933071490757153,0.8807970779778823
833,1,1.0,1.0,1.0,1.0,1.0,1.0,1.0,0.9999976,0.99999999999997,0.9660690122524187,0.9997428013212655,0.9933071490757153,0.8807970779778823
834,1,1.0,1.0,1.0,1.0,1.0,1.0,1.0,1.0,0.99999999999997,0.96582724905402,0.960878499878482,0.9933071490757153,0.8807970779778823
835,1,1.0,1.0,1.0,1.0,1.0,1.0,1.0,1.0,0.99999999999997,0.9657543649097257,0.9939013767244443,0.9933071490757153,0.8807970779778823
836,1,1.0,1.0,1.0,1.0,1.0,1.0,1.0,1.0,0.99999999999997,0.9604052093306282,0.9988181848705252,0.9933071490757153,0.8807970779778823
837,1,1.0,1.0,0.9833333333333333,1.0,1.0,0.0,1.0,0.642584,0.99999999999997,0.951221451816936,0.9998852817449227,0.9933071490757153,0.8807970779778823
838,1,1.0,1.0,0.9833333333333333,1.0,1.0,1.0,1.0,1.0,0.99999999999997,0.9459227089502139,0.9963420132546233,0.9933071490757153,0.8807970779778823
839,1,1.0,1.0,1.0,1.0,1.0,1.0,1.0,1.0,0.99999999999997,0.9657086141924253,0.7783637834582099,0.9933071490757153,0.8807970779778823
840,1,1.0,1.0,1.0,1.0,1.0,1.0,1.0,0.99990666,0.99999999999997,0.9659074369543823,0.7866891267407105,0.9933071490757153,0.8807970779778823
841,1,1.0,1.0,1.0,1.0,1.0,1.0,1.0,0.99999964,0.99999999999997,0.9606454028019458,0.5532423975531677,0.9933071490757153,0.8807970779778823
842,1,1.0,1.0,1.0,1.0,1.0,1.0,1.0,0.99999917,0.99999999999997,0.9657841104932143,0.4416199599916231,0.9933071490757153,0.8807970779778823
843,1,1.0,1.0,1.0,1.0,1.0,1.0,1.0,1.0,0.99999999999997,0.953880115057346,0.9420372454368549,0.9933071490757153,0.8807970779778823
844,1,1.0,1.0,1.0,1.0,1.0,1.0,1.0,1.0,0.99999999999997,0.960703549115081,0.7387567492043924,0.9933071490757153,0.8807970779778823
845,1,1.0,1.0,0.9833333333333333,1.0,1.0,1.0,1.0,0.9999945,0.99999999999997,0.9511643192764747,0.9996065473638286,0.9933071490757153,0.8807970779778823
846,1,1.0,1.0,1.0,1.0,1.0,1.0,1.0,0.9998148,0.99999999999997,0.9656178535480291,0.9565407929458163,0.9933071490757153,0.8807970779778823
847,1,1.0,1.0,1.0,1.0,1.0,1.0,1.0,0.99924636,0.99999999999997,0.9607318444269288,0.9856276424356207,0.9933071490757153,0.8807970779778823
848,1,1.0,1.0,0.9666666666666667,1.0,1.0,1.0,1.0,1.0,0.99999999999997,0.9309078773669814,0.8115226939651581,0.9933071490757153,0.8807970779778823
849,1,1.0,1.0,1.0,1.0,1.0,1.0,1.0,0.99999964,0.99999999999997,0.9657510707922706,0.9755829287641155,0.9933071490757153,0.8807970779778823
850,1,1.0,1.0,1.0,1.0,1.0,1.0,1.0,1.0,0.99999999999997,0.9659338877694948,0.9943239185061638,0.9933071490757153,0.8807970779778823
851,1,1.0,1.0,0.9833333333333333,1.0,1.0,1.0,1.0,1.0,0.99999999999997,0.9454950201794833,0.9503783446684738,0.9933071490757153,0.8807970779778823
852,1,1.0,1.0,1.0,1.0,1.0,1.0,1.0,1.0,0.99999999999997,0.9661346727548389,0.9869898212994083,0.9933071490757153,0.8807970779778823
853,1,1.0,1.0,1.0,1.0,1.0,1.0,1.0,0.99999654,0.99999999999997,0.9605272999725595,0.9951867161137676,0.9933071490757153,0.8807970779778823
854,1,1.0,1.0,0.9833333333333333,1.0,1.0,1.0,1.0,0.9999995,0.99999999999997,0.9514216931200359,0.9949319332992937,0.9933071490757153,0.8807970779778823
855,1,1.0,1.0,1.0,1.0,1.0,1.0,1.0,1.0,0.99999999999997,0.9605440402294799,0.9980476927783568,0.9933071490757153,0.8807970779778823
856,1,1.0,1.0,1.0,1.0,1.0,1.0,1.0,0.99909043,0.99999999999997,0.9656888711069482,0.9267641762667997,0.9933071490757153,0.8807970779778823
857,1,1.0,1.0,1.0,1.0,1.0,1.0,1.0,1.0,0.99999999999997,0.9559517426715494,0.971740291806849,0.9933071490757153,0.8807970779778823
858,1,0.0,1.0,0.9833333333333333,1.0,0.0,0.0,1.0,0.20783812,0.99999999999997,0.9459840581667571,0.8885901450321682,0.9933071490757153,0.8807970779778823
859,1,1.0,1.0,1.0,1.0,1.0,1.0,1.0,0.9999474,0.99999999999997,0.9605216822835609,0.8703637490889292,0.9933071490757153,0.8807970779778823
860,1,1.0,1.0,0.9666666666666667,1.0,1.0,1.0,1.0,1.0,0.99999999999997,0.9319150130842071,0.884208301577366,0.9933071490757153,0.8807970779778823
861,1,1.0,1.0,0.9833333333333333,1.0,1.0,1.0,1.0,1.0,0.99999999999997,0.9515511223584484,0.9301409614548177,0.9933071490757153,0.8807970779778823
862,1,1.0,1.0,0.9833333333333333,1.0,1.0,1.0,1.0,1.0,0.99999999999997,0.9514446984393511,0.9566587225470251,0.9933071490757153,0.8807970779778823
863,1,1.0,1.0,1.0,1.0,1.0,1.0,1.0,1.0,0.99999999999997,0.9656622397707219,0.9968394154821897,0.9933071490757153,0.8807970779778823
864,1,1.0,1.0,1.0,1.0,1.0,1.0,1.0,0.99999964,0.99999999999997,0.9551681927959363,0.975478069297065,0.9933071490757153,0.8807970779778823
865,1,1.0,1.0,0.9833333333333333,1.0,1.0,1.0,1.0,1.0,0.99999999999997,0.9512729063432424,0.9954328690064986,0.9933071490757153,0.8807970779778823
866,1,1.0,1.0,0.9833333333333333,1.0,1.0,1.0,1.0,0.9453398,0.99999999999997,0.9512308073495345,0.9823268531928321,0.9933071490757153,0.8807970779778823
867,1,1.0,1.0,0.9833333333333333,1.0,1.0,1.0,1.0,0.9999428,0.99999999999997,0.9399272840332391,0.9635043086147345,0.9933071490757153,0.8807970779778823
868,1,1.0,1.0,1.0,1.0,1.0,1.0,1.0,1.0,0.99999999999997,0.9660657483923584,0.9951480158457396,0.9933071490757153,0.8807970779778823
869,1,1.0,1.0,1.0,1.0,1.0,1.0,1.0,1.0,0.99999999999997,0.9658956273487705,0.999008556451352,0.9933071490757153,0.8807970779778823
870,1,1.0,1.0,1.0,1.0,1.0,1.0,1.0,1.0,0.99999999999997,0.9603423102075304,0.8858185212335951,0.9933071490757153,0.8807970779778823
871,1,1.0,1.0,0.9833333333333333,1.0,1.0,1.0,1.0,1.0,0.99999999999997,0.9516993261505938,0.9952124579518058,0.9933071490757153,0.8807970779778823
872,1,1.0,1.0,0.9833333333333333,1.0,1.0,1.0,1.0,1.0,0.99999999999997,0.9511962093275251,0.971217112825317,0.9933071490757153,0.8807970779778823
873,1,1.0,1.0,0.9833333333333333,1.0,1.0,1.0,1.0,1.0,0.99999999999997,0.9515652281223836,0.9696980906426843,0.9933071490757153,0.8807970779778823
874,1,1.0,1.0,1.0,1.0,1.0,1.0,1.0,1.0,0.99999999999997,0.9605492499170406,0.9902327354675645,0.9933071490757153,0.8807970779778823
875,1,1.0,1.0,1.0,1.0,1.0,1.0,1.0,0.99454486,0.99999999999997,0.9603220194009339,0.9997480724521922,0.9933071490757153,0.8807970779778823
876,1,1.0,1.0,1.0,1.0,1.0,1.0,1.0,1.0,0.99999999999997,0.9657567434999094,0.995705972815073,0.9933071490757153,0.8807970779778823
877,1,1.0,1.0,0.9833333333333333,1.0,1.0,1.0,1.0,1.0,0.99999999999997,0.9515851672951066,0.9975318705174454,0.9933071490757153,0.8807970779778823
878,1,1.0,1.0,0.9833333333333333,1.0,1.0,1.0,1.0,1.0,0.99999999999997,0.945886649493047,0.9771750040561795,0.9933071490757153,0.8807970779778823
879,1,1.0,1.0,1.0,1.0,1.0,1.0,1.0,0.99975055,0.99999999999997,0.9656566862680052,0.9945150666885579,0.9933071490757153,0.8807970779778823
880,1,1.0,0.7833333333333333,1.0,1.0,1.0,1.0,1.0,0.99999213,0.9971947032822069,0.7606999820204675,0.9990257050392215,0.9933071490757153,0.8807970779778823
881,0,1.0,0.7333333333333333,1.0,1.0,1.0,1.0,1.0,6.2887744e-11,0.30978814913803937,0.021968651598056364,0.947529615912967,0.9933071490757153,0.8807970779778823
882,0,1.0,1.0,1.0,1.0,1.0,1.0,1.0,5.9445018e-08,0.00911855239642586,0.019593206885241556,0.9966155355659853,0.9933071490757153,0.8807970779778823
883,0,1.0,1.0,1.0,1.0,1.0,1.0,1.0,4.050611e-13,0.004509100938975367,0.019606074036119938,0.9999738674658801,0.9933071490757153,0.8807970779778823
884,0,1.0,1.0,1.0,1.0,1.0,1.0,1.0,0.010724382,0.004641826950804586,0.01944467666439209,0.9947831447725967,0.9933071490757153,0.8807970779778823
885,0,1.0,1.0,1.0,1.0,1.0,1.0,1.0,0.24716257,0.00434551321181336,0.024577518120709473,0.9928439216578921,0.9933071490757153,0.8807970779778823
886,0,1.0,1.0,1.0,1.0,1.0,1.0,1.0,2.8969594e-11,0.005158030463041799,0.019500486310731407,0.9923473639240717,0.9933071490757153,0.8807970779778823
887,0,1.0,1.0,1.0,1.0,1.0,1.0,1.0,3.8669832e-14,0.005564032190391335,0.01963379650755743,0.9994551070751386,0.9933071490757153,0.8807970779778823
888,0,1.0,1.0,0.9833333333333333,1.0,1.0,1.0,1.0,5.148301e-10,0.004616575333534246,0.029924975702490326,0.9998547016008598,0.9933071490757153,0.8807970779778823
889,0,1.0,1.0,1.0,1.0,1.0,1.0,1.0,2.2455274e-06,0.003929427415458994,0.01960078684433805,0.9999169352888644,0.9933071490757153,0.8807970779778823
890,0,1.0,1.0,1.0,1.0,1.0,1.0,1.0,0.010724382,0.005182807999367338,0.02443365771506912,0.9947831447725967,0.9933071490757153,0.8807970779778823
891,0,1.0,1.0,1.0,1.0,1.0,1.0,1.0,4.3170695e-17,0.0046538299025903436,0.019463656228971837,0.9995796105850737,0.9933071490757153,0.8807970779778823
892,0,1.0,1.0,0.9833333333333333,1.0,1.0,1.0,1.0,0.0014032612,0.005929132910606132,0.033324823217368585,0.9902873667769994,0.9933071490757153,0.8807970779778823
893,0,1.0,1.0,0.9666666666666667,1.0,1.0,1.0,1.0,0.0057401382,0.005543864377095869,0.040815045337084785,0.9975786345663956,0.9933071490757153,0.8807970779778823
894,0,1.0,1.0,0.9833333333333333,1.0,1.0,1.0,1.0,1.5315681e-08,0.004192192011381978,0.030377283798961437,0.9953324891808154,0.9933071490757153,0.8807970779778823
895,0,1.0,1.0,0.9833333333333333,1.0,1.0,1.0,1.0,7.0933897e-12,0.004230376735074564,0.03433193591535832,0.9988938997631418,0.9933071490757153,0.8807970779778823
896,0,1.0,1.0,0.9833333333333333,1.0,0.0,0.0,1.0,4.8821308e-17,0.38619060332190996,0.4039092954181184,0.9593399269717451,0.9933071490757153,0.8807970779778823
897,1,1.0,1.0,0.9666666666666667,1.0,1.0,1.0,1.0,1.0,0.99999999999997,0.9605961988828938,0.9923029666005819,0.9933071490757153,0.8807970779778823
898,1,1.0,1.0,1.0,1.0,1.0,1.0,1.0,1.0,0.99999999999997,0.9870525634558364,0.9893606989638254,0.9933071490757153,0.8807970779778823
899,1,1.0,1.0,0.9666666666666667,1.0,1.0,1.0,1.0,1.0,0.99999999999997,0.9598553794931424,0.9834107582807888,0.9933071490757153,0.8807970779778823
900,1,1.0,1.0,1.0,1.0,1.0,1.0,1.0,1.0,0.99999999999997,0.9867422392987591,0.9981332924480197,0.9933071490757153,0.8807970779778823
901,1,1.0,1.0,1.0,1.0,1.0,1.0,1.0,0.9999583,0.99999999999997,0.9792666892972072,0.9743710436115257,0.9933071490757153,0.8807970779778823
902,1,1.0,1.0,0.9666666666666667,1.0,1.0,1.0,1.0,1.0,0.99999999999997,0.9605449691668607,0.9703647262473075,0.9933071490757153,0.8807970779778823
903,1,1.0,1.0,0.9666666666666667,1.0,1.0,1.0,1.0,0.9999994,0.99999999999997,0.9603776272573863,0.5399796203406995,0.9933071490757153,0.8807970779778823
904,1,1.0,1.0,0.9833333333333333,1.0,1.0,1.0,1.0,1.0,0.99999999999997,0.9718925339023293,0.9911357466633574,0.9933071490757153,0.8807970779778823
905,0,1.0,0.9833333333333333,1.0,1.0,0.0,1.0,1.0,6.5322037e-13,0.306419793665739,0.26483214649374565,0.9890808243106946,0.9933071490757153,0.8807970779778823
906,1,1.0,1.0,1.0,1.0,1.0,1.0,1.0,1.0,0.9668103913671812,0.9561797742021448,0.9991952088664012,0.9933071490757153,0.8807970779778823
907,1,1.0,1.0,0.9833333333333333,1.0,1.0,1.0,1.0,0.9999604,0.99999999999997,0.973664578295814,0.9791430034305112,0.9933071490757153,0.8807970779778823
908,1,1.0,1.0,0.9833333333333333,1.0,1.0,1.0,1.0,0.9999999,0.99999999999997,0.9698620282307931,0.8978241258894561,0.9933071490757153,0.8807970779778823
909,1,1.0,1.0,1.0,1.0,1.0,1.0,1.0,1.0,0.99999999999997,0.9884655942163489,0.9475763399486578,0.9933071490757153,0.8807970779778823
910,1,1.0,1.0,1.0,1.0,1.0,1.0,1.0,1.0,0.99999999999997,0.9845317473756269,0.990742028185826,0.9933071490757153,0.8807970779778823
911,1,1.0,1.0,1.0,1.0,1.0,1.0,1.0,0.99997294,0.99999999999997,0.9883310531059541,0.9356420825804335,0.9933071490757153,0.8807970779778823
912,1,1.0,1.0,1.0,1.0,1.0,1.0,1.0,1.0,0.99999999999997,0.9811637679724281,0.9914913073591773,0.9933071490757153,0.8807970779778823
913,1,1.0,1.0,1.0,1.0,1.0,1.0,1.0,1.0,0.99999999999997,0.9845009560306085,0.9443634466745817,0.9933071490757153,0.8807970779778823
914,1,1.0,1.0,1.0,1.0,1.0,1.0,1.0,1.0,0.99999999999997,0.9844887655390899,0.9936234988155211,0.9933071490757153,0.8807970779778823
915,1,1.0,1.0,0.9833333333333333,1.0,1.0,1.0,1.0,1.0,0.99999999999997,0.9736101214794581,0.9074013470719665,0.9933071490757153,0.8807970779778823
916,1,1.0,1.0,0.9833333333333333,1.0,1.0,1.0,1.0,1.0,0.99999999999997,0.974001560652704,0.9891274050056654,0.9933071490757153,0.8807970779778823
917,1,1.0,1.0,1.0,1.0,1.0,1.0,1.0,1.0,0.99999999999997,0.9884203965073929,0.9987195194109512,0.9933071490757153,0.8807970779778823
918,1,1.0,1.0,1.0,1.0,1.0,1.0,1.0,0.99999774,0.99999999999997,0.9885452070646515,0.9679323430729347,0.9933071490757153,0.8807970779778823
919,1,1.0,1.0,1.0,1.0,1.0,1.0,1.0,1.0,0.99999999999997,0.9884462969904236,0.9982886670344153,0.9933071490757153,0.8807970779778823
920,1,1.0,1.0,0.9833333333333333,1.0,1.0,1.0,1.0,1.0,0.99999999999997,0.9736654837837779,0.9972086901972916,0.9933071490757153,0.8807970779778823
921,1,1.0,1.0,1.0,1.0,1.0,1.0,1.0,1.0,0.99999999999997,0.9883979047841074,0.702048842944432,0.9933071490757153,0.8807970779778823
922,1,1.0,1.0,0.9666666666666667,1.0,1.0,1.0,1.0,0.9999981,0.99999999999997,0.955128244904064,0.9657870074881826,0.9933071490757153,0.8807970779778823
923,1,1.0,1.0,1.0,1.0,1.0,1.0,1.0,1.0,0.99999999999997,0.9847833139704971,0.9969542583411319,0.9933071490757153,0.8807970779778823
924,1,1.0,1.0,1.0,1.0,1.0,1.0,1.0,1.0,0.99999999999997,0.9883742057874808,0.9938736283982835,0.9933071490757153,0.8807970779778823
925,1,1.0,1.0,1.0,1.0,1.0,1.0,1.0,0.9999721,0.99999999999997,0.9884618545660723,0.9657025148112126,0.9933071490757153,0.8807970779778823
926,1,1.0,1.0,1.0,1.0,1.0,1.0,1.0,0.99999964,0.99999999999997,0.9807796504932262,0.9755829287641155,0.9933071490757153,0.8807970779778823
927,0,1.0,0.9666666666666667,0.9833333333333333,1.0,0.0,0.0,1.0,2.648847e-12,0.3522939856144135,0.3070894224843593,0.9990814932699816,0.9933071490757153,0.8807970779778823
928,0,1.0,1.0,0.9666666666666667,1.0,1.0,1.0,1.0,4.6067694e-06,0.008887612867056586,0.04065642796533173,0.9962442069690413,0.9933071490757153,0.8807970779778823
929,1,1.0,1.0,1.0,1.0,1.0,1.0,1.0,1.0,0.9998190250288087,0.9839556488609359,0.9993886879251982,0.9933071490757153,0.8807970779778823
930,1,1.0,1.0,0.9833333333333333,1.0,1.0,1.0,1.0,1.0,0.9999999999680157,0.9692973731514167,0.9991065816063807,0.9933071490757153,0.8807970779778823
931,1,1.0,1.0,0.9666666666666667,1.0,1.0,1.0,1.0,1.0,0.9999999998084218,0.9541148545579713,0.8322826740386946,0.9933071490757153,0.8807970779778823
932,1,1.0,1.0,0.9833333333333333,1.0,1.0,1.0,1.0,0.99999845,0.9999999993070752,0.9688805034119201,0.9402087202483198,0.9933071490757153,0.8807970779778823
933,1,1.0,1.0,1.0,1.0,1.0,1.0,1.0,1.0,0.9999999970151937,0.9840299099037174,0.989946272724573,0.9933071490757153,0.8807970779778823
934,1,1.0,1.0,1.0,1.0,1.0,1.0,1.0,0.9999989,0.999999999993131,0.9839496484329293,0.9981671179996457,0.9933071490757153,0.8807970779778823
935,1,1.0,1.0,0.9666666666666667,1.0,1.0,1.0,1.0,0.99999714,0.9999999999997123,0.954441814525397,0.9316086858026174,0.9933071490757153,0.8807970779778823
936,1,1.0,1.0,0.9833333333333333,1.0,1.0,1.0,1.0,1.0,0.9999999999954754,0.9650179200945566,0.9768122754955454,0.9933071490757153,0.8807970779778823
937,1,1.0,1.0,0.9666666666666667,1.0,1.0,1.0,1.0,1.0,0.9999999999815934,0.9542219997854541,0.7135158882154171,0.9933071490757153,0.8807970779778823
938,1,1.0,1.0,0.9833333333333333,1.0,1.0,1.0,1.0,1.0,0.9999999999037608,0.9691486625550599,0.9959614558250095,0.9933071490757153,0.8807970779778823
939,1,1.0,1.0,1.0,1.0,1.0,1.0,1.0,0.99999976,0.9999999997712836,0.9840372895628721,0.8071877541901133,0.9933071490757153,0.8807970779778823
940,1,1.0,1.0,0.9833333333333333,1.0,1.0,1.0,1.0,1.0,0.9999999999419033,0.9602559362175166,0.9989839903766677,0.9933071490757153,0.8807970779778823
941,1,1.0,1.0,0.9666666666666667,1.0,1.0,1.0,1.0,0.99999964,0.999999999948271,0.9548611059091083,0.8853707458530701,0.9933071490757153,0.8807970779778823
942,1,1.0,1.0,0.9833333333333333,1.0,1.0,1.0,1.0,1.0,0.9999999999730759,0.9687042280274177,0.9771750040561795,0.9933071490757153,0.8807970779778823
943,1,1.0,1.0,1.0,1.0,1.0,1.0,1.0,0.9999865,0.9999999999950222,0.9841093724616592,0.9806669539185048,0.9933071490757153,0.8807970779778823
944,1,1.0,1.0,0.9833333333333333,1.0,1.0,1.0,1.0,0.99999535,0.9999999998649383,0.9692688491862095,0.9783166158342678,0.9933071490757153,0.8807970779778823
945,1,1.0,1.0,0.9833333333333333,1.0,1.0,1.0,1.0,0.7532616,0.9999999999429289,0.9694772527442261,0.7082152780171436,0.9933071490757153,0.8807970779778823
946,1,1.0,1.0,1.0,1.0,1.0,1.0,1.0,1.0,0.9999999998948448,0.9839924299093432,0.9357819365267562,0.9933071490757153,0.8807970779778823
947,1,1.0,1.0,0.9833333333333333,1.0,1.0,1.0,1.0,0.9999993,0.9999999986606827,0.9694599579165755,0.9702638853892602,0.9933071490757153,0.8807970779778823
948,1,1.0,1.0,1.0,1.0,1.0,1.0,1.0,0.9999999,0.9999999995120226,0.984088521368435,0.99809579642152,0.9933071490757153,0.8807970779778823
949,1,1.0,1.0,1.0,1.0,1.0,1.0,1.0,1.0,0.9999999998891322,0.9840690334503631,0.9558620081271904,0.9933071490757153,0.8807970779778823
950,1,1.0,1.0,1.0,1.0,1.0,1.0,1.0,1.0,0.9999999998806444,0.9840275472713395,0.9997774673834056,0.9933071490757153,0.8807970779778823
951,1,1.0,1.0,0.9833333333333333,1.0,1.0,1.0,1.0,0.99592495,0.9999999982202995,0.9652099348343341,0.9558494990785062,0.9933071490757153,0.8807970779778823
952,1,1.0,1.0,1.0,1.0,1.0,1.0,1.0,1.0,0.999999928964811,0.9797605548195555,0.9450090289798143,0.9933071490757153,0.8807970779778823
953,1,1.0,1.0,1.0,1.0,1.0,1.0,1.0,1.0,0.9999999782062484,0.9840793713092554,0.9990732886227345,0.9933071490757153,0.8807970779778823
954,1,1.0,1.0,1.0,1.0,1.0,1.0,1.0,1.0,0.9999999799624708,0.9798287657681709,0.9981883038982182,0.9933071490757153,0.8807970779778823
955,1,1.0,1.0,1.0,1.0,1.0,1.0,1.0,0.9999999,0.999999976128156,0.9841583098740043,0.9997413079897652,0.9933071490757153,0.8807970779778823
956,1,1.0,1.0,1.0,1.0,1.0,1.0,1.0,1.0,0.9999999937429751,0.9797553387881164,0.9916446018030883,0.9933071490757153,0.8807970779778823
957,1,1.0,1.0,0.9666666666666667,1.0,1.0,1.0,1.0,0.99999976,0.9999999945154435,0.9546742204940816,0.9331994255903383,0.9933071490757153,0.8807970779778823
958,1,1.0,1.0,1.0,1.0,1.0,1.0,1.0,0.9999099,0.999999986720434,0.9840623477056215,0.9720665014035661,0.9933071490757153,0.8807970779778823
959,1,1.0,1.0,0.9833333333333333,1.0,1.0,1.0,1.0,0.8872051,0.9999999894446919,0.9651071554090911,0.9929785421215213,0.9933071490757153,0.8807970779778823
960,1,1.0,1.0,1.0,1.0,1.0,1.0,1.0,1.0,0.9999998085544219,0.9838288811893782,0.9954328690064986,0.9933071490757153,0.8807970779778823
961,1,1.0,1.0,1.0,1.0,1.0,1.0,1.0,0.99993825,0.9998235172633895,0.9840682434531058,0.9996093175663895,0.9933071490757153,0.8807970779778823
962,1,1.0,1.0,1.0,1.0,1.0,1.0,1.0,1.0,0.9999993496386198,0.9839959305429947,0.5442448356969801,0.9933071490757153,0.8807970779778823
963,1,1.0,1.0,0.9833333333333333,1.0,1.0,1.0,1.0,1.0,0.9998661526275068,0.9693025847751008,0.9728222253088654,0.9933071490757153,0.8807970779778823
964,1,1.0,1.0,0.9666666666666667,1.0,1.0,1.0,1.0,1.0,0.9999982791113841,0.9550427344737927,0.9954328690064986,0.9933071490757153,0.8807970779778823
965,1,0.0,1.0,0.9666666666666667,1.0,0.0,0.0,1.0,0.2371935,0.9985972562083935,0.9504054716969784,0.7946938322306907,0.9933071490757153,0.8807970779778823
966,1,1.0,1.0,0.9833333333333333,1.0,1.0,1.0,1.0,1.0,0.9989745773993403,0.9692173664838708,0.8715696181672996,0.9933071490757153,0.8807970779778823
967,1,1.0,1.0,1.0,1.0,1.0,1.0,1.0,1.0,0.998862646609361,0.9796539561865456,0.9964337157632774,0.9933071490757153,0.8807970779778823
968,1,1.0,0.9666666666666667,0.9833333333333333,1.0,1.0,1.0,1.0,0.9999995,0.8081914530996588,0.763149885251866,0.9350976926068192,0.9933071490757153,0.8807970779778823
969,1,1.0,1.0,0.9833333333333333,1.0,1.0,1.0,1.0,1.0,0.9999999999839065,0.9592886702303576,0.8253673484226914,0.9933071490757153,0.8807970779778823
970,1,1.0,1.0,1.0,1.0,1.0,1.0,1.0,1.0,0.999999999990089,0.9690175395789496,0.9963211810908195,0.9933071490757153,0.8807970779778823
971,1,1.0,1.0,1.0,1.0,1.0,1.0,1.0,0.9999999,0.9999999999400611,0.9689898597796375,0.9659800730219696,0.9933071490757153,0.8807970779778823
972,1,1.0,1.0,0.9833333333333333,1.0,1.0,1.0,1.0,1.0,0.9999999997287339,0.9590982386213553,0.9997712390785425,0.9933071490757153,0.8807970779778823
973,1,1.0,1.0,1.0,1.0,1.0,1.0,1.0,0.99981683,0.9999999993809322,0.9693222033098199,0.9718834432625131,0.9933071490757153,0.8807970779778823
974,1,1.0,1.0,0.9833333333333333,1.0,1.0,1.0,1.0,1.0,0.9999999996872383,0.9597924377746221,0.9996403155866256,0.9933071490757153,0.8807970779778823
975,1,1.0,1.0,1.0,1.0,1.0,1.0,1.0,1.0,0.9999999999949135,0.9742434945467668,0.9997487656180595,0.9933071490757153,0.8807970779778823
976,1,1.0,1.0,1.0,1.0,1.0,1.0,1.0,1.0,0.9999999999966516,0.9742826806164625,0.8122575743093396,0.9933071490757153,0.8807970779778823
977,1,1.0,1.0,1.0,1.0,1.0,1.0,1.0,0.99731064,0.9999999999974896,0.9742907614995916,0.9997332676747728,0.9933071490757153,0.8807970779778823
978,1,1.0,1.0,1.0,1.0,1.0,1.0,1.0,1.0,0.9999999999982697,0.9741557057459537,0.5843540844009023,0.9933071490757153,0.8807970779778823
979,1,1.0,1.0,1.0,1.0,1.0,1.0,1.0,0.9831955,0.9999999999964216,0.9742290076786677,0.9369625062182566,0.9933071490757153,0.8807970779778823
980,1,1.0,1.0,1.0,1.0,1.0,1.0,1.0,1.0,0.9999999999898509,0.9690979634603383,0.9968911334926136,0.9933071490757153,0.8807970779778823
981,1,1.0,1.0,1.0,1.0,1.0,1.0,1.0,0.99998283,0.9999999999873735,0.9742123086462516,0.9441498069494911,0.9933071490757153,0.8807970779778823
982,1,1.0,1.0,1.0,1.0,1.0,1.0,1.0,0.9998981,0.9999999999929599,0.9741753867105873,0.8535510714306891,0.9933071490757153,0.8807970779778823
983,1,1.0,1.0,0.9833333333333333,1.0,1.0,1.0,1.0,1.0,0.9999999999946806,0.9597882458638023,0.9846830053757968,0.9933071490757153,0.8807970779778823
984,1,1.0,1.0,1.0,1.0,1.0,1.0,1.0,0.9999999,0.9999999999991845,0.9742394702896885,0.9992660901265609,0.9933071490757153,0.8807970779778823
985,1,1.0,1.0,0.95,1.0,1.0,1.0,1.0,0.9999585,0.9999999999938577,0.930855435169334,0.9983469135392308,0.9933071490757153,0.8807970779778823
986,1,1.0,1.0,1.0,1.0,1.0,1.0,1.0,0.99965036,0.9999999999993356,0.9739671840676812,0.7738459617482861,0.9933071490757153,0.8807970779778823
987,1,1.0,1.0,1.0,1.0,1.0,1.0,1.0,0.80314577,0.9999999999991859,0.9691131490976758,0.999449674780253,0.9933071490757153,0.8807970779778823
988,1,1.0,1.0,1.0,1.0,1.0,1.0,1.0,0.99999964,0.999999999999354,0.9742556875828691,0.9941832740151826,0.9933071490757153,0.8807970779778823
989,1,1.0,1.0,0.9833333333333333,1.0,1.0,1.0,1.0,1.0,0.9999999999999165,0.9595329413703524,0.9868352315495382,0.9933071490757153,0.8807970779778823
990,1,0.0,1.0,1.0,1.0,0.0,0.0,1.0,0.3961969,0.9999999999997474,0.969367008758805,0.7282887219549145,0.9933071490757153,0.8807970779778823
991,1,1.0,1.0,1.0,1.0,1.0,1.0,1.0,0.9998981,0.9999999999890601,0.9693103267200746,0.8535510714306891,0.9933071490757153,0.8807970779778823
992,1,1.0,1.0,1.0,1.0,1.0,1.0,1.0,1.0,0.9999999999720198,0.9740607075943022,0.999738682885842,0.9933071490757153,0.8807970779778823
993,1,1.0,1.0,1.0,1.0,1.0,1.0,1.0,0.9999999,0.9999999999948076,0.9741844510081934,0.966659758110352,0.9933071490757153,0.8807970779778823
994,1,1.0,1.0,0.9833333333333333,1.0,1.0,1.0,1.0,1.0,0.99999999999939,0.9594157229718289,0.9952124579518058,0.9933071490757153,0.8807970779778823
995,1,1.0,1.0,0.9833333333333333,1.0,1.0,1.0,1.0,1.0,0.9999999997203882,0.959687429067108,0.9995709982075783,0.9933071490757153,0.8807970779778823
996,1,1.0,1.0,0.9833333333333333,1.0,1.0,1.0,1.0,1.0,0.999999999241222,0.9595422424287191,0.9951118454806464,0.9933071490757153,0.8807970779778823
997,1,1.0,1.0,0.9833333333333333,1.0,1.0,1.0,1.0,1.0,0.9999999994950713,0.959971045547448,0.9995350296760525,0.9933071490757153,0.8807970779778823
998,1,1.0,1.0,1.0,1.0,1.0,1.0,1.0,1.0,0.9999999991232049,0.974230435965733,0.8115226939651581,0.9933071490757153,0.8807970779778823
999,1,1.0,1.0,1.0,1.0,1.0,1.0,1.0,1.0,0.9999999929729649,0.974357756874911,0.9394059938535574,0.9933071490757153,0.8807970779778823
1000,1,1.0,1.0,0.9833333333333333,1.0,1.0,1.0,1.0,1.0,0.9999999849313786,0.9596465540909623,0.9989975649039395,0.9933071490757153,0.8807970779778823
1001,1,1.0,1.0,1.0,1.0,1.0,1.0,1.0,0.9999999,0.9999999997055345,0.9689892192000648,0.9992660901265609,0.9933071490757153,0.8807970779778823
1002,1,1.0,1.0,1.0,1.0,1.0,1.0,1.0,0.9998857,0.9999999999426786,0.9742733843995857,0.9692247077662743,0.9933071490757153,0.8807970779778823
1003,1,1.0,1.0,0.9833333333333333,1.0,1.0,1.0,1.0,0.9999999,0.9999999999924231,0.9591202022543014,0.9989009328289613,0.9933071490757153,0.8807970779778823
1004,1,1.0,1.0,0.9833333333333333,1.0,1.0,1.0,1.0,1.0,0.999999999999671,0.9548455126572676,0.9976477622314479,0.9933071490757153,0.8807970779778823
1005,1,1.0,1.0,1.0,1.0,1.0,1.0,1.0,1.0,0.9999999999933383,0.9740222443056082,0.9989623870422916,0.9933071490757153,0.8807970779778823
1006,1,1.0,1.0,1.0,1.0,1.0,1.0,1.0,1.0,0.9999999999914707,0.9740021064907558,0.9965971201429977,0.9933071490757153,0.8807970779778823
1007,1,1.0,1.0,1.0,1.0,1.0,1.0,1.0,0.9999987,0.9999999999970886,0.9743439442391388,0.9293554773292119,0.9933071490757153,0.8807970779778823
