win_idx,label,acc_v,acc_m,acc_u,acc_mv,acc_ds_eq,acc_ds_static,acc_ours,P_v,P_m,P_u,w_v,w_m,w_u
0,0,1.0,0.0,0.38333333333333336,0.0,0.0,0.0,1.0,2.2862873e-11,0.9992174134637613,0.514218158440193,0.9981243980711986,0.9525741268224334,0.1
1,0,1.0,0.0,0.43333333333333335,1.0,0.0,0.0,1.0,6.63057e-08,0.9978228481170393,0.4761035839334771,0.9989697674119054,0.9525741268224334,0.1
2,0,1.0,0.0,0.43333333333333335,1.0,0.0,0.0,0.0,0.101996884,0.9972238097072607,0.48672484946265804,0.9949203724076301,0.9525741268224334,0.1
3,0,1.0,0.0,0.45,1.0,0.0,0.0,1.0,5.204584e-07,0.9968065077987599,0.4582168053684518,0.995089026466219,0.9525741268224334,0.1
4,0,1.0,0.0,0.45,1.0,0.0,0.0,1.0,1.002682e-14,0.9963786659060797,0.46000589015109206,0.997773604373335,0.9525741268224334,0.1
5,0,1.0,0.0,0.25,0.0,0.0,0.0,1.0,1.9297019e-08,0.9959717291728697,0.6155795852498909,0.9976896137688731,0.9525741268224334,0.1
6,0,1.0,0.0,0.43333333333333335,1.0,0.0,0.0,1.0,9.443865e-11,0.995750133978054,0.48425455299880027,0.9990053344884574,0.9525741268224334,0.1
7,0,1.0,0.0,0.2833333333333333,0.0,0.0,0.0,1.0,1.2128203e-07,0.9956990254140071,0.5712486643583493,0.9938498234649357,0.9525741268224334,0.1
8,0,1.0,0.0,0.36666666666666664,0.0,0.0,0.0,1.0,6.0320206e-13,0.9966041325557569,0.5241626213955769,0.9992228857414609,0.9525741268224334,0.1
9,0,1.0,0.0,0.5,1.0,0.0,0.0,1.0,4.3131754e-10,0.9965686813001723,0.4319120855805487,0.9999629775814081,0.9525741268224334,0.1
10,0,1.0,0.0,0.4166666666666667,1.0,0.0,0.0,1.0,2.9420555e-09,0.9953938032264195,0.48821900420275255,0.9975517672615839,0.9525741268224334,0.1
11,0,1.0,0.0,0.4666666666666667,1.0,0.0,0.0,0.0,1.0130706e-10,0.9957065244300958,0.45549037475909243,0.9210911024844174,0.9525741268224334,0.1
12,0,1.0,0.0,0.4166666666666667,1.0,0.0,0.0,1.0,5.0328166e-12,0.9958246176735102,0.49189529532601983,0.9971366053115113,0.9525741268224334,0.1
13,0,1.0,0.0,0.31666666666666665,0.0,0.0,0.0,1.0,1.5228636e-06,0.9952779465723897,0.5596814713285412,0.9944773913507834,0.9525741268224334,0.1
14,0,1.0,0.0,0.43333333333333335,1.0,0.0,0.0,1.0,0.00046512013,0.9956649363040689,0.4701717095150613,0.9962567110645182,0.9525741268224334,0.1
15,0,1.0,0.0,0.3,0.0,0.0,0.0,0.0,2.4379879e-05,0.9968613914747979,0.5842580574149674,0.863349830276401,0.9525741268224334,0.1
16,0,0.0,0.0,0.45,0.0,0.0,0.0,0.0,0.9470502,0.9963529093886204,0.47993965591060683,0.9969701184351536,0.9525741268224334,0.1
17,0,1.0,0.0,0.3333333333333333,0.0,0.0,0.0,1.0,1.5845124e-09,0.9953709359486334,0.5523734804726568,0.9977643406632561,0.9525741268224334,0.1
18,0,1.0,0.0,0.3333333333333333,0.0,0.0,0.0,0.0,7.123883e-12,0.9947951632123769,0.5501095867266027,0.9384416007177884,0.9525741268224334,0.1
19,0,1.0,0.0,0.5666666666666667,1.0,0.0,0.0,1.0,8.930678e-13,0.9963262042182014,0.38035239751951355,0.9992624191965659,0.9525741268224334,0.1
20,0,1.0,0.0,0.45,1.0,0.0,0.0,1.0,3.0287807e-11,0.9948409369222436,0.4708378852475426,0.9987269915114377,0.9525741268224334,0.1
21,0,1.0,0.0,0.43333333333333335,1.0,0.0,0.0,0.0,2.17858e-11,0.9964876970958388,0.48696038000758546,0.6124602581392218,0.9525741268224334,0.1
22,0,1.0,0.0,0.4,1.0,0.0,0.0,1.0,0.0009685895,0.9962886818582206,0.4992343534066981,0.9940552882031537,0.9525741268224334,0.1
23,0,1.0,0.0,0.5333333333333333,1.0,0.0,0.0,1.0,8.056608e-11,0.9953185733702725,0.4118720613480576,0.9998727171931,0.9525741268224334,0.1
24,0,1.0,0.0,0.38333333333333336,0.0,0.0,0.0,1.0,5.209144e-11,0.994785013089495,0.514041535306997,0.9989851702585082,0.9525741268224334,0.1
25,0,1.0,0.0,0.45,1.0,0.0,0.0,1.0,0.0007418377,0.9966516097139713,0.4725900679177616,0.9979096703880043,0.9525741268224334,0.1
26,0,1.0,0.0,0.5,1.0,0.0,0.0,1.0,1.4350312e-12,0.9966191113384871,0.43115724958630036,0.9995000491186564,0.9525741268224334,0.1
27,0,1.0,0.0,0.38333333333333336,0.0,0.0,0.0,0.0,7.574262e-14,0.9960811980869249,0.5279849080445586,0.8686148210154644,0.9525741268224334,0.1
28,0,1.0,0.0,0.36666666666666664,0.0,0.0,0.0,1.0,1.4350312e-12,0.9952144132507571,0.5111363798279347,0.9995000491186564,0.9525741268224334,0.1
29,0,1.0,0.0,0.5,1.0,0.0,0.0,1.0,7.380884e-08,0.9941480034363568,0.4433231312679576,0.9886473111650002,0.9525741268224334,0.1
30,0,1.0,0.0,0.2833333333333333,0.0,0.0,0.0,1.0,3.1385766e-13,0.9950894679123884,0.5899154685625685,0.9999645322527106,0.9525741268224334,0.1
31,0,1.0,0.0,0.43333333333333335,1.0,0.0,0.0,0.0,0.000121736295,0.9967423727519866,0.4824275387246952,0.9417203491157764,0.9525741268224334,0.1
32,0,1.0,0.0,0.3,0.0,0.0,0.0,1.0,5.4541138e-06,0.9981882345865827,0.5818633587863679,0.9561866473815563,0.9525741268224334,0.1
33,0,1.0,0.0,0.38333333333333336,0.0,0.0,0.0,0.0,2.5808145e-05,0.9968216414267853,0.5102634840585858,0.8402784878844853,0.9525741268224334,0.1
34,0,1.0,0.0,0.4666666666666667,1.0,0.0,0.0,1.0,7.100475e-07,0.9956864631554369,0.4481533419483536,0.9787355161457602,0.9525741268224334,0.1
35,0,1.0,0.23333333333333334,0.31666666666666665,0.0,0.0,0.0,1.0,1.0330953e-13,0.9963785959436117,0.501884867717757,0.9944626925641986,0.9525741268224334,0.1
36,1,1.0,1.0,0.38333333333333336,1.0,0.0,1.0,1.0,1.0,0.9979540219145736,0.388385794495471,0.9409100867230761,0.9525741268224334,0.1
37,1,1.0,1.0,0.4166666666666667,1.0,0.0,1.0,1.0,1.0,0.9991067299090631,0.39679503450604764,0.9981522710939138,0.9525741268224334,0.1
38,1,1.0,1.0,0.4,1.0,0.0,1.0,1.0,1.0,0.999669294338723,0.40348744085444926,0.8974429012862986,0.9525741268224334,0.1
39,1,1.0,1.0,0.35,1.0,0.0,1.0,1.0,1.0,0.9998023886690924,0.3436914224789105,0.9072925059983022,0.9525741268224334,0.1
40,1,1.0,1.0,0.3333333333333333,1.0,0.0,1.0,1.0,0.99999845,0.9994447822029161,0.33825104958415847,0.9990832502990729,0.9525741268224334,0.1
41,1,1.0,1.0,0.45,1.0,0.0,1.0,1.0,1.0,0.9974533949707177,0.4624212010880012,0.9503783446684738,0.9525741268224334,0.1
42,1,1.0,1.0,0.48333333333333334,1.0,0.0,1.0,1.0,0.99956864,0.9988364479799224,0.4755560913309973,0.9800274578894133,0.9525741268224334,0.1
43,1,1.0,1.0,0.38333333333333336,1.0,0.0,1.0,1.0,0.9866621,0.9993500630950015,0.39142356837316483,0.996356961904783,0.9525741268224334,0.1
44,1,1.0,1.0,0.4,1.0,0.0,0.0,1.0,0.9344753,0.9987124892325688,0.3911432718758532,0.9994521146853734,0.9525741268224334,0.1
45,1,1.0,1.0,0.36666666666666664,1.0,0.0,1.0,1.0,1.0,0.9992381448793719,0.36199218113293585,0.9762129978175753,0.9525741268224334,0.1
46,1,1.0,1.0,0.5666666666666667,1.0,0.0,1.0,1.0,1.0,0.9999401872980396,0.5210277169385793,0.9944629846456164,0.9525741268224334,0.1
47,1,1.0,1.0,0.4,1.0,0.0,1.0,1.0,1.0,0.9988344023439203,0.4116020902615255,0.9993932485049729,0.9525741268224334,0.1
48,1,1.0,1.0,0.5166666666666667,1.0,0.0,1.0,1.0,1.0,0.9993713763438321,0.49720997048295923,0.9906087408078527,0.9525741268224334,0.1
49,1,1.0,1.0,0.38333333333333336,1.0,0.0,1.0,1.0,0.9999989,0.9999536662114006,0.38844583081315603,0.9981671179996457,0.9525741268224334,0.1
50,1,1.0,1.0,0.4166666666666667,1.0,0.0,1.0,1.0,1.0,0.9998260703577616,0.41049363072921313,0.9832106537164823,0.9525741268224334,0.1
51,1,1.0,1.0,0.48333333333333334,1.0,0.0,1.0,1.0,0.9999999,0.9998691275348873,0.4560021923355271,0.8652812347798913,0.9525741268224334,0.1
52,1,1.0,1.0,0.4166666666666667,1.0,0.0,1.0,1.0,0.99996686,0.9991083662647842,0.42143368435471135,0.9848579002532036,0.9525741268224334,0.1
53,1,1.0,1.0,0.48333333333333334,1.0,0.0,1.0,1.0,1.0,0.999388871394081,0.4469856465714017,0.9997872816964565,0.9525741268224334,0.1
54,1,1.0,1.0,0.36666666666666664,1.0,0.0,1.0,1.0,0.9993352,0.9997065936739479,0.3779487677236733,0.9748739174979452,0.9525741268224334,0.1
55,1,1.0,1.0,0.36666666666666664,1.0,0.0,1.0,1.0,1.0,0.9994172353297578,0.35610975642321,0.9995018187786445,0.9525741268224334,0.1
56,1,1.0,1.0,0.45,1.0,0.0,1.0,1.0,1.0,0.9997770420276483,0.41285412257664683,0.9171058313760776,0.9525741268224334,0.1
57,1,1.0,1.0,0.43333333333333335,1.0,0.0,1.0,1.0,0.99996245,0.9991087240000333,0.4088284673634536,0.9993071863799787,0.9525741268224334,0.1
58,1,1.0,1.0,0.5,1.0,0.0,1.0,1.0,0.9999869,0.9989479895774895,0.45820125056477035,0.9747160573614366,0.9525741268224334,0.1
59,1,1.0,1.0,0.5,1.0,0.0,1.0,1.0,0.99924254,0.9999401461656315,0.4778121785974347,0.9985192374703561,0.9525741268224334,0.1
60,1,1.0,1.0,0.43333333333333335,1.0,0.0,1.0,1.0,0.9999994,0.9997405617142037,0.4202458966041765,0.9965733045388574,0.9525741268224334,0.1
61,1,1.0,1.0,0.4166666666666667,1.0,0.0,1.0,1.0,1.0,0.9995075478751304,0.40120407259710394,0.9846660731489878,0.9525741268224334,0.1
62,1,1.0,1.0,0.4166666666666667,1.0,0.0,1.0,1.0,1.0,0.9998569145053015,0.42233019168650443,0.4836659450397039,0.9525741268224334,0.1
63,1,1.0,1.0,0.43333333333333335,1.0,0.0,1.0,1.0,0.9999317,0.999460571379292,0.399998786274246,0.9991593409317873,0.9525741268224334,0.1
64,1,1.0,1.0,0.31666666666666665,1.0,0.0,1.0,1.0,0.9999982,0.9997645401945481,0.33988665328205886,0.9761928213169195,0.9525741268224334,0.1
65,1,1.0,1.0,0.35,1.0,0.0,1.0,1.0,1.0,0.9997302820080362,0.32287167583175297,0.9980476927783568,0.9525741268224334,0.1
66,1,1.0,1.0,0.4166666666666667,1.0,0.0,1.0,1.0,0.9999945,0.9985546151984305,0.40346751380680185,0.7287134079460807,0.9525741268224334,0.1
67,1,1.0,1.0,0.5166666666666667,1.0,0.0,1.0,1.0,0.9999995,0.9993219222553147,0.4792079975496029,0.9616551689529641,0.9525741268224334,0.1
68,1,1.0,1.0,0.4666666666666667,1.0,0.0,1.0,1.0,0.99999976,0.9981582736609665,0.4593435204328124,0.9115710946153217,0.9525741268224334,0.1
69,1,1.0,1.0,0.4666666666666667,1.0,0.0,1.0,1.0,0.9951102,0.9992968505135944,0.4481916565667722,0.9998639121269547,0.9525741268224334,0.1
70,1,1.0,1.0,0.4166666666666667,1.0,0.0,1.0,1.0,1.0,0.9964862521366972,0.3877200524136264,0.9368355682767364,0.9525741268224334,0.1
71,1,1.0,1.0,0.4166666666666667,1.0,0.0,1.0,1.0,0.99999106,0.9998412033228193,0.40727141383401183,0.9989421512251961,0.9525741268224334,0.1
72,1,1.0,1.0,0.45,1.0,0.0,1.0,1.0,1.0,0.9943404593463144,0.43627156640502684,0.9987856151845251,0.9525741268224334,0.1
73,1,1.0,1.0,0.36666666666666664,1.0,0.0,1.0,1.0,1.0,0.9949205878170433,0.3632425920802303,0.9997803300375719,0.9525741268224334,0.1
74,1,1.0,1.0,0.2833333333333333,1.0,0.0,1.0,1.0,1.0,0.9988275523928267,0.31504288433003796,0.9601301543289079,0.9525741268224334,0.1
75,1,1.0,1.0,0.4166666666666667,1.0,0.0,1.0,1.0,1.0,0.9968449503839979,0.3884327022249801,0.9995621995095887,0.9525741268224334,0.1
76,1,1.0,1.0,0.3333333333333333,1.0,0.0,1.0,1.0,1.0,0.9927320764952469,0.3324959194692234,0.9754186845194424,0.9525741268224334,0.1
77,1,1.0,1.0,0.4166666666666667,1.0,0.0,1.0,1.0,0.99999774,0.992664915470297,0.4196213323033533,0.9477928356614579,0.9525741268224334,0.1
78,1,1.0,1.0,0.38333333333333336,1.0,0.0,1.0,1.0,0.99978083,0.9837497674888279,0.38335287655492295,0.9828918036425334,0.9525741268224334,0.1
79,1,1.0,1.0,0.3333333333333333,1.0,0.0,1.0,1.0,1.0,0.9947645671550113,0.3561221144360242,0.9929601146612378,0.9525741268224334,0.1
80,1,1.0,1.0,0.38333333333333336,1.0,0.0,1.0,1.0,1.0,0.9908916030387862,0.3867112510997476,0.9906978050092029,0.9525741268224334,0.1
81,1,1.0,1.0,0.4,1.0,0.0,1.0,1.0,0.99999976,0.9840297826868557,0.39051269640382447,0.9703631330630295,0.9525741268224334,0.1
82,1,1.0,1.0,0.43333333333333335,1.0,0.0,1.0,1.0,1.0,0.9888354510751951,0.4229506230219951,0.984560492979323,0.9525741268224334,0.1
83,1,1.0,1.0,0.5666666666666667,1.0,0.0,1.0,1.0,1.0,0.9782844835012593,0.5215637073366469,0.999600625903462,0.9525741268224334,0.1
84,1,1.0,1.0,0.3,1.0,0.0,0.0,1.0,0.9999993,0.9790384114199502,0.29662836520728164,0.9968474743923036,0.9525741268224334,0.1
85,1,1.0,1.0,0.5333333333333333,1.0,0.0,1.0,1.0,0.9997571,0.9691471067293466,0.4868955797542215,0.9276566667466671,0.9525741268224334,0.1
86,1,1.0,1.0,0.38333333333333336,1.0,0.0,1.0,1.0,1.0,0.9771292521494225,0.38858607667059425,0.875600586281366,0.9525741268224334,0.1
87,1,1.0,1.0,0.45,1.0,0.0,1.0,1.0,1.0,0.9732985224282404,0.45105387798175856,0.953540421649482,0.9525741268224334,0.1
88,1,1.0,1.0,0.4666666666666667,1.0,0.0,1.0,1.0,1.0,0.9874818927174346,0.46883647726545613,0.9969257462309553,0.9525741268224334,0.1
89,1,1.0,1.0,0.3333333333333333,1.0,0.0,1.0,1.0,1.0,0.98836211695365,0.35025529356702984,0.9996242969765596,0.9525741268224334,0.1
90,1,1.0,1.0,0.55,1.0,0.0,1.0,1.0,0.98029023,0.9873637395882685,0.5199723812702517,0.999864722282681,0.9525741268224334,0.1
91,1,1.0,1.0,0.4666666666666667,1.0,0.0,1.0,1.0,0.99999964,0.9950253900183371,0.4202434889919585,0.9979356050469235,0.9525741268224334,0.1
92,1,1.0,1.0,0.4666666666666667,1.0,0.0,1.0,1.0,0.99999976,0.9962992084180253,0.4451116758256678,0.9678897580837077,0.9525741268224334,0.1
93,1,1.0,1.0,0.4,1.0,0.0,1.0,1.0,1.0,0.9896107339010054,0.3755418786323188,0.9947963100242637,0.9525741268224334,0.1
94,1,1.0,1.0,0.45,1.0,0.0,1.0,1.0,0.99909043,0.9936215984225734,0.4461084346639248,0.9267641762667997,0.9525741268224334,0.1
95,1,1.0,1.0,0.38333333333333336,1.0,0.0,1.0,1.0,1.0,0.9960813354006961,0.3820296483683682,0.9915251274907846,0.9525741268224334,0.1
96,1,1.0,1.0,0.5,1.0,0.0,1.0,1.0,1.0,0.9970141257524798,0.46953100778371987,0.7411985141936639,0.9525741268224334,0.1
97,1,1.0,1.0,0.5166666666666667,1.0,0.0,1.0,1.0,1.0,0.9976389298635819,0.4833147954300985,0.9999164058215615,0.9525741268224334,0.1
98,1,1.0,1.0,0.4,1.0,0.0,1.0,1.0,0.9999995,0.9925959115192952,0.40171540439100123,0.9999389138708394,0.9525741268224334,0.1
99,1,1.0,1.0,0.4666666666666667,1.0,0.0,1.0,1.0,0.99846715,0.9977461113183707,0.42727323713721055,0.9563257710675098,0.9525741268224334,0.1
100,1,1.0,1.0,0.4,1.0,0.0,1.0,1.0,1.0,0.9956142200475058,0.3975703309366078,0.999202832985173,0.9525741268224334,0.1
101,1,1.0,1.0,0.4166666666666667,1.0,0.0,1.0,1.0,1.0,0.998359093985124,0.4174282501711794,0.9889897313430621,0.9525741268224334,0.1
102,1,1.0,1.0,0.5,1.0,0.0,1.0,1.0,1.0,0.9962318853355245,0.46292794110634167,0.9656694825543433,0.9525741268224334,0.1
103,1,1.0,1.0,0.4,1.0,0.0,1.0,1.0,1.0,0.998711337315171,0.4193517988141319,0.9716732917171034,0.9525741268224334,0.1
104,1,1.0,1.0,0.5166666666666667,1.0,0.0,1.0,1.0,1.0,0.9986587515485587,0.4896361417040679,0.963983334901068,0.9525741268224334,0.1
105,1,1.0,1.0,0.35,1.0,0.0,1.0,1.0,1.0,0.996124234509281,0.3592064073650449,0.993185255462296,0.9525741268224334,0.1
106,1,1.0,0.9166666666666666,0.35,1.0,0.0,1.0,1.0,0.99999917,0.9997025726345927,0.36911423839254603,0.9228025361256935,0.9525741268224334,0.1
107,1,1.0,1.0,0.48333333333333334,1.0,0.0,1.0,1.0,0.9999999,0.99929936273927,0.48464839134997134,0.966659758110352,0.9525741268224334,0.1
108,1,1.0,1.0,0.35,1.0,0.0,1.0,1.0,0.99942786,0.9988589644268767,0.35824581153258545,0.7877955703325484,0.9525741268224334,0.1
109,1,1.0,1.0,0.38333333333333336,1.0,0.0,1.0,1.0,1.0,0.9994055542938859,0.3848276012343554,0.9754404107408607,0.9525741268224334,0.1
110,1,1.0,1.0,0.5,1.0,0.0,1.0,1.0,0.99592495,0.99978761241175,0.48487504077823673,0.9558494990785062,0.9525741268224334,0.1
111,1,1.0,1.0,0.4166666666666667,1.0,0.0,1.0,1.0,0.99950445,0.999857198194194,0.4481252765053577,0.9977927047320769,0.9525741268224334,0.1
112,1,1.0,1.0,0.43333333333333335,1.0,0.0,1.0,1.0,1.0,0.9996055849992315,0.42935437339898486,0.9976547150661391,0.9525741268224334,0.1
113,1,1.0,1.0,0.35,1.0,0.0,1.0,1.0,1.0,0.9995565523692747,0.3578372081742574,0.999928678261195,0.9525741268224334,0.1
114,1,1.0,1.0,0.35,1.0,0.0,1.0,1.0,1.0,0.9992439987367062,0.35652457859654973,0.9443634466745817,0.9525741268224334,0.1
115,1,1.0,1.0,0.4166666666666667,1.0,0.0,1.0,1.0,0.99999964,0.9989072151059666,0.4342693290093579,0.9979356050469235,0.9525741268224334,0.1
116,1,1.0,1.0,0.4666666666666667,1.0,0.0,1.0,1.0,1.0,0.9995294828674032,0.4477330545602353,0.9475763399486578,0.9525741268224334,0.1
117,1,1.0,1.0,0.43333333333333335,1.0,0.0,1.0,1.0,1.0,0.9994769716152145,0.43048806544094237,0.9994110274828056,0.9525741268224334,0.1
118,1,1.0,1.0,0.3333333333333333,1.0,0.0,1.0,1.0,1.0,0.9996975855337146,0.3646784551211509,0.8850734091184727,0.9525741268224334,0.1
119,1,1.0,1.0,0.5166666666666667,1.0,0.0,1.0,1.0,1.0,0.9999329675922471,0.4841191789656412,0.9985117554357643,0.9525741268224334,0.1
120,1,1.0,1.0,0.35,1.0,0.0,1.0,1.0,0.9989341,0.9994809827702543,0.353632874200699,0.9603515077435356,0.9525741268224334,0.1
121,1,1.0,1.0,0.45,1.0,0.0,1.0,1.0,0.9999999,0.9983073664037262,0.42506804018481387,0.9957479829237773,0.9525741268224334,0.1
122,1,1.0,1.0,0.36666666666666664,1.0,0.0,1.0,1.0,1.0,0.9998994876647571,0.36539710978032797,0.9951480158457396,0.9525741268224334,0.1
123,1,1.0,1.0,0.36666666666666664,1.0,0.0,1.0,1.0,0.99999976,0.9997092708695304,0.37087943657752753,0.9331994255903383,0.9525741268224334,0.1
124,1,1.0,1.0,0.5666666666666667,1.0,1.0,1.0,1.0,1.0,0.9998347644456056,0.5421517322852644,0.9997811453437497,0.9525741268224334,0.1
125,1,1.0,1.0,0.3333333333333333,1.0,0.0,1.0,1.0,0.99999964,0.9982692974252302,0.35098064033309284,0.9941832740151826,0.9525741268224334,0.1
126,1,1.0,1.0,0.38333333333333336,1.0,0.0,1.0,1.0,1.0,0.9996470574665433,0.39511773140348433,0.9999360260415421,0.9525741268224334,0.1
127,1,1.0,1.0,0.43333333333333335,1.0,0.0,1.0,1.0,1.0,0.999955961188741,0.42131601515451733,0.9603330174197002,0.9525741268224334,0.1
128,1,1.0,1.0,0.3,1.0,0.0,1.0,1.0,1.0,0.9996095068345637,0.32546930896135307,0.9982457461874501,0.9525741268224334,0.1
129,1,1.0,0.7666666666666667,0.4666666666666667,1.0,0.0,1.0,1.0,1.0,0.9972288496934186,0.4365878644466561,0.9487468089478669,0.9525741268224334,0.1
130,0,1.0,0.0,0.36666666666666664,0.0,0.0,0.0,1.0,4.050611e-13,0.9964025524019388,0.5298126551903639,0.9999738674658801,0.9525741268224334,0.1
131,0,1.0,0.0,0.45,1.0,0.0,0.0,1.0,2.6567138e-13,0.9968464056163069,0.4551611056057779,0.9994991133216428,0.9525741268224334,0.1
132,0,1.0,0.0,0.38333333333333336,0.0,0.0,0.0,0.0,1.3793542e-11,0.9952553782322426,0.5050192952599162,0.8499248324913039,0.9525741268224334,0.1
133,0,1.0,0.0,0.38333333333333336,0.0,0.0,0.0,0.0,5.774127e-07,0.9957507483689354,0.5112680109717316,0.7392579426704788,0.9525741268224334,0.1
134,0,1.0,0.0,0.5333333333333333,1.0,0.0,0.0,1.0,1.2289132e-09,0.9942424274867133,0.40452884182116455,0.9988158786655417,0.9525741268224334,0.1
135,0,1.0,0.0,0.3,0.0,0.0,0.0,1.0,3.1021405e-05,0.9958782250040484,0.5658650608188686,0.992244658712494,0.9525741268224334,0.1
136,0,1.0,0.0,0.4166666666666667,1.0,0.0,0.0,1.0,8.0980866e-10,0.9960781082725063,0.4833785563184414,0.9993301334590823,0.9525741268224334,0.1
137,0,1.0,0.0,0.2833333333333333,0.0,0.0,0.0,1.0,6.630535e-15,0.9957576278617194,0.577972574101358,0.9991791073955166,0.9525741268224334,0.1
138,0,1.0,0.0,0.31666666666666665,0.0,0.0,0.0,1.0,5.268885e-09,0.9963969994303988,0.5679417251392906,0.9982910769361257,0.9525741268224334,0.1
139,0,1.0,0.0,0.3,0.0,0.0,0.0,1.0,2.8691318e-13,0.9968688953878236,0.5689966365763104,0.9994399434270754,0.9525741268224334,0.1
140,0,1.0,0.0,0.55,1.0,0.0,0.0,1.0,0.00064226025,0.9950698334836899,0.392662232072086,0.9870152396532511,0.9525741268224334,0.1
141,0,1.0,0.0,0.5166666666666667,1.0,0.0,0.0,1.0,9.4489917e-07,0.9968981260596235,0.41255294910024265,0.9963815096452862,0.9525741268224334,0.1
142,0,1.0,0.0,0.45,1.0,0.0,0.0,1.0,6.5322037e-13,0.9952741725541079,0.4736028350619045,0.9890808243106946,0.9525741268224334,0.1
143,0,1.0,0.0,0.38333333333333336,0.0,0.0,0.0,1.0,1.9147617e-08,0.9970445375852784,0.5171551316277996,0.9973191904244734,0.9525741268224334,0.1
144,0,1.0,0.0,0.31666666666666665,0.0,0.0,0.0,1.0,5.0837592e-05,0.9968844284589874,0.5430427429320532,0.9984385426576589,0.9525741268224334,0.1
145,0,1.0,0.0,0.48333333333333334,1.0,0.0,0.0,0.0,4.784603e-15,0.9957045368471397,0.43400687668215787,0.9143710327642477,0.9525741268224334,0.1
146,0,1.0,0.0,0.25,0.0,0.0,0.0,1.0,9.515115e-12,0.9960398783923814,0.6297570442167225,0.9973373582263169,0.9525741268224334,0.1
147,0,1.0,0.0,0.35,0.0,0.0,0.0,1.0,0.016915737,0.9962314997903209,0.5346612318078663,0.9758933953255655,0.9525741268224334,0.1
148,0,1.0,0.0,0.3,0.0,0.0,0.0,1.0,9.94372e-06,0.996712714434759,0.5885638538666652,0.998877520952323,0.9525741268224334,0.1
149,0,1.0,0.0,0.4166666666666667,1.0,0.0,0.0,1.0,4.5217034e-14,0.9965234307055197,0.47316086416136466,0.997224489022312,0.9525741268224334,0.1
150,0,1.0,0.0,0.38333333333333336,1.0,0.0,0.0,1.0,2.8237964e-11,0.9967491004926932,0.49655071463854605,0.9987014944203892,0.9525741268224334,0.1
151,0,1.0,0.0,0.38333333333333336,0.0,0.0,0.0,0.0,0.16844767,0.9968736262815906,0.5077704552482395,0.9520628237659403,0.9525741268224334,0.1
152,0,1.0,0.0,0.36666666666666664,0.0,0.0,0.0,1.0,0.0012759393,0.9961453265422004,0.5386579179741698,0.999319881900865,0.9525741268224334,0.1
153,0,1.0,0.0,0.45,1.0,0.0,0.0,1.0,5.5916747e-12,0.9959704241875923,0.45212363856007465,0.9999113816733988,0.9525741268224334,0.1
154,0,1.0,0.0,0.43333333333333335,1.0,0.0,0.0,1.0,3.5195757e-12,0.9964159191833658,0.47824838370206485,0.9975957472701144,0.9525741268224334,0.1
155,0,1.0,0.0,0.35,0.0,0.0,0.0,0.0,1.5368566e-11,0.9969903836755362,0.5469937359066057,0.8699291426676556,0.9525741268224334,0.1
156,0,1.0,0.0,0.31666666666666665,0.0,0.0,0.0,0.0,0.37659,0.9959253023221709,0.5690225727903323,0.9988807379930776,0.9525741268224334,0.1
157,0,1.0,0.0,0.45,1.0,0.0,0.0,1.0,0.0006862862,0.9967785402130396,0.4632903843734783,0.9986341265297964,0.9525741268224334,0.1
158,0,1.0,0.0,0.4166666666666667,1.0,0.0,0.0,1.0,2.5177649e-06,0.9967389447438494,0.4854377699829285,0.9985912499119581,0.9525741268224334,0.1
159,0,1.0,0.0,0.4666666666666667,1.0,0.0,0.0,0.0,1.9998965e-09,0.9964567273686453,0.4498161484908748,0.9352307642550253,0.9525741268224334,0.1
160,0,1.0,0.0,0.4666666666666667,1.0,0.0,0.0,1.0,9.43027e-12,0.9947304166475485,0.44148334254076477,0.9993141221603339,0.9525741268224334,0.1
161,0,1.0,0.0,0.5666666666666667,1.0,0.0,0.0,1.0,0.00013616924,0.9964479160114504,0.37315329294270433,0.9965751714933145,0.9525741268224334,0.1
162,0,1.0,0.0,0.48333333333333334,1.0,0.0,0.0,1.0,0.0007418377,0.9961073202120599,0.4508643804335618,0.9979096703880043,0.9525741268224334,0.1
163,0,1.0,0.0,0.43333333333333335,1.0,0.0,0.0,0.0,2.9293648e-18,0.9968981806835299,0.47292230517364725,0.668633499333044,0.9525741268224334,0.1
164,0,1.0,0.0,0.38333333333333336,0.0,0.0,0.0,1.0,2.4823036e-08,0.9966810715205306,0.5113303275257061,0.9963290747042799,0.9525741268224334,0.1
165,0,0.0,0.0,0.4166666666666667,0.0,0.0,0.0,0.0,0.97912997,0.9958143363865425,0.4731387476889694,0.9998045088193734,0.9525741268224334,0.1
166,0,1.0,0.0,0.38333333333333336,1.0,0.0,0.0,1.0,1.2561942e-11,0.9957337764144341,0.49836057323784977,0.9999084199867683,0.9525741268224334,0.1
167,0,1.0,0.0,0.31666666666666665,0.0,0.0,0.0,0.0,1.5565705e-09,0.9967071958723174,0.5642165265438553,0.8844975245441904,0.9525741268224334,0.1
168,0,1.0,0.0,0.38333333333333336,0.0,0.0,0.0,1.0,4.784352e-13,0.9958042457962487,0.5144268218999826,0.9984631733179636,0.9525741268224334,0.1
169,0,1.0,0.0,0.43333333333333335,1.0,0.0,0.0,1.0,0.0031911237,0.9968957238603573,0.4900564565933701,0.9991284526583184,0.9525741268224334,0.1
170,0,1.0,0.0,0.4666666666666667,1.0,0.0,0.0,1.0,0.0006641193,0.9963492570131182,0.4614982058771233,0.9998699378951041,0.9525741268224334,0.1
171,0,1.0,0.0,0.5,1.0,0.0,0.0,1.0,2.7918673e-05,0.9972865330084756,0.4266594915203191,0.9573858508439491,0.9525741268224334,0.1
172,0,1.0,0.0,0.38333333333333336,0.0,0.0,0.0,1.0,9.515115e-12,0.9959751106463184,0.5180730054711051,0.9973373582263169,0.9525741268224334,0.1
173,0,1.0,0.0,0.36666666666666664,0.0,0.0,0.0,1.0,0.00031074145,0.9956219913640568,0.5440013020144937,0.960972043234266,0.9525741268224334,0.1
174,0,1.0,0.0,0.4,1.0,0.0,0.0,1.0,2.2928418e-07,0.9961752612904698,0.49493012620829746,0.9996198764446078,0.9525741268224334,0.1
175,0,1.0,0.0,0.48333333333333334,1.0,0.0,0.0,1.0,4.3170695e-17,0.9951813369398966,0.44315533317026473,0.9995796105850737,0.9525741268224334,0.1
176,1,1.0,0.8833333333333333,0.35,1.0,0.0,1.0,1.0,0.9999987,0.9809266640440029,0.4159884174655957,0.9293554773292119,0.9525741268224334,0.1
177,1,1.0,1.0,0.36666666666666664,1.0,0.0,1.0,1.0,1.0,0.9926538868832847,0.3718448686155706,0.9171058313760776,0.9525741268224334,0.1
178,1,1.0,1.0,0.38333333333333336,1.0,0.0,1.0,1.0,1.0,0.9949729948201285,0.40032397100813605,0.9940818748120316,0.9525741268224334,0.1
179,1,1.0,1.0,0.43333333333333335,1.0,0.0,1.0,1.0,1.0,0.9766678509263468,0.4473991961795811,0.998890403927713,0.9525741268224334,0.1
180,1,1.0,1.0,0.35,1.0,0.0,1.0,1.0,0.9999869,0.9873456173877992,0.37696967799113634,0.9747160573614366,0.9525741268224334,0.1
181,1,1.0,1.0,0.4166666666666667,1.0,0.0,1.0,1.0,0.99999976,0.9902317030118828,0.41023525227018565,0.9929735373418466,0.9525741268224334,0.1
182,1,1.0,1.0,0.48333333333333334,1.0,0.0,1.0,1.0,0.9999981,0.9977367991663483,0.49038970092317197,0.7108218047522769,0.9525741268224334,0.1
183,1,1.0,1.0,0.3333333333333333,1.0,0.0,1.0,1.0,1.0,0.9917533867340187,0.3663138681922117,0.9989623870422916,0.9525741268224334,0.1
184,1,1.0,1.0,0.3333333333333333,1.0,0.0,1.0,1.0,0.99999475,0.9856505211860619,0.37993334274974333,0.9992269546581408,0.9525741268224334,0.1
185,1,1.0,1.0,0.36666666666666664,1.0,0.0,0.0,1.0,0.642584,0.9928049484701705,0.39859938941219936,0.9998852817449227,0.9525741268224334,0.1
186,1,1.0,1.0,0.38333333333333336,1.0,0.0,1.0,1.0,1.0,0.9748979776655279,0.39667127764925475,0.971166159596237,0.9525741268224334,0.1
187,1,1.0,1.0,0.45,1.0,0.0,1.0,1.0,1.0,0.9835399968406651,0.45275234352138843,0.9993338303467438,0.9525741268224334,0.1
188,1,1.0,1.0,0.4666666666666667,1.0,0.0,1.0,1.0,0.9999993,0.9887729891453757,0.47902438179007983,0.9968474743923036,0.9525741268224334,0.1
189,1,1.0,1.0,0.5333333333333333,1.0,0.0,1.0,1.0,1.0,0.987074228682942,0.532216979529075,0.9487468089478669,0.9525741268224334,0.1
190,1,1.0,1.0,0.4166666666666667,1.0,0.0,1.0,1.0,1.0,0.9952386781247715,0.43461100965941274,0.9980476927783568,0.9525741268224334,0.1
191,1,1.0,1.0,0.4666666666666667,1.0,0.0,1.0,1.0,0.9999976,0.9871790382689951,0.4627676135458287,0.9997428013212655,0.9525741268224334,0.1
192,1,1.0,1.0,0.5333333333333333,1.0,1.0,1.0,1.0,0.9999999,0.9954967488597181,0.54012107786354,0.9997413079897652,0.9525741268224334,0.1
193,1,1.0,1.0,0.4,1.0,0.0,1.0,1.0,0.9909061,0.9969623360133569,0.4229691103221824,0.9989980071378569,0.9525741268224334,0.1
194,1,1.0,1.0,0.38333333333333336,1.0,0.0,1.0,1.0,1.0,0.9875591108062787,0.3912135614118322,0.9966008837952709,0.9525741268224334,0.1
195,1,1.0,1.0,0.3333333333333333,1.0,0.0,1.0,1.0,0.9998857,0.9889406045869137,0.36144577271127826,0.9692247077662743,0.9525741268224334,0.1
196,1,1.0,1.0,0.48333333333333334,1.0,0.0,1.0,1.0,0.99999845,0.9902710815974787,0.4756872552351047,0.5195717636233617,0.9525741268224334,0.1
197,1,1.0,1.0,0.5166666666666667,1.0,0.0,1.0,1.0,0.9993013,0.9960450345740443,0.520439865547433,0.9912138629047057,0.9525741268224334,0.1
198,1,1.0,1.0,0.43333333333333335,1.0,0.0,1.0,1.0,1.0,0.9865049319578342,0.44532247573236605,0.9985578647082707,0.9525741268224334,0.1
199,1,1.0,1.0,0.36666666666666664,1.0,0.0,1.0,1.0,1.0,0.9828566765342721,0.382869650171525,0.9984353243348273,0.9525741268224334,0.1
200,1,1.0,1.0,0.5,1.0,0.0,1.0,1.0,1.0,0.986374156927705,0.500449761192717,0.998599409514803,0.9525741268224334,0.1
201,1,1.0,1.0,0.4,1.0,0.0,1.0,1.0,1.0,0.9913899483132903,0.42163927699277765,0.9968664517822112,0.9525741268224334,0.1
202,1,1.0,1.0,0.4166666666666667,1.0,0.0,1.0,1.0,1.0,0.9746459923951036,0.4366818781668024,0.9987920602955351,0.9525741268224334,0.1
203,1,1.0,1.0,0.45,1.0,0.0,1.0,1.0,1.0,0.9835813297489915,0.4694693522167586,0.9909717609961073,0.9525741268224334,0.1
204,1,1.0,1.0,0.5,1.0,0.0,1.0,1.0,0.94998187,0.9672891605565218,0.4999289826242831,0.9776177002934631,0.9525741268224334,0.1
205,1,1.0,1.0,0.55,1.0,0.0,1.0,1.0,1.0,0.9771098371985827,0.5363925502279705,0.9830470668189278,0.9525741268224334,0.1
206,1,1.0,1.0,0.45,1.0,0.0,1.0,1.0,1.0,0.9723848117824573,0.45518365136606875,0.9297516384348616,0.9525741268224334,0.1
207,1,1.0,1.0,0.4,1.0,0.0,1.0,1.0,1.0,0.9581764454655574,0.4035612607647481,0.5901043565318504,0.9525741268224334,0.1
208,1,1.0,1.0,0.48333333333333334,1.0,0.0,1.0,1.0,1.0,0.947105502610071,0.47394317195934305,0.9553544289531872,0.9525741268224334,0.1
209,1,1.0,1.0,0.36666666666666664,1.0,0.0,1.0,1.0,1.0,0.9631357771575464,0.3955660893561806,0.9993075318279533,0.9525741268224334,0.1
210,1,1.0,1.0,0.23333333333333334,1.0,0.0,0.0,1.0,1.0,0.9614329418336152,0.2584502512292671,0.997173786055667,0.9525741268224334,0.1
211,1,1.0,0.95,0.48333333333333334,1.0,0.0,0.0,1.0,0.85659516,0.9600040179581096,0.47434823355276007,0.9817572460242391,0.9525741268224334,0.1
212,0,1.0,0.0,0.5,1.0,0.0,0.0,1.0,7.163513e-10,0.9979170288253555,0.4338552630857183,0.9985609462823445,0.9525741268224334,0.1
213,0,1.0,0.0,0.5,1.0,0.0,0.0,1.0,0.0055280486,0.9967743866849926,0.4247654836093815,0.9982297915357343,0.9525741268224334,0.1
214,0,1.0,0.0,0.43333333333333335,1.0,0.0,0.0,1.0,8.560347e-11,0.9964832945908676,0.4606618116071667,0.9999322350094166,0.9525741268224334,0.1
215,0,1.0,0.0,0.43333333333333335,1.0,0.0,0.0,1.0,7.42085e-11,0.9961922351194057,0.48380339639603687,0.9958929584115345,0.9525741268224334,0.1
216,0,1.0,0.0,0.43333333333333335,1.0,0.0,0.0,1.0,1.0258411e-07,0.9963476526363567,0.47869999040670846,0.9970533000786896,0.9525741268224334,0.1
217,0,1.0,0.0,0.38333333333333336,0.0,0.0,0.0,1.0,0.0009367843,0.9966686318954453,0.5132531110603906,0.9986765102495536,0.9525741268224334,0.1
218,0,1.0,0.0,0.45,1.0,0.0,0.0,1.0,1.1276287e-08,0.997251086258671,0.4607748118223143,0.9932938432728678,0.9525741268224334,0.1
219,0,1.0,0.0,0.45,1.0,0.0,0.0,1.0,5.0837592e-05,0.9963831806078866,0.4576842382417147,0.9984385426576589,0.9525741268224334,0.1
220,0,1.0,0.0,0.4666666666666667,1.0,0.0,0.0,1.0,3.569089e-11,0.9952542028710224,0.46757876871347803,0.9976438190080371,0.9525741268224334,0.1
221,0,1.0,0.0,0.38333333333333336,0.0,0.0,0.0,1.0,1.8047841e-11,0.9966059348668583,0.5183905857495051,0.9970289773666676,0.9525741268224334,0.1
222,0,1.0,0.0,0.5,1.0,0.0,0.0,1.0,3.268695e-08,0.9963398682256006,0.42576287979467936,0.9522030438304865,0.9525741268224334,0.1
223,0,1.0,0.0,0.45,1.0,0.0,0.0,1.0,1.2416042e-05,0.9958958257673631,0.4517797800102383,0.9950772644993215,0.9525741268224334,0.1
224,0,1.0,0.0,0.4,1.0,0.0,0.0,1.0,1.2128203e-07,0.995936207214946,0.48299511452904487,0.9938498234649357,0.9525741268224334,0.1
225,0,1.0,0.0,0.38333333333333336,0.0,0.0,0.0,0.0,6.601669e-13,0.997141415638248,0.5096100004617943,0.8920083556219052,0.9525741268224334,0.1
226,0,1.0,0.0,0.31666666666666665,0.0,0.0,0.0,1.0,5.93047e-08,0.9967244160210739,0.5826638363072901,0.9969522150498246,0.9525741268224334,0.1
227,0,1.0,0.0,0.4,0.0,0.0,0.0,1.0,1.34702715e-17,0.9957007608652461,0.50165140678735,0.9988362638804057,0.9525741268224334,0.1
228,0,1.0,0.0,0.48333333333333334,1.0,0.0,0.0,1.0,8.972034e-12,0.99610502459716,0.45620380713525704,0.9884362380431572,0.9525741268224334,0.1
229,0,1.0,0.0,0.3333333333333333,0.0,0.0,0.0,1.0,1.8834342e-11,0.996230971074778,0.5550541030169632,0.9996635211255064,0.9525741268224334,0.1
230,0,1.0,0.0,0.5,1.0,0.0,0.0,1.0,1.0862976e-07,0.9960163217730224,0.427406287081808,0.9935181734954961,0.9525741268224334,0.1
231,0,1.0,0.0,0.4,0.0,0.0,0.0,1.0,1.0851504e-11,0.9967385692654112,0.5083257073463466,0.9992147424472545,0.9525741268224334,0.1
232,0,1.0,0.0,0.4,1.0,0.0,0.0,1.0,2.108006e-12,0.9964313607649665,0.4888080121120803,0.9983889404453765,0.9525741268224334,0.1
233,0,1.0,0.0,0.4166666666666667,1.0,0.0,0.0,1.0,1.0165376e-13,0.9956518046984895,0.4958393465116368,0.9995516438075235,0.9525741268224334,0.1
234,1,1.0,0.5,0.38333333333333336,1.0,0.0,1.0,1.0,1.0,0.9982884699118065,0.3956382635475701,0.9171058313760776,0.9525741268224334,0.1
235,1,1.0,1.0,0.43333333333333335,1.0,0.0,1.0,1.0,0.9999999,0.9995918568906442,0.39937383353801853,0.9084862890809267,0.9525741268224334,0.1
236,1,1.0,1.0,0.3333333333333333,1.0,0.0,1.0,1.0,1.0,0.997812118823976,0.29541201596514466,0.9994834206802832,0.9525741268224334,0.1
237,1,1.0,1.0,0.3,1.0,0.0,1.0,1.0,0.99991333,0.999397765099706,0.33333008791366303,0.8393939255839389,0.9525741268224334,0.1
238,1,1.0,1.0,0.3333333333333333,1.0,0.0,1.0,1.0,1.0,0.999541012043472,0.31312641220881254,0.9991079571042251,0.9525741268224334,0.1
239,1,1.0,1.0,0.5166666666666667,1.0,0.0,1.0,1.0,1.0,0.999446977795754,0.47018432367387714,0.9984813614304807,0.9525741268224334,0.1
240,1,1.0,1.0,0.48333333333333334,1.0,0.0,1.0,1.0,0.9999999,0.9999521927319873,0.4142741842188557,0.9914744526171666,0.9525741268224334,0.1
241,1,1.0,1.0,0.43333333333333335,1.0,0.0,1.0,1.0,0.9999602,0.9993629997956167,0.40634782668082897,0.9960379116227772,0.9525741268224334,0.1
242,1,1.0,1.0,0.55,1.0,1.0,1.0,1.0,0.99999964,0.9997872752266781,0.5289176984202733,0.9755829287641155,0.9525741268224334,0.1
243,1,1.0,1.0,0.38333333333333336,1.0,0.0,1.0,1.0,1.0,0.999592554406962,0.3664901465164522,0.9982457461874501,0.9525741268224334,0.1
244,1,1.0,1.0,0.35,1.0,0.0,1.0,1.0,1.0,0.996035751116655,0.34725935883017806,0.9345542719332387,0.9525741268224334,0.1
245,1,1.0,1.0,0.5333333333333333,1.0,0.0,1.0,1.0,0.99999106,0.9985498266101257,0.4412029819853549,0.9989421512251961,0.9525741268224334,0.1
246,1,1.0,1.0,0.48333333333333334,1.0,0.0,1.0,1.0,1.0,0.9997536666602337,0.4400781072473135,0.5466134916662526,0.9525741268224334,0.1
247,1,1.0,1.0,0.5,1.0,0.0,1.0,1.0,1.0,0.9997624861213859,0.443512389221338,0.9947851984725514,0.9525741268224334,0.1
248,1,1.0,1.0,0.3333333333333333,1.0,0.0,1.0,1.0,1.0,0.9999074203581526,0.33266041267291985,0.9618600256194876,0.9525741268224334,0.1
249,1,1.0,1.0,0.6,1.0,0.0,1.0,1.0,1.0,0.9990792454059264,0.5045005421647064,0.9989937828018298,0.9525741268224334,0.1
250,1,1.0,1.0,0.55,1.0,0.0,1.0,1.0,0.95389265,0.9996967370649081,0.5111736006058871,0.9511334193575761,0.9525741268224334,0.1
251,1,1.0,1.0,0.38333333333333336,1.0,0.0,1.0,1.0,1.0,0.9991317272140691,0.35004184203874283,0.9944290580531371,0.9525741268224334,0.1
252,1,1.0,1.0,0.5166666666666667,1.0,0.0,1.0,1.0,0.9999902,0.9994983682438765,0.4772697501489272,0.9578681363204652,0.9525741268224334,0.1
253,1,1.0,1.0,0.4666666666666667,1.0,0.0,1.0,1.0,1.0,0.9995316939346728,0.44672071772735106,0.999194102436068,0.9525741268224334,0.1
254,1,1.0,1.0,0.4166666666666667,1.0,0.0,1.0,1.0,1.0,0.9993706458712058,0.3885161309735445,0.9997253622412869,0.9525741268224334,0.1
255,1,1.0,1.0,0.45,1.0,0.0,1.0,1.0,0.99454486,0.9992801010006567,0.4424286930356737,0.9997480724521922,0.9525741268224334,0.1
256,1,1.0,1.0,0.5166666666666667,1.0,0.0,1.0,1.0,1.0,0.9999285911587434,0.4744860048236333,0.9679310901720676,0.9525741268224334,0.1
257,1,1.0,1.0,0.4,1.0,0.0,1.0,1.0,1.0,0.9997348000211108,0.35546753886510357,0.9953335183259194,0.9525741268224334,0.1
258,1,1.0,1.0,0.3333333333333333,1.0,0.0,1.0,1.0,0.9996414,0.998218898190557,0.34429796778221144,0.9920386398102135,0.9525741268224334,0.1
259,1,1.0,1.0,0.4,1.0,0.0,1.0,1.0,0.9998722,0.9998888022697194,0.3817905872710543,0.8600751005582272,0.9525741268224334,0.1
260,1,1.0,1.0,0.36666666666666664,1.0,0.0,1.0,1.0,1.0,0.9995540747949213,0.3369991748843916,0.9994834206802832,0.9525741268224334,0.1
261,1,1.0,1.0,0.3333333333333333,1.0,0.0,1.0,1.0,1.0,0.9995142307721646,0.334706056976588,0.9297786559752929,0.9525741268224334,0.1
262,1,1.0,1.0,0.55,1.0,0.0,1.0,1.0,1.0,0.9996681651085718,0.5177315896458323,0.997978840729392,0.9525741268224334,0.1
263,1,1.0,1.0,0.36666666666666664,1.0,0.0,1.0,1.0,1.0,0.9994015239047199,0.3569514790688331,0.9257418455663027,0.9525741268224334,0.1
264,1,1.0,1.0,0.4,1.0,0.0,1.0,1.0,1.0,0.9993897074902296,0.4102859571657616,0.7966613487241977,0.9525741268224334,0.1
265,1,1.0,1.0,0.43333333333333335,1.0,0.0,1.0,1.0,1.0,0.9990158220787962,0.4145383643483746,0.9982457461874501,0.9525741268224334,0.1
266,1,1.0,1.0,0.5,1.0,0.0,1.0,1.0,1.0,0.998244548995029,0.4691879992642519,0.9993035162362859,0.9525741268224334,0.1
267,1,1.0,1.0,0.4,1.0,0.0,1.0,1.0,1.0,0.998694543310737,0.3655048504306355,0.9985337371222517,0.9525741268224334,0.1
268,1,1.0,1.0,0.5,1.0,0.0,1.0,1.0,0.99955505,0.9987530456466146,0.45690899151966463,0.9942653234546648,0.9525741268224334,0.1
269,1,1.0,1.0,0.48333333333333334,1.0,0.0,1.0,1.0,1.0,0.9978511566080708,0.44603777582747794,0.984560492979323,0.9525741268224334,0.1
270,1,1.0,1.0,0.2833333333333333,1.0,0.0,1.0,1.0,0.9999969,0.9990640829126505,0.28910232058900226,0.9978105983588726,0.9525741268224334,0.1
271,1,1.0,1.0,0.38333333333333336,1.0,0.0,1.0,1.0,1.0,0.9969036262767564,0.36290300146972554,0.9846660731489878,0.9525741268224334,0.1
272,1,1.0,1.0,0.4166666666666667,1.0,0.0,1.0,1.0,1.0,0.9999309246091332,0.4158818841531851,0.9826271149828205,0.9525741268224334,0.1
273,1,1.0,1.0,0.45,1.0,0.0,1.0,1.0,1.0,0.9964338160782642,0.4080979419971588,0.9906978050092029,0.9525741268224334,0.1
274,1,1.0,1.0,0.45,1.0,0.0,1.0,1.0,1.0,0.9958759509371475,0.43962697664405387,0.9458641055920962,0.9525741268224334,0.1
275,1,1.0,1.0,0.4666666666666667,1.0,0.0,1.0,1.0,1.0,0.9946391625644001,0.437083771473705,0.9905723158815847,0.9525741268224334,0.1
276,1,1.0,1.0,0.43333333333333335,1.0,0.0,1.0,1.0,1.0,0.9949380335186786,0.39586006804187707,0.9969542583411319,0.9525741268224334,0.1
277,1,1.0,1.0,0.4,1.0,0.0,1.0,1.0,1.0,0.9953811026302055,0.367069398820631,0.9992979134407941,0.9525741268224334,0.1
278,1,1.0,1.0,0.38333333333333336,1.0,0.0,1.0,1.0,1.0,0.9971086792017012,0.39176616516397444,0.9995567552873014,0.9525741268224334,0.1
279,1,1.0,1.0,0.5833333333333334,1.0,1.0,1.0,1.0,1.0,0.9995314668132175,0.5556018183059851,0.9981883038982182,0.9525741268224334,0.1
280,1,1.0,1.0,0.36666666666666664,1.0,0.0,1.0,1.0,0.99999106,0.9991840828003714,0.3525288226192704,0.9989421512251961,0.9525741268224334,0.1
281,1,1.0,1.0,0.45,1.0,0.0,0.0,1.0,0.80314577,0.9978847236057997,0.41946831852629274,0.999449674780253,0.9525741268224334,0.1
282,1,1.0,1.0,0.48333333333333334,1.0,0.0,1.0,1.0,0.9999999,0.9957201433922017,0.4621409164220892,0.966659758110352,0.9525741268224334,0.1
283,1,1.0,1.0,0.5,1.0,0.0,1.0,1.0,1.0,0.9928564809553727,0.43345192126687243,0.9994110274828056,0.9525741268224334,0.1
284,1,1.0,1.0,0.4,1.0,0.0,1.0,1.0,0.9999999,0.9940298961433872,0.38649179901716607,0.852413884025049,0.9525741268224334,0.1
285,1,1.0,1.0,0.43333333333333335,1.0,0.0,1.0,1.0,1.0,0.9965189135749906,0.4122978949740191,0.998599409514803,0.9525741268224334,0.1
286,1,1.0,1.0,0.5666666666666667,1.0,1.0,1.0,1.0,0.99992836,0.987725657487901,0.5406937417289278,0.9898997206910567,0.9525741268224334,0.1
287,1,1.0,1.0,0.3333333333333333,1.0,0.0,1.0,1.0,0.9999999,0.9987698072913533,0.33680164094421905,0.9957479829237773,0.9525741268224334,0.1
288,1,1.0,0.8666666666666667,0.4,1.0,0.0,1.0,1.0,0.9766892,0.9936071111440558,0.3564811807525738,0.6465686622001037,0.9525741268224334,0.1
289,0,1.0,0.0,0.45,1.0,0.0,0.0,0.0,2.4379879e-05,0.9990341898484054,0.4600699529984601,0.863349830276401,0.9525741268224334,0.1
290,0,1.0,0.0,0.36666666666666664,0.0,0.0,0.0,1.0,1.0258411e-07,0.9987755322133328,0.5057001456424538,0.9970533000786896,0.9525741268224334,0.1
291,0,1.0,0.0,0.45,1.0,0.0,0.0,1.0,2.4301016e-06,0.9955486909131394,0.4597423930792285,0.9961463599465963,0.9525741268224334,0.1
292,0,1.0,0.0,0.4,0.0,0.0,0.0,1.0,1.3295123e-09,0.9963189903878679,0.5046503850925609,0.9985441466156771,0.9525741268224334,0.1
293,0,1.0,0.0,0.48333333333333334,1.0,0.0,0.0,1.0,4.8821308e-17,0.995720030051253,0.4345554150866316,0.9593399269717451,0.9525741268224334,0.1
294,0,1.0,0.0,0.5,1.0,0.0,0.0,1.0,1.1035179e-07,0.9961603639397693,0.4141465495974376,0.9969731339330915,0.9525741268224334,0.1
295,0,1.0,0.0,0.5,1.0,0.0,0.0,1.0,2.8999166e-05,0.9977304602295686,0.44002303471738374,0.9920490995502376,0.9525741268224334,0.1
296,0,1.0,0.0,0.43333333333333335,1.0,0.0,0.0,1.0,7.380884e-08,0.9949469823271619,0.49869167898785904,0.9886473111650002,0.9525741268224334,0.1
297,0,1.0,0.0,0.35,0.0,0.0,0.0,0.0,4.8255037e-12,0.9966935433858679,0.5337980032303022,0.9318476742126298,0.9525741268224334,0.1
298,0,1.0,0.0,0.4666666666666667,1.0,0.0,0.0,1.0,1.0543424e-08,0.9953418388377036,0.4483634226097658,0.9949934226251576,0.9525741268224334,0.1
299,0,1.0,0.0,0.3333333333333333,0.0,0.0,0.0,1.0,5.5378496e-05,0.9958383340798478,0.5470579911720864,0.9976376667735086,0.9525741268224334,0.1
300,0,1.0,0.0,0.4166666666666667,1.0,0.0,0.0,1.0,3.0679123e-17,0.9969416700328286,0.47951155819567154,0.9919398476932637,0.9525741268224334,0.1
301,0,1.0,0.0,0.5,1.0,0.0,0.0,1.0,4.0856668e-07,0.9970694280604459,0.4319706992732229,0.9928535386723693,0.9525741268224334,0.1
302,0,1.0,0.0,0.4,1.0,0.0,0.0,1.0,0.00013813167,0.99665196097045,0.48409690986390636,0.9974326733342453,0.9525741268224334,0.1
303,0,1.0,0.0,0.48333333333333334,1.0,0.0,0.0,1.0,1.4307537e-05,0.9946894210037266,0.44218127354213405,0.9987111929265794,0.9525741268224334,0.1
304,0,1.0,0.0,0.36666666666666664,0.0,0.0,0.0,0.0,6.227813e-15,0.9955206797991888,0.512506812931634,0.9133346829817629,0.9525741268224334,0.1
305,0,1.0,0.0,0.3333333333333333,0.0,0.0,0.0,0.0,0.42593375,0.9960925235094142,0.5550445105561004,0.9931210314821951,0.9525741268224334,0.1
306,0,1.0,0.0,0.35,0.0,0.0,0.0,1.0,8.909496e-13,0.9957229552549361,0.5284657575944237,0.981252978949953,0.9525741268224334,0.1
307,0,1.0,0.0,0.45,1.0,0.0,0.0,1.0,4.085231e-13,0.9961868079760342,0.47143919729355915,0.9999223932578034,0.9525741268224334,0.1
308,0,1.0,0.0,0.45,1.0,0.0,0.0,1.0,4.2328e-06,0.9958728696379587,0.46362863124503106,0.9984334133844369,0.9525741268224334,0.1
309,0,1.0,0.0,0.4666666666666667,1.0,0.0,0.0,1.0,1.0513475e-13,0.9969894875983557,0.45228290901739315,0.9994640128271319,0.9525741268224334,0.1
310,0,1.0,0.0,0.5,1.0,0.0,0.0,1.0,5.383976e-09,0.9960588163267229,0.4382266574046187,0.9993759658298081,0.9525741268224334,0.1
311,0,1.0,0.0,0.48333333333333334,1.0,0.0,0.0,1.0,1.9670467e-06,0.9958146009994615,0.43345487233316377,0.9759356123180939,0.9525741268224334,0.1
312,0,1.0,0.0,0.4666666666666667,1.0,0.0,0.0,1.0,9.888502e-06,0.9952222740583054,0.45501991466961383,0.9973507258790368,0.9525741268224334,0.1
313,0,1.0,0.0,0.35,0.0,0.0,0.0,1.0,3.831189e-05,0.9968667734427588,0.5338078792774349,0.9990041158210491,0.9525741268224334,0.1
314,0,1.0,0.0,0.4666666666666667,1.0,0.0,0.0,1.0,3.068946e-11,0.9940988494990447,0.4481763829120405,0.9967164665155642,0.9525741268224334,0.1
315,0,1.0,0.0,0.5166666666666667,1.0,0.0,0.0,1.0,1.4317875e-10,0.99697381699209,0.4036890518565348,0.9971805814612413,0.9525741268224334,0.1
316,0,1.0,0.0,0.31666666666666665,0.0,0.0,0.0,1.0,3.1965326e-09,0.9972849864836796,0.5675691995553155,0.9973941917935559,0.9525741268224334,0.1
317,0,1.0,0.0,0.35,0.0,0.0,0.0,1.0,0.01272344,0.9960900745622164,0.5539276313601038,0.9967243756540695,0.9525741268224334,0.1
318,0,1.0,0.25,0.48333333333333334,1.0,0.0,0.0,1.0,0.0001164528,0.9954745273837914,0.4532918447002304,0.9948489871503855,0.9525741268224334,0.1
319,1,1.0,1.0,0.4166666666666667,1.0,0.0,0.0,1.0,0.923362,0.9975245139777505,0.4095845694234563,0.9826494727234164,0.9525741268224334,0.1
320,1,1.0,1.0,0.4,1.0,0.0,1.0,1.0,0.99999917,0.9942952102775104,0.4020416922597724,0.9102417861427361,0.9525741268224334,0.1
321,1,0.0,1.0,0.4666666666666667,0.0,0.0,0.0,1.0,0.2371935,0.9920520390035968,0.4648370329496944,0.7946938322306907,0.9525741268224334,0.1
322,1,1.0,1.0,0.38333333333333336,1.0,0.0,1.0,1.0,1.0,0.9958702202875502,0.3866195500740221,0.9982457461874501,0.9525741268224334,0.1
323,1,1.0,1.0,0.4166666666666667,1.0,0.0,1.0,1.0,0.9999999,0.9972553332493667,0.4026688335052523,0.9826766124646865,0.9525741268224334,0.1
324,1,1.0,1.0,0.55,1.0,0.0,1.0,1.0,1.0,0.9947112721697756,0.4961195288856462,0.9992963958303197,0.9525741268224334,0.1
325,1,1.0,1.0,0.35,1.0,0.0,1.0,1.0,1.0,0.9944083875359219,0.3646537052952015,0.872706173862437,0.9525741268224334,0.1
326,1,1.0,1.0,0.45,1.0,0.0,1.0,1.0,1.0,0.9985807539547811,0.44447515374457564,0.9975318705174454,0.9525741268224334,0.1
327,0,1.0,0.4666666666666667,0.4,1.0,0.0,0.0,1.0,6.289429e-09,0.9900045408861675,0.465881665534098,0.9792063134488156,0.9525741268224334,0.1
328,1,1.0,0.9166666666666666,0.48333333333333334,1.0,0.0,1.0,1.0,1.0,0.9995173354744602,0.442332158326861,0.9905723158815847,0.9525741268224334,0.1
329,1,1.0,1.0,0.38333333333333336,1.0,0.0,1.0,1.0,1.0,0.9996444633986454,0.3565013831551033,0.9954269587635926,0.9525741268224334,0.1
330,1,1.0,1.0,0.38333333333333336,1.0,0.0,1.0,1.0,0.9999349,0.9996144408434583,0.3709370959633201,0.9934926994305548,0.9525741268224334,0.1
331,1,1.0,1.0,0.5,1.0,0.0,1.0,1.0,1.0,0.9996326088279239,0.4598124476327728,0.9216035218540595,0.9525741268224334,0.1
332,1,1.0,1.0,0.3333333333333333,1.0,0.0,1.0,1.0,1.0,0.9991225775415701,0.32874439183645593,0.9840058403226386,0.9525741268224334,0.1
333,1,1.0,1.0,0.4,1.0,0.0,1.0,1.0,1.0,0.9981684963476415,0.3720643795525688,0.9989735944255377,0.9525741268224334,0.1
334,1,1.0,1.0,0.38333333333333336,1.0,0.0,1.0,1.0,0.9999999,0.9997090458063659,0.35775510715906333,0.7471575579130543,0.9525741268224334,0.1
335,1,1.0,1.0,0.4166666666666667,1.0,0.0,1.0,1.0,0.9999869,0.9998415486692103,0.4159831023694408,0.9747160573614366,0.9525741268224334,0.1
336,1,1.0,1.0,0.43333333333333335,1.0,0.0,1.0,1.0,0.9999727,0.9993607174562932,0.4103984096252491,0.990371339829106,0.9525741268224334,0.1
337,1,1.0,1.0,0.4166666666666667,1.0,0.0,1.0,1.0,0.9999349,0.9998921548300979,0.41144348942629033,0.9934926994305548,0.9525741268224334,0.1
338,1,1.0,1.0,0.4166666666666667,1.0,0.0,1.0,1.0,0.9993352,0.9999990828485673,0.38760153902716626,0.9748739174979452,0.9525741268224334,0.1
339,1,1.0,1.0,0.38333333333333336,1.0,0.0,1.0,1.0,0.9999988,0.9988036763351943,0.35033403430687843,0.9541924479326098,0.9525741268224334,0.1
340,1,1.0,1.0,0.43333333333333335,1.0,0.0,1.0,1.0,0.9997571,0.9989782588778152,0.4138185448441651,0.9276566667466671,0.9525741268224334,0.1
341,1,1.0,1.0,0.4166666666666667,1.0,0.0,1.0,1.0,0.99999976,0.9998736687974754,0.3623909295655597,0.9998133235196397,0.9525741268224334,0.1
342,1,1.0,1.0,0.4666666666666667,1.0,0.0,1.0,1.0,1.0,0.9996289445816477,0.42684614464214954,0.981556432567986,0.9525741268224334,0.1
343,1,1.0,1.0,0.36666666666666664,1.0,0.0,1.0,1.0,1.0,0.9985151856231931,0.362245634738202,0.9288603225091662,0.9525741268224334,0.1
344,1,1.0,1.0,0.4,1.0,0.0,1.0,1.0,0.999998,0.9996662196955753,0.37985204308774384,0.9827241642341763,0.9525741268224334,0.1
345,0,1.0,0.08333333333333333,0.5166666666666667,1.0,0.0,0.0,1.0,0.0010618677,0.9985552129322439,0.4505512795271907,0.9969770061105049,0.9525741268224334,0.1
346,0,1.0,0.0,0.21666666666666667,0.0,0.0,0.0,1.0,3.855725e-09,0.9969832604124803,0.6267576911631153,0.9903104314858254,0.9525741268224334,0.1
347,0,1.0,0.0,0.5166666666666667,1.0,0.0,0.0,1.0,4.9658223e-07,0.9960737662303463,0.4314383278389336,0.9977733990204705,0.9525741268224334,0.1
348,0,1.0,0.0,0.35,0.0,0.0,0.0,0.0,2.0944259e-10,0.9960224510821258,0.540341202950309,0.8332067976139917,0.9525741268224334,0.1
349,0,1.0,0.0,0.4,1.0,0.0,0.0,1.0,3.3853186e-07,0.9958818260341366,0.49595155365619054,0.9966218172355377,0.9525741268224334,0.1
350,0,1.0,0.0,0.43333333333333335,1.0,0.0,0.0,1.0,2.3548158e-07,0.9953318319148479,0.4932824969741325,0.9978165990734699,0.9525741268224334,0.1
351,0,1.0,0.0,0.45,1.0,0.0,0.0,0.0,3.196685e-09,0.9965325561652052,0.460990775254197,0.9270813694195108,0.9525741268224334,0.1
352,0,1.0,0.0,0.36666666666666664,0.0,0.0,0.0,1.0,1.1097868e-15,0.9958607071199307,0.5401071616425054,0.9996586649502539,0.9525741268224334,0.1
353,0,1.0,0.0,0.5166666666666667,1.0,0.0,0.0,1.0,1.4687729e-09,0.9963498892260503,0.4266281960214492,0.9969881377123424,0.9525741268224334,0.1
354,0,1.0,0.0,0.38333333333333336,1.0,0.0,0.0,1.0,3.085406e-13,0.9969035688906168,0.4990377397788993,0.9989911372246688,0.9525741268224334,0.1
355,0,1.0,0.0,0.6333333333333333,1.0,0.0,0.0,1.0,3.5195757e-12,0.9965349451812215,0.33801631864776216,0.9975957472701144,0.9525741268224334,0.1
356,0,1.0,0.0,0.45,1.0,0.0,0.0,1.0,3.138573e-07,0.995195812311337,0.46182029128548474,0.9937130408880853,0.9525741268224334,0.1
357,0,1.0,0.0,0.4166666666666667,1.0,0.0,0.0,1.0,2.9151191e-05,0.9952025802358268,0.4860076597145183,0.9990708838449314,0.9525741268224334,0.1
358,0,1.0,0.0,0.45,1.0,0.0,0.0,1.0,0.00033703377,0.995308557222307,0.4617270635178296,0.9905013243873065,0.9525741268224334,0.1
359,0,1.0,0.0,0.3333333333333333,0.0,0.0,0.0,0.0,4.0963247e-10,0.9961596785229611,0.5480533328445678,0.8684726600743855,0.9525741268224334,0.1
360,0,1.0,0.0,0.4166666666666667,1.0,0.0,0.0,0.0,0.24527542,0.9961129487480893,0.4798610742227231,0.9979863748500524,0.9525741268224334,0.1
361,0,1.0,0.0,0.4666666666666667,1.0,0.0,0.0,0.0,0.09122608,0.9957416675192703,0.4380893544716202,0.9924404130970857,0.9525741268224334,0.1
362,0,1.0,0.0,0.3333333333333333,0.0,0.0,0.0,1.0,0.00047547824,0.996421622380858,0.5448259152631257,0.9977339102976552,0.9525741268224334,0.1
363,0,1.0,0.0,0.35,0.0,0.0,0.0,1.0,2.3204262e-08,0.9954164855968882,0.5428237668030133,0.9978039400938223,0.9525741268224334,0.1
364,0,1.0,0.0,0.5,1.0,0.0,0.0,1.0,4.6237356e-10,0.9946810777535513,0.4324522074729292,0.9935331540937254,0.9525741268224334,0.1
365,0,1.0,0.0,0.4166666666666667,1.0,0.0,0.0,1.0,0.00011751432,0.9975184795526272,0.49136806000507266,0.998012803103385,0.9525741268224334,0.1
366,0,1.0,0.0,0.45,1.0,0.0,0.0,1.0,0.001928028,0.9949864521786774,0.4564481528316392,0.9975986946513583,0.9525741268224334,0.1
367,0,1.0,0.0,0.4166666666666667,1.0,0.0,0.0,1.0,0.032937296,0.9951241377910326,0.4916972083862369,0.9998526839536236,0.9525741268224334,0.1
368,0,1.0,0.0,0.31666666666666665,0.0,0.0,0.0,1.0,8.8561434e-13,0.9963482084790356,0.5629839879984875,0.9999781112706614,0.9525741268224334,0.1
369,0,1.0,0.0,0.36666666666666664,0.0,0.0,0.0,1.0,1.9807396e-14,0.9963394944388192,0.5419440515516147,0.9994087147492192,0.9525741268224334,0.1
370,0,1.0,0.0,0.5,1.0,0.0,0.0,0.0,0.096913636,0.9966627134058452,0.4303639767144182,0.989894714351425,0.9525741268224334,0.1
371,0,1.0,0.0,0.3333333333333333,0.0,0.0,0.0,1.0,1.2570186e-07,0.9969980911860009,0.532612881743085,0.9996466658028242,0.9525741268224334,0.1
372,0,1.0,0.0,0.43333333333333335,1.0,0.0,0.0,1.0,5.525025e-11,0.9952315452519984,0.4756206889723965,0.9989143395729794,0.9525741268224334,0.1
373,0,1.0,0.0,0.43333333333333335,1.0,0.0,0.0,1.0,9.944789e-11,0.995587536236049,0.47596183896388394,0.9992058975510171,0.9525741268224334,0.1
374,0,1.0,0.0,0.43333333333333335,1.0,0.0,0.0,1.0,7.284352e-09,0.9975386065067181,0.469677819862942,0.9987508395018768,0.9525741268224334,0.1
375,0,1.0,0.0,0.38333333333333336,0.0,0.0,0.0,1.0,4.6428923e-11,0.9961996648597234,0.5280207348001578,0.9991303797955724,0.9525741268224334,0.1
376,0,1.0,0.0,0.45,1.0,0.0,0.0,0.0,0.37659,0.9957033860878292,0.4513150419281026,0.9988807379930776,0.9525741268224334,0.1
377,0,1.0,0.0,0.35,0.0,0.0,0.0,1.0,2.901998e-22,0.9969700978364741,0.523604563732358,0.9999812808719262,0.9525741268224334,0.1
378,0,1.0,0.0,0.4666666666666667,1.0,0.0,0.0,1.0,5.4661296e-14,0.996652302932796,0.4518287701216747,0.9988443618380373,0.9525741268224334,0.1
379,0,1.0,0.0,0.43333333333333335,1.0,0.0,0.0,1.0,4.3558226e-05,0.9971008340515551,0.47078373806664753,0.9982774650137634,0.9525741268224334,0.1
380,1,1.0,0.65,0.55,1.0,0.0,1.0,1.0,0.99999964,0.9228643779053916,0.5040316808272004,0.9496261891118785,0.9525741268224334,0.1
381,1,1.0,1.0,0.43333333333333335,1.0,0.0,0.0,1.0,1.0,0.884296780434317,0.4039280374110273,0.9989839903766677,0.9525741268224334,0.1
382,1,1.0,1.0,0.4166666666666667,1.0,0.0,1.0,1.0,1.0,0.8986451404814951,0.4110370792364307,0.9967337359341227,0.9525741268224334,0.1
383,1,1.0,1.0,0.5833333333333334,1.0,0.0,1.0,1.0,0.9999993,0.8984844251738082,0.5442770866413347,0.9968474743923036,0.9525741268224334,0.1
384,1,1.0,1.0,0.5333333333333333,1.0,0.0,1.0,1.0,0.99992156,0.8892951811506271,0.4797978693842181,0.9991567569816014,0.9525741268224334,0.1
385,1,1.0,1.0,0.45,1.0,0.0,0.0,1.0,1.0,0.8823390779320249,0.41099835066097357,0.988057215910219,0.9525741268224334,0.1
386,1,1.0,1.0,0.3333333333333333,1.0,0.0,0.0,1.0,1.0,0.900254541082449,0.3207348066981848,0.7783637834582099,0.9525741268224334,0.1
387,1,1.0,1.0,0.4666666666666667,1.0,0.0,1.0,1.0,1.0,0.8807856508056937,0.43359907768874334,0.9442088087453052,0.9525741268224334,0.1
388,1,1.0,1.0,0.43333333333333335,1.0,0.0,1.0,1.0,1.0,0.8962547474608169,0.42073176488096853,0.5845262444692684,0.9525741268224334,0.1
389,1,1.0,1.0,0.43333333333333335,1.0,0.0,0.0,1.0,1.0,0.8821178061618197,0.4257985837118759,0.9849401474637541,0.9525741268224334,0.1
390,1,1.0,1.0,0.38333333333333336,1.0,0.0,0.0,1.0,0.9999999,0.8862188227712221,0.36689708705630314,0.99809579642152,0.9525741268224334,0.1
391,1,1.0,1.0,0.2833333333333333,1.0,0.0,0.0,1.0,1.0,0.8898425644261404,0.3120656798715042,0.9830470668189278,0.9525741268224334,0.1
392,1,1.0,1.0,0.3,1.0,0.0,0.0,1.0,1.0,0.8970483338620098,0.3066386157699708,0.9954328690064986,0.9525741268224334,0.1
393,1,1.0,1.0,0.45,1.0,0.0,1.0,1.0,1.0,0.8825011303098506,0.44148716819776035,0.884208301577366,0.9525741268224334,0.1
394,1,1.0,1.0,0.31666666666666665,1.0,0.0,0.0,1.0,1.0,0.8953906283320273,0.3283959660001423,0.995705972815073,0.9525741268224334,0.1
395,1,1.0,1.0,0.4666666666666667,1.0,0.0,1.0,1.0,1.0,0.8959326185799927,0.439921136107527,0.9964337157632774,0.9525741268224334,0.1
396,1,1.0,1.0,0.4666666666666667,1.0,0.0,1.0,1.0,1.0,0.9011152237420972,0.44622203642661484,0.9652220106261205,0.9525741268224334,0.1
397,1,1.0,1.0,0.45,1.0,0.0,1.0,1.0,1.0,0.8906049953145013,0.43713833937455443,0.8529754877758552,0.9525741268224334,0.1
398,1,1.0,1.0,0.48333333333333334,1.0,0.0,1.0,1.0,1.0,0.8985099505963006,0.4727898591706469,0.9974721539597273,0.9525741268224334,0.1
399,1,1.0,1.0,0.4666666666666667,1.0,0.0,0.0,1.0,0.9999999,0.8785915239398268,0.42223798032232707,0.9579709488562166,0.9525741268224334,0.1
400,1,1.0,1.0,0.4166666666666667,1.0,0.0,0.0,1.0,1.0,0.8850883867843081,0.38739802018837577,0.9298605208520094,0.9525741268224334,0.1
401,1,1.0,1.0,0.31666666666666665,1.0,0.0,0.0,1.0,0.99924254,0.8767840902931577,0.3427033989385314,0.9985192374703561,0.9525741268224334,0.1
402,1,1.0,1.0,0.43333333333333335,1.0,0.0,1.0,1.0,1.0,0.8868749727559878,0.43331138184838847,0.9941707942346706,0.9525741268224334,0.1
403,1,1.0,1.0,0.45,1.0,0.0,0.0,1.0,1.0,0.8827596938778978,0.4073923253201851,0.9345542719332387,0.9525741268224334,0.1
404,1,1.0,1.0,0.45,1.0,0.0,1.0,1.0,1.0,0.8850654896006919,0.4340225342092208,0.943181879648438,0.9525741268224334,0.1
405,1,1.0,0.9166666666666666,0.36666666666666664,1.0,0.0,0.0,1.0,1.0,0.9052154699340496,0.39334248410298056,0.9944290580531371,0.9525741268224334,0.1
406,1,1.0,1.0,0.3333333333333333,1.0,0.0,0.0,1.0,0.9999428,0.9184226624186732,0.32504529917777725,0.9635043086147345,0.9525741268224334,0.1
407,1,1.0,1.0,0.3,1.0,0.0,0.0,1.0,0.9999999,0.9332251492827083,0.3130531005890938,0.9989009328289613,0.9525741268224334,0.1
408,1,1.0,1.0,0.48333333333333334,1.0,0.0,1.0,1.0,0.99999964,0.9254235767892165,0.4660635534576603,0.5532423975531677,0.9525741268224334,0.1
409,1,1.0,1.0,0.4,1.0,0.0,1.0,1.0,1.0,0.9392733089853306,0.40719107002205934,0.9961883674697057,0.9525741268224334,0.1
410,1,1.0,1.0,0.26666666666666666,1.0,0.0,0.0,1.0,1.0,0.9364471055874842,0.2949057864520947,0.9503783446684738,0.9525741268224334,0.1
411,1,1.0,1.0,0.31666666666666665,1.0,0.0,0.0,1.0,1.0,0.9416147059468418,0.3203546328158929,0.9558620081271904,0.9525741268224334,0.1
412,1,1.0,1.0,0.48333333333333334,1.0,0.0,1.0,1.0,1.0,0.9386442434992954,0.45725451266286404,0.9074013470719665,0.9525741268224334,0.1
413,0,1.0,0.21666666666666667,0.36666666666666664,0.0,0.0,0.0,1.0,2.5509136e-10,0.9661668701009337,0.5295232117827079,0.9910057766762222,0.9525741268224334,0.1
414,0,1.0,0.0,0.43333333333333335,1.0,0.0,0.0,0.0,5.9656127e-13,0.9967477057659372,0.4681775324404352,0.9437431533043366,0.9525741268224334,0.1
415,0,1.0,0.0,0.43333333333333335,1.0,0.0,0.0,1.0,2.5177649e-06,0.9963535733516523,0.4741700430645198,0.9985912499119581,0.9525741268224334,0.1
416,0,1.0,0.0,0.5,1.0,0.0,0.0,0.0,3.2335362e-15,0.9963416788834561,0.41589227500119047,0.7195825432031142,0.9525741268224334,0.1
417,0,1.0,0.0,0.48333333333333334,1.0,0.0,0.0,0.0,1.4360986e-09,0.9946626107605623,0.43607098404465316,0.9422837578708942,0.9525741268224334,0.1
418,0,0.0,0.0,0.31666666666666665,0.0,0.0,0.0,0.0,0.55502546,0.9961288210024605,0.5620546768763774,0.9946368571132507,0.9525741268224334,0.1
419,0,1.0,0.0,0.36666666666666664,0.0,0.0,0.0,0.0,3.6301152e-08,0.9966215101735137,0.5373498415604596,0.9424302595483413,0.9525741268224334,0.1
420,0,1.0,0.0,0.36666666666666664,0.0,0.0,0.0,1.0,0.00020804726,0.9954378698986941,0.5282622532030686,0.998210308010379,0.9525741268224334,0.1
421,0,1.0,0.0,0.4666666666666667,1.0,0.0,0.0,1.0,2.0425522e-13,0.995941254841616,0.4490473667361416,0.9997014326406021,0.9525741268224334,0.1
422,0,1.0,0.0,0.45,1.0,0.0,0.0,1.0,3.0698664e-06,0.9962774324287983,0.46221462956634224,0.997937206137918,0.9525741268224334,0.1
423,0,1.0,0.0,0.43333333333333335,1.0,0.0,0.0,1.0,5.485361e-09,0.9963264031538782,0.48226458475003564,0.9993503165052193,0.9525741268224334,0.1
424,0,1.0,0.0,0.48333333333333334,1.0,0.0,0.0,1.0,8.3994045e-18,0.9954417280878314,0.4365957374879898,0.9999719654257632,0.9525741268224334,0.1
425,0,1.0,0.0,0.4,0.0,0.0,0.0,1.0,1.9635571e-10,0.9954571308353087,0.5058690996696663,0.9703263100300736,0.9525741268224334,0.1
426,0,1.0,0.0,0.45,1.0,0.0,0.0,1.0,2.2862873e-11,0.9961508837072941,0.44877255103551517,0.9981243980711986,0.9525741268224334,0.1
427,0,1.0,0.0,0.4166666666666667,1.0,0.0,0.0,1.0,1.0409393e-14,0.9961632317099213,0.48030059705749123,0.9991572321546921,0.9525741268224334,0.1
428,0,1.0,0.0,0.3333333333333333,0.0,0.0,0.0,1.0,5.922049e-08,0.996410641395656,0.5560146585856015,0.9973889178735765,0.9525741268224334,0.1
429,0,1.0,0.0,0.3,0.0,0.0,0.0,1.0,1.06342976e-10,0.996558741719608,0.5716922365725068,0.9944616136471149,0.9525741268224334,0.1
430,0,1.0,0.0,0.38333333333333336,0.0,0.0,0.0,1.0,2.6561738e-06,0.9972195131039171,0.506206028204515,0.9902182741672196,0.9525741268224334,0.1
431,0,1.0,0.0,0.48333333333333334,1.0,0.0,0.0,0.0,2.5229213e-14,0.9965505824030922,0.42965302331560895,0.9002653880630448,0.9525741268224334,0.1
432,0,1.0,0.0,0.48333333333333334,1.0,0.0,0.0,1.0,8.4948235e-09,0.9945879041394451,0.4359063076763767,0.9987934981940624,0.9525741268224334,0.1
433,0,1.0,0.0,0.36666666666666664,0.0,0.0,0.0,1.0,0.00046293685,0.9969382023159871,0.5429312895212289,0.9993599696440956,0.9525741268224334,0.1
434,0,1.0,0.0,0.5,1.0,0.0,0.0,1.0,0.00021716973,0.9962066227861057,0.4299773351243977,0.998998045625662,0.9525741268224334,0.1
435,0,1.0,0.0,0.4,0.0,0.0,0.0,1.0,0.033517797,0.9955744473641414,0.5053622748113209,0.995642209375246,0.9525741268224334,0.1
436,0,1.0,0.0,0.4666666666666667,1.0,0.0,0.0,1.0,1.4350312e-12,0.9957368578691176,0.46289800302073536,0.9995000491186564,0.9525741268224334,0.1
437,0,1.0,0.0,0.4666666666666667,1.0,0.0,0.0,1.0,4.7526902e-07,0.9971201480852009,0.4564403029314524,0.9984527624379841,0.9525741268224334,0.1
438,0,1.0,0.0,0.3,0.0,0.0,0.0,0.0,6.227813e-15,0.9965988685318445,0.5686122638513809,0.9133346829817629,0.9525741268224334,0.1
439,0,1.0,0.0,0.45,1.0,0.0,0.0,1.0,1.7823998e-08,0.9956420919441012,0.4791856676285767,0.999758336924347,0.9525741268224334,0.1
440,0,1.0,0.0,0.38333333333333336,0.0,0.0,0.0,1.0,1.075086e-12,0.9954964106848607,0.5104729020674443,0.9993666082816527,0.9525741268224334,0.1
441,0,1.0,0.0,0.45,1.0,0.0,0.0,0.0,0.24716257,0.9944216425011894,0.4568226246449464,0.9928439216578921,0.9525741268224334,0.1
442,0,1.0,0.0,0.36666666666666664,0.0,0.0,0.0,1.0,1.1908706e-11,0.9946753073537321,0.539663222718002,0.9474408112036444,0.9525741268224334,0.1
443,0,1.0,0.0,0.48333333333333334,1.0,0.0,0.0,1.0,2.0692324e-13,0.99549526652757,0.4357422302978208,0.9921022026441253,0.9525741268224334,0.1
444,0,1.0,0.0,0.4,0.0,0.0,0.0,1.0,3.268695e-08,0.9958632613087338,0.5130585335842458,0.9522030438304865,0.9525741268224334,0.1
445,0,1.0,0.0,0.38333333333333336,1.0,0.0,0.0,1.0,1.5621916e-05,0.9965298784697616,0.4976765035708169,0.9983332442881409,0.9525741268224334,0.1
446,0,1.0,0.0,0.5166666666666667,1.0,0.0,0.0,0.0,0.06558391,0.9963743235760706,0.42282430819414357,0.990073533540212,0.9525741268224334,0.1
447,0,1.0,0.0,0.3333333333333333,0.0,0.0,0.0,1.0,2.475194e-11,0.9954955265046636,0.559817741220819,0.996254267068034,0.9525741268224334,0.1
448,0,1.0,0.0,0.36666666666666664,0.0,0.0,0.0,0.0,3.6301152e-08,0.9965943521025188,0.5304196092417016,0.9424302595483413,0.9525741268224334,0.1
449,0,1.0,0.0,0.3333333333333333,0.0,0.0,0.0,1.0,4.7615655e-13,0.9969349965003454,0.5416163259709125,0.9494406645269254,0.9525741268224334,0.1
450,0,1.0,0.0,0.48333333333333334,1.0,0.0,0.0,1.0,2.7918673e-05,0.9962226407604675,0.4417235548428009,0.9573858508439491,0.9525741268224334,0.1
451,0,1.0,0.0,0.43333333333333335,1.0,0.0,0.0,1.0,1.5235688e-10,0.9961470654848938,0.4776110106699773,0.999908341946712,0.9525741268224334,0.1
452,0,1.0,0.0,0.4,0.0,0.0,0.0,1.0,7.483814e-12,0.9954704683560857,0.5123452041583265,0.9999886459307127,0.9525741268224334,0.1
453,0,1.0,0.0,0.38333333333333336,0.0,0.0,0.0,1.0,6.0328983e-07,0.9956834221415595,0.5142471023287555,0.9919468359896784,0.9525741268224334,0.1
454,0,1.0,0.0,0.5,1.0,0.0,0.0,1.0,1.8890495e-08,0.9938811756591089,0.4155641680706616,0.9882221301204265,0.9525741268224334,0.1
455,0,1.0,0.0,0.35,0.0,0.0,0.0,1.0,1.04138466e-13,0.9964540374444351,0.5193367036989937,0.9998615472282074,0.9525741268224334,0.1
456,0,1.0,0.0,0.3333333333333333,0.0,0.0,0.0,1.0,6.207127e-09,0.9953325128377205,0.5587562966221525,0.9983979043863443,0.9525741268224334,0.1
457,0,1.0,0.0,0.43333333333333335,1.0,0.0,0.0,1.0,6.289164e-13,0.9959870448295203,0.4607551064194339,0.9965475791931406,0.9525741268224334,0.1
458,0,1.0,0.0,0.4166666666666667,1.0,0.0,0.0,1.0,0.0001164528,0.9966461713165579,0.4959820933591103,0.9948489871503855,0.9525741268224334,0.1
459,0,1.0,0.0,0.31666666666666665,0.0,0.0,0.0,1.0,8.343044e-10,0.9948801242376537,0.5642514038806951,0.999167235714994,0.9525741268224334,0.1
460,0,1.0,0.0,0.35,0.0,0.0,0.0,1.0,2.8358274e-11,0.9950563502437266,0.5318500677347241,0.9937636155053198,0.9525741268224334,0.1
461,0,1.0,0.0,0.43333333333333335,1.0,0.0,0.0,1.0,5.380775e-12,0.9959014132388566,0.48217007552706165,0.9677303015945528,0.9525741268224334,0.1
462,0,1.0,0.0,0.48333333333333334,1.0,0.0,0.0,1.0,1.8939956e-12,0.9956360389747348,0.43184037534863345,0.951673602275095,0.9525741268224334,0.1
463,0,1.0,0.0,0.45,1.0,0.0,0.0,1.0,2.7712568e-14,0.9964507214800078,0.47904280968812657,0.9988162952629879,0.9525741268224334,0.1
464,1,1.0,0.65,0.36666666666666664,1.0,0.0,1.0,1.0,0.9981353,0.9974644416436255,0.385585617476771,0.9805517176845443,0.9525741268224334,0.1
465,0,1.0,0.48333333333333334,0.4666666666666667,1.0,0.0,0.0,1.0,1.2769852e-05,0.9975975150993375,0.4664178989153805,0.991126415221072,0.9525741268224334,0.1
466,0,1.0,0.0,0.36666666666666664,0.0,0.0,0.0,0.0,3.4769976e-13,0.9963935514867742,0.5219530665269226,0.8426572352672214,0.9525741268224334,0.1
467,0,1.0,0.0,0.4666666666666667,1.0,0.0,0.0,1.0,9.50011e-10,0.996346194898472,0.45359165797584233,0.9970151797005063,0.9525741268224334,0.1
468,0,1.0,0.0,0.31666666666666665,0.0,0.0,0.0,1.0,2.580622e-06,0.9962388292195931,0.5596798951561699,0.9918415510347515,0.9525741268224334,0.1
469,0,1.0,0.0,0.3333333333333333,0.0,0.0,0.0,0.0,0.17463042,0.9965054339641548,0.5656133740329581,0.994339735728087,0.9525741268224334,0.1
470,0,1.0,0.0,0.31666666666666665,0.0,0.0,0.0,1.0,4.7685397e-08,0.9954583666083244,0.5569696777637656,0.9945557246021917,0.9525741268224334,0.1
471,1,0.0,0.9833333333333333,0.5333333333333333,0.0,0.0,0.0,1.0,0.2371935,0.9965681401071003,0.4929828374329463,0.7946938322306907,0.9525741268224334,0.1
472,1,1.0,1.0,0.4166666666666667,1.0,0.0,0.0,1.0,0.923362,0.9861013502467106,0.402177366311877,0.9826494727234164,0.9525741268224334,0.1
473,1,1.0,1.0,0.36666666666666664,1.0,0.0,1.0,1.0,1.0,0.9895002344651481,0.36916266228657313,0.9975318705174454,0.9525741268224334,0.1
474,1,1.0,1.0,0.43333333333333335,1.0,0.0,1.0,1.0,1.0,0.9951064339374001,0.4091447358725324,0.993185255462296,0.9525741268224334,0.1
475,1,1.0,1.0,0.4,1.0,0.0,1.0,1.0,1.0,0.9896716813637487,0.36373321962934424,0.9949821581880332,0.9525741268224334,0.1
476,1,1.0,1.0,0.48333333333333334,1.0,0.0,1.0,1.0,1.0,0.9961398015977179,0.4322937206029986,0.9832106537164823,0.9525741268224334,0.1
477,1,1.0,1.0,0.45,1.0,0.0,1.0,1.0,1.0,0.9959272745391515,0.43193678415892023,0.9995621995095887,0.9525741268224334,0.1
478,1,1.0,1.0,0.36666666666666664,1.0,0.0,1.0,1.0,1.0,0.9926029903051197,0.35682364326449156,0.9974577456488538,0.9525741268224334,0.1
479,1,1.0,1.0,0.31666666666666665,1.0,0.0,1.0,1.0,1.0,0.9981971081050415,0.3182999628187303,0.9324533088603709,0.9525741268224334,0.1
480,1,1.0,1.0,0.48333333333333334,1.0,0.0,1.0,1.0,0.9999989,0.9946834182053339,0.45577884675993646,0.9981671179996457,0.9525741268224334,0.1
481,1,1.0,1.0,0.4166666666666667,1.0,0.0,1.0,1.0,0.95600516,0.9877685138391675,0.3914513020714008,0.6634061535129593,0.9525741268224334,0.1
482,1,1.0,1.0,0.5,1.0,0.0,1.0,1.0,1.0,0.9965355384566205,0.4517197938918509,0.9705707731371274,0.9525741268224334,0.1
483,1,1.0,1.0,0.4166666666666667,1.0,0.0,1.0,1.0,1.0,0.9977270744247319,0.3737418946326947,0.988243021970549,0.9525741268224334,0.1
484,1,1.0,1.0,0.31666666666666665,1.0,0.0,1.0,1.0,1.0,0.9984696708121579,0.3076890382137157,0.9639275543191664,0.9525741268224334,0.1
485,1,1.0,1.0,0.55,1.0,0.0,1.0,1.0,0.9999974,0.9949974958550787,0.5256636074040011,0.9941427637548189,0.9525741268224334,0.1
486,1,1.0,1.0,0.4166666666666667,1.0,0.0,1.0,1.0,1.0,0.996451965688627,0.3938714342653656,0.5845262444692684,0.9525741268224334,0.1
487,1,1.0,1.0,0.4166666666666667,1.0,0.0,1.0,1.0,1.0,0.9981643302475649,0.37878673591196615,0.9993923356654477,0.9525741268224334,0.1
488,1,1.0,1.0,0.4166666666666667,1.0,0.0,1.0,1.0,1.0,0.9957327952323707,0.3931945562187488,0.8072482763468041,0.9525741268224334,0.1
489,1,1.0,1.0,0.36666666666666664,1.0,0.0,1.0,1.0,0.99999976,0.9918715427194621,0.33888723229809314,0.9998133235196397,0.9525741268224334,0.1
490,1,1.0,1.0,0.4,1.0,0.0,1.0,1.0,0.98029023,0.9826593287810668,0.3698452925869019,0.999864722282681,0.9525741268224334,0.1
491,1,1.0,1.0,0.5166666666666667,1.0,0.0,1.0,1.0,1.0,0.9947973020082727,0.469498397651554,0.9968911334926136,0.9525741268224334,0.1
492,1,1.0,1.0,0.38333333333333336,1.0,0.0,1.0,1.0,1.0,0.9811784597121724,0.37863129498412607,0.9997152191114753,0.9525741268224334,0.1
493,1,1.0,1.0,0.43333333333333335,1.0,0.0,1.0,1.0,0.999995,0.976796738981531,0.423461345780216,0.9993036409926831,0.9525741268224334,0.1
494,1,1.0,1.0,0.5166666666666667,1.0,0.0,1.0,1.0,1.0,0.9772534996915897,0.4805949018808372,0.9679310901720676,0.9525741268224334,0.1
495,1,1.0,1.0,0.43333333333333335,1.0,0.0,1.0,1.0,1.0,0.9789316470168881,0.4267051867172399,0.9998034681138462,0.9525741268224334,0.1
496,1,1.0,1.0,0.4,1.0,0.0,1.0,1.0,1.0,0.9752744942838292,0.3601945794082636,0.9981883038982182,0.9525741268224334,0.1
497,1,1.0,1.0,0.5333333333333333,1.0,0.0,1.0,1.0,1.0,0.976624937677025,0.45584329907785415,0.6180199338147758,0.9525741268224334,0.1
498,1,1.0,1.0,0.36666666666666664,1.0,0.0,1.0,1.0,0.9991246,0.9851363609083646,0.3539282202219699,0.5705662232765984,0.9525741268224334,0.1
499,1,1.0,1.0,0.4166666666666667,1.0,0.0,1.0,1.0,1.0,0.9907435011291986,0.3930037607574001,0.9938736283982835,0.9525741268224334,0.1
500,1,1.0,1.0,0.4166666666666667,1.0,0.0,1.0,1.0,1.0,0.9878516994881449,0.41717447733808466,0.966803264709846,0.9525741268224334,0.1
501,1,1.0,1.0,0.3333333333333333,1.0,0.0,1.0,1.0,0.99999785,0.9873911193022246,0.33374086482635895,0.9998641474360097,0.9525741268224334,0.1
502,1,1.0,1.0,0.4166666666666667,1.0,0.0,1.0,1.0,1.0,0.988823628851464,0.3904858764669736,0.9991952088664012,0.9525741268224334,0.1
503,1,1.0,1.0,0.45,1.0,0.0,1.0,1.0,0.9999994,0.9941543793020708,0.387532845445366,0.5399796203406995,0.9525741268224334,0.1
504,1,1.0,1.0,0.4,1.0,0.0,1.0,1.0,0.9999995,0.9833468009582919,0.3860110644824919,0.9901461504579078,0.9525741268224334,0.1
505,1,1.0,1.0,0.2833333333333333,1.0,0.0,1.0,1.0,1.0,0.9903640727237109,0.29985159569073133,0.9982457461874501,0.9525741268224334,0.1
506,1,1.0,1.0,0.4,1.0,0.0,1.0,1.0,1.0,0.9873547864754929,0.3676984826912985,0.9996403155866256,0.9525741268224334,0.1
507,1,1.0,1.0,0.4,1.0,0.0,1.0,1.0,1.0,0.9955707405035666,0.3611159089314867,0.9963620925503588,0.9525741268224334,0.1
508,1,1.0,1.0,0.4,1.0,0.0,1.0,1.0,1.0,0.9976723163714514,0.36853816644062337,0.8715696181672996,0.9525741268224334,0.1
509,1,1.0,1.0,0.36666666666666664,1.0,0.0,1.0,1.0,0.999998,0.99445557877589,0.37254779294586265,0.9827241642341763,0.9525741268224334,0.1
510,1,1.0,1.0,0.38333333333333336,1.0,0.0,1.0,1.0,1.0,0.9974504868174942,0.38587284511889947,0.9287942111642424,0.9525741268224334,0.1
511,1,1.0,1.0,0.38333333333333336,1.0,0.0,1.0,1.0,0.9999981,0.9942237681139425,0.38299991869690303,0.7108218047522769,0.9525741268224334,0.1
512,1,1.0,1.0,0.45,1.0,0.0,1.0,1.0,1.0,0.9907040552141103,0.4501629037354882,0.9984813614304807,0.9525741268224334,0.1
513,1,1.0,1.0,0.4666666666666667,1.0,0.0,1.0,1.0,0.9989341,0.9921131936052787,0.45203549801600323,0.9603515077435356,0.9525741268224334,0.1
514,1,1.0,1.0,0.45,1.0,0.0,1.0,1.0,0.99999714,0.9918647865318678,0.42190046315632446,0.9316086858026174,0.9525741268224334,0.1
515,1,1.0,1.0,0.45,1.0,0.0,1.0,1.0,1.0,0.9956009352124792,0.40176005307579604,0.5631580296325531,0.9525741268224334,0.1
516,1,1.0,1.0,0.4666666666666667,1.0,0.0,1.0,1.0,1.0,0.9904055884761374,0.4420000422545047,0.9972086901972916,0.9525741268224334,0.1
517,1,1.0,1.0,0.4166666666666667,1.0,0.0,1.0,1.0,1.0,0.9937727071542191,0.40814694536004575,0.9900447409271893,0.9525741268224334,0.1
518,1,1.0,1.0,0.45,1.0,0.0,1.0,1.0,1.0,0.9928001575625839,0.42557546862215945,0.875600586281366,0.9525741268224334,0.1
519,1,1.0,1.0,0.4666666666666667,1.0,0.0,1.0,1.0,1.0,0.9994013277112596,0.41883515510939956,0.995705972815073,0.9525741268224334,0.1
520,1,1.0,1.0,0.45,1.0,0.0,1.0,1.0,1.0,0.9953708318156772,0.4315431184750494,0.999294981750817,0.9525741268224334,0.1
521,1,1.0,1.0,0.48333333333333334,1.0,0.0,1.0,1.0,0.99995625,0.9956804493286234,0.43886557416454397,0.9767727587170463,0.9525741268224334,0.1
522,1,1.0,1.0,0.31666666666666665,1.0,0.0,1.0,1.0,1.0,0.9971999080157049,0.31266529837799606,0.9914913073591773,0.9525741268224334,0.1
523,1,1.0,1.0,0.3333333333333333,1.0,0.0,1.0,1.0,0.9999585,0.9967193321864983,0.3344529547400408,0.9983469135392308,0.9525741268224334,0.1
524,1,1.0,1.0,0.45,1.0,0.0,1.0,1.0,1.0,0.9974866254695947,0.41452607432098354,0.9262386502084241,0.9525741268224334,0.1
525,1,1.0,1.0,0.35,1.0,0.0,1.0,1.0,1.0,0.9970799062190968,0.33325988138789814,0.9554944505268729,0.9525741268224334,0.1
526,1,1.0,1.0,0.45,1.0,0.0,1.0,1.0,0.9981451,0.9949073044425034,0.41447998923837037,0.9927734060049203,0.9525741268224334,0.1
527,1,1.0,1.0,0.4,1.0,0.0,1.0,1.0,1.0,0.9989309905064847,0.36150642145737405,0.9998034681138462,0.9525741268224334,0.1
528,1,1.0,1.0,0.43333333333333335,1.0,0.0,1.0,1.0,1.0,0.9989648336305111,0.39070808740284346,0.9600060291474057,0.9525741268224334,0.1
529,1,1.0,1.0,0.4666666666666667,1.0,0.0,1.0,1.0,1.0,0.994927647436789,0.4420379785250144,0.9855134906874035,0.9525741268224334,0.1
530,1,1.0,1.0,0.4,1.0,0.0,1.0,1.0,1.0,0.9996033012165206,0.37462767382656387,0.9904944893815404,0.9525741268224334,0.1
531,1,1.0,1.0,0.4166666666666667,1.0,0.0,1.0,1.0,0.9999889,0.9969950384990883,0.38453140768604754,0.9183386426600785,0.9525741268224334,0.1
532,1,1.0,1.0,0.4166666666666667,1.0,0.0,1.0,1.0,1.0,0.9986939235889959,0.41374322594599783,0.9848075749966261,0.9525741268224334,0.1
533,1,1.0,1.0,0.38333333333333336,1.0,0.0,1.0,1.0,0.99992573,0.9981982309680757,0.3624546879030478,0.9846133399849264,0.9525741268224334,0.1
534,1,1.0,1.0,0.4,1.0,0.0,1.0,1.0,0.9999999,0.9996351976454065,0.38976359596661897,0.990107007903733,0.9525741268224334,0.1
535,1,1.0,1.0,0.35,1.0,0.0,1.0,1.0,1.0,0.9982693153330735,0.3552725020029361,0.6984923634769793,0.9525741268224334,0.1
536,1,1.0,1.0,0.4666666666666667,1.0,0.0,1.0,1.0,0.99999964,0.9991656246262933,0.4479363128274167,0.9755829287641155,0.9525741268224334,0.1
537,1,1.0,1.0,0.48333333333333334,1.0,0.0,1.0,1.0,1.0,0.9981794315618266,0.46863780739705646,0.9978026624290602,0.9525741268224334,0.1
538,1,1.0,1.0,0.48333333333333334,1.0,0.0,1.0,1.0,1.0,0.9988380809905808,0.4507002661757953,0.9974369194670678,0.9525741268224334,0.1
539,1,1.0,1.0,0.4,1.0,0.0,1.0,1.0,1.0,0.9998639503518864,0.3962856942234217,0.9944629846456164,0.9525741268224334,0.1
540,1,1.0,1.0,0.43333333333333335,1.0,0.0,1.0,1.0,1.0,0.9985826046372236,0.414387193775318,0.9499472282946773,0.9525741268224334,0.1
541,1,1.0,1.0,0.48333333333333334,1.0,0.0,1.0,1.0,1.0,0.9998041475305651,0.4342471473733852,0.9995972062072678,0.9525741268224334,0.1
542,1,1.0,1.0,0.5166666666666667,1.0,0.0,1.0,1.0,0.9999999,0.998239156780556,0.5007952537769808,0.7471575579130543,0.9525741268224334,0.1
543,1,1.0,1.0,0.4666666666666667,1.0,0.0,1.0,1.0,1.0,0.9973686400028196,0.42494417985029737,0.9490949107048228,0.9525741268224334,0.1
544,1,1.0,1.0,0.4666666666666667,1.0,0.0,1.0,1.0,0.9999999,0.992565290719367,0.4393753003617294,0.9521327277643543,0.9525741268224334,0.1
545,1,1.0,1.0,0.5,1.0,0.0,1.0,1.0,1.0,0.9985689197276223,0.4330821530610437,0.9984566819464655,0.9525741268224334,0.1
546,1,1.0,1.0,0.38333333333333336,1.0,0.0,1.0,1.0,0.9999583,0.9978500796415809,0.38085651587308555,0.9743710436115257,0.9525741268224334,0.1
547,1,1.0,1.0,0.43333333333333335,1.0,0.0,1.0,1.0,1.0,0.999402923476777,0.4049781696319998,0.9762129978175753,0.9525741268224334,0.1
548,1,1.0,1.0,0.48333333333333334,1.0,0.0,1.0,1.0,1.0,0.9945388599727175,0.44888016341317993,0.997173786055667,0.9525741268224334,0.1
549,1,1.0,1.0,0.5666666666666667,1.0,0.0,1.0,1.0,0.99998546,0.9996508105414983,0.5120500040758744,0.9979684512636778,0.9525741268224334,0.1
550,1,1.0,1.0,0.4166666666666667,1.0,0.0,1.0,1.0,1.0,0.9989252302678345,0.37848292451882115,0.89132174362642,0.9525741268224334,0.1
551,1,1.0,1.0,0.43333333333333335,1.0,0.0,1.0,1.0,1.0,0.9992565079035701,0.42455267586624,0.9982457461874501,0.9525741268224334,0.1
552,1,1.0,1.0,0.5166666666666667,1.0,0.0,1.0,1.0,0.9999999,0.9991832666188382,0.4942468350629246,0.990107007903733,0.9525741268224334,0.1
553,1,1.0,1.0,0.48333333333333334,1.0,0.0,1.0,1.0,0.9999981,0.9990490285945166,0.4694103510590322,0.9657870074881826,0.9525741268224334,0.1
554,1,1.0,1.0,0.38333333333333336,1.0,0.0,1.0,1.0,1.0,0.999162283514378,0.3511367418576077,0.9945311123996511,0.9525741268224334,0.1
555,1,1.0,1.0,0.43333333333333335,1.0,0.0,1.0,1.0,1.0,0.9988789722614427,0.41069328947412737,0.9500007573512524,0.9525741268224334,0.1
556,1,1.0,1.0,0.43333333333333335,1.0,0.0,1.0,1.0,1.0,0.990398335938761,0.4047585142197057,0.9822507179352163,0.9525741268224334,0.1
557,1,1.0,1.0,0.4666666666666667,1.0,0.0,1.0,1.0,0.99956864,0.9935124250490154,0.4167028385285699,0.9800274578894133,0.9525741268224334,0.1
558,1,1.0,1.0,0.4166666666666667,1.0,0.0,1.0,1.0,1.0,0.9988047365608834,0.3920683592380938,0.9452288950802206,0.9525741268224334,0.1
559,1,1.0,1.0,0.5333333333333333,1.0,0.0,1.0,1.0,1.0,0.9895098180301007,0.5167390238428144,0.997173786055667,0.9525741268224334,0.1
560,1,1.0,1.0,0.45,1.0,0.0,1.0,1.0,0.99996936,0.996040404058142,0.4194884545108974,0.9988683802649845,0.9525741268224334,0.1
561,1,1.0,1.0,0.4166666666666667,1.0,0.0,1.0,1.0,0.99997294,0.9917070140926437,0.3584943258889957,0.9356420825804335,0.9525741268224334,0.1
562,1,1.0,1.0,0.5333333333333333,1.0,0.0,1.0,1.0,1.0,0.9900834946985096,0.48033546635905516,0.9666770074785324,0.9525741268224334,0.1
563,1,1.0,1.0,0.38333333333333336,1.0,0.0,1.0,1.0,1.0,0.9931526167843103,0.35304165911267993,0.5527794331959262,0.9525741268224334,0.1
564,1,1.0,1.0,0.31666666666666665,1.0,0.0,1.0,1.0,1.0,0.9992397840608728,0.31542021157581845,0.9986122792954104,0.9525741268224334,0.1
565,1,1.0,1.0,0.4166666666666667,1.0,0.0,1.0,1.0,0.9919665,0.9946118527407902,0.38732015026400984,0.9980073587863795,0.9525741268224334,0.1
566,1,1.0,1.0,0.38333333333333336,1.0,0.0,1.0,1.0,1.0,0.9895847029771931,0.3323924833791372,0.9995567552873014,0.9525741268224334,0.1
567,1,1.0,1.0,0.36666666666666664,1.0,0.0,1.0,1.0,1.0,0.9958540459103721,0.36182932085184044,0.9997487656180595,0.9525741268224334,0.1
568,1,1.0,1.0,0.5,1.0,0.0,1.0,1.0,1.0,0.9979433692071719,0.45721939299469666,0.9939013767244443,0.9525741268224334,0.1
569,1,1.0,1.0,0.36666666666666664,1.0,0.0,1.0,1.0,1.0,0.9973697306872781,0.3612458352049828,0.9994534991285807,0.9525741268224334,0.1
570,1,1.0,1.0,0.4166666666666667,1.0,0.0,1.0,1.0,1.0,0.9959838829473652,0.4131370719088222,0.9826271149828205,0.9525741268224334,0.1
571,1,1.0,1.0,0.45,1.0,0.0,1.0,1.0,0.9932065,0.9865915180067013,0.4150222431667269,0.7370941409933004,0.9525741268224334,0.1
572,1,1.0,1.0,0.45,1.0,0.0,1.0,1.0,0.99999666,0.9924434505982813,0.42690428860488017,0.999452029996397,0.9525741268224334,0.1
573,1,1.0,1.0,0.36666666666666664,1.0,0.0,1.0,1.0,0.9820988,0.9979514079669476,0.3440191626835775,0.9755342859537505,0.9525741268224334,0.1
574,1,1.0,1.0,0.4,1.0,0.0,1.0,1.0,0.99993825,0.9933946949211303,0.3879608633043971,0.9996093175663895,0.9525741268224334,0.1
575,1,1.0,1.0,0.26666666666666666,1.0,0.0,0.0,1.0,1.0,0.9911317958011312,0.26363002082093234,0.9776280474608222,0.9525741268224334,0.1
576,1,1.0,1.0,0.4166666666666667,1.0,0.0,1.0,1.0,1.0,0.9968604853014402,0.37956368985549543,0.9893606989638254,0.9525741268224334,0.1
577,1,1.0,1.0,0.3333333333333333,1.0,0.0,1.0,1.0,0.9999999,0.9903566949177381,0.3369582009167601,0.9801257435239146,0.9525741268224334,0.1
578,1,1.0,1.0,0.36666666666666664,1.0,0.0,1.0,1.0,0.9999602,0.9955822606397889,0.35987291087146533,0.9960379116227772,0.9525741268224334,0.1
579,1,1.0,1.0,0.2833333333333333,1.0,0.0,1.0,1.0,1.0,0.9962740357257681,0.29305869621747255,0.999127205117121,0.9525741268224334,0.1
580,1,1.0,1.0,0.45,1.0,0.0,1.0,1.0,1.0,0.9947088782538336,0.43177862246905613,0.999494462415416,0.9525741268224334,0.1
581,1,1.0,1.0,0.4166666666666667,1.0,0.0,1.0,1.0,1.0,0.9975415711115159,0.4219788785556462,0.9975318705174454,0.9525741268224334,0.1
582,1,1.0,1.0,0.35,1.0,0.0,1.0,1.0,1.0,0.9975177511894944,0.3435481244043613,0.9976129341968325,0.9525741268224334,0.1
583,1,1.0,1.0,0.4,1.0,0.0,1.0,1.0,1.0,0.9992986135694625,0.38128101654895,0.9994816439050238,0.9525741268224334,0.1
584,1,1.0,1.0,0.36666666666666664,1.0,0.0,1.0,1.0,1.0,0.993533269056191,0.3710657579987799,0.8244449446062205,0.9525741268224334,0.1
585,0,1.0,0.2,0.5333333333333333,0.0,0.0,0.0,1.0,7.0682546e-07,0.9978919835361804,0.5092823114618982,0.997303613359084,0.9525741268224334,0.1
586,0,1.0,0.0,0.5166666666666667,1.0,0.0,0.0,1.0,1.49261e-07,0.9966090156302828,0.41015567485993176,0.9965497048351973,0.9525741268224334,0.1
587,0,1.0,0.0,0.35,0.0,0.0,0.0,1.0,2.8691318e-13,0.9964612509962989,0.525711704586482,0.9994399434270754,0.9525741268224334,0.1
588,0,1.0,0.0,0.5166666666666667,1.0,0.0,0.0,0.0,1.4360986e-09,0.9961892939340874,0.43135635493750973,0.9422837578708942,0.9525741268224334,0.1
589,0,1.0,0.0,0.5166666666666667,1.0,0.0,0.0,1.0,9.042186e-14,0.9942771894386685,0.4138278495724012,0.9948760964513659,0.9525741268224334,0.1
590,0,1.0,0.0,0.4666666666666667,1.0,0.0,0.0,1.0,3.5713534e-09,0.9965349262911738,0.45334757764567185,0.9922714005033167,0.9525741268224334,0.1
591,0,1.0,0.0,0.3,0.0,0.0,0.0,1.0,0.011468478,0.9963961766871123,0.576426524892461,0.9802658264640227,0.9525741268224334,0.1
592,0,1.0,0.0,0.4166666666666667,0.0,0.0,0.0,1.0,0.0009685895,0.9965605491383891,0.5022002497423259,0.9940552882031537,0.9525741268224334,0.1
593,0,1.0,0.0,0.5,1.0,0.0,0.0,1.0,1.2483182e-09,0.9964932353557517,0.428482901927409,0.9990419080595078,0.9525741268224334,0.1
594,0,1.0,0.0,0.48333333333333334,1.0,0.0,0.0,1.0,3.413408e-14,0.996962590409557,0.45058891351259933,0.9992567387715061,0.9525741268224334,0.1
595,0,1.0,0.0,0.36666666666666664,0.0,0.0,0.0,0.0,2.3518e-06,0.9969463018504051,0.5382597107941938,0.9322994333674488,0.9525741268224334,0.1
596,0,1.0,0.0,0.31666666666666665,0.0,0.0,0.0,1.0,1.458509e-15,0.9966129244899444,0.5515275491923242,0.9986209217298081,0.9525741268224334,0.1
597,0,1.0,0.0,0.45,1.0,0.0,0.0,1.0,7.100475e-07,0.9969693408739589,0.45774045251616524,0.9787355161457602,0.9525741268224334,0.1
598,0,1.0,0.0,0.5166666666666667,1.0,0.0,0.0,1.0,1.7297139e-12,0.9956521023898458,0.39526499580830343,0.9929430764630545,0.9525741268224334,0.1
599,0,1.0,0.0,0.38333333333333336,0.0,0.0,0.0,1.0,1.4226966e-08,0.9957105290002455,0.5092297882065799,0.9998212579518387,0.9525741268224334,0.1
600,0,1.0,0.0,0.5166666666666667,1.0,0.0,0.0,1.0,3.6651143e-06,0.9962302186203067,0.41880244331708993,0.9885903021126833,0.9525741268224334,0.1
601,0,1.0,0.0,0.43333333333333335,1.0,0.0,0.0,1.0,2.1598137e-06,0.9962939254914075,0.4966633430461045,0.9972958530424092,0.9525741268224334,0.1
602,0,1.0,0.0,0.4166666666666667,1.0,0.0,0.0,1.0,6.217808e-11,0.9971287160300999,0.49179260592964413,0.9823276173775158,0.9525741268224334,0.1
603,0,1.0,0.0,0.36666666666666664,0.0,0.0,0.0,0.0,1.1777522e-13,0.9963980570986085,0.5285980476912396,0.8922058767584568,0.9525741268224334,0.1
604,0,1.0,0.0,0.4666666666666667,1.0,0.0,0.0,0.0,3.2335362e-15,0.9954719416953072,0.45969864252020665,0.7195825432031142,0.9525741268224334,0.1
605,0,1.0,0.0,0.4166666666666667,1.0,0.0,0.0,1.0,0.0013155938,0.995999001102301,0.49365331846459465,0.9926902695965325,0.9525741268224334,0.1
606,1,1.0,0.7833333333333333,0.4666666666666667,1.0,0.0,1.0,1.0,1.0,0.9989402230435915,0.3769109355773665,0.9997803300375719,0.9525741268224334,0.1
607,1,1.0,1.0,0.48333333333333334,1.0,0.0,1.0,1.0,1.0,0.9995713053937305,0.500194867828,0.9420372454368549,0.9525741268224334,0.1
608,1,1.0,1.0,0.43333333333333335,1.0,0.0,1.0,1.0,1.0,0.9995166362569379,0.4451499091575422,0.9992998185451856,0.9525741268224334,0.1
609,1,1.0,1.0,0.5333333333333333,1.0,1.0,1.0,1.0,0.99999964,0.9994034977633937,0.5437132897234103,0.614864268738593,0.9525741268224334,0.1
610,1,1.0,1.0,0.48333333333333334,1.0,0.0,1.0,1.0,1.0,0.9994647882623184,0.491860667923608,0.9990199960776082,0.9525741268224334,0.1
611,1,1.0,1.0,0.35,1.0,0.0,1.0,1.0,0.9964586,0.9986139402447722,0.392536177693068,0.9915073481917241,0.9525741268224334,0.1
612,1,1.0,1.0,0.48333333333333334,1.0,0.0,1.0,1.0,1.0,0.9982856888871271,0.5003777392323282,0.9287942111642424,0.9525741268224334,0.1
613,0,1.0,0.0,0.43333333333333335,1.0,0.0,0.0,1.0,7.7522316e-07,0.9969956905282804,0.46698803403339967,0.9996364373445367,0.9525741268224334,0.1
614,0,1.0,0.0,0.55,1.0,0.0,0.0,0.0,4.6004242e-10,0.996873618362526,0.41455037178410586,0.9369117059713367,0.9525741268224334,0.1
615,0,1.0,0.0,0.35,0.0,0.0,0.0,1.0,1.8047841e-11,0.997421888043269,0.5475106080130719,0.9970289773666676,0.9525741268224334,0.1
616,0,1.0,0.0,0.38333333333333336,0.0,0.0,0.0,1.0,7.192462e-08,0.9966085113088352,0.5095707858947579,0.9983078923350568,0.9525741268224334,0.1
617,0,1.0,0.0,0.3333333333333333,0.0,0.0,0.0,1.0,1.1843487e-08,0.9965697165979798,0.5438046757309961,0.9971144430939773,0.9525741268224334,0.1
618,0,1.0,0.0,0.5166666666666667,1.0,0.0,0.0,1.0,1.3037531e-08,0.9962437103222965,0.41587763564309815,0.9933021958230617,0.9525741268224334,0.1
619,0,1.0,0.0,0.4166666666666667,1.0,0.0,0.0,0.0,4.0963247e-10,0.9966395129452345,0.47832452871523545,0.8684726600743855,0.9525741268224334,0.1
620,1,1.0,0.9166666666666666,0.43333333333333335,1.0,0.0,1.0,1.0,0.9999976,0.9980441295442871,0.3743026194933257,0.9997428013212655,0.9525741268224334,0.1
621,1,1.0,1.0,0.43333333333333335,1.0,0.0,1.0,1.0,1.0,0.9990553255793901,0.38894762252503245,0.9951118454806464,0.9525741268224334,0.1
622,1,1.0,1.0,0.36666666666666664,1.0,0.0,1.0,1.0,1.0,0.9981683645747919,0.3639572559327305,0.9420372454368549,0.9525741268224334,0.1
623,1,1.0,1.0,0.31666666666666665,1.0,0.0,1.0,1.0,1.0,0.9991300748679525,0.31158316418740406,0.9997825515363279,0.9525741268224334,0.1
624,1,1.0,1.0,0.36666666666666664,1.0,0.0,1.0,1.0,1.0,0.9963574899184869,0.3515862106828717,0.9991870490817953,0.9525741268224334,0.1
625,1,1.0,1.0,0.38333333333333336,1.0,0.0,1.0,1.0,1.0,0.9988110804509872,0.3918621664613341,0.9982410547609468,0.9525741268224334,0.1
626,1,1.0,1.0,0.4,1.0,0.0,1.0,1.0,1.0,0.9997863965959071,0.3827936060653429,0.9998966843937418,0.9525741268224334,0.1
627,1,1.0,1.0,0.45,1.0,0.0,1.0,1.0,1.0,0.9990145610544513,0.4284825199923144,0.8737344042281255,0.9525741268224334,0.1
628,1,1.0,1.0,0.45,1.0,0.0,1.0,1.0,0.9993013,0.9995689736203992,0.42240728521603216,0.9912138629047057,0.9525741268224334,0.1
629,1,1.0,1.0,0.4166666666666667,1.0,0.0,1.0,1.0,1.0,0.9993490658519684,0.3834305794966793,0.953540421649482,0.9525741268224334,0.1
630,1,1.0,1.0,0.5,1.0,0.0,1.0,1.0,0.99981683,0.9998017221450258,0.43026234316560247,0.9718834432625131,0.9525741268224334,0.1
631,1,1.0,1.0,0.35,1.0,0.0,1.0,1.0,0.9991246,0.9988096190420634,0.33889288411718993,0.5705662232765984,0.9525741268224334,0.1
632,1,1.0,1.0,0.43333333333333335,1.0,0.0,1.0,1.0,1.0,0.9993997991931922,0.4125473786311143,0.9297786559752929,0.9525741268224334,0.1
633,1,1.0,1.0,0.4166666666666667,1.0,0.0,1.0,1.0,1.0,0.9998573863090949,0.39385394586870687,0.9345542719332387,0.9525741268224334,0.1
634,1,1.0,1.0,0.4666666666666667,1.0,0.0,1.0,1.0,1.0,0.9988579182946123,0.3841577946195361,0.9965971201429977,0.9525741268224334,0.1
635,1,1.0,1.0,0.5166666666666667,1.0,0.0,1.0,1.0,1.0,0.994324500869966,0.49730184083185597,0.9868352315495382,0.9525741268224334,0.1
636,1,1.0,1.0,0.36666666666666664,1.0,0.0,1.0,1.0,0.9999982,0.9960099016286773,0.3393782023739923,0.9761928213169195,0.9525741268224334,0.1
637,1,1.0,1.0,0.3,1.0,0.0,1.0,1.0,1.0,0.996899155930785,0.30043884539886906,0.884208301577366,0.9525741268224334,0.1
638,1,1.0,1.0,0.38333333333333336,1.0,0.0,1.0,1.0,0.99999964,0.9971522386865713,0.3427766604802806,0.9755829287641155,0.9525741268224334,0.1
639,1,1.0,1.0,0.43333333333333335,1.0,0.0,1.0,1.0,1.0,0.9981608467067374,0.4118651957826707,0.9994726163981947,0.9525741268224334,0.1
640,1,1.0,1.0,0.3333333333333333,1.0,0.0,1.0,1.0,0.99999917,0.99794040980779,0.3283829990371268,0.7741676991931379,0.9525741268224334,0.1
641,1,1.0,1.0,0.4,1.0,0.0,1.0,1.0,1.0,0.9990975427802934,0.3904924210031003,0.990979025484609,0.9525741268224334,0.1
642,1,1.0,1.0,0.4166666666666667,1.0,0.0,1.0,1.0,1.0,0.9991626627358604,0.38949074996960625,0.9983238958307725,0.9525741268224334,0.1
643,1,1.0,1.0,0.43333333333333335,1.0,0.0,1.0,1.0,0.99924636,0.9933988446684836,0.40434064760753585,0.9856276424356207,0.9525741268224334,0.1
644,1,1.0,1.0,0.43333333333333335,1.0,0.0,1.0,1.0,1.0,0.9970959138803326,0.40593935150402166,0.9883210488349458,0.9525741268224334,0.1
645,1,1.0,1.0,0.36666666666666664,1.0,0.0,1.0,1.0,0.9999869,0.9991031228048521,0.3709470999400652,0.9747160573614366,0.9525741268224334,0.1
646,0,1.0,0.31666666666666665,0.4666666666666667,1.0,0.0,0.0,1.0,1.0916987e-10,0.9976321391313675,0.45286965469170043,0.9999150405502033,0.9525741268224334,0.1
647,0,1.0,0.0,0.4166666666666667,1.0,0.0,0.0,1.0,0.001928028,0.9937460823525696,0.4870046581996736,0.9975986946513583,0.9525741268224334,0.1
648,0,1.0,0.0,0.35,0.0,0.0,0.0,1.0,3.6395262e-10,0.9963440587860173,0.5429863236535882,0.9997196488033402,0.9525741268224334,0.1
649,0,1.0,0.0,0.4166666666666667,1.0,0.0,0.0,1.0,0.00096530706,0.9956070584085446,0.4916079571257095,0.9962582487951773,0.9525741268224334,0.1
650,0,1.0,0.0,0.43333333333333335,1.0,0.0,0.0,1.0,0.0005050147,0.9965888019807962,0.479079338696371,0.9999391110151016,0.9525741268224334,0.1
651,0,1.0,0.0,0.55,1.0,0.0,0.0,0.0,9.2810396e-08,0.9954051591496839,0.392011841841409,0.9130612385513861,0.9525741268224334,0.1
652,0,1.0,0.0,0.31666666666666665,0.0,0.0,0.0,1.0,3.6759896e-08,0.9958931025485924,0.5666600159612798,0.994266592638601,0.9525741268224334,0.1
653,0,1.0,0.0,0.4,1.0,0.0,0.0,1.0,0.0006434593,0.9957580897886394,0.49276535865041365,0.9972959989423791,0.9525741268224334,0.1
654,0,1.0,0.0,0.3333333333333333,0.0,0.0,0.0,1.0,0.00011751432,0.9961057635667115,0.5334774712643203,0.998012803103385,0.9525741268224334,0.1
655,0,1.0,0.0,0.4166666666666667,1.0,0.0,0.0,0.0,0.24851744,0.9966221767778374,0.49920557421035133,0.9999069330593284,0.9525741268224334,0.1
656,0,1.0,0.0,0.2833333333333333,0.0,0.0,0.0,1.0,3.3409805e-07,0.9962408028772488,0.5881082987773162,0.9895651618190037,0.9525741268224334,0.1
657,0,1.0,0.0,0.3333333333333333,0.0,0.0,0.0,1.0,2.0897035e-08,0.9961776898839034,0.5439099574406925,0.9983204715591528,0.9525741268224334,0.1
658,0,1.0,0.0,0.31666666666666665,0.0,0.0,0.0,1.0,2.1074973e-06,0.9951094016296352,0.5548924936174161,0.999890324671743,0.9525741268224334,0.1
659,0,1.0,0.0,0.45,1.0,0.0,0.0,1.0,9.946235e-10,0.9966042624953138,0.46242437807407505,0.9989497510268208,0.9525741268224334,0.1
660,0,1.0,0.0,0.43333333333333335,1.0,0.0,0.0,1.0,1.9372341e-10,0.9952099156690667,0.4860494856480716,0.9920424850772689,0.9525741268224334,0.1
661,0,1.0,0.0,0.45,1.0,0.0,0.0,1.0,4.845689e-10,0.9958301933600298,0.4709683414051866,0.9996904004834208,0.9525741268224334,0.1
662,0,1.0,0.0,0.5,1.0,0.0,0.0,1.0,8.3144636e-07,0.9959608998951538,0.4322924379447172,0.9998718681273165,0.9525741268224334,0.1
663,0,1.0,0.0,0.5166666666666667,1.0,0.0,0.0,1.0,1.6236643e-12,0.9950953510829778,0.4137434410514305,0.9975018879800017,0.9525741268224334,0.1
664,0,1.0,0.0,0.3,0.0,0.0,0.0,1.0,2.971982e-16,0.9952731192373361,0.5842726209230892,0.9978079286180982,0.9525741268224334,0.1
665,0,1.0,0.0,0.45,1.0,0.0,0.0,0.0,9.27264e-07,0.9960147886754903,0.4540949835228373,0.9435921560466073,0.9525741268224334,0.1
666,0,1.0,0.0,0.5666666666666667,1.0,0.0,0.0,1.0,8.194517e-09,0.9949706197723399,0.38068501893909457,0.9940852886987795,0.9525741268224334,0.1
667,0,1.0,0.0,0.4666666666666667,1.0,0.0,0.0,1.0,1.4888596e-07,0.9960972261698058,0.4410023199919282,0.9978158205287613,0.9525741268224334,0.1
668,0,1.0,0.31666666666666665,0.38333333333333336,1.0,0.0,0.0,1.0,1.8047841e-11,0.9540484098402607,0.4126497711880519,0.9970289773666676,0.9525741268224334,0.1
669,1,1.0,1.0,0.48333333333333334,1.0,0.0,1.0,1.0,1.0,0.905852478596291,0.44683562129637494,0.9976477622314479,0.9525741268224334,0.1
670,1,1.0,1.0,0.4666666666666667,1.0,0.0,1.0,1.0,1.0,0.900953247426263,0.4275604274081371,0.9996641762849585,0.9525741268224334,0.1
671,1,1.0,1.0,0.38333333333333336,1.0,0.0,0.0,1.0,0.9831955,0.922569718829406,0.3854436089090153,0.9369625062182566,0.9525741268224334,0.1
672,1,1.0,1.0,0.36666666666666664,1.0,0.0,1.0,1.0,1.0,0.928382996650002,0.37822853458797684,0.9993075318279533,0.9525741268224334,0.1
673,1,1.0,1.0,0.2833333333333333,1.0,0.0,0.0,1.0,1.0,0.9338031766832618,0.29109854188285716,0.9828984854531242,0.9525741268224334,0.1
674,1,1.0,1.0,0.6333333333333333,1.0,1.0,1.0,1.0,1.0,0.9331003929383593,0.5958122325277455,0.9990453727779722,0.9525741268224334,0.1
675,1,1.0,1.0,0.4166666666666667,1.0,0.0,1.0,1.0,1.0,0.9111129480580384,0.42621245701409083,0.9975318705174454,0.9525741268224334,0.1
676,1,1.0,1.0,0.3,1.0,0.0,0.0,1.0,0.99996245,0.9328389854083999,0.32428624057288796,0.9993071863799787,0.9525741268224334,0.1
677,1,1.0,1.0,0.35,1.0,0.0,0.0,1.0,0.99999976,0.9047963761704771,0.35764004441407393,0.6607696272911444,0.9525741268224334,0.1
678,1,1.0,1.0,0.3333333333333333,1.0,0.0,0.0,1.0,1.0,0.9137696268509197,0.34693884400139724,0.9911357466633574,0.9525741268224334,0.1
679,1,1.0,1.0,0.4166666666666667,1.0,0.0,1.0,1.0,1.0,0.9026541600283278,0.43215554098529163,0.9954269587635926,0.9525741268224334,0.1
680,1,1.0,1.0,0.5333333333333333,1.0,0.0,1.0,1.0,0.99999964,0.9245701095607225,0.4794645258668407,0.9878198933287393,0.9525741268224334,0.1
681,1,1.0,1.0,0.4166666666666667,1.0,0.0,1.0,1.0,1.0,0.922980439985463,0.399556803363874,0.9997825515363279,0.9525741268224334,0.1
682,1,1.0,1.0,0.5,1.0,0.0,1.0,1.0,0.9999994,0.9324353634657517,0.45466329079778,0.9715152635107532,0.9525741268224334,0.1
683,1,1.0,1.0,0.4166666666666667,1.0,0.0,1.0,1.0,1.0,0.9381440018191499,0.4048190131983092,0.7798383440557941,0.9525741268224334,0.1
684,1,1.0,1.0,0.36666666666666664,1.0,0.0,0.0,1.0,0.9999572,0.9112379265317276,0.35817719783016994,0.9539714790148767,0.9525741268224334,0.1
685,1,1.0,1.0,0.2833333333333333,1.0,0.0,0.0,1.0,0.99995625,0.9303807981358342,0.3121960451192934,0.9767727587170463,0.9525741268224334,0.1
686,1,1.0,1.0,0.55,1.0,0.0,1.0,1.0,1.0,0.9164267977867944,0.5007094430206179,0.9072925059983022,0.9525741268224334,0.1
687,1,1.0,1.0,0.43333333333333335,1.0,0.0,1.0,1.0,0.99999964,0.9257871161394584,0.43872633553812385,0.9983588256674,0.9525741268224334,0.1
688,1,1.0,1.0,0.36666666666666664,1.0,0.0,1.0,1.0,0.9999999,0.9324439861711598,0.3754647482814338,0.99809579642152,0.9525741268224334,0.1
689,1,1.0,1.0,0.31666666666666665,1.0,0.0,0.0,1.0,1.0,0.9473364758861323,0.32943843649005483,0.7783637834582099,0.9525741268224334,0.1
690,1,1.0,1.0,0.4,1.0,0.0,1.0,1.0,0.9985656,0.9463242585058118,0.38581936410438616,0.9892076131010374,0.9525741268224334,0.1
691,1,1.0,1.0,0.45,1.0,0.0,1.0,1.0,1.0,0.9404532293881682,0.44993303004974666,0.9992979134407941,0.9525741268224334,0.1
692,1,1.0,1.0,0.38333333333333336,1.0,0.0,1.0,1.0,1.0,0.9399699423353428,0.39042068735527025,0.9978133764845403,0.9525741268224334,0.1
693,1,1.0,1.0,0.31666666666666665,1.0,0.0,0.0,1.0,1.0,0.9299381506864628,0.3088950823548522,0.9915251274907846,0.9525741268224334,0.1
694,0,1.0,0.23333333333333334,0.45,0.0,0.0,0.0,1.0,3.5806344e-10,0.9666297021763983,0.5100521156445094,0.9980428953988277,0.9525741268224334,0.1
695,1,1.0,0.8666666666666667,0.4,1.0,0.0,1.0,1.0,1.0,0.9992546374332353,0.35315339192602196,0.9504686284734896,0.9525741268224334,0.1
696,1,1.0,1.0,0.43333333333333335,1.0,0.0,1.0,1.0,1.0,0.9991706935096321,0.37846819928804365,0.9968394154821897,0.9525741268224334,0.1
697,1,1.0,1.0,0.4166666666666667,1.0,0.0,1.0,1.0,1.0,0.9996466744490686,0.3880996820352384,0.9848075749966261,0.9525741268224334,0.1
698,1,1.0,1.0,0.43333333333333335,1.0,0.0,1.0,1.0,1.0,0.9997683348931242,0.4226774725398937,0.9919357673365928,0.9525741268224334,0.1
699,1,1.0,1.0,0.5666666666666667,1.0,0.0,1.0,1.0,1.0,0.9994271825871317,0.5107697577117416,0.9004883758947761,0.9525741268224334,0.1
700,1,1.0,1.0,0.5,1.0,0.0,1.0,1.0,0.9999865,0.9974745356256952,0.4064269806479825,0.9806669539185048,0.9525741268224334,0.1
701,1,1.0,1.0,0.36666666666666664,1.0,0.0,1.0,1.0,1.0,0.9996179614005621,0.36683996597519614,0.9716732917171034,0.9525741268224334,0.1
702,1,1.0,1.0,0.5166666666666667,1.0,0.0,1.0,1.0,1.0,0.999364580755519,0.47503757627850013,0.875600586281366,0.9525741268224334,0.1
703,1,1.0,1.0,0.35,1.0,0.0,1.0,1.0,1.0,0.9946190258560377,0.3384324584939474,0.9288603225091662,0.9525741268224334,0.1
704,1,1.0,1.0,0.5,1.0,0.0,1.0,1.0,1.0,0.9976556686361024,0.45657136812373866,0.9989097190647269,0.9525741268224334,0.1
705,1,1.0,1.0,0.6166666666666667,1.0,0.0,0.0,1.0,0.62927026,0.9974675751981258,0.4993323926125513,0.8988959948312817,0.9525741268224334,0.1
706,1,1.0,1.0,0.5,1.0,0.0,1.0,1.0,0.9999995,0.9989112361168996,0.4469576596846196,0.9901461504579078,0.9525741268224334,0.1
707,1,1.0,1.0,0.31666666666666665,1.0,0.0,1.0,1.0,1.0,0.9988465069128938,0.3079094358189904,0.9996641762849585,0.9525741268224334,0.1
708,1,1.0,1.0,0.4,1.0,0.0,1.0,1.0,1.0,0.9978245731098857,0.35787259081156275,0.9297516384348616,0.9525741268224334,0.1
709,1,1.0,1.0,0.38333333333333336,1.0,0.0,0.0,1.0,0.62414175,0.9999995972439961,0.35695108041916596,0.9817992500503306,0.9525741268224334,0.1
710,1,1.0,1.0,0.4,1.0,0.0,1.0,1.0,1.0,0.9984978671717719,0.36739033654754344,0.9982457461874501,0.9525741268224334,0.1
711,1,1.0,1.0,0.45,1.0,0.0,1.0,1.0,1.0,0.9989004467510032,0.40966973416226077,0.9553544289531872,0.9525741268224334,0.1
712,1,1.0,1.0,0.35,1.0,0.0,1.0,1.0,0.99999475,0.9972021453051281,0.33528439793278475,0.9992269546581408,0.9525741268224334,0.1
713,1,1.0,1.0,0.4,1.0,0.0,1.0,1.0,0.9999945,0.998340891556634,0.3751212852923448,0.9996065473638286,0.9525741268224334,0.1
714,1,1.0,1.0,0.4,1.0,0.0,1.0,1.0,1.0,0.9984820922724275,0.378770999520558,0.9964337157632774,0.9525741268224334,0.1
715,1,1.0,1.0,0.36666666666666664,1.0,0.0,1.0,1.0,0.99999964,0.9991368718626197,0.3669688617804425,0.8853707458530701,0.9525741268224334,0.1
716,1,1.0,1.0,0.4,1.0,0.0,1.0,1.0,0.9999994,0.9990759418074667,0.3639245520801611,0.4760773225560131,0.9525741268224334,0.1
717,1,1.0,1.0,0.4166666666666667,1.0,0.0,1.0,1.0,0.99999964,0.9990900368917164,0.40434349952681725,0.9878198933287393,0.9525741268224334,0.1
718,1,1.0,1.0,0.35,1.0,0.0,1.0,1.0,1.0,0.9982835867959935,0.3578725842677218,0.9368355682767364,0.9525741268224334,0.1
719,1,1.0,1.0,0.3333333333333333,1.0,0.0,1.0,1.0,1.0,0.9985059485088218,0.32430157794885694,0.8115226939651581,0.9525741268224334,0.1
720,1,1.0,1.0,0.4166666666666667,1.0,0.0,1.0,1.0,1.0,0.9999407845462395,0.37473816233680207,0.9042779816815727,0.9525741268224334,0.1
721,1,1.0,1.0,0.5333333333333333,1.0,0.0,1.0,1.0,1.0,0.9987021853462104,0.4870297088733022,0.9807790849911555,0.9525741268224334,0.1
722,1,1.0,1.0,0.4666666666666667,1.0,0.0,1.0,1.0,1.0,0.99952589522483,0.42318083480045543,0.9450090289798143,0.9525741268224334,0.1
723,1,1.0,1.0,0.36666666666666664,1.0,0.0,1.0,1.0,0.9999999,0.998481875257558,0.35463493509363697,0.8584255841961285,0.9525741268224334,0.1
724,1,1.0,1.0,0.38333333333333336,1.0,0.0,1.0,1.0,0.99956864,0.999060356013712,0.3626253359495783,0.9800274578894133,0.9525741268224334,0.1
725,1,1.0,1.0,0.4,1.0,0.0,1.0,1.0,1.0,0.9999060947988305,0.38446841817032484,0.9761906194330263,0.9525741268224334,0.1
726,1,1.0,1.0,0.38333333333333336,1.0,0.0,1.0,1.0,1.0,0.9990180700964956,0.3742667902852007,0.990742028185826,0.9525741268224334,0.1
727,1,1.0,1.0,0.4166666666666667,1.0,0.0,1.0,1.0,0.9999994,0.9992233937365645,0.3864165623092774,0.9998714169608842,0.9525741268224334,0.1
728,1,1.0,1.0,0.36666666666666664,1.0,0.0,1.0,1.0,0.99942577,0.9935133752769701,0.3509054978275718,0.9768733786396868,0.9525741268224334,0.1
729,1,1.0,1.0,0.45,1.0,0.0,1.0,1.0,1.0,0.9919265395595042,0.3843595878718523,0.9982886670344153,0.9525741268224334,0.1
730,1,1.0,1.0,0.35,1.0,0.0,1.0,1.0,1.0,0.9989577448608362,0.3120325304794169,0.9957155654461465,0.9525741268224334,0.1
731,1,1.0,1.0,0.5333333333333333,1.0,0.0,1.0,1.0,0.9999995,0.9978754268531701,0.46290611934179055,0.9949319332992937,0.9525741268224334,0.1
732,1,1.0,1.0,0.36666666666666664,1.0,0.0,1.0,1.0,0.99999785,0.9972450811531909,0.3638651185371494,0.9998641474360097,0.9525741268224334,0.1
733,1,1.0,1.0,0.4,1.0,0.0,1.0,1.0,0.99955505,0.9978162621201413,0.40219531518289514,0.9942653234546648,0.9525741268224334,0.1
734,1,1.0,1.0,0.38333333333333336,1.0,0.0,1.0,1.0,0.99999964,0.9955380373853051,0.35030875168633746,0.614864268738593,0.9525741268224334,0.1
735,1,1.0,1.0,0.4166666666666667,1.0,0.0,1.0,1.0,1.0,0.9940881557395197,0.3985277941435817,0.9988181848705252,0.9525741268224334,0.1
736,1,1.0,1.0,0.35,1.0,0.0,1.0,1.0,1.0,0.9978337901058034,0.35860874638380497,0.9052489979223155,0.9525741268224334,0.1
737,1,1.0,1.0,0.36666666666666664,1.0,0.0,1.0,1.0,1.0,0.997546682978775,0.374444513059637,0.9934786839158066,0.9525741268224334,0.1
738,1,1.0,1.0,0.36666666666666664,1.0,0.0,1.0,1.0,0.9999994,0.9947167688710581,0.33022741341904954,0.9965733045388574,0.9525741268224334,0.1
739,1,1.0,1.0,0.4166666666666667,1.0,0.0,1.0,1.0,1.0,0.9956403825933094,0.3983371074943454,0.5442448356969801,0.9525741268224334,0.1
740,1,1.0,1.0,0.4166666666666667,1.0,0.0,1.0,1.0,1.0,0.9968553989375678,0.4178771347564504,0.9028611395902505,0.9525741268224334,0.1
741,1,1.0,1.0,0.4666666666666667,1.0,0.0,1.0,1.0,0.9999585,0.9982872222561685,0.43315548089729067,0.9983469135392308,0.9525741268224334,0.1
742,1,1.0,1.0,0.5166666666666667,1.0,0.0,1.0,1.0,0.9999726,0.9981179036286885,0.49134922691613936,0.9916233555396038,0.9525741268224334,0.1
743,1,1.0,1.0,0.4,1.0,0.0,1.0,1.0,1.0,0.9943719213635206,0.37720523816922297,0.9898069196996704,0.9525741268224334,0.1
744,1,1.0,1.0,0.4666666666666667,1.0,0.0,1.0,1.0,0.99999845,0.9965430431200395,0.41721559353225657,0.9402087202483198,0.9525741268224334,0.1
745,1,1.0,1.0,0.4,1.0,0.0,1.0,1.0,0.9964586,0.9989048029179315,0.4080423730375545,0.9915073481917241,0.9525741268224334,0.1
746,1,1.0,1.0,0.5,1.0,0.0,1.0,1.0,1.0,0.9966435802436812,0.45249835452659626,0.8343638027218278,0.9525741268224334,0.1
747,1,1.0,1.0,0.4,1.0,0.0,1.0,1.0,0.99999964,0.9877646842174916,0.38847315123731535,0.9797232053679574,0.9525741268224334,0.1
748,1,1.0,1.0,0.36666666666666664,1.0,0.0,1.0,1.0,1.0,0.9936292089958874,0.36452115081929815,0.9947257486912933,0.9525741268224334,0.1
749,1,1.0,1.0,0.4,1.0,0.0,1.0,1.0,1.0,0.998123281968034,0.3905082582065646,0.9708606748355607,0.9525741268224334,0.1
750,1,1.0,1.0,0.2833333333333333,1.0,0.0,1.0,1.0,1.0,0.9944244051476263,0.2988122470476089,0.9810407131437395,0.9525741268224334,0.1
751,1,1.0,1.0,0.4166666666666667,1.0,0.0,1.0,1.0,1.0,0.9967451809478469,0.4018564991803588,0.777883614251681,0.9525741268224334,0.1
752,1,1.0,1.0,0.5333333333333333,1.0,0.0,1.0,1.0,1.0,0.9965279427016456,0.49187898365679855,0.9779578587365787,0.9525741268224334,0.1
753,1,1.0,1.0,0.55,1.0,0.0,1.0,1.0,0.9999999,0.9984926369679499,0.5074016836874573,0.9992660901265609,0.9525741268224334,0.1
754,1,1.0,1.0,0.43333333333333335,1.0,0.0,1.0,1.0,1.0,0.9990633200589765,0.4188679916716392,0.9807790849911555,0.9525741268224334,0.1
755,1,1.0,1.0,0.55,1.0,0.0,1.0,1.0,1.0,0.9961980374464832,0.4843037830071853,0.9945311123996511,0.9525741268224334,0.1
756,1,1.0,1.0,0.48333333333333334,1.0,0.0,1.0,1.0,1.0,0.9958822234577163,0.46628888713907723,0.9959723248127641,0.9525741268224334,0.1
757,1,1.0,1.0,0.4,1.0,0.0,1.0,1.0,1.0,0.9943330731943357,0.3736293695968314,0.9933259729516258,0.9525741268224334,0.1
758,1,1.0,1.0,0.4166666666666667,1.0,0.0,1.0,1.0,0.95389265,0.9982331776954474,0.3873743747631692,0.9511334193575761,0.9525741268224334,0.1
759,1,1.0,1.0,0.35,1.0,0.0,1.0,1.0,1.0,0.9987229826939248,0.361857231702413,0.9152593670984285,0.9525741268224334,0.1
760,1,1.0,1.0,0.35,1.0,0.0,1.0,1.0,0.9999995,0.9982475940067537,0.3501665853942596,0.9728454402313627,0.9525741268224334,0.1
761,1,0.0,1.0,0.48333333333333334,0.0,0.0,0.0,1.0,0.118427955,0.9952581305004654,0.4477120762500434,0.7940229334779203,0.9525741268224334,0.1
762,1,1.0,1.0,0.4166666666666667,1.0,0.0,1.0,1.0,0.9999988,0.999047089497525,0.4101605036106342,0.980829147223609,0.9525741268224334,0.1
763,1,1.0,1.0,0.48333333333333334,1.0,0.0,1.0,1.0,1.0,0.9989313659072803,0.43723857718898995,0.9985225863445687,0.9525741268224334,0.1
764,1,1.0,1.0,0.38333333333333336,1.0,0.0,1.0,1.0,1.0,0.995760225320428,0.3654441279087222,0.998599409514803,0.9525741268224334,0.1
765,1,1.0,1.0,0.45,1.0,0.0,1.0,1.0,0.9999099,0.9900883414699283,0.43017839175543265,0.9720665014035661,0.9525741268224334,0.1
766,1,1.0,1.0,0.4666666666666667,1.0,0.0,1.0,1.0,1.0,0.982476703521128,0.42303558432146915,0.9968664517822112,0.9525741268224334,0.1
767,1,1.0,1.0,0.4166666666666667,1.0,0.0,1.0,1.0,0.99999213,0.9905407744427241,0.4061172982013566,0.9990257050392215,0.9525741268224334,0.1
768,1,1.0,1.0,0.3333333333333333,1.0,0.0,1.0,1.0,1.0,0.9860506078003707,0.30767028208786057,0.5561065307185673,0.9525741268224334,0.1
769,1,1.0,1.0,0.45,1.0,0.0,1.0,1.0,0.99981683,0.995339725233338,0.4194209935768022,0.9718834432625131,0.9525741268224334,0.1
770,1,1.0,1.0,0.43333333333333335,1.0,0.0,1.0,1.0,1.0,0.9940942061629829,0.4182600149804724,0.9004883758947761,0.9525741268224334,0.1
771,1,1.0,1.0,0.4,1.0,0.0,1.0,1.0,1.0,0.9926029007514763,0.39122521683577355,0.9886611534789715,0.9525741268224334,0.1
772,1,1.0,1.0,0.4,1.0,0.0,1.0,1.0,1.0,0.98767897376638,0.39609915390171774,0.9968911334926136,0.9525741268224334,0.1
773,1,1.0,1.0,0.48333333333333334,1.0,0.0,1.0,1.0,1.0,0.9959446831708108,0.43419011529152585,0.9995709982075783,0.9525741268224334,0.1
774,1,1.0,1.0,0.43333333333333335,1.0,0.0,1.0,1.0,1.0,0.9786470781622008,0.41315290457935994,0.9442088087453052,0.9525741268224334,0.1
775,1,1.0,1.0,0.55,1.0,0.0,1.0,1.0,1.0,0.9965212807803105,0.5003801325192935,0.9953335183259194,0.9525741268224334,0.1
776,1,1.0,1.0,0.48333333333333334,1.0,0.0,1.0,1.0,1.0,0.9878139833280497,0.4480541059828608,0.999850104293133,0.9525741268224334,0.1
777,1,1.0,1.0,0.35,1.0,0.0,1.0,1.0,1.0,0.9893304985775124,0.3457915711204503,0.953540421649482,0.9525741268224334,0.1
778,1,1.0,1.0,0.48333333333333334,1.0,0.0,0.0,1.0,0.7532616,0.9935841113294424,0.45604340143608896,0.7082152780171436,0.9525741268224334,0.1
779,1,1.0,1.0,0.4666666666666667,1.0,0.0,1.0,1.0,1.0,0.9889317851319794,0.4177176522455246,0.9703647262473075,0.9525741268224334,0.1
780,1,1.0,1.0,0.5333333333333333,1.0,0.0,1.0,1.0,1.0,0.9940509469542284,0.4810344179144551,0.9959723248127641,0.9525741268224334,0.1
781,1,1.0,1.0,0.5,1.0,0.0,1.0,1.0,1.0,0.9916599259311683,0.45025627066857765,0.9987513354456483,0.9525741268224334,0.1
782,1,1.0,1.0,0.4166666666666667,1.0,0.0,1.0,1.0,1.0,0.9858419441026609,0.399233178537706,0.9916640801484449,0.9525741268224334,0.1
783,1,1.0,1.0,0.38333333333333336,1.0,0.0,1.0,1.0,0.99995625,0.9940765022440605,0.3820798725115003,0.9767727587170463,0.9525741268224334,0.1
784,1,1.0,1.0,0.35,1.0,0.0,1.0,1.0,0.9997688,0.990047349743482,0.3331044063804373,0.9389052360885237,0.9525741268224334,0.1
785,1,1.0,1.0,0.45,1.0,0.0,1.0,1.0,1.0,0.9817087772191454,0.4219539271163474,0.8894206904339861,0.9525741268224334,0.1
786,1,1.0,1.0,0.35,1.0,0.0,1.0,1.0,1.0,0.9847442140625874,0.3458886561463838,0.9995709982075783,0.9525741268224334,0.1
787,1,1.0,1.0,0.5166666666666667,1.0,0.0,1.0,1.0,1.0,0.9898243612430383,0.47368054427131073,0.9922262959205852,0.9525741268224334,0.1
788,1,1.0,1.0,0.5,1.0,0.0,1.0,1.0,1.0,0.9756112628804922,0.4707127969188222,0.9889619477713655,0.9525741268224334,0.1
789,1,1.0,1.0,0.48333333333333334,1.0,0.0,1.0,1.0,0.9999474,0.988791258440731,0.451632427672352,0.8703637490889292,0.9525741268224334,0.1
790,1,1.0,1.0,0.4166666666666667,1.0,0.0,1.0,1.0,1.0,0.9792394952244157,0.40545674354606637,0.9975377304543713,0.9525741268224334,0.1
791,1,1.0,1.0,0.5166666666666667,1.0,0.0,1.0,1.0,0.994052,0.9901848940905063,0.4547109250839103,0.9974407219656263,0.9525741268224334,0.1
792,1,1.0,1.0,0.38333333333333336,1.0,0.0,1.0,1.0,0.9997688,0.9815926566873799,0.3568983290335043,0.9389052360885237,0.9525741268224334,0.1
793,1,1.0,1.0,0.45,1.0,0.0,1.0,1.0,1.0,0.9920265326398865,0.4241451438827324,0.6982152611046035,0.9525741268224334,0.1
794,1,1.0,1.0,0.4166666666666667,1.0,0.0,1.0,1.0,1.0,0.9901917982188307,0.39661647593052235,0.8253673484226914,0.9525741268224334,0.1
795,1,1.0,1.0,0.4,1.0,0.0,1.0,1.0,0.99924254,0.9871401394889727,0.39642979979151727,0.9985192374703561,0.9525741268224334,0.1
796,1,1.0,1.0,0.38333333333333336,1.0,0.0,1.0,1.0,1.0,0.9847090786402144,0.3707071353822631,0.9997786133656323,0.9525741268224334,0.1
797,1,1.0,1.0,0.3333333333333333,1.0,0.0,1.0,1.0,0.99996686,0.994003453326643,0.3328711305798706,0.9848579002532036,0.9525741268224334,0.1
798,1,1.0,1.0,0.4666666666666667,1.0,0.0,1.0,1.0,1.0,0.9898839194705047,0.40542325242876603,0.9994534991285807,0.9525741268224334,0.1
799,1,1.0,1.0,0.4,1.0,0.0,1.0,1.0,1.0,0.9890421495912344,0.37064087717161526,0.9589504447476522,0.9525741268224334,0.1
800,1,1.0,1.0,0.3333333333333333,1.0,0.0,1.0,1.0,1.0,0.9920550454974744,0.301407318126225,0.99947129670321,0.9525741268224334,0.1
801,1,1.0,1.0,0.45,1.0,0.0,1.0,1.0,1.0,0.9921616523664767,0.45254780636304065,0.9985578647082707,0.9525741268224334,0.1
802,1,1.0,1.0,0.31666666666666665,1.0,0.0,1.0,1.0,1.0,0.9871363420364447,0.3094376190124248,0.998599409514803,0.9525741268224334,0.1
803,1,0.0,1.0,0.5,0.0,0.0,0.0,1.0,0.0012539076,0.9890068288040231,0.442092129860152,0.7717042860040915,0.9525741268224334,0.1
804,1,1.0,1.0,0.45,1.0,0.0,1.0,1.0,0.9999999,0.9789862876132727,0.4254752497976979,0.9969011700302671,0.9525741268224334,0.1
805,1,1.0,1.0,0.5,1.0,0.0,1.0,1.0,1.0,0.9767839905282799,0.43003537127107994,0.9834107582807888,0.9525741268224334,0.1
806,1,1.0,1.0,0.3333333333333333,1.0,0.0,0.0,1.0,0.9998722,0.9526844631229476,0.3119183729453992,0.8600751005582272,0.9525741268224334,0.1
807,1,1.0,1.0,0.5,1.0,0.0,1.0,1.0,1.0,0.953440634546532,0.4847678241067494,0.89132174362642,0.9525741268224334,0.1
808,1,1.0,1.0,0.45,1.0,0.0,1.0,1.0,0.99999654,0.9509571352025675,0.412153694643554,0.9951867161137676,0.9525741268224334,0.1
809,1,1.0,1.0,0.35,1.0,0.0,1.0,1.0,1.0,0.9598572135621158,0.34998081590908076,0.9849401474637541,0.9525741268224334,0.1
810,1,1.0,1.0,0.36666666666666664,1.0,0.0,1.0,1.0,0.9999993,0.9643987159029179,0.33963014157785393,0.9968474743923036,0.9525741268224334,0.1
811,1,1.0,1.0,0.4666666666666667,1.0,0.0,1.0,1.0,0.9999994,0.9588322112859982,0.435926812622346,0.9715152635107532,0.9525741268224334,0.1
812,1,1.0,0.85,0.4166666666666667,1.0,0.0,0.0,1.0,0.84459525,0.9638790189552805,0.393616917054438,0.7900879934083906,0.9525741268224334,0.1
813,0,1.0,0.0,0.4,1.0,0.0,0.0,1.0,5.9024354e-09,0.9981256474753689,0.4949653392054977,0.9937303750222526,0.9525741268224334,0.1
814,0,1.0,0.31666666666666665,0.5,1.0,0.0,0.0,1.0,6.510694e-10,0.9958254272031503,0.3821200687860761,0.9937324282736427,0.9525741268224334,0.1
815,1,1.0,1.0,0.4166666666666667,1.0,0.0,1.0,1.0,1.0,0.9862962133196532,0.39927943227630475,0.9993075318279533,0.9525741268224334,0.1
816,1,1.0,1.0,0.45,1.0,0.0,1.0,1.0,1.0,0.9891971926139554,0.4348104246077376,0.9911357466633574,0.9525741268224334,0.1
817,1,1.0,1.0,0.4,1.0,0.0,1.0,1.0,1.0,0.9695341012296088,0.3905463528414234,0.9991065816063807,0.9525741268224334,0.1
818,1,1.0,1.0,0.4166666666666667,1.0,0.0,1.0,1.0,1.0,0.9879249822405199,0.40776442144804087,0.6180199338147758,0.9525741268224334,0.1
819,1,1.0,1.0,0.4666666666666667,1.0,0.0,1.0,1.0,0.999998,0.9946467694353641,0.40145216297569314,0.9827241642341763,0.9525741268224334,0.1
820,1,1.0,1.0,0.45,1.0,0.0,1.0,1.0,0.9999999,0.9747278508463112,0.43030071962636335,0.999448420024223,0.9525741268224334,0.1
821,1,1.0,1.0,0.38333333333333336,1.0,0.0,1.0,1.0,1.0,0.9809480054552622,0.39743492749724857,0.994922028021858,0.9525741268224334,0.1
822,1,1.0,1.0,0.4666666666666667,1.0,0.0,1.0,1.0,1.0,0.984405722228557,0.4038071598950823,0.8343638027218278,0.9525741268224334,0.1
823,1,1.0,1.0,0.45,1.0,0.0,1.0,1.0,1.0,0.9834591613320125,0.4216074131674087,0.9978133764845403,0.9525741268224334,0.1
824,1,1.0,1.0,0.5333333333333333,1.0,0.0,1.0,1.0,1.0,0.970208924836917,0.519445037225871,0.9998261361087354,0.9525741268224334,0.1
825,1,1.0,0.7833333333333333,0.4666666666666667,1.0,0.0,1.0,1.0,1.0,0.9117073835526734,0.4230407415207151,0.9993486359433033,0.9525741268224334,0.1
826,1,1.0,0.7666666666666667,0.4166666666666667,1.0,0.0,1.0,1.0,1.0,0.9099230258172184,0.39992158257235394,0.9488285726062481,0.9525741268224334,0.1
827,1,1.0,1.0,0.5,1.0,0.0,1.0,1.0,1.0,0.9112694320391718,0.4939023648389442,0.9979521728029752,0.9525741268224334,0.1
828,1,1.0,1.0,0.38333333333333336,1.0,0.0,1.0,1.0,0.9999999,0.9265209848117012,0.4050116090002118,0.852413884025049,0.9525741268224334,0.1
829,1,1.0,1.0,0.35,1.0,0.0,0.0,1.0,1.0,0.8893068737625186,0.3668060110575407,0.9995728893995548,0.9525741268224334,0.1
830,1,1.0,1.0,0.43333333333333335,1.0,0.0,0.0,1.0,0.9999999,0.8782366770419612,0.4230312478004649,0.852413884025049,0.9525741268224334,0.1
831,1,1.0,1.0,0.45,1.0,0.0,1.0,1.0,0.9999646,0.8778581800332144,0.45775711637090616,0.8071260423747069,0.9525741268224334,0.1
832,1,1.0,1.0,0.4666666666666667,1.0,0.0,1.0,1.0,1.0,0.8621545350033215,0.4630472736985149,0.9973764903928362,0.9525741268224334,0.1
833,1,1.0,1.0,0.43333333333333335,1.0,0.0,1.0,1.0,0.9999976,0.8847993196184591,0.44318864442981803,0.9997428013212655,0.9525741268224334,0.1
834,1,1.0,1.0,0.35,1.0,0.0,0.0,1.0,1.0,0.9048859944362546,0.3670768917066525,0.960878499878482,0.9525741268224334,0.1
835,1,1.0,1.0,0.4666666666666667,1.0,0.0,1.0,1.0,1.0,0.8932930438657682,0.4514768422411978,0.9939013767244443,0.9525741268224334,0.1
836,1,1.0,1.0,0.4666666666666667,1.0,0.0,1.0,1.0,1.0,0.8769270917725732,0.47515269748246675,0.9988181848705252,0.9525741268224334,0.1
837,1,1.0,1.0,0.4,1.0,0.0,0.0,1.0,0.642584,0.8883618144803763,0.3993794948591143,0.9998852817449227,0.9525741268224334,0.1
838,1,1.0,1.0,0.5,1.0,0.0,1.0,1.0,1.0,0.901168259084144,0.49390876368428854,0.9963420132546233,0.9525741268224334,0.1
839,1,1.0,1.0,0.4666666666666667,1.0,0.0,1.0,1.0,1.0,0.9064154262810387,0.45109470790592243,0.7783637834582099,0.9525741268224334,0.1
840,1,1.0,1.0,0.4,1.0,0.0,1.0,1.0,0.99990666,0.9164563048872769,0.39073998225941037,0.7866891267407105,0.9525741268224334,0.1
841,1,1.0,1.0,0.5166666666666667,1.0,0.0,1.0,1.0,0.99999964,0.9254539282458512,0.502791635491858,0.5532423975531677,0.9525741268224334,0.1
842,1,1.0,1.0,0.35,1.0,0.0,0.0,1.0,0.99999917,0.9024152770466148,0.3669909890904219,0.4416199599916231,0.9525741268224334,0.1
843,1,1.0,1.0,0.3333333333333333,1.0,0.0,0.0,1.0,1.0,0.9322407637708321,0.3331668048393628,0.9420372454368549,0.9525741268224334,0.1
844,1,1.0,1.0,0.38333333333333336,1.0,0.0,1.0,1.0,1.0,0.9113820489660062,0.4016409869116544,0.7387567492043924,0.9525741268224334,0.1
845,1,1.0,1.0,0.4166666666666667,1.0,0.0,1.0,1.0,0.9999945,0.9252093220808952,0.43046460635348177,0.9996065473638286,0.9525741268224334,0.1
846,1,1.0,1.0,0.43333333333333335,1.0,0.0,1.0,1.0,0.9998148,0.8958645956197567,0.4313392203437438,0.9565407929458163,0.9525741268224334,0.1
847,1,1.0,1.0,0.31666666666666665,1.0,0.0,0.0,1.0,0.99924636,0.9339876483420567,0.311726025959643,0.9856276424356207,0.9525741268224334,0.1
848,1,1.0,1.0,0.4,1.0,0.0,1.0,1.0,1.0,0.9258044021132812,0.40472545403693105,0.8115226939651581,0.9525741268224334,0.1
849,1,1.0,1.0,0.5,1.0,0.0,1.0,1.0,0.99999964,0.9392358890795527,0.4913674989580759,0.9755829287641155,0.9525741268224334,0.1
850,1,1.0,1.0,0.4166666666666667,1.0,0.0,1.0,1.0,1.0,0.9217747820396461,0.41796006392891744,0.9943239185061638,0.9525741268224334,0.1
851,1,1.0,1.0,0.4,1.0,0.0,1.0,1.0,1.0,0.9122873241818575,0.40536851785217926,0.9503783446684738,0.9525741268224334,0.1
852,1,1.0,1.0,0.31666666666666665,1.0,0.0,0.0,1.0,1.0,0.9218977690948056,0.3426469917913945,0.9869898212994083,0.9525741268224334,0.1
853,1,1.0,1.0,0.35,1.0,0.0,1.0,1.0,0.99999654,0.9526550097559656,0.3803757427868553,0.9951867161137676,0.9525741268224334,0.1
854,1,1.0,1.0,0.36666666666666664,1.0,0.0,0.0,1.0,0.9999995,0.9294690483327378,0.3593441049638365,0.9949319332992937,0.9525741268224334,0.1
855,1,1.0,1.0,0.3333333333333333,1.0,0.0,0.0,1.0,1.0,0.9227363714586134,0.33436109688246324,0.9980476927783568,0.9525741268224334,0.1
856,1,1.0,1.0,0.3333333333333333,1.0,0.0,0.0,1.0,0.99909043,0.9035036223874812,0.35191822413958246,0.9267641762667997,0.9525741268224334,0.1
857,1,1.0,1.0,0.4666666666666667,1.0,0.0,1.0,1.0,1.0,0.8987395844033821,0.435165343868592,0.971740291806849,0.9525741268224334,0.1
858,1,0.0,1.0,0.4666666666666667,0.0,0.0,0.0,1.0,0.20783812,0.90990576706978,0.4598420610268238,0.8885901450321682,0.9525741268224334,0.1
859,1,1.0,1.0,0.4,1.0,0.0,1.0,1.0,0.9999474,0.9177381202599124,0.4084829617854176,0.8703637490889292,0.9525741268224334,0.1
860,1,1.0,1.0,0.43333333333333335,1.0,0.0,1.0,1.0,1.0,0.9139603782181633,0.4366407921509399,0.884208301577366,0.9525741268224334,0.1
861,1,1.0,1.0,0.45,1.0,0.0,1.0,1.0,1.0,0.9170690542933513,0.4644517717925059,0.9301409614548177,0.9525741268224334,0.1
862,1,1.0,1.0,0.4,1.0,0.0,1.0,1.0,1.0,0.8955550916117053,0.4175386053519504,0.9566587225470251,0.9525741268224334,0.1
863,1,1.0,1.0,0.36666666666666664,1.0,0.0,0.0,1.0,1.0,0.9132838574687363,0.3557238935632929,0.9968394154821897,0.9525741268224334,0.1
864,1,1.0,1.0,0.43333333333333335,1.0,0.0,1.0,1.0,0.99999964,0.9126579275080113,0.4142714178831968,0.975478069297065,0.9525741268224334,0.1
865,1,1.0,1.0,0.55,1.0,0.0,1.0,1.0,1.0,0.886797464193841,0.5242599969981743,0.9954328690064986,0.9525741268224334,0.1
866,1,1.0,1.0,0.4,1.0,0.0,0.0,1.0,0.9453398,0.9131828924941985,0.41532694878161525,0.9823268531928321,0.9525741268224334,0.1
867,1,1.0,1.0,0.5166666666666667,1.0,0.0,1.0,1.0,0.9999428,0.9003286749864388,0.5135040459003765,0.9635043086147345,0.9525741268224334,0.1
868,1,1.0,1.0,0.45,1.0,0.0,1.0,1.0,1.0,0.9124194358485549,0.43015301118617544,0.9951480158457396,0.9525741268224334,0.1
869,1,1.0,1.0,0.36666666666666664,1.0,0.0,0.0,1.0,1.0,0.9002390990864161,0.3683243193569327,0.999008556451352,0.9525741268224334,0.1
870,1,1.0,1.0,0.35,1.0,0.0,0.0,1.0,1.0,0.9020742153370883,0.3654767670168496,0.8858185212335951,0.9525741268224334,0.1
871,1,1.0,1.0,0.4,1.0,0.0,1.0,1.0,1.0,0.90588190756867,0.42474648569868345,0.9952124579518058,0.9525741268224334,0.1
872,1,1.0,1.0,0.5333333333333333,1.0,0.0,1.0,1.0,1.0,0.8995397133310523,0.5217855543663341,0.971217112825317,0.9525741268224334,0.1
873,1,1.0,1.0,0.45,1.0,0.0,1.0,1.0,1.0,0.8808364087815206,0.452773429741324,0.9696980906426843,0.9525741268224334,0.1
874,1,1.0,1.0,0.43333333333333335,1.0,0.0,0.0,1.0,1.0,0.8712660999792997,0.42773747215455354,0.9902327354675645,0.9525741268224334,0.1
875,1,1.0,1.0,0.4,1.0,0.0,0.0,1.0,0.99454486,0.8719011611815722,0.4066682060042948,0.9997480724521922,0.9525741268224334,0.1
876,1,1.0,1.0,0.4,1.0,0.0,0.0,1.0,1.0,0.8862107883919976,0.4104179023672883,0.995705972815073,0.9525741268224334,0.1
877,1,1.0,1.0,0.31666666666666665,1.0,0.0,0.0,1.0,1.0,0.8863389445590856,0.3346139255397765,0.9975318705174454,0.9525741268224334,0.1
878,1,1.0,1.0,0.43333333333333335,1.0,0.0,0.0,1.0,1.0,0.8817719663982234,0.4244066976271777,0.9771750040561795,0.9525741268224334,0.1
879,1,1.0,1.0,0.45,1.0,0.0,1.0,1.0,0.99975055,0.8993922358979589,0.43600431706085724,0.9945150666885579,0.9525741268224334,0.1
880,1,1.0,0.7833333333333333,0.48333333333333334,1.0,0.0,1.0,1.0,0.99999213,0.8907906686608752,0.5317969903224514,0.9990257050392215,0.9525741268224334,0.1
881,0,1.0,0.0,0.43333333333333335,1.0,0.0,0.0,0.0,6.2887744e-11,0.9986475520442256,0.48614589791727475,0.947529615912967,0.9525741268224334,0.1
882,0,1.0,0.0,0.4,1.0,0.0,0.0,1.0,5.9445018e-08,0.9965678141096812,0.49249914667141886,0.9966155355659853,0.9525741268224334,0.1
883,0,1.0,0.0,0.48333333333333334,1.0,0.0,0.0,1.0,4.050611e-13,0.9960146776270749,0.4346666008858188,0.9999738674658801,0.9525741268224334,0.1
884,0,1.0,0.0,0.4166666666666667,1.0,0.0,0.0,1.0,0.010724382,0.9960532093848595,0.4771952264666698,0.9947831447725967,0.9525741268224334,0.1
885,0,1.0,0.0,0.4,0.0,0.0,0.0,0.0,0.24716257,0.9955146574988182,0.5120725086594062,0.9928439216578921,0.9525741268224334,0.1
886,0,1.0,0.0,0.35,0.0,0.0,0.0,1.0,2.8969594e-11,0.9963947021703571,0.5330621217866184,0.9923473639240717,0.9525741268224334,0.1
887,0,1.0,0.0,0.4,0.0,0.0,0.0,1.0,3.8669832e-14,0.9953903791764795,0.5252589111512852,0.9994551070751386,0.9525741268224334,0.1
888,0,1.0,0.0,0.4166666666666667,1.0,0.0,0.0,1.0,5.148301e-10,0.9974025292928448,0.4890947936010409,0.9998547016008598,0.9525741268224334,0.1
889,0,1.0,0.0,0.4166666666666667,1.0,0.0,0.0,1.0,2.2455274e-06,0.995516620017288,0.4913207190595426,0.9999169352888644,0.9525741268224334,0.1
890,0,1.0,0.0,0.4166666666666667,1.0,0.0,0.0,1.0,0.010724382,0.9962001144156243,0.49757227879310206,0.9947831447725967,0.9525741268224334,0.1
891,0,1.0,0.0,0.55,1.0,0.0,0.0,1.0,4.3170695e-17,0.996615882370591,0.393787002860745,0.9995796105850737,0.9525741268224334,0.1
892,0,1.0,0.0,0.45,1.0,0.0,0.0,1.0,0.0014032612,0.9967122173217341,0.46217146292906663,0.9902873667769994,0.9525741268224334,0.1
893,0,1.0,0.0,0.4,0.0,0.0,0.0,1.0,0.0057401382,0.9971032926028573,0.511838651265433,0.9975786345663956,0.9525741268224334,0.1
894,0,1.0,0.0,0.4,0.0,0.0,0.0,1.0,1.5315681e-08,0.9966359875941427,0.5039045147994615,0.9953324891808154,0.9525741268224334,0.1
895,0,1.0,0.0,0.4166666666666667,1.0,0.0,0.0,1.0,7.0933897e-12,0.9967251264688587,0.48638522199376083,0.9988938997631418,0.9525741268224334,0.1
896,0,1.0,0.38333333333333336,0.48333333333333334,1.0,0.0,0.0,1.0,4.8821308e-17,0.9958005915989983,0.49152177583629936,0.9593399269717451,0.9525741268224334,0.1
897,1,1.0,1.0,0.48333333333333334,1.0,0.0,1.0,1.0,1.0,0.9990663805816117,0.4347737702186363,0.9923029666005819,0.9525741268224334,0.1
898,1,1.0,1.0,0.45,1.0,0.0,1.0,1.0,1.0,0.9990658520011747,0.42175056796122407,0.9893606989638254,0.9525741268224334,0.1
899,1,1.0,1.0,0.3,1.0,0.0,1.0,1.0,1.0,0.9994638247285159,0.3119921634310939,0.9834107582807888,0.9525741268224334,0.1
900,1,1.0,1.0,0.48333333333333334,1.0,0.0,1.0,1.0,1.0,0.9993711100209637,0.4169991309383694,0.9981332924480197,0.9525741268224334,0.1
901,1,1.0,1.0,0.55,1.0,0.0,1.0,1.0,0.9999583,0.9994768040465053,0.4917653885485674,0.9743710436115257,0.9525741268224334,0.1
902,1,1.0,1.0,0.4166666666666667,1.0,0.0,1.0,1.0,1.0,0.9992115581331347,0.38167875561846015,0.9703647262473075,0.9525741268224334,0.1
903,1,1.0,1.0,0.4666666666666667,1.0,0.0,1.0,1.0,0.9999994,0.9996339195313859,0.43310377769496333,0.5399796203406995,0.9525741268224334,0.1
904,1,1.0,1.0,0.48333333333333334,1.0,0.0,1.0,1.0,1.0,0.9993520024261371,0.44470952900675764,0.9911357466633574,0.9525741268224334,0.1
905,0,1.0,0.25,0.43333333333333335,1.0,0.0,0.0,1.0,6.5322037e-13,0.9967253660877193,0.4411958428613036,0.9890808243106946,0.9525741268224334,0.1
906,1,1.0,0.9666666666666667,0.4,1.0,0.0,1.0,1.0,1.0,0.9912132687498546,0.40436754470684966,0.9991952088664012,0.9525741268224334,0.1
907,1,1.0,1.0,0.31666666666666665,1.0,0.0,1.0,1.0,0.9999604,0.9963898325031154,0.34558594581642227,0.9791430034305112,0.9525741268224334,0.1
908,1,1.0,1.0,0.45,1.0,0.0,1.0,1.0,0.9999999,0.9877796378154714,0.42202342123202724,0.8978241258894561,0.9525741268224334,0.1
909,1,1.0,1.0,0.4666666666666667,1.0,0.0,1.0,1.0,1.0,0.9953100272131036,0.4249327174380947,0.9475763399486578,0.9525741268224334,0.1
910,1,1.0,1.0,0.36666666666666664,1.0,0.0,1.0,1.0,1.0,0.9838743410278402,0.3706473261412472,0.990742028185826,0.9525741268224334,0.1
911,1,1.0,1.0,0.38333333333333336,1.0,0.0,1.0,1.0,0.99997294,0.9836282551549768,0.36036327952583325,0.9356420825804335,0.9525741268224334,0.1
912,1,1.0,1.0,0.5166666666666667,1.0,0.0,1.0,1.0,1.0,0.9873557957882309,0.45146123513442354,0.9914913073591773,0.9525741268224334,0.1
913,1,1.0,1.0,0.35,1.0,0.0,1.0,1.0,1.0,0.9970129314680405,0.3347732989030198,0.9443634466745817,0.9525741268224334,0.1
914,1,1.0,1.0,0.31666666666666665,1.0,0.0,1.0,1.0,1.0,0.9953382720877652,0.3125513377002009,0.9936234988155211,0.9525741268224334,0.1
915,1,1.0,1.0,0.4,1.0,0.0,1.0,1.0,1.0,0.9946146014885893,0.3773549089070077,0.9074013470719665,0.9525741268224334,0.1
916,1,1.0,1.0,0.3333333333333333,1.0,0.0,1.0,1.0,1.0,0.9975055162586348,0.3495922764409489,0.9891274050056654,0.9525741268224334,0.1
917,1,1.0,1.0,0.36666666666666664,1.0,0.0,1.0,1.0,1.0,0.9914402210258254,0.3736489848379956,0.9987195194109512,0.9525741268224334,0.1
918,1,1.0,1.0,0.4,1.0,0.0,1.0,1.0,0.99999774,0.9961919722124986,0.37188142137734664,0.9679323430729347,0.9525741268224334,0.1
919,1,1.0,1.0,0.4166666666666667,1.0,0.0,1.0,1.0,1.0,0.9932270865238243,0.3896446269886777,0.9982886670344153,0.9525741268224334,0.1
920,1,1.0,1.0,0.5,1.0,0.0,1.0,1.0,1.0,0.9944820076980991,0.4448605300027609,0.9972086901972916,0.9525741268224334,0.1
921,1,1.0,1.0,0.5833333333333334,1.0,1.0,1.0,1.0,1.0,0.9905323977272645,0.5455491103241624,0.702048842944432,0.9525741268224334,0.1
922,1,1.0,1.0,0.4,1.0,0.0,1.0,1.0,0.9999981,0.9960860566212422,0.38570479109332695,0.9657870074881826,0.9525741268224334,0.1
923,1,1.0,1.0,0.4166666666666667,1.0,0.0,1.0,1.0,1.0,0.9981247182234398,0.3839528355533653,0.9969542583411319,0.9525741268224334,0.1
924,1,1.0,1.0,0.4,1.0,0.0,1.0,1.0,1.0,0.9932177242256098,0.3666942478477523,0.9938736283982835,0.9525741268224334,0.1
925,1,1.0,1.0,0.45,1.0,0.0,1.0,1.0,0.9999721,0.9867320504537527,0.43977346347730745,0.9657025148112126,0.9525741268224334,0.1
926,1,1.0,1.0,0.4,1.0,0.0,1.0,1.0,0.99999964,0.9976724915124007,0.3869568261567373,0.9755829287641155,0.9525741268224334,0.1
927,0,1.0,0.2833333333333333,0.4166666666666667,1.0,0.0,0.0,1.0,2.648847e-12,0.994843859720398,0.4917132265007434,0.9990814932699816,0.9525741268224334,0.1
928,0,1.0,0.0,0.4666666666666667,1.0,0.0,0.0,1.0,4.6067694e-06,0.9960507011885241,0.44908484052966663,0.9962442069690413,0.9525741268224334,0.1
929,1,1.0,1.0,0.4,1.0,0.0,1.0,1.0,1.0,0.9994361401413663,0.38565216628715554,0.9993886879251982,0.9525741268224334,0.1
930,1,1.0,1.0,0.4166666666666667,1.0,0.0,1.0,1.0,1.0,0.9992056446825306,0.40017684301202844,0.9991065816063807,0.9525741268224334,0.1
931,1,1.0,1.0,0.5,1.0,0.0,1.0,1.0,1.0,0.9996055003216077,0.4687270682214612,0.8322826740386946,0.9525741268224334,0.1
932,1,1.0,1.0,0.5166666666666667,1.0,0.0,1.0,1.0,0.99999845,0.9995901393562641,0.47747411921925553,0.9402087202483198,0.9525741268224334,0.1
933,1,1.0,1.0,0.45,1.0,0.0,1.0,1.0,1.0,0.9992928893550682,0.4340387952471026,0.989946272724573,0.9525741268224334,0.1
934,1,1.0,1.0,0.48333333333333334,1.0,0.0,1.0,1.0,0.9999989,0.9989431764275446,0.44618648518758025,0.9981671179996457,0.9525741268224334,0.1
935,1,1.0,1.0,0.4166666666666667,1.0,0.0,1.0,1.0,0.99999714,0.9992968772800724,0.3632657098563204,0.9316086858026174,0.9525741268224334,0.1
936,1,1.0,1.0,0.43333333333333335,1.0,0.0,1.0,1.0,1.0,0.999305882298818,0.3963262817506139,0.9768122754955454,0.9525741268224334,0.1
937,1,1.0,1.0,0.5166666666666667,1.0,0.0,1.0,1.0,1.0,0.9997480705111782,0.4811304707230592,0.7135158882154171,0.9525741268224334,0.1
938,1,1.0,1.0,0.5833333333333334,1.0,0.0,1.0,1.0,1.0,0.9998398817390644,0.5211334429850868,0.9959614558250095,0.9525741268224334,0.1
939,1,1.0,1.0,0.38333333333333336,1.0,0.0,1.0,1.0,0.99999976,0.9996905053981237,0.388209328759504,0.8071877541901133,0.9525741268224334,0.1
940,1,1.0,1.0,0.35,1.0,0.0,1.0,1.0,1.0,0.9991973787273375,0.35754914110859015,0.9989839903766677,0.9525741268224334,0.1
941,1,1.0,1.0,0.4,1.0,0.0,1.0,1.0,0.99999964,0.9977194400750641,0.3785914047827743,0.8853707458530701,0.9525741268224334,0.1
942,1,1.0,1.0,0.35,1.0,0.0,1.0,1.0,1.0,0.9986142924742397,0.353374717767677,0.9771750040561795,0.9525741268224334,0.1
943,1,1.0,1.0,0.4,1.0,0.0,1.0,1.0,0.9999865,0.999106884812545,0.3997200276461577,0.9806669539185048,0.9525741268224334,0.1
944,1,1.0,1.0,0.45,1.0,0.0,1.0,1.0,0.99999535,0.9986599061765884,0.4295218039768545,0.9783166158342678,0.9525741268224334,0.1
945,1,1.0,1.0,0.4,1.0,0.0,0.0,1.0,0.7532616,0.9990971987680742,0.40209701896945993,0.7082152780171436,0.9525741268224334,0.1
946,1,1.0,1.0,0.36666666666666664,1.0,0.0,1.0,1.0,1.0,0.9989688300638957,0.3716693607692752,0.9357819365267562,0.9525741268224334,0.1
947,1,1.0,1.0,0.31666666666666665,1.0,0.0,1.0,1.0,0.9999993,0.9994857507080244,0.34326990094328164,0.9702638853892602,0.9525741268224334,0.1
948,1,1.0,1.0,0.38333333333333336,1.0,0.0,1.0,1.0,0.9999999,0.9983936495499753,0.3530753065461307,0.99809579642152,0.9525741268224334,0.1
949,1,1.0,1.0,0.4,1.0,0.0,1.0,1.0,1.0,0.9986406171431936,0.39334615526706407,0.9558620081271904,0.9525741268224334,0.1
950,1,1.0,1.0,0.31666666666666665,1.0,0.0,1.0,1.0,1.0,0.9993931360114796,0.3281924222926745,0.9997774673834056,0.9525741268224334,0.1
951,1,1.0,1.0,0.3333333333333333,1.0,0.0,1.0,1.0,0.99592495,0.9995912204712293,0.33460965735169407,0.9558494990785062,0.9525741268224334,0.1
952,1,1.0,1.0,0.48333333333333334,1.0,0.0,1.0,1.0,1.0,0.9998013086205325,0.4401990243821095,0.9450090289798143,0.9525741268224334,0.1
953,1,1.0,1.0,0.5,1.0,0.0,1.0,1.0,1.0,0.9992055769928786,0.48025572309611814,0.9990732886227345,0.9525741268224334,0.1
954,1,1.0,1.0,0.55,1.0,0.0,1.0,1.0,1.0,0.9988918933053922,0.49813198534160114,0.9981883038982182,0.9525741268224334,0.1
955,1,1.0,1.0,0.4166666666666667,1.0,0.0,1.0,1.0,0.9999999,0.9988440367586975,0.36874812569837545,0.9997413079897652,0.9525741268224334,0.1
956,1,1.0,1.0,0.4666666666666667,1.0,0.0,1.0,1.0,1.0,0.9993342629671015,0.44356294994632245,0.9916446018030883,0.9525741268224334,0.1
957,1,1.0,1.0,0.43333333333333335,1.0,0.0,1.0,1.0,0.99999976,0.9991466301967179,0.4099631807399002,0.9331994255903383,0.9525741268224334,0.1
958,1,1.0,1.0,0.45,1.0,0.0,1.0,1.0,0.9999099,0.9990567607972793,0.3970223271887614,0.9720665014035661,0.9525741268224334,0.1
959,1,1.0,1.0,0.48333333333333334,1.0,0.0,0.0,1.0,0.8872051,0.9985595152803278,0.4521182556126659,0.9929785421215213,0.9525741268224334,0.1
960,1,1.0,1.0,0.35,1.0,0.0,1.0,1.0,1.0,0.9977733905684235,0.3583044776295497,0.9954328690064986,0.9525741268224334,0.1
961,1,1.0,1.0,0.43333333333333335,1.0,0.0,1.0,1.0,0.99993825,0.9989072289670997,0.4015690406791055,0.9996093175663895,0.9525741268224334,0.1
962,1,1.0,1.0,0.2833333333333333,1.0,0.0,1.0,1.0,1.0,0.9991970035108834,0.29676618929523346,0.5442448356969801,0.9525741268224334,0.1
963,1,1.0,1.0,0.4166666666666667,1.0,0.0,1.0,1.0,1.0,0.9989226369118577,0.39158414397389124,0.9728222253088654,0.9525741268224334,0.1
964,1,1.0,1.0,0.3,1.0,0.0,1.0,1.0,1.0,0.9986231281424491,0.29623987495619325,0.9954328690064986,0.9525741268224334,0.1
965,1,0.0,1.0,0.4,0.0,0.0,0.0,1.0,0.2371935,0.9991387321455663,0.3976689787920112,0.7946938322306907,0.9525741268224334,0.1
966,1,1.0,1.0,0.43333333333333335,1.0,0.0,1.0,1.0,1.0,0.999602320472852,0.3934769244449472,0.8715696181672996,0.9525741268224334,0.1
967,1,1.0,1.0,0.45,1.0,0.0,1.0,1.0,1.0,0.9981955483715883,0.4062186444976815,0.9964337157632774,0.9525741268224334,0.1
968,1,1.0,0.7666666666666667,0.4,1.0,0.0,1.0,1.0,0.9999995,0.9988306777545615,0.44151513830685524,0.9350976926068192,0.9525741268224334,0.1
969,1,1.0,1.0,0.4166666666666667,1.0,0.0,1.0,1.0,1.0,0.9851539079099815,0.3924151582169827,0.8253673484226914,0.9525741268224334,0.1
970,1,1.0,1.0,0.38333333333333336,1.0,0.0,1.0,1.0,1.0,0.9778233147024635,0.3823380749021943,0.9963211810908195,0.9525741268224334,0.1
971,1,1.0,1.0,0.36666666666666664,1.0,0.0,1.0,1.0,0.9999999,0.9901959460308803,0.36672126183878234,0.9659800730219696,0.9525741268224334,0.1
972,1,1.0,1.0,0.4,1.0,0.0,1.0,1.0,1.0,0.9878619737740305,0.3995830270970656,0.9997712390785425,0.9525741268224334,0.1
973,1,1.0,1.0,0.45,1.0,0.0,1.0,1.0,0.99981683,0.9643482204069395,0.41811648997897183,0.9718834432625131,0.9525741268224334,0.1
974,1,1.0,1.0,0.45,1.0,0.0,1.0,1.0,1.0,0.9743855499783133,0.4220437184932298,0.9996403155866256,0.9525741268224334,0.1
975,1,1.0,1.0,0.4166666666666667,1.0,0.0,1.0,1.0,1.0,0.9691303733535382,0.38456419688987664,0.9997487656180595,0.9525741268224334,0.1
976,1,1.0,1.0,0.36666666666666664,1.0,0.0,1.0,1.0,1.0,0.9777907878899862,0.36155137885239813,0.8122575743093396,0.9525741268224334,0.1
977,1,1.0,1.0,0.48333333333333334,1.0,0.0,1.0,1.0,0.99731064,0.9694303222109165,0.4523804076188884,0.9997332676747728,0.9525741268224334,0.1
978,1,1.0,1.0,0.48333333333333334,1.0,0.0,1.0,1.0,1.0,0.9724652543379301,0.4660621554956127,0.5843540844009023,0.9525741268224334,0.1
979,1,1.0,1.0,0.35,1.0,0.0,0.0,1.0,0.9831955,0.9535535692114069,0.3435949367522418,0.9369625062182566,0.9525741268224334,0.1
980,1,1.0,1.0,0.38333333333333336,1.0,0.0,1.0,1.0,1.0,0.9696950703541938,0.3736432577848109,0.9968911334926136,0.9525741268224334,0.1
981,1,1.0,1.0,0.4,1.0,0.0,1.0,1.0,0.99998283,0.9836442093525462,0.36788849611197155,0.9441498069494911,0.9525741268224334,0.1
982,1,1.0,1.0,0.4666666666666667,1.0,0.0,1.0,1.0,0.9998981,0.9569012041837385,0.4198820371452062,0.8535510714306891,0.9525741268224334,0.1
983,1,1.0,1.0,0.38333333333333336,1.0,0.0,1.0,1.0,1.0,0.9739410673582569,0.37014018613271116,0.9846830053757968,0.9525741268224334,0.1
984,1,1.0,1.0,0.38333333333333336,1.0,0.0,1.0,1.0,0.9999999,0.9716620505908875,0.3748470462824966,0.9992660901265609,0.9525741268224334,0.1
985,1,1.0,1.0,0.4,1.0,0.0,1.0,1.0,0.9999585,0.9799994435118621,0.3792945500535599,0.9983469135392308,0.9525741268224334,0.1
986,1,1.0,1.0,0.48333333333333334,1.0,0.0,1.0,1.0,0.99965036,0.980930624990562,0.42995302641437194,0.7738459617482861,0.9525741268224334,0.1
987,1,1.0,1.0,0.48333333333333334,1.0,0.0,0.0,1.0,0.80314577,0.9810435237426014,0.43265487504946015,0.999449674780253,0.9525741268224334,0.1
988,1,1.0,1.0,0.43333333333333335,1.0,0.0,1.0,1.0,0.99999964,0.9826364123188127,0.40382298941759714,0.9941832740151826,0.9525741268224334,0.1
989,1,1.0,1.0,0.43333333333333335,1.0,0.0,1.0,1.0,1.0,0.9947832774036318,0.39349139047093995,0.9868352315495382,0.9525741268224334,0.1
990,1,0.0,1.0,0.35,0.0,0.0,0.0,1.0,0.3961969,0.9672701840383926,0.35985571270621575,0.7282887219549145,0.9525741268224334,0.1
991,1,1.0,1.0,0.4666666666666667,1.0,0.0,1.0,1.0,0.9998981,0.9814742921182571,0.41590995046646617,0.8535510714306891,0.9525741268224334,0.1
992,1,1.0,1.0,0.38333333333333336,1.0,0.0,1.0,1.0,1.0,0.9817977861537133,0.39037410118393073,0.999738682885842,0.9525741268224334,0.1
993,1,1.0,1.0,0.43333333333333335,1.0,0.0,1.0,1.0,0.9999999,0.9777707709942686,0.4099189412914422,0.966659758110352,0.9525741268224334,0.1
994,1,1.0,1.0,0.38333333333333336,1.0,0.0,1.0,1.0,1.0,0.979714974399155,0.3784222050630993,0.9952124579518058,0.9525741268224334,0.1
995,1,1.0,1.0,0.4,1.0,0.0,1.0,1.0,1.0,0.9616410939538405,0.3576551121236948,0.9995709982075783,0.9525741268224334,0.1
996,1,1.0,1.0,0.48333333333333334,1.0,0.0,1.0,1.0,1.0,0.9632145155974772,0.45614942113971785,0.9951118454806464,0.9525741268224334,0.1
997,1,1.0,1.0,0.6166666666666667,1.0,1.0,1.0,1.0,1.0,0.9737956553566779,0.5605304815722043,0.9995350296760525,0.9525741268224334,0.1
998,1,1.0,1.0,0.5166666666666667,1.0,0.0,1.0,1.0,1.0,0.9674971044233522,0.48279546689536373,0.8115226939651581,0.9525741268224334,0.1
999,1,1.0,1.0,0.43333333333333335,1.0,0.0,1.0,1.0,1.0,0.9787212276808531,0.3977835499046452,0.9394059938535574,0.9525741268224334,0.1
1000,1,1.0,1.0,0.3,1.0,0.0,0.0,1.0,1.0,0.9405377709616161,0.2993326172600966,0.9989975649039395,0.9525741268224334,0.1
1001,1,1.0,1.0,0.38333333333333336,1.0,0.0,1.0,1.0,0.9999999,0.9550241589900844,0.35049887227392174,0.9992660901265609,0.9525741268224334,0.1
1002,1,1.0,1.0,0.5333333333333333,1.0,0.0,1.0,1.0,0.9998857,0.9626767328173446,0.5099237286118582,0.9692247077662743,0.9525741268224334,0.1
1003,1,1.0,1.0,0.5333333333333333,1.0,0.0,1.0,1.0,0.9999999,0.9625562270412011,0.48941944562296275,0.9989009328289613,0.9525741268224334,0.1
1004,1,1.0,1.0,0.3,1.0,0.0,0.0,1.0,1.0,0.9585971898209574,0.3043976875096263,0.9976477622314479,0.9525741268224334,0.1
1005,1,1.0,1.0,0.38333333333333336,1.0,0.0,1.0,1.0,1.0,0.964736171372246,0.37848023984399576,0.9989623870422916,0.9525741268224334,0.1
1006,1,1.0,1.0,0.43333333333333335,1.0,0.0,1.0,1.0,1.0,0.9596289005201729,0.41382316551209414,0.9965971201429977,0.9525741268224334,0.1
1007,1,1.0,1.0,0.4166666666666667,1.0,0.0,1.0,1.0,0.9999987,0.9565929652639155,0.3698380560159446,0.9293554773292119,0.9525741268224334,0.1
